ctx_id,text,method,level,reached,step,P1,cf,kl,kl99,rd
168,"Usually, I often",euc_ctx,0.3,1,7,0.50631,0.17706,1.10179,1.11229,0.1687
168,"Usually, I often",euc_ctx,0.5,1,7,0.50631,0.17706,1.10179,1.11229,0.1687
168,"Usually, I often",euc_ctx,0.7,1,8,0.72533,0.20139,1.21038,1.21959,0.16239
168,"Usually, I often",euc_ctx,0.9,1,10,0.94118,0.33022,1.3604,1.36476,0.148
168,"Usually, I often",euc_ctx,0.99,1,13,0.99487,0.56264,1.93446,1.92592,0.15774
168,"Usually, I often",cau_ctx,0.3,0,,,,,,
168,"Usually, I often",cau_ctx,0.5,0,,,,,,
168,"Usually, I often",cau_ctx,0.7,0,,,,,,
168,"Usually, I often",cau_ctx,0.9,0,,,,,,
168,"Usually, I often",cau_ctx,0.99,0,,,,,,
168,"Usually, I often",dua_ctx,0.3,1,110,0.30239,0.5281,3.16749,3.07381,0.02947
168,"Usually, I often",dua_ctx,0.5,1,163,0.50198,0.50668,5.3653,5.23903,0.03657
168,"Usually, I often",dua_ctx,0.7,1,215,0.70015,0.48982,7.08724,6.95207,0.11521
168,"Usually, I often",dua_ctx,0.9,1,292,0.90068,0.48934,8.91912,8.77916,0.146
168,"Usually, I often",dua_ctx,0.99,1,451,0.99001,0.59216,11.07746,10.93409,0.13674
168,"Usually, I often",euc_unemb,0.3,1,2,0.97388,0.29508,1.42725,1.43365,0.13172
168,"Usually, I often",euc_unemb,0.5,1,2,0.97388,0.29508,1.42725,1.43365,0.13172
168,"Usually, I often",euc_unemb,0.7,1,2,0.97388,0.29508,1.42725,1.43365,0.13172
168,"Usually, I often",euc_unemb,0.9,1,2,0.97388,0.29508,1.42725,1.43365,0.13172
168,"Usually, I often",euc_unemb,0.99,1,3,0.99988,0.50604,3.0267,3.00622,0.1216
168,"Usually, I often",cau_unemb,0.3,1,32,0.3434,0.18665,0.71779,0.72916,0.15093
168,"Usually, I often",cau_unemb,0.5,1,36,0.53877,0.18592,0.82755,0.83848,0.15591
168,"Usually, I often",cau_unemb,0.7,1,40,0.72219,0.20515,0.91414,0.92408,0.15501
168,"Usually, I often",cau_unemb,0.9,1,47,0.91261,0.2786,1.05446,1.06117,0.14438
168,"Usually, I often",cau_unemb,0.99,1,59,0.99098,0.43096,1.48804,1.48503,0.13709
168,"Usually, I often",dua_unemb,0.3,1,2,0.31799,0.57551,0.12771,0.13015,0.03754
168,"Usually, I often",dua_unemb,0.5,1,3,0.53739,0.58242,0.27866,0.27875,0.04184
168,"Usually, I often",dua_unemb,0.7,1,5,0.76677,0.59755,0.73848,0.72604,0.04668
168,"Usually, I often",dua_unemb,0.9,1,9,0.92797,0.60803,2.41194,2.35508,0.0464
168,"Usually, I often",dua_unemb,0.99,1,13,0.99307,0.62727,4.81903,4.71714,0.04692
168,"Usually, I often",euc_dmd,0.3,1,2,0.97004,0.20835,1.7513,1.75653,0.16912
168,"Usually, I often",euc_dmd,0.5,1,2,0.97004,0.20835,1.7513,1.75653,0.16912
168,"Usually, I often",euc_dmd,0.7,1,2,0.97004,0.20835,1.7513,1.75653,0.16912
168,"Usually, I often",euc_dmd,0.9,1,2,0.97004,0.20835,1.7513,1.75653,0.16912
168,"Usually, I often",euc_dmd,0.99,1,3,0.99978,0.47297,2.9393,2.923,0.16668
168,"Usually, I often",cau_dmd,0.3,1,13,0.32925,0.12517,1.2188,1.22819,0.16694
168,"Usually, I often",cau_dmd,0.5,1,15,0.55583,0.10799,1.55496,1.56234,0.16591
168,"Usually, I often",cau_dmd,0.7,1,17,0.7581,0.10418,1.89843,1.90273,0.16244
168,"Usually, I often",cau_dmd,0.9,1,20,0.92319,0.10992,2.42686,2.42484,0.15738
168,"Usually, I often",cau_dmd,0.99,1,25,0.9905,0.1201,3.38291,3.36758,0.15563
168,"Usually, I often",dua_dmd,0.3,1,2,0.42249,0.59457,0.16428,0.166,0.03484
168,"Usually, I often",dua_dmd,0.5,1,3,0.69203,0.5972,0.41195,0.41235,0.11006
168,"Usually, I often",dua_dmd,0.7,1,4,0.81876,0.59997,0.70681,0.70399,0.11721
168,"Usually, I often",dua_dmd,0.9,1,6,0.92043,0.60564,1.44566,1.4343,0.12382
168,"Usually, I often",dua_dmd,0.99,1,10,0.99557,0.61956,3.94416,3.90447,0.13851
95,Most doctors now,euc_ctx,0.3,1,6,0.37431,0.28956,0.59998,0.61319,0.15882
95,Most doctors now,euc_ctx,0.5,1,7,0.59389,0.29475,0.77943,0.79223,0.16684
95,Most doctors now,euc_ctx,0.7,1,8,0.78028,0.33017,0.95656,0.96801,0.16949
95,Most doctors now,euc_ctx,0.9,1,10,0.95319,0.45524,1.38443,1.3906,0.17202
95,Most doctors now,euc_ctx,0.99,1,12,0.99104,0.57601,1.97832,1.97669,0.17223
95,Most doctors now,cau_ctx,0.3,0,,,,,,
95,Most doctors now,cau_ctx,0.5,0,,,,,,
95,Most doctors now,cau_ctx,0.7,0,,,,,,
95,Most doctors now,cau_ctx,0.9,0,,,,,,
95,Most doctors now,cau_ctx,0.99,0,,,,,,
95,Most doctors now,dua_ctx,0.3,1,154,0.30072,0.47379,4.40489,4.29669,0.13968
95,Most doctors now,dua_ctx,0.5,1,219,0.50097,0.44519,6.83018,6.70161,0.15438
95,Most doctors now,dua_ctx,0.7,1,283,0.70068,0.42378,8.22722,8.09161,0.16875
95,Most doctors now,dua_ctx,0.9,1,359,0.90184,0.4222,11.33453,11.19527,0.19958
95,Most doctors now,dua_ctx,0.99,1,403,0.99031,0.43447,12.45235,12.3118,0.20048
95,Most doctors now,euc_unemb,0.3,1,2,0.95161,0.35517,1.01736,1.02088,0.07868
95,Most doctors now,euc_unemb,0.5,1,2,0.95161,0.35517,1.01736,1.02088,0.07868
95,Most doctors now,euc_unemb,0.7,1,2,0.95161,0.35517,1.01736,1.02088,0.07868
95,Most doctors now,euc_unemb,0.9,1,2,0.95161,0.35517,1.01736,1.02088,0.07868
95,Most doctors now,euc_unemb,0.99,1,3,0.99946,0.45913,2.81557,2.79326,0.17231
95,Most doctors now,cau_unemb,0.3,1,30,0.30791,0.26519,0.33166,0.34214,0.06044
95,Most doctors now,cau_unemb,0.5,1,35,0.50952,0.27148,0.40379,0.4143,0.05744
95,Most doctors now,cau_unemb,0.7,1,40,0.70723,0.30552,0.47469,0.4844,0.06014
95,Most doctors now,cau_unemb,0.9,1,48,0.90223,0.40424,0.65108,0.65756,0.13563
95,Most doctors now,cau_unemb,0.99,1,63,0.99093,0.57969,1.34317,1.33821,0.14845
95,Most doctors now,dua_unemb,0.3,1,3,0.38746,0.51222,0.16967,0.17147,0.02204
95,Most doctors now,dua_unemb,0.5,1,4,0.50533,0.51898,0.28112,0.27878,0.0232
95,Most doctors now,dua_unemb,0.7,1,8,0.72962,0.52988,0.97133,0.94007,0.02674
95,Most doctors now,dua_unemb,0.9,1,16,0.91148,0.53486,3.92729,3.82071,0.12136
95,Most doctors now,dua_unemb,0.99,1,23,0.99289,0.54599,6.14814,6.01578,0.13091
95,Most doctors now,euc_dmd,0.3,1,2,0.95696,0.37722,0.95938,0.96704,0.1497
95,Most doctors now,euc_dmd,0.5,1,2,0.95696,0.37722,0.95938,0.96704,0.1497
95,Most doctors now,euc_dmd,0.7,1,2,0.95696,0.37722,0.95938,0.96704,0.1497
95,Most doctors now,euc_dmd,0.9,1,2,0.95696,0.37722,0.95938,0.96704,0.1497
95,Most doctors now,euc_dmd,0.99,1,3,0.99944,0.55322,2.46676,2.45329,0.16471
95,Most doctors now,cau_dmd,0.3,1,12,0.30731,0.24116,0.48055,0.49286,0.05661
95,Most doctors now,cau_dmd,0.5,1,15,0.59865,0.25192,0.63926,0.65145,0.06458
95,Most doctors now,cau_dmd,0.7,1,17,0.76638,0.28686,0.75616,0.76725,0.12568
95,Most doctors now,cau_dmd,0.9,1,20,0.91203,0.3636,1.00411,1.01197,0.13623
95,Most doctors now,cau_dmd,0.99,1,27,0.99247,0.49519,2.01584,2.01023,0.14255
95,Most doctors now,dua_dmd,0.3,1,2,0.30354,0.5148,0.10317,0.10787,0.11751
95,Most doctors now,dua_dmd,0.5,1,3,0.54183,0.52242,0.25802,0.26254,0.12072
95,Most doctors now,dua_dmd,0.7,1,4,0.70209,0.52735,0.44274,0.44465,0.12368
95,Most doctors now,dua_dmd,0.9,1,8,0.91569,0.53386,1.5366,1.51783,0.14016
95,Most doctors now,dua_dmd,0.99,1,13,0.99465,0.54318,3.90545,3.84669,0.17573
59,"In this case, We also",euc_ctx,0.3,1,6,0.33465,0.0564,0.62654,0.62826,0.14717
59,"In this case, We also",euc_ctx,0.5,1,7,0.54649,0.05523,0.7115,0.71258,0.14823
59,"In this case, We also",euc_ctx,0.7,1,8,0.73926,0.06424,0.75318,0.75345,0.14603
59,"In this case, We also",euc_ctx,0.9,1,10,0.93633,0.11804,0.7811,0.77907,0.12074
59,"In this case, We also",euc_ctx,0.99,1,13,0.99313,0.30568,0.98843,0.98026,0.03964
59,"In this case, We also",cau_ctx,0.3,0,,,,,,
59,"In this case, We also",cau_ctx,0.5,0,,,,,,
59,"In this case, We also",cau_ctx,0.7,0,,,,,,
59,"In this case, We also",cau_ctx,0.9,0,,,,,,
59,"In this case, We also",cau_ctx,0.99,0,,,,,,
59,"In this case, We also",dua_ctx,0.3,1,81,0.30123,0.29603,1.58182,1.53197,0.01491
59,"In this case, We also",dua_ctx,0.5,1,116,0.50136,0.28284,3.06451,2.9796,0.03238
59,"In this case, We also",dua_ctx,0.7,1,151,0.70222,0.27999,4.27867,4.17182,0.03373
59,"In this case, We also",dua_ctx,0.9,1,194,0.90185,0.29228,5.45213,5.33059,0.04061
59,"In this case, We also",dua_ctx,0.99,1,240,0.99016,0.33059,6.4809,6.35134,0.04879
59,"In this case, We also",euc_unemb,0.3,1,2,0.94858,0.08802,1.0552,1.05377,0.15035
59,"In this case, We also",euc_unemb,0.5,1,2,0.94858,0.08802,1.0552,1.05377,0.15035
59,"In this case, We also",euc_unemb,0.7,1,2,0.94858,0.08802,1.0552,1.05377,0.15035
59,"In this case, We also",euc_unemb,0.9,1,2,0.94858,0.08802,1.0552,1.05377,0.15035
59,"In this case, We also",euc_unemb,0.99,1,3,0.99949,0.26892,2.21864,2.20053,0.14212
59,"In this case, We also",cau_unemb,0.3,1,31,0.32758,0.07116,0.44432,0.44761,0.14396
59,"In this case, We also",cau_unemb,0.5,1,36,0.53678,0.07149,0.49686,0.49982,0.14451
59,"In this case, We also",cau_unemb,0.7,1,41,0.733,0.08432,0.52179,0.52417,0.13829
59,"In this case, We also",cau_unemb,0.9,1,48,0.90115,0.12724,0.54511,0.54615,0.10886
59,"In this case, We also",cau_unemb,0.99,1,63,0.99143,0.31997,0.79718,0.79214,0.04876
59,"In this case, We also",dua_unemb,0.3,1,2,0.35013,0.35007,0.11017,0.113,0.00763
59,"In this case, We also",dua_unemb,0.5,1,3,0.54072,0.36677,0.23463,0.23417,0.00973
59,"In this case, We also",dua_unemb,0.7,1,5,0.72202,0.38284,0.59284,0.57902,0.01197
59,"In this case, We also",dua_unemb,0.9,1,10,0.91843,0.39436,2.11185,2.04504,0.01967
59,"In this case, We also",dua_unemb,0.99,1,16,0.99265,0.41903,3.71611,3.60714,0.04692
59,"In this case, We also",euc_dmd,0.3,1,2,0.9529,0.05231,1.1322,1.12753,0.14678
59,"In this case, We also",euc_dmd,0.5,1,2,0.9529,0.05231,1.1322,1.12753,0.14678
59,"In this case, We also",euc_dmd,0.7,1,2,0.9529,0.05231,1.1322,1.12753,0.14678
59,"In this case, We also",euc_dmd,0.9,1,2,0.9529,0.05231,1.1322,1.12753,0.14678
59,"In this case, We also",euc_dmd,0.99,1,3,0.99931,0.20021,1.6533,1.63704,0.13281
59,"In this case, We also",cau_dmd,0.3,1,12,0.33113,0.04641,0.66018,0.66244,0.14805
59,"In this case, We also",cau_dmd,0.5,1,14,0.53707,0.04462,0.75082,0.75247,0.14291
59,"In this case, We also",cau_dmd,0.7,1,16,0.72658,0.0506,0.81038,0.81119,0.14089
59,"In this case, We also",cau_dmd,0.9,1,20,0.92853,0.08727,0.90152,0.89987,0.12801
59,"In this case, We also",cau_dmd,0.99,1,26,0.99173,0.20348,1.2372,1.22884,0.09855
59,"In this case, We also",dua_dmd,0.3,1,2,0.47599,0.377,0.13765,0.14067,0.00847
59,"In this case, We also",dua_dmd,0.5,1,3,0.73515,0.39631,0.31561,0.3164,0.01059
59,"In this case, We also",dua_dmd,0.7,1,3,0.73515,0.39631,0.31561,0.3164,0.01059
59,"In this case, We also",dua_dmd,0.9,1,5,0.93301,0.41286,0.81981,0.80769,0.01271
59,"In this case, We also",dua_dmd,0.99,1,9,0.99393,0.43449,2.3821,2.33291,0.03101
54,"Usually, They usually",euc_ctx,0.3,1,6,0.42069,0.1974,0.61685,0.62776,0.12066
54,"Usually, They usually",euc_ctx,0.5,1,7,0.62868,0.2075,0.74234,0.75304,0.11983
54,"Usually, They usually",euc_ctx,0.7,1,8,0.79563,0.24167,0.85236,0.86218,0.04512
54,"Usually, They usually",euc_ctx,0.9,1,10,0.95132,0.36033,1.13912,1.14513,0.0428
54,"Usually, They usually",euc_ctx,0.99,1,13,0.99471,0.53591,1.91346,1.90932,0.04373
54,"Usually, They usually",cau_ctx,0.3,0,,,,,,
54,"Usually, They usually",cau_ctx,0.5,0,,,,,,
54,"Usually, They usually",cau_ctx,0.7,0,,,,,,
54,"Usually, They usually",cau_ctx,0.9,0,,,,,,
54,"Usually, They usually",cau_ctx,0.99,0,,,,,,
54,"Usually, They usually",dua_ctx,0.3,1,113,0.3009,0.44172,3.44428,3.36396,0.02186
54,"Usually, They usually",dua_ctx,0.5,1,169,0.50227,0.43552,5.95502,5.84296,0.0257
54,"Usually, They usually",dua_ctx,0.7,1,232,0.70288,0.44059,8.0827,7.95827,0.03394
54,"Usually, They usually",dua_ctx,0.9,1,311,0.90028,0.45003,10.48449,10.35468,0.04133
54,"Usually, They usually",dua_ctx,0.99,1,364,0.99027,0.46457,12.09318,11.96192,0.05035
54,"Usually, They usually",euc_unemb,0.3,1,2,0.97133,0.26968,1.43776,1.44584,0.16955
54,"Usually, They usually",euc_unemb,0.5,1,2,0.97133,0.26968,1.43776,1.44584,0.16955
54,"Usually, They usually",euc_unemb,0.7,1,2,0.97133,0.26968,1.43776,1.44584,0.16955
54,"Usually, They usually",euc_unemb,0.9,1,2,0.97133,0.26968,1.43776,1.44584,0.16955
54,"Usually, They usually",euc_unemb,0.99,1,3,0.99969,0.38368,3.37403,3.3612,0.17927
54,"Usually, They usually",cau_unemb,0.3,1,28,0.32544,0.18446,0.44414,0.4535,0.14217
54,"Usually, They usually",cau_unemb,0.5,1,33,0.53116,0.18242,0.54626,0.55563,0.14719
54,"Usually, They usually",cau_unemb,0.7,1,38,0.72592,0.20247,0.63347,0.64221,0.1491
54,"Usually, They usually",cau_unemb,0.9,1,46,0.91068,0.27233,0.80208,0.80829,0.13593
54,"Usually, They usually",cau_unemb,0.99,1,60,0.99046,0.41473,1.37782,1.37534,0.10457
54,"Usually, They usually",dua_unemb,0.3,1,2,0.37909,0.46744,0.15362,0.15875,0.00475
54,"Usually, They usually",dua_unemb,0.5,1,3,0.61167,0.48689,0.3192,0.32284,0.00756
54,"Usually, They usually",dua_unemb,0.7,1,4,0.74318,0.50311,0.53269,0.53291,0.00881
54,"Usually, They usually",dua_unemb,0.9,1,8,0.9155,0.5245,2.07588,2.04866,0.01182
54,"Usually, They usually",dua_unemb,0.99,1,13,0.99523,0.53217,4.64296,4.56616,0.02945
54,"Usually, They usually",euc_dmd,0.3,1,2,0.96631,0.24169,1.36938,1.37559,0.16805
54,"Usually, They usually",euc_dmd,0.5,1,2,0.96631,0.24169,1.36938,1.37559,0.16805
54,"Usually, They usually",euc_dmd,0.7,1,2,0.96631,0.24169,1.36938,1.37559,0.16805
54,"Usually, They usually",euc_dmd,0.9,1,2,0.96631,0.24169,1.36938,1.37559,0.16805
54,"Usually, They usually",euc_dmd,0.99,1,3,0.99944,0.43042,2.81868,2.80756,0.15631
54,"Usually, They usually",cau_dmd,0.3,1,12,0.37833,0.16881,0.64679,0.65614,0.16457
54,"Usually, They usually",cau_dmd,0.5,1,14,0.57484,0.17077,0.76058,0.76959,0.16052
54,"Usually, They usually",cau_dmd,0.7,1,16,0.74737,0.1909,0.86877,0.87683,0.13131
54,"Usually, They usually",cau_dmd,0.9,1,19,0.90293,0.24679,1.07685,1.08227,0.06501
54,"Usually, They usually",cau_dmd,0.99,1,26,0.99164,0.38142,1.96294,1.95681,0.1145
54,"Usually, They usually",dua_dmd,0.3,1,2,0.49038,0.48535,0.1976,0.202,0.01029
54,"Usually, They usually",dua_dmd,0.5,1,3,0.73917,0.49385,0.43311,0.43594,0.02013
54,"Usually, They usually",dua_dmd,0.7,1,3,0.73917,0.49385,0.43311,0.43594,0.02013
54,"Usually, They usually",dua_dmd,0.9,1,5,0.93332,0.50407,1.05038,1.04505,0.03344
54,"Usually, They usually",dua_dmd,0.99,1,7,0.99085,0.51239,2.05739,2.04038,0.05014
170,Our customers often,euc_ctx,0.3,1,7,0.44311,0.27696,0.87607,0.89165,0.05277
170,Our customers often,euc_ctx,0.5,1,8,0.68446,0.29623,1.0281,1.04242,0.04442
170,Our customers often,euc_ctx,0.7,1,9,0.85336,0.35161,1.15691,1.16885,0.03206
170,Our customers often,euc_ctx,0.9,1,10,0.93869,0.42713,1.31184,1.32035,0.02572
170,Our customers often,euc_ctx,0.99,1,13,0.99587,0.6227,2.08584,2.0796,0.02599
170,Our customers often,cau_ctx,0.3,0,,,,,,
170,Our customers often,cau_ctx,0.5,0,,,,,,
170,Our customers often,cau_ctx,0.7,0,,,,,,
170,Our customers often,cau_ctx,0.9,0,,,,,,
170,Our customers often,cau_ctx,0.99,0,,,,,,
170,Our customers often,dua_ctx,0.3,1,129,0.30101,0.55729,4.78856,4.68455,0.0302
170,Our customers often,dua_ctx,0.5,1,183,0.50382,0.53131,7.61972,7.49138,0.03133
170,Our customers often,dua_ctx,0.7,1,241,0.70012,0.52193,9.01014,8.87383,0.03641
170,Our customers often,dua_ctx,0.9,1,325,0.90219,0.51878,10.31527,10.17435,0.12227
170,Our customers often,dua_ctx,0.99,1,375,0.9902,0.52753,10.71968,10.57741,0.12558
170,Our customers often,euc_unemb,0.3,1,2,0.96008,0.37471,1.23294,1.24123,0.06888
170,Our customers often,euc_unemb,0.5,1,2,0.96008,0.37471,1.23294,1.24123,0.06888
170,Our customers often,euc_unemb,0.7,1,2,0.96008,0.37471,1.23294,1.24123,0.06888
170,Our customers often,euc_unemb,0.9,1,2,0.96008,0.37471,1.23294,1.24123,0.06888
170,Our customers often,euc_unemb,0.99,1,3,0.99982,0.53031,3.02744,3.00542,0.07927
170,Our customers often,cau_unemb,0.3,1,34,0.34132,0.24574,0.58742,0.60178,0.13329
170,Our customers often,cau_unemb,0.5,1,38,0.53486,0.25159,0.64801,0.66216,0.12991
170,Our customers often,cau_unemb,0.7,1,42,0.71792,0.28184,0.68646,0.69974,0.1264
170,Our customers often,cau_unemb,0.9,1,49,0.91032,0.38144,0.77699,0.78695,0.05301
170,Our customers often,cau_unemb,0.99,1,61,0.99067,0.55847,1.20974,1.2093,0.02993
170,Our customers often,dua_unemb,0.3,1,2,0.31192,0.60074,0.12713,0.12984,0.00475
170,Our customers often,dua_unemb,0.5,1,3,0.51276,0.60486,0.26658,0.2668,0.00713
170,Our customers often,dua_unemb,0.7,1,5,0.73027,0.61564,0.67366,0.66136,0.01184
170,Our customers often,dua_unemb,0.9,1,10,0.92327,0.61587,2.74021,2.66952,0.01593
170,Our customers often,dua_unemb,0.99,1,14,0.99494,0.62036,5.45087,5.33575,0.01772
170,Our customers often,euc_dmd,0.3,1,2,0.95698,0.32443,1.22174,1.23267,0.07261
170,Our customers often,euc_dmd,0.5,1,2,0.95698,0.32443,1.22174,1.23267,0.07261
170,Our customers often,euc_dmd,0.7,1,2,0.95698,0.32443,1.22174,1.23267,0.07261
170,Our customers often,euc_dmd,0.9,1,2,0.95698,0.32443,1.22174,1.23267,0.07261
170,Our customers often,euc_dmd,0.99,1,3,0.99972,0.5611,2.58015,2.56641,0.06946
170,Our customers often,cau_dmd,0.3,1,14,0.34489,0.20939,0.83572,0.85152,0.064
170,Our customers often,cau_dmd,0.5,1,16,0.57152,0.21622,0.93712,0.95262,0.15624
170,Our customers often,cau_dmd,0.7,1,18,0.76885,0.25232,1.01884,1.03313,0.15668
170,Our customers often,cau_dmd,0.9,1,21,0.92705,0.34318,1.19724,1.2078,0.15006
170,Our customers often,cau_dmd,0.99,1,26,0.99097,0.47477,1.8031,1.8029,0.15668
170,Our customers often,dua_dmd,0.3,1,2,0.44467,0.62096,0.18459,0.18707,0.01213
170,Our customers often,dua_dmd,0.5,1,3,0.72189,0.60883,0.47626,0.4789,0.10096
170,Our customers often,dua_dmd,0.7,1,3,0.72189,0.60883,0.47626,0.4789,0.10096
170,Our customers often,dua_dmd,0.9,1,5,0.93755,0.60785,1.34508,1.33928,0.1104
170,Our customers often,dua_dmd,0.99,1,9,0.99664,0.61646,4.10919,4.07454,0.11313
296,"In this case, Most doctors really",euc_ctx,0.3,1,6,0.40931,0.11893,0.77403,0.7787,0.21595
296,"In this case, Most doctors really",euc_ctx,0.5,1,7,0.6421,0.12516,0.87768,0.88138,0.21539
296,"In this case, Most doctors really",euc_ctx,0.7,1,8,0.82087,0.15415,0.93245,0.93467,0.20434
296,"In this case, Most doctors really",euc_ctx,0.9,1,9,0.92013,0.20503,0.98094,0.98113,0.19048
296,"In this case, Most doctors really",euc_ctx,0.99,1,12,0.99389,0.42586,1.40427,1.39435,0.17182
296,"In this case, Most doctors really",cau_ctx,0.3,0,,,,,,
296,"In this case, Most doctors really",cau_ctx,0.5,0,,,,,,
296,"In this case, Most doctors really",cau_ctx,0.7,0,,,,,,
296,"In this case, Most doctors really",cau_ctx,0.9,0,,,,,,
296,"In this case, Most doctors really",cau_ctx,0.99,0,,,,,,
296,"In this case, Most doctors really",dua_ctx,0.3,1,93,0.30262,0.42456,1.6723,1.58837,0.03397
296,"In this case, Most doctors really",dua_ctx,0.5,1,138,0.50119,0.4135,2.99015,2.87273,0.03735
296,"In this case, Most doctors really",dua_ctx,0.7,1,183,0.7011,0.40784,4.3697,4.23773,0.03739
296,"In this case, Most doctors really",dua_ctx,0.9,1,240,0.90224,0.41023,5.96436,5.82583,0.03934
296,"In this case, Most doctors really",dua_ctx,0.99,1,312,0.99033,0.44206,7.40359,7.26183,0.16534
296,"In this case, Most doctors really",euc_unemb,0.3,1,2,0.96516,0.21731,1.38725,1.38422,0.18495
296,"In this case, Most doctors really",euc_unemb,0.5,1,2,0.96516,0.21731,1.38725,1.38422,0.18495
296,"In this case, Most doctors really",euc_unemb,0.7,1,2,0.96516,0.21731,1.38725,1.38422,0.18495
296,"In this case, Most doctors really",euc_unemb,0.9,1,2,0.96516,0.21731,1.38725,1.38422,0.18495
296,"In this case, Most doctors really",euc_unemb,0.99,1,3,0.99975,0.51233,2.91185,2.88486,0.23903
296,"In this case, Most doctors really",cau_unemb,0.3,1,30,0.33936,0.12454,0.64945,0.65289,0.2098
296,"In this case, Most doctors really",cau_unemb,0.5,1,34,0.51826,0.1211,0.74242,0.74499,0.21636
296,"In this case, Most doctors really",cau_unemb,0.7,1,39,0.72997,0.13482,0.82771,0.82871,0.21564
296,"In this case, Most doctors really",cau_unemb,0.9,1,46,0.9071,0.18532,0.93464,0.93246,0.20756
296,"In this case, Most doctors really",cau_unemb,0.99,1,59,0.99047,0.32779,1.32971,1.31813,0.15686
296,"In this case, Most doctors really",dua_unemb,0.3,1,3,0.34139,0.46228,0.17242,0.16954,0.00502
296,"In this case, Most doctors really",dua_unemb,0.5,1,6,0.52272,0.4651,0.51733,0.48722,0.01802
296,"In this case, Most doctors really",dua_unemb,0.7,1,11,0.71868,0.46508,1.29385,1.21292,0.12908
296,"In this case, Most doctors really",dua_unemb,0.9,1,20,0.90968,0.47553,2.69059,2.56289,0.14105
296,"In this case, Most doctors really",dua_unemb,0.99,1,27,0.99219,0.48909,4.39043,4.25102,0.14772
296,"In this case, Most doctors really",euc_dmd,0.3,1,2,0.96979,0.11894,1.58006,1.57628,0.21233
296,"In this case, Most doctors really",euc_dmd,0.5,1,2,0.96979,0.11894,1.58006,1.57628,0.21233
296,"In this case, Most doctors really",euc_dmd,0.7,1,2,0.96979,0.11894,1.58006,1.57628,0.21233
296,"In this case, Most doctors really",euc_dmd,0.9,1,2,0.96979,0.11894,1.58006,1.57628,0.21233
296,"In this case, Most doctors really",euc_dmd,0.99,1,3,0.99968,0.31579,2.5658,2.54395,0.17847
296,"In this case, Most doctors really",cau_dmd,0.3,1,12,0.40551,0.07741,1.06222,1.06652,0.22854
296,"In this case, Most doctors really",cau_dmd,0.5,1,13,0.52103,0.07416,1.16057,1.16424,0.22872
296,"In this case, Most doctors really",cau_dmd,0.7,1,15,0.73164,0.07721,1.32676,1.32877,0.22745
296,"In this case, Most doctors really",cau_dmd,0.9,1,18,0.91228,0.09891,1.55779,1.55621,0.19921
296,"In this case, Most doctors really",cau_dmd,0.99,1,24,0.99243,0.15267,2.29133,2.27814,0.18075
296,"In this case, Most doctors really",dua_dmd,0.3,1,3,0.47423,0.46507,0.2421,0.24103,0.10053
296,"In this case, Most doctors really",dua_dmd,0.5,1,4,0.56982,0.46463,0.36931,0.36135,0.10132
296,"In this case, Most doctors really",dua_dmd,0.7,1,7,0.75034,0.45747,0.82816,0.79346,0.13488
296,"In this case, Most doctors really",dua_dmd,0.9,1,12,0.91536,0.4486,1.76066,1.6859,0.11648
296,"In this case, Most doctors really",dua_dmd,0.99,1,17,0.99416,0.44634,3.30856,3.20673,0.1217
213,"Every day, Farmers also",euc_ctx,0.3,1,3,0.45191,0.36664,0.20056,0.20574,0.04764
213,"Every day, Farmers also",euc_ctx,0.5,1,4,0.66473,0.38369,0.34646,0.35113,0.05376
213,"Every day, Farmers also",euc_ctx,0.7,1,5,0.82492,0.42333,0.53512,0.53809,0.05382
213,"Every day, Farmers also",euc_ctx,0.9,1,6,0.91696,0.47277,0.77427,0.77453,0.05358
213,"Every day, Farmers also",euc_ctx,0.99,1,9,0.99228,0.58953,1.74294,1.73151,0.03267
213,"Every day, Farmers also",cau_ctx,0.3,0,,,,,,
213,"Every day, Farmers also",cau_ctx,0.5,0,,,,,,
213,"Every day, Farmers also",cau_ctx,0.7,0,,,,,,
213,"Every day, Farmers also",cau_ctx,0.9,0,,,,,,
213,"Every day, Farmers also",cau_ctx,0.99,0,,,,,,
213,"Every day, Farmers also",dua_ctx,0.3,1,107,0.30223,0.41179,3.0621,2.99487,0.02519
213,"Every day, Farmers also",dua_ctx,0.5,1,165,0.50233,0.39077,6.56969,6.46155,0.03707
213,"Every day, Farmers also",dua_ctx,0.7,1,223,0.70038,0.38809,9.34791,9.22381,0.03897
213,"Every day, Farmers also",dua_ctx,0.9,1,309,0.90136,0.40732,12.09241,11.96006,0.04235
213,"Every day, Farmers also",dua_ctx,0.99,1,383,0.99047,0.45028,13.09141,12.95626,0.04229
213,"Every day, Farmers also",euc_unemb,0.3,1,1,0.85676,0.3829,0.51651,0.51912,0.06129
213,"Every day, Farmers also",euc_unemb,0.5,1,1,0.85676,0.3829,0.51651,0.51912,0.06129
213,"Every day, Farmers also",euc_unemb,0.7,1,1,0.85676,0.3829,0.51651,0.51912,0.06129
213,"Every day, Farmers also",euc_unemb,0.9,1,2,0.99854,0.48266,2.3334,2.31408,0.08666
213,"Every day, Farmers also",euc_unemb,0.99,1,2,0.99854,0.48266,2.3334,2.31408,0.08666
213,"Every day, Farmers also",cau_unemb,0.3,1,12,0.31049,0.36334,0.07564,0.0793,0.04355
213,"Every day, Farmers also",cau_unemb,0.5,1,17,0.51653,0.3677,0.14777,0.15154,0.04561
213,"Every day, Farmers also",cau_unemb,0.7,1,22,0.71663,0.40072,0.25437,0.25716,0.0497
213,"Every day, Farmers also",cau_unemb,0.9,1,30,0.90892,0.48691,0.54162,0.54047,0.05186
213,"Every day, Farmers also",cau_unemb,0.99,1,44,0.99082,0.59796,1.37954,1.36668,0.05895
213,"Every day, Farmers also",dua_unemb,0.3,1,1,0.32044,0.4574,0.06642,0.06812,0.00327
213,"Every day, Farmers also",dua_unemb,0.5,1,2,0.56107,0.47488,0.18325,0.18411,0.00576
213,"Every day, Farmers also",dua_unemb,0.7,1,3,0.72436,0.49263,0.33821,0.33645,0.00745
213,"Every day, Farmers also",dua_unemb,0.9,1,6,0.92871,0.52802,1.12899,1.11193,0.01952
213,"Every day, Farmers also",dua_unemb,0.99,1,9,0.99104,0.54184,2.75045,2.70989,0.02341
213,"Every day, Farmers also",euc_dmd,0.3,1,1,0.83999,0.37056,0.48537,0.48763,0.0544
213,"Every day, Farmers also",euc_dmd,0.5,1,1,0.83999,0.37056,0.48537,0.48763,0.0544
213,"Every day, Farmers also",euc_dmd,0.7,1,1,0.83999,0.37056,0.48537,0.48763,0.0544
213,"Every day, Farmers also",euc_dmd,0.9,1,2,0.99776,0.53303,1.999,1.98196,0.07751
213,"Every day, Farmers also",euc_dmd,0.99,1,2,0.99776,0.53303,1.999,1.98196,0.07751
213,"Every day, Farmers also",cau_dmd,0.3,1,6,0.38873,0.34793,0.12947,0.13326,0.05075
213,"Every day, Farmers also",cau_dmd,0.5,1,8,0.58355,0.35814,0.21602,0.2195,0.05422
213,"Every day, Farmers also",cau_dmd,0.7,1,10,0.75347,0.39191,0.33392,0.33614,0.02515
213,"Every day, Farmers also",cau_dmd,0.9,1,13,0.90614,0.4664,0.59824,0.59693,0.02629
213,"Every day, Farmers also",cau_dmd,0.99,1,20,0.9923,0.59637,1.59533,1.58051,0.03581
213,"Every day, Farmers also",dua_dmd,0.3,1,1,0.34614,0.46442,0.06713,0.06797,0.00536
213,"Every day, Farmers also",dua_dmd,0.5,1,2,0.56729,0.47449,0.19386,0.19396,0.01494
213,"Every day, Farmers also",dua_dmd,0.7,1,4,0.75509,0.47762,0.52889,0.52367,0.02826
213,"Every day, Farmers also",dua_dmd,0.9,1,8,0.91811,0.47747,1.68845,1.66511,0.03222
213,"Every day, Farmers also",dua_dmd,0.99,1,13,0.99037,0.48491,4.37675,4.32651,0.03658
79,"Usually, You still",euc_ctx,0.3,1,6,0.30152,0.25487,0.56034,0.57017,0.24564
79,"Usually, You still",euc_ctx,0.5,1,7,0.51002,0.24569,0.65375,0.66327,0.24721
79,"Usually, You still",euc_ctx,0.7,1,8,0.71422,0.26752,0.69463,0.70314,0.24761
79,"Usually, You still",euc_ctx,0.9,1,10,0.93408,0.38282,0.73842,0.74271,0.02556
79,"Usually, You still",euc_ctx,0.99,1,13,0.99448,0.56781,1.07359,1.06658,0.03245
79,"Usually, You still",cau_ctx,0.3,0,,,,,,
79,"Usually, You still",cau_ctx,0.5,0,,,,,,
79,"Usually, You still",cau_ctx,0.7,0,,,,,,
79,"Usually, You still",cau_ctx,0.9,0,,,,,,
79,"Usually, You still",cau_ctx,0.99,0,,,,,,
79,"Usually, You still",dua_ctx,0.3,1,136,0.30203,0.63103,2.13359,2.01849,0.02606
79,"Usually, You still",dua_ctx,0.5,1,228,0.50164,0.65262,3.94229,3.81109,0.03166
79,"Usually, You still",dua_ctx,0.7,1,326,0.70037,0.66726,6.03401,5.89899,0.0384
79,"Usually, You still",dua_ctx,0.9,1,473,0.90019,0.70943,9.22791,9.0912,0.04706
79,"Usually, You still",dua_ctx,0.99,1,562,0.99044,0.73047,9.40305,9.26589,0.04787
79,"Usually, You still",euc_unemb,0.3,1,2,0.90274,0.19599,1.54186,1.54714,0.41922
79,"Usually, You still",euc_unemb,0.5,1,2,0.90274,0.19599,1.54186,1.54714,0.41922
79,"Usually, You still",euc_unemb,0.7,1,2,0.90274,0.19599,1.54186,1.54714,0.41922
79,"Usually, You still",euc_unemb,0.9,1,2,0.90274,0.19599,1.54186,1.54714,0.41922
79,"Usually, You still",euc_unemb,0.99,1,3,0.99873,0.38215,2.66047,2.64653,0.38997
79,"Usually, You still",cau_unemb,0.3,1,32,0.31727,0.17526,0.82245,0.82851,0.29439
79,"Usually, You still",cau_unemb,0.5,1,37,0.51684,0.16007,0.94271,0.94772,0.3535
79,"Usually, You still",cau_unemb,0.7,1,42,0.71054,0.16584,1.00774,1.01123,0.33341
79,"Usually, You still",cau_unemb,0.9,1,50,0.90212,0.20995,1.05826,1.05835,0.28868
79,"Usually, You still",cau_unemb,0.99,1,65,0.99085,0.33911,1.26219,1.25254,0.09708
79,"Usually, You still",dua_unemb,0.3,1,4,0.3127,0.62162,0.27736,0.27037,0.00996
79,"Usually, You still",dua_unemb,0.5,1,12,0.50217,0.62503,1.92965,1.83015,0.0197
79,"Usually, You still",dua_unemb,0.7,1,23,0.70699,0.61158,3.60462,3.47202,0.02729
79,"Usually, You still",dua_unemb,0.9,1,40,0.90089,0.61018,5.48391,5.34826,0.03753
79,"Usually, You still",dua_unemb,0.99,1,56,0.99135,0.61091,6.62577,6.48929,0.0415
79,"Usually, You still",euc_dmd,0.3,1,2,0.93463,0.16741,1.4014,1.40541,0.37836
79,"Usually, You still",euc_dmd,0.5,1,2,0.93463,0.16741,1.4014,1.40541,0.37836
79,"Usually, You still",euc_dmd,0.7,1,2,0.93463,0.16741,1.4014,1.40541,0.37836
79,"Usually, You still",euc_dmd,0.9,1,2,0.93463,0.16741,1.4014,1.40541,0.37836
79,"Usually, You still",euc_dmd,0.99,1,3,0.99906,0.32701,2.05404,2.04141,0.31467
79,"Usually, You still",cau_dmd,0.3,1,12,0.37988,0.16103,0.86839,0.87786,0.32786
79,"Usually, You still",cau_dmd,0.5,1,14,0.6075,0.15572,0.96794,0.97673,0.28612
79,"Usually, You still",cau_dmd,0.7,1,15,0.7101,0.16255,0.99389,1.00212,0.28986
79,"Usually, You still",cau_dmd,0.9,1,18,0.90481,0.21399,1.03384,1.03953,0.11258
79,"Usually, You still",cau_dmd,0.99,1,24,0.99219,0.37428,1.27106,1.26754,0.10848
79,"Usually, You still",dua_dmd,0.3,1,3,0.34562,0.61184,0.22714,0.22833,0.01045
79,"Usually, You still",dua_dmd,0.5,1,6,0.51593,0.61019,0.67433,0.65195,0.02243
79,"Usually, You still",dua_dmd,0.7,1,12,0.71002,0.60519,2.23521,2.15045,0.03012
79,"Usually, You still",dua_dmd,0.9,1,25,0.90129,0.61524,4.44428,4.3154,0.03544
79,"Usually, You still",dua_dmd,0.99,1,40,0.99371,0.63387,5.4386,5.30379,0.07298
86,"In this case, The workers just",euc_ctx,0.3,1,5,0.46178,0.05317,0.27457,0.27364,0.10957
86,"In this case, The workers just",euc_ctx,0.5,1,6,0.65845,0.05815,0.31674,0.31499,0.11004
86,"In this case, The workers just",euc_ctx,0.7,1,7,0.80849,0.07268,0.34765,0.34492,0.10768
86,"In this case, The workers just",euc_ctx,0.9,1,8,0.90008,0.09825,0.38246,0.37852,0.10565
86,"In this case, The workers just",euc_ctx,0.99,1,12,0.99337,0.32768,0.81583,0.80351,0.04791
86,"In this case, The workers just",cau_ctx,0.3,0,,,,,,
86,"In this case, The workers just",cau_ctx,0.5,0,,,,,,
86,"In this case, The workers just",cau_ctx,0.7,0,,,,,,
86,"In this case, The workers just",cau_ctx,0.9,0,,,,,,
86,"In this case, The workers just",cau_ctx,0.99,0,,,,,,
86,"In this case, The workers just",dua_ctx,0.3,1,39,0.30407,0.17362,0.33003,0.31342,0.06004
86,"In this case, The workers just",dua_ctx,0.5,1,63,0.502,0.16617,0.83648,0.78976,0.05978
86,"In this case, The workers just",dua_ctx,0.7,1,88,0.70616,0.16222,1.49723,1.42282,0.08315
86,"In this case, The workers just",dua_ctx,0.9,1,129,0.9035,0.17187,2.77967,2.67534,0.09069
86,"In this case, The workers just",dua_ctx,0.99,1,158,0.99019,0.1864,3.98835,3.87147,0.09837
86,"In this case, The workers just",euc_unemb,0.3,1,1,0.44943,0.04932,0.32489,0.32542,0.0989
86,"In this case, The workers just",euc_unemb,0.5,1,2,0.98516,0.15494,0.8114,0.80568,0.12073
86,"In this case, The workers just",euc_unemb,0.7,1,2,0.98516,0.15494,0.8114,0.80568,0.12073
86,"In this case, The workers just",euc_unemb,0.9,1,2,0.98516,0.15494,0.8114,0.80568,0.12073
86,"In this case, The workers just",euc_unemb,0.99,1,3,0.99983,0.41792,2.20531,2.18247,0.07053
86,"In this case, The workers just",cau_unemb,0.3,1,22,0.30737,0.0678,0.17306,0.17378,0.09364
86,"In this case, The workers just",cau_unemb,0.5,1,27,0.50695,0.06687,0.22466,0.22497,0.09585
86,"In this case, The workers just",cau_unemb,0.7,1,32,0.70422,0.07676,0.27261,0.27225,0.1125
86,"In this case, The workers just",cau_unemb,0.9,1,40,0.90104,0.11955,0.36757,0.3655,0.11143
86,"In this case, The workers just",cau_unemb,0.99,1,55,0.99111,0.29011,0.80531,0.79669,0.09336
86,"In this case, The workers just",dua_unemb,0.3,1,2,0.55018,0.24317,0.13055,0.13239,0.00995
86,"In this case, The workers just",dua_unemb,0.5,1,2,0.55018,0.24317,0.13055,0.13239,0.00995
86,"In this case, The workers just",dua_unemb,0.7,1,3,0.72748,0.26848,0.25488,0.25084,0.01151
86,"In this case, The workers just",dua_unemb,0.9,1,7,0.90104,0.29654,0.92167,0.88116,0.02558
86,"In this case, The workers just",dua_unemb,0.99,1,12,0.99406,0.31461,2.09826,2.01259,0.03592
86,"In this case, The workers just",euc_dmd,0.3,1,1,0.47749,0.03356,0.41212,0.40928,0.10591
86,"In this case, The workers just",euc_dmd,0.5,1,2,0.98465,0.08522,0.86578,0.85432,0.14024
86,"In this case, The workers just",euc_dmd,0.7,1,2,0.98465,0.08522,0.86578,0.85432,0.14024
86,"In this case, The workers just",euc_dmd,0.9,1,2,0.98465,0.08522,0.86578,0.85432,0.14024
86,"In this case, The workers just",euc_dmd,0.99,1,3,0.99971,0.26901,1.77181,1.74561,0.12138
86,"In this case, The workers just",cau_dmd,0.3,1,9,0.33873,0.04476,0.3212,0.32026,0.12444
86,"In this case, The workers just",cau_dmd,0.5,1,11,0.53299,0.0421,0.41045,0.40854,0.1298
86,"In this case, The workers just",cau_dmd,0.7,1,13,0.71327,0.04577,0.49396,0.49085,0.12879
86,"In this case, The workers just",cau_dmd,0.9,1,17,0.91736,0.0704,0.69009,0.68373,0.11137
86,"In this case, The workers just",cau_dmd,0.99,1,24,0.99235,0.15284,1.36007,1.34411,0.11429
86,"In this case, The workers just",dua_dmd,0.3,1,2,0.62725,0.24978,0.14869,0.14966,0.01107
86,"In this case, The workers just",dua_dmd,0.5,1,2,0.62725,0.24978,0.14869,0.14966,0.01107
86,"In this case, The workers just",dua_dmd,0.7,1,3,0.79957,0.26747,0.28581,0.2812,0.02294
86,"In this case, The workers just",dua_dmd,0.9,1,5,0.91348,0.27749,0.62657,0.60714,0.02366
86,"In this case, The workers just",dua_dmd,0.99,1,9,0.99722,0.29545,1.71916,1.66541,0.03517
43,"Over time, Parents never",euc_ctx,0.3,1,4,0.36463,0.05888,0.20706,0.2064,0.03282
43,"Over time, Parents never",euc_ctx,0.5,1,5,0.5772,0.06191,0.25851,0.25703,0.03305
43,"Over time, Parents never",euc_ctx,0.7,1,6,0.75887,0.07673,0.30232,0.29979,0.03311
43,"Over time, Parents never",euc_ctx,0.9,1,8,0.93876,0.1509,0.43617,0.43059,0.03593
43,"Over time, Parents never",euc_ctx,0.99,1,11,0.99293,0.37645,0.979,0.96502,0.07435
43,"Over time, Parents never",cau_ctx,0.3,0,,,,,,
43,"Over time, Parents never",cau_ctx,0.5,0,,,,,,
43,"Over time, Parents never",cau_ctx,0.7,0,,,,,,
43,"Over time, Parents never",cau_ctx,0.9,0,,,,,,
43,"Over time, Parents never",cau_ctx,0.99,0,,,,,,
43,"Over time, Parents never",dua_ctx,0.3,1,34,0.30148,0.16371,0.29557,0.28767,0.01563
43,"Over time, Parents never",dua_ctx,0.5,1,55,0.50616,0.15619,0.79915,0.76842,0.02586
43,"Over time, Parents never",dua_ctx,0.7,1,81,0.70015,0.16077,1.7679,1.70404,0.08005
43,"Over time, Parents never",dua_ctx,0.9,1,140,0.9011,0.21216,3.85686,3.74646,0.08148
43,"Over time, Parents never",dua_ctx,0.99,1,194,0.99002,0.26315,5.49371,5.36466,0.08844
43,"Over time, Parents never",euc_unemb,0.3,1,1,0.69488,0.05375,0.35611,0.35587,0.0793
43,"Over time, Parents never",euc_unemb,0.5,1,1,0.69488,0.05375,0.35611,0.35587,0.0793
43,"Over time, Parents never",euc_unemb,0.7,1,2,0.99775,0.30144,1.26791,1.25628,0.08727
43,"Over time, Parents never",euc_unemb,0.9,1,2,0.99775,0.30144,1.26791,1.25628,0.08727
43,"Over time, Parents never",euc_unemb,0.99,1,2,0.99775,0.30144,1.26791,1.25628,0.08727
43,"Over time, Parents never",cau_unemb,0.3,1,18,0.31213,0.06354,0.12973,0.13063,0.01514
43,"Over time, Parents never",cau_unemb,0.5,1,23,0.54533,0.06402,0.17359,0.17416,0.01603
43,"Over time, Parents never",cau_unemb,0.7,1,27,0.72264,0.07469,0.20678,0.20689,0.02007
43,"Over time, Parents never",cau_unemb,0.9,1,34,0.90973,0.12083,0.28688,0.2856,0.05646
43,"Over time, Parents never",cau_unemb,0.99,1,46,0.99016,0.29214,0.63808,0.63174,0.07947
43,"Over time, Parents never",dua_unemb,0.3,1,1,0.32885,0.19753,0.04202,0.04449,0.00346
43,"Over time, Parents never",dua_unemb,0.5,1,2,0.72627,0.25676,0.17042,0.17153,0.00991
43,"Over time, Parents never",dua_unemb,0.7,1,2,0.72627,0.25676,0.17042,0.17153,0.00991
43,"Over time, Parents never",dua_unemb,0.9,1,3,0.90428,0.29404,0.34476,0.34033,0.02124
43,"Over time, Parents never",dua_unemb,0.99,1,5,0.99098,0.32853,0.89459,0.8709,0.04341
43,"Over time, Parents never",euc_dmd,0.3,1,1,0.66853,0.03949,0.39272,0.38968,0.08059
43,"Over time, Parents never",euc_dmd,0.5,1,1,0.66853,0.03949,0.39272,0.38968,0.08059
43,"Over time, Parents never",euc_dmd,0.7,1,2,0.99575,0.17001,0.98871,0.97516,0.09495
43,"Over time, Parents never",euc_dmd,0.9,1,2,0.99575,0.17001,0.98871,0.97516,0.09495
43,"Over time, Parents never",euc_dmd,0.99,1,2,0.99575,0.17001,0.98871,0.97516,0.09495
43,"Over time, Parents never",cau_dmd,0.3,1,8,0.35456,0.05092,0.2146,0.2139,0.03448
43,"Over time, Parents never",cau_dmd,0.5,1,10,0.57145,0.05073,0.28243,0.28085,0.03651
43,"Over time, Parents never",cau_dmd,0.7,1,12,0.76103,0.05988,0.3529,0.35018,0.03766
43,"Over time, Parents never",cau_dmd,0.9,1,15,0.91942,0.09261,0.4919,0.48684,0.05761
43,"Over time, Parents never",cau_dmd,0.99,1,21,0.99253,0.22273,1.04486,1.03189,0.08276
43,"Over time, Parents never",dua_dmd,0.3,1,1,0.3596,0.20066,0.04493,0.04713,0.01479
43,"Over time, Parents never",dua_dmd,0.5,1,2,0.78452,0.26836,0.18578,0.18668,0.05578
43,"Over time, Parents never",dua_dmd,0.7,1,2,0.78452,0.26836,0.18578,0.18668,0.05578
43,"Over time, Parents never",dua_dmd,0.9,1,3,0.92801,0.29832,0.36581,0.36268,0.06355
43,"Over time, Parents never",dua_dmd,0.99,1,6,0.99108,0.32905,1.18802,1.16385,0.07102
251,"At home, Students also",euc_ctx,0.3,1,6,0.45447,0.07338,0.59593,0.59953,0.09379
251,"At home, Students also",euc_ctx,0.5,1,7,0.65685,0.07896,0.68815,0.69125,0.09233
251,"At home, Students also",euc_ctx,0.7,1,8,0.81231,0.0969,0.76094,0.76329,0.08466
251,"At home, Students also",euc_ctx,0.9,1,9,0.90576,0.12824,0.8345,0.83579,0.0838
251,"At home, Students also",euc_ctx,0.99,1,13,0.9948,0.37243,1.45075,1.44366,0.0319
251,"At home, Students also",cau_ctx,0.3,0,,,,,,
251,"At home, Students also",cau_ctx,0.5,0,,,,,,
251,"At home, Students also",cau_ctx,0.7,0,,,,,,
251,"At home, Students also",cau_ctx,0.9,0,,,,,,
251,"At home, Students also",cau_ctx,0.99,0,,,,,,
251,"At home, Students also",dua_ctx,0.3,1,79,0.30014,0.26935,1.44077,1.40971,0.02652
251,"At home, Students also",dua_ctx,0.5,1,116,0.50268,0.24998,3.17655,3.10742,0.02923
251,"At home, Students also",dua_ctx,0.7,1,151,0.70515,0.24261,4.953,4.85796,0.0344
251,"At home, Students also",dua_ctx,0.9,1,207,0.90003,0.26242,7.41529,7.29889,0.03497
251,"At home, Students also",dua_ctx,0.99,1,319,0.99034,0.36409,10.22409,10.09147,0.04271
251,"At home, Students also",euc_unemb,0.3,1,2,0.97296,0.13985,1.12494,1.1235,0.10409
251,"At home, Students also",euc_unemb,0.5,1,2,0.97296,0.13985,1.12494,1.1235,0.10409
251,"At home, Students also",euc_unemb,0.7,1,2,0.97296,0.13985,1.12494,1.1235,0.10409
251,"At home, Students also",euc_unemb,0.9,1,2,0.97296,0.13985,1.12494,1.1235,0.10409
251,"At home, Students also",euc_unemb,0.99,1,3,0.99973,0.38069,2.61338,2.5944,0.10402
251,"At home, Students also",cau_unemb,0.3,1,28,0.32223,0.08894,0.34136,0.34543,0.0914
251,"At home, Students also",cau_unemb,0.5,1,33,0.51931,0.08974,0.40107,0.40501,0.09119
251,"At home, Students also",cau_unemb,0.7,1,38,0.70955,0.10414,0.44441,0.44793,0.09005
251,"At home, Students also",cau_unemb,0.9,1,47,0.91273,0.17043,0.53765,0.53947,0.06604
251,"At home, Students also",cau_unemb,0.99,1,62,0.9912,0.37741,0.98765,0.98281,0.03412
251,"At home, Students also",dua_unemb,0.3,1,2,0.50032,0.33771,0.14829,0.15146,0.01713
251,"At home, Students also",dua_unemb,0.5,1,2,0.50032,0.33771,0.14829,0.15146,0.01713
251,"At home, Students also",dua_unemb,0.7,1,3,0.72934,0.36609,0.29655,0.29718,0.01945
251,"At home, Students also",dua_unemb,0.9,1,5,0.92264,0.40278,0.73715,0.72784,0.02583
251,"At home, Students also",dua_unemb,0.99,1,8,0.99658,0.43497,1.96912,1.9359,0.0291
251,"At home, Students also",euc_dmd,0.3,1,2,0.96321,0.08308,1.16911,1.16443,0.09793
251,"At home, Students also",euc_dmd,0.5,1,2,0.96321,0.08308,1.16911,1.16443,0.09793
251,"At home, Students also",euc_dmd,0.7,1,2,0.96321,0.08308,1.16911,1.16443,0.09793
251,"At home, Students also",euc_dmd,0.9,1,2,0.96321,0.08308,1.16911,1.16443,0.09793
251,"At home, Students also",euc_dmd,0.99,1,3,0.99938,0.27363,2.03656,2.01925,0.10182
251,"At home, Students also",cau_dmd,0.3,1,12,0.35061,0.06877,0.52677,0.52922,0.09683
251,"At home, Students also",cau_dmd,0.5,1,14,0.53381,0.06822,0.61285,0.61471,0.09499
251,"At home, Students also",cau_dmd,0.7,1,16,0.70552,0.07641,0.68746,0.68849,0.08853
251,"At home, Students also",cau_dmd,0.9,1,20,0.90981,0.12048,0.85496,0.85348,0.08177
251,"At home, Students also",cau_dmd,0.99,1,27,0.99113,0.26994,1.44092,1.43124,0.05906
251,"At home, Students also",dua_dmd,0.3,1,2,0.61639,0.36863,0.18273,0.18508,0.01824
251,"At home, Students also",dua_dmd,0.5,1,2,0.61639,0.36863,0.18273,0.18508,0.01824
251,"At home, Students also",dua_dmd,0.7,1,3,0.84183,0.39331,0.36172,0.36195,0.02476
251,"At home, Students also",dua_dmd,0.9,1,4,0.94068,0.40682,0.59098,0.58782,0.02917
251,"At home, Students also",dua_dmd,0.99,1,6,0.99323,0.4199,1.34072,1.32873,0.03124
98,"Lately, You really",euc_ctx,0.3,1,7,0.42316,0.14672,0.80342,0.80872,0.26344
98,"Lately, You really",euc_ctx,0.5,1,8,0.63299,0.15687,0.87956,0.88389,0.26638
98,"Lately, You really",euc_ctx,0.7,1,9,0.80028,0.18948,0.91518,0.91806,0.26143
98,"Lately, You really",euc_ctx,0.9,1,10,0.90187,0.24347,0.9462,0.94707,0.25289
98,"Lately, You really",euc_ctx,0.99,1,13,0.99026,0.46746,1.27856,1.2697,0.20662
98,"Lately, You really",cau_ctx,0.3,0,,,,,,
98,"Lately, You really",cau_ctx,0.5,0,,,,,,
98,"Lately, You really",cau_ctx,0.7,0,,,,,,
98,"Lately, You really",cau_ctx,0.9,0,,,,,,
98,"Lately, You really",cau_ctx,0.99,0,,,,,,
98,"Lately, You really",dua_ctx,0.3,1,111,0.30228,0.47096,1.56218,1.45683,0.05096
98,"Lately, You really",dua_ctx,0.5,1,169,0.50208,0.46294,3.11921,2.99052,0.0646
98,"Lately, You really",dua_ctx,0.7,1,229,0.70021,0.46749,4.85072,4.71531,0.06743
98,"Lately, You really",dua_ctx,0.9,1,377,0.90121,0.51816,9.39313,9.25292,0.17055
98,"Lately, You really",dua_ctx,0.99,1,444,0.99105,0.54072,11.20266,11.06159,0.18087
98,"Lately, You really",euc_unemb,0.3,1,2,0.87613,0.11611,1.51851,1.51702,0.23347
98,"Lately, You really",euc_unemb,0.5,1,2,0.87613,0.11611,1.51851,1.51702,0.23347
98,"Lately, You really",euc_unemb,0.7,1,2,0.87613,0.11611,1.51851,1.51702,0.23347
98,"Lately, You really",euc_unemb,0.9,1,3,0.99827,0.32245,2.39308,2.37423,0.2211
98,"Lately, You really",euc_unemb,0.99,1,3,0.99827,0.32245,2.39308,2.37423,0.2211
98,"Lately, You really",cau_unemb,0.3,1,35,0.32486,0.12664,0.79708,0.79965,0.25589
98,"Lately, You really",cau_unemb,0.5,1,40,0.52028,0.12076,0.91321,0.9145,0.25915
98,"Lately, You really",cau_unemb,0.7,1,45,0.70889,0.13021,0.99708,0.99668,0.26169
98,"Lately, You really",cau_unemb,0.9,1,54,0.91189,0.18129,1.12326,1.11866,0.2643
98,"Lately, You really",cau_unemb,0.99,1,69,0.99121,0.30885,1.52242,1.5071,0.20841
98,"Lately, You really",dua_unemb,0.3,1,4,0.30838,0.4975,0.19939,0.18958,0.01976
98,"Lately, You really",dua_unemb,0.5,1,9,0.5265,0.49717,0.79679,0.73325,0.02959
98,"Lately, You really",dua_unemb,0.7,1,17,0.70185,0.508,1.92173,1.80072,0.04213
98,"Lately, You really",dua_unemb,0.9,1,34,0.90791,0.52853,5.70675,5.56612,0.17467
98,"Lately, You really",dua_unemb,0.99,1,47,0.99281,0.54448,7.73873,7.59727,0.18196
98,"Lately, You really",euc_dmd,0.3,1,2,0.89717,0.0932,1.63595,1.63401,0.25838
98,"Lately, You really",euc_dmd,0.5,1,2,0.89717,0.0932,1.63595,1.63401,0.25838
98,"Lately, You really",euc_dmd,0.7,1,2,0.89717,0.0932,1.63595,1.63401,0.25838
98,"Lately, You really",euc_dmd,0.9,1,3,0.99808,0.25678,2.29847,2.28136,0.23794
98,"Lately, You really",euc_dmd,0.99,1,3,0.99808,0.25678,2.29847,2.28136,0.23794
98,"Lately, You really",cau_dmd,0.3,1,13,0.3245,0.09697,1.09206,1.09687,0.28047
98,"Lately, You really",cau_dmd,0.5,1,15,0.52623,0.08939,1.27812,1.28168,0.28209
98,"Lately, You really",cau_dmd,0.7,1,17,0.7165,0.09394,1.43048,1.43231,0.27603
98,"Lately, You really",cau_dmd,0.9,1,21,0.92594,0.12745,1.73198,1.72867,0.23989
98,"Lately, You really",cau_dmd,0.99,1,27,0.99204,0.18176,2.46483,2.44929,0.21309
98,"Lately, You really",dua_dmd,0.3,1,3,0.31575,0.4929,0.15229,0.14996,0.00931
98,"Lately, You really",dua_dmd,0.5,1,6,0.54388,0.48843,0.48374,0.45611,0.01813
98,"Lately, You really",dua_dmd,0.7,1,11,0.71151,0.48821,1.313,1.24,0.02334
98,"Lately, You really",dua_dmd,0.9,1,24,0.90383,0.49138,4.9777,4.8522,0.17557
98,"Lately, You really",dua_dmd,0.99,1,33,0.99268,0.49897,6.52941,6.39429,0.1446
291,"At work, These kids always",euc_ctx,0.3,1,6,0.43078,0.13179,0.69646,0.70028,0.12891
291,"At work, These kids always",euc_ctx,0.5,1,7,0.64681,0.13885,0.76567,0.76849,0.12866
291,"At work, These kids always",euc_ctx,0.7,1,8,0.81339,0.16774,0.7902,0.79159,0.12571
291,"At work, These kids always",euc_ctx,0.9,1,9,0.91058,0.21749,0.80775,0.80723,0.11869
291,"At work, These kids always",euc_ctx,0.99,1,12,0.99135,0.44007,1.08901,1.07931,0.08491
291,"At work, These kids always",cau_ctx,0.3,0,,,,,,
291,"At work, These kids always",cau_ctx,0.5,0,,,,,,
291,"At work, These kids always",cau_ctx,0.7,0,,,,,,
291,"At work, These kids always",cau_ctx,0.9,0,,,,,,
291,"At work, These kids always",cau_ctx,0.99,0,,,,,,
291,"At work, These kids always",dua_ctx,0.3,1,100,0.30316,0.42423,2.21081,2.1328,0.03547
291,"At work, These kids always",dua_ctx,0.5,1,148,0.5009,0.39566,3.96238,3.85022,0.04272
291,"At work, These kids always",dua_ctx,0.7,1,201,0.70076,0.38941,5.46495,5.33725,0.05283
291,"At work, These kids always",dua_ctx,0.9,1,294,0.9012,0.43006,8.33475,8.19826,0.06193
291,"At work, These kids always",dua_ctx,0.99,1,383,0.99028,0.49528,9.99591,9.8564,0.06344
291,"At work, These kids always",euc_unemb,0.3,1,2,0.97782,0.25339,1.19582,1.19482,0.11633
291,"At work, These kids always",euc_unemb,0.5,1,2,0.97782,0.25339,1.19582,1.19482,0.11633
291,"At work, These kids always",euc_unemb,0.7,1,2,0.97782,0.25339,1.19582,1.19482,0.11633
291,"At work, These kids always",euc_unemb,0.9,1,2,0.97782,0.25339,1.19582,1.19482,0.11633
291,"At work, These kids always",euc_unemb,0.99,1,3,0.9998,0.53981,2.50607,2.48357,0.12466
291,"At work, These kids always",cau_unemb,0.3,1,28,0.33707,0.15663,0.47741,0.48346,0.124
291,"At work, These kids always",cau_unemb,0.5,1,32,0.51199,0.15602,0.53018,0.53597,0.12423
291,"At work, These kids always",cau_unemb,0.7,1,37,0.72093,0.17821,0.56294,0.56796,0.12086
291,"At work, These kids always",cau_unemb,0.9,1,44,0.9004,0.25219,0.60233,0.60524,0.11054
291,"At work, These kids always",cau_unemb,0.99,1,58,0.99073,0.47426,0.94152,0.93596,0.09276
291,"At work, These kids always",dua_unemb,0.3,1,2,0.38452,0.50042,0.12106,0.1238,0.00601
291,"At work, These kids always",dua_unemb,0.5,1,3,0.59302,0.51394,0.24517,0.2455,0.03445
291,"At work, These kids always",dua_unemb,0.7,1,4,0.73517,0.52393,0.40657,0.40221,0.03561
291,"At work, These kids always",dua_unemb,0.9,1,7,0.94662,0.53722,1.22856,1.20025,0.06442
291,"At work, These kids always",dua_unemb,0.99,1,9,0.99306,0.54549,2.19665,2.14587,0.06483
291,"At work, These kids always",euc_dmd,0.3,1,2,0.97318,0.15807,1.33147,1.32609,0.11123
291,"At work, These kids always",euc_dmd,0.5,1,2,0.97318,0.15807,1.33147,1.32609,0.11123
291,"At work, These kids always",euc_dmd,0.7,1,2,0.97318,0.15807,1.33147,1.32609,0.11123
291,"At work, These kids always",euc_dmd,0.9,1,2,0.97318,0.15807,1.33147,1.32609,0.11123
291,"At work, These kids always",euc_dmd,0.99,1,3,0.99963,0.43126,2.08229,2.0596,0.11033
291,"At work, These kids always",cau_dmd,0.3,1,12,0.3673,0.11192,0.75991,0.76319,0.12758
291,"At work, These kids always",cau_dmd,0.5,1,14,0.57208,0.10887,0.86342,0.86561,0.11627
291,"At work, These kids always",cau_dmd,0.7,1,16,0.75212,0.12109,0.93984,0.94053,0.11381
291,"At work, These kids always",cau_dmd,0.9,1,19,0.90986,0.16453,1.05668,1.05432,0.10712
291,"At work, These kids always",cau_dmd,0.99,1,25,0.99024,0.30161,1.4893,1.47758,0.09087
291,"At work, These kids always",dua_dmd,0.3,1,2,0.45138,0.51124,0.12792,0.12892,0.02918
291,"At work, These kids always",dua_dmd,0.5,1,3,0.67571,0.51971,0.27241,0.26964,0.02556
291,"At work, These kids always",dua_dmd,0.7,1,4,0.80498,0.52317,0.45168,0.44382,0.02951
291,"At work, These kids always",dua_dmd,0.9,1,6,0.93225,0.52373,0.95087,0.93166,0.04035
291,"At work, These kids always",dua_dmd,0.99,1,9,0.99484,0.53017,2.26766,2.22822,0.04774
256,"Today, The workers still",euc_ctx,0.3,1,6,0.45597,0.18287,0.67638,0.68516,0.14013
256,"Today, The workers still",euc_ctx,0.5,1,7,0.66681,0.19287,0.80925,0.81743,0.14278
256,"Today, The workers still",euc_ctx,0.7,1,8,0.82581,0.22626,0.92297,0.92992,0.14328
256,"Today, The workers still",euc_ctx,0.9,1,9,0.9175,0.27834,1.04663,1.05172,0.1408
256,"Today, The workers still",euc_ctx,0.99,1,12,0.99253,0.46528,1.66085,1.6568,0.05923
256,"Today, The workers still",cau_ctx,0.3,0,,,,,,
256,"Today, The workers still",cau_ctx,0.5,0,,,,,,
256,"Today, The workers still",cau_ctx,0.7,0,,,,,,
256,"Today, The workers still",cau_ctx,0.9,0,,,,,,
256,"Today, The workers still",cau_ctx,0.99,0,,,,,,
256,"Today, The workers still",dua_ctx,0.3,1,121,0.30249,0.41026,3.32897,3.24637,0.03199
256,"Today, The workers still",dua_ctx,0.5,1,181,0.50116,0.39687,6.00667,5.89093,0.03517
256,"Today, The workers still",dua_ctx,0.7,1,237,0.70277,0.39205,7.89977,7.77183,0.04467
256,"Today, The workers still",dua_ctx,0.9,1,292,0.90263,0.39406,9.67777,9.54456,0.05383
256,"Today, The workers still",dua_ctx,0.99,1,327,0.99086,0.40368,10.52331,10.38823,0.05891
256,"Today, The workers still",euc_unemb,0.3,1,2,0.9592,0.23188,1.37084,1.37534,0.18452
256,"Today, The workers still",euc_unemb,0.5,1,2,0.9592,0.23188,1.37084,1.37534,0.18452
256,"Today, The workers still",euc_unemb,0.7,1,2,0.9592,0.23188,1.37084,1.37534,0.18452
256,"Today, The workers still",euc_unemb,0.9,1,2,0.9592,0.23188,1.37084,1.37534,0.18452
256,"Today, The workers still",euc_unemb,0.99,1,3,0.99953,0.35924,3.14265,3.12591,0.19284
256,"Today, The workers still",cau_unemb,0.3,1,29,0.32699,0.19512,0.41981,0.42794,0.15262
256,"Today, The workers still",cau_unemb,0.5,1,34,0.52382,0.19473,0.50376,0.51174,0.16708
256,"Today, The workers still",cau_unemb,0.7,1,39,0.71302,0.21599,0.57261,0.57982,0.15821
256,"Today, The workers still",cau_unemb,0.9,1,47,0.90102,0.28842,0.71326,0.71781,0.05219
256,"Today, The workers still",cau_unemb,0.99,1,62,0.9903,0.44695,1.29755,1.29238,0.05061
256,"Today, The workers still",dua_unemb,0.3,1,3,0.47877,0.47745,0.23538,0.23668,0.03106
256,"Today, The workers still",dua_unemb,0.5,1,4,0.5993,0.48756,0.38336,0.38073,0.03165
256,"Today, The workers still",dua_unemb,0.7,1,6,0.72753,0.50046,0.78813,0.77395,0.03721
256,"Today, The workers still",dua_unemb,0.9,1,12,0.90262,0.50998,2.80753,2.74363,0.04876
256,"Today, The workers still",dua_unemb,0.99,1,18,0.99414,0.52026,5.18755,5.08019,0.05602
256,"Today, The workers still",euc_dmd,0.3,1,2,0.95774,0.17925,1.34907,1.35176,0.1473
256,"Today, The workers still",euc_dmd,0.5,1,2,0.95774,0.17925,1.34907,1.35176,0.1473
256,"Today, The workers still",euc_dmd,0.7,1,2,0.95774,0.17925,1.34907,1.35176,0.1473
256,"Today, The workers still",euc_dmd,0.9,1,2,0.95774,0.17925,1.34907,1.35176,0.1473
256,"Today, The workers still",euc_dmd,0.99,1,3,0.99935,0.33714,2.5729,2.55876,0.15924
256,"Today, The workers still",cau_dmd,0.3,1,12,0.36902,0.16071,0.64605,0.65385,0.14096
256,"Today, The workers still",cau_dmd,0.5,1,14,0.56212,0.16055,0.75129,0.7586,0.14374
256,"Today, The workers still",cau_dmd,0.7,1,16,0.73586,0.17804,0.84521,0.85149,0.14566
256,"Today, The workers still",cau_dmd,0.9,1,20,0.9271,0.25468,1.08838,1.09091,0.06123
256,"Today, The workers still",cau_dmd,0.99,1,26,0.99147,0.38667,1.76748,1.76008,0.05308
256,"Today, The workers still",dua_dmd,0.3,1,2,0.43865,0.48307,0.17344,0.17536,0.03431
256,"Today, The workers still",dua_dmd,0.5,1,3,0.67645,0.49132,0.36145,0.36051,0.0363
256,"Today, The workers still",dua_dmd,0.7,1,4,0.80584,0.49488,0.58115,0.57575,0.0409
256,"Today, The workers still",dua_dmd,0.9,1,6,0.93177,0.49957,1.17923,1.16193,0.04661
256,"Today, The workers still",dua_dmd,0.99,1,9,0.99235,0.5072,2.60394,2.56585,0.04484
179,"Over time, I",euc_ctx,0.3,1,6,0.38903,0.02559,0.87402,0.87235,0.30343
179,"Over time, I",euc_ctx,0.5,1,7,0.6188,0.026,1.07024,1.06711,0.31001
179,"Over time, I",euc_ctx,0.7,1,8,0.80024,0.03181,1.25825,1.25348,0.31
179,"Over time, I",euc_ctx,0.9,1,9,0.90515,0.04352,1.44304,1.43641,0.30217
179,"Over time, I",euc_ctx,0.99,1,12,0.99056,0.12704,2.05952,2.04584,0.27924
179,"Over time, I",cau_ctx,0.3,0,,,,,,
179,"Over time, I",cau_ctx,0.5,0,,,,,,
179,"Over time, I",cau_ctx,0.7,0,,,,,,
179,"Over time, I",cau_ctx,0.9,0,,,,,,
179,"Over time, I",cau_ctx,0.99,0,,,,,,
179,"Over time, I",dua_ctx,0.3,1,39,0.30839,0.18512,0.25016,0.22597,0.01758
179,"Over time, I",dua_ctx,0.5,1,61,0.50096,0.19045,0.59003,0.53617,0.02078
179,"Over time, I",dua_ctx,0.7,1,86,0.70104,0.19654,1.11567,1.0337,0.02435
179,"Over time, I",dua_ctx,0.9,1,117,0.90208,0.20768,1.92772,1.81881,0.03406
179,"Over time, I",dua_ctx,0.99,1,147,0.99051,0.22811,2.87584,2.75017,0.03353
179,"Over time, I",euc_unemb,0.3,1,2,0.93841,0.0222,1.31337,1.30878,0.3154
179,"Over time, I",euc_unemb,0.5,1,2,0.93841,0.0222,1.31337,1.30878,0.3154
179,"Over time, I",euc_unemb,0.7,1,2,0.93841,0.0222,1.31337,1.30878,0.3154
179,"Over time, I",euc_unemb,0.9,1,2,0.93841,0.0222,1.31337,1.30878,0.3154
179,"Over time, I",euc_unemb,0.99,1,3,0.99953,0.14697,2.25252,2.23701,0.30736
179,"Over time, I",cau_unemb,0.3,1,29,0.32173,0.02389,0.69566,0.69375,0.28149
179,"Over time, I",cau_unemb,0.5,1,33,0.50679,0.02177,0.84399,0.84081,0.29509
179,"Over time, I",cau_unemb,0.7,1,38,0.72823,0.02314,1.03174,1.0267,0.30379
179,"Over time, I",cau_unemb,0.9,1,45,0.90994,0.03185,1.30542,1.29727,0.30378
179,"Over time, I",cau_unemb,0.99,1,58,0.99126,0.06899,1.88463,1.86922,0.27553
179,"Over time, I",dua_unemb,0.3,1,3,0.48791,0.22081,0.10934,0.10523,0.00606
179,"Over time, I",dua_unemb,0.5,1,4,0.60706,0.23108,0.18606,0.17344,0.0097
179,"Over time, I",dua_unemb,0.7,1,6,0.76323,0.24314,0.37215,0.33832,0.01119
179,"Over time, I",dua_unemb,0.9,1,9,0.9257,0.2582,0.72105,0.65373,0.01524
179,"Over time, I",dua_unemb,0.99,1,12,0.99366,0.27826,1.07767,0.98751,0.01837
179,"Over time, I",euc_dmd,0.3,1,2,0.96469,0.01442,1.79029,1.7788,0.3157
179,"Over time, I",euc_dmd,0.5,1,2,0.96469,0.01442,1.79029,1.7788,0.3157
179,"Over time, I",euc_dmd,0.7,1,2,0.96469,0.01442,1.79029,1.7788,0.3157
179,"Over time, I",euc_dmd,0.9,1,2,0.96469,0.01442,1.79029,1.7788,0.3157
179,"Over time, I",euc_dmd,0.99,1,3,0.99949,0.05138,2.88168,2.85673,0.3185
179,"Over time, I",cau_dmd,0.3,1,11,0.37538,0.01275,1.26499,1.25917,0.29974
179,"Over time, I",cau_dmd,0.5,1,13,0.62248,0.00981,1.70274,1.69303,0.30943
179,"Over time, I",cau_dmd,0.7,1,14,0.7296,0.0092,1.93867,1.92675,0.31
179,"Over time, I",cau_dmd,0.9,1,17,0.91832,0.00898,2.69917,2.67981,0.30645
179,"Over time, I",cau_dmd,0.99,1,22,0.99038,0.00995,4.05546,4.02202,0.29126
179,"Over time, I",dua_dmd,0.3,1,2,0.37394,0.21121,0.0455,0.04664,0.00729
179,"Over time, I",dua_dmd,0.5,1,3,0.6248,0.23436,0.12185,0.11824,0.00766
179,"Over time, I",dua_dmd,0.7,1,4,0.7611,0.24537,0.20444,0.19269,0.00815
179,"Over time, I",dua_dmd,0.9,1,6,0.9166,0.26134,0.40504,0.37302,0.01419
179,"Over time, I",dua_dmd,0.99,1,9,0.99313,0.28492,0.77504,0.71398,0.02192
73,"Honestly, The engineers always",euc_ctx,0.3,1,5,0.38655,0.14599,0.57585,0.58039,0.14995
73,"Honestly, The engineers always",euc_ctx,0.5,1,6,0.62132,0.1497,0.64824,0.65202,0.14893
73,"Honestly, The engineers always",euc_ctx,0.7,1,7,0.8072,0.18105,0.66414,0.66665,0.1461
73,"Honestly, The engineers always",euc_ctx,0.9,1,8,0.91253,0.23861,0.6691,0.66978,0.12259
73,"Honestly, The engineers always",euc_ctx,0.99,1,11,0.99276,0.49727,0.94672,0.93804,0.02779
73,"Honestly, The engineers always",cau_ctx,0.3,0,,,,,,
73,"Honestly, The engineers always",cau_ctx,0.5,0,,,,,,
73,"Honestly, The engineers always",cau_ctx,0.7,0,,,,,,
73,"Honestly, The engineers always",cau_ctx,0.9,0,,,,,,
73,"Honestly, The engineers always",cau_ctx,0.99,0,,,,,,
73,"Honestly, The engineers always",dua_ctx,0.3,1,94,0.3016,0.4276,2.28422,2.20988,0.0305
73,"Honestly, The engineers always",dua_ctx,0.5,1,142,0.50396,0.41287,4.01603,3.90272,0.03134
73,"Honestly, The engineers always",dua_ctx,0.7,1,191,0.70046,0.41438,5.36135,5.23216,0.09566
73,"Honestly, The engineers always",dua_ctx,0.9,1,258,0.90114,0.43541,7.1232,6.9864,0.0969
73,"Honestly, The engineers always",dua_ctx,0.99,1,345,0.99034,0.5109,8.53496,8.39485,0.1002
73,"Honestly, The engineers always",euc_unemb,0.3,1,1,0.41773,0.13112,0.62715,0.63371,0.14118
73,"Honestly, The engineers always",euc_unemb,0.5,1,2,0.99137,0.35025,1.15531,1.1518,0.1381
73,"Honestly, The engineers always",euc_unemb,0.7,1,2,0.99137,0.35025,1.15531,1.1518,0.1381
73,"Honestly, The engineers always",euc_unemb,0.9,1,2,0.99137,0.35025,1.15531,1.1518,0.1381
73,"Honestly, The engineers always",euc_unemb,0.99,1,2,0.99137,0.35025,1.15531,1.1518,0.1381
73,"Honestly, The engineers always",cau_unemb,0.3,1,24,0.33241,0.16977,0.39929,0.40521,0.14525
73,"Honestly, The engineers always",cau_unemb,0.5,1,28,0.52116,0.16875,0.44804,0.45377,0.1447
73,"Honestly, The engineers always",cau_unemb,0.7,1,32,0.70335,0.18799,0.46754,0.47269,0.1404
73,"Honestly, The engineers always",cau_unemb,0.9,1,39,0.90172,0.26993,0.49004,0.49312,0.12501
73,"Honestly, The engineers always",cau_unemb,0.99,1,52,0.99093,0.50231,0.79077,0.78566,0.07973
73,"Honestly, The engineers always",dua_unemb,0.3,1,2,0.42339,0.50284,0.15256,0.1556,0.01672
73,"Honestly, The engineers always",dua_unemb,0.5,1,3,0.62537,0.51712,0.314,0.31378,0.01314
73,"Honestly, The engineers always",dua_unemb,0.7,1,4,0.7443,0.52525,0.52224,0.5159,0.01627
73,"Honestly, The engineers always",dua_unemb,0.9,1,7,0.91106,0.53454,1.51426,1.47733,0.02864
73,"Honestly, The engineers always",dua_unemb,0.99,1,12,0.99021,0.55116,3.64976,3.55766,0.03074
73,"Honestly, The engineers always",euc_dmd,0.3,1,1,0.43191,0.1004,0.76849,0.77225,0.15589
73,"Honestly, The engineers always",euc_dmd,0.5,1,2,0.99042,0.25643,1.12243,1.11608,0.12713
73,"Honestly, The engineers always",euc_dmd,0.7,1,2,0.99042,0.25643,1.12243,1.11608,0.12713
73,"Honestly, The engineers always",euc_dmd,0.9,1,2,0.99042,0.25643,1.12243,1.11608,0.12713
73,"Honestly, The engineers always",euc_dmd,0.99,1,2,0.99042,0.25643,1.12243,1.11608,0.12713
73,"Honestly, The engineers always",cau_dmd,0.3,1,10,0.35208,0.12281,0.63953,0.64333,0.15216
73,"Honestly, The engineers always",cau_dmd,0.5,1,12,0.57674,0.1178,0.74299,0.74581,0.15178
73,"Honestly, The engineers always",cau_dmd,0.7,1,14,0.77021,0.13261,0.80867,0.81001,0.14687
73,"Honestly, The engineers always",cau_dmd,0.9,1,17,0.92572,0.18578,0.9084,0.90654,0.13277
73,"Honestly, The engineers always",cau_dmd,0.99,1,22,0.99022,0.31505,1.26094,1.25084,0.11356
73,"Honestly, The engineers always",dua_dmd,0.3,1,2,0.5307,0.52046,0.18188,0.1842,0.01706
73,"Honestly, The engineers always",dua_dmd,0.5,1,2,0.5307,0.52046,0.18188,0.1842,0.01706
73,"Honestly, The engineers always",dua_dmd,0.7,1,3,0.75815,0.53,0.39989,0.39897,0.08227
73,"Honestly, The engineers always",dua_dmd,0.9,1,5,0.92037,0.5344,0.98652,0.97499,0.08341
73,"Honestly, The engineers always",dua_dmd,0.99,1,9,0.99594,0.54931,2.78669,2.74221,0.08444
124,"At work, Many people also",euc_ctx,0.3,1,6,0.44923,0.10485,0.76848,0.77418,0.09921
124,"At work, Many people also",euc_ctx,0.5,1,7,0.67241,0.11447,0.86071,0.86578,0.09758
124,"At work, Many people also",euc_ctx,0.7,1,8,0.83533,0.14498,0.9153,0.91934,0.09107
124,"At work, Many people also",euc_ctx,0.9,1,9,0.92471,0.19709,0.9707,0.97325,0.08143
124,"At work, Many people also",euc_ctx,0.99,1,12,0.99348,0.44452,1.40297,1.39748,0.0172
124,"At work, Many people also",cau_ctx,0.3,0,,,,,,
124,"At work, Many people also",cau_ctx,0.5,0,,,,,,
124,"At work, Many people also",cau_ctx,0.7,0,,,,,,
124,"At work, Many people also",cau_ctx,0.9,0,,,,,,
124,"At work, Many people also",cau_ctx,0.99,0,,,,,,
124,"At work, Many people also",dua_ctx,0.3,1,91,0.3039,0.37026,2.31269,2.25974,0.05344
124,"At work, Many people also",dua_ctx,0.5,1,128,0.50349,0.34246,4.37687,4.28559,0.07552
124,"At work, Many people also",dua_ctx,0.7,1,167,0.70199,0.33346,6.2426,6.12892,0.08246
124,"At work, Many people also",dua_ctx,0.9,1,249,0.90029,0.38842,8.50662,8.37632,0.08021
124,"At work, Many people also",dua_ctx,0.99,1,375,0.99023,0.50023,11.27246,11.13403,0.06714
124,"At work, Many people also",euc_unemb,0.3,1,2,0.98255,0.21625,1.24847,1.24739,0.09902
124,"At work, Many people also",euc_unemb,0.5,1,2,0.98255,0.21625,1.24847,1.24739,0.09902
124,"At work, Many people also",euc_unemb,0.7,1,2,0.98255,0.21625,1.24847,1.24739,0.09902
124,"At work, Many people also",euc_unemb,0.9,1,2,0.98255,0.21625,1.24847,1.24739,0.09902
124,"At work, Many people also",euc_unemb,0.99,1,3,0.99989,0.45356,2.95482,2.9303,0.09522
124,"At work, Many people also",cau_unemb,0.3,1,29,0.33515,0.12759,0.46796,0.47398,0.09405
124,"At work, Many people also",cau_unemb,0.5,1,33,0.51012,0.12914,0.5235,0.52935,0.09402
124,"At work, Many people also",cau_unemb,0.7,1,38,0.71989,0.15128,0.56815,0.57338,0.09452
124,"At work, Many people also",cau_unemb,0.9,1,45,0.9004,0.22355,0.63621,0.63961,0.08006
124,"At work, Many people also",cau_unemb,0.99,1,59,0.99089,0.45685,1.07065,1.066,0.06098
124,"At work, Many people also",dua_unemb,0.3,1,2,0.49027,0.45376,0.17979,0.18267,0.02121
124,"At work, Many people also",dua_unemb,0.5,1,3,0.71727,0.47682,0.3643,0.3643,0.02284
124,"At work, Many people also",dua_unemb,0.7,1,3,0.71727,0.47682,0.3643,0.3643,0.02284
124,"At work, Many people also",dua_unemb,0.9,1,5,0.90439,0.50341,0.92553,0.91365,0.02814
124,"At work, Many people also",dua_unemb,0.99,1,9,0.9942,0.5303,3.16514,3.11588,0.064
124,"At work, Many people also",euc_dmd,0.3,1,2,0.97515,0.13249,1.35201,1.34889,0.09855
124,"At work, Many people also",euc_dmd,0.5,1,2,0.97515,0.13249,1.35201,1.34889,0.09855
124,"At work, Many people also",euc_dmd,0.7,1,2,0.97515,0.13249,1.35201,1.34889,0.09855
124,"At work, Many people also",euc_dmd,0.9,1,2,0.97515,0.13249,1.35201,1.34889,0.09855
124,"At work, Many people also",euc_dmd,0.99,1,3,0.99976,0.39996,2.33568,2.31596,0.09051
124,"At work, Many people also",cau_dmd,0.3,1,12,0.30663,0.09916,0.7056,0.71008,0.09503
124,"At work, Many people also",cau_dmd,0.5,1,14,0.50081,0.09487,0.82287,0.82667,0.09697
124,"At work, Many people also",cau_dmd,0.7,1,17,0.77039,0.11298,0.9634,0.96545,0.08581
124,"At work, Many people also",cau_dmd,0.9,1,20,0.91641,0.15844,1.12366,1.12295,0.08351
124,"At work, Many people also",cau_dmd,0.99,1,26,0.99101,0.28696,1.71857,1.70857,0.05904
124,"At work, Many people also",dua_dmd,0.3,1,2,0.62008,0.49095,0.23635,0.23837,0.01523
124,"At work, Many people also",dua_dmd,0.5,1,2,0.62008,0.49095,0.23635,0.23837,0.01523
124,"At work, Many people also",dua_dmd,0.7,1,3,0.86057,0.51002,0.52462,0.52492,0.05511
124,"At work, Many people also",dua_dmd,0.9,1,4,0.93987,0.51775,0.87267,0.87032,0.0581
124,"At work, Many people also",dua_dmd,0.99,1,7,0.9907,0.53605,2.50445,2.48889,0.05717
99,"Over time, People often",euc_ctx,0.3,1,5,0.34534,0.17874,0.59136,0.60194,0.07146
99,"Over time, People often",euc_ctx,0.5,1,6,0.57047,0.18019,0.77183,0.78245,0.07364
99,"Over time, People often",euc_ctx,0.7,1,7,0.76687,0.2078,0.94068,0.9506,0.06484
99,"Over time, People often",euc_ctx,0.9,1,9,0.94995,0.32362,1.34885,1.35511,0.06574
99,"Over time, People often",euc_ctx,0.99,1,11,0.99005,0.45745,1.96461,1.96444,0.05357
99,"Over time, People often",cau_ctx,0.3,0,,,,,,
99,"Over time, People often",cau_ctx,0.5,0,,,,,,
99,"Over time, People often",cau_ctx,0.7,0,,,,,,
99,"Over time, People often",cau_ctx,0.9,0,,,,,,
99,"Over time, People often",cau_ctx,0.99,0,,,,,,
99,"Over time, People often",dua_ctx,0.3,1,125,0.30076,0.36872,4.58064,4.50364,0.06155
99,"Over time, People often",dua_ctx,0.5,1,170,0.5008,0.34499,7.65971,7.55219,0.06248
99,"Over time, People often",dua_ctx,0.7,1,217,0.70081,0.34678,9.84696,9.72502,0.07007
99,"Over time, People often",dua_ctx,0.9,1,311,0.90065,0.39588,12.79,12.65738,0.0823
99,"Over time, People often",dua_ctx,0.99,1,432,0.99013,0.48399,14.21793,14.0805,0.07506
99,"Over time, People often",euc_unemb,0.3,1,1,0.38618,0.13774,0.54614,0.55545,0.07215
99,"Over time, People often",euc_unemb,0.5,1,2,0.98947,0.30086,1.64284,1.64211,0.06412
99,"Over time, People often",euc_unemb,0.7,1,2,0.98947,0.30086,1.64284,1.64211,0.06412
99,"Over time, People often",euc_unemb,0.9,1,2,0.98947,0.30086,1.64284,1.64211,0.06412
99,"Over time, People often",euc_unemb,0.99,1,3,0.99993,0.38983,3.99814,3.97085,0.07154
99,"Over time, People often",cau_unemb,0.3,1,25,0.31527,0.17702,0.36022,0.36897,0.06708
99,"Over time, People often",cau_unemb,0.5,1,30,0.53743,0.17964,0.46529,0.4742,0.06922
99,"Over time, People often",cau_unemb,0.7,1,34,0.70863,0.20064,0.54972,0.55821,0.06797
99,"Over time, People often",cau_unemb,0.9,1,42,0.91373,0.28683,0.78061,0.78657,0.06347
99,"Over time, People often",cau_unemb,0.99,1,55,0.99124,0.44928,1.50059,1.49765,0.06346
99,"Over time, People often",dua_unemb,0.3,1,2,0.4397,0.41798,0.17434,0.17837,0.01099
99,"Over time, People often",dua_unemb,0.5,1,3,0.6769,0.43965,0.35607,0.35783,0.01679
99,"Over time, People often",dua_unemb,0.7,1,4,0.82033,0.45697,0.59375,0.5913,0.02238
99,"Over time, People often",dua_unemb,0.9,1,5,0.90249,0.46957,0.91038,0.90213,0.03781
99,"Over time, People often",dua_unemb,0.99,1,8,0.99252,0.48901,2.53984,2.50708,0.04585
99,"Over time, People often",euc_dmd,0.3,1,1,0.37939,0.12467,0.64051,0.64935,0.07883
99,"Over time, People often",euc_dmd,0.5,1,2,0.98663,0.26786,1.63094,1.63166,0.06897
99,"Over time, People often",euc_dmd,0.7,1,2,0.98663,0.26786,1.63094,1.63166,0.06897
99,"Over time, People often",euc_dmd,0.9,1,2,0.98663,0.26786,1.63094,1.63166,0.06897
99,"Over time, People often",euc_dmd,0.99,1,3,0.99986,0.43941,3.51684,3.49644,0.06771
99,"Over time, People often",cau_dmd,0.3,1,11,0.3601,0.15159,0.56138,0.57016,0.07755
99,"Over time, People often",cau_dmd,0.5,1,13,0.56817,0.15399,0.70341,0.71203,0.0783
99,"Over time, People often",cau_dmd,0.7,1,15,0.75246,0.17625,0.84657,0.85442,0.07696
99,"Over time, People often",cau_dmd,0.9,1,18,0.91251,0.24158,1.10828,1.11373,0.07275
99,"Over time, People often",cau_dmd,0.99,1,24,0.99123,0.40239,1.96348,1.95962,0.07293
99,"Over time, People often",dua_dmd,0.3,1,2,0.4773,0.42591,0.18842,0.19253,0.01739
99,"Over time, People often",dua_dmd,0.5,1,3,0.71271,0.43935,0.41449,0.41779,0.05217
99,"Over time, People often",dua_dmd,0.7,1,3,0.71271,0.43935,0.41449,0.41779,0.05217
99,"Over time, People often",dua_dmd,0.9,1,5,0.90446,0.45056,0.99577,0.99432,0.06052
99,"Over time, People often",dua_dmd,0.99,1,8,0.99143,0.46394,2.71592,2.70371,0.06395
260,"Today, Many people also",euc_ctx,0.3,1,6,0.3821,0.13023,0.91633,0.92423,0.13963
260,"Today, Many people also",euc_ctx,0.5,1,7,0.61929,0.13331,1.05345,1.06063,0.14035
260,"Today, Many people also",euc_ctx,0.7,1,8,0.80779,0.16164,1.12742,1.13339,0.13155
260,"Today, Many people also",euc_ctx,0.9,1,9,0.91402,0.21431,1.18252,1.18673,0.10441
260,"Today, Many people also",euc_ctx,0.99,1,12,0.99329,0.45899,1.58792,1.583,0.09799
260,"Today, Many people also",cau_ctx,0.3,0,,,,,,
260,"Today, Many people also",cau_ctx,0.5,0,,,,,,
260,"Today, Many people also",cau_ctx,0.7,0,,,,,,
260,"Today, Many people also",cau_ctx,0.9,0,,,,,,
260,"Today, Many people also",cau_ctx,0.99,0,,,,,,
260,"Today, Many people also",dua_ctx,0.3,1,120,0.30128,0.45122,3.94902,3.8622,0.02248
260,"Today, Many people also",dua_ctx,0.5,1,169,0.50123,0.43409,6.67227,6.55663,0.026
260,"Today, Many people also",dua_ctx,0.7,1,217,0.70077,0.43345,8.19366,8.06621,0.03098
260,"Today, Many people also",dua_ctx,0.9,1,274,0.90269,0.44281,9.5268,9.39284,0.09485
260,"Today, Many people also",dua_ctx,0.99,1,392,0.9903,0.53364,11.38873,11.24938,0.08846
260,"Today, Many people also",euc_unemb,0.3,1,2,0.9725,0.2479,1.24422,1.24388,0.05718
260,"Today, Many people also",euc_unemb,0.5,1,2,0.9725,0.2479,1.24422,1.24388,0.05718
260,"Today, Many people also",euc_unemb,0.7,1,2,0.9725,0.2479,1.24422,1.24388,0.05718
260,"Today, Many people also",euc_unemb,0.9,1,2,0.9725,0.2479,1.24422,1.24388,0.05718
260,"Today, Many people also",euc_unemb,0.99,1,3,0.99983,0.44484,2.82785,2.80156,0.04953
260,"Today, Many people also",cau_unemb,0.3,1,30,0.32396,0.16106,0.54739,0.55533,0.10376
260,"Today, Many people also",cau_unemb,0.5,1,34,0.50696,0.16187,0.60877,0.61649,0.10318
260,"Today, Many people also",cau_unemb,0.7,1,39,0.7268,0.1889,0.64561,0.65251,0.09237
260,"Today, Many people also",cau_unemb,0.9,1,46,0.90898,0.27606,0.68877,0.6933,0.04107
260,"Today, Many people also",cau_unemb,0.99,1,59,0.99124,0.50669,1.04223,1.03797,0.03278
260,"Today, Many people also",dua_unemb,0.3,1,2,0.31933,0.50364,0.12647,0.12933,0.00523
260,"Today, Many people also",dua_unemb,0.5,1,3,0.52,0.51512,0.27554,0.27501,0.00687
260,"Today, Many people also",dua_unemb,0.7,1,5,0.70645,0.5284,0.6758,0.66185,0.00988
260,"Today, Many people also",dua_unemb,0.9,1,11,0.91044,0.53978,3.10708,3.02997,0.03404
260,"Today, Many people also",dua_unemb,0.99,1,18,0.99404,0.56242,6.32669,6.20691,0.0432
260,"Today, Many people also",euc_dmd,0.3,1,2,0.97355,0.15305,1.4621,1.46144,0.13177
260,"Today, Many people also",euc_dmd,0.5,1,2,0.97355,0.15305,1.4621,1.46144,0.13177
260,"Today, Many people also",euc_dmd,0.7,1,2,0.97355,0.15305,1.4621,1.46144,0.13177
260,"Today, Many people also",euc_dmd,0.9,1,2,0.97355,0.15305,1.4621,1.46144,0.13177
260,"Today, Many people also",euc_dmd,0.99,1,3,0.99978,0.41595,2.37068,2.35178,0.04806
260,"Today, Many people also",cau_dmd,0.3,1,12,0.31886,0.10893,0.8785,0.88607,0.14297
260,"Today, Many people also",cau_dmd,0.5,1,14,0.5379,0.10393,1.01972,1.02668,0.14186
260,"Today, Many people also",cau_dmd,0.7,1,16,0.74,0.1165,1.11483,1.12069,0.13505
260,"Today, Many people also",cau_dmd,0.9,1,19,0.91336,0.16502,1.23764,1.24086,0.11929
260,"Today, Many people also",cau_dmd,0.99,1,25,0.99236,0.31375,1.73634,1.73009,0.10111
260,"Today, Many people also",dua_dmd,0.3,1,2,0.44081,0.52675,0.1703,0.17289,0.00739
260,"Today, Many people also",dua_dmd,0.5,1,3,0.72069,0.5372,0.41846,0.41884,0.07401
260,"Today, Many people also",dua_dmd,0.7,1,3,0.72069,0.5372,0.41846,0.41884,0.07401
260,"Today, Many people also",dua_dmd,0.9,1,5,0.91417,0.54399,1.06505,1.05546,0.08656
260,"Today, Many people also",dua_dmd,0.99,1,9,0.99111,0.5542,3.30775,3.2681,0.08467
297,People rarely,euc_ctx,0.3,1,6,0.42749,0.22121,0.80289,0.81456,0.10759
297,People rarely,euc_ctx,0.5,1,7,0.663,0.23751,0.94596,0.95683,0.10433
297,People rarely,euc_ctx,0.7,1,8,0.83522,0.28774,1.05933,1.0685,0.09488
297,People rarely,euc_ctx,0.9,1,9,0.92717,0.36183,1.1916,1.19816,0.05781
297,People rarely,euc_ctx,0.99,1,12,0.99418,0.57975,1.92521,1.9192,0.07789
297,People rarely,cau_ctx,0.3,0,,,,,,
297,People rarely,cau_ctx,0.5,0,,,,,,
297,People rarely,cau_ctx,0.7,0,,,,,,
297,People rarely,cau_ctx,0.9,0,,,,,,
297,People rarely,cau_ctx,0.99,0,,,,,,
297,People rarely,dua_ctx,0.3,1,114,0.30364,0.49414,3.90513,3.81759,0.02312
297,People rarely,dua_ctx,0.5,1,161,0.50099,0.47169,6.43488,6.3158,0.03395
297,People rarely,dua_ctx,0.7,1,212,0.70145,0.45747,8.2527,8.12171,0.04451
297,People rarely,dua_ctx,0.9,1,296,0.90039,0.46651,10.6344,10.49663,0.05622
297,People rarely,dua_ctx,0.99,1,404,0.99034,0.53825,12.35201,12.21106,0.05735
297,People rarely,euc_unemb,0.3,1,2,0.98631,0.38912,1.61674,1.61964,0.10607
297,People rarely,euc_unemb,0.5,1,2,0.98631,0.38912,1.61674,1.61964,0.10607
297,People rarely,euc_unemb,0.7,1,2,0.98631,0.38912,1.61674,1.61964,0.10607
297,People rarely,euc_unemb,0.9,1,2,0.98631,0.38912,1.61674,1.61964,0.10607
297,People rarely,euc_unemb,0.99,1,3,0.99994,0.47211,3.88136,3.85357,0.11034
297,People rarely,cau_unemb,0.3,1,28,0.31186,0.23081,0.4935,0.50471,0.09883
297,People rarely,cau_unemb,0.5,1,32,0.50057,0.23079,0.58204,0.5932,0.09972
297,People rarely,cau_unemb,0.7,1,37,0.72908,0.26287,0.68268,0.69287,0.09543
297,People rarely,cau_unemb,0.9,1,44,0.91393,0.35527,0.87262,0.87959,0.08618
297,People rarely,cau_unemb,0.99,1,56,0.99083,0.51537,1.48833,1.48513,0.08578
297,People rarely,dua_unemb,0.3,1,2,0.39216,0.54479,0.16372,0.16656,0.00601
297,People rarely,dua_unemb,0.5,1,3,0.64113,0.56014,0.34548,0.34543,0.02978
297,People rarely,dua_unemb,0.7,1,4,0.78816,0.57355,0.58636,0.58096,0.02602
297,People rarely,dua_unemb,0.9,1,6,0.92085,0.58712,1.34227,1.32013,0.04989
297,People rarely,dua_unemb,0.99,1,9,0.99329,0.59965,3.55223,3.49273,0.05572
297,People rarely,euc_dmd,0.3,1,2,0.98373,0.33666,1.62519,1.62877,0.10877
297,People rarely,euc_dmd,0.5,1,2,0.98373,0.33666,1.62519,1.62877,0.10877
297,People rarely,euc_dmd,0.7,1,2,0.98373,0.33666,1.62519,1.62877,0.10877
297,People rarely,euc_dmd,0.9,1,2,0.98373,0.33666,1.62519,1.62877,0.10877
297,People rarely,euc_dmd,0.99,1,3,0.99988,0.54645,3.38553,3.36405,0.11369
297,People rarely,cau_dmd,0.3,1,12,0.34915,0.19086,0.76401,0.77475,0.10523
297,People rarely,cau_dmd,0.5,1,14,0.57279,0.1916,0.92158,0.93166,0.10186
297,People rarely,cau_dmd,0.7,1,16,0.76749,0.21703,1.08093,1.08949,0.09598
297,People rarely,cau_dmd,0.9,1,19,0.92537,0.28533,1.38749,1.39202,0.08881
297,People rarely,cau_dmd,0.99,1,24,0.99054,0.39053,2.17535,2.16912,0.08813
297,People rarely,dua_dmd,0.3,1,2,0.50078,0.56521,0.20545,0.2081,0.02466
297,People rarely,dua_dmd,0.5,1,2,0.50078,0.56521,0.20545,0.2081,0.02466
297,People rarely,dua_dmd,0.7,1,3,0.79252,0.5695,0.52639,0.52779,0.04416
297,People rarely,dua_dmd,0.9,1,4,0.9072,0.57221,0.89554,0.89416,0.04698
297,People rarely,dua_dmd,0.99,1,7,0.99119,0.58461,2.81515,2.801,0.05069
185,"Honestly, Most doctors also",euc_ctx,0.3,1,6,0.46272,0.19291,0.91012,0.92044,0.13459
185,"Honestly, Most doctors also",euc_ctx,0.5,1,7,0.69798,0.21019,1.08053,1.08976,0.13554
185,"Honestly, Most doctors also",euc_ctx,0.7,1,8,0.85842,0.25944,1.22553,1.23285,0.11616
185,"Honestly, Most doctors also",euc_ctx,0.9,1,9,0.93937,0.3322,1.39283,1.39742,0.11775
185,"Honestly, Most doctors also",euc_ctx,0.99,1,12,0.99539,0.56172,2.23042,2.22243,0.08248
185,"Honestly, Most doctors also",cau_ctx,0.3,0,,,,,,
185,"Honestly, Most doctors also",cau_ctx,0.5,0,,,,,,
185,"Honestly, Most doctors also",cau_ctx,0.7,0,,,,,,
185,"Honestly, Most doctors also",cau_ctx,0.9,0,,,,,,
185,"Honestly, Most doctors also",cau_ctx,0.99,0,,,,,,
185,"Honestly, Most doctors also",dua_ctx,0.3,1,127,0.30257,0.4644,4.18143,4.07537,0.04785
185,"Honestly, Most doctors also",dua_ctx,0.5,1,183,0.50337,0.44539,6.7529,6.62533,0.05828
185,"Honestly, Most doctors also",dua_ctx,0.7,1,233,0.70013,0.43121,8.91243,8.77814,0.06463
185,"Honestly, Most doctors also",dua_ctx,0.9,1,287,0.90056,0.43029,10.91065,10.77294,0.07249
185,"Honestly, Most doctors also",dua_ctx,0.99,1,359,0.99055,0.47971,12.45478,12.31448,0.07408
185,"Honestly, Most doctors also",euc_unemb,0.3,1,2,0.98422,0.34263,1.42871,1.42835,0.13749
185,"Honestly, Most doctors also",euc_unemb,0.5,1,2,0.98422,0.34263,1.42871,1.42835,0.13749
185,"Honestly, Most doctors also",euc_unemb,0.7,1,2,0.98422,0.34263,1.42871,1.42835,0.13749
185,"Honestly, Most doctors also",euc_unemb,0.9,1,2,0.98422,0.34263,1.42871,1.42835,0.13749
185,"Honestly, Most doctors also",euc_unemb,0.99,1,3,0.99992,0.44502,3.58387,3.553,0.1537
185,"Honestly, Most doctors also",cau_unemb,0.3,1,28,0.32669,0.20252,0.4859,0.49548,0.13072
185,"Honestly, Most doctors also",cau_unemb,0.5,1,32,0.51725,0.20541,0.56122,0.57061,0.12401
185,"Honestly, Most doctors also",cau_unemb,0.7,1,36,0.70208,0.23035,0.62074,0.62939,0.12643
185,"Honestly, Most doctors also",cau_unemb,0.9,1,43,0.90254,0.32232,0.74884,0.75467,0.1214
185,"Honestly, Most doctors also",cau_unemb,0.99,1,56,0.99121,0.53093,1.30716,1.30267,0.12184
185,"Honestly, Most doctors also",dua_unemb,0.3,1,2,0.31373,0.50328,0.1265,0.12938,0.01374
185,"Honestly, Most doctors also",dua_unemb,0.5,1,3,0.51529,0.5152,0.26819,0.26776,0.01565
185,"Honestly, Most doctors also",dua_unemb,0.7,1,5,0.71466,0.52788,0.65553,0.64113,0.01771
185,"Honestly, Most doctors also",dua_unemb,0.9,1,10,0.90173,0.52985,2.46272,2.39189,0.02436
185,"Honestly, Most doctors also",dua_unemb,0.99,1,15,0.99001,0.53916,4.83762,4.7247,0.06397
185,"Honestly, Most doctors also",euc_dmd,0.3,1,2,0.98416,0.2818,1.50405,1.50548,0.14528
185,"Honestly, Most doctors also",euc_dmd,0.5,1,2,0.98416,0.2818,1.50405,1.50548,0.14528
185,"Honestly, Most doctors also",euc_dmd,0.7,1,2,0.98416,0.2818,1.50405,1.50548,0.14528
185,"Honestly, Most doctors also",euc_dmd,0.9,1,2,0.98416,0.2818,1.50405,1.50548,0.14528
185,"Honestly, Most doctors also",euc_dmd,0.99,1,3,0.99988,0.51509,3.09185,3.06977,0.16104
185,"Honestly, Most doctors also",cau_dmd,0.3,1,11,0.302,0.15732,0.74916,0.75913,0.13423
185,"Honestly, Most doctors also",cau_dmd,0.5,1,13,0.52652,0.15107,0.90852,0.91802,0.14052
185,"Honestly, Most doctors also",cau_dmd,0.7,1,15,0.73658,0.16886,1.04067,1.04895,0.14013
185,"Honestly, Most doctors also",cau_dmd,0.9,1,18,0.91451,0.23217,1.25787,1.26292,0.13156
185,"Honestly, Most doctors also",cau_dmd,0.99,1,24,0.99271,0.38429,2.02978,2.02326,0.10575
185,"Honestly, Most doctors also",dua_dmd,0.3,1,2,0.44495,0.52634,0.17291,0.17586,0.01723
185,"Honestly, Most doctors also",dua_dmd,0.5,1,3,0.75233,0.54039,0.44855,0.44929,0.02757
185,"Honestly, Most doctors also",dua_dmd,0.7,1,3,0.75233,0.54039,0.44855,0.44929,0.02757
185,"Honestly, Most doctors also",dua_dmd,0.9,1,5,0.9548,0.55011,1.15569,1.14479,0.05351
185,"Honestly, Most doctors also",dua_dmd,0.99,1,7,0.99436,0.55621,2.1739,2.14737,0.06046
159,"Honestly, These kids always",euc_ctx,0.3,1,6,0.44644,0.20079,0.73536,0.74242,0.14233
159,"Honestly, These kids always",euc_ctx,0.5,1,7,0.66934,0.21333,0.81297,0.81889,0.14237
159,"Honestly, These kids always",euc_ctx,0.7,1,8,0.83293,0.25567,0.84756,0.85165,0.13702
159,"Honestly, These kids always",euc_ctx,0.9,1,9,0.92319,0.32103,0.88758,0.88913,0.11986
159,"Honestly, These kids always",euc_ctx,0.99,1,12,0.9932,0.53968,1.2945,1.28426,0.08161
159,"Honestly, These kids always",cau_ctx,0.3,0,,,,,,
159,"Honestly, These kids always",cau_ctx,0.5,0,,,,,,
159,"Honestly, These kids always",cau_ctx,0.7,0,,,,,,
159,"Honestly, These kids always",cau_ctx,0.9,0,,,,,,
159,"Honestly, These kids always",cau_ctx,0.99,0,,,,,,
159,"Honestly, These kids always",dua_ctx,0.3,1,112,0.3032,0.51016,2.82746,2.73352,0.08892
159,"Honestly, These kids always",dua_ctx,0.5,1,167,0.50218,0.48241,4.71072,4.5883,0.09332
159,"Honestly, These kids always",dua_ctx,0.7,1,229,0.70179,0.47127,6.22786,6.09493,0.11808
159,"Honestly, These kids always",dua_ctx,0.9,1,320,0.90121,0.48416,8.77774,8.63974,0.12243
159,"Honestly, These kids always",dua_ctx,0.99,1,405,0.99031,0.53413,10.73621,10.59618,0.11745
159,"Honestly, These kids always",euc_unemb,0.3,1,2,0.98046,0.36998,1.29081,1.29125,0.11943
159,"Honestly, These kids always",euc_unemb,0.5,1,2,0.98046,0.36998,1.29081,1.29125,0.11943
159,"Honestly, These kids always",euc_unemb,0.7,1,2,0.98046,0.36998,1.29081,1.29125,0.11943
159,"Honestly, These kids always",euc_unemb,0.9,1,2,0.98046,0.36998,1.29081,1.29125,0.11943
159,"Honestly, These kids always",euc_unemb,0.99,1,3,0.99985,0.57532,2.82286,2.79733,0.13196
159,"Honestly, These kids always",cau_unemb,0.3,1,27,0.30565,0.23483,0.47772,0.48652,0.13446
159,"Honestly, These kids always",cau_unemb,0.5,1,32,0.53078,0.23328,0.55793,0.56644,0.13685
159,"Honestly, These kids always",cau_unemb,0.7,1,36,0.70562,0.25695,0.59635,0.60405,0.12328
159,"Honestly, These kids always",cau_unemb,0.9,1,44,0.91402,0.35929,0.68776,0.69211,0.11984
159,"Honestly, These kids always",cau_unemb,0.99,1,57,0.99139,0.543,1.12086,1.11488,0.11434
159,"Honestly, These kids always",dua_unemb,0.3,1,2,0.34301,0.57578,0.12446,0.12742,0.02447
159,"Honestly, These kids always",dua_unemb,0.5,1,3,0.54102,0.58255,0.25085,0.2513,0.03026
159,"Honestly, These kids always",dua_unemb,0.7,1,5,0.77189,0.59119,0.62558,0.61397,0.03819
159,"Honestly, These kids always",dua_unemb,0.9,1,8,0.92588,0.59327,1.65033,1.60799,0.07233
159,"Honestly, These kids always",dua_unemb,0.99,1,12,0.99496,0.6032,3.91546,3.82776,0.08046
159,"Honestly, These kids always",euc_dmd,0.3,1,2,0.97825,0.26574,1.38755,1.38525,0.12887
159,"Honestly, These kids always",euc_dmd,0.5,1,2,0.97825,0.26574,1.38755,1.38525,0.12887
159,"Honestly, These kids always",euc_dmd,0.7,1,2,0.97825,0.26574,1.38755,1.38525,0.12887
159,"Honestly, These kids always",euc_dmd,0.9,1,2,0.97825,0.26574,1.38755,1.38525,0.12887
159,"Honestly, These kids always",euc_dmd,0.99,1,3,0.99974,0.52965,2.39707,2.37322,0.12241
159,"Honestly, These kids always",cau_dmd,0.3,1,12,0.39557,0.17232,0.79638,0.8033,0.14342
159,"Honestly, These kids always",cau_dmd,0.5,1,13,0.50436,0.16953,0.85548,0.86193,0.14193
159,"Honestly, These kids always",cau_dmd,0.7,1,15,0.70843,0.18202,0.9472,0.95225,0.13452
159,"Honestly, These kids always",cau_dmd,0.9,1,19,0.9294,0.26425,1.1372,1.13756,0.12322
159,"Honestly, These kids always",cau_dmd,0.99,1,24,0.99001,0.39867,1.5792,1.57019,0.11103
159,"Honestly, These kids always",dua_dmd,0.3,1,2,0.41568,0.58491,0.13809,0.13935,0.07678
159,"Honestly, These kids always",dua_dmd,0.5,1,3,0.64024,0.58479,0.30502,0.30243,0.09359
159,"Honestly, These kids always",dua_dmd,0.7,1,4,0.77592,0.58353,0.51295,0.50486,0.09878
159,"Honestly, These kids always",dua_dmd,0.9,1,6,0.91355,0.58082,1.07,1.0497,0.11173
159,"Honestly, These kids always",dua_dmd,0.99,1,9,0.99375,0.58391,2.49399,2.45172,0.11627
203,"Lately, Parents always",euc_ctx,0.3,1,5,0.40085,0.37622,0.4263,0.43648,0.14398
203,"Lately, Parents always",euc_ctx,0.5,1,6,0.62244,0.37729,0.52662,0.53623,0.1378
203,"Lately, Parents always",euc_ctx,0.7,1,7,0.80138,0.41416,0.59723,0.60527,0.17277
203,"Lately, Parents always",euc_ctx,0.9,1,8,0.90731,0.47387,0.66603,0.67162,0.16362
203,"Lately, Parents always",euc_ctx,0.99,1,11,0.99233,0.64944,1.05247,1.04686,0.15473
203,"Lately, Parents always",cau_ctx,0.3,0,,,,,,
203,"Lately, Parents always",cau_ctx,0.5,0,,,,,,
203,"Lately, Parents always",cau_ctx,0.7,0,,,,,,
203,"Lately, Parents always",cau_ctx,0.9,0,,,,,,
203,"Lately, Parents always",cau_ctx,0.99,0,,,,,,
203,"Lately, Parents always",dua_ctx,0.3,1,144,0.30103,0.60729,3.89865,3.79116,0.04306
203,"Lately, Parents always",dua_ctx,0.5,1,218,0.50268,0.58625,5.55552,5.42819,0.04959
203,"Lately, Parents always",dua_ctx,0.7,1,290,0.70266,0.56616,6.57264,6.43967,0.15908
203,"Lately, Parents always",dua_ctx,0.9,1,369,0.9011,0.55113,7.71487,7.57964,0.17254
203,"Lately, Parents always",dua_ctx,0.99,1,441,0.99022,0.57028,8.59061,8.45439,0.16573
203,"Lately, Parents always",euc_unemb,0.3,1,1,0.39252,0.36774,0.41873,0.42969,0.14917
203,"Lately, Parents always",euc_unemb,0.5,1,2,0.98332,0.54309,1.05709,1.05567,0.05219
203,"Lately, Parents always",euc_unemb,0.7,1,2,0.98332,0.54309,1.05709,1.05567,0.05219
203,"Lately, Parents always",euc_unemb,0.9,1,2,0.98332,0.54309,1.05709,1.05567,0.05219
203,"Lately, Parents always",euc_unemb,0.99,1,3,0.99981,0.581,2.44994,2.42232,0.06054
203,"Lately, Parents always",cau_unemb,0.3,1,23,0.30738,0.41297,0.252,0.26192,0.12536
203,"Lately, Parents always",cau_unemb,0.5,1,28,0.5208,0.41136,0.31686,0.32689,0.12947
203,"Lately, Parents always",cau_unemb,0.7,1,33,0.72614,0.44743,0.3647,0.37375,0.12909
203,"Lately, Parents always",cau_unemb,0.9,1,40,0.90173,0.538,0.45373,0.45956,0.16409
203,"Lately, Parents always",cau_unemb,0.99,1,54,0.99072,0.68733,0.86554,0.8602,0.16371
203,"Lately, Parents always",dua_unemb,0.3,1,3,0.42239,0.64616,0.25218,0.25286,0.00534
203,"Lately, Parents always",dua_unemb,0.5,1,4,0.51335,0.64744,0.40859,0.4039,0.00691
203,"Lately, Parents always",dua_unemb,0.7,1,8,0.70063,0.64216,1.42518,1.38446,0.0099
203,"Lately, Parents always",dua_unemb,0.9,1,16,0.9177,0.63298,4.07051,3.95929,0.01644
203,"Lately, Parents always",dua_unemb,0.99,1,21,0.99298,0.63545,5.22889,5.10387,0.01795
203,"Lately, Parents always",euc_dmd,0.3,1,1,0.4338,0.32186,0.5337,0.54358,0.1791
203,"Lately, Parents always",euc_dmd,0.5,1,2,0.98611,0.52061,1.03929,1.0372,0.16864
203,"Lately, Parents always",euc_dmd,0.7,1,2,0.98611,0.52061,1.03929,1.0372,0.16864
203,"Lately, Parents always",euc_dmd,0.9,1,2,0.98611,0.52061,1.03929,1.0372,0.16864
203,"Lately, Parents always",euc_dmd,0.99,1,3,0.99982,0.671,2.05795,2.03295,0.16095
203,"Lately, Parents always",cau_dmd,0.3,1,9,0.30679,0.35287,0.39148,0.40102,0.16684
203,"Lately, Parents always",cau_dmd,0.5,1,11,0.52169,0.33699,0.50681,0.51618,0.17126
203,"Lately, Parents always",cau_dmd,0.7,1,13,0.7268,0.35794,0.59986,0.60809,0.17966
203,"Lately, Parents always",cau_dmd,0.9,1,16,0.90839,0.43842,0.73915,0.744,0.17953
203,"Lately, Parents always",cau_dmd,0.99,1,22,0.99213,0.613,1.20754,1.20117,0.1982
203,"Lately, Parents always",dua_dmd,0.3,1,2,0.39491,0.65053,0.16634,0.16959,0.03527
203,"Lately, Parents always",dua_dmd,0.5,1,3,0.58143,0.64371,0.35005,0.35053,0.14583
203,"Lately, Parents always",dua_dmd,0.7,1,5,0.7643,0.63798,0.84016,0.83013,0.14816
203,"Lately, Parents always",dua_dmd,0.9,1,9,0.90248,0.63037,2.20955,2.16966,0.15272
203,"Lately, Parents always",dua_dmd,0.99,1,14,0.99085,0.63551,4.10237,4.01965,0.15506
7,"Lately, Many people sometimes",euc_ctx,0.3,1,7,0.51217,0.25844,0.88943,0.90289,0.06194
7,"Lately, Many people sometimes",euc_ctx,0.5,1,7,0.51217,0.25844,0.88943,0.90289,0.06194
7,"Lately, Many people sometimes",euc_ctx,0.7,1,8,0.72966,0.2855,1.05156,1.06364,0.0723
7,"Lately, Many people sometimes",euc_ctx,0.9,1,10,0.94372,0.41385,1.39578,1.40224,0.13754
7,"Lately, Many people sometimes",euc_ctx,0.99,1,13,0.99537,0.59938,2.25107,2.24378,0.14651
7,"Lately, Many people sometimes",cau_ctx,0.3,0,,,,,,
7,"Lately, Many people sometimes",cau_ctx,0.5,0,,,,,,
7,"Lately, Many people sometimes",cau_ctx,0.7,0,,,,,,
7,"Lately, Many people sometimes",cau_ctx,0.9,0,,,,,,
7,"Lately, Many people sometimes",cau_ctx,0.99,0,,,,,,
7,"Lately, Many people sometimes",dua_ctx,0.3,1,139,0.3021,0.49845,4.51396,4.40364,0.03107
7,"Lately, Many people sometimes",dua_ctx,0.5,1,205,0.50148,0.48165,6.85382,6.72302,0.03744
7,"Lately, Many people sometimes",dua_ctx,0.7,1,276,0.70284,0.4775,8.56059,8.42288,0.04923
7,"Lately, Many people sometimes",dua_ctx,0.9,1,353,0.9017,0.48029,11.43341,11.29272,0.13555
7,"Lately, Many people sometimes",dua_ctx,0.99,1,414,0.99018,0.50275,11.90494,11.7629,0.13655
7,"Lately, Many people sometimes",euc_unemb,0.3,1,2,0.96485,0.32099,1.26797,1.27299,0.10915
7,"Lately, Many people sometimes",euc_unemb,0.5,1,2,0.96485,0.32099,1.26797,1.27299,0.10915
7,"Lately, Many people sometimes",euc_unemb,0.7,1,2,0.96485,0.32099,1.26797,1.27299,0.10915
7,"Lately, Many people sometimes",euc_unemb,0.9,1,2,0.96485,0.32099,1.26797,1.27299,0.10915
7,"Lately, Many people sometimes",euc_unemb,0.99,1,3,0.99978,0.47948,2.95938,2.93722,0.06426
7,"Lately, Many people sometimes",cau_unemb,0.3,1,32,0.33818,0.24258,0.48776,0.50067,0.12732
7,"Lately, Many people sometimes",cau_unemb,0.5,1,36,0.52475,0.24821,0.56292,0.57576,0.12875
7,"Lately, Many people sometimes",cau_unemb,0.7,1,40,0.70425,0.27591,0.62932,0.64143,0.13377
7,"Lately, Many people sometimes",cau_unemb,0.9,1,47,0.90086,0.36678,0.78134,0.79046,0.13731
7,"Lately, Many people sometimes",cau_unemb,0.99,1,60,0.99071,0.53856,1.37237,1.37072,0.15155
7,"Lately, Many people sometimes",dua_unemb,0.3,1,3,0.45174,0.55124,0.24397,0.24511,0.01486
7,"Lately, Many people sometimes",dua_unemb,0.5,1,4,0.58008,0.55611,0.41302,0.40891,0.01808
7,"Lately, Many people sometimes",dua_unemb,0.7,1,6,0.71867,0.55979,0.87641,0.85603,0.01961
7,"Lately, Many people sometimes",dua_unemb,0.9,1,12,0.90061,0.56146,3.25333,3.164,0.02591
7,"Lately, Many people sometimes",dua_unemb,0.99,1,17,0.99336,0.56126,5.71251,5.586,0.03107
7,"Lately, Many people sometimes",euc_dmd,0.3,1,2,0.96562,0.31988,1.3372,1.34492,0.12172
7,"Lately, Many people sometimes",euc_dmd,0.5,1,2,0.96562,0.31988,1.3372,1.34492,0.12172
7,"Lately, Many people sometimes",euc_dmd,0.7,1,2,0.96562,0.31988,1.3372,1.34492,0.12172
7,"Lately, Many people sometimes",euc_dmd,0.9,1,2,0.96562,0.31988,1.3372,1.34492,0.12172
7,"Lately, Many people sometimes",euc_dmd,0.99,1,3,0.99972,0.54292,2.8354,2.8197,0.1257
7,"Lately, Many people sometimes",cau_dmd,0.3,1,13,0.33141,0.20835,0.71581,0.72983,0.13954
7,"Lately, Many people sometimes",cau_dmd,0.5,1,15,0.55222,0.21017,0.86193,0.87571,0.15482
7,"Lately, Many people sometimes",cau_dmd,0.7,1,17,0.75169,0.23835,1.002,1.01465,0.16222
7,"Lately, Many people sometimes",cau_dmd,0.9,1,20,0.91895,0.31442,1.26484,1.27399,0.16903
7,"Lately, Many people sometimes",cau_dmd,0.99,1,26,0.99313,0.4469,2.15147,2.14809,0.17464
7,"Lately, Many people sometimes",dua_dmd,0.3,1,2,0.35193,0.55908,0.1502,0.15351,0.01603
7,"Lately, Many people sometimes",dua_dmd,0.5,1,3,0.61421,0.56042,0.39281,0.39501,0.02402
7,"Lately, Many people sometimes",dua_dmd,0.7,1,4,0.74192,0.56037,0.65806,0.65694,0.04527
7,"Lately, Many people sometimes",dua_dmd,0.9,1,8,0.91971,0.56351,2.10811,2.08478,0.04953
7,"Lately, Many people sometimes",dua_dmd,0.99,1,13,0.99428,0.57371,4.81288,4.75133,0.05578
57,"At work, Students still",euc_ctx,0.3,1,6,0.43139,0.16395,0.61015,0.61903,0.09562
57,"At work, Students still",euc_ctx,0.5,1,7,0.63482,0.17119,0.72477,0.73341,0.09653
57,"At work, Students still",euc_ctx,0.7,1,8,0.79795,0.19926,0.82075,0.82864,0.09547
57,"At work, Students still",euc_ctx,0.9,1,10,0.95178,0.30569,1.05296,1.05772,0.08811
57,"At work, Students still",euc_ctx,0.99,1,13,0.99499,0.49327,1.70452,1.70062,0.03746
57,"At work, Students still",cau_ctx,0.3,0,,,,,,
57,"At work, Students still",cau_ctx,0.5,0,,,,,,
57,"At work, Students still",cau_ctx,0.7,0,,,,,,
57,"At work, Students still",cau_ctx,0.9,0,,,,,,
57,"At work, Students still",cau_ctx,0.99,0,,,,,,
57,"At work, Students still",dua_ctx,0.3,1,114,0.30094,0.40102,2.93079,2.86919,0.02343
57,"At work, Students still",dua_ctx,0.5,1,168,0.50219,0.37368,5.63729,5.53635,0.03364
57,"At work, Students still",dua_ctx,0.7,1,222,0.70215,0.36949,7.69036,7.57184,0.04417
57,"At work, Students still",dua_ctx,0.9,1,286,0.90185,0.3757,9.59726,9.46948,0.04845
57,"At work, Students still",dua_ctx,0.99,1,397,0.99012,0.45434,11.84784,11.71385,0.0572
57,"At work, Students still",euc_unemb,0.3,1,2,0.96579,0.26857,1.22015,1.22459,0.14313
57,"At work, Students still",euc_unemb,0.5,1,2,0.96579,0.26857,1.22015,1.22459,0.14313
57,"At work, Students still",euc_unemb,0.7,1,2,0.96579,0.26857,1.22015,1.22459,0.14313
57,"At work, Students still",euc_unemb,0.9,1,2,0.96579,0.26857,1.22015,1.22459,0.14313
57,"At work, Students still",euc_unemb,0.99,1,3,0.9996,0.47378,2.89214,2.87695,0.15113
57,"At work, Students still",cau_unemb,0.3,1,29,0.33425,0.17719,0.38511,0.39274,0.10652
57,"At work, Students still",cau_unemb,0.5,1,34,0.52786,0.17891,0.45835,0.46597,0.11021
57,"At work, Students still",cau_unemb,0.7,1,39,0.71291,0.20137,0.51841,0.5255,0.1119
57,"At work, Students still",cau_unemb,0.9,1,48,0.91202,0.28975,0.66312,0.66773,0.11068
57,"At work, Students still",cau_unemb,0.99,1,63,0.99095,0.47502,1.22885,1.22473,0.04693
57,"At work, Students still",dua_unemb,0.3,1,2,0.3872,0.44683,0.14251,0.14672,0.00628
57,"At work, Students still",dua_unemb,0.5,1,3,0.59674,0.46103,0.28557,0.28824,0.01451
57,"At work, Students still",dua_unemb,0.7,1,4,0.73205,0.47403,0.47006,0.46943,0.01564
57,"At work, Students still",dua_unemb,0.9,1,7,0.9036,0.49648,1.38792,1.37039,0.02819
57,"At work, Students still",dua_unemb,0.99,1,12,0.99341,0.5145,4.07392,4.01352,0.02699
57,"At work, Students still",euc_dmd,0.3,1,2,0.95747,0.19162,1.20483,1.20758,0.1325
57,"At work, Students still",euc_dmd,0.5,1,2,0.95747,0.19162,1.20483,1.20758,0.1325
57,"At work, Students still",euc_dmd,0.7,1,2,0.95747,0.19162,1.20483,1.20758,0.1325
57,"At work, Students still",euc_dmd,0.9,1,2,0.95747,0.19162,1.20483,1.20758,0.1325
57,"At work, Students still",euc_dmd,0.99,1,3,0.99928,0.41763,2.32432,2.31203,0.12648
57,"At work, Students still",cau_dmd,0.3,1,12,0.34061,0.14373,0.57632,0.58302,0.09718
57,"At work, Students still",cau_dmd,0.5,1,14,0.52237,0.14055,0.67676,0.68311,0.09843
57,"At work, Students still",cau_dmd,0.7,1,17,0.76776,0.16333,0.80816,0.81316,0.09631
57,"At work, Students still",cau_dmd,0.9,1,20,0.90719,0.21411,0.96896,0.97157,0.0968
57,"At work, Students still",cau_dmd,0.99,1,27,0.99125,0.36214,1.66212,1.65481,0.03865
57,"At work, Students still",dua_dmd,0.3,1,2,0.56486,0.48184,0.21735,0.21994,0.01499
57,"At work, Students still",dua_dmd,0.5,1,2,0.56486,0.48184,0.21735,0.21994,0.01499
57,"At work, Students still",dua_dmd,0.7,1,3,0.80648,0.49219,0.45814,0.4588,0.02649
57,"At work, Students still",dua_dmd,0.9,1,4,0.92238,0.4975,0.76404,0.76129,0.02887
57,"At work, Students still",dua_dmd,0.99,1,6,0.99153,0.50626,1.73016,1.71894,0.03638
238,"Lately, We really",euc_ctx,0.3,1,8,0.47333,0.12759,1.00153,1.00429,0.24568
238,"Lately, We really",euc_ctx,0.5,1,9,0.67178,0.14158,1.03768,1.03918,0.24372
238,"Lately, We really",euc_ctx,0.7,1,10,0.82189,0.17576,1.03725,1.03713,0.2341
238,"Lately, We really",euc_ctx,0.9,1,11,0.91151,0.23049,1.03511,1.03291,0.19315
238,"Lately, We really",euc_ctx,0.99,1,14,0.99084,0.47103,1.25521,1.24347,0.06906
238,"Lately, We really",cau_ctx,0.3,0,,,,,,
238,"Lately, We really",cau_ctx,0.5,0,,,,,,
238,"Lately, We really",cau_ctx,0.7,0,,,,,,
238,"Lately, We really",cau_ctx,0.9,0,,,,,,
238,"Lately, We really",cau_ctx,0.99,0,,,,,,
238,"Lately, We really",dua_ctx,0.3,1,113,0.3,0.47384,1.67923,1.57395,0.05959
238,"Lately, We really",dua_ctx,0.5,1,176,0.5023,0.457,3.09475,2.96324,0.18427
238,"Lately, We really",dua_ctx,0.7,1,247,0.70169,0.4537,5.10428,4.96545,0.19239
238,"Lately, We really",dua_ctx,0.9,1,345,0.90082,0.47989,7.89488,7.75251,0.19734
238,"Lately, We really",dua_ctx,0.99,1,438,0.99035,0.52319,8.88863,8.74469,0.1789
238,"Lately, We really",euc_unemb,0.3,1,2,0.82087,0.11604,1.33678,1.33585,0.23013
238,"Lately, We really",euc_unemb,0.5,1,2,0.82087,0.11604,1.33678,1.33585,0.23013
238,"Lately, We really",euc_unemb,0.7,1,2,0.82087,0.11604,1.33678,1.33585,0.23013
238,"Lately, We really",euc_unemb,0.9,1,3,0.99767,0.43148,1.90349,1.88675,0.21425
238,"Lately, We really",euc_unemb,0.99,1,3,0.99767,0.43148,1.90349,1.88675,0.21425
238,"Lately, We really",cau_unemb,0.3,1,39,0.31441,0.16694,0.68578,0.6901,0.23141
238,"Lately, We really",cau_unemb,0.5,1,44,0.50184,0.16712,0.75351,0.75686,0.21633
238,"Lately, We really",cau_unemb,0.7,1,50,0.7208,0.19233,0.80814,0.8097,0.21697
238,"Lately, We really",cau_unemb,0.9,1,58,0.90013,0.26587,0.89749,0.89536,0.20813
238,"Lately, We really",cau_unemb,0.99,1,74,0.99089,0.45076,1.38407,1.3697,0.14348
238,"Lately, We really",dua_unemb,0.3,1,5,0.3322,0.51509,0.26629,0.24835,0.00283
238,"Lately, We really",dua_unemb,0.5,1,10,0.51493,0.52102,0.85918,0.78824,0.10251
238,"Lately, We really",dua_unemb,0.7,1,21,0.70912,0.54143,2.44267,2.31154,0.12821
238,"Lately, We really",dua_unemb,0.9,1,36,0.90274,0.55277,6.25347,6.11049,0.17643
238,"Lately, We really",dua_unemb,0.99,1,52,0.99216,0.58231,7.89676,7.75244,0.20318
238,"Lately, We really",euc_dmd,0.3,1,2,0.7941,0.0697,1.62419,1.62215,0.24099
238,"Lately, We really",euc_dmd,0.5,1,2,0.7941,0.0697,1.62419,1.62215,0.24099
238,"Lately, We really",euc_dmd,0.7,1,2,0.7941,0.0697,1.62419,1.62215,0.24099
238,"Lately, We really",euc_dmd,0.9,1,3,0.99553,0.21582,2.02095,2.00571,0.23279
238,"Lately, We really",euc_dmd,0.99,1,3,0.99553,0.21582,2.02095,2.00571,0.23279
238,"Lately, We really",cau_dmd,0.3,1,16,0.3862,0.09207,1.29997,1.30326,0.21664
238,"Lately, We really",cau_dmd,0.5,1,18,0.57642,0.08652,1.47273,1.47414,0.21113
238,"Lately, We really",cau_dmd,0.7,1,20,0.74508,0.08878,1.64674,1.64567,0.21073
238,"Lately, We really",cau_dmd,0.9,1,23,0.90106,0.10033,1.95209,1.94612,0.20355
238,"Lately, We really",cau_dmd,0.99,1,30,0.99205,0.12321,2.95939,2.93733,0.18972
238,"Lately, We really",dua_dmd,0.3,1,4,0.38779,0.51283,0.22968,0.22144,0.00402
238,"Lately, We really",dua_dmd,0.5,1,6,0.50981,0.5128,0.44261,0.4175,0.00693
238,"Lately, We really",dua_dmd,0.7,1,14,0.71499,0.51669,1.85314,1.76568,0.05758
238,"Lately, We really",dua_dmd,0.9,1,27,0.9043,0.52591,5.55807,5.43072,0.18469
238,"Lately, We really",dua_dmd,0.99,1,45,0.9929,0.57467,7.5275,7.38793,0.21372
151,"Over time, Most doctors",euc_ctx,0.3,1,5,0.37128,0.05801,0.3842,0.38658,0.19601
151,"Over time, Most doctors",euc_ctx,0.5,1,6,0.59339,0.05754,0.45515,0.45719,0.2003
151,"Over time, Most doctors",euc_ctx,0.7,1,7,0.78167,0.06792,0.49777,0.49929,0.18943
151,"Over time, Most doctors",euc_ctx,0.9,1,9,0.95429,0.12554,0.56617,0.56592,0.13396
151,"Over time, Most doctors",euc_ctx,0.99,1,11,0.99133,0.23918,0.7291,0.72573,0.022
151,"Over time, Most doctors",cau_ctx,0.3,0,,,,,,
151,"Over time, Most doctors",cau_ctx,0.5,0,,,,,,
151,"Over time, Most doctors",cau_ctx,0.7,0,,,,,,
151,"Over time, Most doctors",cau_ctx,0.9,0,,,,,,
151,"Over time, Most doctors",cau_ctx,0.99,0,,,,,,
151,"Over time, Most doctors",dua_ctx,0.3,1,69,0.3037,0.24137,0.94738,0.9072,0.01494
151,"Over time, Most doctors",dua_ctx,0.5,1,105,0.50244,0.2485,1.87034,1.79675,0.01997
151,"Over time, Most doctors",dua_ctx,0.7,1,141,0.70117,0.26192,2.8119,2.71227,0.02975
151,"Over time, Most doctors",dua_ctx,0.9,1,180,0.90006,0.2789,3.91322,3.79517,0.03616
151,"Over time, Most doctors",dua_ctx,0.99,1,207,0.99133,0.29472,4.76909,4.64392,0.03724
151,"Over time, Most doctors",euc_unemb,0.3,1,1,0.35316,0.05859,0.47868,0.48367,0.20822
151,"Over time, Most doctors",euc_unemb,0.5,1,2,0.98168,0.1584,1.26744,1.26752,0.22781
151,"Over time, Most doctors",euc_unemb,0.7,1,2,0.98168,0.1584,1.26744,1.26752,0.22781
151,"Over time, Most doctors",euc_unemb,0.9,1,2,0.98168,0.1584,1.26744,1.26752,0.22781
151,"Over time, Most doctors",euc_unemb,0.99,1,3,0.99981,0.36841,3.17407,3.15525,0.24417
151,"Over time, Most doctors",cau_unemb,0.3,1,24,0.31421,0.06215,0.30371,0.30547,0.17164
151,"Over time, Most doctors",cau_unemb,0.5,1,29,0.52873,0.05921,0.36837,0.36972,0.17387
151,"Over time, Most doctors",cau_unemb,0.7,1,34,0.73231,0.06707,0.40795,0.40866,0.17658
151,"Over time, Most doctors",cau_unemb,0.9,1,41,0.90429,0.09792,0.44785,0.44723,0.16964
151,"Over time, Most doctors",cau_unemb,0.99,1,55,0.99089,0.23705,0.65945,0.65404,0.1503
151,"Over time, Most doctors",dua_unemb,0.3,1,2,0.34613,0.26983,0.09415,0.09615,0.00324
151,"Over time, Most doctors",dua_unemb,0.5,1,3,0.50168,0.28573,0.1908,0.18848,0.00391
151,"Over time, Most doctors",dua_unemb,0.7,1,6,0.70996,0.30667,0.59345,0.56874,0.00596
151,"Over time, Most doctors",dua_unemb,0.9,1,11,0.91443,0.32772,1.51529,1.4465,0.01097
151,"Over time, Most doctors",dua_unemb,0.99,1,15,0.99702,0.35108,2.21228,2.11848,0.01305
151,"Over time, Most doctors",euc_dmd,0.3,1,1,0.3947,0.04304,0.5141,0.51668,0.20989
151,"Over time, Most doctors",euc_dmd,0.5,1,2,0.98393,0.09885,1.0347,1.03183,0.20739
151,"Over time, Most doctors",euc_dmd,0.7,1,2,0.98393,0.09885,1.0347,1.03183,0.20739
151,"Over time, Most doctors",euc_dmd,0.9,1,2,0.98393,0.09885,1.0347,1.03183,0.20739
151,"Over time, Most doctors",euc_dmd,0.99,1,3,0.99978,0.2972,2.04077,2.02532,0.17649
151,"Over time, Most doctors",cau_dmd,0.3,1,9,0.3136,0.04842,0.40134,0.4028,0.20596
151,"Over time, Most doctors",cau_dmd,0.5,1,11,0.53834,0.04418,0.48629,0.48721,0.20858
151,"Over time, Most doctors",cau_dmd,0.7,1,13,0.74555,0.04912,0.5383,0.53847,0.20314
151,"Over time, Most doctors",cau_dmd,0.9,1,16,0.91848,0.07358,0.59493,0.59355,0.19641
151,"Over time, Most doctors",cau_dmd,0.99,1,22,0.99308,0.1914,0.84284,0.83627,0.02862
151,"Over time, Most doctors",dua_dmd,0.3,1,2,0.46553,0.28598,0.11402,0.11708,0.00398
151,"Over time, Most doctors",dua_dmd,0.5,1,3,0.68768,0.309,0.25103,0.25031,0.0068
151,"Over time, Most doctors",dua_dmd,0.7,1,4,0.79056,0.31877,0.39572,0.38874,0.00709
151,"Over time, Most doctors",dua_dmd,0.9,1,6,0.91501,0.33207,0.73798,0.71531,0.00899
151,"Over time, Most doctors",dua_dmd,0.99,1,9,0.99763,0.35553,1.39879,1.34933,0.01449
136,"Today, Parents sometimes",euc_ctx,0.3,1,6,0.34342,0.30447,0.63223,0.64743,0.03604
136,"Today, Parents sometimes",euc_ctx,0.5,1,7,0.57694,0.30732,0.81319,0.8279,0.05043
136,"Today, Parents sometimes",euc_ctx,0.7,1,8,0.77741,0.34418,0.98414,0.99717,0.04789
136,"Today, Parents sometimes",euc_ctx,0.9,1,10,0.95536,0.46842,1.41681,1.42334,0.05493
136,"Today, Parents sometimes",euc_ctx,0.99,1,12,0.99158,0.57242,2.04081,2.038,0.05323
136,"Today, Parents sometimes",cau_ctx,0.3,0,,,,,,
136,"Today, Parents sometimes",cau_ctx,0.5,0,,,,,,
136,"Today, Parents sometimes",cau_ctx,0.7,0,,,,,,
136,"Today, Parents sometimes",cau_ctx,0.9,0,,,,,,
136,"Today, Parents sometimes",cau_ctx,0.99,0,,,,,,
136,"Today, Parents sometimes",dua_ctx,0.3,1,137,0.30315,0.50111,4.86354,4.75972,0.03638
136,"Today, Parents sometimes",dua_ctx,0.5,1,200,0.50133,0.48017,7.25506,7.12912,0.04423
136,"Today, Parents sometimes",dua_ctx,0.7,1,274,0.70039,0.46674,9.0627,8.92821,0.06715
136,"Today, Parents sometimes",dua_ctx,0.9,1,361,0.90088,0.47762,11.71285,11.57442,0.07016
136,"Today, Parents sometimes",dua_ctx,0.99,1,406,0.99108,0.48624,12.10359,11.9641,0.07175
136,"Today, Parents sometimes",euc_unemb,0.3,1,2,0.97789,0.42123,1.30614,1.31076,0.06434
136,"Today, Parents sometimes",euc_unemb,0.5,1,2,0.97789,0.42123,1.30614,1.31076,0.06434
136,"Today, Parents sometimes",euc_unemb,0.7,1,2,0.97789,0.42123,1.30614,1.31076,0.06434
136,"Today, Parents sometimes",euc_unemb,0.9,1,2,0.97789,0.42123,1.30614,1.31076,0.06434
136,"Today, Parents sometimes",euc_unemb,0.99,1,3,0.99988,0.53918,3.27965,3.25501,0.07443
136,"Today, Parents sometimes",cau_unemb,0.3,1,30,0.3262,0.25762,0.43672,0.4499,0.03035
136,"Today, Parents sometimes",cau_unemb,0.5,1,34,0.51317,0.26169,0.51154,0.52477,0.03338
136,"Today, Parents sometimes",cau_unemb,0.7,1,39,0.73532,0.29856,0.59771,0.61003,0.043
136,"Today, Parents sometimes",cau_unemb,0.9,1,46,0.91457,0.39316,0.77328,0.78234,0.05612
136,"Today, Parents sometimes",cau_unemb,0.99,1,58,0.99061,0.54257,1.36038,1.35931,0.05867
136,"Today, Parents sometimes",dua_unemb,0.3,1,3,0.50854,0.55424,0.27929,0.28165,0.01261
136,"Today, Parents sometimes",dua_unemb,0.5,1,3,0.50854,0.55424,0.27929,0.28165,0.01261
136,"Today, Parents sometimes",dua_unemb,0.7,1,5,0.73117,0.56681,0.71876,0.71,0.01837
136,"Today, Parents sometimes",dua_unemb,0.9,1,10,0.90163,0.57004,3.01226,2.94896,0.02649
136,"Today, Parents sometimes",dua_unemb,0.99,1,17,0.99532,0.57077,7.17671,7.05014,0.0566
136,"Today, Parents sometimes",euc_dmd,0.3,1,2,0.97561,0.42715,1.26718,1.27509,0.06476
136,"Today, Parents sometimes",euc_dmd,0.5,1,2,0.97561,0.42715,1.26718,1.27509,0.06476
136,"Today, Parents sometimes",euc_dmd,0.7,1,2,0.97561,0.42715,1.26718,1.27509,0.06476
136,"Today, Parents sometimes",euc_dmd,0.9,1,2,0.97561,0.42715,1.26718,1.27509,0.06476
136,"Today, Parents sometimes",euc_dmd,0.99,1,3,0.9998,0.59784,3.0267,3.00907,0.06467
136,"Today, Parents sometimes",cau_dmd,0.3,1,13,0.38379,0.23777,0.6421,0.65683,0.03277
136,"Today, Parents sometimes",cau_dmd,0.5,1,15,0.6049,0.25095,0.76409,0.77857,0.04996
136,"Today, Parents sometimes",cau_dmd,0.7,1,16,0.70469,0.2682,0.82593,0.83991,0.12227
136,"Today, Parents sometimes",cau_dmd,0.9,1,20,0.93112,0.37867,1.17758,1.18693,0.17152
136,"Today, Parents sometimes",cau_dmd,0.99,1,25,0.99081,0.48534,1.95595,1.95461,0.17978
136,"Today, Parents sometimes",dua_dmd,0.3,1,2,0.38672,0.55775,0.17178,0.17644,0.01489
136,"Today, Parents sometimes",dua_dmd,0.5,1,3,0.6653,0.55884,0.46073,0.46474,0.03625
136,"Today, Parents sometimes",dua_dmd,0.7,1,4,0.78996,0.55967,0.78132,0.78272,0.04332
136,"Today, Parents sometimes",dua_dmd,0.9,1,7,0.91027,0.56732,2.1083,2.09671,0.04916
136,"Today, Parents sometimes",dua_dmd,0.99,1,13,0.99064,0.57824,5.74674,5.69045,0.05565
26,"At work, Many people still",euc_ctx,0.3,1,6,0.38828,0.24638,0.70219,0.71467,0.09474
26,"At work, Many people still",euc_ctx,0.5,1,7,0.61928,0.25366,0.84287,0.85485,0.09606
26,"At work, Many people still",euc_ctx,0.7,1,8,0.80484,0.29473,0.94982,0.96045,0.09986
26,"At work, Many people still",euc_ctx,0.9,1,9,0.9117,0.36145,1.06276,1.07118,0.10719
26,"At work, Many people still",euc_ctx,0.99,1,12,0.99325,0.5806,1.67893,1.67629,0.10685
26,"At work, Many people still",cau_ctx,0.3,0,,,,,,
26,"At work, Many people still",cau_ctx,0.5,0,,,,,,
26,"At work, Many people still",cau_ctx,0.7,0,,,,,,
26,"At work, Many people still",cau_ctx,0.9,0,,,,,,
26,"At work, Many people still",cau_ctx,0.99,0,,,,,,
26,"At work, Many people still",dua_ctx,0.3,1,126,0.30183,0.51566,4.1082,4.01915,0.07115
26,"At work, Many people still",dua_ctx,0.5,1,179,0.50056,0.48797,6.68687,6.56832,0.08608
26,"At work, Many people still",dua_ctx,0.7,1,235,0.70038,0.47086,8.25919,8.12936,0.09636
26,"At work, Many people still",dua_ctx,0.9,1,307,0.90195,0.46716,9.71692,9.58117,0.10393
26,"At work, Many people still",dua_ctx,0.99,1,406,0.99026,0.5232,11.36972,11.23055,0.10922
26,"At work, Many people still",euc_unemb,0.3,1,2,0.9768,0.42826,1.27939,1.28332,0.08718
26,"At work, Many people still",euc_unemb,0.5,1,2,0.9768,0.42826,1.27939,1.28332,0.08718
26,"At work, Many people still",euc_unemb,0.7,1,2,0.9768,0.42826,1.27939,1.28332,0.08718
26,"At work, Many people still",euc_unemb,0.9,1,2,0.9768,0.42826,1.27939,1.28332,0.08718
26,"At work, Many people still",euc_unemb,0.99,1,3,0.99985,0.62277,3.06118,3.03822,0.09478
26,"At work, Many people still",cau_unemb,0.3,1,30,0.32997,0.25946,0.46072,0.47159,0.07718
26,"At work, Many people still",cau_unemb,0.5,1,34,0.50731,0.26297,0.53287,0.54364,0.08845
26,"At work, Many people still",cau_unemb,0.7,1,39,0.72099,0.29871,0.60759,0.61743,0.09105
26,"At work, Many people still",cau_unemb,0.9,1,46,0.90319,0.39758,0.74387,0.75075,0.0823
26,"At work, Many people still",cau_unemb,0.99,1,59,0.99004,0.59617,1.27946,1.27613,0.08099
26,"At work, Many people still",dua_unemb,0.3,1,2,0.33358,0.56191,0.12975,0.13299,0.00716
26,"At work, Many people still",dua_unemb,0.5,1,3,0.53461,0.56652,0.27317,0.27439,0.01593
26,"At work, Many people still",dua_unemb,0.7,1,5,0.75708,0.57725,0.69116,0.68207,0.02775
26,"At work, Many people still",dua_unemb,0.9,1,9,0.91909,0.58689,2.19347,2.14928,0.03361
26,"At work, Many people still",dua_unemb,0.99,1,15,0.99359,0.59738,5.55591,5.45319,0.03437
26,"At work, Many people still",euc_dmd,0.3,1,2,0.97123,0.32256,1.32031,1.3256,0.09965
26,"At work, Many people still",euc_dmd,0.5,1,2,0.97123,0.32256,1.32031,1.3256,0.09965
26,"At work, Many people still",euc_dmd,0.7,1,2,0.97123,0.32256,1.32031,1.3256,0.09965
26,"At work, Many people still",euc_dmd,0.9,1,2,0.97123,0.32256,1.32031,1.3256,0.09965
26,"At work, Many people still",euc_dmd,0.99,1,3,0.99974,0.5852,2.65294,2.63679,0.10841
26,"At work, Many people still",cau_dmd,0.3,1,13,0.36805,0.21405,0.74123,0.75252,0.1136
26,"At work, Many people still",cau_dmd,0.5,1,15,0.57413,0.21608,0.86129,0.87205,0.1151
26,"At work, Many people still",cau_dmd,0.7,1,17,0.75527,0.2414,0.97185,0.98134,0.10625
26,"At work, Many people still",cau_dmd,0.9,1,20,0.91287,0.31017,1.18209,1.18823,0.09685
26,"At work, Many people still",cau_dmd,0.99,1,26,0.99123,0.44337,1.91172,1.90654,0.0985
26,"At work, Many people still",dua_dmd,0.3,1,2,0.46589,0.57845,0.19272,0.19506,0.03199
26,"At work, Many people still",dua_dmd,0.5,1,3,0.74607,0.57595,0.48867,0.48983,0.08069
26,"At work, Many people still",dua_dmd,0.7,1,3,0.74607,0.57595,0.48867,0.48983,0.08069
26,"At work, Many people still",dua_dmd,0.9,1,5,0.93244,0.57528,1.26648,1.26103,0.10623
26,"At work, Many people still",dua_dmd,0.99,1,8,0.99772,0.58479,3.19571,3.17474,0.10842
87,They rarely,euc_ctx,0.3,1,6,0.48375,0.18414,0.7196,0.72843,0.12525
87,They rarely,euc_ctx,0.5,1,7,0.69548,0.20229,0.8402,0.8483,0.12229
87,They rarely,euc_ctx,0.7,1,8,0.84513,0.24632,0.94449,0.95119,0.10685
87,They rarely,euc_ctx,0.9,1,9,0.92726,0.3102,1.06837,1.07296,0.09404
87,They rarely,euc_ctx,0.99,1,12,0.99291,0.51844,1.73729,1.73154,0.08134
87,They rarely,cau_ctx,0.3,0,,,,,,
87,They rarely,cau_ctx,0.5,0,,,,,,
87,They rarely,cau_ctx,0.7,0,,,,,,
87,They rarely,cau_ctx,0.9,0,,,,,,
87,They rarely,cau_ctx,0.99,0,,,,,,
87,They rarely,dua_ctx,0.3,1,104,0.30083,0.43173,2.92935,2.8607,0.06466
87,They rarely,dua_ctx,0.5,1,150,0.50125,0.4141,5.33412,5.22618,0.07065
87,They rarely,dua_ctx,0.7,1,205,0.70225,0.4183,7.48046,7.35419,0.08563
87,They rarely,dua_ctx,0.9,1,303,0.90078,0.4478,10.96583,10.82951,0.10489
87,They rarely,dua_ctx,0.99,1,396,0.99038,0.50629,13.23915,13.09986,0.11076
87,They rarely,euc_unemb,0.3,1,1,0.31345,0.16602,0.58985,0.60099,0.12646
87,They rarely,euc_unemb,0.5,1,2,0.98426,0.31911,1.57791,1.58084,0.11044
87,They rarely,euc_unemb,0.7,1,2,0.98426,0.31911,1.57791,1.58084,0.11044
87,They rarely,euc_unemb,0.9,1,2,0.98426,0.31911,1.57791,1.58084,0.11044
87,They rarely,euc_unemb,0.99,1,3,0.99988,0.41184,3.72147,3.69877,0.11254
87,They rarely,cau_unemb,0.3,1,26,0.30247,0.19974,0.41842,0.42734,0.12055
87,They rarely,cau_unemb,0.5,1,31,0.52122,0.19838,0.52589,0.5348,0.11982
87,They rarely,cau_unemb,0.7,1,36,0.73116,0.2247,0.62823,0.63634,0.10751
87,They rarely,cau_unemb,0.9,1,43,0.90661,0.29997,0.81501,0.82053,0.08986
87,They rarely,cau_unemb,0.99,1,56,0.99007,0.45295,1.45255,1.44875,0.08924
87,They rarely,dua_unemb,0.3,1,2,0.40442,0.48563,0.15453,0.15813,0.0106
87,They rarely,dua_unemb,0.5,1,3,0.65592,0.50777,0.32479,0.3263,0.06127
87,They rarely,dua_unemb,0.7,1,4,0.80755,0.52641,0.54776,0.54514,0.08301
87,They rarely,dua_unemb,0.9,1,6,0.94354,0.54924,1.24675,1.23045,0.06998
87,They rarely,dua_unemb,0.99,1,9,0.99786,0.5693,3.27464,3.22658,0.07435
87,They rarely,euc_dmd,0.3,1,1,0.31652,0.14123,0.70923,0.71825,0.12893
87,They rarely,euc_dmd,0.5,1,2,0.98123,0.26857,1.59953,1.60061,0.11616
87,They rarely,euc_dmd,0.7,1,2,0.98123,0.26857,1.59953,1.60061,0.11616
87,They rarely,euc_dmd,0.9,1,2,0.98123,0.26857,1.59953,1.60061,0.11616
87,They rarely,euc_dmd,0.99,1,3,0.99978,0.47922,3.19895,3.1792,0.11549
87,They rarely,cau_dmd,0.3,1,11,0.32147,0.1656,0.64065,0.64823,0.12495
87,They rarely,cau_dmd,0.5,1,13,0.52693,0.15966,0.79928,0.80624,0.11895
87,They rarely,cau_dmd,0.7,1,15,0.7208,0.17291,0.95976,0.96542,0.10906
87,They rarely,cau_dmd,0.9,1,19,0.92999,0.2385,1.36478,1.36562,0.10022
87,They rarely,cau_dmd,0.99,1,25,0.9929,0.33394,2.30566,2.2944,0.09812
87,They rarely,dua_dmd,0.3,1,2,0.48007,0.49879,0.17843,0.18169,0.0567
87,They rarely,dua_dmd,0.5,1,3,0.73826,0.51154,0.41223,0.41398,0.07793
87,They rarely,dua_dmd,0.7,1,3,0.73826,0.51154,0.41223,0.41398,0.07793
87,They rarely,dua_dmd,0.9,1,5,0.92,0.51784,1.02337,1.01876,0.09413
87,They rarely,dua_dmd,0.99,1,8,0.99407,0.53023,2.76145,2.74293,0.09815
31,Our customers always,euc_ctx,0.3,1,6,0.50016,0.3138,0.71009,0.7203,0.13887
31,Our customers always,euc_ctx,0.5,1,6,0.50016,0.3138,0.71009,0.7203,0.13887
31,Our customers always,euc_ctx,0.7,1,7,0.734,0.34211,0.80641,0.81498,0.13948
31,Our customers always,euc_ctx,0.9,1,9,0.95286,0.49547,0.95953,0.9617,0.03287
31,Our customers always,euc_ctx,0.99,1,11,0.99281,0.64979,1.28398,1.2765,0.02203
31,Our customers always,cau_ctx,0.3,0,,,,,,
31,Our customers always,cau_ctx,0.5,0,,,,,,
31,Our customers always,cau_ctx,0.7,0,,,,,,
31,Our customers always,cau_ctx,0.9,0,,,,,,
31,Our customers always,cau_ctx,0.99,0,,,,,,
31,Our customers always,dua_ctx,0.3,1,134,0.30249,0.58722,3.75493,3.64324,0.0208
31,Our customers always,dua_ctx,0.5,1,193,0.5023,0.55733,5.79088,5.65974,0.02335
31,Our customers always,dua_ctx,0.7,1,246,0.70218,0.53276,7.46387,7.32624,0.03251
31,Our customers always,dua_ctx,0.9,1,307,0.90023,0.52389,8.69156,8.55056,0.03846
31,Our customers always,dua_ctx,0.99,1,370,0.99016,0.5567,9.37157,9.22887,0.15711
31,Our customers always,euc_unemb,0.3,1,2,0.98283,0.47865,1.21592,1.21345,0.18399
31,Our customers always,euc_unemb,0.5,1,2,0.98283,0.47865,1.21592,1.21345,0.18399
31,Our customers always,euc_unemb,0.7,1,2,0.98283,0.47865,1.21592,1.21345,0.18399
31,Our customers always,euc_unemb,0.9,1,2,0.98283,0.47865,1.21592,1.21345,0.18399
31,Our customers always,euc_unemb,0.99,1,3,0.99991,0.5069,2.90991,2.87455,0.19207
31,Our customers always,cau_unemb,0.3,1,28,0.33678,0.3573,0.38987,0.40105,0.06178
31,Our customers always,cau_unemb,0.5,1,32,0.52611,0.36428,0.43633,0.44722,0.06157
31,Our customers always,cau_unemb,0.7,1,36,0.70755,0.39986,0.46501,0.47482,0.0535
31,Our customers always,cau_unemb,0.9,1,43,0.90366,0.50967,0.54011,0.54607,0.03335
31,Our customers always,cau_unemb,0.99,1,56,0.99122,0.68795,0.95401,0.94758,0.02371
31,Our customers always,dua_unemb,0.3,1,3,0.41507,0.64623,0.22783,0.2268,0.00703
31,Our customers always,dua_unemb,0.5,1,4,0.51812,0.64747,0.37306,0.36534,0.00801
31,Our customers always,dua_unemb,0.7,1,8,0.72546,0.64473,1.31639,1.26574,0.01377
31,Our customers always,dua_unemb,0.9,1,15,0.90092,0.63952,3.77788,3.65945,0.04643
31,Our customers always,dua_unemb,0.99,1,23,0.99249,0.65581,5.95784,5.82006,0.05392
31,Our customers always,euc_dmd,0.3,1,2,0.98542,0.42707,1.16412,1.16427,0.17523
31,Our customers always,euc_dmd,0.5,1,2,0.98542,0.42707,1.16412,1.16427,0.17523
31,Our customers always,euc_dmd,0.7,1,2,0.98542,0.42707,1.16412,1.16427,0.17523
31,Our customers always,euc_dmd,0.9,1,2,0.98542,0.42707,1.16412,1.16427,0.17523
31,Our customers always,euc_dmd,0.99,1,3,0.9999,0.59332,2.35307,2.32638,0.20294
31,Our customers always,cau_dmd,0.3,1,11,0.338,0.26609,0.66943,0.68159,0.19436
31,Our customers always,cau_dmd,0.5,1,13,0.57304,0.2628,0.78527,0.79691,0.19914
31,Our customers always,cau_dmd,0.7,1,15,0.77607,0.29637,0.85663,0.86678,0.22161
31,Our customers always,cau_dmd,0.9,1,18,0.93282,0.39202,0.97367,0.97978,0.20934
31,Our customers always,cau_dmd,0.99,1,23,0.99225,0.54605,1.40025,1.39563,0.19826
31,Our customers always,dua_dmd,0.3,1,2,0.36402,0.65291,0.13697,0.14064,0.00758
31,Our customers always,dua_dmd,0.5,1,3,0.59341,0.64586,0.32128,0.32234,0.01332
31,Our customers always,dua_dmd,0.7,1,4,0.73623,0.64028,0.5407,0.53646,0.0176
31,Our customers always,dua_dmd,0.9,1,7,0.92083,0.63485,1.49581,1.46604,0.13731
31,Our customers always,dua_dmd,0.99,1,11,0.99468,0.64123,3.49735,3.42786,0.14061
29,"Every day, We now",euc_ctx,0.3,1,7,0.49053,0.42417,0.55287,0.56867,0.01806
29,"Every day, We now",euc_ctx,0.5,1,8,0.70248,0.44861,0.63501,0.64967,0.03383
29,"Every day, We now",euc_ctx,0.7,1,8,0.70248,0.44861,0.63501,0.64967,0.03383
29,"Every day, We now",euc_ctx,0.9,1,10,0.93199,0.56699,0.79898,0.8082,0.04084
29,"Every day, We now",euc_ctx,0.99,1,13,0.99413,0.71308,1.24322,1.23935,0.05074
29,"Every day, We now",cau_ctx,0.3,0,,,,,,
29,"Every day, We now",cau_ctx,0.5,0,,,,,,
29,"Every day, We now",cau_ctx,0.7,0,,,,,,
29,"Every day, We now",cau_ctx,0.9,0,,,,,,
29,"Every day, We now",cau_ctx,0.99,0,,,,,,
29,"Every day, We now",dua_ctx,0.3,1,152,0.30152,0.658,4.29387,4.18274,0.01697
29,"Every day, We now",dua_ctx,0.5,1,230,0.5016,0.62908,6.16449,6.03552,0.02237
29,"Every day, We now",dua_ctx,0.7,1,306,0.70211,0.60473,7.33631,7.20203,0.03752
29,"Every day, We now",dua_ctx,0.9,1,381,0.90221,0.58311,8.31455,8.17801,0.03818
29,"Every day, We now",dua_ctx,0.99,1,419,0.99066,0.57954,8.74782,8.61062,0.04552
29,"Every day, We now",euc_unemb,0.3,1,2,0.93718,0.39064,1.27746,1.28868,0.02932
29,"Every day, We now",euc_unemb,0.5,1,2,0.93718,0.39064,1.27746,1.28868,0.02932
29,"Every day, We now",euc_unemb,0.7,1,2,0.93718,0.39064,1.27746,1.28868,0.02932
29,"Every day, We now",euc_unemb,0.9,1,2,0.93718,0.39064,1.27746,1.28868,0.02932
29,"Every day, We now",euc_unemb,0.99,1,3,0.99944,0.45749,2.77794,2.76321,0.37659
29,"Every day, We now",cau_unemb,0.3,1,32,0.3276,0.37905,0.44043,0.45489,0.03324
29,"Every day, We now",cau_unemb,0.5,1,37,0.54158,0.37756,0.50239,0.51662,0.04178
29,"Every day, We now",cau_unemb,0.7,1,41,0.70498,0.40144,0.5343,0.5476,0.04343
29,"Every day, We now",cau_unemb,0.9,1,49,0.9062,0.49248,0.617,0.62647,0.05099
29,"Every day, We now",cau_unemb,0.99,1,63,0.99073,0.6363,0.96747,0.9656,0.0478
29,"Every day, We now",dua_unemb,0.3,1,3,0.37751,0.69089,0.21179,0.21392,0.00509
29,"Every day, We now",dua_unemb,0.5,1,5,0.57376,0.6951,0.55054,0.54178,0.00671
29,"Every day, We now",dua_unemb,0.7,1,9,0.70299,0.69096,1.91672,1.86738,0.01488
29,"Every day, We now",dua_unemb,0.9,1,20,0.91242,0.66676,4.97307,4.84397,0.02508
29,"Every day, We now",dua_unemb,0.99,1,26,0.99167,0.66117,5.31078,5.17741,0.02652
29,"Every day, We now",euc_dmd,0.3,1,2,0.94129,0.41576,0.9669,0.97919,0.05053
29,"Every day, We now",euc_dmd,0.5,1,2,0.94129,0.41576,0.9669,0.97919,0.05053
29,"Every day, We now",euc_dmd,0.7,1,2,0.94129,0.41576,0.9669,0.97919,0.05053
29,"Every day, We now",euc_dmd,0.9,1,2,0.94129,0.41576,0.9669,0.97919,0.05053
29,"Every day, We now",euc_dmd,0.99,1,3,0.99924,0.55728,1.91584,1.90646,0.05694
29,"Every day, We now",cau_dmd,0.3,1,13,0.39793,0.3569,0.56579,0.58138,0.05167
29,"Every day, We now",cau_dmd,0.5,1,14,0.50618,0.36149,0.58595,0.60145,0.05551
29,"Every day, We now",cau_dmd,0.7,1,16,0.70856,0.39806,0.61693,0.63151,0.05691
29,"Every day, We now",cau_dmd,0.9,1,20,0.92837,0.53602,0.75655,0.76622,0.06229
29,"Every day, We now",cau_dmd,0.99,1,26,0.99297,0.69204,1.27346,1.27032,0.06185
29,"Every day, We now",dua_dmd,0.3,1,3,0.4927,0.68611,0.27702,0.28135,0.00955
29,"Every day, We now",dua_dmd,0.5,1,4,0.63689,0.67639,0.47022,0.47159,0.01839
29,"Every day, We now",dua_dmd,0.7,1,5,0.73182,0.66988,0.7024,0.69913,0.02028
29,"Every day, We now",dua_dmd,0.9,1,9,0.90837,0.65912,2.16422,2.12894,0.02258
29,"Every day, We now",dua_dmd,0.99,1,13,0.99651,0.66198,3.96811,3.89148,0.0243
280,"In this case, I generally",euc_ctx,0.3,1,7,0.46658,0.1344,1.22324,1.23328,0.15777
280,"In this case, I generally",euc_ctx,0.5,1,8,0.68734,0.14977,1.43295,1.44188,0.15483
280,"In this case, I generally",euc_ctx,0.7,1,9,0.84337,0.18863,1.61791,1.62509,0.15271
280,"In this case, I generally",euc_ctx,0.9,1,10,0.92777,0.2481,1.81641,1.82117,0.15446
280,"In this case, I generally",euc_ctx,0.99,1,13,0.99341,0.46738,2.72196,2.71523,0.1542
280,"In this case, I generally",cau_ctx,0.3,0,,,,,,
280,"In this case, I generally",cau_ctx,0.5,0,,,,,,
280,"In this case, I generally",cau_ctx,0.7,0,,,,,,
280,"In this case, I generally",cau_ctx,0.9,0,,,,,,
280,"In this case, I generally",cau_ctx,0.99,0,,,,,,
280,"In this case, I generally",dua_ctx,0.3,1,113,0.30198,0.38171,3.47664,3.38488,0.11031
280,"In this case, I generally",dua_ctx,0.5,1,160,0.50154,0.35852,5.57555,5.45292,0.13438
280,"In this case, I generally",dua_ctx,0.7,1,211,0.70278,0.34939,7.20181,7.06856,0.11487
280,"In this case, I generally",dua_ctx,0.9,1,268,0.9012,0.35388,10.18699,10.04917,0.14784
280,"In this case, I generally",dua_ctx,0.99,1,360,0.99024,0.42398,13.83732,13.69612,0.17307
280,"In this case, I generally",euc_unemb,0.3,1,2,0.95367,0.18702,1.50534,1.51061,0.13711
280,"In this case, I generally",euc_unemb,0.5,1,2,0.95367,0.18702,1.50534,1.51061,0.13711
280,"In this case, I generally",euc_unemb,0.7,1,2,0.95367,0.18702,1.50534,1.51061,0.13711
280,"In this case, I generally",euc_unemb,0.9,1,2,0.95367,0.18702,1.50534,1.51061,0.13711
280,"In this case, I generally",euc_unemb,0.99,1,3,0.99971,0.29671,3.63686,3.6152,0.14981
280,"In this case, I generally",cau_unemb,0.3,1,33,0.33281,0.14171,0.69438,0.70434,0.12578
280,"In this case, I generally",cau_unemb,0.5,1,37,0.51613,0.14125,0.8245,0.83401,0.13804
280,"In this case, I generally",cau_unemb,0.7,1,42,0.73273,0.16008,0.98299,0.99121,0.14155
280,"In this case, I generally",cau_unemb,0.9,1,49,0.91038,0.21741,1.23579,1.24074,0.14166
280,"In this case, I generally",cau_unemb,0.99,1,62,0.99111,0.34524,1.97025,1.96477,0.13975
280,"In this case, I generally",dua_unemb,0.3,1,2,0.35122,0.45368,0.14215,0.14487,0.00726
280,"In this case, I generally",dua_unemb,0.5,1,3,0.58001,0.47082,0.29425,0.2946,0.00917
280,"In this case, I generally",dua_unemb,0.7,1,4,0.71752,0.48351,0.4824,0.47782,0.01075
280,"In this case, I generally",dua_unemb,0.9,1,8,0.92602,0.50249,1.80849,1.76776,0.01423
280,"In this case, I generally",dua_unemb,0.99,1,14,0.99213,0.51954,4.7573,4.65658,0.12058
280,"In this case, I generally",euc_dmd,0.3,1,2,0.95319,0.1298,1.9929,1.99687,0.15409
280,"In this case, I generally",euc_dmd,0.5,1,2,0.95319,0.1298,1.9929,1.99687,0.15409
280,"In this case, I generally",euc_dmd,0.7,1,2,0.95319,0.1298,1.9929,1.99687,0.15409
280,"In this case, I generally",euc_dmd,0.9,1,2,0.95319,0.1298,1.9929,1.99687,0.15409
280,"In this case, I generally",euc_dmd,0.99,1,3,0.99956,0.31443,3.611,3.59513,0.1487
280,"In this case, I generally",cau_dmd,0.3,1,14,0.39028,0.08554,1.43053,1.43801,0.14949
280,"In this case, I generally",cau_dmd,0.5,1,16,0.60838,0.07451,1.82718,1.83211,0.15173
280,"In this case, I generally",cau_dmd,0.7,1,17,0.70629,0.07221,2.03575,2.03903,0.15171
280,"In this case, I generally",cau_dmd,0.9,1,21,0.92984,0.07267,2.93037,2.92509,0.14864
280,"In this case, I generally",cau_dmd,0.99,1,26,0.9904,0.07526,4.16324,4.14452,0.14777
280,"In this case, I generally",dua_dmd,0.3,1,2,0.45497,0.47576,0.18558,0.18778,0.00936
280,"In this case, I generally",dua_dmd,0.5,1,3,0.71059,0.48863,0.39577,0.39713,0.04764
280,"In this case, I generally",dua_dmd,0.7,1,3,0.71059,0.48863,0.39577,0.39713,0.04764
280,"In this case, I generally",dua_dmd,0.9,1,5,0.9252,0.50042,0.97428,0.96839,0.13139
280,"In this case, I generally",dua_dmd,0.99,1,8,0.99016,0.51052,2.58751,2.56145,0.13871
209,"At home, We always",euc_ctx,0.3,1,7,0.41337,0.08703,0.99125,0.99426,0.16961
209,"At home, We always",euc_ctx,0.5,1,8,0.63184,0.09336,1.04039,1.04235,0.16907
209,"At home, We always",euc_ctx,0.7,1,9,0.8033,0.11716,1.02155,1.02218,0.16556
209,"At home, We always",euc_ctx,0.9,1,10,0.90464,0.16047,0.97976,0.97868,0.14715
209,"At home, We always",euc_ctx,0.99,1,13,0.99044,0.4001,1.04855,1.03925,0.10567
209,"At home, We always",cau_ctx,0.3,0,,,,,,
209,"At home, We always",cau_ctx,0.5,0,,,,,,
209,"At home, We always",cau_ctx,0.7,0,,,,,,
209,"At home, We always",cau_ctx,0.9,0,,,,,,
209,"At home, We always",cau_ctx,0.99,0,,,,,,
209,"At home, We always",dua_ctx,0.3,1,94,0.30355,0.43465,2.05192,1.97729,0.01358
209,"At home, We always",dua_ctx,0.5,1,140,0.50083,0.41201,3.71048,3.5969,0.02383
209,"At home, We always",dua_ctx,0.7,1,188,0.70356,0.40409,5.02703,4.89745,0.0269
209,"At home, We always",dua_ctx,0.9,1,259,0.90114,0.42954,6.95993,6.82236,0.04286
209,"At home, We always",dua_ctx,0.99,1,362,0.9902,0.52022,9.00464,8.86319,0.04743
209,"At home, We always",euc_unemb,0.3,1,2,0.9537,0.13475,1.35841,1.36012,0.1464
209,"At home, We always",euc_unemb,0.5,1,2,0.9537,0.13475,1.35841,1.36012,0.1464
209,"At home, We always",euc_unemb,0.7,1,2,0.9537,0.13475,1.35841,1.36012,0.1464
209,"At home, We always",euc_unemb,0.9,1,2,0.9537,0.13475,1.35841,1.36012,0.1464
209,"At home, We always",euc_unemb,0.99,1,3,0.99969,0.46191,2.25698,2.24016,0.16914
209,"At home, We always",cau_unemb,0.3,1,33,0.30886,0.1102,0.68996,0.6963,0.1625
209,"At home, We always",cau_unemb,0.5,1,38,0.52936,0.11084,0.74843,0.75439,0.16122
209,"At home, We always",cau_unemb,0.7,1,42,0.70068,0.12624,0.75501,0.76037,0.15924
209,"At home, We always",cau_unemb,0.9,1,50,0.90898,0.20244,0.7325,0.73576,0.14755
209,"At home, We always",cau_unemb,0.99,1,63,0.99019,0.42718,0.89997,0.89606,0.04463
209,"At home, We always",dua_unemb,0.3,1,2,0.38516,0.5244,0.11964,0.12152,0.0112
209,"At home, We always",dua_unemb,0.5,1,3,0.60962,0.53966,0.25053,0.24984,0.01319
209,"At home, We always",dua_unemb,0.7,1,4,0.75508,0.55192,0.42578,0.41987,0.01298
209,"At home, We always",dua_unemb,0.9,1,6,0.90522,0.56672,0.95816,0.93513,0.01493
209,"At home, We always",dua_unemb,0.99,1,10,0.9979,0.58502,2.70031,2.62732,0.01843
209,"At home, We always",euc_dmd,0.3,1,2,0.93986,0.08136,1.50483,1.50243,0.16998
209,"At home, We always",euc_dmd,0.5,1,2,0.93986,0.08136,1.50483,1.50243,0.16998
209,"At home, We always",euc_dmd,0.7,1,2,0.93986,0.08136,1.50483,1.50243,0.16998
209,"At home, We always",euc_dmd,0.9,1,2,0.93986,0.08136,1.50483,1.50243,0.16998
209,"At home, We always",euc_dmd,0.99,1,3,0.99929,0.34008,1.85744,1.84086,0.15866
209,"At home, We always",cau_dmd,0.3,1,14,0.33449,0.07379,1.05113,1.05417,0.16362
209,"At home, We always",cau_dmd,0.5,1,16,0.53932,0.07097,1.15956,1.16139,0.16127
209,"At home, We always",cau_dmd,0.7,1,18,0.72847,0.07869,1.24034,1.24056,0.15556
209,"At home, We always",cau_dmd,0.9,1,21,0.90041,0.10763,1.36194,1.35888,0.11277
209,"At home, We always",cau_dmd,0.99,1,28,0.99275,0.20901,1.94829,1.93267,0.10078
209,"At home, We always",dua_dmd,0.3,1,2,0.49161,0.55281,0.14304,0.14374,0.01485
209,"At home, We always",dua_dmd,0.5,1,3,0.76283,0.56636,0.32647,0.32402,0.01696
209,"At home, We always",dua_dmd,0.7,1,3,0.76283,0.56636,0.32647,0.32402,0.01696
209,"At home, We always",dua_dmd,0.9,1,5,0.95884,0.57951,0.86598,0.85159,0.02647
209,"At home, We always",dua_dmd,0.99,1,7,0.99471,0.58966,1.65105,1.62282,0.04006
68,"Every day, Our customers generally",euc_ctx,0.3,1,6,0.45234,0.38447,0.61763,0.63148,0.04691
68,"Every day, Our customers generally",euc_ctx,0.5,1,7,0.69621,0.40868,0.78623,0.79852,0.05568
68,"Every day, Our customers generally",euc_ctx,0.7,1,8,0.86246,0.46614,0.96485,0.97408,0.05667
68,"Every day, Our customers generally",euc_ctx,0.9,1,9,0.94406,0.53384,1.18397,1.18894,0.05425
68,"Every day, Our customers generally",euc_ctx,0.99,1,11,0.99139,0.63957,1.7618,1.75593,0.10184
68,"Every day, Our customers generally",cau_ctx,0.3,0,,,,,,
68,"Every day, Our customers generally",cau_ctx,0.5,0,,,,,,
68,"Every day, Our customers generally",cau_ctx,0.7,0,,,,,,
68,"Every day, Our customers generally",cau_ctx,0.9,0,,,,,,
68,"Every day, Our customers generally",cau_ctx,0.99,0,,,,,,
68,"Every day, Our customers generally",dua_ctx,0.3,1,116,0.3,0.56579,3.84661,3.74876,0.02562
68,"Every day, Our customers generally",dua_ctx,0.5,1,167,0.50159,0.5258,6.81049,6.68731,0.03284
68,"Every day, Our customers generally",dua_ctx,0.7,1,224,0.70043,0.50499,8.63767,8.50497,0.03721
68,"Every day, Our customers generally",dua_ctx,0.9,1,329,0.901,0.51298,11.01202,10.87301,0.12014
68,"Every day, Our customers generally",dua_ctx,0.99,1,389,0.99087,0.52587,11.76706,11.62642,0.12123
68,"Every day, Our customers generally",euc_unemb,0.3,1,2,0.98989,0.54545,1.55202,1.55128,0.14089
68,"Every day, Our customers generally",euc_unemb,0.5,1,2,0.98989,0.54545,1.55202,1.55128,0.14089
68,"Every day, Our customers generally",euc_unemb,0.7,1,2,0.98989,0.54545,1.55202,1.55128,0.14089
68,"Every day, Our customers generally",euc_unemb,0.9,1,2,0.98989,0.54545,1.55202,1.55128,0.14089
68,"Every day, Our customers generally",euc_unemb,0.99,1,3,0.99996,0.56686,3.78821,3.75198,0.15903
68,"Every day, Our customers generally",cau_unemb,0.3,1,28,0.32265,0.33413,0.41965,0.43255,0.10667
68,"Every day, Our customers generally",cau_unemb,0.5,1,32,0.51837,0.33857,0.48856,0.50125,0.10687
68,"Every day, Our customers generally",cau_unemb,0.7,1,36,0.70796,0.37037,0.54952,0.56111,0.08948
68,"Every day, Our customers generally",cau_unemb,0.9,1,43,0.90874,0.46908,0.71126,0.71872,0.10121
68,"Every day, Our customers generally",cau_unemb,0.99,1,55,0.99093,0.61068,1.27776,1.27315,0.08637
68,"Every day, Our customers generally",dua_unemb,0.3,1,2,0.35504,0.61524,0.14289,0.14549,0.02317
68,"Every day, Our customers generally",dua_unemb,0.5,1,3,0.56474,0.62423,0.28848,0.28738,0.02575
68,"Every day, Our customers generally",dua_unemb,0.7,1,4,0.70241,0.63436,0.47141,0.46413,0.02772
68,"Every day, Our customers generally",dua_unemb,0.9,1,7,0.90382,0.65258,1.41761,1.3804,0.02719
68,"Every day, Our customers generally",dua_unemb,0.99,1,12,0.99105,0.65803,5.18607,5.08281,0.03206
68,"Every day, Our customers generally",euc_dmd,0.3,1,2,0.98651,0.53248,1.33798,1.34051,0.05038
68,"Every day, Our customers generally",euc_dmd,0.5,1,2,0.98651,0.53248,1.33798,1.34051,0.05038
68,"Every day, Our customers generally",euc_dmd,0.7,1,2,0.98651,0.53248,1.33798,1.34051,0.05038
68,"Every day, Our customers generally",euc_dmd,0.9,1,2,0.98651,0.53248,1.33798,1.34051,0.05038
68,"Every day, Our customers generally",euc_dmd,0.99,1,3,0.99993,0.60301,3.18318,3.15475,0.14323
68,"Every day, Our customers generally",cau_dmd,0.3,1,12,0.34239,0.32542,0.54791,0.56188,0.09788
68,"Every day, Our customers generally",cau_dmd,0.5,1,14,0.57056,0.33776,0.63555,0.64915,0.09722
68,"Every day, Our customers generally",cau_dmd,0.7,1,16,0.76991,0.38504,0.72879,0.74079,0.05222
68,"Every day, Our customers generally",cau_dmd,0.9,1,19,0.92881,0.48663,0.96512,0.97242,0.04421
68,"Every day, Our customers generally",cau_dmd,0.99,1,24,0.99161,0.59959,1.65788,1.65288,0.04365
68,"Every day, Our customers generally",dua_dmd,0.3,1,2,0.42853,0.62128,0.18087,0.18416,0.01432
68,"Every day, Our customers generally",dua_dmd,0.5,1,3,0.67377,0.61256,0.4462,0.44745,0.02627
68,"Every day, Our customers generally",dua_dmd,0.7,1,4,0.79211,0.60715,0.74886,0.74622,0.08957
68,"Every day, Our customers generally",dua_dmd,0.9,1,6,0.90115,0.60126,1.52564,1.51322,0.09432
68,"Every day, Our customers generally",dua_dmd,0.99,1,11,0.99697,0.60818,4.95452,4.90435,0.09703
247,"At home, Many people sometimes",euc_ctx,0.3,1,6,0.31503,0.20445,0.79558,0.80862,0.08686
247,"At home, Many people sometimes",euc_ctx,0.5,1,7,0.54637,0.20164,0.97067,0.98336,0.09386
247,"At home, Many people sometimes",euc_ctx,0.7,1,8,0.75605,0.23053,1.10045,1.112,0.09404
247,"At home, Many people sometimes",euc_ctx,0.9,1,10,0.95064,0.36047,1.38396,1.39072,0.09056
247,"At home, Many people sometimes",euc_ctx,0.99,1,12,0.99089,0.50714,1.87616,1.8751,0.09484
247,"At home, Many people sometimes",cau_ctx,0.3,0,,,,,,
247,"At home, Many people sometimes",cau_ctx,0.5,0,,,,,,
247,"At home, Many people sometimes",cau_ctx,0.7,0,,,,,,
247,"At home, Many people sometimes",cau_ctx,0.9,0,,,,,,
247,"At home, Many people sometimes",cau_ctx,0.99,0,,,,,,
247,"At home, Many people sometimes",dua_ctx,0.3,1,126,0.3003,0.48669,4.54862,4.45637,0.02078
247,"At home, Many people sometimes",dua_ctx,0.5,1,180,0.50289,0.46524,7.42288,7.3018,0.06603
247,"At home, Many people sometimes",dua_ctx,0.7,1,235,0.70171,0.45561,9.22426,9.09332,0.06476
247,"At home, Many people sometimes",dua_ctx,0.9,1,307,0.90117,0.45606,11.18916,11.05282,0.0929
247,"At home, Many people sometimes",dua_ctx,0.99,1,399,0.99036,0.5079,12.18143,12.04148,0.09693
247,"At home, Many people sometimes",euc_unemb,0.3,1,2,0.97395,0.31564,1.38363,1.39003,0.05369
247,"At home, Many people sometimes",euc_unemb,0.5,1,2,0.97395,0.31564,1.38363,1.39003,0.05369
247,"At home, Many people sometimes",euc_unemb,0.7,1,2,0.97395,0.31564,1.38363,1.39003,0.05369
247,"At home, Many people sometimes",euc_unemb,0.9,1,2,0.97395,0.31564,1.38363,1.39003,0.05369
247,"At home, Many people sometimes",euc_unemb,0.99,1,3,0.99985,0.49358,3.25616,3.23615,0.05726
247,"At home, Many people sometimes",cau_unemb,0.3,1,31,0.3234,0.20117,0.53892,0.55099,0.08606
247,"At home, Many people sometimes",cau_unemb,0.5,1,35,0.50861,0.20343,0.61349,0.62556,0.08503
247,"At home, Many people sometimes",cau_unemb,0.7,1,40,0.73025,0.23539,0.68761,0.69893,0.08939
247,"At home, Many people sometimes",cau_unemb,0.9,1,47,0.91155,0.32789,0.82602,0.83465,0.09121
247,"At home, Many people sometimes",cau_unemb,0.99,1,59,0.99,0.51046,1.34149,1.34115,0.08615
247,"At home, Many people sometimes",dua_unemb,0.3,1,2,0.39292,0.54092,0.15543,0.15841,0.02055
247,"At home, Many people sometimes",dua_unemb,0.5,1,3,0.62917,0.55364,0.32607,0.32725,0.03073
247,"At home, Many people sometimes",dua_unemb,0.7,1,4,0.77728,0.56606,0.55546,0.55247,0.03183
247,"At home, Many people sometimes",dua_unemb,0.9,1,6,0.91581,0.58028,1.25786,1.24094,0.03426
247,"At home, Many people sometimes",dua_unemb,0.99,1,10,0.99792,0.59242,3.92236,3.86193,0.07532
247,"At home, Many people sometimes",euc_dmd,0.3,1,2,0.96927,0.27693,1.43628,1.44361,0.10419
247,"At home, Many people sometimes",euc_dmd,0.5,1,2,0.96927,0.27693,1.43628,1.44361,0.10419
247,"At home, Many people sometimes",euc_dmd,0.7,1,2,0.96927,0.27693,1.43628,1.44361,0.10419
247,"At home, Many people sometimes",euc_dmd,0.9,1,2,0.96927,0.27693,1.43628,1.44361,0.10419
247,"At home, Many people sometimes",euc_dmd,0.99,1,3,0.99975,0.55024,2.92507,2.91072,0.10409
247,"At home, Many people sometimes",cau_dmd,0.3,1,13,0.32222,0.17429,0.77441,0.78651,0.09836
247,"At home, Many people sometimes",cau_dmd,0.5,1,15,0.5356,0.17434,0.90568,0.91748,0.09667
247,"At home, Many people sometimes",cau_dmd,0.7,1,17,0.73406,0.1976,1.02745,1.03821,0.09476
247,"At home, Many people sometimes",cau_dmd,0.9,1,20,0.9088,0.26715,1.26012,1.26777,0.09037
247,"At home, Many people sometimes",cau_dmd,0.99,1,26,0.99168,0.41386,2.09387,2.09,0.08903
247,"At home, Many people sometimes",dua_dmd,0.3,1,2,0.48571,0.56024,0.19231,0.19437,0.05296
247,"At home, Many people sometimes",dua_dmd,0.5,1,3,0.75489,0.56364,0.4774,0.47847,0.07182
247,"At home, Many people sometimes",dua_dmd,0.7,1,3,0.75489,0.56364,0.4774,0.47847,0.07182
247,"At home, Many people sometimes",dua_dmd,0.9,1,5,0.92853,0.56762,1.16824,1.1636,0.07977
247,"At home, Many people sometimes",dua_dmd,0.99,1,8,0.99344,0.57872,2.94931,2.93115,0.08695
122,"In this case, These kids",euc_ctx,0.3,1,5,0.33908,0.0661,0.43395,0.43849,0.05052
122,"In this case, These kids",euc_ctx,0.5,1,6,0.53084,0.06632,0.58612,0.59049,0.26817
122,"In this case, These kids",euc_ctx,0.7,1,7,0.71209,0.07536,0.74531,0.7492,0.29884
122,"In this case, These kids",euc_ctx,0.9,1,9,0.9195,0.12337,1.10904,1.11095,0.32079
122,"In this case, These kids",euc_ctx,0.99,1,12,0.99022,0.26633,1.89489,1.89093,0.33716
122,"In this case, These kids",cau_ctx,0.3,0,,,,,,
122,"In this case, These kids",cau_ctx,0.5,0,,,,,,
122,"In this case, These kids",cau_ctx,0.7,0,,,,,,
122,"In this case, These kids",cau_ctx,0.9,0,,,,,,
122,"In this case, These kids",cau_ctx,0.99,0,,,,,,
122,"In this case, These kids",dua_ctx,0.3,1,48,0.30363,0.15904,0.30746,0.2811,0.00734
122,"In this case, These kids",dua_ctx,0.5,1,81,0.50053,0.16783,0.75283,0.69148,0.00969
122,"In this case, These kids",dua_ctx,0.7,1,117,0.70085,0.17924,1.3437,1.25214,0.01532
122,"In this case, These kids",dua_ctx,0.9,1,163,0.90146,0.19645,2.25528,2.13876,0.01998
122,"In this case, These kids",dua_ctx,0.99,1,205,0.99028,0.21669,3.24228,3.11534,0.2082
122,"In this case, These kids",euc_unemb,0.3,1,1,0.31743,0.05588,0.37166,0.37752,0.05858
122,"In this case, These kids",euc_unemb,0.5,1,2,0.96019,0.12574,1.2552,1.25825,0.35182
122,"In this case, These kids",euc_unemb,0.7,1,2,0.96019,0.12574,1.2552,1.25825,0.35182
122,"In this case, These kids",euc_unemb,0.9,1,2,0.96019,0.12574,1.2552,1.25825,0.35182
122,"In this case, These kids",euc_unemb,0.99,1,3,0.9992,0.34021,3.0485,3.0378,0.36255
122,"In this case, These kids",cau_unemb,0.3,1,25,0.30709,0.05899,0.3011,0.30409,0.05562
122,"In this case, These kids",cau_unemb,0.5,1,31,0.52699,0.0574,0.43578,0.43836,0.22484
122,"In this case, These kids",cau_unemb,0.7,1,36,0.70509,0.06356,0.5599,0.56178,0.23185
122,"In this case, These kids",cau_unemb,0.9,1,45,0.90334,0.09207,0.83652,0.83616,0.29872
122,"In this case, These kids",cau_unemb,0.99,1,61,0.99025,0.18116,1.62125,1.61345,0.32546
122,"In this case, These kids",dua_unemb,0.3,1,2,0.40339,0.18483,0.06844,0.07045,0.0026
122,"In this case, These kids",dua_unemb,0.5,1,3,0.58743,0.202,0.13966,0.13668,0.00365
122,"In this case, These kids",dua_unemb,0.7,1,5,0.74698,0.21557,0.29878,0.28098,0.00592
122,"In this case, These kids",dua_unemb,0.9,1,9,0.92684,0.23326,0.73574,0.68098,0.00869
122,"In this case, These kids",dua_unemb,0.99,1,13,0.99039,0.25105,1.2739,1.18881,0.01271
122,"In this case, These kids",euc_dmd,0.3,1,1,0.3466,0.04398,0.47643,0.48041,0.05997
122,"In this case, These kids",euc_dmd,0.5,1,2,0.96311,0.08027,1.40459,1.4039,0.3662
122,"In this case, These kids",euc_dmd,0.7,1,2,0.96311,0.08027,1.40459,1.4039,0.3662
122,"In this case, These kids",euc_dmd,0.9,1,2,0.96311,0.08027,1.40459,1.4039,0.3662
122,"In this case, These kids",euc_dmd,0.99,1,3,0.99901,0.222,2.8396,2.82757,0.35049
122,"In this case, These kids",cau_dmd,0.3,1,10,0.35606,0.04862,0.56694,0.57057,0.26898
122,"In this case, These kids",cau_dmd,0.5,1,12,0.54945,0.04611,0.76557,0.76853,0.30426
122,"In this case, These kids",cau_dmd,0.7,1,14,0.72597,0.04925,0.98029,0.98218,0.32633
122,"In this case, These kids",cau_dmd,0.9,1,18,0.92235,0.06861,1.49532,1.49375,0.32822
122,"In this case, These kids",cau_dmd,0.99,1,25,0.9928,0.11381,2.80344,2.79125,0.32922
122,"In this case, These kids",dua_dmd,0.3,1,2,0.49736,0.19152,0.0836,0.08482,0.00353
122,"In this case, These kids",dua_dmd,0.5,1,3,0.7081,0.20758,0.16487,0.16078,0.00505
122,"In this case, These kids",dua_dmd,0.7,1,3,0.7081,0.20758,0.16487,0.16078,0.00505
122,"In this case, These kids",dua_dmd,0.9,1,6,0.93615,0.22789,0.45323,0.42622,0.00834
122,"In this case, These kids",dua_dmd,0.99,1,9,0.99134,0.24269,0.87047,0.81839,0.0116
9,"Usually, They also",euc_ctx,0.3,1,5,0.33164,0.13755,0.52096,0.52778,0.09508
9,"Usually, They also",euc_ctx,0.5,1,6,0.54095,0.13431,0.64044,0.64717,0.09537
9,"Usually, They also",euc_ctx,0.7,1,7,0.7338,0.15139,0.7255,0.73169,0.09473
9,"Usually, They also",euc_ctx,0.9,1,9,0.93443,0.24274,0.88694,0.89065,0.0258
9,"Usually, They also",euc_ctx,0.99,1,12,0.99299,0.45164,1.4171,1.41301,0.02523
9,"Usually, They also",cau_ctx,0.3,0,,,,,,
9,"Usually, They also",cau_ctx,0.5,0,,,,,,
9,"Usually, They also",cau_ctx,0.7,0,,,,,,
9,"Usually, They also",cau_ctx,0.9,0,,,,,,
9,"Usually, They also",cau_ctx,0.99,0,,,,,,
9,"Usually, They also",dua_ctx,0.3,1,101,0.30154,0.36784,2.92918,2.86537,0.03277
9,"Usually, They also",dua_ctx,0.5,1,148,0.50198,0.35399,5.40585,5.30793,0.03594
9,"Usually, They also",dua_ctx,0.7,1,194,0.70365,0.34808,7.19493,7.08071,0.03997
9,"Usually, They also",dua_ctx,0.9,1,245,0.90189,0.35482,8.89351,8.77032,0.04078
9,"Usually, They also",dua_ctx,0.99,1,321,0.99013,0.41927,10.90238,10.77305,0.04332
9,"Usually, They also",euc_unemb,0.3,1,1,0.33975,0.11535,0.5362,0.54361,0.09373
9,"Usually, They also",euc_unemb,0.5,1,2,0.9795,0.22955,1.30637,1.30735,0.13393
9,"Usually, They also",euc_unemb,0.7,1,2,0.9795,0.22955,1.30637,1.30735,0.13393
9,"Usually, They also",euc_unemb,0.9,1,2,0.9795,0.22955,1.30637,1.30735,0.13393
9,"Usually, They also",euc_unemb,0.99,1,3,0.99978,0.34404,3.15555,3.13474,0.14355
9,"Usually, They also",cau_unemb,0.3,1,25,0.31301,0.14942,0.35442,0.36083,0.11191
9,"Usually, They also",cau_unemb,0.5,1,30,0.51958,0.14765,0.43055,0.437,0.11281
9,"Usually, They also",cau_unemb,0.7,1,35,0.71865,0.16736,0.48481,0.49082,0.10532
9,"Usually, They also",cau_unemb,0.9,1,43,0.90897,0.24261,0.58342,0.58753,0.0311
9,"Usually, They also",cau_unemb,0.99,1,57,0.99052,0.43374,1.03185,1.02856,0.03621
9,"Usually, They also",dua_unemb,0.3,1,2,0.41665,0.41467,0.16684,0.17184,0.01353
9,"Usually, They also",dua_unemb,0.5,1,3,0.63572,0.43514,0.34491,0.34739,0.01894
9,"Usually, They also",dua_unemb,0.7,1,4,0.75321,0.44907,0.57584,0.57374,0.02017
9,"Usually, They also",dua_unemb,0.9,1,8,0.92533,0.46295,2.24462,2.20974,0.02517
9,"Usually, They also",dua_unemb,0.99,1,12,0.9954,0.47099,4.47918,4.40182,0.02478
9,"Usually, They also",euc_dmd,0.3,1,1,0.35691,0.0951,0.64258,0.64778,0.13289
9,"Usually, They also",euc_dmd,0.5,1,2,0.97829,0.18446,1.23841,1.237,0.12481
9,"Usually, They also",euc_dmd,0.7,1,2,0.97829,0.18446,1.23841,1.237,0.12481
9,"Usually, They also",euc_dmd,0.9,1,2,0.97829,0.18446,1.23841,1.237,0.12481
9,"Usually, They also",euc_dmd,0.99,1,3,0.99965,0.38934,2.42483,2.40672,0.11751
9,"Usually, They also",cau_dmd,0.3,1,10,0.31533,0.12083,0.50583,0.51123,0.11453
9,"Usually, They also",cau_dmd,0.5,1,12,0.51486,0.11584,0.60446,0.60958,0.11454
9,"Usually, They also",cau_dmd,0.7,1,14,0.70627,0.12769,0.67566,0.68011,0.09507
9,"Usually, They also",cau_dmd,0.9,1,18,0.92142,0.19903,0.82256,0.82437,0.02792
9,"Usually, They also",cau_dmd,0.99,1,24,0.99113,0.37585,1.30474,1.29877,0.0301
9,"Usually, They also",dua_dmd,0.3,1,2,0.57192,0.44782,0.21876,0.22304,0.02
9,"Usually, They also",dua_dmd,0.5,1,2,0.57192,0.44782,0.21876,0.22304,0.02
9,"Usually, They also",dua_dmd,0.7,1,3,0.83076,0.46622,0.49351,0.49532,0.02419
9,"Usually, They also",dua_dmd,0.9,1,4,0.93726,0.47411,0.83143,0.82889,0.02694
9,"Usually, They also",dua_dmd,0.99,1,6,0.99769,0.48667,1.90457,1.88886,0.02857
139,"Usually, You usually",euc_ctx,0.3,1,6,0.36957,0.16687,0.69472,0.70445,0.22638
139,"Usually, You usually",euc_ctx,0.5,1,7,0.59813,0.17342,0.81265,0.82201,0.23186
139,"Usually, You usually",euc_ctx,0.7,1,8,0.78814,0.20752,0.89104,0.89936,0.22873
139,"Usually, You usually",euc_ctx,0.9,1,9,0.90124,0.26594,0.97129,0.97781,0.21953
139,"Usually, You usually",euc_ctx,0.99,1,12,0.99155,0.48147,1.52706,1.52344,0.08282
139,"Usually, You usually",cau_ctx,0.3,0,,,,,,
139,"Usually, You usually",cau_ctx,0.5,0,,,,,,
139,"Usually, You usually",cau_ctx,0.7,0,,,,,,
139,"Usually, You usually",cau_ctx,0.9,0,,,,,,
139,"Usually, You usually",cau_ctx,0.99,0,,,,,,
139,"Usually, You usually",dua_ctx,0.3,1,88,0.3028,0.45289,1.89518,1.81628,0.01422
139,"Usually, You usually",dua_ctx,0.5,1,135,0.501,0.44855,3.27429,3.16036,0.02741
139,"Usually, You usually",dua_ctx,0.7,1,195,0.7024,0.45972,4.67626,4.54874,0.0372
139,"Usually, You usually",dua_ctx,0.9,1,270,0.90067,0.46967,6.61297,6.4802,0.06901
139,"Usually, You usually",dua_ctx,0.99,1,326,0.99079,0.48371,8.40909,8.27486,0.09189
139,"Usually, You usually",euc_unemb,0.3,1,2,0.96898,0.25095,1.68156,1.6872,0.2523
139,"Usually, You usually",euc_unemb,0.5,1,2,0.96898,0.25095,1.68156,1.6872,0.2523
139,"Usually, You usually",euc_unemb,0.7,1,2,0.96898,0.25095,1.68156,1.6872,0.2523
139,"Usually, You usually",euc_unemb,0.9,1,2,0.96898,0.25095,1.68156,1.6872,0.2523
139,"Usually, You usually",euc_unemb,0.99,1,3,0.99979,0.45456,3.62785,3.60987,0.23214
139,"Usually, You usually",cau_unemb,0.3,1,30,0.33005,0.13021,0.77966,0.78681,0.23492
139,"Usually, You usually",cau_unemb,0.5,1,34,0.50792,0.12327,0.90416,0.91072,0.23816
139,"Usually, You usually",cau_unemb,0.7,1,39,0.72168,0.13257,1.02289,1.02822,0.24327
139,"Usually, You usually",cau_unemb,0.9,1,46,0.90339,0.17476,1.16704,1.16965,0.23861
139,"Usually, You usually",cau_unemb,0.99,1,60,0.99162,0.30319,1.64545,1.63889,0.19962
139,"Usually, You usually",dua_unemb,0.3,1,2,0.32486,0.49654,0.12863,0.1332,0.0033
139,"Usually, You usually",dua_unemb,0.5,1,3,0.52746,0.51294,0.25994,0.26178,0.02075
139,"Usually, You usually",dua_unemb,0.7,1,5,0.70404,0.53354,0.61638,0.60474,0.02696
139,"Usually, You usually",dua_unemb,0.9,1,12,0.90143,0.54749,2.89166,2.8019,0.07108
139,"Usually, You usually",dua_unemb,0.99,1,20,0.9937,0.55156,5.21127,5.08399,0.08694
139,"Usually, You usually",euc_dmd,0.3,1,2,0.96825,0.19255,1.61815,1.62279,0.2499
139,"Usually, You usually",euc_dmd,0.5,1,2,0.96825,0.19255,1.61815,1.62279,0.2499
139,"Usually, You usually",euc_dmd,0.7,1,2,0.96825,0.19255,1.61815,1.62279,0.2499
139,"Usually, You usually",euc_dmd,0.9,1,2,0.96825,0.19255,1.61815,1.62279,0.2499
139,"Usually, You usually",euc_dmd,0.99,1,3,0.99965,0.38858,3.06542,3.05046,0.20723
139,"Usually, You usually",cau_dmd,0.3,1,12,0.35225,0.12714,0.87885,0.8884,0.24613
139,"Usually, You usually",cau_dmd,0.5,1,14,0.5708,0.12633,1.01599,1.02509,0.24618
139,"Usually, You usually",cau_dmd,0.7,1,16,0.76116,0.14462,1.12548,1.13354,0.2384
139,"Usually, You usually",cau_dmd,0.9,1,19,0.91919,0.20045,1.31472,1.31991,0.21298
139,"Usually, You usually",cau_dmd,0.99,1,25,0.99221,0.32255,2.05451,2.04889,0.08936
139,"Usually, You usually",dua_dmd,0.3,1,2,0.40669,0.50595,0.16345,0.16817,0.02049
139,"Usually, You usually",dua_dmd,0.5,1,3,0.65866,0.51397,0.36538,0.36794,0.02799
139,"Usually, You usually",dua_dmd,0.7,1,4,0.79084,0.51787,0.57728,0.5748,0.05186
139,"Usually, You usually",dua_dmd,0.9,1,6,0.91905,0.52343,1.09973,1.08251,0.06504
139,"Usually, You usually",dua_dmd,0.99,1,11,0.99491,0.5339,3.72358,3.66231,0.08329
288,"Over time, Both of them rarely",euc_ctx,0.3,1,5,0.37263,0.10049,0.47057,0.47282,0.06353
288,"Over time, Both of them rarely",euc_ctx,0.5,1,6,0.58969,0.10169,0.55648,0.55802,0.06294
288,"Over time, Both of them rarely",euc_ctx,0.7,1,7,0.77377,0.12039,0.60985,0.61036,0.06189
288,"Over time, Both of them rarely",euc_ctx,0.9,1,9,0.94804,0.21248,0.71114,0.70844,0.04985
288,"Over time, Both of them rarely",euc_ctx,0.99,1,12,0.99477,0.44448,1.15332,1.14193,0.06771
288,"Over time, Both of them rarely",cau_ctx,0.3,0,,,,,,
288,"Over time, Both of them rarely",cau_ctx,0.5,0,,,,,,
288,"Over time, Both of them rarely",cau_ctx,0.7,0,,,,,,
288,"Over time, Both of them rarely",cau_ctx,0.9,0,,,,,,
288,"Over time, Both of them rarely",cau_ctx,0.99,0,,,,,,
288,"Over time, Both of them rarely",dua_ctx,0.3,1,76,0.30292,0.31811,1.34476,1.30187,0.02606
288,"Over time, Both of them rarely",dua_ctx,0.5,1,116,0.50398,0.29617,3.02886,2.94186,0.0361
288,"Over time, Both of them rarely",dua_ctx,0.7,1,158,0.70298,0.29041,4.6738,4.5598,0.0798
288,"Over time, Both of them rarely",dua_ctx,0.9,1,230,0.90095,0.33343,7.01887,6.88806,0.08572
288,"Over time, Both of them rarely",dua_ctx,0.99,1,351,0.99032,0.44854,9.85577,9.71715,0.0897
288,"Over time, Both of them rarely",euc_unemb,0.3,1,1,0.41321,0.08032,0.57178,0.57526,0.06145
288,"Over time, Both of them rarely",euc_unemb,0.5,1,2,0.98869,0.21631,1.19894,1.19428,0.07076
288,"Over time, Both of them rarely",euc_unemb,0.7,1,2,0.98869,0.21631,1.19894,1.19428,0.07076
288,"Over time, Both of them rarely",euc_unemb,0.9,1,2,0.98869,0.21631,1.19894,1.19428,0.07076
288,"Over time, Both of them rarely",euc_unemb,0.99,1,3,0.99991,0.4319,2.84999,2.82358,0.10364
288,"Over time, Both of them rarely",cau_unemb,0.3,1,24,0.30522,0.12028,0.30708,0.31104,0.06143
288,"Over time, Both of them rarely",cau_unemb,0.5,1,29,0.51663,0.11903,0.37491,0.37868,0.06177
288,"Over time, Both of them rarely",cau_unemb,0.7,1,34,0.72171,0.1377,0.42912,0.43231,0.05817
288,"Over time, Both of them rarely",cau_unemb,0.9,1,42,0.91405,0.2124,0.53744,0.53863,0.04652
288,"Over time, Both of them rarely",cau_unemb,0.99,1,55,0.99038,0.40877,0.96985,0.9641,0.08264
288,"Over time, Both of them rarely",dua_unemb,0.3,1,2,0.46477,0.3851,0.14052,0.14323,0.02461
288,"Over time, Both of them rarely",dua_unemb,0.5,1,3,0.68836,0.41107,0.28892,0.28914,0.06179
288,"Over time, Both of them rarely",dua_unemb,0.7,1,4,0.82454,0.43138,0.48934,0.48501,0.05588
288,"Over time, Both of them rarely",dua_unemb,0.9,1,5,0.90174,0.44593,0.75987,0.74917,0.05765
288,"Over time, Both of them rarely",dua_unemb,0.99,1,9,0.99661,0.47806,2.59168,2.54428,0.0639
288,"Over time, Both of them rarely",euc_dmd,0.3,1,1,0.40808,0.06536,0.66259,0.66318,0.06491
288,"Over time, Both of them rarely",euc_dmd,0.5,1,2,0.98607,0.1582,1.22654,1.21811,0.05358
288,"Over time, Both of them rarely",euc_dmd,0.7,1,2,0.98607,0.1582,1.22654,1.21811,0.05358
288,"Over time, Both of them rarely",euc_dmd,0.9,1,2,0.98607,0.1582,1.22654,1.21811,0.05358
288,"Over time, Both of them rarely",euc_dmd,0.99,1,3,0.99983,0.44933,2.28151,2.25567,0.101
288,"Over time, Both of them rarely",cau_dmd,0.3,1,11,0.39001,0.09437,0.49992,0.50139,0.06124
288,"Over time, Both of them rarely",cau_dmd,0.5,1,13,0.59267,0.0957,0.59889,0.59944,0.06169
288,"Over time, Both of them rarely",cau_dmd,0.7,1,15,0.76635,0.11081,0.69208,0.69138,0.06052
288,"Over time, Both of them rarely",cau_dmd,0.9,1,18,0.91595,0.15912,0.85325,0.84994,0.09103
288,"Over time, Both of them rarely",cau_dmd,0.99,1,24,0.99119,0.31979,1.40552,1.39373,0.07859
288,"Over time, Both of them rarely",dua_dmd,0.3,1,2,0.46836,0.38393,0.13106,0.13301,0.02672
288,"Over time, Both of them rarely",dua_dmd,0.5,1,3,0.64356,0.39688,0.25893,0.2588,0.06629
288,"Over time, Both of them rarely",dua_dmd,0.7,1,4,0.74073,0.40228,0.40902,0.40594,0.06118
288,"Over time, Both of them rarely",dua_dmd,0.9,1,7,0.91354,0.41082,1.11854,1.10205,0.06634
288,"Over time, Both of them rarely",dua_dmd,0.99,1,11,0.99076,0.42661,2.76863,2.72768,0.07196
294,"Honestly, These kids still",euc_ctx,0.3,1,6,0.45724,0.25406,0.6326,0.64198,0.16838
294,"Honestly, These kids still",euc_ctx,0.5,1,7,0.67695,0.27111,0.74179,0.75018,0.13655
294,"Honestly, These kids still",euc_ctx,0.7,1,8,0.83751,0.31814,0.83261,0.83913,0.13454
294,"Honestly, These kids still",euc_ctx,0.9,1,9,0.92599,0.38441,0.94405,0.94785,0.0597
294,"Honestly, These kids still",euc_ctx,0.99,1,12,0.99388,0.57199,1.56487,1.55632,0.07053
294,"Honestly, These kids still",cau_ctx,0.3,0,,,,,,
294,"Honestly, These kids still",cau_ctx,0.5,0,,,,,,
294,"Honestly, These kids still",cau_ctx,0.7,0,,,,,,
294,"Honestly, These kids still",cau_ctx,0.9,0,,,,,,
294,"Honestly, These kids still",cau_ctx,0.99,0,,,,,,
294,"Honestly, These kids still",dua_ctx,0.3,1,112,0.30113,0.49523,2.5785,2.48768,0.01938
294,"Honestly, These kids still",dua_ctx,0.5,1,166,0.50302,0.46041,4.4743,4.3554,0.02408
294,"Honestly, These kids still",dua_ctx,0.7,1,221,0.70322,0.4445,6.40826,6.27911,0.0317
294,"Honestly, These kids still",dua_ctx,0.9,1,283,0.90229,0.43843,8.15311,8.01918,0.04808
294,"Honestly, These kids still",dua_ctx,0.99,1,335,0.99048,0.44658,9.43356,9.29757,0.06037
294,"Honestly, These kids still",euc_unemb,0.3,1,2,0.97151,0.37442,1.42311,1.42424,0.20302
294,"Honestly, These kids still",euc_unemb,0.5,1,2,0.97151,0.37442,1.42311,1.42424,0.20302
294,"Honestly, These kids still",euc_unemb,0.7,1,2,0.97151,0.37442,1.42311,1.42424,0.20302
294,"Honestly, These kids still",euc_unemb,0.9,1,2,0.97151,0.37442,1.42311,1.42424,0.20302
294,"Honestly, These kids still",euc_unemb,0.99,1,3,0.99974,0.58339,3.12202,3.09759,0.22956
294,"Honestly, These kids still",cau_unemb,0.3,1,29,0.32977,0.2471,0.51876,0.52697,0.15655
294,"Honestly, These kids still",cau_unemb,0.5,1,34,0.5387,0.24325,0.62537,0.6329,0.16347
294,"Honestly, These kids still",cau_unemb,0.7,1,39,0.73406,0.26577,0.71445,0.72048,0.14569
294,"Honestly, These kids still",cau_unemb,0.9,1,46,0.90137,0.32989,0.8635,0.86601,0.16497
294,"Honestly, These kids still",cau_unemb,0.99,1,61,0.99143,0.46933,1.46983,1.45999,0.15273
294,"Honestly, These kids still",dua_unemb,0.3,1,3,0.46907,0.56137,0.22615,0.22658,0.0113
294,"Honestly, These kids still",dua_unemb,0.5,1,4,0.59249,0.56673,0.37109,0.36647,0.01151
294,"Honestly, These kids still",dua_unemb,0.7,1,6,0.72988,0.56945,0.78907,0.76902,0.02244
294,"Honestly, These kids still",dua_unemb,0.9,1,12,0.90579,0.56887,2.87104,2.7869,0.05432
294,"Honestly, These kids still",dua_unemb,0.99,1,20,0.99221,0.57607,5.04432,4.91567,0.06461
294,"Honestly, These kids still",euc_dmd,0.3,1,2,0.96681,0.26472,1.42433,1.42494,0.18765
294,"Honestly, These kids still",euc_dmd,0.5,1,2,0.96681,0.26472,1.42433,1.42494,0.18765
294,"Honestly, These kids still",euc_dmd,0.7,1,2,0.96681,0.26472,1.42433,1.42494,0.18765
294,"Honestly, These kids still",euc_dmd,0.9,1,2,0.96681,0.26472,1.42433,1.42494,0.18765
294,"Honestly, These kids still",euc_dmd,0.99,1,3,0.99957,0.44728,2.68963,2.66873,0.18727
294,"Honestly, These kids still",cau_dmd,0.3,1,12,0.36201,0.2103,0.7339,0.74287,0.18483
294,"Honestly, These kids still",cau_dmd,0.5,1,14,0.56598,0.20536,0.85926,0.86736,0.18361
294,"Honestly, These kids still",cau_dmd,0.7,1,16,0.74779,0.22186,0.97612,0.98263,0.08886
294,"Honestly, These kids still",cau_dmd,0.9,1,19,0.90887,0.27322,1.19579,1.19852,0.08235
294,"Honestly, These kids still",cau_dmd,0.99,1,25,0.99064,0.37121,1.92808,1.91875,0.07713
294,"Honestly, These kids still",dua_dmd,0.3,1,2,0.41024,0.56282,0.16479,0.16622,0.02952
294,"Honestly, These kids still",dua_dmd,0.5,1,3,0.62512,0.5593,0.33548,0.33316,0.03489
294,"Honestly, These kids still",dua_dmd,0.7,1,4,0.75986,0.55522,0.53845,0.53041,0.049
294,"Honestly, These kids still",dua_dmd,0.9,1,6,0.90525,0.55073,1.10111,1.07814,0.05584
294,"Honestly, These kids still",dua_dmd,0.99,1,11,0.99187,0.54539,3.66394,3.60123,0.06559
47,"Every day, People also",euc_ctx,0.3,1,3,0.42932,0.32981,0.18377,0.18836,0.03117
47,"Every day, People also",euc_ctx,0.5,1,4,0.64698,0.34367,0.29143,0.29565,0.03546
47,"Every day, People also",euc_ctx,0.7,1,5,0.81522,0.38775,0.41929,0.42212,0.03441
47,"Every day, People also",euc_ctx,0.9,1,6,0.91283,0.44966,0.58551,0.58603,0.032
47,"Every day, People also",euc_ctx,0.99,1,9,0.99213,0.61767,1.35849,1.34812,0.0334
47,"Every day, People also",cau_ctx,0.3,0,,,,,,
47,"Every day, People also",cau_ctx,0.5,0,,,,,,
47,"Every day, People also",cau_ctx,0.7,0,,,,,,
47,"Every day, People also",cau_ctx,0.9,0,,,,,,
47,"Every day, People also",cau_ctx,0.99,0,,,,,,
47,"Every day, People also",dua_ctx,0.3,1,91,0.30019,0.41059,2.25761,2.19986,0.02068
47,"Every day, People also",dua_ctx,0.5,1,136,0.50394,0.38086,4.6342,4.53671,0.02809
47,"Every day, People also",dua_ctx,0.7,1,188,0.70205,0.38203,6.87709,6.75865,0.03596
47,"Every day, People also",dua_ctx,0.9,1,299,0.90065,0.43695,10.38058,10.2494,0.04258
47,"Every day, People also",dua_ctx,0.99,1,435,0.99032,0.54004,13.00313,12.86862,0.04288
47,"Every day, People also",euc_unemb,0.3,1,1,0.84687,0.35187,0.44738,0.4504,0.06564
47,"Every day, People also",euc_unemb,0.5,1,1,0.84687,0.35187,0.44738,0.4504,0.06564
47,"Every day, People also",euc_unemb,0.7,1,1,0.84687,0.35187,0.44738,0.4504,0.06564
47,"Every day, People also",euc_unemb,0.9,1,2,0.99851,0.53506,2.0087,1.99154,0.08218
47,"Every day, People also",euc_unemb,0.99,1,2,0.99851,0.53506,2.0087,1.99154,0.08218
47,"Every day, People also",cau_unemb,0.3,1,13,0.32443,0.33609,0.09131,0.095,0.02099
47,"Every day, People also",cau_unemb,0.5,1,18,0.53485,0.33879,0.15734,0.16107,0.02992
47,"Every day, People also",cau_unemb,0.7,1,23,0.73313,0.37403,0.24509,0.24789,0.03162
47,"Every day, People also",cau_unemb,0.9,1,30,0.90248,0.45993,0.4449,0.44466,0.03285
47,"Every day, People also",cau_unemb,0.99,1,44,0.99036,0.61044,1.17152,1.1605,0.0551
47,"Every day, People also",dua_unemb,0.3,1,1,0.42229,0.48532,0.09725,0.09868,0.00959
47,"Every day, People also",dua_unemb,0.5,1,2,0.67524,0.50512,0.24145,0.24149,0.02239
47,"Every day, People also",dua_unemb,0.7,1,3,0.83415,0.52391,0.44043,0.43685,0.02636
47,"Every day, People also",dua_unemb,0.9,1,4,0.9262,0.53952,0.71546,0.70638,0.02772
47,"Every day, People also",dua_unemb,0.99,1,6,0.99576,0.56116,1.67567,1.65063,0.04759
47,"Every day, People also",euc_dmd,0.3,1,1,0.83376,0.31639,0.45119,0.45323,0.06854
47,"Every day, People also",euc_dmd,0.5,1,1,0.83376,0.31639,0.45119,0.45323,0.06854
47,"Every day, People also",euc_dmd,0.7,1,1,0.83376,0.31639,0.45119,0.45323,0.06854
47,"Every day, People also",euc_dmd,0.9,1,2,0.9978,0.54833,1.65842,1.64315,0.07005
47,"Every day, People also",euc_dmd,0.99,1,2,0.9978,0.54833,1.65842,1.64315,0.07005
47,"Every day, People also",cau_dmd,0.3,1,6,0.37357,0.3105,0.14604,0.14968,0.03331
47,"Every day, People also",cau_dmd,0.5,1,8,0.57368,0.31321,0.22629,0.22966,0.03767
47,"Every day, People also",cau_dmd,0.7,1,10,0.75048,0.34389,0.32416,0.32645,0.03763
47,"Every day, People also",cau_dmd,0.9,1,13,0.90796,0.42536,0.54003,0.53919,0.03636
47,"Every day, People also",cau_dmd,0.99,1,19,0.99002,0.58449,1.2784,1.267,0.03602
47,"Every day, People also",dua_dmd,0.3,1,1,0.51117,0.51229,0.12154,0.1215,0.02359
47,"Every day, People also",dua_dmd,0.5,1,1,0.51117,0.51229,0.12154,0.1215,0.02359
47,"Every day, People also",dua_dmd,0.7,1,2,0.78391,0.52781,0.33186,0.33061,0.03014
47,"Every day, People also",dua_dmd,0.9,1,4,0.93405,0.53653,0.85302,0.84624,0.03374
47,"Every day, People also",dua_dmd,0.99,1,7,0.99194,0.54846,2.2819,2.26273,0.03513
88,"At work, They always",euc_ctx,0.3,1,6,0.49386,0.08013,0.49237,0.49287,0.05012
88,"At work, They always",euc_ctx,0.5,1,7,0.68909,0.08859,0.52565,0.52526,0.0516
88,"At work, They always",euc_ctx,0.7,1,8,0.8315,0.11078,0.53488,0.53334,0.05103
88,"At work, They always",euc_ctx,0.9,1,9,0.91492,0.14794,0.54442,0.54145,0.04792
88,"At work, They always",euc_ctx,0.99,1,13,0.99495,0.42619,0.9149,0.90201,0.02073
88,"At work, They always",cau_ctx,0.3,0,,,,,,
88,"At work, They always",cau_ctx,0.5,0,,,,,,
88,"At work, They always",cau_ctx,0.7,0,,,,,,
88,"At work, They always",cau_ctx,0.9,0,,,,,,
88,"At work, They always",cau_ctx,0.99,0,,,,,,
88,"At work, They always",dua_ctx,0.3,1,71,0.30205,0.2976,1.07507,1.0318,0.01284
88,"At work, They always",dua_ctx,0.5,1,110,0.50387,0.27694,2.31436,2.2289,0.01679
88,"At work, They always",dua_ctx,0.7,1,148,0.70455,0.26784,3.44869,3.33823,0.02577
88,"At work, They always",dua_ctx,0.9,1,206,0.90059,0.29369,5.11557,4.98813,0.08672
88,"At work, They always",dua_ctx,0.99,1,282,0.99049,0.36257,6.89007,6.75439,0.0943
88,"At work, They always",euc_unemb,0.3,1,1,0.33949,0.07113,0.5093,0.51239,0.10401
88,"At work, They always",euc_unemb,0.5,1,2,0.97977,0.17214,0.9413,0.93838,0.12111
88,"At work, They always",euc_unemb,0.7,1,2,0.97977,0.17214,0.9413,0.93838,0.12111
88,"At work, They always",euc_unemb,0.9,1,2,0.97977,0.17214,0.9413,0.93838,0.12111
88,"At work, They always",euc_unemb,0.99,1,3,0.99978,0.45039,2.15832,2.13794,0.14171
88,"At work, They always",cau_unemb,0.3,1,25,0.30053,0.09742,0.31544,0.31856,0.04854
88,"At work, They always",cau_unemb,0.5,1,30,0.50606,0.09476,0.36778,0.37066,0.05175
88,"At work, They always",cau_unemb,0.7,1,35,0.70854,0.10805,0.39211,0.39447,0.05023
88,"At work, They always",cau_unemb,0.9,1,43,0.90547,0.16707,0.41863,0.41943,0.04438
88,"At work, They always",cau_unemb,0.99,1,57,0.99027,0.37456,0.66483,0.65981,0.09163
88,"At work, They always",dua_unemb,0.3,1,2,0.49807,0.38521,0.13257,0.13515,0.01559
88,"At work, They always",dua_unemb,0.5,1,3,0.72091,0.41082,0.2698,0.26922,0.01743
88,"At work, They always",dua_unemb,0.7,1,3,0.72091,0.41082,0.2698,0.26922,0.01743
88,"At work, They always",dua_unemb,0.9,1,5,0.92013,0.43812,0.67874,0.66462,0.02219
88,"At work, They always",dua_unemb,0.99,1,8,0.99651,0.45932,1.66078,1.61468,0.02382
88,"At work, They always",euc_dmd,0.3,1,1,0.3418,0.05413,0.6093,0.60892,0.10806
88,"At work, They always",euc_dmd,0.5,1,2,0.97569,0.10289,1.00394,0.99526,0.10691
88,"At work, They always",euc_dmd,0.7,1,2,0.97569,0.10289,1.00394,0.99526,0.10691
88,"At work, They always",euc_dmd,0.9,1,2,0.97569,0.10289,1.00394,0.99526,0.10691
88,"At work, They always",euc_dmd,0.99,1,3,0.99958,0.32718,1.65107,1.62812,0.13854
88,"At work, They always",cau_dmd,0.3,1,11,0.36199,0.06696,0.53855,0.53838,0.05386
88,"At work, They always",cau_dmd,0.5,1,13,0.55912,0.0641,0.62546,0.62417,0.05196
88,"At work, They always",cau_dmd,0.7,1,15,0.73603,0.07038,0.69344,0.69078,0.10416
88,"At work, They always",cau_dmd,0.9,1,19,0.92773,0.10785,0.83729,0.831,0.09887
88,"At work, They always",cau_dmd,0.99,1,25,0.99126,0.21002,1.24598,1.23148,0.09361
88,"At work, They always",dua_dmd,0.3,1,2,0.56584,0.3987,0.13523,0.13676,0.01692
88,"At work, They always",dua_dmd,0.5,1,2,0.56584,0.3987,0.13523,0.13676,0.01692
88,"At work, They always",dua_dmd,0.7,1,3,0.78641,0.41852,0.27108,0.26904,0.074
88,"At work, They always",dua_dmd,0.9,1,5,0.95982,0.43512,0.65908,0.64641,0.08037
88,"At work, They always",dua_dmd,0.99,1,7,0.9961,0.44653,1.31388,1.28647,0.07985
19,"In this case, People always",euc_ctx,0.3,1,2,0.33848,0.39092,0.07826,0.08133,0.02826
19,"In this case, People always",euc_ctx,0.5,1,3,0.55641,0.38402,0.151,0.15413,0.0304
19,"In this case, People always",euc_ctx,0.7,1,4,0.75367,0.41308,0.23269,0.23483,0.03164
19,"In this case, People always",euc_ctx,0.9,1,6,0.94688,0.53226,0.47835,0.47576,0.0734
19,"In this case, People always",euc_ctx,0.99,1,8,0.99007,0.64151,0.88573,0.87582,0.08447
19,"In this case, People always",cau_ctx,0.3,0,,,,,,
19,"In this case, People always",cau_ctx,0.5,0,,,,,,
19,"In this case, People always",cau_ctx,0.7,0,,,,,,
19,"In this case, People always",cau_ctx,0.9,0,,,,,,
19,"In this case, People always",cau_ctx,0.99,0,,,,,,
19,"In this case, People always",dua_ctx,0.3,1,85,0.30129,0.46491,1.74536,1.68839,0.07382
19,"In this case, People always",dua_ctx,0.5,1,139,0.50246,0.44234,3.78738,3.68439,0.07777
19,"In this case, People always",dua_ctx,0.7,1,193,0.70062,0.43405,5.22621,5.10397,0.089
19,"In this case, People always",dua_ctx,0.9,1,257,0.90041,0.43767,6.66051,6.53032,0.10173
19,"In this case, People always",dua_ctx,0.99,1,351,0.99004,0.50493,8.4343,8.30024,0.10169
19,"In this case, People always",euc_unemb,0.3,1,1,0.88193,0.43699,0.39209,0.39269,0.05579
19,"In this case, People always",euc_unemb,0.5,1,1,0.88193,0.43699,0.39209,0.39269,0.05579
19,"In this case, People always",euc_unemb,0.7,1,1,0.88193,0.43699,0.39209,0.39269,0.05579
19,"In this case, People always",euc_unemb,0.9,1,2,0.99846,0.58598,1.73371,1.71397,0.11336
19,"In this case, People always",euc_unemb,0.99,1,2,0.99846,0.58598,1.73371,1.71397,0.11336
19,"In this case, People always",cau_unemb,0.3,1,10,0.3288,0.39842,0.05398,0.05664,0.02434
19,"In this case, People always",cau_unemb,0.5,1,15,0.54105,0.39657,0.10483,0.10751,0.043
19,"In this case, People always",cau_unemb,0.7,1,19,0.70383,0.42095,0.15508,0.15704,0.04375
19,"In this case, People always",cau_unemb,0.9,1,27,0.90573,0.51455,0.32002,0.31856,0.02629
19,"In this case, People always",cau_unemb,0.99,1,41,0.99087,0.6582,0.90003,0.88787,0.04394
19,"In this case, People always",dua_unemb,0.3,1,1,0.32631,0.50389,0.06231,0.06439,0.00274
19,"In this case, People always",dua_unemb,0.5,1,2,0.53895,0.51677,0.18083,0.18118,0.00528
19,"In this case, People always",dua_unemb,0.7,1,4,0.765,0.53527,0.55221,0.54198,0.00867
19,"In this case, People always",dua_unemb,0.9,1,8,0.92153,0.54439,1.93556,1.887,0.01171
19,"In this case, People always",dua_unemb,0.99,1,13,0.9957,0.55738,3.97024,3.87275,0.03021
19,"In this case, People always",euc_dmd,0.3,1,1,0.88858,0.40352,0.37285,0.37243,0.05558
19,"In this case, People always",euc_dmd,0.5,1,1,0.88858,0.40352,0.37285,0.37243,0.05558
19,"In this case, People always",euc_dmd,0.7,1,1,0.88858,0.40352,0.37285,0.37243,0.05558
19,"In this case, People always",euc_dmd,0.9,1,2,0.99843,0.61274,1.38677,1.36796,0.05232
19,"In this case, People always",euc_dmd,0.99,1,2,0.99843,0.61274,1.38677,1.36796,0.05232
19,"In this case, People always",cau_dmd,0.3,1,4,0.32928,0.37053,0.07839,0.08102,0.0492
19,"In this case, People always",cau_dmd,0.5,1,6,0.53989,0.35575,0.14503,0.1476,0.05825
19,"In this case, People always",cau_dmd,0.7,1,8,0.73547,0.37617,0.21682,0.21838,0.0334
19,"In this case, People always",cau_dmd,0.9,1,11,0.90866,0.4522,0.36678,0.36522,0.03595
19,"In this case, People always",cau_dmd,0.99,1,17,0.99155,0.61441,0.92711,0.91505,0.0339
19,"In this case, People always",dua_dmd,0.3,1,1,0.45364,0.52536,0.09524,0.09639,0.06157
19,"In this case, People always",dua_dmd,0.5,1,2,0.71916,0.5347,0.27764,0.27694,0.0687
19,"In this case, People always",dua_dmd,0.7,1,2,0.71916,0.5347,0.27764,0.27694,0.0687
19,"In this case, People always",dua_dmd,0.9,1,4,0.92987,0.54276,0.82641,0.81647,0.0779
19,"In this case, People always",dua_dmd,0.99,1,7,0.99688,0.55303,2.11777,2.08645,0.08348
272,"Honestly, We rarely",euc_ctx,0.3,1,7,0.51253,0.21619,0.98237,0.99252,0.22065
272,"Honestly, We rarely",euc_ctx,0.5,1,7,0.51253,0.21619,0.98237,0.99252,0.22065
272,"Honestly, We rarely",euc_ctx,0.7,1,8,0.73073,0.24585,1.08386,1.09254,0.22314
272,"Honestly, We rarely",euc_ctx,0.9,1,10,0.94333,0.38665,1.23474,1.23784,0.19627
272,"Honestly, We rarely",euc_ctx,0.99,1,13,0.99515,0.5957,1.81586,1.80462,0.1874
272,"Honestly, We rarely",cau_ctx,0.3,0,,,,,,
272,"Honestly, We rarely",cau_ctx,0.5,0,,,,,,
272,"Honestly, We rarely",cau_ctx,0.7,0,,,,,,
272,"Honestly, We rarely",cau_ctx,0.9,0,,,,,,
272,"Honestly, We rarely",cau_ctx,0.99,0,,,,,,
272,"Honestly, We rarely",dua_ctx,0.3,1,109,0.30266,0.54984,3.02757,2.9277,0.0132
272,"Honestly, We rarely",dua_ctx,0.5,1,167,0.50019,0.52834,5.03453,4.90692,0.01792
272,"Honestly, We rarely",dua_ctx,0.7,1,241,0.70195,0.51055,6.89004,6.7544,0.05409
272,"Honestly, We rarely",dua_ctx,0.9,1,341,0.90173,0.5308,9.95653,9.81769,0.16879
272,"Honestly, We rarely",dua_ctx,0.99,1,416,0.99018,0.56527,11.37952,11.23966,0.16673
272,"Honestly, We rarely",euc_unemb,0.3,1,2,0.97574,0.36585,1.52732,1.53413,0.16162
272,"Honestly, We rarely",euc_unemb,0.5,1,2,0.97574,0.36585,1.52732,1.53413,0.16162
272,"Honestly, We rarely",euc_unemb,0.7,1,2,0.97574,0.36585,1.52732,1.53413,0.16162
272,"Honestly, We rarely",euc_unemb,0.9,1,2,0.97574,0.36585,1.52732,1.53413,0.16162
272,"Honestly, We rarely",euc_unemb,0.99,1,3,0.9999,0.49262,3.4152,3.39201,0.16908
272,"Honestly, We rarely",cau_unemb,0.3,1,31,0.31447,0.2335,0.63228,0.64467,0.20972
272,"Honestly, We rarely",cau_unemb,0.5,1,35,0.50584,0.23152,0.73591,0.74807,0.21376
272,"Honestly, We rarely",cau_unemb,0.7,1,40,0.73537,0.26081,0.84882,0.85974,0.20079
272,"Honestly, We rarely",cau_unemb,0.9,1,46,0.90139,0.33086,1.00357,1.01147,0.19819
272,"Honestly, We rarely",cau_unemb,0.99,1,59,0.99151,0.47131,1.60701,1.60316,0.19943
272,"Honestly, We rarely",dua_unemb,0.3,1,3,0.51127,0.60723,0.25968,0.26081,0.00685
272,"Honestly, We rarely",dua_unemb,0.5,1,3,0.51127,0.60723,0.25968,0.26081,0.00685
272,"Honestly, We rarely",dua_unemb,0.7,1,5,0.73516,0.62545,0.66244,0.65142,0.03516
272,"Honestly, We rarely",dua_unemb,0.9,1,10,0.90202,0.64536,2.89038,2.821,0.05482
272,"Honestly, We rarely",dua_unemb,0.99,1,19,0.99406,0.69395,6.50373,6.3711,0.05769
272,"Honestly, We rarely",euc_dmd,0.3,1,2,0.96984,0.28708,1.68247,1.68799,0.22153
272,"Honestly, We rarely",euc_dmd,0.5,1,2,0.96984,0.28708,1.68247,1.68799,0.22153
272,"Honestly, We rarely",euc_dmd,0.7,1,2,0.96984,0.28708,1.68247,1.68799,0.22153
272,"Honestly, We rarely",euc_dmd,0.9,1,2,0.96984,0.28708,1.68247,1.68799,0.22153
272,"Honestly, We rarely",euc_dmd,0.99,1,3,0.99977,0.51447,3.10374,3.08438,0.21126
272,"Honestly, We rarely",cau_dmd,0.3,1,13,0.32716,0.18646,0.995,1.00613,0.22943
272,"Honestly, We rarely",cau_dmd,0.5,1,15,0.54879,0.18268,1.18899,1.19921,0.22284
272,"Honestly, We rarely",cau_dmd,0.7,1,17,0.74973,0.20215,1.37477,1.38319,0.21737
272,"Honestly, We rarely",cau_dmd,0.9,1,20,0.9185,0.25856,1.69364,1.69758,0.20583
272,"Honestly, We rarely",cau_dmd,0.99,1,26,0.9932,0.35279,2.63676,2.62641,0.20651
272,"Honestly, We rarely",dua_dmd,0.3,1,2,0.36427,0.6104,0.14212,0.14509,0.02779
272,"Honestly, We rarely",dua_dmd,0.5,1,3,0.60152,0.60969,0.33751,0.33881,0.04068
272,"Honestly, We rarely",dua_dmd,0.7,1,4,0.72108,0.61013,0.55661,0.55425,0.04512
272,"Honestly, We rarely",dua_dmd,0.9,1,9,0.91265,0.61499,2.33548,2.30411,0.18339
272,"Honestly, We rarely",dua_dmd,0.99,1,15,0.99516,0.64395,5.55532,5.47577,0.18747
298,"At work, Our customers never",euc_ctx,0.3,1,6,0.51021,0.0946,0.70297,0.70414,0.07012
298,"At work, Our customers never",euc_ctx,0.5,1,6,0.51021,0.0946,0.70297,0.70414,0.07012
298,"At work, Our customers never",euc_ctx,0.7,1,7,0.72077,0.11048,0.77287,0.77276,0.06883
298,"At work, Our customers never",euc_ctx,0.9,1,9,0.9356,0.20373,0.89051,0.88644,0.05903
298,"At work, Our customers never",euc_ctx,0.99,1,12,0.99376,0.44818,1.44081,1.42594,0.08549
298,"At work, Our customers never",cau_ctx,0.3,0,,,,,,
298,"At work, Our customers never",cau_ctx,0.5,0,,,,,,
298,"At work, Our customers never",cau_ctx,0.7,0,,,,,,
298,"At work, Our customers never",cau_ctx,0.9,0,,,,,,
298,"At work, Our customers never",cau_ctx,0.99,0,,,,,,
298,"At work, Our customers never",dua_ctx,0.3,1,76,0.30039,0.33676,1.33223,1.27834,0.02961
298,"At work, Our customers never",dua_ctx,0.5,1,116,0.50439,0.31957,3.10746,3.01033,0.07262
298,"At work, Our customers never",dua_ctx,0.7,1,160,0.70249,0.31905,4.99023,4.86763,0.09618
298,"At work, Our customers never",dua_ctx,0.9,1,247,0.90051,0.37264,8.14477,8.00692,0.10795
298,"At work, Our customers never",dua_ctx,0.99,1,348,0.99044,0.45627,10.66893,10.52595,0.11882
298,"At work, Our customers never",euc_unemb,0.3,1,1,0.34124,0.07914,0.63375,0.63755,0.11606
298,"At work, Our customers never",euc_unemb,0.5,1,2,0.99018,0.23435,1.35078,1.3446,0.12044
298,"At work, Our customers never",euc_unemb,0.7,1,2,0.99018,0.23435,1.35078,1.3446,0.12044
298,"At work, Our customers never",euc_unemb,0.9,1,2,0.99018,0.23435,1.35078,1.3446,0.12044
298,"At work, Our customers never",euc_unemb,0.99,1,2,0.99018,0.23435,1.35078,1.3446,0.12044
298,"At work, Our customers never",cau_unemb,0.3,1,26,0.32555,0.10397,0.4169,0.42083,0.06715
298,"At work, Our customers never",cau_unemb,0.5,1,30,0.51344,0.10374,0.47946,0.48307,0.06714
298,"At work, Our customers never",cau_unemb,0.7,1,35,0.73663,0.1228,0.53217,0.53498,0.10252
298,"At work, Our customers never",cau_unemb,0.9,1,42,0.91579,0.18937,0.60642,0.60715,0.09443
298,"At work, Our customers never",cau_unemb,0.99,1,54,0.99091,0.3797,0.96598,0.95958,0.08288
298,"At work, Our customers never",dua_unemb,0.3,1,2,0.41739,0.40041,0.12083,0.1226,0.01307
298,"At work, Our customers never",dua_unemb,0.5,1,3,0.63853,0.42557,0.24492,0.24357,0.05722
298,"At work, Our customers never",dua_unemb,0.7,1,4,0.77232,0.44253,0.40511,0.39807,0.0608
298,"At work, Our customers never",dua_unemb,0.9,1,6,0.90996,0.4608,0.86449,0.84069,0.0239
298,"At work, Our customers never",dua_unemb,0.99,1,9,0.99577,0.48433,1.96853,1.91223,0.06519
298,"At work, Our customers never",euc_dmd,0.3,1,1,0.34075,0.06034,0.7564,0.75834,0.06936
298,"At work, Our customers never",euc_dmd,0.5,1,2,0.98706,0.1522,1.33865,1.33136,0.11529
298,"At work, Our customers never",euc_dmd,0.7,1,2,0.98706,0.1522,1.33865,1.33136,0.11529
298,"At work, Our customers never",euc_dmd,0.9,1,2,0.98706,0.1522,1.33865,1.33136,0.11529
298,"At work, Our customers never",euc_dmd,0.99,1,3,0.99988,0.41963,2.56984,2.54259,0.1032
298,"At work, Our customers never",cau_dmd,0.3,1,11,0.34471,0.07493,0.66074,0.663,0.06677
298,"At work, Our customers never",cau_dmd,0.5,1,13,0.5636,0.07316,0.78409,0.7854,0.06636
298,"At work, Our customers never",cau_dmd,0.7,1,15,0.75732,0.08409,0.88574,0.8857,0.05924
298,"At work, Our customers never",cau_dmd,0.9,1,18,0.91925,0.12318,1.0473,1.04438,0.05729
298,"At work, Our customers never",cau_dmd,0.99,1,24,0.99277,0.2503,1.64318,1.63058,0.07652
298,"At work, Our customers never",dua_dmd,0.3,1,2,0.51136,0.419,0.14003,0.14095,0.06245
298,"At work, Our customers never",dua_dmd,0.5,1,2,0.51136,0.419,0.14003,0.14095,0.06245
298,"At work, Our customers never",dua_dmd,0.7,1,3,0.75459,0.44363,0.29614,0.29397,0.06535
298,"At work, Our customers never",dua_dmd,0.9,1,5,0.93555,0.46648,0.70849,0.69678,0.08348
298,"At work, Our customers never",dua_dmd,0.99,1,8,0.99373,0.49183,1.67924,1.64807,0.08685
52,"In this case, Both of them rarely",euc_ctx,0.3,1,5,0.45219,0.14804,0.45791,0.46238,0.10843
52,"In this case, Both of them rarely",euc_ctx,0.5,1,6,0.66366,0.1578,0.5442,0.54809,0.10625
52,"In this case, Both of them rarely",euc_ctx,0.7,1,7,0.82288,0.19015,0.61144,0.61426,0.09612
52,"In this case, Both of them rarely",euc_ctx,0.9,1,8,0.91487,0.24301,0.68606,0.6873,0.08894
52,"In this case, Both of them rarely",euc_ctx,0.99,1,11,0.99155,0.46097,1.15362,1.14664,0.06029
52,"In this case, Both of them rarely",cau_ctx,0.3,0,,,,,,
52,"In this case, Both of them rarely",cau_ctx,0.5,0,,,,,,
52,"In this case, Both of them rarely",cau_ctx,0.7,0,,,,,,
52,"In this case, Both of them rarely",cau_ctx,0.9,0,,,,,,
52,"In this case, Both of them rarely",cau_ctx,0.99,0,,,,,,
52,"In this case, Both of them rarely",dua_ctx,0.3,1,89,0.30156,0.36232,1.8735,1.81815,0.05888
52,"In this case, Both of them rarely",dua_ctx,0.5,1,133,0.50011,0.33946,3.82956,3.73251,0.06861
52,"In this case, Both of them rarely",dua_ctx,0.7,1,179,0.70171,0.33009,5.56969,5.45168,0.08376
52,"In this case, Both of them rarely",dua_ctx,0.9,1,259,0.90035,0.37462,8.09718,7.96604,0.08798
52,"In this case, Both of them rarely",dua_ctx,0.99,1,397,0.99027,0.50653,11.3635,11.22634,0.0884
52,"In this case, Both of them rarely",euc_unemb,0.3,1,1,0.49186,0.12548,0.53314,0.53889,0.10453
52,"In this case, Both of them rarely",euc_unemb,0.5,1,2,0.99083,0.30717,1.32036,1.3168,0.0948
52,"In this case, Both of them rarely",euc_unemb,0.7,1,2,0.99083,0.30717,1.32036,1.3168,0.0948
52,"In this case, Both of them rarely",euc_unemb,0.9,1,2,0.99083,0.30717,1.32036,1.3168,0.0948
52,"In this case, Both of them rarely",euc_unemb,0.99,1,2,0.99083,0.30717,1.32036,1.3168,0.0948
52,"In this case, Both of them rarely",cau_unemb,0.3,1,22,0.31113,0.17152,0.26563,0.27092,0.10345
52,"In this case, Both of them rarely",cau_unemb,0.5,1,27,0.52168,0.17022,0.33782,0.3431,0.104
52,"In this case, Both of them rarely",cau_unemb,0.7,1,32,0.72415,0.19367,0.40199,0.40671,0.09742
52,"In this case, Both of them rarely",cau_unemb,0.9,1,40,0.91391,0.27929,0.54399,0.54642,0.05845
52,"In this case, Both of them rarely",cau_unemb,0.99,1,53,0.99012,0.46099,1.05592,1.05058,0.07376
52,"In this case, Both of them rarely",dua_unemb,0.3,1,2,0.46068,0.42311,0.15264,0.15616,0.01751
52,"In this case, Both of them rarely",dua_unemb,0.5,1,3,0.67159,0.44474,0.30494,0.30598,0.01674
52,"In this case, Both of them rarely",dua_unemb,0.7,1,4,0.80265,0.46166,0.50632,0.50285,0.02504
52,"In this case, Both of them rarely",dua_unemb,0.9,1,6,0.93367,0.48315,1.11697,1.0994,0.0486
52,"In this case, Both of them rarely",dua_unemb,0.99,1,9,0.99602,0.5065,2.63168,2.58513,0.05178
52,"In this case, Both of them rarely",euc_dmd,0.3,1,1,0.4935,0.10392,0.6262,0.62935,0.10951
52,"In this case, Both of them rarely",euc_dmd,0.5,1,2,0.98919,0.25397,1.26793,1.26183,0.10303
52,"In this case, Both of them rarely",euc_dmd,0.7,1,2,0.98919,0.25397,1.26793,1.26183,0.10303
52,"In this case, Both of them rarely",euc_dmd,0.9,1,2,0.98919,0.25397,1.26793,1.26183,0.10303
52,"In this case, Both of them rarely",euc_dmd,0.99,1,3,0.99986,0.51066,2.59909,2.57372,0.10209
52,"In this case, Both of them rarely",cau_dmd,0.3,1,9,0.30076,0.14382,0.39206,0.39574,0.10518
52,"In this case, Both of them rarely",cau_dmd,0.5,1,12,0.59788,0.13854,0.55769,0.56042,0.09965
52,"In this case, Both of them rarely",cau_dmd,0.7,1,14,0.77015,0.15708,0.66472,0.66622,0.08713
52,"In this case, Both of them rarely",cau_dmd,0.9,1,17,0.91726,0.21224,0.86118,0.85982,0.07605
52,"In this case, Both of them rarely",cau_dmd,0.99,1,23,0.99116,0.35682,1.52241,1.51159,0.06318
52,"In this case, Both of them rarely",dua_dmd,0.3,1,2,0.51077,0.42974,0.16106,0.16374,0.04712
52,"In this case, Both of them rarely",dua_dmd,0.5,1,2,0.51077,0.42974,0.16106,0.16374,0.04712
52,"In this case, Both of them rarely",dua_dmd,0.7,1,4,0.80045,0.44641,0.50567,0.50288,0.06648
52,"In this case, Both of them rarely",dua_dmd,0.9,1,6,0.91881,0.45257,1.02578,1.01459,0.07039
52,"In this case, Both of them rarely",dua_dmd,0.99,1,9,0.99085,0.46521,2.35389,2.32599,0.07553
18,"Every day, The engineers often",euc_ctx,0.3,1,6,0.5169,0.26768,0.6782,0.69064,0.06177
18,"Every day, The engineers often",euc_ctx,0.5,1,6,0.5169,0.26768,0.6782,0.69064,0.06177
18,"Every day, The engineers often",euc_ctx,0.7,1,7,0.72956,0.29784,0.80203,0.81357,0.05904
18,"Every day, The engineers often",euc_ctx,0.9,1,9,0.94147,0.42809,1.11226,1.1191,0.07581
18,"Every day, The engineers often",euc_ctx,0.99,1,12,0.99495,0.60297,1.96315,1.95746,0.06745
18,"Every day, The engineers often",cau_ctx,0.3,0,,,,,,
18,"Every day, The engineers often",cau_ctx,0.5,0,,,,,,
18,"Every day, The engineers often",cau_ctx,0.7,0,,,,,,
18,"Every day, The engineers often",cau_ctx,0.9,0,,,,,,
18,"Every day, The engineers often",cau_ctx,0.99,0,,,,,,
18,"Every day, The engineers often",dua_ctx,0.3,1,111,0.30308,0.49296,3.82087,3.74669,0.03493
18,"Every day, The engineers often",dua_ctx,0.5,1,159,0.50162,0.47197,6.64067,6.53108,0.03378
18,"Every day, The engineers often",dua_ctx,0.7,1,217,0.70135,0.46624,8.90762,8.7823,0.03817
18,"Every day, The engineers often",dua_ctx,0.9,1,311,0.90113,0.4829,11.38652,11.25188,0.05202
18,"Every day, The engineers often",dua_ctx,0.99,1,394,0.99012,0.52971,12.33817,12.20061,0.04928
18,"Every day, The engineers often",euc_unemb,0.3,1,1,0.35124,0.21918,0.5219,0.53538,0.0696
18,"Every day, The engineers often",euc_unemb,0.5,1,2,0.99038,0.4221,1.5724,1.57502,0.09206
18,"Every day, The engineers often",euc_unemb,0.7,1,2,0.99038,0.4221,1.5724,1.57502,0.09206
18,"Every day, The engineers often",euc_unemb,0.9,1,2,0.99038,0.4221,1.5724,1.57502,0.09206
18,"Every day, The engineers often",euc_unemb,0.99,1,2,0.99038,0.4221,1.5724,1.57502,0.09206
18,"Every day, The engineers often",cau_unemb,0.3,1,27,0.33384,0.26193,0.37884,0.38991,0.05835
18,"Every day, The engineers often",cau_unemb,0.5,1,31,0.51429,0.2664,0.44276,0.45391,0.061
18,"Every day, The engineers often",cau_unemb,0.7,1,36,0.72878,0.30277,0.52219,0.53256,0.06445
18,"Every day, The engineers often",cau_unemb,0.9,1,43,0.90756,0.39627,0.69808,0.70552,0.07002
18,"Every day, The engineers often",cau_unemb,0.99,1,56,0.99065,0.5562,1.35247,1.34948,0.06985
18,"Every day, The engineers often",dua_unemb,0.3,1,2,0.45772,0.54407,0.18028,0.18431,0.01347
18,"Every day, The engineers often",dua_unemb,0.5,1,3,0.69095,0.56054,0.36376,0.36584,0.01578
18,"Every day, The engineers often",dua_unemb,0.7,1,4,0.83619,0.57661,0.60985,0.60809,0.01819
18,"Every day, The engineers often",dua_unemb,0.9,1,5,0.92127,0.58956,0.94435,0.93726,0.02531
18,"Every day, The engineers often",dua_unemb,0.99,1,8,0.99621,0.61049,3.02226,2.9928,0.03292
18,"Every day, The engineers often",euc_dmd,0.3,1,1,0.31683,0.20758,0.5781,0.5903,0.07256
18,"Every day, The engineers often",euc_dmd,0.5,1,2,0.98377,0.39326,1.4104,1.41397,0.09071
18,"Every day, The engineers often",euc_dmd,0.7,1,2,0.98377,0.39326,1.4104,1.41397,0.09071
18,"Every day, The engineers often",euc_dmd,0.9,1,2,0.98377,0.39326,1.4104,1.41397,0.09071
18,"Every day, The engineers often",euc_dmd,0.99,1,3,0.99984,0.55417,3.16168,3.14132,0.09802
18,"Every day, The engineers often",cau_dmd,0.3,1,12,0.36058,0.24292,0.55004,0.56044,0.06826
18,"Every day, The engineers often",cau_dmd,0.5,1,14,0.56411,0.25136,0.64686,0.65689,0.06078
18,"Every day, The engineers often",cau_dmd,0.7,1,16,0.74599,0.28551,0.75325,0.76212,0.07125
18,"Every day, The engineers often",cau_dmd,0.9,1,19,0.90776,0.37009,0.98802,0.99351,0.03767
18,"Every day, The engineers often",cau_dmd,0.99,1,25,0.99043,0.52118,1.8203,1.81392,0.07899
18,"Every day, The engineers often",dua_dmd,0.3,1,2,0.48541,0.55134,0.19239,0.19601,0.01345
18,"Every day, The engineers often",dua_dmd,0.5,1,3,0.69729,0.55349,0.42262,0.42503,0.01651
18,"Every day, The engineers often",dua_dmd,0.7,1,4,0.79414,0.55378,0.67928,0.67919,0.01834
18,"Every day, The engineers often",dua_dmd,0.9,1,6,0.90006,0.555,1.36282,1.3557,0.0293
18,"Every day, The engineers often",dua_dmd,0.99,1,11,0.99254,0.56758,4.35747,4.32653,0.03248
228,"Today, Many people rarely",euc_ctx,0.3,1,7,0.35897,0.32212,0.98678,0.99735,0.18288
228,"Today, Many people rarely",euc_ctx,0.5,1,8,0.57826,0.33889,1.12776,1.1366,0.19065
228,"Today, Many people rarely",euc_ctx,0.7,1,9,0.76517,0.39064,1.2302,1.23623,0.19641
228,"Today, Many people rarely",euc_ctx,0.9,1,11,0.94466,0.54031,1.5223,1.51954,0.17181
228,"Today, Many people rarely",euc_ctx,0.99,1,14,0.99452,0.68701,2.33327,2.31205,0.16391
228,"Today, Many people rarely",cau_ctx,0.3,0,,,,,,
228,"Today, Many people rarely",cau_ctx,0.5,0,,,,,,
228,"Today, Many people rarely",cau_ctx,0.7,0,,,,,,
228,"Today, Many people rarely",cau_ctx,0.9,0,,,,,,
228,"Today, Many people rarely",cau_ctx,0.99,0,,,,,,
228,"Today, Many people rarely",dua_ctx,0.3,1,127,0.30001,0.58437,3.7911,3.67426,0.04039
228,"Today, Many people rarely",dua_ctx,0.5,1,190,0.50237,0.55391,6.11879,5.98324,0.05714
228,"Today, Many people rarely",dua_ctx,0.7,1,256,0.70197,0.5372,7.74902,7.60852,0.06149
228,"Today, Many people rarely",dua_ctx,0.9,1,348,0.9005,0.5639,9.93139,9.78779,0.13004
228,"Today, Many people rarely",dua_ctx,0.99,1,481,0.99008,0.63384,10.96803,10.82201,0.13528
228,"Today, Many people rarely",euc_unemb,0.3,1,2,0.97326,0.48353,1.3293,1.33267,0.15252
228,"Today, Many people rarely",euc_unemb,0.5,1,2,0.97326,0.48353,1.3293,1.33267,0.15252
228,"Today, Many people rarely",euc_unemb,0.7,1,2,0.97326,0.48353,1.3293,1.33267,0.15252
228,"Today, Many people rarely",euc_unemb,0.9,1,2,0.97326,0.48353,1.3293,1.33267,0.15252
228,"Today, Many people rarely",euc_unemb,0.99,1,3,0.99991,0.58311,3.27929,3.24613,0.1583
228,"Today, Many people rarely",cau_unemb,0.3,1,33,0.32553,0.29345,0.56817,0.5818,0.16485
228,"Today, Many people rarely",cau_unemb,0.5,1,37,0.52582,0.30037,0.66011,0.67334,0.17297
228,"Today, Many people rarely",cau_unemb,0.7,1,41,0.7176,0.3353,0.74502,0.75701,0.16175
228,"Today, Many people rarely",cau_unemb,0.9,1,48,0.91498,0.44108,0.93509,0.94264,0.15284
228,"Today, Many people rarely",cau_unemb,0.99,1,59,0.99022,0.58079,1.46712,1.46298,0.15477
228,"Today, Many people rarely",dua_unemb,0.3,1,3,0.45866,0.63346,0.24032,0.23946,0.01508
228,"Today, Many people rarely",dua_unemb,0.5,1,4,0.5907,0.6377,0.40842,0.40091,0.01681
228,"Today, Many people rarely",dua_unemb,0.7,1,6,0.72868,0.64318,0.89517,0.86767,0.02363
228,"Today, Many people rarely",dua_unemb,0.9,1,12,0.9093,0.64728,3.88404,3.77874,0.03727
228,"Today, Many people rarely",dua_unemb,0.99,1,19,0.99579,0.67368,6.55266,6.4118,0.02942
228,"Today, Many people rarely",euc_dmd,0.3,1,2,0.96488,0.43116,1.42683,1.43328,0.16832
228,"Today, Many people rarely",euc_dmd,0.5,1,2,0.96488,0.43116,1.42683,1.43328,0.16832
228,"Today, Many people rarely",euc_dmd,0.7,1,2,0.96488,0.43116,1.42683,1.43328,0.16832
228,"Today, Many people rarely",euc_dmd,0.9,1,2,0.96488,0.43116,1.42683,1.43328,0.16832
228,"Today, Many people rarely",euc_dmd,0.99,1,3,0.99981,0.63491,3.04106,3.01674,0.17838
228,"Today, Many people rarely",cau_dmd,0.3,1,14,0.33652,0.24648,0.97587,0.98984,0.17822
228,"Today, Many people rarely",cau_dmd,0.5,1,16,0.5638,0.25175,1.15644,1.16951,0.18012
228,"Today, Many people rarely",cau_dmd,0.7,1,18,0.76455,0.28618,1.33121,1.34228,0.17358
228,"Today, Many people rarely",cau_dmd,0.9,1,21,0.92652,0.36616,1.65996,1.66585,0.17605
228,"Today, Many people rarely",cau_dmd,0.99,1,26,0.99128,0.46051,2.48132,2.474,0.17401
228,"Today, Many people rarely",dua_dmd,0.3,1,2,0.33187,0.63952,0.14195,0.14499,0.0146
228,"Today, Many people rarely",dua_dmd,0.5,1,3,0.54509,0.63249,0.33034,0.33232,0.03912
228,"Today, Many people rarely",dua_dmd,0.7,1,5,0.73092,0.62645,0.77163,0.7665,0.04977
228,"Today, Many people rarely",dua_dmd,0.9,1,9,0.90137,0.62345,2.42589,2.39292,0.10433
228,"Today, Many people rarely",dua_dmd,0.99,1,15,0.99123,0.65189,5.56833,5.48327,0.14363
201,"Over time, I really",euc_ctx,0.3,1,7,0.5102,0.0362,0.77283,0.76931,0.04505
201,"Over time, I really",euc_ctx,0.5,1,7,0.5102,0.0362,0.77283,0.76931,0.04505
201,"Over time, I really",euc_ctx,0.7,1,8,0.72022,0.0425,0.82191,0.81708,0.05897
201,"Over time, I really",euc_ctx,0.9,1,10,0.93607,0.08438,0.85552,0.84746,0.08923
201,"Over time, I really",euc_ctx,0.99,1,13,0.99413,0.25313,1.05915,1.04357,0.11479
201,"Over time, I really",cau_ctx,0.3,0,,,,,,
201,"Over time, I really",cau_ctx,0.5,0,,,,,,
201,"Over time, I really",cau_ctx,0.7,0,,,,,,
201,"Over time, I really",cau_ctx,0.9,0,,,,,,
201,"Over time, I really",cau_ctx,0.99,0,,,,,,
201,"Over time, I really",dua_ctx,0.3,1,54,0.30391,0.26557,0.50279,0.46022,0.01284
201,"Over time, I really",dua_ctx,0.5,1,81,0.50174,0.25217,1.03375,0.95865,0.02165
201,"Over time, I really",dua_ctx,0.7,1,108,0.70056,0.24433,1.64976,1.55016,0.08368
201,"Over time, I really",dua_ctx,0.9,1,151,0.90258,0.25171,3.03693,2.91398,0.0456
201,"Over time, I really",dua_ctx,0.99,1,188,0.991,0.27107,4.28347,4.15043,0.04936
201,"Over time, I really",euc_unemb,0.3,1,2,0.95273,0.05468,1.18909,1.17996,0.15773
201,"Over time, I really",euc_unemb,0.5,1,2,0.95273,0.05468,1.18909,1.17996,0.15773
201,"Over time, I really",euc_unemb,0.7,1,2,0.95273,0.05468,1.18909,1.17996,0.15773
201,"Over time, I really",euc_unemb,0.9,1,2,0.95273,0.05468,1.18909,1.17996,0.15773
201,"Over time, I really",euc_unemb,0.99,1,3,0.99974,0.34557,1.98753,1.96239,0.14745
201,"Over time, I really",cau_unemb,0.3,1,32,0.30543,0.0472,0.60327,0.60138,0.0952
201,"Over time, I really",cau_unemb,0.5,1,37,0.52503,0.04574,0.70677,0.70354,0.09943
201,"Over time, I really",cau_unemb,0.7,1,42,0.73411,0.05286,0.79523,0.79036,0.1191
201,"Over time, I really",cau_unemb,0.9,1,49,0.90783,0.07876,0.92274,0.91493,0.11936
201,"Over time, I really",cau_unemb,0.99,1,62,0.99028,0.17712,1.31076,1.29505,0.1442
201,"Over time, I really",dua_unemb,0.3,1,3,0.42719,0.32313,0.14564,0.14164,0.00775
201,"Over time, I really",dua_unemb,0.5,1,4,0.5315,0.32986,0.23821,0.22675,0.01173
201,"Over time, I really",dua_unemb,0.7,1,7,0.72817,0.34407,0.62898,0.58786,0.01362
201,"Over time, I really",dua_unemb,0.9,1,13,0.90957,0.36699,1.71099,1.62037,0.09515
201,"Over time, I really",dua_unemb,0.99,1,23,0.99144,0.4204,3.96042,3.83372,0.12679
201,"Over time, I really",euc_dmd,0.3,1,2,0.94114,0.0221,1.52931,1.51566,0.12813
201,"Over time, I really",euc_dmd,0.5,1,2,0.94114,0.0221,1.52931,1.51566,0.12813
201,"Over time, I really",euc_dmd,0.7,1,2,0.94114,0.0221,1.52931,1.51566,0.12813
201,"Over time, I really",euc_dmd,0.9,1,2,0.94114,0.0221,1.52931,1.51566,0.12813
201,"Over time, I really",euc_dmd,0.99,1,3,0.99929,0.0882,2.21765,2.18873,0.13621
201,"Over time, I really",cau_dmd,0.3,1,13,0.36684,0.02054,1.21684,1.21039,0.11941
201,"Over time, I really",cau_dmd,0.5,1,15,0.58848,0.0168,1.54154,1.53166,0.12482
201,"Over time, I really",cau_dmd,0.7,1,17,0.77619,0.0156,1.89538,1.88134,0.12606
201,"Over time, I really",cau_dmd,0.9,1,20,0.92709,0.01585,2.48528,2.46385,0.12677
201,"Over time, I really",cau_dmd,0.99,1,25,0.99045,0.01705,3.58943,3.55373,0.14402
201,"Over time, I really",dua_dmd,0.3,1,2,0.37774,0.32736,0.09229,0.09272,0.01664
201,"Over time, I really",dua_dmd,0.5,1,3,0.55781,0.33746,0.18153,0.1777,0.01946
201,"Over time, I really",dua_dmd,0.7,1,5,0.75981,0.34738,0.43597,0.41696,0.02073
201,"Over time, I really",dua_dmd,0.9,1,9,0.91158,0.3635,1.26338,1.20953,0.08611
201,"Over time, I really",dua_dmd,0.99,1,19,0.99376,0.40492,3.4313,3.32853,0.11895
223,"Honestly, Voters now",euc_ctx,0.3,1,5,0.36849,0.32578,0.44256,0.45406,0.04567
223,"Honestly, Voters now",euc_ctx,0.5,1,6,0.60657,0.33356,0.53974,0.55104,0.05025
223,"Honestly, Voters now",euc_ctx,0.7,1,7,0.8016,0.38348,0.60313,0.61318,0.047
223,"Honestly, Voters now",euc_ctx,0.9,1,8,0.91287,0.46254,0.67398,0.68177,0.04668
223,"Honestly, Voters now",euc_ctx,0.99,1,11,0.99401,0.69293,1.16545,1.16171,0.0458
223,"Honestly, Voters now",cau_ctx,0.3,0,,,,,,
223,"Honestly, Voters now",cau_ctx,0.5,0,,,,,,
223,"Honestly, Voters now",cau_ctx,0.7,0,,,,,,
223,"Honestly, Voters now",cau_ctx,0.9,0,,,,,,
223,"Honestly, Voters now",cau_ctx,0.99,0,,,,,,
223,"Honestly, Voters now",dua_ctx,0.3,1,127,0.3015,0.58813,4.15715,4.05084,0.04552
223,"Honestly, Voters now",dua_ctx,0.5,1,191,0.50203,0.56758,6.51842,6.39284,0.05347
223,"Honestly, Voters now",dua_ctx,0.7,1,253,0.70124,0.54562,7.83475,7.70383,0.05932
223,"Honestly, Voters now",dua_ctx,0.9,1,326,0.90044,0.53607,8.89751,8.76417,0.03287
223,"Honestly, Voters now",dua_ctx,0.99,1,383,0.99107,0.55086,9.55447,9.42031,0.03384
223,"Honestly, Voters now",euc_unemb,0.3,1,1,0.33754,0.31529,0.40444,0.41717,0.17945
223,"Honestly, Voters now",euc_unemb,0.5,1,2,0.98488,0.53907,1.18713,1.18872,0.223
223,"Honestly, Voters now",euc_unemb,0.7,1,2,0.98488,0.53907,1.18713,1.18872,0.223
223,"Honestly, Voters now",euc_unemb,0.9,1,2,0.98488,0.53907,1.18713,1.18872,0.223
223,"Honestly, Voters now",euc_unemb,0.99,1,3,0.99988,0.5444,3.05346,3.02628,0.22467
223,"Honestly, Voters now",cau_unemb,0.3,1,25,0.32224,0.32523,0.31298,0.32293,0.01664
223,"Honestly, Voters now",cau_unemb,0.5,1,29,0.50065,0.32655,0.35588,0.36589,0.01854
223,"Honestly, Voters now",cau_unemb,0.7,1,34,0.7173,0.36404,0.38301,0.3922,0.05062
223,"Honestly, Voters now",cau_unemb,0.9,1,41,0.90227,0.46713,0.43852,0.44475,0.05236
223,"Honestly, Voters now",cau_unemb,0.99,1,55,0.99164,0.66483,0.84377,0.83887,0.05347
223,"Honestly, Voters now",dua_unemb,0.3,1,3,0.35806,0.59981,0.21046,0.21117,0.00611
223,"Honestly, Voters now",dua_unemb,0.5,1,6,0.53713,0.60356,0.71274,0.69391,0.01139
223,"Honestly, Voters now",dua_unemb,0.7,1,12,0.72419,0.59956,2.43262,2.35745,0.01815
223,"Honestly, Voters now",dua_unemb,0.9,1,20,0.91129,0.59336,4.97988,4.85773,0.02061
223,"Honestly, Voters now",dua_unemb,0.99,1,26,0.99319,0.6005,6.30587,6.17638,0.0224
223,"Honestly, Voters now",euc_dmd,0.3,1,1,0.38055,0.27191,0.46941,0.48252,0.02032
223,"Honestly, Voters now",euc_dmd,0.5,1,2,0.98722,0.53194,0.90841,0.9131,0.17821
223,"Honestly, Voters now",euc_dmd,0.7,1,2,0.98722,0.53194,0.90841,0.9131,0.17821
223,"Honestly, Voters now",euc_dmd,0.9,1,2,0.98722,0.53194,0.90841,0.9131,0.17821
223,"Honestly, Voters now",euc_dmd,0.99,1,3,0.99988,0.65779,2.22786,2.20934,0.20748
223,"Honestly, Voters now",cau_dmd,0.3,1,10,0.3783,0.26483,0.49749,0.50912,0.06384
223,"Honestly, Voters now",cau_dmd,0.5,1,12,0.61181,0.27358,0.5704,0.582,0.06447
223,"Honestly, Voters now",cau_dmd,0.7,1,13,0.71579,0.29262,0.59319,0.60443,0.06306
223,"Honestly, Voters now",cau_dmd,0.9,1,16,0.90882,0.39382,0.67265,0.68136,0.05721
223,"Honestly, Voters now",cau_dmd,0.99,1,22,0.9927,0.60561,1.17292,1.17075,0.0587
223,"Honestly, Voters now",dua_dmd,0.3,1,2,0.31209,0.60138,0.12777,0.1319,0.00581
223,"Honestly, Voters now",dua_dmd,0.5,1,3,0.51835,0.59433,0.31329,0.3154,0.01016
223,"Honestly, Voters now",dua_dmd,0.7,1,5,0.71276,0.58844,0.73948,0.73112,0.01667
223,"Honestly, Voters now",dua_dmd,0.9,1,10,0.92306,0.58713,2.37544,2.32876,0.02205
223,"Honestly, Voters now",dua_dmd,0.99,1,14,0.99255,0.5931,3.96989,3.89645,0.02373
1,Most doctors,euc_ctx,0.3,1,6,0.40559,0.05761,0.44033,0.44276,0.19511
1,Most doctors,euc_ctx,0.5,1,7,0.5976,0.05813,0.51501,0.51708,0.1972
1,Most doctors,euc_ctx,0.7,1,8,0.76275,0.0667,0.57132,0.5729,0.19612
1,Most doctors,euc_ctx,0.9,1,10,0.93644,0.11058,0.67075,0.67076,0.19326
1,Most doctors,euc_ctx,0.99,1,13,0.99251,0.25161,0.95258,0.9483,0.14793
1,Most doctors,cau_ctx,0.3,0,,,,,,
1,Most doctors,cau_ctx,0.5,0,,,,,,
1,Most doctors,cau_ctx,0.7,0,,,,,,
1,Most doctors,cau_ctx,0.9,0,,,,,,
1,Most doctors,cau_ctx,0.99,0,,,,,,
1,Most doctors,dua_ctx,0.3,1,81,0.30379,0.23208,1.01555,0.97594,0.05144
1,Most doctors,dua_ctx,0.5,1,122,0.50224,0.23656,2.05398,1.98051,0.0602
1,Most doctors,dua_ctx,0.7,1,164,0.70193,0.24748,3.02191,2.92242,0.06407
1,Most doctors,dua_ctx,0.9,1,211,0.90382,0.26223,4.19774,4.07983,0.07157
1,Most doctors,dua_ctx,0.99,1,238,0.9907,0.27432,5.10215,4.97817,0.07401
1,Most doctors,euc_unemb,0.3,1,2,0.93103,0.15523,0.97788,0.98363,0.2006
1,Most doctors,euc_unemb,0.5,1,2,0.93103,0.15523,0.97788,0.98363,0.2006
1,Most doctors,euc_unemb,0.7,1,2,0.93103,0.15523,0.97788,0.98363,0.2006
1,Most doctors,euc_unemb,0.9,1,2,0.93103,0.15523,0.97788,0.98363,0.2006
1,Most doctors,euc_unemb,0.99,1,3,0.99853,0.3901,2.52142,2.51374,0.21036
1,Most doctors,cau_unemb,0.3,1,29,0.32676,0.07088,0.27638,0.27938,0.18665
1,Most doctors,cau_unemb,0.5,1,34,0.50719,0.06992,0.32917,0.33201,0.18174
1,Most doctors,cau_unemb,0.7,1,40,0.7164,0.08041,0.37809,0.38046,0.18453
1,Most doctors,cau_unemb,0.9,1,49,0.90581,0.1231,0.45971,0.46063,0.17678
1,Most doctors,cau_unemb,0.99,1,65,0.99008,0.27393,0.8279,0.82329,0.11748
1,Most doctors,dua_unemb,0.3,1,3,0.45073,0.26681,0.12555,0.12627,0.00439
1,Most doctors,dua_unemb,0.5,1,4,0.56431,0.27787,0.20925,0.20582,0.00477
1,Most doctors,dua_unemb,0.7,1,6,0.70325,0.29183,0.429,0.41384,0.08676
1,Most doctors,dua_unemb,0.9,1,11,0.91368,0.31329,1.2129,1.15962,0.0889
1,Most doctors,dua_unemb,0.99,1,15,0.99591,0.33457,1.94759,1.86804,0.00945
1,Most doctors,euc_dmd,0.3,1,2,0.94136,0.1002,0.82732,0.83026,0.16527
1,Most doctors,euc_dmd,0.5,1,2,0.94136,0.1002,0.82732,0.83026,0.16527
1,Most doctors,euc_dmd,0.7,1,2,0.94136,0.1002,0.82732,0.83026,0.16527
1,Most doctors,euc_dmd,0.9,1,2,0.94136,0.1002,0.82732,0.83026,0.16527
1,Most doctors,euc_dmd,0.99,1,3,0.99857,0.29762,1.719,1.71278,0.11763
1,Most doctors,cau_dmd,0.3,1,11,0.31636,0.05244,0.4199,0.42216,0.19711
1,Most doctors,cau_dmd,0.5,1,14,0.59147,0.04972,0.5401,0.54172,0.19975
1,Most doctors,cau_dmd,0.7,1,16,0.75293,0.05608,0.60479,0.60574,0.19871
1,Most doctors,cau_dmd,0.9,1,19,0.90056,0.07768,0.70744,0.70695,0.19431
1,Most doctors,cau_dmd,0.99,1,26,0.99014,0.17635,1.16393,1.15723,0.10454
1,Most doctors,dua_dmd,0.3,1,2,0.36555,0.25987,0.07276,0.07637,0.00422
1,Most doctors,dua_dmd,0.5,1,3,0.6362,0.28539,0.18599,0.18803,0.03101
1,Most doctors,dua_dmd,0.7,1,4,0.778,0.29827,0.31099,0.30909,0.03111
1,Most doctors,dua_dmd,0.9,1,6,0.91477,0.31282,0.61086,0.59736,0.03229
1,Most doctors,dua_dmd,0.99,1,9,0.99533,0.33203,1.21651,1.18192,0.0473
215,"At home, Many people also",euc_ctx,0.3,1,6,0.40386,0.11105,0.83118,0.83778,0.10207
215,"At home, Many people also",euc_ctx,0.5,1,7,0.63242,0.1164,0.95097,0.95696,0.10097
215,"At home, Many people also",euc_ctx,0.7,1,8,0.81138,0.14312,1.0241,1.02906,0.09775
215,"At home, Many people also",euc_ctx,0.9,1,9,0.91354,0.19171,1.08831,1.09177,0.09143
215,"At home, Many people also",euc_ctx,0.99,1,12,0.99284,0.43111,1.52126,1.51668,0.03687
215,"At home, Many people also",cau_ctx,0.3,0,,,,,,
215,"At home, Many people also",cau_ctx,0.5,0,,,,,,
215,"At home, Many people also",cau_ctx,0.7,0,,,,,,
215,"At home, Many people also",cau_ctx,0.9,0,,,,,,
215,"At home, Many people also",cau_ctx,0.99,0,,,,,,
215,"At home, Many people also",dua_ctx,0.3,1,103,0.30326,0.389,2.88427,2.8198,0.02111
215,"At home, Many people also",dua_ctx,0.5,1,146,0.50135,0.35716,5.4276,5.32633,0.03351
215,"At home, Many people also",dua_ctx,0.7,1,187,0.7025,0.34608,7.32002,7.2011,0.04165
215,"At home, Many people also",dua_ctx,0.9,1,255,0.90125,0.38088,9.23067,9.09963,0.04175
215,"At home, Many people also",dua_ctx,0.99,1,384,0.99024,0.50074,11.90081,11.76172,0.0352
215,"At home, Many people also",euc_unemb,0.3,1,2,0.97701,0.21749,1.28763,1.28756,0.08426
215,"At home, Many people also",euc_unemb,0.5,1,2,0.97701,0.21749,1.28763,1.28756,0.08426
215,"At home, Many people also",euc_unemb,0.7,1,2,0.97701,0.21749,1.28763,1.28756,0.08426
215,"At home, Many people also",euc_unemb,0.9,1,2,0.97701,0.21749,1.28763,1.28756,0.08426
215,"At home, Many people also",euc_unemb,0.99,1,3,0.99985,0.46202,2.92876,2.90551,0.08406
215,"At home, Many people also",cau_unemb,0.3,1,29,0.30272,0.1354,0.49003,0.4968,0.09881
215,"At home, Many people also",cau_unemb,0.5,1,34,0.51984,0.13641,0.56429,0.57088,0.09851
215,"At home, Many people also",cau_unemb,0.7,1,39,0.72876,0.16099,0.60755,0.61346,0.09364
215,"At home, Many people also",cau_unemb,0.9,1,46,0.9048,0.23847,0.67414,0.67811,0.07848
215,"At home, Many people also",cau_unemb,0.99,1,60,0.99137,0.47884,1.11205,1.10764,0.03107
215,"At home, Many people also",dua_unemb,0.3,1,2,0.45781,0.47145,0.16352,0.16605,0.01434
215,"At home, Many people also",dua_unemb,0.5,1,3,0.68604,0.49278,0.33727,0.33687,0.01638
215,"At home, Many people also",dua_unemb,0.7,1,4,0.81176,0.50784,0.55633,0.55081,0.01811
215,"At home, Many people also",dua_unemb,0.9,1,6,0.92865,0.52445,1.18247,1.16246,0.01836
215,"At home, Many people also",dua_unemb,0.99,1,9,0.99318,0.53976,2.80858,2.75811,0.06376
215,"At home, Many people also",euc_dmd,0.3,1,2,0.97148,0.13161,1.45581,1.45388,0.09024
215,"At home, Many people also",euc_dmd,0.5,1,2,0.97148,0.13161,1.45581,1.45388,0.09024
215,"At home, Many people also",euc_dmd,0.7,1,2,0.97148,0.13161,1.45581,1.45388,0.09024
215,"At home, Many people also",euc_dmd,0.9,1,2,0.97148,0.13161,1.45581,1.45388,0.09024
215,"At home, Many people also",euc_dmd,0.99,1,3,0.99972,0.39816,2.43848,2.41999,0.08683
215,"At home, Many people also",cau_dmd,0.3,1,13,0.39412,0.09522,0.8278,0.83314,0.10129
215,"At home, Many people also",cau_dmd,0.5,1,15,0.6012,0.09717,0.93783,0.94238,0.09914
215,"At home, Many people also",cau_dmd,0.7,1,17,0.77527,0.11327,1.02882,1.03218,0.09708
215,"At home, Many people also",cau_dmd,0.9,1,20,0.92111,0.16267,1.17989,1.18062,0.08075
215,"At home, Many people also",cau_dmd,0.99,1,26,0.99201,0.31197,1.74131,1.73309,0.06361
215,"At home, Many people also",dua_dmd,0.3,1,2,0.60225,0.51296,0.22349,0.22484,0.01737
215,"At home, Many people also",dua_dmd,0.5,1,2,0.60225,0.51296,0.22349,0.22484,0.01737
215,"At home, Many people also",dua_dmd,0.7,1,3,0.85697,0.52996,0.50155,0.50085,0.03114
215,"At home, Many people also",dua_dmd,0.9,1,4,0.95341,0.53794,0.84844,0.84445,0.03479
215,"At home, Many people also",dua_dmd,0.99,1,6,0.99605,0.54812,1.86834,1.85564,0.03503
225,"Usually, Many people just",euc_ctx,0.3,1,7,0.51629,0.18248,0.93855,0.94932,0.1604
225,"Usually, Many people just",euc_ctx,0.5,1,7,0.51629,0.18248,0.93855,0.94932,0.1604
225,"Usually, Many people just",euc_ctx,0.7,1,8,0.72842,0.20807,1.06834,1.07798,0.18543
225,"Usually, Many people just",euc_ctx,0.9,1,10,0.94089,0.32822,1.3518,1.35672,0.16941
225,"Usually, Many people just",euc_ctx,0.99,1,13,0.99491,0.51946,2.18501,2.17715,0.16913
225,"Usually, Many people just",cau_ctx,0.3,0,,,,,,
225,"Usually, Many people just",cau_ctx,0.5,0,,,,,,
225,"Usually, Many people just",cau_ctx,0.7,0,,,,,,
225,"Usually, Many people just",cau_ctx,0.9,0,,,,,,
225,"Usually, Many people just",cau_ctx,0.99,0,,,,,,
225,"Usually, Many people just",dua_ctx,0.3,1,98,0.3014,0.43873,2.43957,2.35898,0.02197
225,"Usually, Many people just",dua_ctx,0.5,1,143,0.50015,0.41419,4.38796,4.27403,0.02716
225,"Usually, Many people just",dua_ctx,0.7,1,186,0.70433,0.39877,6.04081,5.9147,0.03001
225,"Usually, Many people just",dua_ctx,0.9,1,235,0.90112,0.39412,7.71188,7.57977,0.03137
225,"Usually, Many people just",dua_ctx,0.99,1,361,0.9903,0.44244,10.47347,10.33604,0.18669
225,"Usually, Many people just",euc_unemb,0.3,1,2,0.95576,0.26779,1.49984,1.50444,0.19932
225,"Usually, Many people just",euc_unemb,0.5,1,2,0.95576,0.26779,1.49984,1.50444,0.19932
225,"Usually, Many people just",euc_unemb,0.7,1,2,0.95576,0.26779,1.49984,1.50444,0.19932
225,"Usually, Many people just",euc_unemb,0.9,1,2,0.95576,0.26779,1.49984,1.50444,0.19932
225,"Usually, Many people just",euc_unemb,0.99,1,3,0.99968,0.47217,3.34505,3.32429,0.19333
225,"Usually, Many people just",cau_unemb,0.3,1,32,0.30953,0.17375,0.70375,0.71266,0.17344
225,"Usually, Many people just",cau_unemb,0.5,1,37,0.52916,0.16884,0.86276,0.87086,0.19509
225,"Usually, Many people just",cau_unemb,0.7,1,41,0.70029,0.18162,0.98071,0.9876,0.20804
225,"Usually, Many people just",cau_unemb,0.9,1,49,0.90912,0.24311,1.24263,1.24552,0.20661
225,"Usually, Many people just",cau_unemb,0.99,1,62,0.99042,0.36056,1.91552,1.90759,0.18938
225,"Usually, Many people just",dua_unemb,0.3,1,2,0.33811,0.50715,0.12517,0.12852,0.00961
225,"Usually, Many people just",dua_unemb,0.5,1,3,0.56599,0.52213,0.26473,0.26565,0.01213
225,"Usually, Many people just",dua_unemb,0.7,1,4,0.70582,0.53536,0.44732,0.44287,0.0143
225,"Usually, Many people just",dua_unemb,0.9,1,10,0.91297,0.55574,2.56638,2.50139,0.02571
225,"Usually, Many people just",dua_unemb,0.99,1,18,0.99399,0.55931,5.23178,5.10736,0.14976
225,"Usually, Many people just",euc_dmd,0.3,1,2,0.95622,0.19663,1.77004,1.77401,0.22166
225,"Usually, Many people just",euc_dmd,0.5,1,2,0.95622,0.19663,1.77004,1.77401,0.22166
225,"Usually, Many people just",euc_dmd,0.7,1,2,0.95622,0.19663,1.77004,1.77401,0.22166
225,"Usually, Many people just",euc_dmd,0.9,1,2,0.95622,0.19663,1.77004,1.77401,0.22166
225,"Usually, Many people just",euc_dmd,0.99,1,3,0.99958,0.41242,3.30336,3.28623,0.21854
225,"Usually, Many people just",cau_dmd,0.3,1,13,0.32123,0.14916,1.01103,1.02171,0.22034
225,"Usually, Many people just",cau_dmd,0.5,1,15,0.5332,0.14294,1.22472,1.23462,0.23322
225,"Usually, Many people just",cau_dmd,0.7,1,17,0.73138,0.15484,1.4304,1.43879,0.2246
225,"Usually, Many people just",cau_dmd,0.9,1,20,0.90741,0.19618,1.78193,1.78656,0.21576
225,"Usually, Many people just",cau_dmd,0.99,1,26,0.99161,0.27494,2.81285,2.80487,0.21095
225,"Usually, Many people just",dua_dmd,0.3,1,2,0.43035,0.5212,0.16382,0.16632,0.01149
225,"Usually, Many people just",dua_dmd,0.5,1,3,0.7103,0.52888,0.39409,0.39438,0.01774
225,"Usually, Many people just",dua_dmd,0.7,1,3,0.7103,0.52888,0.39409,0.39438,0.01774
225,"Usually, Many people just",dua_dmd,0.9,1,5,0.9171,0.53834,1.01865,1.00865,0.1382
225,"Usually, Many people just",dua_dmd,0.99,1,10,0.994,0.54736,3.57649,3.52708,0.16342
162,"At home, These kids",euc_ctx,0.3,1,6,0.34478,0.09656,0.67688,0.68265,0.2429
162,"At home, These kids",euc_ctx,0.5,1,7,0.5475,0.09823,0.8424,0.84771,0.29635
162,"At home, These kids",euc_ctx,0.7,1,8,0.73357,0.11431,0.99737,1.00185,0.30161
162,"At home, These kids",euc_ctx,0.9,1,10,0.93216,0.19355,1.33823,1.33975,0.28723
162,"At home, These kids",euc_ctx,0.99,1,13,0.99277,0.39551,2.1545,2.1477,0.27476
162,"At home, These kids",cau_ctx,0.3,0,,,,,,
162,"At home, These kids",cau_ctx,0.5,0,,,,,,
162,"At home, These kids",cau_ctx,0.7,0,,,,,,
162,"At home, These kids",cau_ctx,0.9,0,,,,,,
162,"At home, These kids",cau_ctx,0.99,0,,,,,,
162,"At home, These kids",dua_ctx,0.3,1,68,0.30286,0.2584,0.79161,0.74785,0.00976
162,"At home, These kids",dua_ctx,0.5,1,108,0.5035,0.25586,1.73413,1.64844,0.01557
162,"At home, These kids",dua_ctx,0.7,1,153,0.70261,0.26752,2.77309,2.65956,0.0202
162,"At home, These kids",dua_ctx,0.9,1,207,0.9011,0.28511,4.10543,3.97735,0.0254
162,"At home, These kids",dua_ctx,0.99,1,270,0.99024,0.31278,5.75833,5.62407,0.23651
162,"At home, These kids",euc_unemb,0.3,1,2,0.94952,0.17008,1.37435,1.37865,0.3081
162,"At home, These kids",euc_unemb,0.5,1,2,0.94952,0.17008,1.37435,1.37865,0.3081
162,"At home, These kids",euc_unemb,0.7,1,2,0.94952,0.17008,1.37435,1.37865,0.3081
162,"At home, These kids",euc_unemb,0.9,1,2,0.94952,0.17008,1.37435,1.37865,0.3081
162,"At home, These kids",euc_unemb,0.99,1,3,0.99934,0.48153,3.17037,3.15797,0.32257
162,"At home, These kids",cau_unemb,0.3,1,31,0.32395,0.08196,0.52776,0.53186,0.24291
162,"At home, These kids",cau_unemb,0.5,1,36,0.51625,0.08021,0.65558,0.65905,0.24406
162,"At home, These kids",cau_unemb,0.7,1,41,0.70286,0.08863,0.78122,0.78368,0.26315
162,"At home, These kids",cau_unemb,0.9,1,50,0.9073,0.12914,1.04361,1.04313,0.26695
162,"At home, These kids",cau_unemb,0.99,1,65,0.99017,0.24151,1.74661,1.73768,0.28245
162,"At home, These kids",dua_unemb,0.3,1,2,0.39399,0.31491,0.09043,0.09288,0.00844
162,"At home, These kids",dua_unemb,0.5,1,3,0.62791,0.34056,0.18878,0.18825,0.01139
162,"At home, These kids",dua_unemb,0.7,1,4,0.76343,0.35702,0.30818,0.3022,0.01228
162,"At home, These kids",dua_unemb,0.9,1,7,0.93053,0.37847,0.82691,0.79602,0.01527
162,"At home, These kids",dua_unemb,0.99,1,10,0.99141,0.39272,1.54262,1.48155,0.01586
162,"At home, These kids",euc_dmd,0.3,1,2,0.93643,0.10152,1.52606,1.52714,0.31699
162,"At home, These kids",euc_dmd,0.5,1,2,0.93643,0.10152,1.52606,1.52714,0.31699
162,"At home, These kids",euc_dmd,0.7,1,2,0.93643,0.10152,1.52606,1.52714,0.31699
162,"At home, These kids",euc_dmd,0.9,1,2,0.93643,0.10152,1.52606,1.52714,0.31699
162,"At home, These kids",euc_dmd,0.99,1,3,0.99876,0.31337,2.87309,2.86109,0.30583
162,"At home, These kids",cau_dmd,0.3,1,13,0.34719,0.07342,0.90913,0.91365,0.29846
162,"At home, These kids",cau_dmd,0.5,1,15,0.53022,0.06994,1.11967,1.12316,0.29922
162,"At home, These kids",cau_dmd,0.7,1,17,0.70328,0.07356,1.34358,1.34556,0.28902
162,"At home, These kids",cau_dmd,0.9,1,21,0.91028,0.09561,1.88617,1.88357,0.28931
162,"At home, These kids",cau_dmd,0.99,1,28,0.99163,0.1351,3.26041,3.24466,0.28135
162,"At home, These kids",dua_dmd,0.3,1,2,0.46981,0.32473,0.11338,0.11465,0.01136
162,"At home, These kids",dua_dmd,0.5,1,3,0.72568,0.34546,0.23727,0.23467,0.01179
162,"At home, These kids",dua_dmd,0.7,1,3,0.72568,0.34546,0.23727,0.23467,0.01179
162,"At home, These kids",dua_dmd,0.9,1,5,0.94221,0.36258,0.56324,0.54813,0.01595
162,"At home, These kids",dua_dmd,0.99,1,7,0.99467,0.37265,1.05407,1.02371,0.01727
266,Voters also,euc_ctx,0.3,1,6,0.36909,0.03779,0.49152,0.49143,0.0839
266,Voters also,euc_ctx,0.5,1,7,0.5732,0.03821,0.56637,0.56556,0.08409
266,Voters also,euc_ctx,0.7,1,8,0.75122,0.04523,0.61744,0.61579,0.08466
266,Voters also,euc_ctx,0.9,1,10,0.93418,0.08368,0.70085,0.69701,0.09122
266,Voters also,euc_ctx,0.99,1,13,0.9917,0.22815,0.97145,0.96236,0.07878
266,Voters also,cau_ctx,0.3,0,,,,,,
266,Voters also,cau_ctx,0.5,0,,,,,,
266,Voters also,cau_ctx,0.7,0,,,,,,
266,Voters also,cau_ctx,0.9,0,,,,,,
266,Voters also,cau_ctx,0.99,0,,,,,,
266,Voters also,dua_ctx,0.3,1,58,0.30124,0.20106,0.70663,0.68709,0.05031
266,Voters also,dua_ctx,0.5,1,87,0.50614,0.18964,1.66194,1.61176,0.05383
266,Voters also,dua_ctx,0.7,1,113,0.70194,0.18642,2.66516,2.59189,0.05885
266,Voters also,dua_ctx,0.9,1,147,0.90228,0.19202,3.84018,3.74379,0.06003
266,Voters also,dua_ctx,0.99,1,200,0.99019,0.23052,5.79685,5.67794,0.07364
266,Voters also,euc_unemb,0.3,1,2,0.94853,0.06126,0.86175,0.8575,0.0593
266,Voters also,euc_unemb,0.5,1,2,0.94853,0.06126,0.86175,0.8575,0.0593
266,Voters also,euc_unemb,0.7,1,2,0.94853,0.06126,0.86175,0.8575,0.0593
266,Voters also,euc_unemb,0.9,1,2,0.94853,0.06126,0.86175,0.8575,0.0593
266,Voters also,euc_unemb,0.99,1,3,0.99935,0.25141,1.78338,1.7662,0.08455
266,Voters also,cau_unemb,0.3,1,30,0.32134,0.04776,0.31849,0.31953,0.04596
266,Voters also,cau_unemb,0.5,1,35,0.51995,0.04783,0.36677,0.36738,0.04675
266,Voters also,cau_unemb,0.7,1,40,0.71145,0.05585,0.39881,0.39883,0.04767
266,Voters also,cau_unemb,0.9,1,48,0.90098,0.0897,0.44349,0.44213,0.07922
266,Voters also,cau_unemb,0.99,1,63,0.99026,0.24675,0.69347,0.68713,0.0789
266,Voters also,dua_unemb,0.3,1,2,0.42549,0.24828,0.09027,0.09254,0.01136
266,Voters also,dua_unemb,0.5,1,3,0.65061,0.27101,0.19622,0.19564,0.01278
266,Voters also,dua_unemb,0.7,1,4,0.77398,0.28524,0.32345,0.31808,0.01391
266,Voters also,dua_unemb,0.9,1,6,0.90318,0.30222,0.67753,0.65838,0.02715
266,Voters also,dua_unemb,0.99,1,10,0.99596,0.32856,1.85511,1.79751,0.03235
266,Voters also,euc_dmd,0.3,1,2,0.94999,0.03686,0.96712,0.95882,0.08224
266,Voters also,euc_dmd,0.5,1,2,0.94999,0.03686,0.96712,0.95882,0.08224
266,Voters also,euc_dmd,0.7,1,2,0.94999,0.03686,0.96712,0.95882,0.08224
266,Voters also,euc_dmd,0.9,1,2,0.94999,0.03686,0.96712,0.95882,0.08224
266,Voters also,euc_dmd,0.99,1,3,0.9991,0.15411,1.51987,1.50085,0.09824
266,Voters also,cau_dmd,0.3,1,12,0.32538,0.03428,0.49301,0.49275,0.08382
266,Voters also,cau_dmd,0.5,1,14,0.51438,0.03318,0.57483,0.57379,0.09318
266,Voters also,cau_dmd,0.7,1,17,0.76947,0.04106,0.67288,0.67037,0.09972
266,Voters also,cau_dmd,0.9,1,20,0.91034,0.06204,0.7729,0.76849,0.10026
266,Voters also,cau_dmd,0.99,1,27,0.99188,0.17391,1.21677,1.20523,0.07647
266,Voters also,dua_dmd,0.3,1,2,0.53297,0.26916,0.1078,0.10994,0.04914
266,Voters also,dua_dmd,0.5,1,2,0.53297,0.26916,0.1078,0.10994,0.04914
266,Voters also,dua_dmd,0.7,1,3,0.80923,0.30062,0.25621,0.25573,0.05295
266,Voters also,dua_dmd,0.9,1,4,0.92474,0.3158,0.4235,0.4185,0.05013
266,Voters also,dua_dmd,0.99,1,6,0.99397,0.33342,0.90832,0.89053,0.05198
186,"Every day, These kids always",euc_ctx,0.3,1,5,0.35203,0.33229,0.48269,0.49174,0.06397
186,"Every day, These kids always",euc_ctx,0.5,1,6,0.58103,0.32919,0.59523,0.60349,0.07
186,"Every day, These kids always",euc_ctx,0.7,1,7,0.77771,0.36336,0.67275,0.67918,0.0649
186,"Every day, These kids always",euc_ctx,0.9,1,9,0.95518,0.4897,0.86557,0.86551,0.0563
186,"Every day, These kids always",euc_ctx,0.99,1,11,0.99179,0.59738,1.22873,1.2194,0.0949
186,"Every day, These kids always",cau_ctx,0.3,0,,,,,,
186,"Every day, These kids always",cau_ctx,0.5,0,,,,,,
186,"Every day, These kids always",cau_ctx,0.7,0,,,,,,
186,"Every day, These kids always",cau_ctx,0.9,0,,,,,,
186,"Every day, These kids always",cau_ctx,0.99,0,,,,,,
186,"Every day, These kids always",dua_ctx,0.3,1,120,0.30282,0.56506,2.97452,2.87593,0.01639
186,"Every day, These kids always",dua_ctx,0.5,1,181,0.5002,0.53259,4.96495,4.84093,0.02882
186,"Every day, These kids always",dua_ctx,0.7,1,255,0.70026,0.52052,6.80556,6.6714,0.10564
186,"Every day, These kids always",dua_ctx,0.9,1,373,0.9001,0.54495,10.1163,9.97728,0.13268
186,"Every day, These kids always",dua_ctx,0.99,1,435,0.99002,0.56001,10.90162,10.76153,0.13357
186,"Every day, These kids always",euc_unemb,0.3,1,1,0.40683,0.29811,0.55362,0.56504,0.11167
186,"Every day, These kids always",euc_unemb,0.5,1,2,0.99057,0.52012,1.35111,1.34853,0.12741
186,"Every day, These kids always",euc_unemb,0.7,1,2,0.99057,0.52012,1.35111,1.34853,0.12741
186,"Every day, These kids always",euc_unemb,0.9,1,2,0.99057,0.52012,1.35111,1.34853,0.12741
186,"Every day, These kids always",euc_unemb,0.99,1,2,0.99057,0.52012,1.35111,1.34853,0.12741
186,"Every day, These kids always",cau_unemb,0.3,1,24,0.31375,0.34392,0.35319,0.36287,0.06154
186,"Every day, These kids always",cau_unemb,0.5,1,29,0.54309,0.34134,0.43501,0.4444,0.0658
186,"Every day, These kids always",cau_unemb,0.7,1,33,0.71778,0.36779,0.48613,0.49447,0.10176
186,"Every day, These kids always",cau_unemb,0.9,1,40,0.90515,0.45449,0.60474,0.60946,0.09932
186,"Every day, These kids always",cau_unemb,0.99,1,53,0.99078,0.59704,1.07652,1.06975,0.09438
186,"Every day, These kids always",dua_unemb,0.3,1,2,0.34123,0.63021,0.1224,0.12555,0.00369
186,"Every day, These kids always",dua_unemb,0.5,1,3,0.52161,0.63465,0.24176,0.24203,0.01683
186,"Every day, These kids always",dua_unemb,0.7,1,5,0.73935,0.64157,0.59032,0.57811,0.0228
186,"Every day, These kids always",dua_unemb,0.9,1,9,0.92399,0.64341,1.95933,1.90339,0.0762
186,"Every day, These kids always",dua_unemb,0.99,1,14,0.99338,0.65035,4.68509,4.57815,0.082
186,"Every day, These kids always",euc_dmd,0.3,1,1,0.41059,0.25121,0.6665,0.67613,0.13802
186,"Every day, These kids always",euc_dmd,0.5,1,2,0.98914,0.44495,1.28756,1.28416,0.11473
186,"Every day, These kids always",euc_dmd,0.7,1,2,0.98914,0.44495,1.28756,1.28416,0.11473
186,"Every day, These kids always",euc_dmd,0.9,1,2,0.98914,0.44495,1.28756,1.28416,0.11473
186,"Every day, These kids always",euc_dmd,0.99,1,3,0.99989,0.61066,2.53974,2.5111,0.13239
186,"Every day, These kids always",cau_dmd,0.3,1,10,0.32293,0.29157,0.52727,0.53623,0.13014
186,"Every day, These kids always",cau_dmd,0.5,1,12,0.54021,0.28102,0.63927,0.6476,0.13152
186,"Every day, These kids always",cau_dmd,0.7,1,14,0.74041,0.30353,0.72679,0.73357,0.11814
186,"Every day, These kids always",cau_dmd,0.9,1,17,0.91287,0.3797,0.88352,0.88636,0.06852
186,"Every day, These kids always",cau_dmd,0.99,1,23,0.99218,0.53403,1.46085,1.45113,0.06059
186,"Every day, These kids always",dua_dmd,0.3,1,2,0.41253,0.63367,0.13989,0.14088,0.01472
186,"Every day, These kids always",dua_dmd,0.5,1,3,0.60968,0.62935,0.2931,0.28993,0.08877
186,"Every day, These kids always",dua_dmd,0.7,1,4,0.73835,0.62656,0.48188,0.47296,0.09638
186,"Every day, These kids always",dua_dmd,0.9,1,7,0.90924,0.62183,1.29592,1.26775,0.11667
186,"Every day, These kids always",dua_dmd,0.99,1,12,0.99304,0.62187,3.87822,3.81292,0.11943
214,"Over time, These kids just",euc_ctx,0.3,1,6,0.44076,0.06832,0.58188,0.58232,0.08186
214,"Over time, These kids just",euc_ctx,0.5,1,7,0.64852,0.0737,0.65804,0.65752,0.08207
214,"Over time, These kids just",euc_ctx,0.7,1,8,0.80925,0.0916,0.70954,0.7078,0.08114
214,"Over time, These kids just",euc_ctx,0.9,1,9,0.90537,0.12348,0.75921,0.75596,0.07862
214,"Over time, These kids just",euc_ctx,0.99,1,13,0.9951,0.37774,1.30558,1.29171,0.12349
214,"Over time, These kids just",cau_ctx,0.3,0,,,,,,
214,"Over time, These kids just",cau_ctx,0.5,0,,,,,,
214,"Over time, These kids just",cau_ctx,0.7,0,,,,,,
214,"Over time, These kids just",cau_ctx,0.9,0,,,,,,
214,"Over time, These kids just",cau_ctx,0.99,0,,,,,,
214,"Over time, These kids just",dua_ctx,0.3,1,62,0.30181,0.27182,0.78058,0.74178,0.02119
214,"Over time, These kids just",dua_ctx,0.5,1,95,0.5022,0.25493,1.70277,1.62607,0.04764
214,"Over time, These kids just",dua_ctx,0.7,1,130,0.70166,0.24816,2.74491,2.64082,0.0557
214,"Over time, These kids just",dua_ctx,0.9,1,195,0.90013,0.26504,4.88362,4.75647,0.06675
214,"Over time, These kids just",dua_ctx,0.99,1,270,0.99043,0.31899,8.50933,8.37399,0.07117
214,"Over time, These kids just",euc_unemb,0.3,1,2,0.97054,0.12785,1.25907,1.25426,0.13176
214,"Over time, These kids just",euc_unemb,0.5,1,2,0.97054,0.12785,1.25907,1.25426,0.13176
214,"Over time, These kids just",euc_unemb,0.7,1,2,0.97054,0.12785,1.25907,1.25426,0.13176
214,"Over time, These kids just",euc_unemb,0.9,1,2,0.97054,0.12785,1.25907,1.25426,0.13176
214,"Over time, These kids just",euc_unemb,0.99,1,3,0.99971,0.39569,2.58974,2.56724,0.17701
214,"Over time, These kids just",cau_unemb,0.3,1,28,0.32758,0.07885,0.44919,0.45093,0.07434
214,"Over time, These kids just",cau_unemb,0.5,1,33,0.53661,0.078,0.5365,0.53755,0.07564
214,"Over time, These kids just",cau_unemb,0.7,1,38,0.73292,0.09006,0.60658,0.60663,0.07298
214,"Over time, These kids just",cau_unemb,0.9,1,45,0.90131,0.13082,0.70654,0.70457,0.07328
214,"Over time, These kids just",cau_unemb,0.99,1,59,0.99001,0.28429,1.11264,1.10353,0.11682
214,"Over time, These kids just",dua_unemb,0.3,1,2,0.38253,0.32633,0.10265,0.10487,0.02193
214,"Over time, These kids just",dua_unemb,0.5,1,3,0.60378,0.34859,0.2132,0.21207,0.03161
214,"Over time, These kids just",dua_unemb,0.7,1,4,0.73733,0.36328,0.34785,0.34104,0.03724
214,"Over time, These kids just",dua_unemb,0.9,1,7,0.90731,0.38564,0.95922,0.92706,0.04645
214,"Over time, These kids just",dua_unemb,0.99,1,12,0.99184,0.40064,2.88681,2.80797,0.05276
214,"Over time, These kids just",euc_dmd,0.3,1,2,0.97061,0.07337,1.41578,1.40593,0.13696
214,"Over time, These kids just",euc_dmd,0.5,1,2,0.97061,0.07337,1.41578,1.40593,0.13696
214,"Over time, These kids just",euc_dmd,0.7,1,2,0.97061,0.07337,1.41578,1.40593,0.13696
214,"Over time, These kids just",euc_dmd,0.9,1,2,0.97061,0.07337,1.41578,1.40593,0.13696
214,"Over time, These kids just",euc_dmd,0.99,1,3,0.99956,0.2471,2.31623,2.29131,0.17951
214,"Over time, These kids just",cau_dmd,0.3,1,11,0.30463,0.05608,0.64113,0.64143,0.08264
214,"Over time, These kids just",cau_dmd,0.5,1,13,0.5017,0.05144,0.77337,0.77262,0.08
214,"Over time, These kids just",cau_dmd,0.7,1,16,0.7736,0.05968,0.93209,0.92933,0.07809
214,"Over time, These kids just",cau_dmd,0.9,1,19,0.91821,0.0854,1.08449,1.07911,0.07933
214,"Over time, These kids just",cau_dmd,0.99,1,25,0.991,0.18201,1.55722,1.54412,0.07307
214,"Over time, These kids just",dua_dmd,0.3,1,2,0.43771,0.32934,0.11272,0.11372,0.02278
214,"Over time, These kids just",dua_dmd,0.5,1,3,0.66407,0.34212,0.22916,0.22634,0.03883
214,"Over time, These kids just",dua_dmd,0.7,1,4,0.80408,0.34843,0.37121,0.36303,0.0424
214,"Over time, These kids just",dua_dmd,0.9,1,6,0.95052,0.35657,0.79211,0.77016,0.04294
214,"Over time, These kids just",dua_dmd,0.99,1,8,0.99569,0.36563,1.63923,1.60077,0.0467
65,"At home, You really",euc_ctx,0.3,1,7,0.43395,0.11321,0.89664,0.90027,0.25662
65,"At home, You really",euc_ctx,0.5,1,8,0.6529,0.12334,0.97349,0.97592,0.25837
65,"At home, You really",euc_ctx,0.7,1,9,0.81929,0.15413,1.00779,1.00855,0.2539
65,"At home, You really",euc_ctx,0.9,1,10,0.91464,0.2053,1.03978,1.03833,0.24437
65,"At home, You really",euc_ctx,0.99,1,13,0.99203,0.42223,1.40922,1.39715,0.23105
65,"At home, You really",cau_ctx,0.3,0,,,,,,
65,"At home, You really",cau_ctx,0.5,0,,,,,,
65,"At home, You really",cau_ctx,0.7,0,,,,,,
65,"At home, You really",cau_ctx,0.9,0,,,,,,
65,"At home, You really",cau_ctx,0.99,0,,,,,,
65,"At home, You really",dua_ctx,0.3,1,96,0.30015,0.44487,1.50547,1.40975,0.06025
65,"At home, You really",dua_ctx,0.5,1,145,0.5,0.4385,2.84939,2.72344,0.06361
65,"At home, You really",dua_ctx,0.7,1,196,0.70015,0.44472,4.31036,4.17472,0.06504
65,"At home, You really",dua_ctx,0.9,1,333,0.90008,0.50751,7.48507,7.34306,0.18918
65,"At home, You really",dua_ctx,0.99,1,401,0.99002,0.53702,11.28953,11.14643,0.22687
65,"At home, You really",euc_unemb,0.3,1,2,0.90967,0.11019,1.60994,1.60819,0.22295
65,"At home, You really",euc_unemb,0.5,1,2,0.90967,0.11019,1.60994,1.60819,0.22295
65,"At home, You really",euc_unemb,0.7,1,2,0.90967,0.11019,1.60994,1.60819,0.22295
65,"At home, You really",euc_unemb,0.9,1,2,0.90967,0.11019,1.60994,1.60819,0.22295
65,"At home, You really",euc_unemb,0.99,1,3,0.99919,0.34796,2.70371,2.68252,0.21499
65,"At home, You really",cau_unemb,0.3,1,34,0.31398,0.09484,0.9075,0.90896,0.24986
65,"At home, You really",cau_unemb,0.5,1,39,0.5246,0.08909,1.0416,1.0416,0.25731
65,"At home, You really",cau_unemb,0.7,1,44,0.72593,0.09746,1.1389,1.13706,0.25709
65,"At home, You really",cau_unemb,0.9,1,52,0.91421,0.13776,1.26625,1.26053,0.25202
65,"At home, You really",cau_unemb,0.99,1,65,0.9901,0.24466,1.60853,1.59356,0.22726
65,"At home, You really",dua_unemb,0.3,1,3,0.33414,0.48214,0.16618,0.16377,0.00423
65,"At home, You really",dua_unemb,0.5,1,6,0.5317,0.48747,0.53534,0.50394,0.01306
65,"At home, You really",dua_unemb,0.7,1,11,0.71176,0.49174,1.54195,1.45231,0.0306
65,"At home, You really",dua_unemb,0.9,1,23,0.90066,0.51285,3.75747,3.61821,0.17547
65,"At home, You really",dua_unemb,0.99,1,36,0.99246,0.53554,7.23094,7.08713,0.18617
65,"At home, You really",euc_dmd,0.3,1,2,0.91921,0.07338,1.78961,1.78622,0.24045
65,"At home, You really",euc_dmd,0.5,1,2,0.91921,0.07338,1.78961,1.78622,0.24045
65,"At home, You really",euc_dmd,0.7,1,2,0.91921,0.07338,1.78961,1.78622,0.24045
65,"At home, You really",euc_dmd,0.9,1,2,0.91921,0.07338,1.78961,1.78622,0.24045
65,"At home, You really",euc_dmd,0.99,1,3,0.99878,0.22389,2.56,2.54021,0.2122
65,"At home, You really",cau_dmd,0.3,1,13,0.33368,0.07266,1.19925,1.20294,0.26366
65,"At home, You really",cau_dmd,0.5,1,15,0.54769,0.06727,1.39744,1.39964,0.26346
65,"At home, You really",cau_dmd,0.7,1,17,0.74116,0.07206,1.56472,1.56493,0.2528
65,"At home, You really",cau_dmd,0.9,1,20,0.90909,0.09224,1.817,1.81306,0.22182
65,"At home, You really",cau_dmd,0.99,1,26,0.99076,0.13784,2.59533,2.57867,0.19326
65,"At home, You really",dua_dmd,0.3,1,3,0.43358,0.48079,0.20918,0.2065,0.01685
65,"At home, You really",dua_dmd,0.5,1,4,0.55096,0.47999,0.33575,0.32558,0.04968
65,"At home, You really",dua_dmd,0.7,1,7,0.7433,0.4771,0.89315,0.85205,0.05742
65,"At home, You really",dua_dmd,0.9,1,15,0.90609,0.47898,3.2335,3.13294,0.15266
65,"At home, You really",dua_dmd,0.99,1,24,0.9931,0.49387,5.86225,5.73404,0.17337
8,"At home, You always",euc_ctx,0.3,1,6,0.4351,0.1294,0.7314,0.73513,0.17541
8,"At home, You always",euc_ctx,0.5,1,7,0.65987,0.13751,0.77814,0.78085,0.17502
8,"At home, You always",euc_ctx,0.7,1,8,0.82766,0.16981,0.7596,0.76087,0.1704
8,"At home, You always",euc_ctx,0.9,1,9,0.92097,0.22584,0.72251,0.72186,0.16207
8,"At home, You always",euc_ctx,0.99,1,12,0.99314,0.48175,0.83947,0.82945,0.05771
8,"At home, You always",cau_ctx,0.3,0,,,,,,
8,"At home, You always",cau_ctx,0.5,0,,,,,,
8,"At home, You always",cau_ctx,0.7,0,,,,,,
8,"At home, You always",cau_ctx,0.9,0,,,,,,
8,"At home, You always",cau_ctx,0.99,0,,,,,,
8,"At home, You always",dua_ctx,0.3,1,94,0.30196,0.46272,1.7182,1.63575,0.03296
8,"At home, You always",dua_ctx,0.5,1,143,0.50069,0.4388,3.03473,2.91657,0.04084
8,"At home, You always",dua_ctx,0.7,1,194,0.70245,0.4296,4.07305,3.94156,0.04924
8,"At home, You always",dua_ctx,0.9,1,254,0.90087,0.4321,5.27904,5.14186,0.05236
8,"At home, You always",dua_ctx,0.99,1,334,0.99021,0.49245,7.02446,6.88394,0.05843
8,"At home, You always",euc_unemb,0.3,1,2,0.97761,0.26213,1.15732,1.15517,0.17057
8,"At home, You always",euc_unemb,0.5,1,2,0.97761,0.26213,1.15732,1.15517,0.17057
8,"At home, You always",euc_unemb,0.7,1,2,0.97761,0.26213,1.15732,1.15517,0.17057
8,"At home, You always",euc_unemb,0.9,1,2,0.97761,0.26213,1.15732,1.15517,0.17057
8,"At home, You always",euc_unemb,0.99,1,3,0.99982,0.5981,2.24622,2.22184,0.15556
8,"At home, You always",cau_unemb,0.3,1,28,0.33921,0.1591,0.54092,0.54665,0.17088
8,"At home, You always",cau_unemb,0.5,1,32,0.52179,0.15823,0.59519,0.60053,0.17116
8,"At home, You always",cau_unemb,0.7,1,37,0.73587,0.18275,0.61172,0.61613,0.1657
8,"At home, You always",cau_unemb,0.9,1,44,0.91105,0.26501,0.60172,0.60381,0.15912
8,"At home, You always",cau_unemb,0.99,1,57,0.99107,0.49791,0.78908,0.78301,0.14417
8,"At home, You always",dua_unemb,0.3,1,2,0.33725,0.5388,0.10831,0.1107,0.00674
8,"At home, You always",dua_unemb,0.5,1,3,0.53676,0.55057,0.22561,0.22459,0.00813
8,"At home, You always",dua_unemb,0.7,1,5,0.74457,0.56288,0.56106,0.54483,0.02164
8,"At home, You always",dua_unemb,0.9,1,9,0.90472,0.5716,1.71847,1.6537,0.0398
8,"At home, You always",dua_unemb,0.99,1,14,0.99741,0.58414,3.262,3.15012,0.04299
8,"At home, You always",euc_dmd,0.3,1,2,0.97867,0.18273,1.25498,1.25003,0.1555
8,"At home, You always",euc_dmd,0.5,1,2,0.97867,0.18273,1.25498,1.25003,0.1555
8,"At home, You always",euc_dmd,0.7,1,2,0.97867,0.18273,1.25498,1.25003,0.1555
8,"At home, You always",euc_dmd,0.9,1,2,0.97867,0.18273,1.25498,1.25003,0.1555
8,"At home, You always",euc_dmd,0.99,1,3,0.99976,0.49853,1.86595,1.84265,0.17378
8,"At home, You always",cau_dmd,0.3,1,11,0.32818,0.11372,0.80645,0.81068,0.17435
8,"At home, You always",cau_dmd,0.5,1,13,0.54894,0.1071,0.93045,0.93367,0.17327
8,"At home, You always",cau_dmd,0.7,1,15,0.74831,0.11876,1.00227,1.00402,0.16329
8,"At home, You always",cau_dmd,0.9,1,18,0.91623,0.16543,1.08237,1.081,0.1644
8,"At home, You always",cau_dmd,0.99,1,24,0.99238,0.31148,1.44231,1.43093,0.13999
8,"At home, You always",dua_dmd,0.3,1,2,0.4391,0.55428,0.12531,0.12654,0.02028
8,"At home, You always",dua_dmd,0.5,1,3,0.69214,0.56178,0.27918,0.27604,0.02351
8,"At home, You always",dua_dmd,0.7,1,4,0.84423,0.56441,0.47035,0.46044,0.04196
8,"At home, You always",dua_dmd,0.9,1,5,0.93276,0.5682,0.71173,0.69321,0.04333
8,"At home, You always",dua_dmd,0.99,1,7,0.99409,0.57898,1.42061,1.38167,0.04443
