ctx_id,text,method,level,reached,step,P1,cf,kl,kl99,rd,cf0,cf_dev,kl_bin,kl_pair,kl_neu
151,"Lately, Most doctors typically",euc_ctx,0.3,1,19,0.33428,0.31006,0.28718,0.29524,0.01543,0.32517,0.0151,0.00053,0.0065,0.28014
151,"Lately, Most doctors typically",euc_ctx,0.5,1,23,0.54434,0.32494,0.49645,0.50382,0.01748,0.32517,0.00023,-0.0,0.00989,0.48656
151,"Lately, Most doctors typically",euc_ctx,0.7,1,27,0.73977,0.35331,0.79416,0.7994,0.23365,0.32517,0.02814,0.00176,0.01463,0.77777
151,"Lately, Most doctors typically",euc_ctx,0.9,1,33,0.91255,0.40477,1.40362,1.40326,0.30556,0.32517,0.0796,0.0135,0.02263,1.36749
151,"Lately, Most doctors typically",euc_ctx,0.99,1,44,0.99121,0.46885,2.83789,2.82314,0.33287,0.32517,0.14368,0.04258,0.03699,2.75832
151,"Lately, Most doctors typically",cau_ctx,0.3,1,37,0.31759,0.25047,0.39525,0.40343,0.0214,0.32517,0.0747,0.01402,0.02449,0.35673
151,"Lately, Most doctors typically",cau_ctx,0.5,1,44,0.50261,0.24099,0.64739,0.6546,0.03638,0.32517,0.08418,0.01809,0.03477,0.59454
151,"Lately, Most doctors typically",cau_ctx,0.7,1,52,0.71151,0.23186,1.07066,1.07491,0.20049,0.32517,0.09331,0.02258,0.05635,0.99173
151,"Lately, Most doctors typically",cau_ctx,0.9,1,64,0.90511,0.21095,1.97809,1.97441,0.28984,0.32517,0.11422,0.03519,0.11103,1.83188
151,"Lately, Most doctors typically",cau_ctx,0.99,1,85,0.99074,0.15114,4.07187,4.04822,0.33739,0.32517,0.17403,0.0943,0.24295,3.73462
151,"Lately, Most doctors typically",dua_ctx,0.3,1,21,0.30678,0.29298,0.24569,0.25275,0.01221,0.32517,0.03219,0.00245,0.00684,0.2364
151,"Lately, Most doctors typically",dua_ctx,0.5,1,27,0.52512,0.29666,0.45576,0.46177,0.0183,0.32517,0.02851,0.00191,0.01013,0.44372
151,"Lately, Most doctors typically",dua_ctx,0.7,1,33,0.72901,0.31032,0.76307,0.76642,0.07476,0.32517,0.01484,0.00051,0.01627,0.74629
151,"Lately, Most doctors typically",dua_ctx,0.9,1,41,0.90575,0.33891,1.37552,1.37278,0.28408,0.32517,0.01374,0.00042,0.031,1.34409
151,"Lately, Most doctors typically",dua_ctx,0.99,1,54,0.9912,0.38532,2.88935,2.87122,0.32745,0.32517,0.06016,0.00781,0.05949,2.82204
151,"Lately, Most doctors typically",euc_unemb,0.3,1,8,0.39895,0.27191,0.20848,0.21312,0.01263,0.32517,0.05326,0.0069,0.02046,0.18112
151,"Lately, Most doctors typically",euc_unemb,0.5,1,9,0.53489,0.2869,0.3002,0.3042,0.01792,0.32517,0.03826,0.00349,0.02977,0.26694
151,"Lately, Most doctors typically",euc_unemb,0.7,1,11,0.77546,0.33506,0.59137,0.5924,0.17348,0.32517,0.00989,0.00022,0.05596,0.5352
151,"Lately, Most doctors typically",euc_unemb,0.9,1,13,0.91208,0.38587,1.04453,1.04033,0.27756,0.32517,0.0607,0.00795,0.08544,0.95113
151,"Lately, Most doctors typically",euc_unemb,0.99,1,18,0.99388,0.44036,2.61852,2.59572,0.33239,0.32517,0.1152,0.0277,0.14923,2.44158
151,"Lately, Most doctors typically",cau_unemb,0.3,1,8,0.31108,0.25852,0.18236,0.1894,0.01334,0.32517,0.06665,0.01103,0.01306,0.15827
151,"Lately, Most doctors typically",cau_unemb,0.5,1,10,0.5501,0.27936,0.33508,0.34177,0.0206,0.32517,0.0458,0.00505,0.02345,0.30657
151,"Lately, Most doctors typically",cau_unemb,0.7,1,12,0.76767,0.32393,0.58461,0.5893,0.17274,0.32517,0.00123,0.0,0.03915,0.54545
151,"Lately, Most doctors typically",cau_unemb,0.9,1,15,0.93596,0.3996,1.18058,1.17909,0.29966,0.32517,0.07443,0.01184,0.06476,1.10398
151,"Lately, Most doctors typically",cau_unemb,0.99,1,19,0.99058,0.45536,2.26705,2.25372,0.31909,0.32517,0.13019,0.03514,0.09432,2.13759
151,"Lately, Most doctors typically",dua_unemb,0.3,1,8,0.37023,0.27313,0.17299,0.17738,0.0097,0.32517,0.05204,0.00658,0.01397,0.15244
151,"Lately, Most doctors typically",dua_unemb,0.5,1,10,0.61554,0.29004,0.33844,0.34124,0.01626,0.32517,0.03513,0.00293,0.02959,0.30592
151,"Lately, Most doctors typically",dua_unemb,0.7,1,11,0.72332,0.3034,0.45705,0.45841,0.02459,0.32517,0.02177,0.00111,0.0399,0.41603
151,"Lately, Most doctors typically",dua_unemb,0.9,1,14,0.9197,0.34604,0.98515,0.9797,0.24476,0.32517,0.02087,0.00097,0.07269,0.91149
151,"Lately, Most doctors typically",dua_unemb,0.99,1,19,0.9936,0.37991,2.40598,2.38306,0.31521,0.32517,0.05474,0.0065,0.12021,2.27927
151,"Lately, Most doctors typically",euc_dmd,0.3,1,7,0.30076,0.26409,0.18829,0.195,0.0105,0.32517,0.06108,0.00918,0.01909,0.16002
151,"Lately, Most doctors typically",euc_dmd,0.5,1,9,0.5688,0.29242,0.3632,0.3694,0.20808,0.32517,0.03275,0.00254,0.03245,0.32821
151,"Lately, Most doctors typically",euc_dmd,0.7,1,11,0.801,0.35345,0.662,0.66559,0.24447,0.32517,0.02828,0.00177,0.05497,0.60526
151,"Lately, Most doctors typically",euc_dmd,0.9,1,13,0.92434,0.42343,1.11247,1.11133,0.33303,0.32517,0.09826,0.02034,0.08281,1.00932
151,"Lately, Most doctors typically",euc_dmd,0.99,1,17,0.99104,0.51451,2.33151,2.31703,0.35101,0.32517,0.18935,0.07302,0.13583,2.12266
151,"Lately, Most doctors typically",cau_dmd,0.3,1,8,0.30001,0.24065,0.23679,0.24558,0.0224,0.32517,0.08452,0.01825,0.02632,0.19222
151,"Lately, Most doctors typically",cau_dmd,0.5,1,10,0.52788,0.25737,0.38428,0.39324,0.01645,0.32517,0.0678,0.01143,0.02922,0.34363
151,"Lately, Most doctors typically",cau_dmd,0.7,1,12,0.7426,0.29949,0.6082,0.6159,0.02362,0.32517,0.02568,0.00155,0.03925,0.56741
151,"Lately, Most doctors typically",cau_dmd,0.9,1,15,0.92136,0.3845,1.14056,1.14359,0.32733,0.32517,0.05933,0.00761,0.06874,1.06421
151,"Lately, Most doctors typically",cau_dmd,0.99,1,20,0.99135,0.47693,2.43767,2.42794,0.32292,0.32517,0.15177,0.04737,0.12267,2.26764
151,"Lately, Most doctors typically",dua_dmd,0.3,1,8,0.41307,0.26821,0.21579,0.22196,0.00978,0.32517,0.05696,0.00794,0.01987,0.18798
151,"Lately, Most doctors typically",dua_dmd,0.5,1,9,0.54156,0.27694,0.29156,0.29733,0.01368,0.32517,0.04823,0.00562,0.02621,0.25973
151,"Lately, Most doctors typically",dua_dmd,0.7,1,11,0.7617,0.30817,0.49936,0.50322,0.02035,0.32517,0.017,0.00067,0.04199,0.4567
151,"Lately, Most doctors typically",dua_dmd,0.9,1,14,0.93145,0.3674,0.98508,0.98346,0.25008,0.32517,0.04223,0.0039,0.06827,0.9129
151,"Lately, Most doctors typically",dua_dmd,0.99,1,19,0.99396,0.43638,2.28627,2.27005,0.31302,0.32517,0.11121,0.02587,0.11124,2.14916
224,"Today, Both of them generally",euc_ctx,0.3,1,11,0.3208,0.39223,0.19052,0.19451,0.04961,0.53972,0.14749,0.04434,0.01177,0.13441
224,"Today, Both of them generally",euc_ctx,0.5,1,15,0.55037,0.37838,0.32273,0.32608,0.0645,0.53972,0.16133,0.05337,0.026,0.24335
224,"Today, Both of them generally",euc_ctx,0.7,1,18,0.71439,0.39351,0.42482,0.42689,0.06939,0.53972,0.14621,0.04355,0.03843,0.34283
224,"Today, Both of them generally",euc_ctx,0.9,1,24,0.91267,0.47139,0.65058,0.64829,0.06822,0.53972,0.06833,0.00935,0.057,0.58423
224,"Today, Both of them generally",euc_ctx,0.99,1,34,0.99124,0.62099,1.19572,1.1825,0.06741,0.53972,0.08128,0.01372,0.07385,1.10816
224,"Today, Both of them generally",cau_ctx,0.3,1,21,0.31541,0.40377,0.26918,0.27431,0.06358,0.53972,0.13595,0.03751,0.02699,0.20468
224,"Today, Both of them generally",cau_ctx,0.5,1,28,0.52326,0.38314,0.45066,0.45522,0.13396,0.53972,0.15658,0.05016,0.04674,0.35377
224,"Today, Both of them generally",cau_ctx,0.7,1,35,0.72405,0.39129,0.65886,0.6616,0.15505,0.53972,0.14843,0.04492,0.07532,0.53862
224,"Today, Both of them generally",cau_ctx,0.9,1,45,0.90171,0.43563,1.02291,1.02106,0.16109,0.53972,0.10408,0.0218,0.13323,0.86788
224,"Today, Both of them generally",cau_ctx,0.99,1,64,0.99019,0.49939,2.02253,2.00706,0.16983,0.53972,0.04033,0.00326,0.2876,1.73168
224,"Today, Both of them generally",dua_ctx,0.3,1,13,0.31431,0.42601,0.15676,0.16063,0.04029,0.53972,0.1137,0.02607,0.01166,0.11902
224,"Today, Both of them generally",dua_ctx,0.5,1,18,0.53209,0.41413,0.28026,0.28356,0.06012,0.53972,0.12559,0.03191,0.02313,0.22522
224,"Today, Both of them generally",dua_ctx,0.7,1,22,0.7023,0.42415,0.39521,0.39717,0.06784,0.53972,0.11557,0.02694,0.03334,0.33492
224,"Today, Both of them generally",dua_ctx,0.9,1,29,0.90052,0.47709,0.64096,0.63874,0.06781,0.53972,0.06263,0.00785,0.05083,0.58227
224,"Today, Both of them generally",dua_ctx,0.99,1,41,0.99144,0.6034,1.25184,1.2381,0.06573,0.53972,0.06368,0.00834,0.0791,1.16439
224,"Today, Both of them generally",euc_unemb,0.3,1,5,0.34531,0.42343,0.1318,0.13456,0.02906,0.53972,0.11628,0.02728,0.0157,0.08881
224,"Today, Both of them generally",euc_unemb,0.5,1,7,0.61459,0.43682,0.26401,0.26532,0.0318,0.53972,0.1029,0.0213,0.05244,0.19027
224,"Today, Both of them generally",euc_unemb,0.7,1,8,0.73551,0.46079,0.35734,0.35716,0.0383,0.53972,0.07893,0.01249,0.08344,0.26142
224,"Today, Both of them generally",euc_unemb,0.9,1,11,0.93709,0.55747,0.77649,0.76898,0.1506,0.53972,0.01775,0.00064,0.2004,0.57546
224,"Today, Both of them generally",euc_unemb,0.99,1,15,0.99301,0.63715,1.59266,1.57114,0.17519,0.53972,0.09744,0.01991,0.3531,1.21965
224,"Today, Both of them generally",cau_unemb,0.3,1,6,0.41443,0.40898,0.15678,0.16042,0.11338,0.53972,0.13074,0.03463,0.01865,0.1035
224,"Today, Both of them generally",cau_unemb,0.5,1,7,0.53925,0.41438,0.20716,0.21036,0.11618,0.53972,0.12534,0.03178,0.03028,0.1451
224,"Today, Both of them generally",cau_unemb,0.7,1,9,0.76179,0.45552,0.33912,0.34029,0.03649,0.53972,0.0842,0.01422,0.06735,0.25755
224,"Today, Both of them generally",cau_unemb,0.9,1,12,0.93506,0.55094,0.65485,0.65018,0.06314,0.53972,0.01123,0.00025,0.13883,0.51577
224,"Today, Both of them generally",cau_unemb,0.99,1,16,0.99065,0.63914,1.28356,1.26769,0.14433,0.53972,0.09942,0.02076,0.22747,1.03533
224,"Today, Both of them generally",dua_unemb,0.3,1,5,0.32309,0.45319,0.10048,0.10325,0.02157,0.53972,0.08652,0.01502,0.01212,0.07334
224,"Today, Both of them generally",dua_unemb,0.5,1,7,0.57027,0.46026,0.21397,0.21561,0.02805,0.53972,0.07945,0.01265,0.03893,0.16238
224,"Today, Both of them generally",dua_unemb,0.7,1,9,0.78361,0.49582,0.38681,0.38564,0.03502,0.53972,0.04389,0.00386,0.08545,0.2975
224,"Today, Both of them generally",dua_unemb,0.9,1,11,0.9082,0.54482,0.62044,0.61496,0.06319,0.53972,0.0051,5e-05,0.13898,0.48141
224,"Today, Both of them generally",dua_unemb,0.99,1,16,0.99251,0.64034,1.44659,1.42577,0.16643,0.53972,0.10062,0.02128,0.26357,1.16174
224,"Today, Both of them generally",euc_dmd,0.3,1,5,0.37256,0.38556,0.19307,0.19608,0.03567,0.53972,0.15416,0.04857,0.01968,0.12481
224,"Today, Both of them generally",euc_dmd,0.5,1,6,0.51206,0.38092,0.26655,0.26896,0.03633,0.53972,0.1588,0.05164,0.03296,0.18195
224,"Today, Both of them generally",euc_dmd,0.7,1,8,0.76597,0.41074,0.45058,0.45037,0.06203,0.53972,0.12898,0.03369,0.08452,0.33238
224,"Today, Both of them generally",euc_dmd,0.9,1,10,0.91048,0.47326,0.70566,0.70108,0.07159,0.53972,0.06645,0.00884,0.16278,0.53405
224,"Today, Both of them generally",euc_dmd,0.99,1,15,0.99411,0.60929,1.63129,1.61098,0.08197,0.53972,0.06957,0.00999,0.36929,1.25202
224,"Today, Both of them generally",cau_dmd,0.3,1,5,0.30014,0.38369,0.17858,0.18285,0.03793,0.53972,0.15602,0.04979,0.02367,0.10512
224,"Today, Both of them generally",cau_dmd,0.5,1,7,0.5329,0.36841,0.305,0.30872,0.05008,0.53972,0.17131,0.06046,0.03598,0.20855
224,"Today, Both of them generally",cau_dmd,0.7,1,9,0.74913,0.3896,0.46581,0.46753,0.11832,0.53972,0.15012,0.04598,0.06798,0.35185
224,"Today, Both of them generally",cau_dmd,0.9,1,12,0.92475,0.45474,0.82011,0.8164,0.12205,0.53972,0.08498,0.01448,0.15544,0.65019
224,"Today, Both of them generally",cau_dmd,0.99,1,17,0.99183,0.52892,1.67494,1.65805,0.12522,0.53972,0.0108,0.00023,0.31672,1.35799
224,"Today, Both of them generally",dua_dmd,0.3,1,5,0.37305,0.41704,0.15798,0.16081,0.02948,0.53972,0.12267,0.03042,0.0171,0.11046
224,"Today, Both of them generally",dua_dmd,0.5,1,6,0.50791,0.41237,0.227,0.22938,0.0332,0.53972,0.12735,0.03282,0.02933,0.16484
224,"Today, Both of them generally",dua_dmd,0.7,1,8,0.7488,0.42987,0.40174,0.40203,0.05469,0.53972,0.10985,0.02431,0.06892,0.30852
224,"Today, Both of them generally",dua_dmd,0.9,1,11,0.93155,0.49318,0.75442,0.74918,0.07079,0.53972,0.04653,0.00433,0.14929,0.6008
224,"Today, Both of them generally",dua_dmd,0.99,1,15,0.99014,0.57942,1.37271,1.35704,0.07927,0.53972,0.03971,0.00321,0.25819,1.11131
208,"Usually, They still",euc_ctx,0.3,1,19,0.33379,0.39908,0.35375,0.35916,0.05835,0.65331,0.25424,0.13133,0.02457,0.19785
208,"Usually, They still",euc_ctx,0.5,1,22,0.50112,0.38987,0.4444,0.44891,0.054,0.65331,0.26344,0.1413,0.03752,0.26559
208,"Usually, They still",euc_ctx,0.7,1,26,0.71728,0.41093,0.54869,0.55098,0.06479,0.65331,0.24238,0.1191,0.05769,0.37189
208,"Usually, They still",euc_ctx,0.9,1,32,0.91033,0.49234,0.70365,0.70062,0.07212,0.65331,0.16097,0.05259,0.08296,0.5681
208,"Usually, They still",euc_ctx,0.99,1,42,0.99018,0.63184,1.10962,1.09397,0.07227,0.65331,0.02147,0.001,0.10838,1.00024
208,"Usually, They still",cau_ctx,0.3,1,36,0.3233,0.40604,0.54137,0.54865,0.06515,0.65331,0.24727,0.12407,0.06321,0.35409
208,"Usually, They still",cau_ctx,0.5,1,43,0.53016,0.36489,0.79614,0.80147,0.17898,0.65331,0.28842,0.17065,0.09851,0.52699
208,"Usually, They still",cau_ctx,0.7,1,49,0.70298,0.3437,1.05504,1.05746,0.21843,0.65331,0.30961,0.19836,0.14681,0.70987
208,"Usually, They still",cau_ctx,0.9,1,60,0.90287,0.32013,1.6315,1.62592,0.24779,0.65331,0.33319,0.23255,0.27015,1.1288
208,"Usually, They still",cau_ctx,0.99,1,79,0.9902,0.26581,2.90954,2.88495,0.26106,0.65331,0.3875,0.32737,0.54257,2.03961
208,"Usually, They still",dua_ctx,0.3,1,22,0.32462,0.45413,0.27784,0.28276,0.05164,0.65331,0.19919,0.08021,0.02027,0.17736
208,"Usually, They still",dua_ctx,0.5,1,27,0.53224,0.4464,0.38421,0.38766,0.05882,0.65331,0.20691,0.08655,0.0338,0.26385
208,"Usually, They still",dua_ctx,0.7,1,32,0.72937,0.46508,0.49396,0.4948,0.06047,0.65331,0.18824,0.07167,0.05179,0.3705
208,"Usually, They still",dua_ctx,0.9,1,39,0.906,0.52566,0.67564,0.67095,0.07015,0.65331,0.12765,0.03334,0.08038,0.56191
208,"Usually, They still",dua_ctx,0.99,1,51,0.99097,0.64954,1.14965,1.13114,0.07268,0.65331,0.00377,3e-05,0.12409,1.02553
208,"Usually, They still",euc_unemb,0.3,1,9,0.39838,0.42093,0.36363,0.36636,0.06597,0.65331,0.23238,0.10933,0.03602,0.21828
208,"Usually, They still",euc_unemb,0.5,1,10,0.52889,0.41806,0.45115,0.45266,0.06913,0.65331,0.23525,0.11209,0.06147,0.27758
208,"Usually, They still",euc_unemb,0.7,1,12,0.76413,0.44095,0.66505,0.66273,0.17491,0.65331,0.21236,0.09118,0.14667,0.42721
208,"Usually, They still",euc_unemb,0.9,1,14,0.90379,0.48318,0.93542,0.92756,0.17798,0.65331,0.17013,0.05866,0.25363,0.62313
208,"Usually, They still",euc_unemb,0.99,1,19,0.99275,0.54955,1.81221,1.78583,0.2347,0.65331,0.10376,0.02222,0.49461,1.29537
208,"Usually, They still",cau_unemb,0.3,1,9,0.32089,0.39633,0.35047,0.35558,0.18143,0.65331,0.25698,0.13425,0.0249,0.19132
208,"Usually, They still",cau_unemb,0.5,1,11,0.5528,0.38482,0.48612,0.48968,0.18579,0.65331,0.26849,0.14696,0.04774,0.29142
208,"Usually, They still",cau_unemb,0.7,1,13,0.76338,0.40918,0.6303,0.63095,0.18775,0.65331,0.24413,0.12087,0.09155,0.41787
208,"Usually, They still",cau_unemb,0.9,1,16,0.93119,0.47888,0.89751,0.89152,0.17858,0.65331,0.17443,0.06163,0.17118,0.66471
208,"Usually, They still",cau_unemb,0.99,1,21,0.99316,0.56061,1.53096,1.50995,0.179,0.65331,0.0927,0.01783,0.28613,1.22701
208,"Usually, They still",dua_unemb,0.3,1,9,0.33951,0.49205,0.23951,0.24283,0.04575,0.65331,0.16126,0.05278,0.02553,0.1612
208,"Usually, They still",dua_unemb,0.5,1,11,0.55972,0.49309,0.3788,0.37986,0.0617,0.65331,0.16022,0.05211,0.06212,0.26457
208,"Usually, They still",dua_unemb,0.7,1,13,0.75463,0.51389,0.56546,0.56268,0.06669,0.65331,0.13942,0.03964,0.12167,0.40415
208,"Usually, They still",dua_unemb,0.9,1,16,0.92231,0.5597,0.92756,0.91648,0.17129,0.65331,0.09361,0.01817,0.22481,0.68459
208,"Usually, They still",dua_unemb,0.99,1,21,0.9926,0.6111,1.69846,1.66934,0.18259,0.65331,0.04221,0.0038,0.3737,1.32095
208,"Usually, They still",euc_dmd,0.3,1,8,0.37992,0.36142,0.48164,0.48628,0.18805,0.65331,0.29189,0.175,0.04828,0.25835
208,"Usually, They still",euc_dmd,0.5,1,9,0.52047,0.35205,0.58225,0.58583,0.19369,0.65331,0.30126,0.18712,0.06853,0.3266
208,"Usually, They still",euc_dmd,0.7,1,11,0.77199,0.37222,0.79146,0.79158,0.08507,0.65331,0.28109,0.16168,0.14189,0.4879
208,"Usually, They still",euc_dmd,0.9,1,13,0.91277,0.42451,1.03537,1.03047,0.07428,0.65331,0.2288,0.10595,0.24491,0.68451
208,"Usually, They still",euc_dmd,0.99,1,18,0.99407,0.53721,1.84827,1.82634,0.1784,0.65331,0.1161,0.02769,0.48924,1.33134
208,"Usually, They still",cau_dmd,0.3,1,9,0.39388,0.33596,0.5977,0.6047,0.22781,0.65331,0.31735,0.20918,0.07875,0.30978
208,"Usually, They still",cau_dmd,0.5,1,10,0.51516,0.328,0.68112,0.68736,0.19744,0.65331,0.32531,0.22071,0.08366,0.37676
208,"Usually, They still",cau_dmd,0.7,1,12,0.73647,0.34107,0.84941,0.85317,0.08701,0.65331,0.31224,0.20199,0.11832,0.5291
208,"Usually, They still",cau_dmd,0.9,1,15,0.91983,0.40298,1.16215,1.16005,0.08189,0.65331,0.25033,0.12722,0.22701,0.80793
208,"Usually, They still",cau_dmd,0.99,1,20,0.99105,0.49064,1.88824,1.87242,0.07789,0.65331,0.16267,0.05369,0.42276,1.41179
208,"Usually, They still",dua_dmd,0.3,1,8,0.36945,0.43388,0.3448,0.34983,0.06469,0.65331,0.21943,0.09738,0.0367,0.21072
208,"Usually, They still",dua_dmd,0.5,1,9,0.50288,0.42581,0.43441,0.43874,0.07302,0.65331,0.2275,0.10474,0.0554,0.27428
208,"Usually, They still",dua_dmd,0.7,1,11,0.745,0.4366,0.63598,0.63768,0.07673,0.65331,0.21671,0.09497,0.11159,0.42942
208,"Usually, They still",dua_dmd,0.9,1,14,0.93134,0.49166,0.98988,0.98511,0.07248,0.65331,0.16165,0.05303,0.21616,0.72069
208,"Usually, They still",dua_dmd,0.99,1,18,0.99036,0.56802,1.5595,1.54285,0.07421,0.65331,0.0853,0.01514,0.34676,1.1976
271,"Over time, The workers usually",euc_ctx,0.3,1,21,0.30017,0.23927,0.53963,0.54467,0.13647,0.49858,0.25931,0.15703,0.02228,0.36032
271,"Over time, The workers usually",euc_ctx,0.5,1,25,0.51091,0.22783,0.70917,0.71304,0.15006,0.49858,0.27075,0.17397,0.03138,0.50382
271,"Over time, The workers usually",euc_ctx,0.7,1,29,0.71718,0.24408,0.85885,0.86077,0.13805,0.49858,0.25449,0.15028,0.04064,0.66792
271,"Over time, The workers usually",euc_ctx,0.9,1,35,0.9049,0.31152,1.08092,1.07853,0.08313,0.49858,0.18706,0.07551,0.05189,0.95353
271,"Over time, The workers usually",euc_ctx,0.99,1,46,0.99047,0.47681,1.68082,1.6668,0.07654,0.49858,0.02177,0.00095,0.0679,1.61197
271,"Over time, The workers usually",cau_ctx,0.3,1,42,0.30457,0.26565,0.64905,0.65594,0.1601,0.49858,0.23292,0.12258,0.0599,0.46657
271,"Over time, The workers usually",cau_ctx,0.5,1,50,0.52128,0.24025,0.93669,0.94167,0.14371,0.49858,0.25833,0.15564,0.08289,0.69816
271,"Over time, The workers usually",cau_ctx,0.7,1,57,0.70827,0.22824,1.25479,1.25667,0.13523,0.49858,0.27034,0.17335,0.11623,0.96521
271,"Over time, The workers usually",cau_ctx,0.9,1,69,0.90665,0.2094,1.9851,1.97854,0.1492,0.49858,0.28918,0.20421,0.20245,1.57844
271,"Over time, The workers usually",cau_ctx,0.99,1,89,0.99022,0.15368,3.62864,3.6021,0.16696,0.49858,0.3449,0.32431,0.39206,2.91227
271,"Over time, The workers usually",dua_ctx,0.3,1,24,0.30385,0.29491,0.40969,0.41515,0.05808,0.49858,0.20367,0.09087,0.01977,0.29904
271,"Over time, The workers usually",dua_ctx,0.5,1,29,0.5155,0.28648,0.56816,0.57244,0.06022,0.49858,0.21209,0.09937,0.02775,0.44104
271,"Over time, The workers usually",dua_ctx,0.7,1,34,0.72112,0.30201,0.73804,0.74014,0.07465,0.49858,0.19656,0.08408,0.0372,0.61676
271,"Over time, The workers usually",dua_ctx,0.9,1,41,0.90278,0.35723,1.01985,1.01724,0.07765,0.49858,0.14135,0.04169,0.05426,0.9239
271,"Over time, The workers usually",dua_ctx,0.99,1,54,0.99135,0.49665,1.76447,1.7489,0.07725,0.49858,0.00193,1e-05,0.0894,1.67507
271,"Over time, The workers usually",euc_unemb,0.3,1,9,0.33694,0.25675,0.46144,0.4645,0.12898,0.49858,0.24183,0.13353,0.03304,0.29486
271,"Over time, The workers usually",euc_unemb,0.5,1,11,0.60482,0.25963,0.66921,0.67013,0.1334,0.49858,0.23895,0.12992,0.08324,0.45605
271,"Over time, The workers usually",euc_unemb,0.7,1,12,0.72684,0.27615,0.78789,0.78718,0.16521,0.49858,0.22243,0.11048,0.12293,0.55448
271,"Over time, The workers usually",euc_unemb,0.9,1,15,0.93361,0.36182,1.23797,1.23009,0.15803,0.49858,0.13676,0.03892,0.26399,0.93506
271,"Over time, The workers usually",euc_unemb,0.99,1,19,0.99241,0.46202,2.07998,2.05841,0.17361,0.49858,0.03656,0.00268,0.42885,1.64845
271,"Over time, The workers usually",cau_unemb,0.3,1,10,0.35579,0.24674,0.47545,0.48017,0.14852,0.49858,0.25184,0.14665,0.03577,0.29303
271,"Over time, The workers usually",cau_unemb,0.5,1,12,0.59806,0.25108,0.64088,0.64408,0.15643,0.49858,0.2475,0.14085,0.06801,0.43202
271,"Over time, The workers usually",cau_unemb,0.7,1,13,0.70938,0.26562,0.72991,0.73191,0.15545,0.49858,0.23296,0.12262,0.09232,0.51497
271,"Over time, The workers usually",cau_unemb,0.9,1,16,0.91487,0.34245,1.06047,1.05707,0.16837,0.49858,0.15613,0.05136,0.18063,0.82848
271,"Over time, The workers usually",cau_unemb,0.99,1,21,0.99209,0.46339,1.90267,1.8854,0.15743,0.49858,0.03519,0.00248,0.3142,1.58598
271,"Over time, The workers usually",dua_unemb,0.3,1,9,0.30667,0.3171,0.3004,0.30447,0.11633,0.49858,0.18148,0.07074,0.02426,0.2054
271,"Over time, The workers usually",dua_unemb,0.5,1,11,0.55151,0.31644,0.48038,0.48289,0.12838,0.49858,0.18214,0.07129,0.06145,0.34764
271,"Over time, The workers usually",dua_unemb,0.7,1,13,0.76973,0.34141,0.71829,0.71775,0.15222,0.49858,0.15716,0.05208,0.12129,0.54492
271,"Over time, The workers usually",dua_unemb,0.9,1,15,0.90027,0.3818,1.00933,1.00437,0.15852,0.49858,0.11678,0.02807,0.18682,0.79443
271,"Over time, The workers usually",dua_unemb,0.99,1,20,0.99127,0.48042,1.93186,1.91166,0.16257,0.49858,0.01815,0.00066,0.32122,1.60998
271,"Over time, The workers usually",euc_dmd,0.3,1,9,0.3657,0.20472,0.66424,0.66724,0.15965,0.49858,0.29386,0.21252,0.05106,0.40066
271,"Over time, The workers usually",euc_dmd,0.5,1,10,0.50008,0.1988,0.78264,0.78461,0.16426,0.49858,0.29978,0.22343,0.06767,0.49153
271,"Over time, The workers usually",euc_dmd,0.7,1,12,0.74958,0.21549,1.02064,1.01968,0.1632,0.49858,0.28308,0.19378,0.12788,0.69897
271,"Over time, The workers usually",euc_dmd,0.9,1,15,0.9384,0.29324,1.43452,1.42711,0.16119,0.49858,0.20534,0.09252,0.26468,1.07732
271,"Over time, The workers usually",euc_dmd,0.99,1,19,0.9923,0.41627,2.17235,2.15314,0.15854,0.49858,0.0823,0.01374,0.4421,1.71651
271,"Over time, The workers usually",cau_dmd,0.3,1,10,0.31839,0.20978,0.67315,0.67857,0.16061,0.49858,0.28879,0.20353,0.08046,0.38916
271,"Over time, The workers usually",cau_dmd,0.5,1,12,0.53592,0.20215,0.85728,0.8613,0.15923,0.49858,0.29642,0.21718,0.08916,0.55094
271,"Over time, The workers usually",cau_dmd,0.7,1,14,0.73744,0.21942,1.05327,1.055,0.16295,0.49858,0.27916,0.1873,0.12507,0.7409
271,"Over time, The workers usually",cau_dmd,0.9,1,17,0.91202,0.27729,1.41938,1.41607,0.15003,0.49858,0.22129,0.10921,0.22465,1.08552
271,"Over time, The workers usually",cau_dmd,0.99,1,23,0.99238,0.39133,2.47781,2.45955,0.12815,0.49858,0.10725,0.02357,0.44463,2.00962
271,"Over time, The workers usually",dua_dmd,0.3,1,9,0.36321,0.2677,0.46125,0.46557,0.14343,0.49858,0.23088,0.12016,0.04467,0.29642
271,"Over time, The workers usually",dua_dmd,0.5,1,11,0.61531,0.26557,0.67532,0.67802,0.15632,0.49858,0.233,0.12268,0.08144,0.47121
271,"Over time, The workers usually",dua_dmd,0.7,1,12,0.7242,0.27455,0.7957,0.79714,0.15758,0.49858,0.22403,0.11227,0.10706,0.57637
271,"Over time, The workers usually",dua_dmd,0.9,1,15,0.91687,0.32554,1.21508,1.21113,0.08303,0.49858,0.17303,0.06387,0.19964,0.95157
271,"Over time, The workers usually",dua_dmd,0.99,1,20,0.99136,0.42811,2.08768,2.0709,0.08281,0.49858,0.07046,0.01004,0.34991,1.72774
58,"Over time, Our customers typically",euc_ctx,0.3,1,26,0.33863,0.43595,0.42707,0.43387,0.09436,0.60352,0.16757,0.05653,0.03882,0.33172
58,"Over time, Our customers typically",euc_ctx,0.5,1,29,0.50329,0.43508,0.5455,0.55101,0.09493,0.60352,0.16844,0.05712,0.04966,0.43871
58,"Over time, Our customers typically",euc_ctx,0.7,1,33,0.71542,0.45893,0.71996,0.72256,0.12841,0.60352,0.14459,0.04202,0.06582,0.61212
58,"Over time, Our customers typically",euc_ctx,0.9,1,39,0.90728,0.52702,1.03745,1.03336,0.06941,0.60352,0.0765,0.01185,0.08733,0.93827
58,"Over time, Our customers typically",euc_ctx,0.99,1,50,0.99146,0.63307,1.82376,1.80311,0.07208,0.60352,0.02955,0.00186,0.11745,1.70445
58,"Over time, Our customers typically",cau_ctx,0.3,1,52,0.31576,0.25382,1.16884,1.1687,0.1094,0.60352,0.3497,0.27203,0.10503,0.79178
58,"Over time, Our customers typically",cau_ctx,0.5,1,59,0.50129,0.16118,1.79598,1.78953,0.11219,0.60352,0.44234,0.49969,0.13184,1.16445
58,"Over time, Our customers typically",cau_ctx,0.7,1,67,0.7099,0.09516,2.61582,2.60019,0.11932,0.60352,0.50837,0.78771,0.18209,1.64602
58,"Over time, Our customers typically",cau_ctx,0.9,1,79,0.90306,0.04868,3.87213,3.84092,0.13902,0.60352,0.55484,1.17236,0.28404,2.41573
58,"Over time, Our customers typically",cau_ctx,0.99,1,101,0.99098,0.01862,6.09847,6.03717,0.15644,0.60352,0.5849,1.74007,0.49194,3.86646
58,"Over time, Our customers typically",dua_ctx,0.3,1,28,0.30358,0.47555,0.35302,0.35996,0.09316,0.60352,0.12797,0.03292,0.03137,0.28873
58,"Over time, Our customers typically",dua_ctx,0.5,1,33,0.50298,0.46846,0.51833,0.52348,0.0939,0.60352,0.13507,0.03666,0.0453,0.43636
58,"Over time, Our customers typically",dua_ctx,0.7,1,38,0.70025,0.47755,0.72182,0.72382,0.06345,0.60352,0.12597,0.0319,0.06347,0.62645
58,"Over time, Our customers typically",dua_ctx,0.9,1,46,0.90774,0.52108,1.13981,1.13395,0.06714,0.60352,0.08244,0.01375,0.09733,1.02874
58,"Over time, Our customers typically",dua_ctx,0.99,1,58,0.9913,0.60007,1.98419,1.9614,0.07427,0.60352,0.00345,2e-05,0.1426,1.84156
58,"Over time, Our customers typically",euc_unemb,0.3,1,11,0.365,0.41041,0.36825,0.37314,0.09191,0.60352,0.19311,0.07541,0.03973,0.25312
58,"Over time, Our customers typically",euc_unemb,0.5,1,12,0.50143,0.41488,0.45333,0.45708,0.0937,0.60352,0.18864,0.07189,0.0589,0.32254
58,"Over time, Our customers typically",euc_unemb,0.7,1,14,0.75535,0.45419,0.67588,0.67574,0.14108,0.60352,0.14933,0.04483,0.12683,0.50423
58,"Over time, Our customers typically",euc_unemb,0.9,1,16,0.90481,0.51293,0.98453,0.97846,0.15799,0.60352,0.09059,0.01657,0.21825,0.74971
58,"Over time, Our customers typically",euc_unemb,0.99,1,21,0.99376,0.60415,2.02674,2.0007,0.17987,0.60352,0.00063,0.0,0.4245,1.60225
58,"Over time, Our customers typically",cau_unemb,0.3,1,12,0.36193,0.36582,0.41418,0.42079,0.09805,0.60352,0.23771,0.11592,0.0428,0.25546
58,"Over time, Our customers typically",cau_unemb,0.5,1,14,0.60783,0.38066,0.54856,0.55323,0.123,0.60352,0.22286,0.10131,0.06742,0.37984
58,"Over time, Our customers typically",cau_unemb,0.7,1,15,0.71913,0.40162,0.62591,0.62902,0.13453,0.60352,0.2019,0.08261,0.08682,0.45649
58,"Over time, Our customers typically",cau_unemb,0.9,1,18,0.92001,0.49054,0.93828,0.9345,0.1532,0.60352,0.11299,0.02569,0.1597,0.75289
58,"Over time, Our customers typically",cau_unemb,0.99,1,23,0.99283,0.5945,1.73362,1.71347,0.17731,0.60352,0.00902,0.00017,0.27439,1.45907
58,"Over time, Our customers typically",dua_unemb,0.3,1,11,0.34514,0.46361,0.25471,0.26025,0.08819,0.60352,0.13991,0.03934,0.03031,0.18506
58,"Over time, Our customers typically",dua_unemb,0.5,1,13,0.59942,0.48055,0.41231,0.41557,0.11456,0.60352,0.12297,0.03041,0.06711,0.31479
58,"Over time, Our customers typically",dua_unemb,0.7,1,14,0.71396,0.49722,0.52037,0.52174,0.12917,0.60352,0.1063,0.02275,0.09458,0.40304
58,"Over time, Our customers typically",dua_unemb,0.9,1,17,0.9205,0.55496,0.96535,0.95834,0.17495,0.60352,0.04857,0.00482,0.19293,0.7676
58,"Over time, Our customers typically",dua_unemb,0.99,1,22,0.9939,0.61032,1.97028,1.94376,0.1774,0.60352,0.0068,0.0001,0.33995,1.63024
58,"Over time, Our customers typically",euc_dmd,0.3,1,11,0.36914,0.32872,0.52864,0.53505,0.10427,0.60352,0.27481,0.15792,0.07297,0.29775
58,"Over time, Our customers typically",euc_dmd,0.5,1,12,0.5045,0.32921,0.61602,0.62144,0.1025,0.60352,0.27432,0.15731,0.09008,0.36863
58,"Over time, Our customers typically",euc_dmd,0.7,1,14,0.7547,0.36363,0.8085,0.81062,0.12305,0.60352,0.23989,0.11817,0.14787,0.54245
58,"Over time, Our customers typically",euc_dmd,0.9,1,16,0.90256,0.4272,1.05722,1.05437,0.13539,0.60352,0.17632,0.06266,0.23173,0.76284
58,"Over time, Our customers typically",euc_dmd,0.99,1,21,0.99303,0.56284,1.9748,1.95449,0.12012,0.60352,0.04068,0.00339,0.45929,1.51213
58,"Over time, Our customers typically",cau_dmd,0.3,1,13,0.37392,0.28948,0.64552,0.65356,0.14957,0.60352,0.31404,0.21211,0.11768,0.31573
58,"Over time, Our customers typically",cau_dmd,0.5,1,15,0.59417,0.30014,0.75336,0.75981,0.14281,0.60352,0.30338,0.19627,0.12141,0.43568
58,"Over time, Our customers typically",cau_dmd,0.7,1,17,0.78037,0.33921,0.88155,0.88531,0.13144,0.60352,0.26432,0.1452,0.15354,0.5828
58,"Over time, Our customers typically",cau_dmd,0.9,1,20,0.92957,0.42543,1.17125,1.16898,0.13701,0.60352,0.1781,0.06395,0.24509,0.86221
58,"Over time, Our customers typically",cau_dmd,0.99,1,25,0.9912,0.53885,1.92848,1.91228,0.11976,0.60352,0.06468,0.0085,0.43119,1.48879
58,"Over time, Our customers typically",dua_dmd,0.3,1,11,0.36596,0.39344,0.37417,0.38138,0.09572,0.60352,0.21008,0.08965,0.05857,0.22596
58,"Over time, Our customers typically",dua_dmd,0.5,1,13,0.61578,0.40465,0.52606,0.53161,0.09892,0.60352,0.19887,0.08009,0.09481,0.35116
58,"Over time, Our customers typically",dua_dmd,0.7,1,14,0.72352,0.42057,0.61495,0.61911,0.12048,0.60352,0.18295,0.06754,0.11784,0.42957
58,"Over time, Our customers typically",dua_dmd,0.9,1,17,0.91665,0.487,0.95998,0.95791,0.1286,0.60352,0.11652,0.02731,0.20015,0.73252
58,"Over time, Our customers typically",dua_dmd,0.99,1,22,0.99221,0.57934,1.81367,1.79582,0.1052,0.60352,0.02418,0.00121,0.35797,1.4545
236,"At home, People often",euc_ctx,0.3,1,29,0.32202,0.62516,0.35793,0.36619,0.02668,0.75389,0.12873,0.03761,0.05022,0.27009
236,"At home, People often",euc_ctx,0.5,1,33,0.53621,0.62,0.47654,0.4827,0.03001,0.75389,0.13389,0.0405,0.0594,0.37665
236,"At home, People often",euc_ctx,0.7,1,37,0.73704,0.64101,0.60027,0.60283,0.05311,0.75389,0.11288,0.02937,0.06762,0.50328
236,"At home, People often",euc_ctx,0.9,1,43,0.91292,0.69814,0.81495,0.80979,0.12532,0.75389,0.05575,0.00767,0.0787,0.72858
236,"At home, People often",euc_ctx,0.99,1,54,0.99126,0.78021,1.33307,1.3101,0.13063,0.75389,0.02632,0.00197,0.09872,1.23239
236,"At home, People often",cau_ctx,0.3,1,57,0.30284,0.44206,1.0195,1.02168,0.11344,0.75389,0.31183,0.20099,0.15162,0.66689
236,"At home, People often",cau_ctx,0.5,1,65,0.51719,0.29433,1.58215,1.57768,0.13218,0.75389,0.45955,0.44981,0.17031,0.96203
236,"At home, People often",cau_ctx,0.7,1,72,0.70315,0.20465,2.14765,2.13555,0.13478,0.75389,0.54923,0.69432,0.20922,1.24411
236,"At home, People often",cau_ctx,0.9,1,84,0.90328,0.12224,3.14367,3.11646,0.16067,0.75389,0.63165,1.05858,0.33378,1.75131
236,"At home, People often",cau_ctx,0.99,1,105,0.9908,0.06401,4.83593,4.78026,0.16612,0.75389,0.68987,1.53044,0.64282,2.66267
236,"At home, People often",dua_ctx,0.3,1,32,0.31786,0.64488,0.33566,0.34325,0.02316,0.75389,0.109,0.0275,0.03776,0.2704
236,"At home, People often",dua_ctx,0.5,1,37,0.50596,0.63463,0.461,0.46643,0.02407,0.75389,0.11926,0.03258,0.04603,0.3824
236,"At home, People often",dua_ctx,0.7,1,43,0.72557,0.64167,0.63572,0.63681,0.02664,0.75389,0.11221,0.02905,0.05784,0.54883
236,"At home, People often",dua_ctx,0.9,1,51,0.91378,0.67992,0.92582,0.91808,0.12772,0.75389,0.07397,0.01318,0.08151,0.83113
236,"At home, People often",dua_ctx,0.99,1,63,0.99129,0.74651,1.49775,1.47176,0.12945,0.75389,0.00737,0.00014,0.12306,1.37455
236,"At home, People often",euc_unemb,0.3,1,12,0.31504,0.61001,0.23683,0.2442,0.02489,0.75389,0.14388,0.04636,0.05576,0.13472
236,"At home, People often",euc_unemb,0.5,1,14,0.5755,0.62529,0.3566,0.36143,0.04859,0.75389,0.12859,0.03754,0.09715,0.22192
236,"At home, People often",euc_unemb,0.7,1,16,0.79936,0.6629,0.55931,0.55913,0.06134,0.75389,0.09099,0.01954,0.18636,0.3534
236,"At home, People often",euc_unemb,0.9,1,18,0.92102,0.69859,0.83967,0.83253,0.08672,0.75389,0.05529,0.00755,0.30004,0.53208
236,"At home, People often",euc_unemb,0.99,1,23,0.99404,0.73137,1.67497,1.64661,0.09074,0.75389,0.02251,0.00131,0.56004,1.11361
236,"At home, People often",cau_unemb,0.3,1,14,0.39616,0.58101,0.30142,0.311,0.1271,0.75389,0.17288,0.06542,0.0671,0.1689
236,"At home, People often",cau_unemb,0.5,1,15,0.51451,0.59105,0.33818,0.34682,0.03276,0.75389,0.16284,0.05848,0.07388,0.20583
236,"At home, People often",cau_unemb,0.7,1,17,0.7333,0.63063,0.44453,0.44989,0.03422,0.75389,0.12326,0.03466,0.10878,0.30109
236,"At home, People often",cau_unemb,0.9,1,20,0.91879,0.69935,0.71495,0.71236,0.03889,0.75389,0.05453,0.00735,0.20142,0.50619
236,"At home, People often",cau_unemb,0.99,1,25,0.99131,0.75202,1.35194,1.33196,0.07706,0.75389,0.00187,1e-05,0.36482,0.98711
236,"At home, People often",dua_unemb,0.3,1,13,0.41346,0.63573,0.23803,0.2441,0.02383,0.75389,0.11816,0.03201,0.05053,0.15548
236,"At home, People often",dua_unemb,0.5,1,14,0.53414,0.64272,0.29602,0.30084,0.02426,0.75389,0.11117,0.02854,0.06941,0.19807
236,"At home, People often",dua_unemb,0.7,1,16,0.74776,0.66814,0.45611,0.45702,0.03492,0.75389,0.08575,0.01746,0.12823,0.31042
236,"At home, People often",dua_unemb,0.9,1,19,0.92567,0.70962,0.80534,0.79718,0.04287,0.75389,0.04426,0.00491,0.24626,0.55417
236,"At home, People often",dua_unemb,0.99,1,24,0.99345,0.73733,1.55831,1.52995,0.08213,0.75389,0.01656,0.00072,0.44066,1.11693
236,"At home, People often",euc_dmd,0.3,1,12,0.31035,0.55138,0.38955,0.39961,0.06168,0.75389,0.20251,0.08807,0.11713,0.18435
236,"At home, People often",euc_dmd,0.5,1,14,0.56467,0.5576,0.52698,0.5349,0.13532,0.75389,0.19629,0.08305,0.16252,0.28142
236,"At home, People often",euc_dmd,0.7,1,16,0.78755,0.5951,0.72593,0.72952,0.15438,0.75389,0.15878,0.05577,0.25623,0.41393
236,"At home, People often",euc_dmd,0.9,1,18,0.91304,0.6399,0.99973,0.99717,0.17726,0.75389,0.11398,0.02991,0.38527,0.58455
236,"At home, People often",euc_dmd,0.99,1,23,0.99271,0.6985,1.87228,1.85032,0.16591,0.75389,0.05539,0.00757,0.72568,1.13902
236,"At home, People often",cau_dmd,0.3,1,15,0.39561,0.50869,0.56615,0.57879,0.03995,0.75389,0.2452,0.12645,0.18307,0.25663
236,"At home, People often",cau_dmd,0.5,1,16,0.50192,0.51434,0.61246,0.62433,0.06741,0.75389,0.23955,0.12097,0.19218,0.29931
236,"At home, People often",cau_dmd,0.7,1,18,0.70293,0.54507,0.7342,0.74346,0.15868,0.75389,0.20882,0.09331,0.24006,0.40083
236,"At home, People often",cau_dmd,0.9,1,22,0.92644,0.63174,1.14647,1.14669,0.18502,0.75389,0.12215,0.03408,0.43415,0.67824
236,"At home, People often",cau_dmd,0.99,1,28,0.99308,0.69224,2.05133,2.0329,0.21107,0.75389,0.06165,0.0093,0.788,1.25404
236,"At home, People often",dua_dmd,0.3,1,12,0.31277,0.58149,0.31956,0.32897,0.03302,0.75389,0.1724,0.06509,0.08296,0.17152
236,"At home, People often",dua_dmd,0.5,1,14,0.54077,0.58114,0.44622,0.45414,0.05729,0.75389,0.17274,0.06533,0.12028,0.26061
236,"At home, People often",dua_dmd,0.7,1,16,0.74133,0.60264,0.60332,0.60827,0.06646,0.75389,0.15125,0.05091,0.17744,0.37496
236,"At home, People often",dua_dmd,0.9,1,19,0.91412,0.6514,0.9164,0.91433,0.07563,0.75389,0.10249,0.02448,0.29428,0.59765
236,"At home, People often",dua_dmd,0.99,1,24,0.99067,0.70906,1.63777,1.61876,0.08282,0.75389,0.04483,0.00503,0.5317,1.10103
107,"Over time, Students often",euc_ctx,0.3,1,23,0.30331,0.54786,0.27709,0.28449,0.13964,0.61285,0.06499,0.00862,0.03383,0.23463
107,"Over time, Students often",euc_ctx,0.5,1,27,0.53005,0.54955,0.44307,0.44877,0.14447,0.61285,0.0633,0.00819,0.04777,0.38712
107,"Over time, Students often",euc_ctx,0.7,1,31,0.74469,0.56935,0.6612,0.66339,0.15036,0.61285,0.0435,0.0039,0.06098,0.59633
107,"Over time, Students often",euc_ctx,0.9,1,36,0.9051,0.60518,1.00239,0.99813,0.15405,0.61285,0.00767,0.00012,0.07285,0.92942
107,"Over time, Students often",euc_ctx,0.99,1,46,0.99017,0.65777,1.83412,1.81362,0.15772,0.61285,0.04493,0.0044,0.08767,1.74205
107,"Over time, Students often",cau_ctx,0.3,1,48,0.31978,0.53356,0.65088,0.65596,0.20185,0.61285,0.07929,0.01278,0.08076,0.55734
107,"Over time, Students often",cau_ctx,0.5,1,55,0.51389,0.47127,0.98871,0.99065,0.20319,0.61285,0.14158,0.04033,0.11317,0.83521
107,"Over time, Students often",cau_ctx,0.7,1,62,0.70397,0.40215,1.43876,1.4356,0.21373,0.61285,0.2107,0.08996,0.15878,1.19002
107,"Over time, Students often",cau_ctx,0.9,1,74,0.90537,0.29073,2.39571,2.3803,0.21462,0.61285,0.32212,0.22262,0.25115,1.92194
107,"Over time, Students often",cau_ctx,0.99,1,95,0.99108,0.14911,4.3418,4.29991,0.21105,0.61285,0.46374,0.56134,0.42209,3.35837
107,"Over time, Students often",dua_ctx,0.3,1,26,0.31584,0.5578,0.27981,0.2866,0.04468,0.61285,0.05505,0.00621,0.02287,0.25073
107,"Over time, Students often",dua_ctx,0.5,1,31,0.51281,0.55344,0.45159,0.45646,0.04802,0.61285,0.05941,0.00722,0.03493,0.40944
107,"Over time, Students often",dua_ctx,0.7,1,36,0.7056,0.55787,0.67829,0.67978,0.05336,0.61285,0.05498,0.00619,0.0506,0.62149
107,"Over time, Students often",dua_ctx,0.9,1,44,0.91201,0.58293,1.16527,1.15819,0.05891,0.61285,0.02992,0.00185,0.07875,1.08466
107,"Over time, Students often",dua_ctx,0.99,1,55,0.99113,0.62469,2.0517,2.0278,0.15038,0.61285,0.01184,0.0003,0.11014,1.94126
107,"Over time, Students often",euc_unemb,0.3,1,10,0.35651,0.49593,0.24232,0.24851,0.15316,0.61285,0.11692,0.02756,0.03207,0.18268
107,"Over time, Students often",euc_unemb,0.5,1,12,0.6397,0.5178,0.42637,0.4298,0.13954,0.61285,0.09505,0.01829,0.06346,0.34462
107,"Over time, Students often",euc_unemb,0.7,1,13,0.76088,0.53613,0.56395,0.56494,0.16237,0.61285,0.07672,0.01197,0.09081,0.46117
107,"Over time, Students often",euc_unemb,0.9,1,15,0.91101,0.56935,0.92868,0.92302,0.17595,0.61285,0.0435,0.0039,0.15903,0.76576
107,"Over time, Students often",euc_unemb,0.99,1,19,0.99069,0.59069,1.84984,1.82721,0.19165,0.61285,0.02216,0.00102,0.28985,1.55897
107,"Over time, Students often",cau_unemb,0.3,1,11,0.37716,0.45679,0.28114,0.28906,0.17317,0.61285,0.15606,0.04899,0.04084,0.19131
107,"Over time, Students often",cau_unemb,0.5,1,12,0.50689,0.46561,0.34147,0.34865,0.17912,0.61285,0.14724,0.04361,0.0477,0.25016
107,"Over time, Students often",cau_unemb,0.7,1,14,0.74738,0.50425,0.51127,0.51536,0.16215,0.61285,0.1086,0.02381,0.07209,0.41537
107,"Over time, Students often",cau_unemb,0.9,1,17,0.93504,0.56771,0.92839,0.92425,0.17453,0.61285,0.04514,0.00419,0.12794,0.79625
107,"Over time, Students often",cau_unemb,0.99,1,21,0.99158,0.5994,1.68697,1.66839,0.18429,0.61285,0.01345,0.00038,0.20254,1.48405
107,"Over time, Students often",dua_unemb,0.3,1,10,0.33843,0.52197,0.19654,0.20234,0.11363,0.61285,0.09088,0.01673,0.01792,0.16188
107,"Over time, Students often",dua_unemb,0.5,1,12,0.60171,0.53706,0.35745,0.36094,0.04662,0.61285,0.07579,0.01169,0.04149,0.30428
107,"Over time, Students often",dua_unemb,0.7,1,13,0.71969,0.55199,0.46959,0.4711,0.11735,0.61285,0.06086,0.00757,0.06093,0.40108
107,"Over time, Students often",dua_unemb,0.9,1,16,0.92695,0.60086,0.93775,0.93048,0.13725,0.61285,0.01199,0.0003,0.13728,0.80016
107,"Over time, Students often",dua_unemb,0.99,1,20,0.99148,0.63022,1.7799,1.75663,0.16953,0.61285,0.01737,0.00064,0.23615,1.5431
107,"Over time, Students often",euc_dmd,0.3,1,10,0.36919,0.44175,0.34149,0.35019,0.2033,0.61285,0.1711,0.05894,0.06846,0.21409
107,"Over time, Students often",euc_dmd,0.5,1,11,0.51212,0.44864,0.42796,0.43583,0.18065,0.61285,0.16421,0.05426,0.08866,0.28504
107,"Over time, Students often",euc_dmd,0.7,1,13,0.77137,0.48777,0.66711,0.67137,0.15702,0.61285,0.12508,0.03151,0.15022,0.48538
107,"Over time, Students often",euc_dmd,0.9,1,15,0.91539,0.53457,1.01193,1.01024,0.17091,0.61285,0.07828,0.01246,0.22968,0.7698
107,"Over time, Students often",euc_dmd,0.99,1,19,0.99098,0.58129,1.91626,1.89892,0.17569,0.61285,0.03156,0.00206,0.3934,1.5208
107,"Over time, Students often",cau_dmd,0.3,1,11,0.30881,0.40633,0.41093,0.42188,0.2066,0.61285,0.20652,0.08634,0.10713,0.21746
107,"Over time, Students often",cau_dmd,0.5,1,13,0.54285,0.41864,0.53985,0.54985,0.19348,0.61285,0.19421,0.07616,0.12704,0.33665
107,"Over time, Students often",cau_dmd,0.7,1,15,0.75756,0.45944,0.72256,0.7299,0.18173,0.61285,0.15341,0.04734,0.17124,0.50398
107,"Over time, Students often",cau_dmd,0.9,1,18,0.92903,0.53189,1.14411,1.14448,0.18383,0.61285,0.08096,0.01331,0.27206,0.85873
107,"Over time, Students often",cau_dmd,0.99,1,23,0.99268,0.59087,2.12454,2.10898,0.19017,0.61285,0.02198,0.00101,0.46132,1.66221
107,"Over time, Students often",dua_dmd,0.3,1,10,0.35893,0.4754,0.27484,0.28322,0.17532,0.61285,0.13745,0.03801,0.04112,0.19571
107,"Over time, Students often",dua_dmd,0.5,1,12,0.62202,0.48469,0.4481,0.45491,0.16663,0.61285,0.12816,0.03307,0.07505,0.33998
107,"Over time, Students often",dua_dmd,0.7,1,13,0.73486,0.49896,0.55437,0.55972,0.15238,0.61285,0.11389,0.02616,0.0967,0.43151
107,"Over time, Students often",dua_dmd,0.9,1,16,0.92871,0.55619,0.96258,0.96111,0.16148,0.61285,0.05666,0.00657,0.16862,0.78739
107,"Over time, Students often",dua_dmd,0.99,1,20,0.99088,0.60821,1.72466,1.7097,0.16858,0.61285,0.00464,5e-05,0.27395,1.45067
233,"Every day, These kids just",euc_ctx,0.3,1,19,0.32158,0.36112,0.4091,0.41523,0.05627,0.66671,0.30558,0.19191,0.02702,0.19018
233,"Every day, These kids just",euc_ctx,0.5,1,23,0.55045,0.34879,0.52779,0.53276,0.06178,0.66671,0.31791,0.2087,0.0453,0.27379
233,"Every day, These kids just",euc_ctx,0.7,1,26,0.7135,0.36651,0.59457,0.59799,0.06155,0.66671,0.30019,0.18485,0.06387,0.34585
233,"Every day, These kids just",euc_ctx,0.9,1,32,0.91104,0.45134,0.71736,0.71599,0.06982,0.66671,0.21536,0.09397,0.10607,0.51732
233,"Every day, These kids just",euc_ctx,0.99,1,42,0.99059,0.60196,1.07918,1.06587,0.06436,0.66671,0.06475,0.00894,0.1611,0.90914
233,"Every day, These kids just",cau_ctx,0.3,1,36,0.3243,0.34771,0.63175,0.63874,0.0621,0.66671,0.31899,0.21021,0.10588,0.31566
233,"Every day, These kids just",cau_ctx,0.5,1,42,0.50181,0.3022,0.87267,0.87774,0.17759,0.66671,0.36451,0.28127,0.13416,0.45724
233,"Every day, These kids just",cau_ctx,0.7,1,49,0.70452,0.26029,1.20682,1.20801,0.21995,0.66671,0.40642,0.36137,0.1739,0.67156
233,"Every day, These kids just",cau_ctx,0.9,1,60,0.902,0.20532,1.85806,1.84994,0.21904,0.66671,0.46138,0.49563,0.25404,1.10839
233,"Every day, These kids just",cau_ctx,0.99,1,80,0.99082,0.12331,3.34337,3.31283,0.23885,0.66671,0.5434,0.80283,0.4632,2.07734
233,"Every day, These kids just",dua_ctx,0.3,1,22,0.33075,0.43491,0.30879,0.3139,0.04569,0.66671,0.23179,0.10885,0.02892,0.17102
233,"Every day, These kids just",dua_ctx,0.5,1,26,0.50426,0.42358,0.40105,0.40505,0.05242,0.66671,0.24312,0.11984,0.04264,0.23858
233,"Every day, These kids just",dua_ctx,0.7,1,31,0.71401,0.43321,0.51801,0.51956,0.05966,0.66671,0.2335,0.11047,0.06345,0.34409
233,"Every day, These kids just",dua_ctx,0.9,1,38,0.90329,0.48086,0.70548,0.70165,0.05803,0.66671,0.18584,0.07016,0.09674,0.53858
233,"Every day, These kids just",dua_ctx,0.99,1,50,0.9912,0.5827,1.16884,1.15131,0.05165,0.66671,0.084,0.01487,0.14245,1.01152
233,"Every day, These kids just",euc_unemb,0.3,1,9,0.41787,0.45487,0.33597,0.3389,0.05748,0.66671,0.21183,0.09092,0.04761,0.19744
233,"Every day, These kids just",euc_unemb,0.5,1,10,0.55367,0.46572,0.39379,0.39552,0.05786,0.66671,0.20099,0.08191,0.06585,0.24603
233,"Every day, These kids just",euc_unemb,0.7,1,12,0.78711,0.52483,0.54025,0.53813,0.06517,0.66671,0.14188,0.04133,0.13285,0.36608
233,"Every day, These kids just",euc_unemb,0.9,1,14,0.91659,0.60549,0.75936,0.75155,0.06887,0.66671,0.06122,0.00801,0.22639,0.52496
233,"Every day, These kids just",euc_unemb,0.99,1,19,0.99398,0.72591,1.60878,1.58163,0.06977,0.66671,0.0592,0.00846,0.47306,1.12725
233,"Every day, These kids just",cau_unemb,0.3,1,9,0.32859,0.43558,0.30264,0.3084,0.06312,0.66671,0.23112,0.10823,0.0441,0.15031
233,"Every day, These kids just",cau_unemb,0.5,1,11,0.56845,0.44921,0.3808,0.38522,0.05991,0.66671,0.21749,0.09583,0.05981,0.22517
233,"Every day, These kids just",cau_unemb,0.7,1,13,0.77829,0.50693,0.46986,0.47146,0.05462,0.66671,0.15978,0.05214,0.09696,0.32076
233,"Every day, These kids just",cau_unemb,0.9,1,15,0.90253,0.58581,0.61043,0.60776,0.05798,0.66671,0.08089,0.01381,0.15252,0.4441
233,"Every day, These kids just",cau_unemb,0.99,1,20,0.9901,0.72272,1.22988,1.21205,0.06121,0.66671,0.05601,0.00754,0.30869,0.91365
233,"Every day, These kids just",dua_unemb,0.3,1,9,0.3829,0.5172,0.23534,0.23838,0.05998,0.66671,0.1495,0.04578,0.04044,0.14913
233,"Every day, These kids just",dua_unemb,0.5,1,10,0.50155,0.52686,0.2873,0.28935,0.05234,0.66671,0.13984,0.04018,0.05624,0.19088
233,"Every day, These kids just",dua_unemb,0.7,1,12,0.71739,0.5677,0.42061,0.41952,0.05845,0.66671,0.099,0.02049,0.10328,0.29684
233,"Every day, These kids just",dua_unemb,0.9,1,15,0.90806,0.65131,0.71109,0.70268,0.06573,0.66671,0.01539,0.00053,0.1938,0.51677
233,"Every day, These kids just",dua_unemb,0.99,1,20,0.99083,0.75121,1.43712,1.4113,0.06921,0.66671,0.08451,0.0179,0.35537,1.06385
233,"Every day, These kids just",euc_dmd,0.3,1,8,0.3267,0.34001,0.50849,0.5136,0.06382,0.66671,0.3267,0.22124,0.06688,0.22038
233,"Every day, These kids just",euc_dmd,0.5,1,10,0.59953,0.33191,0.67481,0.67788,0.06995,0.66671,0.33479,0.23324,0.10715,0.33442
233,"Every day, These kids just",euc_dmd,0.7,1,11,0.72392,0.34978,0.75182,0.7533,0.06626,0.66671,0.31693,0.20732,0.14513,0.39937
233,"Every day, These kids just",euc_dmd,0.9,1,14,0.93295,0.46242,1.03927,1.03386,0.06962,0.66671,0.20429,0.0846,0.32547,0.6292
233,"Every day, These kids just",euc_dmd,0.99,1,18,0.99207,0.62287,1.66049,1.64193,0.23647,0.66671,0.04383,0.00416,0.62103,1.0353
233,"Every day, These kids just",cau_dmd,0.3,1,9,0.31588,0.32127,0.58129,0.58917,0.18486,0.66671,0.34544,0.2497,0.11363,0.21796
233,"Every day, These kids just",cau_dmd,0.5,1,11,0.54362,0.31313,0.69453,0.70145,0.18697,0.66671,0.35357,0.26283,0.12299,0.30871
233,"Every day, These kids just",cau_dmd,0.7,1,13,0.75159,0.34737,0.78488,0.78984,0.18657,0.66671,0.31934,0.2107,0.1619,0.41228
233,"Every day, These kids just",cau_dmd,0.9,1,16,0.9229,0.45429,0.98268,0.98283,0.06874,0.66671,0.21241,0.09142,0.29481,0.59645
233,"Every day, These kids just",cau_dmd,0.99,1,21,0.99128,0.63576,1.60877,1.59661,0.25621,0.66671,0.03095,0.0021,0.5953,1.01138
233,"Every day, These kids just",dua_dmd,0.3,1,8,0.33068,0.4352,0.30475,0.30954,0.05877,0.66671,0.23151,0.10858,0.03242,0.16375
233,"Every day, These kids just",dua_dmd,0.5,1,10,0.5891,0.43434,0.43245,0.4358,0.05788,0.66671,0.23237,0.1094,0.06259,0.26046
233,"Every day, These kids just",dua_dmd,0.7,1,11,0.70489,0.44836,0.50304,0.50516,0.0613,0.66671,0.21835,0.09658,0.08775,0.3187
233,"Every day, These kids just",dua_dmd,0.9,1,14,0.91171,0.52294,0.76793,0.76455,0.06456,0.66671,0.14376,0.0424,0.19464,0.53088
233,"Every day, These kids just",dua_dmd,0.99,1,19,0.99097,0.65491,1.41025,1.39315,0.06841,0.66671,0.0118,0.00031,0.40985,1.00008
298,"At work, These kids typically",euc_ctx,0.3,1,26,0.30699,0.31392,0.61294,0.62011,0.07061,0.61084,0.29692,0.18598,0.03073,0.39623
298,"At work, These kids typically",euc_ctx,0.5,1,30,0.51442,0.30223,0.76867,0.77447,0.08073,0.61084,0.3086,0.20257,0.0395,0.5266
298,"At work, These kids typically",euc_ctx,0.7,1,34,0.71653,0.32139,0.89859,0.90213,0.08194,0.61084,0.28945,0.17587,0.04872,0.674
298,"At work, These kids typically",euc_ctx,0.9,1,40,0.90252,0.39461,1.08438,1.08296,0.07846,0.61084,0.21622,0.09493,0.06074,0.92872
298,"At work, These kids typically",euc_ctx,0.99,1,52,0.99173,0.56415,1.65714,1.6414,0.08294,0.61084,0.04669,0.00448,0.08195,1.57072
298,"At work, These kids typically",cau_ctx,0.3,1,50,0.30106,0.26573,1.14205,1.14769,0.18222,0.61084,0.3451,0.26135,0.10206,0.77864
298,"At work, These kids typically",cau_ctx,0.5,1,58,0.51901,0.18655,1.70403,1.70468,0.18589,0.61084,0.42428,0.4376,0.1332,1.13323
298,"At work, These kids typically",cau_ctx,0.7,1,65,0.7075,0.13904,2.27539,2.27,0.20777,0.61084,0.4718,0.59507,0.18409,1.49624
298,"At work, These kids typically",cau_ctx,0.9,1,77,0.90667,0.09238,3.32974,3.31174,0.22818,0.61084,0.51846,0.82427,0.31649,2.18898
298,"At work, These kids typically",cau_ctx,0.99,1,97,0.99004,0.05536,5.13501,5.09346,0.23095,0.61084,0.55547,1.12147,0.5892,3.42434
298,"At work, These kids typically",dua_ctx,0.3,1,29,0.30224,0.37399,0.48469,0.49151,0.06185,0.61084,0.23685,0.11468,0.02876,0.34125
298,"At work, These kids typically",dua_ctx,0.5,1,34,0.50525,0.36216,0.63752,0.64285,0.07095,0.61084,0.24867,0.12703,0.03767,0.47282
298,"At work, These kids typically",dua_ctx,0.7,1,39,0.70598,0.37419,0.79333,0.79612,0.07317,0.61084,0.23664,0.11447,0.04796,0.63089
298,"At work, These kids typically",dua_ctx,0.9,1,47,0.90868,0.43299,1.07806,1.07466,0.08074,0.61084,0.17785,0.06373,0.06813,0.9462
298,"At work, These kids typically",dua_ctx,0.99,1,60,0.99174,0.5533,1.73802,1.71991,0.07923,0.61084,0.05754,0.00677,0.10473,1.62652
298,"At work, These kids typically",euc_unemb,0.3,1,12,0.39196,0.31732,0.55397,0.55714,0.18882,0.61084,0.29351,0.18132,0.05339,0.31926
298,"At work, These kids typically",euc_unemb,0.5,1,13,0.51887,0.31984,0.63661,0.63866,0.19252,0.61084,0.29099,0.17793,0.07856,0.38012
298,"At work, These kids typically",euc_unemb,0.7,1,15,0.75172,0.35481,0.82621,0.82493,0.16585,0.61084,0.25603,0.1351,0.16439,0.52673
298,"At work, These kids typically",euc_unemb,0.9,1,18,0.93478,0.44764,1.21211,1.20305,0.20484,0.61084,0.1632,0.05359,0.33351,0.82501
298,"At work, These kids typically",euc_unemb,0.99,1,22,0.99137,0.53842,1.92352,1.90027,0.22276,0.61084,0.07242,0.01067,0.52983,1.38302
298,"At work, These kids typically",cau_unemb,0.3,1,13,0.37706,0.28924,0.59119,0.59665,0.19036,0.61084,0.3216,0.22224,0.04844,0.32051
298,"At work, These kids typically",cau_unemb,0.5,1,15,0.60207,0.29774,0.71049,0.71421,0.19204,0.61084,0.3131,0.20923,0.07129,0.42998
298,"At work, These kids typically",cau_unemb,0.7,1,16,0.705,0.31418,0.77021,0.77266,0.19436,0.61084,0.29666,0.18562,0.09164,0.49296
298,"At work, These kids typically",cau_unemb,0.9,1,19,0.90362,0.39646,0.99086,0.98791,0.18416,0.61084,0.21437,0.09326,0.17494,0.72266
298,"At work, These kids typically",cau_unemb,0.99,1,25,0.99296,0.54382,1.73898,1.7194,0.19735,0.61084,0.06702,0.00915,0.33004,1.39979
298,"At work, These kids typically",dua_unemb,0.3,1,12,0.34676,0.39744,0.366,0.3706,0.15564,0.61084,0.21339,0.09239,0.04001,0.2336
298,"At work, These kids typically",dua_unemb,0.5,1,14,0.57099,0.40184,0.52124,0.52365,0.16343,0.61084,0.209,0.08852,0.08149,0.35123
298,"At work, These kids typically",dua_unemb,0.7,1,16,0.76533,0.42777,0.71923,0.71804,0.16556,0.61084,0.18307,0.06757,0.14746,0.5042
298,"At work, These kids typically",dua_unemb,0.9,1,19,0.92614,0.48628,1.0868,1.07791,0.15199,0.61084,0.12456,0.03123,0.25788,0.79769
298,"At work, These kids typically",dua_unemb,0.99,1,24,0.99237,0.5672,1.85808,1.83224,0.19858,0.61084,0.04363,0.00391,0.40711,1.44706
298,"At work, These kids typically",euc_dmd,0.3,1,11,0.34962,0.27794,0.70419,0.70933,0.19023,0.61084,0.33289,0.24044,0.06275,0.401
298,"At work, These kids typically",euc_dmd,0.5,1,13,0.60626,0.27563,0.89633,0.89907,0.18813,0.61084,0.3352,0.24429,0.0908,0.56124
298,"At work, These kids typically",euc_dmd,0.7,1,14,0.7221,0.28984,0.99724,0.99831,0.16778,0.61084,0.32099,0.2213,0.12421,0.65174
298,"At work, These kids typically",euc_dmd,0.9,1,17,0.92502,0.3737,1.3659,1.36013,0.09016,0.61084,0.23714,0.11497,0.28312,0.96781
298,"At work, These kids typically",euc_dmd,0.99,1,22,0.99375,0.51932,2.22155,2.19983,0.09036,0.61084,0.09152,0.01695,0.55433,1.65027
298,"At work, These kids typically",cau_dmd,0.3,1,13,0.37843,0.26495,0.87254,0.87986,0.21354,0.61084,0.34589,0.26275,0.09982,0.50997
298,"At work, These kids typically",cau_dmd,0.5,1,15,0.59059,0.25961,1.04344,1.04868,0.18652,0.61084,0.35123,0.27237,0.09318,0.67789
298,"At work, These kids typically",cau_dmd,0.7,1,17,0.77161,0.27533,1.25346,1.2556,0.1642,0.61084,0.3355,0.24479,0.13413,0.87454
298,"At work, These kids typically",cau_dmd,0.9,1,20,0.92239,0.3163,1.66886,1.66457,0.16545,0.61084,0.29454,0.18272,0.25736,1.22879
298,"At work, These kids typically",cau_dmd,0.99,1,26,0.99288,0.36271,2.77405,2.75248,0.16667,0.61084,0.24813,0.12644,0.52077,2.12685
298,"At work, These kids typically",dua_dmd,0.3,1,11,0.35506,0.35062,0.50769,0.51365,0.06182,0.61084,0.26022,0.13983,0.05209,0.31576
298,"At work, These kids typically",dua_dmd,0.5,1,13,0.59281,0.34888,0.69155,0.6958,0.07083,0.61084,0.26196,0.14183,0.08311,0.46661
298,"At work, These kids typically",dua_dmd,0.7,1,15,0.78448,0.37262,0.9078,0.90911,0.08446,0.61084,0.23822,0.11607,0.13898,0.65275
298,"At work, These kids typically",dua_dmd,0.9,1,18,0.93212,0.43167,1.30382,1.29879,0.08897,0.61084,0.17916,0.06468,0.25055,0.98859
298,"At work, These kids typically",dua_dmd,0.99,1,23,0.99234,0.52895,2.1147,2.09529,0.09127,0.61084,0.08188,0.0136,0.43163,1.66947
290,"Honestly, Our customers always",euc_ctx,0.3,1,14,0.33159,0.66434,0.15332,0.15907,0.03002,0.76147,0.09713,0.02243,0.01886,0.11203
290,"Honestly, Our customers always",euc_ctx,0.5,1,18,0.55628,0.65881,0.24949,0.25424,0.03521,0.76147,0.10266,0.02489,0.03418,0.19042
290,"Honestly, Our customers always",euc_ctx,0.7,1,21,0.71511,0.6729,0.32798,0.3309,0.03613,0.76147,0.08857,0.01884,0.04658,0.26256
290,"Honestly, Our customers always",euc_ctx,0.9,1,27,0.90935,0.72674,0.50721,0.50425,0.03725,0.76147,0.03473,0.00312,0.06519,0.4389
290,"Honestly, Our customers always",euc_ctx,0.99,1,37,0.99008,0.79928,0.90269,0.88641,0.05928,0.76147,0.0378,0.00426,0.08264,0.81578
290,"Honestly, Our customers always",cau_ctx,0.3,1,28,0.3216,0.6782,0.22367,0.22927,0.02939,0.76147,0.08327,0.01676,0.04425,0.16266
290,"Honestly, Our customers always",cau_ctx,0.5,1,35,0.51176,0.66037,0.34193,0.34642,0.03635,0.76147,0.10111,0.02419,0.0569,0.26085
290,"Honestly, Our customers always",cau_ctx,0.7,1,43,0.72181,0.65416,0.51914,0.52064,0.06546,0.76147,0.10731,0.02706,0.08722,0.40486
290,"Honestly, Our customers always",cau_ctx,0.9,1,54,0.90052,0.65154,0.84869,0.84348,0.06868,0.76147,0.10994,0.02832,0.15863,0.66174
290,"Honestly, Our customers always",cau_ctx,0.99,1,75,0.99021,0.58079,1.73511,1.712,0.21034,0.76147,0.18068,0.07175,0.34708,1.31627
290,"Honestly, Our customers always",dua_ctx,0.3,1,17,0.33454,0.67709,0.15385,0.15925,0.0297,0.76147,0.08438,0.01719,0.01692,0.11974
290,"Honestly, Our customers always",dua_ctx,0.5,1,22,0.5257,0.66689,0.25321,0.25757,0.03171,0.76147,0.09459,0.02133,0.02986,0.20202
290,"Honestly, Our customers always",dua_ctx,0.7,1,27,0.70985,0.67024,0.3743,0.37629,0.03317,0.76147,0.09123,0.01992,0.04646,0.30792
290,"Honestly, Our customers always",dua_ctx,0.9,1,35,0.90819,0.70062,0.61611,0.61151,0.03428,0.76147,0.06085,0.00922,0.07573,0.53115
290,"Honestly, Our customers always",dua_ctx,0.99,1,47,0.99161,0.75748,1.09698,1.07747,0.06317,0.76147,0.00399,4e-05,0.11092,0.98601
290,"Honestly, Our customers always",euc_unemb,0.3,1,6,0.35024,0.6952,0.09153,0.09532,0.02521,0.76147,0.06628,0.01086,0.01929,0.06139
290,"Honestly, Our customers always",euc_unemb,0.5,1,8,0.62269,0.72033,0.17657,0.17818,0.03936,0.76147,0.04114,0.00434,0.0461,0.12613
290,"Honestly, Our customers always",euc_unemb,0.7,1,9,0.74285,0.74323,0.24166,0.2412,0.03896,0.76147,0.01824,0.00089,0.06835,0.17243
290,"Honestly, Our customers always",euc_unemb,0.9,1,12,0.93936,0.80785,0.53881,0.52903,0.0718,0.76147,0.04637,0.00655,0.15351,0.37874
290,"Honestly, Our customers always",euc_unemb,0.99,1,16,0.99314,0.83993,1.07241,1.04675,0.07625,0.76147,0.07846,0.02047,0.26538,0.78656
290,"Honestly, Our customers always",cau_unemb,0.3,1,7,0.40499,0.67512,0.11011,0.11548,0.03633,0.76147,0.08635,0.01796,0.02272,0.06943
290,"Honestly, Our customers always",cau_unemb,0.5,1,8,0.53066,0.68476,0.14007,0.14482,0.03168,0.76147,0.07671,0.01434,0.03011,0.09561
290,"Honestly, Our customers always",cau_unemb,0.7,1,10,0.75663,0.72499,0.22347,0.22542,0.03541,0.76147,0.03648,0.00344,0.05196,0.16807
290,"Honestly, Our customers always",cau_unemb,0.9,1,13,0.93343,0.79054,0.4369,0.43141,0.04043,0.76147,0.02906,0.00247,0.09519,0.33924
290,"Honestly, Our customers always",cau_unemb,0.99,1,17,0.99027,0.82833,0.84608,0.8277,0.06862,0.76147,0.06686,0.01437,0.15266,0.67905
290,"Honestly, Our customers always",dua_unemb,0.3,1,6,0.32561,0.70974,0.07292,0.07627,0.02477,0.76147,0.05174,0.00675,0.01281,0.05335
290,"Honestly, Our customers always",dua_unemb,0.5,1,8,0.57037,0.72588,0.14464,0.14633,0.0327,0.76147,0.03559,0.00328,0.03139,0.10998
290,"Honestly, Our customers always",dua_unemb,0.7,1,10,0.78121,0.75811,0.26184,0.25992,0.03865,0.76147,0.00337,3e-05,0.06279,0.19901
290,"Honestly, Our customers always",dua_unemb,0.9,1,12,0.9069,0.79111,0.43077,0.42349,0.03704,0.76147,0.02964,0.00257,0.1011,0.3271
290,"Honestly, Our customers always",dua_unemb,0.99,1,17,0.99254,0.83058,1.01421,0.98881,0.07274,0.76147,0.0691,0.01545,0.19636,0.80241
290,"Honestly, Our customers always",euc_dmd,0.3,1,6,0.37351,0.65422,0.15284,0.15805,0.04284,0.76147,0.10725,0.02703,0.04073,0.08509
290,"Honestly, Our customers always",euc_dmd,0.5,1,7,0.51442,0.65834,0.20545,0.20998,0.04139,0.76147,0.10313,0.02511,0.06117,0.11917
290,"Honestly, Our customers always",euc_dmd,0.7,1,9,0.76969,0.70008,0.33882,0.34009,0.16353,0.76147,0.06139,0.00938,0.12086,0.20858
290,"Honestly, Our customers always",euc_dmd,0.9,1,11,0.91316,0.75957,0.52463,0.52045,0.16676,0.76147,0.0019,1e-05,0.19569,0.32893
290,"Honestly, Our customers always",euc_dmd,0.99,1,15,0.99036,0.83944,1.03024,1.01179,0.2062,0.76147,0.07797,0.02018,0.34882,0.66123
290,"Honestly, Our customers always",cau_dmd,0.3,1,7,0.39418,0.62164,0.18796,0.19513,0.0441,0.76147,0.13984,0.04445,0.05177,0.09174
290,"Honestly, Our customers always",cau_dmd,0.5,1,8,0.51705,0.62372,0.22991,0.23673,0.04591,0.76147,0.13775,0.04322,0.0656,0.1211
290,"Honestly, Our customers always",cau_dmd,0.7,1,10,0.74256,0.65684,0.32616,0.33088,0.14679,0.76147,0.10464,0.0258,0.10624,0.19411
290,"Honestly, Our customers always",cau_dmd,0.9,1,13,0.92643,0.73677,0.53868,0.53734,0.15124,0.76147,0.02471,0.00161,0.19292,0.34415
290,"Honestly, Our customers always",cau_dmd,0.99,1,18,0.99298,0.81892,1.0679,1.05239,0.19816,0.76147,0.05744,0.01034,0.34845,0.70911
290,"Honestly, Our customers always",dua_dmd,0.3,1,6,0.36147,0.67122,0.12574,0.13051,0.03306,0.76147,0.09026,0.01952,0.02956,0.07666
290,"Honestly, Our customers always",dua_dmd,0.5,1,8,0.6194,0.67993,0.22451,0.22789,0.04063,0.76147,0.08154,0.01611,0.06215,0.14626
290,"Honestly, Our customers always",dua_dmd,0.7,1,9,0.73072,0.69446,0.28326,0.28525,0.04465,0.76147,0.06701,0.01109,0.0816,0.19057
290,"Honestly, Our customers always",dua_dmd,0.9,1,12,0.92576,0.75502,0.50489,0.50041,0.04993,0.76147,0.00645,0.00011,0.14336,0.36141
290,"Honestly, Our customers always",dua_dmd,0.99,1,16,0.99016,0.82151,0.91367,0.89679,0.04438,0.76147,0.06004,0.01137,0.22854,0.67376
35,"Usually, Our customers rarely",euc_ctx,0.3,1,16,0.31452,0.60884,0.17772,0.18403,0.01674,0.68502,0.07617,0.01253,0.01576,0.14943
35,"Usually, Our customers rarely",euc_ctx,0.5,1,20,0.5315,0.60824,0.29546,0.30071,0.03897,0.68502,0.07678,0.01272,0.02789,0.25485
35,"Usually, Our customers rarely",euc_ctx,0.7,1,24,0.73683,0.62963,0.44386,0.44644,0.05117,0.68502,0.05539,0.00673,0.04314,0.39399
35,"Usually, Our customers rarely",euc_ctx,0.9,1,30,0.91528,0.68046,0.72467,0.72076,0.05241,0.68502,0.00455,5e-05,0.06262,0.66201
35,"Usually, Our customers rarely",euc_ctx,0.99,1,40,0.99015,0.74129,1.318,1.29994,0.05226,0.68502,0.05628,0.00791,0.08367,1.22642
35,"Usually, Our customers rarely",cau_ctx,0.3,1,32,0.30526,0.65456,0.27027,0.27704,0.13137,0.68502,0.03046,0.00208,0.05023,0.21796
35,"Usually, Our customers rarely",cau_ctx,0.5,1,40,0.51862,0.63884,0.45798,0.46325,0.14163,0.68502,0.04617,0.00472,0.07177,0.38149
35,"Usually, Our customers rarely",cau_ctx,0.7,1,47,0.70266,0.62885,0.68137,0.6837,0.16151,0.68502,0.05617,0.00692,0.10097,0.57349
35,"Usually, Our customers rarely",cau_ctx,0.9,1,59,0.90103,0.60825,1.19354,1.18779,0.15194,0.68502,0.07676,0.01272,0.17921,1.00162
35,"Usually, Our customers rarely",cau_ctx,0.99,1,81,0.99088,0.517,2.44576,2.41958,0.18625,0.68502,0.16802,0.05811,0.38799,1.99966
35,"Usually, Our customers rarely",dua_ctx,0.3,1,19,0.32616,0.61767,0.17989,0.18575,0.01198,0.68502,0.06735,0.00986,0.01485,0.15518
35,"Usually, Our customers rarely",dua_ctx,0.5,1,24,0.51843,0.61491,0.29709,0.30174,0.03702,0.68502,0.07011,0.01066,0.02468,0.26174
35,"Usually, Our customers rarely",dua_ctx,0.7,1,29,0.70551,0.62476,0.45053,0.4526,0.04499,0.68502,0.06025,0.00794,0.0387,0.40389
35,"Usually, Our customers rarely",dua_ctx,0.9,1,37,0.90684,0.66164,0.78537,0.78039,0.0493,0.68502,0.02338,0.00124,0.06773,0.71641
35,"Usually, Our customers rarely",dua_ctx,0.99,1,49,0.99114,0.72041,1.47849,1.45768,0.06813,0.68502,0.0354,0.00304,0.10883,1.36662
35,"Usually, Our customers rarely",euc_unemb,0.3,1,7,0.3616,0.61495,0.14725,0.15206,0.01982,0.68502,0.07007,0.01065,0.02829,0.10831
35,"Usually, Our customers rarely",euc_unemb,0.5,1,9,0.63388,0.64114,0.30814,0.3107,0.06076,0.68502,0.04387,0.00427,0.089,0.21488
35,"Usually, Our customers rarely",euc_unemb,0.7,1,10,0.7521,0.66359,0.42988,0.43033,0.15951,0.68502,0.02143,0.00104,0.13844,0.29041
35,"Usually, Our customers rarely",euc_unemb,0.9,1,12,0.9034,0.70843,0.74892,0.74347,0.17313,0.68502,0.02341,0.00131,0.25722,0.4904
35,"Usually, Our customers rarely",euc_unemb,0.99,1,17,0.99372,0.75696,1.7486,1.72351,0.19289,0.68502,0.07195,0.01326,0.53361,1.20173
35,"Usually, Our customers rarely",cau_unemb,0.3,1,8,0.40183,0.59025,0.16097,0.16707,0.02,0.68502,0.09477,0.01915,0.02407,0.11776
35,"Usually, Our customers rarely",cau_unemb,0.5,1,9,0.52622,0.59969,0.21451,0.21997,0.02239,0.68502,0.08532,0.01562,0.0394,0.15949
35,"Usually, Our customers rarely",cau_unemb,0.7,1,11,0.75217,0.6385,0.37153,0.37419,0.10989,0.68502,0.04652,0.00478,0.09229,0.27445
35,"Usually, Our customers rarely",cau_unemb,0.9,1,14,0.93187,0.7026,0.73849,0.73369,0.15916,0.68502,0.01758,0.00073,0.20036,0.5374
35,"Usually, Our customers rarely",cau_unemb,0.99,1,18,0.99019,0.73982,1.3672,1.34931,0.1726,0.68502,0.0548,0.00749,0.33206,1.02765
35,"Usually, Our customers rarely",dua_unemb,0.3,1,7,0.33929,0.62595,0.12441,0.12895,0.01826,0.68502,0.05907,0.00763,0.02065,0.09613
35,"Usually, Our customers rarely",dua_unemb,0.5,1,9,0.58524,0.64134,0.25209,0.25496,0.03759,0.68502,0.04368,0.00423,0.05763,0.19023
35,"Usually, Our customers rarely",dua_unemb,0.7,1,11,0.79154,0.67294,0.4519,0.45117,0.16707,0.68502,0.01208,0.00033,0.11951,0.33206
35,"Usually, Our customers rarely",dua_unemb,0.9,1,13,0.912,0.70611,0.72063,0.71455,0.17398,0.68502,0.0211,0.00106,0.19336,0.52622
35,"Usually, Our customers rarely",dua_unemb,0.99,1,18,0.99308,0.74851,1.57777,1.55369,0.19601,0.68502,0.0635,0.01019,0.36997,1.19761
35,"Usually, Our customers rarely",euc_dmd,0.3,1,7,0.38489,0.56903,0.20291,0.20907,0.02688,0.68502,0.11599,0.02833,0.04495,0.12964
35,"Usually, Our customers rarely",euc_dmd,0.5,1,8,0.52477,0.57775,0.27326,0.27873,0.04381,0.68502,0.10726,0.02434,0.07127,0.17765
35,"Usually, Our customers rarely",euc_dmd,0.7,1,10,0.77474,0.62744,0.47557,0.47781,0.08664,0.68502,0.05758,0.00726,0.16233,0.30597
35,"Usually, Our customers rarely",euc_dmd,0.9,1,12,0.91448,0.6923,0.7713,0.76816,0.15948,0.68502,0.00728,0.00012,0.28915,0.48202
35,"Usually, Our customers rarely",euc_dmd,0.99,1,16,0.9903,0.77704,1.53979,1.52235,0.16657,0.68502,0.09203,0.02249,0.55178,0.96552
35,"Usually, Our customers rarely",cau_dmd,0.3,1,8,0.37462,0.53792,0.23467,0.24241,0.03081,0.68502,0.1471,0.04488,0.05824,0.13154
35,"Usually, Our customers rarely",cau_dmd,0.5,1,10,0.60745,0.55895,0.33568,0.34236,0.06898,0.68502,0.12606,0.03328,0.08704,0.21536
35,"Usually, Our customers rarely",cau_dmd,0.7,1,11,0.71233,0.5823,0.40441,0.40992,0.08436,0.68502,0.10272,0.02238,0.1145,0.26753
35,"Usually, Our customers rarely",cau_dmd,0.9,1,14,0.90877,0.67087,0.7142,0.71397,0.09728,0.68502,0.01415,0.00046,0.24229,0.47145
35,"Usually, Our customers rarely",cau_dmd,0.99,1,20,0.99332,0.77585,1.65803,1.64067,0.10848,0.68502,0.09084,0.02187,0.54746,1.08871
35,"Usually, Our customers rarely",dua_dmd,0.3,1,7,0.37885,0.58388,0.1766,0.18232,0.02531,0.68502,0.10114,0.02172,0.03518,0.1197
35,"Usually, Our customers rarely",dua_dmd,0.5,1,8,0.50827,0.58609,0.2388,0.24408,0.02918,0.68502,0.09893,0.02081,0.05387,0.16412
35,"Usually, Our customers rarely",dua_dmd,0.7,1,10,0.73877,0.61217,0.39569,0.39886,0.05142,0.68502,0.07284,0.01149,0.1074,0.27681
35,"Usually, Our customers rarely",dua_dmd,0.9,1,13,0.92373,0.67742,0.72128,0.71854,0.09022,0.68502,0.00759,0.00013,0.21382,0.50733
35,"Usually, Our customers rarely",dua_dmd,0.99,1,18,0.9932,0.76144,1.49022,1.47237,0.0955,0.68502,0.07642,0.01508,0.41373,1.0614
10,"Lately, These kids usually",euc_ctx,0.3,1,15,0.33058,0.50202,0.21516,0.22125,0.0453,0.60226,0.10023,0.02024,0.01485,0.18007
10,"Lately, These kids usually",euc_ctx,0.5,1,19,0.55506,0.50376,0.35144,0.35655,0.08246,0.60226,0.0985,0.01955,0.02532,0.30657
10,"Lately, These kids usually",euc_ctx,0.7,1,22,0.71423,0.524,0.47205,0.47541,0.08514,0.60226,0.07825,0.01239,0.03315,0.42651
10,"Lately, These kids usually",euc_ctx,0.9,1,28,0.90925,0.59141,0.7737,0.7713,0.08029,0.60226,0.01085,0.00024,0.04453,0.72892
10,"Lately, These kids usually",euc_ctx,0.99,1,38,0.99015,0.68512,1.46163,1.44574,0.08649,0.60226,0.08286,0.01528,0.06049,1.38586
10,"Lately, These kids usually",cau_ctx,0.3,1,29,0.31683,0.53853,0.34326,0.35062,0.07472,0.60226,0.06372,0.00825,0.04702,0.28799
10,"Lately, These kids usually",cau_ctx,0.5,1,36,0.51615,0.52057,0.55945,0.56567,0.08678,0.60226,0.08169,0.01349,0.07106,0.4749
10,"Lately, These kids usually",cau_ctx,0.7,1,43,0.71157,0.51225,0.84384,0.84724,0.15401,0.60226,0.09001,0.01635,0.10764,0.71985
10,"Lately, These kids usually",cau_ctx,0.9,1,54,0.90305,0.5044,1.43058,1.42663,0.19908,0.60226,0.09786,0.0193,0.19391,1.21737
10,"Lately, These kids usually",cau_ctx,0.99,1,74,0.99076,0.45098,2.82911,2.80638,0.21205,0.60226,0.15127,0.046,0.41606,2.36704
10,"Lately, These kids usually",dua_ctx,0.3,1,17,0.30398,0.51823,0.18396,0.18944,0.04025,0.60226,0.08403,0.01427,0.01135,0.15835
10,"Lately, These kids usually",dua_ctx,0.5,1,22,0.50124,0.51424,0.30583,0.31038,0.06291,0.60226,0.08802,0.01564,0.01748,0.27272
10,"Lately, These kids usually",dua_ctx,0.7,1,28,0.73058,0.53226,0.49584,0.49748,0.08264,0.60226,0.07,0.00993,0.02656,0.45935
10,"Lately, These kids usually",dua_ctx,0.9,1,35,0.90439,0.577,0.80265,0.79847,0.09302,0.60226,0.02525,0.00131,0.04159,0.75974
10,"Lately, These kids usually",dua_ctx,0.99,1,47,0.99116,0.65609,1.57288,1.55368,0.09011,0.60226,0.05383,0.00628,0.07015,1.49645
10,"Lately, These kids usually",euc_unemb,0.3,1,7,0.41388,0.48972,0.22665,0.23022,0.13929,0.60226,0.11253,0.02548,0.035,0.16618
10,"Lately, These kids usually",euc_unemb,0.5,1,8,0.5504,0.49797,0.30905,0.31161,0.14708,0.60226,0.10428,0.0219,0.057,0.23016
10,"Lately, These kids usually",euc_unemb,0.7,1,10,0.78648,0.53894,0.54316,0.54192,0.13642,0.60226,0.06332,0.00814,0.1281,0.40691
10,"Lately, These kids usually",euc_unemb,0.9,1,12,0.91728,0.58696,0.87244,0.86536,0.19466,0.60226,0.0153,0.00048,0.21608,0.65587
10,"Lately, These kids usually",euc_unemb,0.99,1,16,0.99013,0.63508,1.71199,1.68973,0.21195,0.60226,0.03282,0.0023,0.37855,1.33115
10,"Lately, These kids usually",cau_unemb,0.3,1,7,0.34189,0.46578,0.19687,0.20219,0.13151,0.60226,0.13647,0.03743,0.02508,0.13436
10,"Lately, These kids usually",cau_unemb,0.5,1,9,0.58535,0.47596,0.32388,0.328,0.14872,0.60226,0.1263,0.03206,0.05152,0.2403
10,"Lately, These kids usually",cau_unemb,0.7,1,11,0.79243,0.51743,0.50313,0.50425,0.13541,0.60226,0.08483,0.01454,0.09633,0.39226
10,"Lately, These kids usually",cau_unemb,0.9,1,13,0.91122,0.56745,0.74834,0.74486,0.14188,0.60226,0.03481,0.00249,0.14858,0.59727
10,"Lately, These kids usually",cau_unemb,0.99,1,18,0.99159,0.63576,1.58158,1.56256,0.20061,0.60226,0.0335,0.00239,0.26755,1.31163
10,"Lately, These kids usually",dua_unemb,0.3,1,7,0.38045,0.51687,0.17225,0.17602,0.03147,0.60226,0.08539,0.01473,0.02371,0.13381
10,"Lately, These kids usually",dua_unemb,0.5,1,8,0.50256,0.52107,0.24078,0.24377,0.13332,0.60226,0.08118,0.01333,0.03843,0.18903
10,"Lately, These kids usually",dua_unemb,0.7,1,10,0.72742,0.54625,0.42729,0.4273,0.04641,0.60226,0.05601,0.00639,0.08287,0.33804
10,"Lately, These kids usually",dua_unemb,0.9,1,13,0.919,0.6018,0.82299,0.81539,0.14662,0.60226,0.00045,0.0,0.16451,0.65847
10,"Lately, These kids usually",dua_unemb,0.99,1,18,0.99287,0.66103,1.71823,1.69291,0.20623,0.60226,0.05877,0.00752,0.28868,1.42203
10,"Lately, These kids usually",euc_dmd,0.3,1,6,0.32358,0.47494,0.22538,0.23072,0.13656,0.60226,0.12732,0.03258,0.03222,0.16059
10,"Lately, These kids usually",euc_dmd,0.5,1,8,0.59953,0.47991,0.40511,0.40883,0.0523,0.60226,0.12235,0.03009,0.06633,0.30869
10,"Lately, These kids usually",euc_dmd,0.7,1,9,0.72539,0.49849,0.52303,0.52506,0.07415,0.60226,0.10377,0.02168,0.09599,0.40535
10,"Lately, These kids usually",euc_dmd,0.9,1,12,0.93477,0.57823,1.0134,1.0074,0.09584,0.60226,0.02403,0.00119,0.22482,0.78739
10,"Lately, These kids usually",euc_dmd,0.99,1,16,0.99249,0.64911,1.87653,1.85601,0.10065,0.60226,0.04685,0.00473,0.40414,1.46766
10,"Lately, These kids usually",cau_dmd,0.3,1,7,0.34536,0.45937,0.29562,0.30277,0.14634,0.60226,0.14288,0.04103,0.05351,0.20109
10,"Lately, These kids usually",cau_dmd,0.5,1,9,0.58174,0.45956,0.45384,0.45989,0.06329,0.60226,0.1427,0.04092,0.06402,0.34891
10,"Lately, These kids usually",cau_dmd,0.7,1,11,0.7827,0.48635,0.67242,0.67561,0.0875,0.60226,0.1159,0.02702,0.0991,0.5463
10,"Lately, These kids usually",cau_dmd,0.9,1,13,0.90171,0.52195,0.96911,0.96797,0.15415,0.60226,0.08031,0.01304,0.16227,0.7938
10,"Lately, These kids usually",cau_dmd,0.99,1,19,0.99287,0.57541,2.14529,2.1265,0.16231,0.60226,0.02685,0.00148,0.38219,1.76162
10,"Lately, These kids usually",dua_dmd,0.3,1,6,0.32202,0.49594,0.18644,0.19136,0.02918,0.60226,0.10631,0.02275,0.02358,0.14011
10,"Lately, These kids usually",dua_dmd,0.5,1,8,0.58405,0.4964,0.35525,0.35909,0.04407,0.60226,0.10586,0.02256,0.05221,0.28048
10,"Lately, These kids usually",dua_dmd,0.7,1,9,0.7024,0.50788,0.46236,0.465,0.06111,0.60226,0.09437,0.01796,0.07277,0.37163
10,"Lately, These kids usually",dua_dmd,0.9,1,12,0.914,0.56476,0.8739,0.87065,0.09155,0.60226,0.03749,0.00288,0.15193,0.71909
10,"Lately, These kids usually",dua_dmd,0.99,1,17,0.99236,0.64631,1.79933,1.78087,0.09948,0.60226,0.04405,0.00417,0.29771,1.49744
94,"Lately, People just",euc_ctx,0.3,1,16,0.31049,0.27127,0.27126,0.27578,0.18405,0.45023,0.17897,0.07319,0.02689,0.17118
94,"Lately, People just",euc_ctx,0.5,1,20,0.52804,0.27295,0.38528,0.38933,0.23436,0.45023,0.17729,0.07167,0.04821,0.26539
94,"Lately, People just",euc_ctx,0.7,1,24,0.73485,0.30832,0.4968,0.49954,0.25015,0.45023,0.14191,0.04423,0.07161,0.38097
94,"Lately, People just",euc_ctx,0.9,1,30,0.91481,0.41214,0.7005,0.69959,0.28057,0.45023,0.03809,0.00297,0.09667,0.60086
94,"Lately, People just",euc_ctx,0.99,1,40,0.99016,0.59891,1.28421,1.27323,0.29408,0.45023,0.14867,0.04487,0.11035,1.12898
94,"Lately, People just",cau_ctx,0.3,1,31,0.31967,0.37096,0.4172,0.42673,0.24896,0.45023,0.07928,0.01314,0.07955,0.32451
94,"Lately, People just",cau_ctx,0.5,1,38,0.51065,0.37208,0.62385,0.63303,0.27692,0.45023,0.07816,0.01277,0.09029,0.52079
94,"Lately, People just",cau_ctx,0.7,1,46,0.71912,0.38502,0.92876,0.93586,0.28524,0.45023,0.06521,0.00882,0.0908,0.82913
94,"Lately, People just",cau_ctx,0.9,1,58,0.90578,0.38822,1.5981,1.59867,0.26595,0.45023,0.06201,0.00796,0.09335,1.49679
94,"Lately, People just",cau_ctx,0.99,1,80,0.99052,0.27228,3.4694,3.45016,0.27667,0.45023,0.17796,0.07227,0.14248,3.25465
94,"Lately, People just",dua_ctx,0.3,1,19,0.33588,0.31996,0.1836,0.18811,0.17547,0.45023,0.13027,0.03687,0.0168,0.12993
94,"Lately, People just",dua_ctx,0.5,1,23,0.50908,0.31993,0.25203,0.25601,0.17796,0.45023,0.13031,0.03689,0.02485,0.19029
94,"Lately, People just",dua_ctx,0.7,1,28,0.71454,0.34081,0.34529,0.3478,0.23134,0.45023,0.10943,0.02557,0.03466,0.28506
94,"Lately, People just",dua_ctx,0.9,1,36,0.91335,0.41203,0.54621,0.54447,0.25463,0.45023,0.0382,0.00299,0.04718,0.49604
94,"Lately, People just",dua_ctx,0.99,1,48,0.99075,0.54623,1.09045,1.07827,0.28595,0.45023,0.096,0.01849,0.0647,1.00726
94,"Lately, People just",euc_unemb,0.3,1,8,0.39809,0.27698,0.33107,0.33023,0.25235,0.45023,0.17325,0.06812,0.03236,0.23059
94,"Lately, People just",euc_unemb,0.5,1,9,0.52143,0.28241,0.40007,0.39817,0.25059,0.45023,0.16782,0.06353,0.04542,0.29113
94,"Lately, People just",euc_unemb,0.7,1,11,0.74644,0.32307,0.55922,0.55431,0.27114,0.45023,0.12717,0.03504,0.08695,0.43723
94,"Lately, People just",euc_unemb,0.9,1,14,0.92826,0.43266,0.90665,0.89488,0.28804,0.45023,0.01757,0.00063,0.1677,0.73832
94,"Lately, People just",euc_unemb,0.99,1,19,0.99333,0.56868,1.86866,1.84023,0.27012,0.45023,0.11845,0.02825,0.29671,1.5437
94,"Lately, People just",cau_unemb,0.3,1,8,0.31775,0.2401,0.36856,0.36958,0.22702,0.45023,0.21013,0.10511,0.02253,0.24092
94,"Lately, People just",cau_unemb,0.5,1,10,0.53392,0.2352,0.50476,0.5042,0.26458,0.45023,0.21504,0.11086,0.03061,0.36328
94,"Lately, People just",cau_unemb,0.7,1,12,0.73607,0.26067,0.63786,0.63497,0.26138,0.45023,0.18956,0.08318,0.04793,0.50674
94,"Lately, People just",cau_unemb,0.9,1,15,0.91226,0.34449,0.8782,0.87033,0.28052,0.45023,0.10574,0.02381,0.08796,0.76643
94,"Lately, People just",cau_unemb,0.99,1,21,0.9927,0.52952,1.69806,1.67532,0.21135,0.45023,0.07928,0.01259,0.17471,1.51076
94,"Lately, People just",dua_unemb,0.3,1,8,0.34793,0.3537,0.15071,0.15117,0.22467,0.45023,0.09653,0.01971,0.02048,0.11051
94,"Lately, People just",dua_unemb,0.5,1,10,0.55901,0.37003,0.23938,0.23795,0.2293,0.45023,0.08021,0.01346,0.03562,0.1903
94,"Lately, People just",dua_unemb,0.7,1,12,0.7437,0.40388,0.37097,0.36652,0.25768,0.45023,0.04636,0.00442,0.05975,0.3068
94,"Lately, People just",dua_unemb,0.9,1,15,0.90849,0.46795,0.67669,0.66572,0.2494,0.45023,0.01771,0.00063,0.10566,0.57039
94,"Lately, People just",dua_unemb,0.99,1,21,0.99244,0.56796,1.67206,1.64239,0.26833,0.45023,0.11773,0.0279,0.2144,1.42977
94,"Lately, People just",euc_dmd,0.3,1,7,0.36248,0.22926,0.49195,0.49337,0.26463,0.45023,0.22097,0.11812,0.06373,0.3101
94,"Lately, People just",euc_dmd,0.5,1,9,0.62658,0.23124,0.72164,0.72092,0.29938,0.45023,0.21899,0.11566,0.11952,0.48645
94,"Lately, People just",euc_dmd,0.7,1,10,0.74133,0.24795,0.84006,0.83785,0.29942,0.45023,0.20229,0.09634,0.1571,0.58663
94,"Lately, People just",euc_dmd,0.9,1,13,0.93316,0.34242,1.25679,1.24845,0.30769,0.45023,0.10781,0.02479,0.2893,0.9427
94,"Lately, People just",euc_dmd,0.99,1,17,0.99099,0.47653,2.05632,2.03622,0.29054,0.45023,0.02629,0.00139,0.46464,1.5903
94,"Lately, People just",cau_dmd,0.3,1,8,0.39112,0.20275,0.65398,0.65766,0.28558,0.45023,0.24749,0.15486,0.07608,0.42304
94,"Lately, People just",cau_dmd,0.5,1,9,0.5095,0.1977,0.77049,0.77354,0.29624,0.45023,0.25253,0.16274,0.09361,0.51413
94,"Lately, People just",cau_dmd,0.7,1,11,0.72833,0.21134,0.99425,0.99549,0.30468,0.45023,0.2389,0.14213,0.14018,0.71193
94,"Lately, People just",cau_dmd,0.9,1,14,0.91529,0.27848,1.35435,1.35148,0.3136,0.45023,0.17176,0.06684,0.23655,1.05095
94,"Lately, People just",cau_dmd,0.99,1,19,0.99049,0.42158,2.18792,2.17458,0.28963,0.45023,0.02866,0.00167,0.40859,1.77766
94,"Lately, People just",dua_dmd,0.3,1,7,0.33732,0.31025,0.23761,0.24058,0.17834,0.45023,0.13998,0.04295,0.03191,0.16274
94,"Lately, People just",dua_dmd,0.5,1,9,0.57647,0.31072,0.39315,0.39473,0.24784,0.45023,0.13952,0.04265,0.05687,0.29363
94,"Lately, People just",dua_dmd,0.7,1,11,0.77338,0.33263,0.5983,0.59728,0.27505,0.45023,0.1176,0.02973,0.08935,0.47922
94,"Lately, People just",dua_dmd,0.9,1,14,0.92618,0.38489,1.00885,1.00202,0.28673,0.45023,0.06534,0.00886,0.14798,0.85201
94,"Lately, People just",dua_dmd,0.99,1,19,0.99077,0.4745,1.90918,1.88921,0.25658,0.45023,0.02427,0.00118,0.26375,1.64424
255,They now,euc_ctx,0.3,1,27,0.336,0.50349,0.46574,0.4708,0.05386,0.81179,0.3083,0.2052,0.03363,0.22691
255,They now,euc_ctx,0.5,1,30,0.51827,0.49601,0.54487,0.54812,0.05738,0.81179,0.31578,0.21454,0.04977,0.28056
255,They now,euc_ctx,0.7,1,34,0.74614,0.52754,0.62091,0.6205,0.05992,0.81179,0.28425,0.17666,0.08283,0.36142
255,They now,euc_ctx,0.9,1,39,0.91152,0.60719,0.70287,0.69604,0.06303,0.81179,0.2046,0.09726,0.1259,0.47971
255,They now,euc_ctx,0.99,1,49,0.99206,0.74211,0.97792,0.95438,0.05938,0.81179,0.06968,0.01357,0.18091,0.78343
255,They now,cau_ctx,0.3,1,52,0.30005,0.4309,0.84756,0.85096,0.04813,0.81179,0.38089,0.3059,0.13654,0.40511
255,They now,cau_ctx,0.5,1,59,0.51585,0.31471,1.29111,1.28908,0.05392,0.81179,0.49708,0.52602,0.18523,0.57986
255,They now,cau_ctx,0.7,1,65,0.70034,0.23884,1.74165,1.73317,0.06202,0.81179,0.57295,0.7302,0.25718,0.75427
255,They now,cau_ctx,0.9,1,76,0.90893,0.15687,2.61338,2.59052,0.26662,0.81179,0.65492,1.0522,0.45407,1.10712
255,They now,cau_ctx,0.99,1,94,0.99099,0.09708,4.0311,3.98209,0.27528,0.81179,0.71471,1.42886,0.8837,1.71855
255,They now,dua_ctx,0.3,1,30,0.30342,0.60303,0.34589,0.34987,0.04036,0.81179,0.20875,0.10086,0.03363,0.2114
255,They now,dua_ctx,0.5,1,35,0.50687,0.59114,0.45086,0.45231,0.0435,0.81179,0.22065,0.11147,0.05055,0.28884
255,They now,dua_ctx,0.7,1,40,0.70869,0.60128,0.55785,0.55543,0.04887,0.81179,0.2105,0.10239,0.07279,0.38267
255,They now,dua_ctx,0.9,1,47,0.90165,0.64605,0.7244,0.71419,0.05553,0.81179,0.16574,0.06651,0.11156,0.54634
255,They now,dua_ctx,0.99,1,58,0.99079,0.73155,1.0726,1.04529,0.05636,0.81179,0.08024,0.01765,0.16929,0.88566
255,They now,euc_unemb,0.3,1,13,0.40251,0.53365,0.4236,0.42693,0.05027,0.81179,0.27814,0.16977,0.06905,0.18478
255,They now,euc_unemb,0.5,1,14,0.54057,0.53068,0.50993,0.51158,0.05544,0.81179,0.28111,0.1731,0.11213,0.2247
255,They now,euc_unemb,0.7,1,16,0.78328,0.55197,0.71984,0.71642,0.05915,0.81179,0.25981,0.1499,0.24326,0.32669
255,They now,euc_unemb,0.9,1,18,0.91808,0.58443,0.97785,0.96735,0.06031,0.81179,0.22735,0.11767,0.39826,0.46192
255,They now,euc_unemb,0.99,1,22,0.99106,0.6074,1.59708,1.56907,0.0713,0.81179,0.20439,0.09708,0.68412,0.81589
255,They now,cau_unemb,0.3,1,13,0.31864,0.46322,0.44063,0.44728,0.0499,0.81179,0.34857,0.25819,0.03022,0.15222
255,They now,cau_unemb,0.5,1,15,0.56801,0.4571,0.53713,0.54155,0.05753,0.81179,0.35469,0.26686,0.0598,0.21047
255,They now,cau_unemb,0.7,1,17,0.78726,0.4942,0.62548,0.62608,0.06069,0.81179,0.31759,0.21683,0.1244,0.28424
255,They now,cau_unemb,0.9,1,19,0.91248,0.55091,0.73764,0.73295,0.06118,0.81179,0.26088,0.15103,0.2089,0.37771
255,They now,cau_unemb,0.99,1,24,0.99288,0.63868,1.18133,1.15925,0.06287,0.81179,0.17311,0.07194,0.40218,0.70721
255,They now,dua_unemb,0.3,1,13,0.31804,0.61881,0.28976,0.29293,0.02291,0.81179,0.19297,0.08752,0.05071,0.15153
255,They now,dua_unemb,0.5,1,15,0.53157,0.61465,0.42737,0.42707,0.02571,0.81179,0.19714,0.09096,0.10746,0.22895
255,They now,dua_unemb,0.7,1,17,0.72757,0.62546,0.61055,0.60496,0.04584,0.81179,0.18633,0.08216,0.19572,0.33267
255,They now,dua_unemb,0.9,1,20,0.91031,0.65123,0.94917,0.93288,0.05623,0.81179,0.16056,0.0628,0.34984,0.53653
255,They now,dua_unemb,0.99,1,25,0.99231,0.66888,1.6045,1.56614,0.06574,0.81179,0.14291,0.05087,0.57563,0.97801
255,They now,euc_dmd,0.3,1,11,0.35182,0.43998,0.51679,0.52424,0.05539,0.81179,0.3718,0.29199,0.07345,0.15135
255,They now,euc_dmd,0.5,1,12,0.50017,0.43679,0.56193,0.56817,0.05926,0.81179,0.37499,0.29683,0.08149,0.18361
255,They now,euc_dmd,0.7,1,14,0.77155,0.48153,0.64734,0.64956,0.06595,0.81179,0.33025,0.23325,0.15336,0.26073
255,They now,euc_dmd,0.9,1,16,0.91864,0.56547,0.77909,0.77535,0.07213,0.81179,0.24631,0.13605,0.28533,0.35772
255,They now,euc_dmd,0.99,1,20,0.99192,0.69979,1.20937,1.18992,0.0788,0.81179,0.112,0.03264,0.55481,0.62192
255,They now,cau_dmd,0.3,1,12,0.34784,0.38605,0.65946,0.66984,0.06058,0.81179,0.42574,0.38084,0.1394,0.13922
255,They now,cau_dmd,0.5,1,14,0.60509,0.39584,0.67474,0.68305,0.06297,0.81179,0.41595,0.36354,0.11663,0.19457
255,They now,cau_dmd,0.7,1,15,0.72041,0.41935,0.68986,0.69655,0.06524,0.81179,0.39243,0.32417,0.13838,0.2273
255,They now,cau_dmd,0.9,1,18,0.92254,0.52735,0.83128,0.83094,0.07431,0.81179,0.28444,0.17688,0.30301,0.3514
255,They now,cau_dmd,0.99,1,23,0.99295,0.65395,1.34498,1.32785,0.07912,0.81179,0.15784,0.06089,0.62273,0.66136
255,They now,dua_dmd,0.3,1,11,0.33985,0.55057,0.33127,0.33763,0.03148,0.81179,0.26122,0.15138,0.04777,0.13211
255,They now,dua_dmd,0.5,1,13,0.60851,0.54495,0.44286,0.44702,0.05286,0.81179,0.26683,0.15737,0.09188,0.19361
255,They now,dua_dmd,0.7,1,14,0.72669,0.55492,0.50461,0.50703,0.05617,0.81179,0.25687,0.14682,0.1263,0.23149
255,They now,dua_dmd,0.9,1,17,0.92891,0.61303,0.729,0.72383,0.065,0.81179,0.19876,0.09231,0.26058,0.37611
255,They now,dua_dmd,0.99,1,21,0.99144,0.69105,1.13382,1.11436,0.07318,0.81179,0.12073,0.03744,0.45536,0.64103
228,"Honestly, Most doctors really",euc_ctx,0.3,1,21,0.32819,0.1774,0.4381,0.44452,0.04563,0.26999,0.09259,0.02622,0.00849,0.40339
228,"Honestly, Most doctors really",euc_ctx,0.5,1,25,0.55663,0.18457,0.65772,0.66363,0.06295,0.26999,0.08542,0.02191,0.01189,0.62392
228,"Honestly, Most doctors really",euc_ctx,0.7,1,28,0.71803,0.20291,0.86147,0.86639,0.06313,0.26999,0.06708,0.01294,0.01427,0.83426
228,"Honestly, Most doctors really",euc_ctx,0.9,1,34,0.91265,0.26212,1.39973,1.40092,0.34281,0.26999,0.00788,0.00016,0.01773,1.38185
228,"Honestly, Most doctors really",euc_ctx,0.99,1,44,0.99087,0.34949,2.67199,2.66267,0.46323,0.26999,0.07949,0.01449,0.02236,2.63514
228,"Honestly, Most doctors really",cau_ctx,0.3,1,38,0.32121,0.24642,0.67651,0.68832,0.04222,0.26999,0.02358,0.00147,0.02138,0.65366
228,"Honestly, Most doctors really",cau_ctx,0.5,1,44,0.50395,0.23493,1.0225,1.03346,0.06246,0.26999,0.03507,0.00331,0.02745,0.99174
228,"Honestly, Most doctors really",cau_ctx,0.7,1,51,0.71115,0.2225,1.56375,1.57206,0.40279,0.26999,0.0475,0.00622,0.03821,1.51931
228,"Honestly, Most doctors really",cau_ctx,0.9,1,62,0.90688,0.19566,2.68707,2.68805,0.49428,0.26999,0.07433,0.01615,0.05981,2.61111
228,"Honestly, Most doctors really",cau_ctx,0.99,1,82,0.99106,0.12261,5.25261,5.23446,0.51458,0.26999,0.14738,0.07888,0.10257,5.07116
228,"Honestly, Most doctors really",dua_ctx,0.3,1,24,0.32437,0.18249,0.29395,0.2985,0.03984,0.26999,0.0875,0.02311,0.01189,0.25895
228,"Honestly, Most doctors really",dua_ctx,0.5,1,29,0.52731,0.18637,0.43114,0.4348,0.04251,0.26999,0.08363,0.02091,0.01555,0.39468
228,"Honestly, Most doctors really",dua_ctx,0.7,1,34,0.71216,0.20209,0.59842,0.60045,0.06109,0.26999,0.06791,0.01329,0.0193,0.56583
228,"Honestly, Most doctors really",dua_ctx,0.9,1,43,0.9103,0.24953,1.01609,1.01326,0.28247,0.26999,0.02047,0.0011,0.02804,0.98695
228,"Honestly, Most doctors really",dua_ctx,0.99,1,57,0.9917,0.32323,2.18336,2.16802,0.39958,0.26999,0.05324,0.00669,0.0455,2.13117
228,"Honestly, Most doctors really",euc_unemb,0.3,1,9,0.31918,0.14874,0.43259,0.43481,0.06816,0.26999,0.12125,0.04879,0.02184,0.36196
228,"Honestly, Most doctors really",euc_unemb,0.5,1,11,0.58015,0.15261,0.68932,0.68972,0.29979,0.26999,0.11738,0.04518,0.02598,0.61816
228,"Honestly, Most doctors really",euc_unemb,0.7,1,12,0.70294,0.16165,0.8558,0.85473,0.29773,0.26999,0.10835,0.03748,0.03063,0.78769
228,"Honestly, Most doctors really",euc_unemb,0.9,1,15,0.92159,0.20046,1.55576,1.54791,0.43715,0.26999,0.06954,0.01398,0.0565,1.48528
228,"Honestly, Most doctors really",euc_unemb,0.99,1,20,0.99392,0.2275,3.26679,3.24176,0.48273,0.26999,0.04249,0.00493,0.11077,3.15108
228,"Honestly, Most doctors really",cau_unemb,0.3,1,10,0.35136,0.13957,0.5368,0.5408,0.07576,0.26999,0.13042,0.05815,0.02977,0.44888
228,"Honestly, Most doctors really",cau_unemb,0.5,1,12,0.59053,0.14427,0.78398,0.78662,0.29903,0.26999,0.12573,0.05321,0.03172,0.69904
228,"Honestly, Most doctors really",cau_unemb,0.7,1,13,0.70071,0.15314,0.9304,0.93199,0.4116,0.26999,0.11686,0.04471,0.03276,0.85294
228,"Honestly, Most doctors really",cau_unemb,0.9,1,16,0.90748,0.19563,1.49982,1.49654,0.44229,0.26999,0.07436,0.01617,0.04093,1.44272
228,"Honestly, Most doctors really",cau_unemb,0.99,1,21,0.99006,0.25096,2.88718,2.87108,0.4828,0.26999,0.01904,0.00095,0.06624,2.81999
228,"Honestly, Most doctors really",dua_unemb,0.3,1,10,0.369,0.16159,0.25105,0.25166,0.04438,0.26999,0.1084,0.03752,0.01094,0.20259
228,"Honestly, Most doctors really",dua_unemb,0.5,1,12,0.59801,0.16893,0.38017,0.37914,0.0443,0.26999,0.10107,0.03195,0.02115,0.32707
228,"Honestly, Most doctors really",dua_unemb,0.7,1,13,0.70089,0.17811,0.46132,0.45916,0.04415,0.26999,0.09188,0.02577,0.02943,0.40612
228,"Honestly, Most doctors really",dua_unemb,0.9,1,16,0.90018,0.22058,0.79979,0.79291,0.27668,0.26999,0.04941,0.00676,0.06224,0.73079
228,"Honestly, Most doctors really",dua_unemb,0.99,1,22,0.99353,0.30624,2.13796,2.11562,0.45732,0.26999,0.03624,0.00317,0.12997,2.00482
228,"Honestly, Most doctors really",euc_dmd,0.3,1,8,0.31284,0.13313,0.63513,0.64043,0.08011,0.26999,0.13686,0.06546,0.02252,0.54715
228,"Honestly, Most doctors really",euc_dmd,0.5,1,10,0.60136,0.12888,1.01832,1.02157,0.42015,0.26999,0.14112,0.07066,0.02536,0.9223
228,"Honestly, Most doctors really",euc_dmd,0.7,1,11,0.7316,0.13531,1.24518,1.24679,0.45536,0.26999,0.13468,0.06292,0.02912,1.15315
228,"Honestly, Most doctors really",euc_dmd,0.9,1,14,0.93952,0.17141,2.1044,2.0988,0.46899,0.26999,0.09859,0.0302,0.05464,2.01956
228,"Honestly, Most doctors really",euc_dmd,0.99,1,18,0.99316,0.2027,3.62641,3.60724,0.48294,0.26999,0.0673,0.01303,0.0998,3.51358
228,"Honestly, Most doctors really",cau_dmd,0.3,1,9,0.36134,0.11833,0.95341,0.96132,0.40086,0.26999,0.15166,0.08492,0.03712,0.83137
228,"Honestly, Most doctors really",cau_dmd,0.5,1,11,0.62187,0.11443,1.38148,1.38766,0.49502,0.26999,0.15556,0.09075,0.0325,1.25823
228,"Honestly, Most doctors really",cau_dmd,0.7,1,12,0.73487,0.11931,1.61686,1.62174,0.49652,0.26999,0.15068,0.08351,0.03191,1.50144
228,"Honestly, Most doctors really",cau_dmd,0.9,1,15,0.92692,0.14937,2.44161,2.44101,0.50029,0.26999,0.12063,0.0482,0.04555,2.34786
228,"Honestly, Most doctors really",cau_dmd,0.99,1,20,0.99294,0.1905,4.21704,4.20307,0.48559,0.26999,0.0795,0.0187,0.08868,4.10965
228,"Honestly, Most doctors really",dua_dmd,0.3,1,9,0.40375,0.14281,0.38745,0.391,0.05202,0.26999,0.12718,0.05471,0.0192,0.31354
228,"Honestly, Most doctors really",dua_dmd,0.5,1,10,0.53715,0.14305,0.48771,0.49059,0.05288,0.26999,0.12694,0.05446,0.02319,0.41005
228,"Honestly, Most doctors really",dua_dmd,0.7,1,12,0.76619,0.15601,0.73909,0.73991,0.28149,0.26999,0.11398,0.04217,0.03214,0.66478
228,"Honestly, Most doctors really",dua_dmd,0.9,1,15,0.93692,0.19358,1.31546,1.31136,0.37957,0.26999,0.07641,0.01716,0.04895,1.24935
228,"Honestly, Most doctors really",dua_dmd,0.99,1,19,0.99098,0.24458,2.54213,2.52837,0.47186,0.26999,0.02541,0.00171,0.07664,2.46378
223,"In this case, I rarely",euc_ctx,0.3,1,35,0.30128,0.09601,1.73353,1.72816,0.26895,0.71275,0.61674,1.09953,0.12316,0.51084
223,"In this case, I rarely",euc_ctx,0.5,1,39,0.52388,0.08548,1.97149,1.96281,0.27292,0.71275,0.62727,1.17899,0.17993,0.61258
223,"In this case, I rarely",euc_ctx,0.7,1,43,0.73521,0.08989,2.12311,2.11061,0.27286,0.71275,0.62286,1.14451,0.2545,0.72409
223,"In this case, I rarely",euc_ctx,0.9,1,49,0.91569,0.11785,2.2186,2.19941,0.26486,0.71275,0.5949,0.96045,0.34539,0.91277
223,"In this case, I rarely",euc_ctx,0.99,1,60,0.99182,0.20256,2.34345,2.30908,0.23941,0.71275,0.5102,0.60343,0.40947,1.33055
223,"In this case, I rarely",cau_ctx,0.3,1,70,0.30839,0.07327,2.57586,2.56431,0.26257,0.71275,0.63948,1.28504,0.40778,0.88304
223,"In this case, I rarely",cau_ctx,0.5,1,77,0.50594,0.0447,3.27147,3.25201,0.26576,0.71275,0.66805,1.62851,0.50242,1.14053
223,"In this case, I rarely",cau_ctx,0.7,1,84,0.70052,0.02924,3.97064,3.9421,0.26711,0.71275,0.68351,1.92638,0.61636,1.4279
223,"In this case, I rarely",cau_ctx,0.9,1,96,0.90499,0.01723,5.09186,5.04633,0.26404,0.71275,0.69552,2.29977,0.83456,1.95753
223,"In this case, I rarely",cau_ctx,0.99,1,117,0.99085,0.00944,6.90127,6.82494,0.26344,0.71275,0.70332,2.72655,1.25354,2.92118
223,"In this case, I rarely",dua_ctx,0.3,1,40,0.33053,0.19621,1.14002,1.13665,0.23512,0.71275,0.51655,0.62385,0.09169,0.42447
223,"In this case, I rarely",dua_ctx,0.5,1,44,0.52495,0.18822,1.26733,1.26128,0.2375,0.71275,0.52453,0.65063,0.11012,0.50657
223,"In this case, I rarely",dua_ctx,0.7,1,48,0.71217,0.19871,1.35214,1.34286,0.2367,0.71275,0.51404,0.6157,0.13886,0.59758
223,"In this case, I rarely",dua_ctx,0.9,1,55,0.91071,0.25471,1.43076,1.41454,0.22965,0.71275,0.45804,0.45956,0.19261,0.77859
223,"In this case, I rarely",dua_ctx,0.99,1,67,0.99129,0.40426,1.60589,1.57437,0.18658,0.71275,0.3085,0.19466,0.25678,1.15446
223,"In this case, I rarely",euc_unemb,0.3,1,15,0.38145,0.18986,1.14843,1.14895,0.25195,0.71275,0.5229,0.64503,0.10306,0.40033
223,"In this case, I rarely",euc_unemb,0.5,1,16,0.52926,0.19244,1.25627,1.25534,0.25805,0.71275,0.52031,0.63631,0.17096,0.449
223,"In this case, I rarely",euc_unemb,0.7,1,18,0.78948,0.23607,1.45848,1.45379,0.26315,0.71275,0.47669,0.50664,0.39517,0.55667
223,"In this case, I rarely",euc_unemb,0.9,1,20,0.92623,0.32493,1.66051,1.65074,0.26902,0.71275,0.38782,0.31444,0.66279,0.68329
223,"In this case, I rarely",euc_unemb,0.99,1,24,0.99299,0.52864,2.17191,2.14771,0.28032,0.71275,0.18412,0.07072,1.07432,1.02687
223,"In this case, I rarely",cau_unemb,0.3,1,17,0.41511,0.17469,1.19957,1.20184,0.25858,0.71275,0.53807,0.69907,0.10281,0.39769
223,"In this case, I rarely",cau_unemb,0.5,1,18,0.54522,0.17873,1.26887,1.26998,0.2599,0.71275,0.53403,0.68418,0.14555,0.43914
223,"In this case, I rarely",cau_unemb,0.7,1,20,0.77354,0.21451,1.38446,1.38262,0.25728,0.71275,0.49824,0.5669,0.2874,0.53016
223,"In this case, I rarely",cau_unemb,0.9,1,22,0.90663,0.28392,1.48989,1.48411,0.25228,0.71275,0.42883,0.39366,0.46047,0.63576
223,"In this case, I rarely",cau_unemb,0.99,1,27,0.99239,0.49427,1.88325,1.86288,0.26233,0.71275,0.21849,0.09842,0.7819,1.00293
223,"In this case, I rarely",dua_unemb,0.3,1,16,0.41325,0.32806,0.72371,0.72556,0.09122,0.71275,0.38469,0.30894,0.08964,0.32512
223,"In this case, I rarely",dua_unemb,0.5,1,17,0.53937,0.33486,0.8107,0.81111,0.09502,0.71275,0.3779,0.29725,0.13789,0.37556
223,"In this case, I rarely",dua_unemb,0.7,1,19,0.75933,0.37323,1.00281,0.99935,0.10184,0.71275,0.33953,0.23699,0.27265,0.49317
223,"In this case, I rarely",dua_unemb,0.9,1,22,0.93345,0.46873,1.31686,1.30532,0.22663,0.71275,0.24403,0.12209,0.48579,0.70898
223,"In this case, I rarely",dua_unemb,0.99,1,26,0.99148,0.59753,1.78423,1.75854,0.24337,0.71275,0.11523,0.0288,0.68463,1.0708
223,"In this case, I rarely",euc_dmd,0.3,1,14,0.31993,0.10345,1.72256,1.72125,0.2743,0.71275,0.60931,1.04872,0.18027,0.49357
223,"In this case, I rarely",euc_dmd,0.5,1,16,0.60738,0.09604,2.07,2.065,0.27123,0.71275,0.61671,1.09931,0.34997,0.62072
223,"In this case, I rarely",euc_dmd,0.7,1,17,0.73645,0.10237,2.23392,2.22678,0.27114,0.71275,0.61038,1.05583,0.48872,0.68937
223,"In this case, I rarely",euc_dmd,0.9,1,19,0.90043,0.13241,2.54126,2.52926,0.26733,0.71275,0.58034,0.8822,0.82142,0.83763
223,"In this case, I rarely",euc_dmd,0.99,1,24,0.99389,0.27488,3.21974,3.19227,0.25717,0.71275,0.43788,0.41313,1.52922,1.27739
223,"In this case, I rarely",cau_dmd,0.3,1,17,0.37704,0.08914,2.08341,2.08274,0.27158,0.71275,0.62362,1.15028,0.35613,0.577
223,"In this case, I rarely",cau_dmd,0.5,1,19,0.61061,0.08002,2.45854,2.45396,0.26982,0.71275,0.63274,1.22436,0.51538,0.7188
223,"In this case, I rarely",cau_dmd,0.7,1,20,0.71505,0.07978,2.65093,2.64407,0.26955,0.71275,0.63298,1.22641,0.62661,0.7979
223,"In this case, I rarely",cau_dmd,0.9,1,23,0.90963,0.08869,3.23632,3.22139,0.26023,0.71275,0.62407,1.15377,1.01528,1.06728
223,"In this case, I rarely",cau_dmd,0.99,1,29,0.99335,0.11232,4.37136,4.33645,0.25551,0.71275,0.60044,0.99295,1.66431,1.7141
223,"In this case, I rarely",dua_dmd,0.3,1,15,0.37676,0.21126,1.11456,1.11648,0.23324,0.71275,0.5015,0.57661,0.14327,0.39467
223,"In this case, I rarely",dua_dmd,0.5,1,16,0.50447,0.20842,1.22893,1.22956,0.24594,0.71275,0.50434,0.58522,0.19576,0.44795
223,"In this case, I rarely",dua_dmd,0.7,1,18,0.73858,0.2251,1.47079,1.4681,0.25152,0.71275,0.48765,0.53644,0.36704,0.56731
223,"In this case, I rarely",dua_dmd,0.9,1,21,0.92744,0.2908,1.84542,1.83599,0.25091,0.71275,0.42196,0.37938,0.68933,0.77671
223,"In this case, I rarely",dua_dmd,0.99,1,26,0.99383,0.43421,2.44886,2.42453,0.24729,0.71275,0.27854,0.15852,1.09108,1.19925
140,"At home, Many people rarely",euc_ctx,0.3,1,29,0.32096,0.58527,0.43305,0.44054,0.12035,0.81332,0.22805,0.11861,0.08581,0.22862
140,"At home, Many people rarely",euc_ctx,0.5,1,33,0.53828,0.57885,0.53004,0.5353,0.12068,0.81332,0.23447,0.12472,0.10086,0.30446
140,"At home, Many people rarely",euc_ctx,0.7,1,37,0.74023,0.60597,0.60869,0.61029,0.11274,0.81332,0.20735,0.0999,0.11676,0.39203
140,"At home, Many people rarely",euc_ctx,0.9,1,43,0.91436,0.67822,0.73319,0.72703,0.14638,0.81332,0.1351,0.0461,0.14019,0.5469
140,"At home, Many people rarely",euc_ctx,0.99,1,54,0.99116,0.77758,1.09319,1.06889,0.15701,0.81332,0.03574,0.00385,0.18405,0.90529
140,"At home, Many people rarely",cau_ctx,0.3,1,56,0.3166,0.43296,1.0453,1.04775,0.15502,0.81332,0.38036,0.30538,0.26071,0.47921
140,"At home, Many people rarely",cau_ctx,0.5,1,63,0.51639,0.31769,1.50532,1.50209,0.16519,0.81332,0.49563,0.52261,0.3223,0.66041
140,"At home, Many people rarely",cau_ctx,0.7,1,70,0.71077,0.23582,2.01756,2.00692,0.17276,0.81332,0.5775,0.74383,0.41267,0.86106
140,"At home, Many people rarely",cau_ctx,0.9,1,81,0.90067,0.16341,2.831,2.80673,0.18035,0.81332,0.64991,1.02525,0.6087,1.19704
140,"At home, Many people rarely",cau_ctx,0.99,1,102,0.99077,0.10158,4.32317,4.2706,0.18926,0.81332,0.71174,1.39861,1.061,1.86357
140,"At home, Many people rarely",dua_ctx,0.3,1,32,0.32723,0.62407,0.37211,0.37862,0.02563,0.81332,0.18926,0.08474,0.06133,0.22603
140,"At home, Many people rarely",dua_ctx,0.5,1,37,0.52953,0.61218,0.48187,0.48587,0.10967,0.81332,0.20114,0.09457,0.07738,0.30991
140,"At home, Many people rarely",dua_ctx,0.7,1,42,0.72224,0.62137,0.59796,0.59802,0.11267,0.81332,0.19195,0.08693,0.09954,0.41149
140,"At home, Many people rarely",dua_ctx,0.9,1,50,0.91512,0.66914,0.80984,0.8007,0.13557,0.81332,0.14419,0.05187,0.14307,0.6149
140,"At home, Many people rarely",dua_ctx,0.99,1,62,0.99097,0.74512,1.2311,1.20316,0.14214,0.81332,0.0682,0.0131,0.20764,1.01036
140,"At home, Many people rarely",euc_unemb,0.3,1,12,0.33064,0.65428,0.23095,0.23881,0.10107,0.81332,0.15904,0.06193,0.05471,0.11431
140,"At home, Many people rarely",euc_unemb,0.5,1,14,0.60785,0.67881,0.34985,0.3549,0.14452,0.81332,0.13451,0.04574,0.12592,0.17819
140,"At home, Many people rarely",euc_unemb,0.7,1,15,0.7332,0.7038,0.44876,0.45138,0.17885,0.81332,0.10952,0.03145,0.1963,0.22101
140,"At home, Many people rarely",euc_unemb,0.9,1,18,0.9388,0.77883,0.88044,0.87245,0.17645,0.81332,0.03449,0.00359,0.47415,0.4027
140,"At home, Many people rarely",euc_unemb,0.99,1,22,0.99346,0.82071,1.55996,1.53407,0.18043,0.81332,0.00739,0.00018,0.8103,0.74947
140,"At home, Many people rarely",cau_unemb,0.3,1,14,0.40157,0.60893,0.31086,0.31988,0.02541,0.81332,0.20439,0.09734,0.07328,0.14025
140,"At home, Many people rarely",cau_unemb,0.5,1,15,0.52439,0.62165,0.33796,0.34593,0.13245,0.81332,0.19168,0.08671,0.08511,0.16614
140,"At home, Many people rarely",cau_unemb,0.7,1,17,0.74762,0.67191,0.43304,0.43745,0.16238,0.81332,0.14141,0.05008,0.152,0.23097
140,"At home, Many people rarely",cau_unemb,0.9,1,20,0.92796,0.75862,0.69681,0.6927,0.16651,0.81332,0.0547,0.00866,0.31765,0.37051
140,"At home, Many people rarely",cau_unemb,0.99,1,25,0.9931,0.82512,1.30101,1.27845,0.16941,0.81332,0.0118,0.00047,0.58161,0.71893
140,"At home, Many people rarely",dua_unemb,0.3,1,12,0.31056,0.68232,0.18347,0.19079,0.01461,0.81332,0.131,0.04359,0.03852,0.10136
140,"At home, Many people rarely",dua_unemb,0.5,1,14,0.55398,0.6941,0.27982,0.28502,0.12459,0.81332,0.11922,0.03673,0.08415,0.15894
140,"At home, Many people rarely",dua_unemb,0.7,1,16,0.76731,0.72488,0.43606,0.43722,0.17322,0.81332,0.08844,0.02123,0.17418,0.24065
140,"At home, Many people rarely",dua_unemb,0.9,1,19,0.93654,0.77514,0.77219,0.764,0.18445,0.81332,0.03818,0.00437,0.34961,0.41821
140,"At home, Many people rarely",dua_unemb,0.99,1,23,0.992,0.80852,1.33082,1.30612,0.1976,0.81332,0.0048,7e-05,0.58018,0.75057
140,"At home, Many people rarely",euc_dmd,0.3,1,12,0.32348,0.58453,0.39786,0.40684,0.13109,0.81332,0.22879,0.11931,0.12919,0.14936
140,"At home, Many people rarely",euc_dmd,0.5,1,14,0.58865,0.60724,0.51074,0.51723,0.16089,0.81332,0.20608,0.0988,0.19814,0.2138
140,"At home, Many people rarely",euc_dmd,0.7,1,15,0.71151,0.63633,0.59894,0.60335,0.17254,0.81332,0.17699,0.07511,0.27111,0.25272
140,"At home, Many people rarely",euc_dmd,0.9,1,18,0.92558,0.74474,1.00755,1.00273,0.18021,0.81332,0.06858,0.01324,0.59213,0.40219
140,"At home, Many people rarely",euc_dmd,0.99,1,22,0.99049,0.83438,1.71411,1.693,0.18851,0.81332,0.02106,0.00155,1.02936,0.6832
140,"At home, Many people rarely",cau_dmd,0.3,1,15,0.37941,0.56529,0.58213,0.59196,0.18597,0.81332,0.24803,0.13808,0.26165,0.18241
140,"At home, Many people rarely",cau_dmd,0.5,1,17,0.58846,0.59613,0.65794,0.66554,0.18439,0.81332,0.21719,0.10861,0.31082,0.23851
140,"At home, Many people rarely",cau_dmd,0.7,1,19,0.76718,0.6505,0.79823,0.80217,0.18332,0.81332,0.16282,0.06461,0.42538,0.30823
140,"At home, Many people rarely",cau_dmd,0.9,1,22,0.91845,0.73388,1.1349,1.13099,0.18229,0.81332,0.07944,0.0174,0.67113,0.44637
140,"At home, Many people rarely",cau_dmd,0.99,1,28,0.99197,0.80705,2.02527,2.00119,0.18358,0.81332,0.00627,0.00013,1.17687,0.84827
140,"At home, Many people rarely",dua_dmd,0.3,1,12,0.33232,0.62278,0.30729,0.31562,0.10556,0.81332,0.19054,0.08578,0.08496,0.13655
140,"At home, Many people rarely",dua_dmd,0.5,1,14,0.55704,0.63203,0.4101,0.41668,0.14973,0.81332,0.18129,0.07843,0.13625,0.19542
140,"At home, Many people rarely",dua_dmd,0.7,1,16,0.74532,0.6646,0.55186,0.55533,0.16167,0.81332,0.14872,0.05486,0.22917,0.26783
140,"At home, Many people rarely",dua_dmd,0.9,1,19,0.90996,0.73028,0.84517,0.84159,0.17077,0.81332,0.08305,0.0189,0.41974,0.40653
140,"At home, Many people rarely",dua_dmd,0.99,1,25,0.99357,0.82436,1.66459,1.63984,0.18435,0.81332,0.01104,0.00041,0.84946,0.81471
166,"Lately, Most doctors also",euc_ctx,0.3,1,17,0.34255,0.37072,0.28862,0.29656,0.01242,0.44607,0.07534,0.01189,0.01176,0.26498
166,"Lately, Most doctors also",euc_ctx,0.5,1,20,0.50196,0.37189,0.42403,0.43166,0.04775,0.44607,0.07418,0.01151,0.0176,0.39492
166,"Lately, Most doctors also",euc_ctx,0.7,1,24,0.70848,0.39191,0.65107,0.65714,0.2316,0.44607,0.05416,0.00607,0.02739,0.61762
166,"Lately, Most doctors also",euc_ctx,0.9,1,30,0.90105,0.44737,1.09407,1.09556,0.25795,0.44607,0.0013,0.0,0.0421,1.05197
166,"Lately, Most doctors also",euc_ctx,0.99,1,41,0.99035,0.53715,2.16105,2.15001,0.27746,0.44607,0.09109,0.01663,0.06345,2.08097
166,"Lately, Most doctors also",cau_ctx,0.3,1,32,0.31048,0.32531,0.36796,0.3765,0.14491,0.44607,0.12076,0.03158,0.02646,0.30992
166,"Lately, Most doctors also",cau_ctx,0.5,1,40,0.5274,0.30823,0.61809,0.62597,0.1625,0.44607,0.13783,0.04178,0.04349,0.53282
166,"Lately, Most doctors also",cau_ctx,0.7,1,47,0.71248,0.30528,0.90626,0.91222,0.14996,0.44607,0.14079,0.04372,0.06834,0.7942
166,"Lately, Most doctors also",cau_ctx,0.9,1,59,0.90745,0.30897,1.55888,1.55888,0.22264,0.44607,0.1371,0.04131,0.13131,1.38627
166,"Lately, Most doctors also",cau_ctx,0.99,1,79,0.99004,0.27869,3.02062,3.00552,0.24883,0.44607,0.16738,0.06357,0.26615,2.69091
166,"Lately, Most doctors also",dua_ctx,0.3,1,19,0.31215,0.37568,0.24654,0.25382,0.01169,0.44607,0.07038,0.01034,0.01052,0.22568
166,"Lately, Most doctors also",dua_ctx,0.5,1,24,0.50176,0.37021,0.4125,0.41934,0.01554,0.44607,0.07586,0.01205,0.01773,0.38272
166,"Lately, Most doctors also",dua_ctx,0.7,1,30,0.72181,0.37863,0.68319,0.68804,0.21649,0.44607,0.06744,0.00948,0.03055,0.64316
166,"Lately, Most doctors also",dua_ctx,0.9,1,38,0.90981,0.41059,1.19412,1.19383,0.2164,0.44607,0.03547,0.00258,0.05373,1.13781
166,"Lately, Most doctors also",dua_ctx,0.99,1,50,0.9905,0.46882,2.27496,2.26245,0.2387,0.44607,0.02275,0.00104,0.08851,2.1854
166,"Lately, Most doctors also",euc_unemb,0.3,1,7,0.3276,0.37193,0.16413,0.16861,0.0145,0.44607,0.07414,0.0115,0.01796,0.13468
166,"Lately, Most doctors also",euc_unemb,0.5,1,9,0.58275,0.39459,0.32615,0.32928,0.04766,0.44607,0.05148,0.00547,0.03982,0.28085
166,"Lately, Most doctors also",euc_unemb,0.7,1,10,0.70294,0.41577,0.44665,0.44831,0.16502,0.44607,0.0303,0.00188,0.0559,0.38887
166,"Lately, Most doctors also",euc_unemb,0.9,1,13,0.92021,0.48361,0.9893,0.98354,0.23212,0.44607,0.03754,0.00283,0.1119,0.87457
166,"Lately, Most doctors also",euc_unemb,0.99,1,18,0.99387,0.52579,2.27731,2.25358,0.25527,0.44607,0.07972,0.01273,0.19827,2.06631
166,"Lately, Most doctors also",cau_unemb,0.3,1,8,0.37016,0.36244,0.19421,0.20074,0.02294,0.44607,0.08363,0.01472,0.0167,0.16279
166,"Lately, Most doctors also",cau_unemb,0.5,1,10,0.60518,0.38784,0.3357,0.34141,0.05503,0.44607,0.05823,0.00703,0.02948,0.29919
166,"Lately, Most doctors also",cau_unemb,0.7,1,11,0.71205,0.41015,0.43308,0.43777,0.17628,0.44607,0.03591,0.00264,0.0378,0.39263
166,"Lately, Most doctors also",cau_unemb,0.9,1,14,0.91176,0.4878,0.85783,0.85709,0.2118,0.44607,0.04173,0.00349,0.06478,0.78956
166,"Lately, Most doctors also",cau_unemb,0.99,1,19,0.99095,0.55965,1.9043,1.88964,0.24074,0.44607,0.11359,0.02593,0.10561,1.77277
166,"Lately, Most doctors also",dua_unemb,0.3,1,7,0.30277,0.38146,0.13532,0.13948,0.01034,0.44607,0.06461,0.00869,0.01325,0.11339
166,"Lately, Most doctors also",dua_unemb,0.5,1,9,0.53117,0.39271,0.26439,0.26752,0.02664,0.44607,0.05336,0.00589,0.02787,0.23064
166,"Lately, Most doctors also",dua_unemb,0.7,1,11,0.74267,0.42037,0.47082,0.47136,0.16531,0.44607,0.0257,0.00135,0.0506,0.41887
166,"Lately, Most doctors also",dua_unemb,0.9,1,14,0.92289,0.46834,0.95767,0.95143,0.21514,0.44607,0.02227,0.001,0.09016,0.86651
166,"Lately, Most doctors also",dua_unemb,0.99,1,19,0.99325,0.50727,2.15566,2.13272,0.24093,0.44607,0.0612,0.0075,0.15242,1.99574
166,"Lately, Most doctors also",euc_dmd,0.3,1,7,0.37494,0.35023,0.22644,0.23258,0.02439,0.44607,0.09583,0.0195,0.02778,0.17916
166,"Lately, Most doctors also",euc_dmd,0.5,1,8,0.50976,0.36038,0.30559,0.31137,0.02758,0.44607,0.08569,0.01548,0.03779,0.25232
166,"Lately, Most doctors also",euc_dmd,0.7,1,10,0.75691,0.40994,0.52378,0.52735,0.21303,0.44607,0.03612,0.00268,0.06577,0.45533
166,"Lately, Most doctors also",euc_dmd,0.9,1,12,0.90268,0.47977,0.84447,0.8439,0.22527,0.44607,0.0337,0.00228,0.10045,0.74174
166,"Lately, Most doctors also",euc_dmd,0.99,1,17,0.99282,0.60581,2.00644,1.99035,0.28726,0.44607,0.15974,0.05191,0.18549,1.76904
166,"Lately, Most doctors also",cau_dmd,0.3,1,8,0.3892,0.32283,0.25756,0.26593,0.0255,0.44607,0.12324,0.03296,0.03256,0.19204
166,"Lately, Most doctors also",cau_dmd,0.5,1,9,0.50731,0.33064,0.32094,0.32928,0.01652,0.44607,0.11542,0.02872,0.03639,0.25583
166,"Lately, Most doctors also",cau_dmd,0.7,1,11,0.72737,0.37012,0.48579,0.49299,0.18364,0.44607,0.07595,0.01208,0.05099,0.42272
166,"Lately, Most doctors also",cau_dmd,0.9,1,14,0.91604,0.46169,0.87467,0.87753,0.25939,0.44607,0.01562,0.00049,0.09003,0.78415
166,"Lately, Most doctors also",cau_dmd,0.99,1,19,0.99084,0.57317,1.86296,1.85387,0.27939,0.44607,0.1271,0.03255,0.16251,1.6679
166,"Lately, Most doctors also",dua_dmd,0.3,1,7,0.36766,0.35962,0.18912,0.19475,0.01375,0.44607,0.08645,0.01576,0.02212,0.15124
166,"Lately, Most doctors also",dua_dmd,0.5,1,9,0.62093,0.37575,0.33617,0.34094,0.01997,0.44607,0.07032,0.01032,0.04043,0.28541
166,"Lately, Most doctors also",dua_dmd,0.7,1,10,0.72999,0.39282,0.43232,0.43611,0.05672,0.44607,0.05325,0.00586,0.05121,0.37524
166,"Lately, Most doctors also",dua_dmd,0.9,1,13,0.92162,0.45839,0.83435,0.8332,0.2118,0.44607,0.01232,0.00031,0.08446,0.74958
166,"Lately, Most doctors also",dua_dmd,0.99,1,18,0.99291,0.54515,1.86859,1.8541,0.24442,0.44607,0.09908,0.01969,0.13817,1.71073
17,"Lately, Voters also",euc_ctx,0.3,1,13,0.34436,0.31906,0.21624,0.21863,0.03095,0.54145,0.2224,0.10505,0.00886,0.10233
17,"Lately, Voters also",euc_ctx,0.5,1,16,0.50752,0.30593,0.28027,0.28206,0.04737,0.54145,0.23552,0.11904,0.01407,0.14716
17,"Lately, Voters also",euc_ctx,0.7,1,20,0.71666,0.32162,0.34034,0.34065,0.03072,0.54145,0.21984,0.10245,0.02214,0.21575
17,"Lately, Voters also",euc_ctx,0.9,1,26,0.90656,0.40355,0.40845,0.40526,0.02762,0.54145,0.13791,0.0386,0.03326,0.33659
17,"Lately, Voters also",euc_ctx,0.99,1,37,0.99121,0.61535,0.6831,0.67006,0.02686,0.54145,0.0739,0.01131,0.04833,0.62346
17,"Lately, Voters also",cau_ctx,0.3,1,24,0.30198,0.34832,0.23564,0.24063,0.0287,0.54145,0.19314,0.07768,0.01713,0.14082
17,"Lately, Voters also",cau_ctx,0.5,1,32,0.51648,0.32696,0.36117,0.36595,0.04389,0.54145,0.2145,0.09716,0.0278,0.23621
17,"Lately, Voters also",cau_ctx,0.7,1,39,0.70133,0.33699,0.46493,0.46871,0.0426,0.54145,0.20447,0.08768,0.03905,0.33819
17,"Lately, Voters also",cau_ctx,0.9,1,52,0.90949,0.40174,0.6938,0.69371,0.02911,0.54145,0.13972,0.03964,0.06705,0.5871
17,"Lately, Voters also",cau_ctx,0.99,1,73,0.99029,0.46576,1.40434,1.39278,0.18405,0.54145,0.07569,0.01148,0.13771,1.25515
17,"Lately, Voters also",dua_ctx,0.3,1,15,0.30415,0.413,0.13163,0.13338,0.02158,0.54145,0.12845,0.03339,0.01122,0.08703
17,"Lately, Voters also",dua_ctx,0.5,1,20,0.50027,0.40181,0.20676,0.20766,0.02529,0.54145,0.13964,0.0396,0.01832,0.14884
17,"Lately, Voters also",dua_ctx,0.7,1,26,0.73105,0.41615,0.3014,0.30029,0.02688,0.54145,0.12531,0.03174,0.02607,0.24358
17,"Lately, Voters also",dua_ctx,0.9,1,33,0.90439,0.46547,0.43053,0.42574,0.02569,0.54145,0.07598,0.01157,0.03466,0.3843
17,"Lately, Voters also",dua_ctx,0.99,1,45,0.99021,0.58717,0.76188,0.7479,0.02928,0.54145,0.04571,0.00427,0.05328,0.70434
17,"Lately, Voters also",euc_unemb,0.3,1,6,0.33029,0.35447,0.14597,0.14682,0.01586,0.54145,0.18699,0.07255,0.01023,0.06319
17,"Lately, Voters also",euc_unemb,0.5,1,8,0.5627,0.35335,0.20675,0.20622,0.02263,0.54145,0.1881,0.07347,0.02258,0.11071
17,"Lately, Voters also",euc_unemb,0.7,1,10,0.77099,0.39651,0.25942,0.25647,0.02541,0.54145,0.14494,0.04275,0.04253,0.17414
17,"Lately, Voters also",euc_unemb,0.9,1,13,0.93475,0.51371,0.39373,0.38512,0.02552,0.54145,0.02775,0.00154,0.08005,0.31214
17,"Lately, Voters also",euc_unemb,0.99,1,17,0.99009,0.65243,0.787,0.76757,0.03269,0.54145,0.11097,0.02611,0.13551,0.62538
17,"Lately, Voters also",cau_unemb,0.3,1,6,0.3117,0.35469,0.12255,0.12527,0.01311,0.54145,0.18676,0.07237,0.00677,0.04341
17,"Lately, Voters also",cau_unemb,0.5,1,8,0.53259,0.35105,0.16353,0.16571,0.01421,0.54145,0.19041,0.07538,0.01189,0.07626
17,"Lately, Voters also",cau_unemb,0.7,1,10,0.74103,0.39002,0.18604,0.18677,0.01556,0.54145,0.15144,0.04678,0.01884,0.12042
17,"Lately, Voters also",cau_unemb,0.9,1,13,0.9189,0.50542,0.25115,0.24789,0.01818,0.54145,0.03603,0.0026,0.03131,0.21725
17,"Lately, Voters also",cau_unemb,0.99,1,18,0.99101,0.6878,0.62046,0.60639,0.02504,0.54145,0.14635,0.04674,0.0533,0.52042
17,"Lately, Voters also",dua_unemb,0.3,1,7,0.36445,0.43379,0.10004,0.09995,0.00962,0.54145,0.10766,0.02333,0.01269,0.06402
17,"Lately, Voters also",dua_unemb,0.5,1,9,0.56249,0.44502,0.15115,0.14943,0.0149,0.54145,0.09643,0.01868,0.02138,0.1111
17,"Lately, Voters also",dua_unemb,0.7,1,11,0.74138,0.47718,0.22057,0.2163,0.01581,0.54145,0.06427,0.00827,0.03627,0.17603
17,"Lately, Voters also",dua_unemb,0.9,1,14,0.90845,0.54873,0.38279,0.37305,0.02061,0.54145,0.00728,0.00011,0.06914,0.31354
17,"Lately, Voters also",dua_unemb,0.99,1,20,0.99334,0.68046,0.9642,0.9388,0.0344,0.54145,0.13901,0.04189,0.14376,0.77855
17,"Lately, Voters also",euc_dmd,0.3,1,5,0.33041,0.29106,0.22226,0.22387,0.05277,0.54145,0.25039,0.1363,0.01402,0.07194
17,"Lately, Voters also",euc_dmd,0.5,1,7,0.60723,0.27261,0.32325,0.32334,0.06345,0.54145,0.26884,0.15998,0.03011,0.13316
17,"Lately, Voters also",euc_dmd,0.7,1,8,0.73198,0.28506,0.35578,0.35468,0.06457,0.54145,0.2564,0.14372,0.04251,0.16955
17,"Lately, Voters also",euc_dmd,0.9,1,11,0.93698,0.38677,0.44364,0.4375,0.06791,0.54145,0.15468,0.04887,0.09324,0.30153
17,"Lately, Voters also",euc_dmd,0.99,1,15,0.99274,0.57599,0.70738,0.69157,0.05518,0.54145,0.03454,0.00243,0.16649,0.53846
17,"Lately, Voters also",cau_dmd,0.3,1,5,0.30883,0.28314,0.21826,0.22186,0.0506,0.54145,0.25832,0.14615,0.01702,0.05509
17,"Lately, Voters also",cau_dmd,0.5,1,7,0.569,0.25923,0.30608,0.30913,0.06521,0.54145,0.28223,0.17887,0.02483,0.10238
17,"Lately, Voters also",cau_dmd,0.7,1,9,0.793,0.28632,0.34736,0.34888,0.06305,0.54145,0.25514,0.14214,0.04247,0.16275
17,"Lately, Voters also",cau_dmd,0.9,1,11,0.91584,0.35101,0.38653,0.38563,0.05896,0.54145,0.19044,0.07541,0.07333,0.23779
17,"Lately, Voters also",cau_dmd,0.99,1,16,0.99255,0.55853,0.68249,0.67213,0.05403,0.54145,0.01708,0.00059,0.16548,0.51642
17,"Lately, Voters also",dua_dmd,0.3,1,5,0.31112,0.3874,0.113,0.114,0.01899,0.54145,0.15405,0.04846,0.01121,0.05334
17,"Lately, Voters also",dua_dmd,0.5,1,7,0.57257,0.37399,0.1886,0.18839,0.024,0.54145,0.16746,0.0576,0.02662,0.10437
17,"Lately, Voters also",dua_dmd,0.7,1,9,0.79722,0.39504,0.26435,0.26194,0.04537,0.54145,0.14642,0.04364,0.04731,0.1734
17,"Lately, Voters also",dua_dmd,0.9,1,11,0.91976,0.43761,0.35002,0.3446,0.04741,0.54145,0.10384,0.02168,0.06838,0.25995
17,"Lately, Voters also",dua_dmd,0.99,1,16,0.99356,0.56466,0.66558,0.65024,0.04713,0.54145,0.02321,0.00109,0.11725,0.54723
112,"Every day, These kids usually",euc_ctx,0.3,1,18,0.31662,0.55944,0.23338,0.24071,0.13317,0.6786,0.11916,0.02968,0.02128,0.18243
112,"Every day, These kids usually",euc_ctx,0.5,1,22,0.54657,0.55698,0.36494,0.37098,0.14231,0.6786,0.12162,0.03088,0.03673,0.29733
112,"Every day, These kids usually",euc_ctx,0.7,1,25,0.71176,0.57384,0.47928,0.48321,0.14615,0.6786,0.10476,0.02311,0.04969,0.40648
112,"Every day, These kids usually",euc_ctx,0.9,1,31,0.91193,0.63234,0.75726,0.75451,0.15292,0.6786,0.04626,0.00469,0.07039,0.68218
112,"Every day, These kids usually",euc_ctx,0.99,1,41,0.99116,0.70823,1.37157,1.35376,0.18307,0.6786,0.02963,0.00209,0.096,1.27348
112,"Every day, These kids usually",cau_ctx,0.3,1,34,0.31511,0.57097,0.39774,0.40501,0.13827,0.6786,0.10763,0.02436,0.07108,0.3023
112,"Every day, These kids usually",cau_ctx,0.5,1,40,0.50198,0.53416,0.62874,0.6342,0.16362,0.6786,0.14444,0.04312,0.11963,0.46599
112,"Every day, These kids usually",cau_ctx,0.7,1,47,0.71757,0.49878,0.98902,0.9904,0.18688,0.6786,0.17981,0.0661,0.21024,0.71268
112,"Every day, These kids usually",cau_ctx,0.9,1,57,0.90617,0.46227,1.6243,1.617,0.19562,0.6786,0.21633,0.09508,0.38194,1.14727
112,"Every day, These kids usually",cau_ctx,0.99,1,75,0.99094,0.40432,2.92469,2.89761,0.20347,0.6786,0.27427,0.15308,0.71575,2.05587
112,"Every day, These kids usually",dua_ctx,0.3,1,21,0.32753,0.57573,0.23045,0.23695,0.11523,0.6786,0.10286,0.02231,0.0191,0.18904
112,"Every day, These kids usually",dua_ctx,0.5,1,26,0.53082,0.57015,0.35864,0.36353,0.13654,0.6786,0.10845,0.02472,0.03117,0.30276
112,"Every day, These kids usually",dua_ctx,0.7,1,31,0.72366,0.58098,0.516,0.5178,0.14486,0.6786,0.09762,0.02015,0.04641,0.44944
112,"Every day, These kids usually",dua_ctx,0.9,1,38,0.90324,0.61681,0.80006,0.79515,0.15085,0.6786,0.06179,0.00827,0.06988,0.72191
112,"Every day, These kids usually",dua_ctx,0.99,1,50,0.99176,0.68086,1.48297,1.46136,0.16001,0.6786,0.00227,1e-05,0.10228,1.38068
112,"Every day, These kids usually",euc_unemb,0.3,1,8,0.36769,0.56167,0.23963,0.24527,0.04313,0.6786,0.11693,0.02861,0.04035,0.17067
112,"Every day, These kids usually",euc_unemb,0.5,1,9,0.5078,0.56468,0.32379,0.32842,0.14925,0.6786,0.11392,0.0272,0.06347,0.23312
112,"Every day, These kids usually",euc_unemb,0.7,1,11,0.76521,0.59419,0.57214,0.57272,0.17761,0.6786,0.08441,0.01519,0.15132,0.40564
112,"Every day, These kids usually",euc_unemb,0.9,1,13,0.91177,0.63218,0.92109,0.91528,0.19975,0.6786,0.04642,0.00472,0.27174,0.64463
112,"Every day, These kids usually",euc_unemb,0.99,1,17,0.99054,0.67112,1.76197,1.7398,0.21346,0.6786,0.00748,0.00013,0.49602,1.26582
112,"Every day, These kids usually",cau_unemb,0.3,1,9,0.38788,0.5307,0.27438,0.28143,0.06349,0.6786,0.1479,0.04515,0.04638,0.18285
112,"Every day, These kids usually",cau_unemb,0.5,1,10,0.513,0.53379,0.34045,0.34675,0.1477,0.6786,0.14481,0.04334,0.0597,0.23741
112,"Every day, These kids usually",cau_unemb,0.7,1,12,0.74362,0.56217,0.51492,0.51821,0.12587,0.6786,0.11643,0.02837,0.10686,0.37969
112,"Every day, These kids usually",cau_unemb,0.9,1,15,0.92917,0.62013,0.89657,0.89209,0.13867,0.6786,0.05846,0.00742,0.20674,0.6824
112,"Every day, These kids usually",cau_unemb,0.99,1,20,0.99368,0.66239,1.72458,1.7029,0.15196,0.6786,0.0162,0.00059,0.36057,1.36343
112,"Every day, These kids usually",dua_unemb,0.3,1,8,0.33963,0.58724,0.1838,0.18923,0.13951,0.6786,0.09136,0.01771,0.02643,0.13965
112,"Every day, These kids usually",dua_unemb,0.5,1,10,0.5893,0.59683,0.34024,0.34383,0.16654,0.6786,0.08176,0.01428,0.06633,0.25963
112,"Every day, These kids usually",dua_unemb,0.7,1,11,0.70337,0.60968,0.44438,0.4463,0.1737,0.6786,0.06891,0.01023,0.09589,0.33826
112,"Every day, These kids usually",dua_unemb,0.9,1,14,0.91558,0.65967,0.85068,0.84486,0.1885,0.6786,0.01892,0.0008,0.20041,0.64946
112,"Every day, These kids usually",dua_unemb,0.99,1,19,0.99358,0.7081,1.73766,1.71321,0.21148,0.6786,0.0295,0.00207,0.3625,1.37309
112,"Every day, These kids usually",euc_dmd,0.3,1,8,0.37558,0.54507,0.30559,0.31247,0.14578,0.6786,0.13353,0.03702,0.05653,0.21204
112,"Every day, These kids usually",euc_dmd,0.5,1,9,0.51527,0.54739,0.39166,0.3976,0.14717,0.6786,0.1312,0.03578,0.07449,0.28139
112,"Every day, These kids usually",euc_dmd,0.7,1,11,0.76789,0.58051,0.63311,0.63527,0.17564,0.6786,0.09808,0.02034,0.15212,0.46065
112,"Every day, These kids usually",euc_dmd,0.9,1,13,0.911,0.62894,0.97762,0.97385,0.18377,0.6786,0.04966,0.00539,0.27767,0.69455
112,"Every day, These kids usually",euc_dmd,0.99,1,18,0.99405,0.70428,2.06137,2.03816,0.20034,0.6786,0.02569,0.00156,0.60664,1.45317
112,"Every day, These kids usually",cau_dmd,0.3,1,9,0.33038,0.52874,0.37635,0.38496,0.17823,0.6786,0.14985,0.04632,0.09305,0.23698
112,"Every day, These kids usually",cau_dmd,0.5,1,11,0.55316,0.53001,0.50935,0.51654,0.15388,0.6786,0.14858,0.04556,0.09416,0.36962
112,"Every day, These kids usually",cau_dmd,0.7,1,13,0.7536,0.55433,0.7082,0.71227,0.15919,0.6786,0.12427,0.0322,0.13488,0.54112
112,"Every day, These kids usually",cau_dmd,0.9,1,16,0.92049,0.60129,1.15348,1.15028,0.16558,0.6786,0.07731,0.0128,0.26844,0.87225
112,"Every day, These kids usually",cau_dmd,0.99,1,21,0.99016,0.6388,2.09671,2.07779,0.18697,0.6786,0.0398,0.00349,0.52558,1.56763
112,"Every day, These kids usually",dua_dmd,0.3,1,8,0.36614,0.56659,0.2558,0.26214,0.13979,0.6786,0.11201,0.02632,0.04245,0.18703
112,"Every day, These kids usually",dua_dmd,0.5,1,10,0.61045,0.57445,0.4296,0.43443,0.14912,0.6786,0.10414,0.02285,0.07811,0.32864
112,"Every day, These kids usually",dua_dmd,0.7,1,11,0.71473,0.58709,0.53596,0.53945,0.15399,0.6786,0.09151,0.01777,0.10306,0.41513
112,"Every day, These kids usually",dua_dmd,0.9,1,14,0.90765,0.6395,0.93656,0.93384,0.17999,0.6786,0.0391,0.00337,0.20252,0.73067
112,"Every day, These kids usually",dua_dmd,0.99,1,19,0.99069,0.70764,1.82368,1.80498,0.18697,0.6786,0.02904,0.002,0.40078,1.4209
217,People sometimes,euc_ctx,0.3,1,36,0.30153,0.50487,0.60853,0.61271,0.03727,0.74242,0.23755,0.11797,0.04556,0.44501
217,People sometimes,euc_ctx,0.5,1,40,0.54149,0.48673,0.78663,0.78785,0.04208,0.74242,0.25569,0.13586,0.06682,0.58395
217,People sometimes,euc_ctx,0.7,1,43,0.7152,0.50099,0.9147,0.91277,0.04832,0.74242,0.24143,0.12168,0.09183,0.70119
217,People sometimes,euc_ctx,0.9,1,49,0.91897,0.5747,1.16739,1.15707,0.04947,0.74242,0.16772,0.06094,0.13823,0.96822
217,People sometimes,euc_ctx,0.99,1,58,0.99085,0.68395,1.62405,1.59792,0.27009,0.74242,0.05848,0.00821,0.17356,1.44227
217,People sometimes,cau_ctx,0.3,1,76,0.32141,0.06674,3.2727,3.24689,0.04111,0.74242,0.67569,1.45702,0.13919,1.67648
217,People sometimes,cau_ctx,0.5,1,82,0.50135,0.03504,4.07455,4.03957,0.0431,0.74242,0.70738,1.92665,0.16144,1.98647
217,People sometimes,cau_ctx,0.7,1,89,0.71039,0.01923,4.97311,4.92714,0.04705,0.74242,0.72319,2.36798,0.25361,2.35153
217,People sometimes,cau_ctx,0.9,1,99,0.90032,0.01068,6.15741,6.09558,0.26807,0.74242,0.73174,2.80205,0.47914,2.87622
217,People sometimes,cau_ctx,0.99,1,117,0.99047,0.00564,8.02884,7.93877,0.31578,0.74242,0.73678,3.27491,0.92981,3.82411
217,People sometimes,dua_ctx,0.3,1,40,0.31345,0.56991,0.56784,0.56953,0.033,0.74242,0.17251,0.06427,0.04192,0.46165
217,People sometimes,dua_ctx,0.5,1,45,0.50629,0.55796,0.74326,0.74115,0.03869,0.74242,0.18446,0.07295,0.0472,0.62311
217,People sometimes,dua_ctx,0.7,1,51,0.72855,0.56649,0.97959,0.97133,0.04497,0.74242,0.17593,0.0667,0.06041,0.85248
217,People sometimes,dua_ctx,0.9,1,58,0.90346,0.60122,1.29994,1.2824,0.04748,0.74242,0.1412,0.04403,0.08806,1.16785
217,People sometimes,dua_ctx,0.99,1,69,0.99041,0.67159,1.90721,1.87123,0.05008,0.74242,0.07084,0.01187,0.13566,1.75969
217,People sometimes,euc_unemb,0.3,1,15,0.37003,0.45787,0.49012,0.49555,0.02533,0.74242,0.28455,0.16715,0.08374,0.23923
217,People sometimes,euc_unemb,0.5,1,16,0.5228,0.46792,0.54083,0.54471,0.02328,0.74242,0.2745,0.15585,0.09397,0.29101
217,People sometimes,euc_unemb,0.7,1,18,0.79158,0.52248,0.67043,0.6692,0.03379,0.74242,0.21994,0.10184,0.13735,0.43124
217,People sometimes,euc_unemb,0.9,1,20,0.92903,0.58552,0.88597,0.87721,0.04313,0.74242,0.15691,0.05374,0.20353,0.62871
217,People sometimes,euc_unemb,0.99,1,24,0.99347,0.64277,1.51611,1.48854,0.06485,0.74242,0.09965,0.02276,0.33206,1.16129
217,People sometimes,cau_unemb,0.3,1,17,0.42322,0.38222,0.65473,0.66284,0.0608,0.74242,0.3602,0.26758,0.08681,0.30034
217,People sometimes,cau_unemb,0.5,1,18,0.56094,0.39342,0.68708,0.6939,0.04856,0.74242,0.349,0.25084,0.08655,0.34969
217,People sometimes,cau_unemb,0.7,1,20,0.79362,0.44765,0.753,0.75585,0.04734,0.74242,0.29477,0.1791,0.10214,0.47176
217,People sometimes,cau_unemb,0.9,1,22,0.91967,0.51752,0.87593,0.87303,0.03742,0.74242,0.22491,0.10626,0.13835,0.63132
217,People sometimes,cau_unemb,0.99,1,27,0.99398,0.61264,1.46875,1.4468,0.07258,0.74242,0.12978,0.03755,0.24213,1.18908
217,People sometimes,dua_unemb,0.3,1,15,0.32417,0.56872,0.31487,0.319,0.01778,0.74242,0.1737,0.06511,0.04263,0.20714
217,People sometimes,dua_unemb,0.5,1,17,0.58839,0.5828,0.4304,0.43141,0.0215,0.74242,0.15962,0.05551,0.06742,0.30748
217,People sometimes,dua_unemb,0.7,1,18,0.70896,0.59855,0.5038,0.50257,0.02385,0.74242,0.14388,0.04562,0.0876,0.37058
217,People sometimes,dua_unemb,0.9,1,21,0.92612,0.65619,0.80547,0.79491,0.04177,0.74242,0.08623,0.01729,0.16583,0.62235
217,People sometimes,dua_unemb,0.99,1,25,0.99227,0.70273,1.38105,1.35335,0.0469,0.74242,0.03969,0.00388,0.26778,1.10939
217,People sometimes,euc_dmd,0.3,1,15,0.37993,0.39597,0.74605,0.75449,0.03123,0.74242,0.34645,0.24714,0.17311,0.32581
217,People sometimes,euc_dmd,0.5,1,16,0.53241,0.40136,0.84201,0.84899,0.03697,0.74242,0.34106,0.2394,0.21648,0.38613
217,People sometimes,euc_dmd,0.7,1,18,0.79633,0.45179,1.04376,1.04606,0.04795,0.74242,0.29063,0.1742,0.33325,0.53631
217,People sometimes,euc_dmd,0.9,1,20,0.93015,0.52214,1.29175,1.2872,0.26887,0.74242,0.22028,0.10213,0.45767,0.73195
217,People sometimes,euc_dmd,0.99,1,24,0.99339,0.60665,1.96803,1.94596,0.27034,0.74242,0.13577,0.04089,0.68061,1.24652
217,People sometimes,cau_dmd,0.3,1,17,0.31286,0.32073,0.96865,0.98099,0.06423,0.74242,0.42169,0.37336,0.20794,0.38736
217,People sometimes,cau_dmd,0.5,1,19,0.56265,0.32321,1.14621,1.15657,0.06126,0.74242,0.41922,0.36859,0.28081,0.49682
217,People sometimes,cau_dmd,0.7,1,21,0.78241,0.36434,1.31712,1.32408,0.0769,0.74242,0.37809,0.2958,0.39148,0.62984
217,People sometimes,cau_dmd,0.9,1,23,0.90855,0.42497,1.51201,1.51409,0.27759,0.74242,0.31745,0.20733,0.51252,0.79215
217,People sometimes,cau_dmd,0.99,1,28,0.99171,0.52885,2.22529,2.21059,0.36792,0.74242,0.21357,0.0963,0.79593,1.33306
217,People sometimes,dua_dmd,0.3,1,15,0.31411,0.51328,0.49228,0.49948,0.03016,0.74242,0.22914,0.11011,0.09354,0.28863
217,People sometimes,dua_dmd,0.5,1,17,0.56199,0.519,0.64175,0.64632,0.03619,0.74242,0.22342,0.10493,0.13297,0.40385
217,People sometimes,dua_dmd,0.7,1,19,0.77815,0.55065,0.8151,0.81556,0.04627,0.74242,0.19177,0.07851,0.19035,0.54624
217,People sometimes,dua_dmd,0.9,1,21,0.90875,0.59489,1.02336,1.01824,0.04814,0.74242,0.14753,0.04784,0.25598,0.71955
217,People sometimes,dua_dmd,0.99,1,26,0.99411,0.68002,1.74139,1.717,0.05085,0.74242,0.0624,0.0093,0.4295,1.30258
239,"In this case, They",euc_ctx,0.3,1,31,0.31177,0.03269,0.99468,0.9927,0.33218,0.20157,0.16887,0.21344,0.0138,0.76743
239,"In this case, They",euc_ctx,0.5,1,36,0.54119,0.03063,1.22239,1.2188,0.3457,0.20157,0.17094,0.22488,0.01806,0.97944
239,"In this case, They",euc_ctx,0.7,1,40,0.71623,0.03358,1.39073,1.3857,0.35294,0.20157,0.16799,0.20878,0.02166,1.16029
239,"In this case, They",euc_ctx,0.9,1,47,0.90411,0.0491,1.67558,1.66764,0.35599,0.20157,0.15247,0.14514,0.02839,1.50204
239,"In this case, They",euc_ctx,0.99,1,60,0.99035,0.11832,2.31313,2.29808,0.3224,0.20157,0.08324,0.02819,0.04094,2.24401
239,"In this case, They",cau_ctx,0.3,1,59,0.30506,0.04723,1.4194,1.42311,0.34077,0.20157,0.15434,0.1514,0.0352,1.23279
239,"In this case, They",cau_ctx,0.5,1,68,0.52342,0.04032,1.88207,1.8834,0.32893,0.20157,0.16124,0.1775,0.05454,1.65003
239,"In this case, They",cau_ctx,0.7,1,76,0.71327,0.03729,2.38891,2.38689,0.32951,0.20157,0.16427,0.19072,0.07887,2.11932
239,"In this case, They",cau_ctx,0.9,1,89,0.90418,0.03344,3.45071,3.44037,0.33533,0.20157,0.16812,0.20949,0.12878,3.11244
239,"In this case, They",cau_ctx,0.99,1,112,0.99017,0.02374,5.87501,5.84384,0.33521,0.20157,0.17783,0.27061,0.23739,5.36701
239,"In this case, They",dua_ctx,0.3,1,34,0.31651,0.04885,0.53197,0.52928,0.28569,0.20157,0.15272,0.14596,0.01016,0.37584
239,"In this case, They",dua_ctx,0.5,1,39,0.5296,0.04725,0.67432,0.67032,0.30021,0.20157,0.15431,0.15132,0.01345,0.50956
239,"In this case, They",dua_ctx,0.7,1,44,0.7319,0.0528,0.82404,0.81849,0.31695,0.20157,0.14877,0.1336,0.01894,0.6715
239,"In this case, They",dua_ctx,0.9,1,51,0.90365,0.07283,1.06187,1.0537,0.32614,0.20157,0.12874,0.08584,0.02842,0.94761
239,"In this case, They",dua_ctx,0.99,1,65,0.99067,0.15291,1.71859,1.70335,0.30519,0.20157,0.04865,0.00845,0.04726,1.66288
239,"In this case, They",euc_unemb,0.3,1,14,0.32011,0.03568,0.43769,0.43154,0.07258,0.20157,0.16588,0.19828,0.00923,0.23018
239,"In this case, They",euc_unemb,0.5,1,16,0.53417,0.03603,0.51926,0.51156,0.21013,0.20157,0.16554,0.19663,0.02302,0.29961
239,"In this case, They",euc_unemb,0.7,1,18,0.73755,0.04346,0.59171,0.58229,0.21099,0.20157,0.15811,0.16502,0.04832,0.37838
239,"In this case, They",euc_unemb,0.9,1,21,0.91599,0.07299,0.69594,0.68356,0.22316,0.20157,0.12857,0.08552,0.09479,0.51563
239,"In this case, They",euc_unemb,0.99,1,26,0.99078,0.19893,0.97383,0.95478,0.31624,0.20157,0.00264,2e-05,0.16116,0.81264
239,"In this case, They",cau_unemb,0.3,1,15,0.32575,0.02929,0.44925,0.44512,0.07999,0.20157,0.17227,0.23279,0.00887,0.20759
239,"In this case, They",cau_unemb,0.5,1,17,0.52176,0.02877,0.51556,0.51029,0.21728,0.20157,0.1728,0.23598,0.01427,0.26532
239,"In this case, They",cau_unemb,0.7,1,19,0.71149,0.03286,0.56724,0.56071,0.22513,0.20157,0.16871,0.21258,0.0243,0.33037
239,"In this case, They",cau_unemb,0.9,1,23,0.92662,0.05891,0.65116,0.64169,0.27472,0.20157,0.14266,0.11669,0.05013,0.48434
239,"In this case, They",cau_unemb,0.99,1,29,0.99324,0.16845,0.87977,0.86419,0.29546,0.20157,0.03312,0.00373,0.08397,0.79207
239,"In this case, They",dua_unemb,0.3,1,15,0.35981,0.05069,0.29412,0.28869,0.0688,0.20157,0.15088,0.14005,0.01017,0.1439
239,"In this case, They",dua_unemb,0.5,1,17,0.56943,0.05375,0.33768,0.33078,0.07119,0.20157,0.14781,0.13079,0.02392,0.18296
239,"In this case, They",dua_unemb,0.7,1,19,0.75716,0.06581,0.37616,0.36753,0.0715,0.20157,0.13576,0.10025,0.04794,0.22798
239,"In this case, They",dua_unemb,0.9,1,22,0.9183,0.10424,0.44022,0.42834,0.0724,0.20157,0.09733,0.04108,0.08938,0.30976
239,"In this case, They",dua_unemb,0.99,1,28,0.99282,0.24992,0.70436,0.68294,0.06767,0.20157,0.04835,0.00654,0.14841,0.54941
239,"In this case, They",euc_dmd,0.3,1,13,0.39479,0.02167,0.79728,0.79171,0.29662,0.20157,0.17989,0.28727,0.02751,0.4825
239,"In this case, They",euc_dmd,0.5,1,14,0.51402,0.02107,0.87691,0.87035,0.32118,0.20157,0.1805,0.29249,0.03151,0.5529
239,"In this case, They",euc_dmd,0.7,1,16,0.73424,0.02329,1.02293,1.01424,0.34926,0.20157,0.17827,0.27406,0.04391,0.70496
239,"In this case, They",euc_dmd,0.9,1,19,0.91966,0.03561,1.23032,1.21802,0.35412,0.20157,0.16596,0.19865,0.07131,0.96036
239,"In this case, They",euc_dmd,0.99,1,24,0.99143,0.08692,1.64451,1.62499,0.35274,0.20157,0.11464,0.06241,0.11804,1.46406
239,"In this case, They",cau_dmd,0.3,1,14,0.36858,0.01935,0.87849,0.87609,0.32604,0.20157,0.18222,0.30827,0.04633,0.5239
239,"In this case, They",cau_dmd,0.5,1,16,0.57071,0.01866,1.02803,1.02413,0.34579,0.20157,0.18291,0.31499,0.0438,0.66924
239,"In this case, They",cau_dmd,0.7,1,18,0.74774,0.02083,1.17388,1.16824,0.34798,0.20157,0.18074,0.29458,0.04696,0.83234
239,"In this case, They",cau_dmd,0.9,1,21,0.90472,0.029,1.41435,1.40556,0.34415,0.20157,0.17256,0.23455,0.06258,1.11722
239,"In this case, They",cau_dmd,0.99,1,28,0.99193,0.06375,2.27528,2.25561,0.3101,0.20157,0.13781,0.10489,0.11321,2.05717
239,"In this case, They",dua_dmd,0.3,1,13,0.38911,0.03073,0.47938,0.47461,0.07113,0.20157,0.17084,0.22431,0.02049,0.23459
239,"In this case, They",dua_dmd,0.5,1,14,0.50893,0.03018,0.52454,0.51896,0.07166,0.20157,0.17139,0.2275,0.02575,0.27129
239,"In this case, They",dua_dmd,0.7,1,16,0.73115,0.03375,0.60434,0.59698,0.22062,0.20157,0.16782,0.20791,0.04097,0.35546
239,"In this case, They",dua_dmd,0.9,1,19,0.91815,0.05087,0.72367,0.71318,0.26238,0.20157,0.15069,0.13948,0.06999,0.5142
239,"In this case, They",dua_dmd,0.99,1,24,0.99075,0.1103,1.03802,1.0209,0.32608,0.20157,0.09127,0.03511,0.1128,0.8901
82,"Every day, These kids still",euc_ctx,0.3,1,20,0.33985,0.49224,0.33751,0.34564,0.03126,0.70647,0.21423,0.09439,0.03143,0.21168
82,"Every day, These kids still",euc_ctx,0.5,1,23,0.51182,0.48501,0.43563,0.44292,0.0557,0.70647,0.22145,0.10069,0.05084,0.28409
82,"Every day, These kids still",euc_ctx,0.7,1,27,0.73016,0.50834,0.56287,0.56779,0.05827,0.70647,0.19813,0.08112,0.08303,0.39873
82,"Every day, These kids still",euc_ctx,0.9,1,33,0.91808,0.58451,0.76995,0.76891,0.06167,0.70647,0.12196,0.03189,0.12566,0.61241
82,"Every day, These kids still",euc_ctx,0.99,1,43,0.99165,0.68706,1.26051,1.24562,0.17214,0.70647,0.01941,0.00089,0.17677,1.08285
82,"Every day, These kids still",cau_ctx,0.3,1,35,0.31324,0.46481,0.52348,0.53183,0.05753,0.70647,0.24166,0.11946,0.08988,0.31415
82,"Every day, These kids still",cau_ctx,0.5,1,41,0.5124,0.41946,0.80588,0.81236,0.19294,0.70647,0.28701,0.16811,0.179,0.45878
82,"Every day, These kids still",cau_ctx,0.7,1,47,0.71015,0.39149,1.16287,1.16598,0.21257,0.70647,0.31498,0.20306,0.32213,0.63769
82,"Every day, These kids still",cau_ctx,0.9,1,57,0.91122,0.37145,1.86331,1.8581,0.23722,0.70647,0.33502,0.23066,0.63086,1.00179
82,"Every day, These kids still",cau_ctx,0.99,1,73,0.99056,0.35049,3.07081,3.04859,0.25228,0.70647,0.35598,0.26207,1.12088,1.68785
82,"Every day, These kids still",dua_ctx,0.3,1,22,0.30506,0.53802,0.27852,0.28587,0.02025,0.70647,0.16845,0.05931,0.02284,0.19638
82,"Every day, These kids still",dua_ctx,0.5,1,27,0.51126,0.52484,0.4125,0.41845,0.03101,0.70647,0.18162,0.06856,0.04189,0.30204
82,"Every day, These kids still",dua_ctx,0.7,1,32,0.71201,0.53294,0.56467,0.56786,0.05464,0.70647,0.17353,0.0628,0.06669,0.43518
82,"Every day, These kids still",dua_ctx,0.9,1,40,0.91564,0.57928,0.85172,0.84781,0.062,0.70647,0.12719,0.03457,0.10619,0.71097
82,"Every day, These kids still",dua_ctx,0.99,1,51,0.99101,0.65088,1.3689,1.35092,0.07546,0.70647,0.05559,0.00699,0.1441,1.21781
82,"Every day, These kids still",euc_unemb,0.3,1,9,0.34392,0.53628,0.24658,0.25244,0.02539,0.70647,0.17019,0.06049,0.03948,0.14661
82,"Every day, These kids still",euc_unemb,0.5,1,11,0.60876,0.55032,0.37434,0.37797,0.03128,0.70647,0.15615,0.05126,0.07858,0.24451
82,"Every day, These kids still",euc_unemb,0.7,1,12,0.72899,0.57111,0.46365,0.4653,0.03798,0.70647,0.13536,0.03895,0.11518,0.30952
82,"Every day, These kids still",euc_unemb,0.9,1,15,0.93364,0.64355,0.8558,0.84846,0.20259,0.70647,0.06292,0.00889,0.26533,0.58158
82,"Every day, These kids still",euc_unemb,0.99,1,19,0.99241,0.68531,1.56938,1.546,0.23321,0.70647,0.02116,0.00105,0.46881,1.09952
82,"Every day, These kids still",cau_unemb,0.3,1,10,0.37802,0.50167,0.27863,0.28663,0.04713,0.70647,0.20479,0.08649,0.04806,0.14408
82,"Every day, These kids still",cau_unemb,0.5,1,12,0.61823,0.52131,0.35759,0.36409,0.0267,0.70647,0.18516,0.07116,0.06488,0.22155
82,"Every day, These kids still",cau_unemb,0.7,1,13,0.72546,0.54438,0.40526,0.41036,0.03195,0.70647,0.16209,0.05507,0.07954,0.27065
82,"Every day, These kids still",cau_unemb,0.9,1,16,0.91975,0.62935,0.62698,0.62551,0.03777,0.70647,0.07712,0.01319,0.14317,0.47062
82,"Every day, These kids still",cau_unemb,0.99,1,21,0.99244,0.70209,1.24423,1.22699,0.20182,0.70647,0.00438,5e-05,0.26143,0.98275
82,"Every day, These kids still",dua_unemb,0.3,1,9,0.31815,0.57211,0.18885,0.19432,0.02052,0.70647,0.13436,0.0384,0.02655,0.12389
82,"Every day, These kids still",dua_unemb,0.5,1,11,0.55363,0.58159,0.29974,0.30345,0.02694,0.70647,0.12488,0.03337,0.05599,0.21039
82,"Every day, These kids still",dua_unemb,0.7,1,13,0.76058,0.61302,0.45934,0.45951,0.03799,0.70647,0.09345,0.01911,0.10685,0.33339
82,"Every day, These kids still",dua_unemb,0.9,1,16,0.92917,0.66765,0.79797,0.78991,0.17045,0.70647,0.03882,0.00347,0.20049,0.59401
82,"Every day, These kids still",dua_unemb,0.99,1,21,0.99392,0.70908,1.55954,1.53286,0.20645,0.70647,0.00261,2e-05,0.35029,1.20923
82,"Every day, These kids still",euc_dmd,0.3,1,9,0.40942,0.45743,0.37819,0.38545,0.05746,0.70647,0.24904,0.12675,0.06155,0.1899
82,"Every day, These kids still",euc_dmd,0.5,1,10,0.54922,0.46239,0.43472,0.44106,0.06026,0.70647,0.24408,0.12183,0.07388,0.23901
82,"Every day, These kids still",euc_dmd,0.7,1,12,0.78964,0.51252,0.56614,0.56911,0.04801,0.70647,0.19395,0.07784,0.1294,0.3589
82,"Every day, These kids still",euc_dmd,0.9,1,14,0.92003,0.58977,0.76359,0.76136,0.05075,0.70647,0.1167,0.0293,0.22326,0.51103
82,"Every day, These kids still",euc_dmd,0.99,1,18,0.99063,0.71083,1.35575,1.33959,0.05309,0.70647,0.00436,5e-05,0.43798,0.91772
82,"Every day, These kids still",cau_dmd,0.3,1,10,0.38182,0.43014,0.44571,0.4554,0.063,0.70647,0.27633,0.1558,0.11093,0.17898
82,"Every day, These kids still",cau_dmd,0.5,1,12,0.60986,0.4496,0.4957,0.50419,0.06179,0.70647,0.25687,0.13473,0.10305,0.25791
82,"Every day, These kids still",cau_dmd,0.7,1,13,0.71186,0.47444,0.52513,0.53252,0.06371,0.70647,0.23203,0.1103,0.11084,0.30399
82,"Every day, These kids still",cau_dmd,0.9,1,16,0.90504,0.58032,0.69861,0.70071,0.04991,0.70647,0.12615,0.03402,0.1902,0.47438
82,"Every day, These kids still",cau_dmd,0.99,1,22,0.99241,0.73462,1.42506,1.41063,0.05328,0.70647,0.02815,0.00199,0.43515,0.98793
82,"Every day, These kids still",dua_dmd,0.3,1,9,0.41314,0.50815,0.29505,0.30179,0.03576,0.70647,0.19832,0.08127,0.04513,0.16866
82,"Every day, These kids still",dua_dmd,0.5,1,10,0.54521,0.51081,0.35164,0.35777,0.04347,0.70647,0.19566,0.07917,0.05917,0.2133
82,"Every day, These kids still",dua_dmd,0.7,1,12,0.76659,0.5419,0.47653,0.48032,0.04413,0.70647,0.16457,0.0567,0.09847,0.32136
82,"Every day, These kids still",dua_dmd,0.9,1,15,0.93165,0.61639,0.72919,0.72701,0.04896,0.70647,0.09008,0.0178,0.17874,0.53265
82,"Every day, These kids still",dua_dmd,0.99,1,20,0.99334,0.71441,1.36145,1.34428,0.05158,0.70647,0.00794,0.00015,0.33593,1.02537
118,Farmers always,euc_ctx,0.3,1,25,0.33163,0.35564,0.70023,0.7068,0.15294,0.66919,0.31356,0.20248,0.04078,0.45697
118,Farmers always,euc_ctx,0.5,1,28,0.50933,0.34289,0.8438,0.84894,0.15361,0.66919,0.3263,0.22042,0.05552,0.56786
118,Farmers always,euc_ctx,0.7,1,32,0.73489,0.365,0.99399,0.99631,0.1535,0.66919,0.30419,0.18993,0.07653,0.72753
118,Farmers always,euc_ctx,0.9,1,37,0.90408,0.44191,1.14551,1.14297,0.07788,0.66919,0.22729,0.10469,0.09564,0.94518
118,Farmers always,euc_ctx,0.99,1,47,0.99074,0.62979,1.56663,1.55088,0.06486,0.66919,0.03941,0.00338,0.11356,1.44969
118,Farmers always,cau_ctx,0.3,1,48,0.3126,0.30992,1.06764,1.07318,0.19465,0.66919,0.35928,0.27189,0.09533,0.70042
118,Farmers always,cau_ctx,0.5,1,55,0.52498,0.25498,1.43185,1.43401,0.20447,0.66919,0.41422,0.37713,0.11891,0.93581
118,Farmers always,cau_ctx,0.7,1,61,0.70334,0.22214,1.78636,1.78432,0.20509,0.66919,0.44705,0.45512,0.15737,1.17387
118,Farmers always,cau_ctx,0.9,1,72,0.90643,0.17673,2.55205,2.53955,0.20989,0.66919,0.49246,0.58937,0.26531,1.69736
118,Farmers always,cau_ctx,0.99,1,90,0.99015,0.1118,4.06899,4.03443,0.20748,0.66919,0.55739,0.8707,0.48387,2.71442
118,Farmers always,dua_ctx,0.3,1,28,0.33096,0.4535,0.51134,0.51835,0.05378,0.66919,0.2157,0.0943,0.03367,0.38336
118,Farmers always,dua_ctx,0.5,1,32,0.51211,0.442,0.65551,0.66098,0.06257,0.66919,0.22719,0.1046,0.04503,0.50588
118,Farmers always,dua_ctx,0.7,1,37,0.73025,0.45188,0.84437,0.8467,0.06586,0.66919,0.21732,0.09572,0.05943,0.68922
118,Farmers always,dua_ctx,0.9,1,43,0.90009,0.49492,1.08988,1.08671,0.07169,0.66919,0.17428,0.06189,0.07442,0.95357
118,Farmers always,dua_ctx,0.99,1,54,0.99004,0.60763,1.64619,1.62922,0.06357,0.66919,0.06157,0.00812,0.0973,1.54077
118,Farmers always,euc_unemb,0.3,1,11,0.32448,0.44318,0.37827,0.38355,0.05169,0.66919,0.22601,0.10352,0.06706,0.2077
118,Farmers always,euc_unemb,0.5,1,13,0.5972,0.46062,0.53936,0.54212,0.06309,0.66919,0.20858,0.08822,0.12949,0.32164
118,Farmers always,euc_unemb,0.7,1,14,0.72272,0.48553,0.64373,0.64442,0.07608,0.66919,0.18366,0.06861,0.17894,0.39618
118,Farmers always,euc_unemb,0.9,1,17,0.93414,0.57331,1.08755,1.07885,0.16798,0.66919,0.09589,0.01929,0.35701,0.71125
118,Farmers always,euc_unemb,0.99,1,21,0.99269,0.61589,1.91234,1.88661,0.23314,0.66919,0.05331,0.00613,0.5743,1.33191
118,Farmers always,cau_unemb,0.3,1,12,0.3326,0.41024,0.39329,0.40075,0.06723,0.66919,0.25895,0.13619,0.06908,0.18802
118,Farmers always,cau_unemb,0.5,1,14,0.5792,0.43237,0.48027,0.48612,0.0643,0.66919,0.23682,0.11368,0.09458,0.272
118,Farmers always,cau_unemb,0.7,1,16,0.79077,0.49347,0.58962,0.5922,0.06397,0.66919,0.17572,0.0629,0.13978,0.38694
118,Farmers always,cau_unemb,0.9,1,18,0.91158,0.566,0.76495,0.7626,0.07447,0.66919,0.10319,0.02226,0.19813,0.54456
118,Farmers always,cau_unemb,0.99,1,23,0.99191,0.65932,1.49303,1.47363,0.06915,0.66919,0.00988,0.00022,0.34614,1.14667
118,Farmers always,dua_unemb,0.3,1,12,0.41037,0.50612,0.31821,0.32246,0.05322,0.66919,0.16308,0.05433,0.06063,0.20325
118,Farmers always,dua_unemb,0.5,1,13,0.53389,0.51324,0.39311,0.39604,0.05758,0.66919,0.15596,0.04979,0.08564,0.25768
118,Farmers always,dua_unemb,0.7,1,15,0.75159,0.54179,0.59101,0.58995,0.06717,0.66919,0.12741,0.03356,0.15563,0.40183
118,Farmers always,dua_unemb,0.9,1,18,0.92956,0.59376,1.0062,0.99616,0.16183,0.66919,0.07543,0.01208,0.28075,0.71337
118,Farmers always,dua_unemb,0.99,1,22,0.99062,0.63116,1.72666,1.70085,0.21199,0.66919,0.03803,0.00316,0.43375,1.28975
118,Farmers always,euc_dmd,0.3,1,11,0.42865,0.32421,0.68159,0.6882,0.15188,0.66919,0.34498,0.24864,0.12134,0.31161
118,Farmers always,euc_dmd,0.5,1,12,0.57482,0.3313,0.7663,0.77171,0.15484,0.66919,0.33789,0.23765,0.1532,0.37545
118,Farmers always,euc_dmd,0.7,1,13,0.70839,0.35367,0.84817,0.85197,0.16268,0.66919,0.31552,0.20518,0.19734,0.44565
118,Farmers always,euc_dmd,0.9,1,16,0.93261,0.483,1.14354,1.14007,0.09189,0.66919,0.1862,0.07049,0.37531,0.69774
118,Farmers always,euc_dmd,0.99,1,20,0.99263,0.65085,1.76628,1.74878,0.10074,0.66919,0.01834,0.00075,0.61662,1.14892
118,Farmers always,cau_dmd,0.3,1,12,0.37471,0.28983,0.73677,0.7465,0.19135,0.66919,0.37936,0.30724,0.15451,0.27503
118,Farmers always,cau_dmd,0.5,1,14,0.619,0.30729,0.82993,0.83818,0.1639,0.66919,0.36191,0.27633,0.17915,0.37444
118,Farmers always,cau_dmd,0.7,1,15,0.72659,0.33269,0.87414,0.88123,0.1625,0.66919,0.3365,0.23554,0.20843,0.43018
118,Farmers always,cau_dmd,0.9,1,18,0.91906,0.45676,1.06176,1.06362,0.08776,0.66919,0.21243,0.09149,0.34539,0.62488
118,Farmers always,cau_dmd,0.99,1,23,0.9917,0.66439,1.67484,1.66309,0.09369,0.66919,0.00481,5e-05,0.6071,1.06768
118,Farmers always,dua_dmd,0.3,1,10,0.30278,0.42029,0.38435,0.39181,0.0627,0.66919,0.24891,0.12568,0.06559,0.19308
118,Farmers always,dua_dmd,0.5,1,12,0.57428,0.42047,0.53503,0.54104,0.06826,0.66919,0.24872,0.12549,0.11741,0.29212
118,Farmers always,dua_dmd,0.7,1,14,0.79596,0.45657,0.70681,0.7098,0.07865,0.66919,0.21263,0.09165,0.1924,0.42275
118,Farmers always,dua_dmd,0.9,1,16,0.91507,0.50998,0.91245,0.91106,0.08656,0.66919,0.15922,0.05184,0.27404,0.58656
118,Farmers always,dua_dmd,0.99,1,21,0.99257,0.63503,1.61169,1.59505,0.0926,0.66919,0.03417,0.00255,0.47507,1.13407
121,"Today, People often",euc_ctx,0.3,1,21,0.3401,0.6543,0.22499,0.2332,0.0215,0.66926,0.01496,0.0005,0.01927,0.20523
121,"Today, People often",euc_ctx,0.5,1,24,0.50914,0.65705,0.3356,0.3427,0.03392,0.66926,0.0122,0.00033,0.02804,0.30722
121,"Today, People often",euc_ctx,0.7,1,28,0.72501,0.67344,0.5285,0.5325,0.03921,0.66926,0.00418,4e-05,0.04243,0.48603
121,"Today, People often",euc_ctx,0.9,1,34,0.91445,0.71162,0.89771,0.89423,0.12711,0.66926,0.04236,0.00426,0.06179,0.83166
121,"Today, People often",euc_ctx,0.99,1,44,0.99101,0.76206,1.63557,1.61625,0.1349,0.66926,0.09281,0.02201,0.08697,1.52659
121,"Today, People often",cau_ctx,0.3,1,41,0.32004,0.70532,0.40393,0.41166,0.05193,0.66926,0.03606,0.00306,0.0589,0.34197
121,"Today, People often",cau_ctx,0.5,1,48,0.51883,0.68977,0.6124,0.61816,0.03521,0.66926,0.02052,0.00097,0.07536,0.53606
121,"Today, People often",cau_ctx,0.7,1,55,0.71319,0.67712,0.89395,0.896,0.0632,0.66926,0.00786,0.00014,0.10929,0.78452
121,"Today, People often",cau_ctx,0.9,1,66,0.9039,0.66196,1.46902,1.46238,0.13189,0.66926,0.0073,0.00012,0.20374,1.26516
121,"Today, People often",cau_ctx,0.99,1,85,0.99006,0.62015,2.69978,2.67367,0.15544,0.66926,0.04911,0.00522,0.43742,2.25715
121,"Today, People often",dua_ctx,0.3,1,23,0.30484,0.65868,0.21097,0.21905,0.02046,0.66926,0.01058,0.00025,0.01433,0.19639
121,"Today, People often",dua_ctx,0.5,1,29,0.53134,0.66026,0.38753,0.3938,0.02631,0.66926,0.009,0.00018,0.02592,0.36143
121,"Today, People often",dua_ctx,0.7,1,34,0.71526,0.66894,0.58982,0.59293,0.03709,0.66926,0.00032,-0.0,0.04091,0.54891
121,"Today, People often",dua_ctx,0.9,1,42,0.91328,0.69755,1.02812,1.02295,0.13,0.66926,0.02829,0.00186,0.07328,0.95297
121,"Today, People often",dua_ctx,0.99,1,53,0.99105,0.74363,1.8132,1.79171,0.13581,0.66926,0.07437,0.01372,0.11499,1.68449
121,"Today, People often",euc_unemb,0.3,1,9,0.37182,0.57759,0.18204,0.18841,0.02032,0.66926,0.09167,0.01767,0.03064,0.13373
121,"Today, People often",euc_unemb,0.5,1,10,0.50979,0.58464,0.25466,0.26004,0.02369,0.66926,0.08462,0.01512,0.0479,0.19163
121,"Today, People often",euc_unemb,0.7,1,12,0.76279,0.61228,0.48399,0.48531,0.05311,0.66926,0.05698,0.00698,0.11117,0.36584
121,"Today, People often",euc_unemb,0.9,1,14,0.90875,0.63837,0.81955,0.81446,0.06164,0.66926,0.03088,0.00209,0.19857,0.61889
121,"Today, People often",euc_unemb,0.99,1,19,0.9941,0.65363,1.84951,1.82387,0.07767,0.66926,0.01563,0.00054,0.40344,1.44552
121,"Today, People often",cau_unemb,0.3,1,10,0.38756,0.55958,0.19476,0.20298,0.11057,0.66926,0.10968,0.02507,0.0287,0.14099
121,"Today, People often",cau_unemb,0.5,1,11,0.51272,0.56843,0.24986,0.25741,0.02427,0.66926,0.10083,0.02128,0.03869,0.18989
121,"Today, People often",cau_unemb,0.7,1,13,0.74393,0.60195,0.41563,0.4202,0.02999,0.66926,0.06731,0.00967,0.07703,0.32892
121,"Today, People often",cau_unemb,0.9,1,16,0.92992,0.65223,0.81363,0.8103,0.05661,0.66926,0.01703,0.00064,0.16475,0.64823
121,"Today, People often",cau_unemb,0.99,1,20,0.99004,0.67624,1.49267,1.47564,0.06529,0.66926,0.00698,0.00011,0.27713,1.21543
121,"Today, People often",dua_unemb,0.3,1,9,0.3504,0.5957,0.15768,0.16364,0.01987,0.66926,0.07356,0.0115,0.02229,0.12389
121,"Today, People often",dua_unemb,0.5,1,11,0.60295,0.60776,0.30212,0.30599,0.0262,0.66926,0.0615,0.00811,0.05382,0.24019
121,"Today, People often",dua_unemb,0.7,1,12,0.71662,0.61911,0.40408,0.4061,0.02989,0.66926,0.05015,0.00543,0.07836,0.32028
121,"Today, People often",dua_unemb,0.9,1,15,0.92296,0.65433,0.82673,0.82038,0.06418,0.66926,0.01493,0.0005,0.1711,0.65513
121,"Today, People often",dua_unemb,0.99,1,19,0.99051,0.67241,1.56675,1.54503,0.06462,0.66926,0.00315,2e-05,0.29335,1.27338
121,"Today, People often",euc_dmd,0.3,1,9,0.35549,0.55594,0.2372,0.24588,0.03735,0.66926,0.11332,0.02671,0.05064,0.15985
121,"Today, People often",euc_dmd,0.5,1,11,0.62465,0.56793,0.42197,0.42857,0.05362,0.66926,0.10133,0.02148,0.10036,0.30012
121,"Today, People often",euc_dmd,0.7,1,12,0.74289,0.58108,0.55574,0.56031,0.07157,0.66926,0.08818,0.01639,0.14172,0.39763
121,"Today, People often",euc_dmd,0.9,1,15,0.93778,0.61779,1.10581,1.10126,0.14437,0.66926,0.05147,0.00572,0.30769,0.7924
121,"Today, People often",euc_dmd,0.99,1,19,0.99264,0.63268,2.0063,1.98621,0.1604,0.66926,0.03658,0.00292,0.54455,1.45883
121,"Today, People often",cau_dmd,0.3,1,10,0.30172,0.53001,0.2784,0.28935,0.05011,0.66926,0.13925,0.03991,0.07298,0.16551
121,"Today, People often",cau_dmd,0.5,1,12,0.5202,0.53445,0.40427,0.41449,0.06887,0.66926,0.13481,0.03746,0.09591,0.27089
121,"Today, People often",cau_dmd,0.7,1,14,0.72957,0.55852,0.59446,0.6022,0.08096,0.66926,0.11074,0.02554,0.14792,0.421
121,"Today, People often",cau_dmd,0.9,1,17,0.91246,0.60119,1.02155,1.02267,0.18339,0.66926,0.06807,0.00989,0.27675,0.73491
121,"Today, People often",cau_dmd,0.99,1,23,0.99327,0.63296,2.15901,2.14192,0.20294,0.66926,0.0363,0.00288,0.58683,1.5693
121,"Today, People often",dua_dmd,0.3,1,9,0.34408,0.57473,0.21032,0.21859,0.02822,0.66926,0.09453,0.01876,0.03885,0.15271
121,"Today, People often",dua_dmd,0.5,1,11,0.5836,0.57937,0.36804,0.37497,0.03574,0.66926,0.08989,0.01701,0.07488,0.27615
121,"Today, People often",dua_dmd,0.7,1,13,0.78128,0.59919,0.5868,0.59065,0.05532,0.66926,0.07007,0.01046,0.12996,0.44638
121,"Today, People often",dua_dmd,0.9,1,15,0.90108,0.62337,0.86898,0.86817,0.07744,0.66926,0.04589,0.00457,0.19918,0.66523
121,"Today, People often",dua_dmd,0.99,1,20,0.99083,0.65766,1.80157,1.78413,0.08795,0.66926,0.01159,0.0003,0.40475,1.39652
33,"Lately, Most doctors now",euc_ctx,0.3,1,15,0.34625,0.28172,0.24771,0.25401,0.03564,0.31076,0.02904,0.00204,0.00707,0.2386
33,"Lately, Most doctors now",euc_ctx,0.5,1,18,0.50847,0.29168,0.38858,0.39468,0.04258,0.31076,0.01908,0.00087,0.01087,0.37684
33,"Lately, Most doctors now",euc_ctx,0.7,1,22,0.71636,0.3216,0.64459,0.64926,0.23409,0.31076,0.01084,0.00027,0.01709,0.62723
33,"Lately, Most doctors now",euc_ctx,0.9,1,28,0.90595,0.38767,1.18422,1.18439,0.33855,0.31076,0.07691,0.01283,0.02665,1.14473
33,"Lately, Most doctors now",euc_ctx,0.99,1,39,0.99113,0.48714,2.5302,2.51759,0.36708,0.31076,0.17638,0.06404,0.04229,2.42387
33,"Lately, Most doctors now",cau_ctx,0.3,1,28,0.31632,0.24824,0.29854,0.30532,0.0395,0.31076,0.06252,0.00996,0.01106,0.27752
33,"Lately, Most doctors now",cau_ctx,0.5,1,35,0.50996,0.24755,0.50145,0.508,0.04656,0.31076,0.06321,0.01019,0.01877,0.47249
33,"Lately, Most doctors now",cau_ctx,0.7,1,42,0.70131,0.25761,0.78293,0.78804,0.07435,0.31076,0.05315,0.00709,0.03166,0.74419
33,"Lately, Most doctors now",cau_ctx,0.9,1,54,0.90518,0.2805,1.47776,1.47751,0.2868,0.31076,0.03026,0.00222,0.06615,1.40939
33,"Lately, Most doctors now",cau_ctx,0.99,1,74,0.99025,0.26563,3.13745,3.12228,0.32688,0.31076,0.04513,0.00505,0.14492,2.98748
33,"Lately, Most doctors now",dua_ctx,0.3,1,16,0.30219,0.27647,0.17972,0.18529,0.03138,0.31076,0.03429,0.00287,0.0054,0.17145
33,"Lately, Most doctors now",dua_ctx,0.5,1,22,0.53933,0.28095,0.37226,0.37746,0.04256,0.31076,0.02981,0.00215,0.01117,0.35894
33,"Lately, Most doctors now",dua_ctx,0.7,1,27,0.7225,0.29502,0.60365,0.60738,0.08139,0.31076,0.01574,0.00059,0.01812,0.58494
33,"Lately, Most doctors now",dua_ctx,0.9,1,35,0.90798,0.33149,1.14342,1.1426,0.27729,0.31076,0.02073,0.00098,0.0326,1.10984
33,"Lately, Most doctors now",dua_ctx,0.99,1,48,0.99165,0.39734,2.5156,2.50207,0.32266,0.31076,0.08658,0.01614,0.05915,2.44031
33,"Lately, Most doctors now",euc_unemb,0.3,1,7,0.41429,0.27896,0.16473,0.16781,0.01534,0.31076,0.0318,0.00246,0.00854,0.15373
33,"Lately, Most doctors now",euc_unemb,0.5,1,8,0.54409,0.29445,0.24617,0.24862,0.05007,0.31076,0.01631,0.00063,0.0134,0.23213
33,"Lately, Most doctors now",euc_unemb,0.7,1,10,0.7731,0.3414,0.51119,0.51085,0.17701,0.31076,0.03064,0.00212,0.02819,0.48088
33,"Lately, Most doctors now",euc_unemb,0.9,1,12,0.9071,0.38888,0.93331,0.92808,0.27968,0.31076,0.07812,0.01323,0.0461,0.87398
33,"Lately, Most doctors now",euc_unemb,0.99,1,17,0.9928,0.43183,2.43978,2.41687,0.33615,0.31076,0.12107,0.03089,0.08982,2.31906
33,"Lately, Most doctors now",cau_unemb,0.3,1,7,0.35183,0.25909,0.15487,0.15973,0.04988,0.31076,0.05167,0.00669,0.00538,0.1428
33,"Lately, Most doctors now",cau_unemb,0.5,1,9,0.58714,0.28353,0.29404,0.29839,0.19573,0.31076,0.02723,0.00179,0.01034,0.2819
33,"Lately, Most doctors now",cau_unemb,0.7,1,11,0.78841,0.33113,0.52242,0.52476,0.24689,0.31076,0.02037,0.00095,0.01776,0.50372
33,"Lately, Most doctors now",cau_unemb,0.9,1,13,0.90708,0.38553,0.86302,0.86178,0.28352,0.31076,0.07477,0.01215,0.02577,0.82511
33,"Lately, Most doctors now",cau_unemb,0.99,1,18,0.99085,0.46574,2.09347,2.07871,0.32243,0.31076,0.15498,0.04982,0.04415,1.99951
33,"Lately, Most doctors now",dua_unemb,0.3,1,7,0.38876,0.27787,0.1378,0.14057,0.01137,0.31076,0.03289,0.00263,0.00748,0.12768
33,"Lately, Most doctors now",dua_unemb,0.5,1,8,0.50742,0.28675,0.20253,0.20472,0.01373,0.31076,0.02401,0.00139,0.01128,0.18986
33,"Lately, Most doctors now",dua_unemb,0.7,1,10,0.7259,0.31564,0.39842,0.39831,0.05605,0.31076,0.00488,6e-05,0.02268,0.37569
33,"Lately, Most doctors now",dua_unemb,0.9,1,13,0.91602,0.36721,0.89516,0.88874,0.25831,0.31076,0.05645,0.00703,0.04416,0.84397
33,"Lately, Most doctors now",dua_unemb,0.99,1,18,0.9925,0.41397,2.2418,2.21909,0.33214,0.31076,0.10321,0.02269,0.07749,2.14162
33,"Lately, Most doctors now",euc_dmd,0.3,1,6,0.3376,0.26326,0.13908,0.14431,0.01541,0.31076,0.0475,0.00561,0.00974,0.12373
33,"Lately, Most doctors now",euc_dmd,0.5,1,8,0.60505,0.2959,0.29536,0.30013,0.01559,0.31076,0.01486,0.00052,0.01955,0.27529
33,"Lately, Most doctors now",euc_dmd,0.7,1,9,0.72634,0.32496,0.41712,0.4209,0.04769,0.31076,0.0142,0.00046,0.02679,0.38986
33,"Lately, Most doctors now",euc_dmd,0.9,1,12,0.93222,0.42668,1.00662,1.00437,0.29617,0.31076,0.11592,0.02841,0.05305,0.92516
33,"Lately, Most doctors now",euc_dmd,0.99,1,16,0.99187,0.50808,2.17769,2.16275,0.33809,0.31076,0.19732,0.07969,0.08707,2.01094
33,"Lately, Most doctors now",cau_dmd,0.3,1,7,0.37279,0.23765,0.18737,0.19435,0.01701,0.31076,0.07311,0.01387,0.01275,0.16075
33,"Lately, Most doctors now",cau_dmd,0.5,1,9,0.61101,0.25959,0.33841,0.3453,0.02414,0.31076,0.05117,0.00655,0.01775,0.31411
33,"Lately, Most doctors now",cau_dmd,0.7,1,10,0.71801,0.27951,0.44696,0.45323,0.15918,0.31076,0.03125,0.00237,0.02274,0.42185
33,"Lately, Most doctors now",cau_dmd,0.9,1,13,0.91463,0.35166,0.94416,0.94621,0.27481,0.31076,0.0409,0.00374,0.04538,0.89504
33,"Lately, Most doctors now",cau_dmd,0.99,1,18,0.99118,0.41344,2.23458,2.22403,0.33312,0.31076,0.10268,0.02246,0.08675,2.12537
33,"Lately, Most doctors now",dua_dmd,0.3,1,6,0.33119,0.26369,0.11507,0.11978,0.0135,0.31076,0.04707,0.00551,0.00867,0.10089
33,"Lately, Most doctors now",dua_dmd,0.5,1,8,0.5863,0.28242,0.23995,0.24429,0.01599,0.31076,0.02834,0.00194,0.01745,0.22055
33,"Lately, Most doctors now",dua_dmd,0.7,1,9,0.70268,0.30014,0.33109,0.3347,0.02253,0.31076,0.01062,0.00027,0.0233,0.30752
33,"Lately, Most doctors now",dua_dmd,0.9,1,12,0.91371,0.36702,0.75263,0.75186,0.201,0.31076,0.05626,0.00698,0.0428,0.70285
33,"Lately, Most doctors now",dua_dmd,0.99,1,17,0.99258,0.44718,1.97057,1.95656,0.32043,0.31076,0.13641,0.03892,0.07295,1.85871
221,"Over time, Parents just",euc_ctx,0.3,1,24,0.33147,0.22029,0.59172,0.59561,0.24447,0.53738,0.31709,0.23773,0.03777,0.31622
221,"Over time, Parents just",euc_ctx,0.5,1,28,0.55109,0.21696,0.73416,0.7367,0.26132,0.53738,0.32042,0.24393,0.0632,0.42703
221,"Over time, Parents just",euc_ctx,0.7,1,31,0.70758,0.23318,0.82324,0.82431,0.28003,0.53738,0.3042,0.21488,0.08675,0.52162
221,"Over time, Parents just",euc_ctx,0.9,1,37,0.90344,0.30568,0.99513,0.99197,0.28673,0.53738,0.2317,0.11534,0.13459,0.74521
221,"Over time, Parents just",euc_ctx,0.99,1,48,0.99091,0.47481,1.50339,1.48831,0.11507,0.53738,0.06257,0.00784,0.19006,1.30549
221,"Over time, Parents just",cau_ctx,0.3,1,44,0.31336,0.2922,0.75492,0.76362,0.10263,0.53738,0.24519,0.13068,0.12283,0.5014
221,"Over time, Parents just",cau_ctx,0.5,1,51,0.50982,0.26828,1.02328,1.0303,0.25494,0.53738,0.2691,0.16119,0.15104,0.71105
221,"Over time, Parents just",cau_ctx,0.7,1,58,0.70113,0.25264,1.33874,1.34261,0.26368,0.53738,0.28475,0.1837,0.17125,0.9838
221,"Over time, Parents just",cau_ctx,0.9,1,70,0.9022,0.21769,2.05987,2.05484,0.26919,0.53738,0.31969,0.24256,0.19723,1.62008
221,"Over time, Parents just",cau_ctx,0.99,1,92,0.99053,0.11722,3.9569,3.92784,0.27211,0.53738,0.42017,0.51933,0.27239,3.16518
221,"Over time, Parents just",dua_ctx,0.3,1,27,0.30081,0.32875,0.35625,0.35911,0.06273,0.53738,0.20863,0.09187,0.0257,0.23868
221,"Over time, Parents just",dua_ctx,0.5,1,32,0.50197,0.32349,0.4717,0.47295,0.06541,0.53738,0.2139,0.09693,0.03883,0.33593
221,"Over time, Parents just",dua_ctx,0.7,1,37,0.70025,0.33822,0.59553,0.5944,0.06722,0.53738,0.19916,0.08318,0.05745,0.4549
221,"Over time, Parents just",dua_ctx,0.9,1,45,0.90492,0.39611,0.83776,0.83112,0.10038,0.53738,0.14128,0.04063,0.09359,0.70354
221,"Over time, Parents just",dua_ctx,0.99,1,58,0.99169,0.52122,1.44039,1.42048,0.11005,0.53738,0.01616,0.00052,0.13892,1.30095
221,"Over time, Parents just",euc_unemb,0.3,1,11,0.34866,0.24029,0.67354,0.67216,0.26289,0.53738,0.29709,0.20304,0.04399,0.4265
221,"Over time, Parents just",euc_unemb,0.5,1,13,0.59435,0.23843,0.88214,0.87776,0.3282,0.53738,0.29895,0.20609,0.08091,0.59514
221,"Over time, Parents just",euc_unemb,0.7,1,14,0.70783,0.24942,0.99125,0.98492,0.33325,0.53738,0.28796,0.18859,0.10933,0.69332
221,"Over time, Parents just",euc_unemb,0.9,1,17,0.91613,0.31088,1.38222,1.36816,0.36387,0.53738,0.2265,0.10975,0.21511,1.05736
221,"Over time, Parents just",euc_unemb,0.99,1,22,0.99253,0.3899,2.36701,2.33489,0.30118,0.53738,0.14749,0.04439,0.40582,1.9168
221,"Over time, Parents just",cau_unemb,0.3,1,12,0.36162,0.20305,0.80117,0.80172,0.31147,0.53738,0.33434,0.27141,0.05142,0.47834
221,"Over time, Parents just",cau_unemb,0.5,1,14,0.5844,0.19991,0.97714,0.97538,0.32416,0.53738,0.33748,0.27796,0.06624,0.63294
221,"Over time, Parents just",cau_unemb,0.7,1,16,0.77581,0.22215,1.13615,1.13131,0.33301,0.53738,0.31524,0.23432,0.09221,0.80963
221,"Over time, Parents just",cau_unemb,0.9,1,19,0.92926,0.28622,1.41439,1.40337,0.3374,0.53738,0.25117,0.1379,0.14932,1.12716
221,"Over time, Parents just",cau_unemb,0.99,1,24,0.99147,0.38475,2.14666,2.12158,0.29954,0.53738,0.15263,0.04764,0.2679,1.83112
221,"Over time, Parents just",dua_unemb,0.3,1,12,0.37241,0.37766,0.41882,0.41745,0.07565,0.53738,0.15972,0.05234,0.04103,0.32545
221,"Over time, Parents just",dua_unemb,0.5,1,14,0.57444,0.38618,0.59293,0.58839,0.08989,0.53738,0.1512,0.04672,0.06495,0.48126
221,"Over time, Parents just",dua_unemb,0.7,1,16,0.75213,0.40722,0.81515,0.8063,0.09787,0.53738,0.13016,0.03435,0.10158,0.67921
221,"Over time, Parents just",dua_unemb,0.9,1,19,0.91474,0.44907,1.24311,1.22594,0.10936,0.53738,0.08831,0.01565,0.17178,1.05568
221,"Over time, Parents just",dua_unemb,0.99,1,24,0.99056,0.50622,2.1755,2.14076,0.11509,0.53738,0.03117,0.00195,0.30795,1.8656
221,"Over time, Parents just",euc_dmd,0.3,1,10,0.34234,0.15404,1.04637,1.0479,0.35361,0.53738,0.38334,0.39223,0.12316,0.53098
221,"Over time, Parents just",euc_dmd,0.5,1,12,0.60254,0.1447,1.34068,1.3395,0.38797,0.53738,0.39269,0.42079,0.19064,0.72926
221,"Over time, Parents just",euc_dmd,0.7,1,13,0.72003,0.15109,1.47306,1.47018,0.39832,0.53738,0.38629,0.401,0.23373,0.83832
221,"Over time, Parents just",euc_dmd,0.9,1,16,0.92459,0.20137,1.8758,1.86644,0.39913,0.53738,0.33601,0.27488,0.38701,1.21391
221,"Over time, Parents just",euc_dmd,0.99,1,21,0.99358,0.29956,2.83777,2.81295,0.35486,0.53738,0.23782,0.12215,0.67059,2.04503
221,"Over time, Parents just",cau_dmd,0.3,1,11,0.34308,0.13123,1.25714,1.26212,0.37658,0.53738,0.40615,0.46606,0.16638,0.62471
221,"Over time, Parents just",cau_dmd,0.5,1,13,0.57146,0.12154,1.52474,1.52797,0.39166,0.53738,0.41584,0.50214,0.20732,0.81528
221,"Over time, Parents just",cau_dmd,0.7,1,15,0.76982,0.13242,1.74447,1.74539,0.40181,0.53738,0.40496,0.46183,0.26054,1.0221
221,"Over time, Parents just",cau_dmd,0.9,1,18,0.92821,0.17639,2.07618,2.07248,0.40422,0.53738,0.36099,0.33182,0.3733,1.37107
221,"Over time, Parents just",cau_dmd,0.99,1,23,0.99155,0.2676,2.86497,2.85019,0.36824,0.53738,0.26978,0.16213,0.60607,2.09677
221,"Over time, Parents just",dua_dmd,0.3,1,10,0.30521,0.29187,0.5244,0.5276,0.25547,0.53738,0.24551,0.13107,0.03895,0.35439
221,"Over time, Parents just",dua_dmd,0.5,1,12,0.54338,0.27809,0.75247,0.75353,0.28189,0.53738,0.25929,0.14814,0.06384,0.54049
221,"Over time, Parents just",dua_dmd,0.7,1,14,0.75733,0.2871,1.01398,1.01175,0.29219,0.53738,0.25029,0.13682,0.1054,0.77175
221,"Over time, Parents just",dua_dmd,0.9,1,17,0.92676,0.32658,1.4634,1.45457,0.2474,0.53738,0.2108,0.09394,0.18833,1.18114
221,"Over time, Parents just",dua_dmd,0.99,1,22,0.99184,0.40329,2.3703,2.34731,0.25479,0.53738,0.13409,0.03651,0.35141,1.98239
138,"Honestly, People generally",euc_ctx,0.3,1,16,0.30056,0.4226,0.241,0.24677,0.01677,0.51695,0.09435,0.01799,0.01327,0.20974
138,"Honestly, People generally",euc_ctx,0.5,1,20,0.54641,0.43184,0.40464,0.40917,0.02886,0.51695,0.08511,0.0146,0.02068,0.36936
138,"Honestly, People generally",euc_ctx,0.7,1,23,0.72269,0.45987,0.56333,0.56577,0.1537,0.51695,0.05708,0.00653,0.02679,0.53001
138,"Honestly, People generally",euc_ctx,0.9,1,28,0.90386,0.52675,0.91225,0.90917,0.2362,0.51695,0.0098,0.00019,0.03419,0.87787
138,"Honestly, People generally",euc_ctx,0.99,1,38,0.99178,0.62657,1.87547,1.8569,0.2626,0.51695,0.10963,0.02492,0.04056,1.81
138,"Honestly, People generally",cau_ctx,0.3,1,31,0.32726,0.4993,0.43893,0.44742,0.20116,0.51695,0.01765,0.00062,0.03907,0.39924
138,"Honestly, People generally",cau_ctx,0.5,1,37,0.52277,0.47033,0.71937,0.72614,0.25205,0.51695,0.04662,0.00435,0.04559,0.66944
138,"Honestly, People generally",cau_ctx,0.7,1,43,0.71082,0.43397,1.10711,1.11033,0.27414,0.51695,0.08298,0.01388,0.05812,1.03511
138,"Honestly, People generally",cau_ctx,0.9,1,53,0.90378,0.35999,1.95753,1.95156,0.28194,0.51695,0.15696,0.05115,0.09218,1.8142
138,"Honestly, People generally",cau_ctx,0.99,1,71,0.99043,0.21784,3.86772,3.83975,0.2945,0.51695,0.29911,0.21393,0.17564,3.47814
138,"Honestly, People generally",dua_ctx,0.3,1,19,0.33303,0.43683,0.22521,0.23045,0.02654,0.51695,0.08011,0.01292,0.01324,0.19905
138,"Honestly, People generally",dua_ctx,0.5,1,23,0.50808,0.43966,0.33062,0.33476,0.01792,0.51695,0.07728,0.01202,0.01862,0.29998
138,"Honestly, People generally",dua_ctx,0.7,1,28,0.71291,0.46148,0.49148,0.493,0.02833,0.51695,0.05547,0.00617,0.02544,0.45988
138,"Honestly, People generally",dua_ctx,0.9,1,36,0.91415,0.52694,0.85756,0.85207,0.19151,0.51695,0.00999,0.0002,0.03915,0.81821
138,"Honestly, People generally",dua_ctx,0.99,1,47,0.99093,0.61849,1.70301,1.68277,0.26451,0.51695,0.10154,0.02128,0.06316,1.61857
138,"Honestly, People generally",euc_unemb,0.3,1,7,0.30884,0.42305,0.22809,0.23173,0.0589,0.51695,0.09389,0.01782,0.0313,0.17898
138,"Honestly, People generally",euc_unemb,0.5,1,9,0.59345,0.43552,0.44254,0.44362,0.16711,0.51695,0.08143,0.01336,0.05255,0.37663
138,"Honestly, People generally",euc_unemb,0.7,1,10,0.7246,0.45047,0.60211,0.60083,0.21589,0.51695,0.06648,0.00887,0.07178,0.52146
138,"Honestly, People generally",euc_unemb,0.9,1,13,0.93831,0.49014,1.29383,1.28188,0.28077,0.51695,0.02681,0.00144,0.15493,1.13747
138,"Honestly, People generally",euc_unemb,0.99,1,17,0.9935,0.49504,2.47925,2.44907,0.31026,0.51695,0.0219,0.00096,0.27434,2.20396
138,"Honestly, People generally",cau_unemb,0.3,1,8,0.35703,0.40472,0.30052,0.30588,0.06546,0.51695,0.11223,0.02561,0.04023,0.23468
138,"Honestly, People generally",cau_unemb,0.5,1,10,0.6175,0.42068,0.49962,0.50289,0.21647,0.51695,0.09626,0.01874,0.05322,0.42767
138,"Honestly, People generally",cau_unemb,0.7,1,11,0.73239,0.43784,0.63329,0.63468,0.23933,0.51695,0.0791,0.0126,0.06362,0.55707
138,"Honestly, People generally",cau_unemb,0.9,1,14,0.92866,0.4919,1.18942,1.18244,0.28517,0.51695,0.02505,0.00126,0.11022,1.07794
138,"Honestly, People generally",cau_unemb,0.99,1,19,0.99386,0.52111,2.43198,2.40637,0.30549,0.51695,0.00416,3e-05,0.19767,2.23428
138,"Honestly, People generally",dua_unemb,0.3,1,8,0.40441,0.43234,0.22288,0.22536,0.06288,0.51695,0.08461,0.01443,0.02635,0.1821
138,"Honestly, People generally",dua_unemb,0.5,1,9,0.53235,0.43785,0.30288,0.30413,0.053,0.51695,0.07909,0.01259,0.03768,0.2526
138,"Honestly, People generally",dua_unemb,0.7,1,11,0.75498,0.46138,0.52348,0.52077,0.16799,0.51695,0.05557,0.00619,0.07139,0.4459
138,"Honestly, People generally",dua_unemb,0.9,1,14,0.93194,0.5024,1.03563,1.02366,0.25268,0.51695,0.01455,0.00042,0.13552,0.89969
138,"Honestly, People generally",dua_unemb,0.99,1,18,0.99119,0.52525,2.0479,2.01925,0.30876,0.51695,0.0083,0.00014,0.22555,1.82222
138,"Honestly, People generally",euc_dmd,0.3,1,7,0.35372,0.40053,0.37986,0.38613,0.0574,0.51695,0.11642,0.0276,0.03876,0.31351
138,"Honestly, People generally",euc_dmd,0.5,1,8,0.50269,0.39577,0.5187,0.5239,0.15453,0.51695,0.12118,0.02996,0.0443,0.44444
138,"Honestly, People generally",euc_dmd,0.7,1,10,0.77288,0.40652,0.89958,0.9004,0.24574,0.51695,0.11043,0.02478,0.074,0.8008
138,"Honestly, People generally",euc_dmd,0.9,1,12,0.91836,0.42449,1.42129,1.41529,0.2661,0.51695,0.09246,0.01727,0.13229,1.27173
138,"Honestly, People generally",euc_dmd,0.99,1,16,0.9915,0.42874,2.70489,2.68168,0.27613,0.51695,0.08821,0.0157,0.27193,2.41725
138,"Honestly, People generally",cau_dmd,0.3,1,8,0.38311,0.37719,0.56138,0.57031,0.16941,0.51695,0.13975,0.04018,0.05324,0.46795
138,"Honestly, People generally",cau_dmd,0.5,1,9,0.5155,0.36931,0.71166,0.71974,0.25097,0.51695,0.14764,0.04503,0.05277,0.61386
138,"Honestly, People generally",cau_dmd,0.7,1,11,0.7545,0.37208,1.0866,1.09134,0.2601,0.51695,0.14487,0.04329,0.0702,0.97311
138,"Honestly, People generally",cau_dmd,0.9,1,14,0.93573,0.39158,1.83783,1.83429,0.26872,0.51695,0.12537,0.03212,0.14628,1.65942
138,"Honestly, People generally",cau_dmd,0.99,1,18,0.99098,0.39311,3.04735,3.0297,0.27684,0.51695,0.12383,0.03132,0.26959,2.74643
138,"Honestly, People generally",dua_dmd,0.3,1,7,0.34956,0.4071,0.27745,0.28321,0.03679,0.51695,0.10985,0.02451,0.02634,0.22661
138,"Honestly, People generally",dua_dmd,0.5,1,9,0.6227,0.40899,0.51375,0.51768,0.15098,0.51695,0.10796,0.02366,0.04641,0.44368
138,"Honestly, People generally",dua_dmd,0.7,1,10,0.73758,0.41881,0.66926,0.67149,0.1907,0.51695,0.09813,0.01949,0.06114,0.58864
138,"Honestly, People generally",dua_dmd,0.9,1,13,0.92982,0.45925,1.3044,1.29883,0.26185,0.51695,0.05769,0.00667,0.12077,1.17695
138,"Honestly, People generally",dua_dmd,0.99,1,17,0.99072,0.49347,2.44794,2.42754,0.27209,0.51695,0.02347,0.0011,0.21931,2.22752
296,"At home, Both of them",euc_ctx,0.3,1,13,0.31879,0.10892,0.28519,0.28739,0.27082,0.19662,0.0877,0.0329,0.00337,0.24892
296,"At home, Both of them",euc_ctx,0.5,1,17,0.54508,0.10629,0.45785,0.45936,0.22054,0.19662,0.09033,0.03534,0.0065,0.41601
296,"At home, Both of them",euc_ctx,0.7,1,20,0.70793,0.11532,0.60262,0.60321,0.28069,0.19662,0.0813,0.02746,0.00932,0.56583
296,"At home, Both of them",euc_ctx,0.9,1,26,0.9082,0.16091,0.9453,0.94299,0.28758,0.19662,0.03571,0.00447,0.01437,0.92646
296,"At home, Both of them",euc_ctx,0.99,1,36,0.99028,0.29062,1.75476,1.74461,0.31095,0.19662,0.094,0.02314,0.02133,1.71029
296,"At home, Both of them",cau_ctx,0.3,1,24,0.31538,0.13375,0.42496,0.42986,0.28983,0.19662,0.06287,0.01523,0.00992,0.39981
296,"At home, Both of them",cau_ctx,0.5,1,30,0.50059,0.12883,0.67762,0.6819,0.31707,0.19662,0.06779,0.01804,0.01885,0.64074
296,"At home, Both of them",cau_ctx,0.7,1,37,0.71479,0.13296,1.07028,1.07256,0.28609,0.19662,0.06366,0.01566,0.03842,1.0162
296,"At home, Both of them",cau_ctx,0.9,1,47,0.90411,0.14654,1.84444,1.8413,0.32135,0.19662,0.05008,0.00922,0.08003,1.75518
296,"At home, Both of them",cau_ctx,0.99,1,65,0.99062,0.14785,3.77319,3.75427,0.34564,0.19662,0.04877,0.0087,0.17046,3.59402
296,"At home, Both of them",dua_ctx,0.3,1,14,0.30455,0.1142,0.14382,0.14491,0.21898,0.19662,0.08242,0.02837,0.00296,0.11249
296,"At home, Both of them",dua_ctx,0.5,1,18,0.50168,0.11146,0.22433,0.22478,0.22514,0.19662,0.08516,0.03066,0.00505,0.18862
296,"At home, Both of them",dua_ctx,0.7,1,23,0.73836,0.12558,0.34597,0.34497,0.28981,0.19662,0.07104,0.02008,0.00917,0.31672
296,"At home, Both of them",dua_ctx,0.9,1,29,0.90644,0.16633,0.54577,0.54207,0.29373,0.19662,0.03029,0.00316,0.01562,0.52699
296,"At home, Both of them",dua_ctx,0.99,1,41,0.99158,0.29264,1.22786,1.21565,0.2829,0.19662,0.09602,0.02407,0.02843,1.17535
296,"At home, Both of them",euc_unemb,0.3,1,6,0.31515,0.10108,0.10386,0.10254,0.024,0.19662,0.09554,0.04055,0.00413,0.05918
296,"At home, Both of them",euc_unemb,0.5,1,8,0.56466,0.10568,0.15814,0.15564,0.02441,0.19662,0.09094,0.03592,0.01393,0.10829
296,"At home, Both of them",euc_unemb,0.7,1,10,0.78673,0.13666,0.22538,0.2212,0.22667,0.19662,0.05996,0.0137,0.03525,0.17643
296,"At home, Both of them",euc_unemb,0.9,1,12,0.91357,0.20008,0.33234,0.32577,0.22765,0.19662,0.00346,4e-05,0.06307,0.26924
296,"At home, Both of them",euc_unemb,0.99,1,17,0.9934,0.46901,0.97681,0.95989,0.29129,0.19662,0.27239,0.16173,0.13301,0.68206
296,"At home, Both of them",cau_unemb,0.3,1,7,0.37589,0.09782,0.11727,0.11701,0.02488,0.19662,0.09879,0.04408,0.00557,0.06762
296,"At home, Both of them",cau_unemb,0.5,1,9,0.60815,0.10562,0.16479,0.16372,0.02621,0.19662,0.091,0.03598,0.01211,0.1167
296,"At home, Both of them",cau_unemb,0.7,1,10,0.71347,0.11729,0.1912,0.18957,0.02613,0.19662,0.07933,0.02592,0.01741,0.14787
296,"At home, Both of them",cau_unemb,0.9,1,13,0.91109,0.18825,0.31365,0.30947,0.02295,0.19662,0.00837,0.00023,0.03811,0.27531
296,"At home, Both of them",cau_unemb,0.99,1,18,0.99069,0.40407,0.8296,0.81743,0.28012,0.19662,0.20745,0.09835,0.07405,0.6572
296,"At home, Both of them",dua_unemb,0.3,1,7,0.41165,0.11396,0.08848,0.08719,0.0206,0.19662,0.08266,0.02857,0.00635,0.05356
296,"At home, Both of them",dua_unemb,0.5,1,8,0.53546,0.11765,0.10727,0.10529,0.02373,0.19662,0.07897,0.02565,0.01154,0.07007
296,"At home, Both of them",dua_unemb,0.7,1,10,0.75692,0.14138,0.1521,0.14821,0.02391,0.19662,0.05524,0.01143,0.02968,0.111
296,"At home, Both of them",dua_unemb,0.9,1,13,0.93089,0.21512,0.26176,0.25351,0.02237,0.19662,0.0185,0.00104,0.06468,0.19604
296,"At home, Both of them",dua_unemb,0.99,1,18,0.99301,0.39002,0.6215,0.60246,0.22724,0.19662,0.1934,0.08658,0.11208,0.42283
296,"At home, Both of them",euc_dmd,0.3,1,6,0.3562,0.08804,0.22748,0.22656,0.23134,0.19662,0.10858,0.05614,0.00659,0.16475
296,"At home, Both of them",euc_dmd,0.5,1,8,0.61991,0.08872,0.36826,0.36565,0.20385,0.19662,0.10789,0.05522,0.01336,0.29968
296,"At home, Both of them",euc_dmd,0.7,1,9,0.73672,0.09657,0.44981,0.44609,0.22224,0.19662,0.10005,0.0455,0.02074,0.38357
296,"At home, Both of them",euc_dmd,0.9,1,12,0.93356,0.14876,0.77054,0.76227,0.27677,0.19662,0.04786,0.00835,0.05718,0.70501
296,"At home, Both of them",euc_dmd,0.99,1,16,0.99163,0.26592,1.4323,1.41518,0.30144,0.19662,0.0693,0.01311,0.11363,1.30556
296,"At home, Both of them",cau_dmd,0.3,1,7,0.38453,0.08635,0.29928,0.29985,0.27595,0.19662,0.11027,0.05847,0.01218,0.22863
296,"At home, Both of them",cau_dmd,0.5,1,9,0.60979,0.0859,0.46436,0.46353,0.23326,0.19662,0.11072,0.0591,0.01139,0.39386
296,"At home, Both of them",cau_dmd,0.7,1,10,0.71074,0.09009,0.56468,0.56284,0.27129,0.19662,0.10653,0.05342,0.01404,0.49722
296,"At home, Both of them",cau_dmd,0.9,1,13,0.90344,0.115,0.96562,0.95949,0.28639,0.19662,0.08162,0.02772,0.03663,0.90127
296,"At home, Both of them",cau_dmd,0.99,1,19,0.99212,0.16676,2.24843,2.22828,0.30818,0.19662,0.02986,0.00307,0.10164,2.14372
296,"At home, Both of them",dua_dmd,0.3,1,6,0.35474,0.09623,0.13914,0.13817,0.22766,0.19662,0.10039,0.04589,0.00509,0.08817
296,"At home, Both of them",dua_dmd,0.5,1,8,0.61491,0.09674,0.21611,0.21365,0.22981,0.19662,0.09988,0.04531,0.01286,0.15794
296,"At home, Both of them",dua_dmd,0.7,1,9,0.72988,0.10415,0.25922,0.25577,0.22995,0.19662,0.09247,0.03741,0.02026,0.20155
296,"At home, Both of them",dua_dmd,0.9,1,12,0.92673,0.15097,0.43304,0.42566,0.28337,0.19662,0.04565,0.00755,0.05257,0.37292
296,"At home, Both of them",dua_dmd,0.99,1,17,0.99335,0.27535,0.95578,0.93886,0.26835,0.19662,0.07873,0.01664,0.1077,0.83144
181,"At home, I sometimes",euc_ctx,0.3,1,40,0.34141,0.21827,1.61048,1.60904,0.20127,0.77354,0.55528,0.69816,0.30421,0.60811
181,"At home, I sometimes",euc_ctx,0.5,1,43,0.50905,0.20909,1.74456,1.74027,0.19393,0.77354,0.56445,0.72874,0.31719,0.69863
181,"At home, I sometimes",euc_ctx,0.7,1,47,0.72004,0.22037,1.86154,1.85267,0.18506,0.77354,0.55317,0.69134,0.33989,0.83031
181,"At home, I sometimes",euc_ctx,0.9,1,53,0.90682,0.27281,1.97799,1.96067,0.15619,0.77354,0.50074,0.542,0.38273,1.05325
181,"At home, I sometimes",euc_ctx,0.99,1,64,0.99037,0.39308,2.2748,2.23824,0.15237,0.77354,0.38046,0.30041,0.4385,1.53589
181,"At home, I sometimes",cau_ctx,0.3,1,79,0.32381,0.00751,5.80327,5.76206,0.20986,0.77354,0.76603,3.25068,0.77822,1.77437
181,"At home, I sometimes",cau_ctx,0.5,1,86,0.52603,0.00361,6.75915,6.70629,0.20947,0.77354,0.76993,3.81578,0.85806,2.08532
181,"At home, I sometimes",cau_ctx,0.7,1,93,0.71922,0.00209,7.60463,7.54009,0.21213,0.77354,0.77145,4.23845,0.96888,2.3973
181,"At home, I sometimes",cau_ctx,0.9,1,104,0.90466,0.00119,8.77313,8.69043,0.21924,0.77354,0.77236,4.67692,1.2081,2.8881
181,"At home, I sometimes",cau_ctx,0.99,1,124,0.99034,0.00064,10.6588,10.54652,0.22029,0.77354,0.7729,5.1546,1.73773,3.76648
181,"At home, I sometimes",dua_ctx,0.3,1,42,0.31222,0.31445,1.1383,1.13927,0.1793,0.77354,0.4591,0.44548,0.19747,0.49536
181,"At home, I sometimes",dua_ctx,0.5,1,47,0.54622,0.30294,1.31663,1.31371,0.1772,0.77354,0.4706,0.47054,0.22646,0.61963
181,"At home, I sometimes",dua_ctx,0.7,1,51,0.7189,0.31798,1.41776,1.41083,0.14948,0.77354,0.45556,0.438,0.24682,0.73293
181,"At home, I sometimes",dua_ctx,0.9,1,58,0.9029,0.38018,1.55915,1.54336,0.14453,0.77354,0.39336,0.32146,0.27571,0.96197
181,"At home, I sometimes",dua_ctx,0.99,1,71,0.99059,0.51754,1.96247,1.92506,0.14193,0.77354,0.25601,0.13961,0.3319,1.49096
181,"At home, I sometimes",euc_unemb,0.3,1,17,0.43442,0.34766,1.12342,1.12547,0.19195,0.77354,0.42588,0.37905,0.30145,0.44292
181,"At home, I sometimes",euc_unemb,0.5,1,18,0.5831,0.36174,1.23903,1.239,0.19431,0.77354,0.4118,0.35329,0.38533,0.50041
181,"At home, I sometimes",euc_unemb,0.7,1,19,0.71749,0.39118,1.36578,1.36318,0.19718,0.77354,0.38237,0.30346,0.49882,0.5635
181,"At home, I sometimes",euc_unemb,0.9,1,22,0.93729,0.52599,1.83668,1.82335,0.22032,0.77354,0.24756,0.13108,0.90884,0.79675
181,"At home, I sometimes",euc_unemb,0.99,1,26,0.9935,0.64819,2.63808,2.60546,0.21623,0.77354,0.12536,0.037,1.37147,1.22961
181,"At home, I sometimes",cau_unemb,0.3,1,19,0.40991,0.29216,1.28766,1.2923,0.19354,0.77354,0.48138,0.4951,0.32781,0.46475
181,"At home, I sometimes",cau_unemb,0.5,1,20,0.53687,0.29997,1.35047,1.35353,0.18928,0.77354,0.47357,0.4772,0.3585,0.51476
181,"At home, I sometimes",cau_unemb,0.7,1,22,0.76187,0.34831,1.47978,1.47877,0.19536,0.77354,0.42523,0.37783,0.4765,0.62545
181,"At home, I sometimes",cau_unemb,0.9,1,25,0.93496,0.46941,1.74257,1.7329,0.20505,0.77354,0.30413,0.19357,0.72225,0.82675
181,"At home, I sometimes",cau_unemb,0.99,1,29,0.99042,0.59836,2.27671,2.2517,0.19965,0.77354,0.17518,0.06887,1.02675,1.1811
181,"At home, I sometimes",dua_unemb,0.3,1,17,0.41578,0.44175,0.74718,0.75176,0.20601,0.77354,0.3318,0.22905,0.17706,0.34106
181,"At home, I sometimes",dua_unemb,0.5,1,18,0.54186,0.44954,0.85175,0.8547,0.21113,0.77354,0.32401,0.21871,0.23816,0.39489
181,"At home, I sometimes",dua_unemb,0.7,1,20,0.75497,0.48882,1.08914,1.08756,0.2083,0.77354,0.28473,0.17068,0.3972,0.52127
181,"At home, I sometimes",dua_unemb,0.9,1,23,0.92388,0.57435,1.49373,1.48246,0.21544,0.77354,0.19919,0.08741,0.64824,0.75809
181,"At home, I sometimes",dua_unemb,0.99,1,28,0.99266,0.68259,2.31224,2.2789,0.21631,0.77354,0.09095,0.0203,1.01227,1.27967
181,"At home, I sometimes",euc_dmd,0.3,1,16,0.33473,0.2398,1.5502,1.55345,0.19867,0.77354,0.53375,0.63172,0.40503,0.51345
181,"At home, I sometimes",euc_dmd,0.5,1,18,0.62009,0.24267,1.82096,1.82009,0.19355,0.77354,0.53088,0.62337,0.55178,0.64581
181,"At home, I sometimes",euc_dmd,0.7,1,19,0.74525,0.26254,1.96765,1.96421,0.19605,0.77354,0.511,0.5685,0.68075,0.7184
181,"At home, I sometimes",euc_dmd,0.9,1,21,0.90311,0.33037,2.29386,2.28421,0.18459,0.77354,0.44317,0.41259,1.00355,0.87772
181,"At home, I sometimes",euc_dmd,0.99,1,26,0.99389,0.53045,3.26607,3.23597,0.18824,0.77354,0.2431,0.12669,1.77627,1.36311
181,"At home, I sometimes",cau_dmd,0.3,1,19,0.33659,0.20123,1.92177,1.92707,0.1965,0.77354,0.57232,0.75616,0.56388,0.60173
181,"At home, I sometimes",cau_dmd,0.5,1,21,0.56895,0.18355,2.22784,2.22912,0.18901,0.77354,0.59,0.82233,0.66093,0.74459
181,"At home, I sometimes",cau_dmd,0.7,1,23,0.77257,0.18472,2.5911,2.58715,0.18578,0.77354,0.58882,0.81773,0.86341,0.90997
181,"At home, I sometimes",cau_dmd,0.9,1,26,0.93235,0.20316,3.21475,3.20106,0.16406,0.77354,0.57039,0.74933,1.26932,1.19609
181,"At home, I sometimes",cau_dmd,0.99,1,31,0.99275,0.23044,4.31727,4.2845,0.16771,0.77354,0.5431,0.65973,1.91812,1.73942
181,"At home, I sometimes",dua_dmd,0.3,1,16,0.35529,0.33966,1.08598,1.09222,0.20427,0.77354,0.43389,0.3943,0.28892,0.40276
181,"At home, I sometimes",dua_dmd,0.5,1,18,0.59246,0.34724,1.31053,1.31394,0.19065,0.77354,0.4263,0.37983,0.41437,0.51632
181,"At home, I sometimes",dua_dmd,0.7,1,20,0.78235,0.38325,1.56655,1.56591,0.17706,0.77354,0.39029,0.31637,0.60138,0.6488
181,"At home, I sometimes",dua_dmd,0.9,1,23,0.93249,0.46404,2.00805,1.99905,0.19082,0.77354,0.3095,0.20019,0.92389,0.88397
181,"At home, I sometimes",dua_dmd,0.99,1,28,0.99364,0.59192,2.88309,2.85495,0.19377,0.77354,0.18163,0.07365,1.4355,1.37394
205,"Honestly, Our customers rarely",euc_ctx,0.3,1,16,0.33265,0.50124,0.26043,0.26477,0.2057,0.59679,0.09555,0.01838,0.01333,0.22873
205,"Honestly, Our customers rarely",euc_ctx,0.5,1,19,0.50483,0.49848,0.3792,0.3824,0.17706,0.59679,0.09831,0.01945,0.01963,0.34013
205,"Honestly, Our customers rarely",euc_ctx,0.7,1,23,0.72527,0.51934,0.56973,0.56999,0.19772,0.59679,0.07745,0.01211,0.02959,0.52803
205,"Honestly, Our customers rarely",euc_ctx,0.9,1,29,0.9161,0.57878,0.93273,0.92598,0.18494,0.59679,0.01801,0.00067,0.04185,0.89022
205,"Honestly, Our customers rarely",euc_ctx,0.99,1,39,0.99122,0.65253,1.72281,1.70062,0.18758,0.59679,0.05574,0.0067,0.05631,1.6598
205,"Honestly, Our customers rarely",cau_ctx,0.3,1,32,0.31035,0.56397,0.39229,0.39642,0.22589,0.59679,0.03282,0.0022,0.0397,0.35038
205,"Honestly, Our customers rarely",cau_ctx,0.5,1,39,0.50492,0.54851,0.61093,0.61311,0.25271,0.59679,0.04828,0.00474,0.05191,0.55428
205,"Honestly, Our customers rarely",cau_ctx,0.7,1,47,0.72243,0.54441,0.93708,0.9352,0.27188,0.59679,0.05237,0.00557,0.08005,0.85146
205,"Honestly, Our customers rarely",cau_ctx,0.9,1,58,0.90447,0.54668,1.52283,1.51259,0.24219,0.59679,0.05011,0.00511,0.15035,1.36738
205,"Honestly, Our customers rarely",cau_ctx,0.99,1,78,0.99005,0.50121,2.90453,2.87406,0.25751,0.59679,0.09558,0.01839,0.3335,2.55264
205,"Honestly, Our customers rarely",dua_ctx,0.3,1,18,0.30821,0.51901,0.2015,0.2054,0.17414,0.59679,0.07778,0.01221,0.01208,0.17721
205,"Honestly, Our customers rarely",dua_ctx,0.5,1,23,0.5094,0.51424,0.3482,0.35048,0.22198,0.59679,0.08254,0.01374,0.01827,0.31619
205,"Honestly, Our customers rarely",dua_ctx,0.7,1,28,0.70618,0.52335,0.5484,0.5476,0.23314,0.59679,0.07343,0.0109,0.0271,0.5104
205,"Honestly, Our customers rarely",dua_ctx,0.9,1,36,0.91256,0.56203,0.99947,0.99068,0.18834,0.59679,0.03476,0.00247,0.04848,0.94852
205,"Honestly, Our customers rarely",dua_ctx,0.99,1,47,0.99066,0.6248,1.84207,1.81757,0.19724,0.59679,0.02801,0.00166,0.08046,1.75995
205,"Honestly, Our customers rarely",euc_unemb,0.3,1,7,0.40213,0.52102,0.14918,0.15291,0.01672,0.59679,0.07577,0.0116,0.0249,0.11268
205,"Honestly, Our customers rarely",euc_unemb,0.5,1,8,0.55065,0.54096,0.21851,0.22123,0.0245,0.59679,0.05583,0.00633,0.04583,0.16635
205,"Honestly, Our customers rarely",euc_unemb,0.7,1,10,0.80346,0.60725,0.45173,0.45031,0.23491,0.59679,0.01046,0.00023,0.11847,0.33303
205,"Honestly, Our customers rarely",euc_unemb,0.9,1,12,0.93203,0.67174,0.81583,0.80776,0.25809,0.59679,0.07496,0.01232,0.21105,0.59246
205,"Honestly, Our customers rarely",euc_unemb,0.99,1,16,0.99363,0.73119,1.74678,1.72177,0.28029,0.59679,0.1344,0.04227,0.37843,1.32608
205,"Honestly, Our customers rarely",cau_unemb,0.3,1,7,0.3182,0.48113,0.13771,0.1431,0.02417,0.59679,0.11565,0.02687,0.01308,0.09776
205,"Honestly, Our customers rarely",cau_unemb,0.5,1,9,0.57897,0.50571,0.23969,0.24398,0.02575,0.59679,0.09107,0.01671,0.03511,0.18787
205,"Honestly, Our customers rarely",cau_unemb,0.7,1,10,0.70244,0.53337,0.31521,0.31819,0.18004,0.59679,0.06342,0.00815,0.05543,0.25163
205,"Honestly, Our customers rarely",cau_unemb,0.9,1,13,0.92268,0.63254,0.68096,0.67698,0.25598,0.59679,0.03575,0.00272,0.1395,0.53875
205,"Honestly, Our customers rarely",cau_unemb,0.99,1,17,0.99038,0.70471,1.40614,1.38867,0.27077,0.59679,0.10793,0.0264,0.24545,1.13428
205,"Honestly, Our customers rarely",dua_unemb,0.3,1,7,0.37813,0.53794,0.12669,0.13019,0.01038,0.59679,0.05885,0.00702,0.01844,0.10122
205,"Honestly, Our customers rarely",dua_unemb,0.5,1,8,0.51448,0.5478,0.18557,0.18824,0.01566,0.59679,0.04899,0.00488,0.03286,0.14783
205,"Honestly, Our customers rarely",dua_unemb,0.7,1,10,0.75962,0.58428,0.36506,0.36449,0.18045,0.59679,0.01251,0.00032,0.07985,0.28489
205,"Honestly, Our customers rarely",dua_unemb,0.9,1,12,0.90473,0.62716,0.6344,0.62856,0.25005,0.59679,0.03037,0.00195,0.13964,0.4928
205,"Honestly, Our customers rarely",dua_unemb,0.99,1,17,0.99405,0.68607,1.61507,1.5903,0.27407,0.59679,0.08928,0.01772,0.28001,1.31734
205,"Honestly, Our customers rarely",euc_dmd,0.3,1,7,0.40948,0.48732,0.19641,0.20134,0.0281,0.59679,0.10947,0.02409,0.03385,0.13848
205,"Honestly, Our customers rarely",euc_dmd,0.5,1,8,0.5582,0.50641,0.26522,0.26932,0.02796,0.59679,0.09037,0.01645,0.05571,0.19306
205,"Honestly, Our customers rarely",euc_dmd,0.7,1,10,0.80757,0.58164,0.47984,0.48035,0.24203,0.59679,0.01515,0.00047,0.13387,0.3455
205,"Honestly, Our customers rarely",euc_dmd,0.9,1,12,0.93301,0.66825,0.81698,0.8116,0.24328,0.59679,0.07147,0.01116,0.24041,0.56541
205,"Honestly, Our customers rarely",euc_dmd,0.99,1,16,0.99346,0.77189,1.72385,1.70292,0.26828,0.59679,0.1751,0.07614,0.45229,1.19541
205,"Honestly, Our customers rarely",cau_dmd,0.3,1,8,0.39123,0.44727,0.2365,0.24292,0.02936,0.59679,0.14951,0.04493,0.0385,0.15306
205,"Honestly, Our customers rarely",cau_dmd,0.5,1,9,0.51509,0.4579,0.28726,0.29326,0.02978,0.59679,0.13889,0.03875,0.04868,0.19984
205,"Honestly, Our customers rarely",cau_dmd,0.7,1,11,0.74239,0.5104,0.42974,0.4336,0.22024,0.59679,0.08639,0.01504,0.0947,0.31999
205,"Honestly, Our customers rarely",cau_dmd,0.9,1,14,0.92666,0.62163,0.7971,0.79477,0.26615,0.59679,0.02484,0.0013,0.21481,0.58099
205,"Honestly, Our customers rarely",cau_dmd,0.99,1,19,0.99294,0.73332,1.72699,1.70951,0.28758,0.59679,0.13653,0.04374,0.4371,1.24615
205,"Honestly, Our customers rarely",dua_dmd,0.3,1,7,0.39483,0.50448,0.16313,0.16765,0.022,0.59679,0.09231,0.01716,0.0263,0.11967
205,"Honestly, Our customers rarely",dua_dmd,0.5,1,8,0.52976,0.51211,0.21994,0.22382,0.02275,0.59679,0.08468,0.01446,0.04057,0.16491
205,"Honestly, Our customers rarely",dua_dmd,0.7,1,10,0.76223,0.54919,0.37341,0.37473,0.17374,0.59679,0.04759,0.00461,0.08507,0.28372
205,"Honestly, Our customers rarely",dua_dmd,0.9,1,13,0.93713,0.62726,0.72854,0.72322,0.242,0.59679,0.03047,0.00197,0.17782,0.54876
205,"Honestly, Our customers rarely",dua_dmd,0.99,1,17,0.99205,0.70782,1.43144,1.4132,0.26348,0.59679,0.11104,0.02805,0.31173,1.09166
1,"At work, Many people still",euc_ctx,0.3,1,25,0.31126,0.53547,0.33598,0.34597,0.05126,0.71217,0.1767,0.06532,0.03142,0.23925
1,"At work, Many people still",euc_ctx,0.5,1,29,0.53324,0.53254,0.45161,0.46022,0.07284,0.71217,0.17963,0.06741,0.04036,0.34383
1,"At work, Many people still",euc_ctx,0.7,1,33,0.74261,0.56145,0.57105,0.57677,0.0789,0.71217,0.15072,0.04814,0.05102,0.47188
1,"At work, Many people still",euc_ctx,0.9,1,38,0.90166,0.62269,0.74882,0.74909,0.08142,0.71217,0.08947,0.0177,0.06577,0.66535
1,"At work, Many people still",euc_ctx,0.99,1,49,0.99141,0.73228,1.31073,1.29492,0.0873,0.71217,0.02012,0.00102,0.10268,1.20703
1,"At work, Many people still",cau_ctx,0.3,1,47,0.3054,0.41883,0.85152,0.85897,0.16681,0.71217,0.29333,0.1758,0.07793,0.59779
1,"At work, Many people still",cau_ctx,0.5,1,54,0.51239,0.30347,1.32945,1.33229,0.18215,0.71217,0.40869,0.35313,0.1019,0.87442
1,"At work, Many people still",cau_ctx,0.7,1,61,0.71622,0.2202,1.88557,1.88185,0.18109,0.71217,0.49196,0.54904,0.14863,1.1879
1,"At work, Many people still",cau_ctx,0.9,1,72,0.91002,0.14646,2.8014,2.78515,0.19709,0.71217,0.56571,0.81347,0.26802,1.71991
1,"At work, Many people still",cau_ctx,0.99,1,90,0.99019,0.09006,4.29912,4.26021,0.20805,0.71217,0.6221,1.14131,0.52775,2.63005
1,"At work, Many people still",dua_ctx,0.3,1,28,0.31046,0.57243,0.29416,0.30324,0.01737,0.71217,0.13973,0.04164,0.02178,0.23074
1,"At work, Many people still",dua_ctx,0.5,1,33,0.50777,0.56586,0.4069,0.41448,0.07512,0.71217,0.14631,0.04548,0.03159,0.32984
1,"At work, Many people still",dua_ctx,0.7,1,38,0.70183,0.57861,0.53716,0.54197,0.07366,0.71217,0.13355,0.03819,0.04753,0.45144
1,"At work, Many people still",dua_ctx,0.9,1,46,0.90751,0.63145,0.80734,0.80498,0.08083,0.71217,0.08072,0.01452,0.08534,0.70748
1,"At work, Many people still",dua_ctx,0.99,1,58,0.99161,0.71892,1.40394,1.38547,0.09564,0.71217,0.00675,0.00011,0.14391,1.25992
1,"At work, Many people still",euc_unemb,0.3,1,11,0.32334,0.52411,0.30196,0.30825,0.18189,0.71217,0.18806,0.07364,0.03419,0.19413
1,"At work, Many people still",euc_unemb,0.5,1,13,0.58189,0.52042,0.45102,0.45467,0.23903,0.71217,0.19175,0.07644,0.05965,0.31493
1,"At work, Many people still",euc_unemb,0.7,1,14,0.70368,0.52984,0.548,0.54949,0.23874,0.71217,0.18233,0.06938,0.08579,0.39283
1,"At work, Many people still",euc_unemb,0.9,1,17,0.92176,0.57304,0.93355,0.92574,0.19014,0.71217,0.13913,0.0413,0.19468,0.69757
1,"At work, Many people still",euc_unemb,0.99,1,21,0.99,0.60136,1.58695,1.56316,0.19586,0.71217,0.11081,0.0267,0.33474,1.22551
1,"At work, Many people still",cau_unemb,0.3,1,12,0.32694,0.4926,0.35343,0.3622,0.07169,0.71217,0.21956,0.09933,0.03718,0.21691
1,"At work, Many people still",cau_unemb,0.5,1,14,0.56124,0.49082,0.46507,0.47204,0.13943,0.71217,0.22135,0.10091,0.04264,0.32152
1,"At work, Many people still",cau_unemb,0.7,1,16,0.77026,0.51958,0.60027,0.60377,0.22701,0.71217,0.19259,0.07709,0.06686,0.45632
1,"At work, Many people still",cau_unemb,0.9,1,19,0.9337,0.58223,0.88049,0.87622,0.23132,0.71217,0.12994,0.03623,0.12608,0.71819
1,"At work, Many people still",cau_unemb,0.99,1,24,0.99334,0.64152,1.51712,1.49627,0.23018,0.71217,0.07064,0.01122,0.2229,1.283
1,"At work, Many people still",dua_unemb,0.3,1,12,0.39525,0.5685,0.26808,0.27333,0.07863,0.71217,0.14367,0.04392,0.03352,0.19063
1,"At work, Many people still",dua_unemb,0.5,1,13,0.50979,0.56975,0.32742,0.33151,0.08211,0.71217,0.14242,0.04319,0.04398,0.24025
1,"At work, Many people still",dua_unemb,0.7,1,15,0.72213,0.58347,0.48419,0.48469,0.22365,0.71217,0.1287,0.03557,0.07966,0.36896
1,"At work, Many people still",dua_unemb,0.9,1,18,0.91445,0.61384,0.82261,0.81468,0.22505,0.71217,0.09833,0.02123,0.15591,0.64547
1,"At work, Many people still",dua_unemb,0.99,1,23,0.99254,0.63764,1.57877,1.55168,0.19601,0.71217,0.07452,0.01244,0.28169,1.28464
1,"At work, Many people still",euc_dmd,0.3,1,11,0.37842,0.45714,0.5014,0.51058,0.11857,0.71217,0.25503,0.1331,0.05983,0.30846
1,"At work, Many people still",euc_dmd,0.5,1,12,0.5124,0.44855,0.59447,0.60252,0.15298,0.71217,0.26362,0.14209,0.07106,0.38132
1,"At work, Many people still",euc_dmd,0.7,1,14,0.75674,0.45956,0.81505,0.81925,0.18487,0.71217,0.25261,0.13062,0.12665,0.55777
1,"At work, Many people still",euc_dmd,0.9,1,16,0.90122,0.48959,1.09293,1.09148,0.18419,0.71217,0.22258,0.102,0.21517,0.77576
1,"At work, Many people still",euc_dmd,0.99,1,21,0.9923,0.53024,1.98104,1.96108,0.1892,0.71217,0.18193,0.06909,0.44742,1.46453
1,"At work, Many people still",cau_dmd,0.3,1,12,0.32343,0.43619,0.62325,0.63584,0.12287,0.71217,0.27597,0.1556,0.10382,0.36382
1,"At work, Many people still",cau_dmd,0.5,1,14,0.54626,0.42401,0.77845,0.78959,0.16511,0.71217,0.28816,0.16963,0.10787,0.50095
1,"At work, Many people still",cau_dmd,0.7,1,16,0.74918,0.44228,0.96256,0.97082,0.18809,0.71217,0.26989,0.14886,0.14993,0.66377
1,"At work, Many people still",cau_dmd,0.9,1,19,0.9192,0.49437,1.32341,1.32506,0.19204,0.71217,0.2178,0.09779,0.26564,0.95998
1,"At work, Many people still",cau_dmd,0.99,1,24,0.99007,0.54708,2.11518,2.10211,0.18893,0.71217,0.16509,0.05733,0.48177,1.57609
1,"At work, Many people still",dua_dmd,0.3,1,11,0.36611,0.51724,0.38076,0.38956,0.07152,0.71217,0.19492,0.0789,0.04475,0.25711
1,"At work, Many people still",dua_dmd,0.5,1,13,0.6044,0.51278,0.54511,0.55214,0.12249,0.71217,0.19939,0.08243,0.06707,0.39561
1,"At work, Many people still",dua_dmd,0.7,1,14,0.70958,0.51934,0.64109,0.64666,0.16072,0.71217,0.19283,0.07727,0.08526,0.47855
1,"At work, Many people still",dua_dmd,0.9,1,17,0.90816,0.55696,0.99076,0.98982,0.18054,0.71217,0.1552,0.05092,0.16191,0.77792
1,"At work, Many people still",dua_dmd,0.99,1,22,0.99108,0.60917,1.75678,1.73973,0.18287,0.71217,0.10299,0.0232,0.31724,1.41634
260,"Usually, Our customers typically",euc_ctx,0.3,1,19,0.33522,0.56202,0.20384,0.21082,0.10168,0.62514,0.06312,0.0082,0.02015,0.17549
260,"Usually, Our customers typically",euc_ctx,0.5,1,23,0.54279,0.57432,0.32558,0.33156,0.10965,0.62514,0.05082,0.00535,0.03587,0.28437
260,"Usually, Our customers typically",euc_ctx,0.7,1,27,0.7364,0.60713,0.48448,0.48802,0.11589,0.62514,0.01801,0.00068,0.05541,0.42839
260,"Usually, Our customers typically",euc_ctx,0.9,1,33,0.90965,0.67134,0.79526,0.79283,0.1397,0.62514,0.04621,0.00473,0.08029,0.71024
260,"Usually, Our customers typically",euc_ctx,0.99,1,44,0.99052,0.75321,1.5332,1.51602,0.12176,0.62514,0.12807,0.04019,0.10623,1.38678
260,"Usually, Our customers typically",cau_ctx,0.3,1,37,0.30923,0.5942,0.37871,0.38656,0.13646,0.62514,0.03094,0.002,0.05904,0.31767
260,"Usually, Our customers typically",cau_ctx,0.5,1,45,0.50986,0.55177,0.64221,0.64817,0.10916,0.62514,0.07337,0.01104,0.07695,0.55422
260,"Usually, Our customers typically",cau_ctx,0.7,1,53,0.70695,0.4964,1.01611,1.01805,0.10593,0.62514,0.12874,0.03348,0.10448,0.87814
260,"Usually, Our customers typically",cau_ctx,0.9,1,66,0.90434,0.3941,1.82387,1.81561,0.13087,0.62514,0.23104,0.10843,0.17382,1.54161
260,"Usually, Our customers typically",cau_ctx,0.99,1,89,0.99077,0.23018,3.59268,3.56076,0.13667,0.62514,0.39495,0.35482,0.34274,2.89511
260,"Usually, Our customers typically",dua_ctx,0.3,1,21,0.3061,0.57494,0.18572,0.19259,0.09778,0.62514,0.0502,0.00522,0.01587,0.16463
260,"Usually, Our customers typically",dua_ctx,0.5,1,27,0.52492,0.5787,0.33334,0.33907,0.10822,0.62514,0.04644,0.00447,0.02946,0.2994
260,"Usually, Our customers typically",dua_ctx,0.7,1,32,0.70269,0.59271,0.5019,0.50532,0.11245,0.62514,0.03243,0.0022,0.04529,0.45442
260,"Usually, Our customers typically",dua_ctx,0.9,1,41,0.91391,0.63744,0.92774,0.92373,0.12112,0.62514,0.0123,0.00033,0.08033,0.84708
260,"Usually, Our customers typically",dua_ctx,0.99,1,53,0.99093,0.69915,1.70924,1.69021,0.12166,0.62514,0.07401,0.0125,0.12068,1.57606
260,"Usually, Our customers typically",euc_unemb,0.3,1,8,0.34229,0.53667,0.16199,0.1666,0.09674,0.62514,0.08847,0.01596,0.02859,0.11743
260,"Usually, Our customers typically",euc_unemb,0.5,1,10,0.59425,0.56526,0.2968,0.29959,0.13244,0.62514,0.05987,0.00739,0.07362,0.21579
260,"Usually, Our customers typically",euc_unemb,0.7,1,11,0.71093,0.59092,0.39488,0.39597,0.14319,0.62514,0.03422,0.00244,0.10804,0.2844
260,"Usually, Our customers typically",euc_unemb,0.9,1,14,0.92112,0.67246,0.81837,0.81143,0.16415,0.62514,0.04732,0.00497,0.22831,0.58509
260,"Usually, Our customers typically",euc_unemb,0.99,1,19,0.99367,0.72769,1.77564,1.75014,0.15441,0.62514,0.10255,0.02485,0.39893,1.35186
260,"Usually, Our customers typically",cau_unemb,0.3,1,9,0.37064,0.48741,0.1845,0.19019,0.1196,0.62514,0.13773,0.03828,0.02805,0.11818
260,"Usually, Our customers typically",cau_unemb,0.5,1,11,0.59995,0.51325,0.27912,0.28351,0.1175,0.62514,0.11189,0.02537,0.05731,0.19644
260,"Usually, Our customers typically",cau_unemb,0.7,1,12,0.70511,0.53796,0.3416,0.34473,0.12733,0.62514,0.08717,0.01551,0.07802,0.24807
260,"Usually, Our customers typically",cau_unemb,0.9,1,15,0.9061,0.62729,0.61337,0.61053,0.15013,0.62514,0.00215,1e-05,0.14723,0.46612
260,"Usually, Our customers typically",cau_unemb,0.99,1,21,0.9935,0.71834,1.46536,1.44456,0.1316,0.62514,0.0932,0.02028,0.2596,1.18548
260,"Usually, Our customers typically",dua_unemb,0.3,1,8,0.32271,0.55661,0.12823,0.13282,0.09801,0.62514,0.06853,0.00965,0.02199,0.09659
260,"Usually, Our customers typically",dua_unemb,0.5,1,10,0.55176,0.57548,0.23623,0.23939,0.10443,0.62514,0.04966,0.00511,0.05239,0.17873
260,"Usually, Our customers typically",dua_unemb,0.7,1,12,0.75604,0.61281,0.40017,0.40023,0.15019,0.62514,0.01233,0.00032,0.09808,0.30177
260,"Usually, Our customers typically",dua_unemb,0.9,1,15,0.92575,0.67505,0.75464,0.74726,0.16063,0.62514,0.04991,0.00554,0.17221,0.57689
260,"Usually, Our customers typically",dua_unemb,0.99,1,20,0.99293,0.72919,1.58023,1.55566,0.16322,0.62514,0.10405,0.02563,0.28042,1.27418
260,"Usually, Our customers typically",euc_dmd,0.3,1,8,0.3655,0.47435,0.23108,0.23717,0.13254,0.62514,0.15079,0.04582,0.05096,0.1343
260,"Usually, Our customers typically",euc_dmd,0.5,1,10,0.62302,0.50128,0.37139,0.37594,0.12376,0.62514,0.12386,0.03102,0.10847,0.2319
260,"Usually, Our customers typically",euc_dmd,0.7,1,11,0.7367,0.52998,0.46499,0.46804,0.13923,0.62514,0.09516,0.01843,0.15037,0.2962
260,"Usually, Our customers typically",euc_dmd,0.9,1,14,0.93113,0.63338,0.86449,0.86034,0.14987,0.62514,0.00824,0.00015,0.30074,0.56361
260,"Usually, Our customers typically",euc_dmd,0.99,1,18,0.99088,0.71866,1.60238,1.58483,0.1704,0.62514,0.09352,0.02043,0.49237,1.08958
260,"Usually, Our customers typically",cau_dmd,0.3,1,9,0.34344,0.41637,0.29094,0.29833,0.1535,0.62514,0.20877,0.0881,0.06734,0.13549
260,"Usually, Our customers typically",cau_dmd,0.5,1,11,0.55978,0.42727,0.38359,0.39028,0.15368,0.62514,0.19787,0.07901,0.09425,0.21033
260,"Usually, Our customers typically",cau_dmd,0.7,1,13,0.7539,0.47066,0.50305,0.50776,0.14159,0.62514,0.15448,0.04808,0.1448,0.31016
260,"Usually, Our customers typically",cau_dmd,0.9,1,16,0.91844,0.56122,0.78306,0.78255,0.146,0.62514,0.06392,0.00841,0.25473,0.51992
260,"Usually, Our customers typically",cau_dmd,0.99,1,22,0.99305,0.6684,1.66119,1.64497,0.15534,0.62514,0.04327,0.00414,0.48386,1.17318
260,"Usually, Our customers typically",dua_dmd,0.3,1,8,0.35817,0.50643,0.18644,0.19247,0.13179,0.62514,0.11871,0.02852,0.03992,0.118
260,"Usually, Our customers typically",dua_dmd,0.5,1,10,0.59549,0.51899,0.3077,0.31268,0.11349,0.62514,0.10615,0.02287,0.08091,0.20393
260,"Usually, Our customers typically",dua_dmd,0.7,1,11,0.70078,0.53487,0.38094,0.38486,0.11879,0.62514,0.09027,0.01661,0.10651,0.25783
260,"Usually, Our customers typically",dua_dmd,0.9,1,15,0.93345,0.62525,0.76806,0.7647,0.12764,0.62514,0.00012,-0.0,0.21687,0.55119
260,"Usually, Our customers typically",dua_dmd,0.99,1,20,0.99277,0.70959,1.49005,1.47244,0.1454,0.62514,0.08445,0.01647,0.35022,1.12335
3,"In this case, They sometimes",euc_ctx,0.3,1,21,0.32543,0.2593,0.59175,0.59393,0.15895,0.59167,0.33236,0.24492,0.03583,0.311
3,"In this case, They sometimes",euc_ctx,0.5,1,25,0.54022,0.24444,0.75339,0.75376,0.17244,0.59167,0.34722,0.27173,0.05842,0.42323
3,"In this case, They sometimes",euc_ctx,0.7,1,29,0.74054,0.26074,0.87139,0.86924,0.16338,0.59167,0.33093,0.24246,0.08159,0.54734
3,"In this case, They sometimes",euc_ctx,0.9,1,35,0.91475,0.33187,1.00123,0.99409,0.14331,0.59167,0.25979,0.14103,0.10454,0.75565
3,"In this case, They sometimes",euc_ctx,0.99,1,46,0.99156,0.51385,1.35138,1.33181,0.13465,0.59167,0.07782,0.01221,0.1216,1.21757
3,"In this case, They sometimes",cau_ctx,0.3,1,41,0.30544,0.25067,0.88596,0.88837,0.16982,0.59167,0.341,0.26024,0.08784,0.53788
3,"In this case, They sometimes",cau_ctx,0.5,1,49,0.5193,0.20351,1.26121,1.26025,0.1768,0.59167,0.38816,0.35863,0.12581,0.77677
3,"In this case, They sometimes",cau_ctx,0.7,1,56,0.70339,0.17709,1.62643,1.6212,0.16668,0.59167,0.41457,0.42756,0.16716,1.03171
3,"In this case, They sometimes",cau_ctx,0.9,1,68,0.90108,0.14473,2.36105,2.34577,0.16866,0.59167,0.44694,0.53121,0.25709,1.57275
3,"In this case, They sometimes",cau_ctx,0.99,1,90,0.99061,0.08978,4.0679,4.02831,0.17268,0.59167,0.50188,0.7883,0.47715,2.80245
3,"In this case, They sometimes",dua_ctx,0.3,1,24,0.32344,0.34212,0.41385,0.41666,0.11743,0.59167,0.24955,0.12936,0.03283,0.25166
3,"In this case, They sometimes",dua_ctx,0.5,1,29,0.53793,0.33041,0.55465,0.55564,0.12363,0.59167,0.26125,0.14275,0.04973,0.36217
3,"In this case, They sometimes",dua_ctx,0.7,1,33,0.70376,0.34035,0.66143,0.66023,0.12551,0.59167,0.25131,0.13132,0.06297,0.46714
3,"In this case, They sometimes",dua_ctx,0.9,1,41,0.91198,0.4016,0.88268,0.87521,0.12696,0.59167,0.19007,0.07321,0.08475,0.72472
3,"In this case, They sometimes",dua_ctx,0.99,1,53,0.99073,0.53026,1.34738,1.32673,0.12288,0.59167,0.0614,0.00763,0.11109,1.22867
3,"In this case, They sometimes",euc_unemb,0.3,1,9,0.37449,0.33606,0.39172,0.39399,0.16672,0.59167,0.2556,0.13618,0.05074,0.2048
3,"In this case, They sometimes",euc_unemb,0.5,1,10,0.50976,0.33953,0.47144,0.47271,0.17092,0.59167,0.25213,0.13224,0.08457,0.25462
3,"In this case, They sometimes",euc_unemb,0.7,1,12,0.75877,0.38576,0.65883,0.65692,0.19138,0.59167,0.2059,0.08635,0.19519,0.3773
3,"In this case, They sometimes",euc_unemb,0.9,1,14,0.90515,0.46724,0.90243,0.89569,0.18785,0.59167,0.12443,0.03108,0.33229,0.53906
3,"In this case, They sometimes",euc_unemb,0.99,1,19,0.99356,0.63466,1.77475,1.75041,0.19309,0.59167,0.04299,0.00393,0.61099,1.15983
3,"In this case, They sometimes",cau_unemb,0.3,1,10,0.38808,0.30511,0.43351,0.43715,0.16375,0.59167,0.28656,0.17475,0.04823,0.21053
3,"In this case, They sometimes",cau_unemb,0.5,1,11,0.51021,0.30693,0.49822,0.50112,0.16905,0.59167,0.28474,0.1723,0.07194,0.25399
3,"In this case, They sometimes",cau_unemb,0.7,1,13,0.73738,0.34254,0.63049,0.63106,0.17709,0.59167,0.24913,0.12889,0.1453,0.3563
3,"In this case, They sometimes",cau_unemb,0.9,1,16,0.92529,0.45172,0.87706,0.8719,0.18199,0.59167,0.13995,0.03934,0.27866,0.55905
3,"In this case, They sometimes",cau_unemb,0.99,1,21,0.99315,0.61583,1.52364,1.50413,0.18139,0.59167,0.02417,0.00123,0.45015,1.07227
3,"In this case, They sometimes",dua_unemb,0.3,1,9,0.33448,0.40272,0.25979,0.26285,0.0648,0.59167,0.18895,0.07233,0.03684,0.15062
3,"In this case, They sometimes",dua_unemb,0.5,1,11,0.57467,0.41106,0.40137,0.40255,0.138,0.59167,0.18061,0.06594,0.08921,0.24622
3,"In this case, They sometimes",dua_unemb,0.7,1,13,0.77941,0.44764,0.58447,0.58233,0.16799,0.59167,0.14403,0.04169,0.16714,0.37565
3,"In this case, They sometimes",dua_unemb,0.9,1,15,0.90213,0.50004,0.80508,0.79832,0.17927,0.59167,0.09162,0.01689,0.24883,0.53937
3,"In this case, They sometimes",dua_unemb,0.99,1,20,0.991,0.62179,1.50847,1.486,0.17454,0.59167,0.03013,0.00191,0.40497,1.1016
3,"In this case, They sometimes",euc_dmd,0.3,1,9,0.42617,0.25957,0.6279,0.63008,0.18112,0.59167,0.33209,0.24446,0.08897,0.29447
3,"In this case, They sometimes",euc_dmd,0.5,1,10,0.56669,0.26025,0.72924,0.73025,0.18718,0.59167,0.33141,0.24329,0.12832,0.35763
3,"In this case, They sometimes",euc_dmd,0.7,1,12,0.80141,0.29914,0.92772,0.92544,0.19414,0.59167,0.29253,0.18295,0.24347,0.5013
3,"In this case, They sometimes",euc_dmd,0.9,1,14,0.92513,0.37456,1.14793,1.14113,0.1877,0.59167,0.21711,0.0964,0.38057,0.67096
3,"In this case, They sometimes",euc_dmd,0.99,1,18,0.99121,0.54099,1.73833,1.71935,0.1719,0.59167,0.05068,0.00521,0.62763,1.1055
3,"In this case, They sometimes",cau_dmd,0.3,1,10,0.38502,0.2428,0.69593,0.70032,0.1922,0.59167,0.34886,0.27483,0.11454,0.30656
3,"In this case, They sometimes",cau_dmd,0.5,1,11,0.50135,0.23882,0.77885,0.78247,0.19378,0.59167,0.35285,0.28247,0.13294,0.36343
3,"In this case, They sometimes",cau_dmd,0.7,1,13,0.71925,0.25632,0.93589,0.93731,0.19501,0.59167,0.33535,0.25013,0.19487,0.49089
3,"In this case, They sometimes",cau_dmd,0.9,1,16,0.9101,0.32958,1.20452,1.20094,0.16753,0.59167,0.26208,0.14374,0.33766,0.72313
3,"In this case, They sometimes",cau_dmd,0.99,1,22,0.99309,0.4825,2.03467,2.01581,0.15355,0.59167,0.10916,0.02393,0.62827,1.38247
3,"In this case, They sometimes",dua_dmd,0.3,1,9,0.42324,0.33085,0.45262,0.4558,0.16982,0.59167,0.26081,0.14223,0.07571,0.23468
3,"In this case, They sometimes",dua_dmd,0.5,1,10,0.55577,0.32996,0.54722,0.54947,0.17822,0.59167,0.26171,0.14329,0.10868,0.29525
3,"In this case, They sometimes",dua_dmd,0.7,1,12,0.77759,0.35348,0.74891,0.74836,0.18346,0.59167,0.23818,0.11714,0.19237,0.43941
3,"In this case, They sometimes",dua_dmd,0.9,1,14,0.90392,0.39859,0.96815,0.9637,0.17666,0.59167,0.19308,0.07561,0.28219,0.61035
3,"In this case, They sometimes",dua_dmd,0.99,1,19,0.9906,0.52917,1.61535,1.59781,0.15052,0.59167,0.0625,0.0079,0.47287,1.13458
280,"Over time, People now",euc_ctx,0.3,1,15,0.33373,0.48785,0.23853,0.2439,0.07544,0.59114,0.10328,0.02143,0.01322,0.20388
280,"Over time, People now",euc_ctx,0.5,1,19,0.5547,0.48592,0.39136,0.39567,0.07415,0.59114,0.10521,0.02223,0.02947,0.33965
280,"Over time, People now",euc_ctx,0.7,1,22,0.71158,0.50354,0.52626,0.52884,0.07761,0.59114,0.0876,0.01544,0.04606,0.46476
280,"Over time, People now",euc_ctx,0.9,1,28,0.90636,0.56927,0.84825,0.84535,0.08264,0.59114,0.02187,0.00098,0.07689,0.77039
280,"Over time, People now",euc_ctx,0.99,1,39,0.99163,0.68042,1.60922,1.59226,0.08438,0.59114,0.08929,0.01758,0.10862,1.48302
280,"Over time, People now",cau_ctx,0.3,1,29,0.32236,0.52456,0.32686,0.33397,0.08109,0.59114,0.06657,0.00895,0.02293,0.29498
280,"Over time, People now",cau_ctx,0.5,1,36,0.51883,0.50932,0.522,0.52818,0.08014,0.59114,0.08182,0.01348,0.03383,0.47469
280,"Over time, People now",cau_ctx,0.7,1,43,0.71081,0.50747,0.77259,0.7764,0.08273,0.59114,0.08366,0.01409,0.05503,0.70347
280,"Over time, People now",cau_ctx,0.9,1,54,0.90113,0.51525,1.28837,1.28583,0.08694,0.59114,0.07588,0.01161,0.11355,1.16321
280,"Over time, People now",cau_ctx,0.99,1,74,0.99065,0.48456,2.56386,2.54439,0.21877,0.59114,0.10658,0.02281,0.28217,2.25888
280,"Over time, People now",dua_ctx,0.3,1,18,0.32818,0.51679,0.20622,0.21159,0.05483,0.59114,0.07435,0.01115,0.01156,0.18351
280,"Over time, People now",dua_ctx,0.5,1,23,0.5188,0.5145,0.34006,0.34464,0.07601,0.59114,0.07664,0.01184,0.02116,0.30707
280,"Over time, People now",dua_ctx,0.7,1,28,0.70517,0.52743,0.51013,0.51276,0.0751,0.59114,0.06371,0.0082,0.03416,0.46778
280,"Over time, People now",dua_ctx,0.9,1,36,0.90622,0.57591,0.87401,0.87095,0.08192,0.59114,0.01522,0.00048,0.06053,0.81301
280,"Over time, People now",dua_ctx,0.99,1,48,0.9911,0.66466,1.64012,1.62353,0.08649,0.59114,0.07352,0.01175,0.09961,1.52876
280,"Over time, People now",euc_unemb,0.3,1,7,0.34674,0.4717,0.17041,0.17349,0.04091,0.59114,0.11943,0.02864,0.01793,0.12384
280,"Over time, People now",euc_unemb,0.5,1,9,0.59062,0.47594,0.30871,0.30987,0.06152,0.59114,0.1152,0.02664,0.03959,0.24247
280,"Over time, People now",euc_unemb,0.7,1,10,0.7043,0.48666,0.40331,0.40278,0.06722,0.59114,0.10448,0.02193,0.05565,0.32574
280,"Over time, People now",euc_unemb,0.9,1,13,0.91507,0.52325,0.80745,0.79914,0.07278,0.59114,0.06789,0.00931,0.1164,0.68175
280,"Over time, People now",euc_unemb,0.99,1,18,0.99268,0.52601,1.76472,1.73844,0.17853,0.59114,0.06513,0.00857,0.22532,1.53082
280,"Over time, People now",cau_unemb,0.3,1,7,0.30935,0.43623,0.17512,0.17943,0.04201,0.59114,0.1549,0.04828,0.01374,0.11311
280,"Over time, People now",cau_unemb,0.5,1,9,0.53415,0.43077,0.2829,0.2862,0.05509,0.59114,0.16037,0.05178,0.02596,0.20516
280,"Over time, People now",cau_unemb,0.7,1,11,0.74552,0.45371,0.4215,0.4223,0.06729,0.59114,0.13743,0.03793,0.04525,0.33832
280,"Over time, People now",cau_unemb,0.9,1,14,0.92254,0.50724,0.72136,0.71586,0.0762,0.59114,0.0839,0.01417,0.08022,0.62698
280,"Over time, People now",cau_unemb,0.99,1,19,0.99183,0.54895,1.44397,1.42398,0.08301,0.59114,0.04218,0.00362,0.13273,1.30762
280,"Over time, People now",dua_unemb,0.3,1,7,0.3067,0.50376,0.1305,0.13371,0.03272,0.59114,0.08738,0.01536,0.01449,0.10065
280,"Over time, People now",dua_unemb,0.5,1,9,0.51634,0.50142,0.24701,0.24867,0.04031,0.59114,0.08971,0.01619,0.03105,0.19976
280,"Over time, People now",dua_unemb,0.7,1,11,0.71647,0.51236,0.4192,0.41767,0.06032,0.59114,0.07878,0.0125,0.05773,0.34896
280,"Over time, People now",dua_unemb,0.9,1,14,0.90376,0.53926,0.78657,0.77751,0.07364,0.59114,0.05187,0.00545,0.10997,0.67115
280,"Over time, People now",dua_unemb,0.99,1,20,0.99371,0.56243,1.82069,1.79066,0.08413,0.59114,0.0287,0.00168,0.21634,1.60267
280,"Over time, People now",euc_dmd,0.3,1,6,0.32274,0.44698,0.18918,0.19432,0.05195,0.59114,0.14416,0.04176,0.01791,0.12951
280,"Over time, People now",euc_dmd,0.5,1,8,0.5929,0.44804,0.34703,0.35084,0.05157,0.59114,0.1431,0.04114,0.04964,0.25625
280,"Over time, People now",euc_dmd,0.7,1,9,0.71766,0.46392,0.45225,0.4546,0.06707,0.59114,0.12722,0.03249,0.0783,0.34146
280,"Over time, People now",euc_dmd,0.9,1,12,0.93051,0.53569,0.88657,0.88171,0.0828,0.59114,0.05544,0.00623,0.19115,0.68919
280,"Over time, People now",euc_dmd,0.99,1,16,0.9917,0.60004,1.65537,1.63721,0.09382,0.59114,0.0089,0.00016,0.33121,1.32399
280,"Over time, People now",cau_dmd,0.3,1,7,0.38346,0.40502,0.27497,0.28159,0.0491,0.59114,0.18612,0.07013,0.02791,0.17692
280,"Over time, People now",cau_dmd,0.5,1,8,0.50757,0.39918,0.35407,0.36027,0.05839,0.59114,0.19195,0.07472,0.03837,0.24099
280,"Over time, People now",cau_dmd,0.7,1,10,0.73682,0.41067,0.55971,0.56371,0.07001,0.59114,0.18047,0.06585,0.08539,0.40848
280,"Over time, People now",cau_dmd,0.9,1,13,0.92414,0.45109,0.99966,0.99747,0.08682,0.59114,0.14005,0.0394,0.19889,0.76137
280,"Over time, People now",cau_dmd,0.99,1,18,0.99244,0.47734,1.95686,1.94014,0.19412,0.59114,0.1138,0.026,0.37851,1.55235
280,"Over time, People now",dua_dmd,0.3,1,6,0.30939,0.48147,0.14544,0.1505,0.03814,0.59114,0.10967,0.02415,0.0149,0.10639
280,"Over time, People now",dua_dmd,0.5,1,8,0.55913,0.47489,0.28151,0.28594,0.06,0.59114,0.11624,0.02713,0.03796,0.21642
280,"Over time, People now",dua_dmd,0.7,1,10,0.77673,0.49118,0.47641,0.47853,0.07013,0.59114,0.09996,0.02008,0.07624,0.38009
280,"Over time, People now",dua_dmd,0.9,1,12,0.90405,0.51874,0.73015,0.72842,0.08058,0.59114,0.07239,0.01057,0.12156,0.59801
280,"Over time, People now",dua_dmd,0.99,1,17,0.9915,0.57317,1.57453,1.55849,0.0925,0.59114,0.01796,0.00066,0.2353,1.33857
13,"At home, You really",euc_ctx,0.3,1,26,0.33607,0.14783,0.49228,0.49373,0.22719,0.44942,0.30158,0.2592,0.01947,0.21362
13,"At home, You really",euc_ctx,0.5,1,30,0.53742,0.14964,0.55873,0.55949,0.23573,0.44942,0.29978,0.25491,0.02738,0.27644
13,"At home, You really",euc_ctx,0.7,1,34,0.72693,0.17186,0.59319,0.59294,0.2336,0.44942,0.27756,0.20727,0.03683,0.34909
13,"At home, You really",euc_ctx,0.9,1,40,0.90194,0.24385,0.63364,0.63105,0.2342,0.44942,0.20556,0.10009,0.05022,0.48333
13,"At home, You really",euc_ctx,0.99,1,52,0.99079,0.45613,0.97051,0.95926,0.18083,0.44942,0.00671,9e-05,0.06967,0.90075
13,"At home, You really",cau_ctx,0.3,1,47,0.32109,0.20456,0.7358,0.7427,0.28337,0.44942,0.24485,0.15116,0.02733,0.55731
13,"At home, You really",cau_ctx,0.5,1,54,0.50925,0.16535,1.10274,1.10712,0.24654,0.44942,0.28406,0.2203,0.03402,0.84842
13,"At home, You really",cau_ctx,0.7,1,62,0.71707,0.12599,1.66395,1.6634,0.2427,0.44942,0.32342,0.3171,0.0511,1.29575
13,"At home, You really",cau_ctx,0.9,1,74,0.90516,0.08121,2.70532,2.69432,0.24957,0.44942,0.3682,0.48695,0.08619,2.13218
13,"At home, You really",cau_ctx,0.99,1,96,0.99022,0.03496,4.85268,4.8187,0.2737,0.44942,0.41446,0.8387,0.14907,3.8649
13,"At home, You really",dua_ctx,0.3,1,29,0.3175,0.25196,0.29238,0.29598,0.22033,0.44942,0.19746,0.09133,0.02105,0.18
13,"At home, You really",dua_ctx,0.5,1,34,0.51486,0.25164,0.36836,0.37094,0.22788,0.44942,0.19778,0.09166,0.02743,0.24927
13,"At home, You really",dua_ctx,0.7,1,39,0.70436,0.26931,0.44015,0.44107,0.22845,0.44942,0.1801,0.07432,0.03432,0.33152
13,"At home, You really",dua_ctx,0.9,1,48,0.91262,0.33694,0.5942,0.59045,0.23258,0.44942,0.11248,0.02711,0.04923,0.51787
13,"At home, You really",dua_ctx,0.99,1,61,0.99023,0.46536,0.97184,0.95794,0.07266,0.44942,0.01594,0.00051,0.07266,0.89867
13,"At home, You really",euc_unemb,0.3,1,13,0.39461,0.10075,0.69834,0.68986,0.26086,0.44942,0.34866,0.4019,0.02907,0.26737
13,"At home, You really",euc_unemb,0.5,1,14,0.50312,0.10018,0.74169,0.73208,0.26197,0.44942,0.34924,0.40413,0.03568,0.30188
13,"At home, You really",euc_unemb,0.7,1,16,0.7098,0.11195,0.80243,0.79037,0.27141,0.44942,0.33746,0.36143,0.06381,0.37719
13,"At home, You really",euc_unemb,0.9,1,19,0.90198,0.16339,0.87248,0.85606,0.26275,0.44942,0.28603,0.22438,0.13463,0.51348
13,"At home, You really",euc_unemb,0.99,1,25,0.99241,0.34345,1.29011,1.26065,0.23483,0.44942,0.10597,0.02394,0.29694,0.96923
13,"At home, You really",cau_unemb,0.3,1,13,0.31513,0.08895,0.75971,0.75297,0.2531,0.44942,0.36047,0.45072,0.03927,0.26972
13,"At home, You really",cau_unemb,0.5,1,15,0.5052,0.08339,0.84755,0.83884,0.26862,0.44942,0.36603,0.47638,0.03457,0.3366
13,"At home, You really",cau_unemb,0.7,1,18,0.76938,0.09744,0.89866,0.88673,0.26893,0.44942,0.35198,0.41492,0.03783,0.4459
13,"At home, You really",cau_unemb,0.9,1,21,0.9149,0.13866,0.90951,0.89392,0.24563,0.44942,0.31076,0.28209,0.05775,0.56968
13,"At home, You really",cau_unemb,0.99,1,27,0.99078,0.2912,1.06867,1.04342,0.25074,0.44942,0.15822,0.05595,0.1119,0.90082
13,"At home, You really",dua_unemb,0.3,1,13,0.30717,0.2401,0.27315,0.27055,0.23747,0.44942,0.20931,0.10433,0.02459,0.14423
13,"At home, You really",dua_unemb,0.5,1,16,0.58215,0.24472,0.38085,0.3748,0.23866,0.44942,0.2047,0.09913,0.03845,0.24327
13,"At home, You really",dua_unemb,0.7,1,18,0.74599,0.26357,0.4754,0.46606,0.24053,0.44942,0.18585,0.07969,0.06381,0.3319
13,"At home, You really",dua_unemb,0.9,1,21,0.90023,0.30688,0.66108,0.64546,0.24633,0.44942,0.14254,0.0447,0.11757,0.49881
13,"At home, You really",dua_unemb,0.99,1,28,0.99283,0.42154,1.27583,1.24125,0.22211,0.44942,0.02788,0.00158,0.24423,1.03002
13,"At home, You really",euc_dmd,0.3,1,11,0.36315,0.06706,0.94264,0.93752,0.28266,0.44942,0.38236,0.56459,0.06244,0.31561
13,"At home, You really",euc_dmd,0.5,1,13,0.60676,0.06449,1.08541,1.07795,0.29144,0.44942,0.38493,0.58066,0.09609,0.40866
13,"At home, You really",euc_dmd,0.7,1,14,0.7164,0.06873,1.1352,1.12649,0.29218,0.44942,0.38069,0.55452,0.12225,0.45843
13,"At home, You really",euc_dmd,0.9,1,17,0.91557,0.103,1.2435,1.23056,0.28297,0.44942,0.34642,0.39336,0.22508,0.62505
13,"At home, You really",euc_dmd,0.99,1,22,0.9913,0.22426,1.54143,1.51905,0.28145,0.44942,0.22516,0.12365,0.41383,1.00395
13,"At home, You really",cau_dmd,0.3,1,12,0.40199,0.05223,1.1355,1.13266,0.29851,0.44942,0.39719,0.66828,0.07728,0.38994
13,"At home, You really",cau_dmd,0.5,1,13,0.51426,0.04978,1.21451,1.21074,0.29938,0.44942,0.39964,0.68845,0.08623,0.43983
13,"At home, You really",cau_dmd,0.7,1,15,0.72144,0.05206,1.33366,1.32788,0.30097,0.44942,0.39735,0.66957,0.11746,0.54663
13,"At home, You really",cau_dmd,0.9,1,18,0.90539,0.07052,1.46572,1.45638,0.29248,0.44942,0.3789,0.54406,0.19,0.73167
13,"At home, You really",cau_dmd,0.99,1,24,0.99154,0.13855,1.915,1.89538,0.18555,0.44942,0.31086,0.28237,0.36284,1.2698
13,"At home, You really",dua_dmd,0.3,1,11,0.307,0.17861,0.4215,0.42316,0.24388,0.44942,0.27081,0.19446,0.02756,0.19949
13,"At home, You really",dua_dmd,0.5,1,13,0.52614,0.16844,0.53827,0.53812,0.24324,0.44942,0.28098,0.21403,0.03496,0.28928
13,"At home, You really",dua_dmd,0.7,1,15,0.73041,0.17597,0.65459,0.65182,0.24428,0.44942,0.27345,0.19938,0.05699,0.39822
13,"At home, You really",dua_dmd,0.9,1,18,0.9085,0.21052,0.84764,0.83966,0.26816,0.44942,0.2389,0.1424,0.11249,0.59274
13,"At home, You really",dua_dmd,0.99,1,24,0.99188,0.30873,1.35414,1.33255,0.26433,0.44942,0.14068,0.04346,0.23659,1.07408
186,"Over time, Both of them still",euc_ctx,0.3,1,10,0.30659,0.25248,0.13469,0.13627,0.15177,0.4251,0.17262,0.07052,0.00516,0.05901
186,"Over time, Both of them still",euc_ctx,0.5,1,14,0.52883,0.23411,0.21017,0.21113,0.15545,0.4251,0.19099,0.08868,0.01167,0.10982
186,"Over time, Both of them still",euc_ctx,0.7,1,18,0.74008,0.25016,0.26679,0.26643,0.15255,0.4251,0.17494,0.07267,0.01976,0.17436
186,"Over time, Both of them still",euc_ctx,0.9,1,23,0.901,0.31041,0.33384,0.33092,0.15024,0.4251,0.11469,0.02909,0.02894,0.27582
186,"Over time, Both of them still",euc_ctx,0.99,1,34,0.99145,0.5059,0.6658,0.6539,0.0271,0.4251,0.0808,0.0131,0.04611,0.60659
186,"Over time, Both of them still",cau_ctx,0.3,1,19,0.31547,0.26406,0.16429,0.16755,0.15006,0.4251,0.16104,0.06044,0.01669,0.08716
186,"Over time, Both of them still",cau_ctx,0.5,1,26,0.52548,0.25033,0.26567,0.26869,0.15539,0.4251,0.17477,0.07251,0.03203,0.16114
186,"Over time, Both of them still",cau_ctx,0.7,1,32,0.70205,0.2629,0.3608,0.36295,0.15723,0.4251,0.1622,0.06141,0.05483,0.24456
186,"Over time, Both of them still",cau_ctx,0.9,1,43,0.90492,0.33188,0.5988,0.59763,0.14408,0.4251,0.09322,0.01884,0.12144,0.45852
186,"Over time, Both of them still",cau_ctx,0.99,1,62,0.99102,0.47118,1.38837,1.37618,0.20137,0.4251,0.04608,0.00428,0.28745,1.09664
186,"Over time, Both of them still",dua_ctx,0.3,1,12,0.31785,0.29709,0.09683,0.09861,0.14002,0.4251,0.12801,0.03674,0.00435,0.05575
186,"Over time, Both of them still",dua_ctx,0.5,1,16,0.50019,0.28486,0.15132,0.15258,0.14087,0.4251,0.14024,0.04469,0.00837,0.09826
186,"Over time, Both of them still",dua_ctx,0.7,1,21,0.72239,0.29636,0.22163,0.2214,0.14325,0.4251,0.12874,0.03718,0.01565,0.1688
186,"Over time, Both of them still",dua_ctx,0.9,1,28,0.91137,0.35291,0.3414,0.33764,0.01649,0.4251,0.07219,0.01111,0.02857,0.30173
186,"Over time, Both of them still",dua_ctx,0.99,1,40,0.99187,0.49341,0.69091,0.67792,0.02689,0.4251,0.06831,0.00938,0.05211,0.62943
186,"Over time, Both of them still",euc_unemb,0.3,1,5,0.33516,0.29298,0.10772,0.108,0.14201,0.4251,0.13212,0.03931,0.00656,0.06186
186,"Over time, Both of them still",euc_unemb,0.5,1,7,0.57665,0.29676,0.18374,0.18262,0.14389,0.4251,0.12834,0.03694,0.02322,0.12358
186,"Over time, Both of them still",euc_unemb,0.7,1,9,0.78714,0.34228,0.28563,0.28201,0.14658,0.4251,0.08282,0.01474,0.05682,0.21406
186,"Over time, Both of them still",euc_unemb,0.9,1,11,0.90979,0.41646,0.44401,0.43667,0.1493,0.4251,0.00864,0.00015,0.09915,0.3447
186,"Over time, Both of them still",euc_unemb,0.99,1,16,0.99214,0.5768,1.18738,1.16596,0.07178,0.4251,0.1517,0.0464,0.2061,0.93488
186,"Over time, Both of them still",cau_unemb,0.3,1,5,0.30595,0.29329,0.09148,0.09302,0.14229,0.4251,0.13181,0.03911,0.00583,0.04655
186,"Over time, Both of them still",cau_unemb,0.5,1,7,0.52663,0.2911,0.14582,0.14673,0.1437,0.4251,0.134,0.04051,0.01353,0.09178
186,"Over time, Both of them still",cau_unemb,0.7,1,9,0.7367,0.32679,0.20615,0.20555,0.14255,0.4251,0.09831,0.02105,0.02863,0.15647
186,"Over time, Both of them still",cau_unemb,0.9,1,12,0.91723,0.43277,0.36513,0.36043,0.01913,0.4251,0.00767,0.00012,0.0591,0.30591
186,"Over time, Both of them still",cau_unemb,0.99,1,17,0.9908,0.60048,0.94746,0.93146,0.06934,0.4251,0.17538,0.06239,0.10914,0.77593
186,"Over time, Both of them still",dua_unemb,0.3,1,5,0.30626,0.34173,0.06717,0.06784,0.012,0.4251,0.08338,0.01495,0.00561,0.04661
186,"Over time, Both of them still",dua_unemb,0.5,1,7,0.52307,0.3463,0.13094,0.13041,0.1413,0.4251,0.07881,0.01331,0.0176,0.10003
186,"Over time, Both of them still",dua_unemb,0.7,1,9,0.72852,0.37676,0.22825,0.22539,0.14432,0.4251,0.04834,0.0049,0.04204,0.1813
186,"Over time, Both of them still",dua_unemb,0.9,1,12,0.91102,0.45094,0.45446,0.44611,0.02063,0.4251,0.02584,0.00135,0.08935,0.36376
186,"Over time, Both of them still",dua_unemb,0.99,1,17,0.99027,0.56867,1.05394,1.03242,0.05267,0.4251,0.14357,0.04149,0.15931,0.85315
186,"Over time, Both of them still",euc_dmd,0.3,1,5,0.39533,0.23677,0.18573,0.18564,0.15282,0.4251,0.18833,0.08588,0.01044,0.0894
186,"Over time, Both of them still",euc_dmd,0.5,1,6,0.52976,0.23023,0.23507,0.23418,0.15401,0.4251,0.19487,0.09288,0.01646,0.12572
186,"Over time, Both of them still",euc_dmd,0.7,1,8,0.76937,0.25169,0.32776,0.3245,0.1588,0.4251,0.17341,0.07125,0.04113,0.21538
186,"Over time, Both of them still",euc_dmd,0.9,1,10,0.90765,0.31051,0.43992,0.43333,0.1586,0.4251,0.11459,0.02904,0.08137,0.32951
186,"Over time, Both of them still",euc_dmd,0.99,1,15,0.99301,0.51056,0.96463,0.94593,0.04085,0.4251,0.08546,0.01465,0.19437,0.75562
186,"Over time, Both of them still",cau_dmd,0.3,1,5,0.3455,0.23599,0.17377,0.17533,0.14387,0.4251,0.18911,0.08669,0.01634,0.07074
186,"Over time, Both of them still",cau_dmd,0.5,1,7,0.58168,0.22532,0.24971,0.25034,0.15306,0.4251,0.19978,0.09839,0.01971,0.13161
186,"Over time, Both of them still",cau_dmd,0.7,1,9,0.78223,0.25104,0.3152,0.31413,0.15311,0.4251,0.17406,0.07185,0.03332,0.21003
186,"Over time, Both of them still",cau_dmd,0.9,1,11,0.90112,0.3048,0.40231,0.39878,0.15311,0.4251,0.1203,0.03219,0.06155,0.30858
186,"Over time, Both of them still",cau_dmd,0.99,1,17,0.9927,0.51108,0.95901,0.94385,0.03758,0.4251,0.08598,0.01483,0.16865,0.77553
186,"Over time, Both of them still",dua_dmd,0.3,1,5,0.38787,0.29519,0.11336,0.11395,0.1425,0.4251,0.12991,0.03791,0.00838,0.06707
186,"Over time, Both of them still",dua_dmd,0.5,1,6,0.51855,0.29137,0.15333,0.15332,0.14452,0.4251,0.13373,0.04034,0.01458,0.09841
186,"Over time, Both of them still",dua_dmd,0.7,1,8,0.75185,0.30898,0.24673,0.24471,0.15138,0.4251,0.11613,0.02986,0.03594,0.18093
186,"Over time, Both of them still",dua_dmd,0.9,1,11,0.93,0.37409,0.43872,0.43198,0.0263,0.4251,0.05101,0.00547,0.08095,0.35231
186,"Over time, Both of them still",dua_dmd,0.99,1,16,0.99296,0.49813,0.9247,0.90682,0.03765,0.4251,0.07303,0.01071,0.15482,0.75917
272,"Honestly, Parents typically",euc_ctx,0.3,1,23,0.30146,0.35404,0.4678,0.47283,0.04024,0.53896,0.18493,0.071,0.03226,0.36453
272,"Honestly, Parents typically",euc_ctx,0.5,1,27,0.53662,0.3586,0.63439,0.6375,0.0335,0.53896,0.18037,0.06737,0.03778,0.52924
272,"Honestly, Parents typically",euc_ctx,0.7,1,30,0.7072,0.38591,0.76753,0.76829,0.237,0.53896,0.15306,0.04788,0.0412,0.67846
272,"Honestly, Parents typically",euc_ctx,0.9,1,36,0.91176,0.47813,1.10506,1.09884,0.26404,0.53896,0.06083,0.00741,0.04793,1.04973
272,"Honestly, Parents typically",euc_ctx,0.99,1,46,0.99093,0.60671,1.94913,1.92666,0.26563,0.53896,0.06775,0.00946,0.06041,1.87927
272,"Honestly, Parents typically",cau_ctx,0.3,1,46,0.31478,0.38331,0.9638,0.97022,0.20714,0.53896,0.15565,0.04957,0.09439,0.81984
272,"Honestly, Parents typically",cau_ctx,0.5,1,53,0.5199,0.29317,1.48743,1.48916,0.22667,0.53896,0.24579,0.13117,0.10363,1.25263
272,"Honestly, Parents typically",cau_ctx,0.7,1,60,0.71671,0.21456,2.15382,2.14854,0.23352,0.53896,0.3244,0.25078,0.12318,1.77987
272,"Honestly, Parents typically",cau_ctx,0.9,1,71,0.90409,0.13138,3.36975,3.35048,0.2433,0.53896,0.40758,0.46873,0.18516,2.71585
272,"Honestly, Parents typically",cau_ctx,0.99,1,92,0.99099,0.05603,5.88457,5.83493,0.25509,0.53896,0.48293,0.88965,0.36874,4.62618
272,"Honestly, Parents typically",dua_ctx,0.3,1,26,0.31405,0.40095,0.37212,0.37673,0.02784,0.53896,0.13801,0.0387,0.02826,0.30516
272,"Honestly, Parents typically",dua_ctx,0.5,1,31,0.52768,0.40356,0.51907,0.52145,0.02954,0.53896,0.1354,0.03721,0.03397,0.44788
272,"Honestly, Parents typically",dua_ctx,0.7,1,36,0.72559,0.42683,0.69241,0.69124,0.17153,0.53896,0.11213,0.02535,0.0396,0.62746
272,"Honestly, Parents typically",dua_ctx,0.9,1,43,0.90148,0.48332,1.01888,1.01051,0.23017,0.53896,0.05564,0.0062,0.05238,0.96031
272,"Honestly, Parents typically",dua_ctx,0.99,1,55,0.99012,0.58089,1.91745,1.89139,0.26458,0.53896,0.04193,0.00358,0.08371,1.83016
272,"Honestly, Parents typically",euc_unemb,0.3,1,10,0.35745,0.33073,0.42668,0.43014,0.07621,0.53896,0.20823,0.09137,0.04196,0.29335
272,"Honestly, Parents typically",euc_unemb,0.5,1,11,0.50451,0.33603,0.51703,0.51922,0.08281,0.53896,0.20294,0.08647,0.05319,0.37737
272,"Honestly, Parents typically",euc_unemb,0.7,1,13,0.77323,0.38083,0.75208,0.75,0.23201,0.53896,0.15813,0.05122,0.09929,0.60157
272,"Honestly, Parents typically",euc_unemb,0.9,1,15,0.91939,0.44549,1.09647,1.08784,0.24667,0.53896,0.09347,0.01755,0.16522,0.9137
272,"Honestly, Parents typically",euc_unemb,0.99,1,19,0.99217,0.52366,2.06869,2.04257,0.27081,0.53896,0.01531,0.00047,0.29269,1.77553
272,"Honestly, Parents typically",cau_unemb,0.3,1,11,0.37765,0.28417,0.54476,0.55033,0.20049,0.53896,0.2548,0.14214,0.04536,0.35725
272,"Honestly, Parents typically",cau_unemb,0.5,1,12,0.51191,0.28696,0.62635,0.63096,0.26023,0.53896,0.252,0.13867,0.04964,0.43803
272,"Honestly, Parents typically",cau_unemb,0.7,1,14,0.75694,0.32332,0.80195,0.80345,0.24201,0.53896,0.21564,0.0985,0.06848,0.63497
272,"Honestly, Parents typically",cau_unemb,0.9,1,16,0.90161,0.38623,1.03334,1.03012,0.25448,0.53896,0.15274,0.04767,0.09964,0.88602
272,"Honestly, Parents typically",cau_unemb,0.99,1,21,0.99236,0.51298,1.9459,1.92575,0.25852,0.53896,0.02598,0.00135,0.18433,1.76022
272,"Honestly, Parents typically",dua_unemb,0.3,1,10,0.32134,0.38213,0.26272,0.26669,0.05838,0.53896,0.15683,0.05035,0.02673,0.18564
272,"Honestly, Parents typically",dua_unemb,0.5,1,12,0.58511,0.39719,0.40492,0.40641,0.0578,0.53896,0.14177,0.04089,0.05301,0.31102
272,"Honestly, Parents typically",dua_unemb,0.7,1,13,0.70549,0.41495,0.50069,0.50018,0.15276,0.53896,0.12401,0.0311,0.07419,0.3954
272,"Honestly, Parents typically",dua_unemb,0.9,1,16,0.92107,0.48317,0.91393,0.90463,0.23553,0.53896,0.05579,0.00623,0.14988,0.75782
272,"Honestly, Parents typically",dua_unemb,0.99,1,20,0.99066,0.54769,1.75778,1.73207,0.26641,0.53896,0.00873,0.00015,0.23918,1.51844
272,"Honestly, Parents typically",euc_dmd,0.3,1,9,0.3035,0.29512,0.58281,0.58951,0.21054,0.53896,0.24384,0.12886,0.05645,0.3975
272,"Honestly, Parents typically",euc_dmd,0.5,1,11,0.60447,0.29427,0.83645,0.84054,0.24716,0.53896,0.24469,0.12986,0.07399,0.63259
272,"Honestly, Parents typically",euc_dmd,0.7,1,12,0.73985,0.31245,0.98159,0.98356,0.24539,0.53896,0.22651,0.10959,0.09558,0.77641
272,"Honestly, Parents typically",euc_dmd,0.9,1,14,0.90665,0.36948,1.34223,1.33838,0.24663,0.53896,0.16948,0.05915,0.16206,1.12102
272,"Honestly, Parents typically",euc_dmd,0.99,1,18,0.99073,0.46167,2.3439,2.32399,0.25186,0.53896,0.0773,0.01197,0.30852,2.02341
272,"Honestly, Parents typically",cau_dmd,0.3,1,11,0.41155,0.24817,0.96958,0.97833,0.27291,0.53896,0.2908,0.19253,0.09248,0.68457
272,"Honestly, Parents typically",cau_dmd,0.5,1,12,0.54301,0.24569,1.10318,1.11079,0.27087,0.53896,0.29327,0.19641,0.08927,0.8175
272,"Honestly, Parents typically",cau_dmd,0.7,1,14,0.7708,0.26418,1.40159,1.40577,0.26729,0.53896,0.27479,0.16876,0.11056,1.12227
272,"Honestly, Parents typically",cau_dmd,0.9,1,16,0.90277,0.29957,1.77003,1.76935,0.25254,0.53896,0.23939,0.12372,0.1641,1.48221
272,"Honestly, Parents typically",cau_dmd,0.99,1,21,0.99074,0.36064,2.99554,2.97826,0.24538,0.53896,0.17832,0.06578,0.32587,2.60389
272,"Honestly, Parents typically",dua_dmd,0.3,1,9,0.30006,0.34912,0.36782,0.3747,0.02567,0.53896,0.18984,0.07504,0.03864,0.25414
272,"Honestly, Parents typically",dua_dmd,0.5,1,11,0.58377,0.35117,0.56961,0.57491,0.14667,0.53896,0.18779,0.07335,0.06118,0.43509
272,"Honestly, Parents typically",dua_dmd,0.7,1,12,0.71181,0.36503,0.69589,0.69969,0.18817,0.53896,0.17394,0.06244,0.0784,0.55505
272,"Honestly, Parents typically",dua_dmd,0.9,1,15,0.92671,0.42995,1.20676,1.20338,0.21306,0.53896,0.10902,0.02394,0.14518,1.03764
272,"Honestly, Parents typically",dua_dmd,0.99,1,19,0.99083,0.50485,2.15095,2.13335,0.25066,0.53896,0.03411,0.00233,0.24024,1.90837
120,"Over time, Farmers also",euc_ctx,0.3,1,15,0.34593,0.227,0.30825,0.31054,0.15165,0.42703,0.20002,0.09826,0.01126,0.19873
120,"Over time, Farmers also",euc_ctx,0.5,1,18,0.50872,0.21917,0.40243,0.40403,0.15654,0.42703,0.20785,0.10747,0.01739,0.27756
120,"Over time, Farmers also",euc_ctx,0.7,1,22,0.71716,0.23382,0.51646,0.51654,0.13866,0.42703,0.19321,0.0907,0.02646,0.3993
120,"Over time, Farmers also",euc_ctx,0.9,1,28,0.90657,0.30158,0.69094,0.68747,0.07195,0.42703,0.12544,0.03508,0.03765,0.61821
120,"Over time, Farmers also",euc_ctx,0.99,1,39,0.99122,0.47987,1.20892,1.19545,0.05583,0.42703,0.05285,0.00562,0.05162,1.15167
120,"Over time, Farmers also",cau_ctx,0.3,1,29,0.31518,0.26376,0.28335,0.28789,0.12789,0.42703,0.16327,0.06209,0.02052,0.20074
120,"Over time, Farmers also",cau_ctx,0.5,1,36,0.50097,0.25772,0.40355,0.4077,0.12932,0.42703,0.1693,0.0673,0.02999,0.30626
120,"Over time, Farmers also",cau_ctx,0.7,1,44,0.71048,0.27571,0.55955,0.56232,0.11169,0.42703,0.15132,0.05254,0.04435,0.46265
120,"Over time, Farmers also",cau_ctx,0.9,1,56,0.90432,0.33146,0.89592,0.89441,0.11155,0.42703,0.09556,0.0198,0.07595,0.80017
120,"Over time, Farmers also",cau_ctx,0.99,1,77,0.99047,0.36429,1.98129,1.9659,0.12257,0.42703,0.06274,0.00832,0.16235,1.81062
120,"Over time, Farmers also",dua_ctx,0.3,1,17,0.32717,0.28574,0.20886,0.21207,0.05797,0.42703,0.14129,0.04528,0.01021,0.15337
120,"Over time, Farmers also",dua_ctx,0.5,1,21,0.50103,0.27785,0.30421,0.30677,0.06494,0.42703,0.14917,0.05093,0.0165,0.23678
120,"Over time, Farmers also",dua_ctx,0.7,1,26,0.71341,0.28863,0.43832,0.43919,0.0687,0.42703,0.13839,0.0433,0.02535,0.36967
120,"Over time, Farmers also",dua_ctx,0.9,1,33,0.90247,0.33656,0.66506,0.66197,0.06212,0.42703,0.09047,0.01766,0.03741,0.60998
120,"Over time, Farmers also",dua_ctx,0.99,1,45,0.99018,0.45866,1.21445,1.20129,0.06245,0.42703,0.03164,0.00202,0.058,1.15443
120,"Over time, Farmers also",euc_unemb,0.3,1,6,0.3007,0.25968,0.22064,0.22181,0.14158,0.42703,0.16735,0.06558,0.01068,0.14438
120,"Over time, Farmers also",euc_unemb,0.5,1,8,0.55556,0.25567,0.36052,0.36012,0.15058,0.42703,0.17135,0.06913,0.03092,0.26047
120,"Over time, Farmers also",euc_unemb,0.7,1,10,0.78527,0.29183,0.53257,0.5293,0.15395,0.42703,0.1352,0.04118,0.07147,0.41992
120,"Over time, Farmers also",euc_unemb,0.9,1,12,0.91493,0.3552,0.76836,0.76085,0.15978,0.42703,0.07182,0.01097,0.12363,0.63375
120,"Over time, Farmers also",euc_unemb,0.99,1,17,0.99387,0.494,1.71133,1.6883,0.15663,0.42703,0.06697,0.00901,0.25299,1.44934
120,"Over time, Farmers also",cau_unemb,0.3,1,7,0.35747,0.26407,0.21963,0.22237,0.14036,0.42703,0.16295,0.06183,0.01242,0.14538
120,"Over time, Farmers also",cau_unemb,0.5,1,9,0.59624,0.27288,0.32656,0.32826,0.14695,0.42703,0.15414,0.05471,0.02658,0.24527
120,"Over time, Farmers also",cau_unemb,0.7,1,10,0.70638,0.29076,0.38751,0.38828,0.14878,0.42703,0.13627,0.04188,0.03753,0.3081
120,"Over time, Farmers also",cau_unemb,0.9,1,13,0.91222,0.38167,0.64765,0.64385,0.10812,0.42703,0.04536,0.0043,0.08002,0.56333
120,"Over time, Farmers also",cau_unemb,0.99,1,18,0.99161,0.52109,1.43691,1.42045,0.13226,0.42703,0.09407,0.01774,0.15399,1.26518
120,"Over time, Farmers also",dua_unemb,0.3,1,7,0.39156,0.31367,0.187,0.18853,0.05516,0.42703,0.11335,0.02831,0.01497,0.14373
120,"Over time, Farmers also",dua_unemb,0.5,1,8,0.51517,0.31657,0.25105,0.25181,0.06022,0.42703,0.11046,0.0268,0.02419,0.20006
120,"Over time, Farmers also",dua_unemb,0.7,1,10,0.74091,0.34139,0.4194,0.41755,0.12491,0.42703,0.08563,0.01577,0.05287,0.35076
120,"Over time, Farmers also",dua_unemb,0.9,1,13,0.92566,0.40594,0.77671,0.76863,0.13121,0.42703,0.02109,0.00092,0.10785,0.66794
120,"Over time, Farmers also",dua_unemb,0.99,1,18,0.99339,0.50563,1.61646,1.59387,0.14141,0.42703,0.07861,0.0124,0.19302,1.41104
120,"Over time, Farmers also",euc_dmd,0.3,1,6,0.33296,0.20321,0.33863,0.33951,0.16213,0.42703,0.22382,0.12818,0.01925,0.1912
120,"Over time, Farmers also",euc_dmd,0.5,1,8,0.60143,0.19114,0.51766,0.51664,0.1687,0.42703,0.23589,0.14571,0.04528,0.32667
120,"Over time, Farmers also",euc_dmd,0.7,1,9,0.72398,0.19988,0.60491,0.60257,0.17017,0.42703,0.22715,0.13284,0.066,0.40606
120,"Over time, Farmers also",euc_dmd,0.9,1,12,0.93207,0.27153,0.89456,0.8868,0.16202,0.42703,0.1555,0.05577,0.14661,0.69218
120,"Over time, Farmers also",euc_dmd,0.99,1,16,0.99191,0.40755,1.45912,1.44113,0.08157,0.42703,0.01947,0.00078,0.25799,1.20034
120,"Over time, Farmers also",cau_dmd,0.3,1,7,0.35693,0.20514,0.33581,0.33868,0.16585,0.42703,0.22188,0.12552,0.02986,0.18043
120,"Over time, Farmers also",cau_dmd,0.5,1,9,0.58895,0.20101,0.46339,0.46525,0.16772,0.42703,0.22601,0.13124,0.04499,0.28717
120,"Over time, Farmers also",cau_dmd,0.7,1,11,0.78512,0.22729,0.58982,0.58989,0.16189,0.42703,0.19973,0.09793,0.07551,0.41638
120,"Over time, Farmers also",cau_dmd,0.9,1,13,0.902,0.27794,0.73891,0.73643,0.14117,0.42703,0.14908,0.05087,0.11792,0.57012
120,"Over time, Farmers also",cau_dmd,0.99,1,19,0.99277,0.47139,1.47568,1.4613,0.07604,0.42703,0.04437,0.00397,0.25714,1.21457
120,"Over time, Farmers also",dua_dmd,0.3,1,6,0.33064,0.26819,0.20366,0.20589,0.14378,0.42703,0.15884,0.05844,0.01542,0.1298
120,"Over time, Farmers also",dua_dmd,0.5,1,8,0.59144,0.26083,0.34556,0.34656,0.1549,0.42703,0.1662,0.06459,0.0374,0.24357
120,"Over time, Farmers also",dua_dmd,0.7,1,9,0.7099,0.26848,0.42732,0.42724,0.13647,0.42703,0.15855,0.0582,0.05328,0.31583
120,"Over time, Farmers also",dua_dmd,0.9,1,12,0.91862,0.32011,0.72149,0.71661,0.08057,0.42703,0.10692,0.02503,0.10929,0.58717
120,"Over time, Farmers also",dua_dmd,0.99,1,17,0.99259,0.42907,1.38548,1.36904,0.0794,0.42703,0.00204,1e-05,0.20091,1.18457
12,"Lately, You never",euc_ctx,0.3,1,30,0.3385,0.13572,0.87922,0.87961,0.35343,0.61491,0.47919,0.61774,0.04386,0.21762
12,"Lately, You never",euc_ctx,0.5,1,34,0.53689,0.13009,0.98525,0.98433,0.36505,0.61491,0.48482,0.6413,0.07749,0.26646
12,"Lately, You never",euc_ctx,0.7,1,38,0.72378,0.14235,1.03295,1.03047,0.36175,0.61491,0.47256,0.59139,0.12201,0.31955
12,"Lately, You never",euc_ctx,0.9,1,45,0.91547,0.20481,1.01424,1.00822,0.34624,0.61491,0.4101,0.39679,0.1916,0.42585
12,"Lately, You never",euc_ctx,0.99,1,57,0.99164,0.39304,1.02871,1.01361,0.05878,0.61491,0.22187,0.1,0.25632,0.67238
12,"Lately, You never",cau_ctx,0.3,1,59,0.32163,0.1233,1.18943,1.18755,0.32827,0.61491,0.49161,0.67128,0.06679,0.45135
12,"Lately, You never",cau_ctx,0.5,1,67,0.52151,0.09778,1.50527,1.49994,0.34237,0.61491,0.51713,0.80284,0.0924,0.61003
12,"Lately, You never",cau_ctx,0.7,1,75,0.71481,0.08126,1.85263,1.84259,0.32934,0.61491,0.53365,0.90965,0.12806,0.81492
12,"Lately, You never",cau_ctx,0.9,1,88,0.90638,0.06155,2.51805,2.49768,0.30448,0.61491,0.55336,1.07227,0.19564,1.25014
12,"Lately, You never",cau_ctx,0.99,1,111,0.99042,0.03362,3.98851,3.94476,0.30272,0.61491,0.58129,1.43289,0.33781,2.21782
12,"Lately, You never",dua_ctx,0.3,1,35,0.32158,0.26898,0.51809,0.51784,0.07645,0.61491,0.34593,0.2616,0.04882,0.20767
12,"Lately, You never",dua_ctx,0.5,1,40,0.50955,0.2649,0.593,0.59101,0.07928,0.61491,0.35001,0.26886,0.05648,0.26766
12,"Lately, You never",dua_ctx,0.7,1,46,0.7268,0.2849,0.65926,0.6545,0.07854,0.61491,0.33001,0.23472,0.07395,0.35059
12,"Lately, You never",dua_ctx,0.9,1,54,0.90707,0.34668,0.73749,0.72787,0.06895,0.61491,0.26823,0.14884,0.10713,0.48152
12,"Lately, You never",dua_ctx,0.99,1,68,0.99116,0.49747,0.9701,0.9489,0.05404,0.61491,0.11744,0.02782,0.16132,0.78097
12,"Lately, You never",euc_unemb,0.3,1,13,0.37905,0.19103,0.68953,0.69002,0.2438,0.61491,0.42388,0.43302,0.04465,0.21187
12,"Lately, You never",euc_unemb,0.5,1,15,0.62103,0.19813,0.77478,0.77339,0.24769,0.61491,0.41678,0.41396,0.08152,0.27931
12,"Lately, You never",euc_unemb,0.7,1,16,0.72882,0.21413,0.79646,0.79386,0.25016,0.61491,0.40078,0.37397,0.10419,0.31831
12,"Lately, You never",euc_unemb,0.9,1,19,0.92247,0.30328,0.84367,0.83611,0.07877,0.61491,0.31163,0.20631,0.17218,0.46518
12,"Lately, You never",euc_unemb,0.99,1,24,0.99308,0.47574,1.16615,1.14564,0.06789,0.61491,0.13917,0.03898,0.26601,0.86116
12,"Lately, You never",cau_unemb,0.3,1,14,0.35921,0.17716,0.68453,0.68722,0.24345,0.61491,0.43775,0.47281,0.02543,0.18629
12,"Lately, You never",cau_unemb,0.5,1,16,0.57929,0.17885,0.75047,0.75192,0.24198,0.61491,0.43606,0.46776,0.04352,0.23919
12,"Lately, You never",cau_unemb,0.7,1,18,0.77186,0.20664,0.76251,0.76216,0.23878,0.61491,0.40827,0.39221,0.06795,0.30235
12,"Lately, You never",cau_unemb,0.9,1,21,0.92872,0.28918,0.75578,0.75148,0.07181,0.61491,0.32573,0.22787,0.10249,0.42542
12,"Lately, You never",cau_unemb,0.99,1,26,0.99192,0.44839,0.94939,0.93478,0.05606,0.61491,0.16652,0.05581,0.14437,0.74921
12,"Lately, You never",dua_unemb,0.3,1,14,0.38141,0.33199,0.3883,0.38841,0.07219,0.61491,0.28292,0.1669,0.02993,0.19147
12,"Lately, You never",dua_unemb,0.5,1,16,0.59664,0.3416,0.46807,0.46608,0.07482,0.61491,0.27331,0.15493,0.05089,0.26224
12,"Lately, You never",dua_unemb,0.7,1,18,0.78049,0.3735,0.5471,0.5422,0.06956,0.61491,0.24141,0.11916,0.07946,0.34849
12,"Lately, You never",dua_unemb,0.9,1,21,0.93208,0.4476,0.68789,0.6772,0.0691,0.61491,0.16731,0.05634,0.1236,0.50795
12,"Lately, You never",dua_unemb,0.99,1,26,0.9931,0.57615,1.0555,1.03213,0.06627,0.61491,0.03876,0.00311,0.18427,0.86812
12,"Lately, You never",euc_dmd,0.3,1,12,0.37948,0.11723,1.0127,1.01344,0.36802,0.61491,0.49768,0.69963,0.08125,0.23181
12,"Lately, You never",euc_dmd,0.5,1,13,0.5097,0.11315,1.10035,1.10019,0.3677,0.61491,0.50176,0.71965,0.11491,0.26579
12,"Lately, You never",euc_dmd,0.7,1,15,0.74981,0.12492,1.20623,1.20393,0.36458,0.61491,0.48999,0.66395,0.20262,0.33967
12,"Lately, You never",euc_dmd,0.9,1,18,0.93566,0.18915,1.24105,1.23461,0.30047,0.61491,0.42576,0.43819,0.33557,0.46729
12,"Lately, You never",euc_dmd,0.99,1,22,0.9915,0.34149,1.30528,1.29124,0.07755,0.61491,0.27342,0.15506,0.4713,0.67891
12,"Lately, You never",cau_dmd,0.3,1,13,0.33147,0.10987,1.02707,1.03028,0.3658,0.61491,0.50504,0.73633,0.08641,0.20432
12,"Lately, You never",cau_dmd,0.5,1,15,0.5552,0.1034,1.16347,1.16545,0.37178,0.61491,0.51151,0.77083,0.13332,0.25933
12,"Lately, You never",cau_dmd,0.7,1,17,0.75658,0.1158,1.22211,1.22252,0.36254,0.61491,0.49911,0.70658,0.19534,0.32018
12,"Lately, You never",cau_dmd,0.9,1,20,0.92259,0.16728,1.21832,1.21569,0.32603,0.61491,0.44763,0.50351,0.28989,0.42492
12,"Lately, You never",cau_dmd,0.99,1,25,0.99045,0.31946,1.25986,1.24985,0.07468,0.61491,0.29545,0.18339,0.42391,0.65256
12,"Lately, You never",dua_dmd,0.3,1,13,0.40586,0.24495,0.58011,0.58138,0.07622,0.61491,0.36996,0.30668,0.0722,0.20123
12,"Lately, You never",dua_dmd,0.5,1,14,0.52553,0.24389,0.63402,0.63445,0.07686,0.61491,0.37102,0.30881,0.09254,0.23266
12,"Lately, You never",dua_dmd,0.7,1,16,0.7447,0.26142,0.72213,0.7204,0.07616,0.61491,0.35349,0.27517,0.14361,0.30335
12,"Lately, You never",dua_dmd,0.9,1,19,0.92683,0.32434,0.82538,0.81924,0.07253,0.61491,0.29057,0.17684,0.22014,0.42839
12,"Lately, You never",dua_dmd,0.99,1,24,0.9933,0.46476,1.04781,1.03197,0.0676,0.61491,0.15015,0.04536,0.31397,0.68848
213,"Every day, Voters typically",euc_ctx,0.3,1,21,0.33117,0.44344,0.2782,0.28424,0.02883,0.53126,0.08782,0.0155,0.02296,0.23975
213,"Every day, Voters typically",euc_ctx,0.5,1,25,0.55366,0.46348,0.41943,0.424,0.03579,0.53126,0.06777,0.0092,0.03388,0.37634
213,"Every day, Voters typically",euc_ctx,0.7,1,28,0.71137,0.49507,0.55691,0.55935,0.04183,0.53126,0.03619,0.00262,0.04249,0.5118
213,"Every day, Voters typically",euc_ctx,0.9,1,34,0.90623,0.57272,0.93704,0.93273,0.14072,0.53126,0.04147,0.00349,0.05525,0.87831
213,"Every day, Voters typically",euc_ctx,0.99,1,45,0.99135,0.65991,1.92366,1.90205,0.19174,0.53126,0.12865,0.03519,0.06966,1.81882
213,"Every day, Voters typically",cau_ctx,0.3,1,42,0.30288,0.47912,0.51071,0.51646,0.07446,0.53126,0.05214,0.00544,0.06907,0.4362
213,"Every day, Voters typically",cau_ctx,0.5,1,50,0.51785,0.44488,0.83506,0.83797,0.07425,0.53126,0.08638,0.01499,0.09443,0.72565
213,"Every day, Voters typically",cau_ctx,0.7,1,57,0.7039,0.40759,1.23503,1.23345,0.13294,0.53126,0.12366,0.03102,0.12688,1.07713
213,"Every day, Voters typically",cau_ctx,0.9,1,69,0.90329,0.33581,2.13745,2.12461,0.17214,0.53126,0.19545,0.08032,0.20897,1.84815
213,"Every day, Voters typically",cau_ctx,0.99,1,90,0.99052,0.22312,4.06251,4.02469,0.19879,0.53126,0.30814,0.22406,0.41161,3.42684
213,"Every day, Voters typically",dua_ctx,0.3,1,23,0.31355,0.4906,0.23306,0.23965,0.02639,0.53126,0.04065,0.00331,0.0198,0.20995
213,"Every day, Voters typically",dua_ctx,0.5,1,28,0.51278,0.4972,0.38614,0.39117,0.03349,0.53126,0.03405,0.00232,0.0295,0.35431
213,"Every day, Voters typically",dua_ctx,0.7,1,33,0.70548,0.51351,0.59623,0.5982,0.04061,0.53126,0.01775,0.00063,0.04131,0.55429
213,"Every day, Voters typically",dua_ctx,0.9,1,41,0.90818,0.55449,1.0714,1.06526,0.13374,0.53126,0.02324,0.00109,0.06355,1.00676
213,"Every day, Voters typically",dua_ctx,0.99,1,53,0.99127,0.61365,2.08941,2.06544,0.1546,0.53126,0.0824,0.01402,0.09683,1.97856
213,"Every day, Voters typically",euc_unemb,0.3,1,9,0.39896,0.43826,0.19871,0.20378,0.04778,0.53126,0.09299,0.0174,0.03613,0.14518
213,"Every day, Voters typically",euc_unemb,0.5,1,10,0.54256,0.46238,0.27052,0.27469,0.04889,0.53126,0.06888,0.00951,0.06083,0.20018
213,"Every day, Voters typically",euc_unemb,0.7,1,12,0.79161,0.54124,0.51033,0.51078,0.15121,0.53126,0.00999,0.0002,0.14286,0.36726
213,"Every day, Voters typically",euc_unemb,0.9,1,14,0.92428,0.62321,0.89301,0.88729,0.20497,0.53126,0.09195,0.01755,0.24356,0.6319
213,"Every day, Voters typically",euc_unemb,0.99,1,18,0.99218,0.70355,1.91147,1.88925,0.22269,0.53126,0.1723,0.06554,0.41708,1.42885
213,"Every day, Voters typically",cau_unemb,0.3,1,10,0.4184,0.36735,0.23911,0.24501,0.05859,0.53126,0.16391,0.05544,0.031,0.15267
213,"Every day, Voters typically",cau_unemb,0.5,1,11,0.54856,0.38611,0.28626,0.29156,0.05533,0.53126,0.14514,0.04309,0.04737,0.1958
213,"Every day, Voters typically",cau_unemb,0.7,1,13,0.77607,0.45639,0.42643,0.42924,0.07103,0.53126,0.07487,0.01124,0.10064,0.31455
213,"Every day, Voters typically",cau_unemb,0.9,1,15,0.90805,0.54602,0.65889,0.65737,0.15238,0.53126,0.01476,0.00044,0.16728,0.49117
213,"Every day, Voters typically",cau_unemb,0.99,1,20,0.99261,0.68501,1.59014,1.57245,0.21444,0.53126,0.15376,0.0513,0.31264,1.2262
213,"Every day, Voters typically",dua_unemb,0.3,1,9,0.37563,0.46313,0.16258,0.16782,0.03962,0.53126,0.06813,0.0093,0.0287,0.12459
213,"Every day, Voters typically",dua_unemb,0.5,1,10,0.50677,0.4767,0.22259,0.22714,0.04554,0.53126,0.05455,0.00596,0.04537,0.17126
213,"Every day, Voters typically",dua_unemb,0.7,1,12,0.74486,0.52304,0.39687,0.39863,0.0658,0.53126,0.00821,0.00014,0.09507,0.30167
213,"Every day, Voters typically",dua_unemb,0.9,1,15,0.93302,0.60786,0.80437,0.79866,0.19449,0.53126,0.0766,0.01208,0.18346,0.60882
213,"Every day, Voters typically",dua_unemb,0.99,1,19,0.99184,0.68231,1.59634,1.57624,0.21609,0.53126,0.15105,0.04939,0.28678,1.26017
213,"Every day, Voters typically",euc_dmd,0.3,1,9,0.39228,0.36561,0.26433,0.27036,0.04892,0.53126,0.16565,0.05668,0.04208,0.16558
213,"Every day, Voters typically",euc_dmd,0.5,1,10,0.53273,0.38374,0.32138,0.32676,0.05296,0.53126,0.14752,0.04456,0.06047,0.21635
213,"Every day, Voters typically",euc_dmd,0.7,1,12,0.78001,0.45831,0.49827,0.50082,0.07314,0.53126,0.07295,0.01067,0.12993,0.35766
213,"Every day, Voters typically",euc_dmd,0.9,1,14,0.91646,0.55397,0.79949,0.79706,0.16299,0.53126,0.02271,0.00104,0.22932,0.56913
213,"Every day, Voters typically",euc_dmd,0.99,1,18,0.99038,0.67821,1.70187,1.6851,0.21519,0.53126,0.14696,0.04659,0.42834,1.22695
213,"Every day, Voters typically",cau_dmd,0.3,1,10,0.32959,0.30016,0.35383,0.36064,0.05198,0.53126,0.23109,0.11544,0.06162,0.17677
213,"Every day, Voters typically",cau_dmd,0.5,1,12,0.55574,0.3193,0.43212,0.43813,0.05317,0.53126,0.21196,0.0956,0.07311,0.26341
213,"Every day, Voters typically",cau_dmd,0.7,1,14,0.75865,0.37376,0.54904,0.55303,0.05808,0.53126,0.1575,0.05102,0.11701,0.38102
213,"Every day, Voters typically",cau_dmd,0.9,1,17,0.92447,0.48598,0.87789,0.87633,0.0658,0.53126,0.04528,0.0041,0.23176,0.64203
213,"Every day, Voters typically",cau_dmd,0.99,1,22,0.99112,0.60109,1.80152,1.78565,0.17349,0.53126,0.06984,0.01001,0.44147,1.35004
213,"Every day, Voters typically",dua_dmd,0.3,1,9,0.38264,0.42039,0.20125,0.20776,0.04784,0.53126,0.11087,0.02483,0.03644,0.13998
213,"Every day, Voters typically",dua_dmd,0.5,1,10,0.51074,0.42946,0.25773,0.26379,0.04491,0.53126,0.1018,0.02089,0.05135,0.18549
213,"Every day, Voters typically",dua_dmd,0.7,1,12,0.73681,0.46772,0.40562,0.40967,0.06491,0.53126,0.06353,0.00808,0.09505,0.30249
213,"Every day, Voters typically",dua_dmd,0.9,1,15,0.91903,0.54859,0.73157,0.73008,0.07467,0.53126,0.01734,0.00061,0.18138,0.54958
213,"Every day, Voters typically",dua_dmd,0.99,1,20,0.99179,0.65786,1.56807,1.55197,0.18831,0.53126,0.1266,0.03402,0.33544,1.1986
53,"At work, Farmers typically",euc_ctx,0.3,1,26,0.33655,0.53986,0.36071,0.36887,0.0177,0.68873,0.14888,0.04607,0.03071,0.28393
53,"At work, Farmers typically",euc_ctx,0.5,1,29,0.50307,0.53804,0.4594,0.46624,0.01924,0.68873,0.15069,0.04717,0.03787,0.37436
53,"At work, Farmers typically",euc_ctx,0.7,1,33,0.71755,0.56127,0.6033,0.60701,0.03135,0.68873,0.12747,0.03411,0.04928,0.5199
53,"At work, Farmers typically",euc_ctx,0.9,1,39,0.90959,0.62706,0.86525,0.86174,0.03584,0.68873,0.06167,0.00834,0.06595,0.79095
53,"At work, Farmers typically",euc_ctx,0.99,1,50,0.99193,0.72402,1.51782,1.49679,0.05231,0.68873,0.03528,0.00304,0.09452,1.42026
53,"At work, Farmers typically",cau_ctx,0.3,1,49,0.31711,0.34016,1.0589,1.06272,0.16523,0.68873,0.34857,0.25199,0.11283,0.69408
53,"At work, Farmers typically",cau_ctx,0.5,1,56,0.52247,0.22559,1.64168,1.63948,0.16225,0.68873,0.46314,0.48501,0.14203,1.01465
53,"At work, Farmers typically",cau_ctx,0.7,1,63,0.72129,0.15234,2.29358,2.28359,0.18149,0.68873,0.5364,0.7273,0.1983,1.36798
53,"At work, Farmers typically",cau_ctx,0.9,1,74,0.90977,0.0944,3.3213,3.29742,0.18636,0.68873,0.59434,1.03633,0.33297,1.95201
53,"At work, Farmers typically",cau_ctx,0.99,1,93,0.99075,0.05314,5.02135,4.97197,0.20042,0.68873,0.6356,1.41825,0.61686,2.98624
53,"At work, Farmers typically",dua_ctx,0.3,1,29,0.33257,0.57202,0.33736,0.34491,0.01228,0.68873,0.11671,0.02877,0.02669,0.2819
53,"At work, Farmers typically",dua_ctx,0.5,1,34,0.53208,0.56954,0.47178,0.47741,0.0189,0.68873,0.11919,0.02996,0.03465,0.40717
53,"At work, Farmers typically",dua_ctx,0.7,1,39,0.72272,0.58406,0.63091,0.63326,0.02871,0.68873,0.10468,0.02331,0.04466,0.56295
53,"At work, Farmers typically",dua_ctx,0.9,1,46,0.90156,0.62674,0.91469,0.91003,0.03206,0.68873,0.06199,0.00843,0.06384,0.84243
53,"At work, Farmers typically",dua_ctx,0.99,1,58,0.99082,0.7054,1.59241,1.57034,0.04987,0.68873,0.01666,0.00066,0.10109,1.49066
53,"At work, Farmers typically",euc_unemb,0.3,1,11,0.31112,0.49718,0.33072,0.33666,0.04967,0.68873,0.19156,0.07518,0.04819,0.20735
53,"At work, Farmers typically",euc_unemb,0.5,1,13,0.57383,0.49422,0.53262,0.5359,0.07168,0.68873,0.19452,0.07747,0.11894,0.33621
53,"At work, Farmers typically",euc_unemb,0.7,1,15,0.80142,0.51879,0.82949,0.82777,0.07353,0.68873,0.16995,0.05956,0.24955,0.52038
53,"At work, Farmers typically",euc_unemb,0.9,1,17,0.92394,0.54863,1.20131,1.19267,0.19275,0.68873,0.14011,0.04096,0.40008,0.76027
53,"At work, Farmers typically",euc_unemb,0.99,1,21,0.99108,0.57614,2.03924,2.01375,0.21344,0.68873,0.11259,0.02684,0.65853,1.35388
53,"At work, Farmers typically",cau_unemb,0.3,1,13,0.40907,0.46179,0.43342,0.4407,0.05385,0.68873,0.22694,0.10487,0.06222,0.26634
53,"At work, Farmers typically",cau_unemb,0.5,1,14,0.52871,0.46484,0.50377,0.51001,0.05476,0.68873,0.2239,0.10211,0.07955,0.32211
53,"At work, Farmers typically",cau_unemb,0.7,1,16,0.74636,0.49251,0.67781,0.68066,0.07713,0.68873,0.19623,0.07881,0.13856,0.46044
53,"At work, Farmers typically",cau_unemb,0.9,1,19,0.92568,0.55309,1.03669,1.03165,0.07237,0.68873,0.13564,0.03847,0.25721,0.74101
53,"At work, Farmers typically",cau_unemb,0.99,1,24,0.99272,0.60566,1.81048,1.78815,0.19027,0.68873,0.08308,0.01489,0.43064,1.36495
53,"At work, Farmers typically",dua_unemb,0.3,1,12,0.38914,0.53672,0.3247,0.33003,0.04488,0.68873,0.15202,0.04797,0.0546,0.22212
53,"At work, Farmers typically",dua_unemb,0.5,1,13,0.50516,0.53656,0.41306,0.41711,0.04651,0.68873,0.15217,0.04807,0.08024,0.28475
53,"At work, Farmers typically",dua_unemb,0.7,1,15,0.71965,0.54743,0.64081,0.64086,0.06614,0.68873,0.1413,0.04164,0.15366,0.44552
53,"At work, Farmers typically",dua_unemb,0.9,1,18,0.91325,0.57458,1.08951,1.08042,0.06904,0.68873,0.11415,0.02756,0.28874,0.77321
53,"At work, Farmers typically",dua_unemb,0.99,1,23,0.99259,0.59672,2.00367,1.97434,0.19109,0.68873,0.09201,0.01816,0.49524,1.49028
53,"At work, Farmers typically",euc_dmd,0.3,1,11,0.35147,0.46938,0.44943,0.45729,0.03679,0.68873,0.21935,0.09806,0.0795,0.27188
53,"At work, Farmers typically",euc_dmd,0.5,1,13,0.61555,0.47282,0.63495,0.6401,0.05983,0.68873,0.21591,0.09505,0.12187,0.41803
53,"At work, Farmers typically",euc_dmd,0.7,1,14,0.73296,0.48771,0.75959,0.76257,0.0735,0.68873,0.20103,0.08262,0.1687,0.50827
53,"At work, Farmers typically",euc_dmd,0.9,1,17,0.93191,0.55021,1.26133,1.25519,0.08874,0.68873,0.13852,0.04007,0.37385,0.84741
53,"At work, Farmers typically",euc_dmd,0.99,1,21,0.9913,0.60349,2.07733,2.05559,0.09251,0.68873,0.08524,0.01566,0.6407,1.42097
53,"At work, Farmers typically",cau_dmd,0.3,1,13,0.35833,0.44577,0.59795,0.60761,0.15398,0.68873,0.24296,0.12005,0.12592,0.35198
53,"At work, Farmers typically",cau_dmd,0.5,1,15,0.57302,0.44372,0.73633,0.74387,0.05422,0.68873,0.24501,0.12208,0.12246,0.49178
53,"At work, Farmers typically",cau_dmd,0.7,1,17,0.7616,0.46062,0.95087,0.95483,0.06685,0.68873,0.22811,0.10594,0.17828,0.66665
53,"At work, Farmers typically",cau_dmd,0.9,1,20,0.92041,0.49439,1.4044,1.40069,0.0809,0.68873,0.19434,0.07733,0.33246,0.99461
53,"At work, Farmers typically",cau_dmd,0.99,1,26,0.99318,0.51389,2.51682,2.49352,0.16668,0.68873,0.17485,0.06294,0.64325,1.81063
53,"At work, Farmers typically",dua_dmd,0.3,1,11,0.35898,0.50849,0.37514,0.38267,0.03335,0.68873,0.18024,0.06677,0.06192,0.24645
53,"At work, Farmers typically",dua_dmd,0.5,1,13,0.58885,0.50952,0.55078,0.55639,0.03953,0.68873,0.17921,0.06603,0.10021,0.38454
53,"At work, Farmers typically",dua_dmd,0.7,1,15,0.77225,0.52875,0.77526,0.77746,0.04941,0.68873,0.15998,0.05296,0.16188,0.56041
53,"At work, Farmers typically",dua_dmd,0.9,1,18,0.92354,0.56763,1.20445,1.19903,0.08197,0.68873,0.12111,0.0309,0.28296,0.89059
53,"At work, Farmers typically",dua_dmd,0.99,1,23,0.99181,0.61156,2.09668,2.07364,0.08973,0.68873,0.07718,0.01291,0.49816,1.58561
174,"At work, Farmers sometimes",euc_ctx,0.3,1,21,0.32362,0.57749,0.27894,0.28575,0.04492,0.71264,0.13514,0.03908,0.02687,0.21299
174,"At work, Farmers sometimes",euc_ctx,0.5,1,25,0.54769,0.57201,0.40507,0.4101,0.05765,0.71264,0.14063,0.04218,0.03777,0.32512
174,"At work, Farmers sometimes",euc_ctx,0.7,1,28,0.7081,0.58645,0.50749,0.51013,0.05778,0.71264,0.12619,0.03427,0.04582,0.4274
174,"At work, Farmers sometimes",euc_ctx,0.9,1,34,0.90641,0.64233,0.74533,0.74088,0.04894,0.71264,0.07031,0.01113,0.05802,0.67618
174,"At work, Farmers sometimes",euc_ctx,0.99,1,45,0.99168,0.72739,1.32579,1.30415,0.05024,0.71264,0.01476,0.00054,0.07313,1.25211
174,"At work, Farmers sometimes",cau_ctx,0.3,1,42,0.32403,0.54367,0.53431,0.54002,0.13247,0.71264,0.16896,0.05996,0.08991,0.38443
174,"At work, Farmers sometimes",cau_ctx,0.5,1,49,0.52167,0.45939,0.84758,0.84988,0.16142,0.71264,0.25325,0.1313,0.11477,0.60151
174,"At work, Farmers sometimes",cau_ctx,0.7,1,56,0.7135,0.37628,1.25624,1.25304,0.16905,0.71264,0.33636,0.23243,0.1526,0.87121
174,"At work, Farmers sometimes",cau_ctx,0.9,1,67,0.90196,0.27245,2.02721,2.01235,0.18281,0.71264,0.44019,0.41828,0.2475,1.36144
174,"At work, Farmers sometimes",cau_ctx,0.99,1,87,0.99031,0.15761,3.60598,3.56579,0.21494,0.71264,0.55503,0.76621,0.50607,2.3337
174,"At work, Farmers sometimes",dua_ctx,0.3,1,24,0.32007,0.60096,0.25773,0.26388,0.03343,0.71264,0.11168,0.02712,0.0219,0.20872
174,"At work, Farmers sometimes",dua_ctx,0.5,1,29,0.51668,0.59369,0.37461,0.37897,0.04622,0.71264,0.11894,0.0306,0.02846,0.31555
174,"At work, Farmers sometimes",dua_ctx,0.7,1,34,0.70914,0.60317,0.51245,0.51361,0.05078,0.71264,0.10947,0.0261,0.03584,0.45051
174,"At work, Farmers sometimes",dua_ctx,0.9,1,42,0.91206,0.64651,0.80318,0.79621,0.05858,0.71264,0.06613,0.00988,0.05386,0.73944
174,"At work, Farmers sometimes",dua_ctx,0.99,1,53,0.99036,0.71307,1.37103,1.34793,0.0548,0.71264,0.00044,0.0,0.0844,1.28663
174,"At work, Farmers sometimes",euc_unemb,0.3,1,9,0.34014,0.57529,0.28864,0.29367,0.05759,0.71264,0.13734,0.04031,0.04132,0.20701
174,"At work, Farmers sometimes",euc_unemb,0.5,1,11,0.61281,0.56739,0.51366,0.51559,0.1387,0.71264,0.14525,0.04487,0.11394,0.35485
174,"At work, Farmers sometimes",euc_unemb,0.7,1,12,0.73529,0.57319,0.66615,0.66554,0.15363,0.71264,0.13945,0.0415,0.174,0.45064
174,"At work, Farmers sometimes",euc_unemb,0.9,1,15,0.93784,0.60009,1.23303,1.22182,0.22566,0.71264,0.11255,0.02753,0.38789,0.81762
174,"At work, Farmers sometimes",euc_unemb,0.99,1,19,0.99314,0.61133,2.07503,2.04631,0.23896,0.71264,0.10131,0.02249,0.63175,1.42079
174,"At work, Farmers sometimes",cau_unemb,0.3,1,10,0.35881,0.54473,0.31388,0.32105,0.05977,0.71264,0.16791,0.05925,0.0389,0.21573
174,"At work, Farmers sometimes",cau_unemb,0.5,1,12,0.60472,0.54111,0.48058,0.4855,0.14011,0.71264,0.17152,0.06172,0.07779,0.34108
174,"At work, Farmers sometimes",cau_unemb,0.7,1,13,0.71646,0.5491,0.58509,0.58813,0.1403,0.71264,0.16354,0.05632,0.10952,0.41924
174,"At work, Farmers sometimes",cau_unemb,0.9,1,16,0.91888,0.58553,0.97673,0.97167,0.15543,0.71264,0.12711,0.03475,0.22628,0.7157
174,"At work, Farmers sometimes",cau_unemb,0.99,1,21,0.99265,0.60911,1.77637,1.75354,0.21148,0.71264,0.10353,0.02345,0.39633,1.35659
174,"At work, Farmers sometimes",dua_unemb,0.3,1,9,0.31074,0.60053,0.23158,0.23651,0.05123,0.71264,0.11211,0.02732,0.03064,0.17361
174,"At work, Farmers sometimes",dua_unemb,0.5,1,11,0.54446,0.59649,0.4062,0.40885,0.04782,0.71264,0.11614,0.02924,0.07245,0.30451
174,"At work, Farmers sometimes",dua_unemb,0.7,1,13,0.75376,0.61037,0.64603,0.64446,0.14761,0.71264,0.10226,0.0229,0.14212,0.48101
174,"At work, Farmers sometimes",dua_unemb,0.9,1,16,0.92813,0.6415,1.10066,1.08965,0.16321,0.71264,0.07114,0.01138,0.26549,0.82379
174,"At work, Farmers sometimes",dua_unemb,0.99,1,20,0.99015,0.66423,1.80799,1.78085,0.22611,0.71264,0.04841,0.00539,0.41523,1.38737
174,"At work, Farmers sometimes",euc_dmd,0.3,1,9,0.40004,0.51817,0.41,0.41692,0.07013,0.71264,0.19447,0.07857,0.08159,0.24984
174,"At work, Farmers sometimes",euc_dmd,0.5,1,10,0.54285,0.51634,0.51208,0.51776,0.07492,0.71264,0.1963,0.08001,0.11198,0.32009
174,"At work, Farmers sometimes",euc_dmd,0.7,1,12,0.78927,0.54384,0.76775,0.76912,0.08789,0.71264,0.1688,0.05985,0.21364,0.49425
174,"At work, Farmers sometimes",euc_dmd,0.9,1,14,0.92133,0.58877,1.09642,1.0915,0.09081,0.71264,0.12387,0.03308,0.35071,0.71263
174,"At work, Farmers sometimes",euc_dmd,0.99,1,18,0.99109,0.65061,1.88348,1.86287,0.1759,0.71264,0.06203,0.00873,0.62283,1.25192
174,"At work, Farmers sometimes",cau_dmd,0.3,1,10,0.36307,0.49331,0.45853,0.46836,0.06996,0.71264,0.21933,0.09916,0.11082,0.24856
174,"At work, Farmers sometimes",cau_dmd,0.5,1,12,0.59907,0.49664,0.5977,0.60581,0.08042,0.71264,0.216,0.09626,0.13156,0.36988
174,"At work, Farmers sometimes",cau_dmd,0.7,1,13,0.70625,0.51071,0.68447,0.69109,0.08609,0.71264,0.20193,0.08449,0.15836,0.44161
174,"At work, Farmers sometimes",cau_dmd,0.9,1,16,0.90732,0.57498,1.03945,1.03944,0.0913,0.71264,0.13766,0.04049,0.2959,0.70307
174,"At work, Farmers sometimes",cau_dmd,0.99,1,22,0.99331,0.65814,2.03471,2.01604,0.09229,0.71264,0.0545,0.00679,0.62796,1.39995
174,"At work, Farmers sometimes",dua_dmd,0.3,1,9,0.39679,0.5488,0.34259,0.34903,0.05657,0.71264,0.16383,0.05652,0.06007,0.226
174,"At work, Farmers sometimes",dua_dmd,0.5,1,10,0.52863,0.54495,0.43651,0.44214,0.07085,0.71264,0.16768,0.05909,0.08324,0.29418
174,"At work, Farmers sometimes",dua_dmd,0.7,1,12,0.75624,0.55963,0.65359,0.65631,0.0803,0.71264,0.15301,0.04958,0.146,0.45801
174,"At work, Farmers sometimes",dua_dmd,0.9,1,15,0.93155,0.60971,1.05273,1.04824,0.08824,0.71264,0.10293,0.02319,0.26648,0.76306
174,"At work, Farmers sometimes",dua_dmd,0.99,1,19,0.99034,0.66728,1.71221,1.6942,0.09075,0.71264,0.04535,0.00475,0.44185,1.26562
189,"Honestly, They just",euc_ctx,0.3,1,23,0.34168,0.11527,0.88923,0.88994,0.2754,0.46953,0.35426,0.38809,0.04684,0.4543
189,"Honestly, They just",euc_ctx,0.5,1,26,0.51259,0.10856,1.03493,1.03435,0.28869,0.46953,0.36097,0.41225,0.06445,0.55823
189,"Honestly, They just",euc_ctx,0.7,1,30,0.72763,0.11679,1.1805,1.17785,0.29637,0.46953,0.35275,0.38287,0.0904,0.70723
189,"Honestly, They just",euc_ctx,0.9,1,36,0.91348,0.16206,1.33222,1.32568,0.27559,0.46953,0.30747,0.25696,0.12068,0.95458
189,"Honestly, They just",euc_ctx,0.99,1,47,0.99168,0.31237,1.7151,1.69861,0.20156,0.46953,0.15716,0.0537,0.15232,1.50908
189,"Honestly, They just",cau_ctx,0.3,1,44,0.31158,0.14745,1.12902,1.13322,0.23763,0.46953,0.32209,0.29215,0.09001,0.74686
189,"Honestly, They just",cau_ctx,0.5,1,51,0.50819,0.12824,1.45129,1.45327,0.24318,0.46953,0.34129,0.34586,0.11034,0.99508
189,"Honestly, They just",cau_ctx,0.7,1,59,0.72259,0.11747,1.86695,1.86494,0.24514,0.46953,0.35206,0.38052,0.13578,1.35065
189,"Honestly, They just",cau_ctx,0.9,1,71,0.90903,0.10174,2.69087,2.67951,0.24296,0.46953,0.36779,0.43867,0.18722,2.06497
189,"Honestly, They just",cau_ctx,0.99,1,93,0.9905,0.05573,4.83781,4.80144,0.24063,0.46953,0.4138,0.69478,0.33653,3.80649
189,"Honestly, They just",dua_ctx,0.3,1,26,0.32,0.19759,0.50438,0.5049,0.2101,0.46953,0.27194,0.18686,0.03852,0.279
189,"Honestly, They just",dua_ctx,0.5,1,30,0.50452,0.18995,0.62286,0.62192,0.21193,0.46953,0.27958,0.20034,0.04951,0.37301
189,"Honestly, They just",dua_ctx,0.7,1,35,0.72618,0.20015,0.76556,0.76212,0.26513,0.46953,0.26938,0.18251,0.06506,0.51799
189,"Honestly, They just",dua_ctx,0.9,1,42,0.91166,0.24389,0.9835,0.97537,0.27555,0.46953,0.22564,0.11954,0.08457,0.77938
189,"Honestly, They just",dua_ctx,0.99,1,54,0.99104,0.35606,1.51697,1.49796,0.27375,0.46953,0.11347,0.02706,0.11179,1.37812
189,"Honestly, They just",euc_unemb,0.3,1,10,0.35595,0.15626,0.66232,0.6605,0.25624,0.46953,0.31327,0.2704,0.03516,0.35675
189,"Honestly, They just",euc_unemb,0.5,1,12,0.63369,0.16069,0.86761,0.86299,0.27078,0.46953,0.30884,0.26008,0.09914,0.5084
189,"Honestly, They just",euc_unemb,0.7,1,13,0.75422,0.17631,0.97565,0.96923,0.27984,0.46953,0.29322,0.22648,0.15208,0.59709
189,"Honestly, They just",euc_unemb,0.9,1,15,0.90657,0.23007,1.21874,1.20783,0.2771,0.46953,0.23947,0.13733,0.27342,0.80799
189,"Honestly, They just",euc_unemb,0.99,1,20,0.99438,0.38681,2.13741,2.10975,0.27829,0.46953,0.08272,0.01412,0.51999,1.60329
189,"Honestly, They just",cau_unemb,0.3,1,11,0.36899,0.16447,0.63375,0.63563,0.23193,0.46953,0.30506,0.25155,0.03549,0.34671
189,"Honestly, They just",cau_unemb,0.5,1,13,0.61957,0.17193,0.78301,0.78314,0.26563,0.46953,0.2976,0.23548,0.07208,0.47545
189,"Honestly, They just",cau_unemb,0.7,1,14,0.73099,0.18743,0.85578,0.85471,0.26436,0.46953,0.2821,0.20496,0.10145,0.54937
189,"Honestly, They just",cau_unemb,0.9,1,17,0.92653,0.27303,1.1095,1.10335,0.24894,0.46953,0.1965,0.08739,0.19869,0.82342
189,"Honestly, They just",cau_unemb,0.99,1,22,0.99388,0.43208,1.85474,1.83492,0.23606,0.46953,0.03745,0.00284,0.32355,1.52835
189,"Honestly, They just",dua_unemb,0.3,1,11,0.37803,0.25123,0.38761,0.38588,0.19545,0.46953,0.2183,0.11079,0.03835,0.23847
189,"Honestly, They just",dua_unemb,0.5,1,13,0.60367,0.26519,0.53648,0.53206,0.17511,0.46953,0.20434,0.09538,0.07642,0.36468
189,"Honestly, They just",dua_unemb,0.7,1,14,0.70403,0.2802,0.62874,0.6226,0.18882,0.46953,0.18934,0.08049,0.10429,0.44397
189,"Honestly, They just",dua_unemb,0.9,1,17,0.90078,0.34542,0.98125,0.96848,0.22447,0.46953,0.12411,0.03261,0.1974,0.75125
189,"Honestly, They just",dua_unemb,0.99,1,22,0.99026,0.46265,1.80967,1.78159,0.22449,0.46953,0.00688,0.0001,0.32199,1.48759
189,"Honestly, They just",euc_dmd,0.3,1,9,0.35068,0.08943,1.12103,1.11994,0.29739,0.46953,0.3801,0.49198,0.08978,0.53928
189,"Honestly, They just",euc_dmd,0.5,1,10,0.50093,0.08262,1.30005,1.29751,0.30114,0.46953,0.38691,0.52524,0.13238,0.64243
189,"Honestly, They just",euc_dmd,0.7,1,12,0.77487,0.0891,1.61489,1.60894,0.30436,0.46953,0.38043,0.49352,0.25576,0.8656
189,"Honestly, They just",euc_dmd,0.9,1,14,0.92093,0.11795,1.8847,1.87465,0.30104,0.46953,0.35158,0.37889,0.39246,1.11334
189,"Honestly, They just",euc_dmd,0.99,1,18,0.99217,0.21835,2.48738,2.46671,0.29273,0.46953,0.25118,0.15385,0.62386,1.70966
189,"Honestly, They just",cau_dmd,0.3,1,10,0.34475,0.08826,1.24992,1.25294,0.30353,0.46953,0.38127,0.4975,0.13629,0.61613
189,"Honestly, They just",cau_dmd,0.5,1,12,0.59986,0.08216,1.54342,1.54462,0.30796,0.46953,0.38737,0.52758,0.20003,0.8158
189,"Honestly, They just",cau_dmd,0.7,1,13,0.71458,0.08645,1.66424,1.66434,0.30855,0.46953,0.38309,0.50619,0.23651,0.92153
189,"Honestly, They just",cau_dmd,0.9,1,16,0.91778,0.12384,1.97829,1.97431,0.29366,0.46953,0.34569,0.35959,0.35138,1.26731
189,"Honestly, They just",cau_dmd,0.99,1,21,0.99159,0.23495,2.66137,2.64728,0.29296,0.46953,0.23459,0.13084,0.54318,1.98735
189,"Honestly, They just",dua_dmd,0.3,1,9,0.3018,0.17411,0.5732,0.57425,0.20671,0.46953,0.29542,0.23096,0.03989,0.30234
189,"Honestly, They just",dua_dmd,0.5,1,11,0.57719,0.161,0.82441,0.82332,0.27183,0.46953,0.30853,0.25937,0.08873,0.47631
189,"Honestly, They just",dua_dmd,0.7,1,12,0.70615,0.16475,0.95891,0.95635,0.26465,0.46953,0.30478,0.25093,0.12489,0.5831
189,"Honestly, They just",dua_dmd,0.9,1,15,0.92728,0.20436,1.384,1.37569,0.28058,0.46953,0.26517,0.17553,0.24012,0.96835
189,"Honestly, They just",dua_dmd,0.99,1,19,0.99108,0.28386,2.02251,2.00428,0.27819,0.46953,0.18567,0.0771,0.35944,1.58598
56,"Every day, People now",euc_ctx,0.3,1,11,0.34315,0.42168,0.18832,0.19177,0.05457,0.52074,0.09906,0.01983,0.0111,0.15739
56,"Every day, People now",euc_ctx,0.5,1,15,0.55185,0.40543,0.35361,0.35619,0.14888,0.52074,0.11531,0.02701,0.02954,0.29706
56,"Every day, People now",euc_ctx,0.7,1,18,0.70093,0.40859,0.50274,0.50385,0.1552,0.52074,0.11214,0.02552,0.04884,0.42837
56,"Every day, People now",euc_ctx,0.9,1,25,0.91327,0.45167,0.90705,0.90261,0.16231,0.52074,0.06907,0.00958,0.08948,0.808
56,"Every day, People now",euc_ctx,0.99,1,36,0.99112,0.53384,1.66486,1.64832,0.16164,0.52074,0.0131,0.00034,0.11941,1.54511
56,"Every day, People now",cau_ctx,0.3,1,20,0.30812,0.44783,0.22862,0.23405,0.07014,0.52074,0.07291,0.01068,0.01166,0.20628
56,"Every day, People now",cau_ctx,0.5,1,28,0.52009,0.42068,0.45298,0.45803,0.1594,0.52074,0.10006,0.02024,0.02533,0.40741
56,"Every day, People now",cau_ctx,0.7,1,35,0.70406,0.4143,0.70272,0.70612,0.1665,0.52074,0.10644,0.02295,0.04792,0.63185
56,"Every day, People now",cau_ctx,0.9,1,47,0.90351,0.43508,1.2305,1.22872,0.17267,0.52074,0.08566,0.01478,0.11242,1.1033
56,"Every day, People now",cau_ctx,0.99,1,68,0.99112,0.48811,2.41734,2.40191,0.22318,0.52074,0.03263,0.00213,0.28311,2.1321
56,"Every day, People now",dua_ctx,0.3,1,13,0.3148,0.45855,0.14142,0.14573,0.05084,0.52074,0.06218,0.00775,0.00671,0.12695
56,"Every day, People now",dua_ctx,0.5,1,18,0.50064,0.44905,0.27129,0.27541,0.07411,0.52074,0.07169,0.01032,0.0151,0.24586
56,"Every day, People now",dua_ctx,0.7,1,24,0.72275,0.45635,0.48279,0.48509,0.08239,0.52074,0.06438,0.00831,0.03038,0.44409
56,"Every day, People now",dua_ctx,0.9,1,32,0.91307,0.495,0.86287,0.86009,0.16548,0.52074,0.02574,0.00133,0.05565,0.80589
56,"Every day, People now",dua_ctx,0.99,1,44,0.99102,0.57191,1.62153,1.60693,0.1668,0.52074,0.05117,0.0053,0.09126,1.52497
56,"Every day, People now",euc_unemb,0.3,1,5,0.33302,0.43726,0.10056,0.10263,0.02096,0.52074,0.08348,0.01403,0.01412,0.07241
56,"Every day, People now",euc_unemb,0.5,1,7,0.55915,0.44125,0.21235,0.21329,0.02592,0.52074,0.07948,0.01271,0.03784,0.1618
56,"Every day, People now",euc_unemb,0.7,1,9,0.76414,0.47062,0.38535,0.38356,0.05392,0.52074,0.05012,0.00503,0.07546,0.30486
56,"Every day, People now",euc_unemb,0.9,1,12,0.93039,0.52453,0.78043,0.77181,0.07941,0.52074,0.00379,3e-05,0.14168,0.63872
56,"Every day, People now",euc_unemb,0.99,1,17,0.99319,0.55085,1.71194,1.68758,0.09618,0.52074,0.03011,0.00183,0.24738,1.46273
56,"Every day, People now",cau_unemb,0.3,1,5,0.30722,0.4063,0.10539,0.10809,0.14473,0.52074,0.11444,0.0266,0.00997,0.06881
56,"Every day, People now",cau_unemb,0.5,1,7,0.51565,0.39432,0.20418,0.2063,0.032,0.52074,0.12642,0.03261,0.02657,0.14499
56,"Every day, People now",cau_unemb,0.7,1,9,0.71879,0.40945,0.33671,0.33703,0.05443,0.52074,0.11128,0.02513,0.05375,0.25783
56,"Every day, People now",cau_unemb,0.9,1,12,0.90485,0.46066,0.6121,0.6076,0.05695,0.52074,0.06007,0.00723,0.10081,0.50406
56,"Every day, People now",cau_unemb,0.99,1,18,0.99245,0.53543,1.41581,1.39689,0.09353,0.52074,0.01469,0.00043,0.17468,1.24069
56,"Every day, People now",dua_unemb,0.3,1,6,0.39555,0.46328,0.10776,0.11034,0.02129,0.52074,0.05746,0.00662,0.01489,0.08625
56,"Every day, People now",dua_unemb,0.5,1,8,0.60347,0.4723,0.2151,0.21638,0.02734,0.52074,0.04844,0.0047,0.03397,0.17643
56,"Every day, People now",dua_unemb,0.7,1,10,0.78024,0.49474,0.37399,0.37251,0.03166,0.52074,0.026,0.00135,0.06195,0.31069
56,"Every day, People now",dua_unemb,0.9,1,13,0.92869,0.53583,0.71305,0.70503,0.06205,0.52074,0.01509,0.00046,0.1129,0.59969
56,"Every day, People now",dua_unemb,0.99,1,18,0.9921,0.57653,1.50282,1.47985,0.09033,0.52074,0.05579,0.00632,0.20054,1.29596
56,"Every day, People now",euc_dmd,0.3,1,5,0.39218,0.40208,0.16916,0.17172,0.05677,0.52074,0.11866,0.02864,0.01975,0.12077
56,"Every day, People now",euc_dmd,0.5,1,6,0.51886,0.39564,0.25371,0.25563,0.13272,0.52074,0.1251,0.03192,0.0381,0.18369
56,"Every day, People now",euc_dmd,0.7,1,8,0.75064,0.40517,0.4883,0.48757,0.13584,0.52074,0.11557,0.02714,0.10237,0.3588
56,"Every day, People now",euc_dmd,0.9,1,11,0.93326,0.44518,0.98329,0.97567,0.1595,0.52074,0.07555,0.01147,0.23317,0.73865
56,"Every day, People now",euc_dmd,0.99,1,15,0.99074,0.48496,1.78743,1.76774,0.17875,0.52074,0.03577,0.00256,0.39211,1.39276
56,"Every day, People now",cau_dmd,0.3,1,5,0.34123,0.37534,0.18457,0.18808,0.13112,0.52074,0.1454,0.04351,0.01595,0.12511
56,"Every day, People now",cau_dmd,0.5,1,7,0.56465,0.34494,0.3806,0.38296,0.13485,0.52074,0.1758,0.06472,0.04689,0.26898
56,"Every day, People now",cau_dmd,0.7,1,9,0.76245,0.33234,0.66253,0.66214,0.13845,0.52074,0.1884,0.07497,0.11016,0.47741
56,"Every day, People now",cau_dmd,0.9,1,12,0.92438,0.32497,1.21282,1.20593,0.16671,0.52074,0.19577,0.08139,0.23679,0.89465
56,"Every day, People now",cau_dmd,0.99,1,17,0.99079,0.30133,2.28562,2.26475,0.17993,0.52074,0.21941,0.10422,0.43301,1.74838
56,"Every day, People now",dua_dmd,0.3,1,5,0.36703,0.43757,0.12002,0.12355,0.04051,0.52074,0.08317,0.01392,0.01344,0.09265
56,"Every day, People now",dua_dmd,0.5,1,7,0.59354,0.43434,0.25016,0.25322,0.04482,0.52074,0.0864,0.01504,0.03692,0.1982
56,"Every day, People now",dua_dmd,0.7,1,9,0.78129,0.44907,0.43597,0.4372,0.05675,0.52074,0.07167,0.01031,0.07346,0.3522
56,"Every day, People now",dua_dmd,0.9,1,12,0.9308,0.48357,0.81638,0.8125,0.16506,0.52074,0.03717,0.00276,0.13858,0.67503
56,"Every day, People now",dua_dmd,0.99,1,17,0.99237,0.52045,1.67434,1.6575,0.17907,0.52074,0.00029,0.0,0.25164,1.42271
245,"In this case, Many people really",euc_ctx,0.3,1,17,0.31695,0.42586,0.2804,0.2856,0.16558,0.65633,0.23047,0.10753,0.02335,0.14951
245,"In this case, Many people really",euc_ctx,0.5,1,21,0.52224,0.4115,0.38947,0.39389,0.17242,0.65633,0.24483,0.12155,0.04418,0.22373
245,"In this case, Many people really",euc_ctx,0.7,1,25,0.72002,0.43121,0.48602,0.48872,0.18597,0.65633,0.22513,0.10256,0.07188,0.31158
245,"In this case, Many people really",euc_ctx,0.9,1,31,0.90248,0.50604,0.62645,0.62494,0.189,0.65633,0.1503,0.04601,0.11016,0.47028
245,"In this case, Many people really",euc_ctx,0.99,1,43,0.99163,0.66289,1.04934,1.03539,0.18779,0.65633,0.00656,0.0001,0.1532,0.89605
245,"In this case, Many people really",cau_ctx,0.3,1,31,0.32069,0.44495,0.35836,0.36595,0.07604,0.65633,0.21138,0.09037,0.03876,0.22922
245,"In this case, Many people really",cau_ctx,0.5,1,38,0.51528,0.42164,0.49489,0.50185,0.07591,0.65633,0.23469,0.11155,0.04207,0.34127
245,"In this case, Many people really",cau_ctx,0.7,1,45,0.70423,0.42261,0.63327,0.63856,0.18685,0.65633,0.23372,0.11062,0.04682,0.47583
245,"In this case, Many people really",cau_ctx,0.9,1,57,0.90359,0.45349,0.91442,0.91466,0.18511,0.65633,0.20285,0.08323,0.0649,0.76629
245,"In this case, Many people really",cau_ctx,0.99,1,78,0.99,0.4482,1.67293,1.65941,0.16683,0.65633,0.20814,0.08762,0.1017,1.48361
245,"In this case, Many people really",dua_ctx,0.3,1,20,0.30352,0.48327,0.21174,0.21673,0.05058,0.65633,0.17306,0.06074,0.01696,0.13404
245,"In this case, Many people really",dua_ctx,0.5,1,26,0.52383,0.46772,0.32405,0.32818,0.16695,0.65633,0.18861,0.07201,0.03055,0.22149
245,"In this case, Many people really",dua_ctx,0.7,1,31,0.70321,0.47627,0.42145,0.42397,0.1675,0.65633,0.18006,0.06569,0.04321,0.31255
245,"In this case, Many people really",dua_ctx,0.9,1,40,0.91139,0.53125,0.62174,0.61925,0.17169,0.65633,0.12509,0.0321,0.06384,0.5258
245,"In this case, Many people really",dua_ctx,0.99,1,53,0.99117,0.63581,1.04682,1.03292,0.17056,0.65633,0.02053,0.00092,0.08617,0.95973
245,"In this case, Many people really",euc_unemb,0.3,1,8,0.324,0.47572,0.19628,0.19806,0.02815,0.65633,0.18062,0.06609,0.01756,0.11264
245,"In this case, Many people really",euc_unemb,0.5,1,10,0.5438,0.48132,0.27017,0.27011,0.06201,0.65633,0.17501,0.06209,0.02643,0.18165
245,"In this case, Many people really",euc_unemb,0.7,1,12,0.7468,0.5215,0.37169,0.36846,0.17867,0.65633,0.13484,0.03718,0.06024,0.27427
245,"In this case, Many people really",euc_unemb,0.9,1,15,0.91913,0.60735,0.63092,0.62052,0.19472,0.65633,0.04898,0.00512,0.15406,0.47174
245,"In this case, Many people really",euc_unemb,0.99,1,20,0.99056,0.68911,1.32001,1.29349,0.18742,0.65633,0.03278,0.00246,0.3372,0.98034
245,"In this case, Many people really",cau_unemb,0.3,1,9,0.35543,0.45812,0.23203,0.23499,0.14358,0.65633,0.19822,0.07948,0.02596,0.12659
245,"In this case, Many people really",cau_unemb,0.5,1,11,0.556,0.46556,0.28895,0.29043,0.03546,0.65633,0.19078,0.07366,0.02392,0.19137
245,"In this case, Many people really",cau_unemb,0.7,1,13,0.73771,0.50233,0.35595,0.35489,0.05929,0.65633,0.154,0.04826,0.03414,0.27354
245,"In this case, Many people really",cau_unemb,0.9,1,16,0.90275,0.58432,0.52594,0.51922,0.07748,0.65633,0.07201,0.0109,0.07766,0.43738
245,"In this case, Many people really",cau_unemb,0.99,1,23,0.99287,0.70578,1.25229,1.22681,0.08003,0.65633,0.04944,0.00571,0.20648,1.04009
245,"In this case, Many people really",dua_unemb,0.3,1,9,0.37147,0.52932,0.14665,0.14767,0.02088,0.65633,0.12702,0.03308,0.01318,0.10039
245,"In this case, Many people really",dua_unemb,0.5,1,11,0.55811,0.5432,0.21065,0.20976,0.05324,0.65633,0.11313,0.02637,0.02318,0.1611
245,"In this case, Many people really",dua_unemb,0.7,1,13,0.72221,0.57295,0.30355,0.29974,0.0579,0.65633,0.08338,0.01452,0.0455,0.24352
245,"In this case, Many people really",dua_unemb,0.9,1,17,0.91379,0.64758,0.61154,0.59914,0.08083,0.65633,0.00875,0.00017,0.12546,0.48591
245,"In this case, Many people really",dua_unemb,0.99,1,24,0.99321,0.722,1.5074,1.4734,0.08578,0.65633,0.06566,0.01029,0.31586,1.18125
245,"In this case, Many people really",euc_dmd,0.3,1,8,0.41388,0.38504,0.40095,0.40421,0.20317,0.65633,0.27129,0.15006,0.05858,0.19232
245,"In this case, Many people really",euc_dmd,0.5,1,9,0.53705,0.381,0.47729,0.47958,0.20802,0.65633,0.27533,0.15473,0.08074,0.24182
245,"In this case, Many people really",euc_dmd,0.7,1,11,0.75575,0.40496,0.64055,0.63989,0.24022,0.65633,0.25137,0.12827,0.15376,0.35852
245,"In this case, Many people really",euc_dmd,0.9,1,14,0.92895,0.48568,0.95583,0.94847,0.24491,0.65633,0.17066,0.05908,0.31383,0.58292
245,"In this case, Many people really",euc_dmd,0.99,1,19,0.9926,0.59328,1.71622,1.6937,0.25322,0.65633,0.06305,0.0084,0.60703,1.10079
245,"In this case, Many people really",cau_dmd,0.3,1,8,0.34438,0.3597,0.43312,0.43892,0.21003,0.65633,0.29663,0.18087,0.06024,0.19201
245,"In this case, Many people really",cau_dmd,0.5,1,10,0.56408,0.3397,0.5943,0.59881,0.2175,0.65633,0.31663,0.20784,0.09425,0.29221
245,"In this case, Many people really",cau_dmd,0.7,1,12,0.758,0.35162,0.76238,0.7645,0.24994,0.65633,0.30471,0.19146,0.15632,0.41459
245,"In this case, Many people really",cau_dmd,0.9,1,15,0.91967,0.39854,1.07037,1.06704,0.21632,0.65633,0.25779,0.13507,0.28879,0.64651
245,"In this case, Many people really",cau_dmd,0.99,1,21,0.99295,0.45367,1.9515,1.93267,0.20971,0.65633,0.20267,0.08308,0.57914,1.28927
245,"In this case, Many people really",dua_dmd,0.3,1,8,0.39159,0.45191,0.26046,0.26394,0.14277,0.65633,0.20442,0.08452,0.02601,0.14993
245,"In this case, Many people really",dua_dmd,0.5,1,9,0.50035,0.44757,0.31799,0.32081,0.18456,0.65633,0.20877,0.08815,0.03643,0.1934
245,"In this case, Many people really",dua_dmd,0.7,1,12,0.77199,0.47097,0.51771,0.51699,0.17798,0.65633,0.18537,0.06957,0.08752,0.36062
245,"In this case, Many people really",dua_dmd,0.9,1,15,0.91029,0.52212,0.77219,0.76598,0.21467,0.65633,0.13422,0.03685,0.15959,0.57575
245,"In this case, Many people really",dua_dmd,0.99,1,22,0.99222,0.62816,1.61031,1.58624,0.22596,0.65633,0.02818,0.00172,0.37039,1.23821
95,"Over time, Parents rarely",euc_ctx,0.3,1,22,0.33144,0.5058,0.39984,0.40647,0.05057,0.69402,0.18822,0.07287,0.04549,0.28149
95,"Over time, Parents rarely",euc_ctx,0.5,1,25,0.50877,0.49959,0.50992,0.51509,0.06107,0.69402,0.19443,0.07762,0.05525,0.37705
95,"Over time, Parents rarely",euc_ctx,0.7,1,29,0.73321,0.52413,0.65474,0.65653,0.0629,0.69402,0.16989,0.05972,0.06688,0.52814
95,"Over time, Parents rarely",euc_ctx,0.9,1,34,0.90185,0.58681,0.85917,0.85475,0.06373,0.69402,0.10721,0.02454,0.08,0.75463
95,"Over time, Parents rarely",euc_ctx,0.99,1,45,0.99189,0.70354,1.49642,1.4739,0.0661,0.69402,0.00952,0.00022,0.11317,1.38304
95,"Over time, Parents rarely",cau_ctx,0.3,1,44,0.31455,0.53038,0.59063,0.59562,0.12374,0.69402,0.16364,0.05554,0.13049,0.40459
95,"Over time, Parents rarely",cau_ctx,0.5,1,51,0.51973,0.47354,0.87311,0.87475,0.138,0.69402,0.22048,0.09926,0.16216,0.6117
95,"Over time, Parents rarely",cau_ctx,0.7,1,58,0.71832,0.41882,1.24138,1.23762,0.15942,0.69402,0.2752,0.15423,0.21031,0.87685
95,"Over time, Parents rarely",cau_ctx,0.9,1,69,0.90733,0.34166,1.96825,1.95282,0.1656,0.69402,0.35236,0.2574,0.32818,1.38267
95,"Over time, Parents rarely",cau_ctx,0.99,1,88,0.99004,0.23342,3.46507,3.42493,0.17614,0.69402,0.4606,0.47522,0.61337,2.37647
95,"Over time, Parents rarely",dua_ctx,0.3,1,25,0.33865,0.54583,0.34497,0.3507,0.02211,0.69402,0.14819,0.04585,0.03959,0.25953
95,"Over time, Parents rarely",dua_ctx,0.5,1,29,0.51166,0.53953,0.45923,0.46318,0.05134,0.69402,0.15449,0.0497,0.05041,0.35913
95,"Over time, Parents rarely",dua_ctx,0.7,1,34,0.71918,0.55221,0.62172,0.62207,0.06367,0.69402,0.14181,0.04212,0.0663,0.5133
95,"Over time, Parents rarely",dua_ctx,0.9,1,41,0.90676,0.60053,0.90844,0.90119,0.06721,0.69402,0.09349,0.01884,0.09477,0.79483
95,"Over time, Parents rarely",dua_ctx,0.99,1,53,0.9919,0.69365,1.60078,1.57509,0.07401,0.69402,0.00037,0.0,0.1485,1.45228
95,"Over time, Parents rarely",euc_unemb,0.3,1,9,0.34782,0.56544,0.26903,0.27562,0.04565,0.69402,0.12858,0.03486,0.03849,0.19569
95,"Over time, Parents rarely",euc_unemb,0.5,1,11,0.65208,0.57798,0.5029,0.5062,0.13806,0.69402,0.11604,0.0286,0.12113,0.35317
95,"Over time, Parents rarely",euc_unemb,0.7,1,12,0.77876,0.59506,0.6739,0.67435,0.13986,0.69402,0.09896,0.02103,0.19173,0.46114
95,"Over time, Parents rarely",euc_unemb,0.9,1,14,0.92566,0.62954,1.10062,1.09345,0.15098,0.69402,0.06448,0.00916,0.35796,0.73349
95,"Over time, Parents rarely",euc_unemb,0.99,1,18,0.99367,0.65821,2.07707,2.05108,0.16723,0.69402,0.03581,0.0029,0.65448,1.41969
95,"Over time, Parents rarely",cau_unemb,0.3,1,10,0.36341,0.51113,0.31574,0.32405,0.05225,0.69402,0.18289,0.06891,0.02949,0.21735
95,"Over time, Parents rarely",cau_unemb,0.5,1,11,0.50105,0.51193,0.39278,0.40019,0.10106,0.69402,0.18209,0.06832,0.04681,0.27765
95,"Over time, Parents rarely",cau_unemb,0.7,1,13,0.7565,0.54134,0.60405,0.60786,0.14111,0.69402,0.15268,0.04857,0.11951,0.43597
95,"Over time, Parents rarely",cau_unemb,0.9,1,15,0.90567,0.58438,0.89993,0.89799,0.14281,0.69402,0.10964,0.02563,0.22476,0.64954
95,"Over time, Parents rarely",cau_unemb,0.99,1,20,0.99377,0.63538,1.84571,1.82456,0.15508,0.69402,0.05864,0.00762,0.47054,1.36756
95,"Over time, Parents rarely",dua_unemb,0.3,1,9,0.32333,0.58546,0.22013,0.22621,0.04263,0.69402,0.10856,0.02514,0.02891,0.16607
95,"Over time, Parents rarely",dua_unemb,0.5,1,11,0.59469,0.59062,0.40966,0.41333,0.12307,0.69402,0.1034,0.02289,0.07863,0.30814
95,"Over time, Parents rarely",dua_unemb,0.7,1,12,0.71764,0.60178,0.53958,0.54116,0.13776,0.69402,0.09225,0.01835,0.11911,0.40212
95,"Over time, Parents rarely",dua_unemb,0.9,1,15,0.93188,0.6449,1.05375,1.04585,0.14416,0.69402,0.04912,0.00539,0.27437,0.77399
95,"Over time, Parents rarely",dua_unemb,0.99,1,19,0.99326,0.67385,1.90217,1.87689,0.16042,0.69402,0.02018,0.00094,0.47276,1.42847
95,"Over time, Parents rarely",euc_dmd,0.3,1,9,0.35216,0.50063,0.39474,0.40292,0.06736,0.69402,0.19339,0.07681,0.07188,0.24605
95,"Over time, Parents rarely",euc_dmd,0.5,1,10,0.50288,0.50193,0.49097,0.49812,0.15178,0.69402,0.19209,0.07581,0.09937,0.31579
95,"Over time, Parents rarely",euc_dmd,0.7,1,12,0.77734,0.54429,0.74743,0.75044,0.15085,0.69402,0.14973,0.04678,0.20699,0.49366
95,"Over time, Parents rarely",euc_dmd,0.9,1,14,0.92291,0.60847,1.10967,1.10613,0.15463,0.69402,0.08555,0.01586,0.36727,0.72653
95,"Over time, Parents rarely",euc_dmd,0.99,1,18,0.99277,0.69298,2.03523,2.01477,0.15672,0.69402,0.00104,0.0,0.70651,1.32872
95,"Over time, Parents rarely",cau_dmd,0.3,1,11,0.40148,0.45916,0.52792,0.53772,0.13537,0.69402,0.23486,0.11241,0.11098,0.30453
95,"Over time, Parents rarely",cau_dmd,0.5,1,12,0.52655,0.46449,0.59261,0.60155,0.11775,0.69402,0.22953,0.10744,0.11832,0.36685
95,"Over time, Parents rarely",cau_dmd,0.7,1,14,0.75151,0.50403,0.76113,0.76705,0.07104,0.69402,0.18999,0.0742,0.17202,0.5149
95,"Over time, Parents rarely",cau_dmd,0.9,1,17,0.92962,0.59179,1.16079,1.15926,0.08113,0.69402,0.10223,0.02239,0.33571,0.80269
95,"Over time, Parents rarely",cau_dmd,0.99,1,22,0.99313,0.68045,2.10452,2.08619,0.08285,0.69402,0.01357,0.00043,0.66265,1.44144
95,"Over time, Parents rarely",dua_dmd,0.3,1,9,0.34881,0.5308,0.32456,0.33209,0.0594,0.69402,0.16322,0.05527,0.05754,0.21175
95,"Over time, Parents rarely",dua_dmd,0.5,1,11,0.61727,0.53388,0.51776,0.52342,0.13019,0.69402,0.16014,0.05327,0.10711,0.35738
95,"Over time, Parents rarely",dua_dmd,0.7,1,12,0.73086,0.54727,0.63253,0.63658,0.1362,0.69402,0.14675,0.045,0.14165,0.44588
95,"Over time, Parents rarely",dua_dmd,0.9,1,15,0.92628,0.60895,1.06229,1.05907,0.14113,0.69402,0.08507,0.01569,0.27787,0.76873
95,"Over time, Parents rarely",dua_dmd,0.99,1,19,0.99063,0.67966,1.82815,1.81075,0.14501,0.69402,0.01436,0.00048,0.5035,1.32417
144,"Today, Most doctors always",euc_ctx,0.3,1,17,0.33649,0.41907,0.23909,0.24638,0.02553,0.43546,0.01639,0.00055,0.01121,0.22733
144,"Today, Most doctors always",euc_ctx,0.5,1,21,0.55593,0.43237,0.43698,0.44331,0.0488,0.43546,0.00309,2e-05,0.01825,0.41871
144,"Today, Most doctors always",euc_ctx,0.7,1,24,0.71144,0.45117,0.64117,0.64567,0.16836,0.43546,0.01571,0.0005,0.02399,0.61668
144,"Today, Most doctors always",euc_ctx,0.9,1,30,0.9053,0.49656,1.1823,1.18072,0.254,0.43546,0.0611,0.00749,0.03366,1.14115
144,"Today, Most doctors always",euc_ctx,0.99,1,41,0.99132,0.55318,2.44771,2.43065,0.27528,0.43546,0.11772,0.02782,0.04863,2.37126
144,"Today, Most doctors always",cau_ctx,0.3,1,34,0.32082,0.38351,0.33667,0.34367,0.03527,0.43546,0.05195,0.00562,0.02813,0.30291
144,"Today, Most doctors always",cau_ctx,0.5,1,41,0.51025,0.37677,0.5576,0.56347,0.18876,0.43546,0.05869,0.00721,0.04034,0.51006
144,"Today, Most doctors always",cau_ctx,0.7,1,49,0.72207,0.37591,0.91969,0.92245,0.20843,0.43546,0.05956,0.00742,0.06775,0.84452
144,"Today, Most doctors always",cau_ctx,0.9,1,60,0.90306,0.37742,1.60091,1.5966,0.26339,0.43546,0.05804,0.00704,0.13206,1.46181
144,"Today, Most doctors always",cau_ctx,0.99,1,80,0.99033,0.35669,3.20061,3.17846,0.28985,0.43546,0.07877,0.01315,0.29971,2.88775
144,"Today, Most doctors always",dua_ctx,0.3,1,19,0.30644,0.40567,0.2112,0.21805,0.02853,0.43546,0.02979,0.00183,0.00967,0.19971
144,"Today, Most doctors always",dua_ctx,0.5,1,25,0.53015,0.40634,0.40771,0.4135,0.02798,0.43546,0.02912,0.00175,0.01588,0.39007
144,"Today, Most doctors always",dua_ctx,0.7,1,30,0.70947,0.41555,0.63933,0.64285,0.14484,0.43546,0.01991,0.00081,0.02292,0.6156
144,"Today, Most doctors always",dua_ctx,0.9,1,38,0.90378,0.44387,1.18202,1.17911,0.2443,0.43546,0.00841,0.00014,0.0405,1.14138
144,"Today, Most doctors always",dua_ctx,0.99,1,50,0.99047,0.49089,2.40787,2.3898,0.27275,0.43546,0.05542,0.00617,0.07303,2.32867
144,"Today, Most doctors always",euc_unemb,0.3,1,7,0.37014,0.38289,0.15953,0.1639,0.01901,0.43546,0.05257,0.00576,0.01712,0.13665
144,"Today, Most doctors always",euc_unemb,0.5,1,8,0.5099,0.39732,0.24407,0.24773,0.02721,0.43546,0.03814,0.00301,0.02867,0.21239
144,"Today, Most doctors always",euc_unemb,0.7,1,10,0.76542,0.44429,0.52704,0.5273,0.16696,0.43546,0.00883,0.00016,0.06861,0.45828
144,"Today, Most doctors always",euc_unemb,0.9,1,12,0.91101,0.49029,0.96827,0.96265,0.26309,0.43546,0.05483,0.00604,0.11951,0.84273
144,"Today, Most doctors always",euc_unemb,0.99,1,16,0.99016,0.53067,2.1142,2.09289,0.29379,0.43546,0.0952,0.01816,0.20924,1.88679
144,"Today, Most doctors always",cau_unemb,0.3,1,8,0.4069,0.3854,0.17927,0.18578,0.01666,0.43546,0.05007,0.00522,0.0148,0.15926
144,"Today, Most doctors always",cau_unemb,0.5,1,9,0.5347,0.40136,0.25581,0.26187,0.02172,0.43546,0.03411,0.0024,0.02239,0.23102
144,"Today, Most doctors always",cau_unemb,0.7,1,11,0.76298,0.45006,0.49428,0.49785,0.16688,0.43546,0.0146,0.00043,0.04717,0.44667
144,"Today, Most doctors always",cau_unemb,0.9,1,14,0.93755,0.52141,1.07358,1.06989,0.27514,0.43546,0.08595,0.0148,0.09315,0.96562
144,"Today, Most doctors always",cau_unemb,0.99,1,18,0.99142,0.56521,2.08184,2.06507,0.29332,0.43546,0.12975,0.03386,0.14527,1.9027
144,"Today, Most doctors always",dua_unemb,0.3,1,7,0.34862,0.39393,0.13849,0.14288,0.01505,0.43546,0.04153,0.00357,0.0128,0.12212
144,"Today, Most doctors always",dua_unemb,0.5,1,9,0.60334,0.41052,0.29876,0.30145,0.03226,0.43546,0.02494,0.00128,0.03267,0.26481
144,"Today, Most doctors always",dua_unemb,0.7,1,10,0.71719,0.42344,0.41716,0.41822,0.06025,0.43546,0.01202,0.00029,0.04779,0.36908
144,"Today, Most doctors always",dua_unemb,0.9,1,13,0.92267,0.46134,0.94575,0.93908,0.2543,0.43546,0.02588,0.00135,0.1023,0.8421
144,"Today, Most doctors always",dua_unemb,0.99,1,17,0.99052,0.48261,1.98952,1.96793,0.28172,0.43546,0.04715,0.00447,0.16963,1.81542
144,"Today, Most doctors always",euc_dmd,0.3,1,7,0.37881,0.38101,0.19077,0.19708,0.02349,0.43546,0.05445,0.00619,0.02888,0.15571
144,"Today, Most doctors always",euc_dmd,0.5,1,8,0.51975,0.39849,0.27699,0.28287,0.0259,0.43546,0.03698,0.00283,0.04304,0.23112
144,"Today, Most doctors always",euc_dmd,0.7,1,10,0.77281,0.45917,0.54809,0.55122,0.17881,0.43546,0.02371,0.00114,0.08606,0.4609
144,"Today, Most doctors always",euc_dmd,0.9,1,12,0.91419,0.52771,0.96472,0.96275,0.26495,0.43546,0.09225,0.01705,0.13935,0.80831
144,"Today, Most doctors always",euc_dmd,0.99,1,16,0.99039,0.61291,2.07615,2.06001,0.29908,0.43546,0.17745,0.06418,0.24178,1.77018
144,"Today, Most doctors always",cau_dmd,0.3,1,8,0.36378,0.36125,0.20566,0.21418,0.0184,0.43546,0.07421,0.01164,0.03534,0.15868
144,"Today, Most doctors always",cau_dmd,0.5,1,10,0.60064,0.39492,0.35015,0.35829,0.02375,0.43546,0.04054,0.0034,0.05206,0.29469
144,"Today, Most doctors always",cau_dmd,0.7,1,11,0.70848,0.42251,0.45325,0.46054,0.06812,0.43546,0.01295,0.00034,0.06486,0.38804
144,"Today, Most doctors always",cau_dmd,0.9,1,14,0.90988,0.51928,0.91524,0.91756,0.2743,0.43546,0.08382,0.01408,0.11736,0.78381
144,"Today, Most doctors always",cau_dmd,0.99,1,19,0.99035,0.62523,2.05129,2.04027,0.29929,0.43546,0.18977,0.07378,0.21358,1.76393
144,"Today, Most doctors always",dua_dmd,0.3,1,7,0.36415,0.38473,0.16604,0.17224,0.02096,0.43546,0.05073,0.00536,0.02381,0.13687
144,"Today, Most doctors always",dua_dmd,0.5,1,9,0.61943,0.40427,0.32359,0.32875,0.03314,0.43546,0.03119,0.002,0.04791,0.27368
144,"Today, Most doctors always",dua_dmd,0.7,1,10,0.7291,0.42084,0.4311,0.43508,0.06067,0.43546,0.01463,0.00044,0.06303,0.36764
144,"Today, Most doctors always",dua_dmd,0.9,1,13,0.92266,0.47807,0.88939,0.88745,0.26351,0.43546,0.04261,0.00365,0.11252,0.77322
144,"Today, Most doctors always",dua_dmd,0.99,1,18,0.9937,0.54138,2.08889,2.07118,0.29691,0.43546,0.10591,0.0225,0.19701,1.86939
24,"At work, The workers now",euc_ctx,0.3,1,18,0.31631,0.41601,0.3181,0.32393,0.05646,0.67068,0.25467,0.13165,0.01052,0.17593
24,"At work, The workers now",euc_ctx,0.5,1,22,0.52898,0.40214,0.41981,0.4247,0.06173,0.67068,0.26854,0.14667,0.01869,0.25445
24,"At work, The workers now",euc_ctx,0.7,1,26,0.73151,0.42593,0.49786,0.5008,0.06239,0.67068,0.24475,0.12149,0.03133,0.34504
24,"At work, The workers now",euc_ctx,0.9,1,32,0.91132,0.51167,0.60725,0.60555,0.05455,0.67068,0.15901,0.05175,0.05071,0.50478
24,"At work, The workers now",euc_ctx,0.99,1,43,0.99145,0.67929,0.95921,0.94516,0.05569,0.67068,0.00861,0.00017,0.07554,0.8835
24,"At work, The workers now",cau_ctx,0.3,1,35,0.30631,0.39585,0.52882,0.5358,0.05503,0.67068,0.27483,0.15379,0.0304,0.34462
24,"At work, The workers now",cau_ctx,0.5,1,43,0.52528,0.32228,0.8497,0.85425,0.20972,0.67068,0.3484,0.25386,0.04725,0.5486
24,"At work, The workers now",cau_ctx,0.7,1,50,0.71361,0.27119,1.19746,1.19813,0.26117,0.67068,0.39949,0.34567,0.07667,0.77512
24,"At work, The workers now",cau_ctx,0.9,1,61,0.90081,0.21032,1.85175,1.8437,0.28611,0.67068,0.46036,0.48974,0.15487,1.20713
24,"At work, The workers now",cau_ctx,0.99,1,81,0.99023,0.13291,3.26265,3.2343,0.28827,0.67068,0.53777,0.76674,0.37425,2.12166
24,"At work, The workers now",dua_ctx,0.3,1,22,0.33335,0.48427,0.26824,0.27347,0.04752,0.67068,0.18641,0.07069,0.01489,0.18266
24,"At work, The workers now",dua_ctx,0.5,1,27,0.52702,0.47472,0.36741,0.37154,0.05452,0.67068,0.19596,0.078,0.02184,0.26757
24,"At work, The workers now",dua_ctx,0.7,1,32,0.71455,0.48783,0.46786,0.4699,0.05609,0.67068,0.18285,0.06806,0.031,0.3688
24,"At work, The workers now",dua_ctx,0.9,1,40,0.90983,0.54794,0.65307,0.64971,0.0558,0.67068,0.12274,0.03124,0.05252,0.56931
24,"At work, The workers now",dua_ctx,0.99,1,52,0.99078,0.66488,1.06393,1.04833,0.05432,0.67068,0.0058,8e-05,0.09234,0.97151
24,"At work, The workers now",euc_unemb,0.3,1,9,0.39327,0.46134,0.22918,0.23264,0.02727,0.67068,0.20934,0.08889,0.02519,0.1151
24,"At work, The workers now",euc_unemb,0.5,1,10,0.51362,0.46583,0.27056,0.27322,0.02905,0.67068,0.20485,0.08516,0.03932,0.14608
24,"At work, The workers now",euc_unemb,0.7,1,12,0.73799,0.5052,0.36877,0.36868,0.02914,0.67068,0.16548,0.05596,0.08616,0.22666
24,"At work, The workers now",euc_unemb,0.9,1,15,0.92551,0.59819,0.6032,0.59611,0.04348,0.67068,0.07249,0.0112,0.18083,0.41117
24,"At work, The workers now",euc_unemb,0.99,1,20,0.99349,0.68198,1.2583,1.23455,0.05545,0.67068,0.0113,0.00029,0.33665,0.92137
24,"At work, The workers now",cau_unemb,0.3,1,9,0.34189,0.42199,0.23416,0.23919,0.0308,0.67068,0.24869,0.12547,0.01435,0.09433
24,"At work, The workers now",cau_unemb,0.5,1,11,0.56352,0.42592,0.28951,0.29349,0.03298,0.67068,0.24476,0.1215,0.02422,0.14379
24,"At work, The workers now",cau_unemb,0.7,1,13,0.76219,0.4678,0.33797,0.33972,0.03343,0.67068,0.20288,0.08354,0.04553,0.20889
24,"At work, The workers now",cau_unemb,0.9,1,16,0.92598,0.56645,0.45878,0.45506,0.04162,0.67068,0.10422,0.02272,0.08913,0.34693
24,"At work, The workers now",cau_unemb,0.99,1,21,0.99176,0.68488,0.8726,0.85574,0.04883,0.67068,0.0142,0.00046,0.1551,0.71703
24,"At work, The workers now",dua_unemb,0.3,1,9,0.32766,0.52523,0.16024,0.16368,0.02279,0.67068,0.14545,0.04349,0.02154,0.09521
24,"At work, The workers now",dua_unemb,0.5,1,11,0.52834,0.53282,0.23859,0.24032,0.02422,0.67068,0.13786,0.03917,0.0443,0.15512
24,"At work, The workers now",dua_unemb,0.7,1,13,0.71579,0.56092,0.34457,0.34323,0.02648,0.67068,0.10975,0.02513,0.08201,0.23743
24,"At work, The workers now",dua_unemb,0.9,1,17,0.92896,0.64091,0.65569,0.64459,0.03727,0.67068,0.02977,0.00195,0.17224,0.4815
24,"At work, The workers now",dua_unemb,0.99,1,22,0.99202,0.70573,1.23288,1.2051,0.05211,0.67068,0.03505,0.00289,0.27168,0.95831
24,"At work, The workers now",euc_dmd,0.3,1,8,0.42016,0.3887,0.33292,0.33763,0.04818,0.67068,0.28198,0.16214,0.03111,0.13968
24,"At work, The workers now",euc_dmd,0.5,1,9,0.55602,0.39013,0.38061,0.38449,0.04933,0.67068,0.28055,0.16045,0.04249,0.17767
24,"At work, The workers now",euc_dmd,0.7,1,11,0.78781,0.43322,0.47444,0.47549,0.05928,0.67068,0.23746,0.11431,0.09041,0.26972
24,"At work, The workers now",euc_dmd,0.9,1,13,0.91587,0.50944,0.60207,0.59884,0.06362,0.67068,0.16124,0.05318,0.16309,0.3858
24,"At work, The workers now",euc_dmd,0.99,1,18,0.99347,0.6793,1.13101,1.11286,0.06592,0.67068,0.00862,0.00017,0.33577,0.79508
24,"At work, The workers now",cau_dmd,0.3,1,8,0.34008,0.36448,0.36759,0.37442,0.04719,0.67068,0.3062,0.19249,0.05255,0.12254
24,"At work, The workers now",cau_dmd,0.5,1,10,0.57397,0.35801,0.44682,0.4526,0.06003,0.67068,0.31267,0.20117,0.05199,0.19366
24,"At work, The workers now",cau_dmd,0.7,1,12,0.77426,0.3895,0.52777,0.53123,0.05942,0.67068,0.28118,0.1612,0.08039,0.28618
24,"At work, The workers now",cau_dmd,0.9,1,15,0.9301,0.46795,0.72977,0.72763,0.05936,0.67068,0.20272,0.08342,0.17136,0.47499
24,"At work, The workers now",cau_dmd,0.99,1,20,0.9914,0.55426,1.29533,1.27995,0.06117,0.67068,0.11642,0.02818,0.33177,0.93537
24,"At work, The workers now",dua_dmd,0.3,1,8,0.39884,0.46523,0.23306,0.23745,0.03856,0.67068,0.20545,0.08565,0.02778,0.11962
24,"At work, The workers now",dua_dmd,0.5,1,9,0.52532,0.46288,0.28133,0.2852,0.0421,0.67068,0.2078,0.08761,0.03999,0.15374
24,"At work, The workers now",dua_dmd,0.7,1,11,0.75038,0.48341,0.38534,0.38719,0.0502,0.67068,0.18727,0.07133,0.0761,0.23791
24,"At work, The workers now",dua_dmd,0.9,1,14,0.92787,0.55136,0.58139,0.57807,0.05983,0.67068,0.11932,0.02957,0.14578,0.40604
24,"At work, The workers now",dua_dmd,0.99,1,19,0.99286,0.6639,1.05503,1.0388,0.05626,0.67068,0.00678,0.0001,0.25367,0.80126
253,"Usually, Many people often",euc_ctx,0.3,1,19,0.34932,0.58755,0.24043,0.24823,0.0948,0.63103,0.04348,0.00395,0.02166,0.21482
253,"Usually, Many people often",euc_ctx,0.5,1,22,0.51904,0.59119,0.35649,0.36333,0.10368,0.63103,0.03983,0.00332,0.03186,0.32131
253,"Usually, Many people often",euc_ctx,0.7,1,26,0.73225,0.6124,0.55402,0.55803,0.109,0.63103,0.01863,0.00074,0.04683,0.50646
253,"Usually, Many people often",euc_ctx,0.9,1,32,0.91667,0.66026,0.93148,0.92855,0.1294,0.63103,0.02923,0.00188,0.06403,0.86557
253,"Usually, Many people often",euc_ctx,0.99,1,42,0.99105,0.71983,1.7014,1.6835,0.13948,0.63103,0.08881,0.0185,0.08167,1.60123
253,"Usually, Many people often",cau_ctx,0.3,1,37,0.31299,0.62745,0.40338,0.41181,0.09586,0.63103,0.00357,3e-05,0.0514,0.35195
253,"Usually, Many people often",cau_ctx,0.5,1,44,0.50431,0.60711,0.62058,0.62754,0.10455,0.63103,0.02392,0.00121,0.06614,0.55323
253,"Usually, Many people often",cau_ctx,0.7,1,52,0.71827,0.58745,0.94615,0.94948,0.12261,0.63103,0.04358,0.00396,0.09047,0.85172
253,"Usually, Many people often",cau_ctx,0.9,1,63,0.90048,0.55931,1.51954,1.51504,0.10663,0.63103,0.07171,0.01059,0.14169,1.36726
253,"Usually, Many people often",cau_ctx,0.99,1,84,0.99052,0.45984,2.92625,2.90154,0.11575,0.63103,0.17118,0.05907,0.29186,2.57533
253,"Usually, Many people often",dua_ctx,0.3,1,21,0.30772,0.59541,0.21996,0.22746,0.01664,0.63103,0.03561,0.00266,0.01491,0.20239
253,"Usually, Many people often",dua_ctx,0.5,1,27,0.53348,0.59397,0.4039,0.40985,0.10153,0.63103,0.03706,0.00288,0.02695,0.37407
253,"Usually, Many people often",dua_ctx,0.7,1,32,0.71578,0.60247,0.60939,0.61251,0.10824,0.63103,0.02855,0.00172,0.04011,0.56757
253,"Usually, Many people often",dua_ctx,0.9,1,40,0.91174,0.63492,1.04774,1.04337,0.13561,0.63103,0.0039,3e-05,0.06528,0.98243
253,"Usually, Many people often",dua_ctx,0.99,1,51,0.99041,0.6887,1.84786,1.82842,0.14617,0.63103,0.05768,0.00753,0.09716,1.74317
253,"Usually, Many people often",euc_unemb,0.3,1,8,0.37568,0.55066,0.17679,0.18249,0.02305,0.63103,0.08036,0.01326,0.02662,0.13691
253,"Usually, Many people often",euc_unemb,0.5,1,9,0.51557,0.56205,0.24839,0.25318,0.02844,0.63103,0.06898,0.00981,0.04229,0.19629
253,"Usually, Many people often",euc_unemb,0.7,1,11,0.76898,0.60286,0.47459,0.4755,0.09839,0.63103,0.02816,0.00167,0.09797,0.37495
253,"Usually, Many people often",euc_unemb,0.9,1,13,0.91228,0.64259,0.81143,0.80608,0.10776,0.63103,0.01156,0.00029,0.17137,0.63977
253,"Usually, Many people often",euc_unemb,0.99,1,17,0.99018,0.67348,1.65471,1.63328,0.11606,0.63103,0.04245,0.00401,0.3054,1.34529
253,"Usually, Many people often",cau_unemb,0.3,1,9,0.40991,0.52808,0.19999,0.20759,0.03171,0.63103,0.10295,0.02159,0.02859,0.14981
253,"Usually, Many people often",cau_unemb,0.5,1,10,0.53835,0.54026,0.25996,0.2669,0.03201,0.63103,0.09077,0.01685,0.03967,0.20345
253,"Usually, Many people often",cau_unemb,0.7,1,12,0.76613,0.58263,0.43617,0.44014,0.09662,0.63103,0.0484,0.00488,0.07597,0.35532
253,"Usually, Many people often",cau_unemb,0.9,1,14,0.90154,0.62729,0.69602,0.69508,0.10437,0.63103,0.00374,3e-05,0.12276,0.57323
253,"Usually, Many people often",cau_unemb,0.99,1,19,0.99147,0.67471,1.56765,1.55011,0.11032,0.63103,0.04368,0.00426,0.22946,1.33394
253,"Usually, Many people often",dua_unemb,0.3,1,8,0.35259,0.56862,0.15098,0.15617,0.02157,0.63103,0.06241,0.00806,0.01965,0.12328
253,"Usually, Many people often",dua_unemb,0.5,1,10,0.60724,0.58769,0.29693,0.30014,0.03687,0.63103,0.04333,0.00392,0.04853,0.24448
253,"Usually, Many people often",dua_unemb,0.7,1,11,0.72079,0.60358,0.40002,0.40147,0.04319,0.63103,0.02745,0.00159,0.07024,0.32819
253,"Usually, Many people often",dua_unemb,0.9,1,14,0.92463,0.6532,0.83014,0.82353,0.06711,0.63103,0.02217,0.00107,0.14848,0.68059
253,"Usually, Many people often",dua_unemb,0.99,1,18,0.99073,0.68496,1.59937,1.5777,0.1147,0.63103,0.05394,0.00656,0.246,1.34681
253,"Usually, Many people often",euc_dmd,0.3,1,8,0.39172,0.51761,0.24238,0.25054,0.10489,0.63103,0.11341,0.02613,0.04916,0.16709
253,"Usually, Many people often",euc_dmd,0.5,1,9,0.53394,0.52804,0.32381,0.33129,0.10272,0.63103,0.10299,0.0216,0.07096,0.23125
253,"Usually, Many people often",euc_dmd,0.7,1,11,0.78327,0.57327,0.55876,0.56289,0.11059,0.63103,0.05775,0.00691,0.13942,0.41243
253,"Usually, Many people often",euc_dmd,0.9,1,13,0.91895,0.62369,0.89684,0.89534,0.13467,0.63103,0.00733,0.00011,0.22769,0.66904
253,"Usually, Many people often",euc_dmd,0.99,1,17,0.99092,0.67612,1.75989,1.74363,0.15624,0.63103,0.0451,0.00454,0.40513,1.35022
253,"Usually, Many people often",cau_dmd,0.3,1,9,0.37291,0.48518,0.29199,0.30262,0.10839,0.63103,0.14584,0.04295,0.06785,0.1812
253,"Usually, Many people often",cau_dmd,0.5,1,11,0.61305,0.50678,0.42825,0.43798,0.126,0.63103,0.12424,0.03128,0.09705,0.29992
253,"Usually, Many people often",cau_dmd,0.7,1,12,0.72022,0.52842,0.51926,0.52785,0.12381,0.63103,0.1026,0.02145,0.12129,0.37652
253,"Usually, Many people often",cau_dmd,0.9,1,15,0.91549,0.60358,0.90865,0.91137,0.14595,0.63103,0.02745,0.00159,0.2243,0.68276
253,"Usually, Many people often",cau_dmd,0.99,1,20,0.9911,0.67167,1.82507,1.81338,0.16091,0.63103,0.04064,0.00367,0.41909,1.40231
253,"Usually, Many people often",dua_dmd,0.3,1,8,0.38232,0.53914,0.21305,0.22068,0.02506,0.63103,0.09189,0.01726,0.03842,0.15736
253,"Usually, Many people often",dua_dmd,0.5,1,9,0.51479,0.54368,0.29052,0.29773,0.02604,0.63103,0.08735,0.01562,0.05645,0.21845
253,"Usually, Many people often",dua_dmd,0.7,1,11,0.74957,0.57115,0.49142,0.49639,0.0954,0.63103,0.05988,0.00742,0.10492,0.37907
253,"Usually, Many people often",dua_dmd,0.9,1,14,0.93196,0.6297,0.90666,0.90516,0.10035,0.63103,0.00132,0.0,0.19003,0.71663
253,"Usually, Many people often",dua_dmd,0.99,1,18,0.99088,0.68192,1.64602,1.63172,0.13707,0.63103,0.05089,0.00582,0.30602,1.33418
207,"Lately, Both of them usually",euc_ctx,0.3,1,7,0.3384,0.51857,0.07036,0.07292,0.08651,0.58543,0.06686,0.00901,0.00687,0.05448
207,"Lately, Both of them usually",euc_ctx,0.5,1,10,0.51563,0.51163,0.14087,0.14319,0.10016,0.58543,0.07381,0.01097,0.01629,0.11361
207,"Lately, Both of them usually",euc_ctx,0.7,1,14,0.739,0.53217,0.26574,0.26626,0.10414,0.58543,0.05326,0.00573,0.03229,0.22772
207,"Lately, Both of them usually",euc_ctx,0.9,1,19,0.90592,0.5859,0.47462,0.47085,0.12426,0.58543,0.00046,0.0,0.04807,0.42655
207,"Lately, Both of them usually",euc_ctx,0.99,1,29,0.99112,0.67393,1.06994,1.05378,0.13213,0.58543,0.0885,0.01713,0.06683,0.98598
207,"Lately, Both of them usually",cau_ctx,0.3,1,13,0.3196,0.54164,0.08194,0.0853,0.01424,0.58543,0.04379,0.00389,0.01175,0.0663
207,"Lately, Both of them usually",cau_ctx,0.5,1,19,0.5003,0.53613,0.17909,0.18244,0.10583,0.58543,0.0493,0.00492,0.02599,0.14818
207,"Lately, Both of them usually",cau_ctx,0.7,1,26,0.70912,0.54868,0.346,0.34777,0.10473,0.58543,0.03676,0.00274,0.05208,0.29118
207,"Lately, Both of them usually",cau_ctx,0.9,1,37,0.90925,0.58774,0.73753,0.73379,0.14939,0.58543,0.00231,1e-05,0.11489,0.62264
207,"Lately, Both of them usually",cau_ctx,0.99,1,55,0.99053,0.61851,1.66014,1.64259,0.16656,0.58543,0.03307,0.00229,0.26419,1.39365
207,"Lately, Both of them usually",dua_ctx,0.3,1,8,0.3035,0.53462,0.05504,0.05747,0.08273,0.58543,0.05081,0.00522,0.00414,0.04568
207,"Lately, Both of them usually",dua_ctx,0.5,1,13,0.51447,0.5253,0.13947,0.14162,0.09915,0.58543,0.06013,0.0073,0.01132,0.12085
207,"Lately, Both of them usually",dua_ctx,0.7,1,18,0.72064,0.53797,0.25993,0.26032,0.09906,0.58543,0.04747,0.00456,0.02099,0.23438
207,"Lately, Both of them usually",dua_ctx,0.9,1,25,0.90832,0.58439,0.50265,0.49817,0.12891,0.58543,0.00104,0.0,0.03581,0.46684
207,"Lately, Both of them usually",dua_ctx,0.99,1,36,0.99112,0.66503,1.08575,1.06905,0.13203,0.58543,0.07959,0.01375,0.05613,1.01587
207,"Lately, Both of them usually",euc_unemb,0.3,1,3,0.33707,0.52835,0.06145,0.06297,0.01374,0.58543,0.05708,0.00658,0.00905,0.04581
207,"Lately, Both of them usually",euc_unemb,0.5,1,5,0.61525,0.53673,0.18832,0.18832,0.10493,0.58543,0.0487,0.0048,0.04447,0.13904
207,"Lately, Both of them usually",euc_unemb,0.7,1,6,0.73987,0.55725,0.28805,0.28638,0.12521,0.58543,0.02818,0.00162,0.07741,0.20902
207,"Lately, Both of them usually",euc_unemb,0.9,1,8,0.90042,0.61182,0.56393,0.55725,0.14495,0.58543,0.02639,0.00145,0.16203,0.40044
207,"Lately, Both of them usually",euc_unemb,0.99,1,13,0.99403,0.69875,1.54417,1.5195,0.16462,0.58543,0.11331,0.02878,0.37754,1.13785
207,"Lately, Both of them usually",cau_unemb,0.3,1,3,0.30599,0.52659,0.04839,0.05061,0.01332,0.58543,0.05884,0.00699,0.00661,0.03479
207,"Lately, Both of them usually",cau_unemb,0.5,1,5,0.55487,0.52695,0.13846,0.14017,0.101,0.58543,0.05848,0.00691,0.02739,0.10416
207,"Lately, Both of them usually",cau_unemb,0.7,1,7,0.77874,0.56492,0.29249,0.29174,0.12624,0.58543,0.02051,0.00086,0.07114,0.22049
207,"Lately, Both of them usually",cau_unemb,0.9,1,9,0.90837,0.61748,0.51965,0.51471,0.12897,0.58543,0.03204,0.00215,0.12728,0.39022
207,"Lately, Both of them usually",cau_unemb,0.99,1,14,0.99235,0.69999,1.31549,1.29581,0.15439,0.58543,0.11455,0.02945,0.2623,1.02373
207,"Lately, Both of them usually",dua_unemb,0.3,1,3,0.32177,0.544,0.04776,0.04915,0.01192,0.58543,0.04144,0.00348,0.00645,0.03782
207,"Lately, Both of them usually",dua_unemb,0.5,1,5,0.57829,0.55082,0.14966,0.14997,0.09806,0.58543,0.03461,0.00243,0.02972,0.11751
207,"Lately, Both of them usually",dua_unemb,0.7,1,7,0.79574,0.58459,0.32445,0.32177,0.12564,0.58543,0.00085,0.0,0.07334,0.2511
207,"Lately, Both of them usually",dua_unemb,0.9,1,9,0.91744,0.62764,0.56819,0.56087,0.13212,0.58543,0.04221,0.00376,0.12458,0.43986
207,"Lately, Both of them usually",dua_unemb,0.99,1,14,0.99392,0.69961,1.39595,1.37257,0.15029,0.58543,0.11418,0.02925,0.24745,1.11925
207,"Lately, Both of them usually",euc_dmd,0.3,1,3,0.33694,0.50952,0.07842,0.08018,0.09189,0.58543,0.07591,0.0116,0.01193,0.05489
207,"Lately, Both of them usually",euc_dmd,0.5,1,5,0.61456,0.50617,0.21699,0.21732,0.1179,0.58543,0.07926,0.01264,0.04785,0.15651
207,"Lately, Both of them usually",euc_dmd,0.7,1,6,0.73877,0.52315,0.31662,0.31535,0.1198,0.58543,0.06228,0.00783,0.08102,0.22777
207,"Lately, Both of them usually",euc_dmd,0.9,1,9,0.94044,0.60797,0.74715,0.73827,0.14925,0.58543,0.02253,0.00106,0.22405,0.52204
207,"Lately, Both of them usually",euc_dmd,0.99,1,13,0.99358,0.69615,1.53522,1.51242,0.15508,0.58543,0.11071,0.0274,0.43401,1.07381
207,"Lately, Both of them usually",cau_dmd,0.3,1,4,0.39801,0.50083,0.11259,0.11517,0.09616,0.58543,0.0846,0.01439,0.02179,0.07641
207,"Lately, Both of them usually",cau_dmd,0.5,1,5,0.51714,0.49864,0.16666,0.1689,0.10019,0.58543,0.08679,0.01514,0.03198,0.11954
207,"Lately, Both of them usually",cau_dmd,0.7,1,7,0.73547,0.52175,0.31126,0.31153,0.12026,0.58543,0.06369,0.00818,0.06752,0.23556
207,"Lately, Both of them usually",cau_dmd,0.9,1,10,0.9189,0.5914,0.65222,0.64686,0.1235,0.58543,0.00597,7e-05,0.1664,0.48575
207,"Lately, Both of them usually",cau_dmd,0.99,1,15,0.99105,0.67721,1.47337,1.45447,0.12964,0.58543,0.09178,0.01848,0.36955,1.08535
207,"Lately, Both of them usually",dua_dmd,0.3,1,3,0.32794,0.52512,0.06402,0.06554,0.08605,0.58543,0.06031,0.00734,0.00915,0.04753
207,"Lately, Both of them usually",dua_dmd,0.5,1,5,0.58472,0.52001,0.18047,0.18106,0.10233,0.58543,0.06542,0.00863,0.03363,0.1382
207,"Lately, Both of them usually",dua_dmd,0.7,1,6,0.70048,0.52964,0.26014,0.25965,0.11721,0.58543,0.05579,0.00629,0.05267,0.20118
207,"Lately, Both of them usually",dua_dmd,0.9,1,9,0.91026,0.58483,0.5803,0.57452,0.12263,0.58543,0.00061,0.0,0.12853,0.45176
207,"Lately, Both of them usually",dua_dmd,0.99,1,14,0.99156,0.67649,1.33921,1.31976,0.12787,0.58543,0.09106,0.01818,0.27902,1.04201
41,"Over time, The engineers generally",euc_ctx,0.3,1,24,0.3424,0.19796,0.73029,0.73463,0.15829,0.51327,0.31532,0.24593,0.0287,0.45566
41,"Over time, The engineers generally",euc_ctx,0.5,1,27,0.50402,0.19134,0.85873,0.8621,0.15713,0.51327,0.32193,0.25937,0.03826,0.5611
41,"Over time, The engineers generally",euc_ctx,0.7,1,31,0.7121,0.20602,0.99595,0.99751,0.14552,0.51327,0.30726,0.23036,0.05249,0.71311
41,"Over time, The engineers generally",euc_ctx,0.9,1,37,0.90325,0.27347,1.16423,1.16198,0.12487,0.51327,0.23981,0.1282,0.07009,0.96595
41,"Over time, The engineers generally",euc_ctx,0.99,1,48,0.99046,0.46676,1.61784,1.60523,0.05096,0.51327,0.04651,0.00433,0.08944,1.52407
41,"Over time, The engineers generally",cau_ctx,0.3,1,47,0.3207,0.18987,0.99402,0.99833,0.14233,0.51327,0.3234,0.26245,0.06671,0.66486
41,"Over time, The engineers generally",cau_ctx,0.5,1,54,0.50971,0.15068,1.38631,1.38742,0.13955,0.51327,0.36259,0.35811,0.0895,0.93871
41,"Over time, The engineers generally",cau_ctx,0.7,1,62,0.71956,0.11568,1.9505,1.94598,0.14135,0.51327,0.39759,0.47412,0.1347,1.34167
41,"Over time, The engineers generally",cau_ctx,0.9,1,74,0.90879,0.0777,2.97826,2.96221,0.13328,0.51327,0.43558,0.65795,0.23104,2.08927
41,"Over time, The engineers generally",cau_ctx,0.99,1,95,0.99071,0.03839,4.99948,4.95919,0.13544,0.51327,0.47488,0.99948,0.41914,3.58085
41,"Over time, The engineers generally",dua_ctx,0.3,1,27,0.33733,0.27077,0.51994,0.52515,0.10807,0.51327,0.2425,0.13148,0.02472,0.36374
41,"Over time, The engineers generally",dua_ctx,0.5,1,31,0.51475,0.26512,0.65248,0.65664,0.11009,0.51327,0.24816,0.13855,0.03464,0.47928
41,"Over time, The engineers generally",dua_ctx,0.7,1,36,0.72637,0.28109,0.81938,0.82142,0.06227,0.51327,0.23218,0.11922,0.05011,0.65005
41,"Over time, The engineers generally",dua_ctx,0.9,1,43,0.90784,0.33954,1.07475,1.07236,0.06377,0.51327,0.17373,0.06352,0.07252,0.93871
41,"Over time, The engineers generally",dua_ctx,0.99,1,55,0.99025,0.48192,1.66044,1.64722,0.04949,0.51327,0.03135,0.00197,0.10495,1.55352
41,"Over time, The engineers generally",euc_unemb,0.3,1,10,0.34437,0.24822,0.48879,0.49238,0.1179,0.51327,0.26505,0.16129,0.03828,0.28922
41,"Over time, The engineers generally",euc_unemb,0.5,1,12,0.61105,0.25648,0.67096,0.67256,0.14284,0.51327,0.2568,0.14987,0.08833,0.43276
41,"Over time, The engineers generally",euc_unemb,0.7,1,13,0.73126,0.2759,0.77188,0.77194,0.14418,0.51327,0.23738,0.12529,0.12609,0.52051
41,"Over time, The engineers generally",euc_unemb,0.9,1,16,0.93423,0.37123,1.15996,1.15318,0.16187,0.51327,0.14204,0.04166,0.25377,0.86454
41,"Over time, The engineers generally",euc_unemb,0.99,1,20,0.99234,0.48023,1.9316,1.91145,0.17593,0.51327,0.03304,0.00218,0.39859,1.53083
41,"Over time, The engineers generally",cau_unemb,0.3,1,11,0.34909,0.23874,0.49878,0.50423,0.1315,0.51327,0.27453,0.17518,0.03918,0.28442
41,"Over time, The engineers generally",cau_unemb,0.5,1,13,0.58845,0.24601,0.63654,0.64068,0.13261,0.51327,0.26727,0.16446,0.06688,0.4052
41,"Over time, The engineers generally",cau_unemb,0.7,1,15,0.79187,0.28621,0.78075,0.78251,0.12329,0.51327,0.22706,0.11343,0.11035,0.55697
41,"Over time, The engineers generally",cau_unemb,0.9,1,17,0.9099,0.34868,0.9632,0.96141,0.14344,0.51327,0.1646,0.05668,0.15887,0.74764
41,"Over time, The engineers generally",cau_unemb,0.99,1,22,0.99133,0.49149,1.69103,1.67611,0.16238,0.51327,0.02179,0.00095,0.26509,1.42499
41,"Over time, The engineers generally",dua_unemb,0.3,1,10,0.31186,0.31186,0.32371,0.32802,0.09892,0.51327,0.20142,0.0872,0.02918,0.20733
41,"Over time, The engineers generally",dua_unemb,0.5,1,12,0.5569,0.31415,0.48732,0.49,0.10813,0.51327,0.19912,0.08506,0.06507,0.33719
41,"Over time, The engineers generally",dua_unemb,0.7,1,14,0.77331,0.34147,0.70052,0.70014,0.13585,0.51327,0.1718,0.06204,0.11913,0.51935
41,"Over time, The engineers generally",dua_unemb,0.9,1,16,0.90193,0.38288,0.9635,0.95874,0.15158,0.51327,0.13039,0.0349,0.17525,0.75334
41,"Over time, The engineers generally",dua_unemb,0.99,1,21,0.99139,0.47909,1.82588,1.80602,0.16693,0.51327,0.03418,0.00234,0.28851,1.53503
41,"Over time, The engineers generally",euc_dmd,0.3,1,10,0.38215,0.18493,0.73958,0.74292,0.16289,0.51327,0.32835,0.27303,0.06448,0.40208
41,"Over time, The engineers generally",euc_dmd,0.5,1,11,0.51751,0.18213,0.8478,0.85018,0.16452,0.51327,0.33115,0.27919,0.08674,0.48187
41,"Over time, The engineers generally",euc_dmd,0.7,1,13,0.76239,0.20481,1.05386,1.05359,0.16113,0.51327,0.30846,0.23263,0.15989,0.66135
41,"Over time, The engineers generally",euc_dmd,0.9,1,15,0.90498,0.25957,1.27028,1.26635,0.13497,0.51327,0.2537,0.14574,0.25507,0.86947
41,"Over time, The engineers generally",euc_dmd,0.99,1,20,0.99286,0.4421,2.01975,2.00252,0.08812,0.51327,0.07118,0.01019,0.46834,1.54122
41,"Over time, The engineers generally",cau_dmd,0.3,1,11,0.31923,0.18905,0.72711,0.73315,0.16242,0.51327,0.32422,0.26418,0.09179,0.37114
41,"Over time, The engineers generally",cau_dmd,0.5,1,13,0.53795,0.18564,0.88965,0.89455,0.15835,0.51327,0.32763,0.27147,0.11305,0.50512
41,"Over time, The engineers generally",cau_dmd,0.7,1,15,0.7401,0.20856,1.04765,1.05069,0.14893,0.51327,0.30471,0.22562,0.16338,0.65864
41,"Over time, The engineers generally",cau_dmd,0.9,1,18,0.91384,0.28287,1.32173,1.32054,0.08759,0.51327,0.2304,0.11719,0.27222,0.93232
41,"Over time, The engineers generally",cau_dmd,0.99,1,24,0.99265,0.45463,2.17086,2.1563,0.08065,0.51327,0.05864,0.0069,0.4807,1.68325
41,"Over time, The engineers generally",dua_dmd,0.3,1,10,0.37872,0.25189,0.51023,0.51483,0.1411,0.51327,0.26138,0.15613,0.05557,0.29853
41,"Over time, The engineers generally",dua_dmd,0.5,1,11,0.50684,0.24955,0.60427,0.60819,0.1473,0.51327,0.26373,0.15942,0.07512,0.36973
41,"Over time, The engineers generally",dua_dmd,0.7,1,13,0.738,0.26616,0.81008,0.81181,0.13066,0.51327,0.24711,0.13722,0.13064,0.54222
41,"Over time, The engineers generally",dua_dmd,0.9,1,16,0.92275,0.32475,1.17148,1.16802,0.08666,0.51327,0.18852,0.0756,0.22725,0.86863
41,"Over time, The engineers generally",dua_dmd,0.99,1,21,0.99204,0.43908,1.92427,1.90859,0.0856,0.51327,0.07419,0.01108,0.35932,1.55387
187,"Lately, Students still",euc_ctx,0.3,1,16,0.34215,0.42648,0.25847,0.26487,0.04833,0.57298,0.14649,0.04323,0.00939,0.20584
187,"Lately, Students still",euc_ctx,0.5,1,19,0.51492,0.42724,0.35213,0.35802,0.05729,0.57298,0.14574,0.04278,0.01464,0.29471
187,"Lately, Students still",euc_ctx,0.7,1,23,0.73314,0.46008,0.48977,0.49378,0.06409,0.57298,0.1129,0.02556,0.02365,0.44056
187,"Lately, Students still",euc_ctx,0.9,1,28,0.90011,0.53357,0.70774,0.70761,0.0486,0.57298,0.03941,0.00313,0.03453,0.67007
187,"Lately, Students still",euc_ctx,0.99,1,39,0.9919,0.6694,1.43513,1.42133,0.0622,0.57298,0.09642,0.02017,0.05211,1.36286
187,"Lately, Students still",cau_ctx,0.3,1,30,0.30242,0.45176,0.40133,0.41048,0.04359,0.57298,0.12122,0.02949,0.02398,0.34786
187,"Lately, Students still",cau_ctx,0.5,1,37,0.50521,0.43075,0.61884,0.62748,0.05065,0.57298,0.14222,0.04072,0.04309,0.53502
187,"Lately, Students still",cau_ctx,0.7,1,44,0.70786,0.43344,0.877,0.8838,0.05503,0.57298,0.13953,0.03917,0.07561,0.76222
187,"Lately, Students still",cau_ctx,0.9,1,55,0.90582,0.46811,1.37783,1.37924,0.06624,0.57298,0.10487,0.02205,0.15297,1.20281
187,"Lately, Students still",cau_ctx,0.99,1,74,0.99122,0.50739,2.559,2.54598,0.2565,0.57298,0.06559,0.00864,0.35136,2.199
187,"Lately, Students still",dua_ctx,0.3,1,19,0.33172,0.47286,0.22904,0.23502,0.03013,0.57298,0.10012,0.0201,0.00978,0.19917
187,"Lately, Students still",dua_ctx,0.5,1,24,0.53089,0.47335,0.36294,0.36803,0.0431,0.57298,0.09963,0.0199,0.01698,0.32606
187,"Lately, Students still",dua_ctx,0.7,1,29,0.72031,0.49114,0.53148,0.5345,0.04784,0.57298,0.08184,0.01343,0.02721,0.49084
187,"Lately, Students still",dua_ctx,0.9,1,37,0.91523,0.54734,0.89262,0.88987,0.05051,0.57298,0.02564,0.00133,0.04821,0.84308
187,"Lately, Students still",dua_ctx,0.99,1,48,0.99077,0.63197,1.60102,1.58597,0.05025,0.57298,0.059,0.00734,0.07742,1.51627
187,"Lately, Students still",euc_unemb,0.3,1,8,0.4104,0.41542,0.23219,0.2355,0.05367,0.57298,0.15756,0.05013,0.01797,0.16409
187,"Lately, Students still",euc_unemb,0.5,1,9,0.53866,0.42155,0.29047,0.29291,0.05735,0.57298,0.15143,0.04624,0.02497,0.21925
187,"Lately, Students still",euc_unemb,0.7,1,11,0.76737,0.46018,0.44545,0.44477,0.06663,0.57298,0.11279,0.02552,0.05162,0.36831
187,"Lately, Students still",euc_unemb,0.9,1,13,0.90362,0.5133,0.67723,0.67167,0.07152,0.57298,0.05968,0.00716,0.09108,0.579
187,"Lately, Students still",euc_unemb,0.99,1,18,0.99244,0.58238,1.5724,1.54962,0.07974,0.57298,0.0094,0.00018,0.20496,1.36726
187,"Lately, Students still",cau_unemb,0.3,1,8,0.37272,0.37603,0.24106,0.24605,0.04719,0.57298,0.19695,0.07937,0.01501,0.14667
187,"Lately, Students still",cau_unemb,0.5,1,10,0.61281,0.38684,0.33153,0.33532,0.05727,0.57298,0.18614,0.07059,0.01919,0.24175
187,"Lately, Students still",cau_unemb,0.7,1,11,0.72075,0.40659,0.38026,0.38294,0.06066,0.57298,0.16638,0.05604,0.02294,0.30128
187,"Lately, Students still",cau_unemb,0.9,1,14,0.91774,0.49646,0.59059,0.58795,0.07008,0.57298,0.07652,0.01175,0.04157,0.53728
187,"Lately, Students still",cau_unemb,0.99,1,19,0.99216,0.6094,1.22514,1.20896,0.06996,0.57298,0.03642,0.00276,0.08163,1.14076
187,"Lately, Students still",dua_unemb,0.3,1,8,0.34258,0.46661,0.15904,0.16223,0.04484,0.57298,0.10637,0.02269,0.01539,0.12096
187,"Lately, Students still",dua_unemb,0.5,1,10,0.5536,0.4805,0.25777,0.25926,0.04961,0.57298,0.09248,0.01715,0.02646,0.21417
187,"Lately, Students still",dua_unemb,0.7,1,12,0.74215,0.51238,0.40768,0.406,0.06279,0.57298,0.06059,0.00738,0.05011,0.35018
187,"Lately, Students still",dua_unemb,0.9,1,15,0.91274,0.569,0.75191,0.74293,0.07038,0.57298,0.00398,3e-05,0.1014,0.65048
187,"Lately, Students still",dua_unemb,0.99,1,20,0.99117,0.62237,1.59771,1.57167,0.07863,0.57298,0.04939,0.00511,0.18498,1.40762
187,"Lately, Students still",euc_dmd,0.3,1,6,0.30961,0.37009,0.22914,0.23488,0.05789,0.57298,0.20289,0.08445,0.01596,0.12873
187,"Lately, Students still",euc_dmd,0.5,1,8,0.60327,0.37333,0.35836,0.36308,0.06558,0.57298,0.19965,0.08165,0.03611,0.24059
187,"Lately, Students still",euc_dmd,0.7,1,9,0.73658,0.39816,0.42928,0.43273,0.07266,0.57298,0.17482,0.06203,0.05429,0.31296
187,"Lately, Students still",euc_dmd,0.9,1,11,0.90398,0.4765,0.61715,0.61659,0.07821,0.57298,0.09647,0.01866,0.1027,0.49578
187,"Lately, Students still",euc_dmd,0.99,1,15,0.99047,0.61792,1.23464,1.22182,0.07865,0.57298,0.04495,0.00422,0.20021,1.03022
187,"Lately, Students still",cau_dmd,0.3,1,7,0.4037,0.3202,0.3364,0.34411,0.06243,0.57298,0.25278,0.13487,0.02741,0.17412
187,"Lately, Students still",cau_dmd,0.5,1,8,0.54426,0.32022,0.39549,0.40296,0.06643,0.57298,0.25275,0.13484,0.03232,0.22832
187,"Lately, Students still",cau_dmd,0.7,1,10,0.78531,0.35986,0.51438,0.52019,0.07339,0.57298,0.21312,0.09363,0.05892,0.36183
187,"Lately, Students still",cau_dmd,0.9,1,12,0.91625,0.43273,0.67782,0.68048,0.07909,0.57298,0.14025,0.03958,0.10483,0.53341
187,"Lately, Students still",cau_dmd,0.99,1,17,0.9934,0.58935,1.37924,1.36932,0.0757,0.57298,0.01637,0.00055,0.22272,1.15597
187,"Lately, Students still",dua_dmd,0.3,1,7,0.42256,0.42355,0.2147,0.21998,0.05093,0.57298,0.14943,0.04501,0.02182,0.14787
187,"Lately, Students still",dua_dmd,0.5,1,8,0.56367,0.42642,0.27598,0.28086,0.06138,0.57298,0.14656,0.04327,0.03183,0.20087
187,"Lately, Students still",dua_dmd,0.7,1,10,0.79859,0.45774,0.42276,0.42571,0.07013,0.57298,0.11524,0.02664,0.05803,0.33809
187,"Lately, Students still",dua_dmd,0.9,1,12,0.92339,0.50829,0.61343,0.61306,0.07319,0.57298,0.06469,0.00841,0.08727,0.51776
187,"Lately, Students still",dua_dmd,0.99,1,16,0.99098,0.60377,1.15429,1.14394,0.07738,0.57298,0.03079,0.00197,0.14415,1.00818
60,"Over time, People never",euc_ctx,0.3,1,15,0.31692,0.41241,0.25031,0.25347,0.05227,0.60713,0.19471,0.07664,0.0153,0.15837
60,"Over time, People never",euc_ctx,0.5,1,19,0.54591,0.40396,0.36569,0.36737,0.06578,0.60713,0.20317,0.0836,0.02457,0.25752
60,"Over time, People never",euc_ctx,0.7,1,22,0.71011,0.42243,0.45059,0.45034,0.06881,0.60713,0.1847,0.06882,0.03271,0.34906
60,"Over time, People never",euc_ctx,0.9,1,28,0.90984,0.50024,0.65091,0.6448,0.04262,0.60713,0.10689,0.02303,0.04856,0.57932
60,"Over time, People never",euc_ctx,0.99,1,38,0.99042,0.62444,1.17311,1.15335,0.06649,0.60713,0.01731,0.00064,0.07052,1.10195
60,"Over time, People never",cau_ctx,0.3,1,29,0.30677,0.4254,0.27353,0.27788,0.0507,0.60713,0.18173,0.06659,0.03223,0.1747
60,"Over time, People never",cau_ctx,0.5,1,36,0.50861,0.4122,0.40118,0.40436,0.06059,0.60713,0.19492,0.07681,0.04455,0.27983
60,"Over time, People never",cau_ctx,0.7,1,43,0.70692,0.42479,0.54514,0.54593,0.06931,0.60713,0.18234,0.06705,0.06211,0.41598
60,"Over time, People never",cau_ctx,0.9,1,54,0.90023,0.47343,0.84166,0.83642,0.06742,0.60713,0.1337,0.03594,0.1054,0.70032
60,"Over time, People never",cau_ctx,0.99,1,75,0.99066,0.52385,1.72867,1.70652,0.20528,0.60713,0.08327,0.01404,0.23061,1.48402
60,"Over time, People never",dua_ctx,0.3,1,17,0.30901,0.46455,0.18561,0.18838,0.04665,0.60713,0.14258,0.04087,0.01445,0.13029
60,"Over time, People never",dua_ctx,0.5,1,22,0.52859,0.45567,0.29229,0.29361,0.04932,0.60713,0.15146,0.04612,0.02577,0.2204
60,"Over time, People never",dua_ctx,0.7,1,27,0.73639,0.47288,0.41351,0.41218,0.0377,0.60713,0.13425,0.03624,0.03934,0.33793
60,"Over time, People never",dua_ctx,0.9,1,34,0.91387,0.53067,0.62634,0.61928,0.04251,0.60713,0.07646,0.01186,0.05762,0.55686
60,"Over time, People never",dua_ctx,0.99,1,45,0.99008,0.63843,1.12106,1.10108,0.05338,0.60713,0.0313,0.0021,0.08115,1.03781
60,"Over time, People never",euc_unemb,0.3,1,7,0.35772,0.4287,0.28472,0.28716,0.18017,0.60713,0.17843,0.06417,0.03154,0.18901
60,"Over time, People never",euc_unemb,0.5,1,9,0.62604,0.4217,0.48909,0.48878,0.21145,0.60713,0.18543,0.06938,0.07632,0.34339
60,"Over time, People never",euc_unemb,0.7,1,10,0.74422,0.43043,0.61935,0.61684,0.18803,0.60713,0.1767,0.06291,0.11143,0.445
60,"Over time, People never",euc_unemb,0.9,1,13,0.93897,0.46986,1.13402,1.12218,0.21677,0.60713,0.13726,0.03788,0.2469,0.84924
60,"Over time, People never",euc_unemb,0.99,1,17,0.99305,0.49078,2.02079,1.9929,0.22906,0.60713,0.11635,0.02725,0.43992,1.55361
60,"Over time, People never",cau_unemb,0.3,1,8,0.38648,0.41827,0.29237,0.2958,0.17654,0.60713,0.18886,0.07201,0.02267,0.19768
60,"Over time, People never",cau_unemb,0.5,1,9,0.50777,0.41341,0.36798,0.37054,0.1799,0.60713,0.19372,0.07584,0.03388,0.25826
60,"Over time, People never",cau_unemb,0.7,1,11,0.73502,0.42665,0.55345,0.55301,0.19317,0.60713,0.18048,0.06567,0.07341,0.41437
60,"Over time, People never",cau_unemb,0.9,1,14,0.92472,0.47116,0.94733,0.93953,0.2034,0.60713,0.13597,0.03717,0.16588,0.74428
60,"Over time, People never",cau_unemb,0.99,1,19,0.99323,0.50644,1.85589,1.83144,0.21911,0.60713,0.10069,0.02045,0.34089,1.49454
60,"Over time, People never",dua_unemb,0.3,1,7,0.33635,0.47701,0.20812,0.21025,0.03818,0.60713,0.13012,0.03405,0.0165,0.15756
60,"Over time, People never",dua_unemb,0.5,1,9,0.58729,0.46962,0.38006,0.37983,0.0424,0.60713,0.1375,0.03801,0.04176,0.30028
60,"Over time, People never",dua_unemb,0.7,1,10,0.7036,0.47576,0.48788,0.48582,0.04315,0.60713,0.13136,0.0347,0.06168,0.3915
60,"Over time, People never",dua_unemb,0.9,1,13,0.91739,0.51685,0.8911,0.88131,0.18825,0.60713,0.09028,0.01648,0.14108,0.73355
60,"Over time, People never",dua_unemb,0.99,1,18,0.99359,0.57247,1.78748,1.75999,0.20344,0.60713,0.03465,0.00247,0.29012,1.49489
60,"Over time, People never",euc_dmd,0.3,1,7,0.3034,0.38805,0.35038,0.35328,0.18134,0.60713,0.21907,0.09764,0.03305,0.21969
60,"Over time, People never",euc_dmd,0.5,1,9,0.55371,0.36293,0.57038,0.57113,0.20638,0.60713,0.2442,0.12247,0.0802,0.36771
60,"Over time, People never",euc_dmd,0.7,1,11,0.78159,0.37667,0.84837,0.84525,0.21795,0.60713,0.23046,0.10848,0.18049,0.5594
60,"Over time, People never",euc_dmd,0.9,1,13,0.91245,0.41264,1.19388,1.18538,0.2407,0.60713,0.19449,0.07646,0.3209,0.79652
60,"Over time, People never",euc_dmd,0.99,1,18,0.99359,0.49026,2.28431,2.25823,0.26087,0.60713,0.11687,0.0275,0.70066,1.55616
60,"Over time, People never",cau_dmd,0.3,1,9,0.35056,0.37955,0.42043,0.42406,0.18224,0.60713,0.22758,0.10568,0.04196,0.27279
60,"Over time, People never",cau_dmd,0.5,1,11,0.55766,0.36597,0.59238,0.59431,0.19976,0.60713,0.24116,0.11929,0.07066,0.40243
60,"Over time, People never",cau_dmd,0.7,1,13,0.74741,0.37919,0.80708,0.80617,0.25731,0.60713,0.22794,0.10602,0.14116,0.5599
60,"Over time, People never",cau_dmd,0.9,1,16,0.91466,0.42766,1.22831,1.22124,0.23426,0.60713,0.17947,0.06493,0.311,0.85238
60,"Over time, People never",cau_dmd,0.99,1,22,0.99305,0.50953,2.33532,2.31149,0.26434,0.60713,0.0976,0.01923,0.69892,1.61718
60,"Over time, People never",dua_dmd,0.3,1,8,0.37773,0.42919,0.33826,0.34045,0.06913,0.60713,0.17794,0.06381,0.03331,0.24114
60,"Over time, People never",dua_dmd,0.5,1,10,0.59309,0.41617,0.53574,0.53556,0.07946,0.60713,0.19096,0.07365,0.06382,0.39827
60,"Over time, People never",dua_dmd,0.7,1,12,0.77331,0.42386,0.7742,0.77046,0.16642,0.60713,0.18327,0.06775,0.11799,0.58846
60,"Over time, People never",dua_dmd,0.9,1,15,0.92599,0.45926,1.20315,1.1923,0.21433,0.60713,0.14786,0.04396,0.23553,0.92366
60,"Over time, People never",dua_dmd,0.99,1,20,0.99222,0.52626,2.07968,2.05356,0.24824,0.60713,0.08087,0.01325,0.4652,1.60123
21,"At work, Students really",euc_ctx,0.3,1,18,0.33763,0.29,0.4525,0.45644,0.21738,0.57032,0.28032,0.16992,0.03194,0.25063
21,"At work, Students really",euc_ctx,0.5,1,21,0.50268,0.27913,0.55609,0.5592,0.2194,0.57032,0.2912,0.18519,0.04072,0.33018
21,"At work, Students really",euc_ctx,0.7,1,25,0.71487,0.29505,0.66347,0.6648,0.21982,0.57032,0.27527,0.16314,0.05091,0.44943
21,"At work, Students really",euc_ctx,0.9,1,31,0.90652,0.37032,0.80299,0.80021,0.17708,0.57032,0.2,0.08207,0.06259,0.65833
21,"At work, Students really",euc_ctx,0.99,1,42,0.99113,0.54316,1.24165,1.22754,0.19148,0.57032,0.02716,0.00149,0.08092,1.15923
21,"At work, Students really",cau_ctx,0.3,1,32,0.30116,0.32138,0.46674,0.47235,0.1802,0.57032,0.24894,0.13075,0.04669,0.28929
21,"At work, Students really",cau_ctx,0.5,1,39,0.50222,0.30215,0.62016,0.6248,0.18028,0.57032,0.26817,0.15393,0.0448,0.42143
21,"At work, Students really",cau_ctx,0.7,1,46,0.70124,0.3065,0.78001,0.78266,0.18509,0.57032,0.26382,0.14847,0.04727,0.58427
21,"At work, Students really",cau_ctx,0.9,1,58,0.90775,0.33455,1.14832,1.14501,0.15146,0.57032,0.23577,0.11627,0.06956,0.9625
21,"At work, Students really",cau_ctx,0.99,1,78,0.99033,0.29491,2.21589,2.19624,0.1739,0.57032,0.27541,0.16333,0.12659,1.92598
21,"At work, Students really",dua_ctx,0.3,1,20,0.30532,0.37666,0.29235,0.29672,0.16859,0.57032,0.19366,0.07674,0.01956,0.19605
21,"At work, Students really",dua_ctx,0.5,1,25,0.51814,0.36181,0.42677,0.42999,0.17374,0.57032,0.20852,0.08957,0.02968,0.30752
21,"At work, Students really",dua_ctx,0.7,1,30,0.7239,0.37024,0.56965,0.57065,0.17512,0.57032,0.20009,0.08214,0.03976,0.44775
21,"At work, Students really",dua_ctx,0.9,1,37,0.90568,0.4133,0.79539,0.79157,0.17473,0.57032,0.15702,0.04982,0.05242,0.69314
21,"At work, Students really",dua_ctx,0.99,1,49,0.99049,0.51545,1.31228,1.29672,0.16884,0.57032,0.05488,0.00605,0.07176,1.23446
21,"At work, Students really",euc_unemb,0.3,1,8,0.31485,0.35886,0.28681,0.28812,0.19975,0.57032,0.21146,0.09225,0.03131,0.16325
21,"At work, Students really",euc_unemb,0.5,1,10,0.55791,0.36638,0.39232,0.3916,0.1669,0.57032,0.20394,0.08549,0.04495,0.26188
21,"At work, Students really",euc_unemb,0.7,1,12,0.77536,0.4146,0.53445,0.53023,0.07823,0.57032,0.15572,0.04899,0.08903,0.39643
21,"At work, Students really",euc_unemb,0.9,1,14,0.9038,0.48276,0.75765,0.7484,0.08486,0.57032,0.08756,0.01537,0.16304,0.57925
21,"At work, Students really",euc_unemb,0.99,1,19,0.99117,0.59312,1.66471,1.63794,0.10545,0.57032,0.0228,0.00107,0.38202,1.28162
21,"At work, Students really",cau_unemb,0.3,1,9,0.34199,0.36616,0.29462,0.2977,0.20444,0.57032,0.20416,0.08569,0.04563,0.1633
21,"At work, Students really",cau_unemb,0.5,1,11,0.55913,0.38054,0.36545,0.36707,0.20167,0.57032,0.18978,0.07358,0.04292,0.24895
21,"At work, Students really",cau_unemb,0.7,1,13,0.75349,0.42733,0.4577,0.45669,0.06433,0.57032,0.14299,0.04119,0.05388,0.36263
21,"At work, Students really",cau_unemb,0.9,1,16,0.91805,0.52199,0.71468,0.70743,0.05866,0.57032,0.04834,0.0047,0.10378,0.60619
21,"At work, Students really",cau_unemb,0.99,1,22,0.99301,0.62038,1.63309,1.60772,0.09735,0.57032,0.05006,0.00524,0.23167,1.39618
21,"At work, Students really",dua_unemb,0.3,1,9,0.39469,0.42619,0.22445,0.22512,0.15748,0.57032,0.14413,0.04185,0.02369,0.1589
21,"At work, Students really",dua_unemb,0.5,1,10,0.50435,0.43221,0.27683,0.27642,0.05985,0.57032,0.13811,0.03839,0.03177,0.20668
21,"At work, Students really",dua_unemb,0.7,1,12,0.70264,0.46025,0.41158,0.40805,0.06255,0.57032,0.11008,0.0243,0.05869,0.32858
21,"At work, Students really",dua_unemb,0.9,1,16,0.91928,0.5418,0.82767,0.81474,0.07992,0.57032,0.02853,0.00165,0.14637,0.67966
21,"At work, Students really",dua_unemb,0.99,1,22,0.99235,0.62295,1.7951,1.76244,0.10327,0.57032,0.05263,0.0058,0.3098,1.4795
21,"At work, Students really",euc_dmd,0.3,1,8,0.35258,0.27433,0.49422,0.49697,0.23271,0.57032,0.29599,0.19222,0.06495,0.23705
21,"At work, Students really",euc_dmd,0.5,1,10,0.60444,0.27126,0.65327,0.65399,0.22913,0.57032,0.29906,0.19683,0.09389,0.36255
21,"At work, Students really",euc_dmd,0.7,1,11,0.71809,0.28538,0.7323,0.73156,0.19284,0.57032,0.28494,0.17629,0.12028,0.43572
21,"At work, Students really",euc_dmd,0.9,1,14,0.92053,0.36935,1.03558,1.02869,0.1145,0.57032,0.20097,0.0829,0.24825,0.70443
21,"At work, Students really",euc_dmd,0.99,1,19,0.99278,0.50814,1.87725,1.85519,0.18398,0.57032,0.06219,0.00777,0.52006,1.34942
21,"At work, Students really",cau_dmd,0.3,1,9,0.36957,0.25806,0.53745,0.54275,0.23604,0.57032,0.31227,0.21757,0.07903,0.24085
21,"At work, Students really",cau_dmd,0.5,1,11,0.59237,0.25523,0.66599,0.67008,0.22966,0.57032,0.31509,0.22222,0.09425,0.34953
21,"At work, Students really",cau_dmd,0.7,1,13,0.78016,0.28235,0.7923,0.79428,0.20466,0.57032,0.28797,0.18057,0.13089,0.48085
21,"At work, Students really",cau_dmd,0.9,1,16,0.92975,0.35476,1.0559,1.05295,0.17249,0.57032,0.21556,0.09607,0.22791,0.73192
21,"At work, Students really",cau_dmd,0.99,1,21,0.99129,0.45279,1.77872,1.76362,0.20365,0.57032,0.11753,0.02772,0.4226,1.3284
21,"At work, Students really",dua_dmd,0.3,1,8,0.35349,0.35178,0.31732,0.32061,0.20048,0.57032,0.21854,0.0989,0.03526,0.18316
21,"At work, Students really",dua_dmd,0.5,1,10,0.58628,0.34878,0.46072,0.46228,0.16901,0.57032,0.22154,0.1018,0.05956,0.29936
21,"At work, Students really",dua_dmd,0.7,1,12,0.77179,0.37111,0.62497,0.62365,0.17943,0.57032,0.19921,0.08139,0.09763,0.44596
21,"At work, Students really",dua_dmd,0.9,1,15,0.91814,0.42672,0.92894,0.92168,0.10109,0.57032,0.1436,0.04154,0.17342,0.71398
21,"At work, Students really",dua_dmd,0.99,1,21,0.99165,0.53537,1.75925,1.73614,0.10694,0.57032,0.03495,0.00247,0.35579,1.40099
146,Students also,euc_ctx,0.3,1,30,0.33199,0.04111,1.33564,1.331,0.25498,0.45964,0.41853,0.79974,0.04768,0.48822
146,Students also,euc_ctx,0.5,1,33,0.50188,0.03813,1.4554,1.44937,0.25623,0.45964,0.42151,0.83268,0.06049,0.56223
146,Students also,euc_ctx,0.7,1,37,0.72047,0.04121,1.54222,1.53423,0.2543,0.45964,0.41842,0.79864,0.07935,0.66423
146,Students also,euc_ctx,0.9,1,43,0.91274,0.06136,1.55592,1.54475,0.24239,0.45964,0.39828,0.6272,0.10433,0.82439
146,Students also,euc_ctx,0.99,1,53,0.99056,0.14854,1.52458,1.50712,0.22263,0.45964,0.3111,0.2735,0.13628,1.1148
146,Students also,cau_ctx,0.3,1,58,0.31316,0.06906,1.27841,1.2771,0.24876,0.45964,0.39058,0.57729,0.09159,0.60953
146,Students also,cau_ctx,0.5,1,65,0.51789,0.06195,1.53114,1.52744,0.25131,0.45964,0.39769,0.62312,0.12932,0.7787
146,Students also,cau_ctx,0.7,1,72,0.71687,0.06088,1.82029,1.81323,0.25155,0.45964,0.39876,0.63054,0.19112,0.99863
146,Students also,cau_ctx,0.9,1,83,0.90679,0.06176,2.4255,2.41058,0.23281,0.45964,0.39788,0.62443,0.31656,1.48451
146,Students also,cau_ctx,0.99,1,103,0.99107,0.04791,4.04469,4.00844,0.21642,0.45964,0.41173,0.73325,0.55142,2.76001
146,Students also,dua_ctx,0.3,1,33,0.33084,0.09564,0.82637,0.82437,0.22563,0.45964,0.36399,0.44327,0.03186,0.35125
146,Students also,dua_ctx,0.5,1,37,0.54465,0.09137,0.94158,0.93798,0.22645,0.45964,0.36826,0.46172,0.04518,0.43468
146,Students also,dua_ctx,0.7,1,41,0.74323,0.10011,1.01457,1.00906,0.21948,0.45964,0.35953,0.42496,0.062,0.52762
146,Students also,dua_ctx,0.9,1,47,0.91542,0.13536,1.07837,1.06939,0.20709,0.45964,0.32427,0.30789,0.08539,0.68509
146,Students also,dua_ctx,0.99,1,58,0.99146,0.24866,1.25352,1.23638,0.08539,0.45964,0.21098,0.10427,0.11948,1.02978
146,Students also,euc_unemb,0.3,1,14,0.42545,0.06286,1.15117,1.14517,0.2351,0.45964,0.39678,0.61696,0.06132,0.47289
146,Students also,euc_unemb,0.5,1,15,0.56267,0.0644,1.21727,1.21008,0.23736,0.45964,0.39523,0.60668,0.08363,0.52695
146,Students also,euc_unemb,0.7,1,17,0.7958,0.0818,1.30661,1.29678,0.23738,0.45964,0.37784,0.50692,0.15671,0.64298
146,Students also,euc_unemb,0.9,1,19,0.92216,0.12154,1.37084,1.35786,0.23208,0.45964,0.33809,0.34882,0.24838,0.77363
146,Students also,euc_unemb,0.99,1,23,0.991,0.26909,1.61939,1.59774,0.21545,0.45964,0.19054,0.08287,0.41998,1.11654
146,Students also,cau_unemb,0.3,1,15,0.39274,0.06739,1.07108,1.06816,0.24048,0.45964,0.39225,0.58757,0.05999,0.42352
146,Students also,cau_unemb,0.5,1,16,0.51277,0.0681,1.114,1.11024,0.2403,0.45964,0.39153,0.58315,0.06246,0.4684
146,Students also,cau_unemb,0.7,1,18,0.73523,0.08115,1.15199,1.1463,0.23937,0.45964,0.37848,0.51018,0.07794,0.56387
146,Students also,cau_unemb,0.9,1,21,0.9218,0.13526,1.16162,1.15233,0.22443,0.45964,0.32438,0.30817,0.12598,0.72747
146,Students also,cau_unemb,0.99,1,26,0.99223,0.3145,1.38178,1.36321,0.18186,0.45964,0.14514,0.04585,0.22391,1.11202
146,Students also,dua_unemb,0.3,1,14,0.36111,0.13706,0.66151,0.65882,0.22498,0.45964,0.32257,0.30321,0.03889,0.3194
146,Students also,dua_unemb,0.5,1,16,0.61811,0.14307,0.79305,0.788,0.22877,0.45964,0.31656,0.28726,0.07714,0.42865
146,Students also,dua_unemb,0.7,1,17,0.73139,0.15487,0.85889,0.85236,0.21638,0.45964,0.30476,0.25833,0.10811,0.49244
146,Students also,dua_unemb,0.9,1,20,0.92657,0.21828,1.07922,1.06711,0.21059,0.45964,0.24136,0.14274,0.21604,0.72043
146,Students also,dua_unemb,0.99,1,25,0.9935,0.36162,1.59546,1.57085,0.17607,0.45964,0.09802,0.02017,0.3556,1.21969
146,Students also,euc_dmd,0.3,1,13,0.42033,0.03102,1.58692,1.57979,0.25758,0.45964,0.42862,0.92357,0.10872,0.55463
146,Students also,euc_dmd,0.5,1,14,0.5609,0.03035,1.67945,1.67095,0.25756,0.45964,0.42928,0.93315,0.1277,0.6186
146,Students also,euc_dmd,0.7,1,16,0.79687,0.03606,1.79682,1.78543,0.24498,0.45964,0.42358,0.85716,0.18839,0.75128
146,Students also,euc_dmd,0.9,1,18,0.92234,0.05176,1.85772,1.84322,0.23738,0.45964,0.40788,0.69991,0.2674,0.89041
146,Students also,euc_dmd,0.99,1,22,0.99052,0.12364,1.96243,1.94087,0.21235,0.45964,0.336,0.34226,0.42785,1.19232
146,Students also,cau_dmd,0.3,1,14,0.31914,0.03756,1.46477,1.46206,0.25827,0.45964,0.42207,0.8392,0.15501,0.47056
146,Students also,cau_dmd,0.5,1,16,0.5415,0.03627,1.58012,1.57561,0.25636,0.45964,0.42336,0.85457,0.15381,0.57174
146,Students also,cau_dmd,0.7,1,18,0.74474,0.04278,1.64005,1.63358,0.25082,0.45964,0.41685,0.78234,0.18047,0.67724
146,Students also,cau_dmd,0.9,1,21,0.91656,0.07004,1.675,1.66525,0.24278,0.45964,0.38959,0.57137,0.25938,0.84424
146,Students also,cau_dmd,0.99,1,27,0.9931,0.21917,1.81638,1.79806,0.09542,0.45964,0.24047,0.14149,0.4482,1.22669
146,Students also,dua_dmd,0.3,1,13,0.4295,0.07328,1.00281,0.99993,0.2447,0.45964,0.38636,0.55249,0.06962,0.3807
146,Students also,dua_dmd,0.5,1,14,0.56999,0.0727,1.08171,1.0777,0.24516,0.45964,0.38694,0.5558,0.0893,0.43661
146,Students also,dua_dmd,0.7,1,16,0.8,0.08469,1.19879,1.19215,0.23739,0.45964,0.37495,0.49267,0.14684,0.55927
146,Students also,dua_dmd,0.9,1,18,0.92058,0.11175,1.29157,1.28184,0.23257,0.45964,0.34788,0.38142,0.21393,0.69622
146,Students also,dua_dmd,0.99,1,23,0.99288,0.22346,1.59741,1.57804,0.19788,0.45964,0.23617,0.13555,0.36212,1.09975
37,"Over time, They often",euc_ctx,0.3,1,22,0.31435,0.2982,0.48833,0.4938,0.12982,0.54457,0.24637,0.13103,0.03855,0.31875
37,"Over time, They often",euc_ctx,0.5,1,26,0.51867,0.2883,0.65246,0.6567,0.06745,0.54457,0.25627,0.14304,0.06097,0.44846
37,"Over time, They often",euc_ctx,0.7,1,30,0.71652,0.30614,0.80603,0.80817,0.08686,0.54457,0.23844,0.12191,0.08448,0.59964
37,"Over time, They often",euc_ctx,0.9,1,36,0.90029,0.37318,1.03703,1.03451,0.13614,0.54457,0.17139,0.06034,0.10945,0.86724
37,"Over time, They often",euc_ctx,0.99,1,48,0.99111,0.53228,1.68498,1.66895,0.13514,0.54457,0.0123,0.0003,0.13266,1.55202
37,"Over time, They often",cau_ctx,0.3,1,45,0.32207,0.28063,0.69666,0.70214,0.11987,0.54457,0.26395,0.15284,0.08728,0.45654
37,"Over time, They often",cau_ctx,0.5,1,53,0.52446,0.24952,0.99517,0.99834,0.14701,0.54457,0.29506,0.19755,0.12832,0.6693
37,"Over time, They often",cau_ctx,0.7,1,61,0.7189,0.2298,1.35774,1.3571,0.156,0.54457,0.31477,0.23056,0.18341,0.94377
37,"Over time, They often",cau_ctx,0.9,1,73,0.90004,0.204,2.0399,2.03078,0.16658,0.54457,0.34058,0.28042,0.28183,1.47765
37,"Over time, They often",cau_ctx,0.99,1,97,0.99095,0.1335,3.83258,3.79995,0.18114,0.54457,0.41107,0.47268,0.50626,2.85364
37,"Over time, They often",dua_ctx,0.3,1,25,0.31408,0.34156,0.39453,0.39979,0.11759,0.54457,0.20302,0.08615,0.03155,0.27684
37,"Over time, They often",dua_ctx,0.5,1,30,0.51503,0.33228,0.54817,0.55209,0.05164,0.54457,0.21229,0.09477,0.05065,0.40275
37,"Over time, They often",dua_ctx,0.7,1,35,0.71052,0.3454,0.71334,0.71494,0.06928,0.54457,0.19918,0.08272,0.07287,0.55775
37,"Over time, They often",dua_ctx,0.9,1,43,0.90756,0.4038,1.01982,1.01573,0.08862,0.54457,0.14077,0.0402,0.10553,0.87408
37,"Over time, They often",dua_ctx,0.99,1,56,0.99097,0.52815,1.71268,1.69506,0.0893,0.54457,0.01642,0.00054,0.14386,1.56828
37,"Over time, They often",euc_unemb,0.3,1,10,0.41894,0.33212,0.46815,0.47213,0.11704,0.54457,0.21245,0.09492,0.05551,0.31773
37,"Over time, They often",euc_unemb,0.5,1,11,0.54997,0.33542,0.57401,0.5769,0.12342,0.54457,0.20915,0.09179,0.08495,0.39727
37,"Over time, They often",euc_unemb,0.7,1,13,0.77892,0.36921,0.8267,0.82615,0.16005,0.54457,0.17536,0.06329,0.16865,0.59476
37,"Over time, They often",euc_unemb,0.9,1,15,0.91068,0.42275,1.14225,1.13668,0.1696,0.54457,0.12182,0.02994,0.26376,0.84855
37,"Over time, They often",euc_unemb,0.99,1,20,0.99324,0.52246,2.17023,2.14748,0.17727,0.54457,0.02211,0.00098,0.46236,1.70689
37,"Over time, They often",cau_unemb,0.3,1,10,0.31622,0.31877,0.39685,0.40356,0.11361,0.54457,0.2258,0.10825,0.03756,0.25105
37,"Over time, They often",cau_unemb,0.5,1,12,0.54546,0.31679,0.56115,0.56672,0.12476,0.54457,0.22778,0.11032,0.07226,0.37857
37,"Over time, They often",cau_unemb,0.7,1,14,0.75713,0.34629,0.75087,0.75403,0.16088,0.54457,0.19828,0.08194,0.12584,0.54309
37,"Over time, They often",cau_unemb,0.9,1,17,0.92888,0.42188,1.11577,1.11296,0.16822,0.54457,0.12269,0.03038,0.21477,0.87062
37,"Over time, They often",cau_unemb,0.99,1,22,0.99299,0.51645,1.96266,1.94567,0.17462,0.54457,0.02812,0.00159,0.33912,1.62195
37,"Over time, They often",dua_unemb,0.3,1,10,0.37856,0.38159,0.33025,0.33479,0.04168,0.54457,0.16298,0.05436,0.0387,0.23719
37,"Over time, They often",dua_unemb,0.5,1,12,0.61399,0.38962,0.52005,0.52266,0.06987,0.54457,0.15496,0.04897,0.08318,0.3879
37,"Over time, They often",dua_unemb,0.7,1,13,0.71873,0.40198,0.63621,0.6373,0.13928,0.54457,0.1426,0.04128,0.11161,0.48332
37,"Over time, They often",dua_unemb,0.9,1,16,0.91416,0.45648,1.06496,1.05944,0.16545,0.54457,0.08809,0.01556,0.20198,0.84742
37,"Over time, They often",dua_unemb,0.99,1,21,0.99207,0.5351,1.99814,1.97684,0.1723,0.54457,0.00948,0.00018,0.32962,1.66834
37,"Over time, They often",euc_dmd,0.3,1,9,0.32942,0.28049,0.55028,0.55525,0.13369,0.54457,0.26408,0.15302,0.06744,0.32982
37,"Over time, They often",euc_dmd,0.5,1,11,0.58865,0.27343,0.79237,0.79537,0.16741,0.54457,0.27114,0.16246,0.12845,0.50147
37,"Over time, They often",euc_dmd,0.7,1,12,0.7093,0.28515,0.92076,0.92225,0.16965,0.54457,0.25942,0.14701,0.17237,0.60138
37,"Over time, They often",euc_dmd,0.9,1,15,0.9232,0.3623,1.35586,1.35091,0.17202,0.54457,0.18227,0.06862,0.32853,0.95872
37,"Over time, They often",euc_dmd,0.99,1,20,0.99404,0.50168,2.30685,2.28653,0.18123,0.54457,0.04289,0.00368,0.56342,1.73974
37,"Over time, They often",cau_dmd,0.3,1,11,0.38741,0.27013,0.66004,0.66715,0.13804,0.54457,0.27445,0.16701,0.11175,0.38129
37,"Over time, They often",cau_dmd,0.5,1,13,0.60474,0.27229,0.85041,0.85604,0.16597,0.54457,0.27228,0.16402,0.15003,0.53635
37,"Over time, They often",cau_dmd,0.7,1,14,0.70326,0.28336,0.95372,0.95824,0.16422,0.54457,0.26122,0.1493,0.17949,0.62493
37,"Over time, They often",cau_dmd,0.9,1,18,0.93001,0.36655,1.46319,1.46085,0.15557,0.54457,0.17803,0.06532,0.33851,1.05936
37,"Over time, They often",cau_dmd,0.99,1,23,0.99086,0.4607,2.33378,2.31888,0.156,0.54457,0.08387,0.0141,0.53858,1.78109
37,"Over time, They often",dua_dmd,0.3,1,9,0.32294,0.33446,0.39851,0.40394,0.1447,0.54457,0.21012,0.0927,0.05439,0.25142
37,"Over time, They often",dua_dmd,0.5,1,11,0.56452,0.3277,0.607,0.61116,0.12987,0.54457,0.21688,0.09922,0.10488,0.40291
37,"Over time, They often",dua_dmd,0.7,1,13,0.77147,0.34708,0.85173,0.85339,0.13367,0.54457,0.19749,0.08125,0.17151,0.59897
37,"Over time, They often",dua_dmd,0.9,1,16,0.93174,0.40273,1.281,1.27689,0.13892,0.54457,0.14185,0.04084,0.27425,0.96592
37,"Over time, They often",dua_dmd,0.99,1,21,0.993,0.49918,2.15875,2.14121,0.13953,0.54457,0.04539,0.00413,0.42919,1.72543
30,"In this case, Most doctors rarely",euc_ctx,0.3,1,19,0.30106,0.32393,0.37932,0.38521,0.15625,0.48018,0.15625,0.0524,0.00936,0.31756
30,"In this case, Most doctors rarely",euc_ctx,0.5,1,23,0.51669,0.31935,0.54973,0.55458,0.16438,0.48018,0.16083,0.05573,0.01332,0.48069
30,"In this case, Most doctors rarely",euc_ctx,0.7,1,27,0.72602,0.34456,0.73619,0.73888,0.18705,0.48018,0.13562,0.03886,0.01845,0.67887
30,"In this case, Most doctors rarely",euc_ctx,0.9,1,33,0.91153,0.42244,1.07594,1.07345,0.23445,0.48018,0.05774,0.00676,0.02701,1.04217
30,"In this case, Most doctors rarely",euc_ctx,0.99,1,44,0.99187,0.56361,1.9635,1.94726,0.23796,0.48018,0.08343,0.01401,0.04238,1.90711
30,"In this case, Most doctors rarely",cau_ctx,0.3,1,38,0.3078,0.30798,0.47335,0.47977,0.0606,0.48018,0.1722,0.06453,0.04371,0.36511
30,"In this case, Most doctors rarely",cau_ctx,0.5,1,46,0.52738,0.27821,0.76408,0.76843,0.17008,0.48018,0.20197,0.09144,0.05888,0.61376
30,"In this case, Most doctors rarely",cau_ctx,0.7,1,53,0.71419,0.257,1.1124,1.11324,0.19704,0.48018,0.22318,0.11447,0.08196,0.91597
30,"In this case, Most doctors rarely",cau_ctx,0.9,1,65,0.90895,0.21761,1.92849,1.91995,0.20374,0.48018,0.26257,0.16751,0.14997,1.61102
30,"In this case, Most doctors rarely",cau_ctx,0.99,1,85,0.99024,0.14164,3.70228,3.67252,0.21952,0.48018,0.33854,0.32552,0.31194,3.06483
30,"In this case, Most doctors rarely",dua_ctx,0.3,1,22,0.31704,0.35844,0.29556,0.30121,0.15369,0.48018,0.12174,0.03103,0.0109,0.25363
30,"In this case, Most doctors rarely",dua_ctx,0.5,1,27,0.51981,0.35477,0.45171,0.45613,0.1656,0.48018,0.12541,0.033,0.01491,0.40381
30,"In this case, Most doctors rarely",dua_ctx,0.7,1,32,0.71427,0.36752,0.65066,0.65269,0.21381,0.48018,0.11266,0.02642,0.0209,0.60334
30,"In this case, Most doctors rarely",dua_ctx,0.9,1,40,0.91164,0.41534,1.08827,1.08411,0.22796,0.48018,0.06484,0.00855,0.03686,1.04286
30,"In this case, Most doctors rarely",dua_ctx,0.99,1,52,0.99106,0.50604,2.02591,2.00796,0.23497,0.48018,0.02586,0.00134,0.06612,1.95845
30,"In this case, Most doctors rarely",euc_unemb,0.3,1,8,0.34763,0.36086,0.20489,0.20985,0.02412,0.48018,0.11932,0.02976,0.01922,0.15592
30,"In this case, Most doctors rarely",euc_unemb,0.5,1,10,0.62619,0.39407,0.36379,0.36699,0.16048,0.48018,0.08611,0.01522,0.05086,0.29771
30,"In this case, Most doctors rarely",euc_unemb,0.7,1,11,0.74836,0.42494,0.48374,0.4852,0.19817,0.48018,0.05524,0.00619,0.07682,0.40073
30,"In this case, Most doctors rarely",euc_unemb,0.9,1,13,0.9038,0.49372,0.8239,0.82015,0.19775,0.48018,0.01354,0.00037,0.13817,0.68537
30,"In this case, Most doctors rarely",euc_unemb,0.99,1,18,0.9941,0.58128,2.08261,2.05969,0.25973,0.48018,0.1011,0.02068,0.27771,1.78422
30,"In this case, Most doctors rarely",cau_unemb,0.3,1,9,0.37393,0.3329,0.26938,0.27566,0.16329,0.48018,0.14728,0.04623,0.01864,0.20451
30,"In this case, Most doctors rarely",cau_unemb,0.5,1,10,0.50007,0.34153,0.33207,0.33792,0.16435,0.48018,0.13865,0.04071,0.02601,0.26536
30,"In this case, Most doctors rarely",cau_unemb,0.7,1,12,0.73703,0.38761,0.49617,0.49996,0.22071,0.48018,0.09257,0.01764,0.05269,0.42583
30,"In this case, Most doctors rarely",cau_unemb,0.9,1,15,0.9291,0.49175,0.89602,0.89366,0.23799,0.48018,0.01157,0.00027,0.1088,0.78695
30,"In this case, Most doctors rarely",cau_unemb,0.99,1,19,0.99027,0.58621,1.69863,1.6841,0.20684,0.48018,0.10603,0.02278,0.17772,1.49813
30,"In this case, Most doctors rarely",dua_unemb,0.3,1,8,0.32417,0.38794,0.16241,0.16706,0.02143,0.48018,0.09224,0.01751,0.0144,0.13049
30,"In this case, Most doctors rarely",dua_unemb,0.5,1,10,0.5791,0.40691,0.3003,0.30347,0.14679,0.48018,0.07327,0.01096,0.03644,0.2529
30,"In this case, Most doctors rarely",dua_unemb,0.7,1,12,0.79301,0.44648,0.52501,0.52488,0.18776,0.48018,0.0337,0.00229,0.07322,0.44949
30,"In this case, Most doctors rarely",dua_unemb,0.9,1,14,0.91468,0.48978,0.8488,0.84367,0.17078,0.48018,0.0096,0.00018,0.11374,0.73489
30,"In this case, Most doctors rarely",dua_unemb,0.99,1,19,0.99374,0.55098,2.00498,1.98205,0.19587,0.48018,0.0708,0.01007,0.20044,1.79447
30,"In this case, Most doctors rarely",euc_dmd,0.3,1,8,0.36004,0.31339,0.30608,0.31213,0.04178,0.48018,0.16679,0.06024,0.02963,0.21621
30,"In this case, Most doctors rarely",euc_dmd,0.5,1,9,0.50026,0.32077,0.38196,0.38751,0.06371,0.48018,0.15941,0.05469,0.04199,0.28529
30,"In this case, Most doctors rarely",euc_dmd,0.7,1,11,0.76001,0.37401,0.57622,0.57938,0.20699,0.48018,0.10617,0.02338,0.088,0.46484
30,"In this case, Most doctors rarely",euc_dmd,0.9,1,13,0.90906,0.46105,0.86429,0.86316,0.23474,0.48018,0.01913,0.00074,0.15468,0.70887
30,"In this case, Most doctors rarely",euc_dmd,0.99,1,18,0.99427,0.63646,1.99061,1.97288,0.26829,0.48018,0.15628,0.05059,0.32428,1.61573
30,"In this case, Most doctors rarely",cau_dmd,0.3,1,9,0.33298,0.2737,0.37305,0.38065,0.18,0.48018,0.20648,0.09606,0.04247,0.23452
30,"In this case, Most doctors rarely",cau_dmd,0.5,1,11,0.5682,0.28341,0.50237,0.50934,0.1826,0.48018,0.19677,0.08631,0.05379,0.36227
30,"In this case, Most doctors rarely",cau_dmd,0.7,1,13,0.77426,0.32897,0.65773,0.66292,0.20971,0.48018,0.15121,0.04888,0.08489,0.52397
30,"In this case, Most doctors rarely",cau_dmd,0.9,1,16,0.93379,0.43916,1.00249,1.00278,0.25046,0.48018,0.04102,0.0034,0.15886,0.84024
30,"In this case, Most doctors rarely",cau_dmd,0.99,1,21,0.99286,0.59582,1.90762,1.89525,0.2633,0.48018,0.11564,0.02719,0.29268,1.58775
30,"In this case, Most doctors rarely",dua_dmd,0.3,1,8,0.34656,0.34492,0.22454,0.23029,0.02473,0.48018,0.13526,0.03864,0.02411,0.16178
30,"In this case, Most doctors rarely",dua_dmd,0.5,1,10,0.60435,0.36022,0.35633,0.36103,0.02928,0.48018,0.11996,0.03009,0.04414,0.2821
30,"In this case, Most doctors rarely",dua_dmd,0.7,1,11,0.71753,0.37884,0.44149,0.44514,0.17024,0.48018,0.10134,0.02124,0.05897,0.36129
30,"In this case, Most doctors rarely",dua_dmd,0.9,1,14,0.91837,0.45599,0.80466,0.80315,0.1999,0.48018,0.02419,0.00118,0.11481,0.68868
30,"In this case, Most doctors rarely",dua_dmd,0.99,1,19,0.9929,0.57058,1.76692,1.75151,0.24369,0.48018,0.0904,0.01648,0.21232,1.53811
122,"Honestly, Students still",euc_ctx,0.3,1,16,0.3343,0.4063,0.2565,0.26244,0.06387,0.57242,0.16612,0.05587,0.01293,0.18769
122,"Honestly, Students still",euc_ctx,0.5,1,19,0.51043,0.40437,0.352,0.35733,0.08178,0.57242,0.16805,0.05721,0.02083,0.27397
122,"Honestly, Students still",euc_ctx,0.7,1,23,0.73401,0.43304,0.49501,0.49827,0.09056,0.57242,0.13938,0.03909,0.0352,0.42072
122,"Honestly, Students still",euc_ctx,0.9,1,28,0.90296,0.49939,0.72364,0.72242,0.07228,0.57242,0.07303,0.0107,0.05316,0.65977
122,"Honestly, Students still",euc_ctx,0.99,1,38,0.99059,0.61103,1.39611,1.38188,0.08863,0.57242,0.03861,0.0031,0.07925,1.31376
122,"Honestly, Students still",cau_ctx,0.3,1,30,0.32314,0.43973,0.40771,0.41681,0.06169,0.57242,0.13269,0.03539,0.02805,0.34427
122,"Honestly, Students still",cau_ctx,0.5,1,36,0.50952,0.41906,0.60664,0.61505,0.09335,0.57242,0.15336,0.04746,0.04402,0.51516
122,"Honestly, Students still",cau_ctx,0.7,1,43,0.72137,0.4155,0.88794,0.89408,0.2616,0.57242,0.15692,0.04973,0.07527,0.76294
122,"Honestly, Students still",cau_ctx,0.9,1,53,0.90643,0.43078,1.39133,1.39179,0.27154,0.57242,0.14165,0.04039,0.14215,1.20879
122,"Honestly, Students still",cau_ctx,0.99,1,71,0.99102,0.42561,2.61543,2.60059,0.25686,0.57242,0.14681,0.04343,0.31745,2.25454
122,"Honestly, Students still",dua_ctx,0.3,1,19,0.33178,0.4467,0.21351,0.21877,0.06138,0.57242,0.12572,0.03174,0.01377,0.168
122,"Honestly, Students still",dua_ctx,0.5,1,24,0.53802,0.44705,0.32385,0.32805,0.06557,0.57242,0.12537,0.03156,0.02374,0.26855
122,"Honestly, Students still",dua_ctx,0.7,1,29,0.73001,0.46895,0.45664,0.45865,0.07523,0.57242,0.10347,0.02147,0.03762,0.39755
122,"Honestly, Students still",dua_ctx,0.9,1,36,0.90429,0.5262,0.71026,0.70727,0.08616,0.57242,0.04622,0.0043,0.06249,0.64347
122,"Honestly, Students still",dua_ctx,0.99,1,48,0.99131,0.62987,1.42171,1.40508,0.08896,0.57242,0.05745,0.00695,0.10648,1.30829
122,"Honestly, Students still",euc_unemb,0.3,1,8,0.40344,0.39334,0.32899,0.33131,0.07153,0.57242,0.17908,0.0652,0.01983,0.24396
122,"Honestly, Students still",euc_unemb,0.5,1,9,0.53461,0.387,0.42795,0.42898,0.08296,0.57242,0.18542,0.07005,0.02893,0.32897
122,"Honestly, Students still",euc_unemb,0.7,1,11,0.76893,0.39259,0.68479,0.68165,0.18323,0.57242,0.17983,0.06575,0.06413,0.5549
122,"Honestly, Students still",euc_unemb,0.9,1,13,0.90647,0.40655,1.02667,1.01751,0.19793,0.57242,0.16587,0.0557,0.11527,0.85571
122,"Honestly, Students still",euc_unemb,0.99,1,18,0.99309,0.40512,2.14198,2.11322,0.20403,0.57242,0.1673,0.05668,0.25549,1.82981
122,"Honestly, Students still",cau_unemb,0.3,1,8,0.35106,0.37492,0.32152,0.32602,0.17235,0.57242,0.1975,0.07986,0.01851,0.22315
122,"Honestly, Students still",cau_unemb,0.5,1,10,0.59121,0.36702,0.47846,0.48121,0.19146,0.57242,0.2054,0.08668,0.0232,0.36858
122,"Honestly, Students still",cau_unemb,0.7,1,11,0.70248,0.37458,0.56701,0.56831,0.22719,0.57242,0.19785,0.08015,0.02831,0.45856
122,"Honestly, Students still",cau_unemb,0.9,1,14,0.91082,0.41985,0.90367,0.89853,0.19125,0.57242,0.15257,0.04696,0.05478,0.80193
122,"Honestly, Students still",cau_unemb,0.99,1,19,0.99138,0.46712,1.71568,1.69536,0.18999,0.57242,0.1053,0.02223,0.10816,1.5853
122,"Honestly, Students still",dua_unemb,0.3,1,8,0.33413,0.45154,0.21006,0.21252,0.06064,0.57242,0.12088,0.02933,0.01581,0.16492
122,"Honestly, Students still",dua_unemb,0.5,1,10,0.54694,0.45307,0.34817,0.34852,0.06155,0.57242,0.11935,0.02859,0.02967,0.28992
122,"Honestly, Students still",dua_unemb,0.7,1,12,0.73986,0.47055,0.544,0.54071,0.16123,0.57242,0.10187,0.02081,0.05701,0.46619
122,"Honestly, Students still",dua_unemb,0.9,1,15,0.91462,0.50556,0.96631,0.95491,0.17583,0.57242,0.06686,0.00898,0.11494,0.8424
122,"Honestly, Students still",dua_unemb,0.99,1,20,0.99189,0.53391,1.94178,1.91203,0.20171,0.57242,0.03851,0.00299,0.21386,1.72493
122,"Honestly, Students still",euc_dmd,0.3,1,7,0.42254,0.34484,0.42119,0.4263,0.19361,0.57242,0.22759,0.10764,0.03141,0.28214
122,"Honestly, Students still",euc_dmd,0.5,1,8,0.57453,0.3392,0.54249,0.5465,0.19576,0.57242,0.23322,0.11341,0.05014,0.37895
122,"Honestly, Students still",euc_dmd,0.7,1,9,0.71341,0.34548,0.67888,0.68121,0.08916,0.57242,0.22694,0.10699,0.0788,0.49309
122,"Honestly, Students still",euc_dmd,0.9,1,12,0.93913,0.39685,1.2042,1.19846,0.20643,0.57242,0.17557,0.06259,0.19837,0.94324
122,"Honestly, Students still",euc_dmd,0.99,1,16,0.99411,0.43242,2.14042,2.11964,0.21633,0.57242,0.14001,0.03945,0.35109,1.74988
122,"Honestly, Students still",cau_dmd,0.3,1,7,0.36284,0.32083,0.46761,0.47553,0.18399,0.57242,0.2516,0.13356,0.03612,0.29792
122,"Honestly, Students still",cau_dmd,0.5,1,9,0.63505,0.30937,0.69643,0.70304,0.21138,0.57242,0.26306,0.14723,0.06129,0.48792
122,"Honestly, Students still",cau_dmd,0.7,1,10,0.7511,0.31985,0.82137,0.82668,0.21458,0.57242,0.25257,0.13469,0.08654,0.60014
122,"Honestly, Students still",cau_dmd,0.9,1,13,0.93824,0.38141,1.2738,1.27308,0.12185,0.57242,0.19102,0.0745,0.19061,1.00868
122,"Honestly, Students still",cau_dmd,0.99,1,17,0.99176,0.44444,2.07089,2.0587,0.11881,0.57242,0.12798,0.0329,0.32854,1.70945
122,"Honestly, Students still",dua_dmd,0.3,1,7,0.39283,0.40348,0.29178,0.29699,0.07124,0.57242,0.16894,0.05783,0.02068,0.21326
122,"Honestly, Students still",dua_dmd,0.5,1,8,0.53112,0.39794,0.38642,0.39108,0.07835,0.57242,0.17448,0.06179,0.03147,0.29316
122,"Honestly, Students still",dua_dmd,0.7,1,10,0.77063,0.41078,0.61534,0.61766,0.0835,0.57242,0.16165,0.05283,0.06412,0.49838
122,"Honestly, Students still",dua_dmd,0.9,1,12,0.90708,0.44276,0.89929,0.89777,0.19161,0.57242,0.12966,0.03378,0.105,0.76051
122,"Honestly, Students still",dua_dmd,0.99,1,17,0.99311,0.51767,1.83061,1.81452,0.20097,0.57242,0.05475,0.00603,0.20841,1.61616
62,"In this case, They just",euc_ctx,0.3,1,27,0.3378,0.06625,0.88829,0.88472,0.30697,0.47722,0.41098,0.63907,0.05276,0.19646
62,"In this case, They just",euc_ctx,0.5,1,31,0.542,0.06186,0.98108,0.97589,0.30907,0.47722,0.41536,0.6693,0.0682,0.24358
62,"In this case, They just",euc_ctx,0.7,1,35,0.73109,0.06775,1.00566,0.9987,0.30973,0.47722,0.40947,0.62921,0.08274,0.29371
62,"In this case, They just",euc_ctx,0.9,1,41,0.90258,0.09581,0.95774,0.94783,0.30262,0.47722,0.38141,0.47981,0.10296,0.37496
62,"In this case, They just",euc_ctx,0.99,1,54,0.99165,0.24722,0.85749,0.8394,0.19053,0.47722,0.23,0.12326,0.14779,0.58645
62,"In this case, They just",cau_ctx,0.3,1,50,0.32365,0.08641,0.99385,0.99392,0.28695,0.47722,0.39082,0.5237,0.09712,0.37302
62,"In this case, They just",cau_ctx,0.5,1,57,0.50676,0.07624,1.19445,1.19249,0.29386,0.47722,0.40098,0.57764,0.11657,0.50024
62,"In this case, They just",cau_ctx,0.7,1,65,0.70693,0.0712,1.44582,1.44043,0.26023,0.47722,0.40603,0.60747,0.13686,0.7015
62,"In this case, They just",cau_ctx,0.9,1,78,0.90196,0.06268,2.049,2.03466,0.23471,0.47722,0.41454,0.66351,0.17989,1.20561
62,"In this case, They just",cau_ctx,0.99,1,103,0.99054,0.03192,3.96189,3.92121,0.20853,0.47722,0.4453,0.96866,0.32774,2.66548
62,"In this case, They just",dua_ctx,0.3,1,30,0.30245,0.15676,0.46476,0.46144,0.20651,0.47722,0.32047,0.28134,0.031,0.15242
62,"In this case, They just",dua_ctx,0.5,1,35,0.52392,0.14793,0.53947,0.53429,0.23426,0.47722,0.3293,0.30357,0.03326,0.20264
62,"In this case, They just",dua_ctx,0.7,1,40,0.73677,0.15829,0.57655,0.56908,0.20763,0.47722,0.31893,0.27765,0.03844,0.26046
62,"In this case, They just",dua_ctx,0.9,1,47,0.91233,0.20091,0.59904,0.58768,0.18945,0.47722,0.27632,0.19104,0.05314,0.35485
62,"In this case, They just",dua_ctx,0.99,1,60,0.99136,0.33376,0.70827,0.68768,0.18149,0.47722,0.14346,0.04387,0.09039,0.57401
62,"In this case, They just",euc_unemb,0.3,1,12,0.34648,0.11149,0.6316,0.62693,0.28419,0.47722,0.36573,0.41662,0.02672,0.18826
62,"In this case, They just",euc_unemb,0.5,1,14,0.59443,0.11402,0.73945,0.73256,0.26277,0.47722,0.3632,0.4074,0.08182,0.25023
62,"In this case, They just",euc_unemb,0.7,1,15,0.70981,0.12469,0.77994,0.77177,0.26385,0.47722,0.35253,0.37105,0.12346,0.28544
62,"In this case, They just",euc_unemb,0.9,1,18,0.92021,0.19774,0.87798,0.865,0.25948,0.47722,0.27949,0.19656,0.26614,0.41529
62,"In this case, They just",euc_unemb,0.99,1,23,0.99377,0.41077,1.25798,1.23258,0.19795,0.47722,0.06646,0.009,0.46932,0.77966
62,"In this case, They just",cau_unemb,0.3,1,13,0.357,0.11974,0.56471,0.5635,0.28236,0.47722,0.35749,0.38745,0.02505,0.15221
62,"In this case, They just",cau_unemb,0.5,1,15,0.58193,0.12443,0.62011,0.61751,0.28223,0.47722,0.35279,0.3719,0.05159,0.19662
62,"In this case, They just",cau_unemb,0.7,1,17,0.77762,0.15216,0.63477,0.63038,0.25491,0.47722,0.32506,0.29271,0.09323,0.24883
62,"In this case, They just",cau_unemb,0.9,1,20,0.9332,0.2408,0.64272,0.63461,0.18462,0.47722,0.23642,0.13137,0.16143,0.34992
62,"In this case, They just",cau_unemb,0.99,1,25,0.99298,0.4606,0.89641,0.8783,0.17006,0.47722,0.01662,0.00056,0.25825,0.63761
62,"In this case, They just",dua_unemb,0.3,1,13,0.33163,0.23341,0.32604,0.32179,0.06048,0.47722,0.24382,0.14119,0.03733,0.14752
62,"In this case, They just",dua_unemb,0.5,1,15,0.54096,0.24319,0.39889,0.39243,0.06128,0.47722,0.23403,0.12831,0.06802,0.20256
62,"In this case, They just",dua_unemb,0.7,1,17,0.7355,0.27476,0.48166,0.4723,0.06235,0.47722,0.20247,0.09234,0.11824,0.27109
62,"In this case, They just",dua_unemb,0.9,1,20,0.91095,0.35388,0.64017,0.62517,0.06436,0.47722,0.12334,0.03196,0.20562,0.40259
62,"In this case, They just",dua_unemb,0.99,1,25,0.99002,0.51251,1.05172,1.02419,0.08128,0.47722,0.03529,0.00249,0.33059,0.71864
62,"In this case, They just",euc_dmd,0.3,1,11,0.36837,0.04788,1.15102,1.14584,0.29567,0.47722,0.42934,0.78383,0.10451,0.26267
62,"In this case, They just",euc_dmd,0.5,1,12,0.50107,0.04466,1.25852,1.25207,0.30272,0.47722,0.43256,0.81529,0.1403,0.30293
62,"In this case, They just",euc_dmd,0.7,1,14,0.74746,0.04771,1.41157,1.40235,0.30409,0.47722,0.42951,0.78542,0.23627,0.38988
62,"In this case, They just",euc_dmd,0.9,1,17,0.93612,0.0743,1.52908,1.51517,0.30179,0.47722,0.40293,0.58889,0.40179,0.53841
62,"In this case, They just",euc_dmd,0.99,1,21,0.99157,0.15417,1.68426,1.66269,0.28655,0.47722,0.32305,0.28768,0.61238,0.78419
62,"In this case, They just",cau_dmd,0.3,1,12,0.33985,0.04901,1.19071,1.18966,0.30022,0.47722,0.42822,0.77335,0.17016,0.24719
62,"In this case, They just",cau_dmd,0.5,1,14,0.55677,0.04582,1.32996,1.32734,0.30197,0.47722,0.4314,0.80368,0.21338,0.31289
62,"In this case, They just",cau_dmd,0.7,1,16,0.74886,0.05173,1.39472,1.39033,0.30583,0.47722,0.42549,0.74906,0.26148,0.38418
62,"In this case, They just",cau_dmd,0.9,1,19,0.9124,0.07754,1.42487,1.41741,0.30815,0.47722,0.39969,0.57034,0.35022,0.50431
62,"In this case, They just",cau_dmd,0.99,1,25,0.99123,0.19758,1.59717,1.58119,0.28171,0.47722,0.27965,0.19684,0.57277,0.82755
62,"In this case, They just",dua_dmd,0.3,1,12,0.40724,0.12218,0.61636,0.61275,0.27743,0.47722,0.35504,0.37926,0.03431,0.20279
62,"In this case, They just",dua_dmd,0.5,1,13,0.53561,0.11876,0.6761,0.67143,0.28727,0.47722,0.35847,0.39079,0.04968,0.23563
62,"In this case, They just",dua_dmd,0.7,1,15,0.76506,0.12724,0.77296,0.76577,0.29387,0.47722,0.34998,0.36291,0.10055,0.3095
62,"In this case, They just",dua_dmd,0.9,1,17,0.9015,0.15278,0.85112,0.84091,0.29612,0.47722,0.32444,0.29115,0.16537,0.3946
62,"In this case, They just",dua_dmd,0.99,1,22,0.99112,0.25875,1.08366,1.064,0.18879,0.47722,0.21847,0.10957,0.31591,0.65817
