ctx_id,text,method,level,reached,step,P1,cf,kl,kl99,rd
3,"In this case, They sometimes",euc_ctx,0.3,1,21,0.31708,0.29019,0.49983,0.50229,0.13251
3,"In this case, They sometimes",euc_ctx,0.5,1,25,0.53004,0.2794,0.64322,0.64403,0.14187
3,"In this case, They sometimes",euc_ctx,0.7,1,29,0.73256,0.30158,0.75421,0.75258,0.14172
3,"In this case, They sometimes",euc_ctx,0.9,1,35,0.91194,0.38415,0.89312,0.88639,0.13577
3,"In this case, They sometimes",euc_ctx,0.99,1,46,0.99158,0.57115,1.30084,1.28097,0.12952
3,"In this case, They sometimes",cau_ctx,0.3,1,41,0.30108,0.22816,0.99778,0.99904,0.14957
3,"In this case, They sometimes",cau_ctx,0.5,1,49,0.51481,0.14446,1.62734,1.62273,0.16268
3,"In this case, They sometimes",cau_ctx,0.7,1,56,0.70094,0.09081,2.32534,2.31317,0.16186
3,"In this case, They sometimes",cau_ctx,0.9,1,68,0.90204,0.04028,3.69173,3.66327,0.16748
3,"In this case, They sometimes",cau_ctx,0.99,1,89,0.99053,0.01102,6.21136,6.1509,0.17381
3,"In this case, They sometimes",dua_ctx,0.3,1,62,0.30613,0.53132,0.4015,0.39371,0.02331
3,"In this case, They sometimes",dua_ctx,0.5,1,90,0.50465,0.50589,0.92312,0.89658,0.02655
3,"In this case, They sometimes",dua_ctx,0.7,1,119,0.70614,0.48112,1.66632,1.61433,0.04694
3,"In this case, They sometimes",dua_ctx,0.9,1,154,0.90272,0.46474,2.77805,2.695,0.04081
3,"In this case, They sometimes",dua_ctx,0.99,1,185,0.99013,0.46504,3.96949,3.8651,0.0613
3,"In this case, They sometimes",euc_unemb,0.3,1,9,0.37449,0.33606,0.39172,0.39399,0.16672
3,"In this case, They sometimes",euc_unemb,0.5,1,10,0.50976,0.33953,0.47144,0.47271,0.17092
3,"In this case, They sometimes",euc_unemb,0.7,1,12,0.75877,0.38576,0.65883,0.65692,0.19138
3,"In this case, They sometimes",euc_unemb,0.9,1,14,0.90515,0.46724,0.90243,0.89569,0.18785
3,"In this case, They sometimes",euc_unemb,0.99,1,19,0.99356,0.63466,1.77475,1.75041,0.19309
3,"In this case, They sometimes",cau_unemb,0.3,1,10,0.38808,0.30511,0.43351,0.43715,0.16375
3,"In this case, They sometimes",cau_unemb,0.5,1,11,0.51021,0.30693,0.49822,0.50112,0.16905
3,"In this case, They sometimes",cau_unemb,0.7,1,13,0.73738,0.34254,0.63049,0.63106,0.17709
3,"In this case, They sometimes",cau_unemb,0.9,1,16,0.92529,0.45172,0.87706,0.8719,0.18199
3,"In this case, They sometimes",cau_unemb,0.99,1,21,0.99315,0.61583,1.52364,1.50413,0.18139
3,"In this case, They sometimes",dua_unemb,0.3,1,13,0.30464,0.55999,0.09261,0.095,0.02236
3,"In this case, They sometimes",dua_unemb,0.5,1,17,0.50343,0.5713,0.1871,0.18661,0.02603
3,"In this case, They sometimes",dua_unemb,0.7,1,23,0.72683,0.59578,0.42433,0.41555,0.02991
3,"In this case, They sometimes",dua_unemb,0.9,1,34,0.9094,0.63937,1.09798,1.06735,0.03912
3,"In this case, They sometimes",dua_unemb,0.99,1,48,0.99178,0.69077,2.32764,2.261,0.12607
3,"In this case, They sometimes",euc_dmd,0.3,1,8,0.31731,0.29406,0.47125,0.47372,0.161
3,"In this case, They sometimes",euc_dmd,0.5,1,10,0.60051,0.2945,0.67345,0.67366,0.18305
3,"In this case, They sometimes",euc_dmd,0.7,1,11,0.72991,0.31658,0.77819,0.77672,0.18583
3,"In this case, They sometimes",euc_dmd,0.9,1,14,0.93991,0.4427,1.15191,1.14312,0.15512
3,"In this case, They sometimes",euc_dmd,0.99,1,18,0.99378,0.61209,1.85973,1.83695,0.17358
3,"In this case, They sometimes",cau_dmd,0.3,1,9,0.31643,0.27403,0.5474,0.55205,0.17798
3,"In this case, They sometimes",cau_dmd,0.5,1,11,0.56102,0.26943,0.71807,0.7212,0.18238
3,"In this case, They sometimes",cau_dmd,0.7,1,13,0.77744,0.3056,0.89162,0.89212,0.17933
3,"In this case, They sometimes",cau_dmd,0.9,1,15,0.90426,0.37051,1.10119,1.0979,0.13516
3,"In this case, They sometimes",cau_dmd,0.99,1,20,0.99083,0.53185,1.8697,1.85264,0.13481
3,"In this case, They sometimes",dua_dmd,0.3,1,11,0.34954,0.5362,0.12841,0.13186,0.0324
3,"In this case, They sometimes",dua_dmd,0.5,1,13,0.5028,0.5354,0.20122,0.20423,0.0377
3,"In this case, They sometimes",dua_dmd,0.7,1,16,0.71719,0.54071,0.34898,0.35035,0.03818
3,"In this case, They sometimes",dua_dmd,0.9,1,21,0.92189,0.56015,0.68935,0.68552,0.04756
3,"In this case, They sometimes",dua_dmd,0.99,1,28,0.99007,0.59235,1.29205,1.27712,0.04827
225,"At home, The workers generally",euc_ctx,0.3,1,27,0.33522,0.24111,0.65096,0.65486,0.15786
225,"At home, The workers generally",euc_ctx,0.5,1,31,0.54352,0.23863,0.75039,0.7529,0.1613
225,"At home, The workers generally",euc_ctx,0.7,1,35,0.73778,0.26621,0.80208,0.8026,0.15517
225,"At home, The workers generally",euc_ctx,0.9,1,41,0.91096,0.3572,0.84887,0.84518,0.06358
225,"At home, The workers generally",euc_ctx,0.99,1,52,0.99092,0.57583,1.1214,1.10617,0.13387
225,"At home, The workers generally",cau_ctx,0.3,1,47,0.30302,0.17608,1.29128,1.2925,0.16216
225,"At home, The workers generally",cau_ctx,0.5,1,54,0.51111,0.10784,1.94859,1.94347,0.16869
225,"At home, The workers generally",cau_ctx,0.7,1,61,0.71736,0.06696,2.71313,2.69975,0.17038
225,"At home, The workers generally",cau_ctx,0.9,1,71,0.90136,0.03823,3.85491,3.82805,0.16928
225,"At home, The workers generally",cau_ctx,0.99,1,90,0.99079,0.01709,5.97656,5.92242,0.17134
225,"At home, The workers generally",dua_ctx,0.3,1,67,0.30237,0.52642,0.40733,0.39978,0.01942
225,"At home, The workers generally",dua_ctx,0.5,1,96,0.50064,0.49845,0.89964,0.87435,0.04711
225,"At home, The workers generally",dua_ctx,0.7,1,127,0.70251,0.47694,1.6444,1.59456,0.05004
225,"At home, The workers generally",dua_ctx,0.9,1,165,0.90015,0.47006,2.8263,2.74625,0.05402
225,"At home, The workers generally",dua_ctx,0.99,1,197,0.99011,0.47976,4.09148,3.99065,0.03191
225,"At home, The workers generally",euc_unemb,0.3,1,12,0.37466,0.23572,0.62055,0.62179,0.20532
225,"At home, The workers generally",euc_unemb,0.5,1,14,0.62308,0.24614,0.7616,0.7606,0.19213
225,"At home, The workers generally",euc_unemb,0.7,1,15,0.73339,0.26618,0.83423,0.83173,0.18771
225,"At home, The workers generally",euc_unemb,0.9,1,18,0.92725,0.3704,1.10454,1.09581,0.20457
225,"At home, The workers generally",euc_unemb,0.99,1,22,0.99004,0.51823,1.66365,1.64283,0.2052
225,"At home, The workers generally",cau_unemb,0.3,1,13,0.32758,0.25493,0.56218,0.56595,0.20187
225,"At home, The workers generally",cau_unemb,0.5,1,15,0.53783,0.25981,0.64452,0.6469,0.20234
225,"At home, The workers generally",cau_unemb,0.7,1,17,0.73479,0.29605,0.71909,0.71931,0.20369
225,"At home, The workers generally",cau_unemb,0.9,1,20,0.91003,0.39618,0.87815,0.87344,0.15254
225,"At home, The workers generally",cau_unemb,0.99,1,26,0.99248,0.58885,1.52471,1.50455,0.18702
225,"At home, The workers generally",dua_unemb,0.3,1,17,0.32336,0.56412,0.12308,0.12489,0.01567
225,"At home, The workers generally",dua_unemb,0.5,1,22,0.51798,0.57533,0.24907,0.24677,0.01726
225,"At home, The workers generally",dua_unemb,0.7,1,30,0.71539,0.59623,0.54738,0.53457,0.02161
225,"At home, The workers generally",dua_unemb,0.9,1,43,0.90012,0.62665,1.20527,1.16953,0.03146
225,"At home, The workers generally",dua_unemb,0.99,1,58,0.99209,0.66028,2.29249,2.22171,0.03351
225,"At home, The workers generally",euc_dmd,0.3,1,11,0.32094,0.21795,0.70978,0.71055,0.18006
225,"At home, The workers generally",euc_dmd,0.5,1,13,0.57422,0.21528,0.86883,0.86719,0.18198
225,"At home, The workers generally",euc_dmd,0.7,1,15,0.7935,0.25271,1.02811,1.02314,0.1793
225,"At home, The workers generally",euc_dmd,0.9,1,17,0.91611,0.32336,1.22324,1.21393,0.10359
225,"At home, The workers generally",euc_dmd,0.99,1,22,0.99322,0.5348,1.94815,1.92387,0.09869
225,"At home, The workers generally",cau_dmd,0.3,1,13,0.33769,0.24736,0.72977,0.73312,0.17376
225,"At home, The workers generally",cau_dmd,0.5,1,15,0.54609,0.25148,0.83626,0.83781,0.15269
225,"At home, The workers generally",cau_dmd,0.7,1,17,0.73803,0.28368,0.96894,0.96785,0.09259
225,"At home, The workers generally",cau_dmd,0.9,1,20,0.90877,0.36932,1.26828,1.26153,0.09423
225,"At home, The workers generally",cau_dmd,0.99,1,26,0.99169,0.52484,2.22282,2.19934,0.08741
225,"At home, The workers generally",dua_dmd,0.3,1,14,0.3059,0.55029,0.13962,0.14244,0.00907
225,"At home, The workers generally",dua_dmd,0.5,1,18,0.50892,0.55372,0.25796,0.25918,0.01102
225,"At home, The workers generally",dua_dmd,0.7,1,23,0.70003,0.56551,0.45736,0.45487,0.01842
225,"At home, The workers generally",dua_dmd,0.9,1,38,0.90525,0.60682,1.32468,1.30352,0.03639
225,"At home, The workers generally",dua_dmd,0.99,1,57,0.99163,0.64866,2.97923,2.9233,0.06838
4,"Every day, These kids sometimes",euc_ctx,0.3,1,18,0.31695,0.34869,0.39382,0.39916,0.12003
4,"Every day, These kids sometimes",euc_ctx,0.5,1,22,0.54784,0.34085,0.56109,0.56511,0.14369
4,"Every day, These kids sometimes",euc_ctx,0.7,1,25,0.71337,0.35897,0.68502,0.68727,0.16036
4,"Every day, These kids sometimes",euc_ctx,0.9,1,31,0.91303,0.43742,0.95412,0.95088,0.08869
4,"Every day, These kids sometimes",euc_ctx,0.99,1,41,0.99139,0.56832,1.59647,1.57996,0.08008
4,"Every day, These kids sometimes",cau_ctx,0.3,1,34,0.31267,0.22579,1.06249,1.06442,0.15387
4,"Every day, These kids sometimes",cau_ctx,0.5,1,40,0.50148,0.14411,1.69843,1.69504,0.16852
4,"Every day, These kids sometimes",cau_ctx,0.7,1,47,0.72074,0.08445,2.57869,2.56683,0.1797
4,"Every day, These kids sometimes",cau_ctx,0.9,1,57,0.91082,0.04405,3.91111,3.88496,0.18885
4,"Every day, These kids sometimes",cau_ctx,0.99,1,74,0.99123,0.01846,6.15871,6.10631,0.19374
4,"Every day, These kids sometimes",dua_ctx,0.3,1,54,0.30381,0.48754,0.47782,0.47299,0.10646
4,"Every day, These kids sometimes",dua_ctx,0.5,1,78,0.50264,0.45376,1.05235,1.03195,0.1108
4,"Every day, These kids sometimes",dua_ctx,0.7,1,105,0.70527,0.42672,1.91271,1.8678,0.11661
4,"Every day, These kids sometimes",dua_ctx,0.9,1,140,0.90095,0.40502,3.27604,3.19725,0.0299
4,"Every day, These kids sometimes",dua_ctx,0.99,1,177,0.99085,0.39368,4.83312,4.72718,0.0682
4,"Every day, These kids sometimes",euc_unemb,0.3,1,8,0.37691,0.41518,0.29481,0.29942,0.07306
4,"Every day, These kids sometimes",euc_unemb,0.5,1,9,0.51982,0.42324,0.38479,0.38847,0.11986
4,"Every day, These kids sometimes",euc_unemb,0.7,1,11,0.77696,0.47097,0.63988,0.63988,0.1465
4,"Every day, These kids sometimes",euc_unemb,0.9,1,13,0.91848,0.53155,1.00974,1.00374,0.1683
4,"Every day, These kids sometimes",euc_unemb,0.99,1,17,0.99168,0.59485,1.97853,1.95637,0.1778
4,"Every day, These kids sometimes",cau_unemb,0.3,1,9,0.40242,0.36299,0.36105,0.36671,0.07996
4,"Every day, These kids sometimes",cau_unemb,0.5,1,10,0.53087,0.36847,0.43316,0.43813,0.14718
4,"Every day, These kids sometimes",cau_unemb,0.7,1,12,0.7613,0.40857,0.60755,0.60989,0.14967
4,"Every day, These kids sometimes",cau_unemb,0.9,1,15,0.93752,0.49726,0.99475,0.9901,0.15382
4,"Every day, These kids sometimes",cau_unemb,0.99,1,19,0.99151,0.56588,1.73288,1.71517,0.16127
4,"Every day, These kids sometimes",dua_unemb,0.3,1,11,0.30376,0.53738,0.09948,0.10257,0.00743
4,"Every day, These kids sometimes",dua_unemb,0.5,1,15,0.53106,0.54862,0.20335,0.20383,0.04171
4,"Every day, These kids sometimes",dua_unemb,0.7,1,19,0.71123,0.56655,0.3561,0.35183,0.04906
4,"Every day, These kids sometimes",dua_unemb,0.9,1,28,0.90975,0.61224,0.93796,0.91706,0.11422
4,"Every day, These kids sometimes",dua_unemb,0.99,1,41,0.99191,0.67217,2.37068,2.31661,0.12381
4,"Every day, These kids sometimes",euc_dmd,0.3,1,8,0.4358,0.38431,0.41186,0.41596,0.0858
4,"Every day, These kids sometimes",euc_dmd,0.5,1,9,0.58763,0.3978,0.52025,0.52313,0.08703
4,"Every day, These kids sometimes",euc_dmd,0.7,1,10,0.72448,0.42582,0.65004,0.65112,0.09024
4,"Every day, These kids sometimes",euc_dmd,0.9,1,13,0.9428,0.54763,1.20821,1.20054,0.13729
4,"Every day, These kids sometimes",euc_dmd,0.99,1,16,0.99033,0.63616,1.9658,1.94604,0.1297
4,"Every day, These kids sometimes",cau_dmd,0.3,1,9,0.41847,0.35605,0.49555,0.50168,0.14471
4,"Every day, These kids sometimes",cau_dmd,0.5,1,10,0.54731,0.36366,0.58401,0.58934,0.09313
4,"Every day, These kids sometimes",cau_dmd,0.7,1,12,0.77192,0.40937,0.80537,0.80785,0.09172
4,"Every day, These kids sometimes",cau_dmd,0.9,1,14,0.90352,0.47622,1.11607,1.11407,0.09179
4,"Every day, These kids sometimes",cau_dmd,0.99,1,19,0.99127,0.59501,2.21887,2.20079,0.09174
4,"Every day, These kids sometimes",dua_dmd,0.3,1,10,0.36772,0.52454,0.14391,0.14786,0.04122
4,"Every day, These kids sometimes",dua_dmd,0.5,1,12,0.51328,0.52695,0.22003,0.22365,0.05113
4,"Every day, These kids sometimes",dua_dmd,0.7,1,16,0.74623,0.53954,0.42061,0.42244,0.06385
4,"Every day, These kids sometimes",dua_dmd,0.9,1,22,0.91709,0.56497,0.87119,0.86831,0.07492
4,"Every day, These kids sometimes",dua_dmd,0.99,1,31,0.99065,0.61057,1.88013,1.86516,0.07788
253,"Usually, Many people often",euc_ctx,0.3,1,19,0.33699,0.60155,0.22777,0.23554,0.11903
253,"Usually, Many people often",euc_ctx,0.5,1,22,0.50332,0.60661,0.34127,0.34816,0.12632
253,"Usually, Many people often",euc_ctx,0.7,1,26,0.71764,0.62743,0.53928,0.54344,0.14042
253,"Usually, Many people often",euc_ctx,0.9,1,32,0.90977,0.67159,0.92472,0.92198,0.15279
253,"Usually, Many people often",euc_ctx,0.99,1,42,0.99009,0.72439,1.71293,1.69514,0.15771
253,"Usually, Many people often",cau_ctx,0.3,1,37,0.30859,0.61623,0.43535,0.44354,0.10355
253,"Usually, Many people often",cau_ctx,0.5,1,45,0.52582,0.55518,0.76034,0.76603,0.10278
253,"Usually, Many people often",cau_ctx,0.7,1,52,0.71097,0.47578,1.17892,1.18005,0.10967
253,"Usually, Many people often",cau_ctx,0.9,1,64,0.90655,0.31296,2.18437,2.17316,0.11345
253,"Usually, Many people often",cau_ctx,0.99,1,84,0.99006,0.11452,4.38453,4.34551,0.12579
253,"Usually, Many people often",dua_ctx,0.3,1,69,0.30098,0.60442,0.67419,0.66604,0.03206
253,"Usually, Many people often",dua_ctx,0.5,1,103,0.50244,0.56932,1.70211,1.66865,0.03639
253,"Usually, Many people often",dua_ctx,0.7,1,134,0.70087,0.52836,3.03456,2.97136,0.02899
253,"Usually, Many people often",dua_ctx,0.9,1,169,0.90008,0.48779,4.78568,4.69185,0.12255
253,"Usually, Many people often",dua_ctx,0.99,1,198,0.99033,0.47187,6.23354,6.12064,0.13444
253,"Usually, Many people often",euc_unemb,0.3,1,8,0.37568,0.55066,0.17679,0.18249,0.02305
253,"Usually, Many people often",euc_unemb,0.5,1,9,0.51557,0.56205,0.24839,0.25318,0.02844
253,"Usually, Many people often",euc_unemb,0.7,1,11,0.76898,0.60286,0.47459,0.4755,0.09839
253,"Usually, Many people often",euc_unemb,0.9,1,13,0.91228,0.64259,0.81143,0.80608,0.10776
253,"Usually, Many people often",euc_unemb,0.99,1,17,0.99018,0.67348,1.65471,1.63328,0.11606
253,"Usually, Many people often",cau_unemb,0.3,1,9,0.40991,0.52808,0.19999,0.20759,0.03171
253,"Usually, Many people often",cau_unemb,0.5,1,10,0.53835,0.54026,0.25996,0.2669,0.03201
253,"Usually, Many people often",cau_unemb,0.7,1,12,0.76613,0.58263,0.43617,0.44014,0.09662
253,"Usually, Many people often",cau_unemb,0.9,1,14,0.90154,0.62729,0.69602,0.69508,0.10437
253,"Usually, Many people often",cau_unemb,0.99,1,19,0.99147,0.67471,1.56765,1.55011,0.11032
253,"Usually, Many people often",dua_unemb,0.3,1,12,0.31331,0.61782,0.11051,0.11268,0.01484
253,"Usually, Many people often",dua_unemb,0.5,1,17,0.51751,0.62903,0.24532,0.24379,0.02095
253,"Usually, Many people often",dua_unemb,0.7,1,23,0.71756,0.64535,0.5161,0.50686,0.03325
253,"Usually, Many people often",dua_unemb,0.9,1,32,0.9056,0.66732,1.22387,1.1969,0.04525
253,"Usually, Many people often",dua_unemb,0.99,1,43,0.99265,0.68833,2.58031,2.5221,0.05373
253,"Usually, Many people often",euc_dmd,0.3,1,8,0.41144,0.53549,0.24234,0.2499,0.11875
253,"Usually, Many people often",euc_dmd,0.5,1,9,0.55835,0.5496,0.3356,0.34226,0.13731
253,"Usually, Many people often",euc_dmd,0.7,1,11,0.80537,0.59935,0.61185,0.61454,0.13782
253,"Usually, Many people often",euc_dmd,0.9,1,13,0.9312,0.64842,1.00226,0.99859,0.14099
253,"Usually, Many people often",euc_dmd,0.99,1,17,0.99307,0.69611,1.96235,1.94255,0.15074
253,"Usually, Many people often",cau_dmd,0.3,1,9,0.41,0.5018,0.29348,0.30368,0.12279
253,"Usually, Many people often",cau_dmd,0.5,1,10,0.53857,0.51447,0.36809,0.37786,0.1374
253,"Usually, Many people often",cau_dmd,0.7,1,12,0.76633,0.56383,0.5768,0.5841,0.1667
253,"Usually, Many people often",cau_dmd,0.9,1,14,0.90153,0.62273,0.87921,0.88211,0.18184
253,"Usually, Many people often",cau_dmd,0.99,1,19,0.99138,0.71192,1.90908,1.89625,0.19461
253,"Usually, Many people often",dua_dmd,0.3,1,10,0.35883,0.60573,0.1394,0.14505,0.03697
253,"Usually, Many people often",dua_dmd,0.5,1,13,0.5501,0.60886,0.25757,0.26314,0.04701
253,"Usually, Many people often",dua_dmd,0.7,1,16,0.70046,0.61444,0.40701,0.4117,0.11915
253,"Usually, Many people often",dua_dmd,0.9,1,24,0.91738,0.63406,0.95655,0.95539,0.13313
253,"Usually, Many people often",dua_dmd,0.99,1,32,0.99014,0.66186,1.79628,1.7828,0.13602
290,"Honestly, Our customers always",euc_ctx,0.3,1,14,0.31968,0.69002,0.13017,0.13571,0.02959
290,"Honestly, Our customers always",euc_ctx,0.5,1,18,0.53918,0.69058,0.21765,0.22225,0.03486
290,"Honestly, Our customers always",euc_ctx,0.7,1,22,0.74428,0.71334,0.32307,0.32508,0.03622
290,"Honestly, Our customers always",euc_ctx,0.9,1,27,0.9008,0.75532,0.48524,0.48206,0.03795
290,"Honestly, Our customers always",euc_ctx,0.99,1,38,0.99103,0.81542,0.96142,0.94305,0.0405
290,"Honestly, Our customers always",cau_ctx,0.3,1,28,0.31125,0.70048,0.22439,0.22984,0.03911
290,"Honestly, Our customers always",cau_ctx,0.5,1,36,0.52396,0.66548,0.38828,0.39209,0.04547
290,"Honestly, Our customers always",cau_ctx,0.7,1,43,0.7058,0.61953,0.61091,0.61137,0.05118
290,"Honestly, Our customers always",cau_ctx,0.9,1,55,0.90183,0.48647,1.21521,1.20587,0.1516
290,"Honestly, Our customers always",cau_ctx,0.99,1,76,0.99019,0.20622,2.87911,2.84402,0.20862
290,"Honestly, Our customers always",dua_ctx,0.3,1,63,0.30215,0.69903,0.51869,0.50918,0.01031
290,"Honestly, Our customers always",dua_ctx,0.5,1,100,0.50231,0.64978,1.2781,1.24291,0.01186
290,"Honestly, Our customers always",dua_ctx,0.7,1,135,0.70115,0.60068,2.24056,2.176,0.04096
290,"Honestly, Our customers always",dua_ctx,0.9,1,178,0.90329,0.555,3.65861,3.56147,0.05428
290,"Honestly, Our customers always",dua_ctx,0.99,1,211,0.99117,0.53681,4.70518,4.5883,0.0597
290,"Honestly, Our customers always",euc_unemb,0.3,1,6,0.35024,0.6952,0.09153,0.09532,0.02521
290,"Honestly, Our customers always",euc_unemb,0.5,1,8,0.62269,0.72033,0.17657,0.17818,0.03936
290,"Honestly, Our customers always",euc_unemb,0.7,1,9,0.74285,0.74323,0.24166,0.2412,0.03896
290,"Honestly, Our customers always",euc_unemb,0.9,1,12,0.93936,0.80785,0.53881,0.52903,0.0718
290,"Honestly, Our customers always",euc_unemb,0.99,1,16,0.99314,0.83993,1.07241,1.04675,0.07625
290,"Honestly, Our customers always",cau_unemb,0.3,1,7,0.40499,0.67512,0.11011,0.11548,0.03633
290,"Honestly, Our customers always",cau_unemb,0.5,1,8,0.53066,0.68476,0.14007,0.14482,0.03168
290,"Honestly, Our customers always",cau_unemb,0.7,1,10,0.75663,0.72499,0.22347,0.22542,0.03541
290,"Honestly, Our customers always",cau_unemb,0.9,1,13,0.93343,0.79054,0.4369,0.43141,0.04043
290,"Honestly, Our customers always",cau_unemb,0.99,1,17,0.99027,0.82833,0.84608,0.8277,0.06862
290,"Honestly, Our customers always",dua_unemb,0.3,1,11,0.31758,0.75565,0.07011,0.07146,0.00478
290,"Honestly, Our customers always",dua_unemb,0.5,1,17,0.52271,0.76755,0.19121,0.18813,0.01725
290,"Honestly, Our customers always",dua_unemb,0.7,1,24,0.70823,0.78133,0.42415,0.41206,0.02072
290,"Honestly, Our customers always",dua_unemb,0.9,1,35,0.9057,0.79923,0.98857,0.9557,0.03669
290,"Honestly, Our customers always",dua_unemb,0.99,1,46,0.99105,0.81426,1.87604,1.81287,0.03811
290,"Honestly, Our customers always",euc_dmd,0.3,1,6,0.38233,0.67486,0.14019,0.14485,0.03323
290,"Honestly, Our customers always",euc_dmd,0.5,1,7,0.52631,0.68379,0.19444,0.19828,0.03561
290,"Honestly, Our customers always",euc_dmd,0.7,1,9,0.78198,0.73176,0.34543,0.34554,0.14889
290,"Honestly, Our customers always",euc_dmd,0.9,1,11,0.92055,0.78963,0.56415,0.55821,0.15112
290,"Honestly, Our customers always",euc_dmd,0.99,1,15,0.99176,0.85615,1.14492,1.12343,0.2127
290,"Honestly, Our customers always",cau_dmd,0.3,1,7,0.4118,0.64446,0.17326,0.17999,0.02278
290,"Honestly, Our customers always",cau_dmd,0.5,1,8,0.53945,0.65242,0.21841,0.22463,0.14294
290,"Honestly, Our customers always",cau_dmd,0.7,1,10,0.76613,0.69576,0.33542,0.33907,0.14565
290,"Honestly, Our customers always",cau_dmd,0.9,1,12,0.90142,0.75271,0.50562,0.50485,0.18977
290,"Honestly, Our customers always",cau_dmd,0.99,1,17,0.99155,0.84016,1.12872,1.11256,0.19999
290,"Honestly, Our customers always",dua_dmd,0.3,1,8,0.30644,0.73464,0.06523,0.06861,0.01246
290,"Honestly, Our customers always",dua_dmd,0.5,1,12,0.51683,0.73304,0.15435,0.15715,0.01946
290,"Honestly, Our customers always",dua_dmd,0.7,1,17,0.71767,0.73861,0.31305,0.31322,0.02538
290,"Honestly, Our customers always",dua_dmd,0.9,1,26,0.90576,0.75756,0.71837,0.70965,0.02949
290,"Honestly, Our customers always",dua_dmd,0.99,1,36,0.99241,0.78649,1.40138,1.37462,0.05509
247,"In this case, They now",euc_ctx,0.3,1,18,0.3438,0.52396,0.23551,0.24061,0.03959
247,"In this case, They now",euc_ctx,0.5,1,21,0.50385,0.51234,0.29749,0.30172,0.04115
247,"In this case, They now",euc_ctx,0.7,1,25,0.71066,0.52702,0.36929,0.37128,0.05378
247,"In this case, They now",euc_ctx,0.9,1,31,0.90247,0.59009,0.47923,0.47579,0.0528
247,"In this case, They now",euc_ctx,0.99,1,42,0.99063,0.69372,0.80338,0.78601,0.05861
247,"In this case, They now",cau_ctx,0.3,1,33,0.30277,0.51678,0.33982,0.34662,0.03632
247,"In this case, They now",cau_ctx,0.5,1,41,0.52844,0.42764,0.62604,0.63036,0.2461
247,"In this case, They now",cau_ctx,0.7,1,48,0.72337,0.34678,0.99889,0.99864,0.25421
247,"In this case, They now",cau_ctx,0.9,1,58,0.90086,0.24027,1.71584,1.70566,0.258
247,"In this case, They now",cau_ctx,0.99,1,77,0.99098,0.10883,3.41883,3.3839,0.3635
247,"In this case, They now",dua_ctx,0.3,1,80,0.30014,0.70105,0.59411,0.57529,0.01405
247,"In this case, They now",dua_ctx,0.5,1,130,0.5036,0.6813,1.60923,1.54831,0.02764
247,"In this case, They now",dua_ctx,0.7,1,184,0.70107,0.6579,2.99489,2.89385,0.04085
247,"In this case, They now",dua_ctx,0.9,1,246,0.90247,0.62943,4.52189,4.39129,0.0457
247,"In this case, They now",dua_ctx,0.99,1,281,0.99115,0.61445,5.34557,5.20678,0.04681
247,"In this case, They now",euc_unemb,0.3,1,8,0.30655,0.5411,0.20275,0.20594,0.04081
247,"In this case, They now",euc_unemb,0.5,1,10,0.53648,0.51947,0.31835,0.31961,0.05261
247,"In this case, They now",euc_unemb,0.7,1,12,0.75315,0.52677,0.46406,0.46168,0.04202
247,"In this case, They now",euc_unemb,0.9,1,15,0.92976,0.55398,0.75702,0.74635,0.04811
247,"In this case, They now",euc_unemb,0.99,1,20,0.99374,0.5493,1.41765,1.38903,0.24944
247,"In this case, They now",cau_unemb,0.3,1,9,0.37785,0.50365,0.23272,0.23709,0.04411
247,"In this case, They now",cau_unemb,0.5,1,11,0.60233,0.49639,0.31051,0.31313,0.05291
247,"In this case, They now",cau_unemb,0.7,1,12,0.70522,0.50469,0.34954,0.35076,0.04887
247,"In this case, They now",cau_unemb,0.9,1,15,0.90418,0.55157,0.49522,0.49037,0.04393
247,"In this case, They now",cau_unemb,0.99,1,21,0.99326,0.59391,0.98784,0.96566,0.04598
247,"In this case, They now",dua_unemb,0.3,1,18,0.31608,0.74136,0.1753,0.1705,0.0082
247,"In this case, They now",dua_unemb,0.5,1,31,0.50833,0.77006,0.57883,0.55256,0.01248
247,"In this case, They now",dua_unemb,0.7,1,53,0.70305,0.79469,1.6768,1.5982,0.02517
247,"In this case, They now",dua_unemb,0.9,1,86,0.90285,0.80032,3.50277,3.37275,0.0428
247,"In this case, They now",dua_unemb,0.99,1,106,0.99171,0.78842,4.35907,4.21847,0.04522
247,"In this case, They now",euc_dmd,0.3,1,7,0.35127,0.49566,0.26143,0.2653,0.05535
247,"In this case, They now",euc_dmd,0.5,1,9,0.63203,0.49182,0.38501,0.38656,0.06553
247,"In this case, They now",euc_dmd,0.7,1,10,0.75382,0.51194,0.44828,0.44791,0.06631
247,"In this case, They now",euc_dmd,0.9,1,12,0.90691,0.57619,0.59658,0.59104,0.07115
247,"In this case, They now",euc_dmd,0.99,1,17,0.99434,0.70893,1.14213,1.11893,0.07581
247,"In this case, They now",cau_dmd,0.3,1,7,0.32836,0.46949,0.27217,0.27838,0.05975
247,"In this case, They now",cau_dmd,0.5,1,9,0.59822,0.45981,0.37455,0.37939,0.06862
247,"In this case, They now",cau_dmd,0.7,1,10,0.72172,0.47728,0.42326,0.42673,0.06929
247,"In this case, They now",cau_dmd,0.9,1,13,0.93121,0.57683,0.61774,0.61472,0.06855
247,"In this case, They now",cau_dmd,0.99,1,17,0.99157,0.69018,1.03091,1.01555,0.07286
247,"In this case, They now",dua_dmd,0.3,1,12,0.31748,0.70277,0.12593,0.12687,0.00605
247,"In this case, They now",dua_dmd,0.5,1,18,0.50583,0.70682,0.26849,0.26368,0.0124
247,"In this case, They now",dua_dmd,0.7,1,27,0.7006,0.72398,0.55231,0.53427,0.02865
247,"In this case, They now",dua_dmd,0.9,1,42,0.9089,0.75617,1.22391,1.17561,0.03383
247,"In this case, They now",dua_dmd,0.99,1,54,0.99288,0.78027,1.92742,1.8492,0.03979
161,"In this case, People rarely",euc_ctx,0.3,1,18,0.33084,0.52368,0.26542,0.27241,0.03825
161,"In this case, People rarely",euc_ctx,0.5,1,22,0.55788,0.52022,0.40186,0.40753,0.05654
161,"In this case, People rarely",euc_ctx,0.7,1,25,0.71804,0.53718,0.51657,0.52022,0.05979
161,"In this case, People rarely",euc_ctx,0.9,1,31,0.91193,0.59783,0.78964,0.78699,0.06586
161,"In this case, People rarely",euc_ctx,0.99,1,41,0.99069,0.67944,1.39271,1.37579,0.06691
161,"In this case, People rarely",cau_ctx,0.3,1,35,0.31481,0.53762,0.39645,0.40384,0.08083
161,"In this case, People rarely",cau_ctx,0.5,1,42,0.51274,0.46912,0.67873,0.68367,0.09126
161,"In this case, People rarely",cau_ctx,0.7,1,49,0.70722,0.37763,1.10903,1.10892,0.12178
161,"In this case, People rarely",cau_ctx,0.9,1,61,0.91018,0.21847,2.1634,2.14955,0.12809
161,"In this case, People rarely",cau_ctx,0.99,1,80,0.99029,0.07516,4.24917,4.20735,0.1555
161,"In this case, People rarely",dua_ctx,0.3,1,59,0.30083,0.61752,0.47965,0.47508,0.09171
161,"In this case, People rarely",dua_ctx,0.5,1,89,0.50649,0.58135,1.16071,1.13584,0.09439
161,"In this case, People rarely",dua_ctx,0.7,1,117,0.70163,0.54001,2.04959,1.99894,0.01851
161,"In this case, People rarely",dua_ctx,0.9,1,149,0.9008,0.49825,3.29038,3.20912,0.02316
161,"In this case, People rarely",dua_ctx,0.99,1,179,0.99074,0.48134,4.46651,4.36241,0.03786
161,"In this case, People rarely",euc_unemb,0.3,1,8,0.42001,0.53811,0.28099,0.28665,0.04795
161,"In this case, People rarely",euc_unemb,0.5,1,9,0.56425,0.54035,0.38329,0.38772,0.09866
161,"In this case, People rarely",euc_unemb,0.7,1,11,0.80588,0.56462,0.6707,0.67063,0.13015
161,"In this case, People rarely",euc_unemb,0.9,1,13,0.93031,0.59246,1.05295,1.04622,0.14583
161,"In this case, People rarely",euc_unemb,0.99,1,17,0.99285,0.61257,1.94473,1.92163,0.15889
161,"In this case, People rarely",cau_unemb,0.3,1,8,0.3294,0.50897,0.2445,0.25174,0.05407
161,"In this case, People rarely",cau_unemb,0.5,1,10,0.58398,0.50795,0.39563,0.40138,0.09971
161,"In this case, People rarely",cau_unemb,0.7,1,11,0.70334,0.51945,0.49362,0.49783,0.10403
161,"In this case, People rarely",cau_unemb,0.9,1,14,0.91915,0.56996,0.89218,0.8891,0.13215
161,"In this case, People rarely",cau_unemb,0.99,1,19,0.99346,0.60626,1.77436,1.75433,0.14245
161,"In this case, People rarely",dua_unemb,0.3,1,12,0.33899,0.64029,0.12794,0.13145,0.01331
161,"In this case, People rarely",dua_unemb,0.5,1,16,0.53755,0.65133,0.25646,0.25702,0.03969
161,"In this case, People rarely",dua_unemb,0.7,1,20,0.70069,0.6657,0.45174,0.44707,0.04661
161,"In this case, People rarely",dua_unemb,0.9,1,29,0.90092,0.69259,1.19963,1.17638,0.10044
161,"In this case, People rarely",dua_unemb,0.99,1,42,0.99079,0.71632,2.8919,2.83064,0.10371
161,"In this case, People rarely",euc_dmd,0.3,1,7,0.3324,0.50377,0.28332,0.28993,0.05961
161,"In this case, People rarely",euc_dmd,0.5,1,9,0.62774,0.50916,0.49722,0.50168,0.07711
161,"In this case, People rarely",euc_dmd,0.7,1,10,0.75636,0.52982,0.639,0.64137,0.08223
161,"In this case, People rarely",euc_dmd,0.9,1,12,0.91315,0.58554,0.9975,0.99397,0.08469
161,"In this case, People rarely",euc_dmd,0.99,1,16,0.9917,0.66691,1.90561,1.88639,0.12756
161,"In this case, People rarely",cau_dmd,0.3,1,8,0.34846,0.47479,0.34158,0.34983,0.06328
161,"In this case, People rarely",cau_dmd,0.5,1,10,0.60701,0.4806,0.517,0.52377,0.07605
161,"In this case, People rarely",cau_dmd,0.7,1,11,0.72345,0.49863,0.62797,0.63324,0.07612
161,"In this case, People rarely",cau_dmd,0.9,1,14,0.926,0.57646,1.0808,1.07899,0.08075
161,"In this case, People rarely",cau_dmd,0.99,1,19,0.99383,0.66025,2.10844,2.08996,0.08298
161,"In this case, People rarely",dua_dmd,0.3,1,9,0.32122,0.6158,0.12161,0.12669,0.01145
161,"In this case, People rarely",dua_dmd,0.5,1,12,0.5385,0.61094,0.23713,0.24218,0.04409
161,"In this case, People rarely",dua_dmd,0.7,1,15,0.72504,0.61272,0.38967,0.39375,0.05764
161,"In this case, People rarely",dua_dmd,0.9,1,21,0.91806,0.62567,0.80431,0.80401,0.0653
161,"In this case, People rarely",dua_dmd,0.99,1,30,0.99153,0.65303,1.77224,1.75808,0.06848
16,Many people really,euc_ctx,0.3,1,27,0.30638,0.45758,0.49483,0.5017,0.11201
16,Many people really,euc_ctx,0.5,1,31,0.5258,0.45005,0.62378,0.62927,0.22377
16,Many people really,euc_ctx,0.7,1,35,0.73533,0.47776,0.73782,0.74088,0.23959
16,Many people really,euc_ctx,0.9,1,41,0.91655,0.55535,0.91674,0.91423,0.27327
16,Many people really,euc_ctx,0.99,1,51,0.9908,0.65646,1.33742,1.32221,0.27393
16,Many people really,cau_ctx,0.3,1,48,0.30591,0.33124,1.03134,1.03828,0.28983
16,Many people really,cau_ctx,0.5,1,55,0.51365,0.19461,1.63072,1.6315,0.29026
16,Many people really,cau_ctx,0.7,1,62,0.7154,0.10305,2.39047,2.38236,0.2886
16,Many people really,cau_ctx,0.9,1,73,0.90654,0.03804,3.69503,3.67036,0.24583
16,Many people really,cau_ctx,0.99,1,93,0.99092,0.00706,6.08231,6.02554,0.0994
16,Many people really,dua_ctx,0.3,1,90,0.30112,0.63018,0.80529,0.7826,0.02279
16,Many people really,dua_ctx,0.5,1,127,0.50356,0.57532,1.62304,1.56901,0.02536
16,Many people really,dua_ctx,0.7,1,163,0.70212,0.52739,2.57669,2.49457,0.04005
16,Many people really,dua_ctx,0.9,1,203,0.9003,0.48104,3.55602,3.45337,0.04243
16,Many people really,dua_ctx,0.99,1,245,0.99088,0.45941,4.68263,4.56317,0.05373
16,Many people really,euc_unemb,0.3,1,13,0.30674,0.5352,0.40602,0.40663,0.04179
16,Many people really,euc_unemb,0.5,1,15,0.53129,0.52697,0.49882,0.49648,0.04977
16,Many people really,euc_unemb,0.7,1,17,0.74291,0.54072,0.6714,0.66451,0.18002
16,Many people really,euc_unemb,0.9,1,20,0.92112,0.57085,1.10533,1.08907,0.21175
16,Many people really,euc_unemb,0.99,1,25,0.99162,0.57967,2.07801,2.04274,0.2418
16,Many people really,cau_unemb,0.3,1,15,0.3489,0.51913,0.50216,0.50407,0.07242
16,Many people really,cau_unemb,0.5,1,17,0.54615,0.51933,0.55234,0.55174,0.07597
16,Many people really,cau_unemb,0.7,1,19,0.72863,0.53808,0.65933,0.65507,0.17533
16,Many people really,cau_unemb,0.9,1,23,0.92954,0.58787,1.076,1.0615,0.19262
16,Many people really,cau_unemb,0.99,1,29,0.99297,0.60801,1.93991,1.90632,0.21657
16,Many people really,dua_unemb,0.3,1,25,0.30217,0.71822,0.16482,0.15739,0.0051
16,Many people really,dua_unemb,0.5,1,37,0.50006,0.72802,0.4268,0.40432,0.00955
16,Many people really,dua_unemb,0.7,1,52,0.70089,0.73932,0.95838,0.90882,0.01649
16,Many people really,dua_unemb,0.9,1,104,0.90131,0.72438,5.30027,5.16696,0.22451
16,Many people really,dua_unemb,0.99,1,141,0.9905,0.67306,6.5065,6.36455,0.27504
16,Many people really,euc_dmd,0.3,1,13,0.38828,0.46937,0.74994,0.75178,0.12211
16,Many people really,euc_dmd,0.5,1,14,0.5089,0.46157,0.84476,0.84486,0.12484
16,Many people really,euc_dmd,0.7,1,16,0.73305,0.46561,1.1002,1.09552,0.26049
16,Many people really,euc_dmd,0.9,1,19,0.9214,0.48926,1.66946,1.65491,0.27444
16,Many people really,euc_dmd,0.99,1,24,0.99235,0.49151,2.9028,2.86811,0.30034
16,Many people really,cau_dmd,0.3,1,14,0.33454,0.43941,0.89191,0.89796,0.13551
16,Many people really,cau_dmd,0.5,1,16,0.54418,0.42217,1.05857,1.06197,0.14306
16,Many people really,cau_dmd,0.7,1,18,0.73882,0.42551,1.2955,1.29495,0.29637
16,Many people really,cau_dmd,0.9,1,21,0.91165,0.44458,1.80816,1.79952,0.29092
16,Many people really,cau_dmd,0.99,1,27,0.99287,0.44812,3.14673,3.11767,0.3169
16,Many people really,dua_dmd,0.3,1,19,0.30901,0.68687,0.18591,0.18774,0.01259
16,Many people really,dua_dmd,0.5,1,27,0.50415,0.6889,0.39375,0.38958,0.0324
16,Many people really,dua_dmd,0.7,1,40,0.7064,0.70471,1.03944,1.01776,0.04479
16,Many people really,dua_dmd,0.9,1,90,0.90013,0.72919,5.38417,5.26405,0.23931
16,Many people really,dua_dmd,0.99,1,127,0.99012,0.69516,6.4812,6.33921,0.30424
272,"Honestly, Parents typically",euc_ctx,0.3,1,24,0.33796,0.36325,0.4441,0.44898,0.03176
272,"Honestly, Parents typically",euc_ctx,0.5,1,27,0.516,0.37002,0.55998,0.56346,0.0325
272,"Honestly, Parents typically",euc_ctx,0.7,1,31,0.73942,0.40924,0.73403,0.73437,0.23592
272,"Honestly, Parents typically",euc_ctx,0.9,1,36,0.90561,0.48613,1.02098,1.01539,0.25472
272,"Honestly, Parents typically",euc_ctx,0.99,1,46,0.99076,0.60667,1.86869,1.84681,0.26971
272,"Honestly, Parents typically",cau_ctx,0.3,1,46,0.30193,0.24449,1.42359,1.42587,0.21305
272,"Honestly, Parents typically",cau_ctx,0.5,1,53,0.50571,0.12032,2.38676,2.38012,0.23264
272,"Honestly, Parents typically",cau_ctx,0.7,1,60,0.70766,0.05688,3.49264,3.47473,0.24395
272,"Honestly, Parents typically",cau_ctx,0.9,1,71,0.90417,0.02022,5.27422,5.23687,0.25503
272,"Honestly, Parents typically",cau_ctx,0.99,1,90,0.99047,0.00476,8.30897,8.23694,0.27787
272,"Honestly, Parents typically",dua_ctx,0.3,1,64,0.30449,0.48418,0.58318,0.57042,0.01374
272,"Honestly, Parents typically",dua_ctx,0.5,1,92,0.5036,0.4496,1.35822,1.31762,0.01531
272,"Honestly, Parents typically",dua_ctx,0.7,1,121,0.70389,0.41728,2.40791,2.33267,0.0211
272,"Honestly, Parents typically",dua_ctx,0.9,1,161,0.90305,0.38913,4.04598,3.93338,0.05878
272,"Honestly, Parents typically",dua_ctx,0.99,1,204,0.99027,0.37169,5.6715,5.53821,0.06298
272,"Honestly, Parents typically",euc_unemb,0.3,1,10,0.35745,0.33073,0.42668,0.43014,0.07621
272,"Honestly, Parents typically",euc_unemb,0.5,1,11,0.50451,0.33603,0.51703,0.51922,0.08281
272,"Honestly, Parents typically",euc_unemb,0.7,1,13,0.77323,0.38083,0.75208,0.75,0.23201
272,"Honestly, Parents typically",euc_unemb,0.9,1,15,0.91939,0.44549,1.09647,1.08784,0.24667
272,"Honestly, Parents typically",euc_unemb,0.99,1,19,0.99217,0.52366,2.06869,2.04257,0.27081
272,"Honestly, Parents typically",cau_unemb,0.3,1,11,0.37765,0.28417,0.54476,0.55033,0.20049
272,"Honestly, Parents typically",cau_unemb,0.5,1,12,0.51191,0.28696,0.62635,0.63096,0.26023
272,"Honestly, Parents typically",cau_unemb,0.7,1,14,0.75694,0.32332,0.80195,0.80345,0.24201
272,"Honestly, Parents typically",cau_unemb,0.9,1,16,0.90161,0.38623,1.03334,1.03012,0.25448
272,"Honestly, Parents typically",cau_unemb,0.99,1,21,0.99236,0.51298,1.9459,1.92575,0.25852
272,"Honestly, Parents typically",dua_unemb,0.3,1,14,0.307,0.51043,0.09828,0.10056,0.00609
272,"Honestly, Parents typically",dua_unemb,0.5,1,19,0.53459,0.52589,0.21834,0.21532,0.00731
272,"Honestly, Parents typically",dua_unemb,0.7,1,25,0.71351,0.54635,0.46561,0.45117,0.00853
272,"Honestly, Parents typically",dua_unemb,0.9,1,39,0.90892,0.58038,1.34175,1.2889,0.01567
272,"Honestly, Parents typically",dua_unemb,0.99,1,53,0.9913,0.60555,2.50375,2.40587,0.04
272,"Honestly, Parents typically",euc_dmd,0.3,1,9,0.32353,0.30497,0.57148,0.57685,0.23711
272,"Honestly, Parents typically",euc_dmd,0.5,1,11,0.63652,0.31328,0.83974,0.84206,0.25239
272,"Honestly, Parents typically",euc_dmd,0.7,1,12,0.76953,0.33767,0.9984,0.9983,0.25119
272,"Honestly, Parents typically",euc_dmd,0.9,1,14,0.92329,0.40632,1.39505,1.38843,0.24463
272,"Honestly, Parents typically",euc_dmd,0.99,1,18,0.99338,0.51131,2.47294,2.44881,0.25253
272,"Honestly, Parents typically",cau_dmd,0.3,1,10,0.33664,0.27048,0.81749,0.82598,0.25497
272,"Honestly, Parents typically",cau_dmd,0.5,1,12,0.61499,0.27162,1.09829,1.10443,0.25194
272,"Honestly, Parents typically",cau_dmd,0.7,1,13,0.73789,0.28795,1.25572,1.26002,0.308
272,"Honestly, Parents typically",cau_dmd,0.9,1,16,0.93752,0.36852,1.85481,1.8511,0.31029
272,"Honestly, Parents typically",cau_dmd,0.99,1,20,0.99247,0.4533,2.92971,2.91121,0.30596
272,"Honestly, Parents typically",dua_dmd,0.3,1,12,0.36272,0.49395,0.14297,0.14836,0.00815
272,"Honestly, Parents typically",dua_dmd,0.5,1,14,0.51417,0.49664,0.21192,0.21681,0.04154
272,"Honestly, Parents typically",dua_dmd,0.7,1,17,0.71239,0.50638,0.34121,0.34411,0.049
272,"Honestly, Parents typically",dua_dmd,0.9,1,23,0.91075,0.53422,0.66987,0.66457,0.05401
272,"Honestly, Parents typically",dua_dmd,0.99,1,34,0.99172,0.57922,1.4887,1.45882,0.24662
147,"In this case, The workers often",euc_ctx,0.3,1,21,0.31401,0.27796,0.46634,0.47042,0.15094
147,"In this case, The workers often",euc_ctx,0.5,1,25,0.52543,0.27002,0.60215,0.60497,0.15478
147,"In this case, The workers often",euc_ctx,0.7,1,29,0.72821,0.29306,0.71646,0.71724,0.15208
147,"In this case, The workers often",euc_ctx,0.9,1,35,0.90985,0.37377,0.88885,0.88507,0.05132
147,"In this case, The workers often",euc_ctx,0.99,1,46,0.99137,0.54675,1.41535,1.3992,0.03989
147,"In this case, The workers often",cau_ctx,0.3,1,40,0.32342,0.29106,0.62913,0.63528,0.13745
147,"In this case, The workers often",cau_ctx,0.5,1,47,0.52338,0.2586,0.9124,0.91642,0.15971
147,"In this case, The workers often",cau_ctx,0.7,1,54,0.71742,0.22882,1.30394,1.30396,0.17213
147,"In this case, The workers often",cau_ctx,0.9,1,65,0.90578,0.17112,2.18559,2.17538,0.17307
147,"In this case, The workers often",cau_ctx,0.99,1,84,0.99014,0.07765,4.22784,4.19288,0.18136
147,"In this case, The workers often",dua_ctx,0.3,1,67,0.30339,0.49661,0.54316,0.53494,0.03758
147,"In this case, The workers often",dua_ctx,0.5,1,97,0.504,0.47139,1.23282,1.20579,0.04154
147,"In this case, The workers often",dua_ctx,0.7,1,127,0.70594,0.45324,2.16168,2.11024,0.04449
147,"In this case, The workers often",dua_ctx,0.9,1,166,0.90046,0.4528,3.61575,3.53403,0.05297
147,"In this case, The workers often",dua_ctx,0.99,1,200,0.99078,0.46321,5.16065,5.05808,0.06177
147,"In this case, The workers often",euc_unemb,0.3,1,9,0.32869,0.28386,0.41102,0.41391,0.15172
147,"In this case, The workers often",euc_unemb,0.5,1,11,0.58646,0.28632,0.57624,0.57722,0.18447
147,"In this case, The workers often",euc_unemb,0.7,1,12,0.70754,0.30373,0.66872,0.66823,0.18444
147,"In this case, The workers often",euc_unemb,0.9,1,15,0.92375,0.39885,1.02612,1.01909,0.19592
147,"In this case, The workers often",euc_unemb,0.99,1,19,0.99062,0.51788,1.73189,1.71196,0.21099
147,"In this case, The workers often",cau_unemb,0.3,1,10,0.3462,0.28821,0.39876,0.40346,0.14223
147,"In this case, The workers often",cau_unemb,0.5,1,12,0.57779,0.29563,0.51587,0.51929,0.14773
147,"In this case, The workers often",cau_unemb,0.7,1,14,0.7793,0.33792,0.64424,0.64527,0.15766
147,"In this case, The workers often",cau_unemb,0.9,1,16,0.90095,0.40302,0.81296,0.81043,0.16512
147,"In this case, The workers often",cau_unemb,0.99,1,22,0.99355,0.56422,1.6643,1.64551,0.17543
147,"In this case, The workers often",dua_unemb,0.3,1,14,0.33367,0.52161,0.1452,0.14648,0.01939
147,"In this case, The workers often",dua_unemb,0.5,1,19,0.52747,0.53818,0.32674,0.32359,0.02195
147,"In this case, The workers often",dua_unemb,0.7,1,27,0.7139,0.56587,0.8092,0.79431,0.03091
147,"In this case, The workers often",dua_unemb,0.9,1,42,0.90517,0.60402,2.08318,2.03859,0.04415
147,"In this case, The workers often",dua_unemb,0.99,1,56,0.99004,0.63188,3.70552,3.62608,0.0668
147,"In this case, The workers often",euc_dmd,0.3,1,9,0.40382,0.24844,0.56216,0.56447,0.15741
147,"In this case, The workers often",euc_dmd,0.5,1,10,0.54372,0.24913,0.65226,0.65351,0.16196
147,"In this case, The workers often",euc_dmd,0.7,1,12,0.78684,0.28739,0.82946,0.82762,0.16859
147,"In this case, The workers often",euc_dmd,0.9,1,14,0.91954,0.36386,1.04119,1.03497,0.16803
147,"In this case, The workers often",euc_dmd,0.99,1,18,0.9909,0.53616,1.66974,1.65133,0.09001
147,"In this case, The workers often",cau_dmd,0.3,1,10,0.39419,0.25332,0.5683,0.57337,0.14925
147,"In this case, The workers often",cau_dmd,0.5,1,11,0.51437,0.2561,0.62841,0.63285,0.15049
147,"In this case, The workers often",cau_dmd,0.7,1,13,0.73589,0.2916,0.74368,0.74612,0.15663
147,"In this case, The workers often",cau_dmd,0.9,1,16,0.92113,0.40454,0.99088,0.98837,0.08827
147,"In this case, The workers often",cau_dmd,0.99,1,21,0.99187,0.60819,1.73389,1.71839,0.0868
147,"In this case, The workers often",dua_dmd,0.3,1,11,0.35166,0.5015,0.13735,0.1405,0.02202
147,"In this case, The workers often",dua_dmd,0.5,1,14,0.55862,0.5064,0.26095,0.26311,0.0274
147,"In this case, The workers often",dua_dmd,0.7,1,17,0.72344,0.51659,0.4258,0.42597,0.03188
147,"In this case, The workers often",dua_dmd,0.9,1,24,0.91397,0.54726,0.96225,0.95427,0.0372
147,"In this case, The workers often",dua_dmd,0.99,1,41,0.99037,0.6049,2.8287,2.78975,0.06896
68,"At home, Most doctors rarely",euc_ctx,0.3,1,26,0.31524,0.3226,0.49589,0.50141,0.07472
68,"At home, Most doctors rarely",euc_ctx,0.5,1,30,0.52904,0.31535,0.67705,0.68076,0.19655
68,"At home, Most doctors rarely",euc_ctx,0.7,1,34,0.73273,0.33148,0.88074,0.88143,0.18955
68,"At home, Most doctors rarely",euc_ctx,0.9,1,40,0.91267,0.38029,1.25786,1.25194,0.1634
68,"At home, Most doctors rarely",euc_ctx,0.99,1,51,0.99181,0.44907,2.19932,2.1771,0.1686
68,"At home, Most doctors rarely",cau_ctx,0.3,1,51,0.3185,0.10938,1.75007,1.74416,0.16528
68,"At home, Most doctors rarely",cau_ctx,0.5,1,58,0.51502,0.05338,2.66359,2.64868,0.17067
68,"At home, Most doctors rarely",cau_ctx,0.7,1,65,0.70882,0.02758,3.62717,3.60207,0.18646
68,"At home, Most doctors rarely",cau_ctx,0.9,1,76,0.90138,0.01198,5.12341,5.08138,0.21087
68,"At home, Most doctors rarely",cau_ctx,0.99,1,96,0.99082,0.00382,7.74801,7.6746,0.22756
68,"At home, Most doctors rarely",dua_ctx,0.3,1,73,0.30388,0.45868,0.68525,0.67096,0.01434
68,"At home, Most doctors rarely",dua_ctx,0.5,1,105,0.50033,0.42864,1.53337,1.49416,0.02429
68,"At home, Most doctors rarely",dua_ctx,0.7,1,138,0.70267,0.39153,2.71426,2.6448,0.03038
68,"At home, Most doctors rarely",dua_ctx,0.9,1,174,0.90073,0.35631,4.33268,4.23514,0.15154
68,"At home, Most doctors rarely",dua_ctx,0.99,1,207,0.9909,0.34379,6.24196,6.12485,0.16917
68,"At home, Most doctors rarely",euc_unemb,0.3,1,11,0.38029,0.35951,0.29413,0.30019,0.03369
68,"At home, Most doctors rarely",euc_unemb,0.5,1,12,0.51844,0.37006,0.37448,0.3796,0.04158
68,"At home, Most doctors rarely",euc_unemb,0.7,1,14,0.76873,0.41479,0.61899,0.62049,0.13956
68,"At home, Most doctors rarely",euc_unemb,0.9,1,16,0.9115,0.46699,0.99232,0.98796,0.19631
68,"At home, Most doctors rarely",euc_unemb,0.99,1,20,0.99007,0.52123,1.98892,1.96883,0.22073
68,"At home, Most doctors rarely",cau_unemb,0.3,1,12,0.36533,0.32115,0.36393,0.37182,0.04246
68,"At home, Most doctors rarely",cau_unemb,0.5,1,14,0.61129,0.34377,0.49571,0.50213,0.16947
68,"At home, Most doctors rarely",cau_unemb,0.7,1,15,0.72213,0.36767,0.58171,0.58682,0.16335
68,"At home, Most doctors rarely",cau_unemb,0.9,1,18,0.92132,0.46088,0.96387,0.96265,0.1881
68,"At home, Most doctors rarely",cau_unemb,0.99,1,23,0.99305,0.56057,1.94783,1.93084,0.20089
68,"At home, Most doctors rarely",dua_unemb,0.3,1,15,0.32898,0.49153,0.13449,0.13779,0.0092
68,"At home, Most doctors rarely",dua_unemb,0.5,1,19,0.51648,0.49992,0.24107,0.24183,0.00902
68,"At home, Most doctors rarely",dua_unemb,0.7,1,24,0.71302,0.51585,0.43824,0.43358,0.02143
68,"At home, Most doctors rarely",dua_unemb,0.9,1,33,0.91011,0.54484,1.01047,0.99089,0.17191
68,"At home, Most doctors rarely",dua_unemb,0.99,1,44,0.99249,0.57154,2.23932,2.1932,0.15753
68,"At home, Most doctors rarely",euc_dmd,0.3,1,11,0.41998,0.3194,0.41596,0.42228,0.0704
68,"At home, Most doctors rarely",euc_dmd,0.5,1,12,0.56421,0.33551,0.5017,0.50707,0.08773
68,"At home, Most doctors rarely",euc_dmd,0.7,1,14,0.80577,0.40412,0.73879,0.74073,0.22007
68,"At home, Most doctors rarely",euc_dmd,0.9,1,16,0.93013,0.49548,1.09292,1.08938,0.24398
68,"At home, Most doctors rarely",euc_dmd,0.99,1,20,0.99274,0.631,2.08543,2.06684,0.2551
68,"At home, Most doctors rarely",cau_dmd,0.3,1,12,0.33864,0.26971,0.47791,0.48648,0.08999
68,"At home, Most doctors rarely",cau_dmd,0.5,1,14,0.57733,0.28995,0.6015,0.60906,0.16712
68,"At home, Most doctors rarely",cau_dmd,0.7,1,16,0.78389,0.34825,0.76548,0.77076,0.22273
68,"At home, Most doctors rarely",cau_dmd,0.9,1,18,0.90546,0.4322,1.00578,1.00739,0.24817
68,"At home, Most doctors rarely",cau_dmd,0.99,1,23,0.9906,0.61873,1.96266,1.95027,0.2582
68,"At home, Most doctors rarely",dua_dmd,0.3,1,13,0.30861,0.47561,0.12256,0.12688,0.00921
68,"At home, Most doctors rarely",dua_dmd,0.5,1,17,0.50224,0.47778,0.20889,0.2124,0.00857
68,"At home, Most doctors rarely",dua_dmd,0.7,1,23,0.71105,0.48745,0.36432,0.36535,0.02051
68,"At home, Most doctors rarely",dua_dmd,0.9,1,33,0.90951,0.51063,0.76593,0.75945,0.05003
68,"At home, Most doctors rarely",dua_dmd,0.99,1,46,0.99089,0.54667,1.7222,1.69834,0.18896
54,"At work, Both of them often",euc_ctx,0.3,1,13,0.32201,0.38692,0.18148,0.18555,0.03217
54,"At work, Both of them often",euc_ctx,0.5,1,17,0.53991,0.38452,0.27869,0.28217,0.05421
54,"At work, Both of them often",euc_ctx,0.7,1,21,0.7438,0.419,0.37683,0.37866,0.05625
54,"At work, Both of them often",euc_ctx,0.9,1,26,0.90024,0.49935,0.52669,0.52498,0.058
54,"At work, Both of them often",euc_ctx,0.99,1,37,0.99099,0.67691,1.08885,1.07514,0.07123
54,"At work, Both of them often",cau_ctx,0.3,1,24,0.31292,0.40434,0.21333,0.21877,0.04498
54,"At work, Both of them often",cau_ctx,0.5,1,31,0.51897,0.39224,0.35772,0.36255,0.05778
54,"At work, Both of them often",cau_ctx,0.7,1,38,0.72062,0.39653,0.56141,0.56409,0.10914
54,"At work, Both of them often",cau_ctx,0.9,1,48,0.90093,0.39723,1.01771,1.01442,0.11269
54,"At work, Both of them often",cau_ctx,0.99,1,67,0.99043,0.29423,2.42824,2.40638,0.11759
54,"At work, Both of them often",dua_ctx,0.3,1,45,0.30186,0.50467,0.24977,0.24863,0.0097
54,"At work, Both of them often",dua_ctx,0.5,1,70,0.50858,0.47885,0.62847,0.61676,0.01767
54,"At work, Both of them often",dua_ctx,0.7,1,92,0.70038,0.45522,1.10555,1.08044,0.01994
54,"At work, Both of them often",dua_ctx,0.9,1,120,0.90208,0.44118,1.92396,1.87751,0.02991
54,"At work, Both of them often",dua_ctx,0.99,1,151,0.99042,0.45763,3.09771,3.02692,0.04097
54,"At work, Both of them often",euc_unemb,0.3,1,6,0.36821,0.39191,0.18821,0.19049,0.04153
54,"At work, Both of them often",euc_unemb,0.5,1,8,0.62788,0.40656,0.33526,0.3358,0.10663
54,"At work, Both of them often",euc_unemb,0.7,1,9,0.74222,0.43135,0.43327,0.43231,0.14442
54,"At work, Both of them often",euc_unemb,0.9,1,12,0.93529,0.53847,0.84748,0.8396,0.16437
54,"At work, Both of them often",euc_unemb,0.99,1,16,0.99216,0.64391,1.62842,1.60733,0.16917
54,"At work, Both of them often",cau_unemb,0.3,1,6,0.30106,0.40215,0.14119,0.14507,0.03506
54,"At work, Both of them often",cau_unemb,0.5,1,8,0.52616,0.40454,0.23824,0.24157,0.04037
54,"At work, Both of them often",cau_unemb,0.7,1,10,0.7413,0.44573,0.37424,0.37569,0.09511
54,"At work, Both of them often",cau_unemb,0.9,1,13,0.92243,0.54607,0.69186,0.68802,0.15264
54,"At work, Both of them often",cau_unemb,0.99,1,18,0.99222,0.66254,1.49624,1.47893,0.16099
54,"At work, Both of them often",dua_unemb,0.3,1,9,0.34199,0.53348,0.07551,0.07706,0.01193
54,"At work, Both of them often",dua_unemb,0.5,1,13,0.54874,0.54941,0.17783,0.17728,0.02574
54,"At work, Both of them often",dua_unemb,0.7,1,17,0.71483,0.56867,0.34138,0.33703,0.02745
54,"At work, Both of them often",dua_unemb,0.9,1,25,0.90233,0.60327,0.88678,0.87075,0.0469
54,"At work, Both of them often",dua_unemb,0.99,1,36,0.99142,0.63978,1.99941,1.96112,0.05345
54,"At work, Both of them often",euc_dmd,0.3,1,6,0.37492,0.37732,0.22762,0.22943,0.05967
54,"At work, Both of them often",euc_dmd,0.5,1,7,0.50702,0.37768,0.30205,0.30306,0.11308
54,"At work, Both of them often",euc_dmd,0.7,1,9,0.75276,0.41847,0.4915,0.48973,0.15419
54,"At work, Both of them often",euc_dmd,0.9,1,11,0.90075,0.49793,0.75763,0.7515,0.15508
54,"At work, Both of them often",euc_dmd,0.99,1,16,0.99298,0.68654,1.74364,1.72149,0.17174
54,"At work, Both of them often",cau_dmd,0.3,1,7,0.37712,0.38519,0.22522,0.22876,0.05922
54,"At work, Both of them often",cau_dmd,0.5,1,9,0.60078,0.40134,0.33782,0.34024,0.06257
54,"At work, Both of them often",cau_dmd,0.7,1,10,0.70351,0.42445,0.40929,0.41071,0.15011
54,"At work, Both of them often",cau_dmd,0.9,1,13,0.9029,0.53414,0.72528,0.72191,0.1611
54,"At work, Both of them often",cau_dmd,0.99,1,19,0.993,0.73215,1.77996,1.76094,0.17113
54,"At work, Both of them often",dua_dmd,0.3,1,8,0.33824,0.51985,0.0781,0.07973,0.02047
54,"At work, Both of them often",dua_dmd,0.5,1,11,0.50771,0.52631,0.1499,0.15086,0.02932
54,"At work, Both of them often",dua_dmd,0.7,1,16,0.70571,0.54318,0.32392,0.32268,0.10671
54,"At work, Both of them often",dua_dmd,0.9,1,30,0.90282,0.59164,1.23127,1.21763,0.11608
54,"At work, Both of them often",dua_dmd,0.99,1,49,0.99021,0.64508,3.07333,3.02919,0.12184
72,"Over time, Our customers now",euc_ctx,0.3,1,14,0.32583,0.59256,0.15985,0.16616,0.02698
72,"Over time, Our customers now",euc_ctx,0.5,1,18,0.54238,0.59091,0.27393,0.27963,0.03259
72,"Over time, Our customers now",euc_ctx,0.7,1,22,0.74442,0.61371,0.41691,0.42047,0.03704
72,"Over time, Our customers now",euc_ctx,0.9,1,28,0.91844,0.66879,0.68594,0.68393,0.04056
72,"Over time, Our customers now",euc_ctx,0.99,1,38,0.99082,0.73372,1.25677,1.24218,0.04022
72,"Over time, Our customers now",cau_ctx,0.3,1,28,0.319,0.57049,0.29296,0.3006,0.03204
72,"Over time, Our customers now",cau_ctx,0.5,1,35,0.50382,0.51146,0.51553,0.52206,0.04307
72,"Over time, Our customers now",cau_ctx,0.7,1,43,0.71115,0.42318,0.89978,0.90256,0.18343
72,"Over time, Our customers now",cau_ctx,0.9,1,55,0.90332,0.26459,1.77461,1.76692,0.19181
72,"Over time, Our customers now",cau_ctx,0.99,1,76,0.99008,0.07653,3.91701,3.88266,0.2443
72,"Over time, Our customers now",dua_ctx,0.3,1,71,0.30271,0.62266,0.73386,0.72498,0.02511
72,"Over time, Our customers now",dua_ctx,0.5,1,111,0.50395,0.57605,1.79694,1.76225,0.03635
72,"Over time, Our customers now",dua_ctx,0.7,1,151,0.70212,0.5408,3.35834,3.29021,0.0435
72,"Over time, Our customers now",dua_ctx,0.9,1,200,0.90011,0.52411,5.36178,5.25748,0.04511
72,"Over time, Our customers now",dua_ctx,0.99,1,231,0.99085,0.51789,6.57865,6.45802,0.04817
72,"Over time, Our customers now",euc_unemb,0.3,1,6,0.30931,0.59834,0.1079,0.11205,0.02134
72,"Over time, Our customers now",euc_unemb,0.5,1,8,0.55443,0.60357,0.22359,0.22644,0.04596
72,"Over time, Our customers now",euc_unemb,0.7,1,10,0.77638,0.62863,0.40235,0.40173,0.05784
72,"Over time, Our customers now",euc_unemb,0.9,1,12,0.90679,0.65248,0.64258,0.63662,0.06438
72,"Over time, Our customers now",euc_unemb,0.99,1,17,0.99238,0.65232,1.41552,1.39213,0.07166
72,"Over time, Our customers now",cau_unemb,0.3,1,7,0.38219,0.5576,0.14177,0.14712,0.02851
72,"Over time, Our customers now",cau_unemb,0.5,1,8,0.50002,0.55961,0.18481,0.18979,0.0297
72,"Over time, Our customers now",cau_unemb,0.7,1,10,0.72319,0.58651,0.29009,0.29304,0.04592
72,"Over time, Our customers now",cau_unemb,0.9,1,13,0.91678,0.64741,0.51513,0.51218,0.05319
72,"Over time, Our customers now",cau_unemb,0.99,1,18,0.99178,0.6915,1.06609,1.04914,0.05242
72,"Over time, Our customers now",dua_unemb,0.3,1,13,0.32242,0.66468,0.12737,0.12888,0.01253
72,"Over time, Our customers now",dua_unemb,0.5,1,20,0.50797,0.67958,0.34089,0.336,0.02188
72,"Over time, Our customers now",dua_unemb,0.7,1,33,0.70576,0.70436,1.08347,1.05646,0.0271
72,"Over time, Our customers now",dua_unemb,0.9,1,61,0.90087,0.71287,3.82264,3.72444,0.03296
72,"Over time, Our customers now",dua_unemb,0.99,1,79,0.99011,0.70144,5.55455,5.42855,0.04091
72,"Over time, Our customers now",euc_dmd,0.3,1,6,0.42004,0.58231,0.16116,0.16561,0.04518
72,"Over time, Our customers now",euc_dmd,0.5,1,7,0.5668,0.59406,0.22983,0.23343,0.05568
72,"Over time, Our customers now",euc_dmd,0.7,1,8,0.70286,0.61722,0.31694,0.319,0.06213
72,"Over time, Our customers now",euc_dmd,0.9,1,11,0.93339,0.70703,0.69431,0.68832,0.07379
72,"Over time, Our customers now",euc_dmd,0.99,1,15,0.99339,0.77234,1.36272,1.34182,0.07858
72,"Over time, Our customers now",cau_dmd,0.3,1,6,0.37797,0.53886,0.15233,0.15866,0.02937
72,"Over time, Our customers now",cau_dmd,0.5,1,7,0.51575,0.54359,0.20209,0.20813,0.05557
72,"Over time, Our customers now",cau_dmd,0.7,1,9,0.76592,0.59132,0.3415,0.3453,0.06489
72,"Over time, Our customers now",cau_dmd,0.9,1,11,0.90934,0.66253,0.55528,0.55483,0.06737
72,"Over time, Our customers now",cau_dmd,0.99,1,16,0.99382,0.77877,1.31751,1.30153,0.07048
72,"Over time, Our customers now",dua_dmd,0.3,1,9,0.32499,0.64379,0.09607,0.09982,0.01552
72,"Over time, Our customers now",dua_dmd,0.5,1,13,0.51954,0.64025,0.20559,0.20844,0.02116
72,"Over time, Our customers now",dua_dmd,0.7,1,18,0.71399,0.64721,0.39169,0.39138,0.02646
72,"Over time, Our customers now",dua_dmd,0.9,1,27,0.91186,0.67628,0.90016,0.8887,0.03607
72,"Over time, Our customers now",dua_dmd,0.99,1,37,0.99333,0.70983,1.78125,1.74971,0.04135
244,"Every day, Farmers generally",euc_ctx,0.3,1,15,0.31571,0.60342,0.14845,0.15531,0.03444
244,"Every day, Farmers generally",euc_ctx,0.5,1,19,0.53541,0.61268,0.29155,0.2975,0.05789
244,"Every day, Farmers generally",euc_ctx,0.7,1,23,0.74235,0.63086,0.50243,0.50558,0.06171
244,"Every day, Farmers generally",euc_ctx,0.9,1,28,0.90066,0.65567,0.84595,0.84342,0.06369
244,"Every day, Farmers generally",euc_ctx,0.99,1,39,0.99124,0.68753,1.76133,1.74251,0.0679
244,"Every day, Farmers generally",cau_ctx,0.3,1,29,0.3056,0.61233,0.28994,0.29757,0.05719
244,"Every day, Farmers generally",cau_ctx,0.5,1,36,0.50018,0.58028,0.53099,0.53723,0.09942
244,"Every day, Farmers generally",cau_ctx,0.7,1,44,0.72027,0.51851,0.95869,0.96068,0.1219
244,"Every day, Farmers generally",cau_ctx,0.9,1,55,0.90549,0.40166,1.7958,1.78786,0.13651
244,"Every day, Farmers generally",cau_ctx,0.99,1,75,0.99104,0.19433,3.80996,3.77694,0.14551
244,"Every day, Farmers generally",dua_ctx,0.3,1,61,0.30048,0.57446,0.66043,0.65581,0.04324
244,"Every day, Farmers generally",dua_ctx,0.5,1,92,0.50133,0.51454,1.66107,1.63524,0.05409
244,"Every day, Farmers generally",dua_ctx,0.7,1,120,0.70376,0.46122,3.01249,2.96048,0.05963
244,"Every day, Farmers generally",dua_ctx,0.9,1,154,0.90105,0.42268,5.07663,4.99136,0.05257
244,"Every day, Farmers generally",dua_ctx,0.99,1,185,0.99102,0.4118,6.99142,6.88432,0.06563
244,"Every day, Farmers generally",euc_unemb,0.3,1,7,0.41846,0.56475,0.17299,0.17789,0.02334
244,"Every day, Farmers generally",euc_unemb,0.5,1,8,0.55759,0.57677,0.26151,0.26541,0.05369
244,"Every day, Farmers generally",euc_unemb,0.7,1,10,0.79527,0.61129,0.53737,0.53717,0.12588
244,"Every day, Farmers generally",euc_unemb,0.9,1,12,0.92328,0.63905,0.92708,0.92048,0.14864
244,"Every day, Farmers generally",euc_unemb,0.99,1,16,0.99151,0.65286,1.86074,1.83816,0.16403
244,"Every day, Farmers generally",cau_unemb,0.3,1,7,0.34281,0.53595,0.14303,0.14933,0.02387
244,"Every day, Farmers generally",cau_unemb,0.5,1,9,0.58937,0.55715,0.27156,0.27675,0.03354
244,"Every day, Farmers generally",cau_unemb,0.7,1,10,0.70414,0.57657,0.36545,0.36928,0.05868
244,"Every day, Farmers generally",cau_unemb,0.9,1,13,0.91546,0.63657,0.77474,0.77166,0.13796
244,"Every day, Farmers generally",cau_unemb,0.99,1,18,0.99259,0.67383,1.70581,1.68632,0.15143
244,"Every day, Farmers generally",dua_unemb,0.3,1,9,0.30454,0.59828,0.09442,0.09859,0.01193
244,"Every day, Farmers generally",dua_unemb,0.5,1,13,0.52304,0.60471,0.21964,0.22216,0.01419
244,"Every day, Farmers generally",dua_unemb,0.7,1,17,0.71334,0.61555,0.41798,0.41651,0.01535
244,"Every day, Farmers generally",dua_unemb,0.9,1,24,0.90224,0.63618,0.98499,0.97122,0.05088
244,"Every day, Farmers generally",dua_unemb,0.99,1,36,0.99213,0.65852,2.45517,2.40943,0.06888
244,"Every day, Farmers generally",euc_dmd,0.3,1,6,0.30828,0.55095,0.13005,0.13577,0.02414
244,"Every day, Farmers generally",euc_dmd,0.5,1,8,0.58504,0.57586,0.28904,0.29337,0.05691
244,"Every day, Farmers generally",euc_dmd,0.7,1,9,0.71542,0.59939,0.41584,0.4184,0.06657
244,"Every day, Farmers generally",euc_dmd,0.9,1,12,0.9348,0.6694,0.98704,0.98067,0.08015
244,"Every day, Farmers generally",euc_dmd,0.99,1,16,0.99323,0.71165,1.97162,1.94914,0.13964
244,"Every day, Farmers generally",cau_dmd,0.3,1,7,0.32747,0.52382,0.1721,0.17921,0.02957
244,"Every day, Farmers generally",cau_dmd,0.5,1,9,0.56729,0.54591,0.29753,0.30383,0.05093
244,"Every day, Farmers generally",cau_dmd,0.7,1,11,0.77868,0.59313,0.51106,0.5145,0.06861
244,"Every day, Farmers generally",cau_dmd,0.9,1,13,0.9039,0.6428,0.82503,0.82379,0.07488
244,"Every day, Farmers generally",cau_dmd,0.99,1,18,0.9908,0.70998,1.86013,1.84298,0.08337
244,"Every day, Farmers generally",dua_dmd,0.3,1,8,0.35038,0.59076,0.11737,0.12261,0.01161
244,"Every day, Farmers generally",dua_dmd,0.5,1,11,0.5505,0.59214,0.23191,0.23728,0.02219
244,"Every day, Farmers generally",dua_dmd,0.7,1,14,0.70664,0.59712,0.37425,0.37893,0.02468
244,"Every day, Farmers generally",dua_dmd,0.9,1,22,0.90857,0.61568,0.88439,0.88415,0.04456
244,"Every day, Farmers generally",dua_dmd,0.99,1,35,0.99169,0.65456,2.1396,2.12082,0.0723
20,"Honestly, They rarely",euc_ctx,0.3,1,23,0.35143,0.31088,0.54016,0.54217,0.18418
20,"Honestly, They rarely",euc_ctx,0.5,1,26,0.52445,0.31143,0.62965,0.63017,0.18765
20,"Honestly, They rarely",euc_ctx,0.7,1,30,0.73923,0.34705,0.71935,0.717,0.19156
20,"Honestly, They rarely",euc_ctx,0.9,1,35,0.90163,0.43496,0.83151,0.82415,0.19718
20,"Honestly, They rarely",euc_ctx,0.99,1,46,0.99154,0.63902,1.32539,1.30226,0.12062
20,"Honestly, They rarely",cau_ctx,0.3,1,43,0.30166,0.24015,1.05552,1.0561,0.17382
20,"Honestly, They rarely",cau_ctx,0.5,1,50,0.50901,0.14582,1.73839,1.73212,0.17321
20,"Honestly, They rarely",cau_ctx,0.7,1,57,0.71462,0.08246,2.5967,2.58081,0.18647
20,"Honestly, They rarely",cau_ctx,0.9,1,68,0.9102,0.03575,4.06024,4.0265,0.19659
20,"Honestly, They rarely",cau_ctx,0.99,1,86,0.99033,0.0113,6.45504,6.39017,0.2076
20,"Honestly, They rarely",dua_ctx,0.3,1,57,0.3074,0.54919,0.41559,0.40587,0.10531
20,"Honestly, They rarely",dua_ctx,0.5,1,82,0.50541,0.52883,0.93936,0.90943,0.1103
20,"Honestly, They rarely",dua_ctx,0.7,1,112,0.70073,0.51166,1.77335,1.71098,0.1134
20,"Honestly, They rarely",dua_ctx,0.9,1,154,0.90003,0.48873,3.1886,3.08657,0.15856
20,"Honestly, They rarely",dua_ctx,0.99,1,192,0.99009,0.47419,4.48194,4.35867,0.17908
20,"Honestly, They rarely",euc_unemb,0.3,1,9,0.34263,0.36452,0.42251,0.42658,0.1929
20,"Honestly, They rarely",euc_unemb,0.5,1,11,0.64123,0.38556,0.62252,0.62392,0.17773
20,"Honestly, They rarely",euc_unemb,0.7,1,12,0.76824,0.41696,0.75079,0.74998,0.17251
20,"Honestly, They rarely",euc_unemb,0.9,1,14,0.91955,0.49637,1.0853,1.07839,0.18394
20,"Honestly, They rarely",euc_unemb,0.99,1,18,0.99274,0.59861,2.00655,1.98273,0.19428
20,"Honestly, They rarely",cau_unemb,0.3,1,10,0.3443,0.31456,0.48681,0.49249,0.20699
20,"Honestly, They rarely",cau_unemb,0.5,1,12,0.6089,0.32709,0.63025,0.63416,0.20762
20,"Honestly, They rarely",cau_unemb,0.7,1,13,0.728,0.3507,0.70953,0.71197,0.18803
20,"Honestly, They rarely",cau_unemb,0.9,1,16,0.93102,0.45491,1.04346,1.03903,0.18429
20,"Honestly, They rarely",cau_unemb,0.99,1,20,0.99133,0.54854,1.7471,1.72906,0.18917
20,"Honestly, They rarely",dua_unemb,0.3,1,14,0.31863,0.56739,0.12536,0.12798,0.13272
20,"Honestly, They rarely",dua_unemb,0.5,1,18,0.52615,0.57845,0.23957,0.239,0.13667
20,"Honestly, They rarely",dua_unemb,0.7,1,23,0.72792,0.60051,0.46892,0.46097,0.09835
20,"Honestly, They rarely",dua_unemb,0.9,1,32,0.90128,0.64004,1.18201,1.15388,0.11605
20,"Honestly, They rarely",dua_unemb,0.99,1,45,0.99266,0.6917,2.62667,2.56164,0.12147
20,"Honestly, They rarely",euc_dmd,0.3,1,9,0.39553,0.33728,0.53956,0.54273,0.20262
20,"Honestly, They rarely",euc_dmd,0.5,1,10,0.5521,0.34589,0.6321,0.63393,0.19075
20,"Honestly, They rarely",euc_dmd,0.7,1,12,0.81341,0.41343,0.85167,0.84928,0.18561
20,"Honestly, They rarely",euc_dmd,0.9,1,14,0.93876,0.517,1.16822,1.15953,0.1824
20,"Honestly, They rarely",euc_dmd,0.99,1,17,0.99008,0.64731,1.82152,1.80059,0.18677
20,"Honestly, They rarely",cau_dmd,0.3,1,10,0.34206,0.31352,0.60589,0.6115,0.21008
20,"Honestly, They rarely",cau_dmd,0.5,1,12,0.59743,0.32914,0.73009,0.73382,0.19925
20,"Honestly, They rarely",cau_dmd,0.7,1,13,0.71377,0.35411,0.8038,0.80603,0.20246
20,"Honestly, They rarely",cau_dmd,0.9,1,16,0.92055,0.46686,1.15466,1.15011,0.17036
20,"Honestly, They rarely",cau_dmd,0.99,1,21,0.99296,0.6025,2.14864,2.12701,0.17557
20,"Honestly, They rarely",dua_dmd,0.3,1,12,0.30718,0.55435,0.14151,0.14422,0.13804
20,"Honestly, They rarely",dua_dmd,0.5,1,16,0.51853,0.55504,0.25677,0.25815,0.15901
20,"Honestly, They rarely",dua_dmd,0.7,1,21,0.7372,0.56326,0.46205,0.46028,0.16613
20,"Honestly, They rarely",dua_dmd,0.9,1,27,0.90385,0.57955,0.86322,0.85536,0.1427
20,"Honestly, They rarely",dua_dmd,0.99,1,37,0.99193,0.6221,1.87127,1.84648,0.18364
126,"Today, Many people generally",euc_ctx,0.3,1,18,0.30957,0.61433,0.21207,0.22003,0.14367
126,"Today, Many people generally",euc_ctx,0.5,1,22,0.53587,0.61733,0.35342,0.36024,0.14787
126,"Today, Many people generally",euc_ctx,0.7,1,25,0.70131,0.63388,0.4869,0.49166,0.16026
126,"Today, Many people generally",euc_ctx,0.9,1,31,0.90673,0.68573,0.81948,0.81756,0.17182
126,"Today, Many people generally",euc_ctx,0.99,1,41,0.99049,0.75445,1.51628,1.49935,0.17722
126,"Today, Many people generally",cau_ctx,0.3,1,35,0.31972,0.61381,0.43211,0.44097,0.08771
126,"Today, Many people generally",cau_ctx,0.5,1,42,0.52597,0.54425,0.73468,0.74117,0.09493
126,"Today, Many people generally",cau_ctx,0.7,1,49,0.72436,0.45044,1.17979,1.18132,0.09913
126,"Today, Many people generally",cau_ctx,0.9,1,59,0.9009,0.3063,2.04574,2.03635,0.11447
126,"Today, Many people generally",cau_ctx,0.99,1,78,0.99019,0.11929,4.12734,4.09076,0.14186
126,"Today, Many people generally",dua_ctx,0.3,1,63,0.3044,0.64349,0.4975,0.49152,0.13216
126,"Today, Many people generally",dua_ctx,0.5,1,98,0.50469,0.60989,1.24984,1.21854,0.13435
126,"Today, Many people generally",dua_ctx,0.7,1,133,0.70515,0.56255,2.28959,2.22604,0.17077
126,"Today, Many people generally",dua_ctx,0.9,1,171,0.90426,0.52173,3.77319,3.67769,0.16313
126,"Today, Many people generally",dua_ctx,0.99,1,204,0.99062,0.51528,5.20351,5.08557,0.16938
126,"Today, Many people generally",euc_unemb,0.3,1,8,0.36964,0.57146,0.20107,0.20641,0.12783
126,"Today, Many people generally",euc_unemb,0.5,1,9,0.5082,0.57228,0.28127,0.28552,0.15453
126,"Today, Many people generally",euc_unemb,0.7,1,11,0.76239,0.58831,0.51872,0.51869,0.16416
126,"Today, Many people generally",euc_unemb,0.9,1,13,0.90868,0.60755,0.84991,0.8433,0.17872
126,"Today, Many people generally",euc_unemb,0.99,1,18,0.99403,0.62192,1.85921,1.83187,0.16391
126,"Today, Many people generally",cau_unemb,0.3,1,9,0.40661,0.54798,0.23313,0.23995,0.09724
126,"Today, Many people generally",cau_unemb,0.5,1,10,0.53396,0.55161,0.30014,0.30608,0.13564
126,"Today, Many people generally",cau_unemb,0.7,1,12,0.76126,0.57474,0.48313,0.48568,0.14377
126,"Today, Many people generally",cau_unemb,0.9,1,15,0.93592,0.61426,0.88205,0.87625,0.13571
126,"Today, Many people generally",cau_unemb,0.99,1,19,0.99081,0.63517,1.54444,1.52471,0.13971
126,"Today, Many people generally",dua_unemb,0.3,1,13,0.31926,0.64902,0.12074,0.12278,0.1119
126,"Today, Many people generally",dua_unemb,0.5,1,18,0.50682,0.6576,0.25487,0.25239,0.12594
126,"Today, Many people generally",dua_unemb,0.7,1,26,0.71519,0.67246,0.59435,0.57947,0.1302
126,"Today, Many people generally",dua_unemb,0.9,1,38,0.90363,0.68504,1.33909,1.29807,0.14045
126,"Today, Many people generally",dua_unemb,0.99,1,50,0.99165,0.69366,2.51931,2.44354,0.16781
126,"Today, Many people generally",euc_dmd,0.3,1,8,0.426,0.55319,0.29019,0.29705,0.14001
126,"Today, Many people generally",euc_dmd,0.5,1,9,0.57395,0.5565,0.39715,0.40276,0.14922
126,"Today, Many people generally",euc_dmd,0.7,1,10,0.70963,0.56732,0.53213,0.53573,0.18724
126,"Today, Many people generally",euc_dmd,0.9,1,13,0.93548,0.61285,1.08839,1.08243,0.20365
126,"Today, Many people generally",euc_dmd,0.99,1,17,0.99346,0.64627,2.00781,1.98524,0.21212
126,"Today, Many people generally",cau_dmd,0.3,1,8,0.316,0.52997,0.28319,0.29282,0.13091
126,"Today, Many people generally",cau_dmd,0.5,1,10,0.57031,0.53005,0.4584,0.46684,0.15386
126,"Today, Many people generally",cau_dmd,0.7,1,12,0.79071,0.5578,0.71398,0.71898,0.19666
126,"Today, Many people generally",cau_dmd,0.9,1,14,0.91412,0.59345,1.05264,1.05238,0.20276
126,"Today, Many people generally",cau_dmd,0.99,1,19,0.99265,0.6484,2.09977,2.08251,0.21217
126,"Today, Many people generally",dua_dmd,0.3,1,10,0.3386,0.63436,0.14675,0.15191,0.11973
126,"Today, Many people generally",dua_dmd,0.5,1,13,0.51464,0.63258,0.26038,0.26504,0.12373
126,"Today, Many people generally",dua_dmd,0.7,1,17,0.70655,0.63493,0.45559,0.45815,0.13215
126,"Today, Many people generally",dua_dmd,0.9,1,24,0.90777,0.64649,0.9145,0.90987,0.15828
126,"Today, Many people generally",dua_dmd,0.99,1,33,0.99208,0.67126,1.84768,1.82639,0.18068
265,"Every day, Farmers just",euc_ctx,0.3,1,21,0.30645,0.6468,0.35543,0.36341,0.00889
265,"Every day, Farmers just",euc_ctx,0.5,1,25,0.52554,0.61867,0.63141,0.63815,0.00972
265,"Every day, Farmers just",euc_ctx,0.7,1,29,0.73563,0.62554,1.03208,1.03611,0.00918
265,"Every day, Farmers just",euc_ctx,0.9,1,35,0.91753,0.67325,1.80927,1.80697,0.5962
265,"Every day, Farmers just",euc_ctx,0.99,1,45,0.99125,0.73856,3.06485,3.04868,0.72498
265,"Every day, Farmers just",cau_ctx,0.3,1,31,0.30311,0.50378,0.87589,0.89011,0.00978
265,"Every day, Farmers just",cau_ctx,0.5,1,37,0.50408,0.43267,1.38577,1.39886,0.53041
265,"Every day, Farmers just",cau_ctx,0.7,1,44,0.72492,0.36678,2.1528,2.16238,0.60046
265,"Every day, Farmers just",cau_ctx,0.9,1,54,0.90597,0.26796,3.43709,3.43782,0.69172
265,"Every day, Farmers just",cau_ctx,0.99,1,74,0.99107,0.09135,5.56223,5.53651,0.72024
265,"Every day, Farmers just",dua_ctx,0.3,1,155,0.30008,0.82618,1.39558,1.28302,0.01117
265,"Every day, Farmers just",dua_ctx,0.5,1,311,0.50111,0.71375,2.66222,2.52015,0.04281
265,"Every day, Farmers just",dua_ctx,0.7,1,431,0.70156,0.61986,3.57864,3.43449,0.04657
265,"Every day, Farmers just",dua_ctx,0.9,1,527,0.90044,0.54445,4.34225,4.1971,0.04807
265,"Every day, Farmers just",dua_ctx,0.99,1,574,0.99046,0.51456,4.68514,4.53959,0.04829
265,"Every day, Farmers just",euc_unemb,0.3,1,11,0.34453,0.80684,0.26076,0.25867,0.01096
265,"Every day, Farmers just",euc_unemb,0.5,1,13,0.56827,0.77942,0.57837,0.57237,0.01219
265,"Every day, Farmers just",euc_unemb,0.7,1,15,0.76826,0.7577,1.08574,1.07385,0.01269
265,"Every day, Farmers just",euc_unemb,0.9,1,18,0.93055,0.73456,2.10116,2.07785,0.6451
265,"Every day, Farmers just",euc_unemb,0.99,1,23,0.99298,0.70224,4.05619,4.01107,0.73089
265,"Every day, Farmers just",cau_unemb,0.3,1,12,0.31038,0.80508,0.21267,0.21291,0.01068
265,"Every day, Farmers just",cau_unemb,0.5,1,14,0.50062,0.78461,0.43832,0.4359,0.01026
265,"Every day, Farmers just",cau_unemb,0.7,1,17,0.7699,0.76261,1.045,1.0358,0.01064
265,"Every day, Farmers just",cau_unemb,0.9,1,20,0.91826,0.74699,1.89601,1.87751,0.59569
265,"Every day, Farmers just",cau_unemb,0.99,1,26,0.99232,0.7134,3.84169,3.80159,0.7113
265,"Every day, Farmers just",dua_unemb,0.3,1,54,0.30072,0.91125,1.38921,1.27142,0.01399
265,"Every day, Farmers just",dua_unemb,0.5,1,170,0.50008,0.7657,2.88775,2.74189,0.03829
265,"Every day, Farmers just",dua_unemb,0.7,1,253,0.70093,0.65832,3.65034,3.5035,0.04593
265,"Every day, Farmers just",dua_unemb,0.9,1,317,0.90008,0.58133,4.4367,4.28933,0.04804
265,"Every day, Farmers just",dua_unemb,0.99,1,347,0.99049,0.54893,4.86447,4.71688,0.04857
265,"Every day, Farmers just",euc_dmd,0.3,1,11,0.35536,0.75621,0.33395,0.33343,0.02953
265,"Every day, Farmers just",euc_dmd,0.5,1,13,0.58984,0.73285,0.68492,0.68051,0.03014
265,"Every day, Farmers just",euc_dmd,0.7,1,14,0.70007,0.72753,0.9364,0.92926,0.03365
265,"Every day, Farmers just",euc_dmd,0.9,1,17,0.91035,0.72797,1.93326,1.91546,0.63713
265,"Every day, Farmers just",euc_dmd,0.99,1,22,0.99196,0.73468,3.97994,3.94052,0.7403
265,"Every day, Farmers just",cau_dmd,0.3,1,12,0.31703,0.73884,0.30462,0.30875,0.02468
265,"Every day, Farmers just",cau_dmd,0.5,1,14,0.51947,0.72089,0.562,0.56391,0.02949
265,"Every day, Farmers just",cau_dmd,0.7,1,16,0.71798,0.72023,0.97182,0.96993,0.03708
265,"Every day, Farmers just",cau_dmd,0.9,1,19,0.9036,0.73795,1.83013,1.82008,0.63792
265,"Every day, Farmers just",cau_dmd,0.99,1,25,0.9926,0.76752,3.95611,3.92547,0.74669
265,"Every day, Farmers just",dua_dmd,0.3,1,43,0.30079,0.92788,1.03837,0.95647,0.01215
265,"Every day, Farmers just",dua_dmd,0.5,1,152,0.5017,0.8294,3.01258,2.86623,0.04786
265,"Every day, Farmers just",dua_dmd,0.7,1,238,0.70221,0.759,4.2683,4.12083,0.04966
265,"Every day, Farmers just",dua_dmd,0.9,1,312,0.90183,0.70249,5.48761,5.33949,0.04973
265,"Every day, Farmers just",dua_dmd,0.99,1,347,0.99043,0.67698,6.21687,6.06856,0.60394
31,"Every day, Parents usually",euc_ctx,0.3,1,11,0.32558,0.69113,0.10238,0.10758,0.0272
31,"Every day, Parents usually",euc_ctx,0.5,1,15,0.56027,0.70403,0.23841,0.2426,0.04327
31,"Every day, Parents usually",euc_ctx,0.7,1,18,0.72502,0.71555,0.38985,0.3918,0.04791
31,"Every day, Parents usually",euc_ctx,0.9,1,24,0.91851,0.73471,0.78816,0.78279,0.15135
31,"Every day, Parents usually",euc_ctx,0.99,1,33,0.99001,0.74805,1.49315,1.47368,0.15352
31,"Every day, Parents usually",cau_ctx,0.3,1,22,0.31199,0.71885,0.18934,0.19512,0.13583
31,"Every day, Parents usually",cau_ctx,0.5,1,29,0.50917,0.71032,0.37818,0.38299,0.14787
31,"Every day, Parents usually",cau_ctx,0.7,1,36,0.70375,0.68827,0.65363,0.65551,0.15539
31,"Every day, Parents usually",cau_ctx,0.9,1,48,0.90832,0.62597,1.29642,1.28957,0.14184
31,"Every day, Parents usually",cau_ctx,0.99,1,67,0.99003,0.46839,2.65116,2.62489,0.19066
31,"Every day, Parents usually",dua_ctx,0.3,1,58,0.30459,0.65639,0.62752,0.6187,0.02923
31,"Every day, Parents usually",dua_ctx,0.5,1,92,0.5036,0.60003,1.78821,1.75154,0.03658
31,"Every day, Parents usually",dua_ctx,0.7,1,123,0.70582,0.54291,3.20832,3.1403,0.03979
31,"Every day, Parents usually",dua_ctx,0.9,1,156,0.90336,0.4952,4.87524,4.77935,0.04392
31,"Every day, Parents usually",dua_ctx,0.99,1,184,0.99004,0.47677,6.18021,6.06802,0.05363
31,"Every day, Parents usually",euc_unemb,0.3,1,5,0.40039,0.65705,0.10106,0.10498,0.03122
31,"Every day, Parents usually",euc_unemb,0.5,1,6,0.54969,0.67075,0.17221,0.17524,0.039
31,"Every day, Parents usually",euc_unemb,0.7,1,8,0.80354,0.70734,0.4144,0.41316,0.1648
31,"Every day, Parents usually",euc_unemb,0.9,1,10,0.93217,0.73328,0.76986,0.76181,0.14065
31,"Every day, Parents usually",euc_unemb,0.99,1,14,0.99363,0.74164,1.6146,1.58981,0.16821
31,"Every day, Parents usually",cau_unemb,0.3,1,5,0.34781,0.63236,0.0799,0.08522,0.02199
31,"Every day, Parents usually",cau_unemb,0.5,1,7,0.61755,0.65692,0.19349,0.19773,0.03941
31,"Every day, Parents usually",cau_unemb,0.7,1,8,0.73739,0.67691,0.2835,0.2862,0.14307
31,"Every day, Parents usually",cau_unemb,0.9,1,11,0.93638,0.7282,0.68174,0.67668,0.13941
31,"Every day, Parents usually",cau_unemb,0.99,1,15,0.99251,0.74702,1.36753,1.34868,0.15012
31,"Every day, Parents usually",dua_unemb,0.3,1,8,0.33868,0.67551,0.07703,0.07924,0.01364
31,"Every day, Parents usually",dua_unemb,0.5,1,12,0.52953,0.68571,0.18009,0.17948,0.01835
31,"Every day, Parents usually",dua_unemb,0.7,1,17,0.72309,0.70002,0.38854,0.38119,0.03193
31,"Every day, Parents usually",dua_unemb,0.9,1,25,0.90218,0.72073,0.96451,0.93993,0.04249
31,"Every day, Parents usually",dua_unemb,0.99,1,40,0.99234,0.74314,2.73362,2.66362,0.14762
31,"Every day, Parents usually",euc_dmd,0.3,1,5,0.41706,0.65052,0.11733,0.12214,0.03255
31,"Every day, Parents usually",euc_dmd,0.5,1,6,0.57106,0.66601,0.19537,0.19933,0.04149
31,"Every day, Parents usually",euc_dmd,0.7,1,7,0.71281,0.68703,0.30654,0.30877,0.04768
31,"Every day, Parents usually",euc_dmd,0.9,1,10,0.94189,0.74132,0.82668,0.81946,0.08028
31,"Every day, Parents usually",euc_dmd,0.99,1,13,0.99069,0.76066,1.49749,1.47775,0.09309
31,"Every day, Parents usually",cau_dmd,0.3,1,5,0.33955,0.61995,0.10068,0.10723,0.02628
31,"Every day, Parents usually",cau_dmd,0.5,1,7,0.60631,0.64481,0.2173,0.22326,0.04372
31,"Every day, Parents usually",cau_dmd,0.7,1,8,0.72707,0.66746,0.30789,0.31256,0.04658
31,"Every day, Parents usually",cau_dmd,0.9,1,11,0.932,0.73416,0.73088,0.7284,0.08389
31,"Every day, Parents usually",cau_dmd,0.99,1,15,0.99166,0.77634,1.5089,1.49302,0.09931
31,"Every day, Parents usually",dua_dmd,0.3,1,6,0.33815,0.66767,0.073,0.07727,0.01955
31,"Every day, Parents usually",dua_dmd,0.5,1,9,0.55158,0.67328,0.16627,0.1708,0.02591
31,"Every day, Parents usually",dua_dmd,0.7,1,12,0.72749,0.68209,0.29107,0.29475,0.03832
31,"Every day, Parents usually",dua_dmd,0.9,1,18,0.9188,0.70193,0.63365,0.63295,0.05
31,"Every day, Parents usually",dua_dmd,0.99,1,26,0.99046,0.7272,1.31696,1.30412,0.05585
194,"In this case, Our customers usually",euc_ctx,0.3,1,16,0.34351,0.56526,0.1601,0.16519,0.04651
194,"In this case, Our customers usually",euc_ctx,0.5,1,20,0.54185,0.56888,0.24766,0.25189,0.0508
194,"In this case, Our customers usually",euc_ctx,0.7,1,24,0.72778,0.59645,0.35186,0.35403,0.05446
194,"In this case, Our customers usually",euc_ctx,0.9,1,30,0.90085,0.66088,0.55174,0.54882,0.06164
194,"In this case, Our customers usually",euc_ctx,0.99,1,42,0.99054,0.75756,1.12023,1.10299,0.07753
194,"In this case, Our customers usually",cau_ctx,0.3,1,31,0.31202,0.60279,0.26951,0.27582,0.14956
194,"In this case, Our customers usually",cau_ctx,0.5,1,40,0.52228,0.55942,0.48801,0.49273,0.17605
194,"In this case, Our customers usually",cau_ctx,0.7,1,48,0.70338,0.49992,0.78417,0.78535,0.14084
194,"In this case, Our customers usually",cau_ctx,0.9,1,62,0.9007,0.34162,1.59905,1.58931,0.13567
194,"In this case, Our customers usually",cau_ctx,0.99,1,88,0.99086,0.0954,3.88343,3.84327,0.13844
194,"In this case, Our customers usually",dua_ctx,0.3,1,71,0.30168,0.63875,0.6502,0.64142,0.01329
194,"In this case, Our customers usually",dua_ctx,0.5,1,111,0.50434,0.59759,1.70695,1.67317,0.01807
194,"In this case, Our customers usually",dua_ctx,0.7,1,149,0.70222,0.55419,2.97669,2.91339,0.02372
194,"In this case, Our customers usually",dua_ctx,0.9,1,189,0.90285,0.51119,4.48941,4.39861,0.03307
194,"In this case, Our customers usually",dua_ctx,0.99,1,217,0.99032,0.49583,5.56506,5.45775,0.03591
194,"In this case, Our customers usually",euc_unemb,0.3,1,7,0.37792,0.56764,0.13359,0.13673,0.1157
194,"In this case, Our customers usually",euc_unemb,0.5,1,9,0.61933,0.59311,0.22995,0.23123,0.15299
194,"In this case, Our customers usually",euc_unemb,0.7,1,10,0.72728,0.61853,0.29547,0.29514,0.154
194,"In this case, Our customers usually",euc_unemb,0.9,1,13,0.92193,0.70754,0.58038,0.57274,0.16358
194,"In this case, Our customers usually",euc_unemb,0.99,1,18,0.99306,0.78564,1.2826,1.25808,0.19069
194,"In this case, Our customers usually",cau_unemb,0.3,1,7,0.32141,0.54025,0.11215,0.11663,0.12715
194,"In this case, Our customers usually",cau_unemb,0.5,1,9,0.53843,0.55055,0.17095,0.17464,0.11459
194,"In this case, Our customers usually",cau_unemb,0.7,1,11,0.7416,0.59442,0.24729,0.24878,0.1189
194,"In this case, Our customers usually",cau_unemb,0.9,1,14,0.91698,0.68439,0.43179,0.42751,0.15491
194,"In this case, Our customers usually",cau_unemb,0.99,1,19,0.99041,0.77712,0.93415,0.91626,0.16282
194,"In this case, Our customers usually",dua_unemb,0.3,1,12,0.32789,0.66409,0.07733,0.07827,0.10372
194,"In this case, Our customers usually",dua_unemb,0.5,1,18,0.52221,0.67942,0.19786,0.19412,0.13864
194,"In this case, Our customers usually",dua_unemb,0.7,1,26,0.70847,0.70301,0.46369,0.44964,0.13842
194,"In this case, Our customers usually",dua_unemb,0.9,1,44,0.90492,0.74978,1.55175,1.50278,0.1432
194,"In this case, Our customers usually",dua_unemb,0.99,1,66,0.99095,0.78548,3.49361,3.39509,0.15698
194,"In this case, Our customers usually",euc_dmd,0.3,1,6,0.32063,0.51585,0.16069,0.16502,0.04883
194,"In this case, Our customers usually",euc_dmd,0.5,1,8,0.57896,0.52241,0.28211,0.28519,0.06367
194,"In this case, Our customers usually",euc_dmd,0.7,1,9,0.70163,0.54467,0.35823,0.35996,0.07734
194,"In this case, Our customers usually",euc_dmd,0.9,1,12,0.92191,0.64924,0.67159,0.66657,0.08522
194,"In this case, Our customers usually",euc_dmd,0.99,1,16,0.99022,0.75681,1.27228,1.25422,0.10939
194,"In this case, Our customers usually",cau_dmd,0.3,1,7,0.36468,0.47451,0.20903,0.21484,0.05682
194,"In this case, Our customers usually",cau_dmd,0.5,1,9,0.59971,0.48226,0.31328,0.31821,0.08004
194,"In this case, Our customers usually",cau_dmd,0.7,1,10,0.70748,0.50201,0.37525,0.37916,0.08585
194,"In this case, Our customers usually",cau_dmd,0.9,1,13,0.91003,0.59419,0.6321,0.63086,0.08922
194,"In this case, Our customers usually",cau_dmd,0.99,1,18,0.99068,0.71124,1.30526,1.29057,0.1026
194,"In this case, Our customers usually",dua_dmd,0.3,1,9,0.34983,0.63871,0.08301,0.08568,0.00617
194,"In this case, Our customers usually",dua_dmd,0.5,1,12,0.51774,0.63681,0.15692,0.15869,0.00851
194,"In this case, Our customers usually",dua_dmd,0.7,1,16,0.70811,0.63942,0.28583,0.28512,0.04668
194,"In this case, Our customers usually",dua_dmd,0.9,1,23,0.90526,0.65531,0.57587,0.56801,0.05254
194,"In this case, Our customers usually",dua_dmd,0.99,1,34,0.99141,0.69833,1.18119,1.15695,0.06453
193,"Lately, They often",euc_ctx,0.3,1,25,0.31888,0.42177,0.43938,0.44654,0.03901
193,"Lately, They often",euc_ctx,0.5,1,29,0.52414,0.4155,0.55249,0.55837,0.09637
193,"Lately, They often",euc_ctx,0.7,1,33,0.72177,0.44337,0.64599,0.64959,0.12721
193,"Lately, They often",euc_ctx,0.9,1,39,0.90377,0.53031,0.78571,0.78408,0.14979
193,"Lately, They often",euc_ctx,0.99,1,50,0.99007,0.69058,1.20284,1.18758,0.15856
193,"Lately, They often",cau_ctx,0.3,1,49,0.31995,0.28575,1.07542,1.07912,0.12625
193,"Lately, They often",cau_ctx,0.5,1,56,0.5083,0.18831,1.64536,1.64357,0.13451
193,"Lately, They often",cau_ctx,0.7,1,64,0.71942,0.11239,2.43216,2.42169,0.14096
193,"Lately, They often",cau_ctx,0.9,1,75,0.90063,0.05874,3.58975,3.56504,0.14543
193,"Lately, They often",cau_ctx,0.99,1,96,0.99049,0.02089,5.7832,5.72904,0.14929
193,"Lately, They often",dua_ctx,0.3,1,71,0.30347,0.61542,0.53006,0.52149,0.02677
193,"Lately, They often",dua_ctx,0.5,1,102,0.50154,0.5749,1.16802,1.13812,0.02994
193,"Lately, They often",dua_ctx,0.7,1,134,0.70245,0.53414,2.05419,1.99629,0.04476
193,"Lately, They often",dua_ctx,0.9,1,169,0.90023,0.49659,3.20906,3.12208,0.05684
193,"Lately, They often",dua_ctx,0.99,1,200,0.99055,0.48443,4.31877,4.2117,0.06552
193,"Lately, They often",euc_unemb,0.3,1,11,0.39221,0.45887,0.37433,0.3804,0.11414
193,"Lately, They often",euc_unemb,0.5,1,12,0.52005,0.46503,0.44277,0.44791,0.11861
193,"Lately, They often",euc_unemb,0.7,1,14,0.75371,0.51009,0.61111,0.61308,0.1634
193,"Lately, They often",euc_unemb,0.9,1,17,0.93579,0.61135,0.96613,0.96024,0.1684
193,"Lately, They often",euc_unemb,0.99,1,21,0.99154,0.69659,1.58995,1.56996,0.16526
193,"Lately, They often",cau_unemb,0.3,1,12,0.3832,0.43073,0.37104,0.38029,0.10962
193,"Lately, They often",cau_unemb,0.5,1,14,0.61282,0.45051,0.46792,0.47592,0.11134
193,"Lately, They often",cau_unemb,0.7,1,15,0.71637,0.47464,0.52318,0.53005,0.14254
193,"Lately, They often",cau_unemb,0.9,1,18,0.91108,0.57545,0.7471,0.74858,0.14901
193,"Lately, They often",cau_unemb,0.99,1,23,0.99054,0.69865,1.32752,1.31536,0.15529
193,"Lately, They often",dua_unemb,0.3,1,15,0.32304,0.65102,0.10414,0.10751,0.01391
193,"Lately, They often",dua_unemb,0.5,1,19,0.51382,0.66178,0.19615,0.19723,0.01687
193,"Lately, They often",dua_unemb,0.7,1,24,0.7146,0.68083,0.37891,0.37475,0.019
193,"Lately, They often",dua_unemb,0.9,1,33,0.90702,0.71701,0.9335,0.91384,0.10101
193,"Lately, They often",dua_unemb,0.99,1,47,0.99164,0.75899,2.2079,2.15382,0.11162
193,"Lately, They often",euc_dmd,0.3,1,10,0.32759,0.42694,0.43513,0.44165,0.06558
193,"Lately, They often",euc_dmd,0.5,1,12,0.59068,0.43505,0.61019,0.61478,0.13997
193,"Lately, They often",euc_dmd,0.7,1,13,0.71301,0.45927,0.70984,0.71281,0.14322
193,"Lately, They often",euc_dmd,0.9,1,16,0.92686,0.57769,1.0881,1.08378,0.1482
193,"Lately, They often",euc_dmd,0.99,1,20,0.99105,0.71301,1.76957,1.75154,0.16659
193,"Lately, They often",cau_dmd,0.3,1,12,0.39115,0.40634,0.52787,0.53734,0.12897
193,"Lately, They often",cau_dmd,0.5,1,13,0.50619,0.41071,0.59452,0.60345,0.13954
193,"Lately, They often",cau_dmd,0.7,1,15,0.72236,0.44964,0.7483,0.75517,0.09352
193,"Lately, They often",cau_dmd,0.9,1,18,0.9125,0.5537,1.07219,1.07356,0.09324
193,"Lately, They often",cau_dmd,0.99,1,23,0.99036,0.69276,1.85866,1.84627,0.0934
193,"Lately, They often",dua_dmd,0.3,1,13,0.33564,0.63156,0.13621,0.14076,0.01717
193,"Lately, They often",dua_dmd,0.5,1,16,0.50737,0.63238,0.22798,0.23215,0.02873
193,"Lately, They often",dua_dmd,0.7,1,21,0.72232,0.64123,0.42763,0.43005,0.03228
193,"Lately, They often",dua_dmd,0.9,1,30,0.9076,0.66573,0.9451,0.94093,0.05468
193,"Lately, They often",dua_dmd,0.99,1,43,0.99128,0.70929,2.02916,2.00559,0.06849
187,"Lately, Students still",euc_ctx,0.3,1,16,0.32678,0.43504,0.23417,0.24044,0.04708
187,"Lately, Students still",euc_ctx,0.5,1,20,0.55327,0.44033,0.35365,0.35916,0.06218
187,"Lately, Students still",euc_ctx,0.7,1,23,0.71442,0.46695,0.45571,0.45976,0.06801
187,"Lately, Students still",euc_ctx,0.9,1,29,0.91088,0.55308,0.72405,0.72302,0.0518
187,"Lately, Students still",euc_ctx,0.99,1,39,0.99075,0.66839,1.40196,1.38825,0.07132
187,"Lately, Students still",cau_ctx,0.3,1,31,0.32279,0.45362,0.4138,0.42305,0.04342
187,"Lately, Students still",cau_ctx,0.5,1,38,0.52949,0.43023,0.65336,0.6618,0.05313
187,"Lately, Students still",cau_ctx,0.7,1,44,0.70367,0.42046,0.91755,0.92397,0.06476
187,"Lately, Students still",cau_ctx,0.9,1,55,0.90606,0.39717,1.5871,1.58654,0.20868
187,"Lately, Students still",cau_ctx,0.99,1,73,0.99078,0.27718,3.24481,3.22531,0.28081
187,"Lately, Students still",dua_ctx,0.3,1,68,0.30032,0.55194,0.71888,0.70926,0.0272
187,"Lately, Students still",dua_ctx,0.5,1,107,0.50477,0.5342,2.03643,1.9969,0.04895
187,"Lately, Students still",dua_ctx,0.7,1,149,0.70428,0.51702,3.90503,3.82728,0.06076
187,"Lately, Students still",dua_ctx,0.9,1,196,0.90023,0.50159,6.09609,5.98553,0.0756
187,"Lately, Students still",dua_ctx,0.99,1,226,0.99142,0.49837,7.29954,7.17446,0.07907
187,"Lately, Students still",euc_unemb,0.3,1,8,0.4104,0.41542,0.23219,0.2355,0.05367
187,"Lately, Students still",euc_unemb,0.5,1,9,0.53866,0.42155,0.29047,0.29291,0.05735
187,"Lately, Students still",euc_unemb,0.7,1,11,0.76737,0.46018,0.44545,0.44477,0.06663
187,"Lately, Students still",euc_unemb,0.9,1,13,0.90362,0.5133,0.67723,0.67167,0.07152
187,"Lately, Students still",euc_unemb,0.99,1,18,0.99244,0.58238,1.5724,1.54962,0.07974
187,"Lately, Students still",cau_unemb,0.3,1,8,0.37272,0.37603,0.24106,0.24605,0.04719
187,"Lately, Students still",cau_unemb,0.5,1,10,0.61281,0.38684,0.33153,0.33532,0.05727
187,"Lately, Students still",cau_unemb,0.7,1,11,0.72075,0.40659,0.38026,0.38294,0.06066
187,"Lately, Students still",cau_unemb,0.9,1,14,0.91774,0.49646,0.59059,0.58795,0.07008
187,"Lately, Students still",cau_unemb,0.99,1,19,0.99216,0.6094,1.22514,1.20896,0.06996
187,"Lately, Students still",dua_unemb,0.3,1,13,0.30081,0.55991,0.10604,0.10594,0.00597
187,"Lately, Students still",dua_unemb,0.5,1,21,0.50278,0.58411,0.33593,0.32687,0.01897
187,"Lately, Students still",dua_unemb,0.7,1,38,0.70721,0.62713,1.25962,1.21908,0.05025
187,"Lately, Students still",dua_unemb,0.9,1,63,0.90612,0.6532,3.81302,3.71213,0.07787
187,"Lately, Students still",dua_unemb,0.99,1,80,0.99153,0.66212,5.76474,5.63761,0.08361
187,"Lately, Students still",euc_dmd,0.3,1,6,0.30983,0.40075,0.21315,0.21772,0.05978
187,"Lately, Students still",euc_dmd,0.5,1,8,0.6069,0.41412,0.35369,0.35677,0.07036
187,"Lately, Students still",euc_dmd,0.7,1,9,0.74134,0.4451,0.4383,0.43981,0.07375
187,"Lately, Students still",euc_dmd,0.9,1,11,0.90811,0.53505,0.66669,0.66344,0.07808
187,"Lately, Students still",euc_dmd,0.99,1,15,0.99152,0.68623,1.38217,1.36489,0.08019
187,"Lately, Students still",cau_dmd,0.3,1,7,0.42584,0.35689,0.30379,0.31037,0.0652
187,"Lately, Students still",cau_dmd,0.5,1,8,0.57414,0.3653,0.36877,0.37487,0.06778
187,"Lately, Students still",cau_dmd,0.7,1,9,0.70999,0.38997,0.4385,0.44365,0.07268
187,"Lately, Students still",cau_dmd,0.9,1,12,0.93542,0.52475,0.74278,0.74236,0.07931
187,"Lately, Students still",cau_dmd,0.99,1,16,0.99329,0.68309,1.42555,1.41309,0.07618
187,"Lately, Students still",dua_dmd,0.3,1,9,0.30612,0.54081,0.09142,0.09496,0.0177
187,"Lately, Students still",dua_dmd,0.5,1,13,0.54484,0.54656,0.21986,0.22172,0.02361
187,"Lately, Students still",dua_dmd,0.7,1,17,0.70515,0.56068,0.389,0.3872,0.02546
187,"Lately, Students still",dua_dmd,0.9,1,27,0.91263,0.60303,1.01978,1.00357,0.06279
187,"Lately, Students still",dua_dmd,0.99,1,36,0.99133,0.64076,1.87674,1.84279,0.07145
55,"At home, Students just",euc_ctx,0.3,1,26,0.31436,0.13703,0.73438,0.73483,0.25028
55,"At home, Students just",euc_ctx,0.5,1,30,0.52626,0.13106,0.82284,0.82193,0.25156
55,"At home, Students just",euc_ctx,0.7,1,34,0.72907,0.14683,0.84638,0.84377,0.2507
55,"At home, Students just",euc_ctx,0.9,1,40,0.9102,0.2124,0.80913,0.80323,0.21604
55,"At home, Students just",euc_ctx,0.99,1,51,0.99134,0.4338,0.82264,0.80765,0.1657
55,"At home, Students just",cau_ctx,0.3,1,48,0.31646,0.09937,1.37522,1.3751,0.22123
55,"At home, Students just",cau_ctx,0.5,1,55,0.51363,0.06055,1.96493,1.95907,0.22273
55,"At home, Students just",cau_ctx,0.7,1,62,0.70676,0.03524,2.68181,2.66797,0.21591
55,"At home, Students just",cau_ctx,0.9,1,74,0.90885,0.01436,4.04458,4.01407,0.20538
55,"At home, Students just",cau_ctx,0.99,1,94,0.99096,0.00391,6.37493,6.31416,0.21473
55,"At home, Students just",dua_ctx,0.3,1,63,0.30682,0.46473,0.3613,0.35153,0.02162
55,"At home, Students just",dua_ctx,0.5,1,87,0.50193,0.44982,0.70945,0.68299,0.02493
55,"At home, Students just",dua_ctx,0.7,1,118,0.70208,0.45513,1.27476,1.22114,0.03606
55,"At home, Students just",dua_ctx,0.9,1,179,0.90116,0.4977,2.68682,2.5899,0.03912
55,"At home, Students just",dua_ctx,0.99,1,223,0.99093,0.51482,3.92372,3.80593,0.04619
55,"At home, Students just",euc_unemb,0.3,1,12,0.32789,0.19523,0.60616,0.60433,0.23094
55,"At home, Students just",euc_unemb,0.5,1,14,0.56604,0.20256,0.69792,0.69392,0.24301
55,"At home, Students just",euc_unemb,0.7,1,16,0.77767,0.24727,0.77496,0.76802,0.24588
55,"At home, Students just",euc_unemb,0.9,1,18,0.90386,0.32679,0.87617,0.86527,0.25087
55,"At home, Students just",euc_unemb,0.99,1,23,0.99114,0.55435,1.45626,1.4305,0.23613
55,"At home, Students just",cau_unemb,0.3,1,13,0.31572,0.19977,0.56199,0.56271,0.22819
55,"At home, Students just",cau_unemb,0.5,1,15,0.52333,0.20486,0.60637,0.60566,0.22759
55,"At home, Students just",cau_unemb,0.7,1,17,0.72229,0.23963,0.62177,0.61906,0.18001
55,"At home, Students just",cau_unemb,0.9,1,20,0.90395,0.34549,0.66595,0.65885,0.17577
55,"At home, Students just",cau_unemb,0.99,1,26,0.99176,0.59374,1.15432,1.13257,0.19412
55,"At home, Students just",dua_unemb,0.3,1,17,0.30352,0.53475,0.11418,0.11452,0.02741
55,"At home, Students just",dua_unemb,0.5,1,24,0.50416,0.5568,0.27875,0.27167,0.02992
55,"At home, Students just",dua_unemb,0.7,1,37,0.70583,0.60461,0.74653,0.71769,0.04364
55,"At home, Students just",dua_unemb,0.9,1,67,0.90268,0.68546,2.31585,2.22663,0.06089
55,"At home, Students just",dua_unemb,0.99,1,90,0.9915,0.72149,3.54137,3.42254,0.06936
55,"At home, Students just",euc_dmd,0.3,1,11,0.32895,0.13053,0.89942,0.89739,0.26367
55,"At home, Students just",euc_dmd,0.5,1,13,0.58859,0.13197,1.0509,1.04647,0.26991
55,"At home, Students just",euc_dmd,0.7,1,14,0.70933,0.14498,1.10834,1.10248,0.27214
55,"At home, Students just",euc_dmd,0.9,1,17,0.92309,0.23659,1.2656,1.25438,0.26396
55,"At home, Students just",euc_dmd,0.99,1,22,0.99397,0.50247,1.79484,1.76991,0.25377
55,"At home, Students just",cau_dmd,0.3,1,12,0.30589,0.13167,0.90192,0.90389,0.26415
55,"At home, Students just",cau_dmd,0.5,1,14,0.52939,0.13211,1.00063,1.00125,0.26412
55,"At home, Students just",cau_dmd,0.7,1,16,0.74093,0.15917,1.05889,1.05772,0.26121
55,"At home, Students just",cau_dmd,0.9,1,19,0.92012,0.25694,1.1492,1.14423,0.23621
55,"At home, Students just",cau_dmd,0.99,1,24,0.99144,0.52415,1.58135,1.56588,0.25422
55,"At home, Students just",dua_dmd,0.3,1,14,0.32627,0.50595,0.12009,0.12198,0.01182
55,"At home, Students just",dua_dmd,0.5,1,18,0.52368,0.50962,0.23313,0.23276,0.01728
55,"At home, Students just",dua_dmd,0.7,1,25,0.70053,0.53239,0.45908,0.45215,0.01795
55,"At home, Students just",dua_dmd,0.9,1,45,0.90336,0.60562,1.27697,1.23995,0.03747
55,"At home, Students just",dua_dmd,0.99,1,66,0.99059,0.66983,2.32013,2.24497,0.16106
76,"Lately, Parents generally",euc_ctx,0.3,1,14,0.32505,0.54,0.1672,0.17444,0.05143
76,"Lately, Parents generally",euc_ctx,0.5,1,18,0.55953,0.56377,0.33659,0.34309,0.07246
76,"Lately, Parents generally",euc_ctx,0.7,1,21,0.72445,0.59103,0.52141,0.52604,0.10156
76,"Lately, Parents generally",euc_ctx,0.9,1,27,0.91843,0.64695,1.02659,1.02461,0.12158
76,"Lately, Parents generally",euc_ctx,0.99,1,36,0.99007,0.69606,1.9752,1.95983,0.13056
76,"Lately, Parents generally",cau_ctx,0.3,1,27,0.30657,0.5941,0.32618,0.33565,0.09148
76,"Lately, Parents generally",cau_ctx,0.5,1,34,0.50762,0.58284,0.59656,0.60525,0.11118
76,"Lately, Parents generally",cau_ctx,0.7,1,41,0.70562,0.55099,0.99553,1.00126,0.17846
76,"Lately, Parents generally",cau_ctx,0.9,1,52,0.90001,0.44755,1.89492,1.89187,0.18421
76,"Lately, Parents generally",cau_ctx,0.99,1,72,0.99023,0.19179,4.25146,4.22338,0.22108
76,"Lately, Parents generally",dua_ctx,0.3,1,59,0.30178,0.51199,0.51606,0.50858,0.06017
76,"Lately, Parents generally",dua_ctx,0.5,1,99,0.50179,0.47789,1.54443,1.5045,0.07894
76,"Lately, Parents generally",dua_ctx,0.7,1,139,0.70426,0.43831,3.16028,3.08177,0.10332
76,"Lately, Parents generally",dua_ctx,0.9,1,176,0.90374,0.41727,5.18207,5.07589,0.11557
76,"Lately, Parents generally",dua_ctx,0.99,1,200,0.99011,0.41412,6.70672,6.58732,0.11914
76,"Lately, Parents generally",euc_unemb,0.3,1,6,0.32752,0.45581,0.14364,0.14768,0.13195
76,"Lately, Parents generally",euc_unemb,0.5,1,8,0.60316,0.47958,0.30587,0.30816,0.1572
76,"Lately, Parents generally",euc_unemb,0.7,1,9,0.72868,0.50129,0.4319,0.43231,0.16418
76,"Lately, Parents generally",euc_unemb,0.9,1,12,0.93677,0.55824,1.0044,0.99567,0.19929
76,"Lately, Parents generally",euc_unemb,0.99,1,16,0.9931,0.57167,2.0328,2.00768,0.23229
76,"Lately, Parents generally",cau_unemb,0.3,1,7,0.40366,0.42788,0.18474,0.18996,0.13293
76,"Lately, Parents generally",cau_unemb,0.5,1,8,0.53457,0.43806,0.24933,0.254,0.15042
76,"Lately, Parents generally",cau_unemb,0.7,1,10,0.7669,0.4798,0.43716,0.43915,0.15958
76,"Lately, Parents generally",cau_unemb,0.9,1,12,0.90338,0.52645,0.72242,0.71976,0.15097
76,"Lately, Parents generally",cau_unemb,0.99,1,17,0.99186,0.56952,1.74397,1.72485,0.17998
76,"Lately, Parents generally",dua_unemb,0.3,1,10,0.30593,0.51741,0.0977,0.09969,0.0065
76,"Lately, Parents generally",dua_unemb,0.5,1,15,0.50497,0.52589,0.23834,0.23608,0.01058
76,"Lately, Parents generally",dua_unemb,0.7,1,23,0.70395,0.54154,0.62869,0.61353,0.03326
76,"Lately, Parents generally",dua_unemb,0.9,1,40,0.90239,0.55876,2.08756,2.03039,0.17643
76,"Lately, Parents generally",dua_unemb,0.99,1,55,0.99123,0.56903,4.33104,4.22902,0.15312
76,"Lately, Parents generally",euc_dmd,0.3,1,6,0.40099,0.45711,0.19309,0.19855,0.13467
76,"Lately, Parents generally",euc_dmd,0.5,1,7,0.55547,0.47481,0.28208,0.28682,0.01949
76,"Lately, Parents generally",euc_dmd,0.7,1,9,0.81307,0.53963,0.55755,0.55859,0.05381
76,"Lately, Parents generally",euc_dmd,0.9,1,11,0.93779,0.60611,0.97572,0.97045,0.09364
76,"Lately, Parents generally",euc_dmd,0.99,1,15,0.99437,0.67404,2.06657,2.04489,0.12559
76,"Lately, Parents generally",cau_dmd,0.3,1,6,0.34335,0.42604,0.18796,0.19559,0.13603
76,"Lately, Parents generally",cau_dmd,0.5,1,8,0.62445,0.45532,0.35286,0.35979,0.03476
76,"Lately, Parents generally",cau_dmd,0.7,1,9,0.74733,0.48517,0.47424,0.47986,0.04567
76,"Lately, Parents generally",cau_dmd,0.9,1,11,0.90285,0.5526,0.81595,0.8172,0.07904
76,"Lately, Parents generally",cau_dmd,0.99,1,16,0.99354,0.64798,2.07159,2.05593,0.11962
76,"Lately, Parents generally",dua_dmd,0.3,1,7,0.31304,0.50727,0.09504,0.09967,0.00875
76,"Lately, Parents generally",dua_dmd,0.5,1,10,0.54029,0.50771,0.20583,0.21032,0.01626
76,"Lately, Parents generally",dua_dmd,0.7,1,13,0.73465,0.51434,0.35287,0.35577,0.01884
76,"Lately, Parents generally",dua_dmd,0.9,1,18,0.92079,0.53322,0.67295,0.67023,0.02798
76,"Lately, Parents generally",dua_dmd,0.99,1,26,0.99226,0.56234,1.44554,1.42825,0.07642
25,"At home, Farmers also",euc_ctx,0.3,1,13,0.3284,0.56791,0.13216,0.13685,0.01979
25,"At home, Farmers also",euc_ctx,0.5,1,17,0.53786,0.56475,0.22432,0.22826,0.02501
25,"At home, Farmers also",euc_ctx,0.7,1,21,0.73478,0.58619,0.33727,0.33906,0.02901
25,"At home, Farmers also",euc_ctx,0.9,1,27,0.91052,0.63975,0.55783,0.55412,0.03108
25,"At home, Farmers also",euc_ctx,0.99,1,38,0.99103,0.70597,1.12101,1.10339,0.03404
25,"At home, Farmers also",cau_ctx,0.3,1,25,0.3061,0.57342,0.18363,0.18954,0.02795
25,"At home, Farmers also",cau_ctx,0.5,1,33,0.51353,0.54655,0.34086,0.34594,0.15304
25,"At home, Farmers also",cau_ctx,0.7,1,41,0.71813,0.51856,0.58429,0.58648,0.12759
25,"At home, Farmers also",cau_ctx,0.9,1,53,0.90738,0.44784,1.16008,1.1541,0.13766
25,"At home, Farmers also",cau_ctx,0.99,1,73,0.99031,0.26864,2.63377,2.607,0.20615
25,"At home, Farmers also",dua_ctx,0.3,1,58,0.30227,0.60942,0.45957,0.45299,0.01196
25,"At home, Farmers also",dua_ctx,0.5,1,93,0.5001,0.55969,1.21872,1.19045,0.02358
25,"At home, Farmers also",dua_ctx,0.7,1,128,0.70036,0.51462,2.27702,2.22018,0.02527
25,"At home, Farmers also",dua_ctx,0.9,1,163,0.9028,0.47357,3.57345,3.48976,0.03426
25,"At home, Farmers also",dua_ctx,0.99,1,189,0.9909,0.45972,4.65946,4.55844,0.0386
25,"At home, Farmers also",euc_unemb,0.3,1,6,0.40615,0.57994,0.1505,0.15334,0.02969
25,"At home, Farmers also",euc_unemb,0.5,1,7,0.53753,0.58537,0.21451,0.21643,0.03163
25,"At home, Farmers also",euc_unemb,0.7,1,9,0.77091,0.61981,0.39628,0.39469,0.15939
25,"At home, Farmers also",euc_unemb,0.9,1,11,0.90709,0.66392,0.65187,0.64481,0.16039
25,"At home, Farmers also",euc_unemb,0.99,1,16,0.99291,0.71915,1.48839,1.46329,0.21785
25,"At home, Farmers also",cau_unemb,0.3,1,6,0.34528,0.57151,0.12146,0.12572,0.02528
25,"At home, Farmers also",cau_unemb,0.5,1,8,0.57958,0.58165,0.21664,0.21977,0.03051
25,"At home, Farmers also",cau_unemb,0.7,1,10,0.7823,0.6204,0.35305,0.35329,0.1585
25,"At home, Farmers also",cau_unemb,0.9,1,12,0.90323,0.66719,0.54052,0.53635,0.15943
25,"At home, Farmers also",cau_unemb,0.99,1,17,0.99004,0.73554,1.18067,1.16179,0.16194
25,"At home, Farmers also",dua_unemb,0.3,1,10,0.33783,0.65511,0.09108,0.09296,0.0149
25,"At home, Farmers also",dua_unemb,0.5,1,14,0.50215,0.65995,0.19239,0.19223,0.01781
25,"At home, Farmers also",dua_unemb,0.7,1,21,0.72614,0.67376,0.48644,0.47907,0.02643
25,"At home, Farmers also",dua_unemb,0.9,1,33,0.90433,0.70281,1.34562,1.31672,0.02849
25,"At home, Farmers also",dua_unemb,0.99,1,50,0.99009,0.72727,3.06181,2.98965,0.03274
25,"At home, Farmers also",euc_dmd,0.3,1,5,0.31459,0.56467,0.12599,0.12932,0.02951
25,"At home, Farmers also",euc_dmd,0.5,1,7,0.58181,0.57143,0.24623,0.24799,0.03208
25,"At home, Farmers also",euc_dmd,0.7,1,8,0.70785,0.59228,0.32515,0.32528,0.03462
25,"At home, Farmers also",euc_dmd,0.9,1,11,0.92739,0.68315,0.66264,0.65493,0.03627
25,"At home, Farmers also",euc_dmd,0.99,1,15,0.99144,0.7661,1.29862,1.27655,0.03779
25,"At home, Farmers also",cau_dmd,0.3,1,6,0.35647,0.549,0.15037,0.15503,0.02858
25,"At home, Farmers also",cau_dmd,0.5,1,8,0.5935,0.56343,0.23749,0.24107,0.03186
25,"At home, Farmers also",cau_dmd,0.7,1,9,0.70278,0.58534,0.293,0.29539,0.03332
25,"At home, Farmers also",cau_dmd,0.9,1,12,0.90862,0.67746,0.54597,0.54252,0.03601
25,"At home, Farmers also",cau_dmd,0.99,1,17,0.99062,0.78804,1.21468,1.19677,0.03727
25,"At home, Farmers also",dua_dmd,0.3,1,8,0.35378,0.64055,0.08534,0.08779,0.01795
25,"At home, Farmers also",dua_dmd,0.5,1,11,0.51832,0.63802,0.15908,0.16105,0.02469
25,"At home, Farmers also",dua_dmd,0.7,1,15,0.70408,0.64065,0.28478,0.28511,0.02695
25,"At home, Farmers also",dua_dmd,0.9,1,22,0.90217,0.6568,0.60353,0.59849,0.0292
25,"At home, Farmers also",dua_dmd,0.99,1,34,0.99173,0.69395,1.42134,1.40044,0.03011
49,"Today, People generally",euc_ctx,0.3,1,12,0.34269,0.63322,0.13935,0.14511,0.14076
49,"Today, People generally",euc_ctx,0.5,1,15,0.51774,0.64085,0.24922,0.25442,0.15912
49,"Today, People generally",euc_ctx,0.7,1,19,0.73793,0.66113,0.45806,0.4607,0.18291
49,"Today, People generally",euc_ctx,0.9,1,24,0.90399,0.69337,0.79974,0.79687,0.1943
49,"Today, People generally",euc_ctx,0.99,1,34,0.99065,0.74472,1.62028,1.60288,0.20045
49,"Today, People generally",cau_ctx,0.3,1,22,0.32476,0.6668,0.19777,0.20513,0.15955
49,"Today, People generally",cau_ctx,0.5,1,28,0.50737,0.67101,0.35298,0.35995,0.18048
49,"Today, People generally",cau_ctx,0.7,1,35,0.71485,0.67503,0.61143,0.61607,0.18991
49,"Today, People generally",cau_ctx,0.9,1,46,0.91086,0.66476,1.18302,1.18053,0.19358
49,"Today, People generally",cau_ctx,0.99,1,64,0.99066,0.54727,2.50234,2.48236,0.17863
49,"Today, People generally",dua_ctx,0.3,1,50,0.30176,0.62166,0.32527,0.32417,0.01414
49,"Today, People generally",dua_ctx,0.5,1,82,0.50016,0.59024,0.95221,0.93186,0.02033
49,"Today, People generally",dua_ctx,0.7,1,116,0.70408,0.54511,1.93906,1.8892,0.157
49,"Today, People generally",dua_ctx,0.9,1,151,0.90014,0.50041,3.27875,3.19792,0.19277
49,"Today, People generally",dua_ctx,0.99,1,181,0.99119,0.48878,4.83354,4.73037,0.17728
49,"Today, People generally",euc_unemb,0.3,1,5,0.32336,0.57715,0.12307,0.12648,0.01309
49,"Today, People generally",euc_unemb,0.5,1,7,0.59492,0.57213,0.30686,0.30813,0.09874
49,"Today, People generally",euc_unemb,0.7,1,8,0.72033,0.57375,0.44528,0.44439,0.11065
49,"Today, People generally",euc_unemb,0.9,1,11,0.93282,0.57816,1.01001,0.99938,0.1563
49,"Today, People generally",euc_unemb,0.99,1,15,0.99238,0.56896,1.9126,1.88562,0.19046
49,"Today, People generally",cau_unemb,0.3,1,6,0.39447,0.56272,0.16065,0.16494,0.11307
49,"Today, People generally",cau_unemb,0.5,1,7,0.52118,0.56158,0.2366,0.24016,0.13961
49,"Today, People generally",cau_unemb,0.7,1,9,0.75152,0.56929,0.45438,0.4547,0.11463
49,"Today, People generally",cau_unemb,0.9,1,12,0.93251,0.58264,0.92348,0.9156,0.14804
49,"Today, People generally",cau_unemb,0.99,1,16,0.99024,0.58042,1.67253,1.65099,0.15256
49,"Today, People generally",dua_unemb,0.3,1,10,0.33703,0.61936,0.10364,0.10516,0.00502
49,"Today, People generally",dua_unemb,0.5,1,15,0.53521,0.62551,0.24582,0.24311,0.10599
49,"Today, People generally",dua_unemb,0.7,1,21,0.70826,0.63279,0.50847,0.49707,0.11296
49,"Today, People generally",dua_unemb,0.9,1,33,0.90745,0.63888,1.27058,1.23449,0.12143
49,"Today, People generally",dua_unemb,0.99,1,46,0.99166,0.64208,2.65237,2.58,0.15259
49,"Today, People generally",euc_dmd,0.3,1,5,0.34435,0.57385,0.15064,0.15538,0.13123
49,"Today, People generally",euc_dmd,0.5,1,7,0.62765,0.57178,0.36379,0.3665,0.16301
49,"Today, People generally",euc_dmd,0.7,1,8,0.75141,0.57714,0.52035,0.52089,0.17946
49,"Today, People generally",euc_dmd,0.9,1,10,0.90674,0.59151,0.9193,0.91373,0.21141
49,"Today, People generally",euc_dmd,0.99,1,14,0.99008,0.61031,1.89348,1.87224,0.23485
49,"Today, People generally",cau_dmd,0.3,1,6,0.39988,0.55585,0.20514,0.21151,0.13952
49,"Today, People generally",cau_dmd,0.5,1,7,0.52831,0.55358,0.29667,0.30251,0.14945
49,"Today, People generally",cau_dmd,0.7,1,9,0.75939,0.56185,0.55753,0.56048,0.17928
49,"Today, People generally",cau_dmd,0.9,1,12,0.93672,0.58427,1.12112,1.11625,0.2152
49,"Today, People generally",cau_dmd,0.99,1,16,0.99131,0.60371,2.0309,2.01268,0.23103
49,"Today, People generally",dua_dmd,0.3,1,7,0.34299,0.60581,0.11806,0.1224,0.00948
49,"Today, People generally",dua_dmd,0.5,1,10,0.54209,0.60264,0.24269,0.24688,0.01416
49,"Today, People generally",dua_dmd,0.7,1,13,0.70648,0.60343,0.40377,0.40666,0.13736
49,"Today, People generally",dua_dmd,0.9,1,20,0.91297,0.61286,0.9058,0.90193,0.16945
49,"Today, People generally",dua_dmd,0.99,1,33,0.99163,0.63468,2.44888,2.41949,0.18155
38,"Every day, People just",euc_ctx,0.3,1,17,0.32695,0.53131,0.20176,0.20866,0.02044
38,"Every day, People just",euc_ctx,0.5,1,21,0.54138,0.53072,0.30494,0.31117,0.03215
38,"Every day, People just",euc_ctx,0.7,1,25,0.74162,0.56376,0.43619,0.44044,0.07424
38,"Every day, People just",euc_ctx,0.9,1,31,0.91592,0.64537,0.70789,0.70697,0.11917
38,"Every day, People just",euc_ctx,0.99,1,41,0.99019,0.74852,1.27416,1.26097,0.13386
38,"Every day, People just",cau_ctx,0.3,1,29,0.30594,0.50319,0.44872,0.45874,0.08325
38,"Every day, People just",cau_ctx,0.5,1,36,0.50761,0.4443,0.75306,0.76199,0.10201
38,"Every day, People just",cau_ctx,0.7,1,43,0.70487,0.37479,1.17499,1.1805,0.2367
38,"Every day, People just",cau_ctx,0.9,1,55,0.90863,0.23408,2.13914,2.13364,0.28449
38,"Every day, People just",cau_ctx,0.99,1,75,0.99078,0.07583,4.1296,4.09786,0.28688
38,"Every day, People just",dua_ctx,0.3,1,67,0.30382,0.64262,0.43685,0.42285,0.00722
38,"Every day, People just",dua_ctx,0.5,1,108,0.501,0.62137,1.12562,1.07685,0.01372
38,"Every day, People just",dua_ctx,0.7,1,155,0.70187,0.58348,2.22106,2.13189,0.03287
38,"Every day, People just",dua_ctx,0.9,1,202,0.9001,0.53659,3.48506,3.37016,0.04887
38,"Every day, People just",dua_ctx,0.99,1,236,0.99073,0.51815,4.67348,4.54733,0.04761
38,"Every day, People just",euc_unemb,0.3,1,8,0.35022,0.60784,0.20139,0.20388,0.03337
38,"Every day, People just",euc_unemb,0.5,1,10,0.58279,0.62209,0.33166,0.33167,0.0411
38,"Every day, People just",euc_unemb,0.7,1,12,0.78265,0.65751,0.54469,0.54032,0.0464
38,"Every day, People just",euc_unemb,0.9,1,14,0.90235,0.69393,0.85203,0.84169,0.11591
38,"Every day, People just",euc_unemb,0.99,1,20,0.99352,0.72876,2.11284,2.07971,0.13594
38,"Every day, People just",cau_unemb,0.3,1,9,0.37721,0.58159,0.23571,0.23999,0.24067
38,"Every day, People just",cau_unemb,0.5,1,11,0.58627,0.59677,0.3345,0.33692,0.04074
38,"Every day, People just",cau_unemb,0.7,1,13,0.76625,0.63352,0.48586,0.48499,0.04272
38,"Every day, People just",cau_unemb,0.9,1,16,0.91887,0.69435,0.84329,0.83525,0.11357
38,"Every day, People just",cau_unemb,0.99,1,22,0.99231,0.74356,1.8578,1.83118,0.13104
38,"Every day, People just",dua_unemb,0.3,1,15,0.32272,0.69607,0.12582,0.12467,0.0109
38,"Every day, People just",dua_unemb,0.5,1,25,0.50162,0.7305,0.40866,0.39401,0.01884
38,"Every day, People just",dua_unemb,0.7,1,47,0.70701,0.7791,1.43878,1.37814,0.04001
38,"Every day, People just",dua_unemb,0.9,1,90,0.901,0.76765,4.92196,4.78911,0.05551
38,"Every day, People just",dua_unemb,0.99,1,131,0.99074,0.71932,6.95058,6.81188,0.11395
38,"Every day, People just",euc_dmd,0.3,1,8,0.38914,0.53458,0.35993,0.36391,0.24798
38,"Every day, People just",euc_dmd,0.5,1,9,0.51124,0.53472,0.44339,0.44624,0.29538
38,"Every day, People just",euc_dmd,0.7,1,11,0.73738,0.56229,0.6655,0.66468,0.25382
38,"Every day, People just",euc_dmd,0.9,1,14,0.92458,0.63116,1.18723,1.17773,0.23906
38,"Every day, People just",euc_dmd,0.99,1,19,0.99302,0.69491,2.42075,2.39205,0.34432
38,"Every day, People just",cau_dmd,0.3,1,8,0.3016,0.50721,0.39488,0.40221,0.29181
38,"Every day, People just",cau_dmd,0.5,1,10,0.50827,0.49862,0.53378,0.54009,0.29612
38,"Every day, People just",cau_dmd,0.7,1,12,0.71069,0.52416,0.70898,0.71293,0.22019
38,"Every day, People just",cau_dmd,0.9,1,16,0.93238,0.6236,1.28871,1.28419,0.31813
38,"Every day, People just",cau_dmd,0.99,1,21,0.99176,0.7088,2.36266,2.34318,0.35291
38,"Every day, People just",dua_dmd,0.3,1,11,0.30666,0.6682,0.12353,0.12563,0.00966
38,"Every day, People just",dua_dmd,0.5,1,18,0.52129,0.67786,0.32742,0.32527,0.0354
38,"Every day, People just",dua_dmd,0.7,1,29,0.70007,0.71231,0.81474,0.79973,0.03857
38,"Every day, People just",dua_dmd,0.9,1,76,0.90032,0.79607,4.9463,4.83164,0.05323
38,"Every day, People just",dua_dmd,0.99,1,118,0.99091,0.76524,6.99795,6.8591,0.1303
163,"Today, You never",euc_ctx,0.3,1,31,0.33413,0.27746,0.72788,0.73334,0.06119
163,"Today, You never",euc_ctx,0.5,1,35,0.54745,0.27493,0.83217,0.83632,0.05743
163,"Today, You never",euc_ctx,0.7,1,38,0.7007,0.29565,0.87652,0.87925,0.04505
163,"Today, You never",euc_ctx,0.9,1,45,0.91613,0.40554,0.90332,0.90115,0.03474
163,"Today, You never",euc_ctx,0.99,1,56,0.99185,0.61139,1.03818,1.02392,0.31753
163,"Today, You never",cau_ctx,0.3,1,59,0.3218,0.10619,1.8439,1.83945,0.39253
163,"Today, You never",cau_ctx,0.5,1,66,0.51799,0.05009,2.69086,2.67777,0.3938
163,"Today, You never",cau_ctx,0.7,1,73,0.71017,0.02483,3.5512,3.52828,0.39453
163,"Today, You never",cau_ctx,0.9,1,84,0.90084,0.00993,4.8042,4.76491,0.39346
163,"Today, You never",cau_ctx,0.99,1,104,0.99044,0.00266,6.85578,6.78613,0.39791
163,"Today, You never",dua_ctx,0.3,1,92,0.30093,0.70456,0.52238,0.49303,0.0181
163,"Today, You never",dua_ctx,0.5,1,147,0.50162,0.70552,1.4176,1.33857,0.03385
163,"Today, You never",dua_ctx,0.7,1,213,0.70289,0.6574,3.20403,3.0833,0.03844
163,"Today, You never",dua_ctx,0.9,1,273,0.90104,0.60099,4.94095,4.80071,0.04843
163,"Today, You never",dua_ctx,0.99,1,310,0.99091,0.58417,5.97339,5.82811,0.04964
163,"Today, You never",euc_unemb,0.3,1,13,0.31982,0.28341,0.70618,0.70914,0.05874
163,"Today, You never",euc_unemb,0.5,1,15,0.57313,0.27874,0.79397,0.79478,0.06268
163,"Today, You never",euc_unemb,0.7,1,17,0.79372,0.32048,0.80343,0.80105,0.06354
163,"Today, You never",euc_unemb,0.9,1,19,0.91711,0.39557,0.79268,0.786,0.06558
163,"Today, You never",euc_unemb,0.99,1,24,0.99368,0.57713,0.98262,0.96068,0.05439
163,"Today, You never",cau_unemb,0.3,1,14,0.30555,0.25238,0.77118,0.77602,0.3206
163,"Today, You never",cau_unemb,0.5,1,16,0.53328,0.24111,0.85925,0.86252,0.32076
163,"Today, You never",cau_unemb,0.7,1,18,0.74801,0.26668,0.86229,0.86329,0.32222
163,"Today, You never",cau_unemb,0.9,1,21,0.92553,0.35991,0.79349,0.78963,0.05693
163,"Today, You never",cau_unemb,0.99,1,26,0.99264,0.54184,0.82813,0.81235,0.05377
163,"Today, You never",dua_unemb,0.3,1,25,0.31391,0.73225,0.2382,0.22995,0.01069
163,"Today, You never",dua_unemb,0.5,1,39,0.50985,0.7713,0.62871,0.59729,0.02724
163,"Today, You never",dua_unemb,0.7,1,57,0.70297,0.8151,1.2831,1.21517,0.03245
163,"Today, You never",dua_unemb,0.9,1,81,0.90102,0.84937,2.41472,2.30284,0.05331
163,"Today, You never",dua_unemb,0.99,1,96,0.99022,0.85492,3.09598,2.96622,0.06169
163,"Today, You never",euc_dmd,0.3,1,12,0.35554,0.19509,1.06399,1.06814,0.40972
163,"Today, You never",euc_dmd,0.5,1,14,0.6394,0.19184,1.24419,1.24598,0.41181
163,"Today, You never",euc_dmd,0.7,1,15,0.76079,0.20817,1.28892,1.28922,0.40436
163,"Today, You never",euc_dmd,0.9,1,17,0.91096,0.27247,1.31833,1.31498,0.42965
163,"Today, You never",euc_dmd,0.99,1,21,0.99057,0.47412,1.39723,1.38378,0.32435
163,"Today, You never",cau_dmd,0.3,1,13,0.34897,0.18114,1.13961,1.14654,0.41227
163,"Today, You never",cau_dmd,0.5,1,15,0.60593,0.17727,1.31117,1.31643,0.47447
163,"Today, You never",cau_dmd,0.7,1,16,0.72196,0.18958,1.35825,1.36241,0.48652
163,"Today, You never",cau_dmd,0.9,1,19,0.92484,0.27685,1.40299,1.40278,0.45114
163,"Today, You never",cau_dmd,0.99,1,24,0.99353,0.50238,1.57583,1.56425,0.32295
163,"Today, You never",dua_dmd,0.3,1,20,0.32738,0.68701,0.2165,0.21727,0.02556
163,"Today, You never",dua_dmd,0.5,1,29,0.51555,0.70462,0.47225,0.46409,0.0282
163,"Today, You never",dua_dmd,0.7,1,44,0.70539,0.74914,0.95619,0.92692,0.03263
163,"Today, You never",dua_dmd,0.9,1,64,0.90493,0.80223,1.78784,1.72474,0.03813
163,"Today, You never",dua_dmd,0.99,1,77,0.99041,0.83133,2.42851,2.34166,0.04001
81,"Today, Many people still",euc_ctx,0.3,1,19,0.31198,0.61919,0.19639,0.20487,0.23477
81,"Today, Many people still",euc_ctx,0.5,1,23,0.54472,0.62852,0.32159,0.32889,0.23672
81,"Today, Many people still",euc_ctx,0.7,1,26,0.71247,0.64943,0.44437,0.44952,0.21543
81,"Today, Many people still",euc_ctx,0.9,1,32,0.91409,0.70286,0.77025,0.76842,0.21868
81,"Today, Many people still",euc_ctx,0.99,1,42,0.99181,0.76012,1.48105,1.46365,0.24349
81,"Today, Many people still",cau_ctx,0.3,1,35,0.30982,0.65149,0.34826,0.35829,0.04222
81,"Today, Many people still",cau_ctx,0.5,1,41,0.50282,0.61127,0.57659,0.58502,0.14191
81,"Today, Many people still",cau_ctx,0.7,1,48,0.72592,0.54863,0.97859,0.98267,0.17964
81,"Today, Many people still",cau_ctx,0.9,1,57,0.90373,0.45118,1.69166,1.6867,0.18374
81,"Today, Many people still",cau_ctx,0.99,1,74,0.99115,0.27202,3.41025,3.38231,0.19119
81,"Today, Many people still",dua_ctx,0.3,1,69,0.30079,0.6584,0.65998,0.64905,0.02185
81,"Today, Many people still",dua_ctx,0.5,1,105,0.50032,0.61928,1.61291,1.57126,0.02681
81,"Today, Many people still",dua_ctx,0.7,1,140,0.70149,0.57897,2.83663,2.76029,0.04284
81,"Today, Many people still",dua_ctx,0.9,1,181,0.90271,0.54304,4.31181,4.20435,0.04398
81,"Today, Many people still",dua_ctx,0.99,1,217,0.99063,0.53072,5.29818,5.17292,0.17395
81,"Today, Many people still",euc_unemb,0.3,1,9,0.40978,0.56756,0.22614,0.23102,0.03531
81,"Today, Many people still",euc_unemb,0.5,1,10,0.54899,0.56977,0.3008,0.30436,0.06879
81,"Today, Many people still",euc_unemb,0.7,1,12,0.78927,0.589,0.51564,0.51457,0.08716
81,"Today, Many people still",euc_unemb,0.9,1,14,0.92024,0.6102,0.81314,0.80535,0.08391
81,"Today, Many people still",euc_unemb,0.99,1,18,0.99097,0.62272,1.54135,1.51723,0.09012
81,"Today, Many people still",cau_unemb,0.3,1,9,0.32798,0.54444,0.2114,0.21886,0.06023
81,"Today, Many people still",cau_unemb,0.5,1,11,0.57825,0.54869,0.32416,0.33002,0.08414
81,"Today, Many people still",cau_unemb,0.7,1,13,0.79342,0.57795,0.48465,0.48686,0.09353
81,"Today, Many people still",cau_unemb,0.9,1,15,0.91472,0.6123,0.70491,0.70179,0.09079
81,"Today, Many people still",cau_unemb,0.99,1,20,0.99278,0.65372,1.43059,1.41059,0.10057
81,"Today, Many people still",dua_unemb,0.3,1,15,0.30982,0.66655,0.12862,0.12893,0.02558
81,"Today, Many people still",dua_unemb,0.5,1,23,0.51497,0.67991,0.35109,0.34158,0.05843
81,"Today, Many people still",dua_unemb,0.7,1,33,0.70069,0.6933,0.77132,0.74366,0.07903
81,"Today, Many people still",dua_unemb,0.9,1,49,0.90361,0.70627,1.77225,1.705,0.08684
81,"Today, Many people still",dua_unemb,0.99,1,62,0.99034,0.71063,2.8953,2.7937,0.09894
81,"Today, Many people still",euc_dmd,0.3,1,8,0.35954,0.54126,0.25906,0.26698,0.04961
81,"Today, Many people still",euc_dmd,0.5,1,9,0.5072,0.5374,0.34644,0.35345,0.17011
81,"Today, Many people still",euc_dmd,0.7,1,11,0.77582,0.55424,0.58859,0.59155,0.21104
81,"Today, Many people still",euc_dmd,0.9,1,13,0.92078,0.58147,0.92322,0.91971,0.21778
81,"Today, Many people still",euc_dmd,0.99,1,17,0.99235,0.60303,1.75737,1.7375,0.17047
81,"Today, Many people still",cau_dmd,0.3,1,9,0.39817,0.51108,0.36333,0.3743,0.17393
81,"Today, Many people still",cau_dmd,0.5,1,10,0.53374,0.51214,0.44759,0.45792,0.17394
81,"Today, Many people still",cau_dmd,0.7,1,12,0.77299,0.5414,0.66585,0.67319,0.21803
81,"Today, Many people still",cau_dmd,0.9,1,14,0.90931,0.58581,0.9616,0.964,0.22491
81,"Today, Many people still",cau_dmd,0.99,1,19,0.99298,0.65762,1.93294,1.91857,0.2232
81,"Today, Many people still",dua_dmd,0.3,1,11,0.3127,0.65439,0.13058,0.13624,0.03233
81,"Today, Many people still",dua_dmd,0.5,1,15,0.51828,0.65919,0.26472,0.26896,0.03531
81,"Today, Many people still",dua_dmd,0.7,1,20,0.71037,0.67267,0.48147,0.48157,0.04693
81,"Today, Many people still",dua_dmd,0.9,1,29,0.90427,0.69895,1.01092,0.99883,0.05465
81,"Today, Many people still",dua_dmd,0.99,1,39,0.99306,0.72439,2.0314,1.99632,0.05819
57,"Today, We often",euc_ctx,0.3,1,29,0.33114,0.65844,0.32465,0.3317,0.07836
57,"Today, We often",euc_ctx,0.5,1,33,0.55506,0.65619,0.45539,0.46017,0.0838
57,"Today, We often",euc_ctx,0.7,1,36,0.71384,0.67184,0.56325,0.56527,0.08865
57,"Today, We often",euc_ctx,0.9,1,42,0.90884,0.72564,0.79175,0.78591,0.23064
57,"Today, We often",euc_ctx,0.99,1,52,0.99012,0.79701,1.22071,1.19821,0.2828
57,"Today, We often",cau_ctx,0.3,1,56,0.31083,0.52255,0.86427,0.86718,0.10452
57,"Today, We often",cau_ctx,0.5,1,63,0.51264,0.36386,1.39424,1.39122,0.10354
57,"Today, We often",cau_ctx,0.7,1,70,0.7123,0.23534,2.06513,2.05359,0.10725
57,"Today, We often",cau_ctx,0.9,1,81,0.90654,0.12095,3.20166,3.17386,0.23448
57,"Today, We often",cau_ctx,0.99,1,100,0.99089,0.0444,5.13919,5.08061,0.24295
57,"Today, We often",dua_ctx,0.3,1,82,0.30409,0.7344,0.62646,0.6072,0.00946
57,"Today, We often",dua_ctx,0.5,1,117,0.50121,0.68613,1.36946,1.31872,0.01783
57,"Today, We often",dua_ctx,0.7,1,155,0.70147,0.63978,2.41258,2.32313,0.0245
57,"Today, We often",dua_ctx,0.9,1,215,0.90079,0.6087,3.93228,3.80299,0.03405
57,"Today, We often",dua_ctx,0.99,1,255,0.9908,0.59517,4.52271,4.38198,0.03909
57,"Today, We often",euc_unemb,0.3,1,12,0.31446,0.6314,0.28076,0.28846,0.03399
57,"Today, We often",euc_unemb,0.5,1,14,0.58419,0.62474,0.48067,0.48557,0.08558
57,"Today, We often",euc_unemb,0.7,1,15,0.71114,0.631,0.61801,0.62052,0.23692
57,"Today, We often",euc_unemb,0.9,1,18,0.93012,0.65862,1.11197,1.10421,0.27432
57,"Today, We often",euc_unemb,0.99,1,22,0.99222,0.6684,1.7799,1.755,0.28451
57,"Today, We often",cau_unemb,0.3,1,14,0.4042,0.59634,0.34801,0.35747,0.03873
57,"Today, We often",cau_unemb,0.5,1,15,0.52853,0.59613,0.42281,0.43114,0.05464
57,"Today, We often",cau_unemb,0.7,1,17,0.75374,0.61355,0.61657,0.62114,0.19342
57,"Today, We often",cau_unemb,0.9,1,20,0.93244,0.64963,0.97871,0.97457,0.25708
57,"Today, We often",cau_unemb,0.99,1,24,0.99034,0.66597,1.49328,1.47473,0.27154
57,"Today, We often",dua_unemb,0.3,1,18,0.31018,0.76906,0.1437,0.14402,0.00945
57,"Today, We often",dua_unemb,0.5,1,24,0.50256,0.77966,0.31278,0.30561,0.01379
57,"Today, We often",dua_unemb,0.7,1,33,0.70417,0.7945,0.76596,0.74039,0.02009
57,"Today, We often",dua_unemb,0.9,1,50,0.90796,0.80437,2.00422,1.93032,0.02405
57,"Today, We often",dua_unemb,0.99,1,64,0.99182,0.79933,3.26984,3.15283,0.02931
57,"Today, We often",euc_dmd,0.3,1,12,0.38661,0.58928,0.50095,0.51042,0.20172
57,"Today, We often",euc_dmd,0.5,1,13,0.53266,0.5911,0.64773,0.65586,0.22492
57,"Today, We often",euc_dmd,0.7,1,15,0.78878,0.62525,1.02811,1.03151,0.29506
57,"Today, We often",euc_dmd,0.9,1,17,0.92451,0.67306,1.47855,1.47498,0.3262
57,"Today, We often",euc_dmd,0.99,1,21,0.99243,0.73362,2.39208,2.37132,0.34807
57,"Today, We often",cau_dmd,0.3,1,14,0.41457,0.56388,0.63885,0.65115,0.22274
57,"Today, We often",cau_dmd,0.5,1,15,0.54005,0.57099,0.76057,0.77187,0.2776
57,"Today, We often",cau_dmd,0.7,1,17,0.76284,0.61134,1.05736,1.0652,0.30782
57,"Today, We often",cau_dmd,0.9,1,20,0.93515,0.69152,1.60097,1.60054,0.33537
57,"Today, We often",cau_dmd,0.99,1,24,0.99046,0.75916,2.38433,2.36984,0.34564
57,"Today, We often",dua_dmd,0.3,1,17,0.335,0.74876,0.22262,0.22705,0.01846
57,"Today, We often",dua_dmd,0.5,1,23,0.51627,0.75352,0.43315,0.43385,0.0345
57,"Today, We often",dua_dmd,0.7,1,32,0.71032,0.76529,0.87435,0.86494,0.04307
57,"Today, We often",dua_dmd,0.9,1,46,0.90321,0.78625,1.79554,1.75992,0.05161
57,"Today, We often",dua_dmd,0.99,1,58,0.99254,0.80246,2.83808,2.76937,0.05529
201,"Every day, Farmers usually",euc_ctx,0.3,1,14,0.30799,0.66435,0.11937,0.12502,0.01311
201,"Every day, Farmers usually",euc_ctx,0.5,1,18,0.53233,0.66963,0.24736,0.2518,0.03596
201,"Every day, Farmers usually",euc_ctx,0.7,1,22,0.7444,0.68152,0.43819,0.4394,0.04333
201,"Every day, Farmers usually",euc_ctx,0.9,1,27,0.9041,0.69777,0.74515,0.74005,0.0455
201,"Every day, Farmers usually",euc_ctx,0.99,1,38,0.99206,0.71762,1.54341,1.52069,0.04719
201,"Every day, Farmers usually",cau_ctx,0.3,1,28,0.31835,0.66974,0.25216,0.25847,0.04948
201,"Every day, Farmers usually",cau_ctx,0.5,1,35,0.52009,0.63946,0.47114,0.47576,0.06083
201,"Every day, Farmers usually",cau_ctx,0.7,1,42,0.71682,0.59204,0.79658,0.79735,0.13435
201,"Every day, Farmers usually",cau_ctx,0.9,1,53,0.9071,0.49116,1.50223,1.49323,0.17178
201,"Every day, Farmers usually",cau_ctx,0.99,1,72,0.99073,0.29261,3.1265,3.09427,0.19997
201,"Every day, Farmers usually",dua_ctx,0.3,1,58,0.30074,0.63753,0.53994,0.53369,0.01856
201,"Every day, Farmers usually",dua_ctx,0.5,1,89,0.50191,0.5764,1.43192,1.40254,0.04385
201,"Every day, Farmers usually",dua_ctx,0.7,1,120,0.70274,0.5228,2.74397,2.68265,0.04997
201,"Every day, Farmers usually",dua_ctx,0.9,1,158,0.90362,0.4831,4.57428,4.47704,0.05925
201,"Every day, Farmers usually",dua_ctx,0.99,1,191,0.99028,0.46858,6.0103,5.89426,0.06195
201,"Every day, Farmers usually",euc_unemb,0.3,1,6,0.33962,0.63518,0.12755,0.13227,0.02857
201,"Every day, Farmers usually",euc_unemb,0.5,1,8,0.62057,0.64795,0.31578,0.31817,0.05085
201,"Every day, Farmers usually",euc_unemb,0.7,1,9,0.74508,0.65848,0.46331,0.46338,0.12287
201,"Every day, Farmers usually",euc_unemb,0.9,1,11,0.90353,0.67614,0.84422,0.83777,0.1546
201,"Every day, Farmers usually",euc_unemb,0.99,1,16,0.99431,0.68224,1.97406,1.94653,0.17863
201,"Every day, Farmers usually",cau_unemb,0.3,1,7,0.39586,0.60885,0.15628,0.16204,0.05317
201,"Every day, Farmers usually",cau_unemb,0.5,1,8,0.5251,0.61543,0.22376,0.22881,0.04054
201,"Every day, Farmers usually",cau_unemb,0.7,1,10,0.75872,0.6417,0.4262,0.42804,0.12072
201,"Every day, Farmers usually",cau_unemb,0.9,1,13,0.93756,0.67827,0.87695,0.8704,0.16803
201,"Every day, Farmers usually",cau_unemb,0.99,1,17,0.9917,0.69161,1.59861,1.5779,0.17915
201,"Every day, Farmers usually",dua_unemb,0.3,1,9,0.31482,0.66849,0.08937,0.09287,0.01537
201,"Every day, Farmers usually",dua_unemb,0.5,1,13,0.52639,0.67815,0.20409,0.20526,0.02666
201,"Every day, Farmers usually",dua_unemb,0.7,1,17,0.70198,0.69088,0.38251,0.37887,0.02686
201,"Every day, Farmers usually",dua_unemb,0.9,1,26,0.90342,0.71621,1.08315,1.06047,0.04655
201,"Every day, Farmers usually",dua_unemb,0.99,1,41,0.99112,0.72948,2.97747,2.90807,0.05185
201,"Every day, Farmers usually",euc_dmd,0.3,1,6,0.36203,0.62955,0.14369,0.14883,0.03323
201,"Every day, Farmers usually",euc_dmd,0.5,1,7,0.50747,0.63869,0.22217,0.22648,0.03549
201,"Every day, Farmers usually",euc_dmd,0.7,1,9,0.77316,0.6735,0.47886,0.47912,0.06419
201,"Every day, Farmers usually",euc_dmd,0.9,1,11,0.91871,0.70794,0.85987,0.85344,0.07152
201,"Every day, Farmers usually",euc_dmd,0.99,1,15,0.99199,0.74091,1.78508,1.76176,0.07671
201,"Every day, Farmers usually",cau_dmd,0.3,1,7,0.38599,0.60138,0.18281,0.1894,0.05378
201,"Every day, Farmers usually",cau_dmd,0.5,1,8,0.51251,0.61206,0.24066,0.24669,0.03943
201,"Every day, Farmers usually",cau_dmd,0.7,1,10,0.74517,0.65301,0.41812,0.42134,0.06319
201,"Every day, Farmers usually",cau_dmd,0.9,1,13,0.93031,0.72012,0.86516,0.86055,0.07456
201,"Every day, Farmers usually",cau_dmd,0.99,1,18,0.99379,0.77606,1.85146,1.82948,0.07508
201,"Every day, Farmers usually",dua_dmd,0.3,1,8,0.35176,0.66301,0.10598,0.11064,0.02204
201,"Every day, Farmers usually",dua_dmd,0.5,1,11,0.53892,0.66735,0.20127,0.2057,0.02931
201,"Every day, Farmers usually",dua_dmd,0.7,1,15,0.73771,0.67682,0.36496,0.36777,0.03543
201,"Every day, Farmers usually",dua_dmd,0.9,1,21,0.90134,0.69334,0.70057,0.69867,0.04109
201,"Every day, Farmers usually",dua_dmd,0.99,1,33,0.99166,0.72704,1.74256,1.72188,0.04927
262,People now,euc_ctx,0.3,1,24,0.30417,0.21351,0.77223,0.77317,0.26604
262,People now,euc_ctx,0.5,1,28,0.53024,0.19824,0.96448,0.9633,0.22449
262,People now,euc_ctx,0.7,1,32,0.74468,0.21343,1.11478,1.11083,0.22618
262,People now,euc_ctx,0.9,1,37,0.90534,0.26803,1.25583,1.2475,0.22555
262,People now,euc_ctx,0.99,1,47,0.9904,0.42902,1.57689,1.55697,0.08984
262,People now,cau_ctx,0.3,1,47,0.31523,0.09956,1.8488,1.84369,0.27965
262,People now,cau_ctx,0.5,1,53,0.50047,0.05955,2.50499,2.49358,0.28811
262,People now,cau_ctx,0.7,1,60,0.71762,0.03404,3.35053,3.33011,0.2954
262,People now,cau_ctx,0.9,1,70,0.90967,0.01786,4.60238,4.56728,0.29633
262,People now,cau_ctx,0.99,1,86,0.99023,0.00828,6.59173,6.53143,0.29562
262,People now,dua_ctx,0.3,1,72,0.30497,0.54838,0.49066,0.4766,0.03791
262,People now,dua_ctx,0.5,1,106,0.50086,0.53258,1.14633,1.10502,0.06142
262,People now,dua_ctx,0.7,1,147,0.70133,0.52472,2.34971,2.26922,0.07818
262,People now,dua_ctx,0.9,1,195,0.90269,0.51843,4.15748,4.04316,0.08648
262,People now,dua_ctx,0.99,1,224,0.99038,0.51413,5.43914,5.31017,0.09206
262,People now,euc_unemb,0.3,1,12,0.39488,0.28753,0.44351,0.44478,0.21279
262,People now,euc_unemb,0.5,1,13,0.52128,0.29444,0.48365,0.48398,0.21375
262,People now,euc_unemb,0.7,1,15,0.75257,0.34178,0.55514,0.55269,0.19223
262,People now,euc_unemb,0.9,1,18,0.93472,0.46586,0.73205,0.72288,0.0578
262,People now,euc_unemb,0.99,1,22,0.99137,0.59098,1.23596,1.21359,0.08179
262,People now,cau_unemb,0.3,1,12,0.33375,0.21275,0.56542,0.5673,0.22214
262,People now,cau_unemb,0.5,1,14,0.56784,0.21257,0.64701,0.64727,0.22076
262,People now,cau_unemb,0.7,1,16,0.77478,0.24577,0.68687,0.68477,0.19803
262,People now,cau_unemb,0.9,1,19,0.93553,0.34516,0.7443,0.7371,0.19928
262,People now,cau_unemb,0.99,1,24,0.99369,0.52847,1.05392,1.03425,0.06128
262,People now,dua_unemb,0.3,1,19,0.33115,0.57724,0.13838,0.13778,0.00744
262,People now,dua_unemb,0.5,1,25,0.50393,0.59336,0.28051,0.27267,0.01038
262,People now,dua_unemb,0.7,1,36,0.71178,0.62593,0.67151,0.64429,0.01461
262,People now,dua_unemb,0.9,1,55,0.90199,0.68035,1.69888,1.62577,0.02403
262,People now,dua_unemb,0.99,1,73,0.99149,0.70518,3.11782,3.00296,0.02726
262,People now,euc_dmd,0.3,1,10,0.4099,0.25501,0.56221,0.56379,0.20022
262,People now,euc_dmd,0.5,1,11,0.56188,0.26173,0.6452,0.64555,0.20144
262,People now,euc_dmd,0.7,1,12,0.7029,0.28328,0.7311,0.72985,0.08062
262,People now,euc_dmd,0.9,1,15,0.93652,0.41268,1.05994,1.05142,0.07391
262,People now,euc_dmd,0.99,1,19,0.99401,0.58884,1.72634,1.70342,0.0812
262,People now,cau_dmd,0.3,1,10,0.34387,0.2165,0.64172,0.6456,0.2005
262,People now,cau_dmd,0.5,1,12,0.62239,0.21793,0.83077,0.83244,0.24948
262,People now,cau_dmd,0.7,1,13,0.74415,0.23325,0.93911,0.93913,0.19199
262,People now,cau_dmd,0.9,1,16,0.93995,0.30945,1.36365,1.35644,0.19892
262,People now,cau_dmd,0.99,1,20,0.99293,0.38957,2.14676,2.12584,0.20236
262,People now,dua_dmd,0.3,1,14,0.31963,0.5528,0.13469,0.13875,0.01274
262,People now,dua_dmd,0.5,1,18,0.53471,0.55445,0.25544,0.25713,0.0154
262,People now,dua_dmd,0.7,1,22,0.70469,0.56419,0.39972,0.39721,0.01709
262,People now,dua_dmd,0.9,1,30,0.90103,0.59591,0.73942,0.72438,0.02118
262,People now,dua_dmd,0.99,1,42,0.99091,0.64574,1.38918,1.34936,0.0273
29,"In this case, They usually",euc_ctx,0.3,1,18,0.32756,0.42304,0.29696,0.30236,0.05171
29,"In this case, They usually",euc_ctx,0.5,1,22,0.53041,0.41832,0.45453,0.45883,0.06621
29,"In this case, They usually",euc_ctx,0.7,1,26,0.72446,0.43787,0.63506,0.63705,0.14734
29,"In this case, They usually",euc_ctx,0.9,1,32,0.9037,0.49581,0.95192,0.94845,0.16175
29,"In this case, They usually",euc_ctx,0.99,1,44,0.99175,0.60052,1.7767,1.75792,0.16841
29,"In this case, They usually",cau_ctx,0.3,1,35,0.31958,0.44385,0.54855,0.55624,0.08679
29,"In this case, They usually",cau_ctx,0.5,1,43,0.52051,0.38209,0.92953,0.93497,0.19412
29,"In this case, They usually",cau_ctx,0.7,1,51,0.71541,0.30764,1.46425,1.4649,0.21113
29,"In this case, They usually",cau_ctx,0.9,1,64,0.90848,0.18062,2.66105,2.64892,0.22261
29,"In this case, They usually",cau_ctx,0.99,1,86,0.99068,0.05375,5.24134,5.19989,0.23348
29,"In this case, They usually",dua_ctx,0.3,1,62,0.30186,0.51823,0.3847,0.37787,0.00857
29,"In this case, They usually",dua_ctx,0.5,1,97,0.5002,0.49955,1.01916,0.98763,0.05663
29,"In this case, They usually",dua_ctx,0.7,1,140,0.70134,0.48362,2.20764,2.13605,0.06483
29,"In this case, They usually",dua_ctx,0.9,1,191,0.90314,0.46636,4.14126,4.03327,0.09023
29,"In this case, They usually",dua_ctx,0.99,1,221,0.99094,0.4599,5.62215,5.4999,0.09424
29,"In this case, They usually",euc_unemb,0.3,1,8,0.40059,0.3725,0.29437,0.29718,0.16823
29,"In this case, They usually",euc_unemb,0.5,1,9,0.5308,0.37747,0.37489,0.3768,0.17104
29,"In this case, They usually",euc_unemb,0.7,1,11,0.76595,0.41978,0.57804,0.57687,0.22119
29,"In this case, They usually",euc_unemb,0.9,1,13,0.90532,0.48691,0.84874,0.84277,0.17422
29,"In this case, They usually",euc_unemb,0.99,1,18,0.99308,0.61234,1.78766,1.76455,0.25067
29,"In this case, They usually",cau_unemb,0.3,1,8,0.32995,0.34562,0.2811,0.28563,0.16485
29,"In this case, They usually",cau_unemb,0.5,1,10,0.56079,0.34545,0.41558,0.41902,0.19968
29,"In this case, They usually",cau_unemb,0.7,1,12,0.76894,0.38208,0.56835,0.56946,0.21736
29,"In this case, They usually",cau_unemb,0.9,1,15,0.93372,0.47594,0.86245,0.85777,0.1724
29,"In this case, They usually",cau_unemb,0.99,1,20,0.99365,0.6041,1.57785,1.55925,0.19318
29,"In this case, They usually",dua_unemb,0.3,1,13,0.33764,0.5391,0.10008,0.10297,0.00643
29,"In this case, They usually",dua_unemb,0.5,1,17,0.50428,0.55087,0.19696,0.19678,0.00841
29,"In this case, They usually",dua_unemb,0.7,1,24,0.7015,0.57441,0.48262,0.47206,0.01492
29,"In this case, They usually",dua_unemb,0.9,1,42,0.90721,0.61774,1.62357,1.57225,0.15647
29,"In this case, They usually",dua_unemb,0.99,1,59,0.99184,0.64031,3.21267,3.11491,0.17577
29,"In this case, They usually",euc_dmd,0.3,1,7,0.35241,0.35381,0.3296,0.33307,0.17278
29,"In this case, They usually",euc_dmd,0.5,1,9,0.62916,0.35687,0.53664,0.53793,0.1784
29,"In this case, They usually",euc_dmd,0.7,1,10,0.75031,0.37608,0.6579,0.65738,0.20089
29,"In this case, They usually",euc_dmd,0.9,1,12,0.90436,0.43566,0.94715,0.94167,0.15667
29,"In this case, They usually",euc_dmd,0.99,1,17,0.99399,0.57199,1.92345,1.90049,0.21275
29,"In this case, They usually",cau_dmd,0.3,1,8,0.38839,0.32446,0.43458,0.44004,0.21193
29,"In this case, They usually",cau_dmd,0.5,1,9,0.51209,0.31773,0.53458,0.53933,0.2138
29,"In this case, They usually",cau_dmd,0.7,1,11,0.74086,0.328,0.76238,0.76447,0.14142
29,"In this case, They usually",cau_dmd,0.9,1,14,0.92689,0.37276,1.21544,1.21081,0.15787
29,"In this case, They usually",cau_dmd,0.99,1,19,0.99308,0.42121,2.22303,2.2028,0.17134
29,"In this case, They usually",dua_dmd,0.3,1,10,0.35732,0.51839,0.12313,0.12737,0.01425
29,"In this case, They usually",dua_dmd,0.5,1,13,0.55498,0.52119,0.22205,0.22567,0.01735
29,"In this case, They usually",dua_dmd,0.7,1,16,0.72401,0.52984,0.34854,0.35036,0.02233
29,"In this case, They usually",dua_dmd,0.9,1,22,0.9207,0.55513,0.68606,0.68089,0.02698
29,"In this case, They usually",dua_dmd,0.99,1,29,0.99085,0.58558,1.22852,1.21082,0.03652
24,"At work, The workers now",euc_ctx,0.3,1,18,0.3016,0.43001,0.28012,0.28581,0.05583
24,"At work, The workers now",euc_ctx,0.5,1,22,0.50858,0.41629,0.37467,0.37952,0.06063
24,"At work, The workers now",euc_ctx,0.7,1,26,0.71278,0.43859,0.45121,0.45419,0.06076
24,"At work, The workers now",euc_ctx,0.9,1,32,0.9022,0.5205,0.56454,0.5629,0.05917
24,"At work, The workers now",euc_ctx,0.99,1,43,0.99035,0.67603,0.93019,0.91602,0.055
24,"At work, The workers now",cau_ctx,0.3,1,35,0.30043,0.34529,0.64358,0.64932,0.20704
24,"At work, The workers now",cau_ctx,0.5,1,43,0.51864,0.22752,1.17366,1.17493,0.26059
24,"At work, The workers now",cau_ctx,0.7,1,50,0.70918,0.14726,1.78542,1.78024,0.26225
24,"At work, The workers now",cau_ctx,0.9,1,61,0.90043,0.07366,2.89085,2.87251,0.28892
24,"At work, The workers now",cau_ctx,0.99,1,81,0.99084,0.02394,5.02305,4.97729,0.30643
24,"At work, The workers now",dua_ctx,0.3,1,70,0.30271,0.60011,0.51471,0.50292,0.03711
24,"At work, The workers now",dua_ctx,0.5,1,111,0.50281,0.57255,1.35925,1.31609,0.04059
24,"At work, The workers now",dua_ctx,0.7,1,160,0.70114,0.56051,2.78984,2.70551,0.05886
24,"At work, The workers now",dua_ctx,0.9,1,216,0.90229,0.54696,4.51766,4.40028,0.06494
24,"At work, The workers now",dua_ctx,0.99,1,248,0.99016,0.53934,5.55474,5.42544,0.06579
24,"At work, The workers now",euc_unemb,0.3,1,9,0.39327,0.46134,0.22918,0.23264,0.02727
24,"At work, The workers now",euc_unemb,0.5,1,10,0.51362,0.46583,0.27056,0.27322,0.02905
24,"At work, The workers now",euc_unemb,0.7,1,12,0.73799,0.5052,0.36877,0.36868,0.02914
24,"At work, The workers now",euc_unemb,0.9,1,15,0.92551,0.59819,0.6032,0.59611,0.04348
24,"At work, The workers now",euc_unemb,0.99,1,20,0.99349,0.68198,1.2583,1.23455,0.05545
24,"At work, The workers now",cau_unemb,0.3,1,9,0.34189,0.42199,0.23416,0.23919,0.0308
24,"At work, The workers now",cau_unemb,0.5,1,11,0.56352,0.42592,0.28951,0.29349,0.03298
24,"At work, The workers now",cau_unemb,0.7,1,13,0.76219,0.4678,0.33797,0.33972,0.03343
24,"At work, The workers now",cau_unemb,0.9,1,16,0.92598,0.56645,0.45878,0.45506,0.04162
24,"At work, The workers now",cau_unemb,0.99,1,21,0.99176,0.68488,0.8726,0.85574,0.04883
24,"At work, The workers now",dua_unemb,0.3,1,15,0.32348,0.64912,0.12323,0.12414,0.00568
24,"At work, The workers now",dua_unemb,0.5,1,22,0.51444,0.67059,0.31474,0.30797,0.00716
24,"At work, The workers now",dua_unemb,0.7,1,35,0.70641,0.71311,0.86546,0.8355,0.01346
24,"At work, The workers now",dua_unemb,0.9,1,64,0.90172,0.7604,2.78909,2.68882,0.02479
24,"At work, The workers now",dua_unemb,0.99,1,85,0.99118,0.76284,4.07212,3.94268,0.05619
24,"At work, The workers now",euc_dmd,0.3,1,7,0.30581,0.43032,0.24363,0.24755,0.04792
24,"At work, The workers now",euc_dmd,0.5,1,9,0.57728,0.43179,0.34894,0.3512,0.05027
24,"At work, The workers now",euc_dmd,0.7,1,10,0.7062,0.45556,0.40359,0.40435,0.05564
24,"At work, The workers now",euc_dmd,0.9,1,13,0.92889,0.58091,0.63681,0.63053,0.05875
24,"At work, The workers now",euc_dmd,0.99,1,17,0.99195,0.72697,1.14359,1.12379,0.06832
24,"At work, The workers now",cau_dmd,0.3,1,8,0.38099,0.39836,0.30694,0.31272,0.04871
24,"At work, The workers now",cau_dmd,0.5,1,9,0.51015,0.39859,0.35188,0.35708,0.05421
24,"At work, The workers now",cau_dmd,0.7,1,11,0.74698,0.43689,0.45079,0.45367,0.0527
24,"At work, The workers now",cau_dmd,0.9,1,14,0.93198,0.5439,0.70012,0.69671,0.06088
24,"At work, The workers now",cau_dmd,0.99,1,18,0.99013,0.65294,1.23397,1.21858,0.06466
24,"At work, The workers now",dua_dmd,0.3,1,11,0.34606,0.62481,0.12084,0.12405,0.01267
24,"At work, The workers now",dua_dmd,0.5,1,14,0.50655,0.62651,0.21212,0.21397,0.01634
24,"At work, The workers now",dua_dmd,0.7,1,20,0.72599,0.64336,0.42826,0.42465,0.01743
24,"At work, The workers now",dua_dmd,0.9,1,30,0.90846,0.68271,0.86707,0.84851,0.03681
24,"At work, The workers now",dua_dmd,0.99,1,41,0.99246,0.7244,1.50711,1.4656,0.04402
224,"Today, Both of them generally",euc_ctx,0.3,1,11,0.31241,0.40945,0.15926,0.16331,0.0492
224,"Today, Both of them generally",euc_ctx,0.5,1,15,0.53754,0.40123,0.27499,0.27855,0.06216
224,"Today, Both of them generally",euc_ctx,0.7,1,18,0.70178,0.41957,0.36978,0.37213,0.06741
224,"Today, Both of them generally",euc_ctx,0.9,1,24,0.90624,0.50051,0.59767,0.59565,0.06911
224,"Today, Both of them generally",euc_ctx,0.99,1,34,0.99032,0.64014,1.17601,1.16266,0.06795
224,"Today, Both of them generally",cau_ctx,0.3,1,21,0.31009,0.41374,0.24968,0.25504,0.06419
224,"Today, Both of them generally",cau_ctx,0.5,1,28,0.51577,0.39075,0.43734,0.44211,0.13228
224,"Today, Both of them generally",cau_ctx,0.7,1,35,0.71738,0.38489,0.68422,0.68684,0.14243
224,"Today, Both of them generally",cau_ctx,0.9,1,46,0.90961,0.37203,1.2551,1.25099,0.15719
224,"Today, Both of them generally",cau_ctx,0.99,1,64,0.99003,0.25797,2.74574,2.72335,0.16804
224,"Today, Both of them generally",dua_ctx,0.3,1,42,0.30006,0.50423,0.20938,0.20921,0.0251
224,"Today, Both of them generally",dua_ctx,0.5,1,69,0.50598,0.48254,0.61551,0.60361,0.04781
224,"Today, Both of them generally",dua_ctx,0.7,1,98,0.70197,0.46604,1.34323,1.31122,0.0524
224,"Today, Both of them generally",dua_ctx,0.9,1,135,0.90182,0.46118,2.65868,2.59617,0.06614
224,"Today, Both of them generally",dua_ctx,0.99,1,163,0.99029,0.46689,3.99668,3.91327,0.06675
224,"Today, Both of them generally",euc_unemb,0.3,1,5,0.34531,0.42343,0.1318,0.13456,0.02906
224,"Today, Both of them generally",euc_unemb,0.5,1,7,0.61459,0.43682,0.26401,0.26532,0.0318
224,"Today, Both of them generally",euc_unemb,0.7,1,8,0.73551,0.46079,0.35734,0.35716,0.0383
224,"Today, Both of them generally",euc_unemb,0.9,1,11,0.93709,0.55747,0.77649,0.76898,0.1506
224,"Today, Both of them generally",euc_unemb,0.99,1,15,0.99301,0.63715,1.59266,1.57114,0.17519
224,"Today, Both of them generally",cau_unemb,0.3,1,6,0.41443,0.40898,0.15678,0.16042,0.11338
224,"Today, Both of them generally",cau_unemb,0.5,1,7,0.53925,0.41438,0.20716,0.21036,0.11618
224,"Today, Both of them generally",cau_unemb,0.7,1,9,0.76179,0.45552,0.33912,0.34029,0.03649
224,"Today, Both of them generally",cau_unemb,0.9,1,12,0.93506,0.55094,0.65485,0.65018,0.06314
224,"Today, Both of them generally",cau_unemb,0.99,1,16,0.99065,0.63914,1.28356,1.26769,0.14433
224,"Today, Both of them generally",dua_unemb,0.3,1,8,0.31709,0.5295,0.06482,0.06703,0.00997
224,"Today, Both of them generally",dua_unemb,0.5,1,12,0.53274,0.54094,0.16228,0.16245,0.01925
224,"Today, Both of them generally",dua_unemb,0.7,1,16,0.70539,0.5569,0.3167,0.31281,0.0253
224,"Today, Both of them generally",dua_unemb,0.9,1,26,0.91003,0.59816,0.92032,0.90084,0.03194
224,"Today, Both of them generally",dua_unemb,0.99,1,40,0.9914,0.65295,2.13036,2.08099,0.03727
224,"Today, Both of them generally",euc_dmd,0.3,1,5,0.38337,0.40283,0.17401,0.17653,0.03433
224,"Today, Both of them generally",euc_dmd,0.5,1,6,0.52745,0.40365,0.24621,0.248,0.03517
224,"Today, Both of them generally",euc_dmd,0.7,1,8,0.78315,0.44584,0.44275,0.44151,0.04924
224,"Today, Both of them generally",euc_dmd,0.9,1,10,0.92137,0.51737,0.73116,0.72493,0.06896
224,"Today, Both of them generally",euc_dmd,0.99,1,14,0.99195,0.63293,1.54001,1.52003,0.08161
224,"Today, Both of them generally",cau_dmd,0.3,1,5,0.31643,0.39852,0.15631,0.16026,0.03494
224,"Today, Both of them generally",cau_dmd,0.5,1,7,0.5651,0.39493,0.28084,0.28401,0.04938
224,"Today, Both of them generally",cau_dmd,0.7,1,9,0.78382,0.43143,0.46058,0.4613,0.04776
224,"Today, Both of them generally",cau_dmd,0.9,1,11,0.90944,0.48689,0.72192,0.71861,0.06606
224,"Today, Both of them generally",cau_dmd,0.99,1,16,0.99197,0.58526,1.66458,1.64677,0.07313
224,"Today, Both of them generally",dua_dmd,0.3,1,6,0.32234,0.51578,0.07275,0.075,0.01444
224,"Today, Both of them generally",dua_dmd,0.5,1,9,0.54324,0.51661,0.16755,0.1692,0.01997
224,"Today, Both of them generally",dua_dmd,0.7,1,12,0.73169,0.52309,0.29848,0.29854,0.03072
224,"Today, Both of them generally",dua_dmd,0.9,1,17,0.91321,0.54128,0.59729,0.59285,0.05218
224,"Today, Both of them generally",dua_dmd,0.99,1,26,0.99027,0.57977,1.30979,1.29314,0.06296
155,"Every day, Voters now",euc_ctx,0.3,1,14,0.33475,0.62455,0.13026,0.13532,0.03635
155,"Every day, Voters now",euc_ctx,0.5,1,17,0.50034,0.61899,0.18614,0.19058,0.04085
155,"Every day, Voters now",euc_ctx,0.7,1,21,0.71482,0.63866,0.26903,0.2713,0.04527
155,"Every day, Voters now",euc_ctx,0.9,1,27,0.90848,0.70052,0.42358,0.42015,0.04507
155,"Every day, Voters now",euc_ctx,0.99,1,38,0.99198,0.78792,0.82356,0.80569,0.04696
155,"Every day, Voters now",cau_ctx,0.3,1,28,0.32171,0.62718,0.22066,0.22818,0.04169
155,"Every day, Voters now",cau_ctx,0.5,1,35,0.5105,0.5752,0.38453,0.39112,0.04139
155,"Every day, Voters now",cau_ctx,0.7,1,43,0.72002,0.50126,0.66656,0.66979,0.04376
155,"Every day, Voters now",cau_ctx,0.9,1,55,0.90953,0.35357,1.33306,1.3268,0.31575
155,"Every day, Voters now",cau_ctx,0.99,1,75,0.99042,0.1333,3.0246,2.99442,0.40908
155,"Every day, Voters now",dua_ctx,0.3,1,78,0.30315,0.71076,0.77558,0.75424,0.03956
155,"Every day, Voters now",dua_ctx,0.5,1,135,0.50203,0.69546,2.35778,2.28153,0.05395
155,"Every day, Voters now",dua_ctx,0.7,1,198,0.70078,0.68155,4.19592,4.07778,0.05672
155,"Every day, Voters now",dua_ctx,0.9,1,261,0.90105,0.65483,5.53023,5.39603,0.0573
155,"Every day, Voters now",dua_ctx,0.99,1,296,0.9908,0.63868,6.23446,6.09706,0.05761
155,"Every day, Voters now",euc_unemb,0.3,1,7,0.37322,0.64924,0.11409,0.11755,0.03314
155,"Every day, Voters now",euc_unemb,0.5,1,9,0.61276,0.66114,0.19304,0.19456,0.03741
155,"Every day, Voters now",euc_unemb,0.7,1,10,0.72116,0.67646,0.2459,0.24571,0.04462
155,"Every day, Voters now",euc_unemb,0.9,1,13,0.91956,0.72732,0.47995,0.47213,0.04557
155,"Every day, Voters now",euc_unemb,0.99,1,18,0.99305,0.7471,1.08616,1.06094,0.05016
155,"Every day, Voters now",cau_unemb,0.3,1,7,0.36373,0.59096,0.12837,0.13339,0.03333
155,"Every day, Voters now",cau_unemb,0.5,1,9,0.59775,0.59479,0.1843,0.18814,0.03401
155,"Every day, Voters now",cau_unemb,0.7,1,10,0.7056,0.61044,0.21302,0.21568,0.0398
155,"Every day, Voters now",cau_unemb,0.9,1,13,0.90968,0.68264,0.33216,0.32917,0.04193
155,"Every day, Voters now",cau_unemb,0.99,1,18,0.99106,0.76263,0.6923,0.67569,0.04324
155,"Every day, Voters now",dua_unemb,0.3,1,16,0.31531,0.75155,0.18302,0.17985,0.01444
155,"Every day, Voters now",dua_unemb,0.5,1,31,0.50745,0.79404,0.80165,0.76953,0.04105
155,"Every day, Voters now",dua_unemb,0.7,1,60,0.70134,0.82284,2.79914,2.6918,0.05133
155,"Every day, Voters now",dua_unemb,0.9,1,94,0.90046,0.81406,4.66411,4.52811,0.05356
155,"Every day, Voters now",dua_unemb,0.99,1,113,0.99118,0.80064,5.32594,5.18747,0.05369
155,"Every day, Voters now",euc_dmd,0.3,1,6,0.43495,0.62632,0.13002,0.13348,0.03549
155,"Every day, Voters now",euc_dmd,0.5,1,7,0.58574,0.63946,0.17151,0.17386,0.04231
155,"Every day, Voters now",euc_dmd,0.7,1,8,0.72205,0.66669,0.22227,0.22283,0.04284
155,"Every day, Voters now",euc_dmd,0.9,1,11,0.94157,0.77573,0.46135,0.45319,0.04771
155,"Every day, Voters now",euc_dmd,0.99,1,14,0.99008,0.84826,0.80657,0.78691,0.04843
155,"Every day, Voters now",cau_dmd,0.3,1,6,0.43076,0.57269,0.14542,0.15115,0.0361
155,"Every day, Voters now",cau_dmd,0.5,1,7,0.58011,0.58007,0.17867,0.18373,0.04013
155,"Every day, Voters now",cau_dmd,0.7,1,8,0.71584,0.60351,0.21678,0.22057,0.04097
155,"Every day, Voters now",cau_dmd,0.9,1,11,0.93794,0.7146,0.41272,0.40957,0.04505
155,"Every day, Voters now",cau_dmd,0.99,1,15,0.99375,0.81285,0.84569,0.82924,0.04746
155,"Every day, Voters now",dua_dmd,0.3,1,11,0.31591,0.72775,0.12116,0.12409,0.01518
155,"Every day, Voters now",dua_dmd,0.5,1,17,0.50063,0.74471,0.29035,0.2882,0.02004
155,"Every day, Voters now",dua_dmd,0.7,1,30,0.70755,0.79052,0.81323,0.7897,0.04575
155,"Every day, Voters now",dua_dmd,0.9,1,49,0.90714,0.82753,2.02356,1.95313,0.05269
155,"Every day, Voters now",dua_dmd,0.99,1,61,0.99165,0.8378,2.95055,2.84882,0.05559
216,"Every day, Parents never",euc_ctx,0.3,1,12,0.33649,0.61413,0.13287,0.1372,0.1838
216,"Every day, Parents never",euc_ctx,0.5,1,15,0.50307,0.60891,0.2228,0.22644,0.1881
216,"Every day, Parents never",euc_ctx,0.7,1,19,0.71736,0.61911,0.3829,0.3841,0.19773
216,"Every day, Parents never",euc_ctx,0.9,1,25,0.90905,0.65365,0.6916,0.6865,0.20396
216,"Every day, Parents never",euc_ctx,0.99,1,36,0.99164,0.70216,1.37663,1.35612,0.20931
216,"Every day, Parents never",cau_ctx,0.3,1,22,0.30063,0.62773,0.14653,0.15159,0.02663
216,"Every day, Parents never",cau_ctx,0.5,1,30,0.52565,0.61552,0.2965,0.30071,0.04113
216,"Every day, Parents never",cau_ctx,0.7,1,37,0.71701,0.61649,0.47968,0.4815,0.20576
216,"Every day, Parents never",cau_ctx,0.9,1,48,0.90245,0.6199,0.86511,0.86048,0.20969
216,"Every day, Parents never",cau_ctx,0.99,1,69,0.99075,0.52002,1.94796,1.92502,0.18654
216,"Every day, Parents never",dua_ctx,0.3,1,55,0.30359,0.64757,0.3023,0.29664,0.02602
216,"Every day, Parents never",dua_ctx,0.5,1,87,0.5058,0.61408,0.79286,0.76954,0.0322
216,"Every day, Parents never",dua_ctx,0.7,1,117,0.70405,0.58159,1.51085,1.46432,0.04034
216,"Every day, Parents never",dua_ctx,0.9,1,157,0.90334,0.55182,2.94582,2.86374,0.04466
216,"Every day, Parents never",dua_ctx,0.99,1,191,0.99086,0.54285,4.32293,4.21773,0.05974
216,"Every day, Parents never",euc_unemb,0.3,1,5,0.31305,0.60175,0.12452,0.12772,0.01564
216,"Every day, Parents never",euc_unemb,0.5,1,7,0.57445,0.58117,0.28747,0.28871,0.03578
216,"Every day, Parents never",euc_unemb,0.7,1,9,0.80141,0.57763,0.53623,0.53295,0.08049
216,"Every day, Parents never",euc_unemb,0.9,1,11,0.92401,0.58035,0.85137,0.84167,0.18025
216,"Every day, Parents never",euc_unemb,0.99,1,15,0.99119,0.57773,1.58155,1.55644,0.19132
216,"Every day, Parents never",cau_unemb,0.3,1,6,0.3732,0.58138,0.15495,0.15897,0.02689
216,"Every day, Parents never",cau_unemb,0.5,1,8,0.6152,0.56553,0.30427,0.30647,0.0369
216,"Every day, Parents never",cau_unemb,0.7,1,9,0.72399,0.5641,0.40106,0.40157,0.04045
216,"Every day, Parents never",cau_unemb,0.9,1,12,0.92082,0.56953,0.76629,0.75935,0.08296
216,"Every day, Parents never",cau_unemb,0.99,1,17,0.99289,0.56345,1.52005,1.49694,0.18312
216,"Every day, Parents never",dua_unemb,0.3,1,9,0.30659,0.67628,0.08895,0.08953,0.03347
216,"Every day, Parents never",dua_unemb,0.5,1,14,0.50171,0.68689,0.20594,0.20321,0.03025
216,"Every day, Parents never",dua_unemb,0.7,1,20,0.70067,0.70407,0.4395,0.42991,0.04368
216,"Every day, Parents never",dua_unemb,0.9,1,30,0.90496,0.73165,1.15915,1.13105,0.04871
216,"Every day, Parents never",dua_unemb,0.99,1,41,0.99024,0.74937,2.37725,2.31938,0.0516
216,"Every day, Parents never",euc_dmd,0.3,1,5,0.31528,0.58084,0.14833,0.15254,0.02239
216,"Every day, Parents never",euc_dmd,0.5,1,7,0.5817,0.56095,0.32564,0.32821,0.04112
216,"Every day, Parents never",euc_dmd,0.7,1,8,0.70859,0.56168,0.44804,0.4488,0.06795
216,"Every day, Parents never",euc_dmd,0.9,1,11,0.92988,0.58555,0.93777,0.92995,0.18641
216,"Every day, Parents never",euc_dmd,0.99,1,15,0.99245,0.61355,1.75608,1.73311,0.23282
216,"Every day, Parents never",cau_dmd,0.3,1,6,0.34528,0.5625,0.18037,0.18587,0.17955
216,"Every day, Parents never",cau_dmd,0.5,1,8,0.57653,0.54986,0.31922,0.32366,0.0396
216,"Every day, Parents never",cau_dmd,0.7,1,10,0.77895,0.56181,0.51414,0.51566,0.06918
216,"Every day, Parents never",cau_dmd,0.9,1,12,0.90128,0.58601,0.77266,0.76975,0.09875
216,"Every day, Parents never",cau_dmd,0.99,1,18,0.99369,0.64646,1.78169,1.761,0.20599
216,"Every day, Parents never",dua_dmd,0.3,1,9,0.34063,0.65911,0.11016,0.11289,0.02794
216,"Every day, Parents never",dua_dmd,0.5,1,13,0.51836,0.66006,0.2197,0.22149,0.03766
216,"Every day, Parents never",dua_dmd,0.7,1,19,0.71202,0.66744,0.45377,0.45219,0.04419
216,"Every day, Parents never",dua_dmd,0.9,1,29,0.90314,0.68689,1.04383,1.03183,0.05409
216,"Every day, Parents never",dua_dmd,0.99,1,42,0.99177,0.72024,2.24248,2.20583,0.05761
8,"Every day, Both of them rarely",euc_ctx,0.3,1,10,0.33492,0.42465,0.10007,0.10274,0.05295
8,"Every day, Both of them rarely",euc_ctx,0.5,1,13,0.50749,0.42077,0.14472,0.14701,0.05421
8,"Every day, Both of them rarely",euc_ctx,0.7,1,17,0.72824,0.45561,0.19914,0.1999,0.05318
8,"Every day, Both of them rarely",euc_ctx,0.9,1,23,0.91844,0.56707,0.3187,0.315,0.03644
8,"Every day, Both of them rarely",euc_ctx,0.99,1,33,0.99197,0.7442,0.7561,0.74081,0.04326
8,"Every day, Both of them rarely",cau_ctx,0.3,1,18,0.317,0.46517,0.10362,0.10723,0.04335
8,"Every day, Both of them rarely",cau_ctx,0.5,1,24,0.50245,0.46548,0.17579,0.17907,0.05263
8,"Every day, Both of them rarely",cau_ctx,0.7,1,31,0.71563,0.49181,0.29932,0.30079,0.0426
8,"Every day, Both of them rarely",cau_ctx,0.9,1,41,0.90351,0.53526,0.6216,0.61758,0.05598
8,"Every day, Both of them rarely",cau_ctx,0.99,1,59,0.99024,0.47156,1.69448,1.67387,0.13994
8,"Every day, Both of them rarely",dua_ctx,0.3,1,38,0.30695,0.53395,0.1547,0.15301,0.00458
8,"Every day, Both of them rarely",dua_ctx,0.5,1,61,0.50145,0.51863,0.40655,0.39526,0.00999
8,"Every day, Both of them rarely",dua_ctx,0.7,1,86,0.70585,0.50514,0.80118,0.77443,0.02026
8,"Every day, Both of them rarely",dua_ctx,0.9,1,116,0.90129,0.50108,1.42398,1.37403,0.03112
8,"Every day, Both of them rarely",dua_ctx,0.99,1,146,0.99101,0.52025,2.18316,2.10986,0.04012
8,"Every day, Both of them rarely",euc_unemb,0.3,1,5,0.39991,0.42343,0.13802,0.13927,0.05659
8,"Every day, Both of them rarely",euc_unemb,0.5,1,6,0.53401,0.42446,0.19239,0.19284,0.05404
8,"Every day, Both of them rarely",euc_unemb,0.7,1,8,0.77371,0.46574,0.34093,0.33851,0.18524
8,"Every day, Both of them rarely",euc_unemb,0.9,1,10,0.91163,0.53782,0.5634,0.55641,0.17782
8,"Every day, Both of them rarely",euc_unemb,0.99,1,15,0.99415,0.67245,1.42671,1.40313,0.20022
8,"Every day, Both of them rarely",cau_unemb,0.3,1,5,0.34536,0.43032,0.10511,0.10762,0.05458
8,"Every day, Both of them rarely",cau_unemb,0.5,1,7,0.58361,0.43516,0.18653,0.18812,0.05481
8,"Every day, Both of them rarely",cau_unemb,0.7,1,9,0.78869,0.48187,0.30529,0.30455,0.16066
8,"Every day, Both of them rarely",cau_unemb,0.9,1,11,0.90871,0.54963,0.48388,0.47944,0.15102
8,"Every day, Both of them rarely",cau_unemb,0.99,1,16,0.99143,0.67182,1.18747,1.1695,0.19897
8,"Every day, Both of them rarely",dua_unemb,0.3,1,7,0.30062,0.55889,0.04591,0.04671,0.01868
8,"Every day, Both of them rarely",dua_unemb,0.5,1,12,0.53744,0.57556,0.14552,0.14328,0.02372
8,"Every day, Both of them rarely",dua_unemb,0.7,1,17,0.72338,0.59641,0.31839,0.31043,0.02659
8,"Every day, Both of them rarely",dua_unemb,0.9,1,26,0.90593,0.63347,0.8411,0.8181,0.03521
8,"Every day, Both of them rarely",dua_unemb,0.99,1,41,0.99123,0.68141,2.09336,2.03773,0.06098
8,"Every day, Both of them rarely",euc_dmd,0.3,1,5,0.39047,0.40409,0.16361,0.16455,0.06474
8,"Every day, Both of them rarely",euc_dmd,0.5,1,6,0.5237,0.40154,0.22397,0.22405,0.06809
8,"Every day, Both of them rarely",euc_dmd,0.7,1,8,0.76643,0.4392,0.38243,0.37959,0.19718
8,"Every day, Both of them rarely",euc_dmd,0.9,1,10,0.90855,0.51688,0.61727,0.60991,0.20066
8,"Every day, Both of them rarely",euc_dmd,0.99,1,15,0.99398,0.69967,1.53492,1.51109,0.23161
8,"Every day, Both of them rarely",cau_dmd,0.3,1,5,0.30672,0.42089,0.12511,0.12756,0.06352
8,"Every day, Both of them rarely",cau_dmd,0.5,1,7,0.52376,0.41505,0.2097,0.21138,0.06738
8,"Every day, Both of them rarely",cau_dmd,0.7,1,9,0.73293,0.45198,0.32604,0.32576,0.07208
8,"Every day, Both of them rarely",cau_dmd,0.9,1,12,0.91568,0.56049,0.62172,0.61622,0.21737
8,"Every day, Both of them rarely",cau_dmd,0.99,1,17,0.99077,0.724,1.43533,1.41654,0.24203
8,"Every day, Both of them rarely",dua_dmd,0.3,1,7,0.30824,0.54809,0.05388,0.0545,0.02006
8,"Every day, Both of them rarely",dua_dmd,0.5,1,12,0.52918,0.55746,0.148,0.14682,0.02625
8,"Every day, Both of them rarely",dua_dmd,0.7,1,18,0.70941,0.5746,0.33152,0.32647,0.03059
8,"Every day, Both of them rarely",dua_dmd,0.9,1,36,0.90167,0.63838,1.37389,1.34584,0.06489
8,"Every day, Both of them rarely",dua_dmd,0.99,1,59,0.99145,0.70075,3.20395,3.1344,0.19312
252,"Usually, Both of them just",euc_ctx,0.3,1,12,0.34214,0.56175,0.13969,0.14459,0.0204
252,"Usually, Both of them just",euc_ctx,0.5,1,15,0.51213,0.55718,0.21414,0.2186,0.02748
252,"Usually, Both of them just",euc_ctx,0.7,1,19,0.72849,0.58063,0.32893,0.33143,0.05858
252,"Usually, Both of them just",euc_ctx,0.9,1,25,0.9167,0.64938,0.54226,0.53923,0.06089
252,"Usually, Both of them just",euc_ctx,0.99,1,35,0.99148,0.73462,1.03543,1.01927,0.14121
252,"Usually, Both of them just",cau_ctx,0.3,1,22,0.31518,0.55266,0.20655,0.21258,0.04468
252,"Usually, Both of them just",cau_ctx,0.5,1,29,0.52088,0.52498,0.35942,0.36478,0.05752
252,"Usually, Both of them just",cau_ctx,0.7,1,36,0.72129,0.51025,0.56041,0.56336,0.1129
252,"Usually, Both of them just",cau_ctx,0.9,1,46,0.90072,0.4832,0.97003,0.96659,0.12685
252,"Usually, Both of them just",cau_ctx,0.99,1,65,0.99045,0.33636,2.21534,2.19266,0.14422
252,"Usually, Both of them just",dua_ctx,0.3,1,46,0.30476,0.6139,0.31276,0.31083,0.02285
252,"Usually, Both of them just",dua_ctx,0.5,1,72,0.50115,0.57202,0.78067,0.76499,0.03112
252,"Usually, Both of them just",dua_ctx,0.7,1,99,0.70045,0.53632,1.46707,1.43058,0.033
252,"Usually, Both of them just",dua_ctx,0.9,1,132,0.90237,0.50527,2.53841,2.47226,0.04153
252,"Usually, Both of them just",dua_ctx,0.99,1,159,0.99124,0.49611,3.56326,3.4754,0.11691
252,"Usually, Both of them just",euc_unemb,0.3,1,5,0.33131,0.6104,0.10546,0.10886,0.02558
252,"Usually, Both of them just",euc_unemb,0.5,1,7,0.60146,0.62847,0.25103,0.25268,0.05583
252,"Usually, Both of them just",euc_unemb,0.7,1,8,0.72526,0.6504,0.36407,0.36388,0.06328
252,"Usually, Both of them just",euc_unemb,0.9,1,11,0.93424,0.72244,0.84647,0.83748,0.14977
252,"Usually, Both of them just",euc_unemb,0.99,1,15,0.99262,0.76688,1.64768,1.62299,0.15959
252,"Usually, Both of them just",cau_unemb,0.3,1,6,0.39172,0.58887,0.12804,0.13251,0.03046
252,"Usually, Both of them just",cau_unemb,0.5,1,7,0.51528,0.59572,0.18062,0.18461,0.03163
252,"Usually, Both of them just",cau_unemb,0.7,1,9,0.74307,0.635,0.33271,0.33427,0.06264
252,"Usually, Both of them just",cau_unemb,0.9,1,12,0.92802,0.71209,0.67931,0.674,0.1156
252,"Usually, Both of them just",cau_unemb,0.99,1,17,0.99344,0.77548,1.43625,1.41507,0.14643
252,"Usually, Both of them just",dua_unemb,0.3,1,8,0.31813,0.67176,0.05863,0.06127,0.0108
252,"Usually, Both of them just",dua_unemb,0.5,1,12,0.53145,0.68361,0.1488,0.14963,0.01389
252,"Usually, Both of them just",dua_unemb,0.7,1,16,0.70587,0.70051,0.29237,0.28931,0.01659
252,"Usually, Both of them just",dua_unemb,0.9,1,25,0.90328,0.73945,0.82179,0.80391,0.02138
252,"Usually, Both of them just",dua_unemb,0.99,1,39,0.99095,0.7802,2.11595,2.06386,0.04197
252,"Usually, Both of them just",euc_dmd,0.3,1,5,0.34967,0.57815,0.14511,0.14873,0.02427
252,"Usually, Both of them just",euc_dmd,0.5,1,7,0.63094,0.59435,0.31789,0.31958,0.13552
252,"Usually, Both of them just",euc_dmd,0.7,1,8,0.75362,0.61942,0.44346,0.4432,0.14763
252,"Usually, Both of them just",euc_dmd,0.9,1,10,0.90767,0.68102,0.77302,0.76712,0.15353
252,"Usually, Both of them just",euc_dmd,0.99,1,14,0.99028,0.76433,1.62666,1.60544,0.16216
252,"Usually, Both of them just",cau_dmd,0.3,1,6,0.38174,0.55582,0.18945,0.19459,0.11626
252,"Usually, Both of them just",cau_dmd,0.5,1,7,0.50257,0.55869,0.25045,0.25521,0.12855
252,"Usually, Both of them just",cau_dmd,0.7,1,9,0.72959,0.59455,0.41143,0.41403,0.14164
252,"Usually, Both of them just",cau_dmd,0.9,1,12,0.92116,0.68121,0.79025,0.78649,0.14848
252,"Usually, Both of them just",cau_dmd,0.99,1,17,0.99244,0.77266,1.68419,1.66506,0.1517
252,"Usually, Both of them just",dua_dmd,0.3,1,7,0.35848,0.6529,0.08267,0.08506,0.01218
252,"Usually, Both of them just",dua_dmd,0.5,1,9,0.50458,0.65235,0.14439,0.14655,0.01465
252,"Usually, Both of them just",dua_dmd,0.7,1,13,0.74167,0.65927,0.31329,0.3139,0.09236
252,"Usually, Both of them just",dua_dmd,0.9,1,19,0.90346,0.67986,0.62338,0.62003,0.09741
252,"Usually, Both of them just",dua_dmd,0.99,1,31,0.99084,0.73422,1.44269,1.42486,0.10054
116,"In this case, Voters sometimes",euc_ctx,0.3,1,20,0.30858,0.36537,0.38197,0.38921,0.04914
116,"In this case, Voters sometimes",euc_ctx,0.5,1,24,0.53042,0.36385,0.55209,0.55825,0.08175
116,"In this case, Voters sometimes",euc_ctx,0.7,1,28,0.74083,0.39246,0.7436,0.74739,0.08413
116,"In this case, Voters sometimes",euc_ctx,0.9,1,33,0.90118,0.45487,1.03566,1.03478,0.08459
116,"In this case, Voters sometimes",euc_ctx,0.99,1,44,0.99151,0.57255,1.93474,1.91917,0.08824
116,"In this case, Voters sometimes",cau_ctx,0.3,1,41,0.3155,0.27543,1.04268,1.0482,0.15893
116,"In this case, Voters sometimes",cau_ctx,0.5,1,48,0.50352,0.16577,1.76377,1.76331,0.16331
116,"In this case, Voters sometimes",cau_ctx,0.7,1,56,0.71386,0.08268,2.80387,2.79343,0.16735
116,"In this case, Voters sometimes",cau_ctx,0.9,1,68,0.90608,0.02979,4.51569,4.48737,0.18224
116,"In this case, Voters sometimes",cau_ctx,0.99,1,89,0.99067,0.00621,7.56653,7.50479,0.20005
116,"In this case, Voters sometimes",dua_ctx,0.3,1,68,0.30537,0.488,0.80636,0.79953,0.05303
116,"In this case, Voters sometimes",dua_ctx,0.5,1,98,0.50286,0.4597,1.92771,1.89931,0.06475
116,"In this case, Voters sometimes",dua_ctx,0.7,1,127,0.70546,0.42989,3.42416,3.36896,0.06899
116,"In this case, Voters sometimes",dua_ctx,0.9,1,159,0.90371,0.40425,5.34132,5.25776,0.07867
116,"In this case, Voters sometimes",dua_ctx,0.99,1,185,0.99037,0.39511,7.02419,6.92128,0.08977
116,"In this case, Voters sometimes",euc_unemb,0.3,1,9,0.40386,0.3444,0.35335,0.35757,0.04309
116,"In this case, Voters sometimes",euc_unemb,0.5,1,10,0.54499,0.35412,0.43999,0.44322,0.04183
116,"In this case, Voters sometimes",euc_unemb,0.7,1,12,0.78974,0.40668,0.67171,0.67143,0.16553
116,"In this case, Voters sometimes",euc_unemb,0.9,1,14,0.922,0.4787,1.00508,0.99929,0.17407
116,"In this case, Voters sometimes",euc_unemb,0.99,1,18,0.99159,0.57438,1.9259,1.90505,0.21077
116,"In this case, Voters sometimes",cau_unemb,0.3,1,9,0.31749,0.30499,0.33391,0.33988,0.14987
116,"In this case, Voters sometimes",cau_unemb,0.5,1,11,0.56805,0.31274,0.46634,0.47117,0.12947
116,"In this case, Voters sometimes",cau_unemb,0.7,1,13,0.78771,0.35981,0.62671,0.62894,0.16754
116,"In this case, Voters sometimes",cau_unemb,0.9,1,15,0.91259,0.42906,0.84871,0.84686,0.16929
116,"In this case, Voters sometimes",cau_unemb,0.99,1,20,0.99271,0.56006,1.715,1.69818,0.18972
116,"In this case, Voters sometimes",dua_unemb,0.3,1,13,0.33253,0.49916,0.13113,0.13363,0.02508
116,"In this case, Voters sometimes",dua_unemb,0.5,1,17,0.51459,0.51275,0.26288,0.26248,0.0233
116,"In this case, Voters sometimes",dua_unemb,0.7,1,23,0.71263,0.53714,0.59333,0.58497,0.04476
116,"In this case, Voters sometimes",dua_unemb,0.9,1,37,0.90629,0.58234,1.93582,1.89721,0.07925
116,"In this case, Voters sometimes",dua_unemb,0.99,1,52,0.99207,0.61324,4.15192,4.06957,0.085
116,"In this case, Voters sometimes",euc_dmd,0.3,1,8,0.35751,0.30188,0.40163,0.40691,0.0462
116,"In this case, Voters sometimes",euc_dmd,0.5,1,9,0.50721,0.3047,0.49639,0.50089,0.06321
116,"In this case, Voters sometimes",euc_dmd,0.7,1,11,0.77885,0.35378,0.71438,0.71586,0.08685
116,"In this case, Voters sometimes",euc_dmd,0.9,1,13,0.92322,0.44062,1.01009,1.00658,0.09352
116,"In this case, Voters sometimes",euc_dmd,0.99,1,17,0.9928,0.59147,1.88157,1.86374,0.09655
116,"In this case, Voters sometimes",cau_dmd,0.3,1,9,0.38753,0.26143,0.48162,0.48886,0.15664
116,"In this case, Voters sometimes",cau_dmd,0.5,1,10,0.52314,0.26516,0.55723,0.56398,0.15685
116,"In this case, Voters sometimes",cau_dmd,0.7,1,12,0.76593,0.30719,0.7199,0.72459,0.06677
116,"In this case, Voters sometimes",cau_dmd,0.9,1,14,0.90601,0.38257,0.94219,0.94331,0.08322
116,"In this case, Voters sometimes",cau_dmd,0.99,1,19,0.99262,0.55814,1.86829,1.85514,0.08865
116,"In this case, Voters sometimes",dua_dmd,0.3,1,10,0.34272,0.47548,0.12963,0.13434,0.02333
116,"In this case, Voters sometimes",dua_dmd,0.5,1,12,0.50925,0.47608,0.21182,0.21649,0.02815
116,"In this case, Voters sometimes",dua_dmd,0.7,1,15,0.74188,0.48397,0.3873,0.39088,0.03524
116,"In this case, Voters sometimes",dua_dmd,0.9,1,19,0.92674,0.50404,0.71902,0.71902,0.03699
116,"In this case, Voters sometimes",dua_dmd,0.99,1,25,0.99235,0.53626,1.34557,1.33709,0.07057
113,"In this case, Voters always",euc_ctx,0.3,1,11,0.30058,0.57204,0.1276,0.13247,0.04669
113,"In this case, Voters always",euc_ctx,0.5,1,15,0.51723,0.58569,0.25951,0.26399,0.19382
113,"In this case, Voters always",euc_ctx,0.7,1,19,0.72696,0.62323,0.44114,0.44359,0.22497
113,"In this case, Voters always",euc_ctx,0.9,1,25,0.91194,0.69604,0.79434,0.79107,0.23512
113,"In this case, Voters always",euc_ctx,0.99,1,36,0.99185,0.78146,1.61728,1.59929,0.24565
113,"In this case, Voters always",cau_ctx,0.3,1,23,0.3211,0.58998,0.22258,0.22894,0.06754
113,"In this case, Voters always",cau_ctx,0.5,1,30,0.50961,0.57718,0.4261,0.43188,0.22091
113,"In this case, Voters always",cau_ctx,0.7,1,38,0.71759,0.54425,0.77649,0.77936,0.26973
113,"In this case, Voters always",cau_ctx,0.9,1,50,0.9059,0.42686,1.56788,1.56189,0.24875
113,"In this case, Voters always",cau_ctx,0.99,1,72,0.99094,0.15454,3.73786,3.70598,0.27175
113,"In this case, Voters always",dua_ctx,0.3,1,55,0.30399,0.5782,0.39069,0.38635,0.05974
113,"In this case, Voters always",dua_ctx,0.5,1,89,0.50289,0.5471,1.09563,1.07186,0.07197
113,"In this case, Voters always",dua_ctx,0.7,1,121,0.70065,0.51471,2.3021,2.25206,0.08176
113,"In this case, Voters always",dua_ctx,0.9,1,162,0.90248,0.4893,4.31029,4.22544,0.09247
113,"In this case, Voters always",dua_ctx,0.99,1,193,0.99001,0.48054,5.97633,5.87046,0.1045
113,"In this case, Voters always",euc_unemb,0.3,1,5,0.3135,0.55375,0.10764,0.11114,0.02469
113,"In this case, Voters always",euc_unemb,0.5,1,7,0.56658,0.56882,0.24244,0.24468,0.06075
113,"In this case, Voters always",euc_unemb,0.7,1,9,0.79087,0.60931,0.46873,0.46741,0.08212
113,"In this case, Voters always",euc_unemb,0.9,1,11,0.91706,0.65063,0.78872,0.78183,0.24422
113,"In this case, Voters always",euc_unemb,0.99,1,16,0.99411,0.68741,1.8271,1.80174,0.28501
113,"In this case, Voters always",cau_unemb,0.3,1,6,0.38937,0.5353,0.14013,0.14451,0.05636
113,"In this case, Voters always",cau_unemb,0.5,1,7,0.50882,0.54367,0.19442,0.19843,0.05716
113,"In this case, Voters always",cau_unemb,0.7,1,9,0.73189,0.58215,0.34151,0.34338,0.21053
113,"In this case, Voters always",cau_unemb,0.9,1,12,0.92081,0.65267,0.67926,0.6748,0.27394
113,"In this case, Voters always",cau_unemb,0.99,1,17,0.99227,0.69855,1.48184,1.46223,0.2518
113,"In this case, Voters always",dua_unemb,0.3,1,9,0.30102,0.60237,0.07536,0.07669,0.01924
113,"In this case, Voters always",dua_unemb,0.5,1,15,0.52161,0.61916,0.22481,0.22149,0.02702
113,"In this case, Voters always",dua_unemb,0.7,1,22,0.7012,0.64238,0.55296,0.53903,0.06166
113,"In this case, Voters always",dua_unemb,0.9,1,43,0.9058,0.68957,2.42116,2.35604,0.0878
113,"In this case, Voters always",dua_unemb,0.99,1,59,0.99005,0.70025,4.4474,4.34219,0.09704
113,"In this case, Voters always",euc_dmd,0.3,1,5,0.34607,0.52844,0.13683,0.14091,0.03287
113,"In this case, Voters always",euc_dmd,0.5,1,7,0.61919,0.54979,0.27333,0.27598,0.06835
113,"In this case, Voters always",euc_dmd,0.7,1,8,0.7411,0.57619,0.36657,0.36758,0.07985
113,"In this case, Voters always",euc_dmd,0.9,1,11,0.94048,0.67084,0.78311,0.77604,0.09901
113,"In this case, Voters always",euc_dmd,0.99,1,15,0.99362,0.74427,1.58372,1.56178,0.11303
113,"In this case, Voters always",cau_dmd,0.3,1,6,0.41093,0.50322,0.17974,0.18508,0.03513
113,"In this case, Voters always",cau_dmd,0.5,1,7,0.53432,0.51476,0.22654,0.23153,0.06776
113,"In this case, Voters always",cau_dmd,0.7,1,9,0.75489,0.56901,0.34387,0.34678,0.07029
113,"In this case, Voters always",cau_dmd,0.9,1,12,0.92964,0.67869,0.65718,0.65381,0.09379
113,"In this case, Voters always",cau_dmd,0.99,1,17,0.99287,0.79195,1.51107,1.49234,0.10846
113,"In this case, Voters always",dua_dmd,0.3,1,7,0.3201,0.58723,0.0749,0.07759,0.0196
113,"In this case, Voters always",dua_dmd,0.5,1,11,0.54826,0.59261,0.18544,0.18711,0.03223
113,"In this case, Voters always",dua_dmd,0.7,1,15,0.73182,0.60528,0.34321,0.34213,0.03427
113,"In this case, Voters always",dua_dmd,0.9,1,21,0.90575,0.63159,0.69138,0.68313,0.03879
113,"In this case, Voters always",dua_dmd,0.99,1,30,0.9904,0.67143,1.42623,1.40165,0.08095
205,"Honestly, Our customers rarely",euc_ctx,0.3,1,16,0.32305,0.52826,0.22724,0.23137,0.2057
205,"Honestly, Our customers rarely",euc_ctx,0.5,1,20,0.55151,0.53364,0.3795,0.38194,0.23624
205,"Honestly, Our customers rarely",euc_ctx,0.7,1,23,0.71429,0.55404,0.52324,0.52332,0.24241
205,"Honestly, Our customers rarely",euc_ctx,0.9,1,29,0.91165,0.61402,0.89341,0.88632,0.18107
205,"Honestly, Our customers rarely",euc_ctx,0.99,1,39,0.99089,0.68499,1.70463,1.68171,0.1883
205,"Honestly, Our customers rarely",cau_ctx,0.3,1,32,0.30958,0.59104,0.35937,0.36332,0.22655
205,"Honestly, Our customers rarely",cau_ctx,0.5,1,39,0.50582,0.56115,0.60607,0.6077,0.25048
205,"Honestly, Our customers rarely",cau_ctx,0.7,1,46,0.70161,0.51345,0.97505,0.97224,0.19637
205,"Honestly, Our customers rarely",cau_ctx,0.9,1,58,0.90877,0.38552,1.91893,1.90385,0.23452
205,"Honestly, Our customers rarely",cau_ctx,0.99,1,77,0.9904,0.17379,3.98751,3.94542,0.25872
205,"Honestly, Our customers rarely",dua_ctx,0.3,1,56,0.30507,0.56322,0.38587,0.37745,0.16049
205,"Honestly, Our customers rarely",dua_ctx,0.5,1,87,0.50203,0.52905,1.01926,0.98869,0.16676
205,"Honestly, Our customers rarely",dua_ctx,0.7,1,125,0.70179,0.48777,2.16096,2.0946,0.21566
205,"Honestly, Our customers rarely",dua_ctx,0.9,1,170,0.90137,0.45461,4.4372,4.33383,0.20532
205,"Honestly, Our customers rarely",dua_ctx,0.99,1,199,0.9913,0.44673,6.2914,6.17115,0.20982
205,"Honestly, Our customers rarely",euc_unemb,0.3,1,7,0.40213,0.52102,0.14918,0.15291,0.01672
205,"Honestly, Our customers rarely",euc_unemb,0.5,1,8,0.55065,0.54096,0.21851,0.22123,0.0245
205,"Honestly, Our customers rarely",euc_unemb,0.7,1,10,0.80346,0.60725,0.45173,0.45031,0.23491
205,"Honestly, Our customers rarely",euc_unemb,0.9,1,12,0.93203,0.67174,0.81583,0.80776,0.25809
205,"Honestly, Our customers rarely",euc_unemb,0.99,1,16,0.99363,0.73119,1.74678,1.72177,0.28029
205,"Honestly, Our customers rarely",cau_unemb,0.3,1,7,0.3182,0.48113,0.13771,0.1431,0.02417
205,"Honestly, Our customers rarely",cau_unemb,0.5,1,9,0.57897,0.50571,0.23969,0.24398,0.02575
205,"Honestly, Our customers rarely",cau_unemb,0.7,1,10,0.70244,0.53337,0.31521,0.31819,0.18004
205,"Honestly, Our customers rarely",cau_unemb,0.9,1,13,0.92268,0.63254,0.68096,0.67698,0.25598
205,"Honestly, Our customers rarely",cau_unemb,0.99,1,17,0.99038,0.70471,1.40614,1.38867,0.27077
205,"Honestly, Our customers rarely",dua_unemb,0.3,1,10,0.32549,0.58717,0.0847,0.08665,0.00708
205,"Honestly, Our customers rarely",dua_unemb,0.5,1,14,0.53165,0.59884,0.17701,0.17613,0.00956
205,"Honestly, Our customers rarely",dua_unemb,0.7,1,18,0.70548,0.61392,0.30983,0.30418,0.16817
205,"Honestly, Our customers rarely",dua_unemb,0.9,1,26,0.91285,0.64328,0.70026,0.68061,0.2012
205,"Honestly, Our customers rarely",dua_unemb,0.99,1,35,0.99173,0.66678,1.403,1.36099,0.23172
205,"Honestly, Our customers rarely",euc_dmd,0.3,1,7,0.43127,0.51202,0.1951,0.19947,0.01429
205,"Honestly, Our customers rarely",euc_dmd,0.5,1,8,0.58473,0.53769,0.27502,0.27835,0.0149
205,"Honestly, Our customers rarely",euc_dmd,0.7,1,9,0.72366,0.57694,0.38551,0.38708,0.24192
205,"Honestly, Our customers rarely",euc_dmd,0.9,1,11,0.90086,0.66976,0.7148,0.7108,0.24218
205,"Honestly, Our customers rarely",euc_dmd,0.99,1,15,0.99099,0.78793,1.67554,1.65537,0.26982
205,"Honestly, Our customers rarely",cau_dmd,0.3,1,7,0.30704,0.46496,0.17976,0.18595,0.02776
205,"Honestly, Our customers rarely",cau_dmd,0.5,1,9,0.56282,0.49046,0.29027,0.29564,0.04854
205,"Honestly, Our customers rarely",cau_dmd,0.7,1,11,0.78879,0.56163,0.47546,0.47803,0.22832
205,"Honestly, Our customers rarely",cau_dmd,0.9,1,13,0.91524,0.6477,0.76685,0.76473,0.26484
205,"Honestly, Our customers rarely",cau_dmd,0.99,1,18,0.99338,0.77778,1.8268,1.80795,0.28906
205,"Honestly, Our customers rarely",dua_dmd,0.3,1,8,0.30834,0.57216,0.07858,0.08192,0.00843
205,"Honestly, Our customers rarely",dua_dmd,0.5,1,12,0.54938,0.57588,0.18094,0.18331,0.01117
205,"Honestly, Our customers rarely",dua_dmd,0.7,1,16,0.71272,0.58441,0.30195,0.30205,0.0133
205,"Honestly, Our customers rarely",dua_dmd,0.9,1,25,0.91019,0.60829,0.64916,0.64076,0.20722
205,"Honestly, Our customers rarely",dua_dmd,0.99,1,35,0.99021,0.64118,1.23454,1.21045,0.23249
122,"Honestly, Students still",euc_ctx,0.3,1,16,0.32239,0.40864,0.23922,0.24513,0.01795
122,"Honestly, Students still",euc_ctx,0.5,1,20,0.55503,0.41018,0.36346,0.36848,0.08267
122,"Honestly, Students still",euc_ctx,0.7,1,23,0.72002,0.43409,0.47035,0.47377,0.06723
122,"Honestly, Students still",euc_ctx,0.9,1,29,0.91631,0.51384,0.75094,0.74892,0.07665
122,"Honestly, Students still",euc_ctx,0.99,1,39,0.99194,0.61976,1.4496,1.43427,0.08889
122,"Honestly, Students still",cau_ctx,0.3,1,30,0.32078,0.43404,0.41998,0.42935,0.06414
122,"Honestly, Students still",cau_ctx,0.5,1,36,0.50831,0.40142,0.65427,0.66272,0.09452
122,"Honestly, Students still",cau_ctx,0.7,1,43,0.72322,0.36808,1.02908,1.03448,0.17919
122,"Honestly, Students still",cau_ctx,0.9,1,53,0.91034,0.30707,1.79387,1.79118,0.23592
122,"Honestly, Students still",cau_ctx,0.99,1,70,0.99132,0.1739,3.63619,3.61253,0.25438
122,"Honestly, Students still",dua_ctx,0.3,1,58,0.30542,0.53521,0.39859,0.3908,0.01093
122,"Honestly, Students still",dua_ctx,0.5,1,91,0.50226,0.52666,1.02445,0.99124,0.01266
122,"Honestly, Students still",dua_ctx,0.7,1,130,0.70485,0.51275,2.05427,1.98312,0.02141
122,"Honestly, Students still",dua_ctx,0.9,1,172,0.90364,0.49033,3.30711,3.20412,0.0294
122,"Honestly, Students still",dua_ctx,0.99,1,204,0.99032,0.4772,4.36732,4.24716,0.0878
122,"Honestly, Students still",euc_unemb,0.3,1,8,0.40344,0.39334,0.32899,0.33131,0.07153
122,"Honestly, Students still",euc_unemb,0.5,1,9,0.53461,0.387,0.42795,0.42898,0.08296
122,"Honestly, Students still",euc_unemb,0.7,1,11,0.76893,0.39259,0.68479,0.68165,0.18323
122,"Honestly, Students still",euc_unemb,0.9,1,13,0.90647,0.40655,1.02667,1.01751,0.19793
122,"Honestly, Students still",euc_unemb,0.99,1,18,0.99309,0.40512,2.14198,2.11322,0.20403
122,"Honestly, Students still",cau_unemb,0.3,1,8,0.35106,0.37492,0.32152,0.32602,0.17235
122,"Honestly, Students still",cau_unemb,0.5,1,10,0.59121,0.36702,0.47846,0.48121,0.19146
122,"Honestly, Students still",cau_unemb,0.7,1,11,0.70248,0.37458,0.56701,0.56831,0.22719
122,"Honestly, Students still",cau_unemb,0.9,1,14,0.91082,0.41985,0.90367,0.89853,0.19125
122,"Honestly, Students still",cau_unemb,0.99,1,19,0.99138,0.46712,1.71568,1.69536,0.18999
122,"Honestly, Students still",dua_unemb,0.3,1,14,0.31078,0.55914,0.1159,0.11446,0.00435
122,"Honestly, Students still",dua_unemb,0.5,1,22,0.5074,0.58389,0.3177,0.3065,0.01505
122,"Honestly, Students still",dua_unemb,0.7,1,36,0.70856,0.62065,0.91112,0.87287,0.06264
122,"Honestly, Students still",dua_unemb,0.9,1,60,0.90594,0.64999,2.47036,2.37371,0.06963
122,"Honestly, Students still",dua_unemb,0.99,1,79,0.99126,0.65888,4.29941,4.17084,0.19144
122,"Honestly, Students still",euc_dmd,0.3,1,7,0.43504,0.36371,0.42547,0.42936,0.08455
122,"Honestly, Students still",euc_dmd,0.5,1,8,0.59095,0.36269,0.55756,0.56011,0.08673
122,"Honestly, Students still",euc_dmd,0.7,1,9,0.73066,0.37458,0.70884,0.70943,0.10374
122,"Honestly, Students still",euc_dmd,0.9,1,11,0.90537,0.42008,1.07708,1.07207,0.1165
122,"Honestly, Students still",euc_dmd,0.99,1,15,0.99156,0.4925,2.03685,2.01628,0.13179
122,"Honestly, Students still",cau_dmd,0.3,1,7,0.39296,0.34168,0.46229,0.4693,0.195
122,"Honestly, Students still",cau_dmd,0.5,1,8,0.54038,0.33733,0.58415,0.5905,0.20558
122,"Honestly, Students still",cau_dmd,0.7,1,10,0.79417,0.36981,0.86084,0.86441,0.11824
122,"Honestly, Students still",cau_dmd,0.9,1,12,0.92602,0.43503,1.20109,1.20012,0.1225
122,"Honestly, Students still",cau_dmd,0.99,1,16,0.99208,0.55441,2.07635,2.0628,0.12856
122,"Honestly, Students still",dua_dmd,0.3,1,10,0.34132,0.53481,0.12171,0.12484,0.00797
122,"Honestly, Students still",dua_dmd,0.5,1,13,0.51074,0.53933,0.21276,0.21436,0.01482
122,"Honestly, Students still",dua_dmd,0.7,1,18,0.71495,0.55633,0.39434,0.39121,0.06282
122,"Honestly, Students still",dua_dmd,0.9,1,27,0.90747,0.59505,0.82487,0.80883,0.05888
122,"Honestly, Students still",dua_dmd,0.99,1,42,0.99184,0.64798,2.06773,2.02168,0.09014
6,"Every day, Voters generally",euc_ctx,0.3,1,20,0.30098,0.43955,0.28557,0.29351,0.11513
6,"Every day, Voters generally",euc_ctx,0.5,1,24,0.52368,0.44842,0.4505,0.45738,0.15853
6,"Every day, Voters generally",euc_ctx,0.7,1,28,0.73724,0.48174,0.6689,0.67313,0.17081
6,"Every day, Voters generally",euc_ctx,0.9,1,33,0.90042,0.53878,1.02821,1.02705,0.1808
6,"Every day, Voters generally",euc_ctx,0.99,1,44,0.99161,0.62415,2.07737,2.05985,0.18772
6,"Every day, Voters generally",cau_ctx,0.3,1,41,0.30887,0.37125,0.90714,0.91341,0.15086
6,"Every day, Voters generally",cau_ctx,0.5,1,49,0.52684,0.22462,1.70059,1.70019,0.15304
6,"Every day, Voters generally",cau_ctx,0.7,1,56,0.71242,0.12896,2.60177,2.59261,0.16057
6,"Every day, Voters generally",cau_ctx,0.9,1,68,0.90768,0.0501,4.31051,4.28335,0.17207
6,"Every day, Voters generally",cau_ctx,0.99,1,88,0.99032,0.01244,7.2368,7.17727,0.18188
6,"Every day, Voters generally",dua_ctx,0.3,1,66,0.30347,0.48844,0.75127,0.74632,0.14733
6,"Every day, Voters generally",dua_ctx,0.5,1,97,0.50383,0.45206,1.91501,1.88855,0.13651
6,"Every day, Voters generally",dua_ctx,0.7,1,125,0.70115,0.41586,3.58466,3.53096,0.13851
6,"Every day, Voters generally",dua_ctx,0.9,1,156,0.90274,0.3836,5.84921,5.76433,0.13767
6,"Every day, Voters generally",dua_ctx,0.99,1,182,0.9911,0.37323,7.92938,7.82316,0.14388
6,"Every day, Voters generally",euc_unemb,0.3,1,9,0.42578,0.40271,0.2481,0.25315,0.04332
6,"Every day, Voters generally",euc_unemb,0.5,1,10,0.57162,0.42502,0.32392,0.32797,0.1113
6,"Every day, Voters generally",euc_unemb,0.7,1,11,0.70611,0.45909,0.42717,0.42962,0.12245
6,"Every day, Voters generally",euc_unemb,0.9,1,14,0.93357,0.57942,0.94077,0.93475,0.17525
6,"Every day, Voters generally",euc_unemb,0.99,1,18,0.99329,0.65964,1.95166,1.92925,0.19432
6,"Every day, Voters generally",cau_unemb,0.3,1,9,0.32539,0.33177,0.24996,0.2564,0.0542
6,"Every day, Voters generally",cau_unemb,0.5,1,11,0.58297,0.35579,0.34871,0.35417,0.05435
6,"Every day, Voters generally",cau_unemb,0.7,1,12,0.70386,0.38482,0.41288,0.41724,0.14984
6,"Every day, Voters generally",cau_unemb,0.9,1,15,0.92065,0.50586,0.73097,0.72939,0.16828
6,"Every day, Voters generally",cau_unemb,0.99,1,20,0.99371,0.63447,1.6697,1.65204,0.18641
6,"Every day, Voters generally",dua_unemb,0.3,1,12,0.32883,0.50226,0.10596,0.10995,0.01186
6,"Every day, Voters generally",dua_unemb,0.5,1,16,0.5477,0.51415,0.21938,0.22106,0.01966
6,"Every day, Voters generally",dua_unemb,0.7,1,20,0.73086,0.53023,0.3966,0.39379,0.02829
6,"Every day, Voters generally",dua_unemb,0.9,1,27,0.9047,0.55943,0.88452,0.86919,0.12679
6,"Every day, Voters generally",dua_unemb,0.99,1,40,0.99196,0.60064,2.30887,2.25983,0.17752
6,"Every day, Voters generally",euc_dmd,0.3,1,8,0.32867,0.35371,0.26156,0.26756,0.03928
6,"Every day, Voters generally",euc_dmd,0.5,1,10,0.62198,0.38782,0.40514,0.40954,0.14394
6,"Every day, Voters generally",euc_dmd,0.7,1,11,0.75086,0.42577,0.50635,0.50909,0.15518
6,"Every day, Voters generally",euc_dmd,0.9,1,13,0.90978,0.5204,0.80469,0.80233,0.1773
6,"Every day, Voters generally",euc_dmd,0.99,1,17,0.99106,0.65737,1.73574,1.71833,0.19241
6,"Every day, Voters generally",cau_dmd,0.3,1,9,0.33039,0.29696,0.34827,0.3556,0.1268
6,"Every day, Voters generally",cau_dmd,0.5,1,11,0.58609,0.31806,0.45343,0.45988,0.12139
6,"Every day, Voters generally",cau_dmd,0.7,1,12,0.70487,0.34544,0.51816,0.52359,0.12429
6,"Every day, Voters generally",cau_dmd,0.9,1,15,0.91832,0.46531,0.84848,0.84835,0.16923
6,"Every day, Voters generally",cau_dmd,0.99,1,20,0.99285,0.6069,1.8685,1.85279,0.1856
6,"Every day, Voters generally",dua_dmd,0.3,1,10,0.3365,0.48751,0.11939,0.12504,0.01488
6,"Every day, Voters generally",dua_dmd,0.5,1,13,0.55184,0.49077,0.22068,0.22636,0.11007
6,"Every day, Voters generally",dua_dmd,0.7,1,16,0.73673,0.49893,0.35326,0.35803,0.11401
6,"Every day, Voters generally",dua_dmd,0.9,1,21,0.91725,0.51931,0.65624,0.65734,0.1256
6,"Every day, Voters generally",dua_dmd,0.99,1,31,0.9919,0.56356,1.52435,1.51139,0.1314
243,"Over time, People rarely",euc_ctx,0.3,1,23,0.33451,0.52073,0.36564,0.37217,0.13047
243,"Over time, People rarely",euc_ctx,0.5,1,26,0.50848,0.51928,0.46198,0.46715,0.13722
243,"Over time, People rarely",euc_ctx,0.7,1,30,0.73011,0.54975,0.59003,0.592,0.14241
243,"Over time, People rarely",euc_ctx,0.9,1,36,0.9194,0.63311,0.81338,0.80796,0.14563
243,"Over time, People rarely",euc_ctx,0.99,1,46,0.99201,0.74091,1.3487,1.32691,0.14591
243,"Over time, People rarely",cau_ctx,0.3,1,44,0.3173,0.45021,0.72432,0.7281,0.10977
243,"Over time, People rarely",cau_ctx,0.5,1,51,0.52818,0.31459,1.24471,1.24274,0.10955
243,"Over time, People rarely",cau_ctx,0.7,1,57,0.7047,0.2137,1.83238,1.82307,0.11621
243,"Over time, People rarely",cau_ctx,0.9,1,68,0.9061,0.1031,3.05842,3.03241,0.12259
243,"Over time, People rarely",cau_ctx,0.99,1,87,0.9911,0.03275,5.25292,5.19483,0.12826
243,"Over time, People rarely",dua_ctx,0.3,1,61,0.30162,0.65296,0.43458,0.42707,0.03163
243,"Over time, People rarely",dua_ctx,0.5,1,88,0.50713,0.61647,0.99801,0.97102,0.04319
243,"Over time, People rarely",dua_ctx,0.7,1,116,0.70498,0.57755,1.82102,1.76671,0.05281
243,"Over time, People rarely",dua_ctx,0.9,1,152,0.90158,0.54074,3.20492,3.11324,0.06054
243,"Over time, People rarely",dua_ctx,0.99,1,186,0.9909,0.52802,4.55324,4.43603,0.15167
243,"Over time, People rarely",euc_unemb,0.3,1,10,0.41768,0.53686,0.34017,0.3461,0.1268
243,"Over time, People rarely",euc_unemb,0.5,1,11,0.56629,0.54313,0.43988,0.44432,0.10767
243,"Over time, People rarely",euc_unemb,0.7,1,12,0.70404,0.55919,0.56796,0.57019,0.11744
243,"Over time, People rarely",euc_unemb,0.9,1,15,0.93521,0.62247,1.11271,1.10472,0.13726
243,"Over time, People rarely",euc_unemb,0.99,1,19,0.99379,0.65882,2.01325,1.98733,0.1402
243,"Over time, People rarely",cau_unemb,0.3,1,11,0.40694,0.50433,0.35391,0.36181,0.10704
243,"Over time, People rarely",cau_unemb,0.5,1,12,0.53863,0.5095,0.42322,0.4301,0.10707
243,"Over time, People rarely",cau_unemb,0.7,1,14,0.77122,0.54481,0.61339,0.61663,0.115
243,"Over time, People rarely",cau_unemb,0.9,1,16,0.90648,0.5905,0.88414,0.88186,0.12852
243,"Over time, People rarely",cau_unemb,0.99,1,21,0.99251,0.64559,1.7699,1.74938,0.13735
243,"Over time, People rarely",dua_unemb,0.3,1,14,0.34078,0.67527,0.12771,0.13053,0.09777
243,"Over time, People rarely",dua_unemb,0.5,1,17,0.50173,0.68415,0.20793,0.20848,0.10339
243,"Over time, People rarely",dua_unemb,0.7,1,22,0.74094,0.70411,0.41787,0.41174,0.07301
243,"Over time, People rarely",dua_unemb,0.9,1,28,0.91785,0.7277,0.84338,0.82453,0.08194
243,"Over time, People rarely",dua_unemb,0.99,1,35,0.99116,0.74877,1.6038,1.56439,0.08411
243,"Over time, People rarely",euc_dmd,0.3,1,10,0.43362,0.49764,0.46419,0.47068,0.15052
243,"Over time, People rarely",euc_dmd,0.5,1,11,0.58483,0.50754,0.57833,0.58331,0.15454
243,"Over time, People rarely",euc_dmd,0.7,1,12,0.72175,0.53099,0.71942,0.72223,0.15726
243,"Over time, People rarely",euc_dmd,0.9,1,15,0.94194,0.63226,1.31327,1.30613,0.16179
243,"Over time, People rarely",euc_dmd,0.99,1,18,0.99021,0.70424,2.06882,2.04866,0.16486
243,"Over time, People rarely",cau_dmd,0.3,1,11,0.34824,0.48201,0.4916,0.50075,0.16411
243,"Over time, People rarely",cau_dmd,0.5,1,13,0.5945,0.49877,0.65294,0.66017,0.16438
243,"Over time, People rarely",cau_dmd,0.7,1,14,0.70785,0.52207,0.75958,0.76516,0.16858
243,"Over time, People rarely",cau_dmd,0.9,1,17,0.91543,0.61596,1.21777,1.21587,0.17021
243,"Over time, People rarely",cau_dmd,0.99,1,22,0.99215,0.71947,2.29852,2.27903,0.17272
243,"Over time, People rarely",dua_dmd,0.3,1,12,0.3011,0.65246,0.14143,0.146,0.09313
243,"Over time, People rarely",dua_dmd,0.5,1,17,0.52607,0.65174,0.28971,0.29333,0.12834
243,"Over time, People rarely",dua_dmd,0.7,1,23,0.72569,0.65727,0.54222,0.54282,0.13849
243,"Over time, People rarely",dua_dmd,0.9,1,32,0.90295,0.6737,1.15971,1.15088,0.14998
243,"Over time, People rarely",dua_dmd,0.99,1,45,0.99097,0.70219,2.44952,2.41567,0.15925
203,"Usually, Most doctors never",euc_ctx,0.3,1,18,0.33736,0.38481,0.2914,0.29624,0.11259
203,"Usually, Most doctors never",euc_ctx,0.5,1,21,0.50146,0.38439,0.37482,0.37891,0.12507
203,"Usually, Most doctors never",euc_ctx,0.7,1,25,0.71378,0.41465,0.48874,0.49083,0.13549
203,"Usually, Most doctors never",euc_ctx,0.9,1,31,0.90682,0.50474,0.70677,0.70377,0.13015
203,"Usually, Most doctors never",euc_ctx,0.99,1,42,0.99158,0.65164,1.37191,1.35483,0.14009
203,"Usually, Most doctors never",cau_ctx,0.3,1,36,0.324,0.39826,0.40111,0.40643,0.11694
203,"Usually, Most doctors never",cau_ctx,0.5,1,43,0.51835,0.3636,0.64133,0.64463,0.10672
203,"Usually, Most doctors never",cau_ctx,0.7,1,50,0.71,0.32219,1.01043,1.00964,0.11709
203,"Usually, Most doctors never",cau_ctx,0.9,1,61,0.90172,0.23693,1.88555,1.87418,0.12549
203,"Usually, Most doctors never",cau_ctx,0.99,1,81,0.99111,0.10336,4.03728,3.99915,0.13791
203,"Usually, Most doctors never",dua_ctx,0.3,1,58,0.30419,0.52517,0.42276,0.41661,0.04013
203,"Usually, Most doctors never",dua_ctx,0.5,1,90,0.50448,0.50099,1.10466,1.07853,0.05051
203,"Usually, Most doctors never",dua_ctx,0.7,1,124,0.70182,0.47243,2.19631,2.14195,0.11825
203,"Usually, Most doctors never",dua_ctx,0.9,1,163,0.90285,0.44881,3.90288,3.81743,0.12495
203,"Usually, Most doctors never",dua_ctx,0.99,1,195,0.99103,0.44914,5.50944,5.40379,0.14889
203,"Usually, Most doctors never",euc_unemb,0.3,1,7,0.33825,0.42253,0.18051,0.18474,0.1072
203,"Usually, Most doctors never",euc_unemb,0.5,1,9,0.62511,0.45625,0.29891,0.30138,0.13482
203,"Usually, Most doctors never",euc_unemb,0.7,1,10,0.75097,0.49394,0.38648,0.38722,0.13846
203,"Usually, Most doctors never",euc_unemb,0.9,1,12,0.9081,0.5858,0.64552,0.6411,0.14646
203,"Usually, Most doctors never",euc_unemb,0.99,1,16,0.99069,0.71053,1.44103,1.42174,0.15552
203,"Usually, Most doctors never",cau_unemb,0.3,1,8,0.37378,0.39316,0.21019,0.21593,0.1071
203,"Usually, Most doctors never",cau_unemb,0.5,1,9,0.50393,0.40194,0.25251,0.25785,0.12506
203,"Usually, Most doctors never",cau_unemb,0.7,1,11,0.74622,0.45692,0.36235,0.36566,0.13212
203,"Usually, Most doctors never",cau_unemb,0.9,1,14,0.93519,0.58462,0.66394,0.66104,0.12975
203,"Usually, Most doctors never",cau_unemb,0.99,1,18,0.99166,0.69897,1.32321,1.308,0.13864
203,"Usually, Most doctors never",dua_unemb,0.3,1,11,0.34004,0.55308,0.08789,0.09049,0.08884
203,"Usually, Most doctors never",dua_unemb,0.5,1,15,0.54625,0.56412,0.18228,0.18271,0.09271
203,"Usually, Most doctors never",dua_unemb,0.7,1,19,0.72301,0.57957,0.32209,0.31867,0.10073
203,"Usually, Most doctors never",dua_unemb,0.9,1,25,0.90058,0.60461,0.63715,0.62525,0.11009
203,"Usually, Most doctors never",dua_unemb,0.99,1,33,0.99041,0.6368,1.33161,1.30361,0.11864
203,"Usually, Most doctors never",euc_dmd,0.3,1,7,0.34816,0.39589,0.23783,0.24212,0.12264
203,"Usually, Most doctors never",euc_dmd,0.5,1,9,0.63956,0.42863,0.37257,0.37504,0.14477
203,"Usually, Most doctors never",euc_dmd,0.7,1,10,0.76407,0.46891,0.46296,0.46371,0.14746
203,"Usually, Most doctors never",euc_dmd,0.9,1,12,0.91526,0.57409,0.72161,0.71733,0.14807
203,"Usually, Most doctors never",euc_dmd,0.99,1,16,0.99173,0.74194,1.53499,1.51612,0.15313
203,"Usually, Most doctors never",cau_dmd,0.3,1,8,0.33502,0.36528,0.26775,0.27384,0.12161
203,"Usually, Most doctors never",cau_dmd,0.5,1,10,0.58183,0.3848,0.3598,0.36506,0.13051
203,"Usually, Most doctors never",cau_dmd,0.7,1,12,0.79271,0.4529,0.4813,0.48429,0.13844
203,"Usually, Most doctors never",cau_dmd,0.9,1,14,0.91263,0.5496,0.67497,0.67424,0.13908
203,"Usually, Most doctors never",cau_dmd,0.99,1,19,0.99204,0.74707,1.50052,1.48569,0.14893
203,"Usually, Most doctors never",dua_dmd,0.3,1,10,0.33487,0.53632,0.08662,0.08975,0.09204
203,"Usually, Most doctors never",dua_dmd,0.5,1,14,0.5335,0.53973,0.16616,0.16873,0.11841
203,"Usually, Most doctors never",dua_dmd,0.7,1,19,0.71173,0.54881,0.29397,0.29482,0.13303
203,"Usually, Most doctors never",dua_dmd,0.9,1,28,0.90971,0.5709,0.66037,0.6551,0.12484
203,"Usually, Most doctors never",dua_dmd,0.99,1,39,0.9915,0.60692,1.49816,1.47819,0.13146
98,"Honestly, Many people still",euc_ctx,0.3,1,11,0.3037,0.50252,0.10223,0.10701,0.06294
98,"Honestly, Many people still",euc_ctx,0.5,1,15,0.53922,0.51593,0.22301,0.22724,0.06736
98,"Honestly, Many people still",euc_ctx,0.7,1,18,0.71036,0.53962,0.36148,0.36405,0.20213
98,"Honestly, Many people still",euc_ctx,0.9,1,24,0.91501,0.59383,0.77028,0.76667,0.29633
98,"Honestly, Many people still",euc_ctx,0.99,1,34,0.99216,0.64202,1.6961,1.67797,0.32773
98,"Honestly, Many people still",cau_ctx,0.3,1,21,0.31575,0.58601,0.18245,0.18989,0.0066
98,"Honestly, Many people still",cau_ctx,0.5,1,27,0.50512,0.59466,0.35461,0.36188,0.25499
98,"Honestly, Many people still",cau_ctx,0.7,1,34,0.72103,0.60361,0.65958,0.6647,0.29814
98,"Honestly, Many people still",cau_ctx,0.9,1,44,0.90775,0.59944,1.27725,1.27611,0.33542
98,"Honestly, Many people still",cau_ctx,0.99,1,61,0.99012,0.49781,2.7225,2.70517,0.30534
98,"Honestly, Many people still",dua_ctx,0.3,1,50,0.30127,0.53641,0.33257,0.32582,0.01595
98,"Honestly, Many people still",dua_ctx,0.5,1,82,0.50416,0.51635,0.95037,0.91806,0.05458
98,"Honestly, Many people still",dua_ctx,0.7,1,115,0.70486,0.49101,1.81155,1.74519,0.05693
98,"Honestly, Many people still",dua_ctx,0.9,1,154,0.9023,0.46365,2.92725,2.82762,0.05857
98,"Honestly, Many people still",dua_ctx,0.99,1,200,0.99008,0.44784,3.92462,3.80094,0.06259
98,"Honestly, Many people still",euc_unemb,0.3,1,5,0.35738,0.49824,0.13789,0.14082,0.02466
98,"Honestly, Many people still",euc_unemb,0.5,1,6,0.50124,0.50228,0.22423,0.22632,0.02383
98,"Honestly, Many people still",euc_unemb,0.7,1,8,0.76633,0.52391,0.50037,0.49853,0.23366
98,"Honestly, Many people still",euc_unemb,0.9,1,10,0.91444,0.54409,0.90587,0.89761,0.25737
98,"Honestly, Many people still",euc_unemb,0.99,1,14,0.99122,0.54845,1.91017,1.88564,0.29438
98,"Honestly, Many people still",cau_unemb,0.3,1,5,0.31501,0.48952,0.12212,0.12669,0.02449
98,"Honestly, Many people still",cau_unemb,0.5,1,7,0.58064,0.49888,0.28205,0.28557,0.20307
98,"Honestly, Many people still",cau_unemb,0.7,1,8,0.70581,0.5124,0.399,0.40107,0.23332
98,"Honestly, Many people still",cau_unemb,0.9,1,11,0.92539,0.55762,0.89498,0.88968,0.25944
98,"Honestly, Many people still",cau_unemb,0.99,1,15,0.99091,0.58208,1.75696,1.73823,0.28479
98,"Honestly, Many people still",dua_unemb,0.3,1,11,0.32346,0.54337,0.07945,0.07836,0.00394
98,"Honestly, Many people still",dua_unemb,0.5,1,18,0.52302,0.55827,0.2323,0.22266,0.00667
98,"Honestly, Many people still",dua_unemb,0.7,1,27,0.70274,0.57553,0.52963,0.50295,0.02486
98,"Honestly, Many people still",dua_unemb,0.9,1,42,0.90943,0.59295,1.22097,1.15687,0.02967
98,"Honestly, Many people still",dua_unemb,0.99,1,55,0.99176,0.60297,2.00208,1.90333,0.02872
98,"Honestly, Many people still",euc_dmd,0.3,1,5,0.40232,0.48147,0.20966,0.21425,0.04165
98,"Honestly, Many people still",euc_dmd,0.5,1,6,0.559,0.47678,0.33514,0.33872,0.17732
98,"Honestly, Many people still",euc_dmd,0.7,1,7,0.70485,0.47607,0.50027,0.50195,0.27542
98,"Honestly, Many people still",euc_dmd,0.9,1,10,0.94111,0.4748,1.20205,1.19391,0.31131
98,"Honestly, Many people still",euc_dmd,0.99,1,13,0.99071,0.45527,2.07406,2.0532,0.33247
98,"Honestly, Many people still",cau_dmd,0.3,1,5,0.35309,0.48118,0.21952,0.22688,0.05736
98,"Honestly, Many people still",cau_dmd,0.5,1,7,0.63919,0.47337,0.47902,0.48528,0.27478
98,"Honestly, Many people still",cau_dmd,0.7,1,8,0.76123,0.4778,0.65406,0.65869,0.2987
98,"Honestly, Many people still",cau_dmd,0.9,1,10,0.91136,0.4929,1.08668,1.08638,0.31105
98,"Honestly, Many people still",cau_dmd,0.99,1,14,0.99047,0.51052,2.15583,2.14229,0.33391
98,"Honestly, Many people still",dua_dmd,0.3,1,8,0.33336,0.53076,0.08143,0.08474,0.0046
98,"Honestly, Many people still",dua_dmd,0.5,1,12,0.54613,0.53954,0.18355,0.1851,0.04125
98,"Honestly, Many people still",dua_dmd,0.7,1,16,0.70292,0.55413,0.31389,0.31159,0.04303
98,"Honestly, Many people still",dua_dmd,0.9,1,25,0.90531,0.588,0.69789,0.68195,0.04873
98,"Honestly, Many people still",dua_dmd,0.99,1,35,0.99196,0.61876,1.29043,1.25251,0.06485
221,"Over time, Parents just",euc_ctx,0.3,1,24,0.3176,0.22696,0.53238,0.53685,0.24265
221,"Over time, Parents just",euc_ctx,0.5,1,28,0.53405,0.22381,0.66383,0.66718,0.24693
221,"Over time, Parents just",euc_ctx,0.7,1,32,0.73837,0.24912,0.77453,0.77602,0.27501
221,"Over time, Parents just",euc_ctx,0.9,1,38,0.91595,0.3294,0.95085,0.94803,0.28318
221,"Over time, Parents just",euc_ctx,0.99,1,48,0.9904,0.47938,1.44316,1.42936,0.10495
221,"Over time, Parents just",cau_ctx,0.3,1,45,0.32319,0.25525,0.92545,0.93327,0.24448
221,"Over time, Parents just",cau_ctx,0.5,1,52,0.5199,0.18451,1.43875,1.4425,0.25752
221,"Over time, Parents just",cau_ctx,0.7,1,59,0.70945,0.11856,2.14406,2.14085,0.26405
221,"Over time, Parents just",cau_ctx,0.9,1,71,0.90688,0.04813,3.63719,3.6176,0.27006
221,"Over time, Parents just",cau_ctx,0.99,1,92,0.9909,0.0099,6.49931,6.44676,0.27008
221,"Over time, Parents just",dua_ctx,0.3,1,72,0.30531,0.46196,0.40816,0.39019,0.01099
221,"Over time, Parents just",dua_ctx,0.5,1,109,0.50183,0.45006,0.98781,0.93645,0.01764
221,"Over time, Parents just",dua_ctx,0.7,1,158,0.70278,0.43614,2.08885,1.99496,0.03162
221,"Over time, Parents just",dua_ctx,0.9,1,209,0.90214,0.41288,3.60857,3.4866,0.07445
221,"Over time, Parents just",dua_ctx,0.99,1,241,0.99002,0.40165,4.71427,4.58139,0.10071
221,"Over time, Parents just",euc_unemb,0.3,1,11,0.34866,0.24029,0.67354,0.67216,0.26289
221,"Over time, Parents just",euc_unemb,0.5,1,13,0.59435,0.23843,0.88214,0.87776,0.3282
221,"Over time, Parents just",euc_unemb,0.7,1,14,0.70783,0.24942,0.99125,0.98492,0.33325
221,"Over time, Parents just",euc_unemb,0.9,1,17,0.91613,0.31088,1.38222,1.36816,0.36387
221,"Over time, Parents just",euc_unemb,0.99,1,22,0.99253,0.3899,2.36701,2.33489,0.30118
221,"Over time, Parents just",cau_unemb,0.3,1,12,0.36162,0.20305,0.80117,0.80172,0.31147
221,"Over time, Parents just",cau_unemb,0.5,1,14,0.5844,0.19991,0.97714,0.97538,0.32416
221,"Over time, Parents just",cau_unemb,0.7,1,16,0.77581,0.22215,1.13615,1.13131,0.33301
221,"Over time, Parents just",cau_unemb,0.9,1,19,0.92926,0.28622,1.41439,1.40337,0.3374
221,"Over time, Parents just",cau_unemb,0.99,1,24,0.99147,0.38475,2.14666,2.12158,0.29954
221,"Over time, Parents just",dua_unemb,0.3,1,19,0.30235,0.51169,0.19138,0.18605,0.0156
221,"Over time, Parents just",dua_unemb,0.5,1,31,0.51427,0.54181,0.63563,0.61124,0.02307
221,"Over time, Parents just",dua_unemb,0.7,1,47,0.70227,0.57306,1.45328,1.39507,0.05841
221,"Over time, Parents just",dua_unemb,0.9,1,69,0.90667,0.59496,2.93409,2.82933,0.0998
221,"Over time, Parents just",dua_unemb,0.99,1,82,0.99013,0.60259,4.1921,4.06759,0.11697
221,"Over time, Parents just",euc_dmd,0.3,1,10,0.34957,0.158,1.04765,1.04809,0.32589
221,"Over time, Parents just",euc_dmd,0.5,1,12,0.61441,0.15179,1.35481,1.35225,0.38592
221,"Over time, Parents just",euc_dmd,0.7,1,13,0.73189,0.1605,1.49723,1.4928,0.3954
221,"Over time, Parents just",euc_dmd,0.9,1,16,0.93078,0.21979,1.9444,1.93283,0.4008
221,"Over time, Parents just",euc_dmd,0.99,1,20,0.99083,0.31184,2.7675,2.74272,0.36577
221,"Over time, Parents just",cau_dmd,0.3,1,11,0.3491,0.13631,1.29096,1.29494,0.38817
221,"Over time, Parents just",cau_dmd,0.5,1,13,0.58065,0.12981,1.57335,1.57532,0.39377
221,"Over time, Parents just",cau_dmd,0.7,1,15,0.77887,0.14609,1.8124,1.81175,0.40069
221,"Over time, Parents just",cau_dmd,0.9,1,18,0.93338,0.20383,2.1852,2.17933,0.41168
221,"Over time, Parents just",cau_dmd,0.99,1,23,0.99272,0.32837,3.07871,3.06042,0.38207
221,"Over time, Parents just",dua_dmd,0.3,1,15,0.32484,0.47876,0.2194,0.22025,0.01829
221,"Over time, Parents just",dua_dmd,0.5,1,21,0.51165,0.48641,0.45906,0.45444,0.02358
221,"Over time, Parents just",dua_dmd,0.7,1,31,0.70995,0.50922,0.9805,0.96234,0.06271
221,"Over time, Parents just",dua_dmd,0.9,1,45,0.91104,0.53992,2.04953,2.00586,0.09895
221,"Over time, Parents just",dua_dmd,0.99,1,60,0.99134,0.57975,4.17299,4.09474,0.10821
154,"In this case, Parents typically",euc_ctx,0.3,1,19,0.30631,0.42087,0.31402,0.32241,0.04366
154,"In this case, Parents typically",euc_ctx,0.5,1,23,0.5253,0.41656,0.48451,0.49204,0.04841
154,"In this case, Parents typically",euc_ctx,0.7,1,27,0.73499,0.43641,0.6944,0.6996,0.05952
154,"In this case, Parents typically",euc_ctx,0.9,1,33,0.91665,0.48705,1.09735,1.09662,0.06186
154,"In this case, Parents typically",euc_ctx,0.99,1,43,0.9909,0.54013,1.97685,1.96241,0.06549
154,"In this case, Parents typically",cau_ctx,0.3,1,38,0.30504,0.39288,0.6292,0.63836,0.13086
154,"In this case, Parents typically",cau_ctx,0.5,1,46,0.51996,0.29437,1.14471,1.15022,0.15583
154,"In this case, Parents typically",cau_ctx,0.7,1,53,0.70489,0.20575,1.78903,1.78854,0.15859
154,"In this case, Parents typically",cau_ctx,0.9,1,65,0.9033,0.09886,3.17832,3.16327,0.16981
154,"In this case, Parents typically",cau_ctx,0.99,1,86,0.99083,0.02649,5.93725,5.8916,0.19142
154,"In this case, Parents typically",dua_ctx,0.3,1,73,0.30084,0.50434,1.12568,1.11527,0.03177
154,"In this case, Parents typically",dua_ctx,0.5,1,108,0.50013,0.46857,2.63573,2.59789,0.03666
154,"In this case, Parents typically",dua_ctx,0.7,1,138,0.70018,0.43255,4.27347,4.208,0.03518
154,"In this case, Parents typically",dua_ctx,0.9,1,167,0.90025,0.40162,6.10861,6.01946,0.0383
154,"In this case, Parents typically",dua_ctx,0.99,1,189,0.99009,0.39292,7.51628,7.41202,0.04275
154,"In this case, Parents typically",euc_unemb,0.3,1,8,0.31028,0.38646,0.26554,0.27067,0.05464
154,"In this case, Parents typically",euc_unemb,0.5,1,10,0.57842,0.39144,0.44872,0.45205,0.06316
154,"In this case, Parents typically",euc_unemb,0.7,1,11,0.70609,0.40809,0.57202,0.57364,0.06388
154,"In this case, Parents typically",euc_unemb,0.9,1,14,0.92866,0.47828,1.0897,1.08319,0.18087
154,"In this case, Parents typically",euc_unemb,0.99,1,18,0.99214,0.52717,2.02805,2.00629,0.20431
154,"In this case, Parents typically",cau_unemb,0.3,1,9,0.35699,0.34071,0.32104,0.32738,0.05954
154,"In this case, Parents typically",cau_unemb,0.5,1,11,0.6069,0.34963,0.46365,0.46866,0.06314
154,"In this case, Parents typically",cau_unemb,0.7,1,12,0.72029,0.36785,0.54759,0.55134,0.0692
154,"In this case, Parents typically",cau_unemb,0.9,1,15,0.92281,0.44973,0.8864,0.88418,0.07284
154,"In this case, Parents typically",cau_unemb,0.99,1,20,0.99356,0.54234,1.7491,1.73185,0.18021
154,"In this case, Parents typically",dua_unemb,0.3,1,13,0.3353,0.52638,0.16169,0.16507,0.01667
154,"In this case, Parents typically",dua_unemb,0.5,1,18,0.5359,0.53987,0.37087,0.37033,0.03335
154,"In this case, Parents typically",dua_unemb,0.7,1,25,0.71885,0.56172,0.87809,0.86713,0.03908
154,"In this case, Parents typically",dua_unemb,0.9,1,40,0.90467,0.59312,2.66208,2.61609,0.04755
154,"In this case, Parents typically",dua_unemb,0.99,1,55,0.9916,0.614,5.00622,4.91741,0.05203
154,"In this case, Parents typically",euc_dmd,0.3,1,8,0.40449,0.3441,0.36795,0.37343,0.06353
154,"In this case, Parents typically",euc_dmd,0.5,1,9,0.55515,0.35095,0.46284,0.46743,0.06705
154,"In this case, Parents typically",euc_dmd,0.7,1,11,0.80852,0.40438,0.69898,0.70016,0.07762
154,"In this case, Parents typically",euc_dmd,0.9,1,13,0.93465,0.48366,1.02403,1.01976,0.08299
154,"In this case, Parents typically",euc_dmd,0.99,1,17,0.99391,0.60192,1.91052,1.8915,0.08377
154,"In this case, Parents typically",cau_dmd,0.3,1,8,0.31213,0.30088,0.3711,0.3786,0.06764
154,"In this case, Parents typically",cau_dmd,0.5,1,10,0.57489,0.30519,0.51403,0.52072,0.07017
154,"In this case, Parents typically",cau_dmd,0.7,1,12,0.80011,0.35508,0.6833,0.68763,0.06812
154,"In this case, Parents typically",cau_dmd,0.9,1,14,0.92151,0.43156,0.9218,0.92221,0.07264
154,"In this case, Parents typically",cau_dmd,0.99,1,19,0.99397,0.58769,1.84338,1.82907,0.0769
154,"In this case, Parents typically",dua_dmd,0.3,1,10,0.354,0.50366,0.1446,0.14954,0.01734
154,"In this case, Parents typically",dua_dmd,0.5,1,13,0.56901,0.50275,0.27373,0.27827,0.02817
154,"In this case, Parents typically",dua_dmd,0.7,1,16,0.75528,0.50831,0.44899,0.45212,0.04504
154,"In this case, Parents typically",dua_dmd,0.9,1,20,0.91388,0.52378,0.76074,0.76035,0.05072
154,"In this case, Parents typically",dua_dmd,0.99,1,27,0.99218,0.55685,1.48306,1.47289,0.06236
277,"Today, These kids sometimes",euc_ctx,0.3,1,20,0.31734,0.35063,0.41673,0.42174,0.12146
277,"Today, These kids sometimes",euc_ctx,0.5,1,24,0.53532,0.34032,0.56467,0.56827,0.13713
277,"Today, These kids sometimes",euc_ctx,0.7,1,28,0.74082,0.36361,0.70119,0.70233,0.14351
277,"Today, These kids sometimes",euc_ctx,0.9,1,34,0.91798,0.44196,0.92014,0.91576,0.14327
277,"Today, These kids sometimes",euc_ctx,0.99,1,44,0.99093,0.57728,1.4572,1.44002,0.0821
277,"Today, These kids sometimes",cau_ctx,0.3,1,39,0.31799,0.30038,0.8271,0.8311,0.15676
277,"Today, These kids sometimes",cau_ctx,0.5,1,46,0.5203,0.22892,1.28446,1.2845,0.16974
277,"Today, These kids sometimes",cau_ctx,0.7,1,53,0.71869,0.16932,1.87564,1.86949,0.17743
277,"Today, These kids sometimes",cau_ctx,0.9,1,64,0.9096,0.10336,2.99947,2.98017,0.18512
277,"Today, These kids sometimes",cau_ctx,0.99,1,82,0.9901,0.04662,5.05687,5.01197,0.1886
277,"Today, These kids sometimes",dua_ctx,0.3,1,60,0.30231,0.5224,0.44146,0.43447,0.02589
277,"Today, These kids sometimes",dua_ctx,0.5,1,89,0.50545,0.48788,1.02952,1.00292,0.03207
277,"Today, These kids sometimes",dua_ctx,0.7,1,119,0.70398,0.45743,1.88444,1.83093,0.03697
277,"Today, These kids sometimes",dua_ctx,0.9,1,155,0.90426,0.43185,3.13652,3.05171,0.04411
277,"Today, These kids sometimes",dua_ctx,0.99,1,186,0.9907,0.42253,4.36617,4.26064,0.07792
277,"Today, These kids sometimes",euc_unemb,0.3,1,9,0.38917,0.39767,0.33891,0.34316,0.1427
277,"Today, These kids sometimes",euc_unemb,0.5,1,10,0.52316,0.40322,0.41672,0.42002,0.1453
277,"Today, These kids sometimes",euc_unemb,0.7,1,12,0.76543,0.44555,0.61758,0.61751,0.11814
277,"Today, These kids sometimes",euc_unemb,0.9,1,14,0.90687,0.50684,0.89879,0.89345,0.15796
277,"Today, These kids sometimes",euc_unemb,0.99,1,19,0.99344,0.59627,1.88819,1.86435,0.17688
277,"Today, These kids sometimes",cau_unemb,0.3,1,10,0.41192,0.35673,0.38926,0.39495,0.14595
277,"Today, These kids sometimes",cau_unemb,0.5,1,11,0.53379,0.361,0.45117,0.45616,0.16656
277,"Today, These kids sometimes",cau_unemb,0.7,1,13,0.75337,0.39745,0.59042,0.59295,0.15171
277,"Today, These kids sometimes",cau_unemb,0.9,1,16,0.92984,0.48689,0.88818,0.88444,0.14988
277,"Today, These kids sometimes",cau_unemb,0.99,1,21,0.9934,0.58461,1.65133,1.63249,0.16828
277,"Today, These kids sometimes",dua_unemb,0.3,1,13,0.34234,0.56275,0.11563,0.1184,0.02508
277,"Today, These kids sometimes",dua_unemb,0.5,1,16,0.50194,0.57022,0.19246,0.19311,0.03631
277,"Today, These kids sometimes",dua_unemb,0.7,1,21,0.71586,0.58896,0.38319,0.37774,0.04004
277,"Today, These kids sometimes",dua_unemb,0.9,1,31,0.90494,0.63065,1.0474,1.02268,0.05609
277,"Today, These kids sometimes",dua_unemb,0.99,1,46,0.99026,0.68173,2.59383,2.53032,0.11904
277,"Today, These kids sometimes",euc_dmd,0.3,1,8,0.33451,0.36818,0.38135,0.38591,0.07154
277,"Today, These kids sometimes",euc_dmd,0.5,1,10,0.61633,0.37873,0.57152,0.57395,0.07797
277,"Today, These kids sometimes",euc_dmd,0.7,1,11,0.74173,0.40415,0.68586,0.6865,0.08444
277,"Today, These kids sometimes",euc_dmd,0.9,1,13,0.90165,0.47854,0.97488,0.97051,0.08613
277,"Today, These kids sometimes",euc_dmd,0.99,1,18,0.99395,0.63108,2.00816,1.98561,0.08709
277,"Today, These kids sometimes",cau_dmd,0.3,1,9,0.33813,0.34521,0.46195,0.46858,0.13132
277,"Today, These kids sometimes",cau_dmd,0.5,1,11,0.58385,0.34834,0.63169,0.63684,0.07879
277,"Today, These kids sometimes",cau_dmd,0.7,1,13,0.79252,0.38812,0.84783,0.84998,0.08413
277,"Today, These kids sometimes",cau_dmd,0.9,1,15,0.91154,0.44511,1.13812,1.13581,0.08458
277,"Today, These kids sometimes",cau_dmd,0.99,1,20,0.99162,0.54659,2.13338,2.11563,0.13747
277,"Today, These kids sometimes",dua_dmd,0.3,1,10,0.32332,0.54476,0.12591,0.13023,0.01217
277,"Today, These kids sometimes",dua_dmd,0.5,1,13,0.55179,0.54484,0.24569,0.24948,0.04925
277,"Today, These kids sometimes",dua_dmd,0.7,1,16,0.74217,0.55178,0.40469,0.40691,0.06407
277,"Today, These kids sometimes",dua_dmd,0.9,1,21,0.91887,0.57067,0.76235,0.76013,0.0717
277,"Today, These kids sometimes",dua_dmd,0.99,1,29,0.99166,0.60723,1.55985,1.54599,0.07176
220,Parents generally,euc_ctx,0.3,1,33,0.3363,0.39232,0.69751,0.70442,0.06944
220,Parents generally,euc_ctx,0.5,1,36,0.51238,0.39091,0.82449,0.82979,0.07265
220,Parents generally,euc_ctx,0.7,1,40,0.73502,0.42308,0.98176,0.98381,0.08091
220,Parents generally,euc_ctx,0.9,1,45,0.90295,0.4989,1.19332,1.18956,0.08331
220,Parents generally,euc_ctx,0.99,1,55,0.9904,0.63412,1.804,1.78453,0.08438
220,Parents generally,cau_ctx,0.3,1,64,0.32363,0.02471,4.08007,4.05848,0.14355
220,Parents generally,cau_ctx,0.5,1,71,0.52997,0.00893,5.30852,5.27435,0.16029
220,Parents generally,cau_ctx,0.7,1,77,0.70203,0.00427,6.29438,6.2493,0.15697
220,Parents generally,cau_ctx,0.9,1,88,0.90197,0.00147,7.9687,7.90354,0.17759
220,Parents generally,cau_ctx,0.99,1,107,0.99038,0.00037,10.66935,10.57031,0.1827
220,Parents generally,dua_ctx,0.3,1,84,0.30172,0.57479,0.91823,0.898,0.01666
220,Parents generally,dua_ctx,0.5,1,119,0.50359,0.51881,2.0064,1.95118,0.0225
220,Parents generally,dua_ctx,0.7,1,150,0.70675,0.46929,3.24156,3.15408,0.02569
220,Parents generally,dua_ctx,0.9,1,181,0.90162,0.43435,4.57447,4.46225,0.03666
220,Parents generally,dua_ctx,0.99,1,208,0.99112,0.42187,5.69313,5.56572,0.0462
220,Parents generally,euc_unemb,0.3,1,14,0.31721,0.35501,0.63683,0.63947,0.18141
220,Parents generally,euc_unemb,0.5,1,16,0.59089,0.36312,0.79411,0.79342,0.16683
220,Parents generally,euc_unemb,0.7,1,17,0.71771,0.38454,0.88386,0.88079,0.16478
220,Parents generally,euc_unemb,0.9,1,20,0.93224,0.47973,1.25638,1.24348,0.17409
220,Parents generally,euc_unemb,0.99,1,24,0.99224,0.56277,1.99863,1.96835,0.21327
220,Parents generally,cau_unemb,0.3,1,16,0.40322,0.28617,0.87112,0.87454,0.19306
220,Parents generally,cau_unemb,0.5,1,17,0.52724,0.2902,0.92574,0.92779,0.19315
220,Parents generally,cau_unemb,0.7,1,19,0.75052,0.32706,1.02148,1.0199,0.16582
220,Parents generally,cau_unemb,0.9,1,22,0.92855,0.42704,1.22597,1.21668,0.16728
220,Parents generally,cau_unemb,0.99,1,27,0.99289,0.56081,1.87456,1.84783,0.19308
220,Parents generally,dua_unemb,0.3,1,20,0.30845,0.61379,0.15382,0.15449,0.09566
220,Parents generally,dua_unemb,0.5,1,27,0.52388,0.62607,0.34521,0.33717,0.1134
220,Parents generally,dua_unemb,0.7,1,36,0.71181,0.63985,0.76255,0.73652,0.11963
220,Parents generally,dua_unemb,0.9,1,51,0.90931,0.6504,1.85969,1.79208,0.14542
220,Parents generally,dua_unemb,0.99,1,64,0.99208,0.65827,3.30249,3.19385,0.1745
220,Parents generally,euc_dmd,0.3,1,13,0.32856,0.28763,0.95013,0.95546,0.17329
220,Parents generally,euc_dmd,0.5,1,15,0.61957,0.29363,1.1806,1.18247,0.16135
220,Parents generally,euc_dmd,0.7,1,16,0.74708,0.31735,1.29284,1.29235,0.1628
220,Parents generally,euc_dmd,0.9,1,18,0.90565,0.39326,1.54683,1.54036,0.09841
220,Parents generally,euc_dmd,0.99,1,23,0.99418,0.57639,2.48692,2.45999,0.10686
220,Parents generally,cau_dmd,0.3,1,15,0.42303,0.24167,1.3074,1.3151,0.17699
220,Parents generally,cau_dmd,0.5,1,16,0.55576,0.24533,1.41921,1.42545,0.17539
220,Parents generally,cau_dmd,0.7,1,18,0.78264,0.28209,1.64374,1.6461,0.15005
220,Parents generally,cau_dmd,0.9,1,20,0.91085,0.34585,1.90811,1.90526,0.10133
220,Parents generally,cau_dmd,0.99,1,25,0.99247,0.49427,2.85941,2.83887,0.10116
220,Parents generally,dua_dmd,0.3,1,16,0.3201,0.59311,0.18038,0.18643,0.00745
220,Parents generally,dua_dmd,0.5,1,20,0.55398,0.59099,0.3268,0.33126,0.02908
220,Parents generally,dua_dmd,0.7,1,23,0.70455,0.59444,0.4651,0.46708,0.03379
220,Parents generally,dua_dmd,0.9,1,30,0.91665,0.61216,0.90238,0.89425,0.044
220,Parents generally,dua_dmd,0.99,1,42,0.99047,0.65092,2.3181,2.27994,0.07312
206,"At work, Our customers still",euc_ctx,0.3,1,23,0.30699,0.5356,0.33374,0.34279,0.02369
206,"At work, Our customers still",euc_ctx,0.5,1,27,0.52526,0.53127,0.44461,0.45248,0.02822
206,"At work, Our customers still",euc_ctx,0.7,1,31,0.73451,0.5606,0.55252,0.55778,0.03047
206,"At work, Our customers still",euc_ctx,0.9,1,37,0.91643,0.63775,0.74622,0.74519,0.0298
206,"At work, Our customers still",euc_ctx,0.99,1,47,0.99095,0.73566,1.23029,1.21498,0.0312
206,"At work, Our customers still",cau_ctx,0.3,1,44,0.30714,0.23181,1.41844,1.42039,0.16036
206,"At work, Our customers still",cau_ctx,0.5,1,51,0.50488,0.11245,2.2753,2.26898,0.16553
206,"At work, Our customers still",cau_ctx,0.7,1,58,0.70227,0.05523,3.18954,3.17323,0.16738
206,"At work, Our customers still",cau_ctx,0.9,1,70,0.91025,0.02009,4.70246,4.66761,0.17643
206,"At work, Our customers still",cau_ctx,0.99,1,89,0.99106,0.00589,6.96517,6.9001,0.19736
206,"At work, Our customers still",dua_ctx,0.3,1,73,0.3013,0.64371,0.66174,0.65181,0.01456
206,"At work, Our customers still",dua_ctx,0.5,1,108,0.50314,0.59501,1.52443,1.48764,0.01847
206,"At work, Our customers still",dua_ctx,0.7,1,143,0.70355,0.55157,2.69644,2.62701,0.02321
206,"At work, Our customers still",dua_ctx,0.9,1,184,0.90108,0.51922,4.22409,4.1223,0.0306
206,"At work, Our customers still",dua_ctx,0.99,1,214,0.99057,0.50777,5.2489,5.12857,0.03268
206,"At work, Our customers still",euc_unemb,0.3,1,11,0.39861,0.53342,0.3156,0.32063,0.02567
206,"At work, Our customers still",euc_unemb,0.5,1,12,0.52731,0.53423,0.38595,0.38973,0.03033
206,"At work, Our customers still",euc_unemb,0.7,1,14,0.76016,0.55701,0.57207,0.57174,0.0562
206,"At work, Our customers still",euc_unemb,0.9,1,16,0.90036,0.5881,0.82273,0.81637,0.0791
206,"At work, Our customers still",euc_unemb,0.99,1,21,0.99209,0.60963,1.63628,1.61028,0.21271
206,"At work, Our customers still",cau_unemb,0.3,1,11,0.30322,0.49992,0.31624,0.32391,0.17311
206,"At work, Our customers still",cau_unemb,0.5,1,13,0.52669,0.49625,0.4071,0.41334,0.13134
206,"At work, Our customers still",cau_unemb,0.7,1,15,0.7392,0.52441,0.50835,0.51163,0.12393
206,"At work, Our customers still",cau_unemb,0.9,1,18,0.91956,0.58918,0.72732,0.72354,0.03674
206,"At work, Our customers still",cau_unemb,0.99,1,23,0.99132,0.64239,1.28654,1.26688,0.05353
206,"At work, Our customers still",dua_unemb,0.3,1,16,0.30651,0.69164,0.12602,0.12758,0.00433
206,"At work, Our customers still",dua_unemb,0.5,1,23,0.51209,0.70927,0.31944,0.31373,0.00864
206,"At work, Our customers still",dua_unemb,0.7,1,35,0.70715,0.73391,0.91683,0.88981,0.01381
206,"At work, Our customers still",dua_unemb,0.9,1,55,0.90563,0.74275,2.55056,2.4708,0.01764
206,"At work, Our customers still",dua_unemb,0.99,1,73,0.99041,0.73537,4.32778,4.20586,0.04514
206,"At work, Our customers still",euc_dmd,0.3,1,10,0.40815,0.47519,0.45379,0.46081,0.07461
206,"At work, Our customers still",euc_dmd,0.5,1,11,0.55158,0.47928,0.54578,0.55162,0.0788
206,"At work, Our customers still",euc_dmd,0.7,1,13,0.79652,0.52625,0.76501,0.76683,0.09546
206,"At work, Our customers still",euc_dmd,0.9,1,15,0.92556,0.59562,1.04709,1.04293,0.10971
206,"At work, Our customers still",euc_dmd,0.99,1,19,0.99198,0.69077,1.76441,1.74476,0.11535
206,"At work, Our customers still",cau_dmd,0.3,1,10,0.30237,0.44276,0.4734,0.48384,0.07693
206,"At work, Our customers still",cau_dmd,0.5,1,12,0.5516,0.4441,0.61719,0.62648,0.07951
206,"At work, Our customers still",cau_dmd,0.7,1,14,0.77655,0.49499,0.78589,0.79236,0.08992
206,"At work, Our customers still",cau_dmd,0.9,1,16,0.90706,0.57323,1.01058,1.01264,0.10018
206,"At work, Our customers still",cau_dmd,0.99,1,21,0.99208,0.72699,1.81243,1.79875,0.11419
206,"At work, Our customers still",dua_dmd,0.3,1,12,0.32034,0.66586,0.1422,0.14726,0.01006
206,"At work, Our customers still",dua_dmd,0.5,1,15,0.50967,0.6622,0.2607,0.26492,0.02325
206,"At work, Our customers still",dua_dmd,0.7,1,19,0.71253,0.6675,0.4699,0.47123,0.02598
206,"At work, Our customers still",dua_dmd,0.9,1,27,0.90243,0.69467,1.00734,0.99847,0.03156
206,"At work, Our customers still",dua_dmd,0.99,1,41,0.9908,0.73621,2.25199,2.21547,0.05798
191,"Lately, Our customers generally",euc_ctx,0.3,1,17,0.3293,0.55621,0.19354,0.19932,0.02334
191,"Lately, Our customers generally",euc_ctx,0.5,1,21,0.53047,0.55914,0.30719,0.31203,0.0328
191,"Lately, Our customers generally",euc_ctx,0.7,1,25,0.72232,0.58311,0.44915,0.45171,0.03978
191,"Lately, Our customers generally",euc_ctx,0.9,1,31,0.90097,0.63955,0.72286,0.71987,0.03778
191,"Lately, Our customers generally",euc_ctx,0.99,1,43,0.99113,0.72368,1.45966,1.44136,0.04012
191,"Lately, Our customers generally",cau_ctx,0.3,1,35,0.31899,0.58174,0.40879,0.41479,0.03736
191,"Lately, Our customers generally",cau_ctx,0.5,1,43,0.5058,0.52637,0.67558,0.67949,0.05839
191,"Lately, Our customers generally",cau_ctx,0.7,1,52,0.71109,0.43382,1.13443,1.13331,0.17131
191,"Lately, Our customers generally",cau_ctx,0.9,1,66,0.90628,0.25725,2.21337,2.19909,0.18617
191,"Lately, Our customers generally",cau_ctx,0.99,1,90,0.99059,0.06871,4.69823,4.65301,0.23052
191,"Lately, Our customers generally",dua_ctx,0.3,1,76,0.30407,0.60112,0.78775,0.77628,0.02804
191,"Lately, Our customers generally",dua_ctx,0.5,1,118,0.50009,0.56474,2.1394,2.09745,0.03748
191,"Lately, Our customers generally",dua_ctx,0.7,1,158,0.70374,0.52711,3.88005,3.80405,0.04548
191,"Lately, Our customers generally",dua_ctx,0.9,1,205,0.90195,0.49195,6.18875,6.08015,0.05131
191,"Lately, Our customers generally",dua_ctx,0.99,1,238,0.99061,0.4767,7.62386,7.49923,0.05198
191,"Lately, Our customers generally",euc_unemb,0.3,1,7,0.32941,0.52128,0.1295,0.13338,0.01915
191,"Lately, Our customers generally",euc_unemb,0.5,1,9,0.57576,0.54328,0.21345,0.21584,0.02504
191,"Lately, Our customers generally",euc_unemb,0.7,1,11,0.78959,0.59852,0.34671,0.3457,0.02118
191,"Lately, Our customers generally",euc_unemb,0.9,1,13,0.91208,0.65945,0.55497,0.54879,0.05576
191,"Lately, Our customers generally",euc_unemb,0.99,1,18,0.99241,0.73508,1.32642,1.30299,0.07835
191,"Lately, Our customers generally",cau_unemb,0.3,1,8,0.37851,0.49309,0.14557,0.15073,0.04711
191,"Lately, Our customers generally",cau_unemb,0.5,1,10,0.6073,0.51817,0.20749,0.2115,0.0505
191,"Lately, Our customers generally",cau_unemb,0.7,1,11,0.71103,0.54325,0.24705,0.24992,0.02497
191,"Lately, Our customers generally",cau_unemb,0.9,1,14,0.90768,0.63542,0.44264,0.4399,0.02326
191,"Lately, Our customers generally",cau_unemb,0.99,1,20,0.99336,0.73156,1.16704,1.14724,0.06613
191,"Lately, Our customers generally",dua_unemb,0.3,1,12,0.30043,0.62081,0.08802,0.08914,0.00415
191,"Lately, Our customers generally",dua_unemb,0.5,1,19,0.51503,0.63688,0.25092,0.24651,0.00941
191,"Lately, Our customers generally",dua_unemb,0.7,1,28,0.70956,0.65902,0.58946,0.57317,0.01894
191,"Lately, Our customers generally",dua_unemb,0.9,1,40,0.90132,0.68135,1.2801,1.24202,0.025
191,"Lately, Our customers generally",dua_unemb,0.99,1,52,0.99189,0.70329,2.37138,2.30363,0.03076
191,"Lately, Our customers generally",euc_dmd,0.3,1,7,0.3731,0.49169,0.18157,0.18646,0.02614
191,"Lately, Our customers generally",euc_dmd,0.5,1,8,0.50461,0.49875,0.23443,0.23874,0.02974
191,"Lately, Our customers generally",euc_dmd,0.7,1,10,0.74912,0.54732,0.37251,0.37417,0.20031
191,"Lately, Our customers generally",euc_dmd,0.9,1,13,0.9373,0.6526,0.71141,0.70561,0.21677
191,"Lately, Our customers generally",euc_dmd,0.99,1,17,0.99213,0.73972,1.38072,1.36121,0.22539
191,"Lately, Our customers generally",cau_dmd,0.3,1,8,0.40381,0.45675,0.21485,0.22154,0.0285
191,"Lately, Our customers generally",cau_dmd,0.5,1,9,0.52379,0.46326,0.26243,0.26876,0.03145
191,"Lately, Our customers generally",cau_dmd,0.7,1,11,0.74361,0.50499,0.38849,0.39288,0.19587
191,"Lately, Our customers generally",cau_dmd,0.9,1,14,0.92526,0.59746,0.70032,0.6989,0.2469
191,"Lately, Our customers generally",cau_dmd,0.99,1,19,0.99271,0.68896,1.51083,1.49489,0.25904
191,"Lately, Our customers generally",dua_dmd,0.3,1,9,0.30829,0.60247,0.08795,0.09115,0.00663
191,"Lately, Our customers generally",dua_dmd,0.5,1,13,0.51516,0.60233,0.19466,0.19693,0.01039
191,"Lately, Our customers generally",dua_dmd,0.7,1,18,0.71376,0.61154,0.3714,0.37058,0.01651
191,"Lately, Our customers generally",dua_dmd,0.9,1,28,0.90054,0.64029,0.85481,0.84353,0.04063
191,"Lately, Our customers generally",dua_dmd,0.99,1,40,0.99078,0.67573,1.76575,1.7351,0.05259
99,"At work, Parents now",euc_ctx,0.3,1,13,0.31549,0.50961,0.16094,0.16594,0.02723
99,"At work, Parents now",euc_ctx,0.5,1,17,0.52944,0.49483,0.25255,0.25698,0.04904
99,"At work, Parents now",euc_ctx,0.7,1,21,0.73302,0.5152,0.34734,0.34996,0.05026
99,"At work, Parents now",euc_ctx,0.9,1,27,0.91271,0.58634,0.51038,0.50827,0.05306
99,"At work, Parents now",euc_ctx,0.99,1,38,0.99177,0.70361,0.94092,0.92629,0.04877
99,"At work, Parents now",cau_ctx,0.3,1,26,0.316,0.46805,0.34263,0.34923,0.04696
99,"At work, Parents now",cau_ctx,0.5,1,33,0.50182,0.38052,0.62665,0.63159,0.20974
99,"At work, Parents now",cau_ctx,0.7,1,41,0.71063,0.27585,1.10523,1.10551,0.21251
99,"At work, Parents now",cau_ctx,0.9,1,53,0.90368,0.14487,2.10011,2.0887,0.26613
99,"At work, Parents now",cau_ctx,0.99,1,74,0.9902,0.03812,4.24779,4.20952,0.27304
99,"At work, Parents now",dua_ctx,0.3,1,66,0.30453,0.62169,0.5404,0.52805,0.01761
99,"At work, Parents now",dua_ctx,0.5,1,107,0.50001,0.59129,1.43259,1.38843,0.03246
99,"At work, Parents now",dua_ctx,0.7,1,153,0.70064,0.56635,2.77675,2.69418,0.04096
99,"At work, Parents now",dua_ctx,0.9,1,205,0.90162,0.54433,4.35081,4.2384,0.04705
99,"At work, Parents now",dua_ctx,0.99,1,237,0.99077,0.53547,5.31392,5.19108,0.04797
99,"At work, Parents now",euc_unemb,0.3,1,6,0.31909,0.56157,0.09507,0.09835,0.02079
99,"At work, Parents now",euc_unemb,0.5,1,8,0.55583,0.57181,0.16275,0.16482,0.0337
99,"At work, Parents now",euc_unemb,0.7,1,10,0.77067,0.61737,0.26548,0.26456,0.02388
99,"At work, Parents now",euc_unemb,0.9,1,12,0.90079,0.67396,0.42546,0.41987,0.03465
99,"At work, Parents now",euc_unemb,0.99,1,17,0.99116,0.74566,1.05267,1.03094,0.04303
99,"At work, Parents now",cau_unemb,0.3,1,7,0.40199,0.50358,0.14146,0.14578,0.04263
99,"At work, Parents now",cau_unemb,0.5,1,8,0.51763,0.50451,0.16951,0.17341,0.04507
99,"At work, Parents now",cau_unemb,0.7,1,10,0.73213,0.53635,0.22789,0.22992,0.04525
99,"At work, Parents now",cau_unemb,0.9,1,13,0.91731,0.62458,0.36136,0.3582,0.04498
99,"At work, Parents now",cau_unemb,0.99,1,18,0.99131,0.73245,0.76541,0.74956,0.04654
99,"At work, Parents now",dua_unemb,0.3,1,12,0.30961,0.66821,0.0917,0.09314,0.00423
99,"At work, Parents now",dua_unemb,0.5,1,20,0.512,0.69442,0.30263,0.29538,0.00688
99,"At work, Parents now",dua_unemb,0.7,1,36,0.70868,0.74207,1.0099,0.97221,0.02045
99,"At work, Parents now",dua_unemb,0.9,1,62,0.90424,0.77569,2.74863,2.64936,0.03661
99,"At work, Parents now",dua_unemb,0.99,1,81,0.9901,0.77684,4.0478,3.92268,0.03885
99,"At work, Parents now",euc_dmd,0.3,1,5,0.32271,0.52539,0.12718,0.13062,0.04548
99,"At work, Parents now",euc_dmd,0.5,1,7,0.60817,0.53515,0.23553,0.23744,0.05327
99,"At work, Parents now",euc_dmd,0.7,1,8,0.73704,0.56324,0.30651,0.3068,0.05313
99,"At work, Parents now",euc_dmd,0.9,1,10,0.90138,0.64295,0.49786,0.49334,0.05972
99,"At work, Parents now",euc_dmd,0.99,1,15,0.99428,0.79146,1.20568,1.18367,0.07209
99,"At work, Parents now",cau_dmd,0.3,1,5,0.30347,0.48868,0.14702,0.15209,0.05211
99,"At work, Parents now",cau_dmd,0.5,1,7,0.57608,0.47912,0.25596,0.26033,0.05293
99,"At work, Parents now",cau_dmd,0.7,1,8,0.70549,0.49672,0.32327,0.32653,0.05467
99,"At work, Parents now",cau_dmd,0.9,1,11,0.92835,0.59388,0.61634,0.61356,0.06281
99,"At work, Parents now",cau_dmd,0.99,1,15,0.99159,0.69161,1.18601,1.17109,0.06719
99,"At work, Parents now",dua_dmd,0.3,1,9,0.35626,0.64739,0.09606,0.09947,0.00617
99,"At work, Parents now",dua_dmd,0.5,1,12,0.51271,0.64917,0.17811,0.18038,0.00838
99,"At work, Parents now",dua_dmd,0.7,1,18,0.72303,0.66624,0.37982,0.3768,0.0226
99,"At work, Parents now",dua_dmd,0.9,1,28,0.90262,0.70552,0.81674,0.79864,0.02905
99,"At work, Parents now",dua_dmd,0.99,1,39,0.99168,0.74769,1.45318,1.4122,0.05235
227,"Over time, Farmers often",euc_ctx,0.3,1,26,0.33851,0.49801,0.36165,0.36906,0.14756
227,"Over time, Farmers often",euc_ctx,0.5,1,29,0.50813,0.49772,0.49231,0.49828,0.15095
227,"Over time, Farmers often",euc_ctx,0.7,1,33,0.72483,0.51592,0.70426,0.70683,0.1662
227,"Over time, Farmers often",euc_ctx,0.9,1,39,0.91459,0.56219,1.10305,1.09781,0.18156
227,"Over time, Farmers often",euc_ctx,0.99,1,49,0.99101,0.6182,1.93076,1.90892,0.18091
227,"Over time, Farmers often",cau_ctx,0.3,1,51,0.31185,0.28892,1.15458,1.15581,0.15635
227,"Over time, Farmers often",cau_ctx,0.5,1,58,0.50755,0.16247,1.94016,1.93374,0.15893
227,"Over time, Farmers often",cau_ctx,0.7,1,65,0.70177,0.08511,2.88359,2.86708,0.16806
227,"Over time, Farmers often",cau_ctx,0.9,1,77,0.90767,0.0307,4.56829,4.5321,0.17771
227,"Over time, Farmers often",cau_ctx,0.99,1,96,0.99015,0.00796,7.17576,7.10682,0.17502
227,"Over time, Farmers often",dua_ctx,0.3,1,77,0.30423,0.53502,0.86727,0.85367,0.03079
227,"Over time, Farmers often",dua_ctx,0.5,1,108,0.50554,0.47793,1.96166,1.92135,0.03532
227,"Over time, Farmers often",dua_ctx,0.7,1,135,0.70583,0.4271,3.25287,3.18397,0.12738
227,"Over time, Farmers often",dua_ctx,0.9,1,163,0.90111,0.38848,4.83379,4.73704,0.13305
227,"Over time, Farmers often",dua_ctx,0.99,1,189,0.99117,0.3754,6.3705,6.25364,0.13297
227,"Over time, Farmers often",euc_unemb,0.3,1,11,0.36249,0.45813,0.32515,0.33156,0.14751
227,"Over time, Farmers often",euc_unemb,0.5,1,12,0.50269,0.46304,0.42293,0.42814,0.14976
227,"Over time, Farmers often",euc_unemb,0.7,1,14,0.76228,0.49271,0.70672,0.70753,0.15059
227,"Over time, Farmers often",euc_unemb,0.9,1,16,0.91084,0.52712,1.10537,1.09938,0.16706
227,"Over time, Farmers often",euc_unemb,0.99,1,20,0.99053,0.5564,2.08111,2.05782,0.1772
227,"Over time, Farmers often",cau_unemb,0.3,1,12,0.36558,0.42447,0.35486,0.36335,0.15795
227,"Over time, Farmers often",cau_unemb,0.5,1,14,0.61906,0.44557,0.51039,0.51683,0.13749
227,"Over time, Farmers often",cau_unemb,0.7,1,15,0.7318,0.46601,0.61422,0.61886,0.14414
227,"Over time, Farmers often",cau_unemb,0.9,1,18,0.92804,0.53103,1.05211,1.04862,0.15783
227,"Over time, Farmers often",cau_unemb,0.99,1,22,0.99028,0.56997,1.83989,1.82189,0.17075
227,"Over time, Farmers often",dua_unemb,0.3,1,15,0.3365,0.57032,0.15992,0.16299,0.0249
227,"Over time, Farmers often",dua_unemb,0.5,1,19,0.52738,0.57894,0.29266,0.29264,0.02537
227,"Over time, Farmers often",dua_unemb,0.7,1,24,0.72385,0.59286,0.55876,0.55201,0.03299
227,"Over time, Farmers often",dua_unemb,0.9,1,33,0.90637,0.6146,1.45807,1.43038,0.04426
227,"Over time, Farmers often",dua_unemb,0.99,1,46,0.99153,0.62899,3.50836,3.43694,0.06601
227,"Over time, Farmers often",euc_dmd,0.3,1,11,0.41986,0.42702,0.45735,0.465,0.16765
227,"Over time, Farmers often",euc_dmd,0.5,1,12,0.56915,0.43955,0.57998,0.58631,0.17305
227,"Over time, Farmers often",euc_dmd,0.7,1,13,0.70701,0.4627,0.7306,0.73494,0.18294
227,"Over time, Farmers often",euc_dmd,0.9,1,16,0.93645,0.55259,1.35171,1.34648,0.18681
227,"Over time, Farmers often",euc_dmd,0.99,1,20,0.99393,0.62319,2.41405,2.3915,0.19406
227,"Over time, Farmers often",cau_dmd,0.3,1,12,0.35679,0.39562,0.5031,0.51374,0.17586
227,"Over time, Farmers often",cau_dmd,0.5,1,14,0.60835,0.42717,0.68011,0.68914,0.17602
227,"Over time, Farmers often",cau_dmd,0.7,1,15,0.72182,0.45719,0.79774,0.80527,0.18523
227,"Over time, Farmers often",cau_dmd,0.9,1,18,0.92305,0.5669,1.29492,1.29523,0.19158
227,"Over time, Farmers often",cau_dmd,0.99,1,23,0.99334,0.68408,2.45404,2.43686,0.19986
227,"Over time, Farmers often",dua_dmd,0.3,1,13,0.33104,0.55244,0.17741,0.18354,0.10467
227,"Over time, Farmers often",dua_dmd,0.5,1,16,0.51466,0.55241,0.29508,0.30093,0.11049
227,"Over time, Farmers often",dua_dmd,0.7,1,20,0.71357,0.55769,0.49784,0.50226,0.12461
227,"Over time, Farmers often",dua_dmd,0.9,1,28,0.91147,0.57542,1.04763,1.04603,0.13211
227,"Over time, Farmers often",dua_dmd,0.99,1,40,0.99134,0.61144,2.38502,2.36323,0.1427
35,"Usually, Our customers rarely",euc_ctx,0.3,1,16,0.30751,0.62966,0.15505,0.16104,0.03152
35,"Usually, Our customers rarely",euc_ctx,0.5,1,20,0.52194,0.63451,0.26592,0.27086,0.04222
35,"Usually, Our customers rarely",euc_ctx,0.7,1,24,0.72854,0.65828,0.41415,0.41638,0.05243
35,"Usually, Our customers rarely",euc_ctx,0.9,1,30,0.91178,0.70712,0.70575,0.70131,0.05785
35,"Usually, Our customers rarely",euc_ctx,0.99,1,41,0.99186,0.76331,1.39104,1.37045,0.05817
35,"Usually, Our customers rarely",cau_ctx,0.3,1,32,0.30532,0.66147,0.2768,0.28317,0.12942
35,"Usually, Our customers rarely",cau_ctx,0.5,1,40,0.52022,0.62086,0.51148,0.5158,0.15952
35,"Usually, Our customers rarely",cau_ctx,0.7,1,47,0.7059,0.56121,0.8304,0.83076,0.13359
35,"Usually, Our customers rarely",cau_ctx,0.9,1,59,0.90468,0.41408,1.63943,1.62863,0.16032
35,"Usually, Our customers rarely",cau_ctx,0.99,1,80,0.99103,0.17297,3.60996,3.57173,0.19006
35,"Usually, Our customers rarely",dua_ctx,0.3,1,59,0.30019,0.64974,0.42286,0.41763,0.01908
35,"Usually, Our customers rarely",dua_ctx,0.5,1,92,0.50094,0.60662,1.12404,1.09865,0.039
35,"Usually, Our customers rarely",dua_ctx,0.7,1,126,0.70466,0.55801,2.23066,2.17597,0.04942
35,"Usually, Our customers rarely",dua_ctx,0.9,1,163,0.90407,0.5184,3.80801,3.72048,0.0565
35,"Usually, Our customers rarely",dua_ctx,0.99,1,195,0.99105,0.50431,5.18074,5.07084,0.06552
35,"Usually, Our customers rarely",euc_unemb,0.3,1,7,0.3616,0.61495,0.14725,0.15206,0.01982
35,"Usually, Our customers rarely",euc_unemb,0.5,1,9,0.63388,0.64114,0.30814,0.3107,0.06076
35,"Usually, Our customers rarely",euc_unemb,0.7,1,10,0.7521,0.66359,0.42988,0.43033,0.15951
35,"Usually, Our customers rarely",euc_unemb,0.9,1,12,0.9034,0.70843,0.74892,0.74347,0.17313
35,"Usually, Our customers rarely",euc_unemb,0.99,1,17,0.99372,0.75696,1.7486,1.72351,0.19289
35,"Usually, Our customers rarely",cau_unemb,0.3,1,8,0.40183,0.59025,0.16097,0.16707,0.02
35,"Usually, Our customers rarely",cau_unemb,0.5,1,9,0.52622,0.59969,0.21451,0.21997,0.02239
35,"Usually, Our customers rarely",cau_unemb,0.7,1,11,0.75217,0.6385,0.37153,0.37419,0.10989
35,"Usually, Our customers rarely",cau_unemb,0.9,1,14,0.93187,0.7026,0.73849,0.73369,0.15916
35,"Usually, Our customers rarely",cau_unemb,0.99,1,18,0.99019,0.73982,1.3672,1.34931,0.1726
35,"Usually, Our customers rarely",dua_unemb,0.3,1,10,0.30358,0.67347,0.07771,0.08045,0.00706
35,"Usually, Our customers rarely",dua_unemb,0.5,1,15,0.54444,0.68838,0.19893,0.1984,0.01707
35,"Usually, Our customers rarely",dua_unemb,0.7,1,19,0.70095,0.7034,0.35437,0.34908,0.02975
35,"Usually, Our customers rarely",dua_unemb,0.9,1,29,0.90446,0.73415,1.05148,1.02702,0.13833
35,"Usually, Our customers rarely",dua_unemb,0.99,1,43,0.99084,0.74884,2.71756,2.65311,0.16234
35,"Usually, Our customers rarely",euc_dmd,0.3,1,7,0.40434,0.59492,0.19934,0.20475,0.02853
35,"Usually, Our customers rarely",euc_dmd,0.5,1,8,0.54962,0.60935,0.28078,0.28527,0.0711
35,"Usually, Our customers rarely",euc_dmd,0.7,1,10,0.79841,0.66767,0.525,0.52559,0.09145
35,"Usually, Our customers rarely",euc_dmd,0.9,1,12,0.92803,0.73279,0.877,0.87138,0.09926
35,"Usually, Our customers rarely",euc_dmd,0.99,1,16,0.99273,0.80739,1.75107,1.72956,0.17057
35,"Usually, Our customers rarely",cau_dmd,0.3,1,8,0.41084,0.56362,0.22451,0.23166,0.05709
35,"Usually, Our customers rarely",cau_dmd,0.5,1,9,0.53643,0.57668,0.28206,0.28866,0.06557
35,"Usually, Our customers rarely",cau_dmd,0.7,1,11,0.76058,0.63068,0.44906,0.45306,0.08999
35,"Usually, Our customers rarely",cau_dmd,0.9,1,14,0.93464,0.72934,0.85925,0.8561,0.10066
35,"Usually, Our customers rarely",cau_dmd,0.99,1,18,0.99045,0.80808,1.6008,1.58476,0.10749
35,"Usually, Our customers rarely",dua_dmd,0.3,1,8,0.30514,0.65565,0.077,0.08098,0.01676
35,"Usually, Our customers rarely",dua_dmd,0.5,1,11,0.50967,0.65521,0.15854,0.16234,0.0239
35,"Usually, Our customers rarely",dua_dmd,0.7,1,15,0.73985,0.66192,0.31365,0.31576,0.03694
35,"Usually, Our customers rarely",dua_dmd,0.9,1,21,0.90868,0.67932,0.61523,0.61242,0.05021
35,"Usually, Our customers rarely",dua_dmd,0.99,1,32,0.99117,0.71677,1.44106,1.42214,0.0581
289,"Every day, Farmers always",euc_ctx,0.3,1,14,0.31461,0.67882,0.13584,0.14274,0.02156
289,"Every day, Farmers always",euc_ctx,0.5,1,18,0.53665,0.68134,0.26321,0.26926,0.03442
289,"Every day, Farmers always",euc_ctx,0.7,1,22,0.74499,0.69358,0.44051,0.44377,0.04525
289,"Every day, Farmers always",euc_ctx,0.9,1,27,0.90273,0.71292,0.71658,0.71418,0.04976
289,"Every day, Farmers always",euc_ctx,0.99,1,38,0.99157,0.73575,1.44039,1.42184,0.05354
289,"Every day, Farmers always",cau_ctx,0.3,1,28,0.31768,0.66317,0.26198,0.26938,0.03488
289,"Every day, Farmers always",cau_ctx,0.5,1,35,0.51276,0.61784,0.48215,0.48814,0.1098
289,"Every day, Farmers always",cau_ctx,0.7,1,42,0.70474,0.55118,0.81222,0.81462,0.11405
289,"Every day, Farmers always",cau_ctx,0.9,1,54,0.90776,0.4031,1.6228,1.61463,0.16166
289,"Every day, Farmers always",cau_ctx,0.99,1,74,0.99103,0.17771,3.46459,3.43133,0.18635
289,"Every day, Farmers always",dua_ctx,0.3,1,64,0.30397,0.6501,0.67321,0.66493,0.0229
289,"Every day, Farmers always",dua_ctx,0.5,1,98,0.50012,0.59604,1.72109,1.68698,0.03747
289,"Every day, Farmers always",dua_ctx,0.7,1,130,0.70236,0.54535,2.98664,2.92247,0.04085
289,"Every day, Farmers always",dua_ctx,0.9,1,162,0.90372,0.50146,4.45118,4.36051,0.04452
289,"Every day, Farmers always",dua_ctx,0.99,1,189,0.99104,0.4888,5.63941,5.53078,0.05085
289,"Every day, Farmers always",euc_unemb,0.3,1,6,0.3357,0.64411,0.11453,0.11981,0.029
289,"Every day, Farmers always",euc_unemb,0.5,1,8,0.60886,0.65705,0.26777,0.27119,0.04386
289,"Every day, Farmers always",euc_unemb,0.7,1,9,0.73242,0.66837,0.38676,0.38814,0.06321
289,"Every day, Farmers always",euc_unemb,0.9,1,12,0.9374,0.68981,0.88576,0.87761,0.17343
289,"Every day, Farmers always",euc_unemb,0.99,1,16,0.99319,0.67525,1.69398,1.66948,0.19262
289,"Every day, Farmers always",cau_unemb,0.3,1,7,0.39616,0.62623,0.13755,0.14415,0.0546
289,"Every day, Farmers always",cau_unemb,0.5,1,8,0.52261,0.63479,0.19042,0.19653,0.05223
289,"Every day, Farmers always",cau_unemb,0.7,1,10,0.75258,0.66717,0.34551,0.34893,0.07524
289,"Every day, Farmers always",cau_unemb,0.9,1,13,0.93335,0.71237,0.70516,0.70102,0.0781
289,"Every day, Farmers always",cau_unemb,0.99,1,17,0.99064,0.72701,1.31661,1.2993,0.18895
289,"Every day, Farmers always",dua_unemb,0.3,1,10,0.34304,0.69125,0.09959,0.10224,0.00757
289,"Every day, Farmers always",dua_unemb,0.5,1,14,0.52318,0.69949,0.20897,0.2087,0.0168
289,"Every day, Farmers always",dua_unemb,0.7,1,19,0.70366,0.71167,0.41566,0.40895,0.02314
289,"Every day, Farmers always",dua_unemb,0.9,1,29,0.90194,0.7306,1.11335,1.08622,0.03183
289,"Every day, Farmers always",dua_unemb,0.99,1,43,0.9901,0.73904,2.69323,2.62501,0.12792
289,"Every day, Farmers always",euc_dmd,0.3,1,6,0.36602,0.63376,0.14104,0.14726,0.02997
289,"Every day, Farmers always",euc_dmd,0.5,1,7,0.50976,0.64308,0.2123,0.21793,0.06117
289,"Every day, Farmers always",euc_dmd,0.7,1,9,0.77218,0.68272,0.43634,0.4385,0.08527
289,"Every day, Farmers always",euc_dmd,0.9,1,11,0.91729,0.72385,0.76763,0.76373,0.09516
289,"Every day, Farmers always",euc_dmd,0.99,1,15,0.99165,0.76103,1.59791,1.57818,0.10188
289,"Every day, Farmers always",cau_dmd,0.3,1,7,0.40143,0.60377,0.17822,0.18628,0.06562
289,"Every day, Farmers always",cau_dmd,0.5,1,8,0.52919,0.61602,0.23309,0.24083,0.07591
289,"Every day, Farmers always",cau_dmd,0.7,1,10,0.7588,0.66443,0.39465,0.40004,0.07846
289,"Every day, Farmers always",cau_dmd,0.9,1,13,0.93568,0.74527,0.7944,0.79269,0.09597
289,"Every day, Farmers always",cau_dmd,0.99,1,17,0.99089,0.80377,1.50996,1.49535,0.1039
289,"Every day, Farmers always",dua_dmd,0.3,1,7,0.3076,0.67791,0.0752,0.07967,0.01226
289,"Every day, Farmers always",dua_dmd,0.5,1,10,0.52368,0.677,0.16419,0.16879,0.01875
289,"Every day, Farmers always",dua_dmd,0.7,1,13,0.71193,0.68102,0.28383,0.28752,0.02998
289,"Every day, Farmers always",dua_dmd,0.9,1,19,0.90844,0.69797,0.58656,0.58595,0.03488
289,"Every day, Farmers always",dua_dmd,0.99,1,29,0.9917,0.732,1.32777,1.31295,0.04025
27,Most doctors rarely,euc_ctx,0.3,1,30,0.33738,0.24008,0.89405,0.89501,0.17044
27,Most doctors rarely,euc_ctx,0.5,1,33,0.51801,0.2358,1.03136,1.03031,0.17275
27,Most doctors rarely,euc_ctx,0.7,1,37,0.74388,0.26129,1.17654,1.17199,0.15467
27,Most doctors rarely,euc_ctx,0.9,1,42,0.90932,0.33304,1.35167,1.34138,0.16025
27,Most doctors rarely,euc_ctx,0.99,1,52,0.99157,0.49649,1.92674,1.90091,0.15067
27,Most doctors rarely,cau_ctx,0.3,1,59,0.31532,0.05443,2.72416,2.70748,0.14593
27,Most doctors rarely,cau_ctx,0.5,1,65,0.50024,0.02453,3.69558,3.66861,0.15058
27,Most doctors rarely,cau_ctx,0.7,1,72,0.71417,0.01097,4.81426,4.77456,0.15709
27,Most doctors rarely,cau_ctx,0.9,1,82,0.90385,0.00451,6.33302,6.27468,0.17369
27,Most doctors rarely,cau_ctx,0.99,1,100,0.99081,0.00135,8.91507,8.82339,0.17208
27,Most doctors rarely,dua_ctx,0.3,1,71,0.30655,0.50883,0.68578,0.66897,0.04345
27,Most doctors rarely,dua_ctx,0.5,1,98,0.50606,0.4774,1.43158,1.3895,0.05367
27,Most doctors rarely,dua_ctx,0.7,1,126,0.70302,0.44899,2.50087,2.42724,0.06187
27,Most doctors rarely,dua_ctx,0.9,1,158,0.90026,0.42757,4.07815,3.97362,0.03919
27,Most doctors rarely,dua_ctx,0.99,1,188,0.9902,0.4244,5.60086,5.47619,0.13465
27,Most doctors rarely,euc_unemb,0.3,1,12,0.33139,0.36974,0.42591,0.43248,0.13065
27,Most doctors rarely,euc_unemb,0.5,1,14,0.6383,0.39461,0.64894,0.65244,0.155
27,Most doctors rarely,euc_unemb,0.7,1,15,0.76932,0.42178,0.81337,0.81425,0.1769
27,Most doctors rarely,euc_unemb,0.9,1,17,0.92272,0.47886,1.25315,1.24676,0.19373
27,Most doctors rarely,euc_unemb,0.99,1,21,0.99356,0.53057,2.37433,2.34889,0.2136
27,Most doctors rarely,cau_unemb,0.3,1,13,0.30891,0.28008,0.61308,0.62043,0.14877
27,Most doctors rarely,cau_unemb,0.5,1,15,0.58178,0.28957,0.77453,0.77984,0.16498
27,Most doctors rarely,cau_unemb,0.7,1,16,0.71036,0.31111,0.8665,0.87016,0.17115
27,Most doctors rarely,cau_unemb,0.9,1,19,0.9305,0.41117,1.25863,1.25466,0.17696
27,Most doctors rarely,cau_unemb,0.99,1,23,0.9922,0.50414,2.0672,2.04834,0.18718
27,Most doctors rarely,dua_unemb,0.3,1,17,0.31853,0.5447,0.17006,0.17364,0.0178
27,Most doctors rarely,dua_unemb,0.5,1,21,0.51132,0.55608,0.30087,0.30121,0.0324
27,Most doctors rarely,dua_unemb,0.7,1,26,0.71505,0.57677,0.57466,0.56775,0.04761
27,Most doctors rarely,dua_unemb,0.9,1,35,0.90955,0.6096,1.5218,1.49295,0.061
27,Most doctors rarely,dua_unemb,0.99,1,45,0.99176,0.6321,3.25203,3.18777,0.06438
27,Most doctors rarely,euc_dmd,0.3,1,12,0.40283,0.29155,0.715,0.72061,0.16394
27,Most doctors rarely,euc_dmd,0.5,1,13,0.56522,0.30468,0.82812,0.83232,0.16996
27,Most doctors rarely,euc_dmd,0.7,1,14,0.71465,0.33454,0.95768,0.95991,0.1602
27,Most doctors rarely,euc_dmd,0.9,1,16,0.9027,0.42889,1.29923,1.2957,0.17243
27,Most doctors rarely,euc_dmd,0.99,1,20,0.99211,0.59677,2.31961,2.29902,0.20468
27,Most doctors rarely,cau_dmd,0.3,1,13,0.31336,0.23966,0.86083,0.86876,0.17027
27,Most doctors rarely,cau_dmd,0.5,1,15,0.58256,0.25514,1.04045,1.04647,0.17458
27,Most doctors rarely,cau_dmd,0.7,1,16,0.70857,0.28113,1.13927,1.14383,0.16357
27,Most doctors rarely,cau_dmd,0.9,1,19,0.9268,0.41308,1.54875,1.54653,0.19899
27,Most doctors rarely,cau_dmd,0.99,1,23,0.99101,0.5812,2.42159,2.4055,0.20595
27,Most doctors rarely,dua_dmd,0.3,1,15,0.34712,0.52763,0.19425,0.19971,0.02905
27,Most doctors rarely,dua_dmd,0.5,1,18,0.51362,0.53047,0.29619,0.30092,0.11852
27,Most doctors rarely,dua_dmd,0.7,1,23,0.72399,0.5416,0.51694,0.51914,0.13392
27,Most doctors rarely,dua_dmd,0.9,1,31,0.90483,0.56539,1.07463,1.06907,0.14688
27,Most doctors rarely,dua_dmd,0.99,1,42,0.99127,0.60131,2.46053,2.4336,0.15323
233,"Every day, These kids just",euc_ctx,0.3,1,19,0.31261,0.39489,0.34411,0.35063,0.04805
233,"Every day, These kids just",euc_ctx,0.5,1,23,0.53928,0.38751,0.4515,0.45704,0.05351
233,"Every day, These kids just",euc_ctx,0.7,1,26,0.70404,0.4088,0.51921,0.52325,0.05972
233,"Every day, These kids just",euc_ctx,0.9,1,32,0.90761,0.49771,0.66749,0.6666,0.06432
233,"Every day, These kids just",euc_ctx,0.99,1,42,0.9905,0.63201,1.10962,1.09609,0.06285
233,"Every day, These kids just",cau_ctx,0.3,1,36,0.32116,0.31196,0.77871,0.78466,0.17127
233,"Every day, These kids just",cau_ctx,0.5,1,43,0.53113,0.21043,1.30805,1.30933,0.21554
233,"Every day, These kids just",cau_ctx,0.7,1,49,0.70613,0.14045,1.89299,1.88801,0.21849
233,"Every day, These kids just",cau_ctx,0.9,1,60,0.90647,0.0654,3.12053,3.10072,0.21856
233,"Every day, These kids just",cau_ctx,0.99,1,78,0.99029,0.02128,5.23138,5.18402,0.25304
233,"Every day, These kids just",dua_ctx,0.3,1,61,0.30201,0.55252,0.49131,0.48133,0.02769
233,"Every day, These kids just",dua_ctx,0.5,1,92,0.50513,0.52687,1.13405,1.1005,0.01774
233,"Every day, These kids just",dua_ctx,0.7,1,128,0.70042,0.51454,2.14213,2.07449,0.02994
233,"Every day, These kids just",dua_ctx,0.9,1,175,0.90331,0.49329,3.77294,3.6698,0.0538
233,"Every day, These kids just",dua_ctx,0.99,1,205,0.99085,0.48423,4.92888,4.80934,0.05746
233,"Every day, These kids just",euc_unemb,0.3,1,9,0.41787,0.45487,0.33597,0.3389,0.05748
233,"Every day, These kids just",euc_unemb,0.5,1,10,0.55367,0.46572,0.39379,0.39552,0.05786
233,"Every day, These kids just",euc_unemb,0.7,1,12,0.78711,0.52483,0.54025,0.53813,0.06517
233,"Every day, These kids just",euc_unemb,0.9,1,14,0.91659,0.60549,0.75936,0.75155,0.06887
233,"Every day, These kids just",euc_unemb,0.99,1,19,0.99398,0.72591,1.60878,1.58163,0.06977
233,"Every day, These kids just",cau_unemb,0.3,1,9,0.32859,0.43558,0.30264,0.3084,0.06312
233,"Every day, These kids just",cau_unemb,0.5,1,11,0.56845,0.44921,0.3808,0.38522,0.05991
233,"Every day, These kids just",cau_unemb,0.7,1,13,0.77829,0.50693,0.46986,0.47146,0.05462
233,"Every day, These kids just",cau_unemb,0.9,1,15,0.90253,0.58581,0.61043,0.60776,0.05798
233,"Every day, These kids just",cau_unemb,0.99,1,20,0.9901,0.72272,1.22988,1.21205,0.06121
233,"Every day, These kids just",dua_unemb,0.3,1,13,0.31314,0.63439,0.08873,0.09073,0.03384
233,"Every day, These kids just",dua_unemb,0.5,1,18,0.51356,0.64978,0.20383,0.20204,0.04683
233,"Every day, These kids just",dua_unemb,0.7,1,26,0.70214,0.68424,0.53964,0.52629,0.04908
233,"Every day, These kids just",dua_unemb,0.9,1,46,0.90149,0.74725,1.92181,1.8647,0.0626
233,"Every day, These kids just",dua_unemb,0.99,1,62,0.99196,0.77478,3.55809,3.46019,0.06794
233,"Every day, These kids just",euc_dmd,0.3,1,8,0.33828,0.36466,0.47644,0.48119,0.06337
233,"Every day, These kids just",euc_dmd,0.5,1,10,0.61921,0.36815,0.6492,0.65168,0.06303
233,"Every day, These kids just",euc_dmd,0.7,1,11,0.7434,0.39352,0.73863,0.73931,0.06373
233,"Every day, These kids just",euc_dmd,0.9,1,13,0.90162,0.47665,0.95976,0.95557,0.20071
233,"Every day, These kids just",euc_dmd,0.99,1,18,0.99373,0.6781,1.86802,1.8458,0.29048
233,"Every day, These kids just",cau_dmd,0.3,1,9,0.33068,0.3441,0.56358,0.57127,0.1833
233,"Every day, These kids just",cau_dmd,0.5,1,11,0.56819,0.34695,0.6825,0.68906,0.1821
233,"Every day, These kids just",cau_dmd,0.7,1,13,0.7763,0.39687,0.79668,0.80091,0.18388
233,"Every day, These kids just",cau_dmd,0.9,1,15,0.90083,0.47976,0.96131,0.96196,0.24071
233,"Every day, These kids just",cau_dmd,0.99,1,21,0.99373,0.70761,1.88792,1.87179,0.29805
233,"Every day, These kids just",dua_dmd,0.3,1,11,0.30841,0.61247,0.10175,0.10451,0.03567
233,"Every day, These kids just",dua_dmd,0.5,1,15,0.5121,0.61019,0.20697,0.20865,0.04236
233,"Every day, These kids just",dua_dmd,0.7,1,20,0.71403,0.6175,0.39951,0.39828,0.05252
233,"Every day, These kids just",dua_dmd,0.9,1,29,0.90232,0.65121,0.91599,0.90551,0.054
233,"Every day, These kids just",dua_dmd,0.99,1,47,0.99071,0.74049,2.3948,2.35211,0.06446
183,"Lately, People never",euc_ctx,0.3,1,12,0.31382,0.40055,0.15053,0.15381,0.09249
183,"Lately, People never",euc_ctx,0.5,1,16,0.53116,0.39874,0.24671,0.2493,0.09757
183,"Lately, People never",euc_ctx,0.7,1,20,0.73723,0.4321,0.35603,0.35677,0.04512
183,"Lately, People never",euc_ctx,0.9,1,26,0.91608,0.52218,0.57805,0.57391,0.06775
183,"Lately, People never",euc_ctx,0.99,1,36,0.99049,0.65173,1.17279,1.15653,0.14383
183,"Lately, People never",cau_ctx,0.3,1,23,0.30241,0.40969,0.19065,0.19547,0.09191
183,"Lately, People never",cau_ctx,0.5,1,31,0.52511,0.40384,0.32623,0.33058,0.09551
183,"Lately, People never",cau_ctx,0.7,1,38,0.71612,0.42479,0.47755,0.48024,0.11686
183,"Lately, People never",cau_ctx,0.9,1,49,0.90319,0.47414,0.83842,0.8359,0.12199
183,"Lately, People never",cau_ctx,0.99,1,69,0.99054,0.42476,2.07181,2.05224,0.13039
183,"Lately, People never",dua_ctx,0.3,1,43,0.30125,0.50309,0.21811,0.21755,0.01861
183,"Lately, People never",dua_ctx,0.5,1,67,0.50127,0.48322,0.56473,0.55435,0.03979
183,"Lately, People never",dua_ctx,0.7,1,92,0.70298,0.46878,1.111,1.08461,0.04692
183,"Lately, People never",dua_ctx,0.9,1,122,0.90286,0.46437,1.98982,1.93889,0.06375
183,"Lately, People never",dua_ctx,0.99,1,150,0.99085,0.48052,3.0182,2.94403,0.12474
183,"Lately, People never",euc_unemb,0.3,1,6,0.42111,0.4157,0.17913,0.18051,0.03186
183,"Lately, People never",euc_unemb,0.5,1,7,0.55412,0.42405,0.24471,0.24513,0.04188
183,"Lately, People never",euc_unemb,0.7,1,9,0.78437,0.47159,0.42591,0.42298,0.06255
183,"Lately, People never",euc_unemb,0.9,1,11,0.91439,0.53651,0.69147,0.68337,0.0737
183,"Lately, People never",euc_unemb,0.99,1,16,0.99374,0.63653,1.66009,1.63412,0.12625
183,"Lately, People never",cau_unemb,0.3,1,6,0.35764,0.39201,0.1495,0.15244,0.08987
183,"Lately, People never",cau_unemb,0.5,1,8,0.5961,0.39981,0.24963,0.2514,0.10165
183,"Lately, People never",cau_unemb,0.7,1,9,0.70612,0.41778,0.31279,0.31343,0.0555
183,"Lately, People never",cau_unemb,0.9,1,12,0.91189,0.49946,0.58953,0.58461,0.10688
183,"Lately, People never",cau_unemb,0.99,1,17,0.99146,0.59222,1.3519,1.33267,0.12162
183,"Lately, People never",dua_unemb,0.3,1,8,0.33069,0.52584,0.07112,0.07234,0.01394
183,"Lately, People never",dua_unemb,0.5,1,11,0.50461,0.53475,0.13991,0.13961,0.02241
183,"Lately, People never",dua_unemb,0.7,1,15,0.70693,0.55232,0.27822,0.27422,0.04341
183,"Lately, People never",dua_unemb,0.9,1,22,0.9058,0.58768,0.6618,0.64745,0.04826
183,"Lately, People never",dua_unemb,0.99,1,32,0.9901,0.6359,1.45991,1.42518,0.0594
183,"Lately, People never",euc_dmd,0.3,1,5,0.32095,0.39614,0.16322,0.16555,0.09789
183,"Lately, People never",euc_dmd,0.5,1,7,0.59188,0.40475,0.31032,0.31113,0.05067
183,"Lately, People never",euc_dmd,0.7,1,8,0.71809,0.43008,0.40649,0.40585,0.05272
183,"Lately, People never",euc_dmd,0.9,1,11,0.93286,0.55262,0.82379,0.81605,0.07911
183,"Lately, People never",euc_dmd,0.99,1,15,0.9926,0.68799,1.65764,1.63591,0.08856
183,"Lately, People never",cau_dmd,0.3,1,6,0.35565,0.37177,0.19415,0.19786,0.10141
183,"Lately, People never",cau_dmd,0.5,1,8,0.59227,0.38072,0.30911,0.31194,0.1044
183,"Lately, People never",cau_dmd,0.7,1,9,0.70191,0.40173,0.37839,0.38029,0.05173
183,"Lately, People never",cau_dmd,0.9,1,12,0.90899,0.50803,0.67466,0.67178,0.08189
183,"Lately, People never",cau_dmd,0.99,1,17,0.99092,0.67575,1.49667,1.48069,0.09352
183,"Lately, People never",dua_dmd,0.3,1,7,0.33338,0.50977,0.0706,0.07295,0.02376
183,"Lately, People never",dua_dmd,0.5,1,10,0.53875,0.50965,0.14928,0.15125,0.03278
183,"Lately, People never",dua_dmd,0.7,1,13,0.71034,0.51414,0.25567,0.25648,0.03341
183,"Lately, People never",dua_dmd,0.9,1,20,0.91462,0.53577,0.59684,0.59225,0.05473
183,"Lately, People never",dua_dmd,0.99,1,30,0.99104,0.57727,1.28106,1.26301,0.0633
90,"In this case, You also",euc_ctx,0.3,1,23,0.34227,0.34895,0.31163,0.31487,0.28361
90,"In this case, You also",euc_ctx,0.5,1,27,0.54167,0.35176,0.3478,0.35006,0.28344
90,"In this case, You also",euc_ctx,0.7,1,31,0.72876,0.38899,0.35041,0.35102,0.29457
90,"In this case, You also",euc_ctx,0.9,1,37,0.90221,0.49497,0.3437,0.34044,0.35348
90,"In this case, You also",euc_ctx,0.99,1,49,0.99094,0.717,0.5452,0.5297,0.28589
90,"In this case, You also",cau_ctx,0.3,1,42,0.30914,0.46716,0.33175,0.34048,0.01212
90,"In this case, You also",cau_ctx,0.5,1,50,0.51591,0.40033,0.58384,0.59063,0.06957
90,"In this case, You also",cau_ctx,0.7,1,58,0.71756,0.31494,0.98745,0.9896,0.24503
90,"In this case, You also",cau_ctx,0.9,1,70,0.90359,0.18188,1.88055,1.87115,0.3078
90,"In this case, You also",cau_ctx,0.99,1,92,0.99047,0.04815,3.9959,3.95832,0.31831
90,"In this case, You also",dua_ctx,0.3,1,91,0.30166,0.65577,0.36494,0.33538,0.00714
90,"In this case, You also",dua_ctx,0.5,1,147,0.50239,0.66077,0.98687,0.91036,0.01287
90,"In this case, You also",dua_ctx,0.7,1,206,0.70176,0.65013,1.87956,1.76727,0.01739
90,"In this case, You also",dua_ctx,0.9,1,298,0.90199,0.62466,3.70453,3.56404,0.30469
90,"In this case, You also",dua_ctx,0.99,1,348,0.99094,0.6056,4.63067,4.48607,0.32483
90,"In this case, You also",euc_unemb,0.3,1,11,0.35925,0.27797,0.49621,0.49363,0.2849
90,"In this case, You also",euc_unemb,0.5,1,13,0.57737,0.27286,0.59258,0.58765,0.28529
90,"In this case, You also",euc_unemb,0.7,1,15,0.77051,0.30255,0.65774,0.64979,0.29455
90,"In this case, You also",euc_unemb,0.9,1,18,0.92937,0.39437,0.75166,0.73769,0.2942
90,"In this case, You also",euc_unemb,0.99,1,23,0.99261,0.54719,1.11622,1.08817,0.24484
90,"In this case, You also",cau_unemb,0.3,1,11,0.3108,0.25064,0.53602,0.53424,0.28515
90,"In this case, You also",cau_unemb,0.5,1,13,0.50737,0.23232,0.62645,0.62268,0.28617
90,"In this case, You also",cau_unemb,0.7,1,15,0.70166,0.24258,0.6629,0.65669,0.28537
90,"In this case, You also",cau_unemb,0.9,1,19,0.92464,0.3331,0.64659,0.6341,0.29451
90,"In this case, You also",cau_unemb,0.99,1,25,0.99323,0.52433,0.75719,0.73154,0.29348
90,"In this case, You also",dua_unemb,0.3,1,27,0.30743,0.67501,0.33299,0.3099,0.00923
90,"In this case, You also",dua_unemb,0.5,1,48,0.50729,0.70117,1.00246,0.93019,0.01132
90,"In this case, You also",dua_unemb,0.7,1,73,0.70501,0.71939,1.85211,1.73297,0.01561
90,"In this case, You also",dua_unemb,0.9,1,116,0.90162,0.73985,2.80629,2.66113,0.01939
90,"In this case, You also",dua_unemb,0.99,1,145,0.99179,0.74199,3.39534,3.24761,0.04344
90,"In this case, You also",euc_dmd,0.3,1,9,0.36652,0.21411,0.67885,0.6784,0.32349
90,"In this case, You also",euc_dmd,0.5,1,10,0.50241,0.20485,0.76984,0.76823,0.34042
90,"In this case, You also",euc_dmd,0.7,1,12,0.75611,0.2233,0.90111,0.8966,0.35195
90,"In this case, You also",euc_dmd,0.9,1,14,0.90559,0.28601,0.98515,0.97697,0.36478
90,"In this case, You also",euc_dmd,0.99,1,19,0.99392,0.54224,1.2699,1.2489,0.43935
90,"In this case, You also",cau_dmd,0.3,1,9,0.34813,0.18841,0.73913,0.74128,0.32338
90,"In this case, You also",cau_dmd,0.5,1,11,0.61373,0.1751,0.91086,0.91111,0.35151
90,"In this case, You also",cau_dmd,0.7,1,12,0.73305,0.18425,0.96858,0.96763,0.35894
90,"In this case, You also",cau_dmd,0.9,1,15,0.93409,0.26587,1.07207,1.06661,0.3697
90,"In this case, You also",cau_dmd,0.99,1,19,0.99194,0.45592,1.23845,1.22457,0.42965
90,"In this case, You also",dua_dmd,0.3,1,17,0.32109,0.64114,0.20653,0.20101,0.00844
90,"In this case, You also",dua_dmd,0.5,1,27,0.51321,0.66064,0.49765,0.47554,0.01077
90,"In this case, You also",dua_dmd,0.7,1,41,0.7092,0.68915,0.98944,0.93736,0.01331
90,"In this case, You also",dua_dmd,0.9,1,75,0.90378,0.73445,2.11489,1.99862,0.29118
90,"In this case, You also",dua_dmd,0.99,1,97,0.99082,0.75424,2.61911,2.48278,0.29521
