ctx_id,text,method,level,reached,step,P1,cf,kl,kl99,rd
256,"At work, The engineers sometimes",euc_ctx,0.3,1,21,0.34371,0.3936,0.4813,0.48554,0.13179
256,"At work, The engineers sometimes",euc_ctx,0.5,1,24,0.51543,0.38492,0.58723,0.59008,0.13611
256,"At work, The engineers sometimes",euc_ctx,0.7,1,28,0.73178,0.40968,0.69987,0.69987,0.14283
256,"At work, The engineers sometimes",euc_ctx,0.9,1,34,0.91752,0.50245,0.85583,0.84961,0.06741
256,"At work, The engineers sometimes",euc_ctx,0.99,1,44,0.9912,0.66881,1.27281,1.25256,0.06659
256,"At work, The engineers sometimes",cau_ctx,0.3,1,39,0.31711,0.40363,0.65023,0.6548,0.15064
256,"At work, The engineers sometimes",cau_ctx,0.5,1,46,0.5274,0.35171,0.9432,0.94473,0.16864
256,"At work, The engineers sometimes",cau_ctx,0.7,1,52,0.70301,0.31925,1.23945,1.23699,0.17791
256,"At work, The engineers sometimes",cau_ctx,0.9,1,63,0.90381,0.27542,1.88606,1.87355,0.19102
256,"At work, The engineers sometimes",cau_ctx,0.99,1,82,0.99021,0.20777,3.23104,3.19654,0.19789
256,"At work, The engineers sometimes",dua_ctx,0.3,1,32,0.30276,0.56132,0.27682,0.27951,0.00994
256,"At work, The engineers sometimes",dua_ctx,0.5,1,42,0.51633,0.55137,0.46944,0.46788,0.03952
256,"At work, The engineers sometimes",dua_ctx,0.7,1,51,0.70109,0.5529,0.69568,0.68822,0.04957
256,"At work, The engineers sometimes",dua_ctx,0.9,1,65,0.90987,0.57832,1.15544,1.13513,0.06307
256,"At work, The engineers sometimes",dua_ctx,0.99,1,80,0.99019,0.63281,1.83598,1.79692,0.06725
256,"At work, The engineers sometimes",euc_unemb,0.3,1,9,0.34031,0.42536,0.37861,0.38207,0.06862
256,"At work, The engineers sometimes",euc_unemb,0.5,1,11,0.61372,0.42772,0.57077,0.57149,0.13681
256,"At work, The engineers sometimes",euc_unemb,0.7,1,12,0.7364,0.44619,0.68932,0.6879,0.17128
256,"At work, The engineers sometimes",euc_unemb,0.9,1,15,0.93857,0.52732,1.14415,1.13354,0.20006
256,"At work, The engineers sometimes",euc_unemb,0.99,1,19,0.99332,0.59216,1.91594,1.88907,0.21021
256,"At work, The engineers sometimes",cau_unemb,0.3,1,10,0.35393,0.41296,0.39037,0.39571,0.06147
256,"At work, The engineers sometimes",cau_unemb,0.5,1,12,0.59938,0.41692,0.53186,0.5352,0.15628
256,"At work, The engineers sometimes",cau_unemb,0.7,1,13,0.7119,0.43353,0.61214,0.61389,0.15924
256,"At work, The engineers sometimes",cau_unemb,0.9,1,16,0.91733,0.511,0.9186,0.91336,0.16817
256,"At work, The engineers sometimes",cau_unemb,0.99,1,21,0.99258,0.59453,1.64999,1.62821,0.18035
256,"At work, The engineers sometimes",dua_unemb,0.3,1,10,0.30659,0.56738,0.16454,0.16773,0.04858
256,"At work, The engineers sometimes",dua_unemb,0.5,1,13,0.56874,0.57807,0.32367,0.32415,0.04365
256,"At work, The engineers sometimes",dua_unemb,0.7,1,15,0.71897,0.59566,0.47184,0.46913,0.05035
256,"At work, The engineers sometimes",dua_unemb,0.9,1,19,0.9018,0.63839,0.85929,0.84726,0.12098
256,"At work, The engineers sometimes",dua_unemb,0.99,1,26,0.99235,0.69878,1.75939,1.72455,0.1277
256,"At work, The engineers sometimes",euc_dmd,0.3,1,9,0.36065,0.33931,0.61438,0.6189,0.17696
256,"At work, The engineers sometimes",euc_dmd,0.5,1,11,0.63082,0.33637,0.8131,0.81504,0.20458
256,"At work, The engineers sometimes",euc_dmd,0.7,1,12,0.74778,0.35446,0.912,0.91209,0.2052
256,"At work, The engineers sometimes",euc_dmd,0.9,1,15,0.93862,0.45541,1.26259,1.2551,0.20886
256,"At work, The engineers sometimes",euc_dmd,0.99,1,19,0.99249,0.58892,1.9059,1.88482,0.20262
256,"At work, The engineers sometimes",cau_dmd,0.3,1,10,0.31552,0.34506,0.64584,0.65257,0.17895
256,"At work, The engineers sometimes",cau_dmd,0.5,1,12,0.53554,0.33648,0.77911,0.78432,0.18363
256,"At work, The engineers sometimes",cau_dmd,0.7,1,14,0.73986,0.36565,0.91113,0.91377,0.18559
256,"At work, The engineers sometimes",cau_dmd,0.9,1,17,0.91508,0.45725,1.17366,1.17062,0.09053
256,"At work, The engineers sometimes",cau_dmd,0.99,1,23,0.99318,0.63615,1.99873,1.97936,0.21227
256,"At work, The engineers sometimes",dua_dmd,0.3,1,9,0.32409,0.51947,0.2365,0.24086,0.05883
256,"At work, The engineers sometimes",dua_dmd,0.5,1,11,0.53789,0.50972,0.37585,0.37932,0.06148
256,"At work, The engineers sometimes",dua_dmd,0.7,1,13,0.71563,0.51421,0.53425,0.53599,0.06789
256,"At work, The engineers sometimes",dua_dmd,0.9,1,17,0.90554,0.54551,0.89316,0.88937,0.07593
256,"At work, The engineers sometimes",dua_dmd,0.99,1,24,0.99098,0.61836,1.66496,1.64589,0.07523
223,"In this case, Students usually",euc_ctx,0.3,1,16,0.30467,0.58091,0.19489,0.20186,0.03968
223,"In this case, Students usually",euc_ctx,0.5,1,20,0.52707,0.58495,0.33517,0.34118,0.04893
223,"In this case, Students usually",euc_ctx,0.7,1,24,0.73902,0.611,0.52012,0.52345,0.05242
223,"In this case, Students usually",euc_ctx,0.9,1,29,0.90066,0.65788,0.81007,0.80799,0.05648
223,"In this case, Students usually",euc_ctx,0.99,1,40,0.99145,0.73206,1.60554,1.58753,0.15679
223,"In this case, Students usually",cau_ctx,0.3,1,32,0.31236,0.61492,0.34885,0.35683,0.15932
223,"In this case, Students usually",cau_ctx,0.5,1,39,0.50593,0.60173,0.54913,0.55592,0.16345
223,"In this case, Students usually",cau_ctx,0.7,1,47,0.72069,0.59228,0.84583,0.84929,0.16159
223,"In this case, Students usually",cau_ctx,0.9,1,58,0.90138,0.57936,1.36586,1.36191,0.16881
223,"In this case, Students usually",cau_ctx,0.99,1,79,0.99029,0.51502,2.62891,2.60596,0.19231
223,"In this case, Students usually",dua_ctx,0.3,1,30,0.31046,0.62222,0.27468,0.27995,0.02309
223,"In this case, Students usually",dua_ctx,0.5,1,42,0.51444,0.61801,0.56731,0.56805,0.02574
223,"In this case, Students usually",dua_ctx,0.7,1,54,0.71517,0.61796,0.97926,0.97213,0.02928
223,"In this case, Students usually",dua_ctx,0.9,1,68,0.90021,0.62964,1.62047,1.60029,0.0391
223,"In this case, Students usually",dua_ctx,0.99,1,84,0.99036,0.65905,2.64122,2.6004,0.04324
223,"In this case, Students usually",euc_unemb,0.3,1,7,0.34331,0.53775,0.20143,0.20637,0.06216
223,"In this case, Students usually",euc_unemb,0.5,1,9,0.61859,0.54811,0.39949,0.40217,0.06647
223,"In this case, Students usually",euc_unemb,0.7,1,10,0.74104,0.56429,0.53996,0.54054,0.17117
223,"In this case, Students usually",euc_unemb,0.9,1,13,0.94052,0.61858,1.09613,1.08731,0.20315
223,"In this case, Students usually",euc_unemb,0.99,1,17,0.99364,0.65082,1.98377,1.95885,0.23002
223,"In this case, Students usually",cau_unemb,0.3,1,8,0.39391,0.50522,0.23816,0.24441,0.06372
223,"In this case, Students usually",cau_unemb,0.5,1,9,0.52127,0.50852,0.31207,0.31765,0.06999
223,"In this case, Students usually",cau_unemb,0.7,1,11,0.7533,0.53885,0.50721,0.50996,0.16426
223,"In this case, Students usually",cau_unemb,0.9,1,14,0.93462,0.60287,0.91794,0.91324,0.20029
223,"In this case, Students usually",cau_unemb,0.99,1,18,0.99107,0.65067,1.60738,1.58958,0.20306
223,"In this case, Students usually",dua_unemb,0.3,1,8,0.30829,0.59415,0.12501,0.12915,0.04265
223,"In this case, Students usually",dua_unemb,0.5,1,11,0.54625,0.6039,0.28416,0.28613,0.05351
223,"In this case, Students usually",dua_unemb,0.7,1,14,0.74059,0.6222,0.53682,0.53406,0.06102
223,"In this case, Students usually",dua_unemb,0.9,1,19,0.91715,0.65078,1.15623,1.14065,0.07198
223,"In this case, Students usually",dua_unemb,0.99,1,26,0.99255,0.67167,2.30995,2.26997,0.17682
223,"In this case, Students usually",euc_dmd,0.3,1,7,0.39556,0.49781,0.28605,0.2934,0.06273
223,"In this case, Students usually",euc_dmd,0.5,1,8,0.54066,0.50214,0.37957,0.38623,0.16398
223,"In this case, Students usually",euc_dmd,0.7,1,10,0.79109,0.54306,0.62084,0.62424,0.17127
223,"In this case, Students usually",euc_dmd,0.9,1,12,0.92354,0.60034,0.94232,0.94034,0.17703
223,"In this case, Students usually",euc_dmd,0.99,1,16,0.99168,0.6789,1.74848,1.73239,0.181
223,"In this case, Students usually",cau_dmd,0.3,1,8,0.41272,0.46867,0.36193,0.37086,0.16628
223,"In this case, Students usually",cau_dmd,0.5,1,9,0.5376,0.47366,0.43417,0.44266,0.16759
223,"In this case, Students usually",cau_dmd,0.7,1,11,0.75812,0.51082,0.60665,0.61291,0.17449
223,"In this case, Students usually",cau_dmd,0.9,1,14,0.93047,0.59339,0.98047,0.98054,0.17768
223,"In this case, Students usually",cau_dmd,0.99,1,19,0.99281,0.68424,1.83784,1.82349,0.18145
223,"In this case, Students usually",dua_dmd,0.3,1,7,0.33774,0.56569,0.16298,0.16909,0.04537
223,"In this case, Students usually",dua_dmd,0.5,1,9,0.56504,0.56102,0.30388,0.30985,0.0513
223,"In this case, Students usually",dua_dmd,0.7,1,11,0.75756,0.56784,0.4847,0.48942,0.06266
223,"In this case, Students usually",dua_dmd,0.9,1,14,0.91537,0.59201,0.80756,0.80862,0.06648
223,"In this case, Students usually",dua_dmd,0.99,1,20,0.99165,0.64762,1.60986,1.5985,0.07418
16,"Today, They really",euc_ctx,0.3,1,19,0.30719,0.20923,0.60825,0.61247,0.27171
16,"Today, They really",euc_ctx,0.5,1,23,0.51658,0.19697,0.83514,0.8381,0.2889
16,"Today, They really",euc_ctx,0.7,1,27,0.71935,0.20848,1.05749,1.05846,0.29087
16,"Today, They really",euc_ctx,0.9,1,33,0.90393,0.26249,1.40699,1.40374,0.27541
16,"Today, They really",euc_ctx,0.99,1,45,0.99167,0.4169,2.3302,2.31482,0.26796
16,"Today, They really",cau_ctx,0.3,1,34,0.32214,0.2497,0.82601,0.8343,0.31378
16,"Today, They really",cau_ctx,0.5,1,41,0.52798,0.23836,1.13641,1.14371,0.3021
16,"Today, They really",cau_ctx,0.7,1,48,0.72156,0.2502,1.46758,1.47298,0.29752
16,"Today, They really",cau_ctx,0.9,1,59,0.90285,0.29938,2.06074,2.06141,0.29506
16,"Today, They really",cau_ctx,0.99,1,82,0.99067,0.37623,3.72357,3.70864,0.29966
16,"Today, They really",dua_ctx,0.3,1,31,0.31868,0.30474,0.22873,0.2299,0.0224
16,"Today, They really",dua_ctx,0.5,1,40,0.51125,0.30302,0.35505,0.35348,0.03543
16,"Today, They really",dua_ctx,0.7,1,50,0.70768,0.31549,0.53737,0.53124,0.17186
16,"Today, They really",dua_ctx,0.9,1,65,0.9076,0.35556,0.96726,0.95142,0.23505
16,"Today, They really",dua_ctx,0.99,1,82,0.99003,0.41836,1.92289,1.89155,0.26479
16,"Today, They really",euc_unemb,0.3,1,9,0.33024,0.18119,0.33404,0.33324,0.0866
16,"Today, They really",euc_unemb,0.5,1,11,0.56341,0.18663,0.42183,0.41925,0.09173
16,"Today, They really",euc_unemb,0.7,1,13,0.77137,0.22295,0.51484,0.50965,0.08919
16,"Today, They really",euc_unemb,0.9,1,16,0.93429,0.32516,0.74836,0.7374,0.18769
16,"Today, They really",euc_unemb,0.99,1,21,0.99358,0.49436,1.54709,1.5214,0.27598
16,"Today, They really",cau_unemb,0.3,1,10,0.35984,0.17649,0.35636,0.3573,0.08487
16,"Today, They really",cau_unemb,0.5,1,12,0.57159,0.18324,0.4265,0.42613,0.08634
16,"Today, They really",cau_unemb,0.7,1,14,0.75838,0.21404,0.49532,0.49298,0.0823
16,"Today, They really",cau_unemb,0.9,1,17,0.91766,0.29761,0.66341,0.65666,0.19139
16,"Today, They really",cau_unemb,0.99,1,23,0.99256,0.47922,1.4012,1.38048,0.26466
16,"Today, They really",dua_unemb,0.3,1,11,0.33503,0.31811,0.10034,0.10017,0.02053
16,"Today, They really",dua_unemb,0.5,1,14,0.55155,0.32959,0.15787,0.155,0.02723
16,"Today, They really",dua_unemb,0.7,1,17,0.73256,0.35328,0.24094,0.2341,0.03182
16,"Today, They really",dua_unemb,0.9,1,22,0.90947,0.40584,0.45674,0.4408,0.04621
16,"Today, They really",dua_unemb,0.99,1,30,0.99027,0.49232,1.03677,1.00094,0.06079
16,"Today, They really",euc_dmd,0.3,1,9,0.39744,0.14626,0.67719,0.67792,0.23445
16,"Today, They really",euc_dmd,0.5,1,10,0.51777,0.14288,0.77851,0.77816,0.2359
16,"Today, They really",euc_dmd,0.7,1,12,0.7367,0.1541,0.97891,0.97581,0.29948
16,"Today, They really",euc_dmd,0.9,1,15,0.91883,0.20703,1.326,1.31736,0.29139
16,"Today, They really",euc_dmd,0.99,1,20,0.99076,0.33546,2.14285,2.12161,0.28874
16,"Today, They really",cau_dmd,0.3,1,9,0.30599,0.14866,0.69651,0.70004,0.23263
16,"Today, They really",cau_dmd,0.5,1,11,0.50578,0.13501,0.91427,0.91616,0.25482
16,"Today, They really",cau_dmd,0.7,1,14,0.77479,0.13989,1.27412,1.27199,0.28497
16,"Today, They really",cau_dmd,0.9,1,17,0.91695,0.15802,1.74101,1.73305,0.29484
16,"Today, They really",cau_dmd,0.99,1,23,0.99052,0.17586,3.01683,2.99297,0.28076
16,"Today, They really",dua_dmd,0.3,1,9,0.32584,0.27758,0.17253,0.17423,0.03213
16,"Today, They really",dua_dmd,0.5,1,11,0.51467,0.27306,0.24655,0.24704,0.03732
16,"Today, They really",dua_dmd,0.7,1,14,0.74969,0.28486,0.38085,0.37831,0.05522
16,"Today, They really",dua_dmd,0.9,1,18,0.90987,0.3185,0.62958,0.62121,0.05681
16,"Today, They really",dua_dmd,0.99,1,27,0.99135,0.40792,1.47337,1.447,0.21511
293,"At work, Students sometimes",euc_ctx,0.3,1,23,0.32495,0.56992,0.32653,0.33331,0.02018
293,"At work, Students sometimes",euc_ctx,0.5,1,27,0.55102,0.56639,0.4636,0.46838,0.02572
293,"At work, Students sometimes",euc_ctx,0.7,1,30,0.71201,0.58208,0.57588,0.57808,0.02921
293,"At work, Students sometimes",euc_ctx,0.9,1,36,0.90899,0.63843,0.84132,0.83606,0.04079
293,"At work, Students sometimes",euc_ctx,0.99,1,46,0.99015,0.71259,1.42487,1.40347,0.04202
293,"At work, Students sometimes",cau_ctx,0.3,1,46,0.32346,0.54342,0.67389,0.67826,0.06461
293,"At work, Students sometimes",cau_ctx,0.5,1,53,0.52053,0.45971,1.00633,1.0069,0.14144
293,"At work, Students sometimes",cau_ctx,0.7,1,60,0.71183,0.38253,1.42163,1.4165,0.16982
293,"At work, Students sometimes",cau_ctx,0.9,1,71,0.90054,0.29098,2.17863,2.1619,0.17411
293,"At work, Students sometimes",cau_ctx,0.99,1,91,0.99003,0.18728,3.69476,3.65326,0.19579
293,"At work, Students sometimes",dua_ctx,0.3,1,37,0.31059,0.62743,0.34453,0.34757,0.01077
293,"At work, Students sometimes",dua_ctx,0.5,1,48,0.50635,0.60836,0.60811,0.60512,0.0136
293,"At work, Students sometimes",dua_ctx,0.7,1,59,0.7015,0.59581,0.95477,0.94291,0.01658
293,"At work, Students sometimes",dua_ctx,0.9,1,74,0.9071,0.59651,1.56685,1.53865,0.02908
293,"At work, Students sometimes",dua_ctx,0.99,1,90,0.99136,0.61961,2.45701,2.40542,0.16215
293,"At work, Students sometimes",euc_unemb,0.3,1,10,0.3772,0.5342,0.30856,0.31383,0.02626
293,"At work, Students sometimes",euc_unemb,0.5,1,11,0.51716,0.53489,0.39164,0.39559,0.03316
293,"At work, Students sometimes",euc_unemb,0.7,1,13,0.77039,0.56111,0.6221,0.6215,0.06645
293,"At work, Students sometimes",euc_unemb,0.9,1,15,0.91323,0.59762,0.93785,0.93052,0.09341
293,"At work, Students sometimes",euc_unemb,0.99,1,19,0.99045,0.63377,1.6988,1.67459,0.10698
293,"At work, Students sometimes",cau_unemb,0.3,1,11,0.38414,0.49862,0.34704,0.35448,0.02689
293,"At work, Students sometimes",cau_unemb,0.5,1,12,0.51027,0.49908,0.41115,0.41764,0.03509
293,"At work, Students sometimes",cau_unemb,0.7,1,14,0.74364,0.52518,0.5678,0.57096,0.06117
293,"At work, Students sometimes",cau_unemb,0.9,1,17,0.93049,0.58728,0.90023,0.89529,0.0821
293,"At work, Students sometimes",cau_unemb,0.99,1,21,0.99023,0.6328,1.48301,1.46405,0.15867
293,"At work, Students sometimes",dua_unemb,0.3,1,11,0.33774,0.6215,0.17659,0.18061,0.01438
293,"At work, Students sometimes",dua_unemb,0.5,1,13,0.50785,0.6267,0.27703,0.27928,0.02569
293,"At work, Students sometimes",dua_unemb,0.7,1,16,0.73063,0.64524,0.49265,0.49014,0.02804
293,"At work, Students sometimes",dua_unemb,0.9,1,20,0.90387,0.67486,0.91026,0.89747,0.05507
293,"At work, Students sometimes",dua_unemb,0.99,1,27,0.99219,0.70527,1.91322,1.87485,0.07206
293,"At work, Students sometimes",euc_dmd,0.3,1,10,0.40406,0.4683,0.4766,0.4849,0.06952
293,"At work, Students sometimes",euc_dmd,0.5,1,11,0.54493,0.4692,0.56709,0.57428,0.07587
293,"At work, Students sometimes",euc_dmd,0.7,1,13,0.78781,0.50421,0.77494,0.77825,0.09165
293,"At work, Students sometimes",euc_dmd,0.9,1,15,0.91941,0.55886,1.04036,1.0379,0.09546
293,"At work, Students sometimes",euc_dmd,0.99,1,19,0.99052,0.63669,1.72704,1.70977,0.20214
293,"At work, Students sometimes",cau_dmd,0.3,1,11,0.34796,0.44557,0.54774,0.55863,0.08213
293,"At work, Students sometimes",cau_dmd,0.5,1,13,0.58083,0.44862,0.67953,0.68895,0.08919
293,"At work, Students sometimes",cau_dmd,0.7,1,15,0.77998,0.48572,0.83328,0.83972,0.16964
293,"At work, Students sometimes",cau_dmd,0.9,1,18,0.93388,0.56582,1.1542,1.1538,0.18676
293,"At work, Students sometimes",cau_dmd,0.99,1,23,0.99251,0.65617,1.90206,1.88657,0.20072
293,"At work, Students sometimes",dua_dmd,0.3,1,10,0.34834,0.57754,0.24834,0.2551,0.02316
293,"At work, Students sometimes",dua_dmd,0.5,1,12,0.55794,0.57073,0.38896,0.39502,0.03827
293,"At work, Students sometimes",dua_dmd,0.7,1,14,0.72995,0.57569,0.54862,0.55313,0.04208
293,"At work, Students sometimes",dua_dmd,0.9,1,18,0.91898,0.60633,0.91815,0.91718,0.04501
293,"At work, Students sometimes",dua_dmd,0.99,1,24,0.99163,0.66455,1.63288,1.61787,0.05101
28,"Usually, Our customers also",euc_ctx,0.3,1,15,0.3339,0.67308,0.13524,0.14025,0.02273
28,"Usually, Our customers also",euc_ctx,0.5,1,19,0.53795,0.67502,0.21663,0.22071,0.02528
28,"Usually, Our customers also",euc_ctx,0.7,1,23,0.72993,0.69968,0.3119,0.31368,0.02762
28,"Usually, Our customers also",euc_ctx,0.9,1,29,0.90518,0.75785,0.48398,0.48017,0.02815
28,"Usually, Our customers also",euc_ctx,0.99,1,41,0.99161,0.84394,0.94195,0.923,0.03009
28,"Usually, Our customers also",cau_ctx,0.3,1,28,0.31313,0.71002,0.19102,0.19685,0.02911
28,"Usually, Our customers also",cau_ctx,0.5,1,36,0.51946,0.70682,0.30461,0.30942,0.0321
28,"Usually, Our customers also",cau_ctx,0.7,1,44,0.71821,0.7193,0.45618,0.45832,0.03845
28,"Usually, Our customers also",cau_ctx,0.9,1,56,0.90131,0.74944,0.76525,0.76083,0.18382
28,"Usually, Our customers also",cau_ctx,0.99,1,79,0.99033,0.76009,1.54704,1.5255,0.22583
28,"Usually, Our customers also",dua_ctx,0.3,1,28,0.30391,0.71649,0.1677,0.17132,0.01986
28,"Usually, Our customers also",dua_ctx,0.5,1,41,0.50668,0.6999,0.3803,0.38031,0.02494
28,"Usually, Our customers also",dua_ctx,0.7,1,54,0.70913,0.68768,0.68292,0.67632,0.0164
28,"Usually, Our customers also",dua_ctx,0.9,1,70,0.90419,0.69064,1.16632,1.14754,0.05986
28,"Usually, Our customers also",dua_ctx,0.99,1,87,0.99004,0.71926,1.82094,1.78365,0.06057
28,"Usually, Our customers also",euc_unemb,0.3,1,7,0.39922,0.67893,0.13785,0.1407,0.02482
28,"Usually, Our customers also",euc_unemb,0.5,1,8,0.52105,0.68722,0.18627,0.18819,0.02715
28,"Usually, Our customers also",euc_unemb,0.7,1,10,0.74443,0.72292,0.32147,0.31999,0.03832
28,"Usually, Our customers also",euc_unemb,0.9,1,13,0.92697,0.78385,0.63094,0.62116,0.05357
28,"Usually, Our customers also",euc_unemb,0.99,1,18,0.99311,0.82475,1.31606,1.28843,0.08507
28,"Usually, Our customers also",cau_unemb,0.3,1,7,0.33213,0.65011,0.11978,0.12406,0.04847
28,"Usually, Our customers also",cau_unemb,0.5,1,9,0.54663,0.65904,0.18632,0.18943,0.05786
28,"Usually, Our customers also",cau_unemb,0.7,1,11,0.74345,0.69319,0.27309,0.27349,0.03475
28,"Usually, Our customers also",cau_unemb,0.9,1,14,0.9138,0.75632,0.46797,0.46183,0.02544
28,"Usually, Our customers also",cau_unemb,0.99,1,20,0.99248,0.81559,1.04405,1.02043,0.05075
28,"Usually, Our customers also",dua_unemb,0.3,1,8,0.34016,0.72607,0.07721,0.0792,0.01935
28,"Usually, Our customers also",dua_unemb,0.5,1,11,0.54392,0.7393,0.16374,0.16331,0.02199
28,"Usually, Our customers also",dua_unemb,0.7,1,14,0.71596,0.75864,0.28977,0.28515,0.02458
28,"Usually, Our customers also",dua_unemb,0.9,1,20,0.91228,0.79806,0.67303,0.6554,0.02689
28,"Usually, Our customers also",dua_unemb,0.99,1,30,0.99209,0.82253,1.65135,1.60282,0.04897
28,"Usually, Our customers also",euc_dmd,0.3,1,6,0.30409,0.62935,0.15399,0.15888,0.05254
28,"Usually, Our customers also",euc_dmd,0.5,1,8,0.53916,0.63004,0.25523,0.25903,0.06512
28,"Usually, Our customers also",euc_dmd,0.7,1,10,0.75506,0.66687,0.38187,0.38274,0.06942
28,"Usually, Our customers also",euc_dmd,0.9,1,13,0.92725,0.74412,0.65189,0.64553,0.0781
28,"Usually, Our customers also",euc_dmd,0.99,1,18,0.99199,0.81794,1.27922,1.25696,0.18056
28,"Usually, Our customers also",cau_dmd,0.3,1,7,0.32548,0.59469,0.19254,0.19862,0.17937
28,"Usually, Our customers also",cau_dmd,0.5,1,9,0.53002,0.59266,0.26951,0.27493,0.1839
28,"Usually, Our customers also",cau_dmd,0.7,1,11,0.72089,0.62189,0.35366,0.3571,0.06739
28,"Usually, Our customers also",cau_dmd,0.9,1,15,0.92742,0.71759,0.60356,0.59981,0.15599
28,"Usually, Our customers also",cau_dmd,0.99,1,21,0.99203,0.80453,1.17806,1.15916,0.20614
28,"Usually, Our customers also",dua_dmd,0.3,1,7,0.34833,0.68545,0.10255,0.10625,0.02229
28,"Usually, Our customers also",dua_dmd,0.5,1,9,0.51732,0.68151,0.17484,0.17778,0.02432
28,"Usually, Our customers also",dua_dmd,0.7,1,12,0.72052,0.68939,0.30416,0.30457,0.03106
28,"Usually, Our customers also",dua_dmd,0.9,1,18,0.91791,0.73429,0.623,0.61449,0.03595
28,"Usually, Our customers also",dua_dmd,0.99,1,30,0.99109,0.81509,1.5492,1.51223,0.04109
213,Parents still,euc_ctx,0.3,1,29,0.30255,0.13602,1.00028,1.008,0.3059
213,Parents still,euc_ctx,0.5,1,33,0.54048,0.13315,1.11645,1.12329,0.29877
213,Parents still,euc_ctx,0.7,1,36,0.7126,0.14859,1.14743,1.15329,0.0906
213,Parents still,euc_ctx,0.9,1,42,0.91625,0.22638,1.13486,1.13781,0.0787
213,Parents still,euc_ctx,0.99,1,51,0.99001,0.42395,1.23393,1.22948,0.04527
213,Parents still,cau_ctx,0.3,1,54,0.30513,0.0832,1.83656,1.84386,0.34902
213,Parents still,cau_ctx,0.5,1,61,0.53257,0.0659,2.24402,2.24859,0.34584
213,Parents still,cau_ctx,0.7,1,67,0.72065,0.05965,2.58629,2.58767,0.35557
213,Parents still,cau_ctx,0.9,1,77,0.90949,0.05658,3.19368,3.18788,0.34161
213,Parents still,cau_ctx,0.99,1,94,0.99003,0.05032,4.46564,4.44337,0.33813
213,Parents still,dua_ctx,0.3,1,44,0.30351,0.4257,0.52935,0.53115,0.02655
213,Parents still,dua_ctx,0.5,1,54,0.50351,0.42756,0.75086,0.74812,0.03077
213,Parents still,dua_ctx,0.7,1,65,0.71361,0.44264,1.05231,1.04261,0.02906
213,Parents still,dua_ctx,0.9,1,78,0.90341,0.47275,1.51802,1.49749,0.03751
213,Parents still,dua_ctx,0.99,1,93,0.99123,0.52084,2.27644,2.23963,0.04572
213,Parents still,euc_unemb,0.3,1,15,0.41249,0.14876,0.93702,0.93803,0.30233
213,Parents still,euc_unemb,0.5,1,16,0.54378,0.15081,0.99354,0.99347,0.30239
213,Parents still,euc_unemb,0.7,1,18,0.77542,0.17824,1.06935,1.0665,0.30232
213,Parents still,euc_unemb,0.9,1,20,0.90971,0.2332,1.14226,1.13561,0.29568
213,Parents still,euc_unemb,0.99,1,25,0.99345,0.38737,1.64561,1.62429,0.07778
213,Parents still,cau_unemb,0.3,1,15,0.34755,0.11041,1.09302,1.09611,0.30061
213,Parents still,cau_unemb,0.5,1,17,0.58873,0.10985,1.18433,1.1858,0.30428
213,Parents still,cau_unemb,0.7,1,18,0.70093,0.1178,1.19775,1.19823,0.30379
213,Parents still,cau_unemb,0.9,1,21,0.91095,0.17503,1.17614,1.17291,0.29924
213,Parents still,cau_unemb,0.99,1,26,0.99152,0.3525,1.26467,1.25206,0.23578
213,Parents still,dua_unemb,0.3,1,18,0.32685,0.46197,0.27766,0.27803,0.02847
213,Parents still,dua_unemb,0.5,1,22,0.54593,0.48945,0.44463,0.44004,0.0316
213,Parents still,dua_unemb,0.7,1,26,0.72387,0.5253,0.69559,0.68402,0.04194
213,Parents still,dua_unemb,0.9,1,32,0.90541,0.57817,1.2378,1.21223,0.06786
213,Parents still,dua_unemb,0.99,1,39,0.99045,0.62337,2.14745,2.09961,0.06798
213,Parents still,euc_dmd,0.3,1,12,0.30911,0.09754,1.17296,1.17931,0.33736
213,Parents still,euc_dmd,0.5,1,14,0.58981,0.09644,1.27851,1.28351,0.3143
213,Parents still,euc_dmd,0.7,1,15,0.71878,0.10645,1.29117,1.29529,0.3144
213,Parents still,euc_dmd,0.9,1,18,0.93261,0.18034,1.27553,1.27595,0.26357
213,Parents still,euc_dmd,0.99,1,22,0.99176,0.35249,1.41267,1.40489,0.09149
213,Parents still,cau_dmd,0.3,1,13,0.33368,0.07329,1.47952,1.48769,0.38553
213,Parents still,cau_dmd,0.5,1,15,0.57974,0.07374,1.54499,1.55228,0.34586
213,Parents still,cau_dmd,0.7,1,17,0.78567,0.09204,1.53536,1.54142,0.32137
213,Parents still,cau_dmd,0.9,1,19,0.90411,0.12991,1.49766,1.50207,0.2682
213,Parents still,cau_dmd,0.99,1,25,0.99278,0.34872,1.593,1.58868,0.09048
213,Parents still,dua_dmd,0.3,1,14,0.36484,0.39283,0.33839,0.34349,0.05215
213,Parents still,dua_dmd,0.5,1,16,0.55956,0.39206,0.44622,0.45025,0.05727
213,Parents still,dua_dmd,0.7,1,18,0.73608,0.40236,0.57139,0.5737,0.05995
213,Parents still,dua_dmd,0.9,1,21,0.90569,0.43319,0.78941,0.7882,0.06138
213,Parents still,dua_dmd,0.99,1,27,0.99175,0.5138,1.30215,1.29171,0.06576
124,Students also,euc_ctx,0.3,1,30,0.34187,0.04188,1.36209,1.35691,0.25548
124,Students also,euc_ctx,0.5,1,33,0.51272,0.03916,1.48355,1.47688,0.24573
124,Students also,euc_ctx,0.7,1,37,0.72848,0.04273,1.57223,1.56346,0.24415
124,Students also,euc_ctx,0.9,1,43,0.91514,0.06389,1.59275,1.58056,0.23718
124,Students also,euc_ctx,0.99,1,53,0.99057,0.15302,1.58528,1.56638,0.21201
124,Students also,cau_ctx,0.3,1,55,0.30114,0.07546,1.22914,1.22817,0.23289
124,Students also,cau_ctx,0.5,1,62,0.51089,0.07117,1.44284,1.4399,0.23492
124,Students also,cau_ctx,0.7,1,69,0.71605,0.07735,1.64854,1.64304,0.2304
124,Students also,cau_ctx,0.9,1,80,0.90884,0.10213,2.02273,2.01154,0.22344
124,Students also,cau_ctx,0.99,1,99,0.99043,0.13446,3.08962,3.06258,0.22283
124,Students also,dua_ctx,0.3,1,41,0.31621,0.26719,0.36165,0.36019,0.04582
124,Students also,dua_ctx,0.5,1,48,0.51785,0.26749,0.47346,0.46923,0.05874
124,Students also,dua_ctx,0.7,1,55,0.7097,0.27991,0.60684,0.59895,0.06008
124,Students also,dua_ctx,0.9,1,65,0.90029,0.31579,0.84593,0.83131,0.06859
124,Students also,dua_ctx,0.99,1,80,0.9914,0.39581,1.35238,1.32437,0.07595
124,Students also,euc_unemb,0.3,1,14,0.42545,0.06286,1.15117,1.14517,0.2351
124,Students also,euc_unemb,0.5,1,15,0.56267,0.0644,1.21727,1.21008,0.23736
124,Students also,euc_unemb,0.7,1,17,0.7958,0.0818,1.30661,1.29678,0.23738
124,Students also,euc_unemb,0.9,1,19,0.92216,0.12154,1.37084,1.35786,0.23208
124,Students also,euc_unemb,0.99,1,23,0.991,0.26909,1.61939,1.59774,0.21545
124,Students also,cau_unemb,0.3,1,15,0.39274,0.06739,1.07108,1.06816,0.24048
124,Students also,cau_unemb,0.5,1,16,0.51277,0.0681,1.114,1.11024,0.2403
124,Students also,cau_unemb,0.7,1,18,0.73523,0.08115,1.15199,1.1463,0.23937
124,Students also,cau_unemb,0.9,1,21,0.9218,0.13526,1.16162,1.15233,0.22443
124,Students also,cau_unemb,0.99,1,26,0.99223,0.3145,1.38178,1.36321,0.18186
124,Students also,dua_unemb,0.3,1,15,0.31539,0.30867,0.25265,0.25216,0.03849
124,Students also,dua_unemb,0.5,1,18,0.5768,0.3193,0.42604,0.42206,0.03946
124,Students also,dua_unemb,0.7,1,20,0.71826,0.3343,0.57432,0.56716,0.03974
124,Students also,dua_unemb,0.9,1,25,0.91934,0.3854,1.02242,1.0053,0.14451
124,Students also,dua_unemb,0.99,1,31,0.99018,0.45599,1.66059,1.62898,0.14778
124,Students also,euc_dmd,0.3,1,13,0.36985,0.02809,1.67045,1.66352,0.24824
124,Students also,euc_dmd,0.5,1,14,0.50125,0.0265,1.77068,1.76238,0.24741
124,Students also,euc_dmd,0.7,1,16,0.74418,0.02893,1.90026,1.8891,0.24641
124,Students also,euc_dmd,0.9,1,19,0.93286,0.04659,1.99527,1.97946,0.24349
124,Students also,euc_dmd,0.99,1,23,0.99069,0.10507,2.11255,2.08969,0.22612
124,Students also,cau_dmd,0.3,1,15,0.36658,0.03367,1.60967,1.60572,0.24785
124,Students also,cau_dmd,0.5,1,17,0.57788,0.03346,1.70398,1.6981,0.24698
124,Students also,cau_dmd,0.7,1,19,0.76083,0.03945,1.75062,1.74267,0.24401
124,Students also,cau_dmd,0.9,1,22,0.91657,0.06196,1.78132,1.76994,0.23147
124,Students also,cau_dmd,0.99,1,28,0.99201,0.17922,1.91444,1.89459,0.19864
124,Students also,dua_dmd,0.3,1,13,0.30511,0.23638,0.30523,0.30644,0.07079
124,Students also,dua_dmd,0.5,1,15,0.55004,0.22994,0.42336,0.42304,0.16571
124,Students also,dua_dmd,0.7,1,17,0.7603,0.23724,0.56039,0.55775,0.07756
124,Students also,dua_dmd,0.9,1,20,0.921,0.26288,0.78569,0.77854,0.0751
124,Students also,dua_dmd,0.99,1,26,0.99145,0.32894,1.29789,1.27964,0.07573
132,The engineers generally,euc_ctx,0.3,1,25,0.32836,0.23546,0.85546,0.86008,0.15749
132,The engineers generally,euc_ctx,0.5,1,29,0.5579,0.22659,1.03767,1.04047,0.1612
132,The engineers generally,euc_ctx,0.7,1,32,0.71932,0.24272,1.1354,1.13638,0.15656
132,The engineers generally,euc_ctx,0.9,1,38,0.91287,0.32526,1.27693,1.27315,0.12696
132,The engineers generally,euc_ctx,0.99,1,48,0.99064,0.52915,1.62398,1.60908,0.13049
132,The engineers generally,cau_ctx,0.3,1,46,0.31876,0.21979,1.207,1.21119,0.1594
132,The engineers generally,cau_ctx,0.5,1,52,0.50103,0.18261,1.55658,1.55778,0.16604
132,The engineers generally,cau_ctx,0.7,1,59,0.70899,0.15316,2.01948,2.01572,0.16489
132,The engineers generally,cau_ctx,0.9,1,70,0.90663,0.12079,2.85864,2.84434,0.1619
132,The engineers generally,cau_ctx,0.99,1,89,0.99038,0.07582,4.51903,4.48212,0.14747
132,The engineers generally,dua_ctx,0.3,1,38,0.31767,0.47059,0.43214,0.43583,0.04455
132,The engineers generally,dua_ctx,0.5,1,47,0.51734,0.46377,0.66727,0.66787,0.04982
132,The engineers generally,dua_ctx,0.7,1,56,0.71316,0.46918,0.97401,0.96973,0.05253
132,The engineers generally,dua_ctx,0.9,1,68,0.90397,0.49878,1.49722,1.48355,0.06268
132,The engineers generally,dua_ctx,0.99,1,83,0.9901,0.56517,2.34118,2.31124,0.06127
132,The engineers generally,euc_unemb,0.3,1,11,0.34742,0.28841,0.52661,0.53027,0.15898
132,The engineers generally,euc_unemb,0.5,1,13,0.62034,0.2996,0.68287,0.68411,0.16555
132,The engineers generally,euc_unemb,0.7,1,14,0.74128,0.322,0.76888,0.7683,0.15717
132,The engineers generally,euc_unemb,0.9,1,17,0.93931,0.42207,1.11584,1.10727,0.15904
132,The engineers generally,euc_unemb,0.99,1,21,0.99322,0.51864,1.82656,1.80299,0.17027
132,The engineers generally,cau_unemb,0.3,1,12,0.33908,0.26957,0.55912,0.56421,0.17597
132,The engineers generally,cau_unemb,0.5,1,14,0.58091,0.27784,0.66279,0.66622,0.17224
132,The engineers generally,cau_unemb,0.7,1,16,0.78843,0.32348,0.75723,0.75786,0.14813
132,The engineers generally,cau_unemb,0.9,1,18,0.90878,0.39338,0.88432,0.88091,0.14948
132,The engineers generally,cau_unemb,0.99,1,23,0.99124,0.54588,1.474,1.45607,0.13036
132,The engineers generally,dua_unemb,0.3,1,13,0.37118,0.47612,0.23005,0.23299,0.02505
132,The engineers generally,dua_unemb,0.5,1,15,0.5376,0.48138,0.3315,0.33249,0.10405
132,The engineers generally,dua_unemb,0.7,1,18,0.74855,0.50031,0.53285,0.52936,0.10672
132,The engineers generally,dua_unemb,0.9,1,22,0.91754,0.53744,0.89645,0.88434,0.11407
132,The engineers generally,dua_unemb,0.99,1,28,0.99165,0.59603,1.62947,1.59969,0.15175
132,The engineers generally,euc_dmd,0.3,1,11,0.37088,0.20565,0.8835,0.88813,0.17033
132,The engineers generally,euc_dmd,0.5,1,12,0.50407,0.20117,0.97795,0.98151,0.17388
132,The engineers generally,euc_dmd,0.7,1,14,0.74947,0.22177,1.14128,1.14191,0.17699
132,The engineers generally,euc_dmd,0.9,1,17,0.93642,0.30817,1.40368,1.3979,0.16027
132,The engineers generally,euc_dmd,0.99,1,21,0.99159,0.44254,1.93492,1.91727,0.15577
132,The engineers generally,cau_dmd,0.3,1,13,0.39556,0.20067,1.00759,1.01365,0.17755
132,The engineers generally,cau_dmd,0.5,1,14,0.50501,0.19958,1.07396,1.07919,0.17291
132,The engineers generally,cau_dmd,0.7,1,16,0.70996,0.21705,1.19511,1.19811,0.16907
132,The engineers generally,cau_dmd,0.9,1,20,0.931,0.30967,1.48534,1.48154,0.13608
132,The engineers generally,cau_dmd,0.99,1,25,0.99078,0.43477,2.09787,2.08154,0.1477
132,The engineers generally,dua_dmd,0.3,1,11,0.33971,0.41672,0.30766,0.31274,0.02755
132,The engineers generally,dua_dmd,0.5,1,13,0.55374,0.40896,0.45441,0.45835,0.0506
132,The engineers generally,dua_dmd,0.7,1,15,0.72596,0.41412,0.62356,0.62553,0.05901
132,The engineers generally,dua_dmd,0.9,1,19,0.90714,0.44408,1.01347,1.00953,0.06552
132,The engineers generally,dua_dmd,0.99,1,27,0.99194,0.52131,1.96712,1.94612,0.05382
131,"In this case, The workers just",euc_ctx,0.3,1,18,0.30979,0.12746,0.38079,0.38023,0.22181
131,"In this case, The workers just",euc_ctx,0.5,1,22,0.52288,0.11679,0.45059,0.44888,0.22462
131,"In this case, The workers just",euc_ctx,0.7,1,26,0.72747,0.12614,0.46647,0.46334,0.22354
131,"In this case, The workers just",euc_ctx,0.9,1,32,0.90982,0.17592,0.42773,0.42197,0.20555
131,"In this case, The workers just",euc_ctx,0.99,1,43,0.99119,0.36527,0.4224,0.4098,0.02177
131,"In this case, The workers just",cau_ctx,0.3,1,32,0.3261,0.14164,0.41785,0.41931,0.21374
131,"In this case, The workers just",cau_ctx,0.5,1,38,0.50925,0.13296,0.50049,0.50117,0.21649
131,"In this case, The workers just",cau_ctx,0.7,1,45,0.71539,0.14251,0.55915,0.55855,0.2181
131,"In this case, The workers just",cau_ctx,0.9,1,56,0.9086,0.19562,0.61717,0.61367,0.21002
131,"In this case, The workers just",cau_ctx,0.99,1,75,0.99011,0.34046,0.91571,0.90385,0.23806
131,"In this case, The workers just",dua_ctx,0.3,1,31,0.30316,0.34286,0.12883,0.12513,0.01116
131,"In this case, The workers just",dua_ctx,0.5,1,42,0.51445,0.34593,0.20169,0.19418,0.01482
131,"In this case, The workers just",dua_ctx,0.7,1,53,0.716,0.36258,0.3068,0.2941,0.017
131,"In this case, The workers just",dua_ctx,0.9,1,67,0.90519,0.39942,0.50712,0.48564,0.01896
131,"In this case, The workers just",dua_ctx,0.99,1,84,0.99116,0.46508,0.86327,0.82765,0.02436
131,"In this case, The workers just",euc_unemb,0.3,1,9,0.36602,0.17331,0.28494,0.28293,0.22027
131,"In this case, The workers just",euc_unemb,0.5,1,11,0.60332,0.17947,0.33128,0.32754,0.22327
131,"In this case, The workers just",euc_unemb,0.7,1,12,0.71216,0.19469,0.34418,0.33935,0.22348
131,"In this case, The workers just",euc_unemb,0.9,1,15,0.9149,0.28759,0.3943,0.38512,0.03937
131,"In this case, The workers just",euc_unemb,0.99,1,20,0.99227,0.5088,0.78226,0.76135,0.07928
131,"In this case, The workers just",cau_unemb,0.3,1,9,0.32172,0.18328,0.23375,0.23423,0.19447
131,"In this case, The workers just",cau_unemb,0.5,1,11,0.54041,0.18561,0.25976,0.25932,0.19635
131,"In this case, The workers just",cau_unemb,0.7,1,13,0.74447,0.21852,0.25302,0.25116,0.19885
131,"In this case, The workers just",cau_unemb,0.9,1,16,0.91903,0.32556,0.25121,0.24607,0.017
131,"In this case, The workers just",cau_unemb,0.99,1,21,0.99091,0.56737,0.52689,0.51234,0.06958
131,"In this case, The workers just",dua_unemb,0.3,1,12,0.33136,0.38356,0.09953,0.096,0.01033
131,"In this case, The workers just",dua_unemb,0.5,1,16,0.53998,0.4075,0.18607,0.17837,0.01527
131,"In this case, The workers just",dua_unemb,0.7,1,20,0.71755,0.44226,0.31285,0.29964,0.01808
131,"In this case, The workers just",dua_unemb,0.9,1,27,0.91714,0.51451,0.63582,0.61018,0.02319
131,"In this case, The workers just",dua_unemb,0.99,1,35,0.99162,0.60178,1.17947,1.13553,0.03447
131,"In this case, The workers just",euc_dmd,0.3,1,8,0.35654,0.09362,0.535,0.53318,0.29417
131,"In this case, The workers just",euc_dmd,0.5,1,10,0.61432,0.08403,0.64082,0.63707,0.32313
131,"In this case, The workers just",euc_dmd,0.7,1,11,0.72936,0.08703,0.6664,0.66154,0.31021
131,"In this case, The workers just",euc_dmd,0.9,1,14,0.92805,0.12198,0.68667,0.67797,0.2779
131,"In this case, The workers just",euc_dmd,0.99,1,18,0.99011,0.22118,0.75107,0.73585,0.20355
131,"In this case, The workers just",cau_dmd,0.3,1,8,0.30403,0.09677,0.51055,0.51123,0.29386
131,"In this case, The workers just",cau_dmd,0.5,1,10,0.53358,0.08359,0.60896,0.60853,0.31665
131,"In this case, The workers just",cau_dmd,0.7,1,12,0.7453,0.08854,0.63361,0.6318,0.29692
131,"In this case, The workers just",cau_dmd,0.9,1,15,0.91916,0.124,0.60051,0.59616,0.27182
131,"In this case, The workers just",cau_dmd,0.99,1,21,0.99295,0.28369,0.62601,0.61441,0.03616
131,"In this case, The workers just",dua_dmd,0.3,1,10,0.32514,0.33004,0.13017,0.12761,0.01136
131,"In this case, The workers just",dua_dmd,0.5,1,13,0.53123,0.33023,0.2031,0.1977,0.01278
131,"In this case, The workers just",dua_dmd,0.7,1,16,0.71869,0.34113,0.29439,0.28541,0.01628
131,"In this case, The workers just",dua_dmd,0.9,1,21,0.92183,0.37687,0.486,0.46975,0.02074
131,"In this case, The workers just",dua_dmd,0.99,1,27,0.99217,0.43693,0.76805,0.74139,0.03099
59,"At home, They sometimes",euc_ctx,0.3,1,31,0.33479,0.1694,1.19452,1.1955,0.15885
59,"At home, They sometimes",euc_ctx,0.5,1,35,0.55191,0.16182,1.33299,1.33167,0.15917
59,"At home, They sometimes",euc_ctx,0.7,1,38,0.70559,0.17279,1.37392,1.37056,0.15601
59,"At home, They sometimes",euc_ctx,0.9,1,45,0.91725,0.24858,1.35438,1.34518,0.14525
59,"At home, They sometimes",euc_ctx,0.99,1,56,0.99134,0.45063,1.42207,1.40037,0.13086
59,"At home, They sometimes",cau_ctx,0.3,1,59,0.31858,0.08078,2.37648,2.3674,0.14609
59,"At home, They sometimes",cau_ctx,0.5,1,66,0.51953,0.05014,3.0123,2.99608,0.14615
59,"At home, They sometimes",cau_ctx,0.7,1,73,0.71399,0.03471,3.61951,3.59537,0.14357
59,"At home, They sometimes",cau_ctx,0.9,1,84,0.90236,0.02404,4.50424,4.46679,0.13964
59,"At home, They sometimes",cau_ctx,0.99,1,105,0.99094,0.01662,6.07242,6.00861,0.13663
59,"At home, They sometimes",dua_ctx,0.3,1,42,0.30473,0.44048,0.48094,0.48239,0.07949
59,"At home, They sometimes",dua_ctx,0.5,1,50,0.50495,0.42246,0.64936,0.64675,0.0822
59,"At home, They sometimes",dua_ctx,0.7,1,59,0.71925,0.41935,0.86738,0.85841,0.08023
59,"At home, They sometimes",dua_ctx,0.9,1,71,0.90965,0.44174,1.20916,1.18898,0.0517
59,"At home, They sometimes",dua_ctx,0.99,1,88,0.99141,0.50497,1.82237,1.78185,0.05427
59,"At home, They sometimes",euc_unemb,0.3,1,13,0.36729,0.25578,0.79573,0.79818,0.14577
59,"At home, They sometimes",euc_unemb,0.5,1,14,0.50457,0.25848,0.87757,0.87884,0.14339
59,"At home, They sometimes",euc_unemb,0.7,1,16,0.75794,0.30448,1.04121,1.03921,0.1528
59,"At home, They sometimes",euc_unemb,0.9,1,18,0.90567,0.396,1.23252,1.2259,0.16253
59,"At home, They sometimes",euc_unemb,0.99,1,23,0.99359,0.63442,1.94096,1.91714,0.15703
59,"At home, They sometimes",cau_unemb,0.3,1,14,0.30425,0.24968,0.76828,0.77393,0.14907
59,"At home, They sometimes",cau_unemb,0.5,1,16,0.53825,0.25456,0.87513,0.87923,0.14879
59,"At home, They sometimes",cau_unemb,0.7,1,18,0.75525,0.30063,0.96424,0.96589,0.1533
59,"At home, They sometimes",cau_unemb,0.9,1,21,0.92907,0.4307,1.13402,1.13,0.16002
59,"At home, They sometimes",cau_unemb,0.99,1,26,0.99289,0.63896,1.66355,1.64505,0.15723
59,"At home, They sometimes",dua_unemb,0.3,1,14,0.30005,0.50911,0.2106,0.21537,0.04501
59,"At home, They sometimes",dua_unemb,0.5,1,17,0.57297,0.51737,0.34354,0.3463,0.10356
59,"At home, They sometimes",dua_unemb,0.7,1,19,0.7369,0.53708,0.46638,0.4666,0.12806
59,"At home, They sometimes",dua_unemb,0.9,1,23,0.92716,0.59469,0.77928,0.77165,0.14854
59,"At home, They sometimes",dua_unemb,0.99,1,29,0.99308,0.68071,1.36032,1.33599,0.15638
59,"At home, They sometimes",euc_dmd,0.3,1,13,0.32605,0.17186,1.22844,1.2295,0.15987
59,"At home, They sometimes",euc_dmd,0.5,1,15,0.58289,0.1676,1.42166,1.41993,0.15408
59,"At home, They sometimes",euc_dmd,0.7,1,16,0.703,0.1791,1.504,1.5006,0.15316
59,"At home, They sometimes",euc_dmd,0.9,1,19,0.91901,0.26485,1.74979,1.7403,0.15226
59,"At home, They sometimes",euc_dmd,0.99,1,24,0.9933,0.50787,2.32113,2.29757,0.16734
59,"At home, They sometimes",cau_dmd,0.3,1,16,0.36519,0.18646,1.278,1.28126,0.15939
59,"At home, They sometimes",cau_dmd,0.5,1,18,0.57403,0.19122,1.38267,1.38394,0.1573
59,"At home, They sometimes",cau_dmd,0.7,1,20,0.75787,0.22209,1.48528,1.484,0.15363
59,"At home, They sometimes",cau_dmd,0.9,1,23,0.91615,0.31313,1.682,1.67576,0.17533
59,"At home, They sometimes",cau_dmd,0.99,1,29,0.99224,0.55175,2.35171,2.3311,0.16583
59,"At home, They sometimes",dua_dmd,0.3,1,14,0.36385,0.44585,0.40227,0.40673,0.12659
59,"At home, They sometimes",dua_dmd,0.5,1,16,0.52626,0.44165,0.51354,0.51697,0.13931
59,"At home, They sometimes",dua_dmd,0.7,1,19,0.71949,0.45206,0.69436,0.69528,0.15388
59,"At home, They sometimes",dua_dmd,0.9,1,24,0.9044,0.49409,1.06317,1.05748,0.1551
59,"At home, They sometimes",dua_dmd,0.99,1,32,0.99119,0.58332,1.83197,1.80966,0.15653
130,"Today, Voters often",euc_ctx,0.3,1,27,0.31624,0.49242,0.45777,0.46719,0.03391
130,"Today, Voters often",euc_ctx,0.5,1,31,0.55398,0.49964,0.65003,0.65749,0.03881
130,"Today, Voters often",euc_ctx,0.7,1,34,0.72232,0.52619,0.81847,0.82334,0.04117
130,"Today, Voters often",euc_ctx,0.9,1,40,0.91903,0.60576,1.23444,1.23164,0.04652
130,"Today, Voters often",euc_ctx,0.99,1,49,0.99027,0.6987,2.0394,2.02154,0.04859
130,"Today, Voters often",cau_ctx,0.3,1,54,0.30694,0.48253,1.09707,1.10356,0.16216
130,"Today, Voters often",cau_ctx,0.5,1,61,0.51216,0.39577,1.56695,1.56913,0.15692
130,"Today, Voters often",cau_ctx,0.7,1,68,0.71434,0.31999,2.14762,2.14344,0.15914
130,"Today, Voters often",cau_ctx,0.9,1,79,0.90848,0.2371,3.19453,3.17758,0.1588
130,"Today, Voters often",cau_ctx,0.99,1,97,0.99011,0.15901,5.04449,5.00351,0.18287
130,"Today, Voters often",dua_ctx,0.3,1,39,0.30087,0.56554,0.46428,0.47068,0.02872
130,"Today, Voters often",dua_ctx,0.5,1,50,0.5123,0.559,0.87667,0.87767,0.03472
130,"Today, Voters often",dua_ctx,0.7,1,60,0.70645,0.5554,1.39892,1.39224,0.03946
130,"Today, Voters often",dua_ctx,0.9,1,73,0.90495,0.56431,2.27747,2.25684,0.04376
130,"Today, Voters often",dua_ctx,0.99,1,87,0.99004,0.59563,3.48533,3.44405,0.04306
130,"Today, Voters often",euc_unemb,0.3,1,12,0.41669,0.4174,0.33312,0.34025,0.05071
130,"Today, Voters often",euc_unemb,0.5,1,13,0.56706,0.43781,0.41155,0.41749,0.04678
130,"Today, Voters often",euc_unemb,0.7,1,14,0.70624,0.46974,0.51715,0.52122,0.13886
130,"Today, Voters often",euc_unemb,0.9,1,17,0.93728,0.57913,1.02918,1.02383,0.17601
130,"Today, Voters often",euc_unemb,0.99,1,21,0.99422,0.64293,1.99477,1.97176,0.192
130,"Today, Voters often",cau_unemb,0.3,1,13,0.41187,0.34433,0.39853,0.40771,0.06681
130,"Today, Voters often",cau_unemb,0.5,1,14,0.54848,0.36055,0.4458,0.45429,0.06269
130,"Today, Voters often",cau_unemb,0.7,1,16,0.78514,0.42711,0.57156,0.57729,0.13602
130,"Today, Voters often",cau_unemb,0.9,1,18,0.91655,0.51369,0.77922,0.78027,0.14422
130,"Today, Voters often",cau_unemb,0.99,1,23,0.99417,0.64318,1.64694,1.63074,0.17511
130,"Today, Voters often",dua_unemb,0.3,1,13,0.38816,0.51801,0.19718,0.20263,0.01042
130,"Today, Voters often",dua_unemb,0.5,1,15,0.57974,0.53487,0.30103,0.30471,0.03541
130,"Today, Voters often",dua_unemb,0.7,1,17,0.73934,0.55872,0.44128,0.44217,0.04502
130,"Today, Voters often",dua_unemb,0.9,1,21,0.91985,0.61129,0.85291,0.84513,0.14569
130,"Today, Voters often",dua_unemb,0.99,1,27,0.99226,0.6638,1.82147,1.79362,0.15237
130,"Today, Voters often",euc_dmd,0.3,1,11,0.31063,0.32315,0.4598,0.47057,0.18647
130,"Today, Voters often",euc_dmd,0.5,1,13,0.59932,0.34927,0.58792,0.59741,0.15328
130,"Today, Voters often",euc_dmd,0.7,1,14,0.73093,0.38292,0.66501,0.67308,0.067
130,"Today, Voters often",euc_dmd,0.9,1,17,0.94128,0.51717,1.04848,1.04904,0.08153
130,"Today, Voters often",euc_dmd,0.99,1,21,0.99395,0.6279,1.894,1.87949,0.08389
130,"Today, Voters often",cau_dmd,0.3,1,13,0.35095,0.26951,0.66361,0.67595,0.18207
130,"Today, Voters often",cau_dmd,0.5,1,15,0.59449,0.29362,0.74297,0.75444,0.16839
130,"Today, Voters often",cau_dmd,0.7,1,16,0.70579,0.32068,0.78832,0.79889,0.14325
130,"Today, Voters often",cau_dmd,0.9,1,19,0.91116,0.43995,1.02364,1.02936,0.08446
130,"Today, Voters often",cau_dmd,0.99,1,24,0.99074,0.59947,1.82293,1.8148,0.08699
130,"Today, Voters often",dua_dmd,0.3,1,12,0.40448,0.4703,0.2732,0.28183,0.01821
130,"Today, Voters often",dua_dmd,0.5,1,13,0.52436,0.47176,0.33892,0.34724,0.02223
130,"Today, Voters often",dua_dmd,0.7,1,15,0.7264,0.48444,0.48557,0.49267,0.02636
130,"Today, Voters often",dua_dmd,0.9,1,19,0.92459,0.53068,0.82953,0.83206,0.0576
130,"Today, Voters often",dua_dmd,0.99,1,25,0.9909,0.60774,1.53032,1.52129,0.04739
40,"Usually, Most doctors still",euc_ctx,0.3,1,17,0.34099,0.46009,0.20759,0.21502,0.14859
40,"Usually, Most doctors still",euc_ctx,0.5,1,20,0.50414,0.47472,0.32496,0.33193,0.18374
40,"Usually, Most doctors still",euc_ctx,0.7,1,24,0.71414,0.50821,0.54782,0.55273,0.19904
40,"Usually, Most doctors still",euc_ctx,0.9,1,30,0.90555,0.56559,1.02779,1.02684,0.23667
40,"Usually, Most doctors still",euc_ctx,0.99,1,41,0.99109,0.62629,2.18463,2.16859,0.25191
40,"Usually, Most doctors still",cau_ctx,0.3,1,30,0.30307,0.43766,0.2635,0.27184,0.02442
40,"Usually, Most doctors still",cau_ctx,0.5,1,37,0.50418,0.4419,0.44815,0.45599,0.04364
40,"Usually, Most doctors still",cau_ctx,0.7,1,44,0.70307,0.45599,0.71348,0.71925,0.17217
40,"Usually, Most doctors still",cau_ctx,0.9,1,56,0.90884,0.4784,1.36221,1.36117,0.21988
40,"Usually, Most doctors still",cau_ctx,0.99,1,76,0.99062,0.45713,2.79236,2.77492,0.18473
40,"Usually, Most doctors still",dua_ctx,0.3,1,29,0.30006,0.45657,0.20727,0.2131,0.14327
40,"Usually, Most doctors still",dua_ctx,0.5,1,42,0.51381,0.45178,0.46943,0.4719,0.15277
40,"Usually, Most doctors still",dua_ctx,0.7,1,54,0.70692,0.4496,0.84589,0.8422,0.19446
40,"Usually, Most doctors still",dua_ctx,0.9,1,70,0.90382,0.45716,1.63541,1.61905,0.2366
40,"Usually, Most doctors still",dua_ctx,0.99,1,87,0.99003,0.48136,3.03398,2.99771,0.25115
40,"Usually, Most doctors still",euc_unemb,0.3,1,7,0.31691,0.41326,0.14492,0.14938,0.13076
40,"Usually, Most doctors still",euc_unemb,0.5,1,9,0.57499,0.43148,0.31084,0.31366,0.15252
40,"Usually, Most doctors still",euc_unemb,0.7,1,11,0.798,0.46365,0.60312,0.60189,0.22594
40,"Usually, Most doctors still",euc_unemb,0.9,1,13,0.92031,0.48896,1.02061,1.01327,0.23508
40,"Usually, Most doctors still",euc_unemb,0.99,1,18,0.99413,0.49798,2.33697,2.31026,0.24645
40,"Usually, Most doctors still",cau_unemb,0.3,1,8,0.36278,0.4088,0.18017,0.18645,0.14373
40,"Usually, Most doctors still",cau_unemb,0.5,1,10,0.60235,0.43226,0.33363,0.33871,0.15054
40,"Usually, Most doctors still",cau_unemb,0.7,1,11,0.71168,0.45118,0.44342,0.44719,0.20158
40,"Usually, Most doctors still",cau_unemb,0.9,1,14,0.91406,0.50875,0.91864,0.91587,0.24292
40,"Usually, Most doctors still",cau_unemb,0.99,1,19,0.9917,0.54718,2.01874,2.00044,0.25842
40,"Usually, Most doctors still",dua_unemb,0.3,1,9,0.36047,0.44353,0.14833,0.15127,0.14242
40,"Usually, Most doctors still",dua_unemb,0.5,1,11,0.50621,0.4475,0.24136,0.24293,0.15127
40,"Usually, Most doctors still",dua_unemb,0.7,1,15,0.75329,0.46234,0.52255,0.51913,0.18306
40,"Usually, Most doctors still",dua_unemb,0.9,1,19,0.91055,0.47826,0.98825,0.97665,0.22057
40,"Usually, Most doctors still",dua_unemb,0.99,1,25,0.99232,0.48918,2.20226,2.17154,0.18511
40,"Usually, Most doctors still",euc_dmd,0.3,1,7,0.34069,0.39187,0.19558,0.20293,0.13348
40,"Usually, Most doctors still",euc_dmd,0.5,1,9,0.60575,0.41162,0.37087,0.37717,0.15304
40,"Usually, Most doctors still",euc_dmd,0.7,1,10,0.72561,0.43061,0.49835,0.50324,0.1988
40,"Usually, Most doctors still",euc_dmd,0.9,1,13,0.93035,0.48821,1.06197,1.05955,0.22833
40,"Usually, Most doctors still",euc_dmd,0.99,1,17,0.99119,0.51819,2.0848,2.06871,0.22466
40,"Usually, Most doctors still",cau_dmd,0.3,1,8,0.35404,0.37001,0.26231,0.27177,0.13338
40,"Usually, Most doctors still",cau_dmd,0.5,1,10,0.58446,0.38631,0.41124,0.42035,0.14276
40,"Usually, Most doctors still",cau_dmd,0.7,1,12,0.78066,0.4242,0.62786,0.63497,0.21793
40,"Usually, Most doctors still",cau_dmd,0.9,1,15,0.93304,0.48612,1.11125,1.11271,0.23569
40,"Usually, Most doctors still",cau_dmd,0.99,1,20,0.99209,0.53631,2.19868,2.18688,0.23426
40,"Usually, Most doctors still",dua_dmd,0.3,1,8,0.36354,0.42556,0.16701,0.1731,0.13276
40,"Usually, Most doctors still",dua_dmd,0.5,1,10,0.54352,0.42632,0.27782,0.28372,0.15638
40,"Usually, Most doctors still",dua_dmd,0.7,1,13,0.76297,0.43844,0.49649,0.50079,0.17041
40,"Usually, Most doctors still",dua_dmd,0.9,1,17,0.92328,0.46545,0.92375,0.92359,0.23403
40,"Usually, Most doctors still",dua_dmd,0.99,1,23,0.99126,0.50488,1.95542,1.9431,0.23497
238,"Lately, Most doctors also",euc_ctx,0.3,1,16,0.30034,0.37171,0.25741,0.26516,0.01288
238,"Lately, Most doctors also",euc_ctx,0.5,1,20,0.50986,0.3712,0.43609,0.4435,0.04979
238,"Lately, Most doctors also",euc_ctx,0.7,1,24,0.71597,0.39126,0.66946,0.67517,0.23169
238,"Lately, Most doctors also",euc_ctx,0.9,1,30,0.90482,0.44478,1.12526,1.12617,0.22306
238,"Lately, Most doctors also",euc_ctx,0.99,1,41,0.99083,0.52675,2.21947,2.20745,0.23842
238,"Lately, Most doctors also",cau_ctx,0.3,1,31,0.30966,0.33273,0.37838,0.38703,0.14618
238,"Lately, Most doctors also",cau_ctx,0.5,1,38,0.50384,0.31889,0.60067,0.60883,0.15568
238,"Lately, Most doctors also",cau_ctx,0.7,1,46,0.72139,0.31987,0.93145,0.93749,0.17005
238,"Lately, Most doctors also",cau_ctx,0.9,1,57,0.90391,0.33568,1.52382,1.5245,0.21912
238,"Lately, Most doctors also",cau_ctx,0.99,1,78,0.9911,0.33795,3.00839,2.9938,0.24508
238,"Lately, Most doctors also",dua_ctx,0.3,1,29,0.31506,0.39751,0.28009,0.28551,0.01402
238,"Lately, Most doctors also",dua_ctx,0.5,1,40,0.51811,0.38375,0.55389,0.55649,0.01844
238,"Lately, Most doctors also",dua_ctx,0.7,1,50,0.7003,0.37569,0.9004,0.89842,0.16632
238,"Lately, Most doctors also",dua_ctx,0.9,1,65,0.90474,0.37675,1.63955,1.62737,0.20762
238,"Lately, Most doctors also",dua_ctx,0.99,1,82,0.99076,0.39852,2.96894,2.93995,0.22565
238,"Lately, Most doctors also",euc_unemb,0.3,1,7,0.3276,0.37193,0.16413,0.16861,0.0145
238,"Lately, Most doctors also",euc_unemb,0.5,1,9,0.58275,0.39459,0.32615,0.32928,0.04766
238,"Lately, Most doctors also",euc_unemb,0.7,1,10,0.70294,0.41577,0.44665,0.44831,0.16502
238,"Lately, Most doctors also",euc_unemb,0.9,1,13,0.92021,0.48361,0.9893,0.98354,0.23212
238,"Lately, Most doctors also",euc_unemb,0.99,1,18,0.99387,0.52579,2.27731,2.25358,0.25527
238,"Lately, Most doctors also",cau_unemb,0.3,1,8,0.37016,0.36244,0.19421,0.20074,0.02294
238,"Lately, Most doctors also",cau_unemb,0.5,1,10,0.60518,0.38784,0.3357,0.34141,0.05503
238,"Lately, Most doctors also",cau_unemb,0.7,1,11,0.71205,0.41015,0.43308,0.43777,0.17628
238,"Lately, Most doctors also",cau_unemb,0.9,1,14,0.91176,0.4878,0.85783,0.85709,0.2118
238,"Lately, Most doctors also",cau_unemb,0.99,1,19,0.99095,0.55965,1.9043,1.88964,0.24074
238,"Lately, Most doctors also",dua_unemb,0.3,1,8,0.30387,0.40485,0.11239,0.11582,0.00463
238,"Lately, Most doctors also",dua_unemb,0.5,1,11,0.53782,0.41259,0.23951,0.24152,0.01005
238,"Lately, Most doctors also",dua_unemb,0.7,1,14,0.73752,0.42902,0.43305,0.43198,0.11575
238,"Lately, Most doctors also",dua_unemb,0.9,1,18,0.90435,0.45526,0.83279,0.82506,0.19535
238,"Lately, Most doctors also",dua_unemb,0.99,1,25,0.9931,0.49029,2.10586,2.07904,0.23698
238,"Lately, Most doctors also",euc_dmd,0.3,1,7,0.36347,0.3396,0.23748,0.24408,0.02467
238,"Lately, Most doctors also",euc_dmd,0.5,1,9,0.6259,0.36345,0.41179,0.41739,0.07286
238,"Lately, Most doctors also",euc_dmd,0.7,1,10,0.74052,0.38843,0.52743,0.53181,0.17432
238,"Lately, Most doctors also",euc_dmd,0.9,1,13,0.9331,0.48202,1.01968,1.0178,0.23084
238,"Lately, Most doctors also",euc_dmd,0.99,1,17,0.99109,0.57046,1.94382,1.92981,0.24555
238,"Lately, Most doctors also",cau_dmd,0.3,1,8,0.37652,0.31875,0.27535,0.28402,0.02711
238,"Lately, Most doctors also",cau_dmd,0.5,1,10,0.60476,0.33826,0.41351,0.42188,0.03064
238,"Lately, Most doctors also",cau_dmd,0.7,1,11,0.70768,0.35883,0.50034,0.50805,0.07379
238,"Lately, Most doctors also",cau_dmd,0.9,1,14,0.90344,0.44361,0.86553,0.86931,0.2618
238,"Lately, Most doctors also",cau_dmd,0.99,1,20,0.99207,0.57309,2.01084,2.00096,0.28117
238,"Lately, Most doctors also",dua_dmd,0.3,1,7,0.31663,0.38163,0.12913,0.1342,0.01178
238,"Lately, Most doctors also",dua_dmd,0.5,1,9,0.52213,0.37956,0.22689,0.23188,0.01407
238,"Lately, Most doctors also",dua_dmd,0.7,1,11,0.70139,0.38634,0.3502,0.35435,0.01858
238,"Lately, Most doctors also",dua_dmd,0.9,1,15,0.90324,0.41297,0.68177,0.68234,0.17007
238,"Lately, Most doctors also",dua_dmd,0.99,1,22,0.99081,0.46449,1.64311,1.63212,0.21681
177,"Over time, I always",euc_ctx,0.3,1,31,0.33872,0.05438,1.54333,1.53623,0.2288
177,"Over time, I always",euc_ctx,0.5,1,34,0.50414,0.05064,1.71397,1.705,0.2285
177,"Over time, I always",euc_ctx,0.7,1,38,0.71589,0.05394,1.87873,1.86709,0.22514
177,"Over time, I always",euc_ctx,0.9,1,44,0.90637,0.07527,1.99718,1.98105,0.19607
177,"Over time, I always",euc_ctx,0.99,1,55,0.99082,0.15881,2.1274,2.10091,0.17924
177,"Over time, I always",cau_ctx,0.3,1,64,0.31776,0.03715,2.21233,2.19975,0.22839
177,"Over time, I always",cau_ctx,0.5,1,71,0.50258,0.03085,2.55068,2.53442,0.22772
177,"Over time, I always",cau_ctx,0.7,1,79,0.71058,0.02785,2.94457,2.92322,0.22751
177,"Over time, I always",cau_ctx,0.9,1,91,0.90378,0.02611,3.62399,3.59257,0.22462
177,"Over time, I always",cau_ctx,0.99,1,112,0.99034,0.01993,5.22236,5.16687,0.21845
177,"Over time, I always",dua_ctx,0.3,1,44,0.30562,0.30807,0.47372,0.47247,0.0761
177,"Over time, I always",dua_ctx,0.5,1,52,0.51767,0.29427,0.65154,0.64641,0.14478
177,"Over time, I always",dua_ctx,0.7,1,59,0.70519,0.29373,0.82891,0.81917,0.17941
177,"Over time, I always",dua_ctx,0.9,1,69,0.90069,0.31241,1.11778,1.0995,0.17724
177,"Over time, I always",dua_ctx,0.99,1,83,0.9903,0.36805,1.6042,1.57026,0.14797
177,"Over time, I always",euc_unemb,0.3,1,13,0.33222,0.11274,1.02706,1.02435,0.20825
177,"Over time, I always",euc_unemb,0.5,1,15,0.59683,0.11866,1.20683,1.20176,0.20627
177,"Over time, I always",euc_unemb,0.7,1,16,0.71811,0.1327,1.27281,1.26633,0.20647
177,"Over time, I always",euc_unemb,0.9,1,19,0.92785,0.222,1.41867,1.40669,0.19877
177,"Over time, I always",euc_unemb,0.99,1,23,0.99091,0.39834,1.77431,1.75105,0.19986
177,"Over time, I always",cau_unemb,0.3,1,15,0.40753,0.0969,1.0847,1.08466,0.21186
177,"Over time, I always",cau_unemb,0.5,1,16,0.52854,0.09979,1.14159,1.14077,0.21032
177,"Over time, I always",cau_unemb,0.7,1,18,0.74712,0.12219,1.20242,1.1997,0.20975
177,"Over time, I always",cau_unemb,0.9,1,21,0.92525,0.2014,1.23421,1.22743,0.19989
177,"Over time, I always",cau_unemb,0.99,1,26,0.99221,0.3951,1.54855,1.53029,0.16917
177,"Over time, I always",dua_unemb,0.3,1,15,0.31828,0.37656,0.23046,0.23239,0.0562
177,"Over time, I always",dua_unemb,0.5,1,17,0.50943,0.37748,0.3322,0.33216,0.06761
177,"Over time, I always",dua_unemb,0.7,1,20,0.77814,0.3977,0.53576,0.5308,0.071
177,"Over time, I always",dua_unemb,0.9,1,23,0.92558,0.43143,0.7943,0.78248,0.07145
177,"Over time, I always",dua_unemb,0.99,1,28,0.99036,0.49337,1.28886,1.26326,0.07546
177,"Over time, I always",euc_dmd,0.3,1,13,0.42328,0.05829,1.6282,1.62354,0.22777
177,"Over time, I always",euc_dmd,0.5,1,14,0.55912,0.05812,1.76873,1.76268,0.227
177,"Over time, I always",euc_dmd,0.7,1,16,0.788,0.06952,2.00177,1.99264,0.22368
177,"Over time, I always",euc_dmd,0.9,1,18,0.91407,0.09691,2.17651,2.16387,0.19636
177,"Over time, I always",euc_dmd,0.99,1,23,0.99262,0.23588,2.53872,2.51492,0.18081
177,"Over time, I always",cau_dmd,0.3,1,14,0.31784,0.05628,1.61337,1.61248,0.22888
177,"Over time, I always",cau_dmd,0.5,1,16,0.5371,0.05288,1.86969,1.86669,0.20229
177,"Over time, I always",cau_dmd,0.7,1,18,0.73813,0.05869,2.09918,2.09366,0.20224
177,"Over time, I always",cau_dmd,0.9,1,21,0.9112,0.08186,2.4097,2.39946,0.19681
177,"Over time, I always",cau_dmd,0.99,1,27,0.99194,0.15352,3.08702,3.06347,0.17947
177,"Over time, I always",dua_dmd,0.3,1,14,0.38442,0.30531,0.3858,0.38992,0.17048
177,"Over time, I always",dua_dmd,0.5,1,16,0.57963,0.29532,0.53595,0.53868,0.19181
177,"Over time, I always",dua_dmd,0.7,1,18,0.747,0.29546,0.70281,0.70333,0.2001
177,"Over time, I always",dua_dmd,0.9,1,21,0.90471,0.3107,0.96457,0.96036,0.2041
177,"Over time, I always",dua_dmd,0.99,1,28,0.99254,0.37378,1.58504,1.56558,0.19088
232,"Over time, The workers really",euc_ctx,0.3,1,19,0.34192,0.09513,0.44246,0.44176,0.14676
232,"Over time, The workers really",euc_ctx,0.5,1,23,0.54859,0.09062,0.55251,0.55061,0.14629
232,"Over time, The workers really",euc_ctx,0.7,1,27,0.73844,0.10011,0.6377,0.63433,0.1447
232,"Over time, The workers really",euc_ctx,0.9,1,33,0.90779,0.14004,0.74643,0.74031,0.13627
232,"Over time, The workers really",euc_ctx,0.99,1,45,0.99112,0.30107,1.09737,1.08338,0.03266
232,"Over time, The workers really",cau_ctx,0.3,1,35,0.31869,0.12131,0.459,0.46244,0.13888
232,"Over time, The workers really",cau_ctx,0.5,1,42,0.50423,0.11702,0.5932,0.59606,0.13999
232,"Over time, The workers really",cau_ctx,0.7,1,50,0.70939,0.12782,0.75429,0.75589,0.13674
232,"Over time, The workers really",cau_ctx,0.9,1,63,0.90736,0.17213,1.10544,1.10327,0.11186
232,"Over time, The workers really",cau_ctx,0.99,1,86,0.99017,0.22869,2.281,2.26555,0.12364
232,"Over time, The workers really",dua_ctx,0.3,1,27,0.30677,0.21284,0.19599,0.19769,0.09445
232,"Over time, The workers really",dua_ctx,0.5,1,35,0.52264,0.20662,0.32331,0.3233,0.09794
232,"Over time, The workers really",dua_ctx,0.7,1,42,0.70729,0.21126,0.46363,0.46118,0.09972
232,"Over time, The workers really",dua_ctx,0.9,1,53,0.90565,0.23619,0.75291,0.7448,0.09935
232,"Over time, The workers really",dua_ctx,0.99,1,69,0.99098,0.29673,1.33189,1.31205,0.03119
232,"Over time, The workers really",euc_unemb,0.3,1,8,0.31366,0.10546,0.32597,0.32302,0.13541
232,"Over time, The workers really",euc_unemb,0.5,1,10,0.55261,0.10255,0.41731,0.41244,0.14284
232,"Over time, The workers really",euc_unemb,0.7,1,12,0.76927,0.12128,0.49248,0.48521,0.14507
232,"Over time, The workers really",euc_unemb,0.9,1,15,0.9364,0.19074,0.64078,0.62876,0.14785
232,"Over time, The workers really",euc_unemb,0.99,1,19,0.99061,0.33269,1.05698,1.03583,0.11997
232,"Over time, The workers really",cau_unemb,0.3,1,9,0.35006,0.1132,0.29278,0.29234,0.13447
232,"Over time, The workers really",cau_unemb,0.5,1,11,0.56981,0.11601,0.35133,0.34975,0.13524
232,"Over time, The workers really",cau_unemb,0.7,1,13,0.76358,0.13888,0.3976,0.39446,0.13316
232,"Over time, The workers really",cau_unemb,0.9,1,16,0.92362,0.21153,0.50657,0.50002,0.13592
232,"Over time, The workers really",cau_unemb,0.99,1,21,0.99051,0.38473,0.98757,0.9716,0.09119
232,"Over time, The workers really",dua_unemb,0.3,1,10,0.37946,0.22961,0.11132,0.11167,0.10835
232,"Over time, The workers really",dua_unemb,0.5,1,12,0.56293,0.2358,0.17075,0.16971,0.10741
232,"Over time, The workers really",dua_unemb,0.7,1,14,0.72303,0.2501,0.24775,0.24465,0.09179
232,"Over time, The workers really",dua_unemb,0.9,1,18,0.91176,0.29372,0.45637,0.44745,0.09346
232,"Over time, The workers really",dua_unemb,0.99,1,25,0.99129,0.38192,0.97735,0.95453,0.08647
232,"Over time, The workers really",euc_dmd,0.3,1,8,0.36094,0.07114,0.52844,0.52436,0.14315
232,"Over time, The workers really",euc_dmd,0.5,1,10,0.60557,0.0662,0.66468,0.65817,0.14411
232,"Over time, The workers really",euc_dmd,0.7,1,11,0.7152,0.06928,0.72126,0.7134,0.15285
232,"Over time, The workers really",euc_dmd,0.9,1,14,0.91418,0.09818,0.87905,0.86663,0.14919
232,"Over time, The workers really",euc_dmd,0.99,1,19,0.99083,0.20804,1.23668,1.21486,0.13841
232,"Over time, The workers really",cau_dmd,0.3,1,9,0.36432,0.07732,0.50546,0.50405,0.14502
232,"Over time, The workers really",cau_dmd,0.5,1,11,0.57285,0.07449,0.60725,0.6043,0.14369
232,"Over time, The workers really",cau_dmd,0.7,1,13,0.75369,0.08339,0.69402,0.6892,0.14442
232,"Over time, The workers really",cau_dmd,0.9,1,16,0.91021,0.1164,0.83815,0.8299,0.1385
232,"Over time, The workers really",cau_dmd,0.99,1,22,0.99016,0.23101,1.34719,1.32909,0.1096
232,"Over time, The workers really",dua_dmd,0.3,1,8,0.33039,0.19993,0.12707,0.12848,0.12228
232,"Over time, The workers really",dua_dmd,0.5,1,10,0.55418,0.19507,0.20395,0.20447,0.12452
232,"Over time, The workers really",dua_dmd,0.7,1,12,0.74227,0.20168,0.29767,0.29659,0.12441
232,"Over time, The workers really",dua_dmd,0.9,1,16,0.92478,0.23276,0.53471,0.52883,0.10151
232,"Over time, The workers really",dua_dmd,0.99,1,23,0.99057,0.29838,1.08218,1.06477,0.057
296,"Usually, You always",euc_ctx,0.3,1,28,0.3292,0.40014,0.60972,0.61596,0.05618
296,"Usually, You always",euc_ctx,0.5,1,32,0.5439,0.39208,0.73331,0.73773,0.08733
296,"Usually, You always",euc_ctx,0.7,1,36,0.74272,0.42231,0.81326,0.81488,0.09746
296,"Usually, You always",euc_ctx,0.9,1,42,0.9151,0.51637,0.89058,0.88629,0.09849
296,"Usually, You always",euc_ctx,0.99,1,53,0.99148,0.68917,1.13131,1.11223,0.10156
296,"Usually, You always",cau_ctx,0.3,1,54,0.321,0.21632,1.4229,1.42323,0.24146
296,"Usually, You always",cau_ctx,0.5,1,61,0.51232,0.14678,1.93307,1.92792,0.24475
296,"Usually, You always",cau_ctx,0.7,1,69,0.72265,0.0991,2.52448,2.51152,0.25036
296,"Usually, You always",cau_ctx,0.9,1,80,0.90018,0.06511,3.29763,3.27233,0.24705
296,"Usually, You always",cau_ctx,0.99,1,102,0.99061,0.03526,4.77132,4.71918,0.25619
296,"Usually, You always",dua_ctx,0.3,1,43,0.3025,0.59498,0.30954,0.31042,0.01241
296,"Usually, You always",dua_ctx,0.5,1,54,0.5001,0.57841,0.45724,0.45232,0.01551
296,"Usually, You always",dua_ctx,0.7,1,66,0.70879,0.57507,0.65993,0.64605,0.0339
296,"Usually, You always",dua_ctx,0.9,1,81,0.90386,0.59137,0.98038,0.9518,0.04376
296,"Usually, You always",dua_ctx,0.99,1,98,0.99045,0.6325,1.4773,1.42713,0.06009
296,"Usually, You always",euc_unemb,0.3,1,12,0.31715,0.47119,0.52068,0.52502,0.07291
296,"Usually, You always",euc_unemb,0.5,1,14,0.5709,0.46112,0.72806,0.72957,0.20581
296,"Usually, You always",euc_unemb,0.7,1,16,0.79269,0.49197,0.97946,0.97634,0.22794
296,"Usually, You always",euc_unemb,0.9,1,18,0.91681,0.53915,1.26715,1.25777,0.25738
296,"Usually, You always",euc_unemb,0.99,1,23,0.99366,0.60652,2.07194,2.04268,0.27268
296,"Usually, You always",cau_unemb,0.3,1,13,0.30923,0.41393,0.5899,0.59665,0.1696
296,"Usually, You always",cau_unemb,0.5,1,15,0.53594,0.39837,0.74846,0.7532,0.21178
296,"Usually, You always",cau_unemb,0.7,1,17,0.74834,0.42036,0.9027,0.90416,0.22332
296,"Usually, You always",cau_unemb,0.9,1,20,0.92443,0.48956,1.14803,1.1423,0.22675
296,"Usually, You always",cau_unemb,0.99,1,25,0.99221,0.56889,1.66799,1.64625,0.24434
296,"Usually, You always",dua_unemb,0.3,1,14,0.30495,0.66148,0.22273,0.22531,0.03342
296,"Usually, You always",dua_unemb,0.5,1,18,0.55836,0.67549,0.42477,0.42178,0.05674
296,"Usually, You always",dua_unemb,0.7,1,21,0.70786,0.6949,0.62393,0.61459,0.05855
296,"Usually, You always",dua_unemb,0.9,1,28,0.91205,0.74029,1.21088,1.1817,0.16385
296,"Usually, You always",dua_unemb,0.99,1,36,0.99242,0.7717,2.06304,2.00498,0.18816
296,"Usually, You always",euc_dmd,0.3,1,12,0.42351,0.33654,0.9182,0.92517,0.24866
296,"Usually, You always",euc_dmd,0.5,1,13,0.55879,0.33489,1.03013,1.03586,0.25247
296,"Usually, You always",euc_dmd,0.7,1,15,0.78855,0.37189,1.23007,1.23232,0.25705
296,"Usually, You always",euc_dmd,0.9,1,17,0.91549,0.44538,1.41872,1.41624,0.20809
296,"Usually, You always",euc_dmd,0.99,1,22,0.99319,0.62962,1.9821,1.96358,0.23829
296,"Usually, You always",cau_dmd,0.3,1,13,0.36348,0.30435,1.02628,1.03641,0.27085
296,"Usually, You always",cau_dmd,0.5,1,15,0.58794,0.30101,1.18303,1.19145,0.27338
296,"Usually, You always",cau_dmd,0.7,1,17,0.77734,0.33497,1.30781,1.31363,0.2151
296,"Usually, You always",cau_dmd,0.9,1,20,0.92793,0.43116,1.4847,1.48506,0.12072
296,"Usually, You always",cau_dmd,0.99,1,25,0.99048,0.59557,1.89546,1.88323,0.11865
296,"Usually, You always",dua_dmd,0.3,1,12,0.32637,0.58604,0.29894,0.30497,0.03884
296,"Usually, You always",dua_dmd,0.5,1,14,0.52683,0.57423,0.43741,0.44217,0.04886
296,"Usually, You always",dua_dmd,0.7,1,16,0.70643,0.57559,0.59334,0.59592,0.06718
296,"Usually, You always",dua_dmd,0.9,1,20,0.91117,0.60476,0.916,0.91203,0.07549
296,"Usually, You always",dua_dmd,0.99,1,27,0.993,0.68111,1.49935,1.47886,0.0937
257,"Usually, The workers rarely",euc_ctx,0.3,1,14,0.31565,0.48923,0.22207,0.2274,0.10369
257,"Usually, The workers rarely",euc_ctx,0.5,1,18,0.5423,0.47943,0.34865,0.35301,0.15016
257,"Usually, The workers rarely",euc_ctx,0.7,1,21,0.70606,0.49608,0.44736,0.45005,0.15724
257,"Usually, The workers rarely",euc_ctx,0.9,1,27,0.90774,0.56933,0.67299,0.6702,0.13654
257,"Usually, The workers rarely",euc_ctx,0.99,1,37,0.99025,0.68625,1.2096,1.19377,0.14465
257,"Usually, The workers rarely",cau_ctx,0.3,1,27,0.31486,0.5358,0.26201,0.26841,0.13486
257,"Usually, The workers rarely",cau_ctx,0.5,1,34,0.52183,0.5314,0.40654,0.412,0.15198
257,"Usually, The workers rarely",cau_ctx,0.7,1,41,0.72252,0.55051,0.58928,0.59227,0.17537
257,"Usually, The workers rarely",cau_ctx,0.9,1,51,0.90097,0.59699,0.9475,0.94451,0.14293
257,"Usually, The workers rarely",cau_ctx,0.99,1,70,0.99016,0.64469,1.92632,1.90697,0.16084
257,"Usually, The workers rarely",dua_ctx,0.3,1,25,0.31072,0.57101,0.17553,0.17936,0.0337
257,"Usually, The workers rarely",dua_ctx,0.5,1,34,0.50129,0.56529,0.32207,0.32335,0.03755
257,"Usually, The workers rarely",dua_ctx,0.7,1,44,0.70173,0.56968,0.5523,0.54842,0.1051
257,"Usually, The workers rarely",dua_ctx,0.9,1,59,0.90862,0.59693,1.04078,1.02495,0.13343
257,"Usually, The workers rarely",dua_ctx,0.99,1,75,0.99016,0.6426,1.79854,1.76466,0.1401
257,"Usually, The workers rarely",euc_unemb,0.3,1,6,0.34292,0.50869,0.1982,0.20231,0.12461
257,"Usually, The workers rarely",euc_unemb,0.5,1,8,0.62563,0.51535,0.38614,0.38813,0.12503
257,"Usually, The workers rarely",euc_unemb,0.7,1,9,0.74989,0.53454,0.51829,0.51827,0.1388
257,"Usually, The workers rarely",euc_unemb,0.9,1,11,0.90646,0.58476,0.85821,0.85253,0.14789
257,"Usually, The workers rarely",euc_unemb,0.99,1,15,0.99033,0.65135,1.71714,1.69625,0.15765
257,"Usually, The workers rarely",cau_unemb,0.3,1,7,0.38327,0.49855,0.21575,0.22105,0.10663
257,"Usually, The workers rarely",cau_unemb,0.5,1,8,0.50974,0.49895,0.28422,0.28892,0.12174
257,"Usually, The workers rarely",cau_unemb,0.7,1,10,0.74392,0.52586,0.46983,0.47187,0.13793
257,"Usually, The workers rarely",cau_unemb,0.9,1,13,0.93093,0.58903,0.88399,0.87883,0.15074
257,"Usually, The workers rarely",cau_unemb,0.99,1,17,0.99035,0.63386,1.59809,1.57997,0.15593
257,"Usually, The workers rarely",dua_unemb,0.3,1,7,0.32294,0.58246,0.11245,0.11586,0.11568
257,"Usually, The workers rarely",dua_unemb,0.5,1,9,0.50824,0.58397,0.20993,0.21241,0.11106
257,"Usually, The workers rarely",dua_unemb,0.7,1,12,0.76311,0.60081,0.44139,0.44025,0.12775
257,"Usually, The workers rarely",dua_unemb,0.9,1,15,0.91378,0.6259,0.77477,0.76752,0.14095
257,"Usually, The workers rarely",dua_unemb,0.99,1,21,0.99341,0.66701,1.63482,1.61038,0.1534
257,"Usually, The workers rarely",euc_dmd,0.3,1,6,0.33029,0.47042,0.27526,0.27988,0.1635
257,"Usually, The workers rarely",euc_dmd,0.5,1,8,0.60316,0.46528,0.46358,0.46636,0.16636
257,"Usually, The workers rarely",euc_dmd,0.7,1,9,0.72713,0.4826,0.57815,0.57925,0.14153
257,"Usually, The workers rarely",euc_dmd,0.9,1,12,0.93444,0.57724,1.0311,1.0246,0.14352
257,"Usually, The workers rarely",euc_dmd,0.99,1,16,0.99239,0.68927,1.82673,1.80643,0.17122
257,"Usually, The workers rarely",cau_dmd,0.3,1,7,0.32387,0.47453,0.29848,0.30423,0.16808
257,"Usually, The workers rarely",cau_dmd,0.5,1,9,0.54664,0.47174,0.43139,0.43605,0.16856
257,"Usually, The workers rarely",cau_dmd,0.7,1,11,0.74959,0.5053,0.59817,0.60033,0.17067
257,"Usually, The workers rarely",cau_dmd,0.9,1,14,0.91955,0.5913,0.95998,0.95609,0.16678
257,"Usually, The workers rarely",cau_dmd,0.99,1,19,0.99016,0.71023,1.7909,1.7732,0.16893
257,"Usually, The workers rarely",dua_dmd,0.3,1,7,0.35533,0.55081,0.16921,0.17289,0.14756
257,"Usually, The workers rarely",dua_dmd,0.5,1,9,0.53043,0.54423,0.28304,0.28618,0.15387
257,"Usually, The workers rarely",dua_dmd,0.7,1,12,0.73971,0.54945,0.49917,0.50023,0.13393
257,"Usually, The workers rarely",dua_dmd,0.9,1,17,0.92308,0.57952,0.9887,0.98315,0.13441
257,"Usually, The workers rarely",dua_dmd,0.99,1,24,0.99169,0.63368,1.87934,1.85897,0.15675
36,"Honestly, These kids always",euc_ctx,0.3,1,15,0.3313,0.46041,0.27599,0.2809,0.14902
36,"Honestly, These kids always",euc_ctx,0.5,1,18,0.50739,0.44841,0.37463,0.37863,0.18549
36,"Honestly, These kids always",euc_ctx,0.7,1,22,0.73092,0.46629,0.49833,0.49983,0.16013
36,"Honestly, These kids always",euc_ctx,0.9,1,27,0.90025,0.52214,0.66193,0.6585,0.16872
36,"Honestly, These kids always",euc_ctx,0.99,1,38,0.9917,0.62195,1.20473,1.18601,0.16908
36,"Honestly, These kids always",cau_ctx,0.3,1,30,0.31408,0.43266,0.38469,0.39077,0.1537
36,"Honestly, These kids always",cau_ctx,0.5,1,37,0.51633,0.39887,0.57122,0.57596,0.16418
36,"Honestly, These kids always",cau_ctx,0.7,1,44,0.71345,0.38701,0.77805,0.78007,0.18636
36,"Honestly, These kids always",cau_ctx,0.9,1,55,0.90402,0.39015,1.17718,1.17238,0.15401
36,"Honestly, These kids always",cau_ctx,0.99,1,75,0.99052,0.36645,2.2403,2.21752,0.23738
36,"Honestly, These kids always",dua_ctx,0.3,1,28,0.31025,0.54945,0.22341,0.22406,0.01939
36,"Honestly, These kids always",dua_ctx,0.5,1,38,0.50215,0.52628,0.40136,0.39714,0.02945
36,"Honestly, These kids always",dua_ctx,0.7,1,49,0.71239,0.51192,0.66706,0.65471,0.03289
36,"Honestly, These kids always",dua_ctx,0.9,1,62,0.90506,0.51358,1.08465,1.05937,0.04362
36,"Honestly, These kids always",dua_ctx,0.99,1,77,0.99096,0.53977,1.76954,1.72477,0.04895
36,"Honestly, These kids always",euc_unemb,0.3,1,6,0.31606,0.52528,0.2005,0.2038,0.03763
36,"Honestly, These kids always",euc_unemb,0.5,1,8,0.60927,0.53071,0.38508,0.38589,0.20274
36,"Honestly, These kids always",euc_unemb,0.7,1,9,0.74134,0.5502,0.51275,0.51129,0.21774
36,"Honestly, These kids always",euc_unemb,0.9,1,11,0.90647,0.59888,0.83778,0.82992,0.21899
36,"Honestly, These kids always",euc_unemb,0.99,1,15,0.99107,0.64715,1.65523,1.63034,0.23283
36,"Honestly, These kids always",cau_unemb,0.3,1,7,0.38553,0.49613,0.23086,0.23635,0.15357
36,"Honestly, These kids always",cau_unemb,0.5,1,8,0.52422,0.49861,0.30104,0.30586,0.15818
36,"Honestly, These kids always",cau_unemb,0.7,1,10,0.77249,0.53715,0.48045,0.48227,0.18697
36,"Honestly, These kids always",cau_unemb,0.9,1,12,0.91263,0.59296,0.72094,0.71776,0.20795
36,"Honestly, These kids always",cau_unemb,0.99,1,17,0.99419,0.66226,1.53232,1.51177,0.22114
36,"Honestly, These kids always",dua_unemb,0.3,1,8,0.34798,0.60023,0.13551,0.13732,0.02984
36,"Honestly, These kids always",dua_unemb,0.5,1,10,0.51188,0.60188,0.23063,0.23075,0.03304
36,"Honestly, These kids always",dua_unemb,0.7,1,13,0.72731,0.61807,0.44072,0.4361,0.03378
36,"Honestly, These kids always",dua_unemb,0.9,1,18,0.91864,0.65733,0.97402,0.95634,0.18473
36,"Honestly, These kids always",dua_unemb,0.99,1,24,0.99011,0.68961,1.8384,1.79934,0.18851
36,"Honestly, These kids always",euc_dmd,0.3,1,6,0.36459,0.44718,0.33293,0.33751,0.20415
36,"Honestly, These kids always",euc_dmd,0.5,1,7,0.51896,0.44111,0.43178,0.43544,0.21078
36,"Honestly, These kids always",euc_dmd,0.7,1,9,0.79039,0.47897,0.63772,0.63776,0.23064
36,"Honestly, These kids always",euc_dmd,0.9,1,11,0.92837,0.55194,0.88024,0.87461,0.24116
36,"Honestly, These kids always",euc_dmd,0.99,1,15,0.99315,0.6657,1.53151,1.51092,0.23529
36,"Honestly, These kids always",cau_dmd,0.3,1,7,0.40324,0.42075,0.39892,0.40557,0.2048
36,"Honestly, These kids always",cau_dmd,0.5,1,8,0.5383,0.42074,0.46887,0.47495,0.21038
36,"Honestly, These kids always",cau_dmd,0.7,1,10,0.77237,0.46121,0.59494,0.59862,0.21783
36,"Honestly, These kids always",cau_dmd,0.9,1,12,0.90546,0.53363,0.7488,0.74856,0.22526
36,"Honestly, These kids always",cau_dmd,0.99,1,17,0.99121,0.68972,1.36622,1.3519,0.21152
36,"Honestly, These kids always",dua_dmd,0.3,1,7,0.38908,0.55646,0.16506,0.16794,0.03494
36,"Honestly, These kids always",dua_dmd,0.5,1,8,0.50312,0.54955,0.22069,0.22318,0.03653
36,"Honestly, These kids always",dua_dmd,0.7,1,10,0.71552,0.54654,0.35165,0.35262,0.15891
36,"Honestly, These kids always",dua_dmd,0.9,1,13,0.90895,0.56446,0.59222,0.58924,0.16312
36,"Honestly, These kids always",dua_dmd,0.99,1,19,0.99293,0.62404,1.21626,1.20051,0.15937
166,"Over time, Farmers never",euc_ctx,0.3,1,16,0.34387,0.31653,0.33324,0.3359,0.07227
166,"Over time, Farmers never",euc_ctx,0.5,1,19,0.51686,0.31286,0.43565,0.43727,0.08083
166,"Over time, Farmers never",euc_ctx,0.7,1,23,0.7337,0.3409,0.56792,0.56722,0.08681
166,"Over time, Farmers never",euc_ctx,0.9,1,29,0.91813,0.43447,0.79784,0.79181,0.085
166,"Over time, Farmers never",euc_ctx,0.99,1,39,0.99097,0.6004,1.3981,1.37935,0.07546
166,"Over time, Farmers never",cau_ctx,0.3,1,30,0.31617,0.34719,0.34083,0.34515,0.07472
166,"Over time, Farmers never",cau_ctx,0.5,1,37,0.52126,0.344,0.49508,0.49827,0.07458
166,"Over time, Farmers never",cau_ctx,0.7,1,44,0.71753,0.36898,0.669,0.67,0.08415
166,"Over time, Farmers never",cau_ctx,0.9,1,55,0.90352,0.4429,1.02099,1.01638,0.0823
166,"Over time, Farmers never",cau_ctx,0.99,1,76,0.99008,0.54544,2.05681,2.03593,0.09035
166,"Over time, Farmers never",dua_ctx,0.3,1,25,0.30738,0.43785,0.18301,0.18517,0.02967
166,"Over time, Farmers never",dua_ctx,0.5,1,34,0.51679,0.43185,0.3344,0.33429,0.03559
166,"Over time, Farmers never",dua_ctx,0.7,1,43,0.72013,0.43959,0.53562,0.53159,0.03891
166,"Over time, Farmers never",dua_ctx,0.9,1,55,0.90772,0.47416,0.90067,0.88871,0.06551
166,"Over time, Farmers never",dua_ctx,0.99,1,72,0.99058,0.55487,1.68141,1.65291,0.08411
166,"Over time, Farmers never",euc_unemb,0.3,1,7,0.33128,0.32485,0.30732,0.30981,0.07346
166,"Over time, Farmers never",euc_unemb,0.5,1,9,0.60064,0.32277,0.49916,0.49951,0.1751
166,"Over time, Farmers never",euc_unemb,0.7,1,10,0.72461,0.33712,0.61667,0.61526,0.19118
166,"Over time, Farmers never",euc_unemb,0.9,1,13,0.93456,0.40881,1.09484,1.08547,0.2093
166,"Over time, Farmers never",euc_unemb,0.99,1,17,0.99287,0.47491,2.00532,1.98103,0.23294
166,"Over time, Farmers never",cau_unemb,0.3,1,8,0.36234,0.32005,0.30542,0.3091,0.07588
166,"Over time, Farmers never",cau_unemb,0.5,1,10,0.60638,0.32237,0.45728,0.45936,0.08148
166,"Over time, Farmers never",cau_unemb,0.7,1,11,0.71766,0.33592,0.54813,0.54885,0.15389
166,"Over time, Farmers never",cau_unemb,0.9,1,14,0.91999,0.40045,0.91902,0.9135,0.1882
166,"Over time, Farmers never",cau_unemb,0.99,1,19,0.99312,0.4697,1.86795,1.84691,0.21811
166,"Over time, Farmers never",dua_unemb,0.3,1,8,0.3447,0.44549,0.15827,0.16022,0.05748
166,"Over time, Farmers never",dua_unemb,0.5,1,10,0.54878,0.45034,0.28327,0.28373,0.05927
166,"Over time, Farmers never",dua_unemb,0.7,1,12,0.73406,0.4663,0.45571,0.45358,0.06733
166,"Over time, Farmers never",dua_unemb,0.9,1,15,0.90785,0.50183,0.80194,0.79399,0.07403
166,"Over time, Farmers never",dua_unemb,0.99,1,21,0.99375,0.57305,1.7049,1.68061,0.07637
166,"Over time, Farmers never",euc_dmd,0.3,1,8,0.39202,0.25981,0.52504,0.52682,0.17954
166,"Over time, Farmers never",euc_dmd,0.5,1,9,0.52134,0.2526,0.63809,0.6388,0.2141
166,"Over time, Farmers never",euc_dmd,0.7,1,11,0.75824,0.26806,0.88332,0.88095,0.23963
166,"Over time, Farmers never",euc_dmd,0.9,1,13,0.9012,0.31389,1.17125,1.16458,0.23763
166,"Over time, Farmers never",euc_dmd,0.99,1,18,0.99264,0.45373,2.13816,2.11651,0.24285
166,"Over time, Farmers never",cau_dmd,0.3,1,9,0.32209,0.2781,0.47589,0.47935,0.08406
166,"Over time, Farmers never",cau_dmd,0.5,1,11,0.525,0.26677,0.63783,0.63996,0.18558
166,"Over time, Farmers never",cau_dmd,0.7,1,13,0.72099,0.28305,0.82181,0.82175,0.24236
166,"Over time, Farmers never",cau_dmd,0.9,1,16,0.90305,0.34693,1.1753,1.17036,0.23189
166,"Over time, Farmers never",cau_dmd,0.99,1,22,0.99196,0.49622,2.19142,2.17194,0.24392
166,"Over time, Farmers never",dua_dmd,0.3,1,9,0.3564,0.40292,0.25689,0.25931,0.06709
166,"Over time, Farmers never",dua_dmd,0.5,1,11,0.50132,0.39784,0.38971,0.39098,0.06901
166,"Over time, Farmers never",dua_dmd,0.7,1,15,0.73254,0.40636,0.72918,0.72638,0.07442
166,"Over time, Farmers never",dua_dmd,0.9,1,20,0.9047,0.43496,1.28313,1.2724,0.08097
166,"Over time, Farmers never",dua_dmd,0.99,1,28,0.99216,0.49552,2.39995,2.37118,0.20081
227,"Today, The workers generally",euc_ctx,0.3,1,17,0.3383,0.34284,0.36568,0.37141,0.04556
227,"Today, The workers generally",euc_ctx,0.5,1,20,0.50322,0.33486,0.47881,0.48393,0.04987
227,"Today, The workers generally",euc_ctx,0.7,1,24,0.71595,0.35437,0.6261,0.62951,0.05146
227,"Today, The workers generally",euc_ctx,0.9,1,30,0.90813,0.43269,0.86678,0.86581,0.04626
227,"Today, The workers generally",euc_ctx,0.99,1,41,0.99175,0.59412,1.51422,1.50117,0.04618
227,"Today, The workers generally",cau_ctx,0.3,1,30,0.30535,0.36343,0.46345,0.47113,0.05681
227,"Today, The workers generally",cau_ctx,0.5,1,37,0.51259,0.34616,0.67397,0.68089,0.05306
227,"Today, The workers generally",cau_ctx,0.7,1,44,0.71601,0.35673,0.91304,0.91801,0.15325
227,"Today, The workers generally",cau_ctx,0.9,1,55,0.90918,0.40779,1.37533,1.37497,0.17855
227,"Today, The workers generally",cau_ctx,0.99,1,74,0.99101,0.46881,2.49292,2.47828,0.15787
227,"Today, The workers generally",dua_ctx,0.3,1,29,0.31269,0.46551,0.26347,0.2677,0.04946
227,"Today, The workers generally",dua_ctx,0.5,1,39,0.51108,0.46191,0.48251,0.48412,0.06147
227,"Today, The workers generally",dua_ctx,0.7,1,49,0.7023,0.47008,0.7862,0.78319,0.047
227,"Today, The workers generally",dua_ctx,0.9,1,64,0.90729,0.50552,1.41259,1.3991,0.05145
227,"Today, The workers generally",dua_ctx,0.99,1,81,0.99116,0.56714,2.41995,2.38953,0.05311
227,"Today, The workers generally",euc_unemb,0.3,1,8,0.39417,0.34852,0.29757,0.30095,0.14051
227,"Today, The workers generally",euc_unemb,0.5,1,9,0.52358,0.34909,0.37786,0.38039,0.14171
227,"Today, The workers generally",euc_unemb,0.7,1,11,0.75937,0.37647,0.58348,0.58298,0.06077
227,"Today, The workers generally",euc_unemb,0.9,1,13,0.90133,0.42168,0.86646,0.86121,0.07506
227,"Today, The workers generally",euc_unemb,0.99,1,18,0.99261,0.4947,1.86875,1.84658,0.19568
227,"Today, The workers generally",cau_unemb,0.3,1,8,0.32226,0.33843,0.26227,0.26699,0.14529
227,"Today, The workers generally",cau_unemb,0.5,1,10,0.55056,0.33786,0.37955,0.38328,0.15232
227,"Today, The workers generally",cau_unemb,0.7,1,12,0.75917,0.36946,0.52059,0.52203,0.05651
227,"Today, The workers generally",cau_unemb,0.9,1,15,0.9285,0.4449,0.82747,0.82309,0.06368
227,"Today, The workers generally",cau_unemb,0.99,1,20,0.99274,0.52746,1.6103,1.59187,0.1503
227,"Today, The workers generally",dua_unemb,0.3,1,9,0.31977,0.4628,0.15295,0.15567,0.0353
227,"Today, The workers generally",dua_unemb,0.5,1,12,0.54604,0.46801,0.30499,0.3054,0.04008
227,"Today, The workers generally",dua_unemb,0.7,1,15,0.73305,0.48644,0.51565,0.51198,0.04659
227,"Today, The workers generally",dua_unemb,0.9,1,20,0.91589,0.5294,0.98888,0.97522,0.05434
227,"Today, The workers generally",dua_unemb,0.99,1,27,0.99208,0.58493,1.89103,1.85817,0.05612
227,"Today, The workers generally",euc_dmd,0.3,1,7,0.31438,0.31401,0.35747,0.36261,0.12977
227,"Today, The workers generally",euc_dmd,0.5,1,9,0.56843,0.30335,0.52974,0.53356,0.03523
227,"Today, The workers generally",euc_dmd,0.7,1,11,0.78945,0.33158,0.72484,0.72585,0.05306
227,"Today, The workers generally",euc_dmd,0.9,1,13,0.91366,0.38246,0.97549,0.97232,0.08163
227,"Today, The workers generally",euc_dmd,0.99,1,18,0.99276,0.49525,1.861,1.84327,0.09406
227,"Today, The workers generally",cau_dmd,0.3,1,8,0.32274,0.3065,0.42749,0.43381,0.13578
227,"Today, The workers generally",cau_dmd,0.5,1,10,0.5354,0.29884,0.56429,0.56972,0.14291
227,"Today, The workers generally",cau_dmd,0.7,1,12,0.732,0.31909,0.7135,0.71696,0.06748
227,"Today, The workers generally",cau_dmd,0.9,1,15,0.90632,0.37971,1.02347,1.02209,0.07314
227,"Today, The workers generally",cau_dmd,0.99,1,21,0.99125,0.47994,1.96471,1.94884,0.15129
227,"Today, The workers generally",dua_dmd,0.3,1,8,0.38708,0.42646,0.21821,0.2219,0.01969
227,"Today, The workers generally",dua_dmd,0.5,1,10,0.59548,0.42215,0.36493,0.36757,0.02245
227,"Today, The workers generally",dua_dmd,0.7,1,12,0.75521,0.42995,0.53843,0.53921,0.03858
227,"Today, The workers generally",dua_dmd,0.9,1,16,0.91116,0.46281,0.94404,0.93938,0.04597
227,"Today, The workers generally",dua_dmd,0.99,1,25,0.99175,0.54132,2.11786,2.09563,0.06896
190,"Lately, Parents never",euc_ctx,0.3,1,14,0.30394,0.37801,0.266,0.26957,0.13852
190,"Lately, Parents never",euc_ctx,0.5,1,18,0.52199,0.36842,0.39828,0.40079,0.17457
190,"Lately, Parents never",euc_ctx,0.7,1,22,0.72984,0.39537,0.52855,0.52889,0.17189
190,"Lately, Parents never",euc_ctx,0.9,1,28,0.91112,0.48093,0.75444,0.74959,0.15648
190,"Lately, Parents never",euc_ctx,0.99,1,39,0.99076,0.62806,1.40125,1.38255,0.16171
190,"Lately, Parents never",cau_ctx,0.3,1,28,0.31685,0.3684,0.39157,0.39553,0.17055
190,"Lately, Parents never",cau_ctx,0.5,1,35,0.51053,0.35506,0.56484,0.56756,0.16247
190,"Lately, Parents never",cau_ctx,0.7,1,43,0.72147,0.37449,0.76996,0.77008,0.17487
190,"Lately, Parents never",cau_ctx,0.9,1,55,0.90707,0.44899,1.13572,1.12974,0.18454
190,"Lately, Parents never",cau_ctx,0.99,1,77,0.99007,0.57013,2.15377,2.13119,0.17058
190,"Lately, Parents never",dua_ctx,0.3,1,25,0.31638,0.49131,0.19999,0.20223,0.03403
190,"Lately, Parents never",dua_ctx,0.5,1,34,0.50456,0.48429,0.38053,0.37995,0.03783
190,"Lately, Parents never",dua_ctx,0.7,1,44,0.70931,0.48624,0.66183,0.65596,0.05732
190,"Lately, Parents never",dua_ctx,0.9,1,57,0.90678,0.50884,1.15095,1.13497,0.05643
190,"Lately, Parents never",dua_ctx,0.99,1,74,0.99136,0.56794,2.01132,1.97668,0.06084
190,"Lately, Parents never",euc_unemb,0.3,1,6,0.30678,0.42008,0.16821,0.17092,0.04031
190,"Lately, Parents never",euc_unemb,0.5,1,8,0.57384,0.42903,0.29729,0.29832,0.11981
190,"Lately, Parents never",euc_unemb,0.7,1,9,0.70197,0.45156,0.38442,0.38386,0.13865
190,"Lately, Parents never",euc_unemb,0.9,1,12,0.92713,0.55143,0.77667,0.76838,0.15319
190,"Lately, Parents never",euc_unemb,0.99,1,16,0.9919,0.64131,1.56254,1.53939,0.17322
190,"Lately, Parents never",cau_unemb,0.3,1,7,0.36406,0.3845,0.19964,0.2038,0.06741
190,"Lately, Parents never",cau_unemb,0.5,1,9,0.61382,0.39527,0.30594,0.30884,0.06343
190,"Lately, Parents never",cau_unemb,0.7,1,10,0.72611,0.41582,0.37144,0.37311,0.103
190,"Lately, Parents never",cau_unemb,0.9,1,13,0.92494,0.50466,0.6594,0.65512,0.13886
190,"Lately, Parents never",cau_unemb,0.99,1,18,0.99374,0.5993,1.45054,1.43116,0.15589
190,"Lately, Parents never",dua_unemb,0.3,1,7,0.3299,0.51304,0.10518,0.10729,0.01757
190,"Lately, Parents never",dua_unemb,0.5,1,9,0.52265,0.5222,0.19584,0.19654,0.0293
190,"Lately, Parents never",dua_unemb,0.7,1,12,0.76148,0.55285,0.39664,0.39327,0.03657
190,"Lately, Parents never",dua_unemb,0.9,1,16,0.92745,0.6046,0.77932,0.76764,0.05482
190,"Lately, Parents never",dua_unemb,0.99,1,22,0.99352,0.67278,1.56369,1.53517,0.06741
190,"Lately, Parents never",euc_dmd,0.3,1,6,0.32596,0.34776,0.27378,0.2772,0.15797
190,"Lately, Parents never",euc_dmd,0.5,1,8,0.59913,0.34514,0.42414,0.42604,0.156
190,"Lately, Parents never",euc_dmd,0.7,1,9,0.72416,0.36499,0.50147,0.50201,0.17426
190,"Lately, Parents never",euc_dmd,0.9,1,12,0.93388,0.47943,0.79598,0.7902,0.17451
190,"Lately, Parents never",euc_dmd,0.99,1,16,0.99234,0.63502,1.41747,1.3993,0.16554
190,"Lately, Parents never",cau_dmd,0.3,1,7,0.34518,0.32055,0.32259,0.3274,0.17479
190,"Lately, Parents never",cau_dmd,0.5,1,9,0.5795,0.31806,0.43345,0.43739,0.18415
190,"Lately, Parents never",cau_dmd,0.7,1,11,0.7803,0.35705,0.53338,0.5354,0.17708
190,"Lately, Parents never",cau_dmd,0.9,1,13,0.90018,0.42583,0.65888,0.65795,0.17168
190,"Lately, Parents never",cau_dmd,0.99,1,19,0.99268,0.64586,1.34682,1.33218,0.17267
190,"Lately, Parents never",dua_dmd,0.3,1,7,0.39601,0.46795,0.15058,0.15342,0.03972
190,"Lately, Parents never",dua_dmd,0.5,1,8,0.50833,0.46505,0.2003,0.20275,0.04546
190,"Lately, Parents never",dua_dmd,0.7,1,10,0.70683,0.46955,0.31422,0.31526,0.04312
190,"Lately, Parents never",dua_dmd,0.9,1,14,0.9198,0.50484,0.59487,0.59096,0.04721
190,"Lately, Parents never",dua_dmd,0.99,1,20,0.99033,0.57623,1.14822,1.13309,0.05176
294,"In this case, The engineers generally",euc_ctx,0.3,1,16,0.32226,0.3292,0.32903,0.33356,0.10539
294,"In this case, The engineers generally",euc_ctx,0.5,1,20,0.53693,0.32165,0.4721,0.47575,0.10675
294,"In this case, The engineers generally",euc_ctx,0.7,1,24,0.73837,0.34749,0.61088,0.61274,0.12076
294,"In this case, The engineers generally",euc_ctx,0.9,1,30,0.91427,0.43351,0.83961,0.8372,0.05934
294,"In this case, The engineers generally",euc_ctx,0.99,1,41,0.99169,0.61162,1.46227,1.44827,0.05447
294,"In this case, The engineers generally",cau_ctx,0.3,1,29,0.30065,0.35346,0.38151,0.38771,0.10703
294,"In this case, The engineers generally",cau_ctx,0.5,1,37,0.52729,0.33913,0.5991,0.60441,0.06915
294,"In this case, The engineers generally",cau_ctx,0.7,1,44,0.71917,0.35113,0.82359,0.82695,0.12955
294,"In this case, The engineers generally",cau_ctx,0.9,1,55,0.90372,0.39154,1.27008,1.26817,0.13173
294,"In this case, The engineers generally",cau_ctx,0.99,1,76,0.99092,0.40239,2.5084,2.49063,0.13331
294,"In this case, The engineers generally",dua_ctx,0.3,1,28,0.31184,0.4603,0.24009,0.24437,0.02272
294,"In this case, The engineers generally",dua_ctx,0.5,1,38,0.5087,0.45769,0.45476,0.45704,0.02587
294,"In this case, The engineers generally",dua_ctx,0.7,1,48,0.70545,0.46451,0.75732,0.75565,0.02845
294,"In this case, The engineers generally",dua_ctx,0.9,1,61,0.90079,0.49204,1.2975,1.28771,0.02934
294,"In this case, The engineers generally",dua_ctx,0.99,1,77,0.99008,0.55441,2.20792,2.18352,0.02849
294,"In this case, The engineers generally",euc_unemb,0.3,1,7,0.3394,0.34121,0.23325,0.23631,0.03022
294,"In this case, The engineers generally",euc_unemb,0.5,1,9,0.59718,0.34752,0.37592,0.37738,0.05263
294,"In this case, The engineers generally",euc_unemb,0.7,1,10,0.71622,0.3657,0.46472,0.46474,0.05405
294,"In this case, The engineers generally",euc_unemb,0.9,1,13,0.92618,0.44877,0.84181,0.83507,0.07588
294,"In this case, The engineers generally",euc_unemb,0.99,1,17,0.99082,0.52583,1.60265,1.58278,0.13991
294,"In this case, The engineers generally",cau_unemb,0.3,1,8,0.38214,0.32893,0.26092,0.26496,0.06105
294,"In this case, The engineers generally",cau_unemb,0.5,1,10,0.61684,0.34075,0.37377,0.37657,0.06279
294,"In this case, The engineers generally",cau_unemb,0.7,1,11,0.72189,0.35977,0.43788,0.43958,0.05258
294,"In this case, The engineers generally",cau_unemb,0.9,1,14,0.91558,0.44618,0.70056,0.69713,0.06563
294,"In this case, The engineers generally",cau_unemb,0.99,1,19,0.99146,0.5612,1.42752,1.41093,0.06752
294,"In this case, The engineers generally",dua_unemb,0.3,1,8,0.30753,0.45219,0.11626,0.11914,0.00882
294,"In this case, The engineers generally",dua_unemb,0.5,1,11,0.55304,0.45826,0.25601,0.25714,0.01337
294,"In this case, The engineers generally",dua_unemb,0.7,1,14,0.759,0.47696,0.46639,0.4639,0.02009
294,"In this case, The engineers generally",dua_unemb,0.9,1,18,0.92046,0.51229,0.85662,0.8468,0.03535
294,"In this case, The engineers generally",dua_unemb,0.99,1,24,0.99168,0.568,1.64083,1.61586,0.05058
294,"In this case, The engineers generally",euc_dmd,0.3,1,7,0.36388,0.27974,0.36681,0.37074,0.14293
294,"In this case, The engineers generally",euc_dmd,0.5,1,9,0.62366,0.27721,0.53046,0.53287,0.14849
294,"In this case, The engineers generally",euc_dmd,0.7,1,10,0.73776,0.29169,0.61343,0.6146,0.14788
294,"In this case, The engineers generally",euc_dmd,0.9,1,13,0.9315,0.3751,0.91615,0.91175,0.1303
294,"In this case, The engineers generally",euc_dmd,0.99,1,17,0.99079,0.49139,1.52308,1.50789,0.13269
294,"In this case, The engineers generally",cau_dmd,0.3,1,8,0.3688,0.26854,0.4153,0.42047,0.14931
294,"In this case, The engineers generally",cau_dmd,0.5,1,10,0.58882,0.26605,0.54525,0.54945,0.14986
294,"In this case, The engineers generally",cau_dmd,0.7,1,12,0.77496,0.29319,0.67406,0.67638,0.14823
294,"In this case, The engineers generally",cau_dmd,0.9,1,15,0.92546,0.3679,0.92223,0.92009,0.13342
294,"In this case, The engineers generally",cau_dmd,0.99,1,21,0.99317,0.50545,1.72868,1.7131,0.14493
294,"In this case, The engineers generally",dua_dmd,0.3,1,7,0.31741,0.41125,0.15225,0.15598,0.01862
294,"In this case, The engineers generally",dua_dmd,0.5,1,9,0.53141,0.40179,0.27289,0.2761,0.02408
294,"In this case, The engineers generally",dua_dmd,0.7,1,11,0.71504,0.4048,0.42276,0.42462,0.02782
294,"In this case, The engineers generally",dua_dmd,0.9,1,15,0.91065,0.4312,0.78628,0.78348,0.03546
294,"In this case, The engineers generally",dua_dmd,0.99,1,22,0.99115,0.49382,1.58457,1.56942,0.03563
32,"Honestly, Students often",euc_ctx,0.3,1,17,0.30138,0.52306,0.23089,0.23796,0.04509
32,"Honestly, Students often",euc_ctx,0.5,1,21,0.53459,0.53423,0.406,0.41185,0.06703
32,"Honestly, Students often",euc_ctx,0.7,1,24,0.70497,0.55656,0.58177,0.58545,0.08687
32,"Honestly, Students often",euc_ctx,0.9,1,30,0.91136,0.6154,1.04251,1.0391,0.0935
32,"Honestly, Students often",euc_ctx,0.99,1,40,0.99136,0.68224,2.01703,1.99771,0.09241
32,"Honestly, Students often",cau_ctx,0.3,1,35,0.31763,0.6087,0.45416,0.46209,0.07724
32,"Honestly, Students often",cau_ctx,0.5,1,42,0.5194,0.60193,0.72088,0.72716,0.09767
32,"Honestly, Students often",cau_ctx,0.7,1,49,0.7146,0.5978,1.06932,1.0722,0.10809
32,"Honestly, Students often",cau_ctx,0.9,1,60,0.90349,0.59075,1.75612,1.75084,0.10547
32,"Honestly, Students often",cau_ctx,0.99,1,80,0.99048,0.53968,3.28616,3.26131,0.15014
32,"Honestly, Students often",dua_ctx,0.3,1,30,0.30436,0.54833,0.29459,0.29945,0.04455
32,"Honestly, Students often",dua_ctx,0.5,1,42,0.51315,0.54202,0.64356,0.64357,0.03145
32,"Honestly, Students often",dua_ctx,0.7,1,53,0.70604,0.53753,1.10892,1.10135,0.05186
32,"Honestly, Students often",dua_ctx,0.9,1,68,0.90783,0.54635,1.97135,1.94887,0.06301
32,"Honestly, Students often",dua_ctx,0.99,1,84,0.9913,0.57464,3.26419,3.21962,0.07211
32,"Honestly, Students often",euc_unemb,0.3,1,7,0.31048,0.466,0.16707,0.17256,0.0506
32,"Honestly, Students often",euc_unemb,0.5,1,9,0.60258,0.49146,0.33708,0.3407,0.06448
32,"Honestly, Students often",euc_unemb,0.7,1,10,0.73564,0.51603,0.46926,0.47084,0.07662
32,"Honestly, Students often",euc_unemb,0.9,1,12,0.90357,0.56555,0.83684,0.83233,0.14127
32,"Honestly, Students often",euc_unemb,0.99,1,16,0.99064,0.60756,1.81925,1.79816,0.15069
32,"Honestly, Students often",cau_unemb,0.3,1,8,0.36112,0.43804,0.21073,0.21809,0.05716
32,"Honestly, Students often",cau_unemb,0.5,1,10,0.63173,0.46448,0.36407,0.37,0.07279
32,"Honestly, Students often",cau_unemb,0.7,1,11,0.74903,0.48914,0.47277,0.47711,0.12585
32,"Honestly, Students often",cau_unemb,0.9,1,13,0.90008,0.54191,0.76539,0.76497,0.14198
32,"Honestly, Students often",cau_unemb,0.99,1,18,0.99288,0.60321,1.79662,1.77912,0.14765
32,"Honestly, Students often",dua_unemb,0.3,1,8,0.31828,0.51857,0.12335,0.12691,0.04309
32,"Honestly, Students often",dua_unemb,0.5,1,10,0.50894,0.52756,0.2219,0.22415,0.05704
32,"Honestly, Students often",dua_unemb,0.7,1,13,0.75702,0.55225,0.44883,0.44709,0.07656
32,"Honestly, Students often",dua_unemb,0.9,1,16,0.90538,0.58142,0.79342,0.78527,0.09182
32,"Honestly, Students often",dua_unemb,0.99,1,22,0.99275,0.62233,1.86561,1.83799,0.10544
32,"Honestly, Students often",euc_dmd,0.3,1,7,0.32682,0.43792,0.24935,0.2577,0.07617
32,"Honestly, Students often",euc_dmd,0.5,1,9,0.62189,0.46229,0.44369,0.45077,0.08615
32,"Honestly, Students often",euc_dmd,0.7,1,10,0.75114,0.48955,0.57618,0.5816,0.13113
32,"Honestly, Students often",euc_dmd,0.9,1,12,0.90985,0.55037,0.92779,0.92799,0.1674
32,"Honestly, Students often",euc_dmd,0.99,1,16,0.99091,0.61994,1.8859,1.8714,0.181
32,"Honestly, Students often",cau_dmd,0.3,1,8,0.33364,0.4104,0.34734,0.35791,0.08743
32,"Honestly, Students often",cau_dmd,0.5,1,10,0.58816,0.42707,0.51803,0.52811,0.08521
32,"Honestly, Students often",cau_dmd,0.7,1,11,0.70563,0.44927,0.62208,0.63118,0.08729
32,"Honestly, Students often",cau_dmd,0.9,1,14,0.91703,0.53687,1.05613,1.05966,0.16925
32,"Honestly, Students often",cau_dmd,0.99,1,19,0.99234,0.62829,2.11212,2.1011,0.18391
32,"Honestly, Students often",dua_dmd,0.3,1,8,0.38943,0.49762,0.20242,0.20918,0.06189
32,"Honestly, Students often",dua_dmd,0.5,1,9,0.5026,0.49858,0.27341,0.28012,0.06857
32,"Honestly, Students often",dua_dmd,0.7,1,11,0.7015,0.5081,0.44322,0.44912,0.0777
32,"Honestly, Students often",dua_dmd,0.9,1,15,0.92019,0.54514,0.89953,0.90109,0.09462
32,"Honestly, Students often",dua_dmd,0.99,1,21,0.99326,0.60502,1.9111,1.89963,0.10804
140,"Over time, The engineers just",euc_ctx,0.3,1,21,0.31518,0.07704,0.4367,0.4342,0.15709
140,"Over time, The engineers just",euc_ctx,0.5,1,25,0.51792,0.07256,0.52359,0.51976,0.15864
140,"Over time, The engineers just",euc_ctx,0.7,1,29,0.71379,0.07997,0.57836,0.57303,0.15582
140,"Over time, The engineers just",euc_ctx,0.9,1,36,0.91462,0.12351,0.62349,0.61502,0.14574
140,"Over time, The engineers just",euc_ctx,0.99,1,47,0.99012,0.28033,0.7571,0.74189,0.12216
140,"Over time, The engineers just",cau_ctx,0.3,1,41,0.30286,0.10854,0.55936,0.55998,0.14324
140,"Over time, The engineers just",cau_ctx,0.5,1,50,0.5237,0.10505,0.74311,0.74213,0.1504
140,"Over time, The engineers just",cau_ctx,0.7,1,58,0.71262,0.11363,0.9239,0.92072,0.12713
140,"Over time, The engineers just",cau_ctx,0.9,1,71,0.90111,0.13661,1.35831,1.34929,0.12091
140,"Over time, The engineers just",cau_ctx,0.99,1,96,0.9907,0.12372,2.95613,2.9272,0.10183
140,"Over time, The engineers just",dua_ctx,0.3,1,29,0.30085,0.19034,0.1647,0.16423,0.12386
140,"Over time, The engineers just",dua_ctx,0.5,1,36,0.50373,0.18572,0.23223,0.22999,0.12766
140,"Over time, The engineers just",dua_ctx,0.7,1,43,0.70265,0.19298,0.30574,0.30099,0.12934
140,"Over time, The engineers just",dua_ctx,0.9,1,54,0.9082,0.22611,0.45441,0.44411,0.13227
140,"Over time, The engineers just",dua_ctx,0.99,1,70,0.99067,0.30514,0.79474,0.77308,0.11228
140,"Over time, The engineers just",euc_unemb,0.3,1,9,0.34314,0.10112,0.33796,0.33457,0.15489
140,"Over time, The engineers just",euc_unemb,0.5,1,11,0.59462,0.10571,0.41578,0.4105,0.15586
140,"Over time, The engineers just",euc_unemb,0.7,1,12,0.71075,0.11721,0.45118,0.44479,0.15573
140,"Over time, The engineers just",euc_unemb,0.9,1,15,0.92019,0.19378,0.58156,0.57088,0.13266
140,"Over time, The engineers just",euc_unemb,0.99,1,20,0.99338,0.42283,1.10046,1.07825,0.07829
140,"Over time, The engineers just",cau_unemb,0.3,1,10,0.35425,0.10245,0.31954,0.31877,0.15122
140,"Over time, The engineers just",cau_unemb,0.5,1,12,0.58036,0.10771,0.37328,0.3714,0.15501
140,"Over time, The engineers just",cau_unemb,0.7,1,14,0.77622,0.13395,0.41626,0.41288,0.15553
140,"Over time, The engineers just",cau_unemb,0.9,1,17,0.93167,0.21807,0.51038,0.50375,0.06828
140,"Over time, The engineers just",cau_unemb,0.99,1,22,0.99234,0.43525,0.95044,0.9346,0.07454
140,"Over time, The engineers just",dua_unemb,0.3,1,10,0.32862,0.23392,0.08803,0.08792,0.08862
140,"Over time, The engineers just",dua_unemb,0.5,1,12,0.51392,0.24094,0.13281,0.13146,0.03351
140,"Over time, The engineers just",dua_unemb,0.7,1,15,0.74869,0.2673,0.22644,0.22212,0.03661
140,"Over time, The engineers just",dua_unemb,0.9,1,19,0.91582,0.31881,0.40417,0.39423,0.02521
140,"Over time, The engineers just",dua_unemb,0.99,1,26,0.99176,0.41998,0.85411,0.83108,0.04198
140,"Over time, The engineers just",euc_dmd,0.3,1,9,0.37114,0.0638,0.56124,0.55679,0.16336
140,"Over time, The engineers just",euc_dmd,0.5,1,11,0.62199,0.06262,0.68266,0.67602,0.16118
140,"Over time, The engineers just",euc_dmd,0.7,1,12,0.73205,0.0676,0.7313,0.72344,0.15953
140,"Over time, The engineers just",euc_dmd,0.9,1,15,0.92434,0.1054,0.85746,0.84548,0.14744
140,"Over time, The engineers just",euc_dmd,0.99,1,20,0.99278,0.25016,1.16853,1.14752,0.08264
140,"Over time, The engineers just",cau_dmd,0.3,1,10,0.33647,0.06878,0.55798,0.55646,0.1653
140,"Over time, The engineers just",cau_dmd,0.5,1,12,0.54526,0.06657,0.65443,0.65161,0.16464
140,"Over time, The engineers just",cau_dmd,0.7,1,14,0.7355,0.07606,0.72185,0.71753,0.1624
140,"Over time, The engineers just",cau_dmd,0.9,1,17,0.90479,0.11367,0.80601,0.79897,0.15325
140,"Over time, The engineers just",cau_dmd,0.99,1,23,0.99022,0.28198,1.11876,1.10388,0.07804
140,"Over time, The engineers just",dua_dmd,0.3,1,9,0.31884,0.19557,0.13984,0.14026,0.12716
140,"Over time, The engineers just",dua_dmd,0.5,1,11,0.53723,0.19179,0.21359,0.2129,0.13331
140,"Over time, The engineers just",dua_dmd,0.7,1,13,0.72876,0.19888,0.30089,0.29848,0.13552
140,"Over time, The engineers just",dua_dmd,0.9,1,17,0.92424,0.23278,0.50339,0.49623,0.06089
140,"Over time, The engineers just",dua_dmd,0.99,1,24,0.992,0.31242,0.93166,0.91355,0.05574
98,"At work, Farmers always",euc_ctx,0.3,1,17,0.34125,0.56918,0.26621,0.27123,0.02979
98,"At work, Farmers always",euc_ctx,0.5,1,20,0.50933,0.55387,0.34253,0.34642,0.03666
98,"At work, Farmers always",euc_ctx,0.7,1,24,0.72367,0.56816,0.42289,0.42406,0.17853
98,"At work, Farmers always",euc_ctx,0.9,1,30,0.91273,0.63898,0.52281,0.51768,0.17078
98,"At work, Farmers always",euc_ctx,0.99,1,40,0.99045,0.75649,0.7801,0.76101,0.17019
98,"At work, Farmers always",cau_ctx,0.3,1,32,0.32124,0.57737,0.32414,0.32997,0.17062
98,"At work, Farmers always",cau_ctx,0.5,1,39,0.52578,0.54592,0.46082,0.465,0.17276
98,"At work, Farmers always",cau_ctx,0.7,1,46,0.72281,0.53663,0.60932,0.61034,0.20089
98,"At work, Farmers always",cau_ctx,0.9,1,57,0.90984,0.54139,0.90515,0.89855,0.15946
98,"At work, Farmers always",cau_ctx,0.99,1,76,0.99081,0.51088,1.66432,1.63967,0.20645
98,"At work, Farmers always",dua_ctx,0.3,1,30,0.30553,0.6892,0.18461,0.18745,0.01474
98,"At work, Farmers always",dua_ctx,0.5,1,41,0.50816,0.66817,0.34134,0.33947,0.01505
98,"At work, Farmers always",dua_ctx,0.7,1,52,0.70834,0.65498,0.55807,0.5486,0.02542
98,"At work, Farmers always",dua_ctx,0.9,1,66,0.90816,0.65656,0.91605,0.89306,0.02778
98,"At work, Farmers always",dua_ctx,0.99,1,81,0.99154,0.68528,1.40752,1.36493,0.02947
98,"At work, Farmers always",euc_unemb,0.3,1,7,0.30004,0.63709,0.16578,0.16974,0.01908
98,"At work, Farmers always",euc_unemb,0.5,1,9,0.55853,0.63189,0.28932,0.29116,0.1702
98,"At work, Farmers always",euc_unemb,0.7,1,11,0.7893,0.66076,0.47216,0.46958,0.17137
98,"At work, Farmers always",euc_unemb,0.9,1,13,0.91751,0.69849,0.71081,0.70187,0.23195
98,"At work, Farmers always",euc_unemb,0.99,1,18,0.99417,0.73814,1.43036,1.4014,0.21814
98,"At work, Farmers always",cau_unemb,0.3,1,8,0.34172,0.62059,0.17326,0.17932,0.02604
98,"At work, Farmers always",cau_unemb,0.5,1,10,0.58194,0.62329,0.26343,0.26794,0.02866
98,"At work, Farmers always",cau_unemb,0.7,1,12,0.78849,0.65604,0.38715,0.38824,0.03305
98,"At work, Farmers always",cau_unemb,0.9,1,14,0.90882,0.69666,0.55282,0.54892,0.0398
98,"At work, Farmers always",cau_unemb,0.99,1,19,0.99139,0.7474,1.09663,1.07653,0.16535
98,"At work, Farmers always",dua_unemb,0.3,1,9,0.33988,0.7168,0.1131,0.11589,0.01229
98,"At work, Farmers always",dua_unemb,0.5,1,12,0.56115,0.72141,0.23035,0.22997,0.02164
98,"At work, Farmers always",dua_unemb,0.7,1,15,0.73863,0.7346,0.39854,0.39255,0.02553
98,"At work, Farmers always",dua_unemb,0.9,1,20,0.91314,0.75864,0.7695,0.74998,0.1696
98,"At work, Farmers always",dua_unemb,0.99,1,27,0.99318,0.77737,1.44172,1.39729,0.1811
98,"At work, Farmers always",euc_dmd,0.3,1,7,0.33476,0.54547,0.30529,0.31042,0.20177
98,"At work, Farmers always",euc_dmd,0.5,1,9,0.60126,0.53089,0.43862,0.4416,0.20818
98,"At work, Farmers always",euc_dmd,0.7,1,10,0.72223,0.54427,0.50399,0.50516,0.1799
98,"At work, Farmers always",euc_dmd,0.9,1,13,0.92921,0.62924,0.73931,0.73269,0.17718
98,"At work, Farmers always",euc_dmd,0.99,1,17,0.99097,0.73208,1.17997,1.15964,0.21432
98,"At work, Farmers always",cau_dmd,0.3,1,8,0.34163,0.52796,0.34721,0.35445,0.20674
98,"At work, Farmers always",cau_dmd,0.5,1,10,0.56882,0.51761,0.42909,0.43502,0.15778
98,"At work, Farmers always",cau_dmd,0.7,1,12,0.76687,0.5484,0.50558,0.50882,0.03983
98,"At work, Farmers always",cau_dmd,0.9,1,15,0.92611,0.63392,0.67346,0.67057,0.06424
98,"At work, Farmers always",cau_dmd,0.99,1,20,0.99086,0.75453,1.12088,1.10443,0.0871
98,"At work, Farmers always",dua_dmd,0.3,1,8,0.38428,0.66741,0.15867,0.16261,0.02246
98,"At work, Farmers always",dua_dmd,0.5,1,10,0.57936,0.6563,0.25295,0.25567,0.02416
98,"At work, Farmers always",dua_dmd,0.7,1,12,0.73557,0.65594,0.35719,0.35774,0.02996
98,"At work, Farmers always",dua_dmd,0.9,1,16,0.9057,0.67434,0.58975,0.58375,0.03283
98,"At work, Farmers always",dua_dmd,0.99,1,23,0.9911,0.72396,1.10259,1.0796,0.03433
39,"At work, Students now",euc_ctx,0.3,1,16,0.31009,0.55028,0.18522,0.1912,0.03721
39,"At work, Students now",euc_ctx,0.5,1,20,0.5245,0.5429,0.26237,0.26755,0.04471
39,"At work, Students now",euc_ctx,0.7,1,24,0.73,0.5712,0.33578,0.33885,0.04246
39,"At work, Students now",euc_ctx,0.9,1,30,0.91185,0.65228,0.46578,0.4635,0.04378
39,"At work, Students now",euc_ctx,0.99,1,41,0.9917,0.77604,0.8406,0.82453,0.04287
39,"At work, Students now",cau_ctx,0.3,1,32,0.32428,0.52918,0.34312,0.35068,0.03324
39,"At work, Students now",cau_ctx,0.5,1,39,0.51671,0.47169,0.54463,0.55069,0.04071
39,"At work, Students now",cau_ctx,0.7,1,46,0.70436,0.42074,0.79771,0.80064,0.04516
39,"At work, Students now",cau_ctx,0.9,1,58,0.90409,0.34399,1.34006,1.33451,0.26353
39,"At work, Students now",cau_ctx,0.99,1,79,0.99065,0.22511,2.54252,2.51701,0.33935
39,"At work, Students now",dua_ctx,0.3,1,33,0.30493,0.66813,0.20929,0.21193,0.01442
39,"At work, Students now",dua_ctx,0.5,1,47,0.51048,0.67299,0.4288,0.425,0.01782
39,"At work, Students now",dua_ctx,0.7,1,62,0.70761,0.69334,0.76495,0.74976,0.03015
39,"At work, Students now",dua_ctx,0.9,1,82,0.90443,0.72387,1.38049,1.34425,0.03217
39,"At work, Students now",dua_ctx,0.99,1,100,0.9912,0.74543,2.12877,2.06886,0.04584
39,"At work, Students now",euc_unemb,0.3,1,8,0.35006,0.5587,0.18071,0.18439,0.04274
39,"At work, Students now",euc_unemb,0.5,1,10,0.58406,0.56115,0.27178,0.27364,0.04622
39,"At work, Students now",euc_unemb,0.7,1,12,0.78656,0.59375,0.39133,0.38967,0.04859
39,"At work, Students now",euc_unemb,0.9,1,14,0.90689,0.63491,0.55596,0.54926,0.05005
39,"At work, Students now",euc_unemb,0.99,1,19,0.99134,0.68084,1.15612,1.13275,0.05677
39,"At work, Students now",cau_unemb,0.3,1,8,0.32369,0.50833,0.20215,0.20728,0.04162
39,"At work, Students now",cau_unemb,0.5,1,10,0.54429,0.49881,0.27311,0.27716,0.0477
39,"At work, Students now",cau_unemb,0.7,1,12,0.74869,0.52618,0.33635,0.33803,0.04384
39,"At work, Students now",cau_unemb,0.9,1,15,0.92142,0.60203,0.46152,0.45743,0.04902
39,"At work, Students now",cau_unemb,0.99,1,20,0.99136,0.69152,0.82943,0.81201,0.0481
39,"At work, Students now",dua_unemb,0.3,1,11,0.33309,0.67893,0.14624,0.14795,0.03214
39,"At work, Students now",dua_unemb,0.5,1,15,0.52591,0.69893,0.30813,0.30422,0.03454
39,"At work, Students now",dua_unemb,0.7,1,21,0.72047,0.73524,0.65791,0.64043,0.0314
39,"At work, Students now",dua_unemb,0.9,1,30,0.90202,0.76679,1.3687,1.3244,0.04488
39,"At work, Students now",dua_unemb,0.99,1,39,0.9907,0.77106,2.29869,2.22246,0.04933
39,"At work, Students now",euc_dmd,0.3,1,7,0.38354,0.4866,0.2431,0.24984,0.0459
39,"At work, Students now",euc_dmd,0.5,1,8,0.5192,0.48306,0.28484,0.29111,0.04763
39,"At work, Students now",euc_dmd,0.7,1,10,0.76323,0.51796,0.36213,0.36607,0.05305
39,"At work, Students now",euc_dmd,0.9,1,12,0.90473,0.58551,0.46606,0.46603,0.05482
39,"At work, Students now",euc_dmd,0.99,1,17,0.99251,0.72138,0.91303,0.89864,0.05322
39,"At work, Students now",cau_dmd,0.3,1,7,0.33869,0.44178,0.30139,0.30965,0.04358
39,"At work, Students now",cau_dmd,0.5,1,9,0.58226,0.42908,0.37358,0.38119,0.05036
39,"At work, Students now",cau_dmd,0.7,1,11,0.78598,0.4607,0.43261,0.43814,0.05321
39,"At work, Students now",cau_dmd,0.9,1,13,0.90355,0.51427,0.51975,0.52197,0.0524
39,"At work, Students now",cau_dmd,0.99,1,19,0.9924,0.63016,1.00151,0.98922,0.05221
39,"At work, Students now",dua_dmd,0.3,1,8,0.30899,0.64461,0.11831,0.12329,0.03205
39,"At work, Students now",dua_dmd,0.5,1,11,0.5536,0.64114,0.24166,0.24533,0.04199
39,"At work, Students now",dua_dmd,0.7,1,13,0.70001,0.64999,0.34156,0.34318,0.04412
39,"At work, Students now",dua_dmd,0.9,1,18,0.92909,0.69511,0.63727,0.63045,0.05222
39,"At work, Students now",dua_dmd,0.99,1,23,0.99278,0.74548,1.01067,0.99212,0.05662
204,"In this case, Many people still",euc_ctx,0.3,1,20,0.32102,0.49387,0.30672,0.31493,0.17674
204,"In this case, Many people still",euc_ctx,0.5,1,24,0.54492,0.49431,0.43665,0.44382,0.17949
204,"In this case, Many people still",euc_ctx,0.7,1,27,0.70598,0.517,0.53955,0.54504,0.19853
204,"In this case, Many people still",euc_ctx,0.9,1,33,0.90588,0.5967,0.7812,0.78117,0.20774
204,"In this case, Many people still",euc_ctx,0.99,1,44,0.99181,0.72101,1.41152,1.39704,0.21575
204,"In this case, Many people still",cau_ctx,0.3,1,37,0.32572,0.54422,0.43423,0.44453,0.19663
204,"In this case, Many people still",cau_ctx,0.5,1,43,0.50958,0.52304,0.62256,0.63174,0.20697
204,"In this case, Many people still",cau_ctx,0.7,1,50,0.71822,0.51683,0.89171,0.89805,0.23012
204,"In this case, Many people still",cau_ctx,0.9,1,60,0.9026,0.52767,1.36632,1.36614,0.19548
204,"In this case, Many people still",cau_ctx,0.99,1,79,0.99111,0.52674,2.51941,2.50204,0.19399
204,"In this case, Many people still",dua_ctx,0.3,1,34,0.30142,0.59489,0.24351,0.24892,0.16049
204,"In this case, Many people still",dua_ctx,0.5,1,46,0.51415,0.59162,0.45805,0.45894,0.17084
204,"In this case, Many people still",dua_ctx,0.7,1,57,0.70079,0.59916,0.72587,0.72006,0.17532
204,"In this case, Many people still",dua_ctx,0.9,1,74,0.90447,0.63287,1.2631,1.2426,0.18115
204,"In this case, Many people still",dua_ctx,0.99,1,95,0.99133,0.69044,2.19634,2.15091,0.21548
204,"In this case, Many people still",euc_unemb,0.3,1,9,0.32807,0.45512,0.29387,0.29867,0.17217
204,"In this case, Many people still",euc_unemb,0.5,1,11,0.58183,0.44834,0.43586,0.43845,0.18218
204,"In this case, Many people still",euc_unemb,0.7,1,12,0.70145,0.45798,0.52095,0.52171,0.16165
204,"In this case, Many people still",euc_unemb,0.9,1,15,0.91885,0.50973,0.85845,0.85122,0.19597
204,"In this case, Many people still",euc_unemb,0.99,1,20,0.99363,0.55587,1.65733,1.63199,0.2079
204,"In this case, Many people still",cau_unemb,0.3,1,10,0.36436,0.42721,0.34756,0.35415,0.16319
204,"In this case, Many people still",cau_unemb,0.5,1,12,0.60043,0.42556,0.46586,0.47072,0.18846
204,"In this case, Many people still",cau_unemb,0.7,1,13,0.70846,0.43742,0.5284,0.53185,0.18867
204,"In this case, Many people still",cau_unemb,0.9,1,16,0.91091,0.50004,0.76334,0.76061,0.18456
204,"In this case, Many people still",cau_unemb,0.99,1,21,0.99098,0.58182,1.35719,1.34003,0.20491
204,"In this case, Many people still",dua_unemb,0.3,1,12,0.35805,0.58551,0.14231,0.14512,0.15919
204,"In this case, Many people still",dua_unemb,0.5,1,15,0.5489,0.59399,0.23259,0.23251,0.21225
204,"In this case, Many people still",dua_unemb,0.7,1,18,0.71364,0.60893,0.3605,0.35595,0.22831
204,"In this case, Many people still",dua_unemb,0.9,1,24,0.92182,0.64288,0.75547,0.73761,0.24046
204,"In this case, Many people still",dua_unemb,0.99,1,30,0.99066,0.66604,1.4023,1.36576,0.20793
204,"In this case, Many people still",euc_dmd,0.3,1,9,0.42561,0.38954,0.48963,0.49769,0.19131
204,"In this case, Many people still",euc_dmd,0.5,1,10,0.56361,0.38539,0.57965,0.58678,0.2521
204,"In this case, Many people still",euc_dmd,0.7,1,12,0.79516,0.41016,0.76976,0.77368,0.24754
204,"In this case, Many people still",euc_dmd,0.9,1,14,0.91991,0.45782,0.99615,0.99535,0.18341
204,"In this case, Many people still",euc_dmd,0.99,1,19,0.99379,0.5427,1.76608,1.74952,0.177
204,"In this case, Many people still",cau_dmd,0.3,1,9,0.32108,0.38049,0.53421,0.54509,0.17467
204,"In this case, Many people still",cau_dmd,0.5,1,11,0.55598,0.36449,0.70001,0.71001,0.18336
204,"In this case, Many people still",cau_dmd,0.7,1,13,0.76358,0.38677,0.86351,0.87131,0.25917
204,"In this case, Many people still",cau_dmd,0.9,1,16,0.92723,0.45773,1.15647,1.15894,0.24462
204,"In this case, Many people still",cau_dmd,0.99,1,21,0.99109,0.55346,1.83404,1.8241,0.17964
204,"In this case, Many people still",dua_dmd,0.3,1,10,0.38956,0.53987,0.2128,0.2196,0.21421
204,"In this case, Many people still",dua_dmd,0.5,1,12,0.57713,0.53539,0.3122,0.31833,0.22657
204,"In this case, Many people still",dua_dmd,0.7,1,14,0.73825,0.54055,0.42897,0.43362,0.22814
204,"In this case, Many people still",dua_dmd,0.9,1,18,0.92665,0.57004,0.73378,0.73324,0.23321
204,"In this case, Many people still",dua_dmd,0.99,1,24,0.9933,0.62599,1.42975,1.4167,0.24227
297,"At work, The workers really",euc_ctx,0.3,1,18,0.32082,0.19788,0.46531,0.46729,0.18667
297,"At work, The workers really",euc_ctx,0.5,1,22,0.52694,0.18786,0.60582,0.60665,0.19699
297,"At work, The workers really",euc_ctx,0.7,1,26,0.72314,0.20252,0.71848,0.71764,0.19867
297,"At work, The workers really",euc_ctx,0.9,1,32,0.90261,0.26506,0.87052,0.86624,0.15624
297,"At work, The workers really",euc_ctx,0.99,1,44,0.99107,0.45814,1.36276,1.34813,0.08073
297,"At work, The workers really",cau_ctx,0.3,1,31,0.3158,0.206,0.53486,0.53907,0.19049
297,"At work, The workers really",cau_ctx,0.5,1,38,0.52261,0.19411,0.70756,0.71082,0.19345
297,"At work, The workers really",cau_ctx,0.7,1,45,0.72042,0.20597,0.8747,0.87633,0.17278
297,"At work, The workers really",cau_ctx,0.9,1,56,0.90669,0.25991,1.17641,1.17403,0.15278
297,"At work, The workers really",cau_ctx,0.99,1,76,0.99021,0.36073,2.04305,2.02878,0.1135
297,"At work, The workers really",dua_ctx,0.3,1,28,0.30912,0.35144,0.22292,0.22501,0.06019
297,"At work, The workers really",dua_ctx,0.5,1,37,0.51226,0.33512,0.4046,0.40432,0.07505
297,"At work, The workers really",dua_ctx,0.7,1,46,0.71686,0.32778,0.65506,0.65082,0.07962
297,"At work, The workers really",dua_ctx,0.9,1,57,0.90258,0.33696,1.05462,1.04338,0.08823
297,"At work, The workers really",dua_ctx,0.99,1,73,0.99127,0.38204,1.79427,1.76909,0.0823
297,"At work, The workers really",euc_unemb,0.3,1,9,0.39578,0.2493,0.2875,0.2864,0.16184
297,"At work, The workers really",euc_unemb,0.5,1,10,0.51231,0.25652,0.32866,0.32665,0.17213
297,"At work, The workers really",euc_unemb,0.7,1,12,0.72966,0.29969,0.42701,0.42247,0.17267
297,"At work, The workers really",euc_unemb,0.9,1,15,0.9172,0.42121,0.68528,0.67484,0.178
297,"At work, The workers really",euc_unemb,0.99,1,20,0.99139,0.60847,1.52708,1.50141,0.1864
297,"At work, The workers really",cau_unemb,0.3,1,9,0.30864,0.25878,0.23807,0.23946,0.14082
297,"At work, The workers really",cau_unemb,0.5,1,11,0.50619,0.2691,0.29007,0.29043,0.1376
297,"At work, The workers really",cau_unemb,0.7,1,13,0.70006,0.30985,0.34769,0.3463,0.13524
297,"At work, The workers really",cau_unemb,0.9,1,17,0.92213,0.46019,0.60037,0.59278,0.16521
297,"At work, The workers really",cau_unemb,0.99,1,23,0.99238,0.64479,1.46071,1.43754,0.15706
297,"At work, The workers really",dua_unemb,0.3,1,10,0.35263,0.386,0.09788,0.09791,0.0592
297,"At work, The workers really",dua_unemb,0.5,1,13,0.56434,0.40388,0.18494,0.18241,0.0639
297,"At work, The workers really",dua_unemb,0.7,1,16,0.72628,0.43181,0.31457,0.30819,0.05326
297,"At work, The workers really",dua_unemb,0.9,1,23,0.91247,0.50552,0.7857,0.76655,0.12605
297,"At work, The workers really",dua_unemb,0.99,1,35,0.99083,0.6079,2.07311,2.02371,0.17665
297,"At work, The workers really",euc_dmd,0.3,1,9,0.40153,0.18609,0.52721,0.52599,0.19129
297,"At work, The workers really",euc_dmd,0.5,1,10,0.51362,0.18552,0.59407,0.59182,0.1922
297,"At work, The workers really",euc_dmd,0.7,1,12,0.7214,0.20564,0.72393,0.71913,0.1988
297,"At work, The workers really",euc_dmd,0.9,1,15,0.90683,0.28343,0.95747,0.94754,0.20031
297,"At work, The workers really",euc_dmd,0.99,1,21,0.99244,0.50795,1.75071,1.72586,0.1718
297,"At work, The workers really",cau_dmd,0.3,1,10,0.3812,0.18807,0.54193,0.54287,0.19243
297,"At work, The workers really",cau_dmd,0.5,1,12,0.56964,0.1905,0.64528,0.64474,0.19325
297,"At work, The workers really",cau_dmd,0.7,1,14,0.73714,0.21224,0.74942,0.74687,0.19376
297,"At work, The workers really",cau_dmd,0.9,1,18,0.92448,0.29909,1.04099,1.03267,0.16401
297,"At work, The workers really",cau_dmd,0.99,1,24,0.99084,0.43653,1.80846,1.78711,0.16218
297,"At work, The workers really",dua_dmd,0.3,1,9,0.37079,0.34838,0.16146,0.16275,0.06718
297,"At work, The workers really",dua_dmd,0.5,1,11,0.53673,0.35083,0.24985,0.24979,0.06977
297,"At work, The workers really",dua_dmd,0.7,1,14,0.71915,0.36687,0.41954,0.41637,0.08071
297,"At work, The workers really",dua_dmd,0.9,1,21,0.90664,0.42033,0.96406,0.95024,0.14499
297,"At work, The workers really",dua_dmd,0.99,1,34,0.99164,0.51321,2.35078,2.30961,0.18538
188,"Over time, Most doctors usually",euc_ctx,0.3,1,15,0.31518,0.36604,0.21106,0.21727,0.17268
188,"Over time, Most doctors usually",euc_ctx,0.5,1,19,0.53935,0.38524,0.40331,0.40874,0.18617
188,"Over time, Most doctors usually",euc_ctx,0.7,1,22,0.70193,0.41078,0.60963,0.61334,0.13742
188,"Over time, Most doctors usually",euc_ctx,0.9,1,28,0.90459,0.47018,1.1833,1.18089,0.24995
188,"Over time, Most doctors usually",euc_ctx,0.99,1,39,0.99168,0.53632,2.58111,2.56247,0.27071
188,"Over time, Most doctors usually",cau_ctx,0.3,1,30,0.31162,0.34723,0.2982,0.30472,0.17819
188,"Over time, Most doctors usually",cau_ctx,0.5,1,37,0.50673,0.3474,0.52383,0.5294,0.19234
188,"Over time, Most doctors usually",cau_ctx,0.7,1,44,0.70002,0.35129,0.85152,0.85453,0.24509
188,"Over time, Most doctors usually",cau_ctx,0.9,1,56,0.90526,0.3512,1.64536,1.64053,0.23849
188,"Over time, Most doctors usually",cau_ctx,0.99,1,76,0.99025,0.3125,3.3791,3.35576,0.28156
188,"Over time, Most doctors usually",dua_ctx,0.3,1,26,0.30554,0.36223,0.22102,0.22554,0.17487
188,"Over time, Most doctors usually",dua_ctx,0.5,1,37,0.51626,0.36242,0.46538,0.46648,0.18259
188,"Over time, Most doctors usually",dua_ctx,0.7,1,48,0.71441,0.36676,0.83155,0.82633,0.18661
188,"Over time, Most doctors usually",dua_ctx,0.9,1,63,0.90707,0.37837,1.59678,1.57871,0.18627
188,"Over time, Most doctors usually",dua_ctx,0.99,1,80,0.99125,0.39899,3.09882,3.05981,0.25682
188,"Over time, Most doctors usually",euc_unemb,0.3,1,6,0.32382,0.32416,0.15493,0.15897,0.02442
188,"Over time, Most doctors usually",euc_unemb,0.5,1,8,0.61165,0.35474,0.35914,0.3616,0.19092
188,"Over time, Most doctors usually",euc_unemb,0.7,1,9,0.74076,0.38188,0.5212,0.52187,0.19429
188,"Over time, Most doctors usually",euc_unemb,0.9,1,11,0.90392,0.43966,0.97458,0.96975,0.25061
188,"Over time, Most doctors usually",euc_unemb,0.99,1,15,0.99029,0.50324,2.20985,2.18934,0.28457
188,"Over time, Most doctors usually",cau_unemb,0.3,1,7,0.37536,0.31857,0.19689,0.20269,0.0255
188,"Over time, Most doctors usually",cau_unemb,0.5,1,8,0.50752,0.33009,0.2813,0.28677,0.02954
188,"Over time, Most doctors usually",cau_unemb,0.7,1,10,0.75161,0.37582,0.53397,0.53725,0.06519
188,"Over time, Most doctors usually",cau_unemb,0.9,1,13,0.93809,0.45935,1.14379,1.14013,0.2642
188,"Over time, Most doctors usually",cau_unemb,0.99,1,17,0.99227,0.52168,2.23582,2.21904,0.27907
188,"Over time, Most doctors usually",dua_unemb,0.3,1,7,0.34331,0.34948,0.1234,0.12702,0.1732
188,"Over time, Most doctors usually",dua_unemb,0.5,1,9,0.54292,0.35667,0.23159,0.23408,0.17925
188,"Over time, Most doctors usually",dua_unemb,0.7,1,11,0.71702,0.36981,0.38246,0.38266,0.18576
188,"Over time, Most doctors usually",dua_unemb,0.9,1,15,0.91879,0.39993,0.83819,0.83056,0.18242
188,"Over time, Most doctors usually",dua_unemb,0.99,1,21,0.99377,0.42747,2.03383,2.00752,0.26831
188,"Over time, Most doctors usually",euc_dmd,0.3,1,6,0.33053,0.31248,0.19831,0.20425,0.03252
188,"Over time, Most doctors usually",euc_dmd,0.5,1,8,0.61729,0.34345,0.40887,0.41384,0.03672
188,"Over time, Most doctors usually",euc_dmd,0.7,1,9,0.74404,0.37322,0.5623,0.56586,0.06723
188,"Over time, Most doctors usually",euc_dmd,0.9,1,11,0.90365,0.4432,0.98076,0.97973,0.25977
188,"Over time, Most doctors usually",euc_dmd,0.99,1,16,0.99409,0.55807,2.47474,2.45613,0.30039
188,"Over time, Most doctors usually",cau_dmd,0.3,1,7,0.33928,0.3005,0.24972,0.25742,0.03746
188,"Over time, Most doctors usually",cau_dmd,0.5,1,9,0.58205,0.32444,0.42514,0.43254,0.03683
188,"Over time, Most doctors usually",cau_dmd,0.7,1,11,0.78792,0.37655,0.68229,0.6877,0.16761
188,"Over time, Most doctors usually",cau_dmd,0.9,1,13,0.907,0.43998,1.04269,1.04452,0.27022
188,"Over time, Most doctors usually",cau_dmd,0.99,1,18,0.99027,0.55704,2.28105,2.26957,0.29568
188,"Over time, Most doctors usually",dua_dmd,0.3,1,7,0.38668,0.33188,0.16925,0.17473,0.18751
188,"Over time, Most doctors usually",dua_dmd,0.5,1,9,0.59645,0.33427,0.29482,0.30003,0.19034
188,"Over time, Most doctors usually",dua_dmd,0.7,1,11,0.75907,0.34407,0.44485,0.44894,0.19215
188,"Over time, Most doctors usually",dua_dmd,0.9,1,14,0.90005,0.36599,0.72332,0.72438,0.19317
188,"Over time, Most doctors usually",dua_dmd,0.99,1,21,0.99104,0.41962,1.7696,1.7578,0.25779
198,"Usually, You typically",euc_ctx,0.3,1,26,0.32844,0.26034,0.57057,0.57423,0.2219
198,"Usually, You typically",euc_ctx,0.5,1,30,0.53114,0.26051,0.7023,0.7046,0.2253
198,"Usually, You typically",euc_ctx,0.7,1,34,0.72348,0.28837,0.81808,0.8183,0.23118
198,"Usually, You typically",euc_ctx,0.9,1,40,0.90116,0.37149,0.98896,0.98459,0.15332
198,"Usually, You typically",euc_ctx,0.99,1,52,0.99071,0.55636,1.52039,1.50225,0.15199
198,"Usually, You typically",cau_ctx,0.3,1,49,0.30756,0.27893,0.88063,0.8868,0.17624
198,"Usually, You typically",cau_ctx,0.5,1,57,0.51438,0.23322,1.26113,1.26431,0.18879
198,"Usually, You typically",cau_ctx,0.7,1,65,0.7154,0.20283,1.6983,1.69695,0.19172
198,"Usually, You typically",cau_ctx,0.9,1,77,0.90097,0.17161,2.44534,2.43474,0.19778
198,"Usually, You typically",cau_ctx,0.99,1,100,0.99045,0.1173,4.13185,4.09845,0.20436
198,"Usually, You typically",dua_ctx,0.3,1,40,0.31116,0.46555,0.31835,0.32151,0.04428
198,"Usually, You typically",dua_ctx,0.5,1,50,0.50484,0.46354,0.49704,0.49603,0.05628
198,"Usually, You typically",dua_ctx,0.7,1,61,0.71138,0.47438,0.74799,0.74012,0.06663
198,"Usually, You typically",dua_ctx,0.9,1,75,0.90298,0.50776,1.1641,1.14432,0.07283
198,"Usually, You typically",dua_ctx,0.99,1,93,0.99131,0.57321,1.94077,1.90046,0.07841
198,"Usually, You typically",euc_unemb,0.3,1,11,0.30284,0.20398,0.69207,0.69102,0.22305
198,"Usually, You typically",euc_unemb,0.5,1,13,0.54166,0.19514,0.89804,0.89455,0.23879
198,"Usually, You typically",euc_unemb,0.7,1,15,0.76374,0.22002,1.09155,1.0848,0.24344
198,"Usually, You typically",euc_unemb,0.9,1,18,0.93652,0.30729,1.38047,1.3671,0.24872
198,"Usually, You typically",euc_unemb,0.99,1,22,0.99123,0.44061,1.89498,1.86953,0.21169
198,"Usually, You typically",cau_unemb,0.3,1,12,0.31141,0.1662,0.80557,0.80591,0.23835
198,"Usually, You typically",cau_unemb,0.5,1,14,0.52783,0.15457,0.99118,0.98956,0.23939
198,"Usually, You typically",cau_unemb,0.7,1,16,0.73425,0.16695,1.13978,1.13568,0.24189
198,"Usually, You typically",cau_unemb,0.9,1,19,0.91471,0.22437,1.31088,1.30201,0.24669
198,"Usually, You typically",cau_unemb,0.99,1,24,0.99031,0.37049,1.6664,1.64657,0.24119
198,"Usually, You typically",dua_unemb,0.3,1,14,0.34175,0.47387,0.20723,0.20984,0.05945
198,"Usually, You typically",dua_unemb,0.5,1,17,0.54214,0.48419,0.3552,0.3545,0.07367
198,"Usually, You typically",dua_unemb,0.7,1,20,0.71429,0.50147,0.54932,0.54352,0.07524
198,"Usually, You typically",dua_unemb,0.9,1,26,0.91976,0.54094,1.07446,1.05408,0.07467
198,"Usually, You typically",dua_unemb,0.99,1,33,0.99122,0.58125,1.88301,1.84055,0.14105
198,"Usually, You typically",euc_dmd,0.3,1,11,0.41157,0.15008,0.99516,0.99611,0.23827
198,"Usually, You typically",euc_dmd,0.5,1,12,0.54171,0.14692,1.11437,1.11418,0.2454
198,"Usually, You typically",euc_dmd,0.7,1,14,0.77012,0.16378,1.32718,1.32418,0.24739
198,"Usually, You typically",euc_dmd,0.9,1,16,0.90369,0.20763,1.51756,1.51105,0.2491
198,"Usually, You typically",euc_dmd,0.99,1,21,0.99144,0.38066,2.04734,2.02888,0.24306
198,"Usually, You typically",cau_dmd,0.3,1,12,0.37975,0.12343,1.17296,1.17576,0.24994
198,"Usually, You typically",cau_dmd,0.5,1,14,0.59791,0.11673,1.3956,1.39644,0.24947
198,"Usually, You typically",cau_dmd,0.7,1,16,0.77951,0.12724,1.5967,1.59505,0.24918
198,"Usually, You typically",cau_dmd,0.9,1,19,0.92571,0.16568,1.88485,1.87848,0.24207
198,"Usually, You typically",cau_dmd,0.99,1,25,0.99273,0.26241,2.58726,2.56777,0.20069
198,"Usually, You typically",dua_dmd,0.3,1,12,0.38199,0.42627,0.27773,0.28421,0.07711
198,"Usually, You typically",dua_dmd,0.5,1,14,0.57848,0.42479,0.42566,0.43131,0.08381
198,"Usually, You typically",dua_dmd,0.7,1,16,0.74443,0.43296,0.59878,0.60277,0.09341
198,"Usually, You typically",dua_dmd,0.9,1,20,0.92504,0.46677,0.97982,0.97838,0.09075
198,"Usually, You typically",dua_dmd,0.99,1,26,0.9909,0.52779,1.61907,1.60547,0.0847
113,Our customers never,euc_ctx,0.3,1,25,0.33885,0.35095,0.67135,0.67447,0.17339
113,Our customers never,euc_ctx,0.5,1,28,0.51623,0.34144,0.82283,0.82404,0.18781
113,Our customers never,euc_ctx,0.7,1,32,0.73677,0.36029,1.00615,1.00378,0.18715
113,Our customers never,euc_ctx,0.9,1,37,0.901,0.41729,1.24316,1.23479,0.15743
113,Our customers never,euc_ctx,0.99,1,48,0.99078,0.54357,1.96858,1.94301,0.15263
113,Our customers never,cau_ctx,0.3,1,47,0.32489,0.30673,1.01509,1.01507,0.20468
113,Our customers never,cau_ctx,0.5,1,53,0.50589,0.27533,1.31484,1.31152,0.21991
113,Our customers never,cau_ctx,0.7,1,60,0.70736,0.25598,1.68846,1.68001,0.22247
113,Our customers never,cau_ctx,0.9,1,72,0.90856,0.23684,2.42377,2.40368,0.22164
113,Our customers never,cau_ctx,0.99,1,93,0.99021,0.17988,4.05673,4.01064,0.2253
113,Our customers never,dua_ctx,0.3,1,36,0.3029,0.50657,0.36879,0.36803,0.13317
113,Our customers never,dua_ctx,0.5,1,45,0.50474,0.50089,0.56648,0.56151,0.1533
113,Our customers never,dua_ctx,0.7,1,54,0.70046,0.50789,0.81706,0.80635,0.16699
113,Our customers never,dua_ctx,0.9,1,67,0.90285,0.53974,1.31976,1.2976,0.1741
113,Our customers never,dua_ctx,0.99,1,84,0.99155,0.60296,2.33764,2.29367,0.18028
113,Our customers never,euc_unemb,0.3,1,11,0.35722,0.37026,0.5545,0.55826,0.14416
113,Our customers never,euc_unemb,0.5,1,12,0.5019,0.3561,0.70697,0.70904,0.18573
113,Our customers never,euc_unemb,0.7,1,14,0.76914,0.35081,1.09777,1.09456,0.19726
113,Our customers never,euc_unemb,0.9,1,16,0.91728,0.36179,1.5722,1.56162,0.21226
113,Our customers never,euc_unemb,0.99,1,20,0.99204,0.37923,2.61622,2.58783,0.22027
113,Our customers never,cau_unemb,0.3,1,12,0.35745,0.34743,0.55536,0.56102,0.18065
113,Our customers never,cau_unemb,0.5,1,14,0.62034,0.33236,0.80815,0.81083,0.189
113,Our customers never,cau_unemb,0.7,1,15,0.73701,0.33447,0.95997,0.96042,0.18987
113,Our customers never,cau_unemb,0.9,1,18,0.93401,0.35487,1.50268,1.49401,0.20332
113,Our customers never,cau_unemb,0.99,1,22,0.99189,0.36932,2.35098,2.3271,0.20958
113,Our customers never,dua_unemb,0.3,1,12,0.31304,0.51227,0.2896,0.29174,0.0269
113,Our customers never,dua_unemb,0.5,1,15,0.59016,0.5187,0.52976,0.52819,0.04995
113,Our customers never,dua_unemb,0.7,1,17,0.74873,0.53508,0.73992,0.73455,0.15122
113,Our customers never,dua_unemb,0.9,1,21,0.92935,0.57518,1.29666,1.28063,0.18191
113,Our customers never,dua_unemb,0.99,1,26,0.99173,0.60794,2.22363,2.18959,0.19028
113,Our customers never,euc_dmd,0.3,1,11,0.37286,0.29291,0.75389,0.75951,0.18943
113,Our customers never,euc_dmd,0.5,1,12,0.51678,0.28581,0.87784,0.88208,0.20594
113,Our customers never,euc_dmd,0.7,1,14,0.77531,0.30463,1.16291,1.16304,0.21142
113,Our customers never,euc_dmd,0.9,1,16,0.91719,0.35097,1.52317,1.51754,0.21357
113,Our customers never,euc_dmd,0.99,1,20,0.99114,0.44379,2.41463,2.39426,0.22205
113,Our customers never,cau_dmd,0.3,1,13,0.37757,0.29544,0.81102,0.81805,0.18094
113,Our customers never,cau_dmd,0.5,1,15,0.6106,0.30105,0.9529,0.95768,0.20129
113,Our customers never,cau_dmd,0.7,1,16,0.71532,0.31572,1.04346,1.04668,0.20371
113,Our customers never,cau_dmd,0.9,1,19,0.91085,0.38961,1.42713,1.42394,0.19586
113,Our customers never,cau_dmd,0.99,1,24,0.99031,0.51351,2.34925,2.33127,0.21605
113,Our customers never,dua_dmd,0.3,1,11,0.319,0.46692,0.32568,0.33037,0.13397
113,Our customers never,dua_dmd,0.5,1,13,0.51833,0.45616,0.48305,0.48632,0.15012
113,Our customers never,dua_dmd,0.7,1,16,0.7421,0.46308,0.75261,0.75239,0.13835
113,Our customers never,dua_dmd,0.9,1,21,0.91708,0.50073,1.3065,1.29756,0.17394
113,Our customers never,dua_dmd,0.99,1,28,0.99131,0.56286,2.34796,2.32107,0.1862
195,"Every day, The engineers generally",euc_ctx,0.3,1,19,0.33675,0.50813,0.27084,0.27864,0.03963
195,"Every day, The engineers generally",euc_ctx,0.5,1,23,0.54619,0.51118,0.3937,0.40064,0.04381
195,"Every day, The engineers generally",euc_ctx,0.7,1,27,0.74009,0.54181,0.53207,0.53686,0.0265
195,"Every day, The engineers generally",euc_ctx,0.9,1,33,0.91163,0.61516,0.78856,0.788,0.02855
195,"Every day, The engineers generally",euc_ctx,0.99,1,44,0.99076,0.72328,1.43707,1.42287,0.02967
195,"Every day, The engineers generally",cau_ctx,0.3,1,34,0.30999,0.48333,0.40207,0.41013,0.0615
195,"Every day, The engineers generally",cau_ctx,0.5,1,41,0.50382,0.46188,0.58654,0.59344,0.06329
195,"Every day, The engineers generally",cau_ctx,0.7,1,49,0.72011,0.4573,0.85562,0.85949,0.06853
195,"Every day, The engineers generally",cau_ctx,0.9,1,60,0.9021,0.46519,1.33502,1.33215,0.13384
195,"Every day, The engineers generally",cau_ctx,0.99,1,81,0.99058,0.44408,2.52234,2.50159,0.13489
195,"Every day, The engineers generally",dua_ctx,0.3,1,32,0.31686,0.58329,0.29139,0.29724,0.03377
195,"Every day, The engineers generally",dua_ctx,0.5,1,43,0.51648,0.57576,0.54466,0.5475,0.03718
195,"Every day, The engineers generally",dua_ctx,0.7,1,54,0.71355,0.5757,0.89081,0.88835,0.02397
195,"Every day, The engineers generally",dua_ctx,0.9,1,68,0.90573,0.59302,1.47617,1.46357,0.03086
195,"Every day, The engineers generally",dua_ctx,0.99,1,84,0.99029,0.63916,2.35812,2.32888,0.03514
195,"Every day, The engineers generally",euc_unemb,0.3,1,8,0.30992,0.51827,0.17828,0.18463,0.02411
195,"Every day, The engineers generally",euc_unemb,0.5,1,10,0.55542,0.52932,0.32276,0.32783,0.04511
195,"Every day, The engineers generally",euc_unemb,0.7,1,12,0.77787,0.56672,0.55658,0.55827,0.06083
195,"Every day, The engineers generally",euc_unemb,0.9,1,14,0.90808,0.60807,0.87989,0.8763,0.18109
195,"Every day, The engineers generally",euc_unemb,0.99,1,19,0.99264,0.65369,1.89614,1.87499,0.21803
195,"Every day, The engineers generally",cau_unemb,0.3,1,9,0.32133,0.49817,0.20395,0.21113,0.04158
195,"Every day, The engineers generally",cau_unemb,0.5,1,11,0.53727,0.50904,0.30683,0.31318,0.05355
195,"Every day, The engineers generally",cau_unemb,0.7,1,13,0.7399,0.54592,0.45514,0.45914,0.05883
195,"Every day, The engineers generally",cau_unemb,0.9,1,16,0.91589,0.61474,0.78812,0.78598,0.06557
195,"Every day, The engineers generally",cau_unemb,0.99,1,21,0.99024,0.67576,1.55324,1.53682,0.18397
195,"Every day, The engineers generally",dua_unemb,0.3,1,9,0.30156,0.58047,0.12274,0.12808,0.03356
195,"Every day, The engineers generally",dua_unemb,0.5,1,12,0.53728,0.58858,0.26879,0.27261,0.03922
195,"Every day, The engineers generally",dua_unemb,0.7,1,15,0.72918,0.6075,0.49081,0.49095,0.05187
195,"Every day, The engineers generally",dua_unemb,0.9,1,21,0.9145,0.64797,1.13262,1.12025,0.06456
195,"Every day, The engineers generally",dua_unemb,0.99,1,30,0.99042,0.66578,2.47146,2.43192,0.07053
195,"Every day, The engineers generally",euc_dmd,0.3,1,9,0.40116,0.48846,0.29243,0.29962,0.05615
195,"Every day, The engineers generally",euc_dmd,0.5,1,10,0.52148,0.4957,0.36181,0.36838,0.06324
195,"Every day, The engineers generally",euc_dmd,0.7,1,12,0.74228,0.53377,0.5504,0.5544,0.06674
195,"Every day, The engineers generally",euc_dmd,0.9,1,15,0.92498,0.61176,0.97884,0.97595,0.17447
195,"Every day, The engineers generally",euc_dmd,0.99,1,20,0.9928,0.68847,1.93451,1.9157,0.21353
195,"Every day, The engineers generally",cau_dmd,0.3,1,10,0.3371,0.47192,0.32784,0.3359,0.05832
195,"Every day, The engineers generally",cau_dmd,0.5,1,12,0.52743,0.48117,0.42574,0.43301,0.06985
195,"Every day, The engineers generally",cau_dmd,0.7,1,14,0.70844,0.51179,0.563,0.56832,0.07081
195,"Every day, The engineers generally",cau_dmd,0.9,1,18,0.91876,0.59421,1.00364,1.00181,0.18796
195,"Every day, The engineers generally",cau_dmd,0.99,1,24,0.991,0.66257,1.94522,1.92798,0.19781
195,"Every day, The engineers generally",dua_dmd,0.3,1,9,0.33742,0.55147,0.17448,0.1806,0.03744
195,"Every day, The engineers generally",dua_dmd,0.5,1,12,0.5574,0.55327,0.3293,0.33473,0.02324
195,"Every day, The engineers generally",dua_dmd,0.7,1,15,0.70988,0.56734,0.52052,0.52401,0.03484
195,"Every day, The engineers generally",dua_dmd,0.9,1,24,0.91069,0.62552,1.33192,1.32336,0.05443
195,"Every day, The engineers generally",dua_dmd,0.99,1,36,0.99124,0.66878,2.92554,2.88877,0.06686
73,You also,euc_ctx,0.3,1,35,0.31946,0.10693,1.22466,1.22441,0.39739
73,You also,euc_ctx,0.5,1,39,0.53972,0.10313,1.32958,1.3278,0.36035
73,You also,euc_ctx,0.7,1,43,0.74496,0.11755,1.35186,1.34825,0.33775
73,You also,euc_ctx,0.9,1,48,0.90099,0.16226,1.29791,1.29153,0.30051
73,You also,euc_ctx,0.99,1,59,0.99085,0.35407,1.17189,1.15689,0.22119
73,You also,cau_ctx,0.3,1,64,0.3137,0.1365,1.55839,1.56111,0.29804
73,You also,cau_ctx,0.5,1,71,0.52539,0.10787,1.9563,1.95537,0.32382
73,You also,cau_ctx,0.7,1,77,0.70224,0.09343,2.30248,2.29745,0.32633
73,You also,cau_ctx,0.9,1,88,0.90354,0.07741,2.96895,2.9542,0.32117
73,You also,cau_ctx,0.99,1,108,0.99104,0.05339,4.38909,4.3519,0.33204
73,You also,dua_ctx,0.3,1,53,0.30003,0.51539,0.3001,0.29401,0.01395
73,You also,dua_ctx,0.5,1,65,0.50082,0.53811,0.40956,0.39717,0.01754
73,You also,dua_ctx,0.7,1,79,0.71151,0.58074,0.59559,0.57311,0.02087
73,You also,dua_ctx,0.9,1,99,0.90547,0.65615,0.99678,0.95507,0.02404
73,You also,dua_ctx,0.99,1,120,0.99016,0.72832,1.64609,1.58019,0.03808
73,You also,euc_unemb,0.3,1,17,0.41489,0.07361,1.58235,1.57255,0.43776
73,You also,euc_unemb,0.5,1,18,0.54405,0.07387,1.67249,1.6614,0.43787
73,You also,euc_unemb,0.7,1,20,0.77283,0.08833,1.80087,1.78699,0.44013
73,You also,euc_unemb,0.9,1,22,0.90728,0.12308,1.87438,1.85728,0.44408
73,You also,euc_unemb,0.99,1,27,0.99301,0.28571,2.07976,2.05132,0.4087
73,You also,cau_unemb,0.3,1,18,0.37842,0.05237,1.77441,1.76401,0.4402
73,You also,cau_unemb,0.5,1,20,0.60618,0.05125,1.89004,1.87718,0.4377
73,You also,cau_unemb,0.7,1,21,0.70994,0.05451,1.91532,1.90118,0.43982
73,You also,cau_unemb,0.9,1,24,0.90776,0.08029,1.89416,1.87596,0.43533
73,You also,cau_unemb,0.99,1,29,0.9901,0.18221,1.75681,1.73027,0.41319
73,You also,dua_unemb,0.3,1,22,0.31338,0.52183,0.43168,0.42079,0.01723
73,You also,dua_unemb,0.5,1,27,0.51867,0.5414,0.67019,0.64929,0.01809
73,You also,dua_unemb,0.7,1,33,0.72891,0.57155,1.01176,0.97626,0.01829
73,You also,dua_unemb,0.9,1,41,0.90876,0.61019,1.55611,1.49717,0.02014
73,You also,dua_unemb,0.99,1,51,0.99235,0.64879,2.35766,2.26665,0.03545
73,You also,euc_dmd,0.3,1,14,0.31133,0.03989,1.98515,1.98129,0.46259
73,You also,euc_dmd,0.5,1,16,0.58102,0.03586,2.18525,2.17894,0.46557
73,You also,euc_dmd,0.7,1,17,0.70725,0.03797,2.23965,2.23206,0.46835
73,You also,euc_dmd,0.9,1,20,0.92565,0.0607,2.27088,2.25928,0.45884
73,You also,euc_dmd,0.99,1,24,0.99041,0.1392,2.1571,2.1393,0.43128
73,You also,cau_dmd,0.3,1,15,0.3077,0.03063,2.22504,2.22275,0.46291
73,You also,cau_dmd,0.5,1,17,0.54057,0.02716,2.37669,2.37233,0.46368
73,You also,cau_dmd,0.7,1,19,0.75114,0.03022,2.43139,2.42487,0.46509
73,You also,cau_dmd,0.9,1,22,0.92112,0.04659,2.37117,2.36129,0.45499
73,You also,cau_dmd,0.99,1,28,0.9931,0.13889,2.07146,2.05388,0.39062
73,You also,dua_dmd,0.3,1,17,0.34396,0.43668,0.45195,0.44981,0.27608
73,You also,dua_dmd,0.5,1,20,0.551,0.43814,0.60607,0.59939,0.0237
73,You also,dua_dmd,0.7,1,23,0.70824,0.45211,0.76013,0.74811,0.02419
73,You also,dua_dmd,0.9,1,31,0.91639,0.51073,1.1879,1.15974,0.02121
73,You also,dua_dmd,0.99,1,39,0.99224,0.58297,1.66753,1.6203,0.02135
182,Students never,euc_ctx,0.3,1,28,0.35574,0.12082,1.18407,1.18301,0.22168
182,Students never,euc_ctx,0.5,1,31,0.54143,0.11853,1.30515,1.30241,0.22459
182,Students never,euc_ctx,0.7,1,34,0.71512,0.13052,1.37342,1.36875,0.22195
182,Students never,euc_ctx,0.9,1,40,0.91738,0.19701,1.4167,1.4073,0.19847
182,Students never,euc_ctx,0.99,1,50,0.99185,0.39794,1.59537,1.5748,0.10228
182,Students never,cau_ctx,0.3,1,52,0.30078,0.12094,1.42995,1.42694,0.20433
182,Students never,cau_ctx,0.5,1,59,0.52183,0.10865,1.72337,1.71715,0.21147
182,Students never,cau_ctx,0.7,1,65,0.70637,0.11158,1.95003,1.94045,0.21425
182,Students never,cau_ctx,0.9,1,76,0.90915,0.13631,2.37497,2.35741,0.19869
182,Students never,cau_ctx,0.99,1,95,0.99083,0.16509,3.48191,3.44445,0.19791
182,Students never,dua_ctx,0.3,1,38,0.31776,0.38323,0.36957,0.36908,0.07071
182,Students never,dua_ctx,0.5,1,45,0.51073,0.37668,0.50749,0.50397,0.07018
182,Students never,dua_ctx,0.7,1,53,0.72126,0.38534,0.70104,0.69269,0.08096
182,Students never,dua_ctx,0.9,1,63,0.90136,0.42027,1.00752,0.99097,0.09815
182,Students never,dua_ctx,0.99,1,79,0.99148,0.51156,1.67234,1.63778,0.10899
182,Students never,euc_unemb,0.3,1,12,0.33312,0.16824,0.92363,0.92405,0.21169
182,Students never,euc_unemb,0.5,1,14,0.62583,0.17315,1.10613,1.10371,0.21426
182,Students never,euc_unemb,0.7,1,15,0.75387,0.19114,1.18567,1.18137,0.21228
182,Students never,euc_unemb,0.9,1,17,0.91134,0.25126,1.36155,1.35234,0.20184
182,Students never,euc_unemb,0.99,1,21,0.99142,0.38061,1.96237,1.93884,0.17054
182,Students never,cau_unemb,0.3,1,13,0.30549,0.16077,0.87745,0.88046,0.20991
182,Students never,cau_unemb,0.5,1,15,0.56442,0.16173,1.00024,1.00143,0.21889
182,Students never,cau_unemb,0.7,1,17,0.7919,0.19594,1.08254,1.08099,0.21328
182,Students never,cau_unemb,0.9,1,19,0.91751,0.25644,1.18288,1.17739,0.19722
182,Students never,cau_unemb,0.99,1,24,0.99369,0.40019,1.78572,1.765,0.15184
182,Students never,dua_unemb,0.3,1,13,0.30549,0.41831,0.26051,0.26256,0.06016
182,Students never,dua_unemb,0.5,1,15,0.51409,0.41927,0.38335,0.38348,0.14009
182,Students never,dua_unemb,0.7,1,17,0.7099,0.43449,0.53581,0.53303,0.14777
182,Students never,dua_unemb,0.9,1,21,0.93146,0.49002,0.92699,0.91569,0.15935
182,Students never,dua_unemb,0.99,1,26,0.99297,0.5657,1.5532,1.52749,0.1634
182,Students never,euc_dmd,0.3,1,12,0.31741,0.09331,1.43371,1.433,0.22313
182,Students never,euc_dmd,0.5,1,14,0.59996,0.08763,1.67585,1.67222,0.22753
182,Students never,euc_dmd,0.7,1,15,0.72873,0.09428,1.76771,1.76239,0.22732
182,Students never,euc_dmd,0.9,1,18,0.93846,0.15006,2.00119,1.98983,0.22195
182,Students never,euc_dmd,0.99,1,22,0.99336,0.28999,2.40475,2.38264,0.21915
182,Students never,cau_dmd,0.3,1,15,0.38957,0.09709,1.49265,1.49346,0.22751
182,Students never,cau_dmd,0.5,1,16,0.5055,0.09655,1.55763,1.55745,0.22921
182,Students never,cau_dmd,0.7,1,18,0.72265,0.10961,1.66001,1.65755,0.22738
182,Students never,cau_dmd,0.9,1,21,0.91259,0.16612,1.80794,1.80117,0.22356
182,Students never,cau_dmd,0.99,1,26,0.99026,0.34154,2.21951,2.20247,0.21875
182,Students never,dua_dmd,0.3,1,13,0.33931,0.3459,0.41015,0.41354,0.08649
182,Students never,dua_dmd,0.5,1,15,0.53038,0.33759,0.55049,0.55239,0.14797
182,Students never,dua_dmd,0.7,1,18,0.75687,0.3467,0.78075,0.77922,0.16264
182,Students never,dua_dmd,0.9,1,22,0.91894,0.38079,1.14198,1.134,0.16094
182,Students never,dua_dmd,0.99,1,28,0.99067,0.45015,1.80657,1.78546,0.14498
105,"At work, These kids just",euc_ctx,0.3,1,23,0.33476,0.12704,0.81381,0.81603,0.24345
105,"At work, These kids just",euc_ctx,0.5,1,26,0.50852,0.12082,0.9457,0.94683,0.24641
105,"At work, These kids just",euc_ctx,0.7,1,30,0.72914,0.13212,1.07096,1.07024,0.24384
105,"At work, These kids just",euc_ctx,0.9,1,36,0.91768,0.18839,1.19582,1.19141,0.23018
105,"At work, These kids just",euc_ctx,0.99,1,46,0.99125,0.35229,1.52078,1.50739,0.20278
105,"At work, These kids just",cau_ctx,0.3,1,43,0.32405,0.15259,1.16415,1.16819,0.21784
105,"At work, These kids just",cau_ctx,0.5,1,49,0.50144,0.13668,1.4318,1.43375,0.21532
105,"At work, These kids just",cau_ctx,0.7,1,56,0.7031,0.12966,1.77003,1.76847,0.2147
105,"At work, These kids just",cau_ctx,0.9,1,68,0.91001,0.12761,2.49163,2.48131,0.21199
105,"At work, These kids just",cau_ctx,0.99,1,88,0.99105,0.1079,4.12694,4.09624,0.19417
105,"At work, These kids just",dua_ctx,0.3,1,32,0.30198,0.30646,0.2884,0.28887,0.01839
105,"At work, These kids just",dua_ctx,0.5,1,40,0.52218,0.29419,0.42314,0.42035,0.02012
105,"At work, These kids just",dua_ctx,0.7,1,47,0.70613,0.29494,0.55917,0.55237,0.01682
105,"At work, These kids just",dua_ctx,0.9,1,58,0.90174,0.31628,0.81749,0.80244,0.13169
105,"At work, These kids just",dua_ctx,0.99,1,74,0.99001,0.37518,1.36001,1.3295,0.17968
105,"At work, These kids just",euc_unemb,0.3,1,10,0.31891,0.17747,0.57835,0.57745,0.21262
105,"At work, These kids just",euc_unemb,0.5,1,12,0.5854,0.18293,0.73961,0.73638,0.24515
105,"At work, These kids just",euc_unemb,0.7,1,13,0.71028,0.20053,0.82149,0.81673,0.24614
105,"At work, These kids just",euc_unemb,0.9,1,16,0.92765,0.30558,1.12013,1.10903,0.21641
105,"At work, These kids just",euc_unemb,0.99,1,20,0.99145,0.46935,1.77965,1.75566,0.20789
105,"At work, These kids just",cau_unemb,0.3,1,11,0.3164,0.17135,0.61361,0.61518,0.22089
105,"At work, These kids just",cau_unemb,0.5,1,13,0.55283,0.17399,0.74656,0.74654,0.2298
105,"At work, These kids just",cau_unemb,0.7,1,15,0.76658,0.20798,0.86635,0.86402,0.23729
105,"At work, These kids just",cau_unemb,0.9,1,18,0.93368,0.3114,1.08177,1.07436,0.22693
105,"At work, These kids just",cau_unemb,0.99,1,23,0.9936,0.5053,1.74851,1.72791,0.20267
105,"At work, These kids just",dua_unemb,0.3,1,12,0.3674,0.36691,0.17461,0.17495,0.01634
105,"At work, These kids just",dua_unemb,0.5,1,14,0.52565,0.37852,0.24562,0.24418,0.12806
105,"At work, These kids just",dua_unemb,0.7,1,17,0.71732,0.4082,0.38154,0.37627,0.15854
105,"At work, These kids just",dua_unemb,0.9,1,22,0.90492,0.47147,0.70399,0.68983,0.17429
105,"At work, These kids just",dua_unemb,0.99,1,29,0.99032,0.55937,1.46164,1.43002,0.14567
105,"At work, These kids just",euc_dmd,0.3,1,10,0.33504,0.12013,1.0088,1.00797,0.25735
105,"At work, These kids just",euc_dmd,0.5,1,12,0.59818,0.11632,1.24907,1.24568,0.26126
105,"At work, These kids just",euc_dmd,0.7,1,13,0.71818,0.1248,1.35449,1.34959,0.26304
105,"At work, These kids just",euc_dmd,0.9,1,16,0.9264,0.18895,1.65941,1.64898,0.23195
105,"At work, These kids just",euc_dmd,0.99,1,20,0.99035,0.33647,2.19185,2.17135,0.2277
105,"At work, These kids just",cau_dmd,0.3,1,12,0.37952,0.12489,1.18562,1.18738,0.25878
105,"At work, These kids just",cau_dmd,0.5,1,14,0.60051,0.12784,1.3607,1.36077,0.25919
105,"At work, These kids just",cau_dmd,0.7,1,15,0.70115,0.13734,1.43733,1.4364,0.25981
105,"At work, These kids just",cau_dmd,0.9,1,19,0.93155,0.22801,1.7583,1.7521,0.24841
105,"At work, These kids just",cau_dmd,0.99,1,24,0.99162,0.41461,2.38205,2.36575,0.21249
105,"At work, These kids just",dua_dmd,0.3,1,11,0.37564,0.31728,0.2876,0.289,0.17027
105,"At work, These kids just",dua_dmd,0.5,1,13,0.55597,0.31971,0.40736,0.40729,0.18757
105,"At work, These kids just",dua_dmd,0.7,1,16,0.75551,0.34014,0.62479,0.6215,0.1499
105,"At work, These kids just",dua_dmd,0.9,1,21,0.91916,0.39364,1.13316,1.12228,0.156
105,"At work, These kids just",dua_dmd,0.99,1,29,0.99265,0.48705,2.19872,2.17127,0.16087
116,"Over time, Many people usually",euc_ctx,0.3,1,17,0.3526,0.5854,0.23423,0.24163,0.03307
116,"Over time, Many people usually",euc_ctx,0.5,1,20,0.53423,0.59254,0.35601,0.36236,0.06572
116,"Over time, Many people usually",euc_ctx,0.7,1,23,0.70681,0.61216,0.5093,0.51345,0.07144
116,"Over time, Many people usually",euc_ctx,0.9,1,29,0.9136,0.66763,0.90169,0.89863,0.07706
116,"Over time, Many people usually",euc_ctx,0.99,1,39,0.9918,0.73499,1.71693,1.69783,0.07911
116,"Over time, Many people usually",cau_ctx,0.3,1,32,0.31042,0.60865,0.33139,0.33965,0.05509
116,"Over time, Many people usually",cau_ctx,0.5,1,39,0.52066,0.60209,0.53629,0.54322,0.06775
116,"Over time, Many people usually",cau_ctx,0.7,1,46,0.72344,0.60483,0.80759,0.81138,0.07421
116,"Over time, Many people usually",cau_ctx,0.9,1,56,0.90161,0.61298,1.30042,1.29712,0.14613
116,"Over time, Many people usually",cau_ctx,0.99,1,75,0.99005,0.59232,2.47906,2.45768,0.16803
116,"Over time, Many people usually",dua_ctx,0.3,1,28,0.30935,0.60977,0.24596,0.25228,0.01985
116,"Over time, Many people usually",dua_ctx,0.5,1,38,0.5084,0.60452,0.47999,0.48317,0.02855
116,"Over time, Many people usually",dua_ctx,0.7,1,48,0.70549,0.60277,0.81555,0.81288,0.03353
116,"Over time, Many people usually",dua_ctx,0.9,1,61,0.90186,0.61424,1.42777,1.41333,0.05613
116,"Over time, Many people usually",dua_ctx,0.99,1,76,0.99008,0.64905,2.42992,2.39559,0.079
116,"Over time, Many people usually",euc_unemb,0.3,1,7,0.33351,0.55065,0.18919,0.19466,0.05648
116,"Over time, Many people usually",euc_unemb,0.5,1,9,0.6245,0.56043,0.40353,0.40642,0.07036
116,"Over time, Many people usually",euc_unemb,0.7,1,10,0.75218,0.57307,0.56249,0.56293,0.12138
116,"Over time, Many people usually",euc_unemb,0.9,1,12,0.91009,0.59839,0.96845,0.9621,0.15909
116,"Over time, Many people usually",euc_unemb,0.99,1,16,0.99121,0.61755,1.94514,1.92152,0.1742
116,"Over time, Many people usually",cau_unemb,0.3,1,8,0.38241,0.52791,0.22176,0.22884,0.06076
116,"Over time, Many people usually",cau_unemb,0.5,1,9,0.51668,0.53269,0.30101,0.30735,0.06615
116,"Over time, Many people usually",cau_unemb,0.7,1,11,0.76077,0.56067,0.52745,0.53049,0.12029
116,"Over time, Many people usually",cau_unemb,0.9,1,13,0.90412,0.59391,0.84503,0.84263,0.14282
116,"Over time, Many people usually",cau_unemb,0.99,1,18,0.99291,0.6289,1.8536,1.83324,0.17035
116,"Over time, Many people usually",dua_unemb,0.3,1,8,0.34887,0.58682,0.14939,0.15352,0.04225
116,"Over time, Many people usually",dua_unemb,0.5,1,10,0.5468,0.59598,0.27107,0.27367,0.04918
116,"Over time, Many people usually",dua_unemb,0.7,1,12,0.72118,0.61201,0.44514,0.44487,0.05363
116,"Over time, Many people usually",dua_unemb,0.9,1,16,0.92229,0.6469,0.97634,0.96629,0.10779
116,"Over time, Many people usually",dua_unemb,0.99,1,21,0.99071,0.67036,1.91765,1.88943,0.13312
116,"Over time, Many people usually",euc_dmd,0.3,1,7,0.33647,0.51535,0.26251,0.27027,0.07486
116,"Over time, Many people usually",euc_dmd,0.5,1,9,0.62261,0.52478,0.47421,0.48006,0.07329
116,"Over time, Many people usually",euc_dmd,0.7,1,10,0.74782,0.54139,0.61928,0.62312,0.1428
116,"Over time, Many people usually",euc_dmd,0.9,1,12,0.90483,0.5809,0.99046,0.98855,0.15364
116,"Over time, Many people usually",euc_dmd,0.99,1,17,0.99404,0.63665,2.1868,2.16546,0.17584
116,"Over time, Many people usually",cau_dmd,0.3,1,8,0.3273,0.50004,0.32421,0.33371,0.08067
116,"Over time, Many people usually",cau_dmd,0.5,1,10,0.56598,0.50861,0.48328,0.49178,0.07815
116,"Over time, Many people usually",cau_dmd,0.7,1,12,0.77448,0.54256,0.7126,0.71817,0.07963
116,"Over time, Many people usually",cau_dmd,0.9,1,15,0.93443,0.60195,1.2075,1.20578,0.13995
116,"Over time, Many people usually",cau_dmd,0.99,1,20,0.99306,0.65666,2.25662,2.23908,0.14345
116,"Over time, Many people usually",dua_dmd,0.3,1,7,0.30745,0.56073,0.16681,0.17319,0.03791
116,"Over time, Many people usually",dua_dmd,0.5,1,9,0.52643,0.55442,0.31229,0.31863,0.06373
116,"Over time, Many people usually",dua_dmd,0.7,1,11,0.70805,0.55864,0.49332,0.49866,0.07212
116,"Over time, Many people usually",dua_dmd,0.9,1,15,0.90296,0.58515,0.94646,0.94715,0.07689
116,"Over time, Many people usually",dua_dmd,0.99,1,22,0.9908,0.63975,2.05296,2.03755,0.08276
157,"At home, Most doctors still",euc_ctx,0.3,1,31,0.30569,0.34573,0.43698,0.44792,0.156
157,"At home, Most doctors still",euc_ctx,0.5,1,35,0.51283,0.35419,0.61907,0.62886,0.16081
157,"At home, Most doctors still",euc_ctx,0.7,1,39,0.71522,0.38195,0.85422,0.86157,0.20404
157,"At home, Most doctors still",euc_ctx,0.9,1,45,0.90207,0.44207,1.32624,1.32764,0.24738
157,"At home, Most doctors still",euc_ctx,0.99,1,57,0.99181,0.52905,2.59914,2.58385,0.27913
157,"At home, Most doctors still",cau_ctx,0.3,1,57,0.30552,0.14926,1.30761,1.31137,0.14792
157,"At home, Most doctors still",cau_ctx,0.5,1,64,0.50117,0.0969,1.95733,1.95537,0.17587
157,"At home, Most doctors still",cau_ctx,0.7,1,72,0.71991,0.06158,2.79109,2.78092,0.17954
157,"At home, Most doctors still",cau_ctx,0.9,1,83,0.90271,0.03833,3.97637,3.95354,0.20743
157,"At home, Most doctors still",cau_ctx,0.99,1,104,0.99058,0.02043,6.23418,6.18594,0.23728
157,"At home, Most doctors still",dua_ctx,0.3,1,45,0.31179,0.38222,0.40141,0.40776,0.15269
157,"At home, Most doctors still",dua_ctx,0.5,1,56,0.50617,0.37187,0.68275,0.6847,0.15609
157,"At home, Most doctors still",dua_ctx,0.7,1,68,0.71631,0.36553,1.11351,1.10812,0.16844
157,"At home, Most doctors still",dua_ctx,0.9,1,82,0.90339,0.36845,1.83628,1.819,0.22799
157,"At home, Most doctors still",dua_ctx,0.99,1,99,0.99093,0.3892,3.23054,3.19326,0.27868
157,"At home, Most doctors still",euc_unemb,0.3,1,14,0.40119,0.30716,0.36106,0.36698,0.05747
157,"At home, Most doctors still",euc_unemb,0.5,1,15,0.52967,0.3155,0.45864,0.46344,0.01763
157,"At home, Most doctors still",euc_unemb,0.7,1,17,0.76101,0.34444,0.74146,0.74243,0.15221
157,"At home, Most doctors still",euc_unemb,0.9,1,19,0.90011,0.3745,1.14774,1.14287,0.18112
157,"At home, Most doctors still",euc_unemb,0.99,1,24,0.99184,0.40006,2.49101,2.46685,0.24595
157,"At home, Most doctors still",cau_unemb,0.3,1,15,0.36505,0.29357,0.40553,0.41507,0.15427
157,"At home, Most doctors still",cau_unemb,0.5,1,17,0.59444,0.31269,0.56903,0.57704,0.15527
157,"At home, Most doctors still",cau_unemb,0.7,1,18,0.70044,0.33021,0.67559,0.68227,0.22366
157,"At home, Most doctors still",cau_unemb,0.9,1,21,0.90435,0.39445,1.12269,1.12317,0.25095
157,"At home, Most doctors still",cau_unemb,0.99,1,27,0.99342,0.46392,2.45437,2.43639,0.2789
157,"At home, Most doctors still",dua_unemb,0.3,1,15,0.32835,0.37383,0.22148,0.22589,0.00686
157,"At home, Most doctors still",dua_unemb,0.5,1,18,0.53791,0.37896,0.38169,0.38351,0.14713
157,"At home, Most doctors still",dua_unemb,0.7,1,21,0.71757,0.38886,0.60936,0.6072,0.16899
157,"At home, Most doctors still",dua_unemb,0.9,1,26,0.91385,0.40708,1.21333,1.20094,0.22638
157,"At home, Most doctors still",dua_unemb,0.99,1,32,0.99184,0.4186,2.49197,2.46016,0.21348
157,"At home, Most doctors still",euc_dmd,0.3,1,13,0.31524,0.26069,0.45513,0.46608,0.20049
157,"At home, Most doctors still",euc_dmd,0.5,1,15,0.56553,0.27415,0.6399,0.64957,0.20058
157,"At home, Most doctors still",euc_dmd,0.7,1,17,0.78517,0.31304,0.9051,0.91173,0.16475
157,"At home, Most doctors still",euc_dmd,0.9,1,19,0.91054,0.36065,1.27531,1.27715,0.2173
157,"At home, Most doctors still",euc_dmd,0.99,1,24,0.99212,0.42984,2.55092,2.53606,0.27019
157,"At home, Most doctors still",cau_dmd,0.3,1,15,0.32179,0.22811,0.6531,0.66695,0.07921
157,"At home, Most doctors still",cau_dmd,0.5,1,17,0.53081,0.23763,0.80896,0.82217,0.08396
157,"At home, Most doctors still",cau_dmd,0.7,1,19,0.72686,0.2686,1.00228,1.01377,0.13798
157,"At home, Most doctors still",cau_dmd,0.9,1,22,0.90338,0.33926,1.40956,1.4164,0.2685
157,"At home, Most doctors still",cau_dmd,0.99,1,28,0.99057,0.44591,2.6428,2.6348,0.30075
157,"At home, Most doctors still",dua_dmd,0.3,1,14,0.33735,0.34649,0.28288,0.29144,0.01419
157,"At home, Most doctors still",dua_dmd,0.5,1,16,0.50263,0.34578,0.40182,0.40975,0.01472
157,"At home, Most doctors still",dua_dmd,0.7,1,19,0.71156,0.35394,0.62299,0.62898,0.15488
157,"At home, Most doctors still",dua_dmd,0.9,1,24,0.90869,0.38113,1.13389,1.13424,0.21518
157,"At home, Most doctors still",dua_dmd,0.99,1,31,0.99027,0.42467,2.28619,2.27293,0.20745
89,"Today, I still",euc_ctx,0.3,1,37,0.32436,0.1318,1.45957,1.45821,0.36999
89,"Today, I still",euc_ctx,0.5,1,41,0.55079,0.11692,1.68319,1.6789,0.36501
89,"Today, I still",euc_ctx,0.7,1,44,0.71225,0.1177,1.80543,1.79857,0.3513
89,"Today, I still",euc_ctx,0.9,1,50,0.9096,0.14098,1.94606,1.93314,0.36299
89,"Today, I still",euc_ctx,0.99,1,60,0.9904,0.20746,2.10428,2.079,0.31935
89,"Today, I still",cau_ctx,0.3,1,71,0.31414,0.19808,1.68656,1.6843,0.11249
89,"Today, I still",cau_ctx,0.5,1,78,0.52613,0.15527,2.10354,2.09652,0.28173
89,"Today, I still",cau_ctx,0.7,1,84,0.70454,0.13405,2.46899,2.45695,0.33734
89,"Today, I still",cau_ctx,0.9,1,95,0.90742,0.11484,3.13497,3.11193,0.33652
89,"Today, I still",cau_ctx,0.99,1,113,0.99026,0.09558,4.26406,4.21991,0.28631
89,"Today, I still",dua_ctx,0.3,1,56,0.31208,0.52304,0.54589,0.53985,0.02613
89,"Today, I still",dua_ctx,0.5,1,68,0.51454,0.51857,0.78361,0.76834,0.02974
89,"Today, I still",dua_ctx,0.7,1,81,0.71326,0.52701,1.09237,1.06434,0.03781
89,"Today, I still",dua_ctx,0.9,1,98,0.90456,0.5464,1.59845,1.54996,0.04767
89,"Today, I still",dua_ctx,0.99,1,115,0.99093,0.56863,2.27589,2.20353,0.05381
89,"Today, I still",euc_unemb,0.3,1,17,0.33184,0.10299,1.62207,1.61548,0.37938
89,"Today, I still",euc_unemb,0.5,1,19,0.58709,0.09811,1.81168,1.80206,0.35844
89,"Today, I still",euc_unemb,0.7,1,20,0.70673,0.10421,1.86955,1.85827,0.37485
89,"Today, I still",euc_unemb,0.9,1,23,0.92192,0.15518,1.91812,1.90108,0.37053
89,"Today, I still",euc_unemb,0.99,1,27,0.99005,0.27854,1.94505,1.91789,0.34407
89,"Today, I still",cau_unemb,0.3,1,18,0.31289,0.07312,1.88419,1.87866,0.37678
89,"Today, I still",cau_unemb,0.5,1,20,0.54187,0.06607,2.06733,2.05919,0.38028
89,"Today, I still",cau_unemb,0.7,1,22,0.75389,0.07272,2.1479,2.13697,0.39847
89,"Today, I still",cau_unemb,0.9,1,25,0.92691,0.10712,2.10899,2.09344,0.37454
89,"Today, I still",cau_unemb,0.99,1,30,0.99249,0.22593,1.95063,1.92556,0.35672
89,"Today, I still",dua_unemb,0.3,1,21,0.34556,0.58995,0.34699,0.34521,0.02015
89,"Today, I still",dua_unemb,0.5,1,24,0.50309,0.60044,0.47333,0.46645,0.02261
89,"Today, I still",dua_unemb,0.7,1,29,0.72086,0.62407,0.74123,0.72302,0.02923
89,"Today, I still",dua_unemb,0.9,1,35,0.90021,0.65167,1.13983,1.1044,0.07957
89,"Today, I still",dua_unemb,0.99,1,43,0.9932,0.68015,1.80177,1.73824,0.07036
89,"Today, I still",euc_dmd,0.3,1,16,0.34748,0.06644,2.0954,2.09246,0.43642
89,"Today, I still",euc_dmd,0.5,1,18,0.60696,0.06078,2.34946,2.34342,0.44195
89,"Today, I still",euc_dmd,0.7,1,19,0.72361,0.06347,2.44685,2.43912,0.44525
89,"Today, I still",euc_dmd,0.9,1,22,0.92602,0.08969,2.62556,2.61212,0.44255
89,"Today, I still",euc_dmd,0.99,1,27,0.99374,0.17658,2.78029,2.75489,0.39435
89,"Today, I still",cau_dmd,0.3,1,18,0.35035,0.05511,2.39137,2.39007,0.43777
89,"Today, I still",cau_dmd,0.5,1,20,0.57092,0.04819,2.66999,2.66568,0.43863
89,"Today, I still",cau_dmd,0.7,1,22,0.7636,0.04886,2.91317,2.90538,0.40954
89,"Today, I still",cau_dmd,0.9,1,25,0.92227,0.05814,3.20722,3.19329,0.4068
89,"Today, I still",cau_dmd,0.99,1,31,0.99319,0.0838,3.71703,3.68797,0.3833
89,"Today, I still",dua_dmd,0.3,1,18,0.33383,0.49698,0.54341,0.5474,0.06404
89,"Today, I still",dua_dmd,0.5,1,21,0.51529,0.499,0.72421,0.72441,0.03049
89,"Today, I still",dua_dmd,0.7,1,26,0.7339,0.52297,1.026,1.01737,0.02611
89,"Today, I still",dua_dmd,0.9,1,32,0.90808,0.56076,1.42929,1.40707,0.0366
89,"Today, I still",dua_dmd,0.99,1,39,0.99111,0.61089,1.96774,1.92631,0.04357
287,"Today, These kids often",euc_ctx,0.3,1,24,0.3188,0.45957,0.42569,0.43398,0.04159
287,"Today, These kids often",euc_ctx,0.5,1,28,0.53674,0.45269,0.57581,0.58261,0.05248
287,"Today, These kids often",euc_ctx,0.7,1,32,0.74122,0.47825,0.72561,0.72963,0.05518
287,"Today, These kids often",euc_ctx,0.9,1,38,0.91731,0.55318,0.97893,0.97666,0.05523
287,"Today, These kids often",euc_ctx,0.99,1,48,0.99051,0.66597,1.55537,1.53913,0.06133
287,"Today, These kids often",cau_ctx,0.3,1,45,0.3152,0.46655,0.66257,0.67015,0.06169
287,"Today, These kids often",cau_ctx,0.5,1,52,0.52338,0.43668,0.93844,0.94365,0.17431
287,"Today, These kids often",cau_ctx,0.7,1,59,0.72506,0.42769,1.2709,1.27221,0.20118
287,"Today, These kids often",cau_ctx,0.9,1,69,0.90301,0.43621,1.83097,1.82442,0.21944
287,"Today, These kids often",cau_ctx,0.99,1,88,0.99049,0.44342,3.09304,3.06716,0.22516
287,"Today, These kids often",dua_ctx,0.3,1,37,0.30892,0.56445,0.3566,0.36117,0.01377
287,"Today, These kids often",dua_ctx,0.5,1,48,0.51805,0.55146,0.61371,0.61345,0.01891
287,"Today, These kids often",dua_ctx,0.7,1,58,0.70057,0.54855,0.92126,0.91434,0.03823
287,"Today, These kids often",dua_ctx,0.9,1,73,0.90425,0.56269,1.51897,1.49827,0.06024
287,"Today, These kids often",dua_ctx,0.99,1,90,0.99127,0.59927,2.44308,2.40122,0.07056
287,"Today, These kids often",euc_unemb,0.3,1,11,0.38319,0.46767,0.36943,0.37581,0.07068
287,"Today, These kids often",euc_unemb,0.5,1,12,0.51376,0.47013,0.45384,0.45916,0.07049
287,"Today, These kids often",euc_unemb,0.7,1,14,0.75417,0.4999,0.67662,0.67824,0.0703
287,"Today, These kids often",euc_unemb,0.9,1,17,0.93866,0.56268,1.15187,1.14447,0.17452
287,"Today, These kids often",euc_unemb,0.99,1,21,0.99249,0.60394,1.94205,1.91916,0.20292
287,"Today, These kids often",cau_unemb,0.3,1,12,0.39087,0.43438,0.39914,0.40759,0.07055
287,"Today, These kids often",cau_unemb,0.5,1,13,0.5093,0.43754,0.46107,0.46881,0.07059
287,"Today, These kids often",cau_unemb,0.7,1,15,0.73075,0.46837,0.60604,0.61116,0.07147
287,"Today, These kids often",cau_unemb,0.9,1,18,0.91971,0.54207,0.9131,0.91153,0.14566
287,"Today, These kids often",cau_unemb,0.99,1,23,0.99208,0.61634,1.64783,1.63066,0.17767
287,"Today, These kids often",dua_unemb,0.3,1,12,0.33642,0.56461,0.19462,0.19965,0.04433
287,"Today, These kids often",dua_unemb,0.5,1,14,0.50378,0.57005,0.29708,0.30052,0.05002
287,"Today, These kids often",dua_unemb,0.7,1,17,0.72169,0.59091,0.51329,0.51241,0.05646
287,"Today, These kids often",dua_unemb,0.9,1,22,0.91258,0.63375,1.04233,1.02968,0.06222
287,"Today, These kids often",dua_unemb,0.99,1,29,0.99011,0.67179,2.04992,2.0144,0.14331
287,"Today, These kids often",euc_dmd,0.3,1,10,0.30582,0.41745,0.47732,0.4868,0.06654
287,"Today, These kids often",euc_dmd,0.5,1,12,0.56072,0.41501,0.64783,0.65576,0.07567
287,"Today, These kids often",euc_dmd,0.7,1,14,0.78604,0.45488,0.85108,0.85568,0.07571
287,"Today, These kids often",euc_dmd,0.9,1,16,0.91306,0.51666,1.11659,1.11625,0.07501
287,"Today, These kids often",euc_dmd,0.99,1,21,0.99295,0.63788,2.01223,1.99531,0.16273
287,"Today, These kids often",cau_dmd,0.3,1,12,0.35566,0.40202,0.62614,0.63735,0.06886
287,"Today, These kids often",cau_dmd,0.5,1,14,0.57026,0.40911,0.74424,0.75416,0.08023
287,"Today, These kids often",cau_dmd,0.7,1,16,0.75911,0.44519,0.89693,0.90431,0.07829
287,"Today, These kids often",cau_dmd,0.9,1,19,0.91877,0.52437,1.23261,1.23408,0.07778
287,"Today, These kids often",cau_dmd,0.99,1,25,0.9928,0.63614,2.19213,2.17711,0.08089
287,"Today, These kids often",dua_dmd,0.3,1,11,0.39271,0.52988,0.28928,0.29639,0.05737
287,"Today, These kids often",dua_dmd,0.5,1,13,0.60064,0.5274,0.44625,0.45254,0.05745
287,"Today, These kids often",dua_dmd,0.7,1,15,0.76286,0.53566,0.62888,0.63353,0.06409
287,"Today, These kids often",dua_dmd,0.9,1,19,0.92592,0.56815,1.05011,1.04945,0.0682
287,"Today, These kids often",dua_dmd,0.99,1,25,0.99019,0.62344,1.81666,1.80364,0.07304
161,"At work, These kids generally",euc_ctx,0.3,1,23,0.31186,0.35591,0.53413,0.5412,0.07589
161,"At work, These kids generally",euc_ctx,0.5,1,27,0.53025,0.34739,0.69855,0.70421,0.0892
161,"At work, These kids generally",euc_ctx,0.7,1,31,0.73713,0.37334,0.84763,0.85081,0.08809
161,"At work, These kids generally",euc_ctx,0.9,1,37,0.916,0.45704,1.08644,1.08403,0.09355
161,"At work, These kids generally",euc_ctx,0.99,1,47,0.99031,0.60007,1.66715,1.65179,0.09492
161,"At work, These kids generally",cau_ctx,0.3,1,43,0.30131,0.341,0.95442,0.96124,0.15829
161,"At work, These kids generally",cau_ctx,0.5,1,50,0.50156,0.27388,1.37795,1.38132,0.18705
161,"At work, These kids generally",cau_ctx,0.7,1,57,0.70111,0.22313,1.87955,1.87773,0.20301
161,"At work, These kids generally",cau_ctx,0.9,1,69,0.90892,0.16727,2.85243,2.83885,0.21932
161,"At work, These kids generally",cau_ctx,0.99,1,89,0.99099,0.11224,4.61865,4.5819,0.24208
161,"At work, These kids generally",dua_ctx,0.3,1,36,0.31738,0.47667,0.34253,0.34588,0.05945
161,"At work, These kids generally",dua_ctx,0.5,1,46,0.51945,0.46779,0.55886,0.55756,0.07072
161,"At work, These kids generally",dua_ctx,0.7,1,56,0.70596,0.4717,0.84703,0.83873,0.07384
161,"At work, These kids generally",dua_ctx,0.9,1,71,0.90644,0.49667,1.43214,1.4097,0.09082
161,"At work, These kids generally",dua_ctx,0.99,1,88,0.99156,0.54179,2.40973,2.3662,0.09644
161,"At work, These kids generally",euc_unemb,0.3,1,10,0.30541,0.34806,0.41526,0.41891,0.16253
161,"At work, These kids generally",euc_unemb,0.5,1,12,0.55965,0.35311,0.57455,0.5761,0.16862
161,"At work, These kids generally",euc_unemb,0.7,1,14,0.78636,0.39938,0.77976,0.77754,0.19638
161,"At work, These kids generally",euc_unemb,0.9,1,16,0.91432,0.4649,1.05623,1.04855,0.20508
161,"At work, These kids generally",euc_unemb,0.99,1,21,0.99348,0.56928,2.02743,2.00101,0.2247
161,"At work, These kids generally",cau_unemb,0.3,1,11,0.31436,0.32211,0.45862,0.46414,0.16557
161,"At work, These kids generally",cau_unemb,0.5,1,13,0.5423,0.32525,0.57828,0.58234,0.16849
161,"At work, These kids generally",cau_unemb,0.7,1,15,0.75286,0.36351,0.70697,0.70836,0.16917
161,"At work, These kids generally",cau_unemb,0.9,1,18,0.92552,0.45595,0.98198,0.977,0.14356
161,"At work, These kids generally",cau_unemb,0.99,1,23,0.99209,0.56484,1.71554,1.69529,0.21282
161,"At work, These kids generally",dua_unemb,0.3,1,12,0.33448,0.49603,0.19085,0.19454,0.02389
161,"At work, These kids generally",dua_unemb,0.5,1,15,0.56524,0.50467,0.33723,0.33799,0.02812
161,"At work, These kids generally",dua_unemb,0.7,1,18,0.75112,0.52606,0.53698,0.53267,0.03975
161,"At work, These kids generally",dua_unemb,0.9,1,23,0.92165,0.57069,0.98358,0.96705,0.06161
161,"At work, These kids generally",dua_unemb,0.99,1,30,0.99156,0.62505,1.83439,1.79536,0.15593
161,"At work, These kids generally",euc_dmd,0.3,1,10,0.34875,0.30891,0.67514,0.68109,0.1769
161,"At work, These kids generally",euc_dmd,0.5,1,12,0.60418,0.30888,0.87045,0.8741,0.18757
161,"At work, These kids generally",euc_dmd,0.7,1,13,0.71938,0.32485,0.97265,0.97463,0.19811
161,"At work, These kids generally",euc_dmd,0.9,1,16,0.92251,0.41447,1.35398,1.34901,0.10468
161,"At work, These kids generally",euc_dmd,0.99,1,21,0.99316,0.56599,2.26148,2.24028,0.21595
161,"At work, These kids generally",cau_dmd,0.3,1,12,0.39821,0.301,0.85468,0.86225,0.20485
161,"At work, These kids generally",cau_dmd,0.5,1,13,0.50484,0.29855,0.93324,0.93993,0.20013
161,"At work, These kids generally",cau_dmd,0.7,1,15,0.70532,0.31312,1.11005,1.11417,0.16729
161,"At work, These kids generally",cau_dmd,0.9,1,19,0.92721,0.38608,1.61763,1.61367,0.17589
161,"At work, These kids generally",cau_dmd,0.99,1,25,0.99328,0.46806,2.7036,2.68257,0.17614
161,"At work, These kids generally",dua_dmd,0.3,1,10,0.32214,0.46226,0.25628,0.26168,0.03813
161,"At work, These kids generally",dua_dmd,0.5,1,12,0.53209,0.45537,0.40254,0.40708,0.04036
161,"At work, These kids generally",dua_dmd,0.7,1,14,0.7133,0.46121,0.57828,0.58104,0.04388
161,"At work, These kids generally",dua_dmd,0.9,1,18,0.90646,0.4947,0.99815,0.99517,0.0849
161,"At work, These kids generally",dua_dmd,0.99,1,26,0.99239,0.5757,2.09036,2.06953,0.09971
280,"Usually, The workers usually",euc_ctx,0.3,1,14,0.30917,0.57029,0.18357,0.18891,0.12109
280,"Usually, The workers usually",euc_ctx,0.5,1,18,0.53452,0.57233,0.31595,0.32019,0.13921
280,"Usually, The workers usually",euc_ctx,0.7,1,22,0.74613,0.6014,0.48073,0.48218,0.1697
280,"Usually, The workers usually",euc_ctx,0.9,1,27,0.90451,0.6568,0.73499,0.73094,0.1488
280,"Usually, The workers usually",euc_ctx,0.99,1,38,0.99183,0.74946,1.46076,1.44058,0.15291
280,"Usually, The workers usually",cau_ctx,0.3,1,27,0.31834,0.61163,0.30034,0.30686,0.13821
280,"Usually, The workers usually",cau_ctx,0.5,1,34,0.52521,0.60548,0.48769,0.49292,0.18772
280,"Usually, The workers usually",cau_ctx,0.7,1,41,0.72344,0.61163,0.73121,0.73343,0.21954
280,"Usually, The workers usually",cau_ctx,0.9,1,52,0.90995,0.62894,1.23122,1.22579,0.21693
280,"Usually, The workers usually",cau_ctx,0.99,1,71,0.99057,0.61848,2.35304,2.3298,0.1858
280,"Usually, The workers usually",dua_ctx,0.3,1,26,0.30859,0.60878,0.18867,0.19202,0.11729
280,"Usually, The workers usually",dua_ctx,0.5,1,37,0.51762,0.60786,0.39307,0.39222,0.12372
280,"Usually, The workers usually",dua_ctx,0.7,1,48,0.71315,0.61601,0.6933,0.68514,0.13082
280,"Usually, The workers usually",dua_ctx,0.9,1,63,0.90053,0.6423,1.25994,1.23739,0.04247
280,"Usually, The workers usually",dua_ctx,0.99,1,81,0.99035,0.68301,2.2672,2.22089,0.0474
280,"Usually, The workers usually",euc_unemb,0.3,1,6,0.32803,0.5335,0.17101,0.17466,0.13901
280,"Usually, The workers usually",euc_unemb,0.5,1,8,0.60561,0.54459,0.3463,0.34781,0.19636
280,"Usually, The workers usually",euc_unemb,0.7,1,9,0.73177,0.56452,0.47326,0.47274,0.18496
280,"Usually, The workers usually",euc_unemb,0.9,1,12,0.93892,0.63542,0.99806,0.98822,0.22088
280,"Usually, The workers usually",euc_unemb,0.99,1,16,0.99359,0.6803,1.86904,1.84283,0.23106
280,"Usually, The workers usually",cau_unemb,0.3,1,7,0.37183,0.514,0.20947,0.21401,0.17509
280,"Usually, The workers usually",cau_unemb,0.5,1,9,0.62078,0.52596,0.35859,0.3613,0.18819
280,"Usually, The workers usually",cau_unemb,0.7,1,10,0.73098,0.54395,0.45642,0.45748,0.19069
280,"Usually, The workers usually",cau_unemb,0.9,1,13,0.92497,0.6111,0.84637,0.84001,0.19413
280,"Usually, The workers usually",cau_unemb,0.99,1,18,0.99333,0.66903,1.70253,1.67928,0.22539
280,"Usually, The workers usually",dua_unemb,0.3,1,8,0.36803,0.60247,0.12495,0.12794,0.01249
280,"Usually, The workers usually",dua_unemb,0.5,1,10,0.52851,0.60923,0.21511,0.21649,0.01739
280,"Usually, The workers usually",dua_unemb,0.7,1,13,0.73412,0.6283,0.41018,0.40693,0.0497
280,"Usually, The workers usually",dua_unemb,0.9,1,18,0.92512,0.66559,0.88276,0.86711,0.14554
280,"Usually, The workers usually",dua_unemb,0.99,1,24,0.9921,0.69943,1.66519,1.62948,0.16394
280,"Usually, The workers usually",euc_dmd,0.3,1,6,0.34061,0.53333,0.24692,0.25222,0.18678
280,"Usually, The workers usually",euc_dmd,0.5,1,8,0.61538,0.54149,0.4426,0.44594,0.1816
280,"Usually, The workers usually",euc_dmd,0.7,1,9,0.73704,0.56078,0.57049,0.57194,0.19936
280,"Usually, The workers usually",euc_dmd,0.9,1,12,0.93669,0.6395,1.08361,1.0765,0.21139
280,"Usually, The workers usually",euc_dmd,0.99,1,16,0.9924,0.71247,1.94104,1.919,0.23497
280,"Usually, The workers usually",cau_dmd,0.3,1,7,0.3476,0.5276,0.33273,0.33915,0.20642
280,"Usually, The workers usually",cau_dmd,0.5,1,9,0.57532,0.52928,0.49884,0.50377,0.21739
280,"Usually, The workers usually",cau_dmd,0.7,1,11,0.7712,0.55599,0.72019,0.72192,0.20448
280,"Usually, The workers usually",cau_dmd,0.9,1,14,0.92754,0.61065,1.17832,1.17279,0.20629
280,"Usually, The workers usually",cau_dmd,0.99,1,19,0.99107,0.66943,2.12332,2.10238,0.21336
280,"Usually, The workers usually",dua_dmd,0.3,1,7,0.38082,0.5817,0.1823,0.1866,0.11885
280,"Usually, The workers usually",dua_dmd,0.5,1,9,0.57322,0.5815,0.32139,0.32489,0.15095
280,"Usually, The workers usually",dua_dmd,0.7,1,11,0.72963,0.58984,0.4955,0.49723,0.14286
280,"Usually, The workers usually",dua_dmd,0.9,1,15,0.90226,0.62007,0.9389,0.93453,0.14733
280,"Usually, The workers usually",dua_dmd,0.99,1,23,0.99022,0.68256,2.09481,2.07093,0.16201
210,"Every day, Voters always",euc_ctx,0.3,1,11,0.30716,0.68417,0.10547,0.1116,0.01784
210,"Every day, Voters always",euc_ctx,0.5,1,15,0.5395,0.69163,0.21984,0.22549,0.02165
210,"Every day, Voters always",euc_ctx,0.7,1,18,0.70796,0.70758,0.33683,0.34077,0.04589
210,"Every day, Voters always",euc_ctx,0.9,1,24,0.91174,0.74875,0.64121,0.63892,0.0496
210,"Every day, Voters always",euc_ctx,0.99,1,34,0.99128,0.7923,1.28025,1.26373,0.05097
210,"Every day, Voters always",cau_ctx,0.3,1,22,0.31051,0.7093,0.19785,0.20478,0.03233
210,"Every day, Voters always",cau_ctx,0.5,1,29,0.51348,0.70336,0.36438,0.37079,0.03728
210,"Every day, Voters always",cau_ctx,0.7,1,36,0.7116,0.7026,0.58726,0.59138,0.05253
210,"Every day, Voters always",cau_ctx,0.9,1,47,0.90333,0.70594,1.03413,1.03177,0.17351
210,"Every day, Voters always",cau_ctx,0.99,1,67,0.99063,0.6853,2.05497,2.03623,0.19244
210,"Every day, Voters always",dua_ctx,0.3,1,23,0.30707,0.69223,0.18878,0.19358,0.01311
210,"Every day, Voters always",dua_ctx,0.5,1,35,0.51583,0.67656,0.48119,0.48203,0.02442
210,"Every day, Voters always",dua_ctx,0.7,1,46,0.71175,0.66157,0.87668,0.87065,0.02707
210,"Every day, Voters always",dua_ctx,0.9,1,59,0.90177,0.65635,1.4759,1.45818,0.05054
210,"Every day, Voters always",dua_ctx,0.99,1,74,0.99151,0.67372,2.36269,2.32592,0.05317
210,"Every day, Voters always",euc_unemb,0.3,1,5,0.34406,0.6623,0.08252,0.08711,0.03832
210,"Every day, Voters always",euc_unemb,0.5,1,7,0.62408,0.68602,0.20597,0.20892,0.0437
210,"Every day, Voters always",euc_unemb,0.7,1,8,0.74746,0.70524,0.30604,0.30706,0.02636
210,"Every day, Voters always",euc_unemb,0.9,1,10,0.90425,0.73958,0.58197,0.57728,0.12923
210,"Every day, Voters always",euc_unemb,0.99,1,15,0.99432,0.75869,1.49552,1.47144,0.19161
210,"Every day, Voters always",cau_unemb,0.3,1,5,0.30203,0.63747,0.06882,0.07454,0.03554
210,"Every day, Voters always",cau_unemb,0.5,1,7,0.55634,0.65223,0.14643,0.15176,0.04379
210,"Every day, Voters always",cau_unemb,0.7,1,9,0.7841,0.69311,0.2827,0.28532,0.04455
210,"Every day, Voters always",cau_unemb,0.9,1,11,0.9131,0.73355,0.49,0.48791,0.04812
210,"Every day, Voters always",cau_unemb,0.99,1,16,0.9933,0.76778,1.19811,1.18012,0.15544
210,"Every day, Voters always",dua_unemb,0.3,1,6,0.34866,0.68732,0.07575,0.07903,0.01446
210,"Every day, Voters always",dua_unemb,0.5,1,8,0.5298,0.69825,0.15136,0.15342,0.01638
210,"Every day, Voters always",dua_unemb,0.7,1,11,0.75474,0.72356,0.32871,0.32668,0.02222
210,"Every day, Voters always",dua_unemb,0.9,1,15,0.91426,0.75752,0.68838,0.67726,0.02971
210,"Every day, Voters always",dua_unemb,0.99,1,22,0.99356,0.78499,1.59905,1.56528,0.04111
210,"Every day, Voters always",euc_dmd,0.3,1,5,0.37428,0.62108,0.11641,0.12275,0.04188
210,"Every day, Voters always",euc_dmd,0.5,1,6,0.51993,0.62917,0.16806,0.17417,0.04458
210,"Every day, Voters always",euc_dmd,0.7,1,8,0.77938,0.67537,0.31794,0.32145,0.05458
210,"Every day, Voters always",euc_dmd,0.9,1,10,0.91955,0.72973,0.54954,0.54805,0.07428
210,"Every day, Voters always",euc_dmd,0.99,1,14,0.99145,0.7858,1.19072,1.17563,0.177
210,"Every day, Voters always",cau_dmd,0.3,1,5,0.3074,0.59486,0.11883,0.12623,0.04792
210,"Every day, Voters always",cau_dmd,0.5,1,7,0.55703,0.60491,0.19515,0.20278,0.04669
210,"Every day, Voters always",cau_dmd,0.7,1,9,0.77736,0.65337,0.29962,0.3054,0.05756
210,"Every day, Voters always",cau_dmd,0.9,1,11,0.90473,0.71255,0.46558,0.46775,0.07272
210,"Every day, Voters always",cau_dmd,0.99,1,16,0.99064,0.80014,1.10364,1.09262,0.08384
210,"Every day, Voters always",dua_dmd,0.3,1,5,0.33379,0.6626,0.07719,0.08198,0.01268
210,"Every day, Voters always",dua_dmd,0.5,1,7,0.56855,0.66061,0.16488,0.16972,0.01603
210,"Every day, Voters always",dua_dmd,0.7,1,9,0.76617,0.66944,0.27762,0.28141,0.05042
210,"Every day, Voters always",dua_dmd,0.9,1,12,0.92411,0.69685,0.47852,0.479,0.05499
210,"Every day, Voters always",dua_dmd,0.99,1,17,0.99022,0.74926,0.91564,0.90692,0.05815
17,"At work, They always",euc_ctx,0.3,1,27,0.30219,0.25713,0.93341,0.93552,0.22597
17,"At work, They always",euc_ctx,0.5,1,31,0.51673,0.23499,1.06934,1.06913,0.22864
17,"At work, They always",euc_ctx,0.7,1,35,0.72383,0.24729,1.10035,1.09723,0.22442
17,"At work, They always",euc_ctx,0.9,1,41,0.90823,0.31884,1.02968,1.02114,0.2006
17,"At work, They always",euc_ctx,0.99,1,52,0.99068,0.52505,0.96415,0.94257,0.06773
17,"At work, They always",cau_ctx,0.3,1,53,0.30862,0.19059,1.43825,1.4366,0.23348
17,"At work, They always",cau_ctx,0.5,1,60,0.50357,0.13422,1.86828,1.86137,0.23442
17,"At work, They always",cau_ctx,0.7,1,68,0.72118,0.09502,2.37727,2.3627,0.23171
17,"At work, They always",cau_ctx,0.9,1,79,0.9032,0.0664,3.08783,3.06084,0.21506
17,"At work, They always",cau_ctx,0.99,1,100,0.99069,0.04108,4.45536,4.40215,0.22197
17,"At work, They always",dua_ctx,0.3,1,42,0.31344,0.57835,0.3577,0.35765,0.0177
17,"At work, They always",dua_ctx,0.5,1,52,0.51588,0.55565,0.51894,0.51322,0.02041
17,"At work, They always",dua_ctx,0.7,1,62,0.71297,0.54564,0.71604,0.7026,0.03464
17,"At work, They always",dua_ctx,0.9,1,75,0.90584,0.55476,1.02162,0.99521,0.04164
17,"At work, They always",dua_ctx,0.99,1,91,0.99094,0.59844,1.45898,1.41217,0.17699
17,"At work, They always",euc_unemb,0.3,1,12,0.40481,0.40507,0.52183,0.52469,0.08652
17,"At work, They always",euc_unemb,0.5,1,13,0.5441,0.41227,0.57508,0.57661,0.08497
17,"At work, They always",euc_unemb,0.7,1,15,0.78637,0.47303,0.6853,0.68292,0.09652
17,"At work, They always",euc_unemb,0.9,1,17,0.91919,0.57004,0.82879,0.82082,0.19712
17,"At work, They always",euc_unemb,0.99,1,21,0.99091,0.72712,1.25847,1.23552,0.24139
17,"At work, They always",cau_unemb,0.3,1,13,0.37769,0.39448,0.50162,0.50856,0.16152
17,"At work, They always",cau_unemb,0.5,1,14,0.50133,0.39875,0.53365,0.53982,0.16058
17,"At work, They always",cau_unemb,0.7,1,16,0.73371,0.44711,0.58302,0.58671,0.16298
17,"At work, They always",cau_unemb,0.9,1,19,0.92566,0.58325,0.68947,0.68693,0.18583
17,"At work, They always",cau_unemb,0.99,1,24,0.99344,0.76028,1.08739,1.06935,0.23434
17,"At work, They always",dua_unemb,0.3,1,13,0.31093,0.6536,0.14408,0.14769,0.01343
17,"At work, They always",dua_unemb,0.5,1,16,0.53822,0.66189,0.23536,0.23608,0.01559
17,"At work, They always",dua_unemb,0.7,1,19,0.72383,0.68343,0.3693,0.36499,0.01805
17,"At work, They always",dua_unemb,0.9,1,24,0.90104,0.72896,0.66698,0.65035,0.0687
17,"At work, They always",dua_unemb,0.99,1,32,0.99209,0.78794,1.28543,1.24205,0.07131
17,"At work, They always",euc_dmd,0.3,1,12,0.40875,0.24157,1.02111,1.02275,0.23298
17,"At work, They always",euc_dmd,0.5,1,13,0.54367,0.23698,1.08868,1.08887,0.24034
17,"At work, They always",euc_dmd,0.7,1,15,0.77852,0.2645,1.1618,1.15841,0.23455
17,"At work, They always",euc_dmd,0.9,1,17,0.91134,0.3328,1.20175,1.19393,0.23248
17,"At work, They always",euc_dmd,0.99,1,22,0.99313,0.57377,1.43851,1.41606,0.25354
17,"At work, They always",cau_dmd,0.3,1,13,0.30022,0.24955,1.0254,1.03106,0.23224
17,"At work, They always",cau_dmd,0.5,1,15,0.51195,0.23507,1.11318,1.11701,0.24382
17,"At work, They always",cau_dmd,0.7,1,17,0.71658,0.25464,1.14217,1.14356,0.23551
17,"At work, They always",cau_dmd,0.9,1,20,0.90229,0.33901,1.15666,1.15325,0.22548
17,"At work, They always",cau_dmd,0.99,1,26,0.99135,0.5904,1.38887,1.37177,0.23195
17,"At work, They always",dua_dmd,0.3,1,12,0.32466,0.57963,0.24249,0.24683,0.02865
17,"At work, They always",dua_dmd,0.5,1,15,0.57626,0.56913,0.35865,0.3608,0.03436
17,"At work, They always",dua_dmd,0.7,1,17,0.70131,0.57377,0.43749,0.43736,0.03669
17,"At work, They always",dua_dmd,0.9,1,23,0.91179,0.61086,0.72746,0.71725,0.03798
17,"At work, They always",dua_dmd,0.99,1,30,0.99103,0.67137,1.19403,1.16662,0.04093
273,"At home, I always",euc_ctx,0.3,1,35,0.33273,0.13816,1.60159,1.59766,0.3303
273,"At home, I always",euc_ctx,0.5,1,39,0.55222,0.13067,1.72469,1.71775,0.32852
273,"At home, I always",euc_ctx,0.7,1,42,0.70685,0.13907,1.74367,1.7342,0.3059
273,"At home, I always",euc_ctx,0.9,1,48,0.90007,0.18717,1.65681,1.64148,0.28007
273,"At home, I always",euc_ctx,0.99,1,60,0.99137,0.35533,1.46843,1.43784,0.19005
273,"At home, I always",cau_ctx,0.3,1,72,0.32035,0.05231,3.00031,2.98231,0.31805
273,"At home, I always",cau_ctx,0.5,1,79,0.51181,0.03133,3.5909,3.56481,0.32002
273,"At home, I always",cau_ctx,0.7,1,86,0.70121,0.02042,4.17124,4.13617,0.31748
273,"At home, I always",cau_ctx,0.9,1,98,0.90482,0.01223,5.1167,5.06515,0.31352
273,"At home, I always",cau_ctx,0.99,1,118,0.99037,0.00738,6.56815,6.4886,0.32225
273,"At home, I always",dua_ctx,0.3,1,50,0.30862,0.52878,0.50979,0.50587,0.04711
273,"At home, I always",dua_ctx,0.5,1,59,0.50138,0.51097,0.65768,0.64771,0.05182
273,"At home, I always",dua_ctx,0.7,1,69,0.71332,0.50769,0.8415,0.82256,0.06137
273,"At home, I always",dua_ctx,0.9,1,81,0.90523,0.52384,1.08395,1.05137,0.05114
273,"At home, I always",dua_ctx,0.99,1,95,0.99003,0.56682,1.3972,1.34477,0.04775
273,"At home, I always",euc_unemb,0.3,1,15,0.38906,0.28583,0.95708,0.95841,0.21789
273,"At home, I always",euc_unemb,0.5,1,16,0.52957,0.29469,1.02463,1.0246,0.26381
273,"At home, I always",euc_unemb,0.7,1,18,0.778,0.35916,1.13161,1.12786,0.26262
273,"At home, I always",euc_unemb,0.9,1,20,0.91558,0.47094,1.23634,1.22734,0.28075
273,"At home, I always",euc_unemb,0.99,1,24,0.99026,0.67956,1.60025,1.57638,0.27445
273,"At home, I always",cau_unemb,0.3,1,16,0.32766,0.28216,0.95661,0.96189,0.2683
273,"At home, I always",cau_unemb,0.5,1,18,0.56881,0.30144,1.0054,1.00876,0.26263
273,"At home, I always",cau_unemb,0.7,1,20,0.77913,0.37003,0.99775,0.9982,0.26225
273,"At home, I always",cau_unemb,0.9,1,22,0.9031,0.47667,0.99347,0.98979,0.27789
273,"At home, I always",cau_unemb,0.99,1,27,0.99017,0.72306,1.24255,1.22348,0.21844
273,"At home, I always",dua_unemb,0.3,1,17,0.34981,0.63049,0.24362,0.24673,0.0442
273,"At home, I always",dua_unemb,0.5,1,20,0.56411,0.6356,0.36039,0.35954,0.04542
273,"At home, I always",dua_unemb,0.7,1,23,0.73491,0.6547,0.50682,0.49979,0.04765
273,"At home, I always",dua_unemb,0.9,1,28,0.90036,0.6977,0.8148,0.79369,0.03948
273,"At home, I always",dua_unemb,0.99,1,36,0.99289,0.75632,1.46254,1.41199,0.05095
273,"At home, I always",euc_dmd,0.3,1,15,0.42113,0.14701,1.74074,1.7399,0.33673
273,"At home, I always",euc_dmd,0.5,1,16,0.55186,0.14893,1.78879,1.78636,0.33146
273,"At home, I always",euc_dmd,0.7,1,18,0.77646,0.17797,1.83078,1.82469,0.30759
273,"At home, I always",euc_dmd,0.9,1,20,0.90591,0.23925,1.84527,1.8348,0.29321
273,"At home, I always",euc_dmd,0.99,1,25,0.99152,0.47686,1.98538,1.9604,0.30005
273,"At home, I always",cau_dmd,0.3,1,17,0.34074,0.16005,1.787,1.78933,0.33144
273,"At home, I always",cau_dmd,0.5,1,19,0.54483,0.15741,1.84732,1.84692,0.29908
273,"At home, I always",cau_dmd,0.7,1,21,0.73218,0.17233,1.90291,1.89911,0.28699
273,"At home, I always",cau_dmd,0.9,1,24,0.90253,0.21842,2.0166,2.00637,0.26703
273,"At home, I always",cau_dmd,0.99,1,30,0.99028,0.32548,2.42459,2.39738,0.2453
273,"At home, I always",dua_dmd,0.3,1,15,0.39712,0.54528,0.37634,0.38119,0.05653
273,"At home, I always",dua_dmd,0.5,1,17,0.59778,0.53285,0.49581,0.49898,0.06038
273,"At home, I always",dua_dmd,0.7,1,19,0.7613,0.53186,0.62028,0.62087,0.06326
273,"At home, I always",dua_dmd,0.9,1,23,0.92292,0.55349,0.84771,0.8411,0.06544
273,"At home, I always",dua_dmd,0.99,1,31,0.99261,0.62607,1.30741,1.28067,0.05495
30,"At home, I often",euc_ctx,0.3,1,37,0.31847,0.25974,1.39885,1.4003,0.20067
30,"At home, I often",euc_ctx,0.5,1,41,0.54341,0.2503,1.57244,1.5706,0.19892
30,"At home, I often",euc_ctx,0.7,1,44,0.70372,0.26583,1.6456,1.64074,0.19629
30,"At home, I often",euc_ctx,0.9,1,50,0.90214,0.34174,1.70739,1.69508,0.15992
30,"At home, I often",euc_ctx,0.99,1,61,0.99031,0.52074,1.89305,1.86293,0.1583
30,"At home, I often",cau_ctx,0.3,1,72,0.32635,0.07454,3.25136,3.23562,0.21573
30,"At home, I often",cau_ctx,0.5,1,78,0.50798,0.04509,3.9576,3.93356,0.21752
30,"At home, I often",cau_ctx,0.7,1,85,0.71382,0.02879,4.71317,4.67886,0.22118
30,"At home, I often",cau_ctx,0.9,1,96,0.90895,0.0188,5.7447,5.6937,0.22323
30,"At home, I often",cau_ctx,0.99,1,115,0.99104,0.01322,7.29687,7.217,0.22348
30,"At home, I often",dua_ctx,0.3,1,50,0.31473,0.54241,0.60488,0.60366,0.05302
30,"At home, I often",dua_ctx,0.5,1,58,0.50447,0.52167,0.7965,0.78949,0.02182
30,"At home, I often",dua_ctx,0.7,1,67,0.71346,0.51232,1.04741,1.03179,0.02653
30,"At home, I often",dua_ctx,0.9,1,78,0.90029,0.52234,1.40209,1.37297,0.05454
30,"At home, I often",dua_ctx,0.99,1,94,0.99121,0.56891,2.01005,1.95557,0.05735
30,"At home, I often",euc_unemb,0.3,1,15,0.31288,0.37182,0.82818,0.8342,0.14803
30,"At home, I often",euc_unemb,0.5,1,17,0.6087,0.38846,1.05486,1.05765,0.20429
30,"At home, I often",euc_unemb,0.7,1,18,0.74161,0.42263,1.18055,1.18097,0.21123
30,"At home, I often",euc_unemb,0.9,1,20,0.90678,0.52176,1.46563,1.45979,0.21924
30,"At home, I often",euc_unemb,0.99,1,24,0.99093,0.68535,2.15007,2.12695,0.22889
30,"At home, I often",cau_unemb,0.3,1,17,0.33057,0.35321,0.91894,0.92777,0.17707
30,"At home, I often",cau_unemb,0.5,1,19,0.58674,0.37192,1.04224,1.04866,0.18971
30,"At home, I often",cau_unemb,0.7,1,20,0.70576,0.40077,1.10255,1.10721,0.20939
30,"At home, I often",cau_unemb,0.9,1,23,0.91933,0.53369,1.33151,1.32861,0.20448
30,"At home, I often",cau_unemb,0.99,1,28,0.99319,0.70063,1.93148,1.91015,0.2154
30,"At home, I often",dua_unemb,0.3,1,17,0.34434,0.62133,0.29881,0.30405,0.14175
30,"At home, I often",dua_unemb,0.5,1,19,0.52089,0.62818,0.40111,0.40426,0.14849
30,"At home, I often",dua_unemb,0.7,1,22,0.75089,0.65451,0.60068,0.59873,0.16552
30,"At home, I often",dua_unemb,0.9,1,26,0.92523,0.70138,0.9501,0.93767,0.16802
30,"At home, I often",dua_unemb,0.99,1,31,0.99108,0.75252,1.51455,1.48376,0.1734
30,"At home, I often",euc_dmd,0.3,1,16,0.40064,0.24998,1.58255,1.58697,0.21185
30,"At home, I often",euc_dmd,0.5,1,17,0.53967,0.25315,1.70955,1.71225,0.20934
30,"At home, I often",euc_dmd,0.7,1,19,0.78104,0.29812,1.95805,1.9564,0.2333
30,"At home, I often",euc_dmd,0.9,1,21,0.91464,0.38457,2.21349,2.20626,0.22447
30,"At home, I often",euc_dmd,0.99,1,26,0.99381,0.62798,2.97543,2.94949,0.2299
30,"At home, I often",cau_dmd,0.3,1,19,0.3529,0.26958,1.7905,1.79728,0.22004
30,"At home, I often",cau_dmd,0.5,1,21,0.56826,0.26736,2.01616,2.01981,0.21376
30,"At home, I often",cau_dmd,0.7,1,23,0.7589,0.2883,2.26526,2.26473,0.19012
30,"At home, I often",cau_dmd,0.9,1,26,0.91995,0.34385,2.68705,2.67842,0.19281
30,"At home, I often",cau_dmd,0.99,1,32,0.99332,0.44517,3.6613,3.63227,0.20157
30,"At home, I often",dua_dmd,0.3,1,16,0.34959,0.53879,0.47014,0.47693,0.18768
30,"At home, I often",dua_dmd,0.5,1,18,0.50987,0.53153,0.60029,0.60582,0.12997
30,"At home, I often",dua_dmd,0.7,1,21,0.70394,0.53835,0.81035,0.81292,0.14161
30,"At home, I often",dua_dmd,0.9,1,27,0.91706,0.58684,1.27267,1.26524,0.17384
30,"At home, I often",dua_dmd,0.99,1,35,0.99156,0.66661,2.04263,2.01347,0.17766
197,"Over time, These kids now",euc_ctx,0.3,1,15,0.34316,0.32386,0.23592,0.24006,0.06241
197,"Over time, These kids now",euc_ctx,0.5,1,18,0.50761,0.31612,0.29373,0.29747,0.06612
197,"Over time, These kids now",euc_ctx,0.7,1,22,0.7183,0.33956,0.34971,0.35222,0.06525
197,"Over time, These kids now",euc_ctx,0.9,1,28,0.90826,0.43303,0.42573,0.42489,0.05852
197,"Over time, These kids now",euc_ctx,0.99,1,39,0.9916,0.64399,0.74784,0.73692,0.04214
197,"Over time, These kids now",cau_ctx,0.3,1,28,0.31794,0.31868,0.35076,0.35625,0.04695
197,"Over time, These kids now",cau_ctx,0.5,1,35,0.51777,0.29261,0.50933,0.51407,0.05932
197,"Over time, These kids now",cau_ctx,0.7,1,42,0.71381,0.29135,0.68252,0.68552,0.06273
197,"Over time, These kids now",cau_ctx,0.9,1,53,0.90552,0.31986,1.02103,1.01924,0.1977
197,"Over time, These kids now",cau_ctx,0.99,1,72,0.99062,0.35621,1.92459,1.90951,0.24628
197,"Over time, These kids now",dua_ctx,0.3,1,27,0.30915,0.47118,0.16358,0.16644,0.02627
197,"Over time, These kids now",dua_ctx,0.5,1,37,0.50314,0.46894,0.29066,0.29106,0.03041
197,"Over time, These kids now",dua_ctx,0.7,1,48,0.70423,0.48346,0.4807,0.47628,0.0308
197,"Over time, These kids now",dua_ctx,0.9,1,63,0.9023,0.52418,0.83289,0.81873,0.05486
197,"Over time, These kids now",dua_ctx,0.99,1,80,0.99089,0.58656,1.40561,1.37625,0.06264
197,"Over time, These kids now",euc_unemb,0.3,1,7,0.33468,0.37668,0.17029,0.17253,0.04077
197,"Over time, These kids now",euc_unemb,0.5,1,9,0.57033,0.38372,0.24139,0.24232,0.04072
197,"Over time, These kids now",euc_unemb,0.7,1,11,0.77868,0.43329,0.31992,0.3183,0.04496
197,"Over time, These kids now",euc_unemb,0.9,1,13,0.90357,0.50923,0.43864,0.43318,0.05022
197,"Over time, These kids now",euc_unemb,0.99,1,18,0.99106,0.6658,1.01151,0.992,0.04336
197,"Over time, These kids now",cau_unemb,0.3,1,7,0.30866,0.34525,0.16364,0.16693,0.04542
197,"Over time, These kids now",cau_unemb,0.5,1,9,0.53012,0.34236,0.21251,0.21516,0.04326
197,"Over time, These kids now",cau_unemb,0.7,1,11,0.74028,0.38114,0.24354,0.24462,0.04016
197,"Over time, These kids now",cau_unemb,0.9,1,14,0.9196,0.49527,0.32016,0.31702,0.0432
197,"Over time, These kids now",cau_unemb,0.99,1,19,0.99142,0.67771,0.69581,0.68141,0.03939
197,"Over time, These kids now",dua_unemb,0.3,1,9,0.31602,0.50085,0.08257,0.08479,0.01682
197,"Over time, These kids now",dua_unemb,0.5,1,12,0.51376,0.5169,0.15021,0.1505,0.01975
197,"Over time, These kids now",dua_unemb,0.7,1,16,0.72263,0.56027,0.29101,0.28636,0.02542
197,"Over time, These kids now",dua_unemb,0.9,1,23,0.91581,0.64836,0.70531,0.68714,0.02819
197,"Over time, These kids now",dua_unemb,0.99,1,31,0.99106,0.72435,1.48397,1.44397,0.05121
197,"Over time, These kids now",euc_dmd,0.3,1,6,0.32621,0.30604,0.24037,0.24386,0.05169
197,"Over time, These kids now",euc_dmd,0.5,1,8,0.58964,0.29582,0.3308,0.3332,0.0588
197,"Over time, These kids now",euc_dmd,0.7,1,9,0.7113,0.31004,0.36703,0.36842,0.05972
197,"Over time, These kids now",euc_dmd,0.9,1,12,0.92408,0.40828,0.49604,0.49272,0.06099
197,"Over time, These kids now",euc_dmd,0.99,1,17,0.99388,0.60314,0.93706,0.92146,0.05816
197,"Over time, These kids now",cau_dmd,0.3,1,7,0.39429,0.27155,0.30178,0.30629,0.06404
197,"Over time, These kids now",cau_dmd,0.5,1,8,0.51476,0.26668,0.33463,0.3388,0.06438
197,"Over time, These kids now",cau_dmd,0.7,1,10,0.7338,0.2872,0.38264,0.38546,0.06241
197,"Over time, These kids now",cau_dmd,0.9,1,13,0.9165,0.37024,0.48237,0.48146,0.05601
197,"Over time, These kids now",cau_dmd,0.99,1,19,0.99338,0.53684,0.98108,0.96762,0.04672
197,"Over time, These kids now",dua_dmd,0.3,1,7,0.323,0.46461,0.09181,0.09484,0.02028
197,"Over time, These kids now",dua_dmd,0.5,1,9,0.51505,0.45779,0.14979,0.15237,0.03777
197,"Over time, These kids now",dua_dmd,0.7,1,12,0.77485,0.47074,0.25618,0.25665,0.04353
197,"Over time, These kids now",dua_dmd,0.9,1,15,0.92302,0.50306,0.38528,0.38231,0.03513
197,"Over time, These kids now",dua_dmd,0.99,1,20,0.99064,0.56836,0.6666,0.6561,0.03571
146,"At home, Our customers really",euc_ctx,0.3,1,21,0.31697,0.37786,0.48797,0.49447,0.23643
146,"At home, Our customers really",euc_ctx,0.5,1,25,0.53307,0.37069,0.65609,0.66149,0.24793
146,"At home, Our customers really",euc_ctx,0.7,1,29,0.73621,0.39799,0.81051,0.81384,0.25451
146,"At home, Our customers really",euc_ctx,0.9,1,35,0.91327,0.48321,1.05449,1.05302,0.12149
146,"At home, Our customers really",euc_ctx,0.99,1,46,0.99136,0.63749,1.70085,1.68671,0.29926
146,"At home, Our customers really",cau_ctx,0.3,1,37,0.31698,0.3565,0.49757,0.50444,0.05473
146,"At home, Our customers really",cau_ctx,0.5,1,43,0.50125,0.33216,0.67483,0.68036,0.07726
146,"At home, Our customers really",cau_ctx,0.7,1,50,0.7114,0.31876,0.93293,0.93551,0.22721
146,"At home, Our customers really",cau_ctx,0.9,1,61,0.90885,0.30409,1.47816,1.47326,0.29991
146,"At home, Our customers really",cau_ctx,0.99,1,80,0.9906,0.23765,2.73805,2.71502,0.33233
146,"At home, Our customers really",dua_ctx,0.3,1,35,0.30165,0.51847,0.26292,0.26524,0.02948
146,"At home, Our customers really",dua_ctx,0.5,1,47,0.50589,0.5005,0.49712,0.49494,0.03251
146,"At home, Our customers really",dua_ctx,0.7,1,59,0.7043,0.489,0.8178,0.80854,0.09331
146,"At home, Our customers really",dua_ctx,0.9,1,75,0.90495,0.48774,1.40481,1.38228,0.10798
146,"At home, Our customers really",dua_ctx,0.99,1,92,0.99166,0.50808,2.32774,2.28614,0.0986
146,"At home, Our customers really",euc_unemb,0.3,1,10,0.3525,0.4534,0.3205,0.32266,0.10052
146,"At home, Our customers really",euc_unemb,0.5,1,12,0.59236,0.47401,0.45113,0.45078,0.11166
146,"At home, Our customers really",euc_unemb,0.7,1,13,0.70308,0.49493,0.54255,0.5403,0.11958
146,"At home, Our customers really",euc_unemb,0.9,1,16,0.9102,0.56619,0.96699,0.95652,0.1128
146,"At home, Our customers really",euc_unemb,0.99,1,21,0.99104,0.61588,2.02055,1.99148,0.13588
146,"At home, Our customers really",cau_unemb,0.3,1,11,0.34799,0.44934,0.3839,0.38793,0.26897
146,"At home, Our customers really",cau_unemb,0.5,1,13,0.55561,0.46798,0.48044,0.48268,0.10223
146,"At home, Our customers really",cau_unemb,0.7,1,15,0.74309,0.50884,0.62099,0.62014,0.11024
146,"At home, Our customers really",cau_unemb,0.9,1,18,0.90892,0.57797,0.96893,0.96118,0.10955
146,"At home, Our customers really",cau_unemb,0.99,1,24,0.99122,0.63674,2.00029,1.97398,0.13092
146,"At home, Our customers really",dua_unemb,0.3,1,12,0.32257,0.54842,0.16382,0.16289,0.00992
146,"At home, Our customers really",dua_unemb,0.5,1,16,0.53179,0.55984,0.33345,0.32748,0.0561
146,"At home, Our customers really",dua_unemb,0.7,1,20,0.70577,0.57473,0.58099,0.56806,0.07111
146,"At home, Our customers really",dua_unemb,0.9,1,27,0.90032,0.60022,1.28872,1.25939,0.09009
146,"At home, Our customers really",dua_unemb,0.99,1,39,0.99218,0.61608,3.33044,3.26226,0.121
146,"At home, Our customers really",euc_dmd,0.3,1,10,0.32668,0.38982,0.55306,0.55689,0.32791
146,"At home, Our customers really",euc_dmd,0.5,1,12,0.54669,0.39404,0.69777,0.69949,0.34587
146,"At home, Our customers really",euc_dmd,0.7,1,14,0.74692,0.4304,0.87419,0.87256,0.12615
146,"At home, Our customers really",euc_dmd,0.9,1,17,0.91702,0.51404,1.26869,1.25986,0.13188
146,"At home, Our customers really",euc_dmd,0.99,1,23,0.99329,0.62418,2.43729,2.409,0.14282
146,"At home, Our customers really",cau_dmd,0.3,1,12,0.37581,0.37811,0.67055,0.67602,0.34982
146,"At home, Our customers really",cau_dmd,0.5,1,14,0.56374,0.38763,0.78444,0.78824,0.34518
146,"At home, Our customers really",cau_dmd,0.7,1,16,0.73253,0.41929,0.92434,0.92557,0.13137
146,"At home, Our customers really",cau_dmd,0.9,1,20,0.92314,0.51041,1.35926,1.35285,0.11978
146,"At home, Our customers really",cau_dmd,0.99,1,26,0.99078,0.59392,2.32583,2.30365,0.13924
146,"At home, Our customers really",dua_dmd,0.3,1,11,0.31754,0.5141,0.21751,0.2193,0.0129
146,"At home, Our customers really",dua_dmd,0.5,1,15,0.54152,0.51565,0.42698,0.42457,0.09061
146,"At home, Our customers really",dua_dmd,0.7,1,19,0.71603,0.5249,0.72304,0.7147,0.08225
146,"At home, Our customers really",dua_dmd,0.9,1,27,0.90288,0.55483,1.62975,1.60567,0.10479
146,"At home, Our customers really",dua_dmd,0.99,1,40,0.99063,0.60443,3.57901,3.52171,0.117
282,"Today, We never",euc_ctx,0.3,1,28,0.34772,0.15805,0.89942,0.89889,0.22972
282,"Today, We never",euc_ctx,0.5,1,31,0.51486,0.15554,0.98576,0.98383,0.23052
282,"Today, We never",euc_ctx,0.7,1,35,0.72543,0.17555,1.03631,1.03211,0.22417
282,"Today, We never",euc_ctx,0.9,1,41,0.91076,0.25517,1.02491,1.01633,0.21617
282,"Today, We never",euc_ctx,0.99,1,52,0.99122,0.49451,1.12484,1.10454,0.19203
282,"Today, We never",cau_ctx,0.3,1,53,0.32322,0.13336,1.2733,1.27061,0.21725
282,"Today, We never",cau_ctx,0.5,1,60,0.52295,0.12089,1.49774,1.49223,0.21782
282,"Today, We never",cau_ctx,0.7,1,67,0.71414,0.12331,1.68641,1.67744,0.20287
282,"Today, We never",cau_ctx,0.9,1,79,0.90946,0.14759,2.00576,1.98907,0.20776
282,"Today, We never",cau_ctx,0.99,1,100,0.99071,0.17282,2.93213,2.89597,0.18067
282,"Today, We never",dua_ctx,0.3,1,39,0.31152,0.42697,0.32383,0.3243,0.05973
282,"Today, We never",dua_ctx,0.5,1,47,0.50187,0.41737,0.45641,0.45352,0.06132
282,"Today, We never",dua_ctx,0.7,1,56,0.70689,0.4223,0.63396,0.62573,0.04523
282,"Today, We never",dua_ctx,0.9,1,69,0.90861,0.45839,0.9416,0.92276,0.13667
282,"Today, We never",dua_ctx,0.99,1,86,0.99065,0.5399,1.44771,1.41025,0.13466
282,"Today, We never",euc_unemb,0.3,1,12,0.33555,0.20793,0.67674,0.67693,0.21077
282,"Today, We never",euc_unemb,0.5,1,14,0.60358,0.21562,0.79928,0.79708,0.20918
282,"Today, We never",euc_unemb,0.7,1,15,0.72598,0.23634,0.84812,0.84433,0.20648
282,"Today, We never",euc_unemb,0.9,1,18,0.93357,0.35421,1.01016,0.99976,0.20212
282,"Today, We never",euc_unemb,0.99,1,22,0.99245,0.5303,1.44775,1.42416,0.16505
282,"Today, We never",cau_unemb,0.3,1,13,0.31072,0.19082,0.68848,0.69072,0.21375
282,"Today, We never",cau_unemb,0.5,1,15,0.54656,0.19043,0.78144,0.78204,0.21943
282,"Today, We never",cau_unemb,0.7,1,17,0.76324,0.22348,0.83149,0.82971,0.20934
282,"Today, We never",cau_unemb,0.9,1,20,0.93369,0.32634,0.90459,0.89754,0.18873
282,"Today, We never",cau_unemb,0.99,1,24,0.99008,0.48304,1.18053,1.16309,0.17229
282,"Today, We never",dua_unemb,0.3,1,14,0.37747,0.46745,0.21452,0.21595,0.04608
282,"Today, We never",dua_unemb,0.5,1,16,0.56043,0.47487,0.29961,0.2989,0.05043
282,"Today, We never",dua_unemb,0.7,1,18,0.72163,0.49205,0.40079,0.39712,0.05182
282,"Today, We never",dua_unemb,0.9,1,22,0.91799,0.54416,0.64452,0.63281,0.06067
282,"Today, We never",dua_unemb,0.99,1,28,0.9927,0.63247,1.10903,1.08139,0.06289
282,"Today, We never",euc_dmd,0.3,1,12,0.33676,0.12992,1.04927,1.04921,0.22974
282,"Today, We never",euc_dmd,0.5,1,14,0.60016,0.12787,1.20865,1.20622,0.23047
282,"Today, We never",euc_dmd,0.7,1,15,0.72051,0.13851,1.26469,1.26084,0.22749
282,"Today, We never",euc_dmd,0.9,1,18,0.92845,0.21708,1.39319,1.3841,0.21321
282,"Today, We never",euc_dmd,0.99,1,22,0.99096,0.40531,1.64694,1.62807,0.21749
282,"Today, We never",cau_dmd,0.3,1,14,0.32563,0.12847,1.10917,1.11103,0.22513
282,"Today, We never",cau_dmd,0.5,1,16,0.53872,0.12621,1.2097,1.20991,0.22691
282,"Today, We never",cau_dmd,0.7,1,18,0.73686,0.14513,1.26977,1.26794,0.2268
282,"Today, We never",cau_dmd,0.9,1,21,0.911,0.21462,1.34687,1.34108,0.21136
282,"Today, We never",cau_dmd,0.99,1,27,0.99237,0.45734,1.70115,1.68342,0.18956
282,"Today, We never",dua_dmd,0.3,1,13,0.34901,0.39672,0.30127,0.30482,0.07289
282,"Today, We never",dua_dmd,0.5,1,15,0.5319,0.39032,0.40111,0.40339,0.07519
282,"Today, We never",dua_dmd,0.7,1,18,0.75267,0.40028,0.56078,0.56003,0.08846
282,"Today, We never",dua_dmd,0.9,1,22,0.91167,0.43546,0.78729,0.78076,0.09078
282,"Today, We never",dua_dmd,0.99,1,29,0.99059,0.51879,1.24491,1.2245,0.09019
228,"Today, Both of them always",euc_ctx,0.3,1,9,0.31413,0.4817,0.11352,0.11691,0.04073
228,"Today, Both of them always",euc_ctx,0.5,1,13,0.55421,0.46835,0.20682,0.20965,0.0953
228,"Today, Both of them always",euc_ctx,0.7,1,16,0.7244,0.48866,0.27738,0.27882,0.11837
228,"Today, Both of them always",euc_ctx,0.9,1,21,0.90145,0.56017,0.41073,0.40819,0.11886
228,"Today, Both of them always",euc_ctx,0.99,1,31,0.991,0.69539,0.85162,0.83695,0.12815
228,"Today, Both of them always",cau_ctx,0.3,1,18,0.3274,0.48811,0.15721,0.16132,0.08969
228,"Today, Both of them always",cau_ctx,0.5,1,24,0.514,0.47383,0.25756,0.26126,0.09516
228,"Today, Both of them always",cau_ctx,0.7,1,31,0.72448,0.48853,0.39457,0.39643,0.11978
228,"Today, Both of them always",cau_ctx,0.9,1,41,0.90715,0.54361,0.66266,0.65953,0.14123
228,"Today, Both of them always",cau_ctx,0.99,1,59,0.99077,0.61122,1.43309,1.41605,0.14682
228,"Today, Both of them always",dua_ctx,0.3,1,17,0.30076,0.54215,0.10484,0.10741,0.01261
228,"Today, Both of them always",dua_ctx,0.5,1,26,0.50981,0.5189,0.23396,0.2346,0.02322
228,"Today, Both of them always",dua_ctx,0.7,1,35,0.71472,0.5102,0.40924,0.40588,0.03255
228,"Today, Both of them always",dua_ctx,0.9,1,47,0.91003,0.52586,0.71867,0.70703,0.03751
228,"Today, Both of them always",dua_ctx,0.99,1,61,0.99002,0.57576,1.21533,1.18993,0.03875
228,"Today, Both of them always",euc_unemb,0.3,1,4,0.33298,0.51911,0.08477,0.08709,0.04044
228,"Today, Both of them always",euc_unemb,0.5,1,6,0.61815,0.5371,0.19585,0.19665,0.1058
228,"Today, Both of them always",euc_unemb,0.7,1,7,0.74493,0.56783,0.27959,0.27875,0.10774
228,"Today, Both of them always",euc_unemb,0.9,1,9,0.90507,0.64749,0.51711,0.51132,0.1402
228,"Today, Both of them always",euc_unemb,0.99,1,13,0.99032,0.7572,1.21182,1.19178,0.14975
228,"Today, Both of them always",cau_unemb,0.3,1,5,0.41089,0.50691,0.10368,0.10704,0.0425
228,"Today, Both of them always",cau_unemb,0.5,1,6,0.54298,0.5149,0.14466,0.14761,0.04946
228,"Today, Both of them always",cau_unemb,0.7,1,8,0.77486,0.56801,0.2604,0.26113,0.10427
228,"Today, Both of them always",cau_unemb,0.9,1,10,0.90859,0.64416,0.43963,0.43639,0.13419
228,"Today, Both of them always",cau_unemb,0.99,1,15,0.99282,0.76772,1.13395,1.11604,0.14481
228,"Today, Both of them always",dua_unemb,0.3,1,5,0.36428,0.5871,0.05517,0.05698,0.02671
228,"Today, Both of them always",dua_unemb,0.5,1,7,0.57654,0.59997,0.12282,0.12352,0.02889
228,"Today, Both of them always",dua_unemb,0.7,1,9,0.75884,0.6242,0.22514,0.2235,0.0339
228,"Today, Both of them always",dua_unemb,0.9,1,12,0.91738,0.66958,0.43971,0.43257,0.09131
228,"Today, Both of them always",dua_unemb,0.99,1,17,0.99025,0.73863,0.9255,0.90567,0.11762
228,"Today, Both of them always",euc_dmd,0.3,1,4,0.33178,0.47635,0.1295,0.13221,0.09502
228,"Today, Both of them always",euc_dmd,0.5,1,6,0.61242,0.47455,0.25718,0.25854,0.12599
228,"Today, Both of them always",euc_dmd,0.7,1,7,0.73767,0.49777,0.33498,0.33492,0.14196
228,"Today, Both of them always",euc_dmd,0.9,1,10,0.94,0.6171,0.66135,0.65438,0.15138
228,"Today, Both of them always",euc_dmd,0.99,1,14,0.99338,0.75019,1.30939,1.28927,0.15735
228,"Today, Both of them always",cau_dmd,0.3,1,5,0.37612,0.46239,0.16508,0.16876,0.11947
228,"Today, Both of them always",cau_dmd,0.5,1,7,0.61496,0.46803,0.2627,0.26546,0.13346
228,"Today, Both of them always",cau_dmd,0.7,1,8,0.72079,0.48874,0.31742,0.31919,0.14175
228,"Today, Both of them always",cau_dmd,0.9,1,11,0.91403,0.59188,0.54993,0.54683,0.14427
228,"Today, Both of them always",cau_dmd,0.99,1,16,0.99057,0.74789,1.18944,1.17384,0.1495
228,"Today, Both of them always",dua_dmd,0.3,1,5,0.40692,0.54849,0.09039,0.0922,0.0412
228,"Today, Both of them always",dua_dmd,0.5,1,6,0.51904,0.54593,0.13113,0.13261,0.04268
228,"Today, Both of them always",dua_dmd,0.7,1,8,0.70955,0.55199,0.22784,0.22806,0.04959
228,"Today, Both of them always",dua_dmd,0.9,1,12,0.90931,0.58918,0.473,0.46875,0.05729
228,"Today, Both of them always",dua_dmd,0.99,1,19,0.99156,0.67159,1.0629,1.04564,0.05982
150,"Honestly, We rarely",euc_ctx,0.3,1,28,0.32066,0.24176,0.92663,0.92854,0.22271
150,"Honestly, We rarely",euc_ctx,0.5,1,31,0.50443,0.23724,1.04088,1.04099,0.22822
150,"Honestly, We rarely",euc_ctx,0.7,1,35,0.73789,0.2688,1.1185,1.11548,0.22716
150,"Honestly, We rarely",euc_ctx,0.9,1,40,0.90828,0.36213,1.15872,1.1505,0.2344
150,"Honestly, We rarely",euc_ctx,0.99,1,50,0.99143,0.60763,1.41841,1.39563,0.24973
150,"Honestly, We rarely",cau_ctx,0.3,1,54,0.3246,0.2941,1.2133,1.21325,0.22835
150,"Honestly, We rarely",cau_ctx,0.5,1,60,0.51779,0.26546,1.5059,1.50205,0.21878
150,"Honestly, We rarely",cau_ctx,0.7,1,66,0.7051,0.24821,1.83385,1.82484,0.22036
150,"Honestly, We rarely",cau_ctx,0.9,1,76,0.90012,0.22991,2.47625,2.45602,0.23147
150,"Honestly, We rarely",cau_ctx,0.99,1,95,0.99096,0.19292,3.93854,3.89219,0.23694
150,"Honestly, We rarely",dua_ctx,0.3,1,39,0.30767,0.49472,0.35508,0.35457,0.05673
150,"Honestly, We rarely",dua_ctx,0.5,1,47,0.5122,0.49219,0.49294,0.48763,0.05753
150,"Honestly, We rarely",dua_ctx,0.7,1,55,0.70239,0.50488,0.66013,0.64829,0.06186
150,"Honestly, We rarely",dua_ctx,0.9,1,68,0.90735,0.55245,1.00009,0.97443,0.15444
150,"Honestly, We rarely",dua_ctx,0.99,1,84,0.99044,0.63477,1.60022,1.55251,0.22037
150,"Honestly, We rarely",euc_unemb,0.3,1,12,0.37657,0.31478,0.74654,0.75111,0.20535
150,"Honestly, We rarely",euc_unemb,0.5,1,13,0.53408,0.31754,0.86198,0.86505,0.19968
150,"Honestly, We rarely",euc_unemb,0.7,1,15,0.80548,0.36864,1.13965,1.1381,0.22026
150,"Honestly, We rarely",euc_unemb,0.9,1,17,0.9375,0.44951,1.50016,1.49181,0.2219
150,"Honestly, We rarely",euc_unemb,0.99,1,20,0.99045,0.54048,2.17862,2.15708,0.22466
150,"Honestly, We rarely",cau_unemb,0.3,1,13,0.33154,0.2852,0.75156,0.75837,0.2269
150,"Honestly, We rarely",cau_unemb,0.5,1,15,0.60455,0.2951,0.90235,0.90694,0.2124
150,"Honestly, We rarely",cau_unemb,0.7,1,16,0.72829,0.31783,0.98474,0.98763,0.21062
150,"Honestly, We rarely",cau_unemb,0.9,1,19,0.93486,0.4219,1.32537,1.32063,0.21992
150,"Honestly, We rarely",cau_unemb,0.99,1,23,0.99248,0.5166,2.02899,2.00946,0.21202
150,"Honestly, We rarely",dua_unemb,0.3,1,14,0.38058,0.53386,0.29184,0.29534,0.12236
150,"Honestly, We rarely",dua_unemb,0.5,1,16,0.56831,0.54432,0.4245,0.42587,0.13633
150,"Honestly, We rarely",dua_unemb,0.7,1,18,0.73784,0.56486,0.60048,0.59863,0.17285
150,"Honestly, We rarely",dua_unemb,0.9,1,21,0.90518,0.60724,0.9414,0.93271,0.182
150,"Honestly, We rarely",dua_unemb,0.99,1,26,0.99065,0.67853,1.65491,1.63043,0.18403
150,"Honestly, We rarely",euc_dmd,0.3,1,12,0.3567,0.21265,1.19557,1.19999,0.23327
150,"Honestly, We rarely",euc_dmd,0.5,1,13,0.50527,0.20924,1.32298,1.32597,0.22895
150,"Honestly, We rarely",euc_dmd,0.7,1,15,0.77473,0.24288,1.56958,1.56878,0.21795
150,"Honestly, We rarely",euc_dmd,0.9,1,17,0.91978,0.32224,1.83853,1.83263,0.22264
150,"Honestly, We rarely",euc_dmd,0.99,1,21,0.99199,0.52441,2.55176,2.532,0.26421
150,"Honestly, We rarely",cau_dmd,0.3,1,14,0.32132,0.22014,1.27079,1.27735,0.24128
150,"Honestly, We rarely",cau_dmd,0.5,1,16,0.55637,0.22449,1.43149,1.43601,0.23926
150,"Honestly, We rarely",cau_dmd,0.7,1,18,0.76642,0.2645,1.59666,1.59825,0.22417
150,"Honestly, We rarely",cau_dmd,0.9,1,21,0.93161,0.37492,1.92174,1.91698,0.25886
150,"Honestly, We rarely",cau_dmd,0.99,1,26,0.99293,0.55874,2.76984,2.74986,0.25817
150,"Honestly, We rarely",dua_dmd,0.3,1,13,0.35622,0.46348,0.40257,0.4074,0.15951
150,"Honestly, We rarely",dua_dmd,0.5,1,15,0.52668,0.45854,0.54879,0.55228,0.17361
150,"Honestly, We rarely",dua_dmd,0.7,1,18,0.74194,0.46883,0.81734,0.81765,0.18625
150,"Honestly, We rarely",dua_dmd,0.9,1,22,0.90941,0.50574,1.25211,1.24614,0.18808
150,"Honestly, We rarely",dua_dmd,0.99,1,29,0.99134,0.5942,2.18063,2.15859,0.19659
37,"In this case, People really",euc_ctx,0.3,1,11,0.3398,0.36777,0.16594,0.16817,0.06935
37,"In this case, People really",euc_ctx,0.5,1,15,0.55242,0.35711,0.28392,0.28516,0.07054
37,"In this case, People really",euc_ctx,0.7,1,18,0.70379,0.3686,0.38184,0.38166,0.07327
37,"In this case, People really",euc_ctx,0.9,1,25,0.9159,0.44016,0.66061,0.65516,0.07086
37,"In this case, People really",euc_ctx,0.99,1,36,0.99145,0.56638,1.29647,1.27912,0.07154
37,"In this case, People really",cau_ctx,0.3,1,19,0.32121,0.40332,0.19736,0.20239,0.07665
37,"In this case, People really",cau_ctx,0.5,1,26,0.52545,0.39164,0.35346,0.35837,0.07229
37,"In this case, People really",cau_ctx,0.7,1,33,0.72021,0.40442,0.54008,0.54372,0.07894
37,"In this case, People really",cau_ctx,0.9,1,44,0.90468,0.45618,0.90516,0.90474,0.08467
37,"In this case, People really",cau_ctx,0.99,1,65,0.99014,0.53865,1.87424,1.86171,0.09417
37,"In this case, People really",dua_ctx,0.3,1,24,0.31335,0.45825,0.12613,0.12692,0.06178
37,"In this case, People really",dua_ctx,0.5,1,36,0.50196,0.46861,0.28212,0.27958,0.05079
37,"In this case, People really",dua_ctx,0.7,1,50,0.70647,0.49653,0.57994,0.57047,0.05986
37,"In this case, People really",dua_ctx,0.9,1,69,0.90217,0.5507,1.22913,1.20534,0.0722
37,"In this case, People really",dua_ctx,0.99,1,89,0.99075,0.60985,2.30281,2.25804,0.0774
37,"In this case, People really",euc_unemb,0.3,1,5,0.35893,0.3381,0.13231,0.13268,0.03324
37,"In this case, People really",euc_unemb,0.5,1,7,0.60241,0.33613,0.21337,0.21202,0.03743
37,"In this case, People really",euc_unemb,0.7,1,8,0.71351,0.35086,0.25699,0.25432,0.06446
37,"In this case, People really",euc_unemb,0.9,1,11,0.91683,0.43423,0.4498,0.44139,0.07811
37,"In this case, People really",euc_unemb,0.99,1,16,0.99236,0.55452,1.0863,1.06355,0.08182
37,"In this case, People really",cau_unemb,0.3,1,5,0.3257,0.32753,0.13477,0.13622,0.02888
37,"In this case, People really",cau_unemb,0.5,1,7,0.54969,0.31235,0.21827,0.21865,0.06012
37,"In this case, People really",cau_unemb,0.7,1,9,0.75385,0.33203,0.30122,0.29954,0.06554
37,"In this case, People really",cau_unemb,0.9,1,12,0.92305,0.40171,0.47236,0.4658,0.06322
37,"In this case, People really",cau_unemb,0.99,1,17,0.99116,0.51262,0.98101,0.96283,0.06954
37,"In this case, People really",dua_unemb,0.3,1,8,0.34959,0.46001,0.06617,0.06519,0.00337
37,"In this case, People really",dua_unemb,0.5,1,11,0.516,0.4713,0.12879,0.12514,0.00976
37,"In this case, People really",dua_unemb,0.7,1,15,0.71095,0.49955,0.25082,0.24184,0.01445
37,"In this case, People really",dua_unemb,0.9,1,21,0.90685,0.55722,0.52468,0.50456,0.02519
37,"In this case, People really",dua_unemb,0.99,1,28,0.99053,0.62924,1.03484,0.99728,0.08099
37,"In this case, People really",euc_dmd,0.3,1,4,0.31139,0.31098,0.16674,0.16859,0.07694
37,"In this case, People really",euc_dmd,0.5,1,6,0.58256,0.28217,0.30356,0.30406,0.0802
37,"In this case, People really",euc_dmd,0.7,1,7,0.70921,0.28678,0.36947,0.36876,0.08272
37,"In this case, People really",euc_dmd,0.9,1,10,0.92682,0.35035,0.59732,0.5912,0.07431
37,"In this case, People really",euc_dmd,0.99,1,14,0.99056,0.46061,1.06222,1.0459,0.0787
37,"In this case, People really",cau_dmd,0.3,1,5,0.40899,0.27125,0.26827,0.27104,0.07835
37,"In this case, People really",cau_dmd,0.5,1,6,0.5383,0.2559,0.34839,0.35058,0.19637
37,"In this case, People really",cau_dmd,0.7,1,8,0.76335,0.25301,0.50706,0.50715,0.19849
37,"In this case, People really",cau_dmd,0.9,1,11,0.93241,0.28352,0.79214,0.78707,0.1888
37,"In this case, People really",cau_dmd,0.99,1,16,0.99212,0.32187,1.48747,1.47035,0.18783
37,"In this case, People really",dua_dmd,0.3,1,6,0.35833,0.42282,0.08988,0.09079,0.02464
37,"In this case, People really",dua_dmd,0.5,1,8,0.52095,0.41813,0.15383,0.15367,0.05651
37,"In this case, People really",dua_dmd,0.7,1,11,0.7338,0.42676,0.27567,0.27279,0.04988
37,"In this case, People really",dua_dmd,0.9,1,15,0.91325,0.45774,0.49882,0.49059,0.05995
37,"In this case, People really",dua_dmd,0.99,1,21,0.99316,0.51986,1.00766,0.98825,0.06853
262,Most doctors really,euc_ctx,0.3,1,27,0.31802,0.21209,0.68421,0.68912,0.09317
262,Most doctors really,euc_ctx,0.5,1,31,0.54427,0.21683,0.87453,0.87832,0.28455
262,Most doctors really,euc_ctx,0.7,1,34,0.70734,0.23895,1.01987,1.02238,0.32673
262,Most doctors really,euc_ctx,0.9,1,40,0.9081,0.32251,1.36715,1.36569,0.39686
262,Most doctors really,euc_ctx,0.99,1,50,0.99033,0.47581,2.25569,2.24361,0.40017
262,Most doctors really,cau_ctx,0.3,1,47,0.31263,0.26765,1.02014,1.02894,0.27375
262,Most doctors really,cau_ctx,0.5,1,53,0.5018,0.23134,1.413,1.41937,0.33363
262,Most doctors really,cau_ctx,0.7,1,60,0.71714,0.19689,1.98633,1.98813,0.40374
262,Most doctors really,cau_ctx,0.9,1,70,0.90366,0.15661,2.98284,2.9756,0.41223
262,Most doctors really,cau_ctx,0.99,1,89,0.99075,0.09315,5.18779,5.15931,0.3824
262,Most doctors really,dua_ctx,0.3,1,39,0.30879,0.31661,0.31875,0.32168,0.0272
262,Most doctors really,dua_ctx,0.5,1,49,0.51851,0.31021,0.52032,0.51971,0.03204
262,Most doctors really,dua_ctx,0.7,1,59,0.70582,0.31548,0.77356,0.76742,0.0374
262,Most doctors really,dua_ctx,0.9,1,76,0.90171,0.34518,1.31848,1.29896,0.03469
262,Most doctors really,dua_ctx,0.99,1,100,0.99016,0.3883,2.41773,2.37268,0.31243
262,Most doctors really,euc_unemb,0.3,1,13,0.41075,0.17399,0.80003,0.79856,0.35322
262,Most doctors really,euc_unemb,0.5,1,14,0.53649,0.17695,0.90268,0.89992,0.36639
262,Most doctors really,euc_unemb,0.7,1,16,0.7601,0.20051,1.14484,1.1387,0.37253
262,Most doctors really,euc_unemb,0.9,1,19,0.93378,0.25787,1.67459,1.66109,0.37437
262,Most doctors really,euc_unemb,0.99,1,23,0.99013,0.30559,2.70784,2.68092,0.3616
262,Most doctors really,cau_unemb,0.3,1,14,0.38229,0.15585,0.93848,0.93879,0.33459
262,Most doctors really,cau_unemb,0.5,1,16,0.60165,0.16263,1.1214,1.11963,0.40201
262,Most doctors really,cau_unemb,0.7,1,17,0.70124,0.17349,1.21752,1.21446,0.40953
262,Most doctors really,cau_unemb,0.9,1,21,0.9299,0.25041,1.73356,1.72342,0.38636
262,Most doctors really,cau_unemb,0.99,1,26,0.99092,0.3357,2.76646,2.74317,0.38811
262,Most doctors really,dua_unemb,0.3,1,15,0.34786,0.32586,0.1558,0.15524,0.02495
262,Most doctors really,dua_unemb,0.5,1,18,0.54921,0.33588,0.22293,0.21995,0.02868
262,Most doctors really,dua_unemb,0.7,1,21,0.71875,0.35311,0.31522,0.3088,0.05092
262,Most doctors really,dua_unemb,0.9,1,27,0.91478,0.39637,0.5875,0.57128,0.05293
262,Most doctors really,dua_unemb,0.99,1,36,0.99166,0.45551,1.29129,1.25436,0.24992
262,Most doctors really,euc_dmd,0.3,1,12,0.35264,0.15038,1.26959,1.27186,0.40899
262,Most doctors really,euc_dmd,0.5,1,14,0.59004,0.15113,1.56347,1.56298,0.41539
262,Most doctors really,euc_dmd,0.7,1,16,0.78727,0.17288,1.88324,1.87917,0.4085
262,Most doctors really,euc_dmd,0.9,1,18,0.90302,0.20776,2.27057,2.26201,0.39497
262,Most doctors really,euc_dmd,0.99,1,24,0.99273,0.28881,3.91382,3.88683,0.36255
262,Most doctors really,cau_dmd,0.3,1,13,0.30948,0.13581,1.66791,1.67254,0.4361
262,Most doctors really,cau_dmd,0.5,1,15,0.50635,0.1308,1.97243,1.97495,0.43621
262,Most doctors really,cau_dmd,0.7,1,18,0.77328,0.15109,2.44505,2.44342,0.42119
262,Most doctors really,cau_dmd,0.9,1,21,0.91656,0.19286,3.02317,3.01605,0.38986
262,Most doctors really,cau_dmd,0.99,1,27,0.99088,0.26193,4.58166,4.55942,0.36458
262,Most doctors really,dua_dmd,0.3,1,13,0.35349,0.2904,0.26387,0.26813,0.03748
262,Most doctors really,dua_dmd,0.5,1,15,0.51846,0.29197,0.33678,0.34001,0.03603
262,Most doctors really,dua_dmd,0.7,1,18,0.72004,0.30665,0.45805,0.45888,0.05472
262,Most doctors really,dua_dmd,0.9,1,24,0.91284,0.355,0.82957,0.82303,0.24886
262,Most doctors really,dua_dmd,0.99,1,35,0.99131,0.4427,2.62004,2.59157,0.35075
265,"At home, Both of them never",euc_ctx,0.3,1,11,0.30403,0.12169,0.1384,0.13807,0.0404
265,"At home, Both of them never",euc_ctx,0.5,1,15,0.52678,0.11584,0.20636,0.20511,0.04726
265,"At home, Both of them never",euc_ctx,0.7,1,19,0.73683,0.1315,0.26393,0.26136,0.04705
265,"At home, Both of them never",euc_ctx,0.9,1,25,0.91554,0.1954,0.36796,0.36259,0.04784
265,"At home, Both of them never",euc_ctx,0.99,1,36,0.99148,0.40292,0.82274,0.80881,0.13205
265,"At home, Both of them never",cau_ctx,0.3,1,21,0.32374,0.13963,0.16906,0.17018,0.09245
265,"At home, Both of them never",cau_ctx,0.5,1,27,0.50704,0.13984,0.25063,0.25119,0.09966
265,"At home, Both of them never",cau_ctx,0.7,1,34,0.71269,0.16097,0.36133,0.36066,0.11081
265,"At home, Both of them never",cau_ctx,0.9,1,45,0.90534,0.23732,0.62871,0.62451,0.10847
265,"At home, Both of them never",cau_ctx,0.99,1,66,0.99104,0.40957,1.71164,1.69418,0.12828
265,"At home, Both of them never",dua_ctx,0.3,1,15,0.30773,0.18461,0.07079,0.07188,0.02631
265,"At home, Both of them never",dua_ctx,0.5,1,21,0.52698,0.18123,0.13298,0.133,0.0296
265,"At home, Both of them never",dua_ctx,0.7,1,27,0.72875,0.19102,0.2113,0.20931,0.03103
265,"At home, Both of them never",dua_ctx,0.9,1,36,0.90603,0.22548,0.36553,0.35898,0.03409
265,"At home, Both of them never",dua_ctx,0.99,1,55,0.99112,0.32979,0.86794,0.84756,0.09602
265,"At home, Both of them never",euc_unemb,0.3,1,5,0.31192,0.13383,0.12426,0.12327,0.05013
265,"At home, Both of them never",euc_unemb,0.5,1,7,0.57522,0.13464,0.21453,0.21213,0.05711
265,"At home, Both of them never",euc_unemb,0.7,1,8,0.70184,0.14729,0.26939,0.266,0.0564
265,"At home, Both of them never",euc_unemb,0.9,1,11,0.9265,0.23585,0.51891,0.51114,0.09003
265,"At home, Both of them never",euc_unemb,0.99,1,15,0.99189,0.41379,1.1912,1.17338,0.12568
265,"At home, Both of them never",cau_unemb,0.3,1,6,0.36749,0.13292,0.12217,0.12234,0.04042
265,"At home, Both of them never",cau_unemb,0.5,1,8,0.60804,0.14014,0.18809,0.18742,0.04566
265,"At home, Both of them never",cau_unemb,0.7,1,9,0.71746,0.15402,0.22803,0.22672,0.04631
265,"At home, Both of them never",cau_unemb,0.9,1,12,0.91797,0.23674,0.41792,0.41349,0.0837
265,"At home, Both of them never",cau_unemb,0.99,1,17,0.99255,0.42745,1.15119,1.13653,0.12304
265,"At home, Both of them never",dua_unemb,0.3,1,6,0.3728,0.20262,0.06627,0.06678,0.03028
265,"At home, Both of them never",dua_unemb,0.5,1,8,0.60411,0.21115,0.137,0.13626,0.03381
265,"At home, Both of them never",dua_unemb,0.7,1,9,0.7067,0.22011,0.1833,0.1816,0.03477
265,"At home, Both of them never",dua_unemb,0.9,1,12,0.9016,0.25924,0.35443,0.3488,0.03847
265,"At home, Both of them never",dua_unemb,0.99,1,18,0.99212,0.35545,0.79569,0.7794,0.08878
265,"At home, Both of them never",euc_dmd,0.3,1,6,0.39588,0.10236,0.22724,0.22463,0.0555
265,"At home, Both of them never",euc_dmd,0.5,1,7,0.52284,0.09991,0.28212,0.27858,0.05324
265,"At home, Both of them never",euc_dmd,0.7,1,9,0.75513,0.11261,0.39878,0.39301,0.0606
265,"At home, Both of them never",euc_dmd,0.9,1,12,0.93647,0.17644,0.62342,0.61326,0.06544
265,"At home, Both of them never",euc_dmd,0.99,1,16,0.99176,0.33502,1.11131,1.09286,0.12094
265,"At home, Both of them never",cau_dmd,0.3,1,7,0.38139,0.1068,0.20931,0.20808,0.0425
265,"At home, Both of them never",cau_dmd,0.5,1,9,0.58767,0.10747,0.28484,0.28242,0.05296
265,"At home, Both of them never",cau_dmd,0.7,1,11,0.76681,0.12538,0.36799,0.36404,0.05346
265,"At home, Both of them never",cau_dmd,0.9,1,14,0.91996,0.1867,0.53615,0.52916,0.06251
265,"At home, Both of them never",cau_dmd,0.99,1,20,0.99287,0.41189,1.17685,1.16007,0.12885
265,"At home, Both of them never",dua_dmd,0.3,1,6,0.34454,0.18022,0.08389,0.08405,0.03257
265,"At home, Both of them never",dua_dmd,0.5,1,8,0.54311,0.17857,0.15146,0.1505,0.03647
265,"At home, Both of them never",dua_dmd,0.7,1,10,0.71296,0.18596,0.23681,0.23414,0.03838
265,"At home, Both of them never",dua_dmd,0.9,1,14,0.90725,0.21761,0.44941,0.44206,0.0346
265,"At home, Both of them never",dua_dmd,0.99,1,21,0.99066,0.29518,0.91559,0.89736,0.0893
207,"Over time, The workers now",euc_ctx,0.3,1,16,0.33389,0.31014,0.31076,0.31493,0.05612
207,"Over time, The workers now",euc_ctx,0.5,1,19,0.50019,0.30139,0.39164,0.39524,0.05764
207,"Over time, The workers now",euc_ctx,0.7,1,23,0.71534,0.32316,0.47926,0.48136,0.05769
207,"Over time, The workers now",euc_ctx,0.9,1,29,0.90882,0.41425,0.5991,0.59741,0.05599
207,"Over time, The workers now",euc_ctx,0.99,1,40,0.99192,0.62315,0.99618,0.9835,0.04327
207,"Over time, The workers now",cau_ctx,0.3,1,30,0.30438,0.32174,0.40436,0.41095,0.05138
207,"Over time, The workers now",cau_ctx,0.5,1,37,0.50203,0.29671,0.57492,0.58081,0.05224
207,"Over time, The workers now",cau_ctx,0.7,1,45,0.72441,0.2954,0.79082,0.79458,0.04846
207,"Over time, The workers now",cau_ctx,0.9,1,56,0.90847,0.31588,1.17566,1.17416,0.17891
207,"Over time, The workers now",cau_ctx,0.99,1,75,0.99037,0.31089,2.20551,2.18951,0.17776
207,"Over time, The workers now",dua_ctx,0.3,1,29,0.30964,0.46531,0.2276,0.23109,0.03547
207,"Over time, The workers now",dua_ctx,0.5,1,39,0.50677,0.4637,0.39985,0.40068,0.0377
207,"Over time, The workers now",dua_ctx,0.7,1,50,0.71163,0.47985,0.65442,0.65003,0.04624
207,"Over time, The workers now",dua_ctx,0.9,1,65,0.9095,0.52464,1.11837,1.1034,0.05288
207,"Over time, The workers now",dua_ctx,0.99,1,81,0.99084,0.5889,1.79726,1.76689,0.05224
207,"Over time, The workers now",euc_unemb,0.3,1,8,0.39218,0.34813,0.23768,0.23983,0.03806
207,"Over time, The workers now",euc_unemb,0.5,1,9,0.51536,0.35092,0.28425,0.28566,0.03911
207,"Over time, The workers now",euc_unemb,0.7,1,11,0.74376,0.38763,0.38967,0.38858,0.04489
207,"Over time, The workers now",euc_unemb,0.9,1,14,0.92988,0.48475,0.64289,0.63534,0.05204
207,"Over time, The workers now",euc_unemb,0.99,1,18,0.9904,0.57305,1.22826,1.20815,0.05444
207,"Over time, The workers now",cau_unemb,0.3,1,8,0.35206,0.32452,0.22276,0.22641,0.04033
207,"Over time, The workers now",cau_unemb,0.5,1,10,0.58211,0.33054,0.28588,0.28856,0.04138
207,"Over time, The workers now",cau_unemb,0.7,1,12,0.78107,0.37479,0.34533,0.346,0.04043
207,"Over time, The workers now",cau_unemb,0.9,1,14,0.90127,0.44383,0.43394,0.43149,0.04402
207,"Over time, The workers now",cau_unemb,0.99,1,20,0.99347,0.61186,1.02631,1.00916,0.05235
207,"Over time, The workers now",dua_unemb,0.3,1,10,0.34325,0.48475,0.13549,0.13734,0.0138
207,"Over time, The workers now",dua_unemb,0.5,1,13,0.54182,0.49707,0.24951,0.24871,0.01643
207,"Over time, The workers now",dua_unemb,0.7,1,16,0.70289,0.52129,0.40302,0.39796,0.01564
207,"Over time, The workers now",dua_unemb,0.9,1,23,0.91418,0.59072,0.91504,0.89526,0.03327
207,"Over time, The workers now",dua_unemb,0.99,1,31,0.9918,0.65023,1.80962,1.76632,0.046
207,"Over time, The workers now",euc_dmd,0.3,1,7,0.39193,0.26992,0.34698,0.35047,0.04748
207,"Over time, The workers now",euc_dmd,0.5,1,8,0.52804,0.26504,0.40429,0.40713,0.05201
207,"Over time, The workers now",euc_dmd,0.7,1,10,0.76932,0.29179,0.50357,0.5042,0.05613
207,"Over time, The workers now",euc_dmd,0.9,1,12,0.90736,0.35511,0.6169,0.61419,0.05698
207,"Over time, The workers now",euc_dmd,0.99,1,17,0.99268,0.53956,1.11754,1.10238,0.05501
207,"Over time, The workers now",cau_dmd,0.3,1,7,0.32876,0.25909,0.35032,0.35537,0.04528
207,"Over time, The workers now",cau_dmd,0.5,1,9,0.56532,0.24964,0.43794,0.44222,0.05557
207,"Over time, The workers now",cau_dmd,0.7,1,11,0.76981,0.27731,0.50926,0.51185,0.05644
207,"Over time, The workers now",cau_dmd,0.9,1,14,0.92885,0.36213,0.66321,0.66156,0.05254
207,"Over time, The workers now",cau_dmd,0.99,1,19,0.99118,0.49801,1.15834,1.1458,0.0526
207,"Over time, The workers now",dua_dmd,0.3,1,8,0.38372,0.44148,0.15122,0.15426,0.02996
207,"Over time, The workers now",dua_dmd,0.5,1,10,0.58866,0.43687,0.24401,0.24607,0.03233
207,"Over time, The workers now",dua_dmd,0.7,1,12,0.76381,0.44447,0.35347,0.35373,0.03587
207,"Over time, The workers now",dua_dmd,0.9,1,15,0.91918,0.47098,0.54183,0.53819,0.04398
207,"Over time, The workers now",dua_dmd,0.99,1,21,0.99271,0.53686,1.00821,0.9942,0.04752
77,"Over time, People also",euc_ctx,0.3,1,18,0.30163,0.33704,0.37343,0.37874,0.09794
77,"Over time, People also",euc_ctx,0.5,1,22,0.51219,0.32481,0.49822,0.50268,0.09979
77,"Over time, People also",euc_ctx,0.7,1,26,0.71804,0.3482,0.60058,0.60331,0.10056
77,"Over time, People also",euc_ctx,0.9,1,32,0.90541,0.4369,0.74611,0.7447,0.09863
77,"Over time, People also",euc_ctx,0.99,1,43,0.99069,0.63591,1.18003,1.16715,0.11433
77,"Over time, People also",cau_ctx,0.3,1,34,0.31132,0.36006,0.44112,0.44864,0.11266
77,"Over time, People also",cau_ctx,0.5,1,41,0.50817,0.34602,0.59684,0.60358,0.12163
77,"Over time, People also",cau_ctx,0.7,1,48,0.70161,0.35772,0.7623,0.76724,0.12706
77,"Over time, People also",cau_ctx,0.9,1,60,0.90501,0.4127,1.12009,1.11961,0.12969
77,"Over time, People also",cau_ctx,0.99,1,81,0.99071,0.46834,2.07695,2.0615,0.1277
77,"Over time, People also",dua_ctx,0.3,1,29,0.30895,0.48943,0.20954,0.21476,0.08083
77,"Over time, People also",dua_ctx,0.5,1,38,0.50944,0.48295,0.36,0.36324,0.01836
77,"Over time, People also",dua_ctx,0.7,1,47,0.70658,0.48941,0.56362,0.56324,0.02632
77,"Over time, People also",dua_ctx,0.9,1,60,0.91052,0.52458,0.96893,0.96038,0.04062
77,"Over time, People also",dua_ctx,0.99,1,75,0.99014,0.59625,1.61813,1.5958,0.06069
77,"Over time, People also",euc_unemb,0.3,1,9,0.40605,0.3599,0.35059,0.3533,0.12578
77,"Over time, People also",euc_unemb,0.5,1,10,0.52994,0.36325,0.41252,0.41428,0.10881
77,"Over time, People also",euc_unemb,0.7,1,12,0.75386,0.39903,0.55792,0.55666,0.13324
77,"Over time, People also",euc_unemb,0.9,1,15,0.93174,0.48657,0.89931,0.89075,0.0981
77,"Over time, People also",euc_unemb,0.99,1,20,0.99384,0.57157,1.80586,1.78017,0.12023
77,"Over time, People also",cau_unemb,0.3,1,9,0.3251,0.35927,0.30676,0.3119,0.12334
77,"Over time, People also",cau_unemb,0.5,1,11,0.54303,0.3625,0.39972,0.40382,0.10577
77,"Over time, People also",cau_unemb,0.7,1,13,0.74413,0.39968,0.50066,0.50258,0.09745
77,"Over time, People also",cau_unemb,0.9,1,16,0.91634,0.48919,0.73933,0.73582,0.12605
77,"Over time, People also",cau_unemb,0.99,1,22,0.9932,0.60769,1.58604,1.56616,0.13126
77,"Over time, People also",dua_unemb,0.3,1,10,0.38449,0.5008,0.16702,0.16974,0.08808
77,"Over time, People also",dua_unemb,0.5,1,12,0.55621,0.50734,0.26964,0.27069,0.09141
77,"Over time, People also",dua_unemb,0.7,1,14,0.70287,0.52066,0.40187,0.40039,0.08499
77,"Over time, People also",dua_unemb,0.9,1,19,0.9092,0.56682,0.84555,0.83473,0.12029
77,"Over time, People also",dua_unemb,0.99,1,28,0.9912,0.63746,1.9781,1.9432,0.12632
77,"Over time, People also",euc_dmd,0.3,1,9,0.39649,0.2761,0.54526,0.54849,0.15696
77,"Over time, People also",euc_dmd,0.5,1,10,0.51459,0.27141,0.62031,0.62266,0.15143
77,"Over time, People also",euc_dmd,0.7,1,12,0.7319,0.28966,0.76104,0.76087,0.13917
77,"Over time, People also",euc_dmd,0.9,1,15,0.9165,0.36572,1.01778,1.01199,0.08443
77,"Over time, People also",euc_dmd,0.99,1,20,0.99053,0.50202,1.7148,1.69556,0.11679
77,"Over time, People also",cau_dmd,0.3,1,10,0.36497,0.27881,0.53415,0.53984,0.16155
77,"Over time, People also",cau_dmd,0.5,1,12,0.5633,0.27629,0.6449,0.64953,0.15506
77,"Over time, People also",cau_dmd,0.7,1,14,0.74039,0.3007,0.7505,0.75334,0.08798
77,"Over time, People also",cau_dmd,0.9,1,17,0.90155,0.37283,0.95153,0.95033,0.08444
77,"Over time, People also",cau_dmd,0.99,1,24,0.99231,0.54211,1.78473,1.76877,0.08037
77,"Over time, People also",dua_dmd,0.3,1,9,0.3703,0.4474,0.20392,0.20818,0.11211
77,"Over time, People also",dua_dmd,0.5,1,11,0.55412,0.43965,0.32095,0.32445,0.09751
77,"Over time, People also",dua_dmd,0.7,1,13,0.70011,0.44205,0.45646,0.45853,0.03402
77,"Over time, People also",dua_dmd,0.9,1,19,0.91493,0.47935,0.95671,0.95121,0.04948
77,"Over time, People also",dua_dmd,0.99,1,29,0.99006,0.55573,2.05687,2.03124,0.05259
145,"Lately, Farmers sometimes",euc_ctx,0.3,1,16,0.3123,0.47706,0.26135,0.26858,0.03093
145,"Lately, Farmers sometimes",euc_ctx,0.5,1,20,0.53917,0.47917,0.4456,0.45183,0.07826
145,"Lately, Farmers sometimes",euc_ctx,0.7,1,23,0.70373,0.49664,0.61826,0.62262,0.08971
145,"Lately, Farmers sometimes",euc_ctx,0.9,1,29,0.9069,0.55458,1.04948,1.04767,0.10419
145,"Lately, Farmers sometimes",euc_ctx,0.99,1,39,0.99014,0.63439,1.9645,1.94848,0.10918
145,"Lately, Farmers sometimes",cau_ctx,0.3,1,31,0.30013,0.52744,0.39215,0.40111,0.08067
145,"Lately, Farmers sometimes",cau_ctx,0.5,1,39,0.52811,0.5168,0.67676,0.68452,0.09905
145,"Lately, Farmers sometimes",cau_ctx,0.7,1,46,0.72083,0.51691,1.00178,1.00674,0.19909
145,"Lately, Farmers sometimes",cau_ctx,0.9,1,57,0.90516,0.5212,1.64304,1.64089,0.20766
145,"Lately, Farmers sometimes",cau_ctx,0.99,1,77,0.99017,0.48358,3.11294,3.09293,0.22144
145,"Lately, Farmers sometimes",dua_ctx,0.3,1,28,0.30403,0.51241,0.27537,0.28066,0.01853
145,"Lately, Farmers sometimes",dua_ctx,0.5,1,39,0.50707,0.50309,0.57064,0.57252,0.06726
145,"Lately, Farmers sometimes",dua_ctx,0.7,1,50,0.71272,0.49576,1.00481,1.00043,0.07632
145,"Lately, Farmers sometimes",dua_ctx,0.9,1,63,0.90575,0.5,1.72912,1.7136,0.09673
145,"Lately, Farmers sometimes",dua_ctx,0.99,1,78,0.99102,0.52758,2.9096,2.87571,0.10565
145,"Lately, Farmers sometimes",euc_unemb,0.3,1,7,0.32667,0.44439,0.20477,0.20955,0.03205
145,"Lately, Farmers sometimes",euc_unemb,0.5,1,9,0.59807,0.45918,0.3979,0.40076,0.05987
145,"Lately, Farmers sometimes",euc_unemb,0.7,1,10,0.72306,0.47755,0.53771,0.53868,0.12931
145,"Lately, Farmers sometimes",euc_unemb,0.9,1,13,0.93419,0.53691,1.12853,1.12056,0.1737
145,"Lately, Farmers sometimes",euc_unemb,0.99,1,17,0.99277,0.56644,2.14578,2.12178,0.23685
145,"Lately, Farmers sometimes",cau_unemb,0.3,1,8,0.37795,0.42608,0.22885,0.23516,0.03245
145,"Lately, Farmers sometimes",cau_unemb,0.5,1,9,0.50339,0.43223,0.30061,0.30641,0.02988
145,"Lately, Farmers sometimes",cau_unemb,0.7,1,11,0.73815,0.46618,0.49915,0.50246,0.12516
145,"Lately, Farmers sometimes",cau_unemb,0.9,1,14,0.92876,0.53024,0.95842,0.95462,0.16556
145,"Lately, Farmers sometimes",cau_unemb,0.99,1,18,0.99007,0.56781,1.78429,1.76738,0.17785
145,"Lately, Farmers sometimes",dua_unemb,0.3,1,8,0.33154,0.49783,0.14551,0.14887,0.02525
145,"Lately, Farmers sometimes",dua_unemb,0.5,1,10,0.51623,0.50824,0.26185,0.26374,0.03213
145,"Lately, Farmers sometimes",dua_unemb,0.7,1,13,0.74539,0.53612,0.52412,0.52162,0.07933
145,"Lately, Farmers sometimes",dua_unemb,0.9,1,17,0.90816,0.57565,1.04193,1.03014,0.15976
145,"Lately, Farmers sometimes",dua_unemb,0.99,1,24,0.99246,0.61853,2.36591,2.33096,0.1958
145,"Lately, Farmers sometimes",euc_dmd,0.3,1,7,0.36821,0.39244,0.30413,0.31108,0.15552
145,"Lately, Farmers sometimes",euc_dmd,0.5,1,8,0.50879,0.39549,0.40005,0.4065,0.15577
145,"Lately, Farmers sometimes",euc_dmd,0.7,1,10,0.76487,0.43479,0.64361,0.6474,0.13395
145,"Lately, Farmers sometimes",euc_dmd,0.9,1,12,0.91012,0.4969,0.97522,0.97431,0.17648
145,"Lately, Farmers sometimes",euc_dmd,0.99,1,17,0.99398,0.60657,2.11313,2.09532,0.18738
145,"Lately, Farmers sometimes",cau_dmd,0.3,1,8,0.38109,0.37748,0.34938,0.35824,0.18607
145,"Lately, Farmers sometimes",cau_dmd,0.5,1,9,0.5018,0.38236,0.42356,0.43221,0.16175
145,"Lately, Farmers sometimes",cau_dmd,0.7,1,11,0.72642,0.41879,0.60371,0.61074,0.06476
145,"Lately, Farmers sometimes",cau_dmd,0.9,1,14,0.91638,0.50739,1.00393,1.00574,0.11099
145,"Lately, Farmers sometimes",cau_dmd,0.99,1,19,0.99071,0.61465,1.97432,1.96278,0.12094
145,"Lately, Farmers sometimes",dua_dmd,0.3,1,7,0.34327,0.46822,0.17433,0.17959,0.02449
145,"Lately, Farmers sometimes",dua_dmd,0.5,1,9,0.58515,0.46774,0.32731,0.33216,0.03212
145,"Lately, Farmers sometimes",dua_dmd,0.7,1,11,0.77751,0.47998,0.52005,0.52347,0.05547
145,"Lately, Farmers sometimes",dua_dmd,0.9,1,14,0.92336,0.51033,0.8624,0.86214,0.07851
145,"Lately, Farmers sometimes",dua_dmd,0.99,1,20,0.99227,0.57358,1.75958,1.74736,0.11039
52,"Honestly, The engineers usually",euc_ctx,0.3,1,16,0.30141,0.46849,0.24791,0.25264,0.15238
52,"Honestly, The engineers usually",euc_ctx,0.5,1,20,0.52921,0.47786,0.39324,0.39659,0.1915
52,"Honestly, The engineers usually",euc_ctx,0.7,1,24,0.74425,0.5193,0.57387,0.57426,0.22246
52,"Honestly, The engineers usually",euc_ctx,0.9,1,29,0.90437,0.59389,0.87024,0.86493,0.21523
52,"Honestly, The engineers usually",euc_ctx,0.99,1,40,0.99175,0.71592,1.77691,1.7545,0.22423
52,"Honestly, The engineers usually",cau_ctx,0.3,1,31,0.3137,0.55702,0.41077,0.41754,0.20314
52,"Honestly, The engineers usually",cau_ctx,0.5,1,38,0.52171,0.55449,0.66069,0.66578,0.22692
52,"Honestly, The engineers usually",cau_ctx,0.7,1,45,0.72092,0.55965,0.99387,0.99549,0.21421
52,"Honestly, The engineers usually",cau_ctx,0.9,1,56,0.90792,0.56343,1.67693,1.67002,0.21208
52,"Honestly, The engineers usually",cau_ctx,0.99,1,76,0.99082,0.50451,3.25018,3.22249,0.22063
52,"Honestly, The engineers usually",dua_ctx,0.3,1,28,0.31726,0.5277,0.22315,0.22535,0.147
52,"Honestly, The engineers usually",dua_ctx,0.5,1,38,0.51429,0.53242,0.43112,0.42865,0.15022
52,"Honestly, The engineers usually",dua_ctx,0.7,1,49,0.71104,0.54738,0.75901,0.74822,0.15213
52,"Honestly, The engineers usually",dua_ctx,0.9,1,65,0.90094,0.58732,1.41489,1.38705,0.19588
52,"Honestly, The engineers usually",dua_ctx,0.99,1,86,0.99135,0.64593,2.69673,2.6389,0.23321
52,"Honestly, The engineers usually",euc_unemb,0.3,1,7,0.35488,0.41262,0.22995,0.23331,0.15438
52,"Honestly, The engineers usually",euc_unemb,0.5,1,9,0.64355,0.43703,0.40317,0.40409,0.19383
52,"Honestly, The engineers usually",euc_unemb,0.7,1,10,0.7661,0.46561,0.52557,0.52434,0.20299
52,"Honestly, The engineers usually",euc_unemb,0.9,1,12,0.91526,0.53154,0.85582,0.84857,0.21839
52,"Honestly, The engineers usually",euc_unemb,0.99,1,16,0.9916,0.6088,1.76706,1.74349,0.23485
52,"Honestly, The engineers usually",cau_unemb,0.3,1,8,0.39705,0.3889,0.28468,0.28918,0.1542
52,"Honestly, The engineers usually",cau_unemb,0.5,1,9,0.52889,0.39523,0.35381,0.35753,0.1926
52,"Honestly, The engineers usually",cau_unemb,0.7,1,11,0.76483,0.43836,0.5279,0.52871,0.20055
52,"Honestly, The engineers usually",cau_unemb,0.9,1,13,0.90362,0.50152,0.77349,0.76961,0.21357
52,"Honestly, The engineers usually",cau_unemb,0.99,1,18,0.99232,0.60516,1.68179,1.66126,0.22579
52,"Honestly, The engineers usually",dua_unemb,0.3,1,8,0.31084,0.50469,0.09936,0.10242,0.00988
52,"Honestly, The engineers usually",dua_unemb,0.5,1,11,0.56879,0.51986,0.21104,0.21144,0.01425
52,"Honestly, The engineers usually",dua_unemb,0.7,1,13,0.71231,0.5382,0.31613,0.3133,0.01573
52,"Honestly, The engineers usually",dua_unemb,0.9,1,18,0.91617,0.59151,0.68514,0.67025,0.18397
52,"Honestly, The engineers usually",dua_unemb,0.99,1,25,0.99315,0.65243,1.49788,1.45971,0.17646
52,"Honestly, The engineers usually",euc_dmd,0.3,1,7,0.38299,0.39978,0.37874,0.3843,0.21113
52,"Honestly, The engineers usually",euc_dmd,0.5,1,8,0.52819,0.40334,0.48018,0.48483,0.21884
52,"Honestly, The engineers usually",euc_dmd,0.7,1,10,0.78218,0.44698,0.7276,0.72875,0.18394
52,"Honestly, The engineers usually",euc_dmd,0.9,1,12,0.91872,0.51407,1.06603,1.06164,0.2079
52,"Honestly, The engineers usually",euc_dmd,0.99,1,16,0.99066,0.61423,1.97583,1.9567,0.21911
52,"Honestly, The engineers usually",cau_dmd,0.3,1,8,0.37967,0.38932,0.52724,0.5344,0.22649
52,"Honestly, The engineers usually",cau_dmd,0.5,1,10,0.61735,0.39983,0.72403,0.72946,0.19909
52,"Honestly, The engineers usually",cau_dmd,0.7,1,11,0.7215,0.41747,0.8378,0.84178,0.18192
52,"Honestly, The engineers usually",cau_dmd,0.9,1,14,0.91174,0.49234,1.28798,1.28552,0.21993
52,"Honestly, The engineers usually",cau_dmd,0.99,1,20,0.99316,0.59249,2.57523,2.5543,0.23624
52,"Honestly, The engineers usually",dua_dmd,0.3,1,7,0.31502,0.48286,0.15185,0.15632,0.13878
52,"Honestly, The engineers usually",dua_dmd,0.5,1,9,0.5304,0.48293,0.26617,0.26999,0.14432
52,"Honestly, The engineers usually",dua_dmd,0.7,1,11,0.7143,0.49513,0.40503,0.40718,0.19798
52,"Honestly, The engineers usually",dua_dmd,0.9,1,15,0.91421,0.53802,0.77068,0.76691,0.22125
52,"Honestly, The engineers usually",dua_dmd,0.99,1,22,0.99296,0.61819,1.8376,1.81703,0.1788
148,"At home, Many people often",euc_ctx,0.3,1,32,0.32172,0.58327,0.49649,0.50562,0.0382
148,"At home, Many people often",euc_ctx,0.5,1,36,0.53503,0.57579,0.63236,0.63922,0.04148
148,"At home, Many people often",euc_ctx,0.7,1,40,0.73467,0.59621,0.7679,0.77104,0.04218
148,"At home, Many people often",euc_ctx,0.9,1,46,0.91039,0.65404,0.99567,0.99099,0.1551
148,"At home, Many people often",euc_ctx,0.99,1,57,0.99044,0.73517,1.54216,1.51941,0.15787
148,"At home, Many people often",cau_ctx,0.3,1,61,0.32124,0.39683,1.25436,1.25833,0.18141
148,"At home, Many people often",cau_ctx,0.5,1,68,0.5199,0.29351,1.73173,1.73014,0.16608
148,"At home, Many people often",cau_ctx,0.7,1,75,0.71246,0.22259,2.25327,2.24455,0.17297
148,"At home, Many people often",cau_ctx,0.9,1,86,0.90102,0.16104,3.08815,3.06641,0.19343
148,"At home, Many people often",cau_ctx,0.99,1,107,0.99094,0.10883,4.65578,4.60688,0.22256
148,"At home, Many people often",dua_ctx,0.3,1,45,0.30871,0.65712,0.44688,0.45145,0.02006
148,"At home, Many people often",dua_ctx,0.5,1,55,0.50005,0.63293,0.72142,0.72021,0.02979
148,"At home, Many people often",dua_ctx,0.7,1,66,0.71166,0.61329,1.11502,1.1047,0.03823
148,"At home, Many people often",dua_ctx,0.9,1,79,0.90584,0.60785,1.69832,1.67353,0.04319
148,"At home, Many people often",dua_ctx,0.99,1,94,0.99051,0.62804,2.50192,2.45506,0.04713
148,"At home, Many people often",euc_unemb,0.3,1,14,0.37298,0.57201,0.31843,0.3257,0.03328
148,"At home, Many people often",euc_unemb,0.5,1,15,0.50443,0.58103,0.38057,0.38655,0.03045
148,"At home, Many people often",euc_unemb,0.7,1,17,0.74839,0.62168,0.56388,0.56551,0.12459
148,"At home, Many people often",euc_unemb,0.9,1,20,0.93651,0.68947,0.97855,0.9699,0.19204
148,"At home, Many people often",euc_unemb,0.99,1,24,0.9919,0.72904,1.65667,1.63092,0.19063
148,"At home, Many people often",cau_unemb,0.3,1,15,0.31646,0.53782,0.35875,0.36894,0.05232
148,"At home, Many people often",cau_unemb,0.5,1,17,0.54341,0.55721,0.42628,0.43468,0.03587
148,"At home, Many people often",cau_unemb,0.7,1,19,0.75219,0.60616,0.52963,0.53452,0.04339
148,"At home, Many people often",cau_unemb,0.9,1,22,0.92405,0.69008,0.78945,0.78626,0.12819
148,"At home, Many people often",cau_unemb,0.99,1,27,0.99158,0.7626,1.41961,1.3989,0.16922
148,"At home, Many people often",dua_unemb,0.3,1,15,0.34838,0.66281,0.18055,0.18598,0.01305
148,"At home, Many people often",dua_unemb,0.5,1,17,0.50973,0.67027,0.26161,0.26513,0.01101
148,"At home, Many people often",dua_unemb,0.7,1,20,0.71698,0.68946,0.43482,0.43364,0.01254
148,"At home, Many people often",dua_unemb,0.9,1,25,0.91609,0.72254,0.87711,0.86317,0.05724
148,"At home, Many people often",dua_unemb,0.99,1,31,0.99066,0.74067,1.63489,1.59877,0.0616
148,"At home, Many people often",euc_dmd,0.3,1,14,0.35279,0.50617,0.55081,0.56109,0.13973
148,"At home, Many people often",euc_dmd,0.5,1,16,0.59809,0.53134,0.67646,0.68426,0.17867
148,"At home, Many people often",euc_dmd,0.7,1,17,0.70969,0.55717,0.76046,0.76629,0.18242
148,"At home, Many people often",euc_dmd,0.9,1,20,0.91384,0.65042,1.11875,1.11613,0.18
148,"At home, Many people often",euc_dmd,0.99,1,25,0.9914,0.74139,1.95239,1.93077,0.20014
148,"At home, Many people often",cau_dmd,0.3,1,17,0.38808,0.48996,0.7505,0.76272,0.16075
148,"At home, Many people often",cau_dmd,0.5,1,19,0.58523,0.52077,0.83409,0.84437,0.21975
148,"At home, Many people often",cau_dmd,0.7,1,21,0.756,0.57369,0.96012,0.96722,0.22356
148,"At home, Many people often",cau_dmd,0.9,1,24,0.90816,0.66168,1.25235,1.25255,0.21688
148,"At home, Many people often",cau_dmd,0.99,1,31,0.99291,0.77022,2.26242,2.241,0.18996
148,"At home, Many people often",dua_dmd,0.3,1,14,0.35018,0.61928,0.26321,0.27149,0.02364
148,"At home, Many people often",dua_dmd,0.5,1,16,0.51278,0.61809,0.36078,0.36822,0.02519
148,"At home, Many people often",dua_dmd,0.7,1,20,0.74455,0.63421,0.58429,0.58831,0.02684
148,"At home, Many people often",dua_dmd,0.9,1,25,0.90273,0.66836,0.93972,0.93633,0.031
148,"At home, Many people often",dua_dmd,0.99,1,34,0.99275,0.72674,1.88121,1.8547,0.03421
226,"Usually, You still",euc_ctx,0.3,1,29,0.32897,0.31356,0.50663,0.51117,0.28509
226,"Usually, You still",euc_ctx,0.5,1,33,0.52811,0.31545,0.56604,0.56947,0.28608
226,"Usually, You still",euc_ctx,0.7,1,37,0.7184,0.34915,0.58978,0.59143,0.2867
226,"Usually, You still",euc_ctx,0.9,1,44,0.91486,0.46613,0.60883,0.60557,0.08238
226,"Usually, You still",euc_ctx,0.99,1,55,0.99025,0.655,0.80369,0.7886,0.04065
226,"Usually, You still",cau_ctx,0.3,1,53,0.30845,0.32005,0.83578,0.84252,0.2667
226,"Usually, You still",cau_ctx,0.5,1,61,0.52283,0.24903,1.22801,1.23117,0.31102
226,"Usually, You still",cau_ctx,0.7,1,68,0.70627,0.2043,1.60979,1.60839,0.3507
226,"Usually, You still",cau_ctx,0.9,1,80,0.90214,0.15364,2.30273,2.2912,0.35765
226,"Usually, You still",cau_ctx,0.99,1,102,0.99061,0.09476,3.68051,3.64663,0.34278
226,"Usually, You still",dua_ctx,0.3,1,48,0.30816,0.59975,0.24023,0.23852,0.01728
226,"Usually, You still",dua_ctx,0.5,1,62,0.50024,0.617,0.37778,0.3686,0.02162
226,"Usually, You still",dua_ctx,0.7,1,79,0.71089,0.64941,0.61287,0.59076,0.02501
226,"Usually, You still",dua_ctx,0.9,1,101,0.90591,0.69207,1.05947,1.01532,0.02765
226,"Usually, You still",dua_ctx,0.99,1,124,0.99105,0.72812,1.76552,1.69356,0.05388
226,"Usually, You still",euc_unemb,0.3,1,14,0.34902,0.21213,0.8566,0.85279,0.30607
226,"Usually, You still",euc_unemb,0.5,1,16,0.56765,0.20212,1.02437,1.01785,0.35835
226,"Usually, You still",euc_unemb,0.7,1,18,0.76406,0.21815,1.1653,1.15537,0.38389
226,"Usually, You still",euc_unemb,0.9,1,21,0.92711,0.27415,1.36342,1.34688,0.41094
226,"Usually, You still",euc_unemb,0.99,1,26,0.99232,0.35994,1.84223,1.81069,0.34952
226,"Usually, You still",cau_unemb,0.3,1,15,0.36953,0.1657,1.01591,1.01303,0.29726
226,"Usually, You still",cau_unemb,0.5,1,17,0.57174,0.15665,1.13854,1.13338,0.35905
226,"Usually, You still",cau_unemb,0.7,1,19,0.75251,0.16762,1.20553,1.1977,0.30731
226,"Usually, You still",cau_unemb,0.9,1,22,0.91268,0.21405,1.24143,1.22882,0.32663
226,"Usually, You still",cau_unemb,0.99,1,28,0.99199,0.34575,1.37784,1.35243,0.37546
226,"Usually, You still",dua_unemb,0.3,1,19,0.31747,0.60803,0.30505,0.29953,0.02043
226,"Usually, You still",dua_unemb,0.5,1,25,0.52103,0.6221,0.56365,0.54609,0.02202
226,"Usually, You still",dua_unemb,0.7,1,32,0.7211,0.6383,0.93337,0.89832,0.02233
226,"Usually, You still",dua_unemb,0.9,1,41,0.90975,0.6558,1.50169,1.44066,0.03251
226,"Usually, You still",dua_unemb,0.99,1,51,0.99136,0.67112,2.25527,2.1622,0.03868
226,"Usually, You still",euc_dmd,0.3,1,12,0.36535,0.15808,1.05558,1.05714,0.37162
226,"Usually, You still",euc_dmd,0.5,1,14,0.61413,0.15035,1.21167,1.21103,0.38095
226,"Usually, You still",euc_dmd,0.7,1,15,0.72528,0.15778,1.26314,1.26119,0.34275
226,"Usually, You still",euc_dmd,0.9,1,18,0.92257,0.21689,1.35585,1.34909,0.34746
226,"Usually, You still",euc_dmd,0.99,1,23,0.9929,0.37125,1.5444,1.52632,0.14321
226,"Usually, You still",cau_dmd,0.3,1,13,0.39971,0.12496,1.26637,1.27024,0.42277
226,"Usually, You still",cau_dmd,0.5,1,14,0.51307,0.11974,1.33399,1.33705,0.41351
226,"Usually, You still",cau_dmd,0.7,1,16,0.72222,0.12534,1.4166,1.41777,0.34359
226,"Usually, You still",cau_dmd,0.9,1,19,0.90648,0.16708,1.45275,1.4504,0.34823
226,"Usually, You still",cau_dmd,0.99,1,25,0.99148,0.32009,1.51318,1.50081,0.34609
226,"Usually, You still",dua_dmd,0.3,1,14,0.32325,0.55358,0.28907,0.2928,0.02406
226,"Usually, You still",dua_dmd,0.5,1,17,0.51823,0.55195,0.44037,0.44092,0.02436
226,"Usually, You still",dua_dmd,0.7,1,21,0.72819,0.56796,0.65593,0.65007,0.02516
226,"Usually, You still",dua_dmd,0.9,1,28,0.90722,0.61129,1.05114,1.03065,0.02519
226,"Usually, You still",dua_dmd,0.99,1,38,0.99255,0.67057,1.69717,1.65095,0.03343
57,"Every day, These kids always",euc_ctx,0.3,1,14,0.34774,0.55729,0.20845,0.21386,0.04455
57,"Every day, These kids always",euc_ctx,0.5,1,17,0.52239,0.54466,0.2959,0.30049,0.04652
57,"Every day, These kids always",euc_ctx,0.7,1,21,0.73973,0.55561,0.41609,0.41813,0.15205
57,"Every day, These kids always",euc_ctx,0.9,1,26,0.90311,0.59159,0.58449,0.58133,0.15506
57,"Every day, These kids always",euc_ctx,0.99,1,37,0.99196,0.6292,1.11307,1.09411,0.13894
57,"Every day, These kids always",cau_ctx,0.3,1,26,0.30646,0.526,0.30366,0.30938,0.12755
57,"Every day, These kids always",cau_ctx,0.5,1,33,0.51199,0.47384,0.5013,0.50556,0.15669
57,"Every day, These kids always",cau_ctx,0.7,1,40,0.71446,0.43675,0.74421,0.74528,0.13698
57,"Every day, These kids always",cau_ctx,0.9,1,51,0.90837,0.39378,1.21637,1.20951,0.15949
57,"Every day, These kids always",cau_ctx,0.99,1,70,0.99105,0.31066,2.26921,2.24373,0.17656
57,"Every day, These kids always",dua_ctx,0.3,1,26,0.31366,0.60884,0.22195,0.22392,0.02918
57,"Every day, These kids always",dua_ctx,0.5,1,36,0.50576,0.57628,0.40687,0.40483,0.03209
57,"Every day, These kids always",dua_ctx,0.7,1,47,0.71749,0.55516,0.66468,0.65574,0.03062
57,"Every day, These kids always",dua_ctx,0.9,1,60,0.90804,0.55493,1.04864,1.02832,0.0354
57,"Every day, These kids always",dua_ctx,0.99,1,75,0.99075,0.58237,1.63626,1.59798,0.09403
57,"Every day, These kids always",euc_unemb,0.3,1,6,0.37068,0.61759,0.15212,0.15622,0.04425
57,"Every day, These kids always",euc_unemb,0.5,1,7,0.5132,0.62122,0.218,0.22123,0.05207
57,"Every day, These kids always",euc_unemb,0.7,1,9,0.77185,0.65521,0.40818,0.40761,0.15595
57,"Every day, These kids always",euc_unemb,0.9,1,11,0.91581,0.69654,0.67485,0.66809,0.17485
57,"Every day, These kids always",euc_unemb,0.99,1,15,0.99122,0.72967,1.33741,1.3147,0.18939
57,"Every day, These kids always",cau_unemb,0.3,1,6,0.3082,0.59469,0.1312,0.13703,0.02629
57,"Every day, These kids always",cau_unemb,0.5,1,8,0.56268,0.59975,0.22809,0.23305,0.12422
57,"Every day, These kids always",cau_unemb,0.7,1,10,0.78742,0.64132,0.36191,0.36388,0.12564
57,"Every day, These kids always",cau_unemb,0.9,1,12,0.91397,0.69149,0.54457,0.54173,0.16262
57,"Every day, These kids always",cau_unemb,0.99,1,17,0.99316,0.75154,1.16482,1.14582,0.17862
57,"Every day, These kids always",dua_unemb,0.3,1,7,0.35267,0.67395,0.09177,0.09477,0.01466
57,"Every day, These kids always",dua_unemb,0.5,1,9,0.54205,0.68097,0.16651,0.1682,0.02792
57,"Every day, These kids always",dua_unemb,0.7,1,11,0.71212,0.69683,0.2711,0.27025,0.02901
57,"Every day, These kids always",dua_unemb,0.9,1,15,0.91331,0.73887,0.57487,0.56557,0.04757
57,"Every day, These kids always",dua_unemb,0.99,1,21,0.99205,0.784,1.22881,1.20066,0.14616
57,"Every day, These kids always",euc_dmd,0.3,1,6,0.38891,0.56216,0.22901,0.2344,0.15477
57,"Every day, These kids always",euc_dmd,0.5,1,7,0.53316,0.56285,0.30066,0.30531,0.16179
57,"Every day, These kids always",euc_dmd,0.7,1,9,0.78487,0.60213,0.46956,0.47091,0.17088
57,"Every day, These kids always",euc_dmd,0.9,1,11,0.92014,0.66156,0.69177,0.68772,0.17416
57,"Every day, These kids always",euc_dmd,0.99,1,15,0.99105,0.73865,1.28218,1.26391,0.1885
57,"Every day, These kids always",cau_dmd,0.3,1,7,0.40807,0.53642,0.28235,0.28925,0.16207
57,"Every day, These kids always",cau_dmd,0.5,1,8,0.53079,0.53937,0.33287,0.33934,0.16367
57,"Every day, These kids always",cau_dmd,0.7,1,10,0.74964,0.57719,0.43831,0.44262,0.16242
57,"Every day, These kids always",cau_dmd,0.9,1,13,0.92532,0.66771,0.67138,0.66973,0.16486
57,"Every day, These kids always",cau_dmd,0.99,1,18,0.9918,0.76667,1.26704,1.25134,0.16799
57,"Every day, These kids always",dua_dmd,0.3,1,6,0.33249,0.63425,0.10885,0.11259,0.04197
57,"Every day, These kids always",dua_dmd,0.5,1,8,0.55567,0.62302,0.19903,0.20232,0.04795
57,"Every day, These kids always",dua_dmd,0.7,1,10,0.74276,0.62631,0.30402,0.30602,0.05358
57,"Every day, These kids always",dua_dmd,0.9,1,13,0.9017,0.64992,0.482,0.48067,0.0557
57,"Every day, These kids always",dua_dmd,0.99,1,20,0.99274,0.72705,1.03603,1.02116,0.05742
