ctx_id,text,method,level,reached,step,P1,cf,kl,kl99,rd,cf0,cf_dev,kl_bin,kl_pair,kl_neu
151,"Lately, Most doctors typically",euc_ctx,0.3,1,22,0.31657,0.23223,0.38634,0.39653,0.02405,0.32413,0.09189,0.0219,0.0376,0.32684
151,"Lately, Most doctors typically",euc_ctx,0.5,1,26,0.50388,0.22935,0.61302,0.62287,0.02714,0.32413,0.09477,0.02341,0.06562,0.52398
151,"Lately, Most doctors typically",euc_ctx,0.7,1,31,0.7286,0.24103,0.9859,0.99383,0.17681,0.32413,0.0831,0.01764,0.1089,0.85936
151,"Lately, Most doctors typically",euc_ctx,0.9,1,38,0.91058,0.2748,1.63889,1.64175,0.29598,0.32413,0.04933,0.0059,0.15834,1.47464
151,"Lately, Most doctors typically",euc_ctx,0.99,1,51,0.9905,0.33553,3.08459,3.07412,0.3418,0.32413,0.0114,0.00029,0.20103,2.88326
151,"Lately, Most doctors typically",cau_ctx,0.3,1,46,0.308,0.16269,0.54748,0.55311,0.03631,0.32413,0.16144,0.07866,0.0724,0.39642
151,"Lately, Most doctors typically",cau_ctx,0.5,1,55,0.50182,0.14806,0.8435,0.84759,0.04702,0.32413,0.17607,0.09749,0.10739,0.63863
151,"Lately, Most doctors typically",cau_ctx,0.7,1,65,0.7109,0.13703,1.28789,1.28855,0.10737,0.32413,0.1871,0.11388,0.15294,1.02107
151,"Lately, Most doctors typically",cau_ctx,0.9,1,80,0.90056,0.11975,2.17479,2.16714,0.28518,0.32413,0.20438,0.14418,0.2208,1.80982
151,"Lately, Most doctors typically",cau_ctx,0.99,1,110,0.99051,0.07422,4.40359,4.3731,0.33522,0.32413,0.2499,0.26514,0.31947,3.81899
151,"Lately, Most doctors typically",dua_ctx,0.3,1,72,0.30369,0.23944,0.65861,0.64966,0.01526,0.32413,0.08469,0.01837,0.04898,0.59127
151,"Lately, Most doctors typically",dua_ctx,0.5,1,103,0.50675,0.18994,1.37882,1.34959,0.0256,0.32413,0.13419,0.05082,0.12289,1.20511
151,"Lately, Most doctors typically",dua_ctx,0.7,1,130,0.70029,0.15441,2.24108,2.19018,0.03743,0.32413,0.16972,0.08894,0.22935,1.92279
151,"Lately, Most doctors typically",dua_ctx,0.9,1,161,0.90447,0.12401,3.45135,3.37508,0.04704,0.32413,0.20012,0.13612,0.37386,2.94137
151,"Lately, Most doctors typically",dua_ctx,0.99,1,192,0.99025,0.10603,4.74873,4.65181,0.094,0.32413,0.2181,0.17317,0.5002,4.07536
151,"Lately, Most doctors typically",euc_unemb,0.3,1,9,0.40681,0.24099,0.23481,0.24393,0.02016,0.32413,0.08314,0.01766,0.03382,0.18334
151,"Lately, Most doctors typically",euc_unemb,0.5,1,10,0.539,0.25567,0.31591,0.32495,0.02422,0.32413,0.06845,0.01169,0.0479,0.25632
151,"Lately, Most doctors typically",euc_unemb,0.7,1,12,0.77294,0.30785,0.55742,0.5649,0.05625,0.32413,0.01628,0.00062,0.08115,0.47565
151,"Lately, Most doctors typically",euc_unemb,0.9,1,14,0.90841,0.37265,0.93016,0.93407,0.19272,0.32413,0.04853,0.00514,0.11039,0.81463
151,"Lately, Most doctors typically",euc_unemb,0.99,1,19,0.99302,0.47238,2.30731,2.29647,0.33963,0.32413,0.14826,0.04529,0.15207,2.10996
151,"Lately, Most doctors typically",cau_unemb,0.3,1,9,0.31829,0.22999,0.19106,0.20017,0.21165,0.32413,0.09414,0.02307,0.02505,0.14294
151,"Lately, Most doctors typically",cau_unemb,0.5,1,11,0.55327,0.25471,0.31213,0.32153,0.21737,0.32413,0.06942,0.01204,0.04899,0.2511
151,"Lately, Most doctors typically",cau_unemb,0.7,1,13,0.76665,0.31176,0.49662,0.50501,0.21814,0.32413,0.01237,0.00035,0.0789,0.41736
151,"Lately, Most doctors typically",cau_unemb,0.9,1,16,0.93401,0.4297,0.95136,0.9554,0.26737,0.32413,0.10557,0.0234,0.11487,0.81308
151,"Lately, Most doctors typically",cau_unemb,0.99,1,21,0.99372,0.57019,2.12753,2.11894,0.34363,0.32413,0.24606,0.12286,0.14341,1.86126
151,"Lately, Most doctors typically",dua_unemb,0.3,1,13,0.33401,0.30354,0.11652,0.12065,0.00775,0.32413,0.02058,0.00099,0.01203,0.1035
151,"Lately, Most doctors typically",dua_unemb,0.5,1,18,0.52317,0.31027,0.22734,0.22852,0.00978,0.32413,0.01385,0.00044,0.02548,0.20142
151,"Lately, Most doctors typically",dua_unemb,0.7,1,25,0.71576,0.32301,0.44578,0.43966,0.02295,0.32413,0.00112,0.0,0.04997,0.3958
151,"Lately, Most doctors typically",dua_unemb,0.9,1,37,0.90825,0.34452,0.97484,0.95055,0.02944,0.32413,0.02039,0.00093,0.09388,0.88003
151,"Lately, Most doctors typically",dua_unemb,0.99,1,51,0.99097,0.36906,1.87229,1.82042,0.16862,0.32413,0.04494,0.00442,0.13289,1.73498
151,"Lately, Most doctors typically",euc_dmd,0.3,1,11,0.37505,0.16878,0.8388,0.84899,0.23737,0.32413,0.15535,0.07168,0.11148,0.65564
151,"Lately, Most doctors typically",euc_dmd,0.5,1,13,0.5707,0.14919,1.26693,1.27531,0.27744,0.32413,0.17494,0.09592,0.15692,1.0141
151,"Lately, Most doctors typically",euc_dmd,0.7,1,15,0.74247,0.13519,1.78331,1.78848,0.31327,0.32413,0.18893,0.11682,0.20397,1.46252
151,"Lately, Most doctors typically",euc_dmd,0.9,1,19,0.9262,0.11076,3.03356,3.02903,0.34222,0.32413,0.21337,0.16261,0.29107,2.57987
151,"Lately, Most doctors typically",euc_dmd,0.99,1,26,0.99203,0.06354,5.66674,5.63934,0.34725,0.32413,0.26059,0.30776,0.42032,4.93867
151,"Lately, Most doctors typically",cau_dmd,0.3,1,14,0.36217,0.12218,0.88102,0.89062,0.17677,0.32413,0.20195,0.13954,0.15851,0.58297
151,"Lately, Most doctors typically",cau_dmd,0.5,1,16,0.51408,0.09819,1.27946,1.28694,0.22916,0.32413,0.22594,0.19216,0.19122,0.89608
151,"Lately, Most doctors typically",cau_dmd,0.7,1,19,0.72712,0.0645,2.11022,2.11164,0.25864,0.32413,0.25963,0.3036,0.24886,1.55776
151,"Lately, Most doctors typically",cau_dmd,0.9,1,24,0.92356,0.02749,3.92944,3.91542,0.32081,0.32413,0.29664,0.55378,0.36747,3.0082
151,"Lately, Most doctors typically",cau_dmd,0.99,1,32,0.99205,0.00667,7.19358,7.15007,0.34344,0.32413,0.31746,0.99863,0.56804,5.62692
151,"Lately, Most doctors typically",dua_dmd,0.3,1,15,0.31229,0.23218,0.34287,0.34916,0.01923,0.32413,0.09195,0.02193,0.12181,0.19913
151,"Lately, Most doctors typically",dua_dmd,0.5,1,21,0.50176,0.21287,0.60623,0.61097,0.02711,0.32413,0.11125,0.03328,0.21578,0.35717
151,"Lately, Most doctors typically",dua_dmd,0.7,1,29,0.72185,0.19622,1.01845,1.01874,0.03104,0.32413,0.12791,0.04554,0.32428,0.64863
151,"Lately, Most doctors typically",dua_dmd,0.9,1,41,0.90622,0.18936,1.78107,1.77078,0.04321,0.32413,0.13476,0.05133,0.46816,1.26159
151,"Lately, Most doctors typically",dua_dmd,0.99,1,60,0.99042,0.19653,3.20433,3.1717,0.19926,0.32413,0.1276,0.04529,0.69099,2.46805
224,"Today, Both of them generally",euc_ctx,0.3,1,15,0.31294,0.31871,0.41945,0.42498,0.15549,0.53424,0.21553,0.09883,0.06696,0.25366
224,"Today, Both of them generally",euc_ctx,0.5,1,20,0.54095,0.2754,0.74217,0.74661,0.17873,0.53424,0.25884,0.14815,0.14968,0.44434
224,"Today, Both of them generally",euc_ctx,0.7,1,24,0.71344,0.26348,1.02341,1.02604,0.18636,0.53424,0.27076,0.16419,0.23436,0.62486
224,"Today, Both of them generally",euc_ctx,0.9,1,32,0.91381,0.27951,1.57163,1.56896,0.18859,0.53424,0.25472,0.14289,0.38908,1.03966
224,"Today, Both of them generally",euc_ctx,0.99,1,46,0.99077,0.34309,2.4928,2.478,0.18789,0.53424,0.19114,0.07642,0.54308,1.8733
224,"Today, Both of them generally",cau_ctx,0.3,1,31,0.30107,0.28964,0.55088,0.5547,0.15747,0.53424,0.24459,0.13046,0.06804,0.35239
224,"Today, Both of them generally",cau_ctx,0.5,1,41,0.51591,0.22313,0.98656,0.98787,0.16708,0.53424,0.31111,0.22815,0.13958,0.61883
224,"Today, Both of them generally",cau_ctx,0.7,1,50,0.70403,0.18384,1.45135,1.44894,0.173,0.53424,0.3504,0.30865,0.23031,0.91239
224,"Today, Both of them generally",cau_ctx,0.9,1,66,0.905,0.14112,2.37262,2.36107,0.17199,0.53424,0.39312,0.42617,0.41241,1.53404
224,"Today, Both of them generally",cau_ctx,0.99,1,95,0.99003,0.08504,4.22687,4.19406,0.17233,0.53424,0.4492,0.6673,0.69352,2.86605
224,"Today, Both of them generally",dua_ctx,0.3,1,64,0.30167,0.39651,0.65152,0.64681,0.04278,0.53424,0.13773,0.03862,0.06698,0.54592
224,"Today, Both of them generally",dua_ctx,0.5,1,95,0.50555,0.31759,1.48627,1.4646,0.06366,0.53424,0.21665,0.09995,0.16239,1.22393
224,"Today, Both of them generally",dua_ctx,0.7,1,125,0.7041,0.2583,2.70392,2.65966,0.07789,0.53424,0.27594,0.17153,0.3124,2.21998
224,"Today, Both of them generally",dua_ctx,0.9,1,161,0.90058,0.21437,4.74519,4.67173,0.16407,0.53424,0.31987,0.24432,0.5622,3.93867
224,"Today, Both of them generally",dua_ctx,0.99,1,189,0.99065,0.19935,6.52877,6.43794,0.17798,0.53424,0.33489,0.27431,0.80737,5.44709
224,"Today, Both of them generally",euc_unemb,0.3,1,6,0.32833,0.41565,0.18245,0.18857,0.11649,0.53424,0.11859,0.02845,0.06196,0.09204
224,"Today, Both of them generally",euc_unemb,0.5,1,8,0.56625,0.43583,0.32013,0.32618,0.14398,0.53424,0.0984,0.01949,0.13105,0.1696
224,"Today, Both of them generally",euc_unemb,0.7,1,10,0.77591,0.49842,0.50151,0.50596,0.15862,0.53424,0.03582,0.00257,0.21882,0.28012
224,"Today, Both of them generally",euc_unemb,0.9,1,12,0.90114,0.58142,0.74052,0.74181,0.16795,0.53424,0.04718,0.00453,0.3022,0.43379
224,"Today, Both of them generally",euc_unemb,0.99,1,18,0.99372,0.74307,1.77055,1.75603,0.16905,0.53424,0.20883,0.1008,0.45505,1.2147
224,"Today, Both of them generally",cau_unemb,0.3,1,7,0.38631,0.38199,0.21933,0.22488,0.14053,0.53424,0.15224,0.04747,0.06705,0.1048
224,"Today, Both of them generally",cau_unemb,0.5,1,9,0.61157,0.4019,0.34302,0.34813,0.13112,0.53424,0.13234,0.03559,0.13102,0.17641
224,"Today, Both of them generally",cau_unemb,0.7,1,10,0.71313,0.42652,0.41349,0.41793,0.14573,0.53424,0.10772,0.0234,0.16884,0.22125
224,"Today, Both of them generally",cau_unemb,0.9,1,13,0.9066,0.53534,0.67991,0.68051,0.15514,0.53424,0.0011,0.0,0.2776,0.40231
224,"Today, Both of them generally",cau_unemb,0.99,1,19,0.99297,0.70636,1.50382,1.49049,0.14834,0.53424,0.17212,0.06566,0.40215,1.036
224,"Today, Both of them generally",dua_unemb,0.3,1,11,0.32446,0.51238,0.09115,0.09587,0.01587,0.53424,0.02185,0.00096,0.01094,0.07926
224,"Today, Both of them generally",dua_unemb,0.5,1,15,0.50448,0.51705,0.19533,0.19871,0.01894,0.53424,0.01719,0.00059,0.02463,0.17011
224,"Today, Both of them generally",dua_unemb,0.7,1,21,0.71739,0.53091,0.45084,0.44908,0.02329,0.53424,0.00333,2e-05,0.05861,0.39221
224,"Today, Both of them generally",dua_unemb,0.9,1,32,0.90207,0.5616,1.14727,1.13035,0.02711,0.53424,0.02736,0.00151,0.12979,1.01597
224,"Today, Both of them generally",dua_unemb,0.99,1,50,0.99029,0.61184,2.69087,2.64008,0.10882,0.53424,0.0776,0.01243,0.21724,2.46119
224,"Today, Both of them generally",euc_dmd,0.3,1,8,0.36417,0.2652,0.71784,0.72202,0.1655,0.53424,0.26904,0.1618,0.21994,0.33609
224,"Today, Both of them generally",euc_dmd,0.5,1,10,0.53571,0.22486,1.0722,1.07435,0.16591,0.53424,0.30938,0.22507,0.31215,0.53498
224,"Today, Both of them generally",euc_dmd,0.7,1,13,0.75889,0.18193,1.68241,1.67938,0.16993,0.53424,0.35231,0.31314,0.44792,0.92135
224,"Today, Both of them generally",euc_dmd,0.9,1,17,0.91828,0.13682,2.64585,2.63275,0.16978,0.53424,0.39742,0.44037,0.6311,1.57438
224,"Today, Both of them generally",euc_dmd,0.99,1,25,0.99214,0.06615,4.89088,4.85184,0.16779,0.53424,0.46809,0.79199,0.9599,3.13899
224,"Today, Both of them generally",cau_dmd,0.3,1,10,0.35533,0.24102,0.88365,0.88862,0.16436,0.53424,0.29322,0.1978,0.27464,0.41121
224,"Today, Both of them generally",cau_dmd,0.5,1,13,0.5614,0.16719,1.4861,1.48734,0.169,0.53424,0.36704,0.34995,0.38355,0.7526
224,"Today, Both of them generally",cau_dmd,0.7,1,16,0.74581,0.10813,2.26359,2.2584,0.17033,0.53424,0.42611,0.55087,0.50469,1.20802
224,"Today, Both of them generally",cau_dmd,0.9,1,21,0.92055,0.04778,3.84921,3.82918,0.17165,0.53424,0.48645,0.95667,0.7551,2.13744
224,"Today, Both of them generally",cau_dmd,0.99,1,29,0.99066,0.01246,6.65889,6.61052,0.1696,0.53424,0.52177,1.65765,1.19375,3.80749
224,"Today, Both of them generally",dua_dmd,0.3,1,11,0.30916,0.39524,0.31809,0.32406,0.1088,0.53424,0.139,0.03935,0.07331,0.20543
224,"Today, Both of them generally",dua_dmd,0.5,1,16,0.54792,0.33649,0.72591,0.73162,0.14815,0.53424,0.19774,0.08214,0.21111,0.43266
224,"Today, Both of them generally",dua_dmd,0.7,1,20,0.71043,0.31023,1.12512,1.1295,0.15901,0.53424,0.224,0.10747,0.35217,0.66547
224,"Today, Both of them generally",dua_dmd,0.9,1,30,0.90653,0.29784,2.13458,2.13236,0.16961,0.53424,0.2364,0.12096,0.59525,1.41837
224,"Today, Both of them generally",dua_dmd,0.99,1,47,0.99143,0.31325,4.17824,4.15737,0.17291,0.53424,0.22098,0.10434,0.85935,3.21455
208,"Usually, They still",euc_ctx,0.3,1,17,0.30171,0.45114,0.45521,0.463,0.06177,0.65776,0.20662,0.08637,0.09431,0.27452
208,"Usually, They still",euc_ctx,0.5,1,22,0.53709,0.38783,0.8401,0.84634,0.23697,0.65776,0.26993,0.14847,0.21448,0.47715
208,"Usually, They still",euc_ctx,0.7,1,26,0.71542,0.36066,1.1979,1.20162,0.26862,0.65776,0.2971,0.18138,0.34855,0.66797
208,"Usually, They still",euc_ctx,0.9,1,33,0.90254,0.35131,1.82382,1.82144,0.28848,0.65776,0.30645,0.19369,0.59047,1.03967
208,"Usually, They still",euc_ctx,0.99,1,48,0.99112,0.37751,2.97478,2.95645,0.29027,0.65776,0.28025,0.16049,0.90364,1.91065
208,"Usually, They still",cau_ctx,0.3,1,34,0.31035,0.37218,0.74841,0.75343,0.21853,0.65776,0.28558,0.16692,0.12967,0.45182
208,"Usually, They still",cau_ctx,0.5,1,43,0.52364,0.27364,1.31479,1.31631,0.26078,0.65776,0.38412,0.31933,0.26363,0.73183
208,"Usually, They still",cau_ctx,0.7,1,51,0.70479,0.21426,1.89989,1.89687,0.28185,0.65776,0.4435,0.45333,0.4339,1.01266
208,"Usually, They still",cau_ctx,0.9,1,66,0.90618,0.15215,3.0425,3.02893,0.29061,0.65776,0.50561,0.65248,0.80611,1.58391
208,"Usually, They still",cau_ctx,0.99,1,94,0.99033,0.09245,5.00658,4.97059,0.29603,0.65776,0.56531,0.95688,1.32955,2.72015
208,"Usually, They still",dua_ctx,0.3,1,80,0.30133,0.46532,0.84336,0.8262,0.02074,0.65776,0.19244,0.07497,0.11798,0.65042
208,"Usually, They still",dua_ctx,0.5,1,131,0.50108,0.36448,2.25754,2.20122,0.06194,0.65776,0.29329,0.17651,0.41687,1.66416
208,"Usually, They still",dua_ctx,0.7,1,184,0.70265,0.28781,4.35041,4.25758,0.08519,0.65776,0.36995,0.29286,0.84403,3.21353
208,"Usually, They still",dua_ctx,0.9,1,227,0.90383,0.23248,6.42166,6.31229,0.22522,0.65776,0.42528,0.40769,1.15966,4.85431
208,"Usually, They still",dua_ctx,0.99,1,258,0.99014,0.21506,7.84393,7.72746,0.24276,0.65776,0.4427,0.45124,1.39657,5.99613
208,"Usually, They still",euc_unemb,0.3,1,7,0.33102,0.58105,0.18632,0.19388,0.04553,0.65776,0.07672,0.01235,0.08071,0.09326
208,"Usually, They still",euc_unemb,0.5,1,9,0.57905,0.61404,0.35394,0.36075,0.06478,0.65776,0.04372,0.0041,0.17783,0.17201
208,"Usually, They still",euc_unemb,0.7,1,11,0.79185,0.67698,0.60355,0.60749,0.24134,0.65776,0.01921,0.00084,0.31152,0.29119
208,"Usually, They still",euc_unemb,0.9,1,13,0.9127,0.74108,0.91794,0.91714,0.2903,0.65776,0.08331,0.01703,0.441,0.45992
208,"Usually, They still",euc_unemb,0.99,1,18,0.99215,0.82771,1.83048,1.81358,0.29898,0.65776,0.16995,0.08372,0.66895,1.07781
208,"Usually, They still",cau_unemb,0.3,1,8,0.38739,0.53727,0.23627,0.24346,0.05534,0.65776,0.12049,0.02986,0.0834,0.12301
208,"Usually, They still",cau_unemb,0.5,1,9,0.50484,0.54587,0.31044,0.31731,0.05729,0.65776,0.11189,0.02584,0.12357,0.16103
208,"Usually, They still",cau_unemb,0.7,1,11,0.72529,0.58889,0.49717,0.50212,0.06563,0.65776,0.06887,0.01,0.22767,0.2595
208,"Usually, They still",cau_unemb,0.9,1,14,0.91576,0.67871,0.85555,0.85473,0.22364,0.65776,0.02094,0.00099,0.38057,0.47398
208,"Usually, They still",cau_unemb,0.99,1,19,0.99101,0.77186,1.56786,1.55301,0.26476,0.65776,0.1141,0.03358,0.52806,1.00621
208,"Usually, They still",dua_unemb,0.3,1,13,0.31347,0.64415,0.09591,0.09895,0.00866,0.65776,0.01361,0.00041,0.01642,0.07908
208,"Usually, They still",dua_unemb,0.5,1,20,0.51188,0.65809,0.26939,0.26563,0.01212,0.65776,0.00033,0.0,0.04613,0.22326
208,"Usually, They still",dua_unemb,0.7,1,33,0.70597,0.68402,0.79525,0.77031,0.01717,0.65776,0.02626,0.00157,0.12105,0.67263
208,"Usually, They still",dua_unemb,0.9,1,63,0.90057,0.73345,2.45235,2.36644,0.06849,0.65776,0.07569,0.0139,0.30575,2.1327
208,"Usually, They still",dua_unemb,0.99,1,92,0.99163,0.75507,4.31273,4.18815,0.08335,0.65776,0.09731,0.02374,0.49717,3.79181
208,"Usually, They still",euc_dmd,0.3,1,8,0.33173,0.34867,0.94081,0.9471,0.26274,0.65776,0.30909,0.19726,0.35115,0.3924
208,"Usually, They still",euc_dmd,0.5,1,10,0.52318,0.27176,1.49135,1.4946,0.27879,0.65776,0.386,0.32297,0.53649,0.63188
208,"Usually, They still",euc_dmd,0.7,1,12,0.70054,0.21604,2.07678,2.07548,0.28472,0.65776,0.44172,0.44868,0.71751,0.91059
208,"Usually, They still",euc_dmd,0.9,1,16,0.90674,0.1485,3.24364,3.23058,0.2892,0.65776,0.50926,0.66698,1.04002,1.53664
208,"Usually, They still",euc_dmd,0.99,1,24,0.9924,0.07628,5.602,5.56125,0.29213,0.65776,0.58148,1.0773,1.62031,2.90439
208,"Usually, They still",cau_dmd,0.3,1,10,0.35029,0.27581,1.38173,1.38794,0.27472,0.65776,0.38195,0.31516,0.51316,0.55342
208,"Usually, They still",cau_dmd,0.5,1,12,0.50708,0.19487,2.0164,2.01895,0.28403,0.65776,0.46289,0.50739,0.69201,0.817
208,"Usually, They still",cau_dmd,0.7,1,15,0.72499,0.11441,3.04519,3.03996,0.2902,0.65776,0.54336,0.8251,0.95115,1.26894
208,"Usually, They still",cau_dmd,0.9,1,20,0.92333,0.05116,4.81806,4.79669,0.2938,0.65776,0.60661,1.33092,1.3858,2.10134
208,"Usually, They still",cau_dmd,0.99,1,28,0.99218,0.01561,7.69827,7.64786,0.29616,0.65776,0.64215,2.09901,2.08059,3.51867
208,"Usually, They still",dua_dmd,0.3,1,12,0.34599,0.47458,0.42121,0.4271,0.04795,0.65776,0.18319,0.06799,0.09859,0.25463
208,"Usually, They still",dua_dmd,0.5,1,16,0.53818,0.4164,0.76007,0.764,0.06476,0.65776,0.24136,0.11807,0.21339,0.42861
208,"Usually, They still",dua_dmd,0.7,1,20,0.70963,0.37853,1.14957,1.15013,0.23114,0.65776,0.27923,0.15927,0.36324,0.62706
208,"Usually, They still",dua_dmd,0.9,1,27,0.91515,0.34877,1.89536,1.88785,0.26328,0.65776,0.30899,0.19712,0.66623,1.03201
208,"Usually, They still",dua_dmd,0.99,1,36,0.99078,0.35295,2.8746,2.85457,0.28027,0.65776,0.30481,0.19149,0.93949,1.74361
271,"Over time, The workers usually",euc_ctx,0.3,1,28,0.31681,0.17455,1.07101,1.07874,0.15974,0.49463,0.32008,0.26725,0.15722,0.64654
271,"Over time, The workers usually",euc_ctx,0.5,1,33,0.54036,0.14864,1.52313,1.52854,0.17181,0.49463,0.34598,0.33109,0.27125,0.92079
271,"Over time, The workers usually",euc_ctx,0.7,1,37,0.70734,0.14281,1.89317,1.89602,0.17714,0.49463,0.35181,0.34744,0.37894,1.16679
271,"Over time, The workers usually",euc_ctx,0.9,1,45,0.90423,0.15516,2.59187,2.58828,0.18281,0.49463,0.33947,0.31377,0.56642,1.71169
271,"Over time, The workers usually",euc_ctx,0.99,1,62,0.99107,0.20998,3.95595,3.93551,0.18157,0.49463,0.28464,0.19801,0.74756,3.01038
271,"Over time, The workers usually",cau_ctx,0.3,1,58,0.30892,0.11069,1.72738,1.72714,0.1538,0.49463,0.38394,0.45489,0.22775,1.04473
271,"Over time, The workers usually",cau_ctx,0.5,1,68,0.5131,0.07101,2.50092,2.49478,0.16871,0.49463,0.42361,0.65236,0.35437,1.4942
271,"Over time, The workers usually",cau_ctx,0.7,1,78,0.7051,0.04885,3.33155,3.31827,0.1735,0.49463,0.44578,0.8255,0.50974,1.99632
271,"Over time, The workers usually",cau_ctx,0.9,1,96,0.90398,0.02924,4.83292,4.80507,0.17766,0.49463,0.46538,1.06899,0.78752,2.97642
271,"Over time, The workers usually",cau_ctx,0.99,1,133,0.99041,0.01217,7.75497,7.69457,0.17848,0.49463,0.48246,1.49394,1.14452,5.1165
271,"Over time, The workers usually",dua_ctx,0.3,1,83,0.30149,0.31806,1.04377,1.03453,0.02083,0.49463,0.17656,0.06697,0.10727,0.86953
271,"Over time, The workers usually",dua_ctx,0.5,1,114,0.5035,0.25343,2.09897,2.06962,0.02963,0.49463,0.2412,0.13358,0.22949,1.7359
271,"Over time, The workers usually",dua_ctx,0.7,1,146,0.70055,0.20197,3.57786,3.52247,0.05025,0.49463,0.29266,0.21215,0.37391,2.99179
271,"Over time, The workers usually",dua_ctx,0.9,1,189,0.90341,0.15282,6.05435,5.96599,0.16531,0.49463,0.34181,0.31988,0.59535,5.13911
271,"Over time, The workers usually",dua_ctx,0.99,1,216,0.99063,0.13801,7.92542,7.82174,0.1743,0.49463,0.35662,0.36154,0.7963,6.76757
271,"Over time, The workers usually",euc_unemb,0.3,1,12,0.3823,0.27586,0.54099,0.55144,0.15833,0.49463,0.21876,0.10704,0.1325,0.30145
271,"Over time, The workers usually",euc_unemb,0.5,1,13,0.50012,0.28713,0.61437,0.62464,0.15146,0.49463,0.20749,0.09516,0.16265,0.35656
271,"Over time, The workers usually",euc_unemb,0.7,1,15,0.72272,0.33977,0.77325,0.78228,0.17013,0.49463,0.15486,0.05067,0.23383,0.48875
271,"Over time, The workers usually",euc_unemb,0.9,1,18,0.91582,0.47161,1.09762,1.10219,0.18158,0.49463,0.02302,0.00106,0.33252,0.76404
271,"Over time, The workers usually",euc_unemb,0.99,1,23,0.99143,0.64487,1.99095,1.98209,0.18891,0.49463,0.15025,0.04711,0.43012,1.51373
271,"Over time, The workers usually",cau_unemb,0.3,1,12,0.31189,0.24306,0.51199,0.52109,0.16538,0.49463,0.25156,0.14726,0.10788,0.25685
271,"Over time, The workers usually",cau_unemb,0.5,1,14,0.52878,0.25629,0.6487,0.65753,0.16944,0.49463,0.23834,0.12996,0.17169,0.34704
271,"Over time, The workers usually",cau_unemb,0.7,1,16,0.73429,0.30492,0.78465,0.79238,0.16522,0.49463,0.18971,0.0782,0.25202,0.45443
271,"Over time, The workers usually",cau_unemb,0.9,1,19,0.91354,0.43379,1.02816,1.03232,0.17355,0.49463,0.06084,0.00747,0.36062,0.66007
271,"Over time, The workers usually",cau_unemb,0.99,1,25,0.9933,0.67508,1.86351,1.85403,0.17438,0.49463,0.18045,0.06939,0.46792,1.3262
271,"Over time, The workers usually",dua_unemb,0.3,1,17,0.31298,0.44606,0.13586,0.14172,0.03394,0.49463,0.04857,0.00475,0.01853,0.11258
271,"Over time, The workers usually",dua_unemb,0.5,1,22,0.52393,0.45264,0.26741,0.27078,0.03571,0.49463,0.04199,0.00354,0.03823,0.22564
271,"Over time, The workers usually",dua_unemb,0.7,1,28,0.72035,0.46763,0.50498,0.50244,0.04947,0.49463,0.02699,0.00146,0.0673,0.43621
271,"Over time, The workers usually",dua_unemb,0.9,1,41,0.90542,0.50701,1.38862,1.36601,0.06639,0.49463,0.01238,0.00031,0.12088,1.26744
271,"Over time, The workers usually",dua_unemb,0.99,1,62,0.99099,0.55204,3.80235,3.73608,0.14332,0.49463,0.05742,0.00663,0.19538,3.60034
271,"Over time, The workers usually",euc_dmd,0.3,1,14,0.30927,0.10719,1.96393,1.9662,0.17543,0.49463,0.38744,0.4688,0.51802,0.97711
271,"Over time, The workers usually",euc_dmd,0.5,1,17,0.5479,0.06577,2.87933,2.87485,0.17827,0.49463,0.42886,0.68748,0.67821,1.51364
271,"Over time, The workers usually",euc_dmd,0.7,1,20,0.75863,0.04323,3.83685,3.82376,0.17912,0.49463,0.4514,0.88297,0.82035,2.13353
271,"Over time, The workers usually",euc_dmd,0.9,1,24,0.91403,0.02726,5.14042,5.11423,0.17958,0.49463,0.46737,1.10275,1.00344,3.03423
271,"Over time, The workers usually",euc_dmd,0.99,1,32,0.99067,0.01196,7.78128,7.72664,0.18103,0.49463,0.48266,1.50226,1.33464,4.94438
271,"Over time, The workers usually",cau_dmd,0.3,1,18,0.30349,0.05871,2.71036,2.7095,0.17249,0.49463,0.43591,0.73978,0.6373,1.33328
271,"Over time, The workers usually",cau_dmd,0.5,1,22,0.56031,0.02226,4.12752,4.11556,0.17767,0.49463,0.47237,1.20037,0.79665,2.1305
271,"Over time, The workers usually",cau_dmd,0.7,1,25,0.73769,0.0115,5.25083,5.2292,0.17983,0.49463,0.48313,1.52159,0.94169,2.78755
271,"Over time, The workers usually",cau_dmd,0.9,1,30,0.9118,0.00447,7.14765,7.1087,0.18113,0.49463,0.49015,1.98493,1.22418,3.93855
271,"Over time, The workers usually",cau_dmd,0.99,1,39,0.99046,0.00102,10.54929,10.47745,0.18089,0.49463,0.49361,2.71498,1.7381,6.09621
271,"Over time, The workers usually",dua_dmd,0.3,1,17,0.32672,0.30887,0.54419,0.55173,0.16084,0.49463,0.18575,0.07471,0.15892,0.31057
271,"Over time, The workers usually",dua_dmd,0.5,1,22,0.52898,0.27434,0.99487,1.00165,0.146,0.49463,0.22028,0.10871,0.36318,0.52298
271,"Over time, The workers usually",dua_dmd,0.7,1,28,0.70618,0.2567,1.56408,1.56881,0.15629,0.49463,0.23792,0.12944,0.57785,0.85679
271,"Over time, The workers usually",dua_dmd,0.9,1,40,0.9008,0.25141,2.91941,2.91609,0.17093,0.49463,0.24322,0.13617,0.85695,1.92629
271,"Over time, The workers usually",dua_dmd,0.99,1,60,0.99056,0.27127,5.76431,5.73839,0.18006,0.49463,0.22336,0.11215,1.23117,4.42099
58,"Over time, Our customers typically",euc_ctx,0.3,1,42,0.32527,0.18771,1.56152,1.56665,0.1411,0.60235,0.41465,0.41829,0.31782,0.82542
58,"Over time, Our customers typically",euc_ctx,0.5,1,47,0.52565,0.16224,1.99293,1.99422,0.15362,0.60235,0.44011,0.49384,0.41826,1.08083
58,"Over time, Our customers typically",euc_ctx,0.7,1,52,0.70921,0.1556,2.39265,2.38935,0.16312,0.60235,0.44676,0.51587,0.51791,1.35887
58,"Over time, Our customers typically",euc_ctx,0.9,1,61,0.90009,0.17208,3.01009,2.99721,0.16641,0.60235,0.43028,0.46308,0.64817,1.89884
58,"Over time, Our customers typically",euc_ctx,0.99,1,81,0.99079,0.24912,4.27767,4.24038,0.1682,0.60235,0.35323,0.27904,0.79217,3.20646
58,"Over time, Our customers typically",cau_ctx,0.3,1,96,0.31367,0.03585,4.00599,3.98426,0.13604,0.60235,0.5665,1.34735,0.68673,1.97191
58,"Over time, Our customers typically",cau_ctx,0.5,1,107,0.50555,0.01963,4.97753,4.94609,0.13176,0.60235,0.58273,1.70362,0.81924,2.45467
58,"Over time, Our customers typically",cau_ctx,0.7,1,119,0.70737,0.01197,5.95803,5.91569,0.14941,0.60235,0.59039,1.99855,0.96864,2.99084
58,"Over time, Our customers typically",cau_ctx,0.9,1,138,0.9013,0.0072,7.34706,7.28716,0.15898,0.60235,0.59515,2.3024,1.19311,3.85155
58,"Over time, Our customers typically",cau_ctx,0.99,1,174,0.99042,0.00389,9.77491,9.68288,0.1656,0.60235,0.59847,2.67275,1.59536,5.5068
58,"Over time, Our customers typically",dua_ctx,0.3,1,108,0.30218,0.36564,1.60177,1.5788,0.10832,0.60235,0.23672,0.11497,0.17332,1.31348
58,"Over time, Our customers typically",dua_ctx,0.5,1,138,0.50236,0.28921,2.76174,2.71517,0.11296,0.60235,0.31314,0.21098,0.30903,2.24172
58,"Over time, Our customers typically",dua_ctx,0.7,1,162,0.70071,0.23907,3.89238,3.82463,0.11507,0.60235,0.36328,0.29856,0.46676,3.12706
58,"Over time, Our customers typically",dua_ctx,0.9,1,188,0.90437,0.20025,5.33402,5.24354,0.12894,0.60235,0.40211,0.38552,0.68937,4.25913
58,"Over time, Our customers typically",dua_ctx,0.99,1,212,0.99047,0.18375,6.89264,6.78356,0.16042,0.60235,0.4186,0.42917,0.99485,5.46862
58,"Over time, Our customers typically",euc_unemb,0.3,1,16,0.33951,0.29567,0.70219,0.71328,0.16689,0.60235,0.30669,0.20131,0.20509,0.29579
58,"Over time, Our customers typically",euc_unemb,0.5,1,18,0.5786,0.31505,0.87197,0.88139,0.16695,0.60235,0.2873,0.17416,0.28226,0.41554
58,"Over time, Our customers typically",euc_unemb,0.7,1,20,0.78418,0.35659,1.08909,1.09512,0.16145,0.60235,0.24577,0.12444,0.37319,0.59146
58,"Over time, Our customers typically",euc_unemb,0.9,1,22,0.90493,0.39878,1.37784,1.37871,0.15493,0.60235,0.20358,0.08405,0.45708,0.83671
58,"Over time, Our customers typically",euc_unemb,0.99,1,27,0.99019,0.43224,2.35199,2.33507,0.16332,0.60235,0.17011,0.05828,0.6027,1.69101
58,"Over time, Our customers typically",cau_unemb,0.3,1,17,0.32396,0.274,0.69414,0.70548,0.1628,0.60235,0.32835,0.23511,0.18299,0.27605
58,"Over time, Our customers typically",cau_unemb,0.5,1,19,0.5459,0.2951,0.82876,0.83912,0.16526,0.60235,0.30725,0.20215,0.26511,0.3615
58,"Over time, Our customers typically",cau_unemb,0.7,1,21,0.74939,0.34829,0.97005,0.97826,0.16263,0.60235,0.25406,0.13352,0.36211,0.47441
58,"Over time, Our customers typically",cau_unemb,0.9,1,24,0.92011,0.45729,1.24748,1.24997,0.14629,0.60235,0.14507,0.04229,0.48637,0.71882
58,"Over time, Our customers typically",cau_unemb,0.99,1,29,0.99039,0.57313,1.96942,1.9573,0.13509,0.60235,0.02922,0.00176,0.61114,1.35653
58,"Over time, Our customers typically",dua_unemb,0.3,1,22,0.32993,0.51553,0.21997,0.22658,0.01217,0.60235,0.08682,0.01522,0.0216,0.18314
58,"Over time, Our customers typically",dua_unemb,0.5,1,27,0.53094,0.5178,0.37679,0.38023,0.01286,0.60235,0.08455,0.01444,0.03953,0.32281
58,"Over time, Our customers typically",dua_unemb,0.7,1,33,0.72623,0.52869,0.65826,0.65505,0.03418,0.60235,0.07367,0.01099,0.06879,0.57848
58,"Over time, Our customers typically",dua_unemb,0.9,1,45,0.9074,0.55498,1.60684,1.58157,0.11543,0.60235,0.04738,0.00458,0.12764,1.47462
58,"Over time, Our customers typically",dua_unemb,0.99,1,60,0.99046,0.56505,3.52137,3.45574,0.13242,0.60235,0.0373,0.00285,0.21069,3.30783
58,"Over time, Our customers typically",euc_dmd,0.3,1,21,0.34933,0.08996,2.86857,2.86942,0.17257,0.60235,0.5124,0.81617,0.99712,1.05529
58,"Over time, Our customers typically",euc_dmd,0.5,1,23,0.50232,0.07344,3.35297,3.3496,0.1727,0.60235,0.52891,0.93117,1.11903,1.30276
58,"Over time, Our customers typically",euc_dmd,0.7,1,26,0.71477,0.058,4.08988,4.07887,0.17262,0.60235,0.54436,1.06684,1.29971,1.72333
58,"Over time, Our customers typically",euc_dmd,0.9,1,31,0.91277,0.04221,5.39092,5.36424,0.1742,0.60235,0.56015,1.25164,1.60258,2.53669
58,"Over time, Our customers typically",euc_dmd,0.99,1,40,0.99109,0.02064,8.04355,7.98319,0.1782,0.60235,0.58172,1.67377,2.14375,4.22602
58,"Over time, Our customers typically",cau_dmd,0.3,1,27,0.35148,0.05198,3.37102,3.37094,0.17368,0.60235,0.55037,1.13027,1.09994,1.14081
58,"Over time, Our customers typically",cau_dmd,0.5,1,30,0.55722,0.02518,4.4575,4.44799,0.1727,0.60235,0.57718,1.55581,1.28556,1.61613
58,"Over time, Our customers typically",cau_dmd,0.7,1,33,0.74414,0.01265,5.62385,5.60337,0.17347,0.60235,0.5897,1.96526,1.51222,2.14637
58,"Over time, Our customers typically",cau_dmd,0.9,1,38,0.92074,0.00473,7.56916,7.52899,0.17594,0.60235,0.59762,2.55484,1.93216,3.08215
58,"Over time, Our customers typically",cau_dmd,0.99,1,46,0.99033,0.00124,10.59163,10.51897,0.18217,0.60235,0.60112,3.36113,2.60867,4.62183
58,"Over time, Our customers typically",dua_dmd,0.3,1,25,0.32893,0.34272,0.76843,0.7767,0.15187,0.60235,0.25964,0.13985,0.25601,0.37256
58,"Over time, Our customers typically",dua_dmd,0.5,1,31,0.50571,0.30414,1.23505,1.24149,0.15639,0.60235,0.29822,0.18911,0.48385,0.56209
58,"Over time, Our customers typically",dua_dmd,0.7,1,39,0.7035,0.27925,1.84345,1.84572,0.15155,0.60235,0.3231,0.22655,0.74219,0.87471
58,"Over time, Our customers typically",dua_dmd,0.9,1,53,0.90163,0.27258,2.96336,2.9539,0.1535,0.60235,0.32978,0.23747,1.10889,1.617
58,"Over time, Our customers typically",dua_dmd,0.99,1,82,0.9905,0.30061,6.02247,5.97389,0.16891,0.60235,0.30175,0.19413,1.81889,4.00945
236,"At home, People often",euc_ctx,0.3,1,44,0.31759,0.38727,1.42646,1.43274,0.19705,0.74473,0.35746,0.26346,0.56631,0.59669
236,"At home, People often",euc_ctx,0.5,1,50,0.52002,0.34329,1.79236,1.79386,0.19873,0.74473,0.40144,0.33554,0.64628,0.81054
236,"At home, People often",euc_ctx,0.7,1,56,0.70546,0.3237,2.09882,2.09424,0.19926,0.74473,0.42103,0.3718,0.67957,1.04744
236,"At home, People often",euc_ctx,0.9,1,67,0.90282,0.32348,2.59919,2.58134,0.18422,0.74473,0.42125,0.37222,0.70389,1.52307
236,"At home, People often",euc_ctx,0.99,1,88,0.99021,0.34202,3.66466,3.61799,0.19645,0.74473,0.40271,0.33781,0.812,2.51486
236,"At home, People often",cau_ctx,0.3,1,93,0.30168,0.26251,2.10402,2.09931,0.17388,0.74473,0.48222,0.50573,0.59858,0.99971
236,"At home, People often",cau_ctx,0.5,1,105,0.50288,0.16357,2.84899,2.83547,0.16438,0.74473,0.58116,0.82589,0.6867,1.3364
236,"At home, People often",cau_ctx,0.7,1,118,0.70998,0.10319,3.66817,3.64346,0.1887,0.74473,0.64154,1.15115,0.79042,1.7266
236,"At home, People often",cau_ctx,0.9,1,139,0.90467,0.05702,4.92004,4.87545,0.19622,0.74473,0.6877,1.58003,0.9523,2.38771
236,"At home, People often",cau_ctx,0.99,1,179,0.99033,0.02222,7.22633,7.14257,0.19999,0.74473,0.72251,2.27266,1.26394,3.68973
236,"At home, People often",dua_ctx,0.3,1,115,0.30289,0.49731,1.52364,1.49218,0.01298,0.74473,0.24741,0.12774,0.19714,1.19876
236,"At home, People often",dua_ctx,0.5,1,149,0.50495,0.3991,2.67656,2.61596,0.03295,0.74473,0.34563,0.24603,0.38916,2.04137
236,"At home, People often",dua_ctx,0.7,1,177,0.70718,0.33282,3.86767,3.78223,0.04479,0.74473,0.4119,0.35456,0.64736,2.86575
236,"At home, People often",dua_ctx,0.9,1,205,0.9018,0.2891,5.19933,5.09283,0.06637,0.74473,0.45563,0.44325,1.00625,3.74983
236,"At home, People often",dua_ctx,0.99,1,229,0.99076,0.27377,6.22596,6.10593,0.06869,0.74473,0.47096,0.47838,1.22998,4.5176
236,"At home, People often",euc_unemb,0.3,1,16,0.35164,0.47023,0.64605,0.65766,0.18472,0.74473,0.2745,0.15605,0.28989,0.20012
236,"At home, People often",euc_unemb,0.5,1,18,0.58304,0.51047,0.77526,0.78503,0.18341,0.74473,0.23426,0.11506,0.3941,0.2661
236,"At home, People often",euc_unemb,0.7,1,20,0.77994,0.58217,0.92251,0.92875,0.19236,0.74473,0.16256,0.05761,0.5093,0.3556
236,"At home, People often",euc_unemb,0.9,1,23,0.93263,0.68756,1.22413,1.22211,0.19547,0.74473,0.05717,0.0079,0.6636,0.55264
236,"At home, People often",euc_unemb,0.99,1,28,0.99198,0.76096,1.91095,1.89081,0.19652,0.74473,0.01623,0.00071,0.86214,1.0481
236,"At home, People often",cau_unemb,0.3,1,17,0.33912,0.46324,0.64103,0.65414,0.17251,0.74473,0.28148,0.16385,0.28528,0.1919
236,"At home, People often",cau_unemb,0.5,1,19,0.55145,0.50199,0.75065,0.76247,0.16828,0.74473,0.24274,0.12315,0.38171,0.24578
236,"At home, People often",cau_unemb,0.7,1,21,0.743,0.57573,0.85942,0.86862,0.16802,0.74473,0.169,0.06199,0.48501,0.31242
236,"At home, People often",cau_unemb,0.9,1,24,0.9096,0.70405,1.07077,1.07348,0.14488,0.74473,0.04068,0.00409,0.61954,0.44714
236,"At home, People often",cau_unemb,0.99,1,30,0.99087,0.84135,1.72508,1.70924,0.1718,0.74473,0.09662,0.03057,0.80921,0.88531
236,"At home, People often",dua_unemb,0.3,1,22,0.31315,0.68238,0.16009,0.16553,0.00929,0.74473,0.06234,0.00933,0.02412,0.12664
236,"At home, People often",dua_unemb,0.5,1,28,0.51496,0.6881,0.31664,0.3169,0.0138,0.74473,0.05662,0.00775,0.04771,0.26118
236,"At home, People often",dua_unemb,0.7,1,36,0.71118,0.69992,0.63454,0.62339,0.01634,0.74473,0.04481,0.00493,0.08749,0.54212
236,"At home, People often",dua_unemb,0.9,1,49,0.9078,0.71163,1.42433,1.38688,0.03263,0.74473,0.0331,0.00274,0.16166,1.25993
236,"At home, People often",dua_unemb,0.99,1,63,0.99134,0.71544,2.73194,2.656,0.03943,0.74473,0.02929,0.00215,0.25469,2.4751
236,"At home, People often",euc_dmd,0.3,1,22,0.30824,0.19591,2.74178,2.74434,0.20443,0.74473,0.54882,0.70158,1.23932,0.80088
236,"At home, People often",euc_dmd,0.5,1,25,0.50429,0.13529,3.46388,3.45909,0.2061,0.74473,0.60944,0.95874,1.41886,1.08628
236,"At home, People often",euc_dmd,0.7,1,29,0.74562,0.08524,4.45306,4.43595,0.20735,0.74473,0.65949,1.28843,1.64351,1.52113
236,"At home, People often",euc_dmd,0.9,1,34,0.91339,0.05152,5.7255,5.69059,0.20191,0.74473,0.6932,1.6541,1.95384,2.11756
236,"At home, People often",euc_dmd,0.99,1,43,0.99002,0.02223,8.12877,8.05956,0.19851,0.74473,0.7225,2.27249,2.60067,3.25561
236,"At home, People often",cau_dmd,0.3,1,28,0.34702,0.0653,3.71883,3.71752,0.20699,0.74473,0.67942,1.48133,1.22402,1.01349
236,"At home, People often",cau_dmd,0.5,1,31,0.52364,0.03044,4.78892,4.77773,0.20649,0.74473,0.71429,2.04043,1.40319,1.3453
236,"At home, People often",cau_dmd,0.7,1,35,0.74053,0.01189,6.23655,6.21072,0.20445,0.74473,0.73284,2.73596,1.68247,1.81812
236,"At home, People often",cau_dmd,0.9,1,40,0.9027,0.00435,7.98586,7.9407,0.20272,0.74473,0.74038,3.48342,2.07068,2.43177
236,"At home, People often",cau_dmd,0.99,1,51,0.99185,0.00066,11.6935,11.60503,0.19892,0.74473,0.74406,4.88277,3.00525,3.80548
236,"At home, People often",dua_dmd,0.3,1,27,0.31016,0.49374,0.91542,0.92272,0.0445,0.74473,0.25099,0.1313,0.38201,0.40211
236,"At home, People often",dua_dmd,0.5,1,37,0.50141,0.44325,1.60538,1.60803,0.05736,0.74473,0.30148,0.18738,0.70505,0.71296
236,"At home, People often",dua_dmd,0.7,1,49,0.71645,0.4062,2.48093,2.47449,0.07777,0.74473,0.33852,0.23592,1.0465,1.1985
236,"At home, People often",dua_dmd,0.9,1,62,0.90106,0.38681,3.52375,3.50365,0.08976,0.74473,0.35792,0.26416,1.38402,1.87557
236,"At home, People often",dua_dmd,0.99,1,92,0.99035,0.40127,5.98706,5.92428,0.09578,0.74473,0.34346,0.24292,2.13923,3.60491
107,"Over time, Students often",euc_ctx,0.3,1,36,0.31424,0.24925,1.01345,1.02111,0.19955,0.59669,0.34744,0.27027,0.18104,0.56214
107,"Over time, Students often",euc_ctx,0.5,1,40,0.50741,0.22045,1.35443,1.35944,0.16786,0.59669,0.37623,0.32834,0.26794,0.75815
107,"Over time, Students often",euc_ctx,0.7,1,45,0.73512,0.20937,1.79781,1.79827,0.17609,0.59669,0.38731,0.35342,0.40202,1.04237
107,"Over time, Students often",euc_ctx,0.9,1,52,0.91319,0.22463,2.38077,2.37335,0.18943,0.59669,0.37205,0.3193,0.56993,1.49155
107,"Over time, Students often",euc_ctx,0.99,1,66,0.99126,0.28563,3.46272,3.43695,0.19392,0.59669,0.31106,0.20901,0.77028,2.48343
107,"Over time, Students often",cau_ctx,0.3,1,82,0.30824,0.13553,2.38178,2.37362,0.18459,0.59669,0.46115,0.57691,0.41442,1.39044
107,"Over time, Students often",cau_ctx,0.5,1,92,0.51951,0.08307,3.22695,3.21074,0.18332,0.59669,0.51361,0.84521,0.54367,1.83807
107,"Over time, Students often",cau_ctx,0.7,1,101,0.70432,0.05887,3.98521,3.96101,0.18311,0.59669,0.53782,1.04021,0.68344,2.26156
107,"Over time, Students often",cau_ctx,0.9,1,117,0.9046,0.03955,5.23591,5.19666,0.18757,0.59669,0.55713,1.26929,0.92447,3.04214
107,"Over time, Students often",cau_ctx,0.99,1,146,0.99043,0.02496,7.30864,7.2409,0.19365,0.59669,0.57173,1.53803,1.26073,4.50989
107,"Over time, Students often",dua_ctx,0.3,1,101,0.30469,0.40339,1.31707,1.29297,0.04846,0.59669,0.19329,0.07568,0.14579,1.0956
107,"Over time, Students often",dua_ctx,0.5,1,132,0.50244,0.32765,2.43959,2.38988,0.06632,0.59669,0.26903,0.15156,0.28277,2.00526
107,"Over time, Students often",dua_ctx,0.7,1,158,0.70294,0.27546,3.65996,3.58672,0.08293,0.59669,0.32123,0.22495,0.50292,2.93209
107,"Over time, Students often",dua_ctx,0.9,1,185,0.90053,0.23745,5.17529,5.07922,0.09171,0.59669,0.35924,0.29292,0.79801,4.08436
107,"Over time, Students often",dua_ctx,0.99,1,209,0.99117,0.22123,6.71463,6.60173,0.09892,0.59669,0.37546,0.32665,1.10242,5.28555
107,"Over time, Students often",euc_unemb,0.3,1,14,0.30975,0.27868,0.71719,0.72641,0.20821,0.59669,0.31801,0.2198,0.19353,0.30385
107,"Over time, Students often",euc_unemb,0.5,1,16,0.56562,0.29469,0.92661,0.93427,0.20627,0.59669,0.30199,0.19552,0.30428,0.42681
107,"Over time, Students often",euc_unemb,0.7,1,18,0.78946,0.3412,1.18381,1.18813,0.19873,0.59669,0.25549,0.1356,0.44178,0.60643
107,"Over time, Students often",euc_unemb,0.9,1,20,0.91459,0.39374,1.51507,1.51416,0.18938,0.59669,0.20295,0.08366,0.5719,0.85951
107,"Over time, Students often",euc_unemb,0.99,1,25,0.99301,0.44692,2.61222,2.59294,0.19148,0.59669,0.14977,0.04509,0.80816,1.75897
107,"Over time, Students often",cau_unemb,0.3,1,16,0.41184,0.30928,0.6872,0.6979,0.21865,0.59669,0.28741,0.17512,0.21635,0.29573
107,"Over time, Students often",cau_unemb,0.5,1,17,0.53472,0.32377,0.77602,0.78608,0.21423,0.59669,0.27292,0.15635,0.27275,0.34691
107,"Over time, Students often",cau_unemb,0.7,1,19,0.75507,0.37821,0.98225,0.98991,0.1826,0.59669,0.21848,0.09747,0.40488,0.4799
107,"Over time, Students often",cau_unemb,0.9,1,22,0.93047,0.48238,1.39345,1.39455,0.16422,0.59669,0.11431,0.02625,0.58681,0.78039
107,"Over time, Students often",cau_unemb,0.99,1,27,0.99333,0.57578,2.31423,2.29924,0.17493,0.59669,0.02091,0.0009,0.77448,1.53884
107,"Over time, Students often",dua_unemb,0.3,1,21,0.32237,0.53682,0.21205,0.2162,0.028,0.59669,0.05987,0.00727,0.02359,0.18119
107,"Over time, Students often",dua_unemb,0.5,1,27,0.52475,0.5425,0.39767,0.39644,0.03201,0.59669,0.05419,0.00596,0.04867,0.34304
107,"Over time, Students often",dua_unemb,0.7,1,34,0.71137,0.55077,0.72018,0.70929,0.04144,0.59669,0.04591,0.00429,0.08483,0.63106
107,"Over time, Students often",dua_unemb,0.9,1,45,0.9017,0.56023,1.53574,1.50335,0.06999,0.59669,0.03646,0.00272,0.14767,1.38535
107,"Over time, Students often",dua_unemb,0.99,1,59,0.99179,0.5681,3.27686,3.20645,0.10042,0.59669,0.02859,0.00168,0.22623,3.04896
107,"Over time, Students often",euc_dmd,0.3,1,18,0.35095,0.11649,2.21684,2.22167,0.20801,0.59669,0.4802,0.65846,0.76493,0.79346
107,"Over time, Students often",euc_dmd,0.5,1,20,0.53219,0.09625,2.73807,2.73892,0.20853,0.59669,0.50044,0.76324,0.93418,1.04064
107,"Over time, Students often",euc_dmd,0.7,1,22,0.7011,0.08249,3.29887,3.29464,0.19968,0.59669,0.51419,0.84914,1.11978,1.32995
107,"Over time, Students often",euc_dmd,0.9,1,26,0.90458,0.06476,4.4775,4.4607,0.20054,0.59669,0.53192,0.98582,1.4859,2.00578
107,"Over time, Students often",euc_dmd,0.99,1,34,0.99255,0.03876,6.95986,6.91295,0.20765,0.59669,0.55793,1.28108,2.11521,3.56357
107,"Over time, Students often",cau_dmd,0.3,1,24,0.36758,0.06153,3.08929,3.09064,0.1923,0.59669,0.53516,1.01498,0.92947,1.14484
107,"Over time, Students often",cau_dmd,0.5,1,26,0.51966,0.03949,3.81533,3.81087,0.19085,0.59669,0.55719,1.27017,1.08342,1.46174
107,"Over time, Students often",cau_dmd,0.7,1,29,0.73262,0.02133,4.99283,4.97824,0.19808,0.59669,0.57536,1.63018,1.37344,1.98922
107,"Over time, Students often",cau_dmd,0.9,1,33,0.90399,0.0106,6.59285,6.56322,0.2036,0.59669,0.58608,2.04279,1.80003,2.75003
107,"Over time, Students often",cau_dmd,0.99,1,41,0.99092,0.00311,9.7016,9.63963,0.20782,0.59669,0.59358,2.77213,2.56406,4.36541
107,"Over time, Students often",dua_dmd,0.3,1,24,0.30255,0.36189,0.76272,0.76839,0.08723,0.59669,0.2348,0.11334,0.26219,0.38719
107,"Over time, Students often",dua_dmd,0.5,1,33,0.51694,0.31802,1.34289,1.34388,0.08286,0.59669,0.27867,0.16363,0.50887,0.6704
107,"Over time, Students often",dua_dmd,0.7,1,41,0.71377,0.29525,1.96778,1.96297,0.15873,0.59669,0.30144,0.19471,0.76354,1.00954
107,"Over time, Students often",dua_dmd,0.9,1,51,0.91059,0.28332,2.82928,2.81462,0.15912,0.59669,0.31337,0.21255,1.03703,1.5797
107,"Over time, Students often",dua_dmd,0.99,1,66,0.99096,0.2938,4.43459,4.39815,0.17884,0.59669,0.30289,0.19682,1.38612,2.85164
233,"Every day, These kids just",euc_ctx,0.3,1,14,0.30207,0.5605,0.27197,0.279,0.04646,0.67773,0.11722,0.02873,0.10542,0.13782
233,"Every day, These kids just",euc_ctx,0.5,1,19,0.53912,0.54157,0.56789,0.57413,0.24704,0.67773,0.13616,0.03842,0.25696,0.27251
233,"Every day, These kids just",euc_ctx,0.7,1,23,0.71455,0.5468,0.88735,0.89148,0.25172,0.67773,0.13093,0.03561,0.43846,0.41328
233,"Every day, These kids just",euc_ctx,0.9,1,31,0.9118,0.58612,1.63615,1.63334,0.28958,0.67773,0.0916,0.01779,0.85611,0.76225
233,"Every day, These kids just",euc_ctx,0.99,1,46,0.99064,0.65487,2.92346,2.90353,0.30175,0.67773,0.02286,0.00117,1.37466,1.54764
233,"Every day, These kids just",cau_ctx,0.3,1,28,0.30257,0.53785,0.41801,0.42343,0.19015,0.67773,0.13988,0.04049,0.16172,0.2158
233,"Every day, These kids just",cau_ctx,0.5,1,37,0.51066,0.48507,0.80687,0.81034,0.26095,0.67773,0.19266,0.07564,0.3289,0.40233
233,"Every day, These kids just",cau_ctx,0.7,1,46,0.70669,0.44433,1.32206,1.32168,0.27449,0.67773,0.2334,0.11056,0.57099,0.64051
233,"Every day, These kids just",cau_ctx,0.9,1,62,0.90675,0.39698,2.38562,2.37534,0.28695,0.67773,0.28074,0.16056,1.07975,1.14531
233,"Every day, These kids just",cau_ctx,0.99,1,92,0.99072,0.32926,4.24619,4.21324,0.29944,0.67773,0.34847,0.25303,1.78185,2.2113
233,"Every day, These kids just",dua_ctx,0.3,1,71,0.30122,0.5255,0.77698,0.76417,0.02729,0.67773,0.15223,0.04774,0.08874,0.64051
233,"Every day, These kids just",dua_ctx,0.5,1,121,0.5037,0.42263,2.26244,2.21121,0.06901,0.67773,0.2551,0.13214,0.2996,1.83069
233,"Every day, These kids just",dua_ctx,0.7,1,175,0.70233,0.35937,4.66156,4.57048,0.07655,0.67773,0.31836,0.20853,0.63782,3.81521
233,"Every day, These kids just",dua_ctx,0.9,1,228,0.90162,0.31591,6.6799,6.56753,0.07825,0.67773,0.36182,0.27473,1.02301,5.38215
233,"Every day, These kids just",dua_ctx,0.99,1,259,0.99118,0.29885,7.52051,7.40074,0.07919,0.67773,0.37888,0.30442,1.23499,5.9811
233,"Every day, These kids just",euc_unemb,0.3,1,6,0.34714,0.61268,0.1638,0.16925,0.03733,0.67773,0.06505,0.00913,0.06996,0.08471
233,"Every day, These kids just",euc_unemb,0.5,1,8,0.60454,0.64801,0.36347,0.36762,0.17054,0.67773,0.02972,0.00196,0.19761,0.16389
233,"Every day, These kids just",euc_unemb,0.7,1,9,0.72127,0.67862,0.51564,0.51826,0.2123,0.67773,0.00089,0.0,0.2975,0.21814
233,"Every day, These kids just",euc_unemb,0.9,1,12,0.92545,0.77515,1.14915,1.14416,0.25337,0.67773,0.09743,0.02498,0.67175,0.45242
233,"Every day, These kids just",euc_unemb,0.99,1,17,0.99382,0.85802,2.34052,2.31772,0.28737,0.67773,0.1803,0.10431,1.18291,1.0533
233,"Every day, These kids just",cau_unemb,0.3,1,7,0.40852,0.58589,0.20787,0.21357,0.03444,0.67773,0.09183,0.01788,0.09278,0.0972
233,"Every day, These kids just",cau_unemb,0.5,1,8,0.52901,0.59871,0.29485,0.30007,0.03466,0.67773,0.07902,0.01335,0.14995,0.13155
233,"Every day, These kids just",cau_unemb,0.7,1,10,0.74689,0.64893,0.54674,0.54958,0.23133,0.67773,0.0288,0.00185,0.32136,0.22354
233,"Every day, These kids just",cau_unemb,0.9,1,13,0.92482,0.73852,1.07627,1.07244,0.25855,0.67773,0.06079,0.00915,0.63496,0.43216
233,"Every day, These kids just",cau_unemb,0.99,1,18,0.99198,0.81993,2.02275,2.0035,0.28199,0.67773,0.14221,0.0585,1.00618,0.95807
233,"Every day, These kids just",dua_unemb,0.3,1,11,0.31343,0.66033,0.08923,0.09156,0.02127,0.67773,0.0174,0.00068,0.01508,0.07347
233,"Every day, These kids just",dua_unemb,0.5,1,17,0.50258,0.67527,0.23473,0.23232,0.0241,0.67773,0.00246,1e-05,0.04015,0.19456
233,"Every day, These kids just",dua_unemb,0.7,1,29,0.70273,0.71514,0.76355,0.74331,0.03757,0.67773,0.03741,0.00335,0.09797,0.66222
233,"Every day, These kids just",dua_unemb,0.9,1,58,0.9046,0.76667,3.06162,2.9802,0.04824,0.67773,0.08895,0.02051,0.25984,2.78127
233,"Every day, These kids just",dua_unemb,0.99,1,80,0.99135,0.77396,5.07958,4.96029,0.054,0.67773,0.09623,0.02432,0.54184,4.51342
233,"Every day, These kids just",euc_dmd,0.3,1,7,0.32727,0.49644,0.52074,0.52779,0.25771,0.67773,0.18129,0.06713,0.26634,0.18727
233,"Every day, These kids just",euc_dmd,0.5,1,9,0.51538,0.46525,0.88677,0.89252,0.25988,0.67773,0.21248,0.09174,0.46878,0.32625
233,"Every day, These kids just",euc_dmd,0.7,1,12,0.76121,0.43324,1.61076,1.61165,0.26912,0.67773,0.24449,0.12132,0.87071,0.61873
233,"Every day, These kids just",euc_dmd,0.9,1,16,0.92536,0.38172,2.7497,2.74015,0.27723,0.67773,0.29601,0.17908,1.42977,1.14085
233,"Every day, These kids just",euc_dmd,0.99,1,23,0.99132,0.25466,4.84161,4.80838,0.2838,0.67773,0.42307,0.39317,2.20622,2.24222
233,"Every day, These kids just",cau_dmd,0.3,1,9,0.33199,0.43914,0.67427,0.68242,0.24171,0.67773,0.23859,0.11552,0.30598,0.25278
233,"Every day, These kids just",cau_dmd,0.5,1,12,0.55544,0.33726,1.31692,1.3221,0.26807,0.67773,0.34047,0.24063,0.56144,0.51485
233,"Every day, These kids just",cau_dmd,0.7,1,15,0.75219,0.22854,2.23623,2.23481,0.28124,0.67773,0.44918,0.4554,0.89113,0.8897
233,"Every day, These kids just",cau_dmd,0.9,1,19,0.90569,0.11767,3.7053,3.69105,0.2923,0.67773,0.56006,0.86202,1.34517,1.49811
233,"Every day, These kids just",cau_dmd,0.99,1,28,0.99187,0.02305,7.13281,7.08363,0.29106,0.67773,0.65467,1.9339,2.19919,2.99971
233,"Every day, These kids just",dua_dmd,0.3,1,16,0.32149,0.5288,0.44551,0.4488,0.04412,0.67773,0.14893,0.04574,0.13841,0.26136
233,"Every day, These kids just",dua_dmd,0.5,1,24,0.51309,0.47539,0.87018,0.87027,0.05773,0.67773,0.20233,0.08329,0.24356,0.54332
233,"Every day, These kids just",dua_dmd,0.7,1,33,0.70325,0.44092,1.52046,1.51412,0.06106,0.67773,0.23681,0.11381,0.36908,1.03757
233,"Every day, These kids just",dua_dmd,0.9,1,48,0.90087,0.42709,2.85252,2.83004,0.22096,0.67773,0.25064,0.12753,0.63122,2.09377
233,"Every day, These kids just",dua_dmd,0.99,1,75,0.99025,0.46448,5.10931,5.05335,0.264,0.67773,0.21324,0.0924,1.02908,3.98783
298,"At work, These kids typically",euc_ctx,0.3,1,30,0.33655,0.22384,1.21839,1.22659,0.21816,0.61052,0.38668,0.34402,0.15843,0.71595
298,"At work, These kids typically",euc_ctx,0.5,1,34,0.50807,0.18826,1.5837,1.58958,0.2298,0.61052,0.42226,0.43226,0.22507,0.92637
298,"At work, These kids typically",euc_ctx,0.7,1,39,0.70933,0.16713,2.02909,2.03121,0.24017,0.61052,0.44338,0.49491,0.32312,1.21107
298,"At work, These kids typically",euc_ctx,0.9,1,48,0.91245,0.16564,2.74636,2.74022,0.24246,0.61052,0.44488,0.49971,0.48224,1.76441
298,"At work, These kids typically",euc_ctx,0.99,1,64,0.99005,0.19183,3.89729,3.87429,0.24594,0.61052,0.41869,0.42249,0.65454,2.82026
298,"At work, These kids typically",cau_ctx,0.3,1,60,0.31629,0.10937,2.11982,2.11772,0.22707,0.61052,0.50115,0.7277,0.22391,1.16821
298,"At work, These kids typically",cau_ctx,0.5,1,70,0.51989,0.06221,2.97322,2.96398,0.24137,0.61052,0.54831,1.05206,0.32637,1.59479
298,"At work, These kids typically",cau_ctx,0.7,1,80,0.71071,0.03947,3.82642,3.80921,0.24614,0.61052,0.57105,1.32049,0.46363,2.0423
298,"At work, These kids typically",cau_ctx,0.9,1,97,0.90219,0.02272,5.19192,5.16032,0.24822,0.61052,0.5878,1.65101,0.7138,2.82711
298,"At work, These kids typically",cau_ctx,0.99,1,131,0.99044,0.01028,7.66026,7.59886,0.25008,0.61052,0.60024,2.13042,1.09627,4.43358
298,"At work, These kids typically",dua_ctx,0.3,1,90,0.30448,0.39461,1.06062,1.04571,0.0477,0.61052,0.21591,0.09465,0.14417,0.82179
298,"At work, These kids typically",dua_ctx,0.5,1,133,0.50075,0.31633,2.35646,2.30881,0.06903,0.61052,0.29419,0.18228,0.3941,1.78008
298,"At work, These kids typically",dua_ctx,0.7,1,190,0.70184,0.24675,4.9596,4.86788,0.09318,0.61052,0.36377,0.2962,0.72907,3.93433
298,"At work, These kids typically",dua_ctx,0.9,1,233,0.90131,0.20411,7.19835,7.08726,0.22008,0.61052,0.40641,0.39058,0.98287,5.8249
298,"At work, These kids typically",dua_ctx,0.99,1,263,0.99036,0.19057,8.64899,8.52946,0.23436,0.61052,0.41995,0.42591,1.18503,7.03805
298,"At work, These kids typically",euc_unemb,0.3,1,12,0.35852,0.44876,0.40676,0.41793,0.17631,0.61052,0.16176,0.05264,0.11923,0.23489
298,"At work, These kids typically",euc_unemb,0.5,1,14,0.59069,0.48758,0.5364,0.54653,0.20748,0.61052,0.12293,0.03043,0.16943,0.33654
298,"At work, These kids typically",euc_unemb,0.7,1,16,0.78723,0.55881,0.71633,0.72375,0.2148,0.61052,0.05171,0.00548,0.23755,0.4733
298,"At work, These kids typically",euc_unemb,0.9,1,18,0.90398,0.637,0.96705,0.97015,0.23099,0.61052,0.02648,0.0015,0.31009,0.65545
298,"At work, These kids typically",euc_unemb,0.99,1,24,0.9933,0.76712,2.03894,2.0234,0.25381,0.61052,0.1566,0.0609,0.49928,1.47876
298,"At work, These kids typically",cau_unemb,0.3,1,13,0.37438,0.37549,0.45184,0.46191,0.16362,0.61052,0.23503,0.11286,0.0884,0.25058
298,"At work, These kids typically",cau_unemb,0.5,1,15,0.59274,0.40324,0.5514,0.56054,0.1971,0.61052,0.20728,0.08704,0.12453,0.33984
298,"At work, These kids typically",cau_unemb,0.7,1,17,0.77861,0.46468,0.66759,0.67459,0.16601,0.61052,0.14583,0.04277,0.17317,0.45165
298,"At work, These kids typically",cau_unemb,0.9,1,20,0.9287,0.58182,0.92707,0.92858,0.22264,0.61052,0.0287,0.0017,0.24936,0.67601
298,"At work, These kids typically",cau_unemb,0.99,1,25,0.99104,0.71414,1.60421,1.59238,0.18731,0.61052,0.10362,0.02476,0.35402,1.22543
298,"At work, These kids typically",dua_unemb,0.3,1,18,0.32727,0.56651,0.14309,0.14893,0.02196,0.61052,0.04401,0.00398,0.01779,0.12132
298,"At work, These kids typically",dua_unemb,0.5,1,24,0.5273,0.57456,0.30679,0.30815,0.02883,0.61052,0.03595,0.00267,0.0394,0.26472
298,"At work, These kids typically",dua_unemb,0.7,1,33,0.71191,0.59311,0.72009,0.70921,0.02854,0.61052,0.01741,0.00063,0.08197,0.63749
298,"At work, These kids typically",dua_unemb,0.9,1,55,0.90481,0.63536,2.23561,2.18104,0.03948,0.61052,0.02485,0.00132,0.19021,2.04409
298,"At work, These kids typically",dua_unemb,0.99,1,80,0.99029,0.65832,4.48794,4.38239,0.07389,0.61052,0.04781,0.00498,0.32625,4.15671
298,"At work, These kids typically",euc_dmd,0.3,1,16,0.35048,0.06677,2.98498,2.98029,0.24177,0.61052,0.54374,1.01073,0.62924,1.34501
298,"At work, These kids typically",euc_dmd,0.5,1,19,0.5745,0.03379,3.96776,3.95397,0.24431,0.61052,0.57673,1.41309,0.68734,1.86732
298,"At work, These kids typically",euc_dmd,0.7,1,21,0.71048,0.02298,4.61592,4.59551,0.24514,0.61052,0.58754,1.64402,0.73942,2.23248
298,"At work, These kids typically",euc_dmd,0.9,1,26,0.91325,0.0108,6.20931,6.17141,0.24516,0.61052,0.59972,2.10023,0.93254,3.17654
298,"At work, These kids typically",euc_dmd,0.99,1,34,0.99003,0.00421,8.70723,8.64041,0.24515,0.61052,0.60631,2.67259,1.30752,4.72712
298,"At work, These kids typically",cau_dmd,0.3,1,20,0.35668,0.02163,4.31095,4.29908,0.24468,0.61052,0.58889,1.68062,0.75655,1.87377
298,"At work, These kids typically",cau_dmd,0.5,1,23,0.55124,0.00882,5.47978,5.45777,0.24745,0.61052,0.6017,2.22343,0.82417,2.43218
298,"At work, These kids typically",cau_dmd,0.7,1,26,0.73137,0.00408,6.6336,6.60099,0.25044,0.61052,0.60644,2.69237,0.93612,3.00511
298,"At work, These kids typically",cau_dmd,0.9,1,31,0.91152,0.00144,8.51546,8.46472,0.25177,0.61052,0.60908,3.32738,1.21104,3.97704
298,"At work, These kids typically",cau_dmd,0.99,1,40,0.99134,0.00032,11.82465,11.74082,0.25143,0.61052,0.6102,4.25362,1.81909,5.75193
298,"At work, These kids typically",dua_dmd,0.3,1,18,0.33946,0.38748,0.59426,0.60252,0.05148,0.61052,0.22304,0.10122,0.15679,0.33624
298,"At work, These kids typically",dua_dmd,0.5,1,22,0.50247,0.34527,0.93686,0.94385,0.20161,0.61052,0.26525,0.14568,0.28937,0.50182
298,"At work, These kids typically",dua_dmd,0.7,1,28,0.72379,0.30583,1.57153,1.57482,0.22127,0.61052,0.30469,0.19696,0.52988,0.8447
298,"At work, These kids typically",dua_dmd,0.9,1,40,0.90188,0.29678,2.89378,2.88567,0.2367,0.61052,0.31374,0.21025,0.82093,1.86261
298,"At work, These kids typically",dua_dmd,0.99,1,64,0.99062,0.31553,6.18868,6.14833,0.24435,0.61052,0.29499,0.18338,1.25395,4.75135
290,"Honestly, Our customers always",euc_ctx,0.3,1,20,0.30967,0.53005,0.41462,0.42318,0.05858,0.75232,0.22227,0.10482,0.10703,0.20276
290,"Honestly, Our customers always",euc_ctx,0.5,1,25,0.54613,0.48273,0.68549,0.69247,0.08672,0.75232,0.26959,0.15141,0.20201,0.33206
290,"Honestly, Our customers always",euc_ctx,0.7,1,29,0.72239,0.4686,0.9222,0.92664,0.09655,0.75232,0.28372,0.16709,0.29927,0.45584
290,"Honestly, Our customers always",euc_ctx,0.9,1,36,0.90522,0.4785,1.32822,1.32628,0.09704,0.75232,0.27382,0.15602,0.4673,0.7049
290,"Honestly, Our customers always",euc_ctx,0.99,1,50,0.99029,0.5233,2.06143,2.04346,0.10081,0.75232,0.22902,0.11093,0.6773,1.2732
290,"Honestly, Our customers always",cau_ctx,0.3,1,45,0.30136,0.46654,0.72896,0.7333,0.05316,0.75232,0.28578,0.16944,0.21075,0.34878
290,"Honestly, Our customers always",cau_ctx,0.5,1,55,0.50416,0.36978,1.1655,1.16629,0.16457,0.75232,0.38254,0.30303,0.3231,0.53937
290,"Honestly, Our customers always",cau_ctx,0.7,1,65,0.70244,0.29547,1.65847,1.65392,0.1988,0.75232,0.45685,0.44419,0.45252,0.76176
290,"Honestly, Our customers always",cau_ctx,0.9,1,82,0.90527,0.21357,2.50876,2.49245,0.2048,0.75232,0.53875,0.66116,0.65994,1.18767
290,"Honestly, Our customers always",cau_ctx,0.99,1,112,0.99033,0.1246,4.00487,3.9641,0.22208,0.75232,0.62772,1.03999,0.95336,2.01152
290,"Honestly, Our customers always",dua_ctx,0.3,1,93,0.30347,0.53894,1.1175,1.09465,0.03157,0.75232,0.21338,0.09704,0.13587,0.88459
290,"Honestly, Our customers always",dua_ctx,0.5,1,132,0.5026,0.4405,2.16991,2.11927,0.04978,0.75232,0.31182,0.20084,0.32001,1.64905
290,"Honestly, Our customers always",dua_ctx,0.7,1,164,0.70582,0.36892,3.28509,3.21118,0.08096,0.75232,0.3834,0.30443,0.55296,2.42769
290,"Honestly, Our customers always",dua_ctx,0.9,1,194,0.90327,0.31905,4.51664,4.42486,0.09717,0.75232,0.43327,0.39486,0.88172,3.24005
290,"Honestly, Our customers always",dua_ctx,0.99,1,218,0.99143,0.30139,5.46992,5.36676,0.09236,0.75232,0.45093,0.43135,1.10005,3.93852
290,"Honestly, Our customers always",euc_unemb,0.3,1,8,0.38257,0.60891,0.24681,0.2542,0.06772,0.75232,0.14341,0.04597,0.11211,0.08872
290,"Honestly, Our customers always",euc_unemb,0.5,1,9,0.51521,0.61948,0.31719,0.32398,0.07337,0.75232,0.13284,0.03981,0.15963,0.11775
290,"Honestly, Our customers always",euc_unemb,0.7,1,11,0.75551,0.66956,0.49955,0.50343,0.16832,0.75232,0.08276,0.01627,0.28618,0.1971
290,"Honestly, Our customers always",euc_unemb,0.9,1,14,0.93679,0.75617,0.87739,0.87337,0.17938,0.75232,0.00385,4e-05,0.49467,0.38268
290,"Honestly, Our customers always",euc_unemb,0.99,1,18,0.99114,0.81375,1.4784,1.46059,0.18726,0.75232,0.06143,0.01155,0.72112,0.74572
290,"Honestly, Our customers always",cau_unemb,0.3,1,8,0.30997,0.58507,0.22056,0.22851,0.06788,0.75232,0.16725,0.06136,0.08819,0.071
290,"Honestly, Our customers always",cau_unemb,0.5,1,10,0.54976,0.59947,0.34614,0.35332,0.15911,0.75232,0.15284,0.05181,0.1765,0.11783
290,"Honestly, Our customers always",cau_unemb,0.7,1,12,0.76594,0.65258,0.50304,0.50765,0.16361,0.75232,0.09974,0.02318,0.2962,0.18366
290,"Honestly, Our customers always",cau_unemb,0.9,1,15,0.93296,0.7479,0.80434,0.80217,0.17297,0.75232,0.00442,5e-05,0.47516,0.32913
290,"Honestly, Our customers always",cau_unemb,0.99,1,20,0.99296,0.83282,1.42975,1.4124,0.18267,0.75232,0.0805,0.02088,0.70836,0.70051
290,"Honestly, Our customers always",dua_unemb,0.3,1,16,0.32524,0.72012,0.13632,0.13825,0.03613,0.75232,0.0322,0.00264,0.01873,0.11495
290,"Honestly, Our customers always",dua_unemb,0.5,1,23,0.50997,0.72589,0.31204,0.30804,0.03861,0.75232,0.02643,0.00179,0.04866,0.26159
290,"Honestly, Our customers always",dua_unemb,0.7,1,33,0.71476,0.73357,0.69012,0.67283,0.04922,0.75232,0.01874,0.00091,0.10962,0.57959
290,"Honestly, Our customers always",dua_unemb,0.9,1,46,0.90806,0.74131,1.40634,1.36558,0.05301,0.75232,0.01101,0.00032,0.21096,1.19506
290,"Honestly, Our customers always",dua_unemb,0.99,1,59,0.99202,0.75935,2.40174,2.33164,0.06093,0.75232,0.00703,0.00013,0.30711,2.09449
290,"Honestly, Our customers always",euc_dmd,0.3,1,10,0.36069,0.423,0.82069,0.82959,0.20984,0.75232,0.32932,0.22372,0.34233,0.25464
290,"Honestly, Our customers always",euc_dmd,0.5,1,12,0.55235,0.36121,1.21492,1.22143,0.21501,0.75232,0.39111,0.31732,0.50471,0.39288
290,"Honestly, Our customers always",euc_dmd,0.7,1,14,0.72279,0.30896,1.66402,1.66653,0.23,0.75232,0.44336,0.4154,0.68263,0.56599
290,"Honestly, Our customers always",euc_dmd,0.9,1,18,0.91293,0.22126,2.66299,2.65404,0.23348,0.75232,0.53106,0.63697,1.03658,0.98944
290,"Honestly, Our customers always",euc_dmd,0.99,1,26,0.99188,0.09888,4.8754,4.83755,0.24606,0.75232,0.65344,1.20679,1.70417,1.96444
290,"Honestly, Our customers always",cau_dmd,0.3,1,13,0.36367,0.30743,1.14527,1.15351,0.19583,0.75232,0.44489,0.41857,0.3922,0.3345
290,"Honestly, Our customers always",cau_dmd,0.5,1,15,0.51752,0.21908,1.65534,1.66011,0.22331,0.75232,0.53324,0.64373,0.51734,0.49427
290,"Honestly, Our customers always",cau_dmd,0.7,1,18,0.73065,0.12103,2.59156,2.58829,0.23247,0.75232,0.63129,1.06086,0.74167,0.78903
290,"Honestly, Our customers always",cau_dmd,0.9,1,22,0.90056,0.05318,3.97563,3.95857,0.24131,0.75232,0.69914,1.66117,1.07617,1.23829
290,"Honestly, Our customers always",cau_dmd,0.99,1,31,0.99182,0.00912,7.14122,7.08912,0.25137,0.75232,0.7432,2.97668,1.84385,2.32069
290,"Honestly, Our customers always",dua_dmd,0.3,1,18,0.31764,0.52971,0.61695,0.6222,0.05843,0.75232,0.22261,0.10512,0.208,0.30383
290,"Honestly, Our customers always",dua_dmd,0.5,1,27,0.51268,0.4743,1.18957,1.19053,0.07423,0.75232,0.27802,0.16065,0.45463,0.57428
290,"Honestly, Our customers always",dua_dmd,0.7,1,38,0.71616,0.43707,1.96169,1.95413,0.08733,0.75232,0.31525,0.20521,0.74738,1.0091
290,"Honestly, Our customers always",dua_dmd,0.9,1,50,0.90586,0.41205,2.90707,2.88715,0.09553,0.75232,0.34027,0.23878,1.06268,1.6056
290,"Honestly, Our customers always",dua_dmd,0.99,1,63,0.99102,0.41622,4.07098,4.03374,0.1793,0.75232,0.3361,0.23298,1.45037,2.38764
35,"Usually, Our customers rarely",euc_ctx,0.3,1,28,0.31429,0.39038,0.68015,0.68891,0.16192,0.67684,0.28646,0.16736,0.15604,0.35675
35,"Usually, Our customers rarely",euc_ctx,0.5,1,33,0.52675,0.35527,0.97842,0.98485,0.15108,0.67684,0.32157,0.21306,0.23617,0.52919
35,"Usually, Our customers rarely",euc_ctx,0.7,1,38,0.72035,0.34551,1.2826,1.28533,0.1765,0.67684,0.33133,0.22706,0.32183,0.73371
35,"Usually, Our customers rarely",euc_ctx,0.9,1,47,0.90991,0.36262,1.81047,1.80418,0.17911,0.67684,0.31423,0.20291,0.44562,1.16193
35,"Usually, Our customers rarely",euc_ctx,0.99,1,66,0.99056,0.40657,2.94707,2.91753,0.16519,0.67684,0.27027,0.14856,0.5987,2.1998
35,"Usually, Our customers rarely",cau_ctx,0.3,1,59,0.30267,0.35334,1.08518,1.08946,0.15426,0.67684,0.32351,0.21579,0.25595,0.61345
35,"Usually, Our customers rarely",cau_ctx,0.5,1,69,0.50631,0.26815,1.62551,1.62514,0.17556,0.67684,0.40869,0.36252,0.36853,0.89446
35,"Usually, Our customers rarely",cau_ctx,0.7,1,79,0.70437,0.20893,2.23336,2.22668,0.19234,0.67684,0.46791,0.50628,0.51204,1.21503
35,"Usually, Our customers rarely",cau_ctx,0.9,1,96,0.90572,0.15036,3.28432,3.26459,0.20115,0.67684,0.52648,0.70585,0.76158,1.8169
35,"Usually, Our customers rarely",cau_ctx,0.99,1,126,0.99011,0.09296,5.1015,5.05565,0.20044,0.67684,0.58388,1.01017,1.12973,2.9616
35,"Usually, Our customers rarely",dua_ctx,0.3,1,94,0.30362,0.44445,1.09748,1.07807,0.12027,0.67684,0.23239,0.10959,0.10754,0.88035
35,"Usually, Our customers rarely",dua_ctx,0.5,1,130,0.50427,0.33887,2.20198,2.1558,0.14082,0.67684,0.33797,0.23693,0.29156,1.67349
35,"Usually, Our customers rarely",dua_ctx,0.7,1,162,0.70322,0.27143,3.67385,3.59962,0.15056,0.67684,0.40541,0.35574,0.63416,2.68395
35,"Usually, Our customers rarely",dua_ctx,0.9,1,191,0.90382,0.22798,5.23332,5.13632,0.19389,0.67684,0.44887,0.45511,0.97729,3.80092
35,"Usually, Our customers rarely",dua_ctx,0.99,1,213,0.99087,0.21367,6.48113,6.37032,0.20077,0.67684,0.46317,0.49304,1.23421,4.75388
35,"Usually, Our customers rarely",euc_unemb,0.3,1,11,0.38881,0.47495,0.3707,0.37985,0.18364,0.67684,0.20189,0.08291,0.11664,0.17115
35,"Usually, Our customers rarely",euc_unemb,0.5,1,12,0.51594,0.48982,0.43105,0.43959,0.1831,0.67684,0.18702,0.07133,0.14959,0.21013
35,"Usually, Our customers rarely",euc_unemb,0.7,1,14,0.74827,0.55027,0.57916,0.58507,0.15031,0.67684,0.12657,0.03332,0.2332,0.31265
35,"Usually, Our customers rarely",euc_unemb,0.9,1,17,0.93145,0.65933,0.91427,0.91281,0.17623,0.67684,0.01751,0.00069,0.36435,0.54923
35,"Usually, Our customers rarely",euc_unemb,0.99,1,21,0.99,0.73659,1.52665,1.51161,0.18043,0.67684,0.05975,0.00881,0.49306,1.02478
35,"Usually, Our customers rarely",cau_unemb,0.3,1,12,0.40951,0.46063,0.38308,0.39266,0.15719,0.67684,0.21621,0.09493,0.1128,0.17534
35,"Usually, Our customers rarely",cau_unemb,0.5,1,13,0.52855,0.47631,0.4376,0.44668,0.11463,0.67684,0.20053,0.08181,0.14638,0.20941
35,"Usually, Our customers rarely",cau_unemb,0.7,1,15,0.74437,0.53852,0.56024,0.56715,0.13447,0.67684,0.13832,0.03959,0.22751,0.29314
35,"Usually, Our customers rarely",cau_unemb,0.9,1,18,0.92288,0.66213,0.81647,0.8173,0.14135,0.67684,0.01471,0.00049,0.34486,0.47112
35,"Usually, Our customers rarely",cau_unemb,0.99,1,23,0.99166,0.78769,1.44221,1.42824,0.14648,0.67684,0.11085,0.0331,0.46975,0.93936
35,"Usually, Our customers rarely",dua_unemb,0.3,1,16,0.32937,0.63079,0.12473,0.12895,0.01401,0.67684,0.04605,0.00464,0.01465,0.10544
35,"Usually, Our customers rarely",dua_unemb,0.5,1,21,0.52776,0.63686,0.24139,0.24251,0.01994,0.67684,0.03998,0.00352,0.02816,0.20971
35,"Usually, Our customers rarely",dua_unemb,0.7,1,27,0.71337,0.65027,0.46424,0.45878,0.02911,0.67684,0.02657,0.00157,0.05105,0.41162
35,"Usually, Our customers rarely",dua_unemb,0.9,1,40,0.90364,0.6781,1.33919,1.31068,0.14452,0.67684,0.00126,0.0,0.10784,1.23135
35,"Usually, Our customers rarely",dua_unemb,0.99,1,58,0.9923,0.68909,3.32044,3.24636,0.17664,0.67684,0.01225,0.00035,0.20015,3.11994
35,"Usually, Our customers rarely",euc_dmd,0.3,1,14,0.35572,0.2904,1.31785,1.32582,0.20918,0.67684,0.38644,0.31854,0.55353,0.44578
35,"Usually, Our customers rarely",euc_dmd,0.5,1,16,0.5186,0.26738,1.64368,1.6492,0.20447,0.67684,0.40946,0.36413,0.67953,0.60001
35,"Usually, Our customers rarely",euc_dmd,0.7,1,19,0.73328,0.24364,2.18989,2.18972,0.20713,0.67684,0.4332,0.41676,0.8814,0.89173
35,"Usually, Our customers rarely",euc_dmd,0.9,1,24,0.91843,0.19548,3.28862,3.27449,0.20589,0.67684,0.48136,0.54588,1.21553,1.52721
35,"Usually, Our customers rarely",euc_dmd,0.99,1,33,0.99052,0.09586,5.68958,5.64301,0.20422,0.67684,0.58098,0.99041,1.78625,2.91291
35,"Usually, Our customers rarely",cau_dmd,0.3,1,17,0.30504,0.25982,1.44488,1.45465,0.19563,0.67684,0.41702,0.38022,0.62518,0.43948
35,"Usually, Our customers rarely",cau_dmd,0.5,1,20,0.5107,0.18298,2.08864,2.0938,0.20002,0.67684,0.49386,0.58561,0.79619,0.70684
35,"Usually, Our customers rarely",cau_dmd,0.7,1,23,0.70894,0.11738,2.9427,2.94021,0.20387,0.67684,0.55947,0.86117,1.01581,1.06572
35,"Usually, Our customers rarely",cau_dmd,0.9,1,28,0.90568,0.05196,4.6078,4.58832,0.20503,0.67684,0.62488,1.38964,1.43504,1.78312
35,"Usually, Our customers rarely",cau_dmd,0.99,1,37,0.99016,0.01248,7.73519,7.68084,0.20377,0.67684,0.66436,2.34177,2.20513,3.18828
35,"Usually, Our customers rarely",dua_dmd,0.3,1,19,0.32147,0.44363,0.54799,0.55354,0.16871,0.67684,0.23322,0.11036,0.15813,0.27949
35,"Usually, Our customers rarely",dua_dmd,0.5,1,25,0.52849,0.38415,1.03183,1.03492,0.14154,0.67684,0.29269,0.17497,0.38809,0.46877
35,"Usually, Our customers rarely",dua_dmd,0.7,1,32,0.70321,0.35442,1.57284,1.57167,0.16683,0.67684,0.32242,0.21426,0.62816,0.73043
35,"Usually, Our customers rarely",dua_dmd,0.9,1,45,0.90572,0.34055,2.57711,2.56383,0.18462,0.67684,0.33629,0.2344,0.95151,1.3912
35,"Usually, Our customers rarely",dua_dmd,0.99,1,77,0.99028,0.37459,5.72085,5.66285,0.19394,0.67684,0.30225,0.18705,1.67089,3.86291
10,"Lately, These kids usually",euc_ctx,0.3,1,25,0.33616,0.31089,0.86017,0.86871,0.20055,0.59375,0.28286,0.16949,0.14696,0.54372
10,"Lately, These kids usually",euc_ctx,0.5,1,29,0.51308,0.2784,1.17662,1.18332,0.20885,0.59375,0.31535,0.21631,0.21449,0.74582
10,"Lately, These kids usually",euc_ctx,0.7,1,34,0.71694,0.26324,1.57998,1.58323,0.21666,0.59375,0.33051,0.24111,0.30902,1.02985
10,"Lately, These kids usually",euc_ctx,0.9,1,42,0.90322,0.275,2.19493,2.19091,0.22041,0.59375,0.31875,0.22169,0.43759,1.53564
10,"Lately, These kids usually",euc_ctx,0.99,1,59,0.99039,0.32815,3.48541,3.46264,0.22283,0.59375,0.2656,0.14771,0.60889,2.72881
10,"Lately, These kids usually",cau_ctx,0.3,1,50,0.30216,0.23118,1.31946,1.32233,0.20534,0.59375,0.36257,0.30092,0.19354,0.82501
10,"Lately, These kids usually",cau_ctx,0.5,1,60,0.50867,0.15516,2.00653,2.00394,0.21244,0.59375,0.43859,0.49938,0.28483,1.22232
10,"Lately, These kids usually",cau_ctx,0.7,1,70,0.70472,0.10973,2.748,2.73846,0.21704,0.59375,0.48402,0.68379,0.40122,1.66299
10,"Lately, These kids usually",cau_ctx,0.9,1,87,0.90102,0.06989,4.00956,3.98637,0.22207,0.59375,0.52386,0.93387,0.60745,2.46825
10,"Lately, These kids usually",cau_ctx,0.99,1,121,0.99023,0.03336,6.46173,6.40857,0.22393,0.59375,0.56039,1.35733,0.93352,4.17088
10,"Lately, These kids usually",dua_ctx,0.3,1,82,0.30233,0.3956,1.01704,1.00102,0.05148,0.59375,0.19815,0.0797,0.1415,0.79583
10,"Lately, These kids usually",dua_ctx,0.5,1,122,0.50319,0.31328,2.2127,2.16454,0.07513,0.59375,0.28046,0.16635,0.34135,1.705
10,"Lately, These kids usually",dua_ctx,0.7,1,165,0.70265,0.24326,4.04372,3.95976,0.09304,0.59375,0.35049,0.2771,0.61375,3.15286
10,"Lately, These kids usually",dua_ctx,0.9,1,201,0.90144,0.19545,6.00031,5.89545,0.20718,0.59375,0.3983,0.38215,0.86142,4.75674
10,"Lately, These kids usually",dua_ctx,0.99,1,229,0.99009,0.18189,7.59696,7.48192,0.22318,0.59375,0.41186,0.41806,1.07637,6.10253
10,"Lately, These kids usually",euc_unemb,0.3,1,10,0.41072,0.47267,0.34819,0.35836,0.16817,0.59375,0.12108,0.02944,0.10712,0.21163
10,"Lately, These kids usually",euc_unemb,0.5,1,11,0.53861,0.49575,0.42198,0.4317,0.14829,0.59375,0.098,0.01931,0.13886,0.2638
10,"Lately, These kids usually",euc_unemb,0.7,1,13,0.76401,0.572,0.62146,0.62878,0.21922,0.59375,0.02175,0.00097,0.22161,0.39888
10,"Lately, These kids usually",euc_unemb,0.9,1,16,0.93545,0.69769,1.07795,1.07819,0.22904,0.59375,0.10394,0.02427,0.35134,0.70233
10,"Lately, These kids usually",euc_unemb,0.99,1,20,0.99014,0.78797,1.89254,1.87957,0.23706,0.59375,0.19422,0.09613,0.49229,1.30412
10,"Lately, These kids usually",cau_unemb,0.3,1,10,0.31866,0.40308,0.32502,0.33449,0.14629,0.59375,0.19066,0.07364,0.06743,0.18396
10,"Lately, These kids usually",cau_unemb,0.5,1,12,0.5491,0.428,0.43714,0.4461,0.17865,0.59375,0.16575,0.05535,0.11184,0.26996
10,"Lately, These kids usually",cau_unemb,0.7,1,14,0.75792,0.49455,0.57687,0.5839,0.17343,0.59375,0.0992,0.01979,0.17633,0.38075
10,"Lately, These kids usually",cau_unemb,0.9,1,17,0.92623,0.62587,0.88977,0.89119,0.21571,0.59375,0.03212,0.00218,0.27694,0.61065
10,"Lately, These kids usually",cau_unemb,0.99,1,22,0.99152,0.76525,1.68184,1.66917,0.22539,0.59375,0.1715,0.07214,0.40813,1.20156
10,"Lately, These kids usually",dua_unemb,0.3,1,15,0.32752,0.55409,0.12076,0.12581,0.01655,0.59375,0.03966,0.00321,0.01613,0.10143
10,"Lately, These kids usually",dua_unemb,0.5,1,20,0.52246,0.56087,0.24339,0.24521,0.03015,0.59375,0.03287,0.00221,0.03483,0.20635
10,"Lately, These kids usually",dua_unemb,0.7,1,27,0.7132,0.57903,0.51812,0.51131,0.03096,0.59375,0.01472,0.00045,0.07495,0.44272
10,"Lately, These kids usually",dua_unemb,0.9,1,43,0.90027,0.61946,1.60927,1.57166,0.04206,0.59375,0.02571,0.00139,0.1759,1.43197
10,"Lately, These kids usually",dua_unemb,0.99,1,65,0.9909,0.66055,3.75123,3.66292,0.12503,0.59375,0.0668,0.00968,0.3192,3.42235
10,"Lately, These kids usually",euc_dmd,0.3,1,12,0.3162,0.19147,1.5761,1.58062,0.21369,0.59375,0.40228,0.39236,0.41738,0.76636
10,"Lately, These kids usually",euc_dmd,0.5,1,15,0.57054,0.12275,2.38825,2.38633,0.21745,0.59375,0.471,0.62318,0.53592,1.22915
10,"Lately, These kids usually",euc_dmd,0.7,1,17,0.72309,0.09489,2.96645,2.95896,0.21949,0.59375,0.49886,0.76332,0.62244,1.58069
10,"Lately, These kids usually",euc_dmd,0.9,1,21,0.9053,0.06188,4.18494,4.16443,0.22459,0.59375,0.53187,1.00263,0.83352,2.34879
10,"Lately, These kids usually",euc_dmd,0.99,1,29,0.99103,0.02928,6.74237,6.69251,0.22441,0.59375,0.56447,1.43297,1.30378,4.00562
10,"Lately, These kids usually",cau_dmd,0.3,1,15,0.32868,0.12648,2.20429,2.20744,0.21644,0.59375,0.46727,0.60715,0.54408,1.05306
10,"Lately, These kids usually",cau_dmd,0.5,1,18,0.55128,0.06378,3.22665,3.22186,0.22274,0.59375,0.52996,0.98545,0.66265,1.57854
10,"Lately, These kids usually",cau_dmd,0.7,1,21,0.75407,0.03387,4.339,4.32448,0.22653,0.59375,0.55988,1.34855,0.82907,2.16138
10,"Lately, These kids usually",cau_dmd,0.9,1,25,0.91155,0.01656,5.87269,5.84383,0.22843,0.59375,0.57719,1.76621,1.12279,2.98369
10,"Lately, These kids usually",cau_dmd,0.99,1,33,0.99124,0.00487,8.95707,8.8978,0.22775,0.59375,0.58888,2.4879,1.77737,4.6918
10,"Lately, These kids usually",dua_dmd,0.3,1,15,0.32159,0.39914,0.50628,0.51292,0.1741,0.59375,0.1946,0.0768,0.1438,0.28568
10,"Lately, These kids usually",dua_dmd,0.5,1,20,0.53255,0.34465,0.95326,0.95816,0.18572,0.59375,0.2491,0.12868,0.33573,0.48885
10,"Lately, These kids usually",dua_dmd,0.7,1,25,0.70771,0.3142,1.46627,1.46823,0.20038,0.59375,0.27955,0.16516,0.55961,0.7415
10,"Lately, These kids usually",dua_dmd,0.9,1,34,0.90601,0.29646,2.46489,2.4592,0.21757,0.59375,0.29729,0.18929,0.86315,1.41244
10,"Lately, These kids usually",dua_dmd,0.99,1,48,0.99093,0.311,4.45232,4.42847,0.22493,0.59375,0.28275,0.16935,1.18457,3.0984
94,"Lately, People just",euc_ctx,0.3,1,20,0.31851,0.38726,0.62324,0.63307,0.20922,0.45012,0.06286,0.00819,0.19083,0.42423
94,"Lately, People just",euc_ctx,0.5,1,25,0.51172,0.3822,1.06207,1.07101,0.26164,0.45012,0.06792,0.00958,0.34456,0.70793
94,"Lately, People just",euc_ctx,0.7,1,31,0.72146,0.39327,1.72078,1.72679,0.34041,0.45012,0.05685,0.00668,0.57772,1.13638
94,"Lately, People just",euc_ctx,0.9,1,40,0.90052,0.4291,2.82755,2.82658,0.32645,0.45012,0.02102,0.0009,0.92199,1.90467
94,"Lately, People just",euc_ctx,0.99,1,59,0.99034,0.49902,5.14746,5.12727,0.33652,0.45012,0.0489,0.00479,1.36889,3.77378
94,"Lately, People just",cau_ctx,0.3,1,41,0.31138,0.38601,1.01296,1.02123,0.29413,0.45012,0.06411,0.00852,0.26115,0.7433
94,"Lately, People just",cau_ctx,0.5,1,52,0.5128,0.33667,1.73923,1.74465,0.34197,0.45012,0.11345,0.02758,0.46046,1.2512
94,"Lately, People just",cau_ctx,0.7,1,63,0.70091,0.296,2.6161,2.61676,0.32394,0.45012,0.15412,0.0528,0.70823,1.85506
94,"Lately, People just",cau_ctx,0.9,1,83,0.90307,0.24261,4.36818,4.3571,0.33227,0.45012,0.20751,0.10214,1.16058,3.10546
94,"Lately, People just",cau_ctx,0.99,1,119,0.99021,0.16595,7.57217,7.53529,0.33731,0.45012,0.28417,0.22007,1.75356,5.59854
94,"Lately, People just",dua_ctx,0.3,1,74,0.30037,0.34077,0.56936,0.55207,0.01754,0.45012,0.10935,0.02554,0.07276,0.47107
94,"Lately, People just",dua_ctx,0.5,1,110,0.50566,0.29047,1.21561,1.17381,0.03003,0.45012,0.15965,0.05699,0.17292,0.98569
94,"Lately, People just",dua_ctx,0.7,1,148,0.70296,0.2565,2.1732,2.10499,0.03404,0.45012,0.19362,0.08726,0.37487,1.71106
94,"Lately, People just",dua_ctx,0.9,1,192,0.9034,0.22823,3.48668,3.39512,0.19975,0.45012,0.22189,0.1193,0.67188,2.6955
94,"Lately, People just",dua_ctx,0.99,1,222,0.99055,0.21732,4.4553,4.35212,0.20438,0.45012,0.2328,0.13363,0.86491,3.45676
94,"Lately, People just",euc_unemb,0.3,1,8,0.35214,0.43823,0.28354,0.29078,0.23423,0.45012,0.01189,0.00029,0.12607,0.15718
94,"Lately, People just",euc_unemb,0.5,1,10,0.58037,0.49251,0.53587,0.5424,0.25217,0.45012,0.04239,0.0036,0.25157,0.2807
94,"Lately, People just",euc_unemb,0.7,1,12,0.77696,0.57108,0.92718,0.93114,0.26459,0.45012,0.12096,0.02947,0.42676,0.47095
94,"Lately, People just",euc_unemb,0.9,1,15,0.93184,0.67814,1.74977,1.74664,0.31412,0.45012,0.22802,0.11003,0.72371,0.91603
94,"Lately, People just",euc_unemb,0.99,1,20,0.99225,0.7604,3.39239,3.37292,0.33024,0.45012,0.31028,0.2208,1.16218,2.00942
94,"Lately, People just",cau_unemb,0.3,1,8,0.301,0.38275,0.2549,0.26192,0.22887,0.45012,0.06737,0.00943,0.10652,0.13896
94,"Lately, People just",cau_unemb,0.5,1,10,0.50669,0.41445,0.44918,0.45607,0.2337,0.45012,0.03567,0.0026,0.21176,0.23482
94,"Lately, People just",cau_unemb,0.7,1,12,0.70736,0.47579,0.73685,0.74228,0.28054,0.45012,0.02567,0.00132,0.3616,0.37392
94,"Lately, People just",cau_unemb,0.9,1,16,0.92789,0.61848,1.59464,1.59287,0.30146,0.45012,0.16836,0.05797,0.70053,0.83614
94,"Lately, People just",cau_unemb,0.99,1,22,0.99316,0.71727,3.26265,3.24384,0.32467,0.45012,0.26715,0.15606,1.1336,1.97299
94,"Lately, People just",dua_unemb,0.3,1,14,0.31628,0.44629,0.12777,0.12495,0.0076,0.45012,0.00383,3e-05,0.04403,0.0837
94,"Lately, People just",dua_unemb,0.5,1,22,0.50328,0.46607,0.29075,0.27793,0.01085,0.45012,0.01595,0.00051,0.09728,0.19295
94,"Lately, People just",dua_unemb,0.7,1,36,0.71176,0.50665,0.69457,0.65927,0.02142,0.45012,0.05652,0.0064,0.22579,0.46238
94,"Lately, People just",dua_unemb,0.9,1,58,0.90685,0.56718,1.61408,1.53878,0.19171,0.45012,0.11706,0.02758,0.49685,1.08965
94,"Lately, People just",dua_unemb,0.99,1,77,0.9912,0.61351,2.48511,2.38094,0.24831,0.45012,0.16339,0.05449,0.70165,1.72897
94,"Lately, People just",euc_dmd,0.3,1,10,0.35635,0.33893,0.98916,0.99825,0.25569,0.45012,0.11119,0.02644,0.41591,0.54681
94,"Lately, People just",euc_dmd,0.5,1,12,0.50827,0.33002,1.45946,1.46699,0.301,0.45012,0.1201,0.03107,0.59725,0.83115
94,"Lately, People just",euc_dmd,0.7,1,15,0.71552,0.31303,2.33019,2.33312,0.32363,0.45012,0.13709,0.04109,0.90285,1.38625
94,"Lately, People just",euc_dmd,0.9,1,20,0.91272,0.26056,4.08711,4.0776,0.32639,0.45012,0.18956,0.0832,1.41006,2.59385
94,"Lately, People just",euc_dmd,0.99,1,28,0.99017,0.15044,7.35697,7.32076,0.33597,0.45012,0.29968,0.2541,2.18895,4.91392
94,"Lately, People just",cau_dmd,0.3,1,12,0.36136,0.29941,1.18178,1.19294,0.26502,0.45012,0.15071,0.05032,0.38784,0.74362
94,"Lately, People just",cau_dmd,0.5,1,14,0.5009,0.25878,1.70268,1.71197,0.2988,0.45012,0.19134,0.08497,0.53491,1.08281
94,"Lately, People just",cau_dmd,0.7,1,18,0.75502,0.16605,3.1233,3.12448,0.31803,0.45012,0.28407,0.21985,0.89761,2.00584
94,"Lately, People just",cau_dmd,0.9,1,22,0.90341,0.09131,4.88339,4.87208,0.32577,0.45012,0.35881,0.44185,1.288,3.15354
94,"Lately, People just",cau_dmd,0.99,1,31,0.99145,0.02106,9.20102,9.15575,0.33583,0.45012,0.42906,1.06126,2.1442,5.99556
94,"Lately, People just",dua_dmd,0.3,1,16,0.31559,0.34392,0.39107,0.39316,0.01386,0.45012,0.10621,0.02403,0.15026,0.21678
94,"Lately, People just",dua_dmd,0.5,1,24,0.50189,0.32251,0.71306,0.71009,0.02327,0.45012,0.12761,0.0353,0.28391,0.39384
94,"Lately, People just",dua_dmd,0.7,1,35,0.70307,0.31622,1.24319,1.23063,0.20856,0.45012,0.1339,0.03909,0.52446,0.67964
94,"Lately, People just",dua_dmd,0.9,1,58,0.90179,0.34497,2.56324,2.52669,0.22068,0.45012,0.10515,0.02354,1.02578,1.51393
94,"Lately, People just",dua_dmd,0.99,1,91,0.99078,0.38207,5.5884,5.51819,0.31534,0.45012,0.06805,0.00962,1.68286,3.89592
255,They now,euc_ctx,0.3,1,40,0.32438,0.13195,2.1115,2.11142,0.42134,0.8114,0.67945,1.18584,0.41604,0.50962
255,They now,euc_ctx,0.5,1,44,0.50634,0.10703,2.58644,2.58249,0.43083,0.8114,0.70437,1.35037,0.62332,0.61275
255,They now,euc_ctx,0.7,1,49,0.71469,0.09521,3.12822,3.11879,0.44005,0.8114,0.71619,1.44282,0.93478,0.75063
255,They now,euc_ctx,0.9,1,58,0.91151,0.09873,3.82182,3.80128,0.44013,0.8114,0.71267,1.41412,1.38817,1.01953
255,They now,euc_ctx,0.99,1,77,0.99001,0.12203,4.72123,4.67418,0.43685,0.8114,0.68937,1.24713,1.82904,1.64506
255,They now,cau_ctx,0.3,1,81,0.31822,0.04823,3.39155,3.37718,0.42323,0.8114,0.76316,1.98509,0.58569,0.82077
255,They now,cau_ctx,0.5,1,89,0.50717,0.02829,4.25955,4.23759,0.43422,0.8114,0.7831,2.41399,0.85138,0.99418
255,They now,cau_ctx,0.7,1,98,0.71085,0.01783,5.22761,5.19659,0.43942,0.8114,0.79357,2.78665,1.24357,1.1974
255,They now,cau_ctx,0.9,1,112,0.90101,0.011,6.59967,6.55398,0.44257,0.8114,0.8004,3.17718,1.89826,1.52422
255,They now,cau_ctx,0.99,1,140,0.99028,0.00571,8.70647,8.63083,0.44533,0.8114,0.80568,3.70787,2.8019,2.19671
255,They now,dua_ctx,0.3,1,135,0.30169,0.47299,2.36879,2.29845,0.03863,0.8114,0.3384,0.24409,0.46624,1.65847
255,They now,dua_ctx,0.5,1,210,0.50082,0.35323,5.26916,5.14552,0.06157,0.8114,0.45817,0.44236,1.3132,3.5136
255,They now,dua_ctx,0.7,1,258,0.70304,0.27281,6.43068,6.29573,0.06478,0.8114,0.53859,0.62988,1.84757,3.95324
255,They now,dua_ctx,0.9,1,294,0.90028,0.22295,7.0943,6.95396,0.06517,0.8114,0.58844,0.78112,2.25598,4.0572
255,They now,dua_ctx,0.99,1,324,0.99083,0.20698,7.54398,7.40047,0.25784,0.8114,0.60441,0.83759,2.58997,4.11642
255,They now,euc_unemb,0.3,1,15,0.30446,0.46925,0.6514,0.66339,0.05543,0.8114,0.34214,0.2492,0.26535,0.13685
255,They now,euc_unemb,0.5,1,17,0.57234,0.49229,0.88673,0.89681,0.26889,0.8114,0.3191,0.21867,0.47871,0.18935
255,They now,euc_unemb,0.7,1,18,0.70035,0.5236,1.0174,1.02576,0.33467,0.8114,0.2878,0.18065,0.61398,0.22278
255,They now,euc_unemb,0.9,1,21,0.92519,0.64765,1.41866,1.41882,0.39274,0.8114,0.16374,0.06502,0.99261,0.36103
255,They now,euc_unemb,0.99,1,25,0.99115,0.75744,1.96062,1.94546,0.39578,0.8114,0.05395,0.00838,1.31546,0.63678
255,They now,cau_unemb,0.3,1,17,0.4074,0.36163,0.86343,0.87305,0.25821,0.8114,0.44977,0.42577,0.2391,0.19856
255,They now,cau_unemb,0.5,1,18,0.5362,0.36623,0.9704,0.97894,0.32356,0.8114,0.44516,0.41686,0.32626,0.22729
255,They now,cau_unemb,0.7,1,20,0.76532,0.40764,1.16786,1.17311,0.32446,0.8114,0.40376,0.34269,0.5286,0.29657
255,They now,cau_unemb,0.9,1,22,0.90157,0.47434,1.3358,1.3363,0.32915,0.8114,0.33706,0.24227,0.70873,0.3848
255,They now,cau_unemb,0.99,1,27,0.99161,0.61205,1.7393,1.72352,0.32983,0.8114,0.19934,0.09274,0.95594,0.69062
255,They now,dua_unemb,0.3,1,25,0.31664,0.75503,0.26314,0.26368,0.01219,0.8114,0.05636,0.0091,0.05928,0.19476
255,They now,dua_unemb,0.5,1,37,0.51107,0.77304,0.69482,0.67496,0.0274,0.8114,0.03835,0.00438,0.15139,0.53905
255,They now,dua_unemb,0.7,1,61,0.7031,0.7861,2.13921,2.0564,0.04121,0.8114,0.0253,0.00196,0.3647,1.77254
255,They now,dua_unemb,0.9,1,104,0.90279,0.73951,4.46151,4.31524,0.04413,0.8114,0.07189,0.01437,0.84965,3.59749
255,They now,dua_unemb,0.99,1,125,0.99049,0.71438,5.10536,4.95285,0.04499,0.8114,0.09701,0.02505,1.16523,3.91507
255,They now,euc_dmd,0.3,1,20,0.35073,0.03434,4.99861,4.9864,0.44842,0.8114,0.77706,2.25808,1.9903,0.75022
255,They now,euc_dmd,0.5,1,22,0.51749,0.02088,5.71227,5.69235,0.44927,0.8114,0.79052,2.65907,2.13245,0.92075
255,They now,euc_dmd,0.7,1,25,0.74336,0.01132,6.76456,6.73212,0.44831,0.8114,0.80008,3.15417,2.41715,1.19324
255,They now,euc_dmd,0.9,1,29,0.91062,0.00613,8.11354,8.06351,0.44652,0.8114,0.80527,3.65118,2.88897,1.57339
255,They now,euc_dmd,0.99,1,37,0.99014,0.00232,10.56625,10.48126,0.44465,0.8114,0.80907,4.43689,3.77733,2.35203
255,They now,cau_dmd,0.3,1,24,0.33469,0.00814,6.94608,6.92469,0.45133,0.8114,0.80326,3.42118,2.54116,0.98374
255,They now,cau_dmd,0.5,1,27,0.56335,0.00299,8.28918,8.25477,0.45242,0.8114,0.80841,4.23365,2.79052,1.26501
255,They now,cau_dmd,0.7,1,29,0.70643,0.00171,9.16316,9.11989,0.45307,0.8114,0.80968,4.68435,3.02322,1.45559
255,They now,cau_dmd,0.9,1,34,0.91807,0.00058,11.26692,11.2013,0.4522,0.8114,0.81082,5.56375,3.76642,1.93675
255,They now,cau_dmd,0.99,1,42,0.9918,0.00015,14.3729,14.27221,0.45155,0.8114,0.81125,6.6701,4.99496,2.70784
255,They now,dua_dmd,0.3,1,28,0.31842,0.5013,0.88757,0.88828,0.05114,0.8114,0.3101,0.20734,0.28208,0.39814
255,They now,dua_dmd,0.5,1,37,0.51245,0.43668,1.57226,1.56235,0.0603,0.8114,0.37472,0.29634,0.61599,0.65994
255,They now,dua_dmd,0.7,1,46,0.70124,0.39151,2.27966,2.25584,0.06447,0.8114,0.41989,0.37038,0.93248,0.9768
255,They now,dua_dmd,0.9,1,57,0.91224,0.35208,3.16072,3.1158,0.35258,0.8114,0.45931,0.44466,1.26812,1.44794
255,They now,dua_dmd,0.99,1,66,0.99001,0.34377,3.86269,3.79974,0.35327,0.8114,0.46763,0.46165,1.50013,1.90091
228,"Honestly, Most doctors really",euc_ctx,0.3,1,34,0.31393,0.12262,2.01073,2.02062,0.50964,0.26901,0.14639,0.07791,0.19346,1.73936
228,"Honestly, Most doctors really",euc_ctx,0.5,1,39,0.51189,0.10841,2.7201,2.72717,0.52959,0.26901,0.1606,0.09931,0.27197,2.34883
228,"Honestly, Most doctors really",euc_ctx,0.7,1,45,0.7262,0.1049,3.63328,3.63587,0.53441,0.26901,0.16412,0.1053,0.3662,3.16178
228,"Honestly, Most doctors really",euc_ctx,0.9,1,54,0.9059,0.11307,5.09175,5.08593,0.53992,0.26901,0.15595,0.09182,0.49199,4.50794
228,"Honestly, Most doctors really",euc_ctx,0.99,1,72,0.99042,0.13328,8.22104,8.19493,0.52788,0.26901,0.13573,0.06443,0.68906,7.46755
228,"Honestly, Most doctors really",cau_ctx,0.3,1,69,0.30366,0.07577,3.37842,3.38172,0.5161,0.26901,0.19324,0.16938,0.29245,2.91659
228,"Honestly, Most doctors really",cau_ctx,0.5,1,81,0.51319,0.04234,4.81565,4.81029,0.53129,0.26901,0.22668,0.29999,0.36949,4.14617
228,"Honestly, Most doctors really",cau_ctx,0.7,1,93,0.70449,0.02584,6.32766,6.31256,0.53596,0.26901,0.24317,0.42033,0.45332,5.45401
228,"Honestly, Most doctors really",cau_ctx,0.9,1,115,0.90407,0.01288,9.1449,9.11081,0.5355,0.26901,0.25614,0.59807,0.60859,7.93825
228,"Honestly, Most doctors really",cau_ctx,0.99,1,159,0.99038,0.00426,14.76023,14.68784,0.53761,0.26901,0.26476,0.88936,0.85966,13.01121
228,"Honestly, Most doctors really",dua_ctx,0.3,1,78,0.3022,0.17227,0.60058,0.58568,0.01854,0.26901,0.09674,0.02904,0.08414,0.4874
228,"Honestly, Most doctors really",dua_ctx,0.5,1,106,0.50547,0.14788,1.17044,1.13599,0.03141,0.26901,0.12114,0.04889,0.22574,0.89581
228,"Honestly, Most doctors really",dua_ctx,0.7,1,139,0.7019,0.1345,2.18014,2.12007,0.0451,0.26901,0.13452,0.06301,0.50915,1.60798
228,"Honestly, Most doctors really",dua_ctx,0.9,1,177,0.90023,0.12359,3.59962,3.51652,0.05141,0.26901,0.14543,0.07661,0.76544,2.75756
228,"Honestly, Most doctors really",dua_ctx,0.99,1,207,0.99027,0.12141,4.73761,4.6411,0.05257,0.26901,0.1476,0.07958,0.94266,3.71537
228,"Honestly, Most doctors really",euc_unemb,0.3,1,13,0.41572,0.21434,0.53591,0.54631,0.07265,0.26901,0.05467,0.00839,0.11438,0.41314
228,"Honestly, Most doctors really",euc_unemb,0.5,1,14,0.5476,0.24684,0.62537,0.63581,0.0675,0.26901,0.02218,0.0013,0.13886,0.48521
228,"Honestly, Most doctors really",euc_unemb,0.7,1,16,0.77501,0.36049,0.87623,0.88577,0.39136,0.26901,0.09148,0.01899,0.20444,0.6528
228,"Honestly, Most doctors really",euc_unemb,0.9,1,18,0.9056,0.52726,1.28163,1.28847,0.47098,0.26901,0.25824,0.13757,0.28271,0.86135
228,"Honestly, Most doctors really",euc_unemb,0.99,1,23,0.99135,0.84412,2.97185,2.96433,0.52985,0.26901,0.57511,0.82197,0.44518,1.7047
228,"Honestly, Most doctors really",cau_unemb,0.3,1,14,0.39682,0.16937,0.65213,0.66233,0.07616,0.26901,0.09965,0.03106,0.10419,0.51689
228,"Honestly, Most doctors really",cau_unemb,0.5,1,15,0.51658,0.18818,0.73972,0.74997,0.31037,0.26901,0.08084,0.01947,0.12444,0.59582
228,"Honestly, Most doctors really",cau_unemb,0.7,1,17,0.73489,0.25888,0.94609,0.95586,0.42682,0.26901,0.01013,0.00027,0.17484,0.77098
228,"Honestly, Most doctors really",cau_unemb,0.9,1,20,0.91747,0.4517,1.41621,1.42316,0.49131,0.26901,0.18268,0.07079,0.261,1.08442
228,"Honestly, Most doctors really",cau_unemb,0.99,1,25,0.99032,0.77568,2.77335,2.769,0.52787,0.26901,0.50667,0.57866,0.36799,1.82671
228,"Honestly, Most doctors really",dua_unemb,0.3,1,18,0.30014,0.25258,0.06737,0.0685,0.00627,0.26901,0.01644,0.00071,0.02525,0.04141
228,"Honestly, Most doctors really",dua_unemb,0.5,1,25,0.51548,0.26858,0.14956,0.14526,0.01064,0.26901,0.00043,0.0,0.06543,0.08413
228,"Honestly, Most doctors really",dua_unemb,0.7,1,33,0.71513,0.29051,0.27295,0.25924,0.01233,0.26901,0.02149,0.00114,0.11688,0.15493
228,"Honestly, Most doctors really",dua_unemb,0.9,1,45,0.90037,0.32767,0.50842,0.4757,0.01551,0.26901,0.05866,0.00808,0.18219,0.31815
228,"Honestly, Most doctors really",dua_unemb,0.99,1,61,0.99135,0.3838,0.9299,0.86752,0.02446,0.26901,0.11479,0.02927,0.24461,0.65601
228,"Honestly, Most doctors really",euc_dmd,0.3,1,16,0.36986,0.05386,3.11051,3.11187,0.533,0.26901,0.21515,0.24408,0.41709,2.44935
228,"Honestly, Most doctors really",euc_dmd,0.5,1,18,0.53608,0.04658,3.83265,3.83001,0.54053,0.26901,0.22244,0.27756,0.49115,3.06395
228,"Honestly, Most doctors really",euc_dmd,0.7,1,21,0.7535,0.04042,5.00319,4.9932,0.53914,0.26901,0.2286,0.31102,0.60032,4.09186
228,"Honestly, Most doctors really",euc_dmd,0.9,1,25,0.91456,0.03383,6.76478,6.7426,0.53968,0.26901,0.23519,0.35389,0.75636,5.65453
228,"Honestly, Most doctors really",euc_dmd,0.99,1,33,0.99204,0.01908,10.74163,10.69005,0.54047,0.26901,0.24994,0.4969,1.05174,9.19298
228,"Honestly, Most doctors really",cau_dmd,0.3,1,18,0.30595,0.0376,3.55583,3.56032,0.52592,0.26901,0.23142,0.32832,0.4589,2.7686
228,"Honestly, Most doctors really",cau_dmd,0.5,1,21,0.52149,0.02036,4.90869,4.90503,0.5375,0.26901,0.24866,0.48036,0.55387,3.87446
228,"Honestly, Most doctors really",cau_dmd,0.7,1,24,0.72463,0.01092,6.43948,6.42546,0.53744,0.26901,0.2581,0.64099,0.65534,5.14315
228,"Honestly, Most doctors really",cau_dmd,0.9,1,29,0.91787,0.0042,9.19464,9.16097,0.54273,0.26901,0.26482,0.89329,0.85877,7.44257
228,"Honestly, Most doctors really",cau_dmd,0.99,1,37,0.99114,0.00107,13.71248,13.64592,0.5429,0.26901,0.26795,1.25909,1.18535,11.26804
228,"Honestly, Most doctors really",dua_dmd,0.3,1,18,0.31377,0.17302,0.3394,0.34259,0.01845,0.26901,0.09599,0.02854,0.15352,0.15735
228,"Honestly, Most doctors really",dua_dmd,0.5,1,24,0.50854,0.16371,0.58112,0.58039,0.02501,0.26901,0.10531,0.03524,0.29845,0.24743
228,"Honestly, Most doctors really",dua_dmd,0.7,1,32,0.70824,0.16283,0.93657,0.92891,0.0331,0.26901,0.10619,0.03592,0.50485,0.39581
228,"Honestly, Most doctors really",dua_dmd,0.9,1,44,0.91063,0.17155,1.49975,1.47922,0.05851,0.26901,0.09747,0.02954,0.75908,0.71113
228,"Honestly, Most doctors really",dua_dmd,0.99,1,56,0.99149,0.19203,2.10471,2.06978,0.06268,0.26901,0.07698,0.01749,0.95924,1.12798
223,"In this case, I rarely",euc_ctx,0.3,1,46,0.3153,0.08977,2.36586,2.36198,0.27877,0.71177,0.622,1.14225,0.4682,0.7554
223,"In this case, I rarely",euc_ctx,0.5,1,52,0.51876,0.08321,2.61096,2.60225,0.27917,0.71177,0.62856,1.19423,0.47893,0.93781
223,"In this case, I rarely",euc_ctx,0.7,1,59,0.72386,0.08926,2.77762,2.76233,0.26769,0.71177,0.62251,1.14616,0.45817,1.17329
223,"In this case, I rarely",euc_ctx,0.9,1,70,0.90076,0.11277,3.03091,3.00338,0.24579,0.71177,0.599,0.98731,0.44955,1.59405
223,"In this case, I rarely",euc_ctx,0.99,1,94,0.99029,0.15845,4.00231,3.9424,0.22464,0.71177,0.55332,0.76046,0.55686,2.68499
223,"In this case, I rarely",cau_ctx,0.3,1,92,0.31073,0.06619,2.95392,2.94087,0.274,0.71177,0.64558,1.35179,0.53496,1.06716
223,"In this case, I rarely",cau_ctx,0.5,1,102,0.5036,0.04287,3.5763,3.55531,0.26974,0.71177,0.66891,1.65389,0.58059,1.34182
223,"In this case, I rarely",cau_ctx,0.7,1,113,0.70407,0.02869,4.26252,4.23152,0.26489,0.71177,0.68309,1.93555,0.65013,1.67683
223,"In this case, I rarely",cau_ctx,0.9,1,132,0.90421,0.01673,5.4259,5.37577,0.25078,0.71177,0.69505,2.31603,0.80362,2.30625
223,"In this case, I rarely",cau_ctx,0.99,1,169,0.99011,0.00687,7.69235,7.60381,0.24863,0.71177,0.7049,2.94619,1.14446,3.6017
223,"In this case, I rarely",dua_ctx,0.3,1,110,0.30109,0.39892,1.55651,1.51773,0.02652,0.71177,0.31285,0.20028,0.24698,1.10925
223,"In this case, I rarely",dua_ctx,0.5,1,146,0.50252,0.30671,2.75967,2.68516,0.03293,0.71177,0.40506,0.34624,0.47337,1.94006
223,"In this case, I rarely",dua_ctx,0.7,1,180,0.70036,0.24696,4.16945,4.06408,0.06866,0.71177,0.46482,0.47664,0.75838,2.93442
223,"In this case, I rarely",dua_ctx,0.9,1,214,0.90451,0.21068,5.60287,5.479,0.07974,0.71177,0.50109,0.57616,1.01073,4.01598
223,"In this case, I rarely",dua_ctx,0.99,1,239,0.99003,0.19811,6.52907,6.39768,0.07946,0.71177,0.51366,0.61539,1.16661,4.74706
223,"In this case, I rarely",euc_unemb,0.3,1,17,0.3864,0.26435,0.91276,0.92206,0.17929,0.71177,0.44742,0.43493,0.12759,0.35024
223,"In this case, I rarely",euc_unemb,0.5,1,18,0.51676,0.27961,0.92446,0.93305,0.17131,0.71177,0.43217,0.40103,0.1379,0.38553
223,"In this case, I rarely",euc_unemb,0.7,1,20,0.75382,0.35212,0.93096,0.9372,0.06578,0.71177,0.35966,0.26749,0.19947,0.46401
223,"In this case, I rarely",euc_unemb,0.9,1,23,0.93568,0.53617,1.02636,1.02619,0.205,0.71177,0.17561,0.06452,0.34692,0.61492
223,"In this case, I rarely",euc_unemb,0.99,1,27,0.99111,0.73176,1.46259,1.44883,0.20603,0.71177,0.01998,0.001,0.52927,0.93231
223,"In this case, I rarely",cau_unemb,0.3,1,17,0.30167,0.20271,1.03435,1.04262,0.24013,0.71177,0.50907,0.60073,0.13057,0.30305
223,"In this case, I rarely",cau_unemb,0.5,1,19,0.54158,0.21753,1.07439,1.08145,0.23765,0.71177,0.49424,0.5559,0.15686,0.36163
223,"In this case, I rarely",cau_unemb,0.7,1,21,0.7614,0.27685,1.05426,1.05934,0.21095,0.71177,0.43492,0.40699,0.22182,0.42546
223,"In this case, I rarely",cau_unemb,0.9,1,24,0.93242,0.44509,1.0424,1.04249,0.17876,0.71177,0.26668,0.14536,0.35969,0.53735
223,"In this case, I rarely",cau_unemb,0.99,1,29,0.99322,0.72922,1.37161,1.3575,0.17477,0.71177,0.01745,0.00076,0.55674,0.81411
223,"In this case, I rarely",dua_unemb,0.3,1,24,0.3267,0.63357,0.17763,0.18147,0.00882,0.71177,0.07821,0.01365,0.03035,0.13363
223,"In this case, I rarely",dua_unemb,0.5,1,30,0.5251,0.64429,0.34237,0.3398,0.02482,0.71177,0.06748,0.01027,0.05082,0.28128
223,"In this case, I rarely",dua_unemb,0.7,1,39,0.71457,0.66652,0.77626,0.75767,0.03041,0.71177,0.04526,0.00472,0.09434,0.6772
223,"In this case, I rarely",dua_unemb,0.9,1,57,0.90238,0.7042,2.06485,2.00267,0.04713,0.71177,0.00758,0.00014,0.19078,1.87394
223,"In this case, I rarely",dua_unemb,0.99,1,83,0.99108,0.71476,4.57649,4.45522,0.18568,0.71177,0.00299,2e-05,0.35716,4.21931
223,"In this case, I rarely",euc_dmd,0.3,1,22,0.32807,0.05457,3.50289,3.49505,0.27781,0.71177,0.65721,1.4857,1.00131,1.01588
223,"In this case, I rarely",euc_dmd,0.5,1,25,0.5547,0.04191,4.13342,4.1181,0.27469,0.71177,0.66986,1.66962,1.1672,1.29661
223,"In this case, I rarely",euc_dmd,0.7,1,28,0.75004,0.03435,4.79697,4.77246,0.27054,0.71177,0.67742,1.80897,1.36258,1.62543
223,"In this case, I rarely",euc_dmd,0.9,1,32,0.90056,0.02648,5.78411,5.74503,0.25957,0.71177,0.6853,1.99191,1.66218,2.13002
223,"In this case, I rarely",euc_dmd,0.99,1,42,0.99159,0.01164,8.58629,8.50646,0.24579,0.71177,0.70013,2.57228,2.45738,3.55663
223,"In this case, I rarely",cau_dmd,0.3,1,26,0.35118,0.04372,3.76415,3.76049,0.26799,0.71177,0.66805,1.6401,1.08503,1.03902
223,"In this case, I rarely",cau_dmd,0.5,1,28,0.50209,0.02723,4.47836,4.46802,0.26503,0.71177,0.68455,1.97232,1.22397,1.28208
223,"In this case, I rarely",cau_dmd,0.7,1,31,0.71486,0.014,5.61465,5.59281,0.2634,0.71177,0.69778,2.44201,1.48664,1.68601
223,"In this case, I rarely",cau_dmd,0.9,1,36,0.9153,0.00555,7.52454,7.48171,0.26117,0.71177,0.70623,3.09849,2.01862,2.40743
223,"In this case, I rarely",cau_dmd,0.99,1,45,0.99229,0.00134,10.85939,10.77754,0.24766,0.71177,0.71043,4.10681,3.00502,3.74756
223,"In this case, I rarely",dua_dmd,0.3,1,30,0.3179,0.44637,1.04402,1.04782,0.05621,0.71177,0.26541,0.14399,0.46038,0.43966
223,"In this case, I rarely",dua_dmd,0.5,1,40,0.50755,0.41142,1.82421,1.82086,0.06188,0.71177,0.30036,0.18437,0.76751,0.87233
223,"In this case, I rarely",dua_dmd,0.7,1,51,0.7005,0.3914,2.73582,2.72107,0.06235,0.71177,0.32038,0.21024,1.03563,1.48995
223,"In this case, I rarely",dua_dmd,0.9,1,71,0.90574,0.39251,4.52945,4.48719,0.08321,0.71177,0.31926,0.20875,1.46491,2.85579
223,"In this case, I rarely",dua_dmd,0.99,1,100,0.99029,0.41634,6.55359,6.47306,0.18778,0.71177,0.29544,0.17833,2.06057,4.31468
140,"At home, Many people rarely",euc_ctx,0.3,1,45,0.3012,0.40896,1.64608,1.64747,0.18509,0.812,0.40304,0.34159,0.76498,0.53951
140,"At home, Many people rarely",euc_ctx,0.5,1,53,0.52458,0.35974,1.88869,1.88272,0.17983,0.812,0.45226,0.43068,0.70124,0.75677
140,"At home, Many people rarely",euc_ctx,0.7,1,60,0.70381,0.34016,2.0692,2.05542,0.20922,0.812,0.47184,0.47046,0.63315,0.96559
140,"At home, Many people rarely",euc_ctx,0.9,1,73,0.90174,0.3344,2.47939,2.44896,0.19355,0.812,0.47759,0.48269,0.6107,1.386
140,"At home, Many people rarely",euc_ctx,0.99,1,97,0.99013,0.33395,3.46659,3.40218,0.1963,0.812,0.47805,0.48366,0.75574,2.22718
140,"At home, Many people rarely",cau_ctx,0.3,1,85,0.31202,0.24195,2.12191,2.11692,0.17575,0.812,0.57005,0.72102,0.68661,0.71428
140,"At home, Many people rarely",cau_ctx,0.5,1,96,0.50468,0.15345,2.76337,2.74978,0.17278,0.812,0.65855,1.07001,0.74923,0.94412
140,"At home, Many people rarely",cau_ctx,0.7,1,108,0.70327,0.09857,3.45162,3.42722,0.17116,0.812,0.71342,1.41756,0.82291,1.21115
140,"At home, Many people rarely",cau_ctx,0.9,1,128,0.90045,0.0544,4.57307,4.52894,0.16887,0.812,0.7576,1.89128,1.00357,1.67821
140,"At home, Many people rarely",cau_ctx,0.99,1,167,0.99056,0.0195,6.80548,6.72123,0.16392,0.812,0.7925,2.71748,1.46044,2.62756
140,"At home, Many people rarely",dua_ctx,0.3,1,105,0.30443,0.50824,1.31363,1.28469,0.05291,0.812,0.30376,0.19968,0.20314,0.9108
140,"At home, Many people rarely",dua_ctx,0.5,1,135,0.50298,0.40055,2.1519,2.09763,0.1378,0.812,0.41145,0.3558,0.33434,1.46176
140,"At home, Many people rarely",dua_ctx,0.7,1,160,0.70811,0.3265,2.96755,2.89027,0.15,0.812,0.48549,0.49988,0.48059,1.98709
140,"At home, Many people rarely",dua_ctx,0.9,1,183,0.90452,0.27681,3.84827,3.75125,0.1543,0.812,0.53519,0.62057,0.70224,2.52546
140,"At home, Many people rarely",dua_ctx,0.99,1,203,0.99126,0.2593,4.65763,4.54623,0.175,0.812,0.5527,0.66913,0.95582,3.03268
140,"At home, Many people rarely",euc_unemb,0.3,1,16,0.39977,0.57343,0.48321,0.49466,0.08468,0.812,0.23857,0.12843,0.18966,0.16512
140,"At home, Many people rarely",euc_unemb,0.5,1,17,0.52132,0.59415,0.50828,0.51873,0.16413,0.812,0.21785,0.10896,0.21022,0.18909
140,"At home, Many people rarely",euc_unemb,0.7,1,19,0.74299,0.6619,0.59188,0.59888,0.20248,0.812,0.1501,0.05562,0.2873,0.24895
140,"At home, Many people rarely",euc_unemb,0.9,1,22,0.92465,0.76908,0.83903,0.83749,0.20238,0.812,0.04291,0.00544,0.45104,0.38255
140,"At home, Many people rarely",euc_unemb,0.99,1,27,0.99238,0.84457,1.46938,1.44878,0.20084,0.812,0.03257,0.00383,0.72366,0.74188
140,"At home, Many people rarely",cau_unemb,0.3,1,17,0.37797,0.52301,0.54462,0.55641,0.15758,0.812,0.28899,0.18216,0.19476,0.1677
140,"At home, Many people rarely",cau_unemb,0.5,1,19,0.59795,0.56826,0.57175,0.58168,0.15531,0.812,0.24374,0.13352,0.22853,0.20969
140,"At home, Many people rarely",cau_unemb,0.7,1,21,0.78218,0.64753,0.62049,0.6271,0.18063,0.812,0.16447,0.06562,0.29478,0.26009
140,"At home, Many people rarely",cau_unemb,0.9,1,24,0.92928,0.77241,0.78831,0.78737,0.18147,0.812,0.03959,0.00466,0.42423,0.35943
140,"At home, Many people rarely",cau_unemb,0.99,1,29,0.99079,0.88116,1.28036,1.2628,0.19122,0.812,0.06916,0.01986,0.64409,0.61642
140,"At home, Many people rarely",dua_unemb,0.3,1,21,0.32256,0.74753,0.13982,0.14527,0.03298,0.812,0.06447,0.01174,0.02181,0.10627
140,"At home, Many people rarely",dua_unemb,0.5,1,26,0.51872,0.74536,0.25756,0.2588,0.03545,0.812,0.06664,0.01249,0.03722,0.20784
140,"At home, Many people rarely",dua_unemb,0.7,1,32,0.71054,0.74772,0.4704,0.46312,0.03813,0.812,0.06428,0.01168,0.06447,0.39425
140,"At home, Many people rarely",dua_unemb,0.9,1,43,0.90213,0.75471,1.05088,1.01989,0.13745,0.812,0.05729,0.0094,0.13163,0.90984
140,"At home, Many people rarely",dua_unemb,0.99,1,59,0.99029,0.75386,2.25401,2.17585,0.16489,0.812,0.05814,0.00967,0.23971,2.00462
140,"At home, Many people rarely",euc_dmd,0.3,1,23,0.33936,0.21426,2.94785,2.94184,0.18701,0.812,0.59774,0.81295,1.42909,0.7058
140,"At home, Many people rarely",euc_dmd,0.5,1,26,0.53103,0.15407,3.56105,3.54645,0.17887,0.812,0.65793,1.06686,1.56978,0.92441
140,"At home, Many people rarely",euc_dmd,0.7,1,29,0.70913,0.11243,4.22815,4.20341,0.18221,0.812,0.69957,1.31369,1.74696,1.1675
140,"At home, Many people rarely",euc_dmd,0.9,1,35,0.91527,0.06474,5.67545,5.62777,0.18836,0.812,0.74726,1.75198,2.22706,1.6964
140,"At home, Many people rarely",euc_dmd,0.99,1,45,0.99175,0.02799,8.21172,8.1252,0.17947,0.812,0.78401,2.42565,3.17019,2.61588
140,"At home, Many people rarely",cau_dmd,0.3,1,26,0.3109,0.14711,3.24757,3.24483,0.1885,0.812,0.66489,1.10286,1.48361,0.66109
140,"At home, Many people rarely",cau_dmd,0.5,1,30,0.56106,0.0622,4.55545,4.53925,0.1874,0.812,0.74979,1.78396,1.7882,0.9833
140,"At home, Many people rarely",cau_dmd,0.7,1,33,0.73293,0.03434,5.57876,5.55112,0.18497,0.812,0.77766,2.26096,2.07528,1.24252
140,"At home, Many people rarely",cau_dmd,0.9,1,38,0.90528,0.01474,7.26849,7.22077,0.18084,0.812,0.79725,2.94363,2.63628,1.68859
140,"At home, Many people rarely",cau_dmd,0.99,1,48,0.99085,0.0034,10.56391,10.47522,0.16478,0.812,0.8086,4.13358,3.83206,2.59827
140,"At home, Many people rarely",dua_dmd,0.3,1,29,0.31129,0.54203,0.88907,0.89273,0.14283,0.812,0.26997,0.1608,0.40047,0.3278
140,"At home, Many people rarely",dua_dmd,0.5,1,39,0.50503,0.48368,1.45268,1.45017,0.17176,0.812,0.32832,0.23074,0.66819,0.55375
140,"At home, Many people rarely",dua_dmd,0.7,1,50,0.70188,0.44323,2.10609,2.09349,0.1847,0.812,0.36877,0.28748,0.93948,0.87913
140,"At home, Many people rarely",dua_dmd,0.9,1,74,0.90128,0.42713,3.56145,3.51714,0.18628,0.812,0.38487,0.31217,1.41888,1.8304
140,"At home, Many people rarely",dua_dmd,0.99,1,124,0.99073,0.42928,6.11202,6.00549,0.19437,0.812,0.38272,0.30879,2.52783,3.27539
166,"Lately, Most doctors also",euc_ctx,0.3,1,20,0.33012,0.29362,0.45869,0.46795,0.02902,0.4455,0.15187,0.05149,0.05848,0.34872
166,"Lately, Most doctors also",euc_ctx,0.5,1,24,0.51145,0.27409,0.72111,0.72972,0.06489,0.4455,0.1714,0.06703,0.1057,0.54838
166,"Lately, Most doctors also",euc_ctx,0.7,1,29,0.72533,0.26776,1.12227,1.12865,0.20343,0.4455,0.17774,0.07263,0.1859,0.86374
166,"Lately, Most doctors also",euc_ctx,0.9,1,36,0.90183,0.28208,1.75834,1.75962,0.2505,0.4455,0.16342,0.06037,0.29998,1.39799
166,"Lately, Most doctors also",euc_ctx,0.99,1,51,0.99021,0.32929,3.21881,3.20556,0.26284,0.4455,0.1162,0.02915,0.45863,2.73104
166,"Lately, Most doctors also",cau_ctx,0.3,1,42,0.31699,0.22688,0.60891,0.61457,0.17474,0.4455,0.21862,0.11632,0.08166,0.41093
166,"Lately, Most doctors also",cau_ctx,0.5,1,51,0.50542,0.19095,0.9718,0.97548,0.2109,0.4455,0.25455,0.16793,0.13848,0.66539
166,"Lately, Most doctors also",cau_ctx,0.7,1,61,0.70678,0.16192,1.48109,1.48091,0.21122,0.4455,0.28358,0.22185,0.2273,1.03195
166,"Lately, Most doctors also",cau_ctx,0.9,1,77,0.90012,0.12895,2.44972,2.44063,0.246,0.4455,0.31655,0.30188,0.3867,1.76113
166,"Lately, Most doctors also",cau_ctx,0.99,1,109,0.99006,0.07639,4.6238,4.59195,0.26299,0.4455,0.3691,0.50262,0.63365,3.48753
166,"Lately, Most doctors also",dua_ctx,0.3,1,85,0.30331,0.30543,0.91231,0.89727,0.02138,0.4455,0.14007,0.04328,0.06736,0.80166
166,"Lately, Most doctors also",dua_ctx,0.5,1,117,0.50667,0.23357,1.79513,1.76007,0.03044,0.4455,0.21193,0.10818,0.16666,1.52029
166,"Lately, Most doctors also",dua_ctx,0.7,1,144,0.7055,0.18591,2.79333,2.73855,0.0476,0.4455,0.25958,0.1764,0.32622,2.29072
166,"Lately, Most doctors also",dua_ctx,0.9,1,177,0.90465,0.14776,4.27307,4.19498,0.09895,0.4455,0.29774,0.25333,0.60764,3.4121
166,"Lately, Most doctors also",dua_ctx,0.99,1,206,0.99073,0.12819,5.78622,5.69144,0.22025,0.4455,0.3173,0.30402,0.91657,4.56563
166,"Lately, Most doctors also",euc_unemb,0.3,1,8,0.39937,0.34577,0.24919,0.25723,0.02791,0.4455,0.09973,0.02119,0.05086,0.17714
166,"Lately, Most doctors also",euc_unemb,0.5,1,9,0.52703,0.3562,0.34572,0.35352,0.03798,0.4455,0.0893,0.01686,0.08004,0.24882
166,"Lately, Most doctors also",euc_unemb,0.7,1,11,0.75803,0.39892,0.61977,0.62564,0.15223,0.4455,0.04657,0.00447,0.16135,0.45395
166,"Lately, Most doctors also",euc_unemb,0.9,1,14,0.93627,0.47922,1.21859,1.21816,0.25164,0.4455,0.03372,0.00228,0.28667,0.92963
166,"Lately, Most doctors also",euc_unemb,0.99,1,18,0.99114,0.5482,2.2174,2.20492,0.26553,0.4455,0.1027,0.02116,0.40072,1.79552
166,"Lately, Most doctors also",cau_unemb,0.3,1,8,0.32564,0.33289,0.19733,0.20528,0.02261,0.4455,0.11261,0.02729,0.03469,0.13535
166,"Lately, Most doctors also",cau_unemb,0.5,1,10,0.55418,0.35152,0.34328,0.35115,0.03263,0.4455,0.09398,0.01874,0.08035,0.24419
166,"Lately, Most doctors also",cau_unemb,0.7,1,12,0.76169,0.40075,0.55777,0.56412,0.07552,0.4455,0.04474,0.00412,0.14755,0.40609
166,"Lately, Most doctors also",cau_unemb,0.9,1,15,0.92891,0.49863,1.01641,1.01779,0.25426,0.4455,0.05313,0.00566,0.24428,0.76648
166,"Lately, Most doctors also",cau_unemb,0.99,1,20,0.99237,0.6146,2.03565,2.02426,0.26778,0.4455,0.1691,0.05837,0.34048,1.6368
166,"Lately, Most doctors also",dua_unemb,0.3,1,13,0.30144,0.41933,0.1285,0.13166,0.00478,0.4455,0.02616,0.0014,0.01496,0.11214
166,"Lately, Most doctors also",dua_unemb,0.5,1,20,0.50332,0.42272,0.2996,0.29888,0.00795,0.4455,0.02277,0.00106,0.04063,0.25792
166,"Lately, Most doctors also",dua_unemb,0.7,1,29,0.7017,0.43146,0.62565,0.616,0.01694,0.4455,0.01404,0.0004,0.08736,0.53789
166,"Lately, Most doctors also",dua_unemb,0.9,1,44,0.9079,0.44843,1.46869,1.4367,0.14876,0.4455,0.00293,2e-05,0.17973,1.28894
166,"Lately, Most doctors also",dua_unemb,0.99,1,62,0.99196,0.46809,3.19959,3.1321,0.2377,0.4455,0.02259,0.00103,0.27989,2.91867
166,"Lately, Most doctors also",euc_dmd,0.3,1,9,0.3152,0.25478,0.64891,0.65855,0.07325,0.4455,0.19071,0.08502,0.15791,0.40598
166,"Lately, Most doctors also",euc_dmd,0.5,1,12,0.5865,0.20598,1.26102,1.26825,0.21322,0.4455,0.23951,0.14457,0.28028,0.83618
166,"Lately, Most doctors also",euc_dmd,0.7,1,14,0.7427,0.18053,1.77052,1.77434,0.23526,0.4455,0.26497,0.18583,0.36753,1.21716
166,"Lately, Most doctors also",euc_dmd,0.9,1,18,0.91517,0.1361,2.9607,2.95463,0.25511,0.4455,0.30939,0.2824,0.53362,2.14468
166,"Lately, Most doctors also",euc_dmd,0.99,1,26,0.9908,0.06485,5.6978,5.66599,0.26353,0.4455,0.38065,0.56873,0.80897,4.3201
166,"Lately, Most doctors also",cau_dmd,0.3,1,12,0.34042,0.17961,0.87642,0.88515,0.15408,0.4455,0.26588,0.18748,0.22597,0.46297
166,"Lately, Most doctors also",cau_dmd,0.5,1,15,0.55677,0.11991,1.5334,1.53843,0.19918,0.4455,0.32559,0.32854,0.31425,0.89061
166,"Lately, Most doctors also",cau_dmd,0.7,1,18,0.75004,0.07269,2.41901,2.41723,0.2143,0.4455,0.37281,0.52257,0.41535,1.4811
166,"Lately, Most doctors also",cau_dmd,0.9,1,22,0.90286,0.03495,3.8186,3.80466,0.24184,0.4455,0.41055,0.8267,0.5686,2.4233
166,"Lately, Most doctors also",cau_dmd,0.99,1,31,0.99057,0.00665,7.23217,7.18627,0.25985,0.4455,0.43885,1.55009,0.91354,4.76854
166,"Lately, Most doctors also",dua_dmd,0.3,1,14,0.33594,0.30187,0.39666,0.40253,0.03348,0.4455,0.14363,0.04567,0.10506,0.24593
166,"Lately, Most doctors also",dua_dmd,0.5,1,19,0.53062,0.26379,0.76166,0.76635,0.04299,0.4455,0.18171,0.07629,0.26967,0.41571
166,"Lately, Most doctors also",dua_dmd,0.7,1,25,0.70667,0.24055,1.23033,1.23239,0.05159,0.4455,0.20495,0.10014,0.47021,0.65998
166,"Lately, Most doctors also",dua_dmd,0.9,1,36,0.90114,0.22363,2.12104,2.11537,0.14847,0.4455,0.22187,0.12042,0.74568,1.25495
166,"Lately, Most doctors also",dua_dmd,0.99,1,53,0.99002,0.22597,3.64128,3.61821,0.22656,0.4455,0.21952,0.11745,1.10441,2.41943
17,"Lately, Voters also",euc_ctx,0.3,1,30,0.3256,0.08615,1.44035,1.44595,0.29202,0.5274,0.44125,0.64394,0.20832,0.58809
17,"Lately, Voters also",euc_ctx,0.5,1,35,0.53637,0.0695,1.91148,1.91484,0.32494,0.5274,0.4579,0.74866,0.36784,0.79498
17,"Lately, Voters also",euc_ctx,0.7,1,40,0.72613,0.06432,2.37481,2.37529,0.33147,0.5274,0.46307,0.78686,0.56171,1.02624
17,"Lately, Voters also",euc_ctx,0.9,1,48,0.90013,0.06792,3.02664,3.02155,0.33533,0.5274,0.45947,0.75996,0.82908,1.43761
17,"Lately, Voters also",euc_ctx,0.99,1,67,0.99089,0.0898,4.31315,4.29185,0.33611,0.5274,0.4376,0.62394,1.14038,2.54883
17,"Lately, Voters also",cau_ctx,0.3,1,61,0.30826,0.05241,2.08297,2.08205,0.3152,0.5274,0.47499,0.8889,0.2943,0.89977
17,"Lately, Voters also",cau_ctx,0.5,1,71,0.51156,0.03317,2.84395,2.83801,0.32596,0.5274,0.49423,1.12075,0.48811,1.23509
17,"Lately, Voters also",cau_ctx,0.7,1,81,0.70343,0.02329,3.64615,3.63425,0.33371,0.5274,0.5041,1.30231,0.73329,1.61056
17,"Lately, Voters also",cau_ctx,0.9,1,99,0.90383,0.01488,5.05563,5.03142,0.33881,0.5274,0.51252,1.53465,1.16419,2.35679
17,"Lately, Voters also",cau_ctx,0.99,1,134,0.99059,0.00737,7.5674,7.51649,0.33951,0.5274,0.52003,1.90144,1.72262,3.94334
17,"Lately, Voters also",dua_ctx,0.3,1,120,0.30147,0.33306,2.08933,2.05198,0.06091,0.5274,0.19434,0.07962,0.22463,1.78508
17,"Lately, Voters also",dua_ctx,0.5,1,171,0.5005,0.26497,4.31296,4.24095,0.07083,0.5274,0.26243,0.1543,0.53244,3.62622
17,"Lately, Voters also",dua_ctx,0.7,1,212,0.70157,0.21381,6.26313,6.16891,0.07611,0.5274,0.31358,0.23564,0.7716,5.2559
17,"Lately, Voters also",dua_ctx,0.9,1,247,0.90267,0.17641,7.92381,7.81583,0.25534,0.5274,0.35099,0.31509,0.98085,6.62787
17,"Lately, Voters also",dua_ctx,0.99,1,277,0.99072,0.16488,9.15472,9.03863,0.27977,0.5274,0.36252,0.34417,1.13829,7.67226
17,"Lately, Voters also",euc_unemb,0.3,1,12,0.40878,0.18357,0.68959,0.69659,0.2453,0.5274,0.34382,0.29822,0.19635,0.19502
17,"Lately, Voters also",euc_unemb,0.5,1,13,0.53208,0.18855,0.7892,0.79583,0.28366,0.5274,0.33885,0.28701,0.26925,0.23294
17,"Lately, Voters also",euc_unemb,0.7,1,15,0.75347,0.22352,0.98585,0.99105,0.28953,0.5274,0.30388,0.21809,0.44113,0.32662
17,"Lately, Voters also",euc_unemb,0.9,1,18,0.92955,0.32626,1.28143,1.28248,0.29454,0.5274,0.20114,0.08571,0.66782,0.5279
17,"Lately, Voters also",euc_unemb,0.99,1,23,0.99294,0.5011,1.96424,1.9532,0.29437,0.5274,0.02629,0.00138,0.88435,1.07851
17,"Lately, Voters also",cau_unemb,0.3,1,12,0.30895,0.16777,0.58663,0.59323,0.06481,0.5274,0.35963,0.33664,0.11254,0.13744
17,"Lately, Voters also",cau_unemb,0.5,1,14,0.53076,0.16739,0.74952,0.75558,0.19584,0.5274,0.36,0.33761,0.21691,0.195
17,"Lately, Voters also",cau_unemb,0.7,1,16,0.7399,0.19266,0.8971,0.90191,0.19813,0.5274,0.33474,0.27803,0.3468,0.27227
17,"Lately, Voters also",cau_unemb,0.9,1,19,0.91771,0.27003,1.09545,1.09672,0.24168,0.5274,0.25736,0.14758,0.50643,0.44145
17,"Lately, Voters also",cau_unemb,0.99,1,24,0.99028,0.41346,1.57413,1.56509,0.24312,0.5274,0.11394,0.02629,0.63885,0.90899
17,"Lately, Voters also",dua_unemb,0.3,1,21,0.30221,0.49399,0.27609,0.27403,0.01194,0.5274,0.03341,0.00223,0.05967,0.21418
17,"Lately, Voters also",dua_unemb,0.5,1,35,0.51234,0.52186,0.78102,0.76209,0.02115,0.5274,0.00553,6e-05,0.17147,0.60949
17,"Lately, Voters also",dua_unemb,0.7,1,53,0.70236,0.5542,1.63375,1.5873,0.03235,0.5274,0.0268,0.00145,0.33825,1.29405
17,"Lately, Voters also",dua_unemb,0.9,1,83,0.9012,0.59623,3.33584,3.24443,0.05644,0.5274,0.06883,0.0097,0.58985,2.7363
17,"Lately, Voters also",dua_unemb,0.99,1,107,0.99083,0.61797,5.10018,4.98105,0.05941,0.5274,0.09057,0.01696,0.78947,4.29374
17,"Lately, Voters also",euc_dmd,0.3,1,13,0.34216,0.04873,2.19566,2.19816,0.335,0.5274,0.47867,0.92548,0.67573,0.59445
17,"Lately, Voters also",euc_dmd,0.5,1,15,0.50625,0.03622,2.7891,2.788,0.33848,0.5274,0.49118,1.07584,0.88286,0.83039
17,"Lately, Voters also",euc_dmd,0.7,1,18,0.72447,0.02547,3.65349,3.64545,0.34108,0.5274,0.50193,1.25619,1.14316,1.25414
17,"Lately, Voters also",euc_dmd,0.9,1,23,0.91772,0.01622,5.08232,5.06,0.33778,0.5274,0.51118,1.4897,1.50741,2.08521
17,"Lately, Voters also",euc_dmd,0.99,1,31,0.9901,0.00845,7.43611,7.38775,0.3363,0.5274,0.51895,1.82992,2.03865,3.56755
17,"Lately, Voters also",cau_dmd,0.3,1,16,0.35967,0.02881,2.93635,2.93705,0.33844,0.5274,0.49859,1.19289,0.93611,0.80735
17,"Lately, Voters also",cau_dmd,0.5,1,18,0.50546,0.01926,3.59231,3.58879,0.33952,0.5274,0.50814,1.40062,1.11715,1.07454
17,"Lately, Voters also",cau_dmd,0.7,1,21,0.71065,0.01118,4.58452,4.57332,0.33924,0.5274,0.51622,1.68374,1.36464,1.53613
17,"Lately, Voters also",cau_dmd,0.9,1,26,0.91094,0.00524,6.26866,6.24238,0.33947,0.5274,0.52216,2.08057,1.77774,2.41035
17,"Lately, Voters also",cau_dmd,0.99,1,35,0.99223,0.00156,9.39153,9.33472,0.33959,0.5274,0.52584,2.71747,2.52888,4.14518
17,"Lately, Voters also",dua_dmd,0.3,1,20,0.30783,0.32234,0.63282,0.63526,0.04853,0.5274,0.20505,0.08934,0.14037,0.40311
17,"Lately, Voters also",dua_dmd,0.5,1,27,0.50399,0.28457,1.05876,1.05587,0.0592,0.5274,0.24283,0.12944,0.26469,0.66463
17,"Lately, Voters also",dua_dmd,0.7,1,34,0.70396,0.25912,1.56634,1.5565,0.06828,0.5274,0.26828,0.16233,0.43638,0.96763
17,"Lately, Voters also",dua_dmd,0.9,1,42,0.90132,0.2433,2.23813,2.21907,0.26885,0.5274,0.2841,0.18556,0.68246,1.37011
17,"Lately, Voters also",dua_dmd,0.99,1,50,0.99226,0.24621,2.90945,2.88103,0.28386,0.5274,0.28118,0.18111,0.8986,1.82974
112,"Every day, These kids usually",euc_ctx,0.3,1,24,0.31569,0.36447,0.78828,0.7965,0.15657,0.67514,0.31067,0.1982,0.12608,0.46399
112,"Every day, These kids usually",euc_ctx,0.5,1,29,0.54727,0.30181,1.19356,1.19894,0.18293,0.67514,0.37333,0.29501,0.20435,0.69419
112,"Every day, These kids usually",euc_ctx,0.7,1,33,0.71893,0.27777,1.51393,1.51604,0.18698,0.67514,0.39737,0.34006,0.27609,0.89779
112,"Every day, These kids usually",euc_ctx,0.9,1,41,0.91449,0.2734,2.08309,2.07707,0.19911,0.67514,0.40174,0.3488,0.39751,1.33678
112,"Every day, These kids usually",euc_ctx,0.99,1,55,0.99014,0.30439,2.97312,2.95071,0.20059,0.67514,0.37075,0.29047,0.52336,2.15929
112,"Every day, These kids usually",cau_ctx,0.3,1,48,0.3181,0.25126,1.28261,1.28496,0.1802,0.67514,0.42387,0.39606,0.14485,0.7417
112,"Every day, These kids usually",cau_ctx,0.5,1,56,0.50161,0.17306,1.83868,1.8362,0.19636,0.67514,0.50208,0.61553,0.2009,1.02226
112,"Every day, These kids usually",cau_ctx,0.7,1,65,0.70071,0.12118,2.48847,2.47936,0.20234,0.67514,0.55396,0.83634,0.29179,1.36034
112,"Every day, These kids usually",cau_ctx,0.9,1,80,0.90072,0.07957,3.53307,3.51148,0.21045,0.67514,0.59557,1.10533,0.47512,1.95262
112,"Every day, These kids usually",cau_ctx,0.99,1,109,0.99028,0.04432,5.38863,5.341,0.21424,0.67514,0.63081,1.48813,0.75551,3.14499
112,"Every day, These kids usually",dua_ctx,0.3,1,80,0.3008,0.47291,0.97984,0.96572,0.12183,0.67514,0.20223,0.08313,0.14704,0.74967
112,"Every day, These kids usually",dua_ctx,0.5,1,115,0.50274,0.38027,2.11704,2.07541,0.15767,0.67514,0.29487,0.17773,0.34778,1.59152
112,"Every day, These kids usually",dua_ctx,0.7,1,155,0.70426,0.30492,3.70691,3.62899,0.18534,0.67514,0.37022,0.28954,0.58483,2.83253
112,"Every day, These kids usually",dua_ctx,0.9,1,196,0.90054,0.24938,5.56015,5.4561,0.16557,0.67514,0.42576,0.40032,0.92762,4.2322
112,"Every day, These kids usually",dua_ctx,0.99,1,225,0.99091,0.23322,6.90927,6.7941,0.20117,0.67514,0.44192,0.43864,1.1338,5.33683
112,"Every day, These kids usually",euc_unemb,0.3,1,10,0.38846,0.56552,0.33462,0.34501,0.16291,0.67514,0.10961,0.02516,0.11567,0.19379
112,"Every day, These kids usually",euc_unemb,0.5,1,11,0.51461,0.5841,0.39945,0.40933,0.19164,0.67514,0.09103,0.01753,0.14156,0.24036
112,"Every day, These kids usually",euc_unemb,0.7,1,13,0.74584,0.64838,0.57595,0.58323,0.20038,0.67514,0.02676,0.00159,0.2153,0.35906
112,"Every day, These kids usually",euc_unemb,0.9,1,16,0.92999,0.75457,0.98466,0.98448,0.20888,0.67514,0.07944,0.01599,0.35009,0.61858
112,"Every day, These kids usually",euc_unemb,0.99,1,21,0.99367,0.84095,1.89593,1.87849,0.22792,0.67514,0.16582,0.08375,0.54924,1.26294
112,"Every day, These kids usually",cau_unemb,0.3,1,10,0.30345,0.50851,0.29927,0.30946,0.16031,0.67514,0.16662,0.05685,0.0741,0.16833
112,"Every day, These kids usually",cau_unemb,0.5,1,12,0.53057,0.52864,0.39588,0.40548,0.15242,0.67514,0.1465,0.04422,0.10378,0.24788
112,"Every day, These kids usually",cau_unemb,0.7,1,14,0.74439,0.58776,0.52273,0.53014,0.16725,0.67514,0.08737,0.01619,0.15714,0.34941
112,"Every day, These kids usually",cau_unemb,0.9,1,17,0.9223,0.70155,0.81851,0.81979,0.19945,0.67514,0.02641,0.00164,0.26143,0.55544
112,"Every day, These kids usually",cau_unemb,0.99,1,22,0.9916,0.81608,1.53724,1.52379,0.20282,0.67514,0.14095,0.05681,0.41616,1.06427
112,"Every day, These kids usually",dua_unemb,0.3,1,16,0.3237,0.63683,0.12604,0.13086,0.12637,0.67514,0.03831,0.00323,0.01622,0.10659
112,"Every day, These kids usually",dua_unemb,0.5,1,22,0.52704,0.64404,0.2747,0.27501,0.13111,0.67514,0.0311,0.00214,0.04026,0.2323
112,"Every day, These kids usually",dua_unemb,0.7,1,30,0.71815,0.66021,0.58181,0.57173,0.1394,0.67514,0.01493,0.0005,0.08285,0.49846
112,"Every day, These kids usually",dua_unemb,0.9,1,44,0.90531,0.68829,1.4542,1.41741,0.16039,0.67514,0.01316,0.0004,0.15776,1.29604
112,"Every day, These kids usually",dua_unemb,0.99,1,58,0.99159,0.71207,2.73323,2.66237,0.1274,0.67514,0.03693,0.00325,0.22759,2.50239
112,"Every day, These kids usually",euc_dmd,0.3,1,13,0.34072,0.17949,1.85945,1.86006,0.19808,0.67514,0.49564,0.59341,0.4149,0.85114
112,"Every day, These kids usually",euc_dmd,0.5,1,15,0.50774,0.1228,2.41562,2.41109,0.20172,0.67514,0.55234,0.82797,0.45947,1.12818
112,"Every day, These kids usually",euc_dmd,0.7,1,18,0.73925,0.07545,3.27915,3.26532,0.2003,0.67514,0.59969,1.13976,0.55956,1.57983
112,"Every day, These kids usually",euc_dmd,0.9,1,22,0.913,0.04622,4.44612,4.41833,0.19525,0.67514,0.62891,1.46047,0.76406,2.2216
112,"Every day, These kids usually",euc_dmd,0.99,1,30,0.99229,0.02114,6.78094,6.72308,0.19601,0.67514,0.654,1.98022,1.23469,3.56602
112,"Every day, These kids usually",cau_dmd,0.3,1,16,0.33212,0.10391,2.52948,2.52703,0.1905,0.67514,0.57122,0.9338,0.50308,1.0926
112,"Every day, These kids usually",cau_dmd,0.5,1,19,0.54865,0.04814,3.55593,3.54428,0.19507,0.67514,0.627,1.43367,0.58252,1.53973
112,"Every day, These kids usually",cau_dmd,0.7,1,22,0.74821,0.02457,4.62777,4.6057,0.19763,0.67514,0.65057,1.87982,0.73298,2.01496
112,"Every day, These kids usually",cau_dmd,0.9,1,26,0.90713,0.01181,6.06957,6.03269,0.19913,0.67514,0.66333,2.37043,1.02669,2.67244
112,"Every day, These kids usually",cau_dmd,0.99,1,34,0.99042,0.00347,8.92695,8.85912,0.20054,0.67514,0.67166,3.19339,1.70565,4.0279
112,"Every day, These kids usually",dua_dmd,0.3,1,18,0.31617,0.46711,0.67474,0.67943,0.18532,0.67514,0.20802,0.08791,0.24108,0.34576
112,"Every day, These kids usually",dua_dmd,0.5,1,28,0.51459,0.41137,1.46427,1.46329,0.20345,0.67514,0.26376,0.14138,0.52903,0.79386
112,"Every day, These kids usually",dua_dmd,0.7,1,40,0.70861,0.37783,2.58865,2.57732,0.21107,0.67514,0.2973,0.18079,0.77303,1.63482
112,"Every day, These kids usually",dua_dmd,0.9,1,55,0.90052,0.35985,4.18004,4.15134,0.16456,0.67514,0.31528,0.20446,1.03779,2.93779
112,"Every day, These kids usually",dua_dmd,0.99,1,75,0.99086,0.36712,6.476,6.41987,0.16677,0.67514,0.30802,0.19467,1.40355,4.87778
217,People sometimes,euc_ctx,0.3,1,45,0.30531,0.2186,1.68683,1.68604,0.25532,0.72934,0.51074,0.59183,0.37931,0.7157
217,People sometimes,euc_ctx,0.5,1,50,0.5208,0.18095,2.09448,2.08846,0.26209,0.72934,0.54839,0.71695,0.45059,0.92695
217,People sometimes,euc_ctx,0.7,1,55,0.71868,0.16837,2.39952,2.3874,0.26297,0.72934,0.56097,0.76537,0.47774,1.15641
217,People sometimes,euc_ctx,0.9,1,63,0.90101,0.17639,2.7526,2.72952,0.26204,0.72934,0.55295,0.73405,0.46755,1.551
217,People sometimes,euc_ctx,0.99,1,80,0.99037,0.22119,3.51004,3.46107,0.25328,0.72934,0.50815,0.58413,0.46762,2.45829
217,People sometimes,cau_ctx,0.3,1,101,0.3121,0.11093,2.91107,2.88987,0.25333,0.72934,0.61841,1.05163,0.40577,1.45367
217,People sometimes,cau_ctx,0.5,1,110,0.5034,0.06665,3.658,3.628,0.2577,0.72934,0.66269,1.41006,0.48424,1.7637
217,People sometimes,cau_ctx,0.7,1,120,0.70814,0.04307,4.43997,4.39959,0.25834,0.72934,0.68627,1.72169,0.59976,2.11852
217,People sometimes,cau_ctx,0.9,1,136,0.90262,0.02713,5.53527,5.47759,0.31527,0.72934,0.70221,2.05432,0.77912,2.70183
217,People sometimes,cau_ctx,0.99,1,168,0.99041,0.01426,7.44977,7.35739,0.34794,0.72934,0.71508,2.51976,1.02803,3.90197
217,People sometimes,dua_ctx,0.3,1,138,0.3028,0.48261,2.58928,2.51229,0.03953,0.72934,0.24673,0.12579,0.50957,1.95391
217,People sometimes,dua_ctx,0.5,1,187,0.50381,0.41916,4.79908,4.6809,0.04256,0.72934,0.31018,0.1973,0.84937,3.7524
217,People sometimes,dua_ctx,0.7,1,227,0.70293,0.37298,6.4312,6.29895,0.05856,0.72934,0.35636,0.26172,1.17452,4.99496
217,People sometimes,dua_ctx,0.9,1,265,0.90261,0.33737,7.85165,7.71152,0.07936,0.72934,0.39196,0.31995,1.54113,5.99058
217,People sometimes,dua_ctx,0.99,1,288,0.99008,0.32382,8.41956,8.27609,0.08324,0.72934,0.40552,0.34438,1.75497,6.32021
217,People sometimes,euc_unemb,0.3,1,16,0.31079,0.26345,1.06216,1.07045,0.32906,0.72934,0.46589,0.47172,0.28583,0.30461
217,People sometimes,euc_unemb,0.5,1,18,0.58312,0.29024,1.1968,1.20315,0.33324,0.72934,0.4391,0.4111,0.39901,0.3867
217,People sometimes,euc_unemb,0.7,1,19,0.70929,0.32465,1.2291,1.23395,0.34206,0.72934,0.40469,0.34283,0.45141,0.43486
217,People sometimes,euc_unemb,0.9,1,22,0.9254,0.48035,1.3166,1.31441,0.25338,0.72934,0.24899,0.12804,0.56551,0.62304
217,People sometimes,euc_unemb,0.99,1,27,0.99385,0.65918,1.83226,1.81147,0.25265,0.72934,0.07016,0.01138,0.68163,1.13925
217,People sometimes,cau_unemb,0.3,1,18,0.41522,0.27057,1.1326,1.14218,0.31309,0.72934,0.45877,0.45488,0.35656,0.32116
217,People sometimes,cau_unemb,0.5,1,19,0.54434,0.28717,1.2063,1.215,0.3432,0.72934,0.44217,0.41769,0.42988,0.35872
217,People sometimes,cau_unemb,0.7,1,21,0.76808,0.35808,1.29528,1.30129,0.33416,0.72934,0.37126,0.2851,0.56556,0.44462
217,People sometimes,cau_unemb,0.9,1,24,0.93529,0.52175,1.39404,1.39337,0.31308,0.72934,0.20759,0.09021,0.69152,0.6123
217,People sometimes,cau_unemb,0.99,1,29,0.99319,0.71579,1.84684,1.82952,0.25836,0.72934,0.01354,0.00046,0.80179,1.04459
217,People sometimes,dua_unemb,0.3,1,26,0.32293,0.67596,0.28682,0.28519,0.01575,0.72934,0.05338,0.00671,0.05423,0.22588
217,People sometimes,dua_unemb,0.5,1,35,0.51228,0.69078,0.64559,0.63036,0.02022,0.72934,0.03856,0.00357,0.10823,0.53379
217,People sometimes,dua_unemb,0.7,1,48,0.7072,0.70216,1.40005,1.35725,0.02673,0.72934,0.02718,0.0018,0.184,1.21425
217,People sometimes,dua_unemb,0.9,1,65,0.9073,0.70402,2.69006,2.60549,0.03796,0.72934,0.02532,0.00157,0.2966,2.3919
217,People sometimes,dua_unemb,0.99,1,76,0.99227,0.70806,3.64311,3.53388,0.05006,0.72934,0.02128,0.00111,0.37911,3.26288
217,People sometimes,euc_dmd,0.3,1,22,0.33708,0.07113,3.60608,3.60235,0.42537,0.72934,0.65821,1.36389,1.24335,0.99884
217,People sometimes,euc_dmd,0.5,1,24,0.50025,0.05455,4.26239,4.25289,0.431,0.72934,0.67479,1.55266,1.49477,1.21497
217,People sometimes,euc_dmd,0.7,1,27,0.7265,0.04021,5.17123,5.15174,0.43313,0.72934,0.68913,1.77098,1.82604,1.57421
217,People sometimes,euc_dmd,0.9,1,31,0.90338,0.02973,6.27762,6.24293,0.43087,0.72934,0.69961,1.98841,2.1841,2.10511
217,People sometimes,euc_dmd,0.99,1,39,0.99104,0.01613,8.57569,8.50722,0.42309,0.72934,0.71321,2.43049,2.86558,3.27961
217,People sometimes,cau_dmd,0.3,1,27,0.32809,0.02365,4.29308,4.28689,0.40705,0.72934,0.70569,2.15345,0.95857,1.18106
217,People sometimes,cau_dmd,0.5,1,30,0.5606,0.00986,5.67707,5.65941,0.42824,0.72934,0.71948,2.7877,1.31702,1.57235
217,People sometimes,cau_dmd,0.7,1,32,0.70515,0.00589,6.60963,6.58361,0.43402,0.72934,0.72345,3.16294,1.5953,1.85139
217,People sometimes,cau_dmd,0.9,1,37,0.91787,0.002,8.79666,8.74845,0.43591,0.72934,0.72734,3.9488,2.26299,2.58487
217,People sometimes,cau_dmd,0.99,1,45,0.99216,0.00046,11.94283,11.85776,0.42988,0.72934,0.72888,5.02154,3.11575,3.80554
217,People sometimes,dua_dmd,0.3,1,38,0.30477,0.51611,1.50844,1.50206,0.03824,0.72934,0.21323,0.09497,0.61332,0.80015
217,People sometimes,dua_dmd,0.5,1,54,0.50068,0.48796,2.5589,2.53369,0.0466,0.72934,0.24138,0.12057,0.8956,1.54273
217,People sometimes,dua_dmd,0.7,1,71,0.70721,0.46473,3.82037,3.77233,0.07694,0.72934,0.26461,0.14414,1.24232,2.43392
217,People sometimes,dua_dmd,0.9,1,88,0.90493,0.44719,5.02191,4.95199,0.09438,0.72934,0.28215,0.16347,1.68318,3.17526
217,People sometimes,dua_dmd,0.99,1,100,0.99132,0.4478,5.95033,5.86516,0.09623,0.72934,0.28154,0.16277,2.0259,3.76165
239,"In this case, They",euc_ctx,0.3,1,44,0.31219,0.02441,1.82716,1.83317,0.34418,0.20135,0.17694,0.26504,0.07952,1.4826
239,"In this case, They",euc_ctx,0.5,1,50,0.5325,0.02147,2.30529,2.30938,0.34997,0.20135,0.17988,0.28849,0.12368,1.89312
239,"In this case, They",euc_ctx,0.7,1,55,0.70329,0.022,2.71353,2.71566,0.35464,0.20135,0.17935,0.28396,0.16678,2.26279
239,"In this case, They",euc_ctx,0.9,1,65,0.90217,0.02876,3.55552,3.55282,0.35764,0.20135,0.17259,0.23556,0.24634,3.07362
239,"In this case, They",euc_ctx,0.99,1,86,0.99005,0.05439,5.55141,5.53476,0.3523,0.20135,0.14696,0.12864,0.34914,5.07362
239,"In this case, They",cau_ctx,0.3,1,91,0.31402,0.01721,2.77962,2.77862,0.34597,0.20135,0.18414,0.32951,0.15391,2.2962
239,"In this case, They",cau_ctx,0.5,1,103,0.51612,0.01221,3.59488,3.58892,0.34752,0.20135,0.18914,0.39455,0.2246,2.97573
239,"In this case, They",cau_ctx,0.7,1,115,0.70312,0.00945,4.4916,4.47962,0.35305,0.20135,0.1919,0.44396,0.30808,3.73956
239,"In this case, They",cau_ctx,0.9,1,137,0.90028,0.00655,6.28576,6.26045,0.355,0.20135,0.1948,0.51536,0.44745,5.32296
239,"In this case, They",cau_ctx,0.99,1,184,0.99004,0.00288,10.43616,10.37761,0.35621,0.20135,0.19847,0.67767,0.63464,9.12386
239,"In this case, They",dua_ctx,0.3,1,87,0.30319,0.11979,0.47801,0.46747,0.01113,0.20135,0.08156,0.02691,0.05187,0.39924
239,"In this case, They",dua_ctx,0.5,1,114,0.50295,0.11688,0.84041,0.81662,0.01406,0.20135,0.08447,0.02922,0.10912,0.70207
239,"In this case, They",dua_ctx,0.7,1,147,0.70305,0.11784,1.43739,1.39456,0.02375,0.20135,0.08352,0.02844,0.20256,1.20639
239,"In this case, They",dua_ctx,0.9,1,187,0.9003,0.11943,2.3645,2.30025,0.04807,0.20135,0.08192,0.02718,0.29324,2.04407
239,"In this case, They",dua_ctx,0.99,1,229,0.99038,0.12724,3.68147,3.59829,0.05539,0.20135,0.07411,0.02154,0.38303,3.2769
239,"In this case, They",euc_unemb,0.3,1,17,0.35346,0.04939,0.42938,0.43553,0.21711,0.20135,0.15196,0.14386,0.04005,0.24548
239,"In this case, They",euc_unemb,0.5,1,19,0.57273,0.05784,0.48981,0.49601,0.21478,0.20135,0.14352,0.11919,0.06175,0.30887
239,"In this case, They",euc_unemb,0.7,1,21,0.76642,0.08024,0.5467,0.5527,0.21641,0.20135,0.12111,0.07248,0.09204,0.38218
239,"In this case, They",euc_unemb,0.9,1,24,0.92602,0.15641,0.66673,0.67164,0.25245,0.20135,0.04494,0.00713,0.14246,0.51714
239,"In this case, They",euc_unemb,0.99,1,29,0.99139,0.42399,1.18416,1.18348,0.2465,0.20135,0.22263,0.11105,0.21207,0.86104
239,"In this case, They",cau_unemb,0.3,1,18,0.34321,0.03115,0.43601,0.43873,0.21528,0.20135,0.1702,0.22146,0.02585,0.1887
239,"In this case, They",cau_unemb,0.5,1,20,0.5481,0.03405,0.48,0.48254,0.21573,0.20135,0.1673,0.20594,0.04211,0.23196
239,"In this case, They",cau_unemb,0.7,1,22,0.73747,0.04367,0.51065,0.51288,0.21565,0.20135,0.15768,0.16383,0.06562,0.2812
239,"In this case, They",cau_unemb,0.9,1,25,0.90783,0.07767,0.55251,0.55389,0.20964,0.20135,0.12368,0.07681,0.10548,0.37022
239,"In this case, They",cau_unemb,0.99,1,31,0.99161,0.26214,0.82139,0.81839,0.27666,0.20135,0.06079,0.0101,0.16053,0.65075
239,"In this case, They",dua_unemb,0.3,1,22,0.3027,0.16549,0.07091,0.07257,0.00421,0.20135,0.03586,0.00441,0.01706,0.04944
239,"In this case, They",dua_unemb,0.5,1,28,0.51323,0.18101,0.11871,0.11678,0.00583,0.20135,0.02034,0.00136,0.03166,0.0857
239,"In this case, They",dua_unemb,0.7,1,36,0.71825,0.20885,0.21161,0.20288,0.00754,0.20135,0.0075,0.00017,0.05766,0.15378
239,"In this case, They",dua_unemb,0.9,1,49,0.90296,0.25908,0.43403,0.41099,0.01316,0.20135,0.05773,0.00916,0.10409,0.32077
239,"In this case, They",dua_unemb,0.99,1,66,0.99179,0.32746,0.82898,0.78346,0.01713,0.20135,0.12611,0.03934,0.14114,0.64851
239,"In this case, They",euc_dmd,0.3,1,20,0.342,0.00977,2.11766,2.1158,0.32628,0.20135,0.19158,0.43744,0.2957,1.38451
239,"In this case, They",euc_dmd,0.5,1,23,0.56672,0.00783,2.71382,2.70773,0.33695,0.20135,0.19352,0.48045,0.34698,1.8864
239,"In this case, They",euc_dmd,0.7,1,25,0.70312,0.00722,3.15615,3.14663,0.3405,0.20135,0.19413,0.49637,0.39018,2.26961
239,"In this case, They",euc_dmd,0.9,1,30,0.90759,0.00644,4.44301,4.4228,0.34183,0.20135,0.19491,0.51876,0.52629,3.39796
239,"In this case, They",euc_dmd,0.99,1,39,0.99074,0.00441,7.2608,7.21557,0.3499,0.20135,0.19694,0.59318,0.76016,5.90745
239,"In this case, They",cau_dmd,0.3,1,24,0.33406,0.00803,2.86533,2.86419,0.33098,0.20135,0.19332,0.47554,0.42031,1.96948
239,"In this case, They",cau_dmd,0.5,1,27,0.5287,0.00522,3.67613,3.66932,0.33758,0.20135,0.19613,0.55998,0.47776,2.63838
239,"In this case, They",cau_dmd,0.7,1,30,0.71187,0.0035,4.6136,4.59971,0.3428,0.20135,0.19785,0.63908,0.55361,3.42092
239,"In this case, They",cau_dmd,0.9,1,36,0.92024,0.00168,6.75909,6.72802,0.34755,0.20135,0.19967,0.78533,0.74779,5.22597
239,"In this case, They",cau_dmd,0.99,1,45,0.99082,0.00057,10.23153,10.17146,0.35298,0.20135,0.20078,1.0008,1.03065,8.20007
239,"In this case, They",dua_dmd,0.3,1,21,0.33927,0.0801,0.2849,0.28706,0.02602,0.20135,0.12125,0.07271,0.04476,0.16743
239,"In this case, They",dua_dmd,0.5,1,24,0.54105,0.07221,0.38794,0.3886,0.03389,0.20135,0.12915,0.08678,0.08197,0.21919
239,"In this case, They",dua_dmd,0.7,1,27,0.73441,0.06871,0.50522,0.50402,0.03798,0.20135,0.13264,0.09376,0.13591,0.27555
239,"In this case, They",dua_dmd,0.9,1,31,0.90479,0.07036,0.66724,0.66318,0.03789,0.20135,0.13099,0.0904,0.22225,0.35458
239,"In this case, They",dua_dmd,0.99,1,40,0.99112,0.08747,0.96727,0.95612,0.04584,0.20135,0.11389,0.06142,0.36522,0.54063
82,"Every day, These kids still",euc_ctx,0.3,1,14,0.34503,0.61557,0.24089,0.24865,0.03256,0.72233,0.10676,0.02519,0.07613,0.13957
82,"Every day, These kids still",euc_ctx,0.5,1,18,0.5486,0.58913,0.45904,0.4663,0.20351,0.72233,0.13319,0.03843,0.17293,0.24768
82,"Every day, These kids still",euc_ctx,0.7,1,22,0.73584,0.57908,0.74662,0.75193,0.24441,0.72233,0.14325,0.04415,0.31802,0.38445
82,"Every day, These kids still",euc_ctx,0.9,1,28,0.9049,0.58822,1.23485,1.23528,0.22518,0.72233,0.1341,0.03893,0.56804,0.62788
82,"Every day, These kids still",euc_ctx,0.99,1,40,0.99029,0.62596,2.13383,2.12146,0.25641,0.72233,0.09637,0.02071,0.92778,1.18535
82,"Every day, These kids still",cau_ctx,0.3,1,26,0.30765,0.60961,0.29226,0.29881,0.03813,0.72233,0.11271,0.02794,0.08382,0.1805
82,"Every day, These kids still",cau_ctx,0.5,1,34,0.50778,0.5552,0.57453,0.58002,0.22547,0.72233,0.16713,0.05925,0.18657,0.32871
82,"Every day, These kids still",cau_ctx,0.7,1,42,0.70311,0.51153,0.95716,0.95989,0.25271,0.72233,0.21079,0.09241,0.35092,0.51383
82,"Every day, These kids still",cau_ctx,0.9,1,56,0.90752,0.46695,1.74935,1.74452,0.25523,0.72233,0.25538,0.13403,0.72253,0.8928
82,"Every day, These kids still",cau_ctx,0.99,1,80,0.99003,0.41954,3.0527,3.0316,0.24462,0.72233,0.30279,0.1877,1.24798,1.61702
82,"Every day, These kids still",dua_ctx,0.3,1,74,0.30341,0.55195,0.88913,0.87951,0.03462,0.72233,0.17037,0.06146,0.09548,0.73219
82,"Every day, These kids still",dua_ctx,0.5,1,116,0.5011,0.43117,2.27933,2.24073,0.05202,0.72233,0.29116,0.17357,0.28727,1.81849
82,"Every day, These kids still",dua_ctx,0.7,1,159,0.70386,0.3387,4.23274,4.15937,0.06171,0.72233,0.38362,0.3061,0.6436,3.28304
82,"Every day, These kids still",dua_ctx,0.9,1,196,0.90172,0.27981,5.90526,5.81038,0.21966,0.72233,0.44252,0.4204,0.95327,4.53159
82,"Every day, These kids still",dua_ctx,0.99,1,227,0.99031,0.25963,6.86957,6.76339,0.25952,0.72233,0.4627,0.46679,1.20904,5.19374
82,"Every day, These kids still",euc_unemb,0.3,1,6,0.38132,0.65075,0.14964,0.15566,0.02282,0.72233,0.07158,0.01169,0.0661,0.07184
82,"Every day, These kids still",euc_unemb,0.5,1,7,0.50893,0.66092,0.22027,0.22594,0.16212,0.72233,0.0614,0.0087,0.10876,0.10281
82,"Every day, These kids still",euc_unemb,0.7,1,9,0.74535,0.70538,0.43324,0.43647,0.22527,0.72233,0.01694,0.0007,0.24247,0.19007
82,"Every day, These kids still",euc_unemb,0.9,1,12,0.93259,0.78301,0.88695,0.88289,0.24564,0.72233,0.06068,0.0102,0.48029,0.39646
82,"Every day, These kids still",euc_unemb,0.99,1,16,0.99087,0.84038,1.56052,1.54327,0.2491,0.72233,0.11806,0.04439,0.71982,0.79631
82,"Every day, These kids still",cau_unemb,0.3,1,6,0.32492,0.63699,0.11329,0.11955,0.02279,0.72233,0.08533,0.0164,0.03833,0.05856
82,"Every day, These kids still",cau_unemb,0.5,1,8,0.55646,0.65231,0.22473,0.23054,0.16372,0.72233,0.07001,0.01121,0.10162,0.1119
82,"Every day, These kids still",cau_unemb,0.7,1,10,0.76558,0.69751,0.40249,0.406,0.22081,0.72233,0.02482,0.00148,0.21092,0.19009
82,"Every day, These kids still",cau_unemb,0.9,1,13,0.93176,0.7755,0.75634,0.75349,0.21614,0.72233,0.05317,0.00772,0.38469,0.36394
82,"Every day, These kids still",cau_unemb,0.99,1,18,0.99317,0.8466,1.40756,1.39023,0.24241,0.72233,0.12427,0.0501,0.56354,0.79392
82,"Every day, These kids still",dua_unemb,0.3,1,12,0.33296,0.70774,0.10281,0.10598,0.01724,0.72233,0.01458,0.00052,0.01306,0.08923
82,"Every day, These kids still",dua_unemb,0.5,1,18,0.51248,0.71742,0.25864,0.25748,0.02438,0.72233,0.0049,6e-05,0.03358,0.22501
82,"Every day, These kids still",dua_unemb,0.7,1,29,0.71247,0.74086,0.73724,0.72137,0.02866,0.72233,0.01853,0.00088,0.08323,0.65313
82,"Every day, These kids still",dua_unemb,0.9,1,50,0.90375,0.76511,2.26026,2.20059,0.04357,0.72233,0.04278,0.0049,0.18159,2.07377
82,"Every day, These kids still",dua_unemb,0.99,1,72,0.99139,0.75988,4.2549,4.14801,0.04607,0.72233,0.03756,0.00374,0.29008,3.96108
82,"Every day, These kids still",euc_dmd,0.3,1,7,0.37082,0.53323,0.51094,0.518,0.24903,0.72233,0.1891,0.07502,0.27303,0.16289
82,"Every day, These kids still",euc_dmd,0.5,1,9,0.56816,0.49912,0.82479,0.83048,0.25297,0.72233,0.22321,0.10319,0.43981,0.28179
82,"Every day, These kids still",euc_dmd,0.7,1,11,0.74115,0.47864,1.17452,1.17736,0.21231,0.72233,0.24368,0.12232,0.61857,0.43363
82,"Every day, These kids still",euc_dmd,0.9,1,15,0.92745,0.45339,1.92915,1.92319,0.25819,0.72233,0.26894,0.14834,0.96641,0.81439
82,"Every day, These kids still",euc_dmd,0.99,1,21,0.99092,0.39981,3.15691,3.13397,0.23135,0.72233,0.32252,0.21321,1.44661,1.49709
82,"Every day, These kids still",cau_dmd,0.3,1,8,0.31333,0.51021,0.58555,0.59354,0.25698,0.72233,0.21212,0.09353,0.33665,0.15537
82,"Every day, These kids still",cau_dmd,0.5,1,11,0.54281,0.43553,1.061,1.06731,0.21545,0.72233,0.2868,0.16844,0.56844,0.32412
82,"Every day, These kids still",cau_dmd,0.7,1,14,0.75133,0.36627,1.63651,1.63842,0.21697,0.72233,0.35606,0.26141,0.81412,0.56098
82,"Every day, These kids still",cau_dmd,0.9,1,18,0.91154,0.28131,2.53713,2.53002,0.23288,0.72233,0.44101,0.41709,1.16315,0.95689
82,"Every day, These kids still",cau_dmd,0.99,1,26,0.99145,0.13876,4.64134,4.61024,0.24626,0.72233,0.58356,0.87732,1.86933,1.89468
82,"Every day, These kids still",dua_dmd,0.3,1,12,0.31321,0.55236,0.36739,0.37264,0.1652,0.72233,0.16996,0.06118,0.07695,0.22926
82,"Every day, These kids still",dua_dmd,0.5,1,17,0.50514,0.47749,0.74676,0.75013,0.20036,0.72233,0.24483,0.12345,0.19879,0.42452
82,"Every day, These kids still",dua_dmd,0.7,1,23,0.71333,0.41972,1.31465,1.31364,0.23579,0.72233,0.3026,0.18747,0.40976,0.71742
82,"Every day, These kids still",dua_dmd,0.9,1,35,0.90737,0.38948,2.35044,2.33796,0.20997,0.72233,0.33285,0.22738,0.72495,1.39811
82,"Every day, These kids still",dua_dmd,0.99,1,51,0.99027,0.39069,3.74121,3.70816,0.21961,0.72233,0.33164,0.2257,1.01533,2.50017
118,Farmers always,euc_ctx,0.3,1,24,0.31737,0.45268,0.58358,0.59166,0.18411,0.67056,0.21787,0.09624,0.20003,0.28731
118,Farmers always,euc_ctx,0.5,1,28,0.50022,0.42778,0.87256,0.87897,0.20821,0.67056,0.24278,0.11953,0.32961,0.42342
118,Farmers always,euc_ctx,0.7,1,33,0.71512,0.41844,1.30299,1.3057,0.23043,0.67056,0.25211,0.12899,0.53892,0.63509
118,Farmers always,euc_ctx,0.9,1,41,0.90817,0.43137,2.01972,2.01384,0.242,0.67056,0.23919,0.116,0.85557,1.04815
118,Farmers always,euc_ctx,0.99,1,57,0.99096,0.45626,3.29371,3.26657,0.24863,0.67056,0.2143,0.09313,1.18654,2.01405
118,Farmers always,cau_ctx,0.3,1,52,0.30905,0.42528,0.91669,0.92206,0.22446,0.67056,0.24528,0.12202,0.30006,0.49461
118,Farmers always,cau_ctx,0.5,1,62,0.51919,0.35223,1.45367,1.45515,0.23243,0.67056,0.31833,0.20898,0.48554,0.75915
118,Farmers always,cau_ctx,0.7,1,72,0.71729,0.29654,2.09184,2.08754,0.21473,0.67056,0.37402,0.29721,0.71912,1.07551
118,Farmers always,cau_ctx,0.9,1,88,0.90391,0.23444,3.16735,3.15105,0.22397,0.67056,0.43612,0.42691,1.08284,1.6576
118,Farmers always,cau_ctx,0.99,1,119,0.9902,0.147,5.2046,5.16042,0.23213,0.67056,0.52356,0.70427,1.57666,2.92368
118,Farmers always,dua_ctx,0.3,1,101,0.30306,0.4475,1.5216,1.49093,0.02747,0.67056,0.22306,0.10086,0.15737,1.26337
118,Farmers always,dua_ctx,0.5,1,135,0.50108,0.35624,3.01175,2.95023,0.03616,0.67056,0.31432,0.20343,0.34732,2.46099
118,Farmers always,dua_ctx,0.7,1,165,0.70499,0.29371,4.73099,4.6423,0.0526,0.67056,0.37685,0.30232,0.63238,3.7963
118,Farmers always,dua_ctx,0.9,1,198,0.90185,0.24616,6.73099,6.62111,0.07787,0.67056,0.4244,0.39928,0.9646,5.3671
118,Farmers always,dua_ctx,0.99,1,224,0.99029,0.22623,8.13143,8.01109,0.17694,0.67056,0.44433,0.4473,1.18973,6.49439
118,Farmers always,euc_unemb,0.3,1,9,0.3359,0.48902,0.30754,0.3145,0.17046,0.67056,0.18154,0.0671,0.13697,0.10347
118,Farmers always,euc_unemb,0.5,1,11,0.6005,0.53246,0.50729,0.51277,0.19489,0.67056,0.1381,0.0393,0.30075,0.16724
118,Farmers always,euc_unemb,0.7,1,12,0.72033,0.57304,0.64118,0.64515,0.19736,0.67056,0.09752,0.01996,0.41129,0.20993
118,Farmers always,euc_unemb,0.9,1,15,0.92658,0.70981,1.14956,1.146,0.20927,0.67056,0.03925,0.00365,0.7446,0.40131
118,Farmers always,euc_unemb,0.99,1,20,0.99388,0.81864,2.10476,2.08301,0.21267,0.67056,0.14808,0.06285,1.07298,0.96894
118,Farmers always,cau_unemb,0.3,1,10,0.39254,0.48767,0.32936,0.33657,0.17597,0.67056,0.18288,0.06808,0.14541,0.11588
118,Farmers always,cau_unemb,0.5,1,11,0.51957,0.50827,0.41694,0.42358,0.17984,0.67056,0.16229,0.05386,0.22031,0.14277
118,Farmers always,cau_unemb,0.7,1,13,0.74961,0.58696,0.64683,0.65101,0.18673,0.67056,0.0836,0.01479,0.4215,0.21054
118,Farmers always,cau_unemb,0.9,1,16,0.93028,0.73402,1.09363,1.09087,0.19061,0.67056,0.06346,0.00986,0.72159,0.36218
118,Farmers always,cau_unemb,0.99,1,21,0.99319,0.86521,1.91144,1.89215,0.19665,0.67056,0.19465,0.12352,0.98686,0.80107
118,Farmers always,dua_unemb,0.3,1,17,0.31273,0.62928,0.16694,0.16963,0.0088,0.67056,0.04128,0.00371,0.01851,0.14472
118,Farmers always,dua_unemb,0.5,1,24,0.50584,0.63476,0.39218,0.38725,0.01195,0.67056,0.0358,0.00281,0.04756,0.34181
118,Farmers always,dua_unemb,0.7,1,35,0.70774,0.64862,0.94743,0.92408,0.02167,0.67056,0.02194,0.00107,0.12051,0.82585
118,Farmers always,dua_unemb,0.9,1,54,0.90487,0.66835,2.49329,2.42696,0.04058,0.67056,0.00221,1e-05,0.28108,2.2122
118,Farmers always,dua_unemb,0.99,1,69,0.99261,0.67141,4.16973,4.06952,0.04825,0.67056,0.00085,0.0,0.42113,3.7486
118,Farmers always,euc_dmd,0.3,1,11,0.35567,0.38641,1.0026,1.01131,0.24267,0.67056,0.28415,0.16473,0.58728,0.25059
118,Farmers always,euc_dmd,0.5,1,13,0.54776,0.38248,1.36433,1.37111,0.23538,0.67056,0.28807,0.16947,0.81748,0.37737
118,Farmers always,euc_dmd,0.7,1,15,0.71867,0.38448,1.77873,1.78211,0.2317,0.67056,0.28608,0.16706,1.06139,0.55028
118,Farmers always,euc_dmd,0.9,1,19,0.91155,0.3596,2.78967,2.78235,0.20038,0.67056,0.31096,0.19886,1.54908,1.04173
118,Farmers always,euc_dmd,0.99,1,27,0.99244,0.21184,5.13273,5.09577,0.2167,0.67056,0.45872,0.4853,2.30523,2.34221
118,Farmers always,cau_dmd,0.3,1,14,0.3555,0.29467,1.32207,1.33225,0.19912,0.67056,0.37588,0.30057,0.73089,0.29061
118,Farmers always,cau_dmd,0.5,1,16,0.50724,0.2463,1.74809,1.75579,0.19704,0.67056,0.42426,0.39897,0.90096,0.44817
118,Farmers always,cau_dmd,0.7,1,19,0.71727,0.16609,2.59608,2.59691,0.20961,0.67056,0.50446,0.62984,1.17643,0.78981
118,Farmers always,cau_dmd,0.9,1,24,0.91402,0.06649,4.41088,4.3942,0.22103,0.67056,0.60407,1.2066,1.66223,1.54205
118,Farmers always,cau_dmd,0.99,1,33,0.99193,0.01023,7.87195,7.81752,0.22508,0.67056,0.66032,2.44224,2.37229,3.05741
118,Farmers always,dua_dmd,0.3,1,18,0.32853,0.46178,0.49914,0.50572,0.1459,0.67056,0.20878,0.08842,0.1162,0.29452
118,Farmers always,dua_dmd,0.5,1,23,0.5341,0.3999,0.87676,0.88066,0.20242,0.67056,0.27066,0.14905,0.25184,0.47587
118,Farmers always,dua_dmd,0.7,1,28,0.71064,0.36293,1.31181,1.31149,0.17835,0.67056,0.30763,0.1944,0.42478,0.69263
118,Farmers always,dua_dmd,0.9,1,38,0.90071,0.33958,2.19719,2.18641,0.18911,0.67056,0.33098,0.22713,0.77241,1.19765
118,Farmers always,dua_dmd,0.99,1,54,0.99137,0.34492,3.69827,3.66449,0.19986,0.67056,0.32564,0.21934,1.17546,2.30347
121,"Today, People often",euc_ctx,0.3,1,33,0.31464,0.40728,0.74643,0.75717,0.13571,0.66114,0.25386,0.13083,0.18526,0.43034
121,"Today, People often",euc_ctx,0.5,1,38,0.53272,0.3672,1.07953,1.08764,0.1817,0.66114,0.29394,0.17714,0.26709,0.6353
121,"Today, People often",euc_ctx,0.7,1,43,0.733,0.35103,1.42781,1.43181,0.18801,0.66114,0.31012,0.19838,0.35132,0.87811
121,"Today, People often",euc_ctx,0.9,1,51,0.91199,0.35732,1.95845,1.95383,0.18604,0.66114,0.30382,0.18993,0.44823,1.32029
121,"Today, People often",euc_ctx,0.99,1,67,0.99073,0.39041,2.99216,2.96716,0.19492,0.66114,0.27073,0.14929,0.53975,2.30313
121,"Today, People often",cau_ctx,0.3,1,72,0.30803,0.38765,1.16433,1.16998,0.07451,0.66114,0.27349,0.15245,0.25369,0.75819
121,"Today, People often",cau_ctx,0.5,1,82,0.5078,0.29926,1.65975,1.66068,0.11865,0.66114,0.36188,0.27785,0.31193,1.06997
121,"Today, People often",cau_ctx,0.7,1,92,0.70167,0.23624,2.21502,2.20963,0.135,0.66114,0.4249,0.405,0.38993,1.42008
121,"Today, People often",cau_ctx,0.9,1,109,0.90121,0.17187,3.20131,3.18289,0.16153,0.66114,0.48927,0.58792,0.54155,2.07183
121,"Today, People often",cau_ctx,0.99,1,142,0.99031,0.09793,5.15384,5.10635,0.16645,0.66114,0.56321,0.93079,0.77783,3.44523
121,"Today, People often",dua_ctx,0.3,1,108,0.30169,0.45435,1.47814,1.453,0.02672,0.66114,0.2068,0.08657,0.17309,1.21849
121,"Today, People often",dua_ctx,0.5,1,142,0.50208,0.36665,2.78187,2.72907,0.05483,0.66114,0.29449,0.17785,0.39314,2.21088
121,"Today, People often",dua_ctx,0.7,1,169,0.70221,0.31018,4.20919,4.13211,0.07265,0.66114,0.35096,0.25948,0.6739,3.27581
121,"Today, People often",dua_ctx,0.9,1,198,0.90076,0.27133,5.86671,5.76656,0.07992,0.66114,0.38981,0.32939,0.94825,4.58907
121,"Today, People often",dua_ctx,0.99,1,222,0.99142,0.25763,7.19821,7.08402,0.08137,0.66114,0.40351,0.35733,1.13303,5.70786
121,"Today, People often",euc_unemb,0.3,1,13,0.38868,0.42285,0.46318,0.47396,0.16648,0.66114,0.23829,0.11504,0.14738,0.20075
121,"Today, People often",euc_unemb,0.5,1,14,0.51488,0.43669,0.53991,0.5501,0.16662,0.66114,0.22445,0.10198,0.19434,0.2436
121,"Today, People often",euc_unemb,0.7,1,16,0.74614,0.49245,0.72549,0.7331,0.17562,0.66114,0.16869,0.05785,0.30968,0.35796
121,"Today, People often",euc_unemb,0.9,1,19,0.92999,0.59221,1.1068,1.10717,0.17071,0.66114,0.06893,0.01005,0.47225,0.6245
121,"Today, People often",euc_unemb,0.99,1,24,0.99353,0.66376,1.94891,1.9321,0.1812,0.66114,0.00262,2e-05,0.64547,1.30343
121,"Today, People often",cau_unemb,0.3,1,13,0.31053,0.41752,0.39484,0.40721,0.15085,0.66114,0.24362,0.12032,0.11301,0.16152
121,"Today, People often",cau_unemb,0.5,1,15,0.54276,0.44395,0.53018,0.54192,0.16283,0.66114,0.21719,0.09547,0.20533,0.22938
121,"Today, People often",cau_unemb,0.7,1,17,0.75609,0.51028,0.6972,0.70682,0.16586,0.66114,0.15086,0.04645,0.3289,0.32185
121,"Today, People often",cau_unemb,0.9,1,20,0.92753,0.63349,1.02293,1.02647,0.15876,0.66114,0.02765,0.00166,0.49522,0.52605
121,"Today, People often",cau_unemb,0.99,1,25,0.99214,0.75049,1.73973,1.72843,0.15846,0.66114,0.08935,0.01992,0.65721,1.0626
121,"Today, People often",dua_unemb,0.3,1,19,0.31079,0.60811,0.17473,0.1799,0.01267,0.66114,0.05303,0.00601,0.01948,0.14924
121,"Today, People often",dua_unemb,0.5,1,25,0.52118,0.61186,0.35948,0.36006,0.0171,0.66114,0.04928,0.0052,0.04509,0.30919
121,"Today, People often",dua_unemb,0.7,1,32,0.71295,0.62099,0.68098,0.67285,0.02255,0.66114,0.04015,0.00348,0.08493,0.59258
121,"Today, People often",dua_unemb,0.9,1,43,0.90835,0.63425,1.45451,1.42638,0.04811,0.66114,0.02689,0.00158,0.15293,1.30001
121,"Today, People often",dua_unemb,0.99,1,54,0.99136,0.64528,2.65927,2.60293,0.06961,0.66114,0.01586,0.00055,0.21271,2.44601
121,"Today, People often",euc_dmd,0.3,1,16,0.33127,0.29733,1.30526,1.31597,0.17826,0.66114,0.36381,0.28121,0.51384,0.51022
121,"Today, People often",euc_dmd,0.5,1,18,0.50412,0.27019,1.68139,1.68974,0.17826,0.66114,0.39095,0.33164,0.66771,0.68205
121,"Today, People often",euc_dmd,0.7,1,21,0.74085,0.24528,2.32141,2.32416,0.17522,0.66114,0.41586,0.38422,0.93442,1.00277
121,"Today, People often",euc_dmd,0.9,1,25,0.91308,0.21861,3.24925,3.24148,0.18286,0.66114,0.44253,0.44856,1.26876,1.53193
121,"Today, People often",euc_dmd,0.99,1,33,0.99139,0.14436,5.29198,5.25748,0.18237,0.66114,0.51678,0.69214,1.80594,2.7939
121,"Today, People often",cau_dmd,0.3,1,20,0.3019,0.23005,1.45167,1.46422,0.16563,0.66114,0.43109,0.41984,0.49463,0.5372
121,"Today, People often",cau_dmd,0.5,1,23,0.51073,0.15812,2.13078,2.13874,0.183,0.66114,0.50302,0.63744,0.667,0.82634
121,"Today, People often",cau_dmd,0.7,1,26,0.71243,0.1019,2.99964,3.00031,0.18097,0.66114,0.55924,0.90604,0.89416,1.19944
121,"Today, People often",cau_dmd,0.9,1,31,0.9102,0.04647,4.65581,4.64038,0.18199,0.66114,0.61467,1.40481,1.31158,1.93941
121,"Today, People often",cau_dmd,0.99,1,40,0.9917,0.01078,7.76125,7.71183,0.17376,0.66114,0.65036,2.35824,1.98237,3.42064
121,"Today, People often",dua_dmd,0.3,1,26,0.31386,0.45934,0.84096,0.84814,0.03986,0.66114,0.2018,0.08245,0.32518,0.43333
121,"Today, People often",dua_dmd,0.5,1,36,0.5123,0.41443,1.50252,1.50496,0.06642,0.66114,0.24671,0.12344,0.57124,0.80784
121,"Today, People often",dua_dmd,0.7,1,46,0.7036,0.38611,2.22237,2.21751,0.08443,0.66114,0.27503,0.15423,0.77732,1.29083
121,"Today, People often",dua_dmd,0.9,1,60,0.90853,0.37043,3.38894,3.36994,0.08348,0.66114,0.29071,0.17309,1.04846,2.16739
121,"Today, People often",dua_dmd,0.99,1,80,0.99003,0.38412,5.29327,5.24705,0.08944,0.66114,0.27702,0.15655,1.38908,3.74765
33,"Lately, Most doctors now",euc_ctx,0.3,1,15,0.34253,0.22976,0.33206,0.33816,0.05777,0.31316,0.08339,0.01826,0.02889,0.2849
33,"Lately, Most doctors now",euc_ctx,0.5,1,19,0.53511,0.21581,0.60027,0.60574,0.18266,0.31316,0.09735,0.02555,0.06362,0.5111
33,"Lately, Most doctors now",euc_ctx,0.7,1,23,0.71716,0.21056,0.95493,0.95861,0.24486,0.31316,0.1026,0.02868,0.11546,0.81079
33,"Lately, Most doctors now",euc_ctx,0.9,1,30,0.90881,0.21533,1.71935,1.71781,0.29935,0.31316,0.09783,0.02583,0.22164,1.47189
33,"Lately, Most doctors now",euc_ctx,0.99,1,43,0.99137,0.23113,3.30053,3.28596,0.34364,0.31316,0.08203,0.01763,0.35359,2.92931
33,"Lately, Most doctors now",cau_ctx,0.3,1,30,0.31071,0.18423,0.38381,0.38698,0.05741,0.31316,0.12892,0.04798,0.03111,0.30472
33,"Lately, Most doctors now",cau_ctx,0.5,1,39,0.51108,0.15298,0.73519,0.73647,0.18148,0.31316,0.16017,0.08036,0.06919,0.58563
33,"Lately, Most doctors now",cau_ctx,0.7,1,48,0.70647,0.12832,1.22272,1.22047,0.20315,0.31316,0.18484,0.1157,0.13033,0.97669
33,"Lately, Most doctors now",cau_ctx,0.9,1,63,0.90442,0.09762,2.25301,2.24207,0.26778,0.31316,0.21554,0.17756,0.26131,1.81414
33,"Lately, Most doctors now",cau_ctx,0.99,1,90,0.99023,0.05872,4.34716,4.31669,0.33973,0.31316,0.25444,0.30776,0.45705,3.58236
33,"Lately, Most doctors now",dua_ctx,0.3,1,62,0.30268,0.24127,0.40437,0.39824,0.02958,0.31316,0.07189,0.0133,0.02484,0.36623
33,"Lately, Most doctors now",dua_ctx,0.5,1,93,0.5036,0.19402,0.9173,0.89581,0.04176,0.31316,0.11913,0.04006,0.06577,0.81147
33,"Lately, Most doctors now",dua_ctx,0.7,1,120,0.7055,0.15608,1.60514,1.566,0.05461,0.31316,0.15708,0.07661,0.13413,1.3944
33,"Lately, Most doctors now",dua_ctx,0.9,1,152,0.90296,0.12146,2.87049,2.8076,0.06175,0.31316,0.19169,0.12752,0.31044,2.43253
33,"Lately, Most doctors now",dua_ctx,0.99,1,182,0.99004,0.10167,4.36849,4.28559,0.11044,0.31316,0.21149,0.16793,0.57596,3.6246
33,"Lately, Most doctors now",euc_unemb,0.3,1,6,0.36788,0.27104,0.15201,0.15775,0.0091,0.31316,0.04212,0.00436,0.02706,0.1206
33,"Lately, Most doctors now",euc_unemb,0.5,1,8,0.62203,0.29977,0.35234,0.35777,0.02698,0.31316,0.01338,0.00042,0.07436,0.27755
33,"Lately, Most doctors now",euc_unemb,0.7,1,9,0.73489,0.32344,0.50479,0.50933,0.16624,0.31316,0.01028,0.00024,0.10764,0.3969
33,"Lately, Most doctors now",euc_unemb,0.9,1,12,0.93012,0.40023,1.17106,1.17011,0.28487,0.31316,0.08708,0.01628,0.21094,0.94384
33,"Lately, Most doctors now",euc_unemb,0.99,1,16,0.99086,0.45762,2.34667,2.33419,0.34732,0.31316,0.14446,0.0434,0.29482,2.00844
33,"Lately, Most doctors now",cau_unemb,0.3,1,6,0.32082,0.25564,0.12457,0.13,0.00736,0.31316,0.05751,0.00831,0.01875,0.09751
33,"Lately, Most doctors now",cau_unemb,0.5,1,8,0.55344,0.2759,0.26022,0.26589,0.01583,0.31316,0.03725,0.00338,0.0534,0.20344
33,"Lately, Most doctors now",cau_unemb,0.7,1,10,0.76509,0.32583,0.48239,0.48698,0.18044,0.31316,0.01268,0.00037,0.10895,0.37307
33,"Lately, Most doctors now",cau_unemb,0.9,1,13,0.93284,0.42754,0.99835,0.99862,0.28522,0.31316,0.11438,0.02762,0.19355,0.77717
33,"Lately, Most doctors now",cau_unemb,0.99,1,18,0.99358,0.54849,2.1898,2.17808,0.34386,0.31316,0.23533,0.11262,0.26466,1.81252
33,"Lately, Most doctors now",dua_unemb,0.3,1,11,0.33164,0.3035,0.10148,0.10331,0.00336,0.31316,0.00966,0.00022,0.0144,0.08685
33,"Lately, Most doctors now",dua_unemb,0.5,1,17,0.52014,0.31061,0.22969,0.22796,0.0078,0.31316,0.00254,2e-05,0.03666,0.19302
33,"Lately, Most doctors now",dua_unemb,0.7,1,25,0.7135,0.32297,0.47581,0.46614,0.01582,0.31316,0.00981,0.00022,0.07655,0.39904
33,"Lately, Most doctors now",dua_unemb,0.9,1,38,0.90895,0.34657,1.05605,1.02797,0.05608,0.31316,0.03342,0.00251,0.14681,0.90672
33,"Lately, Most doctors now",dua_unemb,0.99,1,54,0.99042,0.37428,2.17705,2.11874,0.20315,0.31316,0.06113,0.00818,0.21859,1.95028
33,"Lately, Most doctors now",euc_dmd,0.3,1,7,0.3657,0.17207,0.61875,0.62398,0.1759,0.31316,0.14108,0.0592,0.08356,0.476
33,"Lately, Most doctors now",euc_dmd,0.5,1,9,0.57282,0.13291,1.1507,1.15333,0.24509,0.31316,0.18024,0.10832,0.15208,0.8903
33,"Lately, Most doctors now",euc_dmd,0.7,1,11,0.75411,0.10178,1.82845,1.8266,0.28694,0.31316,0.21138,0.16767,0.2335,1.42727
33,"Lately, Most doctors now",euc_dmd,0.9,1,14,0.91083,0.06873,2.99184,2.98104,0.33118,0.31316,0.24443,0.26581,0.34817,2.37786
33,"Lately, Most doctors now",euc_dmd,0.99,1,21,0.99246,0.02727,5.91566,5.87994,0.34702,0.31316,0.28588,0.52532,0.53856,4.85177
33,"Lately, Most doctors now",cau_dmd,0.3,1,9,0.36981,0.11629,0.84708,0.85012,0.17696,0.31316,0.19686,0.13711,0.11746,0.59251
33,"Lately, Most doctors now",cau_dmd,0.5,1,11,0.53073,0.07641,1.43796,1.4372,0.18372,0.31316,0.23674,0.23831,0.17476,1.02489
33,"Lately, Most doctors now",cau_dmd,0.7,1,14,0.74939,0.03753,2.55983,2.55046,0.2441,0.31316,0.27562,0.43261,0.27081,1.85641
33,"Lately, Most doctors now",cau_dmd,0.9,1,18,0.91444,0.01493,4.22398,4.20058,0.30848,0.31316,0.29823,0.7054,0.39686,3.12172
33,"Lately, Most doctors now",cau_dmd,0.99,1,26,0.9919,0.00285,7.60901,7.5555,0.34167,0.31316,0.31031,1.21597,0.61751,5.77554
33,"Lately, Most doctors now",dua_dmd,0.3,1,11,0.31704,0.22406,0.20528,0.20934,0.01662,0.31316,0.08909,0.02107,0.05597,0.12824
33,"Lately, Most doctors now",dua_dmd,0.5,1,16,0.5143,0.19719,0.43353,0.43643,0.0305,0.31316,0.11597,0.03769,0.16035,0.23549
33,"Lately, Most doctors now",dua_dmd,0.7,1,22,0.70817,0.18161,0.75471,0.75496,0.03919,0.31316,0.13155,0.05027,0.31964,0.3848
33,"Lately, Most doctors now",dua_dmd,0.9,1,31,0.91186,0.17406,1.25561,1.24969,0.07873,0.31316,0.1391,0.05725,0.50569,0.69266
33,"Lately, Most doctors now",dua_dmd,0.99,1,43,0.99105,0.18035,2.15324,2.13539,0.08857,0.31316,0.13281,0.05139,0.70637,1.39548
221,"Over time, Parents just",euc_ctx,0.3,1,26,0.32638,0.31259,1.14005,1.14682,0.3505,0.53665,0.22406,0.10727,0.34685,0.68593
221,"Over time, Parents just",euc_ctx,0.5,1,31,0.51285,0.28606,1.67127,1.67541,0.37864,0.53665,0.25059,0.13731,0.54694,0.98701
221,"Over time, Parents just",euc_ctx,0.7,1,37,0.71593,0.28117,2.35574,2.35545,0.40248,0.53665,0.25548,0.14341,0.82187,1.39046
221,"Over time, Parents just",euc_ctx,0.9,1,47,0.90745,0.31536,3.43824,3.42863,0.40915,0.53665,0.22129,0.10441,1.20739,2.12644
221,"Over time, Parents just",euc_ctx,0.99,1,65,0.99012,0.41988,5.20811,5.17862,0.41399,0.53665,0.11677,0.02754,1.61818,3.5624
221,"Over time, Parents just",cau_ctx,0.3,1,53,0.30548,0.20945,1.92797,1.92976,0.38629,0.53665,0.3272,0.25738,0.50621,1.16439
221,"Over time, Parents just",cau_ctx,0.5,1,65,0.51034,0.14397,2.94585,2.94124,0.39969,0.53665,0.39268,0.42168,0.79568,1.7285
221,"Over time, Parents just",cau_ctx,0.7,1,77,0.70347,0.10627,4.01403,4.00161,0.408,0.53665,0.43038,0.56466,1.10728,2.34209
221,"Over time, Parents just",cau_ctx,0.9,1,98,0.90572,0.07375,5.78147,5.7535,0.41528,0.53665,0.4629,0.74414,1.55084,3.48649
221,"Over time, Parents just",cau_ctx,0.99,1,134,0.99063,0.0471,8.65947,8.6022,0.4159,0.53665,0.48955,0.97159,2.12174,5.56613
221,"Over time, Parents just",dua_ctx,0.3,1,108,0.30142,0.39368,1.10646,1.06427,0.02969,0.53665,0.14297,0.04165,0.16075,0.90405
221,"Over time, Parents just",dua_ctx,0.5,1,176,0.50227,0.33987,3.13768,3.04585,0.05814,0.53665,0.19678,0.08113,0.52094,2.53561
221,"Over time, Parents just",dua_ctx,0.7,1,235,0.70336,0.29958,5.47935,5.36394,0.12939,0.53665,0.23707,0.12139,0.90334,4.45462
221,"Over time, Parents just",dua_ctx,0.9,1,283,0.9016,0.26616,8.20756,8.08134,0.13666,0.53665,0.27049,0.16328,1.2164,6.82788
221,"Over time, Parents just",dua_ctx,0.99,1,311,0.99071,0.25161,9.76967,9.63914,0.13738,0.53665,0.28504,0.18434,1.36652,8.21882
221,"Over time, Parents just",euc_unemb,0.3,1,10,0.33404,0.48592,0.40319,0.41065,0.06358,0.53665,0.05074,0.00515,0.14738,0.25066
221,"Over time, Parents just",euc_unemb,0.5,1,12,0.56639,0.52522,0.68046,0.68648,0.09244,0.53665,0.01143,0.00026,0.28593,0.39427
221,"Over time, Parents just",euc_unemb,0.7,1,14,0.77164,0.58933,1.09132,1.09401,0.31544,0.53665,0.05268,0.00567,0.48862,0.59703
221,"Over time, Parents just",euc_unemb,0.9,1,17,0.93261,0.682,1.88777,1.88228,0.34911,0.53665,0.14534,0.04579,0.81028,1.0317
221,"Over time, Parents just",euc_unemb,0.99,1,22,0.99283,0.7604,3.31629,3.29297,0.37587,0.53665,0.22375,0.11856,1.17744,2.02029
221,"Over time, Parents just",cau_unemb,0.3,1,11,0.36984,0.41572,0.48304,0.49074,0.07194,0.53665,0.12094,0.02958,0.1801,0.27336
221,"Over time, Parents just",cau_unemb,0.5,1,13,0.58525,0.44834,0.73383,0.74028,0.08878,0.53665,0.08831,0.01566,0.31546,0.40272
221,"Over time, Parents just",cau_unemb,0.7,1,15,0.77009,0.50656,1.06193,1.0657,0.31129,0.53665,0.03009,0.00181,0.4856,0.57452
221,"Over time, Parents just",cau_unemb,0.9,1,18,0.92273,0.60116,1.65689,1.65412,0.34668,0.53665,0.06451,0.00855,0.71891,0.92944
221,"Over time, Parents just",cau_unemb,0.99,1,24,0.99287,0.70025,3.00404,2.98311,0.37349,0.53665,0.1636,0.059,1.00278,1.94226
221,"Over time, Parents just",dua_unemb,0.3,1,19,0.3134,0.53446,0.22816,0.22288,0.01725,0.53665,0.00219,1e-05,0.05893,0.16922
221,"Over time, Parents just",dua_unemb,0.5,1,33,0.50991,0.57392,0.78709,0.75967,0.02286,0.53665,0.03727,0.00282,0.14413,0.64014
221,"Over time, Parents just",dua_unemb,0.7,1,55,0.70264,0.62287,2.01341,1.9421,0.04032,0.53665,0.08622,0.01544,0.28477,1.71319
221,"Over time, Parents just",dua_unemb,0.9,1,87,0.90162,0.66853,3.78846,3.66979,0.10432,0.53665,0.13188,0.03727,0.56827,3.18291
221,"Over time, Parents just",dua_unemb,0.99,1,111,0.99128,0.70241,5.09398,4.95809,0.13784,0.53665,0.16576,0.0607,0.91842,4.11485
221,"Over time, Parents just",euc_dmd,0.3,1,12,0.31736,0.24625,1.70714,1.71421,0.38484,0.53665,0.2904,0.1926,0.6931,0.82145
221,"Over time, Parents just",euc_dmd,0.5,1,15,0.53448,0.19557,2.67836,2.68031,0.39806,0.53665,0.34108,0.2861,1.06939,1.32287
221,"Over time, Parents just",euc_dmd,0.7,1,18,0.73155,0.15636,3.76073,3.75529,0.40462,0.53665,0.38029,0.38412,1.45385,1.92275
221,"Over time, Parents just",euc_dmd,0.9,1,23,0.91845,0.10698,5.63701,5.61575,0.41031,0.53665,0.42967,0.56143,1.99902,3.07656
221,"Over time, Parents just",euc_dmd,0.99,1,31,0.99113,0.05433,8.78511,8.73411,0.41424,0.53665,0.48233,0.89856,2.76892,5.11763
221,"Over time, Parents just",cau_dmd,0.3,1,15,0.33357,0.14254,2.33688,2.34355,0.3881,0.53665,0.39411,0.42626,0.71321,1.19741
221,"Over time, Parents just",cau_dmd,0.5,1,18,0.52045,0.07806,3.53237,3.53189,0.39925,0.53665,0.4586,0.71583,1.00854,1.80799
221,"Over time, Parents just",cau_dmd,0.7,1,22,0.74734,0.03242,5.33004,5.31664,0.40697,0.53665,0.50424,1.16505,1.40663,2.75835
221,"Over time, Parents just",cau_dmd,0.9,1,27,0.91123,0.01127,7.5994,7.56724,0.41228,0.53665,0.52538,1.72191,1.8278,4.04969
221,"Over time, Parents just",cau_dmd,0.99,1,36,0.9901,0.00201,11.62255,11.55469,0.41555,0.53665,0.53464,2.64249,2.52277,6.4573
221,"Over time, Parents just",dua_dmd,0.3,1,22,0.30112,0.40519,0.65037,0.65105,0.02754,0.53665,0.13146,0.03507,0.23074,0.38457
221,"Over time, Parents just",dua_dmd,0.5,1,36,0.50862,0.3916,1.44945,1.43706,0.07035,0.53665,0.14505,0.04291,0.41813,0.98841
221,"Over time, Parents just",dua_dmd,0.7,1,51,0.70434,0.38867,2.51812,2.48738,0.10444,0.53665,0.14798,0.04471,0.66152,1.81189
221,"Over time, Parents just",dua_dmd,0.9,1,69,0.90233,0.39163,4.15756,4.10407,0.26807,0.53665,0.14502,0.04289,1.04011,3.07456
221,"Over time, Parents just",dua_dmd,0.99,1,93,0.99044,0.42312,7.00547,6.92621,0.36135,0.53665,0.11353,0.02601,1.41814,5.56132
138,"Honestly, People generally",euc_ctx,0.3,1,28,0.316,0.33617,1.30234,1.30947,0.30735,0.50807,0.1719,0.06241,0.31636,0.92356
138,"Honestly, People generally",euc_ctx,0.5,1,33,0.51265,0.31532,1.81505,1.81908,0.34006,0.50807,0.19276,0.07973,0.43213,1.3032
138,"Honestly, People generally",euc_ctx,0.7,1,39,0.72551,0.31869,2.43435,2.43321,0.32742,0.50807,0.18938,0.07676,0.54415,1.81345
138,"Honestly, People generally",euc_ctx,0.9,1,48,0.90571,0.35523,3.37289,3.36187,0.32551,0.50807,0.15284,0.04872,0.66035,2.66382
138,"Honestly, People generally",euc_ctx,0.99,1,66,0.99106,0.43185,5.42264,5.38779,0.32382,0.50807,0.07622,0.01172,0.84736,4.56356
138,"Honestly, People generally",cau_ctx,0.3,1,58,0.30841,0.31044,1.95193,1.95661,0.33285,0.50807,0.19763,0.08416,0.41733,1.45044
138,"Honestly, People generally",cau_ctx,0.5,1,69,0.51846,0.23055,2.83935,2.83782,0.32592,0.50807,0.27752,0.1814,0.55062,2.10733
138,"Honestly, People generally",cau_ctx,0.7,1,80,0.71349,0.17644,3.78315,3.7736,0.31956,0.50807,0.33163,0.28386,0.6644,2.83489
138,"Honestly, People generally",cau_ctx,0.9,1,98,0.90258,0.12289,5.39749,5.3725,0.31861,0.50807,0.38519,0.43666,0.84093,4.11991
138,"Honestly, People generally",cau_ctx,0.99,1,132,0.99034,0.06454,8.63144,8.57362,0.32066,0.50807,0.44353,0.73214,1.18637,6.71293
138,"Honestly, People generally",dua_ctx,0.3,1,79,0.30506,0.36135,0.86774,0.84957,0.02965,0.50807,0.14672,0.04473,0.09477,0.72823
138,"Honestly, People generally",dua_ctx,0.5,1,110,0.50178,0.29676,1.83157,1.78623,0.03471,0.50807,0.21131,0.09739,0.23212,1.50206
138,"Honestly, People generally",dua_ctx,0.7,1,137,0.70199,0.24817,2.98903,2.91713,0.07006,0.50807,0.25991,0.15538,0.42002,2.41363
138,"Honestly, People generally",dua_ctx,0.9,1,168,0.9012,0.21372,4.49607,4.39954,0.07315,0.50807,0.29435,0.20927,0.71824,3.56856
138,"Honestly, People generally",dua_ctx,0.99,1,201,0.99055,0.20321,6.03226,5.91883,0.0795,0.50807,0.30487,0.22836,1.01564,4.78826
138,"Honestly, People generally",euc_unemb,0.3,1,11,0.3881,0.45428,0.49825,0.50703,0.21663,0.50807,0.05379,0.00581,0.20141,0.29103
138,"Honestly, People generally",euc_unemb,0.5,1,12,0.51268,0.48379,0.60889,0.61697,0.21843,0.50807,0.02428,0.00118,0.24376,0.36394
138,"Honestly, People generally",euc_unemb,0.7,1,14,0.74017,0.56716,0.90475,0.90986,0.2879,0.50807,0.05909,0.00705,0.33874,0.55896
138,"Honestly, People generally",euc_unemb,0.9,1,17,0.92461,0.68691,1.57514,1.57193,0.30121,0.50807,0.17884,0.06905,0.48927,1.01683
138,"Honestly, People generally",euc_unemb,0.99,1,22,0.99243,0.76329,3.04166,3.01906,0.30717,0.50807,0.25521,0.15304,0.70321,2.1854
138,"Honestly, People generally",cau_unemb,0.3,1,11,0.30676,0.38455,0.48815,0.49743,0.21108,0.50807,0.12352,0.03132,0.16462,0.29222
138,"Honestly, People generally",cau_unemb,0.5,1,13,0.53307,0.42379,0.68372,0.69208,0.25372,0.50807,0.08428,0.01436,0.24137,0.42799
138,"Honestly, People generally",cau_unemb,0.7,1,15,0.74247,0.50096,0.93141,0.93733,0.28878,0.50807,0.00711,0.0001,0.32711,0.6042
138,"Honestly, People generally",cau_unemb,0.9,1,18,0.91773,0.63718,1.45839,1.45762,0.30514,0.50807,0.12911,0.03471,0.45287,0.9708
138,"Honestly, People generally",cau_unemb,0.99,1,24,0.99344,0.77698,2.94693,2.92618,0.31367,0.50807,0.2689,0.17332,0.66274,2.11087
138,"Honestly, People generally",dua_unemb,0.3,1,16,0.32971,0.48188,0.13835,0.13963,0.01707,0.50807,0.02619,0.00137,0.0281,0.10887
138,"Honestly, People generally",dua_unemb,0.5,1,22,0.51077,0.49784,0.31025,0.30423,0.0215,0.50807,0.01023,0.00021,0.06474,0.2453
138,"Honestly, People generally",dua_unemb,0.7,1,31,0.70566,0.52093,0.67306,0.65151,0.0256,0.50807,0.01285,0.00033,0.13095,0.54178
138,"Honestly, People generally",dua_unemb,0.9,1,44,0.90702,0.54897,1.39734,1.34749,0.03217,0.50807,0.0409,0.00336,0.2462,1.14778
138,"Honestly, People generally",dua_unemb,0.99,1,59,0.99149,0.58636,2.54318,2.45715,0.04114,0.50807,0.07829,0.01246,0.36741,2.16332
138,"Honestly, People generally",euc_dmd,0.3,1,14,0.32327,0.17568,2.3862,2.38864,0.3278,0.50807,0.33239,0.2856,0.64763,1.45297
138,"Honestly, People generally",euc_dmd,0.5,1,17,0.55164,0.14134,3.25654,3.25295,0.32731,0.50807,0.36673,0.37604,0.82111,2.0594
138,"Honestly, People generally",euc_dmd,0.7,1,20,0.75525,0.12531,4.15155,4.14048,0.33038,0.50807,0.38276,0.42809,0.99325,2.73021
138,"Honestly, People generally",euc_dmd,0.9,1,24,0.91243,0.11276,5.44485,5.42172,0.32873,0.50807,0.39532,0.47472,1.24383,3.72631
138,"Honestly, People generally",euc_dmd,0.99,1,32,0.99192,0.07655,8.47171,8.4188,0.32845,0.50807,0.43152,0.65179,1.80726,6.01267
138,"Honestly, People generally",cau_dmd,0.3,1,17,0.36117,0.14171,2.76174,2.7682,0.32805,0.50807,0.36637,0.37493,0.69065,1.69616
138,"Honestly, People generally",cau_dmd,0.5,1,19,0.50611,0.10713,3.41965,3.42201,0.32948,0.50807,0.40094,0.49762,0.79872,2.12331
138,"Honestly, People generally",cau_dmd,0.7,1,22,0.71352,0.06953,4.53876,4.53298,0.32933,0.50807,0.43854,0.69695,0.98658,2.85523
138,"Honestly, People generally",cau_dmd,0.9,1,27,0.91695,0.033,6.68503,6.6616,0.33262,0.50807,0.47507,1.05663,1.36337,4.26503
138,"Honestly, People generally",cau_dmd,0.99,1,35,0.99215,0.0093,10.4834,10.42645,0.33229,0.50807,0.49878,1.68841,2.02475,6.77024
138,"Honestly, People generally",dua_dmd,0.3,1,16,0.32576,0.34905,0.50079,0.50693,0.04163,0.50807,0.15902,0.05295,0.17297,0.27487
138,"Honestly, People generally",dua_dmd,0.5,1,22,0.52115,0.31994,0.97728,0.97951,0.04471,0.50807,0.18813,0.07567,0.39505,0.50656
138,"Honestly, People generally",dua_dmd,0.7,1,30,0.71077,0.30543,1.65578,1.64958,0.07262,0.50807,0.20264,0.08886,0.64899,0.91793
138,"Honestly, People generally",dua_dmd,0.9,1,42,0.90624,0.30167,2.84114,2.81762,0.0864,0.50807,0.2064,0.0925,0.98605,1.76259
138,"Honestly, People generally",dua_dmd,0.99,1,64,0.99083,0.33106,5.20664,5.14523,0.25857,0.50807,0.17701,0.06642,1.52054,3.61969
296,"At home, Both of them",euc_ctx,0.3,1,21,0.33479,0.11673,0.56425,0.57282,0.23937,0.194,0.07727,0.02477,0.03342,0.50606
296,"At home, Both of them",euc_ctx,0.5,1,25,0.51091,0.11706,0.8124,0.82079,0.29857,0.194,0.07694,0.02452,0.0502,0.73768
296,"At home, Both of them",euc_ctx,0.7,1,30,0.71617,0.13061,1.17572,1.18303,0.27989,0.194,0.06339,0.01573,0.07423,1.08575
296,"At home, Both of them",euc_ctx,0.9,1,38,0.90506,0.17795,1.87165,1.87551,0.34665,0.194,0.01605,0.00086,0.10917,1.76162
296,"At home, Both of them",euc_ctx,0.99,1,54,0.99004,0.30452,3.64878,3.64095,0.36027,0.194,0.11052,0.0314,0.1585,3.45888
296,"At home, Both of them",cau_ctx,0.3,1,41,0.30331,0.10381,0.6601,0.66655,0.24076,0.194,0.09019,0.03581,0.03519,0.5891
296,"At home, Both of them",cau_ctx,0.5,1,51,0.51772,0.09282,1.09079,1.09564,0.21943,0.194,0.10119,0.04771,0.06247,0.98061
296,"At home, Both of them",cau_ctx,0.7,1,60,0.70136,0.08886,1.57864,1.58079,0.30519,0.194,0.10514,0.05265,0.09584,1.43015
296,"At home, Both of them",cau_ctx,0.9,1,77,0.90435,0.08684,2.71462,2.70896,0.34286,0.194,0.10716,0.05532,0.16214,2.49716
296,"At home, Both of them",cau_ctx,0.99,1,110,0.99041,0.07096,5.42061,5.39374,0.3598,0.194,0.12304,0.08061,0.26483,5.07516
296,"At home, Both of them",dua_ctx,0.3,1,40,0.3073,0.13741,0.19294,0.19378,0.00913,0.194,0.05659,0.01222,0.0202,0.16052
296,"At home, Both of them",dua_ctx,0.5,1,56,0.50825,0.12606,0.37349,0.36836,0.01378,0.194,0.06794,0.0184,0.03949,0.31561
296,"At home, Both of them",dua_ctx,0.7,1,78,0.70382,0.12433,0.70061,0.68303,0.21913,0.194,0.06967,0.0195,0.06357,0.61754
296,"At home, Both of them",dua_ctx,0.9,1,114,0.90403,0.12787,1.47083,1.42759,0.23459,0.194,0.06613,0.01731,0.11579,1.33772
296,"At home, Both of them",dua_ctx,0.99,1,150,0.99,0.13545,2.52758,2.46006,0.24611,0.194,0.05855,0.01317,0.17045,2.34396
296,"At home, Both of them",euc_unemb,0.3,1,8,0.31535,0.11235,0.12774,0.13256,0.2252,0.194,0.08165,0.0282,0.02091,0.07862
296,"At home, Both of them",euc_unemb,0.5,1,10,0.55102,0.13134,0.17497,0.18026,0.22479,0.194,0.06266,0.01533,0.03427,0.12536
296,"At home, Both of them",euc_unemb,0.7,1,12,0.76402,0.18395,0.24139,0.24658,0.22091,0.194,0.01005,0.00033,0.05395,0.18711
296,"At home, Both of them",euc_unemb,0.9,1,15,0.93145,0.34627,0.46904,0.47234,0.27037,0.194,0.15227,0.05637,0.09106,0.32161
296,"At home, Both of them",euc_unemb,0.99,1,20,0.99291,0.69222,1.45543,1.44898,0.33363,0.194,0.49822,0.52916,0.15481,0.77146
296,"At home, Both of them",cau_unemb,0.3,1,9,0.35089,0.08931,0.12857,0.13134,0.22521,0.194,0.10469,0.05207,0.01532,0.06118
296,"At home, Both of them",cau_unemb,0.5,1,11,0.5737,0.10128,0.15399,0.1568,0.22403,0.194,0.09272,0.03833,0.02385,0.0918
296,"At home, Both of them",cau_unemb,0.7,1,13,0.76894,0.13602,0.18155,0.18406,0.2198,0.194,0.05798,0.01289,0.03775,0.13091
296,"At home, Both of them",cau_unemb,0.9,1,16,0.92724,0.24741,0.2881,0.28911,0.21297,0.194,0.05341,0.00808,0.06671,0.21331
296,"At home, Both of them",cau_unemb,0.99,1,21,0.99129,0.55623,0.87621,0.87019,0.26139,0.194,0.36223,0.27666,0.11893,0.48062
296,"At home, Both of them",dua_unemb,0.3,1,11,0.3598,0.17664,0.03865,0.04143,0.00218,0.194,0.01737,0.00101,0.00956,0.02808
296,"At home, Both of them",dua_unemb,0.5,1,14,0.53593,0.18427,0.06806,0.06973,0.00342,0.194,0.00973,0.00031,0.01823,0.04951
296,"At home, Both of them",dua_unemb,0.7,1,18,0.71391,0.19906,0.11979,0.11871,0.00539,0.194,0.00506,8e-05,0.0314,0.08831
296,"At home, Both of them",dua_unemb,0.9,1,27,0.91272,0.24014,0.27755,0.26681,0.01822,0.194,0.04614,0.00612,0.06126,0.21016
296,"At home, Both of them",dua_unemb,0.99,1,39,0.99174,0.30078,0.56606,0.53834,0.22286,0.194,0.10678,0.02947,0.09513,0.44146
296,"At home, Both of them",euc_dmd,0.3,1,11,0.31229,0.0816,0.65568,0.66063,0.28281,0.194,0.11241,0.06279,0.11605,0.47684
296,"At home, Both of them",euc_dmd,0.5,1,14,0.52977,0.07606,1.04419,1.04724,0.26624,0.194,0.11794,0.07158,0.12392,0.84868
296,"At home, Both of them",euc_dmd,0.7,1,17,0.73005,0.07447,1.57209,1.57151,0.31847,0.194,0.11953,0.0743,0.1384,1.35939
296,"At home, Both of them",euc_dmd,0.9,1,22,0.91732,0.06921,2.79895,2.78852,0.3477,0.194,0.12479,0.08394,0.1924,2.52261
296,"At home, Both of them",euc_dmd,0.99,1,31,0.99225,0.0404,5.82402,5.78734,0.3576,0.194,0.15361,0.16382,0.33201,5.32819
296,"At home, Both of them",cau_dmd,0.3,1,14,0.30136,0.07926,0.94359,0.95089,0.21853,0.194,0.11474,0.06639,0.1558,0.7214
296,"At home, Both of them",cau_dmd,0.5,1,18,0.53102,0.05781,1.66415,1.66771,0.29688,0.194,0.13619,0.10905,0.16698,1.38812
296,"At home, Both of them",cau_dmd,0.7,1,22,0.74737,0.03639,2.76371,2.75946,0.32409,0.194,0.15761,0.18073,0.19807,2.38491
296,"At home, Both of them",cau_dmd,0.9,1,27,0.90843,0.01727,4.57196,4.55342,0.34884,0.194,0.17673,0.30946,0.27071,3.9918
296,"At home, Both of them",cau_dmd,0.99,1,37,0.99168,0.00335,8.80109,8.74759,0.36018,0.194,0.19065,0.61644,0.47708,7.70758
296,"At home, Both of them",dua_dmd,0.3,1,12,0.35197,0.11863,0.16072,0.16346,0.01554,0.194,0.07537,0.02336,0.0301,0.10725
296,"At home, Both of them",dua_dmd,0.5,1,15,0.54924,0.10865,0.24951,0.25122,0.02484,0.194,0.08535,0.03134,0.05683,0.16134
296,"At home, Both of them",dua_dmd,0.7,1,18,0.71722,0.10508,0.34142,0.3416,0.23099,0.194,0.08892,0.0346,0.08842,0.21839
296,"At home, Both of them",dua_dmd,0.9,1,25,0.91235,0.11279,0.53168,0.52721,0.23271,0.194,0.08121,0.02784,0.14565,0.35819
296,"At home, Both of them",dua_dmd,0.99,1,38,0.9906,0.14345,0.91296,0.89705,0.24128,0.194,0.05055,0.00954,0.2299,0.67353
181,"At home, I sometimes",euc_ctx,0.3,1,61,0.31008,0.13556,3.46055,3.4403,0.21083,0.7546,0.61904,0.98646,1.08576,1.38833
181,"At home, I sometimes",euc_ctx,0.5,1,68,0.51866,0.09957,3.79476,3.76475,0.20464,0.7546,0.65503,1.20932,0.87824,1.70721
181,"At home, I sometimes",euc_ctx,0.7,1,75,0.71697,0.08044,4.16879,4.12802,0.19582,0.7546,0.67416,1.36511,0.75751,2.04617
181,"At home, I sometimes",euc_ctx,0.9,1,86,0.90323,0.06801,4.832,4.77326,0.19399,0.7546,0.68659,1.48849,0.73935,2.60417
181,"At home, I sometimes",euc_ctx,0.99,1,108,0.99092,0.06058,6.30276,6.21036,0.1875,0.7546,0.69402,1.57384,0.98128,3.74763
181,"At home, I sometimes",cau_ctx,0.3,1,119,0.31242,0.02305,5.60147,5.55531,0.2036,0.7546,0.73155,2.29342,1.20392,2.10414
181,"At home, I sometimes",cau_ctx,0.5,1,131,0.51349,0.01054,6.52469,6.46424,0.20228,0.7546,0.74406,2.88054,1.12024,2.52391
181,"At home, I sometimes",cau_ctx,0.7,1,143,0.70899,0.00562,7.39566,7.32088,0.19574,0.7546,0.74899,3.35451,1.09295,2.9482
181,"At home, I sometimes",cau_ctx,0.9,1,162,0.90059,0.00267,8.7244,8.62823,0.19271,0.7546,0.75193,3.91498,1.19037,3.61905
181,"At home, I sometimes",cau_ctx,0.99,1,198,0.99046,0.00092,11.0301,10.90507,0.19949,0.7546,0.75369,4.72133,1.5787,4.73008
181,"At home, I sometimes",dua_ctx,0.3,1,105,0.30648,0.42226,1.61005,1.5711,0.0426,0.7546,0.33234,0.22797,0.26007,1.12201
181,"At home, I sometimes",dua_ctx,0.5,1,130,0.50903,0.33704,2.48719,2.42188,0.13625,0.7546,0.41757,0.36432,0.40756,1.7153
181,"At home, I sometimes",dua_ctx,0.7,1,150,0.70247,0.28194,3.28869,3.2017,0.14324,0.7546,0.47266,0.47943,0.54889,2.26037
181,"At home, I sometimes",dua_ctx,0.9,1,175,0.9003,0.23695,4.35166,4.24173,0.18726,0.7546,0.51766,0.59571,0.74976,3.00618
181,"At home, I sometimes",dua_ctx,0.99,1,201,0.99103,0.21894,5.4875,5.36157,0.20025,0.7546,0.53566,0.64963,0.99731,3.84056
181,"At home, I sometimes",euc_unemb,0.3,1,20,0.36911,0.4302,1.23516,1.24355,0.22118,0.7546,0.3244,0.21732,0.58131,0.43653
181,"At home, I sometimes",euc_unemb,0.5,1,22,0.60621,0.49312,1.26798,1.27336,0.20492,0.7546,0.26148,0.14303,0.59887,0.52609
181,"At home, I sometimes",euc_unemb,0.7,1,23,0.71339,0.53896,1.30612,1.30931,0.185,0.7546,0.21565,0.09922,0.62827,0.57863
181,"At home, I sometimes",euc_unemb,0.9,1,26,0.91248,0.68382,1.57563,1.56948,0.1054,0.7546,0.07078,0.01213,0.78069,0.78281
181,"At home, I sometimes",euc_unemb,0.99,1,31,0.99112,0.80116,2.4429,2.41522,0.20427,0.7546,0.04656,0.00645,1.12579,1.31067
181,"At home, I sometimes",cau_unemb,0.3,1,21,0.34038,0.38797,1.27189,1.28103,0.20314,0.7546,0.36663,0.27773,0.57986,0.4143
181,"At home, I sometimes",cau_unemb,0.5,1,23,0.55783,0.44257,1.27054,1.27742,0.19453,0.7546,0.31204,0.20132,0.5825,0.48673
181,"At home, I sometimes",cau_unemb,0.7,1,25,0.75325,0.53793,1.31155,1.31482,0.10243,0.7546,0.21668,0.10011,0.64216,0.56927
181,"At home, I sometimes",cau_unemb,0.9,1,28,0.91887,0.70258,1.53128,1.52631,0.07876,0.7546,0.05203,0.00672,0.8004,0.72415
181,"At home, I sometimes",cau_unemb,0.99,1,34,0.99343,0.86867,2.43535,2.4073,0.0947,0.7546,0.11406,0.04718,1.17543,1.21274
181,"At home, I sometimes",dua_unemb,0.3,1,24,0.30892,0.66265,0.17231,0.17811,0.0141,0.7546,0.09196,0.01996,0.03083,0.12152
181,"At home, I sometimes",dua_unemb,0.5,1,29,0.50254,0.67065,0.28405,0.2858,0.02336,0.7546,0.08395,0.01679,0.04843,0.21883
181,"At home, I sometimes",dua_unemb,0.7,1,36,0.71225,0.69133,0.55325,0.5447,0.05251,0.7546,0.06327,0.00979,0.08492,0.45855
181,"At home, I sometimes",dua_unemb,0.9,1,49,0.90514,0.7219,1.45957,1.41978,0.05958,0.7546,0.03271,0.00273,0.16365,1.29318
181,"At home, I sometimes",dua_unemb,0.99,1,69,0.99127,0.73023,3.6011,3.49949,0.14251,0.7546,0.02437,0.00154,0.30559,3.29398
181,"At home, I sometimes",euc_dmd,0.3,1,32,0.35004,0.00653,7.66916,7.62206,0.2178,0.7546,0.74808,3.24161,2.14719,2.28036
181,"At home, I sometimes",euc_dmd,0.5,1,35,0.55462,0.00295,8.73964,8.67874,0.21508,0.7546,0.75166,3.84071,2.20025,2.69868
181,"At home, I sometimes",euc_dmd,0.7,1,38,0.74101,0.00155,9.80414,9.7297,0.2159,0.7546,0.75305,4.3257,2.35543,3.123
181,"At home, I sometimes",euc_dmd,0.9,1,43,0.91852,0.00069,11.54461,11.44942,0.21212,0.7546,0.75391,4.93672,2.79283,3.81507
181,"At home, I sometimes",euc_dmd,0.99,1,52,0.99216,0.00022,14.26074,14.13508,0.21381,0.7546,0.75438,5.78177,3.77996,4.69901
181,"At home, I sometimes",cau_dmd,0.3,1,36,0.32681,0.0005,9.89894,9.84356,0.23064,0.7546,0.7541,5.17189,2.14778,2.57927
181,"At home, I sometimes",cau_dmd,0.5,1,39,0.52777,0.00018,11.26029,11.19074,0.22295,0.7546,0.75443,5.96614,2.29173,3.00241
181,"At home, I sometimes",cau_dmd,0.7,1,42,0.72026,7e-05,12.58123,12.4977,0.22367,0.7546,0.75453,6.62487,2.53254,3.42383
181,"At home, I sometimes",cau_dmd,0.9,1,47,0.91157,2e-05,14.68576,14.58025,0.22382,0.7546,0.75458,7.49064,3.09612,4.09899
181,"At home, I sometimes",cau_dmd,0.99,1,56,0.99183,0.0,17.98831,17.85135,0.21798,0.7546,0.7546,8.74545,4.25913,4.98373
181,"At home, I sometimes",dua_dmd,0.3,1,28,0.31136,0.44298,0.9797,0.98489,0.18425,0.7546,0.31162,0.20079,0.37401,0.40489
181,"At home, I sometimes",dua_dmd,0.5,1,37,0.52152,0.39258,1.63195,1.63194,0.20204,0.7546,0.36202,0.27067,0.65292,0.70836
181,"At home, I sometimes",dua_dmd,0.7,1,46,0.71327,0.36574,2.39245,2.38474,0.1783,0.7546,0.38886,0.31351,0.94366,1.13528
181,"At home, I sometimes",dua_dmd,0.9,1,66,0.90182,0.36235,4.17892,4.14602,0.18059,0.7546,0.39225,0.31923,1.47082,2.38887
181,"At home, I sometimes",dua_dmd,0.99,1,98,0.99014,0.37104,6.71235,6.63218,0.21125,0.7546,0.38356,0.30471,2.44504,3.9626
205,"Honestly, Our customers rarely",euc_ctx,0.3,1,34,0.3226,0.1627,1.27565,1.27919,0.22369,0.59007,0.42737,0.46744,0.11795,0.69027
205,"Honestly, Our customers rarely",euc_ctx,0.5,1,38,0.50817,0.14871,1.51974,1.52102,0.24054,0.59007,0.44136,0.5137,0.14859,0.85746
205,"Honestly, Our customers rarely",euc_ctx,0.7,1,43,0.72469,0.15385,1.76975,1.76754,0.25917,0.59007,0.43622,0.49612,0.18901,1.08462
205,"Honestly, Our customers rarely",euc_ctx,0.9,1,50,0.90016,0.19148,2.059,2.0508,0.23905,0.59007,0.39859,0.38566,0.23791,1.43543
205,"Honestly, Our customers rarely",euc_ctx,0.99,1,66,0.99021,0.32033,2.85994,2.83399,0.23723,0.59007,0.26974,0.15319,0.32587,2.38088
205,"Honestly, Our customers rarely",cau_ctx,0.3,1,76,0.31443,0.17822,1.9595,1.95695,0.23573,0.59007,0.41184,0.42133,0.28056,1.25761
205,"Honestly, Our customers rarely",cau_ctx,0.5,1,85,0.5013,0.13565,2.48374,2.47617,0.25578,0.59007,0.45441,0.56167,0.33036,1.59171
205,"Honestly, Our customers rarely",cau_ctx,0.7,1,95,0.70427,0.10537,3.10708,3.0926,0.27122,0.59007,0.48469,0.6966,0.40073,2.00974
205,"Honestly, Our customers rarely",cau_ctx,0.9,1,111,0.90262,0.07675,4.15828,4.13055,0.26877,0.59007,0.51331,0.8707,0.52609,2.7615
205,"Honestly, Our customers rarely",cau_ctx,0.99,1,140,0.9902,0.04456,6.20383,6.14853,0.26931,0.59007,0.54551,1.17752,0.75726,4.26905
205,"Honestly, Our customers rarely",dua_ctx,0.3,1,94,0.30278,0.37077,1.09441,1.07091,0.17123,0.59007,0.21929,0.09852,0.16235,0.83354
205,"Honestly, Our customers rarely",dua_ctx,0.5,1,130,0.50052,0.28949,2.20839,2.15451,0.18343,0.59007,0.30058,0.19474,0.41621,1.59745
205,"Honestly, Our customers rarely",dua_ctx,0.7,1,165,0.7032,0.23666,3.6806,3.59537,0.2209,0.59007,0.35341,0.28424,0.79068,2.60568
205,"Honestly, Our customers rarely",dua_ctx,0.9,1,198,0.90312,0.20971,5.47777,5.36975,0.27673,0.59007,0.38036,0.34135,1.18082,3.9556
205,"Honestly, Our customers rarely",dua_ctx,0.99,1,218,0.99034,0.20322,6.79638,6.67865,0.28251,0.59007,0.38684,0.35654,1.37278,5.06706
205,"Honestly, Our customers rarely",euc_unemb,0.3,1,12,0.30233,0.28012,0.47186,0.48034,0.07849,0.59007,0.30994,0.20878,0.10427,0.15881
205,"Honestly, Our customers rarely",euc_unemb,0.5,1,14,0.5762,0.31248,0.56332,0.57083,0.09095,0.59007,0.27759,0.16313,0.17129,0.22891
205,"Honestly, Our customers rarely",euc_unemb,0.7,1,15,0.70605,0.35089,0.60813,0.61457,0.09571,0.59007,0.23918,0.11828,0.21506,0.27479
205,"Honestly, Our customers rarely",euc_unemb,0.9,1,18,0.92889,0.52036,0.84124,0.84153,0.2209,0.59007,0.06971,0.0098,0.34938,0.48206
205,"Honestly, Our customers rarely",euc_unemb,0.99,1,22,0.99174,0.68709,1.48809,1.47461,0.24259,0.59007,0.09702,0.02089,0.48493,0.98227
205,"Honestly, Our customers rarely",cau_unemb,0.3,1,14,0.41776,0.25494,0.62261,0.63144,0.20194,0.59007,0.33513,0.25027,0.11854,0.25379
205,"Honestly, Our customers rarely",cau_unemb,0.5,1,15,0.54817,0.27022,0.66923,0.67758,0.2047,0.59007,0.31985,0.22442,0.15205,0.29275
205,"Honestly, Our customers rarely",cau_unemb,0.7,1,17,0.77531,0.3396,0.74516,0.7517,0.23178,0.59007,0.25047,0.13052,0.23155,0.38309
205,"Honestly, Our customers rarely",cau_unemb,0.9,1,19,0.9068,0.45145,0.84233,0.84571,0.23033,0.59007,0.13862,0.0386,0.3084,0.49533
205,"Honestly, Our customers rarely",cau_unemb,0.99,1,24,0.99198,0.71714,1.415,1.40487,0.24152,0.59007,0.12707,0.03702,0.44945,0.92854
205,"Honestly, Our customers rarely",dua_unemb,0.3,1,17,0.31349,0.53347,0.12251,0.12711,0.00967,0.59007,0.05659,0.00648,0.0149,0.10112
205,"Honestly, Our customers rarely",dua_unemb,0.5,1,22,0.53548,0.54139,0.23327,0.23464,0.01425,0.59007,0.04868,0.00481,0.0303,0.19817
205,"Honestly, Our customers rarely",dua_unemb,0.7,1,27,0.71223,0.55541,0.39326,0.38913,0.01949,0.59007,0.03466,0.00245,0.05231,0.33851
205,"Honestly, Our customers rarely",dua_unemb,0.9,1,36,0.90213,0.58278,0.79334,0.77488,0.18015,0.59007,0.00729,0.00011,0.09535,0.69787
205,"Honestly, Our customers rarely",dua_unemb,0.99,1,47,0.99118,0.61593,1.51318,1.47042,0.22802,0.59007,0.02586,0.0014,0.13913,1.37264
205,"Honestly, Our customers rarely",euc_dmd,0.3,1,17,0.30457,0.07768,2.24868,2.24926,0.28361,0.59007,0.51239,0.86402,0.51031,0.87435
205,"Honestly, Our customers rarely",euc_dmd,0.5,1,20,0.54832,0.05953,2.82247,2.81788,0.29521,0.59007,0.53054,1.01309,0.61103,1.19835
205,"Honestly, Our customers rarely",euc_dmd,0.7,1,23,0.75966,0.05111,3.40438,3.39299,0.29518,0.59007,0.53896,1.09945,0.71865,1.58629
205,"Honestly, Our customers rarely",euc_dmd,0.9,1,27,0.91208,0.04194,4.30984,4.2867,0.29137,0.59007,0.54812,1.21208,0.88279,2.21497
205,"Honestly, Our customers rarely",euc_dmd,0.99,1,36,0.99131,0.01854,6.96633,6.90897,0.28544,0.59007,0.57153,1.68407,1.31884,3.96342
205,"Honestly, Our customers rarely",cau_dmd,0.3,1,22,0.30062,0.06522,2.44018,2.44273,0.28935,0.59007,0.52485,0.96171,0.57519,0.90329
205,"Honestly, Our customers rarely",cau_dmd,0.5,1,25,0.51011,0.03276,3.38471,3.37913,0.29645,0.59007,0.55731,1.35402,0.68683,1.34385
205,"Honestly, Our customers rarely",cau_dmd,0.7,1,28,0.71461,0.01587,4.49622,4.47999,0.28611,0.59007,0.57419,1.77438,0.83957,1.88227
205,"Honestly, Our customers rarely",cau_dmd,0.9,1,33,0.91403,0.00533,6.45278,6.41626,0.28921,0.59007,0.58473,2.41354,1.16086,2.87838
205,"Honestly, Our customers rarely",cau_dmd,0.99,1,41,0.99029,0.00122,9.57423,9.50372,0.28617,0.59007,0.58885,3.28434,1.7488,4.54109
205,"Honestly, Our customers rarely",dua_dmd,0.3,1,23,0.3171,0.37027,0.693,0.69743,0.0407,0.59007,0.2198,0.09899,0.28582,0.30819
205,"Honestly, Our customers rarely",dua_dmd,0.5,1,31,0.50989,0.33681,1.14217,1.14191,0.05036,0.59007,0.25326,0.13366,0.48768,0.52084
205,"Honestly, Our customers rarely",dua_dmd,0.7,1,40,0.70779,0.31564,1.65331,1.64551,0.049,0.59007,0.27442,0.15908,0.68587,0.80837
205,"Honestly, Our customers rarely",dua_dmd,0.9,1,53,0.90803,0.3073,2.45087,2.42865,0.19953,0.59007,0.28277,0.16991,0.96171,1.31924
205,"Honestly, Our customers rarely",dua_dmd,0.99,1,74,0.99051,0.32688,4.04778,3.99662,0.2139,0.59007,0.26318,0.14522,1.40815,2.49441
1,"At work, Many people still",euc_ctx,0.3,1,28,0.31712,0.48389,0.72773,0.74013,0.08672,0.71009,0.2262,0.10514,0.21332,0.40927
1,"At work, Many people still",euc_ctx,0.5,1,33,0.53761,0.43706,1.11014,1.12038,0.18252,0.71009,0.27303,0.15224,0.35228,0.60563
1,"At work, Many people still",euc_ctx,0.7,1,37,0.70182,0.42086,1.4388,1.44617,0.19246,0.71009,0.28923,0.17083,0.48422,0.78375
1,"At work, Many people still",euc_ctx,0.9,1,46,0.91179,0.4304,2.15095,2.14955,0.20328,0.71009,0.2797,0.15974,0.76164,1.22958
1,"At work, Many people still",euc_ctx,0.99,1,62,0.99021,0.47679,3.24475,3.22441,0.21651,0.71009,0.2333,0.11167,1.02911,2.10396
1,"At work, Many people still",cau_ctx,0.3,1,57,0.31184,0.43777,1.07411,1.08225,0.19585,0.71009,0.27232,0.15145,0.25621,0.66646
1,"At work, Many people still",cau_ctx,0.5,1,66,0.50332,0.34944,1.5747,1.57908,0.2088,0.71009,0.36066,0.26918,0.37515,0.93036
1,"At work, Many people still",cau_ctx,0.7,1,76,0.7057,0.28058,2.19956,2.1981,0.2202,0.71009,0.42951,0.39585,0.54929,1.25442
1,"At work, Many people still",cau_ctx,0.9,1,93,0.90498,0.21293,3.30634,3.29258,0.22263,0.71009,0.49716,0.5657,0.88935,1.85129
1,"At work, Many people still",cau_ctx,0.99,1,126,0.99045,0.13197,5.35264,5.31132,0.22414,0.71009,0.57812,0.87701,1.38001,3.09562
1,"At work, Many people still",dua_ctx,0.3,1,104,0.30121,0.50107,1.27941,1.25101,0.07732,0.71009,0.20902,0.09018,0.1411,1.04812
1,"At work, Many people still",dua_ctx,0.5,1,145,0.50092,0.40121,2.48289,2.42052,0.08122,0.71009,0.30889,0.19512,0.32907,1.95871
1,"At work, Many people still",dua_ctx,0.7,1,177,0.70022,0.3334,3.5867,3.50002,0.19623,0.71009,0.37669,0.29548,0.52774,2.76349
1,"At work, Many people still",dua_ctx,0.9,1,206,0.90001,0.28444,4.66771,4.56481,0.21695,0.71009,0.42566,0.38772,0.77773,3.50225
1,"At work, Many people still",dua_ctx,0.99,1,230,0.99105,0.26507,5.80246,5.68943,0.24649,0.71009,0.44502,0.43006,1.08951,4.2829
1,"At work, Many people still",euc_unemb,0.3,1,12,0.40183,0.57215,0.36971,0.38102,0.08195,0.71009,0.13794,0.04054,0.16092,0.16825
1,"At work, Many people still",euc_unemb,0.5,1,13,0.52324,0.58988,0.44794,0.45865,0.08145,0.71009,0.12021,0.03114,0.21105,0.20575
1,"At work, Many people still",euc_unemb,0.7,1,15,0.74464,0.64989,0.64838,0.65644,0.11474,0.71009,0.06021,0.00821,0.33827,0.3019
1,"At work, Many people still",euc_unemb,0.9,1,18,0.92568,0.7488,1.0465,1.04727,0.20345,0.71009,0.03871,0.00386,0.52733,0.51531
1,"At work, Many people still",euc_unemb,0.99,1,23,0.99257,0.8261,1.8395,1.82339,0.23051,0.71009,0.11601,0.04072,0.73554,1.06325
1,"At work, Many people still",cau_unemb,0.3,1,12,0.33242,0.55377,0.31704,0.32924,0.07429,0.71009,0.15633,0.05153,0.12439,0.14112
1,"At work, Many people still",cau_unemb,0.5,1,14,0.55623,0.58721,0.44318,0.45466,0.07879,0.71009,0.12289,0.03248,0.20897,0.20173
1,"At work, Many people still",cau_unemb,0.7,1,16,0.7576,0.65478,0.60542,0.61459,0.09903,0.71009,0.05531,0.00696,0.31885,0.27961
1,"At work, Many people still",cau_unemb,0.9,1,19,0.92333,0.76801,0.91794,0.92086,0.11021,0.71009,0.05792,0.00894,0.46931,0.43969
1,"At work, Many people still",cau_unemb,0.99,1,24,0.99068,0.87164,1.54858,1.53692,0.122,0.71009,0.16154,0.09063,0.60872,0.84923
1,"At work, Many people still",dua_unemb,0.3,1,18,0.30581,0.67583,0.13821,0.14129,0.02051,0.71009,0.03427,0.00273,0.02531,0.11017
1,"At work, Many people still",dua_unemb,0.5,1,27,0.51818,0.68536,0.3819,0.37498,0.06172,0.71009,0.02473,0.00144,0.06976,0.3107
1,"At work, Many people still",dua_unemb,0.7,1,39,0.70631,0.69647,0.87196,0.84471,0.06522,0.71009,0.01362,0.00044,0.14767,0.72384
1,"At work, Many people still",dua_unemb,0.9,1,56,0.90126,0.70545,1.832,1.76784,0.19199,0.71009,0.00464,5e-05,0.2848,1.54715
1,"At work, Many people still",dua_unemb,0.99,1,70,0.99095,0.71729,2.79088,2.69581,0.21755,0.71009,0.0072,0.00013,0.39372,2.39703
1,"At work, Many people still",euc_dmd,0.3,1,14,0.34452,0.35793,1.4651,1.47643,0.18116,0.71009,0.35216,0.25594,0.63761,0.57155
1,"At work, Many people still",euc_dmd,0.5,1,16,0.51307,0.30798,1.92138,1.92996,0.21416,0.71009,0.40212,0.34095,0.81122,0.76921
1,"At work, Many people still",euc_dmd,0.7,1,19,0.73943,0.25566,2.64437,2.64678,0.22699,0.71009,0.45444,0.45203,1.07887,1.11347
1,"At work, Many people still",euc_dmd,0.9,1,23,0.9074,0.20756,3.64244,3.63402,0.22717,0.71009,0.50253,0.58186,1.42195,1.63863
1,"At work, Many people still",euc_dmd,0.99,1,32,0.99229,0.11582,5.99248,5.95413,0.22927,0.71009,0.59427,0.96437,2.05452,2.97358
1,"At work, Many people still",cau_dmd,0.3,1,17,0.31639,0.2721,1.7967,1.80924,0.20041,0.71009,0.43799,0.41425,0.68137,0.70108
1,"At work, Many people still",cau_dmd,0.5,1,20,0.525,0.17335,2.60107,2.60842,0.21455,0.71009,0.53675,0.69754,0.87387,1.02966
1,"At work, Many people still",cau_dmd,0.7,1,23,0.7204,0.10613,3.53736,3.53709,0.22381,0.71009,0.60397,1.02329,1.09923,1.41484
1,"At work, Many people still",cau_dmd,0.9,1,28,0.91023,0.04666,5.23849,5.22221,0.22875,0.71009,0.66344,1.58818,1.5169,2.13341
1,"At work, Many people still",cau_dmd,0.99,1,37,0.99112,0.01046,8.38212,8.33252,0.23133,0.71009,0.69963,2.63907,2.2069,3.53615
1,"At work, Many people still",dua_dmd,0.3,1,19,0.31514,0.50323,0.6549,0.66243,0.09407,0.71009,0.20686,0.08838,0.24641,0.32011
1,"At work, Many people still",dua_dmd,0.5,1,28,0.51635,0.44931,1.35457,1.35769,0.08935,0.71009,0.26079,0.13899,0.60455,0.61103
1,"At work, Many people still",dua_dmd,0.7,1,38,0.70617,0.41824,2.09962,2.09489,0.14998,0.71009,0.29186,0.17397,0.90866,1.01699
1,"At work, Many people still",dua_dmd,0.9,1,51,0.90512,0.39996,3.23537,3.21632,0.19548,0.71009,0.31014,0.19673,1.28013,1.7585
1,"At work, Many people still",dua_dmd,0.99,1,63,0.99098,0.39961,4.6466,4.61035,0.20092,0.71009,0.31049,0.19718,1.57839,2.87102
260,"Usually, Our customers typically",euc_ctx,0.3,1,27,0.30461,0.4293,0.56735,0.577,0.13612,0.62157,0.19227,0.07457,0.16346,0.32932
260,"Usually, Our customers typically",euc_ctx,0.5,1,32,0.50274,0.40646,0.8582,0.8663,0.11826,0.62157,0.21512,0.0937,0.26025,0.50425
260,"Usually, Our customers typically",euc_ctx,0.7,1,38,0.72326,0.40535,1.2495,1.25399,0.12959,0.62157,0.21622,0.09469,0.39057,0.76424
260,"Usually, Our customers typically",euc_ctx,0.9,1,47,0.90543,0.43421,1.84392,1.8405,0.13272,0.62157,0.18736,0.07077,0.54261,1.23054
260,"Usually, Our customers typically",euc_ctx,0.99,1,67,0.9907,0.4973,3.161,3.13558,0.13212,0.62157,0.12427,0.03119,0.69414,2.43567
260,"Usually, Our customers typically",cau_ctx,0.3,1,58,0.30028,0.38349,1.02345,1.02935,0.14357,0.62157,0.23809,0.11549,0.2505,0.65745
260,"Usually, Our customers typically",cau_ctx,0.5,1,70,0.517,0.2747,1.70409,1.70461,0.14098,0.62157,0.34688,0.26137,0.37369,1.06902
260,"Usually, Our customers typically",cau_ctx,0.7,1,81,0.70557,0.20026,2.43752,2.43106,0.14788,0.62157,0.42132,0.42086,0.51108,1.50558
260,"Usually, Our customers typically",cau_ctx,0.9,1,100,0.90051,0.12334,3.75665,3.7356,0.15349,0.62157,0.49823,0.68734,0.74196,2.32734
260,"Usually, Our customers typically",cau_ctx,0.99,1,137,0.99033,0.05426,6.27311,6.22037,0.1578,0.62157,0.56732,1.16912,1.08516,4.01883
260,"Usually, Our customers typically",dua_ctx,0.3,1,100,0.30052,0.43002,1.27514,1.25843,0.14063,0.62157,0.19155,0.07401,0.11069,1.09044
260,"Usually, Our customers typically",dua_ctx,0.5,1,133,0.50233,0.33511,2.42907,2.38989,0.14752,0.62157,0.28647,0.17073,0.21579,2.04256
260,"Usually, Our customers typically",dua_ctx,0.7,1,157,0.70457,0.276,3.53806,3.48003,0.16403,0.62157,0.34558,0.25912,0.34882,2.93011
260,"Usually, Our customers typically",dua_ctx,0.9,1,180,0.90303,0.236,4.8565,4.77985,0.17782,0.62157,0.38558,0.33609,0.5778,3.94261
260,"Usually, Our customers typically",dua_ctx,0.99,1,201,0.99142,0.22392,6.30805,6.2151,0.18827,0.62157,0.39766,0.36281,0.87296,5.07229
260,"Usually, Our customers typically",euc_unemb,0.3,1,11,0.40096,0.43687,0.36548,0.37338,0.15633,0.62157,0.1847,0.06876,0.14456,0.15216
260,"Usually, Our customers typically",euc_unemb,0.5,1,12,0.51877,0.45247,0.43452,0.44192,0.15018,0.62157,0.16911,0.05758,0.18851,0.18843
260,"Usually, Our customers typically",euc_unemb,0.7,1,14,0.73511,0.51001,0.59994,0.60513,0.11906,0.62157,0.11156,0.02519,0.28882,0.28593
260,"Usually, Our customers typically",euc_unemb,0.9,1,17,0.91812,0.61445,0.94668,0.94557,0.09927,0.62157,0.00713,0.00011,0.42747,0.5191
260,"Usually, Our customers typically",euc_unemb,0.99,1,22,0.99077,0.69845,1.73761,1.72108,0.1217,0.62157,0.07687,0.01345,0.56921,1.15495
260,"Usually, Our customers typically",cau_unemb,0.3,1,11,0.33062,0.40565,0.3255,0.33369,0.12889,0.62157,0.21592,0.09442,0.11295,0.11813
260,"Usually, Our customers typically",cau_unemb,0.5,1,13,0.54827,0.43244,0.44308,0.45067,0.14072,0.62157,0.18914,0.07213,0.20046,0.17049
260,"Usually, Our customers typically",cau_unemb,0.7,1,15,0.74705,0.49778,0.57878,0.58457,0.10014,0.62157,0.1238,0.03095,0.30744,0.2404
260,"Usually, Our customers typically",cau_unemb,0.9,1,18,0.91643,0.62742,0.84174,0.84239,0.09279,0.62157,0.00585,7e-05,0.44749,0.39418
260,"Usually, Our customers typically",cau_unemb,0.99,1,24,0.99276,0.78499,1.60029,1.58492,0.11249,0.62157,0.16342,0.06886,0.5909,0.94053
260,"Usually, Our customers typically",dua_unemb,0.3,1,17,0.32604,0.57161,0.14673,0.15162,0.08194,0.62157,0.04996,0.00516,0.01638,0.12519
260,"Usually, Our customers typically",dua_unemb,0.5,1,23,0.53173,0.57421,0.29176,0.29277,0.08208,0.62157,0.04737,0.00464,0.03095,0.25617
260,"Usually, Our customers typically",dua_unemb,0.7,1,30,0.71305,0.58538,0.54952,0.54268,0.08862,0.62157,0.0362,0.00272,0.05407,0.49273
260,"Usually, Our customers typically",dua_unemb,0.9,1,45,0.90121,0.61804,1.45294,1.42113,0.14364,0.62157,0.00354,3e-05,0.11226,1.34065
260,"Usually, Our customers typically",dua_unemb,0.99,1,61,0.99004,0.64127,2.9295,2.86237,0.14937,0.62157,0.01969,0.00084,0.19079,2.73787
260,"Usually, Our customers typically",euc_dmd,0.3,1,13,0.34115,0.2233,1.22283,1.22832,0.17201,0.62157,0.39827,0.36422,0.44752,0.41109
260,"Usually, Our customers typically",euc_dmd,0.5,1,15,0.50361,0.1958,1.59545,1.59852,0.1749,0.62157,0.42578,0.43275,0.59359,0.5691
260,"Usually, Our customers typically",euc_dmd,0.7,1,18,0.72327,0.16763,2.2102,2.20778,0.1486,0.62157,0.45394,0.51626,0.8232,0.87074
260,"Usually, Our customers typically",euc_dmd,0.9,1,23,0.9158,0.12689,3.36527,3.34966,0.15576,0.62157,0.49469,0.67128,1.17047,1.52353
260,"Usually, Our customers typically",euc_dmd,0.99,1,32,0.99031,0.05941,5.70721,5.6614,0.1599,0.62157,0.56216,1.11473,1.65021,2.94227
260,"Usually, Our customers typically",cau_dmd,0.3,1,17,0.36124,0.18406,1.484,1.49058,0.13939,0.62157,0.43751,0.4657,0.51676,0.50155
260,"Usually, Our customers typically",cau_dmd,0.5,1,20,0.56232,0.11938,2.2029,2.20414,0.14052,0.62157,0.5022,0.70595,0.68293,0.81402
260,"Usually, Our customers typically",cau_dmd,0.7,1,23,0.74026,0.07168,3.09769,3.09103,0.14742,0.62157,0.5499,1.00306,0.88011,1.21453
260,"Usually, Our customers typically",cau_dmd,0.9,1,28,0.91096,0.0293,4.75379,4.73078,0.15247,0.62157,0.59227,1.54216,1.22442,1.98721
260,"Usually, Our customers typically",cau_dmd,0.99,1,38,0.99125,0.00518,8.09825,8.03883,0.16062,0.62157,0.61639,2.60964,1.83777,3.65083
260,"Usually, Our customers typically",dua_dmd,0.3,1,19,0.33311,0.41299,0.56794,0.57561,0.13515,0.62157,0.20858,0.08798,0.18282,0.29715
260,"Usually, Our customers typically",dua_dmd,0.5,1,25,0.52039,0.36437,1.01574,1.02176,0.09868,0.62157,0.25721,0.13572,0.37939,0.50063
260,"Usually, Our customers typically",dua_dmd,0.7,1,32,0.71252,0.33167,1.5663,1.56857,0.12409,0.62157,0.2899,0.17518,0.59266,0.79845
260,"Usually, Our customers typically",dua_dmd,0.9,1,43,0.90419,0.31827,2.43231,2.42525,0.13437,0.62157,0.3033,0.19331,0.86707,1.37193
260,"Usually, Our customers typically",dua_dmd,0.99,1,72,0.99025,0.35495,4.80794,4.76462,0.14321,0.62157,0.26663,0.14644,1.44511,3.21639
3,"In this case, They sometimes",euc_ctx,0.3,1,36,0.33435,0.06843,2.03542,2.03427,0.20051,0.58135,0.51292,0.90897,0.18419,0.94226
3,"In this case, They sometimes",euc_ctx,0.5,1,41,0.53551,0.05549,2.43849,2.4336,0.2036,0.58135,0.52585,1.025,0.23085,1.18265
3,"In this case, They sometimes",euc_ctx,0.7,1,46,0.71314,0.05176,2.77898,2.76986,0.19035,0.58135,0.52959,1.0639,0.2761,1.43898
3,"In this case, They sometimes",euc_ctx,0.9,1,56,0.90425,0.05693,3.36983,3.35118,0.18835,0.58135,0.52442,1.01081,0.36705,1.99197
3,"In this case, They sometimes",euc_ctx,0.99,1,80,0.9907,0.08305,4.81404,4.76878,0.1772,0.58135,0.4983,0.80301,0.54046,3.47057
3,"In this case, They sometimes",cau_ctx,0.3,1,74,0.30944,0.02042,3.61298,3.59504,0.19166,0.58135,0.56093,1.59091,0.29782,1.72425
3,"In this case, They sometimes",cau_ctx,0.5,1,85,0.51333,0.01027,4.57533,4.548,0.18794,0.58135,0.57108,1.98614,0.37557,2.21361
3,"In this case, They sometimes",cau_ctx,0.7,1,97,0.71329,0.00575,5.56894,5.53076,0.18509,0.58135,0.5756,2.32176,0.47666,2.77053
3,"In this case, They sometimes",cau_ctx,0.9,1,118,0.90077,0.00277,7.17556,7.11769,0.18388,0.58135,0.57858,2.74543,0.65586,3.77428
3,"In this case, They sometimes",cau_ctx,0.99,1,172,0.99027,0.00067,10.97018,10.86625,0.18017,0.58135,0.58068,3.56961,1.05093,6.34964
3,"In this case, They sometimes",dua_ctx,0.3,1,96,0.30562,0.35798,1.25013,1.22902,0.0476,0.58135,0.22336,0.10287,0.12639,1.02087
3,"In this case, They sometimes",dua_ctx,0.5,1,125,0.50608,0.28642,2.20732,2.16416,0.06548,0.58135,0.29493,0.18828,0.24826,1.77078
3,"In this case, They sometimes",dua_ctx,0.7,1,152,0.70361,0.23519,3.42705,3.36053,0.07557,0.58135,0.34615,0.27381,0.46954,2.6837
3,"In this case, They sometimes",dua_ctx,0.9,1,187,0.90438,0.19753,5.31456,5.22033,0.16461,0.58135,0.38382,0.35515,0.77434,4.18506
3,"In this case, They sometimes",dua_ctx,0.99,1,213,0.99015,0.18749,6.76032,6.65159,0.17158,0.58135,0.39386,0.38026,0.9659,5.41415
3,"In this case, They sometimes",euc_unemb,0.3,1,14,0.40656,0.24504,0.67441,0.68324,0.14944,0.58135,0.3363,0.25539,0.07535,0.34368
3,"In this case, They sometimes",euc_unemb,0.5,1,15,0.53213,0.257,0.71128,0.71958,0.1446,0.58135,0.32435,0.23438,0.08435,0.39256
3,"In this case, They sometimes",euc_unemb,0.7,1,17,0.75709,0.31529,0.78363,0.79004,0.15449,0.58135,0.26606,0.14975,0.12989,0.504
3,"In this case, They sometimes",euc_unemb,0.9,1,20,0.93294,0.46852,0.98769,0.98883,0.16415,0.58135,0.11283,0.02554,0.24343,0.71872
3,"In this case, They sometimes",euc_unemb,0.99,1,25,0.9938,0.69142,1.72232,1.7088,0.15189,0.58135,0.11007,0.02691,0.42312,1.27229
3,"In this case, They sometimes",cau_unemb,0.3,1,14,0.31187,0.18918,0.74397,0.75121,0.17892,0.58135,0.39217,0.37592,0.06278,0.30527
3,"In this case, They sometimes",cau_unemb,0.5,1,16,0.54024,0.19565,0.82595,0.83225,0.14552,0.58135,0.38569,0.35971,0.07764,0.3886
3,"In this case, They sometimes",cau_unemb,0.7,1,18,0.7513,0.23572,0.87696,0.88161,0.15393,0.58135,0.34562,0.27279,0.12036,0.48381
3,"In this case, They sometimes",cau_unemb,0.9,1,21,0.92438,0.35441,0.98381,0.98432,0.14659,0.58135,0.22694,0.10638,0.21958,0.65784
3,"In this case, They sometimes",cau_unemb,0.99,1,26,0.99164,0.58456,1.44155,1.43043,0.06561,0.58135,0.00322,2e-05,0.36278,1.07874
3,"In this case, They sometimes",dua_unemb,0.3,1,19,0.31937,0.52431,0.129,0.13471,0.022,0.58135,0.05704,0.00656,0.01685,0.10559
3,"In this case, They sometimes",dua_unemb,0.5,1,24,0.52136,0.53519,0.24568,0.24805,0.02669,0.58135,0.04615,0.00431,0.03183,0.20954
3,"In this case, They sometimes",dua_unemb,0.7,1,31,0.7205,0.55839,0.52158,0.51533,0.02994,0.58135,0.02295,0.00107,0.06425,0.45625
3,"In this case, They sometimes",dua_unemb,0.9,1,46,0.90581,0.60592,1.42826,1.39587,0.0507,0.58135,0.02458,0.00126,0.13474,1.29227
3,"In this case, They sometimes",dua_unemb,0.99,1,64,0.99169,0.66081,2.90248,2.83235,0.07194,0.58135,0.07946,0.01364,0.21622,2.67262
3,"In this case, They sometimes",euc_dmd,0.3,1,17,0.30518,0.02227,3.42046,3.409,0.18909,0.58135,0.55907,1.5412,0.51033,1.36893
3,"In this case, They sometimes",euc_dmd,0.5,1,20,0.54743,0.01083,4.42777,4.40668,0.18906,0.58135,0.57052,1.95559,0.60096,1.87122
3,"In this case, They sometimes",euc_dmd,0.7,1,23,0.76065,0.0063,5.42359,5.39196,0.18539,0.58135,0.57505,2.2685,0.74621,2.40889
3,"In this case, They sometimes",euc_dmd,0.9,1,27,0.91518,0.00375,6.72199,6.67559,0.1826,0.58135,0.5776,2.56946,0.99793,3.15461
3,"In this case, They sometimes",euc_dmd,0.99,1,35,0.99034,0.00171,9.22516,9.14877,0.1817,0.58135,0.57964,3.02647,1.5143,4.68439
3,"In this case, They sometimes",cau_dmd,0.3,1,21,0.31876,0.00914,4.52603,4.50934,0.18677,0.58135,0.57221,2.05364,0.65977,1.81262
3,"In this case, They sometimes",cau_dmd,0.5,1,24,0.53373,0.00383,5.68834,5.66143,0.18644,0.58135,0.57751,2.55647,0.7813,2.35057
3,"In this case, They sometimes",cau_dmd,0.7,1,27,0.73404,0.00189,6.84422,6.80655,0.18611,0.58135,0.57946,2.96651,0.96819,2.90951
3,"In this case, They sometimes",cau_dmd,0.9,1,32,0.92062,0.00077,8.7274,8.67117,0.18404,0.58135,0.58058,3.49098,1.3694,3.86702
3,"In this case, They sometimes",cau_dmd,0.99,1,40,0.99071,0.00024,11.64379,11.55726,0.18233,0.58135,0.58111,4.1769,2.03249,5.4344
3,"In this case, They sometimes",dua_dmd,0.3,1,18,0.32307,0.35453,0.56761,0.57543,0.13618,0.58135,0.22681,0.10625,0.15516,0.3062
3,"In this case, They sometimes",dua_dmd,0.5,1,22,0.5199,0.31308,0.98409,0.991,0.16158,0.58135,0.26827,0.15248,0.33851,0.49309
3,"In this case, They sometimes",dua_dmd,0.7,1,27,0.70823,0.28738,1.5402,1.54483,0.16782,0.58135,0.29397,0.18691,0.56397,0.78933
3,"In this case, They sometimes",dua_dmd,0.9,1,36,0.90013,0.27583,2.62765,2.62517,0.1734,0.58135,0.30552,0.20402,0.87306,1.55058
3,"In this case, They sometimes",dua_dmd,0.99,1,58,0.99073,0.30106,5.36914,5.33815,0.17806,0.58135,0.28029,0.16798,1.35319,3.84797
280,"Over time, People now",euc_ctx,0.3,1,18,0.30754,0.34135,0.62548,0.63128,0.22913,0.58918,0.24783,0.12766,0.12074,0.37708
280,"Over time, People now",euc_ctx,0.5,1,23,0.52817,0.2773,1.09353,1.09724,0.24938,0.58918,0.31188,0.21198,0.26173,0.61982
280,"Over time, People now",euc_ctx,0.7,1,28,0.73428,0.24291,1.63089,1.63116,0.27131,0.58918,0.34627,0.2709,0.45985,0.90014
280,"Over time, People now",euc_ctx,0.9,1,35,0.90328,0.227,2.37855,2.37265,0.28324,0.58918,0.36218,0.30227,0.74457,1.33171
280,"Over time, People now",euc_ctx,0.99,1,51,0.99121,0.22488,3.79505,3.77267,0.28801,0.58918,0.36431,0.30667,1.08625,2.40213
280,"Over time, People now",cau_ctx,0.3,1,39,0.31327,0.25758,0.96835,0.9712,0.24019,0.58918,0.3316,0.24439,0.13743,0.58653
280,"Over time, People now",cau_ctx,0.5,1,49,0.51769,0.16828,1.65556,1.65396,0.26282,0.58918,0.4209,0.44854,0.27117,0.93584
280,"Over time, People now",cau_ctx,0.7,1,59,0.71235,0.11368,2.44178,2.43418,0.27881,0.58918,0.4755,0.65353,0.45886,1.32939
280,"Over time, People now",cau_ctx,0.9,1,76,0.9064,0.0664,3.812,3.79233,0.28763,0.58918,0.52278,0.94893,0.80873,2.05434
280,"Over time, People now",cau_ctx,0.99,1,109,0.99064,0.02793,6.25127,6.20547,0.29062,0.58918,0.56125,1.44255,1.25746,3.55126
280,"Over time, People now",dua_ctx,0.3,1,91,0.30392,0.42758,0.88692,0.86781,0.0325,0.58918,0.1616,0.05261,0.0763,0.75801
280,"Over time, People now",dua_ctx,0.5,1,142,0.50266,0.34551,2.31056,2.25424,0.07889,0.58918,0.24367,0.12313,0.22802,1.95941
280,"Over time, People now",dua_ctx,0.7,1,191,0.70269,0.26974,4.49442,4.40339,0.10302,0.58918,0.31945,0.224,0.43483,3.83559
280,"Over time, People now",dua_ctx,0.9,1,233,0.90451,0.21422,6.96978,6.86037,0.23101,0.58918,0.37496,0.32966,0.80867,5.83145
280,"Over time, People now",dua_ctx,0.99,1,264,0.99053,0.19486,8.68832,8.57084,0.26346,0.58918,0.39432,0.37547,1.12793,7.18492
280,"Over time, People now",euc_unemb,0.3,1,8,0.352,0.48555,0.24397,0.25183,0.15249,0.58918,0.10364,0.02157,0.11767,0.10474
280,"Over time, People now",euc_unemb,0.5,1,10,0.5764,0.51177,0.43599,0.44341,0.17187,0.58918,0.07742,0.01207,0.23692,0.187
280,"Over time, People now",euc_unemb,0.7,1,12,0.77367,0.56394,0.70383,0.70914,0.23209,0.58918,0.02524,0.0013,0.38847,0.31407
280,"Over time, People now",euc_unemb,0.9,1,15,0.9317,0.64243,1.21166,1.21085,0.26167,0.58918,0.05325,0.00605,0.58984,0.61576
280,"Over time, People now",euc_unemb,0.99,1,20,0.99269,0.69179,2.19125,2.17572,0.27157,0.58918,0.10261,0.02347,0.78537,1.38242
280,"Over time, People now",cau_unemb,0.3,1,8,0.32083,0.43626,0.24253,0.2494,0.05879,0.58918,0.15292,0.04705,0.09651,0.09897
280,"Over time, People now",cau_unemb,0.5,1,10,0.53114,0.44803,0.40302,0.40971,0.20205,0.58918,0.14115,0.04003,0.20098,0.16201
280,"Over time, People now",cau_unemb,0.7,1,12,0.73081,0.49426,0.60785,0.61316,0.23813,0.58918,0.09492,0.01811,0.34195,0.2478
280,"Over time, People now",cau_unemb,0.9,1,15,0.90937,0.59695,0.9721,0.97302,0.24157,0.58918,0.00777,0.00012,0.53855,0.43343
280,"Over time, People now",cau_unemb,0.99,1,21,0.99253,0.73335,1.83772,1.82419,0.2524,0.58918,0.14416,0.04859,0.73094,1.05818
280,"Over time, People now",dua_unemb,0.3,1,15,0.30517,0.56698,0.13979,0.1418,0.00458,0.58918,0.0222,0.00101,0.0228,0.11599
280,"Over time, People now",dua_unemb,0.5,1,24,0.50587,0.58036,0.39673,0.38984,0.03701,0.58918,0.00882,0.00016,0.06751,0.32905
280,"Over time, People now",dua_unemb,0.7,1,39,0.71058,0.59872,1.10107,1.07087,0.0449,0.58918,0.00954,0.00019,0.16908,0.9318
280,"Over time, People now",dua_unemb,0.9,1,67,0.90266,0.61665,3.26466,3.17938,0.06363,0.58918,0.02746,0.00158,0.37822,2.88485
280,"Over time, People now",dua_unemb,0.99,1,92,0.99062,0.61904,5.66701,5.54579,0.08889,0.58918,0.02986,0.00187,0.59234,5.07279
280,"Over time, People now",euc_dmd,0.3,1,8,0.30366,0.24263,1.01952,1.02443,0.26271,0.58918,0.34655,0.27142,0.31903,0.42907
280,"Over time, People now",euc_dmd,0.5,1,11,0.56701,0.14721,1.98165,1.98131,0.27921,0.58918,0.44197,0.51708,0.62765,0.83692
280,"Over time, People now",euc_dmd,0.7,1,13,0.72176,0.10708,2.68894,2.68344,0.28393,0.58918,0.4821,0.68569,0.8396,1.16365
280,"Over time, People now",euc_dmd,0.9,1,17,0.90206,0.05911,4.09847,4.08035,0.29077,0.58918,0.53007,1.01428,1.1874,1.89678
280,"Over time, People now",euc_dmd,0.99,1,26,0.99142,0.01603,7.18555,7.13456,0.2906,0.58918,0.57315,1.76478,1.71622,3.70456
280,"Over time, People now",cau_dmd,0.3,1,11,0.35398,0.14266,1.74375,1.74595,0.27003,0.58918,0.44652,0.53337,0.51524,0.69514
280,"Over time, People now",cau_dmd,0.5,1,14,0.55928,0.0647,2.92124,2.91557,0.28138,0.58918,0.52448,0.96347,0.77121,1.18655
280,"Over time, People now",cau_dmd,0.7,1,17,0.73895,0.02894,4.16716,4.15158,0.28656,0.58918,0.56025,1.42216,1.00313,1.74187
280,"Over time, People now",cau_dmd,0.9,1,22,0.91034,0.00844,6.2094,6.17555,0.29158,0.58918,0.58074,2.13952,1.34693,2.72296
280,"Over time, People now",cau_dmd,0.99,1,32,0.99153,0.00097,10.10394,10.03208,0.29034,0.58918,0.58821,3.4108,1.95468,4.73846
280,"Over time, People now",dua_dmd,0.3,1,14,0.3061,0.41274,0.39075,0.39615,0.02805,0.58918,0.17644,0.06291,0.08429,0.24355
280,"Over time, People now",dua_dmd,0.5,1,20,0.52769,0.35158,0.78903,0.79176,0.15091,0.58918,0.2376,0.1167,0.21286,0.45947
280,"Over time, People now",dua_dmd,0.7,1,25,0.70103,0.3178,1.19004,1.18886,0.21986,0.58918,0.27138,0.15535,0.3563,0.67839
280,"Over time, People now",dua_dmd,0.9,1,33,0.90795,0.2898,1.94545,1.93573,0.26072,0.58918,0.29938,0.19316,0.63092,1.12137
280,"Over time, People now",dua_dmd,0.99,1,45,0.99194,0.29155,3.20749,3.18218,0.27716,0.58918,0.29763,0.19064,0.95513,2.06172
13,"At home, You really",euc_ctx,0.3,1,40,0.32689,0.20086,1.69328,1.70313,0.27322,0.44867,0.24781,0.15593,0.50175,1.03559
13,"At home, You really",euc_ctx,0.5,1,46,0.50915,0.17122,2.37388,2.38027,0.31223,0.44867,0.27744,0.20748,0.69016,1.47625
13,"At home, You really",euc_ctx,0.7,1,53,0.70589,0.15021,3.23692,3.23793,0.33296,0.44867,0.29845,0.25241,0.92729,2.05721
13,"At home, You really",euc_ctx,0.9,1,65,0.90444,0.13574,4.74113,4.73101,0.33652,0.44867,0.31293,0.28856,1.30428,3.14829
13,"At home, You really",euc_ctx,0.99,1,87,0.99079,0.12714,7.30203,7.26891,0.34176,0.44867,0.32152,0.31246,1.70197,5.28761
13,"At home, You really",cau_ctx,0.3,1,76,0.31054,0.12767,2.64038,2.64368,0.30156,0.44867,0.321,0.31094,0.63488,1.69455
13,"At home, You really",cau_ctx,0.5,1,89,0.51174,0.07582,3.87619,3.87158,0.32485,0.44867,0.37284,0.51288,0.90058,2.46273
13,"At home, You really",cau_ctx,0.7,1,102,0.70095,0.04841,5.17214,5.15848,0.33071,0.44867,0.40026,0.69807,1.19338,3.28069
13,"At home, You really",cau_ctx,0.9,1,125,0.90213,0.0265,7.37535,7.3445,0.33935,0.44867,0.42216,0.9558,1.63828,4.78128
13,"At home, You really",cau_ctx,0.99,1,167,0.99019,0.01132,11.03372,10.97073,0.3426,0.44867,0.43734,1.32883,2.11594,7.58896
13,"At home, You really",dua_ctx,0.3,1,125,0.30163,0.28214,1.05041,1.00769,0.17194,0.44867,0.16652,0.06261,0.10461,0.88319
13,"At home, You really",dua_ctx,0.5,1,173,0.50069,0.22406,1.99432,1.92372,0.24885,0.44867,0.2246,0.12312,0.27699,1.59421
13,"At home, You really",dua_ctx,0.7,1,225,0.70122,0.18591,3.50092,3.40963,0.26,0.44867,0.26275,0.18041,0.50855,2.81196
13,"At home, You really",dua_ctx,0.9,1,274,0.90231,0.15707,5.08061,4.97607,0.27691,0.44867,0.2916,0.23686,0.66064,4.18312
13,"At home, You really",dua_ctx,0.99,1,305,0.99094,0.14544,6.10665,5.99598,0.22396,0.44867,0.30322,0.2638,0.7676,5.07526
13,"At home, You really",euc_unemb,0.3,1,15,0.3341,0.32336,0.4897,0.49626,0.24332,0.44867,0.1253,0.03403,0.19813,0.25754
13,"At home, You really",euc_unemb,0.5,1,17,0.54227,0.37239,0.65969,0.66547,0.26186,0.44867,0.07627,0.01216,0.30326,0.34426
13,"At home, You really",euc_unemb,0.7,1,19,0.7355,0.45669,0.91224,0.91607,0.33957,0.44867,0.00803,0.00013,0.4511,0.46101
13,"At home, You really",euc_unemb,0.9,1,22,0.90818,0.60872,1.48839,1.48658,0.31217,0.44867,0.16006,0.05218,0.70935,0.72686
13,"At home, You really",euc_unemb,0.99,1,28,0.99178,0.77686,3.0318,3.01183,0.3409,0.44867,0.32819,0.25239,1.08309,1.69632
13,"At home, You really",cau_unemb,0.3,1,16,0.33182,0.23419,0.52969,0.5352,0.2487,0.44867,0.21447,0.11053,0.18991,0.22924
13,"At home, You really",cau_unemb,0.5,1,18,0.52298,0.26478,0.64714,0.6522,0.24676,0.44867,0.18389,0.07793,0.27821,0.291
13,"At home, You really",cau_unemb,0.7,1,20,0.70579,0.32606,0.79586,0.79978,0.26671,0.44867,0.1226,0.0325,0.3956,0.36776
13,"At home, You really",cau_unemb,0.9,1,24,0.91796,0.51687,1.25923,1.25793,0.34295,0.44867,0.0682,0.00931,0.64936,0.60055
13,"At home, You really",cau_unemb,0.99,1,30,0.99068,0.72612,2.3183,2.30238,0.30601,0.44867,0.27745,0.16973,0.8559,1.29266
13,"At home, You really",dua_unemb,0.3,1,26,0.31789,0.4407,0.18999,0.18323,0.01511,0.44867,0.00797,0.00013,0.06225,0.12761
13,"At home, You really",dua_unemb,0.5,1,38,0.50446,0.46526,0.39607,0.37226,0.06464,0.44867,0.0166,0.00055,0.13493,0.26059
13,"At home, You really",dua_unemb,0.7,1,57,0.70371,0.50502,0.80067,0.74389,0.07008,0.44867,0.05636,0.00636,0.24155,0.55275
13,"At home, You really",dua_unemb,0.9,1,96,0.90319,0.58597,1.99074,1.88157,0.09015,0.44867,0.1373,0.03811,0.47734,1.47529
13,"At home, You really",dua_unemb,0.99,1,126,0.99004,0.62471,3.62465,3.49213,0.09816,0.44867,0.17605,0.06356,0.67327,2.88782
13,"At home, You really",euc_dmd,0.3,1,18,0.33859,0.0934,2.68355,2.68431,0.29511,0.44867,0.35527,0.42991,0.97369,1.27995
13,"At home, You really",euc_dmd,0.5,1,21,0.53898,0.06143,3.75922,3.75236,0.31365,0.44867,0.38723,0.59878,1.25098,1.90946
13,"At home, You really",euc_dmd,0.7,1,24,0.72411,0.04118,4.94518,4.92916,0.32085,0.44867,0.40749,0.76651,1.55829,2.62039
13,"At home, You really",euc_dmd,0.9,1,29,0.90893,0.02347,7.00015,6.9672,0.3292,0.44867,0.4252,1.00862,2.098,3.89353
13,"At home, You really",euc_dmd,0.99,1,38,0.99103,0.01011,10.54247,10.4777,0.33839,0.44867,0.43855,1.37881,2.88557,6.27809
13,"At home, You really",cau_dmd,0.3,1,19,0.30728,0.05861,2.96998,2.97272,0.27252,0.44867,0.39005,0.61821,0.90913,1.44264
13,"At home, You really",cau_dmd,0.5,1,22,0.50294,0.02889,4.2699,4.26366,0.29153,0.44867,0.41978,0.91855,1.18523,2.16612
13,"At home, You really",cau_dmd,0.7,1,26,0.74779,0.01225,6.12405,6.10398,0.31509,0.44867,0.43641,1.29392,1.60587,3.22426
13,"At home, You really",cau_dmd,0.9,1,31,0.918,0.00518,8.44855,8.41026,0.32594,0.44867,0.44349,1.67637,2.17625,4.59593
13,"At home, You really",cau_dmd,0.99,1,40,0.99183,0.00143,12.35682,12.28536,0.33897,0.44867,0.44724,2.25187,3.00793,7.09702
13,"At home, You really",dua_dmd,0.3,1,24,0.32079,0.29859,0.54573,0.54718,0.18653,0.44867,0.15007,0.04996,0.19803,0.29773
13,"At home, You really",dua_dmd,0.5,1,35,0.50184,0.28682,1.01558,1.0072,0.24437,0.44867,0.16185,0.05884,0.41797,0.53877
13,"At home, You really",dua_dmd,0.7,1,56,0.70302,0.29123,2.11667,2.08558,0.27076,0.44867,0.15744,0.05541,0.7064,1.35485
13,"At home, You really",dua_dmd,0.9,1,81,0.90558,0.29229,3.98051,3.92543,0.26149,0.44867,0.15637,0.0546,1.13937,2.78654
13,"At home, You really",dua_dmd,0.99,1,98,0.99019,0.30038,5.38342,5.31377,0.28224,0.44867,0.14829,0.04869,1.51366,3.82107
186,"Over time, Both of them still",euc_ctx,0.3,1,14,0.30517,0.24449,0.33085,0.33601,0.1541,0.41894,0.17445,0.07307,0.04769,0.21009
186,"Over time, Both of them still",euc_ctx,0.5,1,19,0.533,0.21411,0.62264,0.62717,0.18266,0.41894,0.20483,0.10575,0.11874,0.39815
186,"Over time, Both of them still",euc_ctx,0.7,1,23,0.70701,0.20733,0.90289,0.906,0.21299,0.41894,0.2116,0.11423,0.19996,0.58871
186,"Over time, Both of them still",euc_ctx,0.9,1,31,0.91048,0.22262,1.51228,1.51074,0.24577,0.41894,0.19632,0.09575,0.36167,1.05487
186,"Over time, Both of them still",euc_ctx,0.99,1,46,0.99076,0.27154,2.68689,2.67317,0.2541,0.41894,0.14739,0.05029,0.52228,2.11432
186,"Over time, Both of them still",cau_ctx,0.3,1,29,0.31921,0.20022,0.54124,0.54388,0.17031,0.41894,0.21871,0.12366,0.06807,0.34951
186,"Over time, Both of them still",cau_ctx,0.5,1,38,0.52161,0.15423,0.96926,0.96954,0.22249,0.41894,0.26471,0.20051,0.15005,0.61869
186,"Over time, Both of them still",cau_ctx,0.7,1,47,0.7126,0.12483,1.49378,1.49033,0.24007,0.41894,0.29411,0.26926,0.26942,0.9551
186,"Over time, Both of them still",cau_ctx,0.9,1,62,0.90094,0.09609,2.47262,2.46085,0.25058,0.41894,0.32284,0.36009,0.48835,1.62418
186,"Over time, Both of them still",cau_ctx,0.99,1,95,0.99006,0.05619,4.71856,4.68405,0.25655,0.41894,0.36275,0.55979,0.81878,3.34
186,"Over time, Both of them still",dua_ctx,0.3,1,55,0.30142,0.30978,0.47383,0.46664,0.01731,0.41894,0.10915,0.02643,0.04571,0.40169
186,"Over time, Both of them still",dua_ctx,0.5,1,87,0.50181,0.26128,1.19323,1.16863,0.03619,0.41894,0.15765,0.0583,0.13325,1.00169
186,"Over time, Both of them still",dua_ctx,0.7,1,126,0.70288,0.22486,2.48157,2.42962,0.04218,0.41894,0.19407,0.09322,0.24834,2.14
186,"Over time, Both of them still",dua_ctx,0.9,1,165,0.90389,0.19497,4.04071,3.9648,0.17824,0.41894,0.22397,0.131,0.37,3.53971
186,"Over time, Both of them still",dua_ctx,0.99,1,195,0.99043,0.18832,5.28327,5.19356,0.2071,0.41894,0.23062,0.14075,0.4645,4.67801
186,"Over time, Both of them still",euc_unemb,0.3,1,6,0.34825,0.30485,0.14946,0.15375,0.14156,0.41894,0.11409,0.02902,0.04991,0.07053
186,"Over time, Both of them still",euc_unemb,0.5,1,8,0.58498,0.33014,0.26571,0.26979,0.14327,0.41894,0.0888,0.01716,0.11474,0.13381
186,"Over time, Both of them still",euc_unemb,0.7,1,10,0.78694,0.39808,0.43223,0.43487,0.16071,0.41894,0.02086,0.0009,0.20209,0.22923
186,"Over time, Both of them still",euc_unemb,0.9,1,12,0.90575,0.49214,0.67081,0.6706,0.2068,0.41894,0.07321,0.01078,0.29009,0.36994
186,"Over time, Both of them still",euc_unemb,0.99,1,17,0.99026,0.68057,1.6169,1.6045,0.21973,0.41894,0.26163,0.14439,0.47822,0.99429
186,"Over time, Both of them still",cau_unemb,0.3,1,6,0.3012,0.28175,0.13085,0.13433,0.13858,0.41894,0.13718,0.04303,0.03191,0.05591
186,"Over time, Both of them still",cau_unemb,0.5,1,8,0.51545,0.28711,0.21955,0.22294,0.14226,0.41894,0.13183,0.03949,0.07706,0.103
186,"Over time, Both of them still",cau_unemb,0.7,1,10,0.7233,0.32887,0.33203,0.33444,0.18058,0.41894,0.09006,0.01767,0.14326,0.1711
186,"Over time, Both of them still",cau_unemb,0.9,1,13,0.90883,0.44395,0.57932,0.57832,0.13424,0.41894,0.02501,0.00127,0.2473,0.33075
186,"Over time, Both of them still",cau_unemb,0.99,1,19,0.99284,0.65337,1.48604,1.472,0.17077,0.41894,0.23443,0.11399,0.41669,0.95535
186,"Over time, Both of them still",dua_unemb,0.3,1,10,0.31688,0.4141,0.07514,0.07672,0.01004,0.41894,0.00484,5e-05,0.01405,0.06104
186,"Over time, Both of them still",dua_unemb,0.5,1,16,0.51448,0.43318,0.21474,0.21235,0.01337,0.41894,0.01425,0.00041,0.04123,0.1731
186,"Over time, Both of them still",dua_unemb,0.7,1,27,0.70921,0.47358,0.60867,0.59381,0.0184,0.41894,0.05465,0.00602,0.09426,0.50838
186,"Over time, Both of them still",dua_unemb,0.9,1,48,0.90605,0.5327,1.67529,1.6288,0.16162,0.41894,0.11376,0.02596,0.19567,1.45365
186,"Over time, Both of them still",dua_unemb,0.99,1,66,0.99128,0.57673,2.88148,2.80663,0.16664,0.41894,0.15779,0.05019,0.27589,2.5554
186,"Over time, Both of them still",euc_dmd,0.3,1,7,0.35287,0.19667,0.59318,0.59682,0.19453,0.41894,0.22226,0.12858,0.18616,0.27845
186,"Over time, Both of them still",euc_dmd,0.5,1,9,0.53503,0.16676,0.95414,0.95595,0.21218,0.41894,0.25218,0.17646,0.28557,0.49212
186,"Over time, Both of them still",euc_dmd,0.7,1,11,0.70207,0.14543,1.37304,1.37176,0.22609,0.41894,0.27351,0.21911,0.38109,0.77284
186,"Over time, Both of them still",euc_dmd,0.9,1,15,0.90255,0.11372,2.36643,2.35606,0.24389,0.41894,0.30522,0.30098,0.56875,1.4967
186,"Over time, Both of them still",euc_dmd,0.99,1,23,0.99176,0.06444,4.75528,4.72089,0.2514,0.41894,0.35449,0.50748,0.97365,3.27415
186,"Over time, Both of them still",cau_dmd,0.3,1,8,0.30417,0.18096,0.7014,0.70572,0.20686,0.41894,0.23798,0.15221,0.22817,0.32102
186,"Over time, Both of them still",cau_dmd,0.5,1,11,0.51554,0.12646,1.30541,1.30672,0.21704,0.41894,0.29247,0.26489,0.36686,0.67366
186,"Over time, Both of them still",cau_dmd,0.7,1,14,0.71588,0.08565,2.06258,2.05831,0.24072,0.41894,0.33329,0.40162,0.49656,1.1644
186,"Over time, Both of them still",cau_dmd,0.9,1,19,0.91167,0.04337,3.58878,3.57132,0.2485,0.41894,0.37556,0.66039,0.73634,2.19205
186,"Over time, Both of them still",cau_dmd,0.99,1,28,0.99217,0.0122,6.75063,6.70394,0.25253,0.41894,0.40674,1.17323,1.24409,4.33331
186,"Over time, Both of them still",dua_dmd,0.3,1,10,0.33935,0.3079,0.26516,0.26753,0.02021,0.41894,0.11103,0.0274,0.06145,0.17631
186,"Over time, Both of them still",dua_dmd,0.5,1,14,0.50419,0.27919,0.48753,0.4882,0.15705,0.41894,0.13974,0.04479,0.12831,0.31443
186,"Over time, Both of them still",dua_dmd,0.7,1,20,0.7104,0.25464,0.87729,0.87384,0.20828,0.41894,0.1643,0.06389,0.24581,0.5676
186,"Over time, Both of them still",dua_dmd,0.9,1,31,0.9073,0.24941,1.62853,1.61555,0.18132,0.41894,0.16953,0.06852,0.41146,1.14855
186,"Over time, Both of them still",dua_dmd,0.99,1,52,0.99108,0.27866,3.12557,3.09258,0.21427,0.41894,0.14028,0.04516,0.57096,2.50946
272,"Honestly, Parents typically",euc_ctx,0.3,1,31,0.33723,0.21627,1.45079,1.45718,0.29166,0.53589,0.31962,0.24309,0.22063,0.98706
272,"Honestly, Parents typically",euc_ctx,0.5,1,35,0.52407,0.19664,1.84759,1.85119,0.30186,0.53589,0.33925,0.28261,0.29994,1.26504
272,"Honestly, Parents typically",euc_ctx,0.7,1,40,0.73367,0.19663,2.33019,2.32931,0.30633,0.53589,0.33926,0.28264,0.40273,1.64482
272,"Honestly, Parents typically",euc_ctx,0.9,1,47,0.90107,0.22394,2.97294,2.96439,0.30193,0.53589,0.31195,0.22899,0.51658,2.22738
272,"Honestly, Parents typically",euc_ctx,0.99,1,63,0.99057,0.30867,4.51355,4.4836,0.29712,0.53589,0.22722,0.11068,0.68022,3.72265
272,"Honestly, Parents typically",cau_ctx,0.3,1,63,0.30234,0.1534,2.42224,2.4222,0.29238,0.53589,0.38248,0.39134,0.387,1.64391
272,"Honestly, Parents typically",cau_ctx,0.5,1,73,0.52024,0.0897,3.43891,3.43063,0.29515,0.53589,0.44619,0.64525,0.51417,2.27949
272,"Honestly, Parents typically",cau_ctx,0.7,1,82,0.70542,0.05954,4.36637,4.34947,0.29659,0.53589,0.47635,0.84972,0.62414,2.8925
272,"Honestly, Parents typically",cau_ctx,0.9,1,98,0.90143,0.03447,5.96622,5.93268,0.2971,0.53589,0.50142,1.13043,0.80487,4.03092
272,"Honestly, Parents typically",cau_ctx,0.99,1,129,0.99035,0.0157,8.97591,8.90857,0.29739,0.53589,0.52019,1.54286,1.12866,6.3044
272,"Honestly, Parents typically",dua_ctx,0.3,1,82,0.30106,0.38189,1.02537,1.00543,0.01602,0.53589,0.15399,0.04857,0.10864,0.86816
272,"Honestly, Parents typically",dua_ctx,0.5,1,116,0.50567,0.31149,2.15727,2.10483,0.02662,0.53589,0.22439,0.1077,0.25463,1.79494
272,"Honestly, Parents typically",dua_ctx,0.7,1,153,0.70183,0.26132,3.78789,3.69762,0.03241,0.53589,0.27456,0.16917,0.51869,3.10003
272,"Honestly, Parents typically",dua_ctx,0.9,1,194,0.90221,0.22411,5.54149,5.42526,0.05807,0.53589,0.31178,0.22868,0.8657,4.44712
272,"Honestly, Parents typically",dua_ctx,0.99,1,228,0.99051,0.21264,6.81982,6.69232,0.21481,0.53589,0.32324,0.25002,1.15103,5.41878
272,"Honestly, Parents typically",euc_unemb,0.3,1,12,0.40752,0.3622,0.5064,0.51652,0.08305,0.53589,0.17369,0.06238,0.14213,0.30188
272,"Honestly, Parents typically",euc_unemb,0.5,1,13,0.54924,0.38913,0.59313,0.60254,0.18309,0.53589,0.14675,0.04397,0.18092,0.36824
272,"Honestly, Parents typically",euc_unemb,0.7,1,15,0.79059,0.4812,0.82403,0.83032,0.24682,0.53589,0.05468,0.00598,0.27375,0.54429
272,"Honestly, Parents typically",euc_unemb,0.9,1,17,0.91985,0.58661,1.17166,1.17251,0.25284,0.53589,0.05073,0.00525,0.36648,0.79993
272,"Honestly, Parents typically",euc_unemb,0.99,1,21,0.99006,0.70548,2.15346,2.13886,0.2799,0.53589,0.1696,0.06373,0.51067,1.57906
272,"Honestly, Parents typically",cau_unemb,0.3,1,13,0.42068,0.30775,0.60055,0.61051,0.23733,0.53589,0.22814,0.11166,0.13443,0.35445
272,"Honestly, Parents typically",cau_unemb,0.5,1,14,0.55242,0.32856,0.67839,0.68776,0.2377,0.53589,0.20733,0.09076,0.17073,0.4169
272,"Honestly, Parents typically",cau_unemb,0.7,1,16,0.77879,0.40882,0.8518,0.85883,0.24801,0.53589,0.12707,0.03273,0.2532,0.56588
272,"Honestly, Parents typically",cau_unemb,0.9,1,18,0.90784,0.52041,1.08641,1.08938,0.27054,0.53589,0.01548,0.00048,0.329,0.75692
272,"Honestly, Parents typically",cau_unemb,0.99,1,23,0.99155,0.72809,2.02685,2.01396,0.27874,0.53589,0.19221,0.08389,0.45929,1.48367
272,"Honestly, Parents typically",dua_unemb,0.3,1,16,0.30756,0.49647,0.12432,0.12835,0.00668,0.53589,0.03942,0.00311,0.01633,0.10488
272,"Honestly, Parents typically",dua_unemb,0.5,1,21,0.50594,0.50813,0.26371,0.26224,0.00842,0.53589,0.02775,0.00154,0.03743,0.22474
272,"Honestly, Parents typically",dua_unemb,0.7,1,29,0.70176,0.53073,0.60915,0.59296,0.015,0.53589,0.00515,5e-05,0.08011,0.52899
272,"Honestly, Parents typically",dua_unemb,0.9,1,45,0.90567,0.56436,1.56846,1.51267,0.02392,0.53589,0.02847,0.00164,0.1811,1.38572
272,"Honestly, Parents typically",dua_unemb,0.99,1,60,0.99114,0.59451,2.66366,2.56889,0.02922,0.53589,0.05863,0.00704,0.27254,2.38408
272,"Honestly, Parents typically",euc_dmd,0.3,1,15,0.34673,0.07338,2.85605,2.8553,0.30138,0.53589,0.46251,0.74461,0.60131,1.51013
272,"Honestly, Parents typically",euc_dmd,0.5,1,17,0.52707,0.0546,3.52802,3.52203,0.30627,0.53589,0.48129,0.89372,0.7163,1.918
272,"Honestly, Parents typically",euc_dmd,0.7,1,20,0.76319,0.03904,4.55982,4.54426,0.3049,0.53589,0.49685,1.06593,0.89133,2.60256
272,"Honestly, Parents typically",euc_dmd,0.9,1,24,0.92567,0.02734,6.00726,5.97656,0.30295,0.53589,0.50855,1.2512,1.13243,3.62363
272,"Honestly, Parents typically",euc_dmd,0.99,1,31,0.99184,0.01457,8.72523,8.66471,0.30065,0.53589,0.52131,1.58224,1.57446,5.56853
272,"Honestly, Parents typically",cau_dmd,0.3,1,19,0.35631,0.04098,3.84898,3.84783,0.30673,0.53589,0.4949,1.04081,0.77636,2.03182
272,"Honestly, Parents typically",cau_dmd,0.5,1,21,0.50902,0.02402,4.7018,4.69411,0.3072,0.53589,0.51186,1.31892,0.86557,2.51732
272,"Honestly, Parents typically",cau_dmd,0.7,1,24,0.72428,0.01136,6.04555,6.02653,0.30636,0.53589,0.52453,1.7142,1.02183,3.30952
272,"Honestly, Parents typically",cau_dmd,0.9,1,29,0.92408,0.00395,8.33982,8.2999,0.30619,0.53589,0.53194,2.2769,1.34438,4.71854
272,"Honestly, Parents typically",cau_dmd,0.99,1,36,0.99042,0.0011,11.57647,11.50576,0.30497,0.53589,0.53478,2.95984,1.85349,6.76314
272,"Honestly, Parents typically",dua_dmd,0.3,1,17,0.34388,0.34085,0.52541,0.53268,0.04682,0.53589,0.19503,0.07965,0.14958,0.29618
272,"Honestly, Parents typically",dua_dmd,0.5,1,20,0.50376,0.31081,0.81102,0.81681,0.05605,0.53589,0.22507,0.10841,0.2812,0.42141
272,"Honestly, Parents typically",dua_dmd,0.7,1,25,0.7023,0.28747,1.29494,1.29675,0.07875,0.53589,0.24842,0.13479,0.50672,0.65344
272,"Honestly, Parents typically",dua_dmd,0.9,1,35,0.90895,0.28071,2.28566,2.27476,0.0961,0.53589,0.25518,0.14316,0.8815,1.261
272,"Honestly, Parents typically",dua_dmd,0.99,1,47,0.99072,0.29529,3.55218,3.52058,0.2234,0.53589,0.24059,0.12553,1.25382,2.17283
120,"Over time, Farmers also",euc_ctx,0.3,1,33,0.3011,0.08434,1.21587,1.22155,0.1724,0.41934,0.335,0.40806,0.13874,0.66907
120,"Over time, Farmers also",euc_ctx,0.5,1,38,0.50907,0.07542,1.54678,1.55068,0.16957,0.41934,0.34392,0.44931,0.20683,0.89064
120,"Over time, Farmers also",euc_ctx,0.7,1,43,0.70605,0.07742,1.87342,1.87491,0.17025,0.41934,0.34192,0.4396,0.29072,1.1431
120,"Over time, Farmers also",euc_ctx,0.9,1,52,0.90712,0.09943,2.46095,2.45665,0.16971,0.41934,0.31992,0.34871,0.44167,1.67057
120,"Over time, Farmers also",euc_ctx,0.99,1,70,0.991,0.16887,3.77443,3.75445,0.16964,0.41934,0.25048,0.17318,0.65064,2.95061
120,"Over time, Farmers also",cau_ctx,0.3,1,75,0.31553,0.05865,1.96709,1.96387,0.15375,0.41934,0.36069,0.54434,0.30332,1.11943
120,"Over time, Farmers also",cau_ctx,0.5,1,85,0.50069,0.04057,2.62187,2.61313,0.16145,0.41934,0.37877,0.68786,0.3945,1.53951
120,"Over time, Farmers also",cau_ctx,0.7,1,97,0.71371,0.02754,3.50446,3.48748,0.16239,0.41934,0.3918,0.84248,0.52921,2.13277
120,"Over time, Farmers also",cau_ctx,0.9,1,115,0.90387,0.01747,4.89978,4.86843,0.16678,0.41934,0.40187,1.02739,0.7374,3.13499
120,"Over time, Farmers also",cau_ctx,0.99,1,149,0.99053,0.00894,7.53408,7.47343,0.16836,0.41934,0.4104,1.30334,1.0611,5.16964
120,"Over time, Farmers also",dua_ctx,0.3,1,81,0.30587,0.26206,0.81927,0.81215,0.03695,0.41934,0.15728,0.05795,0.07904,0.68228
120,"Over time, Farmers also",dua_ctx,0.5,1,106,0.5065,0.21514,1.43143,1.41063,0.04555,0.41934,0.20421,0.10489,0.13269,1.19384
120,"Over time, Farmers also",dua_ctx,0.7,1,129,0.70154,0.17991,2.21164,2.17512,0.13721,0.41934,0.23943,0.15439,0.21593,1.84133
120,"Over time, Farmers also",dua_ctx,0.9,1,159,0.90345,0.15079,3.60686,3.54729,0.1588,0.41934,0.26856,0.20818,0.41803,2.98065
120,"Over time, Farmers also",dua_ctx,0.99,1,186,0.99015,0.14068,5.13531,5.05678,0.17714,0.41934,0.27866,0.23039,0.64411,4.26081
120,"Over time, Farmers also",euc_unemb,0.3,1,14,0.36079,0.12305,0.75524,0.76176,0.16897,0.41934,0.29629,0.27475,0.10465,0.37584
120,"Over time, Farmers also",euc_unemb,0.5,1,16,0.58799,0.1347,0.87557,0.88136,0.17068,0.41934,0.28464,0.24459,0.14528,0.4857
120,"Over time, Farmers also",euc_unemb,0.7,1,18,0.78243,0.17085,0.98685,0.99124,0.17099,0.41934,0.24849,0.16967,0.19876,0.61842
120,"Over time, Farmers also",euc_unemb,0.9,1,20,0.90024,0.2317,1.12775,1.12985,0.16993,0.41934,0.18764,0.08617,0.25719,0.78439
120,"Over time, Farmers also",euc_unemb,0.99,1,26,0.9928,0.44225,2.02438,2.01312,0.16344,0.41934,0.0229,0.00107,0.41426,1.60906
120,"Over time, Farmers also",cau_unemb,0.3,1,15,0.35505,0.11159,0.72543,0.73155,0.18943,0.41934,0.30775,0.3082,0.08508,0.33215
120,"Over time, Farmers also",cau_unemb,0.5,1,17,0.56618,0.12005,0.81694,0.82256,0.18356,0.41934,0.2993,0.28313,0.11846,0.41535
120,"Over time, Farmers also",cau_unemb,0.7,1,19,0.75509,0.1489,0.88484,0.88951,0.18132,0.41934,0.27044,0.21217,0.16142,0.51125
120,"Over time, Farmers also",cau_unemb,0.9,1,22,0.9173,0.23508,1.00307,1.00514,0.17413,0.41934,0.18426,0.08266,0.2288,0.69161
120,"Over time, Farmers also",cau_unemb,0.99,1,28,0.99276,0.47162,1.62894,1.62012,0.15357,0.41934,0.05227,0.00551,0.32722,1.29621
120,"Over time, Farmers also",dua_unemb,0.3,1,19,0.33463,0.36784,0.16301,0.16802,0.01383,0.41934,0.05151,0.00561,0.01999,0.13741
120,"Over time, Farmers also",dua_unemb,0.5,1,24,0.53018,0.37416,0.31143,0.31338,0.03529,0.41934,0.04518,0.0043,0.04153,0.26561
120,"Over time, Farmers also",dua_unemb,0.7,1,30,0.70622,0.38655,0.58071,0.57649,0.05051,0.41934,0.03279,0.00225,0.0728,0.50566
120,"Over time, Farmers also",dua_unemb,0.9,1,45,0.90731,0.42329,1.6349,1.60823,0.12674,0.41934,0.00395,3e-05,0.14275,1.49212
120,"Over time, Farmers also",dua_unemb,0.99,1,60,0.99111,0.45619,3.10413,3.04994,0.14743,0.41934,0.03684,0.00275,0.20998,2.8914
120,"Over time, Farmers also",euc_dmd,0.3,1,17,0.30191,0.04831,2.05759,2.05887,0.16402,0.41934,0.37103,0.61932,0.48499,0.95328
120,"Over time, Farmers also",euc_dmd,0.5,1,20,0.51757,0.03152,2.79424,2.78963,0.1669,0.41934,0.38782,0.7882,0.56913,1.43691
120,"Over time, Farmers also",euc_dmd,0.7,1,23,0.71842,0.02104,3.6484,3.63584,0.1679,0.41934,0.3983,0.95148,0.65992,2.037
120,"Over time, Farmers also",euc_dmd,0.9,1,28,0.9098,0.01153,5.23719,5.20862,0.1674,0.41934,0.40782,1.19822,0.84541,3.19356
120,"Over time, Farmers also",euc_dmd,0.99,1,37,0.99057,0.00448,8.23184,8.17165,0.1668,0.41934,0.41487,1.59065,1.1902,5.45099
120,"Over time, Farmers also",cau_dmd,0.3,1,23,0.32788,0.01973,3.07644,3.07211,0.16484,0.41934,0.39962,0.97773,0.62517,1.47355
120,"Over time, Farmers also",cau_dmd,0.5,1,26,0.51209,0.00938,4.06892,4.0563,0.16672,0.41934,0.40996,1.28325,0.70418,2.0815
120,"Over time, Farmers also",cau_dmd,0.7,1,30,0.74444,0.0038,5.50172,5.47634,0.16475,0.41934,0.41555,1.65926,0.85632,2.98614
120,"Over time, Farmers also",cau_dmd,0.9,1,35,0.91273,0.00148,7.33303,7.29041,0.16368,0.41934,0.41786,2.05319,1.08927,4.19057
120,"Over time, Farmers also",cau_dmd,0.99,1,44,0.99058,0.00035,10.63913,10.56413,0.16687,0.41934,0.41899,2.65737,1.52986,6.4519
120,"Over time, Farmers also",dua_dmd,0.3,1,19,0.3076,0.24083,0.47906,0.48627,0.13364,0.41934,0.17851,0.07691,0.11689,0.28526
120,"Over time, Farmers also",dua_dmd,0.5,1,24,0.52979,0.21065,0.8504,0.85655,0.13451,0.41934,0.20869,0.11042,0.27345,0.46653
120,"Over time, Farmers also",dua_dmd,0.7,1,29,0.70048,0.19835,1.21563,1.21993,0.13908,0.41934,0.221,0.12668,0.40597,0.68298
120,"Over time, Farmers also",dua_dmd,0.9,1,39,0.90059,0.19744,2.03683,2.03504,0.15133,0.41934,0.2219,0.12794,0.65843,1.25046
120,"Over time, Farmers also",dua_dmd,0.99,1,58,0.99078,0.22323,3.92826,3.90824,0.16001,0.41934,0.19611,0.09542,1.0629,2.76994
12,"Lately, You never",euc_ctx,0.3,1,34,0.3095,0.09072,1.5638,1.56428,0.36522,0.60532,0.5146,0.81947,0.16098,0.58334
12,"Lately, You never",euc_ctx,0.5,1,39,0.51192,0.07165,1.99433,1.99221,0.3819,0.60532,0.53367,0.95417,0.29884,0.74132
12,"Lately, You never",euc_ctx,0.7,1,44,0.70683,0.06499,2.4215,2.41639,0.39619,0.60532,0.54033,1.01036,0.50003,0.91111
12,"Lately, You never",euc_ctx,0.9,1,53,0.9096,0.06981,3.16685,3.1556,0.41097,0.60532,0.53551,0.9691,0.95455,1.2432
12,"Lately, You never",euc_ctx,0.99,1,71,0.99106,0.09758,4.50117,4.47534,0.3938,0.60532,0.50774,0.77835,1.72884,1.99398
12,"Lately, You never",cau_ctx,0.3,1,65,0.30234,0.09547,1.65357,1.65095,0.3627,0.60532,0.50985,0.79069,0.21223,0.65066
12,"Lately, You never",cau_ctx,0.5,1,75,0.51603,0.07106,2.21354,2.20704,0.38059,0.60532,0.53425,0.95887,0.40227,0.8524
12,"Lately, You never",cau_ctx,0.7,1,84,0.70333,0.06073,2.75333,2.74271,0.38588,0.60532,0.54458,1.04958,0.64878,1.05497
12,"Lately, You never",cau_ctx,0.9,1,100,0.90412,0.05461,3.76561,3.74642,0.38854,0.60532,0.55071,1.11139,1.19192,1.4623
12,"Lately, You never",cau_ctx,0.99,1,131,0.99067,0.0465,5.86659,5.82732,0.39362,0.60532,0.55882,1.20528,2.26672,2.39459
12,"Lately, You never",dua_ctx,0.3,1,157,0.30098,0.37732,2.77387,2.71113,0.07907,0.60532,0.228,0.10616,0.37696,2.29075
12,"Lately, You never",dua_ctx,0.5,1,270,0.50132,0.28927,6.69885,6.58558,0.08566,0.60532,0.31605,0.21481,0.69036,5.79368
12,"Lately, You never",dua_ctx,0.7,1,339,0.70081,0.22846,8.26055,8.13475,0.08786,0.60532,0.37685,0.32525,0.9944,6.9409
12,"Lately, You never",dua_ctx,0.9,1,390,0.90335,0.18553,9.26981,9.13878,0.24312,0.60532,0.41979,0.42988,1.27369,7.56625
12,"Lately, You never",dua_ctx,0.99,1,420,0.99041,0.16803,9.72114,9.58779,0.24288,0.60532,0.43729,0.48147,1.43317,7.8065
12,"Lately, You never",euc_unemb,0.3,1,13,0.32319,0.24249,0.56176,0.56847,0.24812,0.60532,0.36282,0.29642,0.11078,0.15456
12,"Lately, You never",euc_unemb,0.5,1,15,0.54726,0.25365,0.70065,0.70683,0.33126,0.60532,0.35167,0.27504,0.22433,0.20128
12,"Lately, You never",euc_unemb,0.7,1,17,0.75339,0.303,0.84079,0.8457,0.30765,0.60532,0.30232,0.19444,0.38846,0.25789
12,"Lately, You never",euc_unemb,0.9,1,20,0.92433,0.43641,1.06089,1.06211,0.30998,0.60532,0.16891,0.05744,0.63106,0.37239
12,"Lately, You never",euc_unemb,0.99,1,25,0.99178,0.65462,1.53112,1.52135,0.29237,0.60532,0.0493,0.00527,0.82097,0.70488
12,"Lately, You never",cau_unemb,0.3,1,14,0.37574,0.2148,0.65279,0.65926,0.30513,0.60532,0.39052,0.35565,0.14625,0.1509
12,"Lately, You never",cau_unemb,0.5,1,16,0.59527,0.22957,0.7983,0.80416,0.33272,0.60532,0.37575,0.32289,0.28371,0.1917
12,"Lately, You never",cau_unemb,0.7,1,18,0.78188,0.27848,0.93785,0.9425,0.31149,0.60532,0.32683,0.23186,0.46688,0.2391
12,"Lately, You never",cau_unemb,0.9,1,21,0.93124,0.40809,1.13647,1.13792,0.33396,0.60532,0.19723,0.0787,0.72916,0.3286
12,"Lately, You never",cau_unemb,0.99,1,26,0.99179,0.64851,1.51571,1.5078,0.31162,0.60532,0.0432,0.00402,0.94634,0.56535
12,"Lately, You never",dua_unemb,0.3,1,26,0.3032,0.57658,0.24981,0.24701,0.01385,0.60532,0.02874,0.0017,0.04865,0.19945
12,"Lately, You never",dua_unemb,0.5,1,40,0.50939,0.6039,0.73362,0.71433,0.03237,0.60532,0.00141,0.0,0.14355,0.59006
12,"Lately, You never",dua_unemb,0.7,1,62,0.7049,0.64828,1.80352,1.74952,0.04248,0.60532,0.04297,0.00398,0.27009,1.52945
12,"Lately, You never",dua_unemb,0.9,1,102,0.90228,0.68896,4.3486,4.23737,0.05724,0.60532,0.08365,0.01565,0.47814,3.85481
12,"Lately, You never",dua_unemb,0.99,1,128,0.99047,0.69137,6.06307,5.92837,0.05696,0.60532,0.08605,0.01661,0.65438,5.39207
12,"Lately, You never",euc_dmd,0.3,1,13,0.30092,0.11687,1.29742,1.30322,0.35511,0.60532,0.48845,0.67768,0.31336,0.30638
12,"Lately, You never",euc_dmd,0.5,1,15,0.5058,0.10208,1.69804,1.70224,0.38829,0.60532,0.50324,0.75302,0.53315,0.41188
12,"Lately, You never",euc_dmd,0.7,1,17,0.70267,0.10082,2.14129,2.14318,0.39486,0.60532,0.50449,0.75997,0.84118,0.54014
12,"Lately, You never",euc_dmd,0.9,1,21,0.91854,0.11624,3.14809,3.14311,0.38244,0.60532,0.48908,0.68069,1.58615,0.88125
12,"Lately, You never",euc_dmd,0.99,1,28,0.99148,0.11719,5.04609,5.02269,0.38753,0.60532,0.48813,0.67619,2.62057,1.74933
12,"Lately, You never",cau_dmd,0.3,1,16,0.35371,0.11607,1.4617,1.46858,0.37926,0.60532,0.48925,0.68149,0.42621,0.35399
12,"Lately, You never",cau_dmd,0.5,1,18,0.53559,0.09995,1.88453,1.88944,0.36786,0.60532,0.50537,0.76487,0.64141,0.47825
12,"Lately, You never",cau_dmd,0.7,1,20,0.70541,0.09028,2.38594,2.38793,0.37605,0.60532,0.51504,0.82227,0.92628,0.63739
12,"Lately, You never",cau_dmd,0.9,1,24,0.90736,0.07503,3.61828,3.61158,0.37833,0.60532,0.53029,0.92767,1.62263,1.06797
12,"Lately, You never",cau_dmd,0.99,1,32,0.99232,0.03814,6.45183,6.42049,0.38758,0.60532,0.56718,1.3218,2.90588,2.22415
12,"Lately, You never",dua_dmd,0.3,1,32,0.3118,0.39879,1.07032,1.06634,0.06366,0.60532,0.20652,0.0865,0.37333,0.61049
12,"Lately, You never",dua_dmd,0.5,1,51,0.50547,0.38757,2.25582,2.23417,0.06983,0.60532,0.21774,0.09648,0.72386,1.43549
12,"Lately, You never",dua_dmd,0.7,1,76,0.70645,0.3856,3.94552,3.89731,0.0746,0.60532,0.21972,0.0983,1.16852,2.6787
12,"Lately, You never",dua_dmd,0.9,1,103,0.90209,0.38243,5.56172,5.48821,0.07584,0.60532,0.22288,0.10126,1.68759,3.77287
12,"Lately, You never",dua_dmd,0.99,1,122,0.99089,0.39041,6.55659,6.46745,0.08034,0.60532,0.21491,0.0939,2.0511,4.41159
213,"Every day, Voters typically",euc_ctx,0.3,1,37,0.32434,0.10649,1.46042,1.46369,0.0902,0.52912,0.42263,0.54666,0.20749,0.70627
213,"Every day, Voters typically",euc_ctx,0.5,1,42,0.53598,0.10121,1.74881,1.74963,0.09443,0.52912,0.42791,0.57077,0.27727,0.90077
213,"Every day, Voters typically",euc_ctx,0.7,1,47,0.7234,0.1098,1.99805,1.99569,0.09681,0.52912,0.41932,0.5322,0.34357,1.12228
213,"Every day, Voters typically",euc_ctx,0.9,1,56,0.90514,0.1456,2.42381,2.41387,0.09795,0.52912,0.38352,0.40219,0.42395,1.59767
213,"Every day, Voters typically",euc_ctx,0.99,1,78,0.99051,0.22032,3.87617,3.84004,0.18881,0.52912,0.3088,0.22612,0.52403,3.12602
213,"Every day, Voters typically",cau_ctx,0.3,1,78,0.31049,0.08296,2.10408,2.09967,0.09428,0.52912,0.44616,0.66652,0.31013,1.12743
213,"Every day, Voters typically",cau_ctx,0.5,1,88,0.51808,0.05939,2.73749,2.72726,0.09799,0.52912,0.46973,0.8314,0.414,1.4921
213,"Every day, Voters typically",cau_ctx,0.7,1,98,0.7149,0.04488,3.43378,3.41626,0.15829,0.52912,0.48425,0.97249,0.54076,1.92053
213,"Every day, Voters typically",cau_ctx,0.9,1,114,0.90232,0.03129,4.60811,4.57683,0.19424,0.52912,0.49783,1.15665,0.75033,2.70113
213,"Every day, Voters typically",cau_ctx,0.99,1,146,0.99038,0.01634,7.00792,6.94572,0.20199,0.52912,0.51278,1.49308,1.09096,4.42388
213,"Every day, Voters typically",dua_ctx,0.3,1,91,0.30452,0.33446,1.202,1.18767,0.03492,0.52912,0.19466,0.07978,0.11634,1.00588
213,"Every day, Voters typically",dua_ctx,0.5,1,118,0.50318,0.26177,2.07023,2.03587,0.06328,0.52912,0.26735,0.16063,0.18746,1.72214
213,"Every day, Voters typically",dua_ctx,0.7,1,140,0.70918,0.20949,2.99332,2.93955,0.07886,0.52912,0.31963,0.24631,0.26251,2.48451
213,"Every day, Voters typically",dua_ctx,0.9,1,161,0.90585,0.17302,4.14618,4.07204,0.14285,0.52912,0.3561,0.32628,0.39858,3.42133
213,"Every day, Voters typically",dua_ctx,0.99,1,181,0.99111,0.15847,5.48684,5.39344,0.1486,0.52912,0.37065,0.36452,0.60807,4.51425
213,"Every day, Voters typically",euc_unemb,0.3,1,14,0.33113,0.23744,0.49536,0.50591,0.07461,0.52912,0.29168,0.19698,0.09708,0.2013
213,"Every day, Voters typically",euc_unemb,0.5,1,16,0.5871,0.2722,0.58026,0.59012,0.07352,0.52912,0.25692,0.14666,0.15427,0.27933
213,"Every day, Voters typically",euc_unemb,0.7,1,17,0.70623,0.30684,0.63224,0.64122,0.07401,0.52912,0.22228,0.10624,0.19463,0.33137
213,"Every day, Voters typically",euc_unemb,0.9,1,20,0.91987,0.45281,0.90733,0.91099,0.15516,0.52912,0.07632,0.01169,0.32298,0.57266
213,"Every day, Voters typically",euc_unemb,0.99,1,25,0.99328,0.61213,1.84251,1.8299,0.2215,0.52912,0.08301,0.01421,0.48031,1.34798
213,"Every day, Voters typically",cau_unemb,0.3,1,15,0.31465,0.20008,0.55956,0.56962,0.07977,0.52912,0.32904,0.26504,0.08616,0.20836
213,"Every day, Voters typically",cau_unemb,0.5,1,17,0.54874,0.22219,0.63459,0.64429,0.07515,0.52912,0.30693,0.22278,0.14183,0.26998
213,"Every day, Voters typically",cau_unemb,0.7,1,19,0.76196,0.2843,0.70506,0.71349,0.0612,0.52912,0.24482,0.13155,0.22486,0.34865
213,"Every day, Voters typically",cau_unemb,0.9,1,22,0.93091,0.43987,0.88901,0.8932,0.07005,0.52912,0.08925,0.01602,0.35272,0.52028
213,"Every day, Voters typically",cau_unemb,0.99,1,27,0.99295,0.66378,1.58723,1.57832,0.18309,0.52912,0.13465,0.03864,0.50546,1.04314
213,"Every day, Voters typically",dua_unemb,0.3,1,18,0.30132,0.46754,0.15228,0.15934,0.00555,0.52912,0.06158,0.0076,0.0179,0.12679
213,"Every day, Voters typically",dua_unemb,0.5,1,22,0.50276,0.47066,0.26185,0.26689,0.00756,0.52912,0.05846,0.00684,0.03314,0.22187
213,"Every day, Voters typically",dua_unemb,0.7,1,27,0.71958,0.48297,0.44882,0.44918,0.00974,0.52912,0.04615,0.00426,0.05561,0.38895
213,"Every day, Voters typically",dua_unemb,0.9,1,35,0.91437,0.5097,0.90804,0.89624,0.0449,0.52912,0.01942,0.00075,0.09322,0.81406
213,"Every day, Voters typically",dua_unemb,0.99,1,47,0.99051,0.54318,1.96875,1.93034,0.07458,0.52912,0.01406,0.0004,0.14373,1.82462
213,"Every day, Voters typically",euc_dmd,0.3,1,19,0.36999,0.07552,2.19461,2.19514,0.09585,0.52912,0.4536,0.71245,0.668,0.81416
213,"Every day, Voters typically",euc_dmd,0.5,1,21,0.53695,0.06385,2.62367,2.6203,0.15629,0.52912,0.46527,0.79534,0.76898,1.05936
213,"Every day, Voters typically",euc_dmd,0.7,1,24,0.75479,0.05135,3.37512,3.3639,0.19368,0.52912,0.47778,0.90443,0.95283,1.51787
213,"Every day, Voters typically",euc_dmd,0.9,1,28,0.91248,0.0386,4.54065,4.51616,0.20007,0.52912,0.49052,1.04913,1.23192,2.2596
213,"Every day, Voters typically",euc_dmd,0.99,1,37,0.99172,0.01823,7.4385,7.37911,0.21015,0.52912,0.51089,1.43617,1.83231,4.17002
213,"Every day, Voters typically",cau_dmd,0.3,1,23,0.32854,0.05114,2.56355,2.56368,0.1499,0.52912,0.47798,0.9064,0.70526,0.95188
213,"Every day, Voters typically",cau_dmd,0.5,1,26,0.55371,0.02698,3.5592,3.55081,0.17272,0.52912,0.50214,1.23298,0.87907,1.44714
213,"Every day, Voters typically",cau_dmd,0.7,1,29,0.75645,0.01463,4.70223,4.68332,0.18622,0.52912,0.51449,1.55082,1.12053,2.03087
213,"Every day, Voters typically",cau_dmd,0.9,1,33,0.91158,0.00723,6.29168,6.25734,0.19674,0.52912,0.52189,1.92026,1.5004,2.87102
213,"Every day, Voters typically",cau_dmd,0.99,1,41,0.9904,0.00214,9.43977,9.37315,0.20511,0.52912,0.52698,2.56148,2.26171,4.61658
213,"Every day, Voters typically",dua_dmd,0.3,1,23,0.31175,0.32484,0.68093,0.68846,0.06885,0.52912,0.20428,0.08847,0.24593,0.34653
213,"Every day, Voters typically",dua_dmd,0.5,1,30,0.50154,0.29096,1.09624,1.10134,0.06368,0.52912,0.23816,0.12369,0.41142,0.56113
213,"Every day, Voters typically",dua_dmd,0.7,1,38,0.7195,0.26641,1.62075,1.6213,0.06741,0.52912,0.26271,0.15431,0.59339,0.87306
213,"Every day, Voters typically",dua_dmd,0.9,1,50,0.90824,0.26013,2.47947,2.46918,0.08418,0.52912,0.26899,0.16292,0.81995,1.4966
213,"Every day, Voters typically",dua_dmd,0.99,1,81,0.99046,0.28915,4.93255,4.88227,0.15047,0.52912,0.23998,0.1258,1.32525,3.4815
53,"At work, Farmers typically",euc_ctx,0.3,1,39,0.32907,0.31043,1.30126,1.31124,0.22887,0.68797,0.37754,0.30005,0.31375,0.68746
53,"At work, Farmers typically",euc_ctx,0.5,1,44,0.53271,0.27608,1.67063,1.67733,0.23763,0.68797,0.41188,0.36554,0.40369,0.90139
53,"At work, Farmers typically",euc_ctx,0.7,1,49,0.71719,0.26673,2.01668,2.01908,0.23974,0.68797,0.42124,0.38525,0.49495,1.13648
53,"At work, Farmers typically",euc_ctx,0.9,1,58,0.90517,0.28438,2.5733,2.56614,0.23775,0.68797,0.40359,0.34878,0.6232,1.60132
53,"At work, Farmers typically",euc_ctx,0.99,1,77,0.99055,0.33505,3.73109,3.69987,0.23443,0.68797,0.35292,0.25888,0.77451,2.6977
53,"At work, Farmers typically",cau_ctx,0.3,1,80,0.3123,0.19268,2.10164,2.1025,0.22828,0.68797,0.49528,0.57895,0.46709,1.0556
53,"At work, Farmers typically",cau_ctx,0.5,1,91,0.51744,0.11788,2.91301,2.90582,0.23531,0.68797,0.57008,0.88934,0.58087,1.4428
53,"At work, Farmers typically",cau_ctx,0.7,1,102,0.70887,0.07686,3.75483,3.73826,0.23516,0.68797,0.6111,1.16937,0.72739,1.85806
53,"At work, Farmers typically",cau_ctx,0.9,1,121,0.90291,0.04326,5.15394,5.11967,0.23501,0.68797,0.64471,1.55373,0.99078,2.60943
53,"At work, Farmers typically",cau_ctx,0.99,1,158,0.99045,0.01752,7.68222,7.61177,0.23577,0.68797,0.67045,2.1674,1.39186,4.12296
53,"At work, Farmers typically",dua_ctx,0.3,1,105,0.30248,0.4419,1.53661,1.51361,0.01963,0.68797,0.24607,0.12311,0.16667,1.24683
53,"At work, Farmers typically",dua_ctx,0.5,1,141,0.50439,0.34458,2.94814,2.89365,0.02633,0.68797,0.34338,0.24408,0.35767,2.34638
53,"At work, Farmers typically",dua_ctx,0.7,1,177,0.70144,0.27812,4.73191,4.64236,0.06162,0.68797,0.40985,0.36137,0.54347,3.82707
53,"At work, Farmers typically",dua_ctx,0.9,1,223,0.90009,0.22865,6.95578,6.8363,0.18458,0.68797,0.45932,0.47543,0.77396,5.70639
53,"At work, Farmers typically",dua_ctx,0.99,1,252,0.99061,0.21087,7.96899,7.83984,0.19026,0.68797,0.4771,0.52401,0.96656,6.47842
53,"At work, Farmers typically",euc_unemb,0.3,1,16,0.4061,0.49067,0.58988,0.60296,0.19717,0.68797,0.1973,0.07962,0.22266,0.28759
53,"At work, Farmers typically",euc_unemb,0.5,1,17,0.52509,0.50935,0.65443,0.6667,0.20797,0.68797,0.17862,0.06558,0.25358,0.33528
53,"At work, Farmers typically",euc_unemb,0.7,1,19,0.74232,0.56941,0.81839,0.82766,0.21846,0.68797,0.11856,0.02963,0.33246,0.4563
53,"At work, Farmers typically",euc_unemb,0.9,1,22,0.92315,0.66697,1.17895,1.18045,0.21628,0.68797,0.021,0.001,0.45702,0.72093
53,"At work, Farmers typically",euc_unemb,0.99,1,27,0.99219,0.74221,2.01453,1.99821,0.23782,0.68797,0.05424,0.00738,0.63873,1.36843
53,"At work, Farmers typically",cau_unemb,0.3,1,16,0.3037,0.41418,0.55258,0.566,0.18675,0.68797,0.27379,0.15255,0.14534,0.25469
53,"At work, Farmers typically",cau_unemb,0.5,1,18,0.51894,0.43695,0.64021,0.65278,0.18592,0.68797,0.25101,0.1281,0.18351,0.3286
53,"At work, Farmers typically",cau_unemb,0.7,1,20,0.72611,0.49696,0.73211,0.74253,0.207,0.68797,0.19101,0.07474,0.23711,0.42026
53,"At work, Farmers typically",cau_unemb,0.9,1,23,0.90975,0.61881,0.93552,0.94011,0.21112,0.68797,0.06916,0.01042,0.31959,0.60551
53,"At work, Farmers typically",cau_unemb,0.99,1,29,0.99282,0.76716,1.65369,1.64045,0.19871,0.68797,0.07919,0.01639,0.44908,1.18821
53,"At work, Farmers typically",dua_unemb,0.3,1,21,0.31964,0.62313,0.1906,0.19825,0.00526,0.68797,0.06484,0.00919,0.02334,0.15807
53,"At work, Farmers typically",dua_unemb,0.5,1,27,0.52074,0.63193,0.40563,0.40848,0.00728,0.68797,0.05603,0.00691,0.04408,0.35464
53,"At work, Farmers typically",dua_unemb,0.7,1,37,0.70399,0.65254,0.99158,0.97913,0.01945,0.68797,0.03543,0.00282,0.0824,0.90637
53,"At work, Farmers typically",dua_unemb,0.9,1,58,0.90222,0.66542,2.79595,2.73481,0.0342,0.68797,0.02254,0.00116,0.1938,2.60099
53,"At work, Farmers typically",dua_unemb,0.99,1,77,0.99119,0.66154,4.72803,4.62144,0.05775,0.68797,0.02643,0.00158,0.31061,4.41584
53,"At work, Farmers typically",euc_dmd,0.3,1,21,0.3142,0.12219,3.11371,3.11276,0.23817,0.68797,0.56577,0.86616,1.05923,1.18832
53,"At work, Farmers typically",euc_dmd,0.5,1,24,0.53254,0.07124,3.88222,3.87285,0.24058,0.68797,0.61673,1.21975,1.07421,1.58826
53,"At work, Farmers typically",euc_dmd,0.7,1,27,0.73585,0.04382,4.71243,4.69304,0.23937,0.68797,0.64415,1.54497,1.13761,2.02985
53,"At work, Farmers typically",euc_dmd,0.9,1,32,0.92272,0.02236,6.16376,6.12571,0.23783,0.68797,0.66561,2.00097,1.34383,2.81896
53,"At work, Farmers typically",euc_dmd,0.99,1,40,0.99109,0.00872,8.53484,8.46535,0.2335,0.68797,0.67924,2.64407,1.75417,4.1366
53,"At work, Farmers typically",cau_dmd,0.3,1,26,0.31834,0.03194,4.50513,4.49769,0.23871,0.68797,0.65603,1.75869,1.18716,1.55928
53,"At work, Farmers typically",cau_dmd,0.5,1,29,0.51041,0.01241,5.65609,5.63767,0.24195,0.68797,0.67556,2.40308,1.23216,2.02086
53,"At work, Farmers typically",cau_dmd,0.7,1,33,0.75292,0.0042,7.19261,7.15866,0.24166,0.68797,0.68377,3.14635,1.38791,2.65835
53,"At work, Farmers typically",cau_dmd,0.9,1,38,0.92108,0.00142,9.06671,9.01284,0.24077,0.68797,0.68655,3.89051,1.70718,3.46902
53,"At work, Farmers typically",cau_dmd,0.99,1,46,0.99003,0.00034,11.97322,11.88744,0.23882,0.68797,0.68763,4.87898,2.32296,4.77128
53,"At work, Farmers typically",dua_dmd,0.3,1,23,0.31862,0.44605,0.74532,0.75459,0.17152,0.68797,0.24192,0.11901,0.2167,0.40961
53,"At work, Farmers typically",dua_dmd,0.5,1,29,0.52775,0.38666,1.36314,1.36989,0.18163,0.68797,0.30131,0.18553,0.44907,0.72853
53,"At work, Farmers typically",dua_dmd,0.7,1,37,0.70882,0.35538,2.2966,2.29728,0.19647,0.68797,0.33259,0.22804,0.73847,1.33009
53,"At work, Farmers typically",dua_dmd,0.9,1,62,0.90177,0.35527,5.13408,5.10468,0.21634,0.68797,0.3327,0.22821,1.27601,3.62987
53,"At work, Farmers typically",dua_dmd,0.99,1,93,0.99118,0.36528,7.83335,7.76006,0.22612,0.68797,0.32269,0.21397,2.04433,5.57505
174,"At work, Farmers sometimes",euc_ctx,0.3,1,42,0.32223,0.22875,1.70801,1.71482,0.25413,0.70473,0.47598,0.50947,0.44434,0.75421
174,"At work, Farmers sometimes",euc_ctx,0.5,1,47,0.51184,0.19964,2.08965,2.09258,0.25604,0.70473,0.50508,0.59442,0.53488,0.96035
174,"At work, Farmers sometimes",euc_ctx,0.7,1,53,0.71781,0.18975,2.48055,2.47774,0.25537,0.70473,0.51498,0.62663,0.62364,1.23029
174,"At work, Farmers sometimes",euc_ctx,0.9,1,63,0.90742,0.20348,3.05329,3.03907,0.2524,0.70473,0.50125,0.58243,0.74748,1.72338
174,"At work, Farmers sometimes",euc_ctx,0.99,1,83,0.99074,0.24383,4.231,4.19029,0.2475,0.70473,0.4609,0.47029,0.94639,2.81432
174,"At work, Farmers sometimes",cau_ctx,0.3,1,90,0.31402,0.10161,2.99336,2.98459,0.24954,0.70473,0.60312,1.03629,0.67359,1.28348
174,"At work, Farmers sometimes",cau_ctx,0.5,1,101,0.51378,0.05787,3.8829,3.86494,0.25329,0.70473,0.64686,1.41899,0.8093,1.65462
174,"At work, Farmers sometimes",cau_ctx,0.7,1,112,0.70311,0.03637,4.72546,4.69743,0.25521,0.70473,0.66836,1.73955,0.94167,2.04424
174,"At work, Farmers sometimes",cau_ctx,0.9,1,132,0.90566,0.01949,6.10272,6.05527,0.25479,0.70473,0.68524,2.1741,1.14906,2.77955
174,"At work, Farmers sometimes",cau_ctx,0.99,1,169,0.99048,0.00799,8.49869,8.41509,0.25485,0.70473,0.69674,2.79931,1.52102,4.17835
174,"At work, Farmers sometimes",dua_ctx,0.3,1,109,0.30404,0.41698,1.57748,1.54353,0.02624,0.70473,0.28775,0.16894,0.17175,1.23678
174,"At work, Farmers sometimes",dua_ctx,0.5,1,144,0.50408,0.32653,2.74784,2.68122,0.06228,0.70473,0.3782,0.29867,0.3619,2.08727
174,"At work, Farmers sometimes",dua_ctx,0.7,1,181,0.7007,0.2603,4.2999,4.20106,0.08114,0.70473,0.44443,0.43074,0.68354,3.18561
174,"At work, Farmers sometimes",dua_ctx,0.9,1,224,0.90159,0.21529,6.28036,6.15782,0.1968,0.70473,0.48944,0.54707,1.0807,4.65259
174,"At work, Farmers sometimes",dua_ctx,0.99,1,251,0.99051,0.20171,7.28568,7.155,0.22303,0.70473,0.50301,0.58792,1.31818,5.37958
174,"At work, Farmers sometimes",euc_unemb,0.3,1,16,0.37876,0.43419,0.75631,0.77009,0.22515,0.70473,0.27054,0.14928,0.22745,0.37957
174,"At work, Farmers sometimes",euc_unemb,0.5,1,17,0.50147,0.4497,0.81392,0.82694,0.2257,0.70473,0.25503,0.13276,0.24995,0.43121
174,"At work, Farmers sometimes",euc_unemb,0.7,1,19,0.73066,0.51161,0.94475,0.95493,0.20132,0.70473,0.19312,0.07711,0.31309,0.55455
174,"At work, Farmers sometimes",euc_unemb,0.9,1,22,0.92146,0.63024,1.26092,1.26354,0.21312,0.70473,0.07449,0.0123,0.4406,0.80803
174,"At work, Farmers sometimes",euc_unemb,0.99,1,27,0.99216,0.73556,2.06534,2.05,0.24904,0.70473,0.03083,0.00239,0.63552,1.42744
174,"At work, Farmers sometimes",cau_unemb,0.3,1,17,0.36612,0.39099,0.74159,0.7555,0.19607,0.70473,0.31374,0.20142,0.1823,0.35788
174,"At work, Farmers sometimes",cau_unemb,0.5,1,19,0.5951,0.42558,0.82988,0.84236,0.08072,0.70473,0.27914,0.15894,0.22254,0.4484
174,"At work, Farmers sometimes",cau_unemb,0.7,1,21,0.78686,0.49831,0.92688,0.93655,0.08041,0.70473,0.20642,0.08773,0.28214,0.55702
174,"At work, Farmers sometimes",cau_unemb,0.9,1,23,0.90144,0.58696,1.07028,1.07573,0.08947,0.70473,0.11776,0.02975,0.35046,0.69006
174,"At work, Farmers sometimes",cau_unemb,0.99,1,29,0.99224,0.75966,1.78661,1.77373,0.09258,0.70473,0.05493,0.00788,0.50929,1.26943
174,"At work, Farmers sometimes",dua_unemb,0.3,1,21,0.30848,0.63321,0.17337,0.18003,0.03195,0.70473,0.07152,0.01137,0.02298,0.13902
174,"At work, Farmers sometimes",dua_unemb,0.5,1,27,0.52101,0.64396,0.34674,0.34854,0.05056,0.70473,0.06077,0.00829,0.04305,0.2954
174,"At work, Farmers sometimes",dua_unemb,0.7,1,35,0.70552,0.66727,0.77253,0.76225,0.06561,0.70473,0.03746,0.00322,0.08032,0.68898
174,"At work, Farmers sometimes",dua_unemb,0.9,1,58,0.90251,0.69827,3.05338,2.98669,0.07574,0.70473,0.00646,0.0001,0.20699,2.84629
174,"At work, Farmers sometimes",dua_unemb,0.99,1,76,0.9901,0.6959,5.13751,5.02651,0.07545,0.70473,0.00883,0.00019,0.34617,4.79116
174,"At work, Farmers sometimes",euc_dmd,0.3,1,21,0.31262,0.08541,3.47149,3.47132,0.26324,0.70473,0.61932,1.1534,1.12719,1.19089
174,"At work, Farmers sometimes",euc_dmd,0.5,1,24,0.53054,0.04938,4.36885,4.35979,0.26298,0.70473,0.65534,1.52806,1.25346,1.58733
174,"At work, Farmers sometimes",euc_dmd,0.7,1,27,0.73106,0.03056,5.31614,5.29663,0.2627,0.70473,0.67417,1.86055,1.4313,2.02429
174,"At work, Farmers sometimes",euc_dmd,0.9,1,32,0.91746,0.01593,6.92354,6.88473,0.26196,0.70473,0.6888,2.31527,1.8048,2.80346
174,"At work, Farmers sometimes",euc_dmd,0.99,1,41,0.992,0.00592,9.7835,9.70863,0.2602,0.70473,0.69881,3.01026,2.50762,4.26562
174,"At work, Farmers sometimes",cau_dmd,0.3,1,26,0.33308,0.02131,4.98575,4.9782,0.26473,0.70473,0.68341,2.11162,1.32102,1.55311
174,"At work, Farmers sometimes",cau_dmd,0.5,1,29,0.5391,0.00846,6.2513,6.23247,0.26573,0.70473,0.69627,2.75935,1.48853,2.00342
174,"At work, Farmers sometimes",cau_dmd,0.7,1,32,0.73157,0.00385,7.50682,7.47612,0.26527,0.70473,0.70088,3.31318,1.7248,2.46885
174,"At work, Farmers sometimes",cau_dmd,0.9,1,37,0.91693,0.00135,9.51206,9.46102,0.26504,0.70473,0.70338,4.0498,2.20277,3.25949
174,"At work, Farmers sometimes",cau_dmd,0.99,1,45,0.99008,0.00035,12.56679,12.483,0.26304,0.70473,0.70438,5.0109,3.02045,4.53544
174,"At work, Farmers sometimes",dua_dmd,0.3,1,23,0.32911,0.42278,0.7435,0.75162,0.14228,0.70473,0.28195,0.16216,0.18227,0.39907
174,"At work, Farmers sometimes",dua_dmd,0.5,1,28,0.53747,0.36057,1.22578,1.23174,0.21152,0.70473,0.34416,0.24411,0.35514,0.62653
174,"At work, Farmers sometimes",dua_dmd,0.7,1,33,0.7188,0.32316,1.76848,1.77123,0.23393,0.70473,0.38157,0.30451,0.54251,0.92146
174,"At work, Farmers sometimes",dua_dmd,0.9,1,42,0.90036,0.30245,2.7666,2.7614,0.24489,0.70473,0.40228,0.3423,0.81283,1.61148
174,"At work, Farmers sometimes",dua_dmd,0.99,1,67,0.99033,0.32567,5.6711,5.6303,0.25121,0.70473,0.37906,0.30016,1.42774,3.9432
189,"Honestly, They just",euc_ctx,0.3,1,26,0.30764,0.12535,1.37151,1.37868,0.26866,0.46896,0.3436,0.35375,0.16241,0.85535
189,"Honestly, They just",euc_ctx,0.5,1,31,0.54472,0.10256,1.94553,1.95005,0.2871,0.46896,0.36639,0.4342,0.3103,1.20103
189,"Honestly, They just",euc_ctx,0.7,1,35,0.71672,0.09774,2.44127,2.44296,0.29182,0.46896,0.37122,0.45395,0.47895,1.50837
189,"Honestly, They just",euc_ctx,0.9,1,43,0.90826,0.10574,3.49537,3.48998,0.29303,0.46896,0.36322,0.42176,0.88427,2.18933
189,"Honestly, They just",euc_ctx,0.99,1,60,0.9905,0.13458,5.80954,5.7855,0.29194,0.46896,0.33438,0.32608,1.65544,3.82802
189,"Honestly, They just",cau_ctx,0.3,1,55,0.30621,0.07481,2.37335,2.37246,0.29039,0.46896,0.39415,0.56601,0.32667,1.48068
189,"Honestly, They just",cau_ctx,0.5,1,65,0.51642,0.04644,3.34286,3.33566,0.29459,0.46896,0.42252,0.77354,0.52683,2.04249
189,"Honestly, They just",cau_ctx,0.7,1,75,0.70869,0.03171,4.39301,4.37832,0.29702,0.46896,0.43725,0.94438,0.78786,2.66077
189,"Honestly, They just",cau_ctx,0.9,1,93,0.9015,0.01907,6.35088,6.32101,0.29868,0.46896,0.44989,1.17595,1.31628,3.85865
189,"Honestly, They just",cau_ctx,0.99,1,135,0.99021,0.00751,10.6192,10.55144,0.29942,0.46896,0.46145,1.6067,2.20069,6.81181
189,"Honestly, They just",dua_ctx,0.3,1,83,0.30009,0.31366,0.82482,0.80162,0.01897,0.46896,0.15529,0.05238,0.07574,0.69669
189,"Honestly, They just",dua_ctx,0.5,1,122,0.50354,0.26755,1.82526,1.77318,0.03484,0.46896,0.2014,0.09242,0.19006,1.54278
189,"Honestly, They just",dua_ctx,0.7,1,166,0.70334,0.23641,3.41333,3.33291,0.0467,0.46896,0.23255,0.12835,0.39452,2.89047
189,"Honestly, They just",dua_ctx,0.9,1,214,0.90033,0.20779,5.57353,5.47001,0.24395,0.46896,0.26117,0.16932,0.57682,4.82739
189,"Honestly, They just",dua_ctx,0.99,1,245,0.9912,0.19302,7.46335,7.34849,0.27653,0.46896,0.27594,0.19408,0.80238,6.46688
189,"Honestly, They just",euc_unemb,0.3,1,11,0.42657,0.29218,0.43951,0.44629,0.22133,0.46896,0.17677,0.06929,0.09892,0.27131
189,"Honestly, They just",euc_unemb,0.5,1,12,0.56463,0.31934,0.52348,0.52977,0.25112,0.46896,0.14962,0.04839,0.15335,0.32175
189,"Honestly, They just",euc_unemb,0.7,1,14,0.79699,0.42251,0.77118,0.77534,0.25183,0.46896,0.04645,0.00438,0.32663,0.44016
189,"Honestly, They just",euc_unemb,0.9,1,16,0.922,0.56901,1.16534,1.16551,0.28756,0.46896,0.10005,0.02017,0.55499,0.59019
189,"Honestly, They just",euc_unemb,0.99,1,20,0.9906,0.80363,2.34317,2.33055,0.2999,0.46896,0.33468,0.27572,1.02512,1.04234
189,"Honestly, They just",cau_unemb,0.3,1,11,0.335,0.23971,0.44838,0.45536,0.2245,0.46896,0.22925,0.12414,0.06753,0.25671
189,"Honestly, They just",cau_unemb,0.5,1,13,0.58631,0.26958,0.60301,0.60931,0.21685,0.46896,0.19937,0.09035,0.15881,0.35386
189,"Honestly, They just",cau_unemb,0.7,1,14,0.70329,0.30298,0.70386,0.70942,0.2235,0.46896,0.16598,0.06043,0.23319,0.41024
189,"Honestly, They just",cau_unemb,0.9,1,17,0.91634,0.46481,1.15422,1.15548,0.28704,0.46896,0.00414,3e-05,0.52957,0.62461
189,"Honestly, They just",cau_unemb,0.99,1,22,0.99262,0.71724,2.37595,2.36358,0.30903,0.46896,0.24828,0.13543,1.01492,1.2256
189,"Honestly, They just",dua_unemb,0.3,1,16,0.31603,0.44196,0.09418,0.0947,0.00483,0.46896,0.027,0.00147,0.03051,0.06219
189,"Honestly, They just",dua_unemb,0.5,1,23,0.51337,0.4701,0.21391,0.20801,0.00952,0.46896,0.00115,0.0,0.07406,0.13985
189,"Honestly, They just",dua_unemb,0.7,1,36,0.70376,0.54093,0.56578,0.54133,0.17792,0.46896,0.07198,0.01039,0.17658,0.37882
189,"Honestly, They just",dua_unemb,0.9,1,72,0.90071,0.69208,2.44298,2.35277,0.25338,0.46896,0.22313,0.10691,0.36321,1.97286
189,"Honestly, They just",dua_unemb,0.99,1,101,0.99085,0.74003,5.08461,4.95474,0.28613,0.46896,0.27107,0.16538,0.49118,4.42806
189,"Honestly, They just",euc_dmd,0.3,1,12,0.37728,0.07175,2.0713,2.07452,0.28278,0.46896,0.39721,0.58382,0.40393,1.08355
189,"Honestly, They just",euc_dmd,0.5,1,14,0.58487,0.04744,2.92362,2.92126,0.28283,0.46896,0.42152,0.76413,0.60408,1.55542
189,"Honestly, They just",euc_dmd,0.7,1,16,0.75731,0.03295,3.87616,3.86686,0.28397,0.46896,0.436,0.92696,0.8543,2.09489
189,"Honestly, They just",euc_dmd,0.9,1,19,0.90488,0.02065,5.3986,5.37747,0.2885,0.46896,0.44831,1.13952,1.28413,2.97495
189,"Honestly, They just",euc_dmd,0.99,1,26,0.99015,0.00809,8.96962,8.91879,0.29239,0.46896,0.46087,1.57205,2.26011,5.13745
189,"Honestly, They just",cau_dmd,0.3,1,14,0.30668,0.03323,2.9358,2.93487,0.29094,0.46896,0.43572,0.92315,0.45776,1.55488
189,"Honestly, They just",cau_dmd,0.5,1,17,0.55546,0.01167,4.53341,4.52138,0.29242,0.46896,0.45728,1.40213,0.71842,2.41287
189,"Honestly, They just",cau_dmd,0.7,1,19,0.70829,0.0063,5.65455,5.63427,0.29348,0.46896,0.46265,1.68827,0.94133,3.02495
189,"Honestly, They just",cau_dmd,0.9,1,24,0.92261,0.00181,8.46989,8.42814,0.29485,0.46896,0.46714,2.26992,1.60133,4.59864
189,"Honestly, They just",cau_dmd,0.99,1,31,0.99016,0.00045,12.24831,12.17613,0.29445,0.46896,0.46851,2.92665,2.49702,6.82464
189,"Honestly, They just",dua_dmd,0.3,1,17,0.32145,0.31759,0.44829,0.4512,0.0309,0.46896,0.15137,0.0496,0.16985,0.22883
189,"Honestly, They just",dua_dmd,0.5,1,24,0.51721,0.29902,0.78737,0.78665,0.04123,0.46896,0.16994,0.06359,0.31868,0.4051
189,"Honestly, They just",dua_dmd,0.7,1,35,0.70971,0.30549,1.42343,1.41417,0.15686,0.46896,0.16347,0.05848,0.58543,0.77952
189,"Honestly, They just",dua_dmd,0.9,1,57,0.90707,0.33973,2.98758,2.95683,0.26259,0.46896,0.12922,0.03551,0.96387,1.98821
189,"Honestly, They just",dua_dmd,0.99,1,73,0.99106,0.36131,4.84053,4.79405,0.29081,0.46896,0.10765,0.02427,1.4235,3.39275
56,"Every day, People now",euc_ctx,0.3,1,17,0.32765,0.23508,0.64047,0.64438,0.20033,0.50712,0.27204,0.17326,0.08576,0.38145
56,"Every day, People now",euc_ctx,0.5,1,22,0.5402,0.18237,1.0744,1.07625,0.20845,0.50712,0.32474,0.26916,0.18338,0.62186
56,"Every day, People now",euc_ctx,0.7,1,26,0.70155,0.15856,1.45433,1.45376,0.21906,0.50712,0.34856,0.32597,0.28846,0.83989
56,"Every day, People now",euc_ctx,0.9,1,34,0.90065,0.13952,2.20528,2.19864,0.22978,0.50712,0.3676,0.37981,0.50545,1.32001
56,"Every day, People now",euc_ctx,0.99,1,50,0.99072,0.13229,3.50383,3.4829,0.23162,0.50712,0.37483,0.40267,0.7321,2.36906
56,"Every day, People now",cau_ctx,0.3,1,35,0.31081,0.17287,0.96142,0.96241,0.20625,0.50712,0.33425,0.2906,0.087,0.58383
56,"Every day, People now",cau_ctx,0.5,1,45,0.50962,0.1056,1.62301,1.61969,0.21295,0.50712,0.40152,0.50203,0.17809,0.94289
56,"Every day, People now",cau_ctx,0.7,1,55,0.70316,0.06821,2.35599,2.34712,0.23252,0.50712,0.43891,0.70349,0.30771,1.34479
56,"Every day, People now",cau_ctx,0.9,1,72,0.90308,0.03847,3.61263,3.5929,0.23966,0.50712,0.46865,0.97841,0.55375,2.08047
56,"Every day, People now",cau_ctx,0.99,1,104,0.99064,0.01686,5.78988,5.74783,0.24525,0.50712,0.49026,1.38577,0.8631,3.54101
56,"Every day, People now",dua_ctx,0.3,1,76,0.30511,0.35967,0.69378,0.68657,0.03563,0.50712,0.14744,0.04523,0.05174,0.59682
56,"Every day, People now",dua_ctx,0.5,1,112,0.50475,0.29394,1.51532,1.48871,0.08404,0.50712,0.21317,0.0994,0.13679,1.27913
56,"Every day, People now",dua_ctx,0.7,1,152,0.70356,0.2433,3.01237,2.95639,0.17624,0.50712,0.26382,0.16115,0.31474,2.53648
56,"Every day, People now",dua_ctx,0.9,1,196,0.90436,0.19932,5.23288,5.14698,0.22846,0.50712,0.3078,0.23442,0.5861,4.41235
56,"Every day, People now",dua_ctx,0.99,1,227,0.99037,0.18496,6.84936,6.74929,0.24192,0.50712,0.32216,0.26358,0.82661,5.75918
56,"Every day, People now",euc_unemb,0.3,1,7,0.31168,0.40668,0.16331,0.17013,0.1562,0.50712,0.10044,0.02052,0.06147,0.08133
56,"Every day, People now",euc_unemb,0.5,1,9,0.51822,0.42243,0.29624,0.30327,0.1421,0.50712,0.08468,0.01451,0.13106,0.15068
56,"Every day, People now",euc_unemb,0.7,1,11,0.71963,0.46706,0.49004,0.49599,0.16933,0.50712,0.04006,0.00322,0.22869,0.25813
56,"Every day, People now",euc_unemb,0.9,1,14,0.90505,0.55524,0.89744,0.89913,0.20455,0.50712,0.04812,0.00466,0.37243,0.52035
56,"Every day, People now",euc_unemb,0.99,1,20,0.99257,0.64562,1.99275,1.97949,0.21205,0.50712,0.1385,0.04015,0.52489,1.42771
56,"Every day, People now",cau_unemb,0.3,1,8,0.3774,0.3487,0.23067,0.23648,0.17795,0.50712,0.15842,0.05257,0.07722,0.10088
56,"Every day, People now",cau_unemb,0.5,1,10,0.57993,0.36274,0.35966,0.3653,0.16192,0.50712,0.14438,0.04329,0.15529,0.16108
56,"Every day, People now",cau_unemb,0.7,1,12,0.75877,0.40779,0.51589,0.52047,0.18547,0.50712,0.09933,0.02006,0.25543,0.2404
56,"Every day, People now",cau_unemb,0.9,1,15,0.91536,0.5114,0.79512,0.79633,0.20522,0.50712,0.00428,4e-05,0.38865,0.40644
56,"Every day, People now",cau_unemb,0.99,1,21,0.99217,0.68183,1.53548,1.52493,0.20814,0.50712,0.17471,0.0656,0.5044,0.96548
56,"Every day, People now",dua_unemb,0.3,1,13,0.32085,0.47911,0.11635,0.11985,0.00733,0.50712,0.02801,0.00157,0.01305,0.10173
56,"Every day, People now",dua_unemb,0.5,1,19,0.52913,0.48537,0.27216,0.27243,0.12371,0.50712,0.02175,0.00095,0.034,0.23722
56,"Every day, People now",dua_unemb,0.7,1,27,0.7071,0.50178,0.58502,0.5775,0.13181,0.50712,0.00533,6e-05,0.07672,0.50825
56,"Every day, People now",dua_unemb,0.9,1,44,0.90404,0.53634,1.57544,1.54262,0.14756,0.50712,0.02922,0.00171,0.1815,1.39223
56,"Every day, People now",dua_unemb,0.99,1,64,0.99099,0.57536,3.18002,3.10871,0.15517,0.50712,0.06824,0.00943,0.28849,2.8821
56,"Every day, People now",euc_dmd,0.3,1,8,0.32318,0.14967,1.09892,1.09893,0.21405,0.50712,0.35745,0.35005,0.24201,0.50686
56,"Every day, People now",euc_dmd,0.5,1,11,0.56416,0.08035,2.02954,2.02327,0.2279,0.50712,0.42677,0.62688,0.45684,0.94583
56,"Every day, People now",euc_dmd,0.7,1,13,0.70844,0.05482,2.69618,2.68454,0.23206,0.50712,0.4523,0.80728,0.60477,1.28414
56,"Every day, People now",euc_dmd,0.9,1,18,0.91405,0.02402,4.33141,4.30429,0.2369,0.50712,0.4831,1.20997,0.9081,2.21334
56,"Every day, People now",euc_dmd,0.99,1,27,0.99158,0.00663,7.12683,7.06937,0.23859,0.50712,0.50049,1.85411,1.27908,3.99364
56,"Every day, People now",cau_dmd,0.3,1,10,0.30581,0.09894,1.6104,1.60805,0.21204,0.50712,0.40817,0.53137,0.31343,0.76559
56,"Every day, People now",cau_dmd,0.5,1,14,0.54872,0.03129,3.10509,3.09192,0.22966,0.50712,0.47582,1.07945,0.5489,1.47674
56,"Every day, People now",cau_dmd,0.7,1,17,0.71554,0.01371,4.26759,4.24483,0.23355,0.50712,0.4934,1.48898,0.71417,2.06444
56,"Every day, People now",cau_dmd,0.9,1,23,0.91029,0.00324,6.50642,6.46334,0.23782,0.50712,0.50388,2.21561,1.00628,3.28453
56,"Every day, People now",cau_dmd,0.99,1,34,0.99155,0.00034,10.38421,10.30326,0.24187,0.50712,0.50678,3.3568,1.46916,5.55825
56,"Every day, People now",dua_dmd,0.3,1,13,0.3327,0.34498,0.32911,0.33421,0.16713,0.50712,0.16214,0.0552,0.07461,0.19931
56,"Every day, People now",dua_dmd,0.5,1,17,0.51274,0.30161,0.58989,0.59435,0.15001,0.50712,0.2055,0.09173,0.16251,0.33566
56,"Every day, People now",dua_dmd,0.7,1,22,0.723,0.26804,1.00819,1.01069,0.16888,0.50712,0.23907,0.12843,0.33265,0.54711
56,"Every day, People now",dua_dmd,0.9,1,31,0.90363,0.25785,1.78816,1.78518,0.21118,0.50712,0.24927,0.14127,0.61555,1.03135
56,"Every day, People now",dua_dmd,0.99,1,53,0.99106,0.28094,3.90886,3.88372,0.23953,0.50712,0.22618,0.11336,1.04376,2.75174
245,"In this case, Many people really",euc_ctx,0.3,1,41,0.31823,0.20302,2.24121,2.24525,0.25573,0.64856,0.44554,0.46552,0.72786,1.04783
245,"In this case, Many people really",euc_ctx,0.5,1,48,0.51435,0.15497,2.91708,2.91599,0.21494,0.64856,0.49359,0.62011,0.88781,1.40916
245,"In this case, Many people really",euc_ctx,0.7,1,55,0.70101,0.1284,3.55199,3.54485,0.24468,0.64856,0.52016,0.73122,1.02718,1.79359
245,"In this case, Many people really",euc_ctx,0.9,1,68,0.90864,0.10907,4.62792,4.60817,0.25452,0.64856,0.53949,0.8293,1.25372,2.5449
245,"In this case, Many people really",euc_ctx,0.99,1,89,0.99006,0.10043,6.31699,6.27519,0.25641,0.64856,0.54813,0.87943,1.62286,3.81469
245,"In this case, Many people really",cau_ctx,0.3,1,79,0.30385,0.11868,3.16723,3.16244,0.23469,0.64856,0.52988,0.77837,0.94203,1.44684
245,"In this case, Many people really",cau_ctx,0.5,1,93,0.50683,0.06593,4.27817,4.26427,0.24439,0.64856,0.58263,1.13915,1.17692,1.9621
245,"In this case, Many people really",cau_ctx,0.7,1,107,0.70335,0.03996,5.35924,5.3352,0.24994,0.64856,0.6086,1.45428,1.40114,2.50382
245,"In this case, Many people really",cau_ctx,0.9,1,130,0.90143,0.02132,7.01018,6.96843,0.25304,0.64856,0.62724,1.85494,1.73125,3.42398
245,"In this case, Many people really",cau_ctx,0.99,1,172,0.99021,0.00872,9.91762,9.84358,0.25691,0.64856,0.63984,2.43049,2.34588,5.14125
245,"In this case, Many people really",dua_ctx,0.3,1,122,0.30057,0.42284,1.63654,1.59922,0.02776,0.64856,0.22572,0.10308,0.14553,1.38793
245,"In this case, Many people really",dua_ctx,0.5,1,174,0.5013,0.33892,3.32314,3.25308,0.04632,0.64856,0.30964,0.19885,0.41137,2.71292
245,"In this case, Many people really",dua_ctx,0.7,1,217,0.7031,0.28057,5.18422,5.09386,0.07,0.64856,0.36799,0.29167,0.70913,4.18343
245,"In this case, Many people really",dua_ctx,0.9,1,264,0.9013,0.24022,7.33751,7.23141,0.17822,0.64856,0.40834,0.3732,1.0243,5.94001
245,"In this case, Many people really",dua_ctx,0.99,1,321,0.99008,0.21597,9.09501,8.97723,0.19613,0.64856,0.43259,0.43116,1.38867,7.27519
245,"In this case, Many people really",euc_unemb,0.3,1,15,0.38075,0.47394,0.59372,0.60168,0.16933,0.64856,0.17462,0.06167,0.28737,0.24468
245,"In this case, Many people really",euc_unemb,0.5,1,17,0.58141,0.5137,0.76062,0.76691,0.2197,0.64856,0.13486,0.03705,0.39219,0.33139
245,"In this case, Many people really",euc_unemb,0.7,1,19,0.75679,0.57406,0.99788,1.00115,0.22495,0.64856,0.0745,0.01157,0.53944,0.44687
245,"In this case, Many people really",euc_unemb,0.9,1,22,0.91152,0.66499,1.47964,1.476,0.22049,0.64856,0.01643,0.0006,0.78894,0.69009
245,"In this case, Many people really",euc_unemb,0.99,1,28,0.99095,0.75389,2.65202,2.62967,0.22531,0.64856,0.10533,0.0276,1.21431,1.4101
245,"In this case, Many people really",cau_unemb,0.3,1,16,0.38476,0.41879,0.65263,0.66022,0.20599,0.64856,0.22977,0.10687,0.31774,0.22803
245,"In this case, Many people really",cau_unemb,0.5,1,18,0.56917,0.45696,0.77905,0.7853,0.22648,0.64856,0.19159,0.07417,0.41068,0.2942
245,"In this case, Many people really",cau_unemb,0.7,1,20,0.73409,0.51852,0.93767,0.94159,0.22577,0.64856,0.13004,0.03449,0.5254,0.37778
245,"In this case, Many people really",cau_unemb,0.9,1,24,0.9215,0.6555,1.38386,1.38004,0.21725,0.64856,0.00695,0.00011,0.76286,0.6209
245,"In this case, Many people really",cau_unemb,0.99,1,31,0.9929,0.77163,2.47373,2.45043,0.22243,0.64856,0.12307,0.03881,1.11686,1.31807
245,"In this case, Many people really",dua_unemb,0.3,1,26,0.31698,0.62281,0.23055,0.22569,0.00645,0.64856,0.02575,0.00142,0.05452,0.17461
245,"In this case, Many people really",dua_unemb,0.5,1,38,0.50334,0.64211,0.50411,0.48503,0.01276,0.64856,0.00644,9e-05,0.12514,0.37888
245,"In this case, Many people really",dua_unemb,0.7,1,56,0.70429,0.6761,1.03389,0.98786,0.02552,0.64856,0.02754,0.00171,0.22499,0.80719
245,"In this case, Many people really",dua_unemb,0.9,1,88,0.90096,0.74141,2.31694,2.22612,0.17875,0.64856,0.09285,0.02104,0.40224,1.89366
245,"In this case, Many people really",dua_unemb,0.99,1,126,0.99071,0.75447,5.71265,5.57778,0.21003,0.64856,0.10591,0.02793,0.72313,4.96158
245,"In this case, Many people really",euc_dmd,0.3,1,20,0.35596,0.12104,3.48489,3.48054,0.23743,0.64856,0.52751,0.7665,1.43884,1.27955
245,"In this case, Many people really",euc_dmd,0.5,1,23,0.54652,0.07386,4.4861,4.47332,0.23889,0.64856,0.5747,1.06848,1.69945,1.71816
245,"In this case, Many people really",euc_dmd,0.7,1,26,0.72458,0.04766,5.49344,5.47122,0.24698,0.64856,0.6009,1.34279,1.96599,2.18466
245,"In this case, Many people really",euc_dmd,0.9,1,31,0.90696,0.02676,7.14269,7.10363,0.25186,0.64856,0.6218,1.70945,2.43933,2.99391
245,"In this case, Many people really",euc_dmd,0.99,1,40,0.99066,0.01187,10.07053,10.00058,0.25345,0.64856,0.63669,2.2313,3.34961,4.48962
245,"In this case, Many people really",cau_dmd,0.3,1,21,0.30421,0.06971,3.62839,3.6263,0.23852,0.64856,0.57884,1.1044,1.21767,1.30633
245,"In this case, Many people really",cau_dmd,0.5,1,25,0.54699,0.02648,5.2226,5.20825,0.24051,0.64856,0.62208,1.71627,1.58189,1.92443
245,"In this case, Many people really",cau_dmd,0.7,1,28,0.72169,0.01394,6.42853,6.40405,0.2488,0.64856,0.63461,2.12771,1.88608,2.41474
245,"In this case, Many people really",cau_dmd,0.9,1,33,0.90352,0.00578,8.3649,8.32277,0.25306,0.64856,0.64278,2.69595,2.41429,3.25467
245,"In this case, Many people really",cau_dmd,0.99,1,43,0.99218,0.00136,12.07548,11.99723,0.25826,0.64856,0.6472,3.63219,3.47412,4.96916
245,"In this case, Many people really",dua_dmd,0.3,1,25,0.30682,0.4471,0.76255,0.76421,0.03125,0.64856,0.20146,0.08199,0.24696,0.4336
245,"In this case, Many people really",dua_dmd,0.5,1,36,0.50633,0.40563,1.36884,1.36264,0.14617,0.64856,0.24292,0.1197,0.42897,0.82017
245,"In this case, Many people really",dua_dmd,0.7,1,49,0.70133,0.38269,2.24225,2.22445,0.17877,0.64856,0.26587,0.14415,0.64826,1.44984
245,"In this case, Many people really",dua_dmd,0.9,1,97,0.90149,0.40162,6.871,6.80754,0.22776,0.64856,0.24694,0.12379,1.48727,5.25994
245,"In this case, Many people really",dua_dmd,0.99,1,149,0.99,0.39263,10.01463,9.90804,0.2426,0.64856,0.25593,0.13323,2.83239,7.04901
95,"Over time, Parents rarely",euc_ctx,0.3,1,40,0.33759,0.14641,1.92944,1.93343,0.18917,0.69076,0.54435,0.75764,0.31145,0.86034
95,"Over time, Parents rarely",euc_ctx,0.5,1,44,0.5096,0.12768,2.21801,2.21872,0.19049,0.69076,0.56308,0.84548,0.33645,1.03607
95,"Over time, Parents rarely",euc_ctx,0.7,1,49,0.70726,0.12153,2.51539,2.51132,0.18932,0.69076,0.56923,0.87741,0.36702,1.27096
95,"Over time, Parents rarely",euc_ctx,0.9,1,58,0.90611,0.13642,2.97141,2.95725,0.18521,0.69076,0.55435,0.80289,0.4378,1.73072
95,"Over time, Parents rarely",euc_ctx,0.99,1,76,0.99028,0.18677,3.96412,3.92615,0.17493,0.69076,0.504,0.60447,0.6039,2.75575
95,"Over time, Parents rarely",cau_ctx,0.3,1,85,0.31276,0.07079,3.05044,3.03978,0.18192,0.69076,0.61997,1.23338,0.48638,1.33068
95,"Over time, Parents rarely",cau_ctx,0.5,1,95,0.51904,0.03955,3.88103,3.86139,0.18242,0.69076,0.65122,1.62535,0.55885,1.69683
95,"Over time, Parents rarely",cau_ctx,0.7,1,105,0.71443,0.0249,4.67505,4.64568,0.18212,0.69076,0.66587,1.94035,0.65356,2.08114
95,"Over time, Parents rarely",cau_ctx,0.9,1,121,0.90159,0.01461,5.8704,5.82461,0.18204,0.69076,0.67615,2.30521,0.84613,2.71906
95,"Over time, Parents rarely",cau_ctx,0.99,1,153,0.99039,0.00654,8.1654,8.08616,0.18121,0.69076,0.68423,2.85839,1.26854,4.03847
95,"Over time, Parents rarely",dua_ctx,0.3,1,102,0.30396,0.41324,1.43652,1.40719,0.11718,0.69076,0.27753,0.15683,0.22097,1.05872
95,"Over time, Parents rarely",dua_ctx,0.5,1,130,0.50382,0.3289,2.33241,2.27869,0.12236,0.69076,0.36186,0.27297,0.37027,1.68917
95,"Over time, Parents rarely",dua_ctx,0.7,1,155,0.70704,0.26568,3.30203,3.22498,0.12452,0.69076,0.42509,0.3926,0.53889,2.37054
95,"Over time, Parents rarely",dua_ctx,0.9,1,184,0.90457,0.2136,4.68502,4.58369,0.1651,0.69076,0.47716,0.52211,0.85487,3.30804
95,"Over time, Parents rarely",dua_ctx,0.99,1,207,0.99032,0.19359,5.97944,5.86342,0.16934,0.69076,0.49718,0.5823,1.19432,4.20281
95,"Over time, Parents rarely",euc_unemb,0.3,1,14,0.31084,0.39352,0.64034,0.65454,0.14488,0.69076,0.29725,0.18038,0.10929,0.35067
95,"Over time, Parents rarely",euc_unemb,0.5,1,16,0.58805,0.42636,0.76729,0.78002,0.14614,0.69076,0.2644,0.14222,0.1624,0.46267
95,"Over time, Parents rarely",euc_unemb,0.7,1,17,0.71687,0.46473,0.8465,0.85771,0.17232,0.69076,0.22604,0.10411,0.21252,0.52986
95,"Over time, Parents rarely",euc_unemb,0.9,1,20,0.93299,0.61225,1.21231,1.21577,0.16809,0.69076,0.07851,0.01338,0.40275,0.79618
95,"Over time, Parents rarely",euc_unemb,0.99,1,24,0.99234,0.73153,1.94467,1.93281,0.17833,0.69076,0.04077,0.00411,0.61528,1.32528
95,"Over time, Parents rarely",cau_unemb,0.3,1,15,0.30327,0.31945,0.74727,0.76083,0.14737,0.69076,0.37132,0.2888,0.095,0.36347
95,"Over time, Parents rarely",cau_unemb,0.5,1,17,0.55923,0.33673,0.86604,0.87844,0.14715,0.69076,0.35404,0.26036,0.14208,0.4636
95,"Over time, Parents rarely",cau_unemb,0.7,1,19,0.78578,0.40612,0.98802,0.99784,0.07897,0.69076,0.28465,0.1651,0.2412,0.58171
95,"Over time, Parents rarely",cau_unemb,0.9,1,21,0.91301,0.50799,1.15554,1.1612,0.08478,0.69076,0.18277,0.06869,0.36199,0.72486
95,"Over time, Parents rarely",cau_unemb,0.99,1,26,0.99277,0.7084,1.84266,1.83257,0.0856,0.69076,0.01763,0.00074,0.60939,1.23252
95,"Over time, Parents rarely",dua_unemb,0.3,1,19,0.30236,0.62516,0.1524,0.15953,0.00472,0.69076,0.0656,0.00944,0.01907,0.1239
95,"Over time, Parents rarely",dua_unemb,0.5,1,24,0.5308,0.63472,0.28888,0.29264,0.03806,0.69076,0.05605,0.00694,0.03685,0.24508
95,"Over time, Parents rarely",dua_unemb,0.7,1,29,0.71412,0.6496,0.5086,0.50613,0.05235,0.69076,0.04116,0.0038,0.06164,0.44317
95,"Over time, Parents rarely",dua_unemb,0.9,1,39,0.90188,0.67234,1.32211,1.29903,0.06339,0.69076,0.01842,0.00078,0.11995,1.20138
95,"Over time, Parents rarely",dua_unemb,0.99,1,54,0.99183,0.68116,3.30348,3.23497,0.13314,0.69076,0.0096,0.00021,0.21166,3.09161
95,"Over time, Parents rarely",euc_dmd,0.3,1,20,0.33385,0.05742,3.47574,3.47318,0.1918,0.69076,0.63334,1.37355,0.82442,1.27777
95,"Over time, Parents rarely",euc_dmd,0.5,1,23,0.58006,0.03636,4.34483,4.33372,0.19165,0.69076,0.65441,1.68238,0.98462,1.67783
95,"Over time, Parents rarely",euc_dmd,0.7,1,25,0.7246,0.02821,4.95846,4.94058,0.19084,0.69076,0.66256,1.85509,1.12746,1.97592
95,"Over time, Parents rarely",euc_dmd,0.9,1,30,0.92282,0.01642,6.57122,6.53383,0.18852,0.69076,0.67434,2.225,1.5478,2.79842
95,"Over time, Parents rarely",euc_dmd,0.99,1,38,0.99091,0.00734,9.23573,9.16439,0.18901,0.69076,0.68342,2.77828,2.24287,4.21459
95,"Over time, Parents rarely",cau_dmd,0.3,1,25,0.36332,0.02606,4.34541,4.3391,0.19061,0.69076,0.66471,1.90924,0.98128,1.45489
95,"Over time, Parents rarely",cau_dmd,0.5,1,27,0.52251,0.01449,5.19471,5.18086,0.19234,0.69076,0.67628,2.31106,1.11907,1.76458
95,"Over time, Parents rarely",cau_dmd,0.7,1,30,0.74173,0.00681,6.49042,6.46438,0.19455,0.69076,0.68396,2.83018,1.40687,2.25338
95,"Over time, Parents rarely",cau_dmd,0.9,1,34,0.90998,0.00308,8.19321,8.15014,0.19427,0.69076,0.68769,3.3781,1.88762,2.92749
95,"Over time, Parents rarely",cau_dmd,0.99,1,42,0.99112,0.00083,11.47231,11.39437,0.19247,0.69076,0.68993,4.2805,2.88703,4.30477
95,"Over time, Parents rarely",dua_dmd,0.3,1,25,0.31208,0.41043,0.85868,0.86559,0.14638,0.69076,0.28033,0.16006,0.32651,0.37211
95,"Over time, Parents rarely",dua_dmd,0.5,1,33,0.50296,0.36451,1.41085,1.41423,0.16218,0.69076,0.32625,0.21883,0.57555,0.61647
95,"Over time, Parents rarely",dua_dmd,0.7,1,42,0.72091,0.33046,2.20594,2.20269,0.17391,0.69076,0.3603,0.27042,0.86499,1.07053
95,"Over time, Parents rarely",dua_dmd,0.9,1,53,0.90271,0.31759,3.37476,3.35884,0.17608,0.69076,0.37317,0.29198,1.15068,1.9321
95,"Over time, Parents rarely",dua_dmd,0.99,1,75,0.99064,0.33741,6.01594,5.96375,0.18363,0.69076,0.35335,0.25927,1.64875,4.10792
144,"Today, Most doctors always",euc_ctx,0.3,1,23,0.34267,0.31942,0.40911,0.41886,0.02163,0.43124,0.11182,0.02736,0.05724,0.32451
144,"Today, Most doctors always",euc_ctx,0.5,1,27,0.53466,0.31578,0.63787,0.64673,0.03607,0.43124,0.11546,0.02926,0.09308,0.51553
144,"Today, Most doctors always",euc_ctx,0.7,1,31,0.71451,0.32452,0.9248,0.9316,0.07261,0.43124,0.10673,0.0248,0.13616,0.76384
144,"Today, Most doctors always",euc_ctx,0.9,1,38,0.90389,0.35709,1.53107,1.53198,0.29131,0.43124,0.07416,0.01167,0.20506,1.31434
144,"Today, Most doctors always",euc_ctx,0.99,1,52,0.99072,0.41891,2.94828,2.93313,0.31271,0.43124,0.01234,0.00031,0.2874,2.66056
144,"Today, Most doctors always",cau_ctx,0.3,1,49,0.31712,0.24966,0.57129,0.57633,0.18712,0.43124,0.18159,0.07812,0.09032,0.40285
144,"Today, Most doctors always",cau_ctx,0.5,1,58,0.50977,0.22383,0.89311,0.89591,0.19828,0.43124,0.20742,0.10597,0.13739,0.64975
144,"Today, Most doctors always",cau_ctx,0.7,1,68,0.71528,0.20046,1.36618,1.36466,0.199,0.43124,0.23078,0.13665,0.20504,1.02449
144,"Today, Most doctors always",cau_ctx,0.9,1,83,0.90139,0.16904,2.24887,2.23796,0.26407,0.43124,0.2622,0.18824,0.30983,1.7508
144,"Today, Most doctors always",cau_ctx,0.99,1,113,0.9905,0.10724,4.31549,4.28059,0.29223,0.43124,0.324,0.34368,0.47302,3.49879
144,"Today, Most doctors always",dua_ctx,0.3,1,76,0.30188,0.29584,0.70596,0.69269,0.02777,0.43124,0.1354,0.04105,0.07848,0.58642
144,"Today, Most doctors always",dua_ctx,0.5,1,105,0.50634,0.23174,1.34483,1.31232,0.04634,0.43124,0.1995,0.09681,0.17338,1.07463
144,"Today, Most doctors always",dua_ctx,0.7,1,129,0.70475,0.18781,2.07379,2.02217,0.04512,0.43124,0.24344,0.15584,0.30544,1.61251
144,"Today, Most doctors always",dua_ctx,0.9,1,156,0.90565,0.15391,3.09809,3.02389,0.05071,0.43124,0.27734,0.21842,0.49948,2.38018
144,"Today, Most doctors always",dua_ctx,0.99,1,185,0.9907,0.13397,4.28571,4.19061,0.09051,0.43124,0.29727,0.265,0.69175,3.32897
144,"Today, Most doctors always",euc_unemb,0.3,1,9,0.40386,0.33674,0.21672,0.22556,0.01775,0.43124,0.0945,0.01925,0.04369,0.15378
144,"Today, Most doctors always",euc_unemb,0.5,1,10,0.53933,0.35772,0.2902,0.29881,0.02185,0.43124,0.07352,0.01146,0.06582,0.21292
144,"Today, Most doctors always",euc_unemb,0.7,1,12,0.7772,0.42925,0.51544,0.52205,0.07022,0.43124,0.00199,1e-05,0.12537,0.39006
144,"Today, Most doctors always",euc_unemb,0.9,1,14,0.91183,0.51337,0.86602,0.86849,0.23701,0.43124,0.08213,0.01352,0.18615,0.66635
144,"Today, Most doctors always",euc_unemb,0.99,1,19,0.99341,0.63295,2.12474,2.11114,0.29023,0.43124,0.20171,0.08361,0.28922,1.75191
144,"Today, Most doctors always",cau_unemb,0.3,1,9,0.32373,0.31767,0.17687,0.18589,0.01822,0.43124,0.11358,0.02827,0.03429,0.11432
144,"Today, Most doctors always",cau_unemb,0.5,1,11,0.56845,0.35448,0.29039,0.2994,0.01767,0.43124,0.07677,0.01253,0.07625,0.20161
144,"Today, Most doctors always",cau_unemb,0.7,1,13,0.78298,0.43219,0.47312,0.48055,0.05525,0.43124,0.00095,0.0,0.13535,0.33777
144,"Today, Most doctors always",cau_unemb,0.9,1,15,0.90755,0.52854,0.75075,0.75488,0.21914,0.43124,0.0973,0.01898,0.19188,0.53989
144,"Today, Most doctors always",cau_unemb,0.99,1,20,0.99137,0.69488,1.79138,1.78207,0.28637,0.43124,0.26363,0.14846,0.28172,1.36121
144,"Today, Most doctors always",dua_unemb,0.3,1,13,0.31908,0.40569,0.10721,0.11179,0.00384,0.43124,0.02556,0.00135,0.01081,0.09505
144,"Today, Most doctors always",dua_unemb,0.5,1,18,0.52679,0.40893,0.21501,0.2169,0.00597,0.43124,0.02231,0.00102,0.02318,0.1908
144,"Today, Most doctors always",dua_unemb,0.7,1,23,0.70015,0.41508,0.36706,0.36388,0.01451,0.43124,0.01616,0.00054,0.0413,0.32522
144,"Today, Most doctors always",dua_unemb,0.9,1,33,0.91136,0.42718,0.8108,0.79207,0.02631,0.43124,0.00407,3e-05,0.08871,0.72206
144,"Today, Most doctors always",dua_unemb,0.99,1,44,0.99019,0.43917,1.50528,1.4635,0.05729,0.43124,0.00793,0.00013,0.13488,1.37027
144,"Today, Most doctors always",euc_dmd,0.3,1,11,0.37953,0.28314,0.69413,0.70511,0.07314,0.43124,0.14811,0.04981,0.16498,0.47933
144,"Today, Most doctors always",euc_dmd,0.5,1,13,0.58175,0.27037,1.06548,1.07485,0.2348,0.43124,0.16088,0.05967,0.24623,0.75958
144,"Today, Most doctors always",euc_dmd,0.7,1,15,0.75531,0.26215,1.53829,1.54445,0.2685,0.43124,0.16909,0.06661,0.34497,1.12671
144,"Today, Most doctors always",euc_dmd,0.9,1,18,0.90644,0.24508,2.40046,2.39938,0.28404,0.43124,0.18617,0.08264,0.49752,1.82029
144,"Today, Most doctors always",euc_dmd,0.99,1,25,0.99085,0.16816,4.80043,4.77635,0.29506,0.43124,0.26308,0.18989,0.79613,3.81441
144,"Today, Most doctors always",cau_dmd,0.3,1,14,0.36043,0.20157,0.73579,0.74617,0.15424,0.43124,0.22968,0.13506,0.1875,0.41323
144,"Today, Most doctors always",cau_dmd,0.5,1,16,0.52029,0.1712,1.09339,1.10188,0.20494,0.43124,0.26004,0.18425,0.25078,0.65836
144,"Today, Most doctors always",cau_dmd,0.7,1,19,0.74125,0.12271,1.87357,1.87622,0.24014,0.43124,0.30854,0.29552,0.37984,1.19821
144,"Today, Most doctors always",cau_dmd,0.9,1,23,0.91083,0.06886,3.24515,3.23572,0.27144,0.43124,0.36239,0.51081,0.58071,2.15362
144,"Today, Most doctors always",cau_dmd,0.99,1,31,0.99161,0.01879,6.34796,6.30873,0.28974,0.43124,0.41246,1.04114,0.95742,4.3494
144,"Today, Most doctors always",dua_dmd,0.3,1,16,0.32573,0.3074,0.3888,0.39549,0.01876,0.43124,0.12385,0.03394,0.14919,0.20567
144,"Today, Most doctors always",dua_dmd,0.5,1,23,0.52324,0.27683,0.68851,0.69342,0.0243,0.43124,0.15441,0.05455,0.28622,0.34774
144,"Today, Most doctors always",dua_dmd,0.7,1,30,0.70745,0.25664,1.01607,1.01746,0.03645,0.43124,0.17461,0.07155,0.41781,0.52671
144,"Today, Most doctors always",dua_dmd,0.9,1,41,0.90781,0.24335,1.6123,1.60482,0.06425,0.43124,0.1879,0.0844,0.6111,0.9168
144,"Today, Most doctors always",dua_dmd,0.99,1,57,0.99023,0.24749,2.68936,2.66305,0.18629,0.43124,0.18375,0.08024,0.88592,1.7232
24,"At work, The workers now",euc_ctx,0.3,1,17,0.32141,0.40584,0.49327,0.49995,0.05921,0.6755,0.26966,0.14788,0.12894,0.21644
24,"At work, The workers now",euc_ctx,0.5,1,21,0.50987,0.35919,0.80024,0.80595,0.23296,0.6755,0.31631,0.20585,0.26612,0.32828
24,"At work, The workers now",euc_ctx,0.7,1,26,0.73346,0.33541,1.25644,1.25965,0.32849,0.6755,0.34009,0.24028,0.52471,0.49145
24,"At work, The workers now",euc_ctx,0.9,1,33,0.9126,0.34634,1.9224,1.92045,0.3614,0.6755,0.32916,0.224,0.94702,0.75138
24,"At work, The workers now",euc_ctx,0.99,1,46,0.99075,0.40231,2.91567,2.90176,0.37628,0.6755,0.27319,0.15186,1.47116,1.29265
24,"At work, The workers now",cau_ctx,0.3,1,33,0.3082,0.36624,0.63115,0.63561,0.06222,0.6755,0.30926,0.19631,0.12899,0.30586
24,"At work, The workers now",cau_ctx,0.5,1,42,0.52076,0.28044,1.1338,1.1355,0.324,0.6755,0.39506,0.33541,0.29796,0.50043
24,"At work, The workers now",cau_ctx,0.7,1,50,0.70372,0.22961,1.67626,1.6742,0.33547,0.6755,0.44589,0.44835,0.52659,0.70133
24,"At work, The workers now",cau_ctx,0.9,1,64,0.90044,0.17907,2.71684,2.70634,0.35097,0.6755,0.49643,0.59565,1.02641,1.09477
24,"At work, The workers now",cau_ctx,0.99,1,91,0.99024,0.12191,4.59779,4.56801,0.36639,0.6755,0.55359,0.83352,1.83016,1.93411
24,"At work, The workers now",dua_ctx,0.3,1,97,0.30008,0.47153,1.28841,1.26248,0.05579,0.6755,0.20397,0.08456,0.16425,1.0396
24,"At work, The workers now",dua_ctx,0.5,1,175,0.50139,0.35441,4.29983,4.21287,0.07345,0.6755,0.32109,0.21248,0.65054,3.43681
24,"At work, The workers now",dua_ctx,0.7,1,230,0.70402,0.27374,6.37983,6.27031,0.0747,0.6755,0.40176,0.34875,1.15845,4.87263
24,"At work, The workers now",dua_ctx,0.9,1,271,0.90172,0.22381,7.64479,7.5258,0.07508,0.6755,0.45169,0.4632,1.5387,5.64289
24,"At work, The workers now",dua_ctx,0.99,1,304,0.99026,0.20866,8.41898,8.29497,0.27785,0.6755,0.46684,0.50426,1.81863,6.09609
24,"At work, The workers now",euc_unemb,0.3,1,7,0.31648,0.54418,0.22147,0.22903,0.0366,0.6755,0.13133,0.03576,0.12014,0.06556
24,"At work, The workers now",euc_unemb,0.5,1,9,0.54701,0.56041,0.41988,0.42722,0.20847,0.6755,0.1151,0.02767,0.27393,0.11827
24,"At work, The workers now",euc_unemb,0.7,1,11,0.75855,0.61253,0.70107,0.70651,0.22532,0.6755,0.06297,0.00855,0.49581,0.19671
24,"At work, The workers now",euc_unemb,0.9,1,14,0.92917,0.70798,1.19285,1.1925,0.33609,0.6755,0.03248,0.0025,0.81128,0.37907
24,"At work, The workers now",euc_unemb,0.99,1,19,0.99292,0.79582,1.96883,1.95443,0.35505,0.6755,0.12032,0.03961,1.06572,0.86351
24,"At work, The workers now",cau_unemb,0.3,1,8,0.3782,0.49148,0.2855,0.29182,0.0429,0.6755,0.18402,0.06906,0.13799,0.07844
24,"At work, The workers now",cau_unemb,0.5,1,10,0.60117,0.50668,0.48022,0.48581,0.2125,0.6755,0.16882,0.05833,0.29469,0.1272
24,"At work, The workers now",cau_unemb,0.7,1,11,0.70335,0.52854,0.59706,0.60179,0.21836,0.6755,0.14696,0.04451,0.3948,0.15775
24,"At work, The workers now",cau_unemb,0.9,1,14,0.90188,0.62449,0.97695,0.97721,0.2798,0.6755,0.05101,0.00566,0.69059,0.28069
24,"At work, The workers now",cau_unemb,0.99,1,20,0.99265,0.76798,1.66194,1.64775,0.31156,0.6755,0.09248,0.02218,0.94191,0.69784
24,"At work, The workers now",dua_unemb,0.3,1,15,0.30187,0.64874,0.14862,0.15115,0.01171,0.6755,0.02677,0.00159,0.02328,0.12375
24,"At work, The workers now",dua_unemb,0.5,1,26,0.51263,0.66427,0.50869,0.49881,0.0184,0.6755,0.01123,0.00028,0.07608,0.43232
24,"At work, The workers now",dua_unemb,0.7,1,46,0.70146,0.69378,1.48202,1.43557,0.03245,0.6755,0.01827,0.00078,0.18609,1.29515
24,"At work, The workers now",dua_unemb,0.9,1,91,0.90116,0.70389,3.95891,3.83793,0.06401,0.6755,0.02839,0.0019,0.46117,3.49585
24,"At work, The workers now",dua_unemb,0.99,1,119,0.99155,0.69826,5.14813,5.01263,0.06841,0.6755,0.02276,0.00121,0.68908,4.45783
24,"At work, The workers now",euc_dmd,0.3,1,8,0.37389,0.28299,1.05248,1.0576,0.34308,0.6755,0.39252,0.33046,0.46183,0.2602
24,"At work, The workers now",euc_dmd,0.5,1,10,0.56533,0.22959,1.60779,1.61037,0.35423,0.6755,0.44591,0.44841,0.75119,0.4082
24,"At work, The workers now",euc_dmd,0.7,1,12,0.73083,0.19513,2.18576,2.18467,0.35758,0.6755,0.48037,0.54406,1.05769,0.58401
24,"At work, The workers now",euc_dmd,0.9,1,16,0.91446,0.15028,3.24707,3.23628,0.36189,0.6755,0.52522,0.70288,1.54295,1.00124
24,"At work, The workers now",euc_dmd,0.99,1,24,0.99213,0.07998,5.25467,5.21938,0.36305,0.6755,0.59552,1.10314,2.15928,1.99225
24,"At work, The workers now",cau_dmd,0.3,1,9,0.30799,0.27052,1.16656,1.17301,0.33642,0.6755,0.40499,0.3553,0.53417,0.27708
24,"At work, The workers now",cau_dmd,0.5,1,12,0.52767,0.17391,2.05768,2.06018,0.35335,0.6755,0.50159,0.61337,0.9233,0.52101
24,"At work, The workers now",cau_dmd,0.7,1,15,0.72711,0.10849,3.05172,3.04766,0.36234,0.6755,0.56701,0.9074,1.31116,0.83316
24,"At work, The workers now",cau_dmd,0.9,1,20,0.91346,0.04802,4.70287,4.68432,0.36583,0.6755,0.62748,1.43671,1.81624,1.44992
24,"At work, The workers now",cau_dmd,0.99,1,29,0.99103,0.01043,7.68201,7.63269,0.36765,0.6755,0.66507,2.45543,2.54,2.68659
24,"At work, The workers now",dua_dmd,0.3,1,15,0.32456,0.46817,0.51581,0.52046,0.0495,0.6755,0.20733,0.08734,0.11771,0.31076
24,"At work, The workers now",dua_dmd,0.5,1,22,0.51262,0.40828,1.01725,1.01736,0.05515,0.6755,0.26722,0.14517,0.2783,0.59377
24,"At work, The workers now",dua_dmd,0.7,1,31,0.70914,0.36558,1.70808,1.69881,0.0644,0.6755,0.30992,0.19718,0.50131,1.00958
24,"At work, The workers now",dua_dmd,0.9,1,42,0.90155,0.33611,2.61499,2.59076,0.29636,0.6755,0.33939,0.23923,0.76996,1.6058
24,"At work, The workers now",dua_dmd,0.99,1,51,0.99024,0.32953,3.41218,3.37416,0.29716,0.6755,0.34597,0.24937,0.96686,2.19595
253,"Usually, Many people often",euc_ctx,0.3,1,29,0.33704,0.30868,0.85422,0.86312,0.12247,0.61494,0.30626,0.19848,0.15021,0.50552
253,"Usually, Many people often",euc_ctx,0.5,1,33,0.51718,0.27172,1.17318,1.17978,0.14602,0.61494,0.34322,0.25686,0.21512,0.7012
253,"Usually, Many people often",euc_ctx,0.7,1,38,0.72416,0.24938,1.58213,1.58461,0.15912,0.61494,0.36556,0.29798,0.30268,0.98147
253,"Usually, Many people often",euc_ctx,0.9,1,46,0.90901,0.24861,2.19274,2.18684,0.16308,0.61494,0.36633,0.29949,0.41115,1.4821
253,"Usually, Many people often",euc_ctx,0.99,1,63,0.9912,0.28173,3.40606,3.37952,0.15916,0.61494,0.33321,0.23994,0.52722,2.6389
253,"Usually, Many people often",cau_ctx,0.3,1,60,0.30805,0.292,1.23157,1.2362,0.13308,0.61494,0.32294,0.22347,0.20113,0.80697
253,"Usually, Many people often",cau_ctx,0.5,1,70,0.52056,0.20471,1.86942,1.86864,0.14656,0.61494,0.41023,0.3971,0.28561,1.18671
253,"Usually, Many people often",cau_ctx,0.7,1,79,0.70352,0.15367,2.49864,2.49155,0.1556,0.61494,0.46127,0.54952,0.38131,1.56781
253,"Usually, Many people often",cau_ctx,0.9,1,96,0.907,0.10085,3.70248,3.68142,0.1633,0.61494,0.51409,0.7852,0.57099,2.34629
253,"Usually, Many people often",cau_ctx,0.99,1,127,0.99,0.05301,5.84624,5.79687,0.16315,0.61494,0.56193,1.16077,0.82912,3.85635
253,"Usually, Many people often",dua_ctx,0.3,1,101,0.30354,0.4198,1.33878,1.31504,0.03211,0.61494,0.19514,0.07688,0.13601,1.12589
253,"Usually, Many people often",dua_ctx,0.5,1,133,0.50017,0.3352,2.48041,2.4317,0.05016,0.61494,0.27974,0.16287,0.28652,2.03101
253,"Usually, Many people often",dua_ctx,0.7,1,159,0.70485,0.27622,3.77034,3.69925,0.06001,0.61494,0.33872,0.24915,0.5,3.02119
253,"Usually, Many people often",dua_ctx,0.9,1,185,0.9043,0.23662,5.32837,5.23677,0.06485,0.61494,0.37832,0.32379,0.79643,4.20815
253,"Usually, Many people often",dua_ctx,0.99,1,206,0.99106,0.2244,6.6664,6.56088,0.06678,0.61494,0.39054,0.35028,0.99627,5.31985
253,"Usually, Many people often",euc_unemb,0.3,1,11,0.33856,0.38873,0.40856,0.41843,0.17309,0.61494,0.22621,0.10409,0.10517,0.1993
253,"Usually, Many people often",euc_unemb,0.5,1,13,0.59169,0.41793,0.56501,0.57378,0.15114,0.61494,0.19701,0.0784,0.18895,0.29767
253,"Usually, Many people often",euc_unemb,0.7,1,14,0.70837,0.4486,0.65885,0.66641,0.14703,0.61494,0.16634,0.05569,0.24178,0.36137
253,"Usually, Many people often",euc_unemb,0.9,1,17,0.91817,0.56336,1.03963,1.04083,0.1683,0.61494,0.05158,0.00547,0.40275,0.63142
253,"Usually, Many people often",euc_unemb,0.99,1,22,0.99251,0.66902,1.9576,1.94232,0.17295,0.61494,0.05408,0.00644,0.59747,1.35369
253,"Usually, Many people often",cau_unemb,0.3,1,12,0.3818,0.39406,0.40454,0.41574,0.15407,0.61494,0.22089,0.09909,0.11388,0.19157
253,"Usually, Many people often",cau_unemb,0.5,1,13,0.50232,0.40815,0.47317,0.48409,0.1552,0.61494,0.20679,0.08654,0.15546,0.23117
253,"Usually, Many people often",cau_unemb,0.7,1,15,0.72779,0.46891,0.63338,0.64263,0.15024,0.61494,0.14603,0.04291,0.26009,0.33038
253,"Usually, Many people often",cau_unemb,0.9,1,18,0.91824,0.59959,0.96328,0.96711,0.16332,0.61494,0.01535,0.00049,0.41639,0.5464
253,"Usually, Many people often",cau_unemb,0.99,1,23,0.99117,0.74117,1.74578,1.73535,0.16797,0.61494,0.12623,0.03815,0.58446,1.12318
253,"Usually, Many people often",dua_unemb,0.3,1,18,0.31834,0.57338,0.1525,0.15646,0.01637,0.61494,0.04156,0.00356,0.0164,0.13254
253,"Usually, Many people often",dua_unemb,0.5,1,24,0.51239,0.5812,0.31337,0.31275,0.02171,0.61494,0.03374,0.00236,0.03886,0.27215
253,"Usually, Many people often",dua_unemb,0.7,1,32,0.71954,0.59413,0.66889,0.65829,0.03363,0.61494,0.02081,0.0009,0.08335,0.58464
253,"Usually, Many people often",dua_unemb,0.9,1,43,0.90379,0.61177,1.49803,1.46771,0.0421,0.61494,0.00317,2e-05,0.15778,1.34022
253,"Usually, Many people often",dua_unemb,0.99,1,55,0.99062,0.62751,2.89516,2.83528,0.05588,0.61494,0.01257,0.00034,0.23095,2.66387
253,"Usually, Many people often",euc_dmd,0.3,1,13,0.30804,0.22275,1.28006,1.28928,0.16709,0.61494,0.39219,0.354,0.39703,0.52903
253,"Usually, Many people often",euc_dmd,0.5,1,16,0.58483,0.16695,2.03882,2.0431,0.17614,0.61494,0.44799,0.50463,0.64586,0.88832
253,"Usually, Many people often",euc_dmd,0.7,1,18,0.74418,0.14289,2.61413,2.61353,0.17918,0.61494,0.47205,0.58936,0.84177,1.183
253,"Usually, Many people often",euc_dmd,0.9,1,22,0.91871,0.10932,3.81872,3.80587,0.17972,0.61494,0.50562,0.73925,1.21766,1.86181
253,"Usually, Many people often",euc_dmd,0.99,1,30,0.99251,0.06215,6.27141,6.22968,0.18015,0.61494,0.55279,1.06667,1.82318,3.38156
253,"Usually, Many people often",cau_dmd,0.3,1,17,0.36585,0.15441,1.73375,1.74253,0.17004,0.61494,0.46053,0.5469,0.49581,0.69104
253,"Usually, Many people often",cau_dmd,0.5,1,19,0.5269,0.11188,2.30988,2.31473,0.17587,0.61494,0.50306,0.72613,0.63646,0.9473
253,"Usually, Many people often",cau_dmd,0.7,1,22,0.7458,0.06946,3.31314,3.30996,0.1786,0.61494,0.54549,1.00132,0.90861,1.40321
253,"Usually, Many people often",cau_dmd,0.9,1,26,0.91171,0.039,4.7557,4.73947,0.18104,0.61494,0.57594,1.34383,1.32126,2.09061
253,"Usually, Many people often",cau_dmd,0.99,1,34,0.99146,0.01325,7.64305,7.59744,0.18363,0.61494,0.60169,1.9976,2.06649,3.57896
253,"Usually, Many people often",dua_dmd,0.3,1,19,0.30746,0.41835,0.62481,0.63244,0.04625,0.61494,0.19659,0.07806,0.21774,0.32901
253,"Usually, Many people often",dua_dmd,0.5,1,27,0.5054,0.37314,1.17006,1.1752,0.11544,0.61494,0.2418,0.11955,0.45193,0.59857
253,"Usually, Many people often",dua_dmd,0.7,1,36,0.71751,0.34278,1.88696,1.88675,0.14449,0.61494,0.27216,0.15354,0.69193,1.0415
253,"Usually, Many people often",dua_dmd,0.9,1,47,0.90542,0.33107,2.8843,2.87388,0.15464,0.61494,0.28387,0.16811,0.92817,1.78802
253,"Usually, Many people often",dua_dmd,0.99,1,60,0.99047,0.34093,4.28529,4.25758,0.16263,0.61494,0.27401,0.15578,1.16835,2.96116
207,"Lately, Both of them usually",euc_ctx,0.3,1,15,0.33492,0.38632,0.29067,0.29772,0.12836,0.54681,0.16049,0.05259,0.04711,0.19096
207,"Lately, Both of them usually",euc_ctx,0.5,1,19,0.53231,0.37124,0.46601,0.4727,0.13829,0.54681,0.17557,0.06336,0.08457,0.31807
207,"Lately, Both of them usually",euc_ctx,0.7,1,23,0.71726,0.37811,0.66793,0.67318,0.14154,0.54681,0.1687,0.05831,0.13078,0.47883
207,"Lately, Both of them usually",euc_ctx,0.9,1,30,0.90817,0.42222,1.07113,1.07174,0.14763,0.54681,0.12459,0.03132,0.20741,0.83239
207,"Lately, Both of them usually",euc_ctx,0.99,1,43,0.99033,0.50401,1.9779,1.96592,0.16884,0.54681,0.04281,0.00367,0.31115,1.66308
207,"Lately, Both of them usually",cau_ctx,0.3,1,29,0.30398,0.37349,0.34777,0.35323,0.13442,0.54681,0.17332,0.06168,0.04409,0.24199
207,"Lately, Both of them usually",cau_ctx,0.5,1,38,0.51784,0.3379,0.59903,0.60333,0.15998,0.54681,0.20891,0.0914,0.08057,0.42706
207,"Lately, Both of them usually",cau_ctx,0.7,1,46,0.70176,0.32475,0.86838,0.8704,0.16452,0.54681,0.22206,0.1042,0.12916,0.63502
207,"Lately, Both of them usually",cau_ctx,0.9,1,61,0.90738,0.32556,1.46228,1.45755,0.16177,0.54681,0.22126,0.10338,0.23877,1.12013
207,"Lately, Both of them usually",cau_ctx,0.99,1,87,0.99003,0.3131,2.68945,2.66868,0.13227,0.54681,0.23371,0.11642,0.4054,2.16763
207,"Lately, Both of them usually",dua_ctx,0.3,1,57,0.30422,0.43129,0.58322,0.58011,0.08436,0.54681,0.11552,0.02687,0.05573,0.50062
207,"Lately, Both of them usually",dua_ctx,0.5,1,84,0.50269,0.36362,1.28596,1.26939,0.093,0.54681,0.18319,0.06924,0.1253,1.09142
207,"Lately, Both of them usually",dua_ctx,0.7,1,110,0.70074,0.30914,2.22188,2.18761,0.14441,0.54681,0.23767,0.12077,0.21521,1.88589
207,"Lately, Both of them usually",dua_ctx,0.9,1,142,0.90411,0.26203,3.75726,3.69769,0.15708,0.54681,0.28479,0.18129,0.37383,3.20213
207,"Lately, Both of them usually",dua_ctx,0.99,1,168,0.99098,0.24627,5.27901,5.20022,0.14467,0.54681,0.30054,0.20563,0.48516,4.58821
207,"Lately, Both of them usually",euc_unemb,0.3,1,6,0.34729,0.43165,0.15973,0.1656,0.0366,0.54681,0.11516,0.0267,0.03468,0.09835
207,"Lately, Both of them usually",euc_unemb,0.5,1,8,0.60347,0.46176,0.27271,0.27804,0.11163,0.54681,0.08505,0.0145,0.07162,0.1866
207,"Lately, Both of them usually",euc_unemb,0.7,1,9,0.71948,0.49422,0.35166,0.35602,0.12301,0.54681,0.05259,0.00554,0.09961,0.24651
207,"Lately, Both of them usually",euc_unemb,0.9,1,12,0.92358,0.61603,0.72322,0.72196,0.15922,0.54681,0.06921,0.00994,0.20277,0.51052
207,"Lately, Both of them usually",euc_unemb,0.99,1,17,0.99343,0.73388,1.69915,1.68275,0.16843,0.54681,0.18706,0.08036,0.36442,1.25437
207,"Lately, Both of them usually",cau_unemb,0.3,1,7,0.40719,0.40576,0.18015,0.18584,0.03725,0.54681,0.14105,0.04033,0.02949,0.11033
207,"Lately, Both of them usually",cau_unemb,0.5,1,8,0.52862,0.41657,0.22359,0.22909,0.04041,0.54681,0.13024,0.03428,0.04337,0.14595
207,"Lately, Both of them usually",cau_unemb,0.7,1,10,0.74856,0.47193,0.33828,0.34233,0.11537,0.54681,0.07488,0.01123,0.08948,0.23757
207,"Lately, Both of them usually",cau_unemb,0.9,1,13,0.92708,0.59866,0.6321,0.63129,0.12143,0.54681,0.05185,0.00553,0.18531,0.44126
207,"Lately, Both of them usually",cau_unemb,0.99,1,18,0.99274,0.7481,1.43047,1.41664,0.0721,0.54681,0.20129,0.09476,0.33505,1.00066
207,"Lately, Both of them usually",dua_unemb,0.3,1,10,0.31432,0.52477,0.08247,0.0857,0.01229,0.54681,0.02204,0.00098,0.00905,0.07245
207,"Lately, Both of them usually",dua_unemb,0.5,1,15,0.5374,0.53113,0.19915,0.20064,0.02584,0.54681,0.01568,0.00049,0.02488,0.17377
207,"Lately, Both of them usually",dua_unemb,0.7,1,20,0.72301,0.54452,0.3745,0.37224,0.02853,0.54681,0.0023,1e-05,0.04853,0.32596
207,"Lately, Both of them usually",dua_unemb,0.9,1,28,0.90587,0.57497,0.78348,0.77185,0.02577,0.54681,0.02815,0.00161,0.09238,0.68949
207,"Lately, Both of them usually",dua_unemb,0.99,1,39,0.99062,0.62517,1.60841,1.57863,0.04623,0.54681,0.07836,0.0128,0.13829,1.45732
207,"Lately, Both of them usually",euc_dmd,0.3,1,8,0.36009,0.34891,0.463,0.46885,0.16308,0.54681,0.1979,0.08147,0.13756,0.24397
207,"Lately, Both of them usually",euc_dmd,0.5,1,10,0.54412,0.33479,0.67109,0.67586,0.15883,0.54681,0.21202,0.09434,0.18682,0.38993
207,"Lately, Both of them usually",euc_dmd,0.7,1,12,0.71282,0.33571,0.92348,0.92607,0.15554,0.54681,0.2111,0.09346,0.2541,0.57592
207,"Lately, Both of them usually",euc_dmd,0.9,1,16,0.91072,0.35003,1.59182,1.5871,0.15419,0.54681,0.19678,0.0805,0.43916,1.07216
207,"Lately, Both of them usually",euc_dmd,0.99,1,23,0.99072,0.3121,3.18488,3.16117,0.12431,0.54681,0.23471,0.11751,0.80035,2.26702
207,"Lately, Both of them usually",cau_dmd,0.3,1,10,0.34557,0.33802,0.55408,0.56083,0.15799,0.54681,0.20879,0.09129,0.18072,0.28208
207,"Lately, Both of them usually",cau_dmd,0.5,1,13,0.56831,0.30471,0.88819,0.89319,0.15607,0.54681,0.24211,0.12577,0.25309,0.50932
207,"Lately, Both of them usually",cau_dmd,0.7,1,15,0.70737,0.28494,1.19866,1.2012,0.1256,0.54681,0.26187,0.14975,0.33111,0.71781
207,"Lately, Both of them usually",cau_dmd,0.9,1,20,0.91686,0.21734,2.33463,2.32649,0.12836,0.54681,0.32948,0.2569,0.62448,1.45324
207,"Lately, Both of them usually",cau_dmd,0.99,1,28,0.99199,0.09491,4.86247,4.8286,0.14051,0.54681,0.4519,0.64407,1.19366,3.02475
207,"Lately, Both of them usually",dua_dmd,0.3,1,13,0.31808,0.41077,0.3693,0.3729,0.13115,0.54681,0.13604,0.03746,0.0873,0.24454
207,"Lately, Both of them usually",dua_dmd,0.5,1,19,0.50578,0.36746,0.76089,0.76289,0.1426,0.54681,0.17935,0.06624,0.19284,0.50181
207,"Lately, Both of them usually",dua_dmd,0.7,1,28,0.72113,0.33621,1.44616,1.44396,0.11965,0.54681,0.2106,0.09299,0.30659,1.04657
207,"Lately, Both of them usually",dua_dmd,0.9,1,40,0.9097,0.32862,2.5403,2.52978,0.12723,0.54681,0.2182,0.10033,0.44871,1.99126
207,"Lately, Both of them usually",dua_dmd,0.99,1,61,0.99006,0.35706,4.84416,4.81301,0.13216,0.54681,0.18975,0.07455,0.69931,4.0703
41,"Over time, The engineers generally",euc_ctx,0.3,1,22,0.33105,0.27949,0.61273,0.62068,0.152,0.51382,0.23432,0.12161,0.1354,0.35572
41,"Over time, The engineers generally",euc_ctx,0.5,1,26,0.51537,0.26517,0.88187,0.889,0.16427,0.51382,0.24865,0.13907,0.23679,0.50601
41,"Over time, The engineers generally",euc_ctx,0.7,1,31,0.73011,0.27417,1.25511,1.26014,0.1789,0.51382,0.23964,0.12791,0.39884,0.72837
41,"Over time, The engineers generally",euc_ctx,0.9,1,38,0.90452,0.32121,1.79534,1.79581,0.17747,0.51382,0.1926,0.07912,0.62031,1.09591
41,"Over time, The engineers generally",euc_ctx,0.99,1,53,0.99063,0.44415,2.9371,2.92387,0.17531,0.51382,0.06967,0.00976,0.87883,2.04851
41,"Over time, The engineers generally",cau_ctx,0.3,1,46,0.31239,0.28292,0.78686,0.79152,0.16127,0.51382,0.2309,0.11766,0.19193,0.47726
41,"Over time, The engineers generally",cau_ctx,0.5,1,56,0.51398,0.25064,1.23083,1.23289,0.15589,0.51382,0.26318,0.15851,0.33374,0.73857
41,"Over time, The engineers generally",cau_ctx,0.7,1,66,0.70197,0.2299,1.76679,1.76469,0.16166,0.51382,0.28392,0.18962,0.50944,1.06773
41,"Over time, The engineers generally",cau_ctx,0.9,1,85,0.90447,0.19525,2.95585,2.94237,0.16376,0.51382,0.31857,0.25215,0.84478,1.85891
41,"Over time, The engineers generally",cau_ctx,0.99,1,124,0.99035,0.10541,5.63161,5.58744,0.16498,0.51382,0.40841,0.51742,1.26227,3.85192
41,"Over time, The engineers generally",dua_ctx,0.3,1,84,0.30189,0.36651,1.02216,1.01261,0.0252,0.51382,0.14731,0.04492,0.09038,0.88686
41,"Over time, The engineers generally",dua_ctx,0.5,1,117,0.50418,0.29184,2.06098,2.03208,0.03137,0.51382,0.22198,0.1078,0.20074,1.75244
41,"Over time, The engineers generally",dua_ctx,0.7,1,144,0.70156,0.24016,3.19755,3.14927,0.04847,0.51382,0.27366,0.1737,0.33264,2.6912
41,"Over time, The engineers generally",dua_ctx,0.9,1,177,0.90203,0.19873,5.06573,4.9923,0.12877,0.51382,0.31509,0.24518,0.53038,4.29017
41,"Over time, The engineers generally",dua_ctx,0.99,1,205,0.99008,0.18245,7.04191,6.94988,0.141,0.51382,0.33136,0.27931,0.76782,5.99478
41,"Over time, The engineers generally",euc_unemb,0.3,1,9,0.33222,0.33277,0.34377,0.35252,0.11765,0.51382,0.18105,0.06931,0.11156,0.16289
41,"Over time, The engineers generally",euc_unemb,0.5,1,11,0.56525,0.35393,0.50684,0.51538,0.12565,0.51382,0.15989,0.0533,0.19898,0.25456
41,"Over time, The engineers generally",euc_unemb,0.7,1,13,0.7717,0.41375,0.70882,0.71582,0.13629,0.51382,0.10007,0.0203,0.30826,0.38026
41,"Over time, The engineers generally",euc_unemb,0.9,1,16,0.93343,0.53346,1.11534,1.11729,0.16702,0.51382,0.01964,0.00077,0.45213,0.66244
41,"Over time, The engineers generally",euc_unemb,0.99,1,21,0.99318,0.64601,2.04853,2.03672,0.17708,0.51382,0.13219,0.03664,0.56628,1.44561
41,"Over time, The engineers generally",cau_unemb,0.3,1,10,0.38664,0.31569,0.38553,0.39349,0.13564,0.51382,0.19813,0.0841,0.12912,0.17232
41,"Over time, The engineers generally",cau_unemb,0.5,1,12,0.60999,0.34409,0.53818,0.54574,0.14501,0.51382,0.16972,0.06044,0.22769,0.25005
41,"Over time, The engineers generally",cau_unemb,0.7,1,13,0.71078,0.37327,0.62169,0.62867,0.14838,0.51382,0.14055,0.04074,0.28522,0.29573
41,"Over time, The engineers generally",cau_unemb,0.9,1,16,0.90413,0.50375,0.91532,0.91888,0.1374,0.51382,0.01007,0.0002,0.44742,0.4677
41,"Over time, The engineers generally",cau_unemb,0.99,1,22,0.99242,0.73358,1.74842,1.73882,0.163,0.51382,0.21977,0.10949,0.59188,1.04704
41,"Over time, The engineers generally",dua_unemb,0.3,1,15,0.30414,0.47577,0.13075,0.13655,0.0122,0.51382,0.03805,0.0029,0.01754,0.11032
41,"Over time, The engineers generally",dua_unemb,0.5,1,21,0.52893,0.47976,0.30128,0.30475,0.02203,0.51382,0.03406,0.00232,0.03911,0.25985
41,"Over time, The engineers generally",dua_unemb,0.7,1,27,0.71169,0.49098,0.57744,0.57564,0.02608,0.51382,0.02284,0.00104,0.06849,0.50791
41,"Over time, The engineers generally",dua_unemb,0.9,1,41,0.90349,0.52293,1.66038,1.63828,0.04042,0.51382,0.00911,0.00017,0.13279,1.52743
41,"Over time, The engineers generally",dua_unemb,0.99,1,59,0.99046,0.55559,3.71331,3.65614,0.14638,0.51382,0.04177,0.00352,0.21112,3.49868
41,"Over time, The engineers generally",euc_dmd,0.3,1,11,0.36529,0.23617,1.00806,1.01523,0.17207,0.51382,0.27765,0.17976,0.39288,0.43542
41,"Over time, The engineers generally",euc_dmd,0.5,1,13,0.5416,0.2208,1.38009,1.38569,0.17574,0.51382,0.29302,0.20466,0.55119,0.62424
41,"Over time, The engineers generally",euc_dmd,0.7,1,15,0.70236,0.21479,1.7754,1.77846,0.16399,0.51382,0.29902,0.21509,0.70567,0.85464
41,"Over time, The engineers generally",euc_dmd,0.9,1,20,0.92317,0.20245,2.85819,2.8511,0.16471,0.51382,0.31137,0.23792,1.00628,1.61399
41,"Over time, The engineers generally",euc_dmd,0.99,1,28,0.99245,0.13386,4.94594,4.91545,0.15911,0.51382,0.37996,0.41038,1.32837,3.20718
41,"Over time, The engineers generally",cau_dmd,0.3,1,14,0.34408,0.21089,1.13487,1.14336,0.15879,0.51382,0.30293,0.22211,0.46884,0.44392
41,"Over time, The engineers generally",cau_dmd,0.5,1,17,0.54806,0.17018,1.67991,1.68582,0.15543,0.51382,0.34364,0.30785,0.64486,0.72719
41,"Over time, The engineers generally",cau_dmd,0.7,1,20,0.73209,0.13108,2.35136,2.35241,0.15578,0.51382,0.38274,0.41959,0.81211,1.11966
41,"Over time, The engineers generally",cau_dmd,0.9,1,25,0.90978,0.07263,3.74331,3.73193,0.15479,0.51382,0.44118,0.69129,1.07304,1.97898
41,"Over time, The engineers generally",cau_dmd,0.99,1,35,0.99172,0.01505,7.0207,6.97658,0.15775,0.51382,0.49877,1.47092,1.50164,4.04815
41,"Over time, The engineers generally",dua_dmd,0.3,1,16,0.33922,0.34912,0.48194,0.48972,0.14127,0.51382,0.1647,0.05673,0.13964,0.28557
41,"Over time, The engineers generally",dua_dmd,0.5,1,20,0.50039,0.31816,0.83908,0.84684,0.13314,0.51382,0.19566,0.08185,0.30493,0.4523
41,"Over time, The engineers generally",dua_dmd,0.7,1,27,0.70124,0.29591,1.49025,1.49656,0.13965,0.51382,0.21791,0.10349,0.57675,0.81001
41,"Over time, The engineers generally",dua_dmd,0.9,1,40,0.90459,0.28903,2.78833,2.78741,0.15098,0.51382,0.22479,0.11085,0.9033,1.77418
41,"Over time, The engineers generally",dua_dmd,0.99,1,59,0.99107,0.30427,5.19068,5.17009,0.15571,0.51382,0.20955,0.09498,1.24306,3.85263
187,"Lately, Students still",euc_ctx,0.3,1,10,0.34237,0.51021,0.21955,0.22535,0.05156,0.59959,0.08937,0.01611,0.07614,0.12731
187,"Lately, Students still",euc_ctx,0.5,1,14,0.55351,0.48238,0.48702,0.49274,0.06831,0.59959,0.1172,0.02761,0.19473,0.26468
187,"Lately, Students still",euc_ctx,0.7,1,17,0.70339,0.47308,0.75417,0.75884,0.22143,0.59959,0.12651,0.03215,0.32391,0.39811
187,"Lately, Students still",euc_ctx,0.9,1,24,0.9142,0.48268,1.47908,1.47897,0.33199,0.59959,0.11691,0.02747,0.67149,0.78012
187,"Lately, Students still",euc_ctx,0.99,1,35,0.99072,0.524,2.54601,2.53549,0.35286,0.59959,0.07559,0.01156,1.0578,1.47666
187,"Lately, Students still",cau_ctx,0.3,1,19,0.32183,0.52774,0.25051,0.25583,0.05407,0.59959,0.07185,0.01045,0.07756,0.16251
187,"Lately, Students still",cau_ctx,0.5,1,26,0.50459,0.49242,0.52542,0.53042,0.07196,0.59959,0.10717,0.0231,0.18407,0.31825
187,"Lately, Students still",cau_ctx,0.7,1,34,0.70804,0.4637,0.96237,0.9654,0.27497,0.59959,0.13589,0.0371,0.37517,0.5501
187,"Lately, Students still",cau_ctx,0.9,1,47,0.90704,0.4472,1.8223,1.81962,0.34537,0.59959,0.15238,0.04668,0.77102,1.0046
187,"Lately, Students still",cau_ctx,0.99,1,70,0.99061,0.44663,3.3097,3.29377,0.36522,0.59959,0.15296,0.04704,1.3474,1.91527
187,"Lately, Students still",dua_ctx,0.3,1,72,0.30143,0.51133,0.7612,0.74771,0.03282,0.59959,0.08826,0.01571,0.07782,0.66766
187,"Lately, Students still",dua_ctx,0.5,1,134,0.50222,0.4061,3.02997,2.97126,0.08738,0.59959,0.19348,0.07577,0.35174,2.60246
187,"Lately, Students still",dua_ctx,0.7,1,191,0.70091,0.31679,6.3206,6.22884,0.09318,0.59959,0.28279,0.16859,0.75963,5.39238
187,"Lately, Students still",dua_ctx,0.9,1,235,0.9035,0.25571,8.3424,8.23774,0.09464,0.59959,0.34388,0.26274,1.05405,7.02561
187,"Lately, Students still",dua_ctx,0.99,1,267,0.99048,0.23717,9.39596,9.2854,0.23507,0.59959,0.36241,0.298,1.26605,7.83191
187,"Lately, Students still",euc_unemb,0.3,1,4,0.34546,0.52287,0.14445,0.14883,0.03998,0.59959,0.07671,0.0119,0.07044,0.06211
187,"Lately, Students still",euc_unemb,0.5,1,6,0.61202,0.52947,0.38866,0.3925,0.06275,0.59959,0.07011,0.00995,0.21538,0.16333
187,"Lately, Students still",euc_unemb,0.7,1,7,0.73151,0.54547,0.56054,0.56324,0.06924,0.59959,0.05412,0.00596,0.31638,0.23821
187,"Lately, Students still",euc_unemb,0.9,1,10,0.9331,0.60723,1.18099,1.17738,0.30498,0.59959,0.00765,0.00012,0.61921,0.56165
187,"Lately, Students still",euc_unemb,0.99,1,14,0.99175,0.66011,2.03139,2.01587,0.3333,0.59959,0.06052,0.00796,0.86808,1.15536
187,"Lately, Students still",cau_unemb,0.3,1,4,0.30517,0.52374,0.11066,0.11476,0.02358,0.59959,0.07585,0.01163,0.04936,0.04966
187,"Lately, Students still",cau_unemb,0.5,1,6,0.54531,0.52324,0.29359,0.29761,0.05731,0.59959,0.07634,0.01178,0.15553,0.12627
187,"Lately, Students still",cau_unemb,0.7,1,8,0.76591,0.55492,0.57382,0.5759,0.07343,0.59959,0.04467,0.00407,0.31945,0.2503
187,"Lately, Students still",cau_unemb,0.9,1,11,0.93621,0.62241,1.08042,1.07668,0.27508,0.59959,0.02282,0.0011,0.54977,0.52955
187,"Lately, Students still",cau_unemb,0.99,1,15,0.99073,0.68525,1.7579,1.74355,0.32081,0.59959,0.08566,0.01631,0.70982,1.03177
187,"Lately, Students still",dua_unemb,0.3,1,11,0.3209,0.5911,0.12542,0.12393,0.00591,0.59959,0.00848,0.00015,0.02356,0.10171
187,"Lately, Students still",dua_unemb,0.5,1,21,0.50503,0.60576,0.43162,0.4179,0.01922,0.59959,0.00617,8e-05,0.07798,0.35356
187,"Lately, Students still",dua_unemb,0.7,1,44,0.70623,0.64136,1.61558,1.56052,0.07099,0.59959,0.04178,0.00374,0.21551,1.39634
187,"Lately, Students still",dua_unemb,0.9,1,80,0.90373,0.65296,4.61381,4.5044,0.09225,0.59959,0.05337,0.00615,0.43414,4.17352
187,"Lately, Students still",dua_unemb,0.99,1,104,0.99133,0.6498,6.70477,6.58135,0.09653,0.59959,0.05021,0.00543,0.61288,6.08646
187,"Lately, Students still",euc_dmd,0.3,1,4,0.34223,0.4348,0.28291,0.28879,0.05807,0.59959,0.16479,0.05467,0.13371,0.09454
187,"Lately, Students still",euc_dmd,0.5,1,6,0.59501,0.39604,0.65525,0.661,0.27738,0.59959,0.20355,0.08409,0.34877,0.22239
187,"Lately, Students still",euc_dmd,0.7,1,7,0.70864,0.3904,0.88173,0.88669,0.31283,0.59959,0.20919,0.08897,0.48633,0.30644
187,"Lately, Students still",euc_dmd,0.9,1,10,0.91172,0.40307,1.59684,1.59727,0.34713,0.59959,0.19652,0.07823,0.89357,0.62504
187,"Lately, Students still",euc_dmd,0.99,1,16,0.99272,0.43758,2.9731,2.95983,0.35835,0.59959,0.16201,0.05282,1.47784,1.44244
187,"Lately, Students still",cau_dmd,0.3,1,5,0.37138,0.41272,0.39734,0.40436,0.19302,0.59959,0.18687,0.07057,0.20501,0.12175
187,"Lately, Students still",cau_dmd,0.5,1,7,0.57976,0.37444,0.77894,0.78591,0.29553,0.59959,0.22515,0.10365,0.42626,0.24903
187,"Lately, Students still",cau_dmd,0.7,1,9,0.75627,0.35583,1.23774,1.2432,0.33222,0.59959,0.24375,0.12247,0.69358,0.42168
187,"Lately, Students still",cau_dmd,0.9,1,12,0.90789,0.34281,1.96425,1.96544,0.35312,0.59959,0.25677,0.13681,1.07576,0.75168
187,"Lately, Students still",cau_dmd,0.99,1,19,0.99166,0.29396,3.71804,3.70424,0.35874,0.59959,0.30563,0.20028,1.78389,1.73387
187,"Lately, Students still",dua_dmd,0.3,1,10,0.31533,0.46894,0.27214,0.27602,0.04976,0.59959,0.13065,0.03429,0.05458,0.18327
187,"Lately, Students still",dua_dmd,0.5,1,16,0.52828,0.40151,0.64775,0.64849,0.06683,0.59959,0.19808,0.07951,0.16031,0.40793
187,"Lately, Students still",dua_dmd,0.7,1,23,0.71556,0.35974,1.18314,1.17696,0.07665,0.59959,0.23985,0.11836,0.32068,0.7441
187,"Lately, Students still",dua_dmd,0.9,1,33,0.90953,0.32751,2.21865,2.19952,0.26832,0.59959,0.27207,0.15497,0.61742,1.44626
187,"Lately, Students still",dua_dmd,0.99,1,41,0.99186,0.31938,3.28686,3.25586,0.30913,0.59959,0.28021,0.16524,0.91115,2.21048
60,"Over time, People never",euc_ctx,0.3,1,33,0.3326,0.07339,1.82895,1.82634,0.28639,0.51276,0.43937,0.68362,0.17533,0.97001
60,"Over time, People never",euc_ctx,0.5,1,37,0.501,0.0624,2.18288,2.1774,0.29635,0.51276,0.45036,0.76109,0.23848,1.18331
60,"Over time, People never",euc_ctx,0.7,1,43,0.73123,0.05875,2.66847,2.65813,0.30502,0.51276,0.45401,0.79009,0.35423,1.52415
60,"Over time, People never",euc_ctx,0.9,1,51,0.90272,0.06721,3.23399,3.21637,0.30597,0.51276,0.44554,0.72546,0.49547,2.01307
60,"Over time, People never",euc_ctx,0.99,1,69,0.99039,0.10388,4.44162,4.40493,0.27642,0.51276,0.40888,0.52176,0.6824,3.23747
60,"Over time, People never",cau_ctx,0.3,1,68,0.31336,0.06872,2.16279,2.15704,0.29895,0.51276,0.44404,0.71489,0.28609,1.16181
60,"Over time, People never",cau_ctx,0.5,1,78,0.51787,0.04996,2.79736,2.78629,0.30518,0.51276,0.4628,0.86869,0.41065,1.51801
60,"Over time, People never",cau_ctx,0.7,1,88,0.71086,0.04004,3.46939,3.45204,0.27851,0.51276,0.47272,0.97705,0.57482,1.91752
60,"Over time, People never",cau_ctx,0.9,1,105,0.90427,0.0315,4.66388,4.63403,0.26616,0.51276,0.48125,1.09572,0.88636,2.6818
60,"Over time, People never",cau_ctx,0.99,1,138,0.99059,0.0206,7.07612,7.01825,0.26808,0.51276,0.49215,1.30798,1.41094,4.3572
60,"Over time, People never",dua_ctx,0.3,1,83,0.30577,0.33314,0.87423,0.85754,0.03,0.51276,0.17961,0.06821,0.11246,0.69356
60,"Over time, People never",dua_ctx,0.5,1,113,0.50181,0.27791,1.70057,1.66257,0.06211,0.51276,0.23485,0.12239,0.25917,1.31901
60,"Over time, People never",dua_ctx,0.7,1,149,0.70488,0.23724,3.21954,3.15002,0.09824,0.51276,0.27552,0.17683,0.59238,2.45033
60,"Over time, People never",dua_ctx,0.9,1,185,0.90283,0.21564,5.29882,5.2015,0.11363,0.51276,0.29711,0.21216,0.9487,4.13795
60,"Over time, People never",dua_ctx,0.99,1,209,0.9906,0.21045,6.82727,6.71778,0.1056,0.51276,0.30231,0.22145,1.12162,5.48421
60,"Over time, People never",euc_unemb,0.3,1,13,0.36331,0.24035,0.67059,0.67725,0.22489,0.51276,0.27241,0.17214,0.12212,0.37633
60,"Over time, People never",euc_unemb,0.5,1,15,0.60619,0.26667,0.85454,0.8598,0.24463,0.51276,0.24609,0.13604,0.21232,0.50618
60,"Over time, People never",euc_unemb,0.7,1,16,0.71572,0.29367,0.96138,0.96546,0.24998,0.51276,0.21908,0.10486,0.27145,0.58507
60,"Over time, People never",euc_unemb,0.9,1,19,0.91542,0.40787,1.37592,1.37424,0.25287,0.51276,0.10488,0.02235,0.45318,0.9004
60,"Over time, People never",euc_unemb,0.99,1,24,0.99145,0.55254,2.42304,2.4057,0.25913,0.51276,0.03978,0.00319,0.68907,1.73078
60,"Over time, People never",cau_unemb,0.3,1,14,0.35083,0.20727,0.76019,0.76684,0.23302,0.51276,0.30549,0.2273,0.13024,0.40265
60,"Over time, People never",cau_unemb,0.5,1,16,0.57451,0.22148,0.95488,0.96032,0.26082,0.51276,0.29127,0.2021,0.22742,0.52537
60,"Over time, People never",cau_unemb,0.7,1,18,0.7696,0.2645,1.1844,1.18768,0.28466,0.51276,0.24825,0.13878,0.369,0.67663
60,"Over time, People never",cau_unemb,0.9,1,21,0.92719,0.36298,1.62564,1.62356,0.26479,0.51276,0.14978,0.04653,0.59922,0.97989
60,"Over time, People never",cau_unemb,0.99,1,26,0.99115,0.49444,2.63139,2.6155,0.2674,0.51276,0.01832,0.00067,0.90082,1.7299
60,"Over time, People never",dua_unemb,0.3,1,18,0.31933,0.46198,0.15704,0.15903,0.02486,0.51276,0.05078,0.00517,0.01965,0.13223
60,"Over time, People never",dua_unemb,0.5,1,23,0.5118,0.47277,0.29635,0.29396,0.02997,0.51276,0.03998,0.0032,0.04755,0.2456
60,"Over time, People never",dua_unemb,0.7,1,30,0.71952,0.49211,0.61948,0.60788,0.05355,0.51276,0.02065,0.00085,0.10443,0.51419
60,"Over time, People never",dua_unemb,0.9,1,41,0.90068,0.52422,1.49933,1.46783,0.07426,0.51276,0.01146,0.00026,0.20915,1.28992
60,"Over time, People never",dua_unemb,0.99,1,56,0.9916,0.56303,3.14691,3.08078,0.08803,0.51276,0.05028,0.0051,0.2895,2.85231
60,"Over time, People never",euc_dmd,0.3,1,18,0.3323,0.11583,1.99585,1.99455,0.27841,0.51276,0.39693,0.47248,0.47415,1.04921
60,"Over time, People never",euc_dmd,0.5,1,21,0.57622,0.09757,2.64629,2.63984,0.29683,0.51276,0.41518,0.55047,0.66705,1.42878
60,"Over time, People never",euc_dmd,0.7,1,23,0.72476,0.0906,3.15568,3.14469,0.27438,0.51276,0.42216,0.58472,0.83789,1.73307
60,"Over time, People never",euc_dmd,0.9,1,27,0.90624,0.07861,4.36121,4.33863,0.27863,0.51276,0.43415,0.65117,1.24473,2.46531
60,"Over time, People never",euc_dmd,0.99,1,35,0.99171,0.04932,7.12372,7.07195,0.26913,0.51276,0.46344,0.8749,2.01655,4.23227
60,"Over time, People never",cau_dmd,0.3,1,22,0.3342,0.1033,2.0884,2.08895,0.27558,0.51276,0.40946,0.52433,0.48745,1.07662
60,"Over time, People never",cau_dmd,0.5,1,25,0.56138,0.07203,2.88173,2.87623,0.2571,0.51276,0.44073,0.69253,0.69001,1.49918
60,"Over time, People never",cau_dmd,0.7,1,27,0.70509,0.05637,3.52528,3.51442,0.26339,0.51276,0.45639,0.81008,0.87201,1.84319
60,"Over time, People never",cau_dmd,0.9,1,32,0.91897,0.03066,5.40833,5.3808,0.25949,0.51276,0.4821,1.10927,1.44295,2.85611
60,"Over time, People never",cau_dmd,0.99,1,40,0.99247,0.01123,8.72332,8.66498,0.26784,0.51276,0.50152,1.61436,2.43711,4.67185
60,"Over time, People never",dua_dmd,0.3,1,30,0.30325,0.32994,0.99908,0.99722,0.04702,0.51276,0.18282,0.07084,0.31299,0.61526
60,"Over time, People never",dua_dmd,0.5,1,45,0.50408,0.3189,2.14374,2.12764,0.08147,0.51276,0.19386,0.08032,0.53376,1.52967
60,"Over time, People never",dua_dmd,0.7,1,66,0.70192,0.32281,3.99548,3.95248,0.08998,0.51276,0.18995,0.07688,0.75689,3.16172
60,"Over time, People never",dua_dmd,0.9,1,93,0.90158,0.33077,6.29259,6.21756,0.09841,0.51276,0.18198,0.07014,1.13527,5.08718
60,"Over time, People never",dua_dmd,0.99,1,115,0.99086,0.34816,7.8175,7.72053,0.18966,0.51276,0.1646,0.0567,1.47805,6.28275
21,"At work, Students really",euc_ctx,0.3,1,32,0.30359,0.29163,1.22328,1.22739,0.23373,0.56679,0.27516,0.16361,0.34081,0.71887
21,"At work, Students really",euc_ctx,0.5,1,39,0.52998,0.25426,1.75344,1.75295,0.24059,0.56679,0.31252,0.21905,0.4355,1.09889
21,"At work, Students really",euc_ctx,0.7,1,45,0.71119,0.2381,2.27465,2.26889,0.19709,0.56679,0.32869,0.24698,0.55362,1.47405
21,"At work, Students really",euc_ctx,0.9,1,56,0.90823,0.23243,3.31323,3.29577,0.21184,0.56679,0.33436,0.25743,0.81689,2.2389
21,"At work, Students really",euc_ctx,0.99,1,75,0.99056,0.24056,5.11646,5.07596,0.21955,0.56679,0.32622,0.24255,1.1973,3.6766
21,"At work, Students really",cau_ctx,0.3,1,64,0.30261,0.30982,1.44042,1.44161,0.2088,0.56679,0.25696,0.14057,0.47015,0.82969
21,"At work, Students really",cau_ctx,0.5,1,76,0.50527,0.26137,2.02345,2.01958,0.2014,0.56679,0.30542,0.20757,0.60421,1.21167
21,"At work, Students really",cau_ctx,0.7,1,88,0.70114,0.22282,2.71134,2.70059,0.20009,0.56679,0.34397,0.27598,0.76883,1.66654
21,"At work, Students really",cau_ctx,0.9,1,108,0.90119,0.17584,3.98985,3.96482,0.21025,0.56679,0.39095,0.38476,1.06722,2.53787
21,"At work, Students really",cau_ctx,0.99,1,144,0.9903,0.11349,6.4516,6.39684,0.23799,0.56679,0.4533,0.60135,1.57248,4.27776
21,"At work, Students really",dua_ctx,0.3,1,92,0.30313,0.42866,1.17603,1.15434,0.06149,0.56679,0.13813,0.03842,0.07554,1.06207
21,"At work, Students really",dua_ctx,0.5,1,129,0.50552,0.35862,2.41553,2.3668,0.07345,0.56679,0.20817,0.08944,0.19068,2.13541
21,"At work, Students really",dua_ctx,0.7,1,160,0.7039,0.31093,3.88208,3.81012,0.08873,0.56679,0.25585,0.13924,0.39976,3.34308
21,"At work, Students really",dua_ctx,0.9,1,229,0.90099,0.27225,7.68319,7.57561,0.10271,0.56679,0.29454,0.19089,0.90099,6.5913
21,"At work, Students really",dua_ctx,0.99,1,301,0.99045,0.24892,9.94054,9.81566,0.12427,0.56679,0.31786,0.22799,1.36723,8.34532
21,"At work, Students really",euc_unemb,0.3,1,12,0.39418,0.38627,0.39895,0.40322,0.2077,0.56679,0.18052,0.06643,0.10766,0.22486
21,"At work, Students really",euc_unemb,0.5,1,13,0.50774,0.41021,0.44497,0.4485,0.07591,0.56679,0.15657,0.04959,0.13209,0.26329
21,"At work, Students really",euc_unemb,0.7,1,15,0.71939,0.4912,0.60062,0.60171,0.08259,0.56679,0.07559,0.01145,0.23453,0.35464
21,"At work, Students really",euc_unemb,0.9,1,18,0.9075,0.65318,1.05111,1.04575,0.09153,0.56679,0.08639,0.01595,0.49087,0.54429
21,"At work, Students really",euc_unemb,0.99,1,24,0.99264,0.84414,2.44242,2.41718,0.11821,0.56679,0.27735,0.21708,1.00903,1.21631
21,"At work, Students really",cau_unemb,0.3,1,13,0.39389,0.37059,0.39718,0.40202,0.20914,0.56679,0.1962,0.07899,0.11679,0.2014
21,"At work, Students really",cau_unemb,0.5,1,15,0.60023,0.42485,0.47965,0.4831,0.07628,0.56679,0.14194,0.0406,0.17428,0.26477
21,"At work, Students really",cau_unemb,0.7,1,17,0.77374,0.5157,0.63282,0.63378,0.09377,0.56679,0.05108,0.00524,0.28581,0.34177
21,"At work, Students really",cau_unemb,0.9,1,20,0.91994,0.67557,1.03157,1.02651,0.09387,0.56679,0.10878,0.02576,0.50937,0.49644
21,"At work, Students really",cau_unemb,0.99,1,26,0.99188,0.86066,2.20346,2.18065,0.11484,0.56679,0.29388,0.25465,0.91021,1.0386
21,"At work, Students really",dua_unemb,0.3,1,18,0.30907,0.54523,0.13766,0.13868,0.00726,0.56679,0.02156,0.00094,0.0217,0.11502
21,"At work, Students really",dua_unemb,0.5,1,27,0.50992,0.56397,0.3887,0.38052,0.01341,0.56679,0.00282,2e-05,0.06113,0.32755
21,"At work, Students really",dua_unemb,0.7,1,40,0.70033,0.5974,0.97783,0.94954,0.02108,0.56679,0.03061,0.00193,0.13169,0.84421
21,"At work, Students really",dua_unemb,0.9,1,72,0.90309,0.6616,3.4041,3.3194,0.03357,0.56679,0.09482,0.01934,0.26257,3.1222
21,"At work, Students really",dua_unemb,0.99,1,109,0.99002,0.6819,6.81463,6.68358,0.07625,0.56679,0.11511,0.029,0.47064,6.31498
21,"At work, Students really",euc_dmd,0.3,1,18,0.35262,0.30228,1.73432,1.73787,0.26415,0.56679,0.2645,0.14983,0.77281,0.81169
21,"At work, Students really",euc_dmd,0.5,1,21,0.53894,0.2683,2.28875,2.28756,0.23053,0.56679,0.29849,0.19682,0.92242,1.16951
21,"At work, Students really",euc_dmd,0.7,1,24,0.71548,0.22918,3.00043,2.99254,0.222,0.56679,0.33761,0.26358,1.12157,1.61528
21,"At work, Students really",euc_dmd,0.9,1,29,0.90165,0.16289,4.45483,4.43226,0.24098,0.56679,0.40389,0.42135,1.52189,2.5116
21,"At work, Students really",euc_dmd,0.99,1,38,0.99009,0.07516,7.45424,7.39971,0.24985,0.56679,0.49163,0.81657,2.28157,4.35609
21,"At work, Students really",cau_dmd,0.3,1,20,0.30981,0.20353,1.67542,1.6832,0.27318,0.56679,0.36326,0.31668,0.66418,0.69455
21,"At work, Students really",cau_dmd,0.5,1,24,0.53141,0.12506,2.57757,2.57839,0.21754,0.56679,0.44173,0.55201,0.83215,1.19341
21,"At work, Students really",cau_dmd,0.7,1,28,0.74199,0.06037,3.88354,3.87263,0.21077,0.56679,0.50642,0.93388,1.05898,1.89068
21,"At work, Students really",cau_dmd,0.9,1,33,0.90392,0.02233,5.76813,5.73909,0.22588,0.56679,0.54446,1.48042,1.39387,2.89383
21,"At work, Students really",cau_dmd,0.99,1,43,0.9911,0.00355,9.69105,9.62287,0.24025,0.56679,0.56323,2.51395,2.16924,5.00786
21,"At work, Students really",dua_dmd,0.3,1,21,0.30793,0.42305,0.57597,0.58055,0.05987,0.56679,0.14374,0.04166,0.17726,0.35706
21,"At work, Students really",dua_dmd,0.5,1,30,0.50911,0.38814,1.18707,1.18707,0.07487,0.56679,0.17865,0.06502,0.35328,0.76877
21,"At work, Students really",dua_dmd,0.7,1,44,0.70425,0.36953,2.38812,2.37594,0.09355,0.56679,0.19726,0.07989,0.56394,1.74429
21,"At work, Students really",dua_dmd,0.9,1,94,0.90153,0.39544,7.00557,6.93895,0.11431,0.56679,0.17135,0.05966,1.54991,5.39601
21,"At work, Students really",dua_dmd,0.99,1,144,0.99054,0.40695,10.6145,10.50255,0.12513,0.56679,0.15984,0.05172,2.91891,7.64387
146,Students also,euc_ctx,0.3,1,27,0.31715,0.13067,0.95397,0.95956,0.18057,0.46012,0.32945,0.32201,0.12169,0.51027
146,Students also,euc_ctx,0.5,1,31,0.5109,0.12066,1.23801,1.24218,0.20176,0.46012,0.33946,0.35251,0.20699,0.67851
146,Students also,euc_ctx,0.7,1,36,0.7355,0.1273,1.61242,1.61402,0.20578,0.46012,0.33282,0.33195,0.3589,0.92157
146,Students also,euc_ctx,0.9,1,43,0.91019,0.16258,2.15364,2.15035,0.21598,0.46012,0.29754,0.24167,0.59413,1.31784
146,Students also,euc_ctx,0.99,1,57,0.99017,0.27097,3.2584,3.24205,0.19889,0.46012,0.18914,0.08145,0.91268,2.26426
146,Students also,cau_ctx,0.3,1,56,0.31572,0.14544,1.16693,1.16896,0.18576,0.46012,0.31468,0.28199,0.21276,0.67218
146,Students also,cau_ctx,0.5,1,64,0.50053,0.12814,1.56109,1.56045,0.20208,0.46012,0.33198,0.32945,0.32455,0.90709
146,Students also,cau_ctx,0.7,1,73,0.70149,0.12058,2.06846,2.06377,0.21046,0.46012,0.33953,0.35275,0.49477,1.22094
146,Students also,cau_ctx,0.9,1,88,0.90253,0.12138,3.02585,3.01232,0.21349,0.46012,0.33873,0.3502,0.823,1.85265
146,Students also,cau_ctx,0.99,1,116,0.99034,0.11608,4.93813,4.90344,0.21664,0.46012,0.34403,0.36749,1.27915,3.29149
146,Students also,dua_ctx,0.3,1,75,0.30469,0.34344,0.71511,0.70838,0.01426,0.46012,0.11667,0.02893,0.07363,0.61255
146,Students also,dua_ctx,0.5,1,107,0.50545,0.29566,1.50514,1.48113,0.0352,0.46012,0.16446,0.05994,0.15848,1.28672
146,Students also,dua_ctx,0.7,1,146,0.70293,0.25407,3.01671,2.965,0.15711,0.46012,0.20604,0.09871,0.32948,2.58852
146,Students also,dua_ctx,0.9,1,190,0.90051,0.21925,5.46592,5.38607,0.18461,0.46012,0.24087,0.14191,0.55124,4.77278
146,Students also,dua_ctx,0.99,1,218,0.99068,0.20722,7.26177,7.16853,0.20849,0.46012,0.25289,0.15961,0.70325,6.39892
146,Students also,euc_unemb,0.3,1,11,0.34867,0.17517,0.67705,0.68199,0.22673,0.46012,0.28495,0.21554,0.15949,0.30202
146,Students also,euc_unemb,0.5,1,13,0.604,0.19391,0.89147,0.89529,0.23,0.46012,0.2662,0.18116,0.29545,0.41485
146,Students also,euc_unemb,0.7,1,14,0.71925,0.218,1.00481,1.00771,0.23393,0.46012,0.24212,0.14367,0.38012,0.48101
146,Students also,euc_unemb,0.9,1,17,0.92243,0.34205,1.39125,1.3896,0.23623,0.46012,0.11806,0.02966,0.62567,0.73592
146,Students also,euc_unemb,0.99,1,22,0.99308,0.55911,2.3522,2.33682,0.22732,0.46012,0.09899,0.0197,0.89361,1.43889
146,Students also,cau_unemb,0.3,1,12,0.34746,0.1648,0.63134,0.63559,0.22342,0.46012,0.29532,0.23686,0.13815,0.25633
146,Students also,cau_unemb,0.5,1,14,0.58272,0.18102,0.79093,0.7943,0.24525,0.46012,0.27909,0.20425,0.24911,0.33757
146,Students also,cau_unemb,0.7,1,16,0.78368,0.23201,0.9456,0.94738,0.23654,0.46012,0.22811,0.12478,0.38679,0.43403
146,Students also,cau_unemb,0.9,1,18,0.90278,0.31766,1.10952,1.10879,0.22213,0.46012,0.14246,0.04405,0.51326,0.55222
146,Students also,cau_unemb,0.99,1,24,0.99314,0.61756,1.92022,1.90575,0.21912,0.46012,0.15744,0.05073,0.74227,1.12722
146,Students also,dua_unemb,0.3,1,17,0.30791,0.42673,0.17257,0.1753,0.02411,0.46012,0.03338,0.00226,0.02609,0.14422
146,Students also,dua_unemb,0.5,1,23,0.50165,0.43036,0.377,0.37535,0.02996,0.46012,0.02975,0.0018,0.05214,0.32306
146,Students also,dua_unemb,0.7,1,32,0.70593,0.44093,0.89168,0.87847,0.04731,0.46012,0.01919,0.00074,0.09804,0.7929
146,Students also,dua_unemb,0.9,1,53,0.90679,0.47726,2.54843,2.50036,0.0611,0.46012,0.01714,0.00059,0.20554,2.34229
146,Students also,dua_unemb,0.99,1,70,0.99087,0.5067,4.08535,4.01101,0.166,0.46012,0.04658,0.00434,0.29383,3.78717
146,Students also,euc_dmd,0.3,1,14,0.30899,0.09219,1.70927,1.71312,0.22711,0.46012,0.36793,0.45914,0.61603,0.6341
146,Students also,euc_dmd,0.5,1,17,0.53596,0.07833,2.28702,2.28711,0.23047,0.46012,0.38178,0.5259,0.7939,0.96722
146,Students also,euc_dmd,0.7,1,20,0.73895,0.07001,2.91107,2.90553,0.22991,0.46012,0.39011,0.57272,0.93866,1.39968
146,Students also,euc_dmd,0.9,1,25,0.92175,0.05607,4.16885,4.15027,0.22995,0.46012,0.40404,0.66684,1.18204,2.31997
146,Students also,euc_dmd,0.99,1,33,0.99069,0.03098,6.56234,6.51738,0.22939,0.46012,0.42914,0.9257,1.53809,4.09855
146,Students also,cau_dmd,0.3,1,19,0.35816,0.05595,2.4108,2.41312,0.23168,0.46012,0.40416,0.66776,0.81201,0.93102
146,Students also,cau_dmd,0.5,1,22,0.54843,0.03665,3.14663,3.14348,0.23015,0.46012,0.42347,0.85151,0.93755,1.35757
146,Students also,cau_dmd,0.7,1,25,0.72189,0.02327,4.01638,4.00581,0.23015,0.46012,0.43684,1.05297,1.0773,1.88611
146,Students also,cau_dmd,0.9,1,31,0.92001,0.0089,6.02303,5.99364,0.23034,0.46012,0.45122,1.48751,1.3823,3.15321
146,Students also,cau_dmd,0.99,1,40,0.99074,0.00191,9.33238,9.26988,0.23105,0.46012,0.4582,2.19116,1.82495,5.31627
146,Students also,dua_dmd,0.3,1,18,0.31376,0.28245,0.48495,0.49014,0.03055,0.46012,0.17767,0.07094,0.09778,0.31623
146,Students also,dua_dmd,0.5,1,23,0.54675,0.2379,0.86571,0.86877,0.1531,0.46012,0.22222,0.1174,0.2176,0.53071
146,Students also,dua_dmd,0.7,1,27,0.73456,0.2154,1.24998,1.25026,0.1864,0.46012,0.24471,0.14739,0.34845,0.75413
146,Students also,dua_dmd,0.9,1,33,0.90454,0.20673,1.82049,1.81565,0.19364,0.46012,0.25339,0.16038,0.50512,1.155
146,Students also,dua_dmd,0.99,1,44,0.99081,0.2186,2.89448,2.87774,0.20704,0.46012,0.24152,0.14283,0.69088,2.06078
37,"Over time, They often",euc_ctx,0.3,1,38,0.32363,0.10349,1.67531,1.6819,0.17086,0.53627,0.43278,0.57656,0.17908,0.91967
37,"Over time, They often",euc_ctx,0.5,1,43,0.51794,0.08369,2.11467,2.11809,0.18626,0.53627,0.45258,0.6803,0.23673,1.19764
37,"Over time, They often",euc_ctx,0.7,1,49,0.72494,0.07497,2.60624,2.605,0.19026,0.53627,0.4613,0.73493,0.30761,1.5637
37,"Over time, They often",euc_ctx,0.9,1,59,0.90485,0.07704,3.34819,3.3378,0.19109,0.53627,0.45923,0.72138,0.39817,2.22864
37,"Over time, They often",euc_ctx,0.99,1,85,0.99043,0.09806,5.24546,5.20773,0.18868,0.53627,0.4382,0.60263,0.52594,4.11689
37,"Over time, They often",cau_ctx,0.3,1,83,0.30639,0.02546,3.48539,3.47093,0.17702,0.53627,0.51081,1.2899,0.35908,1.83641
37,"Over time, They often",cau_ctx,0.5,1,95,0.50901,0.01246,4.52904,4.50492,0.18562,0.53627,0.5238,1.6668,0.45284,2.40941
37,"Over time, They often",cau_ctx,0.7,1,108,0.70899,0.00684,5.60748,5.57235,0.18909,0.53627,0.52943,1.98627,0.56928,3.05194
37,"Over time, They often",cau_ctx,0.9,1,131,0.90008,0.00323,7.37474,7.3196,0.19034,0.53627,0.53304,2.38668,0.77565,4.21242
37,"Over time, They often",cau_ctx,0.99,1,189,0.99021,0.00082,11.47644,11.37589,0.19122,0.53627,0.53545,3.12197,1.24213,7.11235
37,"Over time, They often",dua_ctx,0.3,1,96,0.30255,0.31135,1.3061,1.29104,0.10373,0.53627,0.22492,0.10821,0.15499,1.0429
37,"Over time, They often",dua_ctx,0.5,1,129,0.5026,0.24107,2.42087,2.38284,0.10914,0.53627,0.29519,0.20033,0.30234,1.91821
37,"Over time, They often",dua_ctx,0.7,1,160,0.7001,0.18809,3.6815,3.61868,0.12279,0.53627,0.34817,0.30212,0.44514,2.93424
37,"Over time, They often",dua_ctx,0.9,1,197,0.9047,0.14218,5.47351,5.38346,0.15274,0.53627,0.39408,0.42667,0.67524,4.37161
37,"Over time, They often",dua_ctx,0.99,1,225,0.99073,0.12451,7.04077,6.93535,0.17773,0.53627,0.41176,0.48841,0.92692,5.62544
37,"Over time, They often",euc_unemb,0.3,1,15,0.3814,0.26306,0.69607,0.70883,0.1683,0.53627,0.27321,0.16716,0.12404,0.40487
37,"Over time, They often",euc_unemb,0.5,1,17,0.61304,0.28978,0.83991,0.85168,0.13506,0.53627,0.24649,0.13241,0.17001,0.53749
37,"Over time, They often",euc_unemb,0.7,1,18,0.71695,0.31536,0.92137,0.93218,0.1512,0.53627,0.22091,0.10405,0.20004,0.61728
37,"Over time, They often",euc_unemb,0.9,1,21,0.91098,0.41923,1.25695,1.26278,0.17337,0.53627,0.11704,0.02768,0.30061,0.92866
37,"Over time, They often",euc_unemb,0.99,1,26,0.99018,0.54594,2.16295,2.1549,0.18052,0.53627,0.00967,0.00019,0.44344,1.71933
37,"Over time, They often",cau_unemb,0.3,1,16,0.36165,0.22092,0.72094,0.73287,0.14108,0.53627,0.31534,0.23498,0.09915,0.38681
37,"Over time, They often",cau_unemb,0.5,1,18,0.57701,0.23729,0.83949,0.85078,0.15626,0.53627,0.29898,0.2065,0.13817,0.49482
37,"Over time, They often",cau_unemb,0.7,1,20,0.76563,0.28207,0.96075,0.9705,0.14451,0.53627,0.25419,0.14186,0.19337,0.62553
37,"Over time, They often",cau_unemb,0.9,1,23,0.92286,0.3859,1.21109,1.21661,0.16845,0.53627,0.15036,0.04622,0.28441,0.88045
37,"Over time, They often",cau_unemb,0.99,1,28,0.99014,0.53757,1.9122,1.90614,0.1649,0.53627,0.0013,0.0,0.40763,1.50457
37,"Over time, They often",dua_unemb,0.3,1,20,0.32094,0.473,0.16039,0.1668,0.00651,0.53627,0.06327,0.00801,0.01777,0.13461
37,"Over time, They often",dua_unemb,0.5,1,25,0.52183,0.47995,0.28793,0.29155,0.02214,0.53627,0.05632,0.00635,0.03741,0.24418
37,"Over time, They often",dua_unemb,0.7,1,31,0.70908,0.49393,0.5129,0.51068,0.02927,0.53627,0.04234,0.00359,0.07043,0.43888
37,"Over time, They often",dua_unemb,0.9,1,45,0.90408,0.53209,1.47659,1.45258,0.1049,0.53627,0.00418,4e-05,0.15402,1.32254
37,"Over time, They often",dua_unemb,0.99,1,67,0.99028,0.56518,3.964,3.893,0.14764,0.53627,0.02891,0.00169,0.27009,3.69222
37,"Over time, They often",euc_dmd,0.3,1,19,0.32291,0.02641,3.62505,3.61689,0.18813,0.53627,0.50985,1.27063,0.62906,1.72536
37,"Over time, They often",euc_dmd,0.5,1,22,0.55676,0.01268,4.72527,4.70747,0.18944,0.53627,0.52359,1.65787,0.72962,2.33778
37,"Over time, They often",euc_dmd,0.7,1,24,0.70282,0.00859,5.4406,5.41598,0.19141,0.53627,0.52767,1.86431,0.81479,2.7615
37,"Over time, They often",euc_dmd,0.9,1,29,0.91694,0.00433,7.16019,7.11795,0.19286,0.53627,0.53194,2.23054,1.08418,3.84547
37,"Over time, They often",euc_dmd,0.99,1,37,0.99136,0.00203,9.78371,9.71299,0.19277,0.53627,0.53423,2.63396,1.54276,5.60699
37,"Over time, They often",cau_dmd,0.3,1,24,0.3394,0.00902,4.84946,4.83325,0.18043,0.53627,0.52725,1.83857,0.76929,2.2416
37,"Over time, They often",cau_dmd,0.5,1,27,0.54697,0.00393,6.03622,6.01006,0.18503,0.53627,0.53234,2.28237,0.90576,2.84808
37,"Over time, They often",cau_dmd,0.7,1,30,0.7388,0.00201,7.20775,7.17131,0.18891,0.53627,0.53426,2.64159,1.09783,3.46833
37,"Over time, They often",cau_dmd,0.9,1,35,0.92042,0.00086,9.11162,9.05764,0.19217,0.53627,0.53541,3.09736,1.49378,4.52049
37,"Over time, They often",cau_dmd,0.99,1,43,0.99065,0.00029,12.06855,11.98609,0.19322,0.53627,0.53598,3.68669,2.1497,6.23216
37,"Over time, They often",dua_dmd,0.3,1,21,0.30969,0.314,0.66342,0.6714,0.15479,0.53627,0.22227,0.10545,0.19924,0.35874
37,"Over time, They often",dua_dmd,0.5,1,28,0.51501,0.27808,1.22509,1.23153,0.1331,0.53627,0.25819,0.14693,0.43909,0.63907
37,"Over time, They often",dua_dmd,0.7,1,37,0.70673,0.25971,1.97579,1.97835,0.15698,0.53627,0.27656,0.17193,0.66695,1.1369
37,"Over time, They often",dua_dmd,0.9,1,52,0.9028,0.25498,3.48137,3.4727,0.17341,0.53627,0.28129,0.17883,0.98013,2.32241
37,"Over time, They often",dua_dmd,0.99,1,75,0.99106,0.27379,6.2661,6.23141,0.19147,0.53627,0.26247,0.15252,1.44303,4.67055
30,"In this case, Most doctors rarely",euc_ctx,0.3,1,31,0.32133,0.14748,0.99246,0.99981,0.22115,0.47771,0.33023,0.30554,0.08082,0.6061
30,"In this case, Most doctors rarely",euc_ctx,0.5,1,35,0.50091,0.13612,1.2331,1.23895,0.23789,0.47771,0.34159,0.33693,0.10885,0.78732
30,"In this case, Most doctors rarely",euc_ctx,0.7,1,40,0.71167,0.13969,1.5186,1.52179,0.25722,0.47771,0.33802,0.32672,0.14679,1.04508
30,"In this case, Most doctors rarely",euc_ctx,0.9,1,48,0.90216,0.17267,1.96734,1.9647,0.25469,0.47771,0.30504,0.24589,0.19717,1.52428
30,"In this case, Most doctors rarely",euc_ctx,0.99,1,67,0.99063,0.27273,3.29688,3.27503,0.23474,0.47771,0.20498,0.09485,0.27454,2.92749
30,"In this case, Most doctors rarely",cau_ctx,0.3,1,64,0.30904,0.12442,1.19562,1.19779,0.10797,0.47771,0.35329,0.37283,0.14212,0.68067
30,"In this case, Most doctors rarely",cau_ctx,0.5,1,74,0.52146,0.09845,1.64168,1.6399,0.17854,0.47771,0.37926,0.46941,0.18621,0.98606
30,"In this case, Most doctors rarely",cau_ctx,0.7,1,83,0.70234,0.08313,2.10849,2.10179,0.21284,0.47771,0.39458,0.54142,0.23985,1.32722
30,"In this case, Most doctors rarely",cau_ctx,0.9,1,100,0.90197,0.06337,3.12358,3.10487,0.23208,0.47771,0.41434,0.6599,0.35349,2.11019
30,"In this case, Most doctors rarely",cau_ctx,0.99,1,138,0.9903,0.03114,5.72521,5.67364,0.24514,0.47771,0.44657,0.98161,0.56725,4.17636
30,"In this case, Most doctors rarely",dua_ctx,0.3,1,95,0.30168,0.28717,1.17136,1.14963,0.02208,0.47771,0.19054,0.08068,0.12053,0.97015
30,"In this case, Most doctors rarely",dua_ctx,0.5,1,125,0.50426,0.22377,2.04685,2.00273,0.02909,0.47771,0.25394,0.15535,0.22689,1.66461
30,"In this case, Most doctors rarely",dua_ctx,0.7,1,149,0.70291,0.18221,2.93977,2.87607,0.04083,0.47771,0.29551,0.22626,0.35692,2.35659
30,"In this case, Most doctors rarely",dua_ctx,0.9,1,176,0.90152,0.15135,4.14836,4.06369,0.14343,0.47771,0.32636,0.29556,0.53297,3.31983
30,"In this case, Most doctors rarely",dua_ctx,0.99,1,200,0.99026,0.13755,5.36032,5.25981,0.19513,0.47771,0.34017,0.33281,0.6579,4.3696
30,"In this case, Most doctors rarely",euc_unemb,0.3,1,12,0.4217,0.27018,0.37791,0.38825,0.05534,0.47771,0.20753,0.09751,0.03207,0.24833
30,"In this case, Most doctors rarely",euc_unemb,0.5,1,13,0.55971,0.29024,0.43103,0.44103,0.05438,0.47771,0.18747,0.07785,0.05009,0.30309
30,"In this case, Most doctors rarely",euc_unemb,0.7,1,15,0.79408,0.36924,0.58577,0.59385,0.20403,0.47771,0.10847,0.02448,0.11618,0.44511
30,"In this case, Most doctors rarely",euc_unemb,0.9,1,17,0.92097,0.47987,0.8439,0.84821,0.24491,0.47771,0.00216,1e-05,0.19825,0.64564
30,"In this case, Most doctors rarely",euc_unemb,0.99,1,21,0.99052,0.65522,1.66495,1.65721,0.26329,0.47771,0.17751,0.06597,0.32867,1.27031
30,"In this case, Most doctors rarely",cau_unemb,0.3,1,12,0.31504,0.21245,0.4618,0.47102,0.16078,0.47771,0.26527,0.17259,0.02537,0.26384
30,"In this case, Most doctors rarely",cau_unemb,0.5,1,14,0.56208,0.22875,0.56418,0.57296,0.18984,0.47771,0.24897,0.1482,0.05087,0.36512
30,"In this case, Most doctors rarely",cau_unemb,0.7,1,16,0.78096,0.28771,0.66986,0.67721,0.21118,0.47771,0.19001,0.08018,0.10219,0.48749
30,"In this case, Most doctors rarely",cau_unemb,0.9,1,18,0.90777,0.3856,0.81519,0.81994,0.23336,0.47771,0.09211,0.01749,0.16148,0.63621
30,"In this case, Most doctors rarely",cau_unemb,0.99,1,23,0.99173,0.65111,1.5061,1.49927,0.25692,0.47771,0.1734,0.06279,0.27103,1.17228
30,"In this case, Most doctors rarely",dua_unemb,0.3,1,17,0.30276,0.43167,0.14224,0.14768,0.00737,0.47771,0.04604,0.00429,0.01499,0.12296
30,"In this case, Most doctors rarely",dua_unemb,0.5,1,23,0.52125,0.43841,0.30399,0.30613,0.0108,0.47771,0.0393,0.00312,0.02864,0.27223
30,"In this case, Most doctors rarely",dua_unemb,0.7,1,30,0.71579,0.45571,0.6032,0.59773,0.02442,0.47771,0.02201,0.00097,0.05133,0.5509
30,"In this case, Most doctors rarely",dua_unemb,0.9,1,44,0.90222,0.49108,1.57458,1.54552,0.18578,0.47771,0.01336,0.00036,0.10382,1.47041
30,"In this case, Most doctors rarely",dua_unemb,0.99,1,64,0.99099,0.51812,4.22482,4.14861,0.19651,0.47771,0.04041,0.00327,0.16965,4.0519
30,"In this case, Most doctors rarely",euc_dmd,0.3,1,15,0.37692,0.07354,1.8898,1.89186,0.26426,0.47771,0.40417,0.59452,0.22981,1.06547
30,"In this case, Most doctors rarely",euc_dmd,0.5,1,17,0.56579,0.06352,2.29343,2.29252,0.26742,0.47771,0.4142,0.65892,0.29114,1.34338
30,"In this case, Most doctors rarely",euc_dmd,0.7,1,19,0.73031,0.06012,2.70049,2.69595,0.26604,0.47771,0.41759,0.68326,0.36504,1.65219
30,"In this case, Most doctors rarely",euc_dmd,0.9,1,23,0.9125,0.05931,3.58999,3.5761,0.25251,0.47771,0.4184,0.68932,0.52427,2.3764
30,"In this case, Most doctors rarely",euc_dmd,0.99,1,31,0.99045,0.04226,5.88874,5.84884,0.24841,0.47771,0.43545,0.84184,0.82847,4.21843
30,"In this case, Most doctors rarely",cau_dmd,0.3,1,18,0.3297,0.07207,1.66945,1.6746,0.23451,0.47771,0.40564,0.60333,0.29014,0.77597
30,"In this case, Most doctors rarely",cau_dmd,0.5,1,21,0.56733,0.04795,2.36434,2.3642,0.24257,0.47771,0.42976,0.78463,0.38948,1.19022
30,"In this case, Most doctors rarely",cau_dmd,0.7,1,23,0.71297,0.03643,2.93025,2.92511,0.24422,0.47771,0.44128,0.90955,0.47929,1.54141
30,"In this case, Most doctors rarely",cau_dmd,0.9,1,28,0.92047,0.01793,4.59461,4.57319,0.24611,0.47771,0.45978,1.23832,0.74621,2.61007
30,"In this case, Most doctors rarely",cau_dmd,0.99,1,36,0.99132,0.00555,7.5292,7.47722,0.24723,0.47771,0.47216,1.79154,1.18756,4.55009
30,"In this case, Most doctors rarely",dua_dmd,0.3,1,22,0.32298,0.31281,0.59285,0.59845,0.01884,0.47771,0.1649,0.05896,0.24467,0.28922
30,"In this case, Most doctors rarely",dua_dmd,0.5,1,29,0.50651,0.28376,0.93578,0.93897,0.02866,0.47771,0.19395,0.08389,0.37412,0.47776
30,"In this case, Most doctors rarely",dua_dmd,0.7,1,38,0.70527,0.26369,1.42392,1.42191,0.0416,0.47771,0.21402,0.1045,0.52368,0.79573
30,"In this case, Most doctors rarely",dua_dmd,0.9,1,57,0.90267,0.25632,2.6896,2.67039,0.19037,0.47771,0.2214,0.11285,0.7834,1.79335
30,"In this case, Most doctors rarely",dua_dmd,0.99,1,82,0.99014,0.2664,5.22712,5.1762,0.23365,0.47771,0.21131,0.10155,1.07102,4.05456
122,"Honestly, Students still",euc_ctx,0.3,1,10,0.34169,0.54758,0.22862,0.23536,0.06058,0.59675,0.04917,0.00492,0.08403,0.13968
122,"Honestly, Students still",euc_ctx,0.5,1,13,0.50418,0.53456,0.43503,0.44198,0.08966,0.59675,0.06219,0.00784,0.1752,0.25199
122,"Honestly, Students still",euc_ctx,0.7,1,17,0.71228,0.52984,0.81789,0.82364,0.2402,0.59675,0.06691,0.00906,0.35696,0.45187
122,"Honestly, Students still",euc_ctx,0.9,1,23,0.90197,0.54669,1.52456,1.52609,0.30236,0.59675,0.05006,0.0051,0.69096,0.82849
122,"Honestly, Students still",euc_ctx,0.99,1,35,0.99106,0.60098,2.95148,2.94101,0.32727,0.59675,0.00423,4e-05,1.24598,1.70546
122,"Honestly, Students still",cau_ctx,0.3,1,18,0.30931,0.56253,0.25307,0.25937,0.06316,0.59675,0.03422,0.0024,0.08073,0.16995
122,"Honestly, Students still",cau_ctx,0.5,1,25,0.50269,0.53288,0.55867,0.56488,0.09489,0.59675,0.06387,0.00826,0.19821,0.35219
122,"Honestly, Students still",cau_ctx,0.7,1,33,0.71737,0.50645,1.06015,1.06433,0.26864,0.59675,0.0903,0.01643,0.41268,0.63104
122,"Honestly, Students still",cau_ctx,0.9,1,45,0.90752,0.49016,1.98734,1.98582,0.31963,0.59675,0.10659,0.02284,0.8278,1.1367
122,"Honestly, Students still",cau_ctx,0.99,1,67,0.99027,0.48043,3.72766,3.71236,0.33411,0.59675,0.11632,0.02718,1.51699,2.18349
122,"Honestly, Students still",dua_ctx,0.3,1,65,0.30148,0.48902,0.61552,0.60212,0.01457,0.59675,0.10773,0.02333,0.06229,0.5299
122,"Honestly, Students still",dua_ctx,0.5,1,118,0.50149,0.39557,1.88776,1.83513,0.0325,0.59675,0.20118,0.08216,0.23276,1.57284
122,"Honestly, Students still",dua_ctx,0.7,1,165,0.70414,0.31956,3.28769,3.20578,0.0527,0.59675,0.27719,0.16173,0.42695,2.69901
122,"Honestly, Students still",dua_ctx,0.9,1,203,0.90372,0.26683,4.44251,4.34648,0.24301,0.59675,0.32992,0.23925,0.65266,3.5506
122,"Honestly, Students still",dua_ctx,0.99,1,231,0.99078,0.24976,5.42783,5.32442,0.29139,0.59675,0.34699,0.26942,0.87785,4.28056
122,"Honestly, Students still",euc_unemb,0.3,1,4,0.31463,0.57844,0.11809,0.1229,0.20555,0.59675,0.01831,0.00069,0.06052,0.05688
122,"Honestly, Students still",euc_unemb,0.5,1,6,0.57196,0.60907,0.33872,0.34331,0.21553,0.59675,0.01231,0.00032,0.18505,0.15335
122,"Honestly, Students still",euc_unemb,0.7,1,8,0.79512,0.66268,0.71018,0.71205,0.27321,0.59675,0.06592,0.00945,0.37882,0.3219
122,"Honestly, Students still",euc_unemb,0.9,1,10,0.91825,0.7132,1.18696,1.18403,0.31499,0.59675,0.11645,0.03104,0.58655,0.56937
122,"Honestly, Students still",euc_unemb,0.99,1,15,0.99366,0.77848,2.5044,2.48519,0.33595,0.59675,0.18173,0.08292,1.00036,1.42112
122,"Honestly, Students still",cau_unemb,0.3,1,5,0.39045,0.56899,0.16615,0.17113,0.05732,0.59675,0.02776,0.00158,0.08174,0.08283
122,"Honestly, Students still",cau_unemb,0.5,1,6,0.51242,0.58167,0.26407,0.26893,0.06064,0.59675,0.01508,0.00047,0.13657,0.12703
122,"Honestly, Students still",cau_unemb,0.7,1,8,0.73869,0.62758,0.54601,0.54912,0.09814,0.59675,0.03083,0.00201,0.2891,0.2549
122,"Honestly, Students still",cau_unemb,0.9,1,11,0.92543,0.70717,1.12486,1.122,0.29605,0.59675,0.11042,0.02771,0.54155,0.5556
122,"Honestly, Students still",cau_unemb,0.99,1,16,0.99303,0.78002,2.20599,2.18877,0.31892,0.59675,0.18327,0.08455,0.83856,1.28288
122,"Honestly, Students still",dua_unemb,0.3,1,11,0.3194,0.5977,0.11682,0.11455,0.00623,0.59675,0.00095,0.0,0.02602,0.0908
122,"Honestly, Students still",dua_unemb,0.5,1,21,0.50618,0.61444,0.40606,0.39031,0.01357,0.59675,0.01769,0.00066,0.08397,0.32144
122,"Honestly, Students still",dua_unemb,0.7,1,38,0.70074,0.63904,1.12228,1.07411,0.01747,0.59675,0.04229,0.00382,0.19772,0.92074
122,"Honestly, Students still",dua_unemb,0.9,1,67,0.90065,0.67519,2.5329,2.43429,0.08425,0.59675,0.07844,0.01353,0.38268,2.13668
122,"Honestly, Students still",dua_unemb,0.99,1,89,0.9904,0.70878,3.50318,3.38403,0.09694,0.59675,0.11203,0.02858,0.52068,2.95392
122,"Honestly, Students still",euc_dmd,0.3,1,4,0.30138,0.49501,0.25718,0.26399,0.22842,0.59675,0.10174,0.02082,0.11686,0.1195
122,"Honestly, Students still",euc_dmd,0.5,1,6,0.5368,0.4576,0.6309,0.63795,0.22277,0.59675,0.13915,0.0389,0.30098,0.29102
122,"Honestly, Students still",euc_dmd,0.7,1,8,0.7494,0.43955,1.13848,1.14356,0.29681,0.59675,0.1572,0.04971,0.55272,0.53605
122,"Honestly, Students still",euc_dmd,0.9,1,11,0.91924,0.43145,2.00491,2.00425,0.31873,0.59675,0.1653,0.05502,0.94697,1.00292
122,"Honestly, Students still",euc_dmd,0.99,1,17,0.99181,0.40138,3.86634,3.84974,0.32228,0.59675,0.19537,0.07735,1.66269,2.1263
122,"Honestly, Students still",cau_dmd,0.3,1,5,0.32681,0.47359,0.37172,0.37995,0.20522,0.59675,0.12316,0.03047,0.17404,0.16721
122,"Honestly, Students still",cau_dmd,0.5,1,7,0.52302,0.42675,0.76899,0.77742,0.26163,0.59675,0.17,0.05824,0.36004,0.35071
122,"Honestly, Students still",cau_dmd,0.7,1,9,0.70569,0.38631,1.28502,1.29182,0.29706,0.59675,0.21045,0.09017,0.594,0.60085
122,"Honestly, Students still",cau_dmd,0.9,1,13,0.91322,0.31387,2.51121,2.51082,0.32005,0.59675,0.28288,0.16909,1.0912,1.25093
122,"Honestly, Students still",cau_dmd,0.99,1,20,0.99127,0.17874,5.00826,4.9883,0.32593,0.59675,0.41801,0.4326,1.91139,2.66428
122,"Honestly, Students still",dua_dmd,0.3,1,9,0.30142,0.47728,0.2555,0.25897,0.17976,0.59675,0.11947,0.02867,0.05563,0.1712
122,"Honestly, Students still",dua_dmd,0.5,1,15,0.51535,0.41216,0.6227,0.62242,0.23789,0.59675,0.18459,0.06887,0.16661,0.38723
122,"Honestly, Students still",dua_dmd,0.7,1,22,0.72431,0.36898,1.12469,1.11696,0.2663,0.59675,0.22777,0.10632,0.33838,0.67999
122,"Honestly, Students still",dua_dmd,0.9,1,37,0.90086,0.35744,2.18038,2.15345,0.26498,0.59675,0.23931,0.11797,0.62249,1.43991
122,"Honestly, Students still",dua_dmd,0.99,1,56,0.99245,0.363,3.91704,3.86505,0.30885,0.59675,0.23375,0.11227,1.01827,2.78651
62,"In this case, They just",euc_ctx,0.3,1,33,0.3093,0.08034,1.38472,1.38932,0.31779,0.47657,0.39623,0.55345,0.24187,0.58941
62,"In this case, They just",euc_ctx,0.5,1,38,0.51818,0.07266,1.78386,1.7866,0.29104,0.47657,0.40392,0.59701,0.41183,0.77502
62,"In this case, They just",euc_ctx,0.7,1,43,0.711,0.07569,2.20966,2.20995,0.28769,0.47657,0.40088,0.57922,0.64356,0.98688
62,"In this case, They just",euc_ctx,0.9,1,52,0.90577,0.09843,3.02364,3.01809,0.2997,0.47657,0.37814,0.46707,1.12143,1.43514
62,"In this case, They just",euc_ctx,0.99,1,71,0.99099,0.16487,4.71304,4.69026,0.30479,0.47657,0.3117,0.26132,1.82434,2.62738
62,"In this case, They just",cau_ctx,0.3,1,65,0.30466,0.06305,1.94904,1.94858,0.29061,0.47657,0.41353,0.65923,0.421,0.86881
62,"In this case, They just",cau_ctx,0.5,1,75,0.50342,0.0491,2.60675,2.60212,0.296,0.47657,0.42747,0.7706,0.65551,1.18064
62,"In this case, They just",cau_ctx,0.7,1,86,0.70716,0.04054,3.43373,3.42316,0.29835,0.47657,0.43604,0.85727,0.9841,1.59236
62,"In this case, They just",cau_ctx,0.9,1,104,0.90034,0.03211,4.92589,4.90308,0.30325,0.47657,0.44446,0.96378,1.56692,2.39519
62,"In this case, They just",cau_ctx,0.99,1,141,0.99057,0.0192,7.85687,7.80412,0.30588,0.47657,0.45737,1.20188,2.35136,4.30363
62,"In this case, They just",dua_ctx,0.3,1,107,0.30289,0.34364,1.01166,0.97784,0.02719,0.47657,0.13294,0.0374,0.09661,0.87765
62,"In this case, They just",dua_ctx,0.5,1,158,0.50398,0.3027,2.42041,2.3538,0.07071,0.47657,0.17388,0.06618,0.19324,2.16099
62,"In this case, They just",dua_ctx,0.7,1,203,0.7037,0.26263,4.27198,4.18409,0.20335,0.47657,0.21394,0.1046,0.2773,3.89009
62,"In this case, They just",dua_ctx,0.9,1,243,0.90406,0.22999,6.23517,6.13042,0.22319,0.47657,0.24658,0.14518,0.39939,5.6906
62,"In this case, They just",dua_ctx,0.99,1,270,0.99057,0.21964,7.49716,7.38283,0.22965,0.47657,0.25693,0.16013,0.52193,6.8151
62,"In this case, They just",euc_unemb,0.3,1,14,0.39226,0.1876,0.50849,0.51315,0.20578,0.47657,0.28897,0.21421,0.11666,0.17762
62,"In this case, They just",euc_unemb,0.5,1,15,0.51495,0.20045,0.56662,0.57093,0.20711,0.47657,0.27612,0.19099,0.17348,0.20215
62,"In this case, They just",euc_unemb,0.7,1,17,0.74194,0.25978,0.71227,0.71533,0.25714,0.47657,0.21679,0.10778,0.34666,0.25783
62,"In this case, They just",euc_unemb,0.9,1,20,0.92767,0.43725,1.06163,1.0608,0.25678,0.47657,0.03932,0.00312,0.69268,0.36583
62,"In this case, They just",euc_unemb,0.99,1,25,0.99357,0.75844,2.02322,2.00944,0.28178,0.47657,0.28187,0.18332,1.15815,0.68175
62,"In this case, They just",cau_unemb,0.3,1,15,0.40426,0.14985,0.57591,0.57989,0.26423,0.47657,0.32673,0.29753,0.12071,0.15767
62,"In this case, They just",cau_unemb,0.5,1,16,0.5186,0.15819,0.62858,0.63224,0.27187,0.47657,0.31839,0.27688,0.17417,0.17753
62,"In this case, They just",cau_unemb,0.7,1,18,0.73051,0.1986,0.74519,0.74783,0.27859,0.47657,0.27797,0.19419,0.32837,0.22262
62,"In this case, They just",cau_unemb,0.9,1,21,0.91497,0.32689,0.97459,0.97433,0.2952,0.47657,0.14968,0.04802,0.61612,0.31046
62,"In this case, They just",cau_unemb,0.99,1,26,0.99056,0.62326,1.56578,1.55574,0.26966,0.47657,0.14669,0.04424,0.95567,0.56587
62,"In this case, They just",dua_unemb,0.3,1,22,0.31904,0.46702,0.13425,0.1309,0.00712,0.47657,0.00955,0.00018,0.04637,0.0877
62,"In this case, They just",dua_unemb,0.5,1,34,0.50699,0.52202,0.34382,0.32659,0.02182,0.47657,0.04545,0.00413,0.10215,0.23754
62,"In this case, They just",dua_unemb,0.7,1,54,0.70493,0.60143,0.9667,0.91976,0.03017,0.47657,0.12485,0.03175,0.1966,0.73836
62,"In this case, They just",dua_unemb,0.9,1,86,0.90006,0.67935,2.62014,2.52999,0.19177,0.47657,0.20278,0.08755,0.32437,2.20822
62,"In this case, They just",dua_unemb,0.99,1,115,0.99031,0.72943,4.81761,4.69699,0.04088,0.47657,0.25286,0.14255,0.39886,4.2762
62,"In this case, They just",euc_dmd,0.3,1,15,0.33293,0.05597,1.94455,1.94772,0.2941,0.47657,0.42061,0.71206,0.59815,0.63434
62,"In this case, They just",euc_dmd,0.5,1,17,0.50467,0.04587,2.50077,2.50063,0.29758,0.47657,0.43071,0.80135,0.8197,0.87971
62,"In this case, They just",euc_dmd,0.7,1,20,0.73602,0.03527,3.51845,3.51112,0.30265,0.47657,0.4413,0.92072,1.23416,1.36357
62,"In this case, They just",euc_dmd,0.9,1,24,0.90713,0.02475,5.10147,5.08133,0.30445,0.47657,0.45183,1.08394,1.84201,2.17553
62,"In this case, They just",euc_dmd,0.99,1,33,0.99238,0.01049,8.69275,8.63886,0.30557,0.47657,0.46608,1.48542,2.94115,4.26618
62,"In this case, They just",cau_dmd,0.3,1,18,0.31006,0.03203,2.66272,2.66381,0.2946,0.47657,0.44455,0.96498,0.73075,0.967
62,"In this case, They just",cau_dmd,0.5,1,21,0.52387,0.0157,3.86596,3.85867,0.30115,0.47657,0.46087,1.29588,1.03792,1.53216
62,"In this case, They just",cau_dmd,0.7,1,24,0.7235,0.00784,5.23811,5.22042,0.30182,0.47657,0.46873,1.62256,1.41637,2.19917
62,"In this case, They just",cau_dmd,0.9,1,29,0.91417,0.00292,7.58308,7.54635,0.30515,0.47657,0.47366,2.09132,2.09463,3.39712
62,"In this case, They just",cau_dmd,0.99,1,38,0.99196,0.00067,11.4478,11.37586,0.30603,0.47657,0.47591,2.79254,3.04492,5.61034
62,"In this case, They just",dua_dmd,0.3,1,24,0.30747,0.33858,0.546,0.54424,0.02944,0.47657,0.13799,0.04044,0.18417,0.32139
62,"In this case, They just",dua_dmd,0.5,1,37,0.51538,0.32952,1.08146,1.0694,0.24285,0.47657,0.14706,0.04625,0.29849,0.73672
62,"In this case, They just",dua_dmd,0.7,1,50,0.70594,0.32729,1.79444,1.77034,0.20404,0.47657,0.14929,0.04775,0.44969,1.297
62,"In this case, They just",dua_dmd,0.9,1,69,0.90103,0.33695,3.07279,3.03228,0.25412,0.47657,0.13962,0.04145,0.68335,2.34799
62,"In this case, They just",dua_dmd,0.99,1,86,0.99122,0.3522,4.49959,4.44538,0.26369,0.47657,0.12438,0.03254,0.97031,3.49675
