ctx_id,text,method,level,reached,step,P1,cf,kl,kl99,rd
256,"At work, The engineers sometimes",euc_ctx,0.3,1,21,0.34371,0.3936,0.4813,0.48554,0.13179
256,"At work, The engineers sometimes",euc_ctx,0.5,1,24,0.51543,0.38492,0.58723,0.59008,0.13611
256,"At work, The engineers sometimes",euc_ctx,0.7,1,28,0.73178,0.40968,0.69987,0.69987,0.14283
256,"At work, The engineers sometimes",euc_ctx,0.9,1,34,0.91752,0.50245,0.85583,0.84961,0.06741
256,"At work, The engineers sometimes",euc_ctx,0.99,1,44,0.9912,0.66881,1.27281,1.25256,0.06659
256,"At work, The engineers sometimes",cau_ctx,0.3,1,39,0.31711,0.40363,0.65023,0.6548,0.15064
256,"At work, The engineers sometimes",cau_ctx,0.5,1,46,0.5274,0.35171,0.9432,0.94473,0.16864
256,"At work, The engineers sometimes",cau_ctx,0.7,1,52,0.70301,0.31925,1.23945,1.23699,0.17791
256,"At work, The engineers sometimes",cau_ctx,0.9,1,63,0.90381,0.27542,1.88606,1.87355,0.19102
256,"At work, The engineers sometimes",cau_ctx,0.99,1,82,0.99021,0.20777,3.23104,3.19654,0.19789
256,"At work, The engineers sometimes",dua_ctx,0.3,1,23,0.30503,0.46776,0.34406,0.34837,0.0496
256,"At work, The engineers sometimes",dua_ctx,0.5,1,28,0.52153,0.45856,0.47312,0.47554,0.05354
256,"At work, The engineers sometimes",dua_ctx,0.7,1,33,0.73004,0.47782,0.60554,0.60477,0.05766
256,"At work, The engineers sometimes",dua_ctx,0.9,1,40,0.91149,0.54225,0.82242,0.81504,0.06428
256,"At work, The engineers sometimes",dua_ctx,0.99,1,51,0.99014,0.66533,1.30661,1.28487,0.06871
256,"At work, The engineers sometimes",euc_unemb,0.3,1,9,0.34031,0.42536,0.37861,0.38207,0.06862
256,"At work, The engineers sometimes",euc_unemb,0.5,1,11,0.61372,0.42772,0.57077,0.57149,0.13681
256,"At work, The engineers sometimes",euc_unemb,0.7,1,12,0.7364,0.44619,0.68932,0.6879,0.17128
256,"At work, The engineers sometimes",euc_unemb,0.9,1,15,0.93857,0.52732,1.14415,1.13354,0.20006
256,"At work, The engineers sometimes",euc_unemb,0.99,1,19,0.99332,0.59216,1.91594,1.88907,0.21021
256,"At work, The engineers sometimes",cau_unemb,0.3,1,10,0.35393,0.41296,0.39037,0.39571,0.06147
256,"At work, The engineers sometimes",cau_unemb,0.5,1,12,0.59938,0.41692,0.53186,0.5352,0.15628
256,"At work, The engineers sometimes",cau_unemb,0.7,1,13,0.7119,0.43353,0.61214,0.61389,0.15924
256,"At work, The engineers sometimes",cau_unemb,0.9,1,16,0.91733,0.511,0.9186,0.91336,0.16817
256,"At work, The engineers sometimes",cau_unemb,0.99,1,21,0.99258,0.59453,1.64999,1.62821,0.18035
256,"At work, The engineers sometimes",dua_unemb,0.3,1,9,0.31086,0.48414,0.26914,0.27283,0.06064
256,"At work, The engineers sometimes",dua_unemb,0.5,1,11,0.55323,0.4828,0.42879,0.43033,0.06291
256,"At work, The engineers sometimes",dua_unemb,0.7,1,13,0.76771,0.50947,0.63847,0.63621,0.13231
256,"At work, The engineers sometimes",dua_unemb,0.9,1,16,0.93588,0.57233,1.03038,1.0197,0.17905
256,"At work, The engineers sometimes",dua_unemb,0.99,1,20,0.99141,0.6373,1.66657,1.64124,0.19711
256,"At work, The engineers sometimes",euc_dmd,0.3,1,9,0.36065,0.33931,0.61438,0.6189,0.17696
256,"At work, The engineers sometimes",euc_dmd,0.5,1,11,0.63082,0.33637,0.8131,0.81504,0.20458
256,"At work, The engineers sometimes",euc_dmd,0.7,1,12,0.74778,0.35446,0.912,0.91209,0.2052
256,"At work, The engineers sometimes",euc_dmd,0.9,1,15,0.93862,0.45541,1.26259,1.2551,0.20886
256,"At work, The engineers sometimes",euc_dmd,0.99,1,19,0.99249,0.58892,1.9059,1.88482,0.20262
256,"At work, The engineers sometimes",cau_dmd,0.3,1,10,0.31552,0.34506,0.64584,0.65257,0.17895
256,"At work, The engineers sometimes",cau_dmd,0.5,1,12,0.53554,0.33648,0.77911,0.78432,0.18363
256,"At work, The engineers sometimes",cau_dmd,0.7,1,14,0.73986,0.36565,0.91113,0.91377,0.18559
256,"At work, The engineers sometimes",cau_dmd,0.9,1,17,0.91508,0.45725,1.17366,1.17062,0.09053
256,"At work, The engineers sometimes",cau_dmd,0.99,1,23,0.99318,0.63615,1.99873,1.97936,0.21227
256,"At work, The engineers sometimes",dua_dmd,0.3,1,9,0.37022,0.40817,0.45312,0.45779,0.14446
256,"At work, The engineers sometimes",dua_dmd,0.5,1,11,0.61948,0.40343,0.63926,0.64194,0.176
256,"At work, The engineers sometimes",dua_dmd,0.7,1,12,0.72551,0.41358,0.73637,0.73757,0.17787
256,"At work, The engineers sometimes",dua_dmd,0.9,1,15,0.91506,0.47314,1.06008,1.05519,0.17862
256,"At work, The engineers sometimes",dua_dmd,0.99,1,20,0.99105,0.59,1.72958,1.71056,0.18019
223,"In this case, Students usually",euc_ctx,0.3,1,16,0.30467,0.58091,0.19489,0.20186,0.03968
223,"In this case, Students usually",euc_ctx,0.5,1,20,0.52707,0.58495,0.33517,0.34118,0.04893
223,"In this case, Students usually",euc_ctx,0.7,1,24,0.73902,0.611,0.52012,0.52345,0.05242
223,"In this case, Students usually",euc_ctx,0.9,1,29,0.90066,0.65788,0.81007,0.80799,0.05648
223,"In this case, Students usually",euc_ctx,0.99,1,40,0.99145,0.73206,1.60554,1.58753,0.15679
223,"In this case, Students usually",cau_ctx,0.3,1,32,0.31236,0.61492,0.34885,0.35683,0.15932
223,"In this case, Students usually",cau_ctx,0.5,1,39,0.50593,0.60173,0.54913,0.55592,0.16345
223,"In this case, Students usually",cau_ctx,0.7,1,47,0.72069,0.59228,0.84583,0.84929,0.16159
223,"In this case, Students usually",cau_ctx,0.9,1,58,0.90138,0.57936,1.36586,1.36191,0.16881
223,"In this case, Students usually",cau_ctx,0.99,1,79,0.99029,0.51502,2.62891,2.60596,0.19231
223,"In this case, Students usually",dua_ctx,0.3,1,19,0.30707,0.59781,0.20109,0.20777,0.03979
223,"In this case, Students usually",dua_ctx,0.5,1,25,0.53088,0.60104,0.36475,0.37011,0.04784
223,"In this case, Students usually",dua_ctx,0.7,1,30,0.71153,0.61518,0.54459,0.54737,0.05181
223,"In this case, Students usually",dua_ctx,0.9,1,38,0.90799,0.65467,0.93485,0.93059,0.05619
223,"In this case, Students usually",dua_ctx,0.99,1,50,0.99179,0.7129,1.75735,1.73691,0.05753
223,"In this case, Students usually",euc_unemb,0.3,1,7,0.34331,0.53775,0.20143,0.20637,0.06216
223,"In this case, Students usually",euc_unemb,0.5,1,9,0.61859,0.54811,0.39949,0.40217,0.06647
223,"In this case, Students usually",euc_unemb,0.7,1,10,0.74104,0.56429,0.53996,0.54054,0.17117
223,"In this case, Students usually",euc_unemb,0.9,1,13,0.94052,0.61858,1.09613,1.08731,0.20315
223,"In this case, Students usually",euc_unemb,0.99,1,17,0.99364,0.65082,1.98377,1.95885,0.23002
223,"In this case, Students usually",cau_unemb,0.3,1,8,0.39391,0.50522,0.23816,0.24441,0.06372
223,"In this case, Students usually",cau_unemb,0.5,1,9,0.52127,0.50852,0.31207,0.31765,0.06999
223,"In this case, Students usually",cau_unemb,0.7,1,11,0.7533,0.53885,0.50721,0.50996,0.16426
223,"In this case, Students usually",cau_unemb,0.9,1,14,0.93462,0.60287,0.91794,0.91324,0.20029
223,"In this case, Students usually",cau_unemb,0.99,1,18,0.99107,0.65067,1.60738,1.58958,0.20306
223,"In this case, Students usually",dua_unemb,0.3,1,7,0.31427,0.55928,0.15915,0.16395,0.05995
223,"In this case, Students usually",dua_unemb,0.5,1,9,0.55173,0.56443,0.31533,0.31849,0.0595
223,"In this case, Students usually",dua_unemb,0.7,1,11,0.76088,0.58493,0.54953,0.54907,0.16764
223,"In this case, Students usually",dua_unemb,0.9,1,14,0.9313,0.62061,1.02735,1.01828,0.20119
223,"In this case, Students usually",dua_unemb,0.99,1,18,0.99075,0.64563,1.80677,1.78272,0.20332
223,"In this case, Students usually",euc_dmd,0.3,1,7,0.39556,0.49781,0.28605,0.2934,0.06273
223,"In this case, Students usually",euc_dmd,0.5,1,8,0.54066,0.50214,0.37957,0.38623,0.16398
223,"In this case, Students usually",euc_dmd,0.7,1,10,0.79109,0.54306,0.62084,0.62424,0.17127
223,"In this case, Students usually",euc_dmd,0.9,1,12,0.92354,0.60034,0.94232,0.94034,0.17703
223,"In this case, Students usually",euc_dmd,0.99,1,16,0.99168,0.6789,1.74848,1.73239,0.181
223,"In this case, Students usually",cau_dmd,0.3,1,8,0.41272,0.46867,0.36193,0.37086,0.16628
223,"In this case, Students usually",cau_dmd,0.5,1,9,0.5376,0.47366,0.43417,0.44266,0.16759
223,"In this case, Students usually",cau_dmd,0.7,1,11,0.75812,0.51082,0.60665,0.61291,0.17449
223,"In this case, Students usually",cau_dmd,0.9,1,14,0.93047,0.59339,0.98047,0.98054,0.17768
223,"In this case, Students usually",cau_dmd,0.99,1,19,0.99281,0.68424,1.83784,1.82349,0.18145
223,"In this case, Students usually",dua_dmd,0.3,1,7,0.38991,0.52256,0.24205,0.2489,0.05014
223,"In this case, Students usually",dua_dmd,0.5,1,8,0.52672,0.52272,0.32961,0.33607,0.0588
223,"In this case, Students usually",dua_dmd,0.7,1,10,0.76331,0.54478,0.54279,0.5471,0.16533
223,"In this case, Students usually",dua_dmd,0.9,1,12,0.90004,0.58208,0.80267,0.80318,0.17061
223,"In this case, Students usually",dua_dmd,0.99,1,17,0.99148,0.65973,1.63861,1.62458,0.17741
16,"Today, They really",euc_ctx,0.3,1,19,0.30719,0.20923,0.60825,0.61247,0.27171
16,"Today, They really",euc_ctx,0.5,1,23,0.51658,0.19697,0.83514,0.8381,0.2889
16,"Today, They really",euc_ctx,0.7,1,27,0.71935,0.20848,1.05749,1.05846,0.29087
16,"Today, They really",euc_ctx,0.9,1,33,0.90393,0.26249,1.40699,1.40374,0.27541
16,"Today, They really",euc_ctx,0.99,1,45,0.99167,0.4169,2.3302,2.31482,0.26796
16,"Today, They really",cau_ctx,0.3,1,34,0.32214,0.2497,0.82601,0.8343,0.31378
16,"Today, They really",cau_ctx,0.5,1,41,0.52798,0.23836,1.13641,1.14371,0.3021
16,"Today, They really",cau_ctx,0.7,1,48,0.72156,0.2502,1.46758,1.47298,0.29752
16,"Today, They really",cau_ctx,0.9,1,59,0.90285,0.29938,2.06074,2.06141,0.29506
16,"Today, They really",cau_ctx,0.99,1,82,0.99067,0.37623,3.72357,3.70864,0.29966
16,"Today, They really",dua_ctx,0.3,1,22,0.31434,0.24982,0.38403,0.38744,0.05404
16,"Today, They really",dua_ctx,0.5,1,27,0.5245,0.24396,0.56916,0.57134,0.22698
16,"Today, They really",dua_ctx,0.7,1,32,0.72612,0.25793,0.78854,0.78863,0.23618
16,"Today, They really",dua_ctx,0.9,1,39,0.90373,0.30501,1.17253,1.16831,0.25734
16,"Today, They really",dua_ctx,0.99,1,52,0.99102,0.42494,2.14479,2.12888,0.26755
16,"Today, They really",euc_unemb,0.3,1,9,0.33024,0.18119,0.33404,0.33324,0.0866
16,"Today, They really",euc_unemb,0.5,1,11,0.56341,0.18663,0.42183,0.41925,0.09173
16,"Today, They really",euc_unemb,0.7,1,13,0.77137,0.22295,0.51484,0.50965,0.08919
16,"Today, They really",euc_unemb,0.9,1,16,0.93429,0.32516,0.74836,0.7374,0.18769
16,"Today, They really",euc_unemb,0.99,1,21,0.99358,0.49436,1.54709,1.5214,0.27598
16,"Today, They really",cau_unemb,0.3,1,10,0.35984,0.17649,0.35636,0.3573,0.08487
16,"Today, They really",cau_unemb,0.5,1,12,0.57159,0.18324,0.4265,0.42613,0.08634
16,"Today, They really",cau_unemb,0.7,1,14,0.75838,0.21404,0.49532,0.49298,0.0823
16,"Today, They really",cau_unemb,0.9,1,17,0.91766,0.29761,0.66341,0.65666,0.19139
16,"Today, They really",cau_unemb,0.99,1,23,0.99256,0.47922,1.4012,1.38048,0.26466
16,"Today, They really",dua_unemb,0.3,1,10,0.38978,0.23432,0.22604,0.22557,0.06367
16,"Today, They really",dua_unemb,0.5,1,12,0.60474,0.24693,0.29518,0.29271,0.05948
16,"Today, They really",dua_unemb,0.7,1,13,0.70112,0.2614,0.33612,0.33231,0.06314
16,"Today, They really",dua_unemb,0.9,1,17,0.92553,0.35519,0.58474,0.5734,0.07165
16,"Today, They really",dua_unemb,0.99,1,23,0.99341,0.51113,1.27646,1.24868,0.22019
16,"Today, They really",euc_dmd,0.3,1,9,0.39744,0.14626,0.67719,0.67792,0.23445
16,"Today, They really",euc_dmd,0.5,1,10,0.51777,0.14288,0.77851,0.77816,0.2359
16,"Today, They really",euc_dmd,0.7,1,12,0.7367,0.1541,0.97891,0.97581,0.29948
16,"Today, They really",euc_dmd,0.9,1,15,0.91883,0.20703,1.326,1.31736,0.29139
16,"Today, They really",euc_dmd,0.99,1,20,0.99076,0.33546,2.14285,2.12161,0.28874
16,"Today, They really",cau_dmd,0.3,1,9,0.30599,0.14866,0.69651,0.70004,0.23263
16,"Today, They really",cau_dmd,0.5,1,11,0.50578,0.13501,0.91427,0.91616,0.25482
16,"Today, They really",cau_dmd,0.7,1,14,0.77479,0.13989,1.27412,1.27199,0.28497
16,"Today, They really",cau_dmd,0.9,1,17,0.91695,0.15802,1.74101,1.73305,0.29484
16,"Today, They really",cau_dmd,0.99,1,23,0.99052,0.17586,3.01683,2.99297,0.28076
16,"Today, They really",dua_dmd,0.3,1,9,0.40152,0.19043,0.42431,0.42562,0.09064
16,"Today, They really",dua_dmd,0.5,1,10,0.51852,0.18852,0.49638,0.49684,0.09276
16,"Today, They really",dua_dmd,0.7,1,12,0.7264,0.20117,0.6519,0.64999,0.08168
16,"Today, They really",dua_dmd,0.9,1,15,0.90317,0.24791,0.9516,0.94473,0.25719
16,"Today, They really",dua_dmd,0.99,1,22,0.99296,0.3871,2.0363,2.01318,0.28051
293,"At work, Students sometimes",euc_ctx,0.3,1,23,0.32495,0.56992,0.32653,0.33331,0.02018
293,"At work, Students sometimes",euc_ctx,0.5,1,27,0.55102,0.56639,0.4636,0.46838,0.02572
293,"At work, Students sometimes",euc_ctx,0.7,1,30,0.71201,0.58208,0.57588,0.57808,0.02921
293,"At work, Students sometimes",euc_ctx,0.9,1,36,0.90899,0.63843,0.84132,0.83606,0.04079
293,"At work, Students sometimes",euc_ctx,0.99,1,46,0.99015,0.71259,1.42487,1.40347,0.04202
293,"At work, Students sometimes",cau_ctx,0.3,1,46,0.32346,0.54342,0.67389,0.67826,0.06461
293,"At work, Students sometimes",cau_ctx,0.5,1,53,0.52053,0.45971,1.00633,1.0069,0.14144
293,"At work, Students sometimes",cau_ctx,0.7,1,60,0.71183,0.38253,1.42163,1.4165,0.16982
293,"At work, Students sometimes",cau_ctx,0.9,1,71,0.90054,0.29098,2.17863,2.1619,0.17411
293,"At work, Students sometimes",cau_ctx,0.99,1,91,0.99003,0.18728,3.69476,3.65326,0.19579
293,"At work, Students sometimes",dua_ctx,0.3,1,26,0.31988,0.5932,0.30394,0.31005,0.01716
293,"At work, Students sometimes",dua_ctx,0.5,1,31,0.51415,0.58638,0.43896,0.44299,0.02142
293,"At work, Students sometimes",dua_ctx,0.7,1,36,0.7038,0.59398,0.59958,0.60013,0.02617
293,"At work, Students sometimes",dua_ctx,0.9,1,44,0.90769,0.6306,0.93178,0.92383,0.03147
293,"At work, Students sometimes",dua_ctx,0.99,1,56,0.99177,0.69124,1.62542,1.59918,0.03376
293,"At work, Students sometimes",euc_unemb,0.3,1,10,0.3772,0.5342,0.30856,0.31383,0.02626
293,"At work, Students sometimes",euc_unemb,0.5,1,11,0.51716,0.53489,0.39164,0.39559,0.03316
293,"At work, Students sometimes",euc_unemb,0.7,1,13,0.77039,0.56111,0.6221,0.6215,0.06645
293,"At work, Students sometimes",euc_unemb,0.9,1,15,0.91323,0.59762,0.93785,0.93052,0.09341
293,"At work, Students sometimes",euc_unemb,0.99,1,19,0.99045,0.63377,1.6988,1.67459,0.10698
293,"At work, Students sometimes",cau_unemb,0.3,1,11,0.38414,0.49862,0.34704,0.35448,0.02689
293,"At work, Students sometimes",cau_unemb,0.5,1,12,0.51027,0.49908,0.41115,0.41764,0.03509
293,"At work, Students sometimes",cau_unemb,0.7,1,14,0.74364,0.52518,0.5678,0.57096,0.06117
293,"At work, Students sometimes",cau_unemb,0.9,1,17,0.93049,0.58728,0.90023,0.89529,0.0821
293,"At work, Students sometimes",cau_unemb,0.99,1,21,0.99023,0.6328,1.48301,1.46405,0.15867
293,"At work, Students sometimes",dua_unemb,0.3,1,10,0.35046,0.56948,0.24406,0.24907,0.0219
293,"At work, Students sometimes",dua_unemb,0.5,1,12,0.59926,0.57598,0.40199,0.40441,0.03185
293,"At work, Students sometimes",dua_unemb,0.7,1,13,0.71061,0.58697,0.50475,0.50513,0.05268
293,"At work, Students sometimes",dua_unemb,0.9,1,16,0.91607,0.62972,0.90361,0.89528,0.07897
293,"At work, Students sometimes",dua_unemb,0.99,1,21,0.99343,0.6694,1.75681,1.72849,0.1017
293,"At work, Students sometimes",euc_dmd,0.3,1,10,0.40406,0.4683,0.4766,0.4849,0.06952
293,"At work, Students sometimes",euc_dmd,0.5,1,11,0.54493,0.4692,0.56709,0.57428,0.07587
293,"At work, Students sometimes",euc_dmd,0.7,1,13,0.78781,0.50421,0.77494,0.77825,0.09165
293,"At work, Students sometimes",euc_dmd,0.9,1,15,0.91941,0.55886,1.04036,1.0379,0.09546
293,"At work, Students sometimes",euc_dmd,0.99,1,19,0.99052,0.63669,1.72704,1.70977,0.20214
293,"At work, Students sometimes",cau_dmd,0.3,1,11,0.34796,0.44557,0.54774,0.55863,0.08213
293,"At work, Students sometimes",cau_dmd,0.5,1,13,0.58083,0.44862,0.67953,0.68895,0.08919
293,"At work, Students sometimes",cau_dmd,0.7,1,15,0.77998,0.48572,0.83328,0.83972,0.16964
293,"At work, Students sometimes",cau_dmd,0.9,1,18,0.93388,0.56582,1.1542,1.1538,0.18676
293,"At work, Students sometimes",cau_dmd,0.99,1,23,0.99251,0.65617,1.90206,1.88657,0.20072
293,"At work, Students sometimes",dua_dmd,0.3,1,10,0.40231,0.50816,0.39253,0.40027,0.04035
293,"At work, Students sometimes",dua_dmd,0.5,1,11,0.53303,0.50654,0.48007,0.48702,0.04503
293,"At work, Students sometimes",dua_dmd,0.7,1,13,0.75874,0.52641,0.67222,0.67637,0.08161
293,"At work, Students sometimes",dua_dmd,0.9,1,16,0.93252,0.58496,1.01854,1.0158,0.08632
293,"At work, Students sometimes",dua_dmd,0.99,1,20,0.99029,0.65317,1.60747,1.59188,0.08934
28,"Usually, Our customers also",euc_ctx,0.3,1,15,0.3339,0.67308,0.13524,0.14025,0.02273
28,"Usually, Our customers also",euc_ctx,0.5,1,19,0.53795,0.67502,0.21663,0.22071,0.02528
28,"Usually, Our customers also",euc_ctx,0.7,1,23,0.72993,0.69968,0.3119,0.31368,0.02762
28,"Usually, Our customers also",euc_ctx,0.9,1,29,0.90518,0.75785,0.48398,0.48017,0.02815
28,"Usually, Our customers also",euc_ctx,0.99,1,41,0.99161,0.84394,0.94195,0.923,0.03009
28,"Usually, Our customers also",cau_ctx,0.3,1,28,0.31313,0.71002,0.19102,0.19685,0.02911
28,"Usually, Our customers also",cau_ctx,0.5,1,36,0.51946,0.70682,0.30461,0.30942,0.0321
28,"Usually, Our customers also",cau_ctx,0.7,1,44,0.71821,0.7193,0.45618,0.45832,0.03845
28,"Usually, Our customers also",cau_ctx,0.9,1,56,0.90131,0.74944,0.76525,0.76083,0.18382
28,"Usually, Our customers also",cau_ctx,0.99,1,79,0.99033,0.76009,1.54704,1.5255,0.22583
28,"Usually, Our customers also",dua_ctx,0.3,1,18,0.33184,0.69244,0.13327,0.13794,0.02225
28,"Usually, Our customers also",dua_ctx,0.5,1,23,0.50622,0.6906,0.21627,0.22,0.02456
28,"Usually, Our customers also",dua_ctx,0.7,1,29,0.70926,0.70227,0.3426,0.34375,0.02788
28,"Usually, Our customers also",dua_ctx,0.9,1,38,0.9115,0.74396,0.59243,0.58666,0.0557
28,"Usually, Our customers also",dua_ctx,0.99,1,50,0.99006,0.80752,1.04121,1.0216,0.05762
28,"Usually, Our customers also",euc_unemb,0.3,1,7,0.39922,0.67893,0.13785,0.1407,0.02482
28,"Usually, Our customers also",euc_unemb,0.5,1,8,0.52105,0.68722,0.18627,0.18819,0.02715
28,"Usually, Our customers also",euc_unemb,0.7,1,10,0.74443,0.72292,0.32147,0.31999,0.03832
28,"Usually, Our customers also",euc_unemb,0.9,1,13,0.92697,0.78385,0.63094,0.62116,0.05357
28,"Usually, Our customers also",euc_unemb,0.99,1,18,0.99311,0.82475,1.31606,1.28843,0.08507
28,"Usually, Our customers also",cau_unemb,0.3,1,7,0.33213,0.65011,0.11978,0.12406,0.04847
28,"Usually, Our customers also",cau_unemb,0.5,1,9,0.54663,0.65904,0.18632,0.18943,0.05786
28,"Usually, Our customers also",cau_unemb,0.7,1,11,0.74345,0.69319,0.27309,0.27349,0.03475
28,"Usually, Our customers also",cau_unemb,0.9,1,14,0.9138,0.75632,0.46797,0.46183,0.02544
28,"Usually, Our customers also",cau_unemb,0.99,1,20,0.99248,0.81559,1.04405,1.02043,0.05075
28,"Usually, Our customers also",dua_unemb,0.3,1,7,0.36799,0.69814,0.10347,0.10605,0.0224
28,"Usually, Our customers also",dua_unemb,0.5,1,9,0.58161,0.71486,0.19017,0.1908,0.02658
28,"Usually, Our customers also",dua_unemb,0.7,1,11,0.76225,0.74384,0.3146,0.31174,0.03242
28,"Usually, Our customers also",dua_unemb,0.9,1,14,0.91663,0.78718,0.57344,0.56297,0.04474
28,"Usually, Our customers also",dua_unemb,0.99,1,20,0.99284,0.82339,1.28817,1.25747,0.06435
28,"Usually, Our customers also",euc_dmd,0.3,1,6,0.30409,0.62935,0.15399,0.15888,0.05254
28,"Usually, Our customers also",euc_dmd,0.5,1,8,0.53916,0.63004,0.25523,0.25903,0.06512
28,"Usually, Our customers also",euc_dmd,0.7,1,10,0.75506,0.66687,0.38187,0.38274,0.06942
28,"Usually, Our customers also",euc_dmd,0.9,1,13,0.92725,0.74412,0.65189,0.64553,0.0781
28,"Usually, Our customers also",euc_dmd,0.99,1,18,0.99199,0.81794,1.27922,1.25696,0.18056
28,"Usually, Our customers also",cau_dmd,0.3,1,7,0.32548,0.59469,0.19254,0.19862,0.17937
28,"Usually, Our customers also",cau_dmd,0.5,1,9,0.53002,0.59266,0.26951,0.27493,0.1839
28,"Usually, Our customers also",cau_dmd,0.7,1,11,0.72089,0.62189,0.35366,0.3571,0.06739
28,"Usually, Our customers also",cau_dmd,0.9,1,15,0.92742,0.71759,0.60356,0.59981,0.15599
28,"Usually, Our customers also",cau_dmd,0.99,1,21,0.99203,0.80453,1.17806,1.15916,0.20614
28,"Usually, Our customers also",dua_dmd,0.3,1,6,0.30274,0.65199,0.11753,0.12195,0.05
28,"Usually, Our customers also",dua_dmd,0.5,1,8,0.52225,0.64959,0.20694,0.21049,0.05696
28,"Usually, Our customers also",dua_dmd,0.7,1,10,0.71959,0.67113,0.31546,0.3167,0.0394
28,"Usually, Our customers also",dua_dmd,0.9,1,14,0.92339,0.74262,0.59542,0.58871,0.04005
28,"Usually, Our customers also",dua_dmd,0.99,1,20,0.99084,0.81618,1.19371,1.16997,0.07208
213,Parents still,euc_ctx,0.3,1,29,0.30255,0.13602,1.00028,1.008,0.3059
213,Parents still,euc_ctx,0.5,1,33,0.54048,0.13315,1.11645,1.12329,0.29877
213,Parents still,euc_ctx,0.7,1,36,0.7126,0.14859,1.14743,1.15329,0.0906
213,Parents still,euc_ctx,0.9,1,42,0.91625,0.22638,1.13486,1.13781,0.0787
213,Parents still,euc_ctx,0.99,1,51,0.99001,0.42395,1.23393,1.22948,0.04527
213,Parents still,cau_ctx,0.3,1,54,0.30513,0.0832,1.83656,1.84386,0.34902
213,Parents still,cau_ctx,0.5,1,61,0.53257,0.0659,2.24402,2.24859,0.34584
213,Parents still,cau_ctx,0.7,1,67,0.72065,0.05965,2.58629,2.58767,0.35557
213,Parents still,cau_ctx,0.9,1,77,0.90949,0.05658,3.19368,3.18788,0.34161
213,Parents still,cau_ctx,0.99,1,94,0.99003,0.05032,4.46564,4.44337,0.33813
213,Parents still,dua_ctx,0.3,1,33,0.33608,0.2641,0.67154,0.67739,0.07367
213,Parents still,dua_ctx,0.5,1,37,0.5306,0.26208,0.77502,0.77985,0.07584
213,Parents still,dua_ctx,0.7,1,41,0.71464,0.2776,0.86001,0.86338,0.0726
213,Parents still,dua_ctx,0.9,1,48,0.91196,0.33939,0.99998,0.99964,0.04694
213,Parents still,dua_ctx,0.99,1,59,0.99081,0.47362,1.35143,1.34224,0.03834
213,Parents still,euc_unemb,0.3,1,15,0.41249,0.14876,0.93702,0.93803,0.30233
213,Parents still,euc_unemb,0.5,1,16,0.54378,0.15081,0.99354,0.99347,0.30239
213,Parents still,euc_unemb,0.7,1,18,0.77542,0.17824,1.06935,1.0665,0.30232
213,Parents still,euc_unemb,0.9,1,20,0.90971,0.2332,1.14226,1.13561,0.29568
213,Parents still,euc_unemb,0.99,1,25,0.99345,0.38737,1.64561,1.62429,0.07778
213,Parents still,cau_unemb,0.3,1,15,0.34755,0.11041,1.09302,1.09611,0.30061
213,Parents still,cau_unemb,0.5,1,17,0.58873,0.10985,1.18433,1.1858,0.30428
213,Parents still,cau_unemb,0.7,1,18,0.70093,0.1178,1.19775,1.19823,0.30379
213,Parents still,cau_unemb,0.9,1,21,0.91095,0.17503,1.17614,1.17291,0.29924
213,Parents still,cau_unemb,0.99,1,26,0.99152,0.3525,1.26467,1.25206,0.23578
213,Parents still,dua_unemb,0.3,1,16,0.39806,0.30114,0.5205,0.52205,0.06851
213,Parents still,dua_unemb,0.5,1,17,0.50992,0.3063,0.56735,0.56789,0.06966
213,Parents still,dua_unemb,0.7,1,19,0.71972,0.33331,0.67762,0.67538,0.07266
213,Parents still,dua_unemb,0.9,1,22,0.91149,0.40063,0.91536,0.9069,0.07485
213,Parents still,dua_unemb,0.99,1,27,0.99189,0.50141,1.55785,1.53397,0.07683
213,Parents still,euc_dmd,0.3,1,12,0.30911,0.09754,1.17296,1.17931,0.33736
213,Parents still,euc_dmd,0.5,1,14,0.58981,0.09644,1.27851,1.28351,0.3143
213,Parents still,euc_dmd,0.7,1,15,0.71878,0.10645,1.29117,1.29529,0.3144
213,Parents still,euc_dmd,0.9,1,18,0.93261,0.18034,1.27553,1.27595,0.26357
213,Parents still,euc_dmd,0.99,1,22,0.99176,0.35249,1.41267,1.40489,0.09149
213,Parents still,cau_dmd,0.3,1,13,0.33368,0.07329,1.47952,1.48769,0.38553
213,Parents still,cau_dmd,0.5,1,15,0.57974,0.07374,1.54499,1.55228,0.34586
213,Parents still,cau_dmd,0.7,1,17,0.78567,0.09204,1.53536,1.54142,0.32137
213,Parents still,cau_dmd,0.9,1,19,0.90411,0.12991,1.49766,1.50207,0.2682
213,Parents still,cau_dmd,0.99,1,25,0.99278,0.34872,1.593,1.58868,0.09048
213,Parents still,dua_dmd,0.3,1,12,0.31569,0.21288,0.65154,0.65803,0.24874
213,Parents still,dua_dmd,0.5,1,14,0.59152,0.20768,0.78077,0.78635,0.08734
213,Parents still,dua_dmd,0.7,1,15,0.71461,0.21711,0.82912,0.83399,0.09219
213,Parents still,dua_dmd,0.9,1,18,0.92167,0.27882,0.95447,0.95615,0.08921
213,Parents still,dua_dmd,0.99,1,23,0.99206,0.42304,1.2862,1.27918,0.0788
124,Students also,euc_ctx,0.3,1,30,0.34187,0.04188,1.36209,1.35691,0.25548
124,Students also,euc_ctx,0.5,1,33,0.51272,0.03916,1.48355,1.47688,0.24573
124,Students also,euc_ctx,0.7,1,37,0.72848,0.04273,1.57223,1.56346,0.24415
124,Students also,euc_ctx,0.9,1,43,0.91514,0.06389,1.59275,1.58056,0.23718
124,Students also,euc_ctx,0.99,1,53,0.99057,0.15302,1.58528,1.56638,0.21201
124,Students also,cau_ctx,0.3,1,55,0.30114,0.07546,1.22914,1.22817,0.23289
124,Students also,cau_ctx,0.5,1,62,0.51089,0.07117,1.44284,1.4399,0.23492
124,Students also,cau_ctx,0.7,1,69,0.71605,0.07735,1.64854,1.64304,0.2304
124,Students also,cau_ctx,0.9,1,80,0.90884,0.10213,2.02273,2.01154,0.22344
124,Students also,cau_ctx,0.99,1,99,0.99043,0.13446,3.08962,3.06258,0.22283
124,Students also,dua_ctx,0.3,1,33,0.34533,0.09959,0.83091,0.82836,0.22441
124,Students also,dua_ctx,0.5,1,36,0.5059,0.09604,0.92104,0.91723,0.22541
124,Students also,dua_ctx,0.7,1,40,0.71228,0.10317,1.00464,0.99887,0.22693
124,Students also,dua_ctx,0.9,1,46,0.90213,0.13719,1.08018,1.07083,0.21765
124,Students also,dua_ctx,0.99,1,58,0.99173,0.26287,1.29665,1.27793,0.08086
124,Students also,euc_unemb,0.3,1,14,0.42545,0.06286,1.15117,1.14517,0.2351
124,Students also,euc_unemb,0.5,1,15,0.56267,0.0644,1.21727,1.21008,0.23736
124,Students also,euc_unemb,0.7,1,17,0.7958,0.0818,1.30661,1.29678,0.23738
124,Students also,euc_unemb,0.9,1,19,0.92216,0.12154,1.37084,1.35786,0.23208
124,Students also,euc_unemb,0.99,1,23,0.991,0.26909,1.61939,1.59774,0.21545
124,Students also,cau_unemb,0.3,1,15,0.39274,0.06739,1.07108,1.06816,0.24048
124,Students also,cau_unemb,0.5,1,16,0.51277,0.0681,1.114,1.11024,0.2403
124,Students also,cau_unemb,0.7,1,18,0.73523,0.08115,1.15199,1.1463,0.23937
124,Students also,cau_unemb,0.9,1,21,0.9218,0.13526,1.16162,1.15233,0.22443
124,Students also,cau_unemb,0.99,1,26,0.99223,0.3145,1.38178,1.36321,0.18186
124,Students also,dua_unemb,0.3,1,14,0.36111,0.13706,0.66151,0.65882,0.22498
124,Students also,dua_unemb,0.5,1,16,0.61811,0.14307,0.79305,0.788,0.22877
124,Students also,dua_unemb,0.7,1,17,0.73139,0.15487,0.85889,0.85236,0.21638
124,Students also,dua_unemb,0.9,1,20,0.92657,0.21828,1.07922,1.06711,0.21059
124,Students also,dua_unemb,0.99,1,25,0.9935,0.36162,1.59546,1.57085,0.17607
124,Students also,euc_dmd,0.3,1,13,0.36985,0.02809,1.67045,1.66352,0.24824
124,Students also,euc_dmd,0.5,1,14,0.50125,0.0265,1.77068,1.76238,0.24741
124,Students also,euc_dmd,0.7,1,16,0.74418,0.02893,1.90026,1.8891,0.24641
124,Students also,euc_dmd,0.9,1,19,0.93286,0.04659,1.99527,1.97946,0.24349
124,Students also,euc_dmd,0.99,1,23,0.99069,0.10507,2.11255,2.08969,0.22612
124,Students also,cau_dmd,0.3,1,15,0.36658,0.03367,1.60967,1.60572,0.24785
124,Students also,cau_dmd,0.5,1,17,0.57788,0.03346,1.70398,1.6981,0.24698
124,Students also,cau_dmd,0.7,1,19,0.76083,0.03945,1.75062,1.74267,0.24401
124,Students also,cau_dmd,0.9,1,22,0.91657,0.06196,1.78132,1.76994,0.23147
124,Students also,cau_dmd,0.99,1,28,0.99201,0.17922,1.91444,1.89459,0.19864
124,Students also,dua_dmd,0.3,1,13,0.39489,0.0672,1.06066,1.05783,0.24928
124,Students also,dua_dmd,0.5,1,14,0.52877,0.0652,1.14143,1.1375,0.23857
124,Students also,dua_dmd,0.7,1,16,0.76332,0.07255,1.25515,1.24868,0.2371
124,Students also,dua_dmd,0.9,1,19,0.9358,0.10734,1.37931,1.36823,0.22872
124,Students also,dua_dmd,0.99,1,24,0.99334,0.20801,1.6792,1.65853,0.21125
132,The engineers generally,euc_ctx,0.3,1,25,0.32836,0.23546,0.85546,0.86008,0.15749
132,The engineers generally,euc_ctx,0.5,1,29,0.5579,0.22659,1.03767,1.04047,0.1612
132,The engineers generally,euc_ctx,0.7,1,32,0.71932,0.24272,1.1354,1.13638,0.15656
132,The engineers generally,euc_ctx,0.9,1,38,0.91287,0.32526,1.27693,1.27315,0.12696
132,The engineers generally,euc_ctx,0.99,1,48,0.99064,0.52915,1.62398,1.60908,0.13049
132,The engineers generally,cau_ctx,0.3,1,46,0.31876,0.21979,1.207,1.21119,0.1594
132,The engineers generally,cau_ctx,0.5,1,52,0.50103,0.18261,1.55658,1.55778,0.16604
132,The engineers generally,cau_ctx,0.7,1,59,0.70899,0.15316,2.01948,2.01572,0.16489
132,The engineers generally,cau_ctx,0.9,1,70,0.90663,0.12079,2.85864,2.84434,0.1619
132,The engineers generally,cau_ctx,0.99,1,89,0.99038,0.07582,4.51903,4.48212,0.14747
132,The engineers generally,dua_ctx,0.3,1,28,0.32882,0.32817,0.62468,0.6296,0.05583
132,The engineers generally,dua_ctx,0.5,1,32,0.51334,0.32024,0.77127,0.77477,0.05856
132,The engineers generally,dua_ctx,0.7,1,37,0.73252,0.33809,0.94407,0.9449,0.0678
132,The engineers generally,dua_ctx,0.9,1,44,0.91497,0.40468,1.18818,1.18368,0.06285
132,The engineers generally,dua_ctx,0.99,1,55,0.99029,0.54697,1.68448,1.6685,0.12879
132,The engineers generally,euc_unemb,0.3,1,11,0.34742,0.28841,0.52661,0.53027,0.15898
132,The engineers generally,euc_unemb,0.5,1,13,0.62034,0.2996,0.68287,0.68411,0.16555
132,The engineers generally,euc_unemb,0.7,1,14,0.74128,0.322,0.76888,0.7683,0.15717
132,The engineers generally,euc_unemb,0.9,1,17,0.93931,0.42207,1.11584,1.10727,0.15904
132,The engineers generally,euc_unemb,0.99,1,21,0.99322,0.51864,1.82656,1.80299,0.17027
132,The engineers generally,cau_unemb,0.3,1,12,0.33908,0.26957,0.55912,0.56421,0.17597
132,The engineers generally,cau_unemb,0.5,1,14,0.58091,0.27784,0.66279,0.66622,0.17224
132,The engineers generally,cau_unemb,0.7,1,16,0.78843,0.32348,0.75723,0.75786,0.14813
132,The engineers generally,cau_unemb,0.9,1,18,0.90878,0.39338,0.88432,0.88091,0.14948
132,The engineers generally,cau_unemb,0.99,1,23,0.99124,0.54588,1.474,1.45607,0.13036
132,The engineers generally,dua_unemb,0.3,1,11,0.31007,0.36229,0.35397,0.3581,0.12148
132,The engineers generally,dua_unemb,0.5,1,13,0.55726,0.36496,0.49689,0.49894,0.13107
132,The engineers generally,dua_unemb,0.7,1,15,0.77467,0.39576,0.67802,0.67646,0.15471
132,The engineers generally,dua_unemb,0.9,1,17,0.90338,0.44171,0.90099,0.89444,0.14024
132,The engineers generally,dua_unemb,0.99,1,22,0.99186,0.54103,1.65553,1.63213,0.15638
132,The engineers generally,euc_dmd,0.3,1,11,0.37088,0.20565,0.8835,0.88813,0.17033
132,The engineers generally,euc_dmd,0.5,1,12,0.50407,0.20117,0.97795,0.98151,0.17388
132,The engineers generally,euc_dmd,0.7,1,14,0.74947,0.22177,1.14128,1.14191,0.17699
132,The engineers generally,euc_dmd,0.9,1,17,0.93642,0.30817,1.40368,1.3979,0.16027
132,The engineers generally,euc_dmd,0.99,1,21,0.99159,0.44254,1.93492,1.91727,0.15577
132,The engineers generally,cau_dmd,0.3,1,13,0.39556,0.20067,1.00759,1.01365,0.17755
132,The engineers generally,cau_dmd,0.5,1,14,0.50501,0.19958,1.07396,1.07919,0.17291
132,The engineers generally,cau_dmd,0.7,1,16,0.70996,0.21705,1.19511,1.19811,0.16907
132,The engineers generally,cau_dmd,0.9,1,20,0.931,0.30967,1.48534,1.48154,0.13608
132,The engineers generally,cau_dmd,0.99,1,25,0.99078,0.43477,2.09787,2.08154,0.1477
132,The engineers generally,dua_dmd,0.3,1,11,0.38645,0.27831,0.63513,0.64031,0.14969
132,The engineers generally,dua_dmd,0.5,1,12,0.51402,0.27498,0.724,0.72827,0.15142
132,The engineers generally,dua_dmd,0.7,1,14,0.73986,0.29126,0.9051,0.90668,0.15896
132,The engineers generally,dua_dmd,0.9,1,17,0.92,0.35073,1.2093,1.20501,0.15869
132,The engineers generally,dua_dmd,0.99,1,22,0.99087,0.46617,1.8506,1.83317,0.15262
131,"In this case, The workers just",euc_ctx,0.3,1,18,0.30979,0.12746,0.38079,0.38023,0.22181
131,"In this case, The workers just",euc_ctx,0.5,1,22,0.52288,0.11679,0.45059,0.44888,0.22462
131,"In this case, The workers just",euc_ctx,0.7,1,26,0.72747,0.12614,0.46647,0.46334,0.22354
131,"In this case, The workers just",euc_ctx,0.9,1,32,0.90982,0.17592,0.42773,0.42197,0.20555
131,"In this case, The workers just",euc_ctx,0.99,1,43,0.99119,0.36527,0.4224,0.4098,0.02177
131,"In this case, The workers just",cau_ctx,0.3,1,32,0.3261,0.14164,0.41785,0.41931,0.21374
131,"In this case, The workers just",cau_ctx,0.5,1,38,0.50925,0.13296,0.50049,0.50117,0.21649
131,"In this case, The workers just",cau_ctx,0.7,1,45,0.71539,0.14251,0.55915,0.55855,0.2181
131,"In this case, The workers just",cau_ctx,0.9,1,56,0.9086,0.19562,0.61717,0.61367,0.21002
131,"In this case, The workers just",cau_ctx,0.99,1,75,0.99011,0.34046,0.91571,0.90385,0.23806
131,"In this case, The workers just",dua_ctx,0.3,1,21,0.30174,0.23139,0.18931,0.18787,0.19808
131,"In this case, The workers just",dua_ctx,0.5,1,26,0.51537,0.22173,0.23894,0.23609,0.20214
131,"In this case, The workers just",dua_ctx,0.7,1,31,0.72413,0.23275,0.2708,0.26611,0.2029
131,"In this case, The workers just",dua_ctx,0.9,1,38,0.90628,0.27852,0.30693,0.29892,0.20571
131,"In this case, The workers just",dua_ctx,0.99,1,50,0.9901,0.40581,0.4396,0.42396,0.02258
131,"In this case, The workers just",euc_unemb,0.3,1,9,0.36602,0.17331,0.28494,0.28293,0.22027
131,"In this case, The workers just",euc_unemb,0.5,1,11,0.60332,0.17947,0.33128,0.32754,0.22327
131,"In this case, The workers just",euc_unemb,0.7,1,12,0.71216,0.19469,0.34418,0.33935,0.22348
131,"In this case, The workers just",euc_unemb,0.9,1,15,0.9149,0.28759,0.3943,0.38512,0.03937
131,"In this case, The workers just",euc_unemb,0.99,1,20,0.99227,0.5088,0.78226,0.76135,0.07928
131,"In this case, The workers just",cau_unemb,0.3,1,9,0.32172,0.18328,0.23375,0.23423,0.19447
131,"In this case, The workers just",cau_unemb,0.5,1,11,0.54041,0.18561,0.25976,0.25932,0.19635
131,"In this case, The workers just",cau_unemb,0.7,1,13,0.74447,0.21852,0.25302,0.25116,0.19885
131,"In this case, The workers just",cau_unemb,0.9,1,16,0.91903,0.32556,0.25121,0.24607,0.017
131,"In this case, The workers just",cau_unemb,0.99,1,21,0.99091,0.56737,0.52689,0.51234,0.06958
131,"In this case, The workers just",dua_unemb,0.3,1,10,0.37288,0.28885,0.14562,0.14274,0.01413
131,"In this case, The workers just",dua_unemb,0.5,1,12,0.57369,0.30204,0.18634,0.1816,0.01544
131,"In this case, The workers just",dua_unemb,0.7,1,14,0.75253,0.33391,0.2397,0.2325,0.01938
131,"In this case, The workers just",dua_unemb,0.9,1,17,0.91461,0.40769,0.36563,0.35356,0.01987
131,"In this case, The workers just",dua_unemb,0.99,1,22,0.99014,0.55151,0.74872,0.72551,0.05495
131,"In this case, The workers just",euc_dmd,0.3,1,8,0.35654,0.09362,0.535,0.53318,0.29417
131,"In this case, The workers just",euc_dmd,0.5,1,10,0.61432,0.08403,0.64082,0.63707,0.32313
131,"In this case, The workers just",euc_dmd,0.7,1,11,0.72936,0.08703,0.6664,0.66154,0.31021
131,"In this case, The workers just",euc_dmd,0.9,1,14,0.92805,0.12198,0.68667,0.67797,0.2779
131,"In this case, The workers just",euc_dmd,0.99,1,18,0.99011,0.22118,0.75107,0.73585,0.20355
131,"In this case, The workers just",cau_dmd,0.3,1,8,0.30403,0.09677,0.51055,0.51123,0.29386
131,"In this case, The workers just",cau_dmd,0.5,1,10,0.53358,0.08359,0.60896,0.60853,0.31665
131,"In this case, The workers just",cau_dmd,0.7,1,12,0.7453,0.08854,0.63361,0.6318,0.29692
131,"In this case, The workers just",cau_dmd,0.9,1,15,0.91916,0.124,0.60051,0.59616,0.27182
131,"In this case, The workers just",cau_dmd,0.99,1,21,0.99295,0.28369,0.62601,0.61441,0.03616
131,"In this case, The workers just",dua_dmd,0.3,1,9,0.40806,0.19526,0.26746,0.26508,0.21119
131,"In this case, The workers just",dua_dmd,0.5,1,10,0.52938,0.1911,0.29822,0.29496,0.21138
131,"In this case, The workers just",dua_dmd,0.7,1,12,0.75046,0.19947,0.34729,0.34189,0.21617
131,"In this case, The workers just",dua_dmd,0.9,1,15,0.93025,0.24402,0.41759,0.40811,0.2143
131,"In this case, The workers just",dua_dmd,0.99,1,20,0.99368,0.35763,0.61744,0.59927,0.03844
59,"At home, They sometimes",euc_ctx,0.3,1,31,0.33479,0.1694,1.19452,1.1955,0.15885
59,"At home, They sometimes",euc_ctx,0.5,1,35,0.55191,0.16182,1.33299,1.33167,0.15917
59,"At home, They sometimes",euc_ctx,0.7,1,38,0.70559,0.17279,1.37392,1.37056,0.15601
59,"At home, They sometimes",euc_ctx,0.9,1,45,0.91725,0.24858,1.35438,1.34518,0.14525
59,"At home, They sometimes",euc_ctx,0.99,1,56,0.99134,0.45063,1.42207,1.40037,0.13086
59,"At home, They sometimes",cau_ctx,0.3,1,59,0.31858,0.08078,2.37648,2.3674,0.14609
59,"At home, They sometimes",cau_ctx,0.5,1,66,0.51953,0.05014,3.0123,2.99608,0.14615
59,"At home, They sometimes",cau_ctx,0.7,1,73,0.71399,0.03471,3.61951,3.59537,0.14357
59,"At home, They sometimes",cau_ctx,0.9,1,84,0.90236,0.02404,4.50424,4.46679,0.13964
59,"At home, They sometimes",cau_ctx,0.99,1,105,0.99094,0.01662,6.07242,6.00861,0.13663
59,"At home, They sometimes",dua_ctx,0.3,1,34,0.33962,0.26939,0.81483,0.81744,0.14273
59,"At home, They sometimes",dua_ctx,0.5,1,38,0.52857,0.26135,0.92573,0.92635,0.14474
59,"At home, They sometimes",dua_ctx,0.7,1,42,0.70797,0.27337,1.00082,0.99878,0.14362
59,"At home, They sometimes",dua_ctx,0.9,1,49,0.90252,0.33224,1.09572,1.08755,0.12903
59,"At home, They sometimes",dua_ctx,0.99,1,62,0.99077,0.48627,1.39431,1.37084,0.11218
59,"At home, They sometimes",euc_unemb,0.3,1,13,0.36729,0.25578,0.79573,0.79818,0.14577
59,"At home, They sometimes",euc_unemb,0.5,1,14,0.50457,0.25848,0.87757,0.87884,0.14339
59,"At home, They sometimes",euc_unemb,0.7,1,16,0.75794,0.30448,1.04121,1.03921,0.1528
59,"At home, They sometimes",euc_unemb,0.9,1,18,0.90567,0.396,1.23252,1.2259,0.16253
59,"At home, They sometimes",euc_unemb,0.99,1,23,0.99359,0.63442,1.94096,1.91714,0.15703
59,"At home, They sometimes",cau_unemb,0.3,1,14,0.30425,0.24968,0.76828,0.77393,0.14907
59,"At home, They sometimes",cau_unemb,0.5,1,16,0.53825,0.25456,0.87513,0.87923,0.14879
59,"At home, They sometimes",cau_unemb,0.7,1,18,0.75525,0.30063,0.96424,0.96589,0.1533
59,"At home, They sometimes",cau_unemb,0.9,1,21,0.92907,0.4307,1.13402,1.13,0.16002
59,"At home, They sometimes",cau_unemb,0.99,1,26,0.99289,0.63896,1.66355,1.64505,0.15723
59,"At home, They sometimes",dua_unemb,0.3,1,13,0.33181,0.35688,0.49191,0.4963,0.13118
59,"At home, They sometimes",dua_unemb,0.5,1,15,0.58036,0.36646,0.6339,0.6363,0.15767
59,"At home, They sometimes",dua_unemb,0.7,1,17,0.78816,0.40958,0.80805,0.80718,0.15105
59,"At home, They sometimes",dua_unemb,0.9,1,19,0.9079,0.47272,1.01091,1.00552,0.15519
59,"At home, They sometimes",dua_unemb,0.99,1,24,0.99139,0.62973,1.61906,1.5982,0.15535
59,"At home, They sometimes",euc_dmd,0.3,1,13,0.32605,0.17186,1.22844,1.2295,0.15987
59,"At home, They sometimes",euc_dmd,0.5,1,15,0.58289,0.1676,1.42166,1.41993,0.15408
59,"At home, They sometimes",euc_dmd,0.7,1,16,0.703,0.1791,1.504,1.5006,0.15316
59,"At home, They sometimes",euc_dmd,0.9,1,19,0.91901,0.26485,1.74979,1.7403,0.15226
59,"At home, They sometimes",euc_dmd,0.99,1,24,0.9933,0.50787,2.32113,2.29757,0.16734
59,"At home, They sometimes",cau_dmd,0.3,1,16,0.36519,0.18646,1.278,1.28126,0.15939
59,"At home, They sometimes",cau_dmd,0.5,1,18,0.57403,0.19122,1.38267,1.38394,0.1573
59,"At home, They sometimes",cau_dmd,0.7,1,20,0.75787,0.22209,1.48528,1.484,0.15363
59,"At home, They sometimes",cau_dmd,0.9,1,23,0.91615,0.31313,1.682,1.67576,0.17533
59,"At home, They sometimes",cau_dmd,0.99,1,29,0.99224,0.55175,2.35171,2.3311,0.16583
59,"At home, They sometimes",dua_dmd,0.3,1,13,0.33149,0.27451,0.8145,0.81818,0.15022
59,"At home, They sometimes",dua_dmd,0.5,1,15,0.56232,0.27279,0.96846,0.97014,0.15266
59,"At home, They sometimes",dua_dmd,0.7,1,17,0.76005,0.29897,1.12888,1.12765,0.15929
59,"At home, They sometimes",dua_dmd,0.9,1,20,0.92105,0.37181,1.41618,1.40906,0.16838
59,"At home, They sometimes",dua_dmd,0.99,1,25,0.99011,0.52001,2.0088,1.98874,0.16857
130,"Today, Voters often",euc_ctx,0.3,1,27,0.31624,0.49242,0.45777,0.46719,0.03391
130,"Today, Voters often",euc_ctx,0.5,1,31,0.55398,0.49964,0.65003,0.65749,0.03881
130,"Today, Voters often",euc_ctx,0.7,1,34,0.72232,0.52619,0.81847,0.82334,0.04117
130,"Today, Voters often",euc_ctx,0.9,1,40,0.91903,0.60576,1.23444,1.23164,0.04652
130,"Today, Voters often",euc_ctx,0.99,1,49,0.99027,0.6987,2.0394,2.02154,0.04859
130,"Today, Voters often",cau_ctx,0.3,1,54,0.30694,0.48253,1.09707,1.10356,0.16216
130,"Today, Voters often",cau_ctx,0.5,1,61,0.51216,0.39577,1.56695,1.56913,0.15692
130,"Today, Voters often",cau_ctx,0.7,1,68,0.71434,0.31999,2.14762,2.14344,0.15914
130,"Today, Voters often",cau_ctx,0.9,1,79,0.90848,0.2371,3.19453,3.17758,0.1588
130,"Today, Voters often",cau_ctx,0.99,1,97,0.99011,0.15901,5.04449,5.00351,0.18287
130,"Today, Voters often",dua_ctx,0.3,1,30,0.332,0.52368,0.44483,0.45354,0.03357
130,"Today, Voters often",dua_ctx,0.5,1,34,0.50196,0.52522,0.61073,0.61778,0.03814
130,"Today, Voters often",dua_ctx,0.7,1,39,0.70785,0.54118,0.86773,0.87131,0.04281
130,"Today, Voters often",dua_ctx,0.9,1,46,0.90132,0.58519,1.33098,1.32706,0.04523
130,"Today, Voters often",dua_ctx,0.99,1,57,0.99025,0.66205,2.28634,2.26552,0.04612
130,"Today, Voters often",euc_unemb,0.3,1,12,0.41669,0.4174,0.33312,0.34025,0.05071
130,"Today, Voters often",euc_unemb,0.5,1,13,0.56706,0.43781,0.41155,0.41749,0.04678
130,"Today, Voters often",euc_unemb,0.7,1,14,0.70624,0.46974,0.51715,0.52122,0.13886
130,"Today, Voters often",euc_unemb,0.9,1,17,0.93728,0.57913,1.02918,1.02383,0.17601
130,"Today, Voters often",euc_unemb,0.99,1,21,0.99422,0.64293,1.99477,1.97176,0.192
130,"Today, Voters often",cau_unemb,0.3,1,13,0.41187,0.34433,0.39853,0.40771,0.06681
130,"Today, Voters often",cau_unemb,0.5,1,14,0.54848,0.36055,0.4458,0.45429,0.06269
130,"Today, Voters often",cau_unemb,0.7,1,16,0.78514,0.42711,0.57156,0.57729,0.13602
130,"Today, Voters often",cau_unemb,0.9,1,18,0.91655,0.51369,0.77922,0.78027,0.14422
130,"Today, Voters often",cau_unemb,0.99,1,23,0.99417,0.64318,1.64694,1.63074,0.17511
130,"Today, Voters often",dua_unemb,0.3,1,12,0.38886,0.45443,0.26681,0.2736,0.03889
130,"Today, Voters often",dua_unemb,0.5,1,13,0.52652,0.46813,0.33558,0.34139,0.04187
130,"Today, Voters often",dua_unemb,0.7,1,15,0.76694,0.51656,0.53209,0.53441,0.13747
130,"Today, Voters often",dua_unemb,0.9,1,17,0.90608,0.57311,0.81733,0.81423,0.15358
130,"Today, Voters often",dua_unemb,0.99,1,22,0.99381,0.65162,1.84938,1.82661,0.18112
130,"Today, Voters often",euc_dmd,0.3,1,11,0.31063,0.32315,0.4598,0.47057,0.18647
130,"Today, Voters often",euc_dmd,0.5,1,13,0.59932,0.34927,0.58792,0.59741,0.15328
130,"Today, Voters often",euc_dmd,0.7,1,14,0.73093,0.38292,0.66501,0.67308,0.067
130,"Today, Voters often",euc_dmd,0.9,1,17,0.94128,0.51717,1.04848,1.04904,0.08153
130,"Today, Voters often",euc_dmd,0.99,1,21,0.99395,0.6279,1.894,1.87949,0.08389
130,"Today, Voters often",cau_dmd,0.3,1,13,0.35095,0.26951,0.66361,0.67595,0.18207
130,"Today, Voters often",cau_dmd,0.5,1,15,0.59449,0.29362,0.74297,0.75444,0.16839
130,"Today, Voters often",cau_dmd,0.7,1,16,0.70579,0.32068,0.78832,0.79889,0.14325
130,"Today, Voters often",cau_dmd,0.9,1,19,0.91116,0.43995,1.02364,1.02936,0.08446
130,"Today, Voters often",cau_dmd,0.99,1,24,0.99074,0.59947,1.82293,1.8148,0.08699
130,"Today, Voters often",dua_dmd,0.3,1,11,0.32011,0.38095,0.35331,0.36341,0.0477
130,"Today, Voters often",dua_dmd,0.5,1,13,0.59683,0.39539,0.49846,0.50749,0.05283
130,"Today, Voters often",dua_dmd,0.7,1,14,0.71851,0.41676,0.58173,0.58964,0.05811
130,"Today, Voters often",dua_dmd,0.9,1,17,0.92384,0.50762,0.90599,0.90838,0.07066
130,"Today, Voters often",dua_dmd,0.99,1,22,0.99377,0.6301,1.76522,1.75237,0.07636
40,"Usually, Most doctors still",euc_ctx,0.3,1,17,0.34099,0.46009,0.20759,0.21502,0.14859
40,"Usually, Most doctors still",euc_ctx,0.5,1,20,0.50414,0.47472,0.32496,0.33193,0.18374
40,"Usually, Most doctors still",euc_ctx,0.7,1,24,0.71414,0.50821,0.54782,0.55273,0.19904
40,"Usually, Most doctors still",euc_ctx,0.9,1,30,0.90555,0.56559,1.02779,1.02684,0.23667
40,"Usually, Most doctors still",euc_ctx,0.99,1,41,0.99109,0.62629,2.18463,2.16859,0.25191
40,"Usually, Most doctors still",cau_ctx,0.3,1,30,0.30307,0.43766,0.2635,0.27184,0.02442
40,"Usually, Most doctors still",cau_ctx,0.5,1,37,0.50418,0.4419,0.44815,0.45599,0.04364
40,"Usually, Most doctors still",cau_ctx,0.7,1,44,0.70307,0.45599,0.71348,0.71925,0.17217
40,"Usually, Most doctors still",cau_ctx,0.9,1,56,0.90884,0.4784,1.36221,1.36117,0.21988
40,"Usually, Most doctors still",cau_ctx,0.99,1,76,0.99062,0.45713,2.79236,2.77492,0.18473
40,"Usually, Most doctors still",dua_ctx,0.3,1,19,0.30919,0.45464,0.1798,0.18695,0.14647
40,"Usually, Most doctors still",dua_ctx,0.5,1,25,0.52613,0.46551,0.34977,0.35626,0.15304
40,"Usually, Most doctors still",dua_ctx,0.7,1,31,0.72879,0.48678,0.60335,0.60748,0.19632
40,"Usually, Most doctors still",dua_ctx,0.9,1,39,0.9075,0.52438,1.11527,1.11336,0.23804
40,"Usually, Most doctors still",dua_ctx,0.99,1,51,0.99042,0.57265,2.26387,2.24724,0.25582
40,"Usually, Most doctors still",euc_unemb,0.3,1,7,0.31691,0.41326,0.14492,0.14938,0.13076
40,"Usually, Most doctors still",euc_unemb,0.5,1,9,0.57499,0.43148,0.31084,0.31366,0.15252
40,"Usually, Most doctors still",euc_unemb,0.7,1,11,0.798,0.46365,0.60312,0.60189,0.22594
40,"Usually, Most doctors still",euc_unemb,0.9,1,13,0.92031,0.48896,1.02061,1.01327,0.23508
40,"Usually, Most doctors still",euc_unemb,0.99,1,18,0.99413,0.49798,2.33697,2.31026,0.24645
40,"Usually, Most doctors still",cau_unemb,0.3,1,8,0.36278,0.4088,0.18017,0.18645,0.14373
40,"Usually, Most doctors still",cau_unemb,0.5,1,10,0.60235,0.43226,0.33363,0.33871,0.15054
40,"Usually, Most doctors still",cau_unemb,0.7,1,11,0.71168,0.45118,0.44342,0.44719,0.20158
40,"Usually, Most doctors still",cau_unemb,0.9,1,14,0.91406,0.50875,0.91864,0.91587,0.24292
40,"Usually, Most doctors still",cau_unemb,0.99,1,19,0.9917,0.54718,2.01874,2.00044,0.25842
40,"Usually, Most doctors still",dua_unemb,0.3,1,8,0.40214,0.42745,0.18078,0.18447,0.14292
40,"Usually, Most doctors still",dua_unemb,0.5,1,9,0.52016,0.43323,0.25684,0.25967,0.14556
40,"Usually, Most doctors still",dua_unemb,0.7,1,11,0.73504,0.45188,0.47835,0.4781,0.19855
40,"Usually, Most doctors still",dua_unemb,0.9,1,14,0.92194,0.47906,1.00517,0.99707,0.22744
40,"Usually, Most doctors still",dua_unemb,0.99,1,19,0.99364,0.48841,2.25152,2.2249,0.24129
40,"Usually, Most doctors still",euc_dmd,0.3,1,7,0.34069,0.39187,0.19558,0.20293,0.13348
40,"Usually, Most doctors still",euc_dmd,0.5,1,9,0.60575,0.41162,0.37087,0.37717,0.15304
40,"Usually, Most doctors still",euc_dmd,0.7,1,10,0.72561,0.43061,0.49835,0.50324,0.1988
40,"Usually, Most doctors still",euc_dmd,0.9,1,13,0.93035,0.48821,1.06197,1.05955,0.22833
40,"Usually, Most doctors still",euc_dmd,0.99,1,17,0.99119,0.51819,2.0848,2.06871,0.22466
40,"Usually, Most doctors still",cau_dmd,0.3,1,8,0.35404,0.37001,0.26231,0.27177,0.13338
40,"Usually, Most doctors still",cau_dmd,0.5,1,10,0.58446,0.38631,0.41124,0.42035,0.14276
40,"Usually, Most doctors still",cau_dmd,0.7,1,12,0.78066,0.4242,0.62786,0.63497,0.21793
40,"Usually, Most doctors still",cau_dmd,0.9,1,15,0.93304,0.48612,1.11125,1.11271,0.23569
40,"Usually, Most doctors still",cau_dmd,0.99,1,20,0.99209,0.53631,2.19868,2.18688,0.23426
40,"Usually, Most doctors still",dua_dmd,0.3,1,7,0.32955,0.40581,0.17107,0.17796,0.12566
40,"Usually, Most doctors still",dua_dmd,0.5,1,9,0.57524,0.41435,0.32522,0.33151,0.15639
40,"Usually, Most doctors still",dua_dmd,0.7,1,11,0.78184,0.43939,0.55483,0.55886,0.21703
40,"Usually, Most doctors still",dua_dmd,0.9,1,13,0.9037,0.46896,0.87216,0.87237,0.22497
40,"Usually, Most doctors still",dua_dmd,0.99,1,18,0.99098,0.51268,1.99559,1.98117,0.23781
238,"Lately, Most doctors also",euc_ctx,0.3,1,16,0.30034,0.37171,0.25741,0.26516,0.01288
238,"Lately, Most doctors also",euc_ctx,0.5,1,20,0.50986,0.3712,0.43609,0.4435,0.04979
238,"Lately, Most doctors also",euc_ctx,0.7,1,24,0.71597,0.39126,0.66946,0.67517,0.23169
238,"Lately, Most doctors also",euc_ctx,0.9,1,30,0.90482,0.44478,1.12526,1.12617,0.22306
238,"Lately, Most doctors also",euc_ctx,0.99,1,41,0.99083,0.52675,2.21947,2.20745,0.23842
238,"Lately, Most doctors also",cau_ctx,0.3,1,31,0.30966,0.33273,0.37838,0.38703,0.14618
238,"Lately, Most doctors also",cau_ctx,0.5,1,38,0.50384,0.31889,0.60067,0.60883,0.15568
238,"Lately, Most doctors also",cau_ctx,0.7,1,46,0.72139,0.31987,0.93145,0.93749,0.17005
238,"Lately, Most doctors also",cau_ctx,0.9,1,57,0.90391,0.33568,1.52382,1.5245,0.21912
238,"Lately, Most doctors also",cau_ctx,0.99,1,78,0.9911,0.33795,3.00839,2.9938,0.24508
238,"Lately, Most doctors also",dua_ctx,0.3,1,19,0.31731,0.37761,0.25579,0.26295,0.01239
238,"Lately, Most doctors also",dua_ctx,0.5,1,24,0.50849,0.37268,0.42778,0.43443,0.01744
238,"Lately, Most doctors also",dua_ctx,0.7,1,30,0.72835,0.38186,0.70804,0.71256,0.18063
238,"Lately, Most doctors also",dua_ctx,0.9,1,38,0.91361,0.4149,1.23636,1.2355,0.21736
238,"Lately, Most doctors also",dua_ctx,0.99,1,50,0.99119,0.47379,2.3511,2.33754,0.23456
238,"Lately, Most doctors also",euc_unemb,0.3,1,7,0.3276,0.37193,0.16413,0.16861,0.0145
238,"Lately, Most doctors also",euc_unemb,0.5,1,9,0.58275,0.39459,0.32615,0.32928,0.04766
238,"Lately, Most doctors also",euc_unemb,0.7,1,10,0.70294,0.41577,0.44665,0.44831,0.16502
238,"Lately, Most doctors also",euc_unemb,0.9,1,13,0.92021,0.48361,0.9893,0.98354,0.23212
238,"Lately, Most doctors also",euc_unemb,0.99,1,18,0.99387,0.52579,2.27731,2.25358,0.25527
238,"Lately, Most doctors also",cau_unemb,0.3,1,8,0.37016,0.36244,0.19421,0.20074,0.02294
238,"Lately, Most doctors also",cau_unemb,0.5,1,10,0.60518,0.38784,0.3357,0.34141,0.05503
238,"Lately, Most doctors also",cau_unemb,0.7,1,11,0.71205,0.41015,0.43308,0.43777,0.17628
238,"Lately, Most doctors also",cau_unemb,0.9,1,14,0.91176,0.4878,0.85783,0.85709,0.2118
238,"Lately, Most doctors also",cau_unemb,0.99,1,19,0.99095,0.55965,1.9043,1.88964,0.24074
238,"Lately, Most doctors also",dua_unemb,0.3,1,7,0.30277,0.38146,0.13532,0.13948,0.01034
238,"Lately, Most doctors also",dua_unemb,0.5,1,9,0.53117,0.39271,0.26439,0.26752,0.02664
238,"Lately, Most doctors also",dua_unemb,0.7,1,11,0.74267,0.42037,0.47082,0.47136,0.16531
238,"Lately, Most doctors also",dua_unemb,0.9,1,14,0.92289,0.46834,0.95767,0.95143,0.21514
238,"Lately, Most doctors also",dua_unemb,0.99,1,19,0.99325,0.50727,2.15566,2.13272,0.24093
238,"Lately, Most doctors also",euc_dmd,0.3,1,7,0.36347,0.3396,0.23748,0.24408,0.02467
238,"Lately, Most doctors also",euc_dmd,0.5,1,9,0.6259,0.36345,0.41179,0.41739,0.07286
238,"Lately, Most doctors also",euc_dmd,0.7,1,10,0.74052,0.38843,0.52743,0.53181,0.17432
238,"Lately, Most doctors also",euc_dmd,0.9,1,13,0.9331,0.48202,1.01968,1.0178,0.23084
238,"Lately, Most doctors also",euc_dmd,0.99,1,17,0.99109,0.57046,1.94382,1.92981,0.24555
238,"Lately, Most doctors also",cau_dmd,0.3,1,8,0.37652,0.31875,0.27535,0.28402,0.02711
238,"Lately, Most doctors also",cau_dmd,0.5,1,10,0.60476,0.33826,0.41351,0.42188,0.03064
238,"Lately, Most doctors also",cau_dmd,0.7,1,11,0.70768,0.35883,0.50034,0.50805,0.07379
238,"Lately, Most doctors also",cau_dmd,0.9,1,14,0.90344,0.44361,0.86553,0.86931,0.2618
238,"Lately, Most doctors also",cau_dmd,0.99,1,20,0.99207,0.57309,2.01084,2.00096,0.28117
238,"Lately, Most doctors also",dua_dmd,0.3,1,7,0.3593,0.35196,0.19808,0.20415,0.02366
238,"Lately, Most doctors also",dua_dmd,0.5,1,9,0.60739,0.36359,0.346,0.35137,0.03411
238,"Lately, Most doctors also",dua_dmd,0.7,1,10,0.71601,0.37807,0.4408,0.44529,0.06561
238,"Lately, Most doctors also",dua_dmd,0.9,1,13,0.91264,0.43684,0.83221,0.83213,0.19926
238,"Lately, Most doctors also",dua_dmd,0.99,1,18,0.991,0.52005,1.83426,1.82164,0.23909
177,"Over time, I always",euc_ctx,0.3,1,31,0.33872,0.05438,1.54333,1.53623,0.2288
177,"Over time, I always",euc_ctx,0.5,1,34,0.50414,0.05064,1.71397,1.705,0.2285
177,"Over time, I always",euc_ctx,0.7,1,38,0.71589,0.05394,1.87873,1.86709,0.22514
177,"Over time, I always",euc_ctx,0.9,1,44,0.90637,0.07527,1.99718,1.98105,0.19607
177,"Over time, I always",euc_ctx,0.99,1,55,0.99082,0.15881,2.1274,2.10091,0.17924
177,"Over time, I always",cau_ctx,0.3,1,64,0.31776,0.03715,2.21233,2.19975,0.22839
177,"Over time, I always",cau_ctx,0.5,1,71,0.50258,0.03085,2.55068,2.53442,0.22772
177,"Over time, I always",cau_ctx,0.7,1,79,0.71058,0.02785,2.94457,2.92322,0.22751
177,"Over time, I always",cau_ctx,0.9,1,91,0.90378,0.02611,3.62399,3.59257,0.22462
177,"Over time, I always",cau_ctx,0.99,1,112,0.99034,0.01993,5.22236,5.16687,0.21845
177,"Over time, I always",dua_ctx,0.3,1,34,0.32289,0.13048,0.94282,0.9403,0.217
177,"Over time, I always",dua_ctx,0.5,1,38,0.52007,0.12038,1.12232,1.11772,0.21453
177,"Over time, I always",dua_ctx,0.7,1,42,0.71103,0.12362,1.26812,1.26101,0.20926
177,"Over time, I always",dua_ctx,0.9,1,49,0.9115,0.15622,1.42719,1.41477,0.18396
177,"Over time, I always",dua_ctx,0.99,1,61,0.99138,0.26164,1.64393,1.61999,0.17106
177,"Over time, I always",euc_unemb,0.3,1,13,0.33222,0.11274,1.02706,1.02435,0.20825
177,"Over time, I always",euc_unemb,0.5,1,15,0.59683,0.11866,1.20683,1.20176,0.20627
177,"Over time, I always",euc_unemb,0.7,1,16,0.71811,0.1327,1.27281,1.26633,0.20647
177,"Over time, I always",euc_unemb,0.9,1,19,0.92785,0.222,1.41867,1.40669,0.19877
177,"Over time, I always",euc_unemb,0.99,1,23,0.99091,0.39834,1.77431,1.75105,0.19986
177,"Over time, I always",cau_unemb,0.3,1,15,0.40753,0.0969,1.0847,1.08466,0.21186
177,"Over time, I always",cau_unemb,0.5,1,16,0.52854,0.09979,1.14159,1.14077,0.21032
177,"Over time, I always",cau_unemb,0.7,1,18,0.74712,0.12219,1.20242,1.1997,0.20975
177,"Over time, I always",cau_unemb,0.9,1,21,0.92525,0.2014,1.23421,1.22743,0.19989
177,"Over time, I always",cau_unemb,0.99,1,26,0.99221,0.3951,1.54855,1.53029,0.16917
177,"Over time, I always",dua_unemb,0.3,1,14,0.39813,0.2156,0.59775,0.59797,0.19267
177,"Over time, I always",dua_unemb,0.5,1,15,0.52663,0.21688,0.6821,0.68117,0.18616
177,"Over time, I always",dua_unemb,0.7,1,17,0.75643,0.23873,0.85093,0.84684,0.19069
177,"Over time, I always",dua_unemb,0.9,1,20,0.93369,0.30628,1.09761,1.08686,0.20033
177,"Over time, I always",dua_unemb,0.99,1,24,0.99024,0.41496,1.49647,1.47417,0.18667
177,"Over time, I always",euc_dmd,0.3,1,13,0.42328,0.05829,1.6282,1.62354,0.22777
177,"Over time, I always",euc_dmd,0.5,1,14,0.55912,0.05812,1.76873,1.76268,0.227
177,"Over time, I always",euc_dmd,0.7,1,16,0.788,0.06952,2.00177,1.99264,0.22368
177,"Over time, I always",euc_dmd,0.9,1,18,0.91407,0.09691,2.17651,2.16387,0.19636
177,"Over time, I always",euc_dmd,0.99,1,23,0.99262,0.23588,2.53872,2.51492,0.18081
177,"Over time, I always",cau_dmd,0.3,1,14,0.31784,0.05628,1.61337,1.61248,0.22888
177,"Over time, I always",cau_dmd,0.5,1,16,0.5371,0.05288,1.86969,1.86669,0.20229
177,"Over time, I always",cau_dmd,0.7,1,18,0.73813,0.05869,2.09918,2.09366,0.20224
177,"Over time, I always",cau_dmd,0.9,1,21,0.9112,0.08186,2.4097,2.39946,0.19681
177,"Over time, I always",cau_dmd,0.99,1,27,0.99194,0.15352,3.08702,3.06347,0.17947
177,"Over time, I always",dua_dmd,0.3,1,13,0.41917,0.1323,0.97688,0.97758,0.22274
177,"Over time, I always",dua_dmd,0.5,1,14,0.54957,0.12996,1.10184,1.1014,0.22347
177,"Over time, I always",dua_dmd,0.7,1,16,0.77019,0.14102,1.33982,1.3365,0.22107
177,"Over time, I always",dua_dmd,0.9,1,19,0.93302,0.1855,1.64161,1.63275,0.20728
177,"Over time, I always",dua_dmd,0.99,1,24,0.99209,0.29367,2.07077,2.0503,0.20053
232,"Over time, The workers really",euc_ctx,0.3,1,19,0.34192,0.09513,0.44246,0.44176,0.14676
232,"Over time, The workers really",euc_ctx,0.5,1,23,0.54859,0.09062,0.55251,0.55061,0.14629
232,"Over time, The workers really",euc_ctx,0.7,1,27,0.73844,0.10011,0.6377,0.63433,0.1447
232,"Over time, The workers really",euc_ctx,0.9,1,33,0.90779,0.14004,0.74643,0.74031,0.13627
232,"Over time, The workers really",euc_ctx,0.99,1,45,0.99112,0.30107,1.09737,1.08338,0.03266
232,"Over time, The workers really",cau_ctx,0.3,1,35,0.31869,0.12131,0.459,0.46244,0.13888
232,"Over time, The workers really",cau_ctx,0.5,1,42,0.50423,0.11702,0.5932,0.59606,0.13999
232,"Over time, The workers really",cau_ctx,0.7,1,50,0.70939,0.12782,0.75429,0.75589,0.13674
232,"Over time, The workers really",cau_ctx,0.9,1,63,0.90736,0.17213,1.10544,1.10327,0.11186
232,"Over time, The workers really",cau_ctx,0.99,1,86,0.99017,0.22869,2.281,2.26555,0.12364
232,"Over time, The workers really",dua_ctx,0.3,1,21,0.33743,0.13956,0.3066,0.30761,0.13731
232,"Over time, The workers really",dua_ctx,0.5,1,25,0.52056,0.13409,0.40071,0.4008,0.13855
232,"Over time, The workers really",dua_ctx,0.7,1,30,0.7351,0.14368,0.51331,0.5117,0.13725
232,"Over time, The workers really",dua_ctx,0.9,1,37,0.91053,0.18293,0.67923,0.67429,0.11721
232,"Over time, The workers really",dua_ctx,0.99,1,50,0.99068,0.30029,1.11168,1.09809,0.0333
232,"Over time, The workers really",euc_unemb,0.3,1,8,0.31366,0.10546,0.32597,0.32302,0.13541
232,"Over time, The workers really",euc_unemb,0.5,1,10,0.55261,0.10255,0.41731,0.41244,0.14284
232,"Over time, The workers really",euc_unemb,0.7,1,12,0.76927,0.12128,0.49248,0.48521,0.14507
232,"Over time, The workers really",euc_unemb,0.9,1,15,0.9364,0.19074,0.64078,0.62876,0.14785
232,"Over time, The workers really",euc_unemb,0.99,1,19,0.99061,0.33269,1.05698,1.03583,0.11997
232,"Over time, The workers really",cau_unemb,0.3,1,9,0.35006,0.1132,0.29278,0.29234,0.13447
232,"Over time, The workers really",cau_unemb,0.5,1,11,0.56981,0.11601,0.35133,0.34975,0.13524
232,"Over time, The workers really",cau_unemb,0.7,1,13,0.76358,0.13888,0.3976,0.39446,0.13316
232,"Over time, The workers really",cau_unemb,0.9,1,16,0.92362,0.21153,0.50657,0.50002,0.13592
232,"Over time, The workers really",cau_unemb,0.99,1,21,0.99051,0.38473,0.98757,0.9716,0.09119
232,"Over time, The workers really",dua_unemb,0.3,1,9,0.39385,0.15201,0.21413,0.21289,0.12865
232,"Over time, The workers really",dua_unemb,0.5,1,10,0.51159,0.1533,0.24959,0.24756,0.1306
232,"Over time, The workers really",dua_unemb,0.7,1,12,0.72903,0.17138,0.32803,0.32385,0.13053
232,"Over time, The workers really",dua_unemb,0.9,1,15,0.91448,0.22939,0.49715,0.48828,0.13657
232,"Over time, The workers really",dua_unemb,0.99,1,20,0.99002,0.35522,0.98041,0.9604,0.10575
232,"Over time, The workers really",euc_dmd,0.3,1,8,0.36094,0.07114,0.52844,0.52436,0.14315
232,"Over time, The workers really",euc_dmd,0.5,1,10,0.60557,0.0662,0.66468,0.65817,0.14411
232,"Over time, The workers really",euc_dmd,0.7,1,11,0.7152,0.06928,0.72126,0.7134,0.15285
232,"Over time, The workers really",euc_dmd,0.9,1,14,0.91418,0.09818,0.87905,0.86663,0.14919
232,"Over time, The workers really",euc_dmd,0.99,1,19,0.99083,0.20804,1.23668,1.21486,0.13841
232,"Over time, The workers really",cau_dmd,0.3,1,9,0.36432,0.07732,0.50546,0.50405,0.14502
232,"Over time, The workers really",cau_dmd,0.5,1,11,0.57285,0.07449,0.60725,0.6043,0.14369
232,"Over time, The workers really",cau_dmd,0.7,1,13,0.75369,0.08339,0.69402,0.6892,0.14442
232,"Over time, The workers really",cau_dmd,0.9,1,16,0.91021,0.1164,0.83815,0.8299,0.1385
232,"Over time, The workers really",cau_dmd,0.99,1,22,0.99016,0.23101,1.34719,1.32909,0.1096
232,"Over time, The workers really",dua_dmd,0.3,1,8,0.37213,0.11623,0.31214,0.3112,0.13849
232,"Over time, The workers really",dua_dmd,0.5,1,10,0.61331,0.11372,0.41509,0.41239,0.1386
232,"Over time, The workers really",dua_dmd,0.7,1,11,0.71806,0.11906,0.46517,0.46136,0.13827
232,"Over time, The workers really",dua_dmd,0.9,1,14,0.90742,0.15426,0.63535,0.62734,0.13226
232,"Over time, The workers really",dua_dmd,0.99,1,20,0.99131,0.26541,1.1385,1.11908,0.11378
296,"Usually, You always",euc_ctx,0.3,1,28,0.3292,0.40014,0.60972,0.61596,0.05618
296,"Usually, You always",euc_ctx,0.5,1,32,0.5439,0.39208,0.73331,0.73773,0.08733
296,"Usually, You always",euc_ctx,0.7,1,36,0.74272,0.42231,0.81326,0.81488,0.09746
296,"Usually, You always",euc_ctx,0.9,1,42,0.9151,0.51637,0.89058,0.88629,0.09849
296,"Usually, You always",euc_ctx,0.99,1,53,0.99148,0.68917,1.13131,1.11223,0.10156
296,"Usually, You always",cau_ctx,0.3,1,54,0.321,0.21632,1.4229,1.42323,0.24146
296,"Usually, You always",cau_ctx,0.5,1,61,0.51232,0.14678,1.93307,1.92792,0.24475
296,"Usually, You always",cau_ctx,0.7,1,69,0.72265,0.0991,2.52448,2.51152,0.25036
296,"Usually, You always",cau_ctx,0.9,1,80,0.90018,0.06511,3.29763,3.27233,0.24705
296,"Usually, You always",cau_ctx,0.99,1,102,0.99061,0.03526,4.77132,4.71918,0.25619
296,"Usually, You always",dua_ctx,0.3,1,31,0.30024,0.48447,0.4299,0.43512,0.02455
296,"Usually, You always",dua_ctx,0.5,1,37,0.53556,0.4722,0.5576,0.56037,0.04687
296,"Usually, You always",dua_ctx,0.7,1,42,0.72326,0.48957,0.65056,0.65016,0.05356
296,"Usually, You always",dua_ctx,0.9,1,50,0.91203,0.55687,0.79382,0.78625,0.05681
296,"Usually, You always",dua_ctx,0.99,1,62,0.99028,0.67712,1.09351,1.07096,0.07394
296,"Usually, You always",euc_unemb,0.3,1,12,0.31715,0.47119,0.52068,0.52502,0.07291
296,"Usually, You always",euc_unemb,0.5,1,14,0.5709,0.46112,0.72806,0.72957,0.20581
296,"Usually, You always",euc_unemb,0.7,1,16,0.79269,0.49197,0.97946,0.97634,0.22794
296,"Usually, You always",euc_unemb,0.9,1,18,0.91681,0.53915,1.26715,1.25777,0.25738
296,"Usually, You always",euc_unemb,0.99,1,23,0.99366,0.60652,2.07194,2.04268,0.27268
296,"Usually, You always",cau_unemb,0.3,1,13,0.30923,0.41393,0.5899,0.59665,0.1696
296,"Usually, You always",cau_unemb,0.5,1,15,0.53594,0.39837,0.74846,0.7532,0.21178
296,"Usually, You always",cau_unemb,0.7,1,17,0.74834,0.42036,0.9027,0.90416,0.22332
296,"Usually, You always",cau_unemb,0.9,1,20,0.92443,0.48956,1.14803,1.1423,0.22675
296,"Usually, You always",cau_unemb,0.99,1,25,0.99221,0.56889,1.66799,1.64625,0.24434
296,"Usually, You always",dua_unemb,0.3,1,13,0.37016,0.55237,0.41307,0.41654,0.04669
296,"Usually, You always",dua_unemb,0.5,1,15,0.58281,0.55502,0.58612,0.58649,0.06577
296,"Usually, You always",dua_unemb,0.7,1,17,0.76385,0.57769,0.79102,0.7869,0.16954
296,"Usually, You always",dua_unemb,0.9,1,20,0.92138,0.62781,1.13894,1.12594,0.18825
296,"Usually, You always",dua_unemb,0.99,1,25,0.99185,0.69034,1.78859,1.75696,0.2586
296,"Usually, You always",euc_dmd,0.3,1,12,0.42351,0.33654,0.9182,0.92517,0.24866
296,"Usually, You always",euc_dmd,0.5,1,13,0.55879,0.33489,1.03013,1.03586,0.25247
296,"Usually, You always",euc_dmd,0.7,1,15,0.78855,0.37189,1.23007,1.23232,0.25705
296,"Usually, You always",euc_dmd,0.9,1,17,0.91549,0.44538,1.41872,1.41624,0.20809
296,"Usually, You always",euc_dmd,0.99,1,22,0.99319,0.62962,1.9821,1.96358,0.23829
296,"Usually, You always",cau_dmd,0.3,1,13,0.36348,0.30435,1.02628,1.03641,0.27085
296,"Usually, You always",cau_dmd,0.5,1,15,0.58794,0.30101,1.18303,1.19145,0.27338
296,"Usually, You always",cau_dmd,0.7,1,17,0.77734,0.33497,1.30781,1.31363,0.2151
296,"Usually, You always",cau_dmd,0.9,1,20,0.92793,0.43116,1.4847,1.48506,0.12072
296,"Usually, You always",cau_dmd,0.99,1,25,0.99048,0.59557,1.89546,1.88323,0.11865
296,"Usually, You always",dua_dmd,0.3,1,12,0.41676,0.4349,0.63824,0.64527,0.08882
296,"Usually, You always",dua_dmd,0.5,1,13,0.54358,0.43062,0.74179,0.74783,0.09675
296,"Usually, You always",dua_dmd,0.7,1,15,0.76117,0.44935,0.94576,0.94882,0.20037
296,"Usually, You always",dua_dmd,0.9,1,18,0.9295,0.51847,1.23209,1.22871,0.20549
296,"Usually, You always",dua_dmd,0.99,1,23,0.99261,0.64583,1.71522,1.6975,0.20296
257,"Usually, The workers rarely",euc_ctx,0.3,1,14,0.31565,0.48923,0.22207,0.2274,0.10369
257,"Usually, The workers rarely",euc_ctx,0.5,1,18,0.5423,0.47943,0.34865,0.35301,0.15016
257,"Usually, The workers rarely",euc_ctx,0.7,1,21,0.70606,0.49608,0.44736,0.45005,0.15724
257,"Usually, The workers rarely",euc_ctx,0.9,1,27,0.90774,0.56933,0.67299,0.6702,0.13654
257,"Usually, The workers rarely",euc_ctx,0.99,1,37,0.99025,0.68625,1.2096,1.19377,0.14465
257,"Usually, The workers rarely",cau_ctx,0.3,1,27,0.31486,0.5358,0.26201,0.26841,0.13486
257,"Usually, The workers rarely",cau_ctx,0.5,1,34,0.52183,0.5314,0.40654,0.412,0.15198
257,"Usually, The workers rarely",cau_ctx,0.7,1,41,0.72252,0.55051,0.58928,0.59227,0.17537
257,"Usually, The workers rarely",cau_ctx,0.9,1,51,0.90097,0.59699,0.9475,0.94451,0.14293
257,"Usually, The workers rarely",cau_ctx,0.99,1,70,0.99016,0.64469,1.92632,1.90697,0.16084
257,"Usually, The workers rarely",dua_ctx,0.3,1,17,0.32897,0.52014,0.19615,0.2012,0.11044
257,"Usually, The workers rarely",dua_ctx,0.5,1,22,0.53773,0.51487,0.31026,0.31422,0.14701
257,"Usually, The workers rarely",dua_ctx,0.7,1,27,0.7355,0.53289,0.4461,0.4476,0.15798
257,"Usually, The workers rarely",dua_ctx,0.9,1,34,0.91171,0.58747,0.69665,0.69241,0.15646
257,"Usually, The workers rarely",dua_ctx,0.99,1,45,0.99051,0.68085,1.2714,1.25378,0.14123
257,"Usually, The workers rarely",euc_unemb,0.3,1,6,0.34292,0.50869,0.1982,0.20231,0.12461
257,"Usually, The workers rarely",euc_unemb,0.5,1,8,0.62563,0.51535,0.38614,0.38813,0.12503
257,"Usually, The workers rarely",euc_unemb,0.7,1,9,0.74989,0.53454,0.51829,0.51827,0.1388
257,"Usually, The workers rarely",euc_unemb,0.9,1,11,0.90646,0.58476,0.85821,0.85253,0.14789
257,"Usually, The workers rarely",euc_unemb,0.99,1,15,0.99033,0.65135,1.71714,1.69625,0.15765
257,"Usually, The workers rarely",cau_unemb,0.3,1,7,0.38327,0.49855,0.21575,0.22105,0.10663
257,"Usually, The workers rarely",cau_unemb,0.5,1,8,0.50974,0.49895,0.28422,0.28892,0.12174
257,"Usually, The workers rarely",cau_unemb,0.7,1,10,0.74392,0.52586,0.46983,0.47187,0.13793
257,"Usually, The workers rarely",cau_unemb,0.9,1,13,0.93093,0.58903,0.88399,0.87883,0.15074
257,"Usually, The workers rarely",cau_unemb,0.99,1,17,0.99035,0.63386,1.59809,1.57997,0.15593
257,"Usually, The workers rarely",dua_unemb,0.3,1,6,0.31816,0.53774,0.14953,0.15348,0.12101
257,"Usually, The workers rarely",dua_unemb,0.5,1,8,0.57179,0.53712,0.3037,0.30629,0.12495
257,"Usually, The workers rarely",dua_unemb,0.7,1,10,0.78882,0.56098,0.5323,0.53169,0.13984
257,"Usually, The workers rarely",dua_unemb,0.9,1,12,0.91343,0.59576,0.82473,0.81925,0.15241
257,"Usually, The workers rarely",dua_unemb,0.99,1,17,0.99369,0.65844,1.7374,1.71496,0.15884
257,"Usually, The workers rarely",euc_dmd,0.3,1,6,0.33029,0.47042,0.27526,0.27988,0.1635
257,"Usually, The workers rarely",euc_dmd,0.5,1,8,0.60316,0.46528,0.46358,0.46636,0.16636
257,"Usually, The workers rarely",euc_dmd,0.7,1,9,0.72713,0.4826,0.57815,0.57925,0.14153
257,"Usually, The workers rarely",euc_dmd,0.9,1,12,0.93444,0.57724,1.0311,1.0246,0.14352
257,"Usually, The workers rarely",euc_dmd,0.99,1,16,0.99239,0.68927,1.82673,1.80643,0.17122
257,"Usually, The workers rarely",cau_dmd,0.3,1,7,0.32387,0.47453,0.29848,0.30423,0.16808
257,"Usually, The workers rarely",cau_dmd,0.5,1,9,0.54664,0.47174,0.43139,0.43605,0.16856
257,"Usually, The workers rarely",cau_dmd,0.7,1,11,0.74959,0.5053,0.59817,0.60033,0.17067
257,"Usually, The workers rarely",cau_dmd,0.9,1,14,0.91955,0.5913,0.95998,0.95609,0.16678
257,"Usually, The workers rarely",cau_dmd,0.99,1,19,0.99016,0.71023,1.7909,1.7732,0.16893
257,"Usually, The workers rarely",dua_dmd,0.3,1,6,0.32417,0.50463,0.21494,0.21928,0.15698
257,"Usually, The workers rarely",dua_dmd,0.5,1,8,0.56761,0.49588,0.38051,0.38373,0.15929
257,"Usually, The workers rarely",dua_dmd,0.7,1,10,0.77041,0.51509,0.58719,0.58787,0.13667
257,"Usually, The workers rarely",dua_dmd,0.9,1,13,0.92942,0.5715,0.97735,0.97201,0.13924
257,"Usually, The workers rarely",dua_dmd,0.99,1,18,0.99275,0.66765,1.79505,1.77557,0.16303
36,"Honestly, These kids always",euc_ctx,0.3,1,15,0.3313,0.46041,0.27599,0.2809,0.14902
36,"Honestly, These kids always",euc_ctx,0.5,1,18,0.50739,0.44841,0.37463,0.37863,0.18549
36,"Honestly, These kids always",euc_ctx,0.7,1,22,0.73092,0.46629,0.49833,0.49983,0.16013
36,"Honestly, These kids always",euc_ctx,0.9,1,27,0.90025,0.52214,0.66193,0.6585,0.16872
36,"Honestly, These kids always",euc_ctx,0.99,1,38,0.9917,0.62195,1.20473,1.18601,0.16908
36,"Honestly, These kids always",cau_ctx,0.3,1,30,0.31408,0.43266,0.38469,0.39077,0.1537
36,"Honestly, These kids always",cau_ctx,0.5,1,37,0.51633,0.39887,0.57122,0.57596,0.16418
36,"Honestly, These kids always",cau_ctx,0.7,1,44,0.71345,0.38701,0.77805,0.78007,0.18636
36,"Honestly, These kids always",cau_ctx,0.9,1,55,0.90402,0.39015,1.17718,1.17238,0.15401
36,"Honestly, These kids always",cau_ctx,0.99,1,75,0.99052,0.36645,2.2403,2.21752,0.23738
36,"Honestly, These kids always",dua_ctx,0.3,1,18,0.32732,0.50156,0.22384,0.22771,0.03025
36,"Honestly, These kids always",dua_ctx,0.5,1,23,0.5372,0.48599,0.34111,0.34346,0.15312
36,"Honestly, These kids always",dua_ctx,0.7,1,27,0.70019,0.48919,0.44476,0.44491,0.16182
36,"Honestly, These kids always",dua_ctx,0.9,1,35,0.91353,0.52817,0.70252,0.69568,0.1655
36,"Honestly, These kids always",dua_ctx,0.99,1,46,0.99102,0.59287,1.23456,1.21325,0.04511
36,"Honestly, These kids always",euc_unemb,0.3,1,6,0.31606,0.52528,0.2005,0.2038,0.03763
36,"Honestly, These kids always",euc_unemb,0.5,1,8,0.60927,0.53071,0.38508,0.38589,0.20274
36,"Honestly, These kids always",euc_unemb,0.7,1,9,0.74134,0.5502,0.51275,0.51129,0.21774
36,"Honestly, These kids always",euc_unemb,0.9,1,11,0.90647,0.59888,0.83778,0.82992,0.21899
36,"Honestly, These kids always",euc_unemb,0.99,1,15,0.99107,0.64715,1.65523,1.63034,0.23283
36,"Honestly, These kids always",cau_unemb,0.3,1,7,0.38553,0.49613,0.23086,0.23635,0.15357
36,"Honestly, These kids always",cau_unemb,0.5,1,8,0.52422,0.49861,0.30104,0.30586,0.15818
36,"Honestly, These kids always",cau_unemb,0.7,1,10,0.77249,0.53715,0.48045,0.48227,0.18697
36,"Honestly, These kids always",cau_unemb,0.9,1,12,0.91263,0.59296,0.72094,0.71776,0.20795
36,"Honestly, These kids always",cau_unemb,0.99,1,17,0.99419,0.66226,1.53232,1.51177,0.22114
36,"Honestly, These kids always",dua_unemb,0.3,1,7,0.40238,0.55454,0.20383,0.20617,0.03516
36,"Honestly, These kids always",dua_unemb,0.5,1,8,0.52941,0.55475,0.28176,0.28301,0.16236
36,"Honestly, These kids always",dua_unemb,0.7,1,10,0.75277,0.57045,0.48329,0.48092,0.18806
36,"Honestly, These kids always",dua_unemb,0.9,1,13,0.93286,0.61033,0.88785,0.87685,0.21437
36,"Honestly, These kids always",dua_unemb,0.99,1,17,0.99189,0.64287,1.57012,1.54357,0.22265
36,"Honestly, These kids always",euc_dmd,0.3,1,6,0.36459,0.44718,0.33293,0.33751,0.20415
36,"Honestly, These kids always",euc_dmd,0.5,1,7,0.51896,0.44111,0.43178,0.43544,0.21078
36,"Honestly, These kids always",euc_dmd,0.7,1,9,0.79039,0.47897,0.63772,0.63776,0.23064
36,"Honestly, These kids always",euc_dmd,0.9,1,11,0.92837,0.55194,0.88024,0.87461,0.24116
36,"Honestly, These kids always",euc_dmd,0.99,1,15,0.99315,0.6657,1.53151,1.51092,0.23529
36,"Honestly, These kids always",cau_dmd,0.3,1,7,0.40324,0.42075,0.39892,0.40557,0.2048
36,"Honestly, These kids always",cau_dmd,0.5,1,8,0.5383,0.42074,0.46887,0.47495,0.21038
36,"Honestly, These kids always",cau_dmd,0.7,1,10,0.77237,0.46121,0.59494,0.59862,0.21783
36,"Honestly, These kids always",cau_dmd,0.9,1,12,0.90546,0.53363,0.7488,0.74856,0.22526
36,"Honestly, These kids always",cau_dmd,0.99,1,17,0.99121,0.68972,1.36622,1.3519,0.21152
36,"Honestly, These kids always",dua_dmd,0.3,1,6,0.35762,0.49824,0.23691,0.24086,0.15759
36,"Honestly, These kids always",dua_dmd,0.5,1,7,0.50315,0.48946,0.32181,0.32514,0.19789
36,"Honestly, These kids always",dua_dmd,0.7,1,9,0.76129,0.50114,0.50872,0.5095,0.22074
36,"Honestly, These kids always",dua_dmd,0.9,1,11,0.90563,0.53753,0.71284,0.70951,0.22188
36,"Honestly, These kids always",dua_dmd,0.99,1,16,0.99292,0.63544,1.35862,1.34033,0.22169
166,"Over time, Farmers never",euc_ctx,0.3,1,16,0.34387,0.31653,0.33324,0.3359,0.07227
166,"Over time, Farmers never",euc_ctx,0.5,1,19,0.51686,0.31286,0.43565,0.43727,0.08083
166,"Over time, Farmers never",euc_ctx,0.7,1,23,0.7337,0.3409,0.56792,0.56722,0.08681
166,"Over time, Farmers never",euc_ctx,0.9,1,29,0.91813,0.43447,0.79784,0.79181,0.085
166,"Over time, Farmers never",euc_ctx,0.99,1,39,0.99097,0.6004,1.3981,1.37935,0.07546
166,"Over time, Farmers never",cau_ctx,0.3,1,30,0.31617,0.34719,0.34083,0.34515,0.07472
166,"Over time, Farmers never",cau_ctx,0.5,1,37,0.52126,0.344,0.49508,0.49827,0.07458
166,"Over time, Farmers never",cau_ctx,0.7,1,44,0.71753,0.36898,0.669,0.67,0.08415
166,"Over time, Farmers never",cau_ctx,0.9,1,55,0.90352,0.4429,1.02099,1.01638,0.0823
166,"Over time, Farmers never",cau_ctx,0.99,1,76,0.99008,0.54544,2.05681,2.03593,0.09035
166,"Over time, Farmers never",dua_ctx,0.3,1,18,0.33262,0.37215,0.23847,0.24124,0.0618
166,"Over time, Farmers never",dua_ctx,0.5,1,22,0.51283,0.36847,0.34289,0.34459,0.07092
166,"Over time, Farmers never",dua_ctx,0.7,1,27,0.725,0.38737,0.49142,0.49076,0.08071
166,"Over time, Farmers never",dua_ctx,0.9,1,34,0.90688,0.44843,0.74707,0.74123,0.08224
166,"Over time, Farmers never",dua_ctx,0.99,1,47,0.99168,0.5906,1.44659,1.42649,0.07315
166,"Over time, Farmers never",euc_unemb,0.3,1,7,0.33128,0.32485,0.30732,0.30981,0.07346
166,"Over time, Farmers never",euc_unemb,0.5,1,9,0.60064,0.32277,0.49916,0.49951,0.1751
166,"Over time, Farmers never",euc_unemb,0.7,1,10,0.72461,0.33712,0.61667,0.61526,0.19118
166,"Over time, Farmers never",euc_unemb,0.9,1,13,0.93456,0.40881,1.09484,1.08547,0.2093
166,"Over time, Farmers never",euc_unemb,0.99,1,17,0.99287,0.47491,2.00532,1.98103,0.23294
166,"Over time, Farmers never",cau_unemb,0.3,1,8,0.36234,0.32005,0.30542,0.3091,0.07588
166,"Over time, Farmers never",cau_unemb,0.5,1,10,0.60638,0.32237,0.45728,0.45936,0.08148
166,"Over time, Farmers never",cau_unemb,0.7,1,11,0.71766,0.33592,0.54813,0.54885,0.15389
166,"Over time, Farmers never",cau_unemb,0.9,1,14,0.91999,0.40045,0.91902,0.9135,0.1882
166,"Over time, Farmers never",cau_unemb,0.99,1,19,0.99312,0.4697,1.86795,1.84691,0.21811
166,"Over time, Farmers never",dua_unemb,0.3,1,7,0.31387,0.37817,0.21143,0.21389,0.06862
166,"Over time, Farmers never",dua_unemb,0.5,1,9,0.56871,0.37406,0.38377,0.38439,0.07322
166,"Over time, Farmers never",dua_unemb,0.7,1,11,0.79004,0.39792,0.61783,0.61498,0.07496
166,"Over time, Farmers never",dua_unemb,0.9,1,13,0.91475,0.4378,0.90694,0.89923,0.15871
166,"Over time, Farmers never",dua_unemb,0.99,1,18,0.9935,0.52675,1.83672,1.8128,0.16508
166,"Over time, Farmers never",euc_dmd,0.3,1,8,0.39202,0.25981,0.52504,0.52682,0.17954
166,"Over time, Farmers never",euc_dmd,0.5,1,9,0.52134,0.2526,0.63809,0.6388,0.2141
166,"Over time, Farmers never",euc_dmd,0.7,1,11,0.75824,0.26806,0.88332,0.88095,0.23963
166,"Over time, Farmers never",euc_dmd,0.9,1,13,0.9012,0.31389,1.17125,1.16458,0.23763
166,"Over time, Farmers never",euc_dmd,0.99,1,18,0.99264,0.45373,2.13816,2.11651,0.24285
166,"Over time, Farmers never",cau_dmd,0.3,1,9,0.32209,0.2781,0.47589,0.47935,0.08406
166,"Over time, Farmers never",cau_dmd,0.5,1,11,0.525,0.26677,0.63783,0.63996,0.18558
166,"Over time, Farmers never",cau_dmd,0.7,1,13,0.72099,0.28305,0.82181,0.82175,0.24236
166,"Over time, Farmers never",cau_dmd,0.9,1,16,0.90305,0.34693,1.1753,1.17036,0.23189
166,"Over time, Farmers never",cau_dmd,0.99,1,22,0.99196,0.49622,2.19142,2.17194,0.24392
166,"Over time, Farmers never",dua_dmd,0.3,1,8,0.36227,0.32395,0.37104,0.37339,0.07887
166,"Over time, Farmers never",dua_dmd,0.5,1,10,0.58537,0.31407,0.57181,0.57219,0.08288
166,"Over time, Farmers never",dua_dmd,0.7,1,12,0.77281,0.32615,0.80922,0.80654,0.20916
166,"Over time, Farmers never",dua_dmd,0.9,1,15,0.92689,0.37019,1.22936,1.22045,0.22074
166,"Over time, Farmers never",dua_dmd,0.99,1,20,0.99186,0.46006,2.07185,2.0495,0.22899
227,"Today, The workers generally",euc_ctx,0.3,1,17,0.3383,0.34284,0.36568,0.37141,0.04556
227,"Today, The workers generally",euc_ctx,0.5,1,20,0.50322,0.33486,0.47881,0.48393,0.04987
227,"Today, The workers generally",euc_ctx,0.7,1,24,0.71595,0.35437,0.6261,0.62951,0.05146
227,"Today, The workers generally",euc_ctx,0.9,1,30,0.90813,0.43269,0.86678,0.86581,0.04626
227,"Today, The workers generally",euc_ctx,0.99,1,41,0.99175,0.59412,1.51422,1.50117,0.04618
227,"Today, The workers generally",cau_ctx,0.3,1,30,0.30535,0.36343,0.46345,0.47113,0.05681
227,"Today, The workers generally",cau_ctx,0.5,1,37,0.51259,0.34616,0.67397,0.68089,0.05306
227,"Today, The workers generally",cau_ctx,0.7,1,44,0.71601,0.35673,0.91304,0.91801,0.15325
227,"Today, The workers generally",cau_ctx,0.9,1,55,0.90918,0.40779,1.37533,1.37497,0.17855
227,"Today, The workers generally",cau_ctx,0.99,1,74,0.99101,0.46881,2.49292,2.47828,0.15787
227,"Today, The workers generally",dua_ctx,0.3,1,19,0.30433,0.39749,0.28209,0.2874,0.03784
227,"Today, The workers generally",dua_ctx,0.5,1,24,0.50905,0.38904,0.42862,0.43309,0.04712
227,"Today, The workers generally",dua_ctx,0.7,1,29,0.70996,0.40363,0.59547,0.59806,0.04931
227,"Today, The workers generally",dua_ctx,0.9,1,37,0.9124,0.46628,0.92649,0.92395,0.05008
227,"Today, The workers generally",dua_ctx,0.99,1,49,0.99146,0.58567,1.62707,1.6127,0.0519
227,"Today, The workers generally",euc_unemb,0.3,1,8,0.39417,0.34852,0.29757,0.30095,0.14051
227,"Today, The workers generally",euc_unemb,0.5,1,9,0.52358,0.34909,0.37786,0.38039,0.14171
227,"Today, The workers generally",euc_unemb,0.7,1,11,0.75937,0.37647,0.58348,0.58298,0.06077
227,"Today, The workers generally",euc_unemb,0.9,1,13,0.90133,0.42168,0.86646,0.86121,0.07506
227,"Today, The workers generally",euc_unemb,0.99,1,18,0.99261,0.4947,1.86875,1.84658,0.19568
227,"Today, The workers generally",cau_unemb,0.3,1,8,0.32226,0.33843,0.26227,0.26699,0.14529
227,"Today, The workers generally",cau_unemb,0.5,1,10,0.55056,0.33786,0.37955,0.38328,0.15232
227,"Today, The workers generally",cau_unemb,0.7,1,12,0.75917,0.36946,0.52059,0.52203,0.05651
227,"Today, The workers generally",cau_unemb,0.9,1,15,0.9285,0.4449,0.82747,0.82309,0.06368
227,"Today, The workers generally",cau_unemb,0.99,1,20,0.99274,0.52746,1.6103,1.59187,0.1503
227,"Today, The workers generally",dua_unemb,0.3,1,8,0.35098,0.39395,0.2215,0.22479,0.04079
227,"Today, The workers generally",dua_unemb,0.5,1,10,0.57992,0.39574,0.37093,0.37241,0.04332
227,"Today, The workers generally",dua_unemb,0.7,1,12,0.77566,0.41879,0.5706,0.56885,0.05319
227,"Today, The workers generally",dua_unemb,0.9,1,15,0.93285,0.47049,0.96185,0.95296,0.06834
227,"Today, The workers generally",dua_unemb,0.99,1,20,0.99381,0.5304,1.84641,1.82135,0.17545
227,"Today, The workers generally",euc_dmd,0.3,1,7,0.31438,0.31401,0.35747,0.36261,0.12977
227,"Today, The workers generally",euc_dmd,0.5,1,9,0.56843,0.30335,0.52974,0.53356,0.03523
227,"Today, The workers generally",euc_dmd,0.7,1,11,0.78945,0.33158,0.72484,0.72585,0.05306
227,"Today, The workers generally",euc_dmd,0.9,1,13,0.91366,0.38246,0.97549,0.97232,0.08163
227,"Today, The workers generally",euc_dmd,0.99,1,18,0.99276,0.49525,1.861,1.84327,0.09406
227,"Today, The workers generally",cau_dmd,0.3,1,8,0.32274,0.3065,0.42749,0.43381,0.13578
227,"Today, The workers generally",cau_dmd,0.5,1,10,0.5354,0.29884,0.56429,0.56972,0.14291
227,"Today, The workers generally",cau_dmd,0.7,1,12,0.732,0.31909,0.7135,0.71696,0.06748
227,"Today, The workers generally",cau_dmd,0.9,1,15,0.90632,0.37971,1.02347,1.02209,0.07314
227,"Today, The workers generally",cau_dmd,0.99,1,21,0.99125,0.47994,1.96471,1.94884,0.15129
227,"Today, The workers generally",dua_dmd,0.3,1,7,0.32259,0.35699,0.27373,0.27831,0.02225
227,"Today, The workers generally",dua_dmd,0.5,1,9,0.56732,0.3475,0.44074,0.44417,0.02768
227,"Today, The workers generally",dua_dmd,0.7,1,11,0.77078,0.36643,0.6378,0.63883,0.04127
227,"Today, The workers generally",dua_dmd,0.9,1,14,0.9264,0.4205,1.00231,0.99789,0.06865
227,"Today, The workers generally",dua_dmd,0.99,1,19,0.99096,0.5083,1.78748,1.77052,0.08849
190,"Lately, Parents never",euc_ctx,0.3,1,14,0.30394,0.37801,0.266,0.26957,0.13852
190,"Lately, Parents never",euc_ctx,0.5,1,18,0.52199,0.36842,0.39828,0.40079,0.17457
190,"Lately, Parents never",euc_ctx,0.7,1,22,0.72984,0.39537,0.52855,0.52889,0.17189
190,"Lately, Parents never",euc_ctx,0.9,1,28,0.91112,0.48093,0.75444,0.74959,0.15648
190,"Lately, Parents never",euc_ctx,0.99,1,39,0.99076,0.62806,1.40125,1.38255,0.16171
190,"Lately, Parents never",cau_ctx,0.3,1,28,0.31685,0.3684,0.39157,0.39553,0.17055
190,"Lately, Parents never",cau_ctx,0.5,1,35,0.51053,0.35506,0.56484,0.56756,0.16247
190,"Lately, Parents never",cau_ctx,0.7,1,43,0.72147,0.37449,0.76996,0.77008,0.17487
190,"Lately, Parents never",cau_ctx,0.9,1,55,0.90707,0.44899,1.13572,1.12974,0.18454
190,"Lately, Parents never",cau_ctx,0.99,1,77,0.99007,0.57013,2.15377,2.13119,0.17058
190,"Lately, Parents never",dua_ctx,0.3,1,17,0.33499,0.4262,0.22924,0.23258,0.05509
190,"Lately, Parents never",dua_ctx,0.5,1,21,0.50615,0.42067,0.33777,0.34006,0.05876
190,"Lately, Parents never",dua_ctx,0.7,1,26,0.71079,0.43619,0.49409,0.49397,0.1368
190,"Lately, Parents never",dua_ctx,0.9,1,34,0.91122,0.50105,0.79791,0.79154,0.13368
190,"Lately, Parents never",dua_ctx,0.99,1,47,0.99122,0.62417,1.49904,1.4777,0.13474
190,"Lately, Parents never",euc_unemb,0.3,1,6,0.30678,0.42008,0.16821,0.17092,0.04031
190,"Lately, Parents never",euc_unemb,0.5,1,8,0.57384,0.42903,0.29729,0.29832,0.11981
190,"Lately, Parents never",euc_unemb,0.7,1,9,0.70197,0.45156,0.38442,0.38386,0.13865
190,"Lately, Parents never",euc_unemb,0.9,1,12,0.92713,0.55143,0.77667,0.76838,0.15319
190,"Lately, Parents never",euc_unemb,0.99,1,16,0.9919,0.64131,1.56254,1.53939,0.17322
190,"Lately, Parents never",cau_unemb,0.3,1,7,0.36406,0.3845,0.19964,0.2038,0.06741
190,"Lately, Parents never",cau_unemb,0.5,1,9,0.61382,0.39527,0.30594,0.30884,0.06343
190,"Lately, Parents never",cau_unemb,0.7,1,10,0.72611,0.41582,0.37144,0.37311,0.103
190,"Lately, Parents never",cau_unemb,0.9,1,13,0.92494,0.50466,0.6594,0.65512,0.13886
190,"Lately, Parents never",cau_unemb,0.99,1,18,0.99374,0.5993,1.45054,1.43116,0.15589
190,"Lately, Parents never",dua_unemb,0.3,1,7,0.40781,0.45884,0.17433,0.17647,0.04261
190,"Lately, Parents never",dua_unemb,0.5,1,8,0.5354,0.46562,0.23698,0.23819,0.04103
190,"Lately, Parents never",dua_unemb,0.7,1,10,0.75999,0.5005,0.40452,0.4026,0.05398
190,"Lately, Parents never",dua_unemb,0.9,1,13,0.93514,0.57643,0.76524,0.75591,0.13755
190,"Lately, Parents never",dua_unemb,0.99,1,17,0.99148,0.65456,1.4302,1.40752,0.16635
190,"Lately, Parents never",euc_dmd,0.3,1,6,0.32596,0.34776,0.27378,0.2772,0.15797
190,"Lately, Parents never",euc_dmd,0.5,1,8,0.59913,0.34514,0.42414,0.42604,0.156
190,"Lately, Parents never",euc_dmd,0.7,1,9,0.72416,0.36499,0.50147,0.50201,0.17426
190,"Lately, Parents never",euc_dmd,0.9,1,12,0.93388,0.47943,0.79598,0.7902,0.17451
190,"Lately, Parents never",euc_dmd,0.99,1,16,0.99234,0.63502,1.41747,1.3993,0.16554
190,"Lately, Parents never",cau_dmd,0.3,1,7,0.34518,0.32055,0.32259,0.3274,0.17479
190,"Lately, Parents never",cau_dmd,0.5,1,9,0.5795,0.31806,0.43345,0.43739,0.18415
190,"Lately, Parents never",cau_dmd,0.7,1,11,0.7803,0.35705,0.53338,0.5354,0.17708
190,"Lately, Parents never",cau_dmd,0.9,1,13,0.90018,0.42583,0.65888,0.65795,0.17168
190,"Lately, Parents never",cau_dmd,0.99,1,19,0.99268,0.64586,1.34682,1.33218,0.17267
190,"Lately, Parents never",dua_dmd,0.3,1,6,0.32422,0.40037,0.19606,0.19945,0.04233
190,"Lately, Parents never",dua_dmd,0.5,1,8,0.58603,0.39445,0.32859,0.33079,0.12508
190,"Lately, Parents never",dua_dmd,0.7,1,9,0.70492,0.40541,0.40192,0.40299,0.12586
190,"Lately, Parents never",dua_dmd,0.9,1,12,0.9156,0.4731,0.65938,0.65532,0.1558
190,"Lately, Parents never",dua_dmd,0.99,1,17,0.99199,0.60826,1.26296,1.24631,0.17065
294,"In this case, The engineers generally",euc_ctx,0.3,1,16,0.32226,0.3292,0.32903,0.33356,0.10539
294,"In this case, The engineers generally",euc_ctx,0.5,1,20,0.53693,0.32165,0.4721,0.47575,0.10675
294,"In this case, The engineers generally",euc_ctx,0.7,1,24,0.73837,0.34749,0.61088,0.61274,0.12076
294,"In this case, The engineers generally",euc_ctx,0.9,1,30,0.91427,0.43351,0.83961,0.8372,0.05934
294,"In this case, The engineers generally",euc_ctx,0.99,1,41,0.99169,0.61162,1.46227,1.44827,0.05447
294,"In this case, The engineers generally",cau_ctx,0.3,1,29,0.30065,0.35346,0.38151,0.38771,0.10703
294,"In this case, The engineers generally",cau_ctx,0.5,1,37,0.52729,0.33913,0.5991,0.60441,0.06915
294,"In this case, The engineers generally",cau_ctx,0.7,1,44,0.71917,0.35113,0.82359,0.82695,0.12955
294,"In this case, The engineers generally",cau_ctx,0.9,1,55,0.90372,0.39154,1.27008,1.26817,0.13173
294,"In this case, The engineers generally",cau_ctx,0.99,1,76,0.99092,0.40239,2.5084,2.49063,0.13331
294,"In this case, The engineers generally",dua_ctx,0.3,1,19,0.33348,0.38326,0.27381,0.27843,0.04722
294,"In this case, The engineers generally",dua_ctx,0.5,1,24,0.53968,0.37996,0.41765,0.42135,0.05035
294,"In this case, The engineers generally",dua_ctx,0.7,1,29,0.73298,0.39883,0.58364,0.58544,0.05599
294,"In this case, The engineers generally",dua_ctx,0.9,1,36,0.90494,0.45576,0.86328,0.86079,0.05438
294,"In this case, The engineers generally",dua_ctx,0.99,1,49,0.99153,0.59241,1.57908,1.56453,0.05391
294,"In this case, The engineers generally",euc_unemb,0.3,1,7,0.3394,0.34121,0.23325,0.23631,0.03022
294,"In this case, The engineers generally",euc_unemb,0.5,1,9,0.59718,0.34752,0.37592,0.37738,0.05263
294,"In this case, The engineers generally",euc_unemb,0.7,1,10,0.71622,0.3657,0.46472,0.46474,0.05405
294,"In this case, The engineers generally",euc_unemb,0.9,1,13,0.92618,0.44877,0.84181,0.83507,0.07588
294,"In this case, The engineers generally",euc_unemb,0.99,1,17,0.99082,0.52583,1.60265,1.58278,0.13991
294,"In this case, The engineers generally",cau_unemb,0.3,1,8,0.38214,0.32893,0.26092,0.26496,0.06105
294,"In this case, The engineers generally",cau_unemb,0.5,1,10,0.61684,0.34075,0.37377,0.37657,0.06279
294,"In this case, The engineers generally",cau_unemb,0.7,1,11,0.72189,0.35977,0.43788,0.43958,0.05258
294,"In this case, The engineers generally",cau_unemb,0.9,1,14,0.91558,0.44618,0.70056,0.69713,0.06563
294,"In this case, The engineers generally",cau_unemb,0.99,1,19,0.99146,0.5612,1.42752,1.41093,0.06752
294,"In this case, The engineers generally",dua_unemb,0.3,1,7,0.3106,0.38673,0.16618,0.16934,0.02799
294,"In this case, The engineers generally",dua_unemb,0.5,1,9,0.54565,0.38849,0.29186,0.2937,0.02979
294,"In this case, The engineers generally",dua_unemb,0.7,1,11,0.75879,0.41442,0.46951,0.46856,0.03833
294,"In this case, The engineers generally",dua_unemb,0.9,1,14,0.93046,0.47358,0.83864,0.83104,0.06177
294,"In this case, The engineers generally",dua_unemb,0.99,1,19,0.99389,0.54625,1.69896,1.67586,0.0873
294,"In this case, The engineers generally",euc_dmd,0.3,1,7,0.36388,0.27974,0.36681,0.37074,0.14293
294,"In this case, The engineers generally",euc_dmd,0.5,1,9,0.62366,0.27721,0.53046,0.53287,0.14849
294,"In this case, The engineers generally",euc_dmd,0.7,1,10,0.73776,0.29169,0.61343,0.6146,0.14788
294,"In this case, The engineers generally",euc_dmd,0.9,1,13,0.9315,0.3751,0.91615,0.91175,0.1303
294,"In this case, The engineers generally",euc_dmd,0.99,1,17,0.99079,0.49139,1.52308,1.50789,0.13269
294,"In this case, The engineers generally",cau_dmd,0.3,1,8,0.3688,0.26854,0.4153,0.42047,0.14931
294,"In this case, The engineers generally",cau_dmd,0.5,1,10,0.58882,0.26605,0.54525,0.54945,0.14986
294,"In this case, The engineers generally",cau_dmd,0.7,1,12,0.77496,0.29319,0.67406,0.67638,0.14823
294,"In this case, The engineers generally",cau_dmd,0.9,1,15,0.92546,0.3679,0.92223,0.92009,0.13342
294,"In this case, The engineers generally",cau_dmd,0.99,1,21,0.99317,0.50545,1.72868,1.7131,0.14493
294,"In this case, The engineers generally",dua_dmd,0.3,1,7,0.36326,0.32905,0.27529,0.27928,0.06064
294,"In this case, The engineers generally",dua_dmd,0.5,1,9,0.61255,0.32516,0.43108,0.43383,0.06616
294,"In this case, The engineers generally",dua_dmd,0.7,1,10,0.72103,0.33424,0.51732,0.51899,0.06944
294,"In this case, The engineers generally",dua_dmd,0.9,1,13,0.9144,0.38686,0.81876,0.81563,0.11198
294,"In this case, The engineers generally",dua_dmd,0.99,1,18,0.99053,0.48755,1.48446,1.46982,0.10998
32,"Honestly, Students often",euc_ctx,0.3,1,17,0.30138,0.52306,0.23089,0.23796,0.04509
32,"Honestly, Students often",euc_ctx,0.5,1,21,0.53459,0.53423,0.406,0.41185,0.06703
32,"Honestly, Students often",euc_ctx,0.7,1,24,0.70497,0.55656,0.58177,0.58545,0.08687
32,"Honestly, Students often",euc_ctx,0.9,1,30,0.91136,0.6154,1.04251,1.0391,0.0935
32,"Honestly, Students often",euc_ctx,0.99,1,40,0.99136,0.68224,2.01703,1.99771,0.09241
32,"Honestly, Students often",cau_ctx,0.3,1,35,0.31763,0.6087,0.45416,0.46209,0.07724
32,"Honestly, Students often",cau_ctx,0.5,1,42,0.5194,0.60193,0.72088,0.72716,0.09767
32,"Honestly, Students often",cau_ctx,0.7,1,49,0.7146,0.5978,1.06932,1.0722,0.10809
32,"Honestly, Students often",cau_ctx,0.9,1,60,0.90349,0.59075,1.75612,1.75084,0.10547
32,"Honestly, Students often",cau_ctx,0.99,1,80,0.99048,0.53968,3.28616,3.26131,0.15014
32,"Honestly, Students often",dua_ctx,0.3,1,20,0.31669,0.53495,0.23782,0.24447,0.04986
32,"Honestly, Students often",dua_ctx,0.5,1,25,0.51199,0.54178,0.408,0.41331,0.06164
32,"Honestly, Students often",dua_ctx,0.7,1,30,0.70053,0.5572,0.63828,0.64079,0.08034
32,"Honestly, Students often",dua_ctx,0.9,1,38,0.90589,0.59673,1.15383,1.14875,0.08823
32,"Honestly, Students often",dua_ctx,0.99,1,49,0.99018,0.65192,2.14748,2.12658,0.06861
32,"Honestly, Students often",euc_unemb,0.3,1,7,0.31048,0.466,0.16707,0.17256,0.0506
32,"Honestly, Students often",euc_unemb,0.5,1,9,0.60258,0.49146,0.33708,0.3407,0.06448
32,"Honestly, Students often",euc_unemb,0.7,1,10,0.73564,0.51603,0.46926,0.47084,0.07662
32,"Honestly, Students often",euc_unemb,0.9,1,12,0.90357,0.56555,0.83684,0.83233,0.14127
32,"Honestly, Students often",euc_unemb,0.99,1,16,0.99064,0.60756,1.81925,1.79816,0.15069
32,"Honestly, Students often",cau_unemb,0.3,1,8,0.36112,0.43804,0.21073,0.21809,0.05716
32,"Honestly, Students often",cau_unemb,0.5,1,10,0.63173,0.46448,0.36407,0.37,0.07279
32,"Honestly, Students often",cau_unemb,0.7,1,11,0.74903,0.48914,0.47277,0.47711,0.12585
32,"Honestly, Students often",cau_unemb,0.9,1,13,0.90008,0.54191,0.76539,0.76497,0.14198
32,"Honestly, Students often",cau_unemb,0.99,1,18,0.99288,0.60321,1.79662,1.77912,0.14765
32,"Honestly, Students often",dua_unemb,0.3,1,8,0.42184,0.49164,0.20007,0.20444,0.03345
32,"Honestly, Students often",dua_unemb,0.5,1,9,0.56001,0.50289,0.28316,0.2865,0.06867
32,"Honestly, Students often",dua_unemb,0.7,1,11,0.79174,0.53998,0.52093,0.52059,0.08775
32,"Honestly, Students often",dua_unemb,0.9,1,13,0.91992,0.57956,0.85962,0.85361,0.0982
32,"Honestly, Students often",dua_unemb,0.99,1,17,0.99137,0.62154,1.76248,1.74108,0.14943
32,"Honestly, Students often",euc_dmd,0.3,1,7,0.32682,0.43792,0.24935,0.2577,0.07617
32,"Honestly, Students often",euc_dmd,0.5,1,9,0.62189,0.46229,0.44369,0.45077,0.08615
32,"Honestly, Students often",euc_dmd,0.7,1,10,0.75114,0.48955,0.57618,0.5816,0.13113
32,"Honestly, Students often",euc_dmd,0.9,1,12,0.90985,0.55037,0.92779,0.92799,0.1674
32,"Honestly, Students often",euc_dmd,0.99,1,16,0.99091,0.61994,1.8859,1.8714,0.181
32,"Honestly, Students often",cau_dmd,0.3,1,8,0.33364,0.4104,0.34734,0.35791,0.08743
32,"Honestly, Students often",cau_dmd,0.5,1,10,0.58816,0.42707,0.51803,0.52811,0.08521
32,"Honestly, Students often",cau_dmd,0.7,1,11,0.70563,0.44927,0.62208,0.63118,0.08729
32,"Honestly, Students often",cau_dmd,0.9,1,14,0.91703,0.53687,1.05613,1.05966,0.16925
32,"Honestly, Students often",cau_dmd,0.99,1,19,0.99234,0.62829,2.11212,2.1011,0.18391
32,"Honestly, Students often",dua_dmd,0.3,1,7,0.32218,0.46427,0.20671,0.21439,0.06722
32,"Honestly, Students often",dua_dmd,0.5,1,9,0.60159,0.47626,0.39527,0.40218,0.07862
32,"Honestly, Students often",dua_dmd,0.7,1,10,0.72456,0.49325,0.51538,0.52116,0.08202
32,"Honestly, Students often",dua_dmd,0.9,1,13,0.93028,0.56062,0.98001,0.97977,0.14003
32,"Honestly, Students often",dua_dmd,0.99,1,17,0.99155,0.62513,1.82987,1.81702,0.17289
140,"Over time, The engineers just",euc_ctx,0.3,1,21,0.31518,0.07704,0.4367,0.4342,0.15709
140,"Over time, The engineers just",euc_ctx,0.5,1,25,0.51792,0.07256,0.52359,0.51976,0.15864
140,"Over time, The engineers just",euc_ctx,0.7,1,29,0.71379,0.07997,0.57836,0.57303,0.15582
140,"Over time, The engineers just",euc_ctx,0.9,1,36,0.91462,0.12351,0.62349,0.61502,0.14574
140,"Over time, The engineers just",euc_ctx,0.99,1,47,0.99012,0.28033,0.7571,0.74189,0.12216
140,"Over time, The engineers just",cau_ctx,0.3,1,41,0.30286,0.10854,0.55936,0.55998,0.14324
140,"Over time, The engineers just",cau_ctx,0.5,1,50,0.5237,0.10505,0.74311,0.74213,0.1504
140,"Over time, The engineers just",cau_ctx,0.7,1,58,0.71262,0.11363,0.9239,0.92072,0.12713
140,"Over time, The engineers just",cau_ctx,0.9,1,71,0.90111,0.13661,1.35831,1.34929,0.12091
140,"Over time, The engineers just",cau_ctx,0.99,1,96,0.9907,0.12372,2.95613,2.9272,0.10183
140,"Over time, The engineers just",dua_ctx,0.3,1,23,0.31456,0.11254,0.29902,0.2978,0.14943
140,"Over time, The engineers just",dua_ctx,0.5,1,27,0.50007,0.10737,0.36788,0.36556,0.15112
140,"Over time, The engineers just",dua_ctx,0.7,1,32,0.72398,0.11716,0.43318,0.42906,0.14586
140,"Over time, The engineers just",dua_ctx,0.9,1,39,0.90775,0.1584,0.5047,0.49733,0.14332
140,"Over time, The engineers just",dua_ctx,0.99,1,52,0.99032,0.29329,0.72122,0.7057,0.12421
140,"Over time, The engineers just",euc_unemb,0.3,1,9,0.34314,0.10112,0.33796,0.33457,0.15489
140,"Over time, The engineers just",euc_unemb,0.5,1,11,0.59462,0.10571,0.41578,0.4105,0.15586
140,"Over time, The engineers just",euc_unemb,0.7,1,12,0.71075,0.11721,0.45118,0.44479,0.15573
140,"Over time, The engineers just",euc_unemb,0.9,1,15,0.92019,0.19378,0.58156,0.57088,0.13266
140,"Over time, The engineers just",euc_unemb,0.99,1,20,0.99338,0.42283,1.10046,1.07825,0.07829
140,"Over time, The engineers just",cau_unemb,0.3,1,10,0.35425,0.10245,0.31954,0.31877,0.15122
140,"Over time, The engineers just",cau_unemb,0.5,1,12,0.58036,0.10771,0.37328,0.3714,0.15501
140,"Over time, The engineers just",cau_unemb,0.7,1,14,0.77622,0.13395,0.41626,0.41288,0.15553
140,"Over time, The engineers just",cau_unemb,0.9,1,17,0.93167,0.21807,0.51038,0.50375,0.06828
140,"Over time, The engineers just",cau_unemb,0.99,1,22,0.99234,0.43525,0.95044,0.9346,0.07454
140,"Over time, The engineers just",dua_unemb,0.3,1,9,0.3163,0.15092,0.19458,0.19305,0.15059
140,"Over time, The engineers just",dua_unemb,0.5,1,11,0.55205,0.15607,0.25833,0.25527,0.1459
140,"Over time, The engineers just",dua_unemb,0.7,1,13,0.76159,0.18389,0.33418,0.3289,0.11831
140,"Over time, The engineers just",dua_unemb,0.9,1,16,0.92697,0.25925,0.4958,0.48591,0.06332
140,"Over time, The engineers just",dua_unemb,0.99,1,21,0.99163,0.41763,0.94325,0.92255,0.07228
140,"Over time, The engineers just",euc_dmd,0.3,1,9,0.37114,0.0638,0.56124,0.55679,0.16336
140,"Over time, The engineers just",euc_dmd,0.5,1,11,0.62199,0.06262,0.68266,0.67602,0.16118
140,"Over time, The engineers just",euc_dmd,0.7,1,12,0.73205,0.0676,0.7313,0.72344,0.15953
140,"Over time, The engineers just",euc_dmd,0.9,1,15,0.92434,0.1054,0.85746,0.84548,0.14744
140,"Over time, The engineers just",euc_dmd,0.99,1,20,0.99278,0.25016,1.16853,1.14752,0.08264
140,"Over time, The engineers just",cau_dmd,0.3,1,10,0.33647,0.06878,0.55798,0.55646,0.1653
140,"Over time, The engineers just",cau_dmd,0.5,1,12,0.54526,0.06657,0.65443,0.65161,0.16464
140,"Over time, The engineers just",cau_dmd,0.7,1,14,0.7355,0.07606,0.72185,0.71753,0.1624
140,"Over time, The engineers just",cau_dmd,0.9,1,17,0.90479,0.11367,0.80601,0.79897,0.15325
140,"Over time, The engineers just",cau_dmd,0.99,1,23,0.99022,0.28198,1.11876,1.10388,0.07804
140,"Over time, The engineers just",dua_dmd,0.3,1,9,0.37486,0.10269,0.36252,0.36045,0.15613
140,"Over time, The engineers just",dua_dmd,0.5,1,11,0.62178,0.10266,0.46321,0.45934,0.15669
140,"Over time, The engineers just",dua_dmd,0.7,1,12,0.72853,0.10941,0.50919,0.50424,0.15604
140,"Over time, The engineers just",dua_dmd,0.9,1,15,0.91648,0.15154,0.64894,0.64001,0.14659
140,"Over time, The engineers just",dua_dmd,0.99,1,21,0.99308,0.2915,1.05027,1.03064,0.07519
98,"At work, Farmers always",euc_ctx,0.3,1,17,0.34125,0.56918,0.26621,0.27123,0.02979
98,"At work, Farmers always",euc_ctx,0.5,1,20,0.50933,0.55387,0.34253,0.34642,0.03666
98,"At work, Farmers always",euc_ctx,0.7,1,24,0.72367,0.56816,0.42289,0.42406,0.17853
98,"At work, Farmers always",euc_ctx,0.9,1,30,0.91273,0.63898,0.52281,0.51768,0.17078
98,"At work, Farmers always",euc_ctx,0.99,1,40,0.99045,0.75649,0.7801,0.76101,0.17019
98,"At work, Farmers always",cau_ctx,0.3,1,32,0.32124,0.57737,0.32414,0.32997,0.17062
98,"At work, Farmers always",cau_ctx,0.5,1,39,0.52578,0.54592,0.46082,0.465,0.17276
98,"At work, Farmers always",cau_ctx,0.7,1,46,0.72281,0.53663,0.60932,0.61034,0.20089
98,"At work, Farmers always",cau_ctx,0.9,1,57,0.90984,0.54139,0.90515,0.89855,0.15946
98,"At work, Farmers always",cau_ctx,0.99,1,76,0.99081,0.51088,1.66432,1.63967,0.20645
98,"At work, Farmers always",dua_ctx,0.3,1,20,0.32945,0.62454,0.20451,0.20918,0.0213
98,"At work, Farmers always",dua_ctx,0.5,1,25,0.52847,0.6096,0.29101,0.29412,0.02317
98,"At work, Farmers always",dua_ctx,0.7,1,30,0.72171,0.61554,0.37872,0.37894,0.02379
98,"At work, Farmers always",dua_ctx,0.9,1,37,0.90336,0.65462,0.51819,0.51206,0.02275
98,"At work, Farmers always",dua_ctx,0.99,1,49,0.99135,0.74466,0.86117,0.83928,0.02848
98,"At work, Farmers always",euc_unemb,0.3,1,7,0.30004,0.63709,0.16578,0.16974,0.01908
98,"At work, Farmers always",euc_unemb,0.5,1,9,0.55853,0.63189,0.28932,0.29116,0.1702
98,"At work, Farmers always",euc_unemb,0.7,1,11,0.7893,0.66076,0.47216,0.46958,0.17137
98,"At work, Farmers always",euc_unemb,0.9,1,13,0.91751,0.69849,0.71081,0.70187,0.23195
98,"At work, Farmers always",euc_unemb,0.99,1,18,0.99417,0.73814,1.43036,1.4014,0.21814
98,"At work, Farmers always",cau_unemb,0.3,1,8,0.34172,0.62059,0.17326,0.17932,0.02604
98,"At work, Farmers always",cau_unemb,0.5,1,10,0.58194,0.62329,0.26343,0.26794,0.02866
98,"At work, Farmers always",cau_unemb,0.7,1,12,0.78849,0.65604,0.38715,0.38824,0.03305
98,"At work, Farmers always",cau_unemb,0.9,1,14,0.90882,0.69666,0.55282,0.54892,0.0398
98,"At work, Farmers always",cau_unemb,0.99,1,19,0.99139,0.7474,1.09663,1.07653,0.16535
98,"At work, Farmers always",dua_unemb,0.3,1,8,0.3763,0.66705,0.16323,0.16643,0.02336
98,"At work, Farmers always",dua_unemb,0.5,1,10,0.6046,0.67004,0.28217,0.28279,0.16764
98,"At work, Farmers always",dua_unemb,0.7,1,11,0.70702,0.67787,0.35891,0.35757,0.16847
98,"At work, Farmers always",dua_unemb,0.9,1,14,0.90712,0.71192,0.64633,0.63674,0.16971
98,"At work, Farmers always",dua_unemb,0.99,1,19,0.99178,0.74756,1.24251,1.21422,0.22539
98,"At work, Farmers always",euc_dmd,0.3,1,7,0.33476,0.54547,0.30529,0.31042,0.20177
98,"At work, Farmers always",euc_dmd,0.5,1,9,0.60126,0.53089,0.43862,0.4416,0.20818
98,"At work, Farmers always",euc_dmd,0.7,1,10,0.72223,0.54427,0.50399,0.50516,0.1799
98,"At work, Farmers always",euc_dmd,0.9,1,13,0.92921,0.62924,0.73931,0.73269,0.17718
98,"At work, Farmers always",euc_dmd,0.99,1,17,0.99097,0.73208,1.17997,1.15964,0.21432
98,"At work, Farmers always",cau_dmd,0.3,1,8,0.34163,0.52796,0.34721,0.35445,0.20674
98,"At work, Farmers always",cau_dmd,0.5,1,10,0.56882,0.51761,0.42909,0.43502,0.15778
98,"At work, Farmers always",cau_dmd,0.7,1,12,0.76687,0.5484,0.50558,0.50882,0.03983
98,"At work, Farmers always",cau_dmd,0.9,1,15,0.92611,0.63392,0.67346,0.67057,0.06424
98,"At work, Farmers always",cau_dmd,0.99,1,20,0.99086,0.75453,1.12088,1.10443,0.0871
98,"At work, Farmers always",dua_dmd,0.3,1,7,0.33596,0.60144,0.21794,0.22266,0.16373
98,"At work, Farmers always",dua_dmd,0.5,1,9,0.58398,0.58621,0.33933,0.34241,0.17011
98,"At work, Farmers always",dua_dmd,0.7,1,11,0.78563,0.60059,0.47104,0.47091,0.17448
98,"At work, Farmers always",dua_dmd,0.9,1,13,0.90332,0.63216,0.61869,0.61411,0.03576
98,"At work, Farmers always",dua_dmd,0.99,1,18,0.99012,0.72063,1.07645,1.05708,0.03679
39,"At work, Students now",euc_ctx,0.3,1,16,0.31009,0.55028,0.18522,0.1912,0.03721
39,"At work, Students now",euc_ctx,0.5,1,20,0.5245,0.5429,0.26237,0.26755,0.04471
39,"At work, Students now",euc_ctx,0.7,1,24,0.73,0.5712,0.33578,0.33885,0.04246
39,"At work, Students now",euc_ctx,0.9,1,30,0.91185,0.65228,0.46578,0.4635,0.04378
39,"At work, Students now",euc_ctx,0.99,1,41,0.9917,0.77604,0.8406,0.82453,0.04287
39,"At work, Students now",cau_ctx,0.3,1,32,0.32428,0.52918,0.34312,0.35068,0.03324
39,"At work, Students now",cau_ctx,0.5,1,39,0.51671,0.47169,0.54463,0.55069,0.04071
39,"At work, Students now",cau_ctx,0.7,1,46,0.70436,0.42074,0.79771,0.80064,0.04516
39,"At work, Students now",cau_ctx,0.9,1,58,0.90409,0.34399,1.34006,1.33451,0.26353
39,"At work, Students now",cau_ctx,0.99,1,79,0.99065,0.22511,2.54252,2.51701,0.33935
39,"At work, Students now",dua_ctx,0.3,1,20,0.31122,0.61252,0.16245,0.16758,0.03269
39,"At work, Students now",dua_ctx,0.5,1,26,0.51945,0.60863,0.25416,0.2581,0.02649
39,"At work, Students now",dua_ctx,0.7,1,32,0.72207,0.62685,0.36135,0.36259,0.03417
39,"At work, Students now",dua_ctx,0.9,1,40,0.90565,0.67782,0.54648,0.54167,0.03243
39,"At work, Students now",dua_ctx,0.99,1,52,0.99041,0.76234,0.96053,0.94196,0.03716
39,"At work, Students now",euc_unemb,0.3,1,8,0.35006,0.5587,0.18071,0.18439,0.04274
39,"At work, Students now",euc_unemb,0.5,1,10,0.58406,0.56115,0.27178,0.27364,0.04622
39,"At work, Students now",euc_unemb,0.7,1,12,0.78656,0.59375,0.39133,0.38967,0.04859
39,"At work, Students now",euc_unemb,0.9,1,14,0.90689,0.63491,0.55596,0.54926,0.05005
39,"At work, Students now",euc_unemb,0.99,1,19,0.99134,0.68084,1.15612,1.13275,0.05677
39,"At work, Students now",cau_unemb,0.3,1,8,0.32369,0.50833,0.20215,0.20728,0.04162
39,"At work, Students now",cau_unemb,0.5,1,10,0.54429,0.49881,0.27311,0.27716,0.0477
39,"At work, Students now",cau_unemb,0.7,1,12,0.74869,0.52618,0.33635,0.33803,0.04384
39,"At work, Students now",cau_unemb,0.9,1,15,0.92142,0.60203,0.46152,0.45743,0.04902
39,"At work, Students now",cau_unemb,0.99,1,20,0.99136,0.69152,0.82943,0.81201,0.0481
39,"At work, Students now",dua_unemb,0.3,1,9,0.36123,0.62088,0.15578,0.15868,0.04016
39,"At work, Students now",dua_unemb,0.5,1,11,0.54434,0.62878,0.24481,0.24546,0.04046
39,"At work, Students now",dua_unemb,0.7,1,13,0.71088,0.64898,0.36496,0.36193,0.04281
39,"At work, Students now",dua_unemb,0.9,1,17,0.91659,0.69772,0.69904,0.68518,0.04668
39,"At work, Students now",dua_unemb,0.99,1,23,0.99348,0.7297,1.38398,1.34885,0.05592
39,"At work, Students now",euc_dmd,0.3,1,7,0.38354,0.4866,0.2431,0.24984,0.0459
39,"At work, Students now",euc_dmd,0.5,1,8,0.5192,0.48306,0.28484,0.29111,0.04763
39,"At work, Students now",euc_dmd,0.7,1,10,0.76323,0.51796,0.36213,0.36607,0.05305
39,"At work, Students now",euc_dmd,0.9,1,12,0.90473,0.58551,0.46606,0.46603,0.05482
39,"At work, Students now",euc_dmd,0.99,1,17,0.99251,0.72138,0.91303,0.89864,0.05322
39,"At work, Students now",cau_dmd,0.3,1,7,0.33869,0.44178,0.30139,0.30965,0.04358
39,"At work, Students now",cau_dmd,0.5,1,9,0.58226,0.42908,0.37358,0.38119,0.05036
39,"At work, Students now",cau_dmd,0.7,1,11,0.78598,0.4607,0.43261,0.43814,0.05321
39,"At work, Students now",cau_dmd,0.9,1,13,0.90355,0.51427,0.51975,0.52197,0.0524
39,"At work, Students now",cau_dmd,0.99,1,19,0.9924,0.63016,1.00151,0.98922,0.05221
39,"At work, Students now",dua_dmd,0.3,1,7,0.34263,0.57553,0.1523,0.15795,0.04137
39,"At work, Students now",dua_dmd,0.5,1,9,0.58509,0.57079,0.24112,0.24605,0.04771
39,"At work, Students now",dua_dmd,0.7,1,11,0.79261,0.59384,0.34783,0.35057,0.05215
39,"At work, Students now",dua_dmd,0.9,1,13,0.91327,0.63345,0.47566,0.47488,0.05409
39,"At work, Students now",dua_dmd,0.99,1,18,0.99264,0.72623,0.906,0.89222,0.0549
204,"In this case, Many people still",euc_ctx,0.3,1,20,0.32102,0.49387,0.30672,0.31493,0.17674
204,"In this case, Many people still",euc_ctx,0.5,1,24,0.54492,0.49431,0.43665,0.44382,0.17949
204,"In this case, Many people still",euc_ctx,0.7,1,27,0.70598,0.517,0.53955,0.54504,0.19853
204,"In this case, Many people still",euc_ctx,0.9,1,33,0.90588,0.5967,0.7812,0.78117,0.20774
204,"In this case, Many people still",euc_ctx,0.99,1,44,0.99181,0.72101,1.41152,1.39704,0.21575
204,"In this case, Many people still",cau_ctx,0.3,1,37,0.32572,0.54422,0.43423,0.44453,0.19663
204,"In this case, Many people still",cau_ctx,0.5,1,43,0.50958,0.52304,0.62256,0.63174,0.20697
204,"In this case, Many people still",cau_ctx,0.7,1,50,0.71822,0.51683,0.89171,0.89805,0.23012
204,"In this case, Many people still",cau_ctx,0.9,1,60,0.9026,0.52767,1.36632,1.36614,0.19548
204,"In this case, Many people still",cau_ctx,0.99,1,79,0.99111,0.52674,2.51941,2.50204,0.19399
204,"In this case, Many people still",dua_ctx,0.3,1,23,0.30212,0.5373,0.24405,0.25185,0.16167
204,"In this case, Many people still",dua_ctx,0.5,1,29,0.53154,0.53607,0.3763,0.38282,0.17252
204,"In this case, Many people still",dua_ctx,0.7,1,34,0.71538,0.55615,0.5074,0.51162,0.17762
204,"In this case, Many people still",dua_ctx,0.9,1,42,0.90827,0.61866,0.78401,0.78211,0.20333
204,"In this case, Many people still",dua_ctx,0.99,1,54,0.99112,0.71792,1.42003,1.40395,0.22131
204,"In this case, Many people still",euc_unemb,0.3,1,9,0.32807,0.45512,0.29387,0.29867,0.17217
204,"In this case, Many people still",euc_unemb,0.5,1,11,0.58183,0.44834,0.43586,0.43845,0.18218
204,"In this case, Many people still",euc_unemb,0.7,1,12,0.70145,0.45798,0.52095,0.52171,0.16165
204,"In this case, Many people still",euc_unemb,0.9,1,15,0.91885,0.50973,0.85845,0.85122,0.19597
204,"In this case, Many people still",euc_unemb,0.99,1,20,0.99363,0.55587,1.65733,1.63199,0.2079
204,"In this case, Many people still",cau_unemb,0.3,1,10,0.36436,0.42721,0.34756,0.35415,0.16319
204,"In this case, Many people still",cau_unemb,0.5,1,12,0.60043,0.42556,0.46586,0.47072,0.18846
204,"In this case, Many people still",cau_unemb,0.7,1,13,0.70846,0.43742,0.5284,0.53185,0.18867
204,"In this case, Many people still",cau_unemb,0.9,1,16,0.91091,0.50004,0.76334,0.76061,0.18456
204,"In this case, Many people still",cau_unemb,0.99,1,21,0.99098,0.58182,1.35719,1.34003,0.20491
204,"In this case, Many people still",dua_unemb,0.3,1,10,0.37847,0.51413,0.22457,0.22874,0.16778
204,"In this case, Many people still",dua_unemb,0.5,1,12,0.59767,0.52054,0.3334,0.33545,0.24363
204,"In this case, Many people still",dua_unemb,0.7,1,14,0.78341,0.54183,0.48691,0.48535,0.17952
204,"In this case, Many people still",dua_unemb,0.9,1,16,0.9008,0.56805,0.69562,0.68903,0.19923
204,"In this case, Many people still",dua_unemb,0.99,1,21,0.99073,0.60977,1.41936,1.39596,0.21071
204,"In this case, Many people still",euc_dmd,0.3,1,9,0.42561,0.38954,0.48963,0.49769,0.19131
204,"In this case, Many people still",euc_dmd,0.5,1,10,0.56361,0.38539,0.57965,0.58678,0.2521
204,"In this case, Many people still",euc_dmd,0.7,1,12,0.79516,0.41016,0.76976,0.77368,0.24754
204,"In this case, Many people still",euc_dmd,0.9,1,14,0.91991,0.45782,0.99615,0.99535,0.18341
204,"In this case, Many people still",euc_dmd,0.99,1,19,0.99379,0.5427,1.76608,1.74952,0.177
204,"In this case, Many people still",cau_dmd,0.3,1,9,0.32108,0.38049,0.53421,0.54509,0.17467
204,"In this case, Many people still",cau_dmd,0.5,1,11,0.55598,0.36449,0.70001,0.71001,0.18336
204,"In this case, Many people still",cau_dmd,0.7,1,13,0.76358,0.38677,0.86351,0.87131,0.25917
204,"In this case, Many people still",cau_dmd,0.9,1,16,0.92723,0.45773,1.15647,1.15894,0.24462
204,"In this case, Many people still",cau_dmd,0.99,1,21,0.99109,0.55346,1.83404,1.8241,0.17964
204,"In this case, Many people still",dua_dmd,0.3,1,9,0.40001,0.45785,0.34015,0.34807,0.23321
204,"In this case, Many people still",dua_dmd,0.5,1,10,0.52621,0.45377,0.41422,0.42168,0.23785
204,"In this case, Many people still",dua_dmd,0.7,1,12,0.75012,0.46726,0.58143,0.58685,0.23615
204,"In this case, Many people still",dua_dmd,0.9,1,15,0.92834,0.51763,0.89853,0.89842,0.18915
204,"In this case, Many people still",dua_dmd,0.99,1,20,0.99318,0.59476,1.60692,1.59313,0.18909
297,"At work, The workers really",euc_ctx,0.3,1,18,0.32082,0.19788,0.46531,0.46729,0.18667
297,"At work, The workers really",euc_ctx,0.5,1,22,0.52694,0.18786,0.60582,0.60665,0.19699
297,"At work, The workers really",euc_ctx,0.7,1,26,0.72314,0.20252,0.71848,0.71764,0.19867
297,"At work, The workers really",euc_ctx,0.9,1,32,0.90261,0.26506,0.87052,0.86624,0.15624
297,"At work, The workers really",euc_ctx,0.99,1,44,0.99107,0.45814,1.36276,1.34813,0.08073
297,"At work, The workers really",cau_ctx,0.3,1,31,0.3158,0.206,0.53486,0.53907,0.19049
297,"At work, The workers really",cau_ctx,0.5,1,38,0.52261,0.19411,0.70756,0.71082,0.19345
297,"At work, The workers really",cau_ctx,0.7,1,45,0.72042,0.20597,0.8747,0.87633,0.17278
297,"At work, The workers really",cau_ctx,0.9,1,56,0.90669,0.25991,1.17641,1.17403,0.15278
297,"At work, The workers really",cau_ctx,0.99,1,76,0.99021,0.36073,2.04305,2.02878,0.1135
297,"At work, The workers really",dua_ctx,0.3,1,20,0.30941,0.26927,0.30751,0.31048,0.16445
297,"At work, The workers really",dua_ctx,0.5,1,25,0.52469,0.25815,0.44954,0.45133,0.17201
297,"At work, The workers really",dua_ctx,0.7,1,30,0.73012,0.26904,0.59937,0.59911,0.1572
297,"At work, The workers really",dua_ctx,0.9,1,37,0.90617,0.31403,0.83395,0.82947,0.15195
297,"At work, The workers really",dua_ctx,0.99,1,50,0.99083,0.43452,1.41254,1.39716,0.07796
297,"At work, The workers really",euc_unemb,0.3,1,9,0.39578,0.2493,0.2875,0.2864,0.16184
297,"At work, The workers really",euc_unemb,0.5,1,10,0.51231,0.25652,0.32866,0.32665,0.17213
297,"At work, The workers really",euc_unemb,0.7,1,12,0.72966,0.29969,0.42701,0.42247,0.17267
297,"At work, The workers really",euc_unemb,0.9,1,15,0.9172,0.42121,0.68528,0.67484,0.178
297,"At work, The workers really",euc_unemb,0.99,1,20,0.99139,0.60847,1.52708,1.50141,0.1864
297,"At work, The workers really",cau_unemb,0.3,1,9,0.30864,0.25878,0.23807,0.23946,0.14082
297,"At work, The workers really",cau_unemb,0.5,1,11,0.50619,0.2691,0.29007,0.29043,0.1376
297,"At work, The workers really",cau_unemb,0.7,1,13,0.70006,0.30985,0.34769,0.3463,0.13524
297,"At work, The workers really",cau_unemb,0.9,1,17,0.92213,0.46019,0.60037,0.59278,0.16521
297,"At work, The workers really",cau_unemb,0.99,1,23,0.99238,0.64479,1.46071,1.43754,0.15706
297,"At work, The workers really",dua_unemb,0.3,1,9,0.36586,0.30995,0.1762,0.17604,0.13321
297,"At work, The workers really",dua_unemb,0.5,1,11,0.57282,0.32856,0.25338,0.25135,0.13504
297,"At work, The workers really",dua_unemb,0.7,1,13,0.74756,0.36841,0.36371,0.35885,0.13378
297,"At work, The workers really",dua_unemb,0.9,1,16,0.9005,0.44829,0.61173,0.60102,0.16392
297,"At work, The workers really",dua_unemb,0.99,1,23,0.99166,0.60985,1.58525,1.55513,0.18253
297,"At work, The workers really",euc_dmd,0.3,1,9,0.40153,0.18609,0.52721,0.52599,0.19129
297,"At work, The workers really",euc_dmd,0.5,1,10,0.51362,0.18552,0.59407,0.59182,0.1922
297,"At work, The workers really",euc_dmd,0.7,1,12,0.7214,0.20564,0.72393,0.71913,0.1988
297,"At work, The workers really",euc_dmd,0.9,1,15,0.90683,0.28343,0.95747,0.94754,0.20031
297,"At work, The workers really",euc_dmd,0.99,1,21,0.99244,0.50795,1.75071,1.72586,0.1718
297,"At work, The workers really",cau_dmd,0.3,1,10,0.3812,0.18807,0.54193,0.54287,0.19243
297,"At work, The workers really",cau_dmd,0.5,1,12,0.56964,0.1905,0.64528,0.64474,0.19325
297,"At work, The workers really",cau_dmd,0.7,1,14,0.73714,0.21224,0.74942,0.74687,0.19376
297,"At work, The workers really",cau_dmd,0.9,1,18,0.92448,0.29909,1.04099,1.03267,0.16401
297,"At work, The workers really",cau_dmd,0.99,1,24,0.99084,0.43653,1.80846,1.78711,0.16218
297,"At work, The workers really",dua_dmd,0.3,1,8,0.31011,0.25978,0.28174,0.28275,0.14512
297,"At work, The workers really",dua_dmd,0.5,1,10,0.51325,0.25741,0.39399,0.39341,0.17217
297,"At work, The workers really",dua_dmd,0.7,1,13,0.76811,0.29063,0.59372,0.58926,0.18578
297,"At work, The workers really",dua_dmd,0.9,1,16,0.90317,0.34806,0.85225,0.84249,0.19457
297,"At work, The workers really",dua_dmd,0.99,1,24,0.99265,0.51849,1.81429,1.7859,0.19548
188,"Over time, Most doctors usually",euc_ctx,0.3,1,15,0.31518,0.36604,0.21106,0.21727,0.17268
188,"Over time, Most doctors usually",euc_ctx,0.5,1,19,0.53935,0.38524,0.40331,0.40874,0.18617
188,"Over time, Most doctors usually",euc_ctx,0.7,1,22,0.70193,0.41078,0.60963,0.61334,0.13742
188,"Over time, Most doctors usually",euc_ctx,0.9,1,28,0.90459,0.47018,1.1833,1.18089,0.24995
188,"Over time, Most doctors usually",euc_ctx,0.99,1,39,0.99168,0.53632,2.58111,2.56247,0.27071
188,"Over time, Most doctors usually",cau_ctx,0.3,1,30,0.31162,0.34723,0.2982,0.30472,0.17819
188,"Over time, Most doctors usually",cau_ctx,0.5,1,37,0.50673,0.3474,0.52383,0.5294,0.19234
188,"Over time, Most doctors usually",cau_ctx,0.7,1,44,0.70002,0.35129,0.85152,0.85453,0.24509
188,"Over time, Most doctors usually",cau_ctx,0.9,1,56,0.90526,0.3512,1.64536,1.64053,0.23849
188,"Over time, Most doctors usually",cau_ctx,0.99,1,76,0.99025,0.3125,3.3791,3.35576,0.28156
188,"Over time, Most doctors usually",dua_ctx,0.3,1,18,0.33518,0.35775,0.21863,0.22437,0.16984
188,"Over time, Most doctors usually",dua_ctx,0.5,1,23,0.53063,0.36678,0.38999,0.39475,0.18292
188,"Over time, Most doctors usually",dua_ctx,0.7,1,28,0.71329,0.38488,0.63099,0.63343,0.21229
188,"Over time, Most doctors usually",dua_ctx,0.9,1,36,0.90654,0.42545,1.21343,1.20925,0.23186
188,"Over time, Most doctors usually",dua_ctx,0.99,1,48,0.99108,0.48042,2.57746,2.55731,0.26654
188,"Over time, Most doctors usually",euc_unemb,0.3,1,6,0.32382,0.32416,0.15493,0.15897,0.02442
188,"Over time, Most doctors usually",euc_unemb,0.5,1,8,0.61165,0.35474,0.35914,0.3616,0.19092
188,"Over time, Most doctors usually",euc_unemb,0.7,1,9,0.74076,0.38188,0.5212,0.52187,0.19429
188,"Over time, Most doctors usually",euc_unemb,0.9,1,11,0.90392,0.43966,0.97458,0.96975,0.25061
188,"Over time, Most doctors usually",euc_unemb,0.99,1,15,0.99029,0.50324,2.20985,2.18934,0.28457
188,"Over time, Most doctors usually",cau_unemb,0.3,1,7,0.37536,0.31857,0.19689,0.20269,0.0255
188,"Over time, Most doctors usually",cau_unemb,0.5,1,8,0.50752,0.33009,0.2813,0.28677,0.02954
188,"Over time, Most doctors usually",cau_unemb,0.7,1,10,0.75161,0.37582,0.53397,0.53725,0.06519
188,"Over time, Most doctors usually",cau_unemb,0.9,1,13,0.93809,0.45935,1.14379,1.14013,0.2642
188,"Over time, Most doctors usually",cau_unemb,0.99,1,17,0.99227,0.52168,2.23582,2.21904,0.27907
188,"Over time, Most doctors usually",dua_unemb,0.3,1,6,0.30712,0.33176,0.1306,0.13461,0.17667
188,"Over time, Most doctors usually",dua_unemb,0.5,1,8,0.57268,0.34648,0.29476,0.29745,0.18966
188,"Over time, Most doctors usually",dua_unemb,0.7,1,10,0.79725,0.37833,0.57323,0.57246,0.14283
188,"Over time, Most doctors usually",dua_unemb,0.9,1,12,0.92072,0.41173,0.97987,0.97365,0.2177
188,"Over time, Most doctors usually",dua_unemb,0.99,1,16,0.99104,0.4499,2.11381,2.09265,0.27782
188,"Over time, Most doctors usually",euc_dmd,0.3,1,6,0.33053,0.31248,0.19831,0.20425,0.03252
188,"Over time, Most doctors usually",euc_dmd,0.5,1,8,0.61729,0.34345,0.40887,0.41384,0.03672
188,"Over time, Most doctors usually",euc_dmd,0.7,1,9,0.74404,0.37322,0.5623,0.56586,0.06723
188,"Over time, Most doctors usually",euc_dmd,0.9,1,11,0.90365,0.4432,0.98076,0.97973,0.25977
188,"Over time, Most doctors usually",euc_dmd,0.99,1,16,0.99409,0.55807,2.47474,2.45613,0.30039
188,"Over time, Most doctors usually",cau_dmd,0.3,1,7,0.33928,0.3005,0.24972,0.25742,0.03746
188,"Over time, Most doctors usually",cau_dmd,0.5,1,9,0.58205,0.32444,0.42514,0.43254,0.03683
188,"Over time, Most doctors usually",cau_dmd,0.7,1,11,0.78792,0.37655,0.68229,0.6877,0.16761
188,"Over time, Most doctors usually",cau_dmd,0.9,1,13,0.907,0.43998,1.04269,1.04452,0.27022
188,"Over time, Most doctors usually",cau_dmd,0.99,1,18,0.99027,0.55704,2.28105,2.26957,0.29568
188,"Over time, Most doctors usually",dua_dmd,0.3,1,6,0.32279,0.31679,0.17055,0.17629,0.03072
188,"Over time, Most doctors usually",dua_dmd,0.5,1,8,0.58991,0.33013,0.34239,0.34752,0.03559
188,"Over time, Most doctors usually",dua_dmd,0.7,1,9,0.70925,0.34579,0.45725,0.4614,0.03677
188,"Over time, Most doctors usually",dua_dmd,0.9,1,12,0.91893,0.40715,0.94191,0.94069,0.23646
188,"Over time, Most doctors usually",dua_dmd,0.99,1,17,0.99351,0.48392,2.23273,2.21622,0.27655
198,"Usually, You typically",euc_ctx,0.3,1,26,0.32844,0.26034,0.57057,0.57423,0.2219
198,"Usually, You typically",euc_ctx,0.5,1,30,0.53114,0.26051,0.7023,0.7046,0.2253
198,"Usually, You typically",euc_ctx,0.7,1,34,0.72348,0.28837,0.81808,0.8183,0.23118
198,"Usually, You typically",euc_ctx,0.9,1,40,0.90116,0.37149,0.98896,0.98459,0.15332
198,"Usually, You typically",euc_ctx,0.99,1,52,0.99071,0.55636,1.52039,1.50225,0.15199
198,"Usually, You typically",cau_ctx,0.3,1,49,0.30756,0.27893,0.88063,0.8868,0.17624
198,"Usually, You typically",cau_ctx,0.5,1,57,0.51438,0.23322,1.26113,1.26431,0.18879
198,"Usually, You typically",cau_ctx,0.7,1,65,0.7154,0.20283,1.6983,1.69695,0.19172
198,"Usually, You typically",cau_ctx,0.9,1,77,0.90097,0.17161,2.44534,2.43474,0.19778
198,"Usually, You typically",cau_ctx,0.99,1,100,0.99045,0.1173,4.13185,4.09845,0.20436
198,"Usually, You typically",dua_ctx,0.3,1,29,0.30352,0.35831,0.38277,0.38787,0.1689
198,"Usually, You typically",dua_ctx,0.5,1,35,0.53638,0.35757,0.5357,0.53907,0.09233
198,"Usually, You typically",dua_ctx,0.7,1,40,0.72141,0.38018,0.67115,0.67206,0.0892
198,"Usually, You typically",dua_ctx,0.9,1,48,0.90756,0.45075,0.91862,0.91358,0.07893
198,"Usually, You typically",dua_ctx,0.99,1,61,0.99029,0.5869,1.49779,1.47852,0.07862
198,"Usually, You typically",euc_unemb,0.3,1,11,0.30284,0.20398,0.69207,0.69102,0.22305
198,"Usually, You typically",euc_unemb,0.5,1,13,0.54166,0.19514,0.89804,0.89455,0.23879
198,"Usually, You typically",euc_unemb,0.7,1,15,0.76374,0.22002,1.09155,1.0848,0.24344
198,"Usually, You typically",euc_unemb,0.9,1,18,0.93652,0.30729,1.38047,1.3671,0.24872
198,"Usually, You typically",euc_unemb,0.99,1,22,0.99123,0.44061,1.89498,1.86953,0.21169
198,"Usually, You typically",cau_unemb,0.3,1,12,0.31141,0.1662,0.80557,0.80591,0.23835
198,"Usually, You typically",cau_unemb,0.5,1,14,0.52783,0.15457,0.99118,0.98956,0.23939
198,"Usually, You typically",cau_unemb,0.7,1,16,0.73425,0.16695,1.13978,1.13568,0.24189
198,"Usually, You typically",cau_unemb,0.9,1,19,0.91471,0.22437,1.31088,1.30201,0.24669
198,"Usually, You typically",cau_unemb,0.99,1,24,0.99031,0.37049,1.6664,1.64657,0.24119
198,"Usually, You typically",dua_unemb,0.3,1,12,0.3388,0.3445,0.36041,0.36294,0.19875
198,"Usually, You typically",dua_unemb,0.5,1,14,0.55338,0.34595,0.52228,0.52259,0.2244
198,"Usually, You typically",dua_unemb,0.7,1,16,0.74693,0.36564,0.72179,0.71856,0.23455
198,"Usually, You typically",dua_unemb,0.9,1,19,0.91637,0.41444,1.06924,1.05856,0.2376
198,"Usually, You typically",dua_unemb,0.99,1,24,0.99061,0.49636,1.7433,1.71658,0.19189
198,"Usually, You typically",euc_dmd,0.3,1,11,0.41157,0.15008,0.99516,0.99611,0.23827
198,"Usually, You typically",euc_dmd,0.5,1,12,0.54171,0.14692,1.11437,1.11418,0.2454
198,"Usually, You typically",euc_dmd,0.7,1,14,0.77012,0.16378,1.32718,1.32418,0.24739
198,"Usually, You typically",euc_dmd,0.9,1,16,0.90369,0.20763,1.51756,1.51105,0.2491
198,"Usually, You typically",euc_dmd,0.99,1,21,0.99144,0.38066,2.04734,2.02888,0.24306
198,"Usually, You typically",cau_dmd,0.3,1,12,0.37975,0.12343,1.17296,1.17576,0.24994
198,"Usually, You typically",cau_dmd,0.5,1,14,0.59791,0.11673,1.3956,1.39644,0.24947
198,"Usually, You typically",cau_dmd,0.7,1,16,0.77951,0.12724,1.5967,1.59505,0.24918
198,"Usually, You typically",cau_dmd,0.9,1,19,0.92571,0.16568,1.88485,1.87848,0.24207
198,"Usually, You typically",cau_dmd,0.99,1,25,0.99273,0.26241,2.58726,2.56777,0.20069
198,"Usually, You typically",dua_dmd,0.3,1,11,0.37756,0.28465,0.51278,0.51868,0.21869
198,"Usually, You typically",dua_dmd,0.5,1,13,0.61797,0.28518,0.70833,0.71271,0.22846
198,"Usually, You typically",dua_dmd,0.7,1,14,0.72268,0.29504,0.81525,0.81841,0.23049
198,"Usually, You typically",dua_dmd,0.9,1,17,0.91291,0.3482,1.15791,1.15581,0.23474
198,"Usually, You typically",dua_dmd,0.99,1,22,0.99011,0.45328,1.7911,1.77632,0.21397
113,Our customers never,euc_ctx,0.3,1,25,0.33885,0.35095,0.67135,0.67447,0.17339
113,Our customers never,euc_ctx,0.5,1,28,0.51623,0.34144,0.82283,0.82404,0.18781
113,Our customers never,euc_ctx,0.7,1,32,0.73677,0.36029,1.00615,1.00378,0.18715
113,Our customers never,euc_ctx,0.9,1,37,0.901,0.41729,1.24316,1.23479,0.15743
113,Our customers never,euc_ctx,0.99,1,48,0.99078,0.54357,1.96858,1.94301,0.15263
113,Our customers never,cau_ctx,0.3,1,47,0.32489,0.30673,1.01509,1.01507,0.20468
113,Our customers never,cau_ctx,0.5,1,53,0.50589,0.27533,1.31484,1.31152,0.21991
113,Our customers never,cau_ctx,0.7,1,60,0.70736,0.25598,1.68846,1.68001,0.22247
113,Our customers never,cau_ctx,0.9,1,72,0.90856,0.23684,2.42377,2.40368,0.22164
113,Our customers never,cau_ctx,0.99,1,93,0.99021,0.17988,4.05673,4.01064,0.2253
113,Our customers never,dua_ctx,0.3,1,27,0.30742,0.42292,0.48863,0.49111,0.17483
113,Our customers never,dua_ctx,0.5,1,32,0.53452,0.41501,0.68125,0.68111,0.19498
113,Our customers never,dua_ctx,0.7,1,36,0.70841,0.42876,0.8467,0.84358,0.19782
113,Our customers never,dua_ctx,0.9,1,43,0.90244,0.48506,1.1792,1.16896,0.20384
113,Our customers never,dua_ctx,0.99,1,56,0.99157,0.60582,2.02003,1.99134,0.19467
113,Our customers never,euc_unemb,0.3,1,11,0.35722,0.37026,0.5545,0.55826,0.14416
113,Our customers never,euc_unemb,0.5,1,12,0.5019,0.3561,0.70697,0.70904,0.18573
113,Our customers never,euc_unemb,0.7,1,14,0.76914,0.35081,1.09777,1.09456,0.19726
113,Our customers never,euc_unemb,0.9,1,16,0.91728,0.36179,1.5722,1.56162,0.21226
113,Our customers never,euc_unemb,0.99,1,20,0.99204,0.37923,2.61622,2.58783,0.22027
113,Our customers never,cau_unemb,0.3,1,12,0.35745,0.34743,0.55536,0.56102,0.18065
113,Our customers never,cau_unemb,0.5,1,14,0.62034,0.33236,0.80815,0.81083,0.189
113,Our customers never,cau_unemb,0.7,1,15,0.73701,0.33447,0.95997,0.96042,0.18987
113,Our customers never,cau_unemb,0.9,1,18,0.93401,0.35487,1.50268,1.49401,0.20332
113,Our customers never,cau_unemb,0.99,1,22,0.99189,0.36932,2.35098,2.3271,0.20958
113,Our customers never,dua_unemb,0.3,1,11,0.3228,0.42533,0.4192,0.42272,0.06539
113,Our customers never,dua_unemb,0.5,1,13,0.58065,0.41117,0.67893,0.67937,0.16262
113,Our customers never,dua_unemb,0.7,1,14,0.70103,0.41449,0.83631,0.83452,0.17763
113,Our customers never,dua_unemb,0.9,1,17,0.92139,0.44691,1.39839,1.38749,0.20651
113,Our customers never,dua_unemb,0.99,1,21,0.99112,0.48341,2.29108,2.26413,0.21743
113,Our customers never,euc_dmd,0.3,1,11,0.37286,0.29291,0.75389,0.75951,0.18943
113,Our customers never,euc_dmd,0.5,1,12,0.51678,0.28581,0.87784,0.88208,0.20594
113,Our customers never,euc_dmd,0.7,1,14,0.77531,0.30463,1.16291,1.16304,0.21142
113,Our customers never,euc_dmd,0.9,1,16,0.91719,0.35097,1.52317,1.51754,0.21357
113,Our customers never,euc_dmd,0.99,1,20,0.99114,0.44379,2.41463,2.39426,0.22205
113,Our customers never,cau_dmd,0.3,1,13,0.37757,0.29544,0.81102,0.81805,0.18094
113,Our customers never,cau_dmd,0.5,1,15,0.6106,0.30105,0.9529,0.95768,0.20129
113,Our customers never,cau_dmd,0.7,1,16,0.71532,0.31572,1.04346,1.04668,0.20371
113,Our customers never,cau_dmd,0.9,1,19,0.91085,0.38961,1.42713,1.42394,0.19586
113,Our customers never,cau_dmd,0.99,1,24,0.99031,0.51351,2.34925,2.33127,0.21605
113,Our customers never,dua_dmd,0.3,1,11,0.37048,0.35763,0.57537,0.58082,0.14015
113,Our customers never,dua_dmd,0.5,1,13,0.62084,0.35022,0.80468,0.80753,0.18398
113,Our customers never,dua_dmd,0.7,1,14,0.7272,0.35749,0.93441,0.93546,0.19317
113,Our customers never,dua_dmd,0.9,1,17,0.91872,0.40477,1.40279,1.3967,0.20684
113,Our customers never,dua_dmd,0.99,1,22,0.99303,0.49885,2.38438,2.36208,0.20924
195,"Every day, The engineers generally",euc_ctx,0.3,1,19,0.33675,0.50813,0.27084,0.27864,0.03963
195,"Every day, The engineers generally",euc_ctx,0.5,1,23,0.54619,0.51118,0.3937,0.40064,0.04381
195,"Every day, The engineers generally",euc_ctx,0.7,1,27,0.74009,0.54181,0.53207,0.53686,0.0265
195,"Every day, The engineers generally",euc_ctx,0.9,1,33,0.91163,0.61516,0.78856,0.788,0.02855
195,"Every day, The engineers generally",euc_ctx,0.99,1,44,0.99076,0.72328,1.43707,1.42287,0.02967
195,"Every day, The engineers generally",cau_ctx,0.3,1,34,0.30999,0.48333,0.40207,0.41013,0.0615
195,"Every day, The engineers generally",cau_ctx,0.5,1,41,0.50382,0.46188,0.58654,0.59344,0.06329
195,"Every day, The engineers generally",cau_ctx,0.7,1,49,0.72011,0.4573,0.85562,0.85949,0.06853
195,"Every day, The engineers generally",cau_ctx,0.9,1,60,0.9021,0.46519,1.33502,1.33215,0.13384
195,"Every day, The engineers generally",cau_ctx,0.99,1,81,0.99058,0.44408,2.52234,2.50159,0.13489
195,"Every day, The engineers generally",dua_ctx,0.3,1,21,0.30294,0.54044,0.23799,0.24543,0.03838
195,"Every day, The engineers generally",dua_ctx,0.5,1,27,0.52707,0.53723,0.39352,0.39997,0.04213
195,"Every day, The engineers generally",dua_ctx,0.7,1,32,0.70928,0.55227,0.55249,0.55684,0.02635
195,"Every day, The engineers generally",dua_ctx,0.9,1,40,0.90394,0.60479,0.87692,0.87547,0.02699
195,"Every day, The engineers generally",dua_ctx,0.99,1,53,0.99138,0.7031,1.61239,1.59631,0.0468
195,"Every day, The engineers generally",euc_unemb,0.3,1,8,0.30992,0.51827,0.17828,0.18463,0.02411
195,"Every day, The engineers generally",euc_unemb,0.5,1,10,0.55542,0.52932,0.32276,0.32783,0.04511
195,"Every day, The engineers generally",euc_unemb,0.7,1,12,0.77787,0.56672,0.55658,0.55827,0.06083
195,"Every day, The engineers generally",euc_unemb,0.9,1,14,0.90808,0.60807,0.87989,0.8763,0.18109
195,"Every day, The engineers generally",euc_unemb,0.99,1,19,0.99264,0.65369,1.89614,1.87499,0.21803
195,"Every day, The engineers generally",cau_unemb,0.3,1,9,0.32133,0.49817,0.20395,0.21113,0.04158
195,"Every day, The engineers generally",cau_unemb,0.5,1,11,0.53727,0.50904,0.30683,0.31318,0.05355
195,"Every day, The engineers generally",cau_unemb,0.7,1,13,0.7399,0.54592,0.45514,0.45914,0.05883
195,"Every day, The engineers generally",cau_unemb,0.9,1,16,0.91589,0.61474,0.78812,0.78598,0.06557
195,"Every day, The engineers generally",cau_unemb,0.99,1,21,0.99024,0.67576,1.55324,1.53682,0.18397
195,"Every day, The engineers generally",dua_unemb,0.3,1,9,0.39206,0.54362,0.1983,0.20412,0.03819
195,"Every day, The engineers generally",dua_unemb,0.5,1,10,0.5029,0.54925,0.26552,0.27067,0.04046
195,"Every day, The engineers generally",dua_unemb,0.7,1,12,0.70646,0.57151,0.44598,0.44856,0.05135
195,"Every day, The engineers generally",dua_unemb,0.9,1,16,0.92949,0.62242,0.98009,0.97329,0.06905
195,"Every day, The engineers generally",dua_unemb,0.99,1,21,0.99238,0.64451,1.8756,1.85212,0.19402
195,"Every day, The engineers generally",euc_dmd,0.3,1,9,0.40116,0.48846,0.29243,0.29962,0.05615
195,"Every day, The engineers generally",euc_dmd,0.5,1,10,0.52148,0.4957,0.36181,0.36838,0.06324
195,"Every day, The engineers generally",euc_dmd,0.7,1,12,0.74228,0.53377,0.5504,0.5544,0.06674
195,"Every day, The engineers generally",euc_dmd,0.9,1,15,0.92498,0.61176,0.97884,0.97595,0.17447
195,"Every day, The engineers generally",euc_dmd,0.99,1,20,0.9928,0.68847,1.93451,1.9157,0.21353
195,"Every day, The engineers generally",cau_dmd,0.3,1,10,0.3371,0.47192,0.32784,0.3359,0.05832
195,"Every day, The engineers generally",cau_dmd,0.5,1,12,0.52743,0.48117,0.42574,0.43301,0.06985
195,"Every day, The engineers generally",cau_dmd,0.7,1,14,0.70844,0.51179,0.563,0.56832,0.07081
195,"Every day, The engineers generally",cau_dmd,0.9,1,18,0.91876,0.59421,1.00364,1.00181,0.18796
195,"Every day, The engineers generally",cau_dmd,0.99,1,24,0.991,0.66257,1.94522,1.92798,0.19781
195,"Every day, The engineers generally",dua_dmd,0.3,1,9,0.39079,0.51068,0.25397,0.26084,0.04519
195,"Every day, The engineers generally",dua_dmd,0.5,1,11,0.59156,0.52434,0.39031,0.39602,0.06099
195,"Every day, The engineers generally",dua_dmd,0.7,1,13,0.7516,0.55217,0.56343,0.56681,0.063
195,"Every day, The engineers generally",dua_dmd,0.9,1,17,0.92404,0.61462,1.03017,1.02596,0.07214
195,"Every day, The engineers generally",dua_dmd,0.99,1,23,0.99172,0.66896,1.98741,1.96647,0.17601
73,You also,euc_ctx,0.3,1,35,0.31946,0.10693,1.22466,1.22441,0.39739
73,You also,euc_ctx,0.5,1,39,0.53972,0.10313,1.32958,1.3278,0.36035
73,You also,euc_ctx,0.7,1,43,0.74496,0.11755,1.35186,1.34825,0.33775
73,You also,euc_ctx,0.9,1,48,0.90099,0.16226,1.29791,1.29153,0.30051
73,You also,euc_ctx,0.99,1,59,0.99085,0.35407,1.17189,1.15689,0.22119
73,You also,cau_ctx,0.3,1,64,0.3137,0.1365,1.55839,1.56111,0.29804
73,You also,cau_ctx,0.5,1,71,0.52539,0.10787,1.9563,1.95537,0.32382
73,You also,cau_ctx,0.7,1,77,0.70224,0.09343,2.30248,2.29745,0.32633
73,You also,cau_ctx,0.9,1,88,0.90354,0.07741,2.96895,2.9542,0.32117
73,You also,cau_ctx,0.99,1,108,0.99104,0.05339,4.38909,4.3519,0.33204
73,You also,dua_ctx,0.3,1,40,0.30739,0.28919,0.592,0.59088,0.34191
73,You also,dua_ctx,0.5,1,45,0.51561,0.2912,0.65035,0.64735,0.26829
73,You also,dua_ctx,0.7,1,50,0.71398,0.31734,0.68406,0.67855,0.02903
73,You also,dua_ctx,0.9,1,58,0.90955,0.39933,0.73762,0.72668,0.02785
73,You also,dua_ctx,0.99,1,70,0.9902,0.56075,0.9354,0.91304,0.03518
73,You also,euc_unemb,0.3,1,17,0.41489,0.07361,1.58235,1.57255,0.43776
73,You also,euc_unemb,0.5,1,18,0.54405,0.07387,1.67249,1.6614,0.43787
73,You also,euc_unemb,0.7,1,20,0.77283,0.08833,1.80087,1.78699,0.44013
73,You also,euc_unemb,0.9,1,22,0.90728,0.12308,1.87438,1.85728,0.44408
73,You also,euc_unemb,0.99,1,27,0.99301,0.28571,2.07976,2.05132,0.4087
73,You also,cau_unemb,0.3,1,18,0.37842,0.05237,1.77441,1.76401,0.4402
73,You also,cau_unemb,0.5,1,20,0.60618,0.05125,1.89004,1.87718,0.4377
73,You also,cau_unemb,0.7,1,21,0.70994,0.05451,1.91532,1.90118,0.43982
73,You also,cau_unemb,0.9,1,24,0.90776,0.08029,1.89416,1.87596,0.43533
73,You also,cau_unemb,0.99,1,29,0.9901,0.18221,1.75681,1.73027,0.41319
73,You also,dua_unemb,0.3,1,19,0.39265,0.27376,0.7391,0.73195,0.26667
73,You also,dua_unemb,0.5,1,21,0.59425,0.27928,0.87637,0.86597,0.26764
73,You also,dua_unemb,0.7,1,23,0.76743,0.30173,1.02424,1.00978,0.286
73,You also,dua_unemb,0.9,1,26,0.91999,0.35583,1.262,1.24007,0.29615
73,You also,dua_unemb,0.99,1,31,0.99075,0.45509,1.69759,1.66029,0.31138
73,You also,euc_dmd,0.3,1,14,0.31133,0.03989,1.98515,1.98129,0.46259
73,You also,euc_dmd,0.5,1,16,0.58102,0.03586,2.18525,2.17894,0.46557
73,You also,euc_dmd,0.7,1,17,0.70725,0.03797,2.23965,2.23206,0.46835
73,You also,euc_dmd,0.9,1,20,0.92565,0.0607,2.27088,2.25928,0.45884
73,You also,euc_dmd,0.99,1,24,0.99041,0.1392,2.1571,2.1393,0.43128
73,You also,cau_dmd,0.3,1,15,0.3077,0.03063,2.22504,2.22275,0.46291
73,You also,cau_dmd,0.5,1,17,0.54057,0.02716,2.37669,2.37233,0.46368
73,You also,cau_dmd,0.7,1,19,0.75114,0.03022,2.43139,2.42487,0.46509
73,You also,cau_dmd,0.9,1,22,0.92112,0.04659,2.37117,2.36129,0.45499
73,You also,cau_dmd,0.99,1,28,0.9931,0.13889,2.07146,2.05388,0.39062
73,You also,dua_dmd,0.3,1,15,0.31856,0.16269,1.01003,1.0094,0.33876
73,You also,dua_dmd,0.5,1,17,0.55581,0.15274,1.13857,1.13557,0.33758
73,You also,dua_dmd,0.7,1,19,0.76668,0.16453,1.22996,1.22408,0.36527
73,You also,dua_dmd,0.9,1,22,0.93363,0.21291,1.34097,1.3299,0.32878
73,You also,dua_dmd,0.99,1,26,0.99016,0.30865,1.47635,1.45693,0.144
182,Students never,euc_ctx,0.3,1,28,0.35574,0.12082,1.18407,1.18301,0.22168
182,Students never,euc_ctx,0.5,1,31,0.54143,0.11853,1.30515,1.30241,0.22459
182,Students never,euc_ctx,0.7,1,34,0.71512,0.13052,1.37342,1.36875,0.22195
182,Students never,euc_ctx,0.9,1,40,0.91738,0.19701,1.4167,1.4073,0.19847
182,Students never,euc_ctx,0.99,1,50,0.99185,0.39794,1.59537,1.5748,0.10228
182,Students never,cau_ctx,0.3,1,52,0.30078,0.12094,1.42995,1.42694,0.20433
182,Students never,cau_ctx,0.5,1,59,0.52183,0.10865,1.72337,1.71715,0.21147
182,Students never,cau_ctx,0.7,1,65,0.70637,0.11158,1.95003,1.94045,0.21425
182,Students never,cau_ctx,0.9,1,76,0.90915,0.13631,2.37497,2.35741,0.19869
182,Students never,cau_ctx,0.99,1,95,0.99083,0.16509,3.48191,3.44445,0.19791
182,Students never,dua_ctx,0.3,1,30,0.33179,0.22033,0.70568,0.70674,0.19263
182,Students never,dua_ctx,0.5,1,34,0.54566,0.21548,0.84446,0.84356,0.1902
182,Students never,dua_ctx,0.7,1,38,0.74073,0.23209,0.96101,0.95748,0.17464
182,Students never,dua_ctx,0.9,1,44,0.9114,0.28919,1.1149,1.10628,0.11067
182,Students never,dua_ctx,0.99,1,55,0.99026,0.44049,1.47852,1.45758,0.10079
182,Students never,euc_unemb,0.3,1,12,0.33312,0.16824,0.92363,0.92405,0.21169
182,Students never,euc_unemb,0.5,1,14,0.62583,0.17315,1.10613,1.10371,0.21426
182,Students never,euc_unemb,0.7,1,15,0.75387,0.19114,1.18567,1.18137,0.21228
182,Students never,euc_unemb,0.9,1,17,0.91134,0.25126,1.36155,1.35234,0.20184
182,Students never,euc_unemb,0.99,1,21,0.99142,0.38061,1.96237,1.93884,0.17054
182,Students never,cau_unemb,0.3,1,13,0.30549,0.16077,0.87745,0.88046,0.20991
182,Students never,cau_unemb,0.5,1,15,0.56442,0.16173,1.00024,1.00143,0.21889
182,Students never,cau_unemb,0.7,1,17,0.7919,0.19594,1.08254,1.08099,0.21328
182,Students never,cau_unemb,0.9,1,19,0.91751,0.25644,1.18288,1.17739,0.19722
182,Students never,cau_unemb,0.99,1,24,0.99369,0.40019,1.78572,1.765,0.15184
182,Students never,dua_unemb,0.3,1,12,0.30752,0.2688,0.53573,0.53812,0.18545
182,Students never,dua_unemb,0.5,1,14,0.58413,0.26539,0.7247,0.72451,0.19236
182,Students never,dua_unemb,0.7,1,15,0.71187,0.27682,0.82714,0.82511,0.18731
182,Students never,dua_unemb,0.9,1,18,0.92911,0.34613,1.16557,1.15609,0.16771
182,Students never,dua_unemb,0.99,1,22,0.99177,0.45453,1.73815,1.71532,0.16704
182,Students never,euc_dmd,0.3,1,12,0.31741,0.09331,1.43371,1.433,0.22313
182,Students never,euc_dmd,0.5,1,14,0.59996,0.08763,1.67585,1.67222,0.22753
182,Students never,euc_dmd,0.7,1,15,0.72873,0.09428,1.76771,1.76239,0.22732
182,Students never,euc_dmd,0.9,1,18,0.93846,0.15006,2.00119,1.98983,0.22195
182,Students never,euc_dmd,0.99,1,22,0.99336,0.28999,2.40475,2.38264,0.21915
182,Students never,cau_dmd,0.3,1,15,0.38957,0.09709,1.49265,1.49346,0.22751
182,Students never,cau_dmd,0.5,1,16,0.5055,0.09655,1.55763,1.55745,0.22921
182,Students never,cau_dmd,0.7,1,18,0.72265,0.10961,1.66001,1.65755,0.22738
182,Students never,cau_dmd,0.9,1,21,0.91259,0.16612,1.80794,1.80117,0.22356
182,Students never,cau_dmd,0.99,1,26,0.99026,0.34154,2.21951,2.20247,0.21875
182,Students never,dua_dmd,0.3,1,12,0.3013,0.18336,0.86793,0.87074,0.20312
182,Students never,dua_dmd,0.5,1,14,0.55956,0.17299,1.06386,1.06439,0.21413
182,Students never,dua_dmd,0.7,1,16,0.78341,0.18902,1.25101,1.24828,0.21407
182,Students never,dua_dmd,0.9,1,18,0.90985,0.22425,1.453,1.44617,0.2127
182,Students never,dua_dmd,0.99,1,23,0.99213,0.34827,2.06246,2.04252,0.19868
105,"At work, These kids just",euc_ctx,0.3,1,23,0.33476,0.12704,0.81381,0.81603,0.24345
105,"At work, These kids just",euc_ctx,0.5,1,26,0.50852,0.12082,0.9457,0.94683,0.24641
105,"At work, These kids just",euc_ctx,0.7,1,30,0.72914,0.13212,1.07096,1.07024,0.24384
105,"At work, These kids just",euc_ctx,0.9,1,36,0.91768,0.18839,1.19582,1.19141,0.23018
105,"At work, These kids just",euc_ctx,0.99,1,46,0.99125,0.35229,1.52078,1.50739,0.20278
105,"At work, These kids just",cau_ctx,0.3,1,43,0.32405,0.15259,1.16415,1.16819,0.21784
105,"At work, These kids just",cau_ctx,0.5,1,49,0.50144,0.13668,1.4318,1.43375,0.21532
105,"At work, These kids just",cau_ctx,0.7,1,56,0.7031,0.12966,1.77003,1.76847,0.2147
105,"At work, These kids just",cau_ctx,0.9,1,68,0.91001,0.12761,2.49163,2.48131,0.21199
105,"At work, These kids just",cau_ctx,0.99,1,88,0.99105,0.1079,4.12694,4.09624,0.19417
105,"At work, These kids just",dua_ctx,0.3,1,25,0.31188,0.19743,0.48305,0.48557,0.07684
105,"At work, These kids just",dua_ctx,0.5,1,29,0.51184,0.18997,0.59767,0.59894,0.16304
105,"At work, These kids just",dua_ctx,0.7,1,33,0.70627,0.20041,0.70037,0.69982,0.18309
105,"At work, These kids just",dua_ctx,0.9,1,40,0.91091,0.25293,0.88678,0.88172,0.21596
105,"At work, These kids just",dua_ctx,0.99,1,51,0.99008,0.37124,1.33912,1.3239,0.20537
105,"At work, These kids just",euc_unemb,0.3,1,10,0.31891,0.17747,0.57835,0.57745,0.21262
105,"At work, These kids just",euc_unemb,0.5,1,12,0.5854,0.18293,0.73961,0.73638,0.24515
105,"At work, These kids just",euc_unemb,0.7,1,13,0.71028,0.20053,0.82149,0.81673,0.24614
105,"At work, These kids just",euc_unemb,0.9,1,16,0.92765,0.30558,1.12013,1.10903,0.21641
105,"At work, These kids just",euc_unemb,0.99,1,20,0.99145,0.46935,1.77965,1.75566,0.20789
105,"At work, These kids just",cau_unemb,0.3,1,11,0.3164,0.17135,0.61361,0.61518,0.22089
105,"At work, These kids just",cau_unemb,0.5,1,13,0.55283,0.17399,0.74656,0.74654,0.2298
105,"At work, These kids just",cau_unemb,0.7,1,15,0.76658,0.20798,0.86635,0.86402,0.23729
105,"At work, These kids just",cau_unemb,0.9,1,18,0.93368,0.3114,1.08177,1.07436,0.22693
105,"At work, These kids just",cau_unemb,0.99,1,23,0.9936,0.5053,1.74851,1.72791,0.20267
105,"At work, These kids just",dua_unemb,0.3,1,11,0.38713,0.26069,0.37348,0.37312,0.14883
105,"At work, These kids just",dua_unemb,0.5,1,12,0.50585,0.2672,0.43448,0.43308,0.15117
105,"At work, These kids just",dua_unemb,0.7,1,14,0.72262,0.2996,0.58349,0.57924,0.19462
105,"At work, These kids just",dua_unemb,0.9,1,17,0.91147,0.37906,0.88863,0.87819,0.19947
105,"At work, These kids just",dua_unemb,0.99,1,22,0.99104,0.51421,1.63296,1.60789,0.20428
105,"At work, These kids just",euc_dmd,0.3,1,10,0.33504,0.12013,1.0088,1.00797,0.25735
105,"At work, These kids just",euc_dmd,0.5,1,12,0.59818,0.11632,1.24907,1.24568,0.26126
105,"At work, These kids just",euc_dmd,0.7,1,13,0.71818,0.1248,1.35449,1.34959,0.26304
105,"At work, These kids just",euc_dmd,0.9,1,16,0.9264,0.18895,1.65941,1.64898,0.23195
105,"At work, These kids just",euc_dmd,0.99,1,20,0.99035,0.33647,2.19185,2.17135,0.2277
105,"At work, These kids just",cau_dmd,0.3,1,12,0.37952,0.12489,1.18562,1.18738,0.25878
105,"At work, These kids just",cau_dmd,0.5,1,14,0.60051,0.12784,1.3607,1.36077,0.25919
105,"At work, These kids just",cau_dmd,0.7,1,15,0.70115,0.13734,1.43733,1.4364,0.25981
105,"At work, These kids just",cau_dmd,0.9,1,19,0.93155,0.22801,1.7583,1.7521,0.24841
105,"At work, These kids just",cau_dmd,0.99,1,24,0.99162,0.41461,2.38205,2.36575,0.21249
105,"At work, These kids just",dua_dmd,0.3,1,10,0.32682,0.19978,0.60799,0.60898,0.2021
105,"At work, These kids just",dua_dmd,0.5,1,12,0.56272,0.19913,0.80347,0.80247,0.20807
105,"At work, These kids just",dua_dmd,0.7,1,14,0.76293,0.22146,1.00837,1.00454,0.2245
105,"At work, These kids just",dua_dmd,0.9,1,17,0.92356,0.28272,1.35697,1.34756,0.21104
105,"At work, These kids just",dua_dmd,0.99,1,22,0.991,0.40815,2.08361,2.06205,0.20063
116,"Over time, Many people usually",euc_ctx,0.3,1,17,0.3526,0.5854,0.23423,0.24163,0.03307
116,"Over time, Many people usually",euc_ctx,0.5,1,20,0.53423,0.59254,0.35601,0.36236,0.06572
116,"Over time, Many people usually",euc_ctx,0.7,1,23,0.70681,0.61216,0.5093,0.51345,0.07144
116,"Over time, Many people usually",euc_ctx,0.9,1,29,0.9136,0.66763,0.90169,0.89863,0.07706
116,"Over time, Many people usually",euc_ctx,0.99,1,39,0.9918,0.73499,1.71693,1.69783,0.07911
116,"Over time, Many people usually",cau_ctx,0.3,1,32,0.31042,0.60865,0.33139,0.33965,0.05509
116,"Over time, Many people usually",cau_ctx,0.5,1,39,0.52066,0.60209,0.53629,0.54322,0.06775
116,"Over time, Many people usually",cau_ctx,0.7,1,46,0.72344,0.60483,0.80759,0.81138,0.07421
116,"Over time, Many people usually",cau_ctx,0.9,1,56,0.90161,0.61298,1.30042,1.29712,0.14613
116,"Over time, Many people usually",cau_ctx,0.99,1,75,0.99005,0.59232,2.47906,2.45768,0.16803
116,"Over time, Many people usually",dua_ctx,0.3,1,19,0.31916,0.59444,0.21261,0.21989,0.02362
116,"Over time, Many people usually",dua_ctx,0.5,1,24,0.52451,0.59921,0.36179,0.36788,0.03435
116,"Over time, Many people usually",dua_ctx,0.7,1,29,0.72164,0.61693,0.55945,0.56275,0.07246
116,"Over time, Many people usually",dua_ctx,0.9,1,36,0.90637,0.65875,0.93777,0.93431,0.07196
116,"Over time, Many people usually",dua_ctx,0.99,1,47,0.99097,0.72317,1.76905,1.74951,0.08284
116,"Over time, Many people usually",euc_unemb,0.3,1,7,0.33351,0.55065,0.18919,0.19466,0.05648
116,"Over time, Many people usually",euc_unemb,0.5,1,9,0.6245,0.56043,0.40353,0.40642,0.07036
116,"Over time, Many people usually",euc_unemb,0.7,1,10,0.75218,0.57307,0.56249,0.56293,0.12138
116,"Over time, Many people usually",euc_unemb,0.9,1,12,0.91009,0.59839,0.96845,0.9621,0.15909
116,"Over time, Many people usually",euc_unemb,0.99,1,16,0.99121,0.61755,1.94514,1.92152,0.1742
116,"Over time, Many people usually",cau_unemb,0.3,1,8,0.38241,0.52791,0.22176,0.22884,0.06076
116,"Over time, Many people usually",cau_unemb,0.5,1,9,0.51668,0.53269,0.30101,0.30735,0.06615
116,"Over time, Many people usually",cau_unemb,0.7,1,11,0.76077,0.56067,0.52745,0.53049,0.12029
116,"Over time, Many people usually",cau_unemb,0.9,1,13,0.90412,0.59391,0.84503,0.84263,0.14282
116,"Over time, Many people usually",cau_unemb,0.99,1,18,0.99291,0.6289,1.8536,1.83324,0.17035
116,"Over time, Many people usually",dua_unemb,0.3,1,7,0.31738,0.5623,0.1626,0.16771,0.04333
116,"Over time, Many people usually",dua_unemb,0.5,1,9,0.58497,0.5709,0.34366,0.34676,0.06694
116,"Over time, Many people usually",dua_unemb,0.7,1,10,0.70817,0.5823,0.47268,0.47386,0.07001
116,"Over time, Many people usually",dua_unemb,0.9,1,13,0.92645,0.62057,1.00365,0.99582,0.14225
116,"Over time, Many people usually",dua_unemb,0.99,1,17,0.99202,0.64198,1.91034,1.88601,0.17122
116,"Over time, Many people usually",euc_dmd,0.3,1,7,0.33647,0.51535,0.26251,0.27027,0.07486
116,"Over time, Many people usually",euc_dmd,0.5,1,9,0.62261,0.52478,0.47421,0.48006,0.07329
116,"Over time, Many people usually",euc_dmd,0.7,1,10,0.74782,0.54139,0.61928,0.62312,0.1428
116,"Over time, Many people usually",euc_dmd,0.9,1,12,0.90483,0.5809,0.99046,0.98855,0.15364
116,"Over time, Many people usually",euc_dmd,0.99,1,17,0.99404,0.63665,2.1868,2.16546,0.17584
116,"Over time, Many people usually",cau_dmd,0.3,1,8,0.3273,0.50004,0.32421,0.33371,0.08067
116,"Over time, Many people usually",cau_dmd,0.5,1,10,0.56598,0.50861,0.48328,0.49178,0.07815
116,"Over time, Many people usually",cau_dmd,0.7,1,12,0.77448,0.54256,0.7126,0.71817,0.07963
116,"Over time, Many people usually",cau_dmd,0.9,1,15,0.93443,0.60195,1.2075,1.20578,0.13995
116,"Over time, Many people usually",cau_dmd,0.99,1,20,0.99306,0.65666,2.25662,2.23908,0.14345
116,"Over time, Many people usually",dua_dmd,0.3,1,7,0.33868,0.53031,0.23066,0.23788,0.06722
116,"Over time, Many people usually",dua_dmd,0.5,1,9,0.6043,0.53293,0.42933,0.43538,0.07265
116,"Over time, Many people usually",dua_dmd,0.7,1,10,0.71905,0.54362,0.55338,0.5581,0.07392
116,"Over time, Many people usually",dua_dmd,0.9,1,13,0.91993,0.59018,1.0235,1.02164,0.07913
116,"Over time, Many people usually",dua_dmd,0.99,1,18,0.99333,0.64221,2.07765,2.05879,0.15865
157,"At home, Most doctors still",euc_ctx,0.3,1,31,0.30569,0.34573,0.43698,0.44792,0.156
157,"At home, Most doctors still",euc_ctx,0.5,1,35,0.51283,0.35419,0.61907,0.62886,0.16081
157,"At home, Most doctors still",euc_ctx,0.7,1,39,0.71522,0.38195,0.85422,0.86157,0.20404
157,"At home, Most doctors still",euc_ctx,0.9,1,45,0.90207,0.44207,1.32624,1.32764,0.24738
157,"At home, Most doctors still",euc_ctx,0.99,1,57,0.99181,0.52905,2.59914,2.58385,0.27913
157,"At home, Most doctors still",cau_ctx,0.3,1,57,0.30552,0.14926,1.30761,1.31137,0.14792
157,"At home, Most doctors still",cau_ctx,0.5,1,64,0.50117,0.0969,1.95733,1.95537,0.17587
157,"At home, Most doctors still",cau_ctx,0.7,1,72,0.71991,0.06158,2.79109,2.78092,0.17954
157,"At home, Most doctors still",cau_ctx,0.9,1,83,0.90271,0.03833,3.97637,3.95354,0.20743
157,"At home, Most doctors still",cau_ctx,0.99,1,104,0.99058,0.02043,6.23418,6.18594,0.23728
157,"At home, Most doctors still",dua_ctx,0.3,1,34,0.3148,0.35643,0.40083,0.41064,0.15447
157,"At home, Most doctors still",dua_ctx,0.5,1,39,0.50156,0.35759,0.57884,0.58729,0.15911
157,"At home, Most doctors still",dua_ctx,0.7,1,45,0.71603,0.37225,0.86291,0.86835,0.17897
157,"At home, Most doctors still",dua_ctx,0.9,1,53,0.90326,0.4086,1.39949,1.39838,0.23671
157,"At home, Most doctors still",dua_ctx,0.99,1,66,0.99103,0.47189,2.66789,2.65067,0.2821
157,"At home, Most doctors still",euc_unemb,0.3,1,14,0.40119,0.30716,0.36106,0.36698,0.05747
157,"At home, Most doctors still",euc_unemb,0.5,1,15,0.52967,0.3155,0.45864,0.46344,0.01763
157,"At home, Most doctors still",euc_unemb,0.7,1,17,0.76101,0.34444,0.74146,0.74243,0.15221
157,"At home, Most doctors still",euc_unemb,0.9,1,19,0.90011,0.3745,1.14774,1.14287,0.18112
157,"At home, Most doctors still",euc_unemb,0.99,1,24,0.99184,0.40006,2.49101,2.46685,0.24595
157,"At home, Most doctors still",cau_unemb,0.3,1,15,0.36505,0.29357,0.40553,0.41507,0.15427
157,"At home, Most doctors still",cau_unemb,0.5,1,17,0.59444,0.31269,0.56903,0.57704,0.15527
157,"At home, Most doctors still",cau_unemb,0.7,1,18,0.70044,0.33021,0.67559,0.68227,0.22366
157,"At home, Most doctors still",cau_unemb,0.9,1,21,0.90435,0.39445,1.12269,1.12317,0.25095
157,"At home, Most doctors still",cau_unemb,0.99,1,27,0.99342,0.46392,2.45437,2.43639,0.2789
157,"At home, Most doctors still",dua_unemb,0.3,1,14,0.36086,0.33487,0.29551,0.30105,0.01345
157,"At home, Most doctors still",dua_unemb,0.5,1,16,0.58723,0.34524,0.47377,0.477,0.15284
157,"At home, Most doctors still",dua_unemb,0.7,1,18,0.77922,0.36388,0.74212,0.74146,0.19821
157,"At home, Most doctors still",dua_unemb,0.9,1,21,0.93514,0.39006,1.32854,1.31928,0.18744
157,"At home, Most doctors still",dua_unemb,0.99,1,25,0.99058,0.4029,2.36335,2.33916,0.21291
157,"At home, Most doctors still",euc_dmd,0.3,1,13,0.31524,0.26069,0.45513,0.46608,0.20049
157,"At home, Most doctors still",euc_dmd,0.5,1,15,0.56553,0.27415,0.6399,0.64957,0.20058
157,"At home, Most doctors still",euc_dmd,0.7,1,17,0.78517,0.31304,0.9051,0.91173,0.16475
157,"At home, Most doctors still",euc_dmd,0.9,1,19,0.91054,0.36065,1.27531,1.27715,0.2173
157,"At home, Most doctors still",euc_dmd,0.99,1,24,0.99212,0.42984,2.55092,2.53606,0.27019
157,"At home, Most doctors still",cau_dmd,0.3,1,15,0.32179,0.22811,0.6531,0.66695,0.07921
157,"At home, Most doctors still",cau_dmd,0.5,1,17,0.53081,0.23763,0.80896,0.82217,0.08396
157,"At home, Most doctors still",cau_dmd,0.7,1,19,0.72686,0.2686,1.00228,1.01377,0.13798
157,"At home, Most doctors still",cau_dmd,0.9,1,22,0.90338,0.33926,1.40956,1.4164,0.2685
157,"At home, Most doctors still",cau_dmd,0.99,1,28,0.99057,0.44591,2.6428,2.6348,0.30075
157,"At home, Most doctors still",dua_dmd,0.3,1,13,0.30385,0.29428,0.36382,0.374,0.06096
157,"At home, Most doctors still",dua_dmd,0.5,1,15,0.5316,0.29891,0.52163,0.53079,0.06245
157,"At home, Most doctors still",dua_dmd,0.7,1,17,0.73835,0.32033,0.73792,0.74483,0.16986
157,"At home, Most doctors still",dua_dmd,0.9,1,20,0.91481,0.3658,1.20336,1.20463,0.16739
157,"At home, Most doctors still",dua_dmd,0.99,1,25,0.99057,0.42161,2.33921,2.3261,0.24222
89,"Today, I still",euc_ctx,0.3,1,37,0.32436,0.1318,1.45957,1.45821,0.36999
89,"Today, I still",euc_ctx,0.5,1,41,0.55079,0.11692,1.68319,1.6789,0.36501
89,"Today, I still",euc_ctx,0.7,1,44,0.71225,0.1177,1.80543,1.79857,0.3513
89,"Today, I still",euc_ctx,0.9,1,50,0.9096,0.14098,1.94606,1.93314,0.36299
89,"Today, I still",euc_ctx,0.99,1,60,0.9904,0.20746,2.10428,2.079,0.31935
89,"Today, I still",cau_ctx,0.3,1,71,0.31414,0.19808,1.68656,1.6843,0.11249
89,"Today, I still",cau_ctx,0.5,1,78,0.52613,0.15527,2.10354,2.09652,0.28173
89,"Today, I still",cau_ctx,0.7,1,84,0.70454,0.13405,2.46899,2.45695,0.33734
89,"Today, I still",cau_ctx,0.9,1,95,0.90742,0.11484,3.13497,3.11193,0.33652
89,"Today, I still",cau_ctx,0.99,1,113,0.99026,0.09558,4.26406,4.21991,0.28631
89,"Today, I still",dua_ctx,0.3,1,43,0.32785,0.31916,0.88425,0.88324,0.08854
89,"Today, I still",dua_ctx,0.5,1,48,0.53539,0.31201,1.00894,1.00482,0.0881
89,"Today, I still",dua_ctx,0.7,1,53,0.73348,0.32547,1.1121,1.10402,0.07897
89,"Today, I still",dua_ctx,0.9,1,60,0.91041,0.36953,1.25214,1.23703,0.06963
89,"Today, I still",dua_ctx,0.99,1,71,0.99028,0.45276,1.55691,1.52757,0.07327
89,"Today, I still",euc_unemb,0.3,1,17,0.33184,0.10299,1.62207,1.61548,0.37938
89,"Today, I still",euc_unemb,0.5,1,19,0.58709,0.09811,1.81168,1.80206,0.35844
89,"Today, I still",euc_unemb,0.7,1,20,0.70673,0.10421,1.86955,1.85827,0.37485
89,"Today, I still",euc_unemb,0.9,1,23,0.92192,0.15518,1.91812,1.90108,0.37053
89,"Today, I still",euc_unemb,0.99,1,27,0.99005,0.27854,1.94505,1.91789,0.34407
89,"Today, I still",cau_unemb,0.3,1,18,0.31289,0.07312,1.88419,1.87866,0.37678
89,"Today, I still",cau_unemb,0.5,1,20,0.54187,0.06607,2.06733,2.05919,0.38028
89,"Today, I still",cau_unemb,0.7,1,22,0.75389,0.07272,2.1479,2.13697,0.39847
89,"Today, I still",cau_unemb,0.9,1,25,0.92691,0.10712,2.10899,2.09344,0.37454
89,"Today, I still",cau_unemb,0.99,1,30,0.99249,0.22593,1.95063,1.92556,0.35672
89,"Today, I still",dua_unemb,0.3,1,19,0.39381,0.37188,0.70142,0.69966,0.08542
89,"Today, I still",dua_unemb,0.5,1,21,0.60486,0.38206,0.81309,0.80791,0.07903
89,"Today, I still",dua_unemb,0.7,1,22,0.70105,0.39367,0.87206,0.86474,0.07961
89,"Today, I still",dua_unemb,0.9,1,26,0.93351,0.46134,1.12995,1.1117,0.07337
89,"Today, I still",dua_unemb,0.99,1,30,0.9901,0.52619,1.44773,1.41595,0.08104
89,"Today, I still",euc_dmd,0.3,1,16,0.34748,0.06644,2.0954,2.09246,0.43642
89,"Today, I still",euc_dmd,0.5,1,18,0.60696,0.06078,2.34946,2.34342,0.44195
89,"Today, I still",euc_dmd,0.7,1,19,0.72361,0.06347,2.44685,2.43912,0.44525
89,"Today, I still",euc_dmd,0.9,1,22,0.92602,0.08969,2.62556,2.61212,0.44255
89,"Today, I still",euc_dmd,0.99,1,27,0.99374,0.17658,2.78029,2.75489,0.39435
89,"Today, I still",cau_dmd,0.3,1,18,0.35035,0.05511,2.39137,2.39007,0.43777
89,"Today, I still",cau_dmd,0.5,1,20,0.57092,0.04819,2.66999,2.66568,0.43863
89,"Today, I still",cau_dmd,0.7,1,22,0.7636,0.04886,2.91317,2.90538,0.40954
89,"Today, I still",cau_dmd,0.9,1,25,0.92227,0.05814,3.20722,3.19329,0.4068
89,"Today, I still",cau_dmd,0.99,1,31,0.99319,0.0838,3.71703,3.68797,0.3833
89,"Today, I still",dua_dmd,0.3,1,18,0.3925,0.24752,1.16094,1.1623,0.10513
89,"Today, I still",dua_dmd,0.5,1,20,0.60453,0.24809,1.27615,1.27462,0.10138
89,"Today, I still",dua_dmd,0.7,1,21,0.70301,0.25545,1.33121,1.32794,0.10102
89,"Today, I still",dua_dmd,0.9,1,24,0.90297,0.29878,1.4936,1.484,0.08844
89,"Today, I still",dua_dmd,0.99,1,29,0.99082,0.3967,1.80852,1.78552,0.23331
287,"Today, These kids often",euc_ctx,0.3,1,24,0.3188,0.45957,0.42569,0.43398,0.04159
287,"Today, These kids often",euc_ctx,0.5,1,28,0.53674,0.45269,0.57581,0.58261,0.05248
287,"Today, These kids often",euc_ctx,0.7,1,32,0.74122,0.47825,0.72561,0.72963,0.05518
287,"Today, These kids often",euc_ctx,0.9,1,38,0.91731,0.55318,0.97893,0.97666,0.05523
287,"Today, These kids often",euc_ctx,0.99,1,48,0.99051,0.66597,1.55537,1.53913,0.06133
287,"Today, These kids often",cau_ctx,0.3,1,45,0.3152,0.46655,0.66257,0.67015,0.06169
287,"Today, These kids often",cau_ctx,0.5,1,52,0.52338,0.43668,0.93844,0.94365,0.17431
287,"Today, These kids often",cau_ctx,0.7,1,59,0.72506,0.42769,1.2709,1.27221,0.20118
287,"Today, These kids often",cau_ctx,0.9,1,69,0.90301,0.43621,1.83097,1.82442,0.21944
287,"Today, These kids often",cau_ctx,0.99,1,88,0.99049,0.44342,3.09304,3.06716,0.22516
287,"Today, These kids often",dua_ctx,0.3,1,27,0.3192,0.50399,0.36959,0.37687,0.0346
287,"Today, These kids often",dua_ctx,0.5,1,32,0.5194,0.49792,0.51482,0.52038,0.04634
287,"Today, These kids often",dua_ctx,0.7,1,37,0.71308,0.51189,0.68199,0.6846,0.04866
287,"Today, These kids often",dua_ctx,0.9,1,45,0.91204,0.56583,1.01726,1.01259,0.06398
287,"Today, These kids often",dua_ctx,0.99,1,57,0.99158,0.65517,1.7101,1.68974,0.06847
287,"Today, These kids often",euc_unemb,0.3,1,11,0.38319,0.46767,0.36943,0.37581,0.07068
287,"Today, These kids often",euc_unemb,0.5,1,12,0.51376,0.47013,0.45384,0.45916,0.07049
287,"Today, These kids often",euc_unemb,0.7,1,14,0.75417,0.4999,0.67662,0.67824,0.0703
287,"Today, These kids often",euc_unemb,0.9,1,17,0.93866,0.56268,1.15187,1.14447,0.17452
287,"Today, These kids often",euc_unemb,0.99,1,21,0.99249,0.60394,1.94205,1.91916,0.20292
287,"Today, These kids often",cau_unemb,0.3,1,12,0.39087,0.43438,0.39914,0.40759,0.07055
287,"Today, These kids often",cau_unemb,0.5,1,13,0.5093,0.43754,0.46107,0.46881,0.07059
287,"Today, These kids often",cau_unemb,0.7,1,15,0.73075,0.46837,0.60604,0.61116,0.07147
287,"Today, These kids often",cau_unemb,0.9,1,18,0.91971,0.54207,0.9131,0.91153,0.14566
287,"Today, These kids often",cau_unemb,0.99,1,23,0.99208,0.61634,1.64783,1.63066,0.17767
287,"Today, These kids often",dua_unemb,0.3,1,11,0.35194,0.50397,0.28819,0.29435,0.05901
287,"Today, These kids often",dua_unemb,0.5,1,13,0.58449,0.51132,0.44853,0.45255,0.06261
287,"Today, These kids often",dua_unemb,0.7,1,15,0.78056,0.53786,0.66588,0.66607,0.06309
287,"Today, These kids often",dua_unemb,0.9,1,17,0.90044,0.57122,0.93769,0.93256,0.14074
287,"Today, These kids often",dua_unemb,0.99,1,22,0.99058,0.62694,1.78824,1.76559,0.1909
287,"Today, These kids often",euc_dmd,0.3,1,10,0.30582,0.41745,0.47732,0.4868,0.06654
287,"Today, These kids often",euc_dmd,0.5,1,12,0.56072,0.41501,0.64783,0.65576,0.07567
287,"Today, These kids often",euc_dmd,0.7,1,14,0.78604,0.45488,0.85108,0.85568,0.07571
287,"Today, These kids often",euc_dmd,0.9,1,16,0.91306,0.51666,1.11659,1.11625,0.07501
287,"Today, These kids often",euc_dmd,0.99,1,21,0.99295,0.63788,2.01223,1.99531,0.16273
287,"Today, These kids often",cau_dmd,0.3,1,12,0.35566,0.40202,0.62614,0.63735,0.06886
287,"Today, These kids often",cau_dmd,0.5,1,14,0.57026,0.40911,0.74424,0.75416,0.08023
287,"Today, These kids often",cau_dmd,0.7,1,16,0.75911,0.44519,0.89693,0.90431,0.07829
287,"Today, These kids often",cau_dmd,0.9,1,19,0.91877,0.52437,1.23261,1.23408,0.07778
287,"Today, These kids often",cau_dmd,0.99,1,25,0.9928,0.63614,2.19213,2.17711,0.08089
287,"Today, These kids often",dua_dmd,0.3,1,10,0.32204,0.46028,0.37418,0.38275,0.06938
287,"Today, These kids often",dua_dmd,0.5,1,12,0.56522,0.45668,0.54931,0.55674,0.06852
287,"Today, These kids often",dua_dmd,0.7,1,14,0.76924,0.48072,0.75433,0.75925,0.07187
287,"Today, These kids often",dua_dmd,0.9,1,17,0.92831,0.54085,1.12896,1.1279,0.07384
287,"Today, These kids often",dua_dmd,0.99,1,22,0.99227,0.63073,1.92026,1.90496,0.07589
161,"At work, These kids generally",euc_ctx,0.3,1,23,0.31186,0.35591,0.53413,0.5412,0.07589
161,"At work, These kids generally",euc_ctx,0.5,1,27,0.53025,0.34739,0.69855,0.70421,0.0892
161,"At work, These kids generally",euc_ctx,0.7,1,31,0.73713,0.37334,0.84763,0.85081,0.08809
161,"At work, These kids generally",euc_ctx,0.9,1,37,0.916,0.45704,1.08644,1.08403,0.09355
161,"At work, These kids generally",euc_ctx,0.99,1,47,0.99031,0.60007,1.66715,1.65179,0.09492
161,"At work, These kids generally",cau_ctx,0.3,1,43,0.30131,0.341,0.95442,0.96124,0.15829
161,"At work, These kids generally",cau_ctx,0.5,1,50,0.50156,0.27388,1.37795,1.38132,0.18705
161,"At work, These kids generally",cau_ctx,0.7,1,57,0.70111,0.22313,1.87955,1.87773,0.20301
161,"At work, These kids generally",cau_ctx,0.9,1,69,0.90892,0.16727,2.85243,2.83885,0.21932
161,"At work, These kids generally",cau_ctx,0.99,1,89,0.99099,0.11224,4.61865,4.5819,0.24208
161,"At work, These kids generally",dua_ctx,0.3,1,26,0.31465,0.40816,0.42555,0.43173,0.0733
161,"At work, These kids generally",dua_ctx,0.5,1,31,0.52339,0.40112,0.58235,0.58694,0.0843
161,"At work, These kids generally",dua_ctx,0.7,1,36,0.72346,0.41793,0.75229,0.75413,0.09435
161,"At work, These kids generally",dua_ctx,0.9,1,43,0.90323,0.47254,1.03789,1.03396,0.09278
161,"At work, These kids generally",dua_ctx,0.99,1,55,0.9903,0.58348,1.73297,1.71465,0.095
161,"At work, These kids generally",euc_unemb,0.3,1,10,0.30541,0.34806,0.41526,0.41891,0.16253
161,"At work, These kids generally",euc_unemb,0.5,1,12,0.55965,0.35311,0.57455,0.5761,0.16862
161,"At work, These kids generally",euc_unemb,0.7,1,14,0.78636,0.39938,0.77976,0.77754,0.19638
161,"At work, These kids generally",euc_unemb,0.9,1,16,0.91432,0.4649,1.05623,1.04855,0.20508
161,"At work, These kids generally",euc_unemb,0.99,1,21,0.99348,0.56928,2.02743,2.00101,0.2247
161,"At work, These kids generally",cau_unemb,0.3,1,11,0.31436,0.32211,0.45862,0.46414,0.16557
161,"At work, These kids generally",cau_unemb,0.5,1,13,0.5423,0.32525,0.57828,0.58234,0.16849
161,"At work, These kids generally",cau_unemb,0.7,1,15,0.75286,0.36351,0.70697,0.70836,0.16917
161,"At work, These kids generally",cau_unemb,0.9,1,18,0.92552,0.45595,0.98198,0.977,0.14356
161,"At work, These kids generally",cau_unemb,0.99,1,23,0.99209,0.56484,1.71554,1.69529,0.21282
161,"At work, These kids generally",dua_unemb,0.3,1,11,0.3818,0.40939,0.34106,0.3448,0.15402
161,"At work, These kids generally",dua_unemb,0.5,1,13,0.61201,0.42014,0.50124,0.50249,0.16497
161,"At work, These kids generally",dua_unemb,0.7,1,14,0.71362,0.43419,0.59828,0.59771,0.16759
161,"At work, These kids generally",dua_unemb,0.9,1,17,0.90694,0.49483,0.9519,0.94392,0.15388
161,"At work, These kids generally",dua_unemb,0.99,1,22,0.99039,0.58483,1.73399,1.70893,0.21965
161,"At work, These kids generally",euc_dmd,0.3,1,10,0.34875,0.30891,0.67514,0.68109,0.1769
161,"At work, These kids generally",euc_dmd,0.5,1,12,0.60418,0.30888,0.87045,0.8741,0.18757
161,"At work, These kids generally",euc_dmd,0.7,1,13,0.71938,0.32485,0.97265,0.97463,0.19811
161,"At work, These kids generally",euc_dmd,0.9,1,16,0.92251,0.41447,1.35398,1.34901,0.10468
161,"At work, These kids generally",euc_dmd,0.99,1,21,0.99316,0.56599,2.26148,2.24028,0.21595
161,"At work, These kids generally",cau_dmd,0.3,1,12,0.39821,0.301,0.85468,0.86225,0.20485
161,"At work, These kids generally",cau_dmd,0.5,1,13,0.50484,0.29855,0.93324,0.93993,0.20013
161,"At work, These kids generally",cau_dmd,0.7,1,15,0.70532,0.31312,1.11005,1.11417,0.16729
161,"At work, These kids generally",cau_dmd,0.9,1,19,0.92721,0.38608,1.61763,1.61367,0.17589
161,"At work, These kids generally",cau_dmd,0.99,1,25,0.99328,0.46806,2.7036,2.68257,0.17614
161,"At work, These kids generally",dua_dmd,0.3,1,10,0.3699,0.36586,0.49805,0.50395,0.16534
161,"At work, These kids generally",dua_dmd,0.5,1,12,0.61175,0.36775,0.69224,0.69631,0.06852
161,"At work, These kids generally",dua_dmd,0.7,1,13,0.71528,0.37941,0.79969,0.80237,0.08203
161,"At work, These kids generally",dua_dmd,0.9,1,16,0.90495,0.4382,1.18,1.17684,0.09634
161,"At work, These kids generally",dua_dmd,0.99,1,22,0.99237,0.5651,2.17173,2.15162,0.1036
280,"Usually, The workers usually",euc_ctx,0.3,1,14,0.30917,0.57029,0.18357,0.18891,0.12109
280,"Usually, The workers usually",euc_ctx,0.5,1,18,0.53452,0.57233,0.31595,0.32019,0.13921
280,"Usually, The workers usually",euc_ctx,0.7,1,22,0.74613,0.6014,0.48073,0.48218,0.1697
280,"Usually, The workers usually",euc_ctx,0.9,1,27,0.90451,0.6568,0.73499,0.73094,0.1488
280,"Usually, The workers usually",euc_ctx,0.99,1,38,0.99183,0.74946,1.46076,1.44058,0.15291
280,"Usually, The workers usually",cau_ctx,0.3,1,27,0.31834,0.61163,0.30034,0.30686,0.13821
280,"Usually, The workers usually",cau_ctx,0.5,1,34,0.52521,0.60548,0.48769,0.49292,0.18772
280,"Usually, The workers usually",cau_ctx,0.7,1,41,0.72344,0.61163,0.73121,0.73343,0.21954
280,"Usually, The workers usually",cau_ctx,0.9,1,52,0.90995,0.62894,1.23122,1.22579,0.21693
280,"Usually, The workers usually",cau_ctx,0.99,1,71,0.99057,0.61848,2.35304,2.3298,0.1858
280,"Usually, The workers usually",dua_ctx,0.3,1,17,0.3191,0.5853,0.1818,0.18667,0.12065
280,"Usually, The workers usually",dua_ctx,0.5,1,22,0.5134,0.58708,0.30247,0.30615,0.12794
280,"Usually, The workers usually",dua_ctx,0.7,1,27,0.70231,0.60461,0.45308,0.4542,0.13357
280,"Usually, The workers usually",dua_ctx,0.9,1,35,0.90554,0.65776,0.78255,0.77662,0.1407
280,"Usually, The workers usually",dua_ctx,0.99,1,47,0.99144,0.73786,1.51842,1.49618,0.04938
280,"Usually, The workers usually",euc_unemb,0.3,1,6,0.32803,0.5335,0.17101,0.17466,0.13901
280,"Usually, The workers usually",euc_unemb,0.5,1,8,0.60561,0.54459,0.3463,0.34781,0.19636
280,"Usually, The workers usually",euc_unemb,0.7,1,9,0.73177,0.56452,0.47326,0.47274,0.18496
280,"Usually, The workers usually",euc_unemb,0.9,1,12,0.93892,0.63542,0.99806,0.98822,0.22088
280,"Usually, The workers usually",euc_unemb,0.99,1,16,0.99359,0.6803,1.86904,1.84283,0.23106
280,"Usually, The workers usually",cau_unemb,0.3,1,7,0.37183,0.514,0.20947,0.21401,0.17509
280,"Usually, The workers usually",cau_unemb,0.5,1,9,0.62078,0.52596,0.35859,0.3613,0.18819
280,"Usually, The workers usually",cau_unemb,0.7,1,10,0.73098,0.54395,0.45642,0.45748,0.19069
280,"Usually, The workers usually",cau_unemb,0.9,1,13,0.92497,0.6111,0.84637,0.84001,0.19413
280,"Usually, The workers usually",cau_unemb,0.99,1,18,0.99333,0.66903,1.70253,1.67928,0.22539
280,"Usually, The workers usually",dua_unemb,0.3,1,7,0.41284,0.56188,0.18233,0.18557,0.05636
280,"Usually, The workers usually",dua_unemb,0.5,1,8,0.5352,0.56625,0.25796,0.26023,0.07427
280,"Usually, The workers usually",dua_unemb,0.7,1,10,0.75094,0.58906,0.46104,0.45993,0.1627
280,"Usually, The workers usually",dua_unemb,0.9,1,13,0.92884,0.63632,0.87637,0.86704,0.21455
280,"Usually, The workers usually",dua_unemb,0.99,1,17,0.99049,0.67785,1.57967,1.55561,0.22226
280,"Usually, The workers usually",euc_dmd,0.3,1,6,0.34061,0.53333,0.24692,0.25222,0.18678
280,"Usually, The workers usually",euc_dmd,0.5,1,8,0.61538,0.54149,0.4426,0.44594,0.1816
280,"Usually, The workers usually",euc_dmd,0.7,1,9,0.73704,0.56078,0.57049,0.57194,0.19936
280,"Usually, The workers usually",euc_dmd,0.9,1,12,0.93669,0.6395,1.08361,1.0765,0.21139
280,"Usually, The workers usually",euc_dmd,0.99,1,16,0.9924,0.71247,1.94104,1.919,0.23497
280,"Usually, The workers usually",cau_dmd,0.3,1,7,0.3476,0.5276,0.33273,0.33915,0.20642
280,"Usually, The workers usually",cau_dmd,0.5,1,9,0.57532,0.52928,0.49884,0.50377,0.21739
280,"Usually, The workers usually",cau_dmd,0.7,1,11,0.7712,0.55599,0.72019,0.72192,0.20448
280,"Usually, The workers usually",cau_dmd,0.9,1,14,0.92754,0.61065,1.17832,1.17279,0.20629
280,"Usually, The workers usually",cau_dmd,0.99,1,19,0.99107,0.66943,2.12332,2.10238,0.21336
280,"Usually, The workers usually",dua_dmd,0.3,1,6,0.33709,0.55148,0.20235,0.20726,0.13427
280,"Usually, The workers usually",dua_dmd,0.5,1,8,0.58703,0.55439,0.38322,0.38685,0.16686
280,"Usually, The workers usually",dua_dmd,0.7,1,10,0.78509,0.58016,0.61856,0.61919,0.18859
280,"Usually, The workers usually",dua_dmd,0.9,1,12,0.90004,0.61544,0.9032,0.8994,0.20653
280,"Usually, The workers usually",dua_dmd,0.99,1,18,0.99306,0.701,1.97149,1.9488,0.22608
210,"Every day, Voters always",euc_ctx,0.3,1,11,0.30716,0.68417,0.10547,0.1116,0.01784
210,"Every day, Voters always",euc_ctx,0.5,1,15,0.5395,0.69163,0.21984,0.22549,0.02165
210,"Every day, Voters always",euc_ctx,0.7,1,18,0.70796,0.70758,0.33683,0.34077,0.04589
210,"Every day, Voters always",euc_ctx,0.9,1,24,0.91174,0.74875,0.64121,0.63892,0.0496
210,"Every day, Voters always",euc_ctx,0.99,1,34,0.99128,0.7923,1.28025,1.26373,0.05097
210,"Every day, Voters always",cau_ctx,0.3,1,22,0.31051,0.7093,0.19785,0.20478,0.03233
210,"Every day, Voters always",cau_ctx,0.5,1,29,0.51348,0.70336,0.36438,0.37079,0.03728
210,"Every day, Voters always",cau_ctx,0.7,1,36,0.7116,0.7026,0.58726,0.59138,0.05253
210,"Every day, Voters always",cau_ctx,0.9,1,47,0.90333,0.70594,1.03413,1.03177,0.17351
210,"Every day, Voters always",cau_ctx,0.99,1,67,0.99063,0.6853,2.05497,2.03623,0.19244
210,"Every day, Voters always",dua_ctx,0.3,1,14,0.32916,0.68976,0.12708,0.13302,0.01866
210,"Every day, Voters always",dua_ctx,0.5,1,19,0.52519,0.69122,0.2497,0.25492,0.02195
210,"Every day, Voters always",dua_ctx,0.7,1,24,0.71456,0.69782,0.42021,0.42306,0.0256
210,"Every day, Voters always",dua_ctx,0.9,1,31,0.90029,0.71695,0.74394,0.74072,0.04972
210,"Every day, Voters always",dua_ctx,0.99,1,42,0.99022,0.75158,1.42322,1.40536,0.05187
210,"Every day, Voters always",euc_unemb,0.3,1,5,0.34406,0.6623,0.08252,0.08711,0.03832
210,"Every day, Voters always",euc_unemb,0.5,1,7,0.62408,0.68602,0.20597,0.20892,0.0437
210,"Every day, Voters always",euc_unemb,0.7,1,8,0.74746,0.70524,0.30604,0.30706,0.02636
210,"Every day, Voters always",euc_unemb,0.9,1,10,0.90425,0.73958,0.58197,0.57728,0.12923
210,"Every day, Voters always",euc_unemb,0.99,1,15,0.99432,0.75869,1.49552,1.47144,0.19161
210,"Every day, Voters always",cau_unemb,0.3,1,5,0.30203,0.63747,0.06882,0.07454,0.03554
210,"Every day, Voters always",cau_unemb,0.5,1,7,0.55634,0.65223,0.14643,0.15176,0.04379
210,"Every day, Voters always",cau_unemb,0.7,1,9,0.7841,0.69311,0.2827,0.28532,0.04455
210,"Every day, Voters always",cau_unemb,0.9,1,11,0.9131,0.73355,0.49,0.48791,0.04812
210,"Every day, Voters always",cau_unemb,0.99,1,16,0.9933,0.76778,1.19811,1.18012,0.15544
210,"Every day, Voters always",dua_unemb,0.3,1,5,0.32446,0.67152,0.07201,0.07617,0.03418
210,"Every day, Voters always",dua_unemb,0.5,1,7,0.57837,0.68857,0.17484,0.1777,0.02266
210,"Every day, Voters always",dua_unemb,0.7,1,9,0.79185,0.71988,0.34824,0.34758,0.02482
210,"Every day, Voters always",dua_unemb,0.9,1,11,0.91422,0.74951,0.5921,0.58603,0.03563
210,"Every day, Voters always",dua_unemb,0.99,1,16,0.99382,0.7753,1.39595,1.37171,0.19902
210,"Every day, Voters always",euc_dmd,0.3,1,5,0.37428,0.62108,0.11641,0.12275,0.04188
210,"Every day, Voters always",euc_dmd,0.5,1,6,0.51993,0.62917,0.16806,0.17417,0.04458
210,"Every day, Voters always",euc_dmd,0.7,1,8,0.77938,0.67537,0.31794,0.32145,0.05458
210,"Every day, Voters always",euc_dmd,0.9,1,10,0.91955,0.72973,0.54954,0.54805,0.07428
210,"Every day, Voters always",euc_dmd,0.99,1,14,0.99145,0.7858,1.19072,1.17563,0.177
210,"Every day, Voters always",cau_dmd,0.3,1,5,0.3074,0.59486,0.11883,0.12623,0.04792
210,"Every day, Voters always",cau_dmd,0.5,1,7,0.55703,0.60491,0.19515,0.20278,0.04669
210,"Every day, Voters always",cau_dmd,0.7,1,9,0.77736,0.65337,0.29962,0.3054,0.05756
210,"Every day, Voters always",cau_dmd,0.9,1,11,0.90473,0.71255,0.46558,0.46775,0.07272
210,"Every day, Voters always",cau_dmd,0.99,1,16,0.99064,0.80014,1.10364,1.09262,0.08384
210,"Every day, Voters always",dua_dmd,0.3,1,5,0.37003,0.64075,0.10006,0.10574,0.02142
210,"Every day, Voters always",dua_dmd,0.5,1,6,0.51099,0.64344,0.15074,0.15632,0.04445
210,"Every day, Voters always",dua_dmd,0.7,1,8,0.76117,0.67048,0.28439,0.28824,0.05156
210,"Every day, Voters always",dua_dmd,0.9,1,10,0.90365,0.71191,0.46204,0.46236,0.05752
210,"Every day, Voters always",dua_dmd,0.99,1,15,0.99268,0.78637,1.10731,1.09353,0.08034
17,"At work, They always",euc_ctx,0.3,1,27,0.30219,0.25713,0.93341,0.93552,0.22597
17,"At work, They always",euc_ctx,0.5,1,31,0.51673,0.23499,1.06934,1.06913,0.22864
17,"At work, They always",euc_ctx,0.7,1,35,0.72383,0.24729,1.10035,1.09723,0.22442
17,"At work, They always",euc_ctx,0.9,1,41,0.90823,0.31884,1.02968,1.02114,0.2006
17,"At work, They always",euc_ctx,0.99,1,52,0.99068,0.52505,0.96415,0.94257,0.06773
17,"At work, They always",cau_ctx,0.3,1,53,0.30862,0.19059,1.43825,1.4366,0.23348
17,"At work, They always",cau_ctx,0.5,1,60,0.50357,0.13422,1.86828,1.86137,0.23442
17,"At work, They always",cau_ctx,0.7,1,68,0.72118,0.09502,2.37727,2.3627,0.23171
17,"At work, They always",cau_ctx,0.9,1,79,0.9032,0.0664,3.08783,3.06084,0.21506
17,"At work, They always",cau_ctx,0.99,1,100,0.99069,0.04108,4.45536,4.40215,0.22197
17,"At work, They always",dua_ctx,0.3,1,31,0.32486,0.40257,0.57365,0.57663,0.08272
17,"At work, They always",dua_ctx,0.5,1,36,0.54341,0.38485,0.67606,0.67658,0.16598
17,"At work, They always",dua_ctx,0.7,1,40,0.71107,0.39213,0.72843,0.72618,0.16495
17,"At work, They always",dua_ctx,0.9,1,47,0.90093,0.4419,0.79096,0.78225,0.15404
17,"At work, They always",dua_ctx,0.99,1,60,0.99112,0.5786,0.97866,0.95384,0.03433
17,"At work, They always",euc_unemb,0.3,1,12,0.40481,0.40507,0.52183,0.52469,0.08652
17,"At work, They always",euc_unemb,0.5,1,13,0.5441,0.41227,0.57508,0.57661,0.08497
17,"At work, They always",euc_unemb,0.7,1,15,0.78637,0.47303,0.6853,0.68292,0.09652
17,"At work, They always",euc_unemb,0.9,1,17,0.91919,0.57004,0.82879,0.82082,0.19712
17,"At work, They always",euc_unemb,0.99,1,21,0.99091,0.72712,1.25847,1.23552,0.24139
17,"At work, They always",cau_unemb,0.3,1,13,0.37769,0.39448,0.50162,0.50856,0.16152
17,"At work, They always",cau_unemb,0.5,1,14,0.50133,0.39875,0.53365,0.53982,0.16058
17,"At work, They always",cau_unemb,0.7,1,16,0.73371,0.44711,0.58302,0.58671,0.16298
17,"At work, They always",cau_unemb,0.9,1,19,0.92566,0.58325,0.68947,0.68693,0.18583
17,"At work, They always",cau_unemb,0.99,1,24,0.99344,0.76028,1.08739,1.06935,0.23434
17,"At work, They always",dua_unemb,0.3,1,12,0.35083,0.52477,0.30736,0.31105,0.03215
17,"At work, They always",dua_unemb,0.5,1,14,0.5871,0.53718,0.40362,0.40477,0.05587
17,"At work, They always",dua_unemb,0.7,1,16,0.7834,0.57631,0.53159,0.52873,0.08746
17,"At work, They always",dua_unemb,0.9,1,18,0.90251,0.62833,0.68731,0.67912,0.08854
17,"At work, They always",dua_unemb,0.99,1,23,0.99123,0.74099,1.15682,1.13115,0.18368
17,"At work, They always",euc_dmd,0.3,1,12,0.40875,0.24157,1.02111,1.02275,0.23298
17,"At work, They always",euc_dmd,0.5,1,13,0.54367,0.23698,1.08868,1.08887,0.24034
17,"At work, They always",euc_dmd,0.7,1,15,0.77852,0.2645,1.1618,1.15841,0.23455
17,"At work, They always",euc_dmd,0.9,1,17,0.91134,0.3328,1.20175,1.19393,0.23248
17,"At work, They always",euc_dmd,0.99,1,22,0.99313,0.57377,1.43851,1.41606,0.25354
17,"At work, They always",cau_dmd,0.3,1,13,0.30022,0.24955,1.0254,1.03106,0.23224
17,"At work, They always",cau_dmd,0.5,1,15,0.51195,0.23507,1.11318,1.11701,0.24382
17,"At work, They always",cau_dmd,0.7,1,17,0.71658,0.25464,1.14217,1.14356,0.23551
17,"At work, They always",cau_dmd,0.9,1,20,0.90229,0.33901,1.15666,1.15325,0.22548
17,"At work, They always",cau_dmd,0.99,1,26,0.99135,0.5904,1.38887,1.37177,0.23195
17,"At work, They always",dua_dmd,0.3,1,12,0.40158,0.39065,0.60247,0.60612,0.0924
17,"At work, They always",dua_dmd,0.5,1,13,0.52212,0.38692,0.65757,0.66008,0.09297
17,"At work, They always",dua_dmd,0.7,1,15,0.73607,0.40321,0.75491,0.7543,0.09075
17,"At work, They always",dua_dmd,0.9,1,18,0.91672,0.4659,0.90848,0.90139,0.09073
17,"At work, They always",dua_dmd,0.99,1,23,0.99111,0.59808,1.24768,1.22653,0.09775
273,"At home, I always",euc_ctx,0.3,1,35,0.33273,0.13816,1.60159,1.59766,0.3303
273,"At home, I always",euc_ctx,0.5,1,39,0.55222,0.13067,1.72469,1.71775,0.32852
273,"At home, I always",euc_ctx,0.7,1,42,0.70685,0.13907,1.74367,1.7342,0.3059
273,"At home, I always",euc_ctx,0.9,1,48,0.90007,0.18717,1.65681,1.64148,0.28007
273,"At home, I always",euc_ctx,0.99,1,60,0.99137,0.35533,1.46843,1.43784,0.19005
273,"At home, I always",cau_ctx,0.3,1,72,0.32035,0.05231,3.00031,2.98231,0.31805
273,"At home, I always",cau_ctx,0.5,1,79,0.51181,0.03133,3.5909,3.56481,0.32002
273,"At home, I always",cau_ctx,0.7,1,86,0.70121,0.02042,4.17124,4.13617,0.31748
273,"At home, I always",cau_ctx,0.9,1,98,0.90482,0.01223,5.1167,5.06515,0.31352
273,"At home, I always",cau_ctx,0.99,1,118,0.99037,0.00738,6.56815,6.4886,0.32225
273,"At home, I always",dua_ctx,0.3,1,38,0.31971,0.30147,0.91754,0.91622,0.21894
273,"At home, I always",dua_ctx,0.5,1,42,0.50313,0.2845,1.03792,1.03421,0.22206
273,"At home, I always",dua_ctx,0.7,1,47,0.72379,0.29031,1.12492,1.11738,0.08106
273,"At home, I always",dua_ctx,0.9,1,54,0.90868,0.33926,1.14701,1.1326,0.07432
273,"At home, I always",dua_ctx,0.99,1,67,0.99158,0.48201,1.17731,1.14635,0.05913
273,"At home, I always",euc_unemb,0.3,1,15,0.38906,0.28583,0.95708,0.95841,0.21789
273,"At home, I always",euc_unemb,0.5,1,16,0.52957,0.29469,1.02463,1.0246,0.26381
273,"At home, I always",euc_unemb,0.7,1,18,0.778,0.35916,1.13161,1.12786,0.26262
273,"At home, I always",euc_unemb,0.9,1,20,0.91558,0.47094,1.23634,1.22734,0.28075
273,"At home, I always",euc_unemb,0.99,1,24,0.99026,0.67956,1.60025,1.57638,0.27445
273,"At home, I always",cau_unemb,0.3,1,16,0.32766,0.28216,0.95661,0.96189,0.2683
273,"At home, I always",cau_unemb,0.5,1,18,0.56881,0.30144,1.0054,1.00876,0.26263
273,"At home, I always",cau_unemb,0.7,1,20,0.77913,0.37003,0.99775,0.9982,0.26225
273,"At home, I always",cau_unemb,0.9,1,22,0.9031,0.47667,0.99347,0.98979,0.27789
273,"At home, I always",cau_unemb,0.99,1,27,0.99017,0.72306,1.24255,1.22348,0.21844
273,"At home, I always",dua_unemb,0.3,1,15,0.33815,0.46054,0.50798,0.51135,0.06525
273,"At home, I always",dua_unemb,0.5,1,17,0.56829,0.46843,0.63847,0.63908,0.06758
273,"At home, I always",dua_unemb,0.7,1,19,0.76519,0.50173,0.77785,0.77431,0.22552
273,"At home, I always",dua_unemb,0.9,1,22,0.92803,0.57725,0.99574,0.98367,0.21873
273,"At home, I always",dua_unemb,0.99,1,27,0.99327,0.69135,1.43651,1.40576,0.22
273,"At home, I always",euc_dmd,0.3,1,15,0.42113,0.14701,1.74074,1.7399,0.33673
273,"At home, I always",euc_dmd,0.5,1,16,0.55186,0.14893,1.78879,1.78636,0.33146
273,"At home, I always",euc_dmd,0.7,1,18,0.77646,0.17797,1.83078,1.82469,0.30759
273,"At home, I always",euc_dmd,0.9,1,20,0.90591,0.23925,1.84527,1.8348,0.29321
273,"At home, I always",euc_dmd,0.99,1,25,0.99152,0.47686,1.98538,1.9604,0.30005
273,"At home, I always",cau_dmd,0.3,1,17,0.34074,0.16005,1.787,1.78933,0.33144
273,"At home, I always",cau_dmd,0.5,1,19,0.54483,0.15741,1.84732,1.84692,0.29908
273,"At home, I always",cau_dmd,0.7,1,21,0.73218,0.17233,1.90291,1.89911,0.28699
273,"At home, I always",cau_dmd,0.9,1,24,0.90253,0.21842,2.0166,2.00637,0.26703
273,"At home, I always",cau_dmd,0.99,1,30,0.99028,0.32548,2.42459,2.39738,0.2453
273,"At home, I always",dua_dmd,0.3,1,14,0.37911,0.30896,0.9244,0.9284,0.20983
273,"At home, I always",dua_dmd,0.5,1,15,0.50341,0.30437,1.00636,1.0092,0.21102
273,"At home, I always",dua_dmd,0.7,1,17,0.72025,0.3192,1.1415,1.14125,0.26479
273,"At home, I always",dua_dmd,0.9,1,20,0.90125,0.379,1.30877,1.30226,0.26537
273,"At home, I always",dua_dmd,0.99,1,26,0.99049,0.53794,1.63766,1.61442,0.23086
30,"At home, I often",euc_ctx,0.3,1,37,0.31847,0.25974,1.39885,1.4003,0.20067
30,"At home, I often",euc_ctx,0.5,1,41,0.54341,0.2503,1.57244,1.5706,0.19892
30,"At home, I often",euc_ctx,0.7,1,44,0.70372,0.26583,1.6456,1.64074,0.19629
30,"At home, I often",euc_ctx,0.9,1,50,0.90214,0.34174,1.70739,1.69508,0.15992
30,"At home, I often",euc_ctx,0.99,1,61,0.99031,0.52074,1.89305,1.86293,0.1583
30,"At home, I often",cau_ctx,0.3,1,72,0.32635,0.07454,3.25136,3.23562,0.21573
30,"At home, I often",cau_ctx,0.5,1,78,0.50798,0.04509,3.9576,3.93356,0.21752
30,"At home, I often",cau_ctx,0.7,1,85,0.71382,0.02879,4.71317,4.67886,0.22118
30,"At home, I often",cau_ctx,0.9,1,96,0.90895,0.0188,5.7447,5.6937,0.22323
30,"At home, I often",cau_ctx,0.99,1,115,0.99104,0.01322,7.29687,7.217,0.22348
30,"At home, I often",dua_ctx,0.3,1,40,0.32021,0.37033,0.97468,0.97705,0.17178
30,"At home, I often",dua_ctx,0.5,1,44,0.50401,0.35786,1.11729,1.11696,0.17245
30,"At home, I often",dua_ctx,0.7,1,49,0.72251,0.37252,1.25283,1.24795,0.16448
30,"At home, I often",dua_ctx,0.9,1,56,0.90661,0.43485,1.39286,1.37955,0.14428
30,"At home, I often",dua_ctx,0.99,1,69,0.99163,0.57645,1.74718,1.7131,0.14664
30,"At home, I often",euc_unemb,0.3,1,15,0.31288,0.37182,0.82818,0.8342,0.14803
30,"At home, I often",euc_unemb,0.5,1,17,0.6087,0.38846,1.05486,1.05765,0.20429
30,"At home, I often",euc_unemb,0.7,1,18,0.74161,0.42263,1.18055,1.18097,0.21123
30,"At home, I often",euc_unemb,0.9,1,20,0.90678,0.52176,1.46563,1.45979,0.21924
30,"At home, I often",euc_unemb,0.99,1,24,0.99093,0.68535,2.15007,2.12695,0.22889
30,"At home, I often",cau_unemb,0.3,1,17,0.33057,0.35321,0.91894,0.92777,0.17707
30,"At home, I often",cau_unemb,0.5,1,19,0.58674,0.37192,1.04224,1.04866,0.18971
30,"At home, I often",cau_unemb,0.7,1,20,0.70576,0.40077,1.10255,1.10721,0.20939
30,"At home, I often",cau_unemb,0.9,1,23,0.91933,0.53369,1.33151,1.32861,0.20448
30,"At home, I often",cau_unemb,0.99,1,28,0.99319,0.70063,1.93148,1.91015,0.2154
30,"At home, I often",dua_unemb,0.3,1,16,0.40176,0.47443,0.60654,0.61223,0.13994
30,"At home, I often",dua_unemb,0.5,1,17,0.5324,0.48022,0.70006,0.70433,0.15199
30,"At home, I often",dua_unemb,0.7,1,19,0.76073,0.51754,0.91466,0.9148,0.19027
30,"At home, I often",dua_unemb,0.9,1,22,0.93743,0.60536,1.28552,1.27645,0.20782
30,"At home, I often",dua_unemb,0.99,1,26,0.99248,0.70148,1.85352,1.82794,0.21403
30,"At home, I often",euc_dmd,0.3,1,16,0.40064,0.24998,1.58255,1.58697,0.21185
30,"At home, I often",euc_dmd,0.5,1,17,0.53967,0.25315,1.70955,1.71225,0.20934
30,"At home, I often",euc_dmd,0.7,1,19,0.78104,0.29812,1.95805,1.9564,0.2333
30,"At home, I often",euc_dmd,0.9,1,21,0.91464,0.38457,2.21349,2.20626,0.22447
30,"At home, I often",euc_dmd,0.99,1,26,0.99381,0.62798,2.97543,2.94949,0.2299
30,"At home, I often",cau_dmd,0.3,1,19,0.3529,0.26958,1.7905,1.79728,0.22004
30,"At home, I often",cau_dmd,0.5,1,21,0.56826,0.26736,2.01616,2.01981,0.21376
30,"At home, I often",cau_dmd,0.7,1,23,0.7589,0.2883,2.26526,2.26473,0.19012
30,"At home, I often",cau_dmd,0.9,1,26,0.91995,0.34385,2.68705,2.67842,0.19281
30,"At home, I often",cau_dmd,0.99,1,32,0.99332,0.44517,3.6613,3.63227,0.20157
30,"At home, I often",dua_dmd,0.3,1,15,0.3065,0.36255,0.98724,0.99449,0.19497
30,"At home, I often",dua_dmd,0.5,1,17,0.53774,0.3604,1.21213,1.21708,0.22521
30,"At home, I often",dua_dmd,0.7,1,19,0.73952,0.3893,1.44875,1.45025,0.22184
30,"At home, I often",dua_dmd,0.9,1,22,0.91158,0.46648,1.81043,1.80476,0.20745
30,"At home, I often",dua_dmd,0.99,1,28,0.9935,0.63482,2.6072,2.58138,0.22846
197,"Over time, These kids now",euc_ctx,0.3,1,15,0.34316,0.32386,0.23592,0.24006,0.06241
197,"Over time, These kids now",euc_ctx,0.5,1,18,0.50761,0.31612,0.29373,0.29747,0.06612
197,"Over time, These kids now",euc_ctx,0.7,1,22,0.7183,0.33956,0.34971,0.35222,0.06525
197,"Over time, These kids now",euc_ctx,0.9,1,28,0.90826,0.43303,0.42573,0.42489,0.05852
197,"Over time, These kids now",euc_ctx,0.99,1,39,0.9916,0.64399,0.74784,0.73692,0.04214
197,"Over time, These kids now",cau_ctx,0.3,1,28,0.31794,0.31868,0.35076,0.35625,0.04695
197,"Over time, These kids now",cau_ctx,0.5,1,35,0.51777,0.29261,0.50933,0.51407,0.05932
197,"Over time, These kids now",cau_ctx,0.7,1,42,0.71381,0.29135,0.68252,0.68552,0.06273
197,"Over time, These kids now",cau_ctx,0.9,1,53,0.90552,0.31986,1.02103,1.01924,0.1977
197,"Over time, These kids now",cau_ctx,0.99,1,72,0.99062,0.35621,1.92459,1.90951,0.24628
197,"Over time, These kids now",dua_ctx,0.3,1,17,0.30412,0.3979,0.16601,0.16981,0.04893
197,"Over time, These kids now",dua_ctx,0.5,1,22,0.50657,0.38636,0.24332,0.24667,0.05174
197,"Over time, These kids now",dua_ctx,0.7,1,27,0.70696,0.40003,0.31846,0.32055,0.05253
197,"Over time, These kids now",dua_ctx,0.9,1,35,0.9108,0.46657,0.4567,0.455,0.0447
197,"Over time, These kids now",dua_ctx,0.99,1,47,0.99098,0.60574,0.80707,0.79594,0.04903
197,"Over time, These kids now",euc_unemb,0.3,1,7,0.33468,0.37668,0.17029,0.17253,0.04077
197,"Over time, These kids now",euc_unemb,0.5,1,9,0.57033,0.38372,0.24139,0.24232,0.04072
197,"Over time, These kids now",euc_unemb,0.7,1,11,0.77868,0.43329,0.31992,0.3183,0.04496
197,"Over time, These kids now",euc_unemb,0.9,1,13,0.90357,0.50923,0.43864,0.43318,0.05022
197,"Over time, These kids now",euc_unemb,0.99,1,18,0.99106,0.6658,1.01151,0.992,0.04336
197,"Over time, These kids now",cau_unemb,0.3,1,7,0.30866,0.34525,0.16364,0.16693,0.04542
197,"Over time, These kids now",cau_unemb,0.5,1,9,0.53012,0.34236,0.21251,0.21516,0.04326
197,"Over time, These kids now",cau_unemb,0.7,1,11,0.74028,0.38114,0.24354,0.24462,0.04016
197,"Over time, These kids now",cau_unemb,0.9,1,14,0.9196,0.49527,0.32016,0.31702,0.0432
197,"Over time, These kids now",cau_unemb,0.99,1,19,0.99142,0.67771,0.69581,0.68141,0.03939
197,"Over time, These kids now",dua_unemb,0.3,1,8,0.37728,0.43651,0.13592,0.13793,0.03661
197,"Over time, These kids now",dua_unemb,0.5,1,10,0.58229,0.45271,0.1972,0.1978,0.03808
197,"Over time, These kids now",dua_unemb,0.7,1,12,0.76078,0.49189,0.28064,0.2787,0.03988
197,"Over time, These kids now",dua_unemb,0.9,1,15,0.91842,0.57169,0.47887,0.47108,0.03287
197,"Over time, These kids now",dua_unemb,0.99,1,20,0.99083,0.68004,1.04262,1.02072,0.04038
197,"Over time, These kids now",euc_dmd,0.3,1,6,0.32621,0.30604,0.24037,0.24386,0.05169
197,"Over time, These kids now",euc_dmd,0.5,1,8,0.58964,0.29582,0.3308,0.3332,0.0588
197,"Over time, These kids now",euc_dmd,0.7,1,9,0.7113,0.31004,0.36703,0.36842,0.05972
197,"Over time, These kids now",euc_dmd,0.9,1,12,0.92408,0.40828,0.49604,0.49272,0.06099
197,"Over time, These kids now",euc_dmd,0.99,1,17,0.99388,0.60314,0.93706,0.92146,0.05816
197,"Over time, These kids now",cau_dmd,0.3,1,7,0.39429,0.27155,0.30178,0.30629,0.06404
197,"Over time, These kids now",cau_dmd,0.5,1,8,0.51476,0.26668,0.33463,0.3388,0.06438
197,"Over time, These kids now",cau_dmd,0.7,1,10,0.7338,0.2872,0.38264,0.38546,0.06241
197,"Over time, These kids now",cau_dmd,0.9,1,13,0.9165,0.37024,0.48237,0.48146,0.05601
197,"Over time, These kids now",cau_dmd,0.99,1,19,0.99338,0.53684,0.98108,0.96762,0.04672
197,"Over time, These kids now",dua_dmd,0.3,1,6,0.31715,0.38409,0.14385,0.14695,0.0448
197,"Over time, These kids now",dua_dmd,0.5,1,8,0.56829,0.37291,0.22233,0.22483,0.05194
197,"Over time, These kids now",dua_dmd,0.7,1,10,0.78364,0.39561,0.30284,0.30375,0.05425
197,"Over time, These kids now",dua_dmd,0.9,1,12,0.90658,0.4404,0.39787,0.39625,0.04968
197,"Over time, These kids now",dua_dmd,0.99,1,17,0.99054,0.57069,0.7707,0.75936,0.0532
146,"At home, Our customers really",euc_ctx,0.3,1,21,0.31697,0.37786,0.48797,0.49447,0.23643
146,"At home, Our customers really",euc_ctx,0.5,1,25,0.53307,0.37069,0.65609,0.66149,0.24793
146,"At home, Our customers really",euc_ctx,0.7,1,29,0.73621,0.39799,0.81051,0.81384,0.25451
146,"At home, Our customers really",euc_ctx,0.9,1,35,0.91327,0.48321,1.05449,1.05302,0.12149
146,"At home, Our customers really",euc_ctx,0.99,1,46,0.99136,0.63749,1.70085,1.68671,0.29926
146,"At home, Our customers really",cau_ctx,0.3,1,37,0.31698,0.3565,0.49757,0.50444,0.05473
146,"At home, Our customers really",cau_ctx,0.5,1,43,0.50125,0.33216,0.67483,0.68036,0.07726
146,"At home, Our customers really",cau_ctx,0.7,1,50,0.7114,0.31876,0.93293,0.93551,0.22721
146,"At home, Our customers really",cau_ctx,0.9,1,61,0.90885,0.30409,1.47816,1.47326,0.29991
146,"At home, Our customers really",cau_ctx,0.99,1,80,0.9906,0.23765,2.73805,2.71502,0.33233
146,"At home, Our customers really",dua_ctx,0.3,1,24,0.31072,0.44688,0.31292,0.31839,0.08172
146,"At home, Our customers really",dua_ctx,0.5,1,29,0.50839,0.43907,0.4541,0.45836,0.09021
146,"At home, Our customers really",dua_ctx,0.7,1,34,0.70192,0.44846,0.62263,0.62467,0.10063
146,"At home, Our customers really",dua_ctx,0.9,1,42,0.90536,0.49331,0.96014,0.9565,0.11837
146,"At home, Our customers really",dua_ctx,0.99,1,54,0.99012,0.58473,1.63491,1.61874,0.12385
146,"At home, Our customers really",euc_unemb,0.3,1,10,0.3525,0.4534,0.3205,0.32266,0.10052
146,"At home, Our customers really",euc_unemb,0.5,1,12,0.59236,0.47401,0.45113,0.45078,0.11166
146,"At home, Our customers really",euc_unemb,0.7,1,13,0.70308,0.49493,0.54255,0.5403,0.11958
146,"At home, Our customers really",euc_unemb,0.9,1,16,0.9102,0.56619,0.96699,0.95652,0.1128
146,"At home, Our customers really",euc_unemb,0.99,1,21,0.99104,0.61588,2.02055,1.99148,0.13588
146,"At home, Our customers really",cau_unemb,0.3,1,11,0.34799,0.44934,0.3839,0.38793,0.26897
146,"At home, Our customers really",cau_unemb,0.5,1,13,0.55561,0.46798,0.48044,0.48268,0.10223
146,"At home, Our customers really",cau_unemb,0.7,1,15,0.74309,0.50884,0.62099,0.62014,0.11024
146,"At home, Our customers really",cau_unemb,0.9,1,18,0.90892,0.57797,0.96893,0.96118,0.10955
146,"At home, Our customers really",cau_unemb,0.99,1,24,0.99122,0.63674,2.00029,1.97398,0.13092
146,"At home, Our customers really",dua_unemb,0.3,1,10,0.32293,0.49286,0.2069,0.20815,0.02982
146,"At home, Our customers really",dua_unemb,0.5,1,12,0.52333,0.50398,0.32276,0.32169,0.08031
146,"At home, Our customers really",dua_unemb,0.7,1,14,0.70306,0.52696,0.49104,0.48646,0.08702
146,"At home, Our customers really",dua_unemb,0.9,1,18,0.90996,0.57701,1.01424,0.99952,0.09907
146,"At home, Our customers really",dua_unemb,0.99,1,24,0.99054,0.60686,2.17527,2.13966,0.1264
146,"At home, Our customers really",euc_dmd,0.3,1,10,0.32668,0.38982,0.55306,0.55689,0.32791
146,"At home, Our customers really",euc_dmd,0.5,1,12,0.54669,0.39404,0.69777,0.69949,0.34587
146,"At home, Our customers really",euc_dmd,0.7,1,14,0.74692,0.4304,0.87419,0.87256,0.12615
146,"At home, Our customers really",euc_dmd,0.9,1,17,0.91702,0.51404,1.26869,1.25986,0.13188
146,"At home, Our customers really",euc_dmd,0.99,1,23,0.99329,0.62418,2.43729,2.409,0.14282
146,"At home, Our customers really",cau_dmd,0.3,1,12,0.37581,0.37811,0.67055,0.67602,0.34982
146,"At home, Our customers really",cau_dmd,0.5,1,14,0.56374,0.38763,0.78444,0.78824,0.34518
146,"At home, Our customers really",cau_dmd,0.7,1,16,0.73253,0.41929,0.92434,0.92557,0.13137
146,"At home, Our customers really",cau_dmd,0.9,1,20,0.92314,0.51041,1.35926,1.35285,0.11978
146,"At home, Our customers really",cau_dmd,0.99,1,26,0.99078,0.59392,2.32583,2.30365,0.13924
146,"At home, Our customers really",dua_dmd,0.3,1,10,0.34207,0.44071,0.34406,0.34721,0.10015
146,"At home, Our customers really",dua_dmd,0.5,1,12,0.53732,0.44523,0.48889,0.48992,0.09994
146,"At home, Our customers really",dua_dmd,0.7,1,14,0.70276,0.46465,0.67188,0.66981,0.11346
146,"At home, Our customers really",dua_dmd,0.9,1,19,0.91961,0.53425,1.31168,1.2987,0.12183
146,"At home, Our customers really",dua_dmd,0.99,1,26,0.99188,0.60869,2.52834,2.49482,0.13922
282,"Today, We never",euc_ctx,0.3,1,28,0.34772,0.15805,0.89942,0.89889,0.22972
282,"Today, We never",euc_ctx,0.5,1,31,0.51486,0.15554,0.98576,0.98383,0.23052
282,"Today, We never",euc_ctx,0.7,1,35,0.72543,0.17555,1.03631,1.03211,0.22417
282,"Today, We never",euc_ctx,0.9,1,41,0.91076,0.25517,1.02491,1.01633,0.21617
282,"Today, We never",euc_ctx,0.99,1,52,0.99122,0.49451,1.12484,1.10454,0.19203
282,"Today, We never",cau_ctx,0.3,1,53,0.32322,0.13336,1.2733,1.27061,0.21725
282,"Today, We never",cau_ctx,0.5,1,60,0.52295,0.12089,1.49774,1.49223,0.21782
282,"Today, We never",cau_ctx,0.7,1,67,0.71414,0.12331,1.68641,1.67744,0.20287
282,"Today, We never",cau_ctx,0.9,1,79,0.90946,0.14759,2.00576,1.98907,0.20776
282,"Today, We never",cau_ctx,0.99,1,100,0.99071,0.17282,2.93213,2.89597,0.18067
282,"Today, We never",dua_ctx,0.3,1,30,0.31336,0.26323,0.55536,0.55683,0.199
282,"Today, We never",dua_ctx,0.5,1,35,0.54768,0.25746,0.67777,0.67708,0.20713
282,"Today, We never",dua_ctx,0.7,1,39,0.72233,0.27459,0.75135,0.74826,0.20119
282,"Today, We never",dua_ctx,0.9,1,46,0.90707,0.3415,0.84754,0.83892,0.18111
282,"Today, We never",dua_ctx,0.99,1,59,0.99091,0.51584,1.10649,1.08395,0.16879
282,"Today, We never",euc_unemb,0.3,1,12,0.33555,0.20793,0.67674,0.67693,0.21077
282,"Today, We never",euc_unemb,0.5,1,14,0.60358,0.21562,0.79928,0.79708,0.20918
282,"Today, We never",euc_unemb,0.7,1,15,0.72598,0.23634,0.84812,0.84433,0.20648
282,"Today, We never",euc_unemb,0.9,1,18,0.93357,0.35421,1.01016,0.99976,0.20212
282,"Today, We never",euc_unemb,0.99,1,22,0.99245,0.5303,1.44775,1.42416,0.16505
282,"Today, We never",cau_unemb,0.3,1,13,0.31072,0.19082,0.68848,0.69072,0.21375
282,"Today, We never",cau_unemb,0.5,1,15,0.54656,0.19043,0.78144,0.78204,0.21943
282,"Today, We never",cau_unemb,0.7,1,17,0.76324,0.22348,0.83149,0.82971,0.20934
282,"Today, We never",cau_unemb,0.9,1,20,0.93369,0.32634,0.90459,0.89754,0.18873
282,"Today, We never",cau_unemb,0.99,1,24,0.99008,0.48304,1.18053,1.16309,0.17229
282,"Today, We never",dua_unemb,0.3,1,13,0.41822,0.3094,0.44638,0.44757,0.15664
282,"Today, We never",dua_unemb,0.5,1,14,0.54568,0.31396,0.50462,0.50461,0.15921
282,"Today, We never",dua_unemb,0.7,1,16,0.76783,0.34754,0.62679,0.62344,0.15625
282,"Today, We never",dua_unemb,0.9,1,18,0.90023,0.40411,0.76138,0.75355,0.15675
282,"Today, We never",dua_unemb,0.99,1,23,0.99125,0.5607,1.21978,1.19702,0.13679
282,"Today, We never",euc_dmd,0.3,1,12,0.33676,0.12992,1.04927,1.04921,0.22974
282,"Today, We never",euc_dmd,0.5,1,14,0.60016,0.12787,1.20865,1.20622,0.23047
282,"Today, We never",euc_dmd,0.7,1,15,0.72051,0.13851,1.26469,1.26084,0.22749
282,"Today, We never",euc_dmd,0.9,1,18,0.92845,0.21708,1.39319,1.3841,0.21321
282,"Today, We never",euc_dmd,0.99,1,22,0.99096,0.40531,1.64694,1.62807,0.21749
282,"Today, We never",cau_dmd,0.3,1,14,0.32563,0.12847,1.10917,1.11103,0.22513
282,"Today, We never",cau_dmd,0.5,1,16,0.53872,0.12621,1.2097,1.20991,0.22691
282,"Today, We never",cau_dmd,0.7,1,18,0.73686,0.14513,1.26977,1.26794,0.2268
282,"Today, We never",cau_dmd,0.9,1,21,0.911,0.21462,1.34687,1.34108,0.21136
282,"Today, We never",cau_dmd,0.99,1,27,0.99237,0.45734,1.70115,1.68342,0.18956
282,"Today, We never",dua_dmd,0.3,1,12,0.32399,0.22515,0.65318,0.65593,0.20896
282,"Today, We never",dua_dmd,0.5,1,14,0.56686,0.221,0.78602,0.78689,0.21029
282,"Today, We never",dua_dmd,0.7,1,16,0.7748,0.24543,0.90338,0.90147,0.20722
282,"Today, We never",dua_dmd,0.9,1,19,0.93317,0.31823,1.08447,1.07698,0.19324
282,"Today, We never",dua_dmd,0.99,1,24,0.99274,0.47178,1.46755,1.44785,0.16831
228,"Today, Both of them always",euc_ctx,0.3,1,9,0.31413,0.4817,0.11352,0.11691,0.04073
228,"Today, Both of them always",euc_ctx,0.5,1,13,0.55421,0.46835,0.20682,0.20965,0.0953
228,"Today, Both of them always",euc_ctx,0.7,1,16,0.7244,0.48866,0.27738,0.27882,0.11837
228,"Today, Both of them always",euc_ctx,0.9,1,21,0.90145,0.56017,0.41073,0.40819,0.11886
228,"Today, Both of them always",euc_ctx,0.99,1,31,0.991,0.69539,0.85162,0.83695,0.12815
228,"Today, Both of them always",cau_ctx,0.3,1,18,0.3274,0.48811,0.15721,0.16132,0.08969
228,"Today, Both of them always",cau_ctx,0.5,1,24,0.514,0.47383,0.25756,0.26126,0.09516
228,"Today, Both of them always",cau_ctx,0.7,1,31,0.72448,0.48853,0.39457,0.39643,0.11978
228,"Today, Both of them always",cau_ctx,0.9,1,41,0.90715,0.54361,0.66266,0.65953,0.14123
228,"Today, Both of them always",cau_ctx,0.99,1,59,0.99077,0.61122,1.43309,1.41605,0.14682
228,"Today, Both of them always",dua_ctx,0.3,1,11,0.31843,0.50584,0.10177,0.10501,0.03984
228,"Today, Both of them always",dua_ctx,0.5,1,16,0.54592,0.49105,0.19321,0.19577,0.04248
228,"Today, Both of them always",dua_ctx,0.7,1,20,0.7199,0.50138,0.27654,0.27749,0.04569
228,"Today, Both of them always",dua_ctx,0.9,1,27,0.91315,0.55576,0.45666,0.4526,0.04012
228,"Today, Both of them always",dua_ctx,0.99,1,38,0.99189,0.65704,0.90344,0.88706,0.09413
228,"Today, Both of them always",euc_unemb,0.3,1,4,0.33298,0.51911,0.08477,0.08709,0.04044
228,"Today, Both of them always",euc_unemb,0.5,1,6,0.61815,0.5371,0.19585,0.19665,0.1058
228,"Today, Both of them always",euc_unemb,0.7,1,7,0.74493,0.56783,0.27959,0.27875,0.10774
228,"Today, Both of them always",euc_unemb,0.9,1,9,0.90507,0.64749,0.51711,0.51132,0.1402
228,"Today, Both of them always",euc_unemb,0.99,1,13,0.99032,0.7572,1.21182,1.19178,0.14975
228,"Today, Both of them always",cau_unemb,0.3,1,5,0.41089,0.50691,0.10368,0.10704,0.0425
228,"Today, Both of them always",cau_unemb,0.5,1,6,0.54298,0.5149,0.14466,0.14761,0.04946
228,"Today, Both of them always",cau_unemb,0.7,1,8,0.77486,0.56801,0.2604,0.26113,0.10427
228,"Today, Both of them always",cau_unemb,0.9,1,10,0.90859,0.64416,0.43963,0.43639,0.13419
228,"Today, Both of them always",cau_unemb,0.99,1,15,0.99282,0.76772,1.13395,1.11604,0.14481
228,"Today, Both of them always",dua_unemb,0.3,1,4,0.31761,0.54702,0.06196,0.06415,0.039
228,"Today, Both of them always",dua_unemb,0.5,1,6,0.5834,0.55909,0.1537,0.15476,0.04762
228,"Today, Both of them always",dua_unemb,0.7,1,7,0.70639,0.5791,0.2215,0.22127,0.10334
228,"Today, Both of them always",dua_unemb,0.9,1,10,0.92372,0.66373,0.5147,0.50803,0.13425
228,"Today, Both of them always",dua_unemb,0.99,1,14,0.99093,0.75261,1.0834,1.06397,0.14422
228,"Today, Both of them always",euc_dmd,0.3,1,4,0.33178,0.47635,0.1295,0.13221,0.09502
228,"Today, Both of them always",euc_dmd,0.5,1,6,0.61242,0.47455,0.25718,0.25854,0.12599
228,"Today, Both of them always",euc_dmd,0.7,1,7,0.73767,0.49777,0.33498,0.33492,0.14196
228,"Today, Both of them always",euc_dmd,0.9,1,10,0.94,0.6171,0.66135,0.65438,0.15138
228,"Today, Both of them always",euc_dmd,0.99,1,14,0.99338,0.75019,1.30939,1.28927,0.15735
228,"Today, Both of them always",cau_dmd,0.3,1,5,0.37612,0.46239,0.16508,0.16876,0.11947
228,"Today, Both of them always",cau_dmd,0.5,1,7,0.61496,0.46803,0.2627,0.26546,0.13346
228,"Today, Both of them always",cau_dmd,0.7,1,8,0.72079,0.48874,0.31742,0.31919,0.14175
228,"Today, Both of them always",cau_dmd,0.9,1,11,0.91403,0.59188,0.54993,0.54683,0.14427
228,"Today, Both of them always",cau_dmd,0.99,1,16,0.99057,0.74789,1.18944,1.17384,0.1495
228,"Today, Both of them always",dua_dmd,0.3,1,4,0.32987,0.50751,0.09918,0.10163,0.04077
228,"Today, Both of them always",dua_dmd,0.5,1,6,0.59484,0.50315,0.21103,0.21251,0.12138
228,"Today, Both of them always",dua_dmd,0.7,1,7,0.71176,0.51622,0.27879,0.2792,0.12593
228,"Today, Both of them always",dua_dmd,0.9,1,10,0.91655,0.58864,0.53291,0.52816,0.14754
228,"Today, Both of them always",dua_dmd,0.99,1,15,0.99221,0.7162,1.13534,1.1175,0.15128
150,"Honestly, We rarely",euc_ctx,0.3,1,28,0.32066,0.24176,0.92663,0.92854,0.22271
150,"Honestly, We rarely",euc_ctx,0.5,1,31,0.50443,0.23724,1.04088,1.04099,0.22822
150,"Honestly, We rarely",euc_ctx,0.7,1,35,0.73789,0.2688,1.1185,1.11548,0.22716
150,"Honestly, We rarely",euc_ctx,0.9,1,40,0.90828,0.36213,1.15872,1.1505,0.2344
150,"Honestly, We rarely",euc_ctx,0.99,1,50,0.99143,0.60763,1.41841,1.39563,0.24973
150,"Honestly, We rarely",cau_ctx,0.3,1,54,0.3246,0.2941,1.2133,1.21325,0.22835
150,"Honestly, We rarely",cau_ctx,0.5,1,60,0.51779,0.26546,1.5059,1.50205,0.21878
150,"Honestly, We rarely",cau_ctx,0.7,1,66,0.7051,0.24821,1.83385,1.82484,0.22036
150,"Honestly, We rarely",cau_ctx,0.9,1,76,0.90012,0.22991,2.47625,2.45602,0.23147
150,"Honestly, We rarely",cau_ctx,0.99,1,95,0.99096,0.19292,3.93854,3.89219,0.23694
150,"Honestly, We rarely",dua_ctx,0.3,1,31,0.32456,0.34766,0.59983,0.60187,0.15656
150,"Honestly, We rarely",dua_ctx,0.5,1,35,0.52309,0.34631,0.70308,0.70293,0.20394
150,"Honestly, We rarely",dua_ctx,0.7,1,39,0.71254,0.36914,0.78988,0.7867,0.2184
150,"Honestly, We rarely",dua_ctx,0.9,1,46,0.91382,0.455,0.9497,0.9392,0.22426
150,"Honestly, We rarely",dua_ctx,0.99,1,57,0.99139,0.62595,1.36857,1.34225,0.23525
150,"Honestly, We rarely",euc_unemb,0.3,1,12,0.37657,0.31478,0.74654,0.75111,0.20535
150,"Honestly, We rarely",euc_unemb,0.5,1,13,0.53408,0.31754,0.86198,0.86505,0.19968
150,"Honestly, We rarely",euc_unemb,0.7,1,15,0.80548,0.36864,1.13965,1.1381,0.22026
150,"Honestly, We rarely",euc_unemb,0.9,1,17,0.9375,0.44951,1.50016,1.49181,0.2219
150,"Honestly, We rarely",euc_unemb,0.99,1,20,0.99045,0.54048,2.17862,2.15708,0.22466
150,"Honestly, We rarely",cau_unemb,0.3,1,13,0.33154,0.2852,0.75156,0.75837,0.2269
150,"Honestly, We rarely",cau_unemb,0.5,1,15,0.60455,0.2951,0.90235,0.90694,0.2124
150,"Honestly, We rarely",cau_unemb,0.7,1,16,0.72829,0.31783,0.98474,0.98763,0.21062
150,"Honestly, We rarely",cau_unemb,0.9,1,19,0.93486,0.4219,1.32537,1.32063,0.21992
150,"Honestly, We rarely",cau_unemb,0.99,1,23,0.99248,0.5166,2.02899,2.00946,0.21202
150,"Honestly, We rarely",dua_unemb,0.3,1,12,0.33168,0.40884,0.47534,0.48039,0.14639
150,"Honestly, We rarely",dua_unemb,0.5,1,14,0.60466,0.41618,0.6929,0.69537,0.19733
150,"Honestly, We rarely",dua_unemb,0.7,1,15,0.72626,0.43459,0.8237,0.82423,0.19138
150,"Honestly, We rarely",dua_unemb,0.9,1,18,0.93353,0.52232,1.28285,1.27518,0.21198
150,"Honestly, We rarely",dua_unemb,0.99,1,22,0.99307,0.6271,2.02969,2.00665,0.21574
150,"Honestly, We rarely",euc_dmd,0.3,1,12,0.3567,0.21265,1.19557,1.19999,0.23327
150,"Honestly, We rarely",euc_dmd,0.5,1,13,0.50527,0.20924,1.32298,1.32597,0.22895
150,"Honestly, We rarely",euc_dmd,0.7,1,15,0.77473,0.24288,1.56958,1.56878,0.21795
150,"Honestly, We rarely",euc_dmd,0.9,1,17,0.91978,0.32224,1.83853,1.83263,0.22264
150,"Honestly, We rarely",euc_dmd,0.99,1,21,0.99199,0.52441,2.55176,2.532,0.26421
150,"Honestly, We rarely",cau_dmd,0.3,1,14,0.32132,0.22014,1.27079,1.27735,0.24128
150,"Honestly, We rarely",cau_dmd,0.5,1,16,0.55637,0.22449,1.43149,1.43601,0.23926
150,"Honestly, We rarely",cau_dmd,0.7,1,18,0.76642,0.2645,1.59666,1.59825,0.22417
150,"Honestly, We rarely",cau_dmd,0.9,1,21,0.93161,0.37492,1.92174,1.91698,0.25886
150,"Honestly, We rarely",cau_dmd,0.99,1,26,0.99293,0.55874,2.76984,2.74986,0.25817
150,"Honestly, We rarely",dua_dmd,0.3,1,12,0.35348,0.31494,0.77797,0.78358,0.21216
150,"Honestly, We rarely",dua_dmd,0.5,1,14,0.61102,0.31648,1.00987,1.01315,0.20745
150,"Honestly, We rarely",dua_dmd,0.7,1,15,0.72169,0.33055,1.1349,1.13657,0.21356
150,"Honestly, We rarely",dua_dmd,0.9,1,18,0.91745,0.40701,1.54303,1.53834,0.2246
150,"Honestly, We rarely",dua_dmd,0.99,1,23,0.99219,0.56277,2.36386,2.34425,0.22513
37,"In this case, People really",euc_ctx,0.3,1,11,0.3398,0.36777,0.16594,0.16817,0.06935
37,"In this case, People really",euc_ctx,0.5,1,15,0.55242,0.35711,0.28392,0.28516,0.07054
37,"In this case, People really",euc_ctx,0.7,1,18,0.70379,0.3686,0.38184,0.38166,0.07327
37,"In this case, People really",euc_ctx,0.9,1,25,0.9159,0.44016,0.66061,0.65516,0.07086
37,"In this case, People really",euc_ctx,0.99,1,36,0.99145,0.56638,1.29647,1.27912,0.07154
37,"In this case, People really",cau_ctx,0.3,1,19,0.32121,0.40332,0.19736,0.20239,0.07665
37,"In this case, People really",cau_ctx,0.5,1,26,0.52545,0.39164,0.35346,0.35837,0.07229
37,"In this case, People really",cau_ctx,0.7,1,33,0.72021,0.40442,0.54008,0.54372,0.07894
37,"In this case, People really",cau_ctx,0.9,1,44,0.90468,0.45618,0.90516,0.90474,0.08467
37,"In this case, People really",cau_ctx,0.99,1,65,0.99014,0.53865,1.87424,1.86171,0.09417
37,"In this case, People really",dua_ctx,0.3,1,14,0.32483,0.41348,0.13601,0.13799,0.05985
37,"In this case, People really",dua_ctx,0.5,1,19,0.50242,0.41058,0.23702,0.23822,0.06531
37,"In this case, People really",dua_ctx,0.7,1,25,0.70964,0.4289,0.38985,0.38901,0.07432
37,"In this case, People really",dua_ctx,0.9,1,34,0.91105,0.49109,0.70685,0.70066,0.06693
37,"In this case, People really",dua_ctx,0.99,1,47,0.99143,0.59809,1.39842,1.38005,0.07578
37,"In this case, People really",euc_unemb,0.3,1,5,0.35893,0.3381,0.13231,0.13268,0.03324
37,"In this case, People really",euc_unemb,0.5,1,7,0.60241,0.33613,0.21337,0.21202,0.03743
37,"In this case, People really",euc_unemb,0.7,1,8,0.71351,0.35086,0.25699,0.25432,0.06446
37,"In this case, People really",euc_unemb,0.9,1,11,0.91683,0.43423,0.4498,0.44139,0.07811
37,"In this case, People really",euc_unemb,0.99,1,16,0.99236,0.55452,1.0863,1.06355,0.08182
37,"In this case, People really",cau_unemb,0.3,1,5,0.3257,0.32753,0.13477,0.13622,0.02888
37,"In this case, People really",cau_unemb,0.5,1,7,0.54969,0.31235,0.21827,0.21865,0.06012
37,"In this case, People really",cau_unemb,0.7,1,9,0.75385,0.33203,0.30122,0.29954,0.06554
37,"In this case, People really",cau_unemb,0.9,1,12,0.92305,0.40171,0.47236,0.4658,0.06322
37,"In this case, People really",cau_unemb,0.99,1,17,0.99116,0.51262,0.98101,0.96283,0.06954
37,"In this case, People really",dua_unemb,0.3,1,6,0.38392,0.39728,0.0901,0.08998,0.01919
37,"In this case, People really",dua_unemb,0.5,1,8,0.58828,0.40328,0.15366,0.15187,0.02102
37,"In this case, People really",dua_unemb,0.7,1,10,0.7669,0.42949,0.24227,0.23781,0.04806
37,"In this case, People really",dua_unemb,0.9,1,13,0.92332,0.49117,0.44368,0.4334,0.07329
37,"In this case, People really",dua_unemb,0.99,1,18,0.99166,0.5893,0.99118,0.96737,0.07821
37,"In this case, People really",euc_dmd,0.3,1,4,0.31139,0.31098,0.16674,0.16859,0.07694
37,"In this case, People really",euc_dmd,0.5,1,6,0.58256,0.28217,0.30356,0.30406,0.0802
37,"In this case, People really",euc_dmd,0.7,1,7,0.70921,0.28678,0.36947,0.36876,0.08272
37,"In this case, People really",euc_dmd,0.9,1,10,0.92682,0.35035,0.59732,0.5912,0.07431
37,"In this case, People really",euc_dmd,0.99,1,14,0.99056,0.46061,1.06222,1.0459,0.0787
37,"In this case, People really",cau_dmd,0.3,1,5,0.40899,0.27125,0.26827,0.27104,0.07835
37,"In this case, People really",cau_dmd,0.5,1,6,0.5383,0.2559,0.34839,0.35058,0.19637
37,"In this case, People really",cau_dmd,0.7,1,8,0.76335,0.25301,0.50706,0.50715,0.19849
37,"In this case, People really",cau_dmd,0.9,1,11,0.93241,0.28352,0.79214,0.78707,0.1888
37,"In this case, People really",cau_dmd,0.99,1,16,0.99212,0.32187,1.48747,1.47035,0.18783
37,"In this case, People really",dua_dmd,0.3,1,5,0.39301,0.35495,0.14469,0.14612,0.0704
37,"In this case, People really",dua_dmd,0.5,1,6,0.5194,0.34684,0.19711,0.19801,0.07891
37,"In this case, People really",dua_dmd,0.7,1,8,0.74943,0.3542,0.31603,0.31499,0.07506
37,"In this case, People really",dua_dmd,0.9,1,11,0.93175,0.40375,0.54448,0.53868,0.06998
37,"In this case, People really",dua_dmd,0.99,1,16,0.9936,0.50442,1.08882,1.07178,0.07702
262,Most doctors really,euc_ctx,0.3,1,27,0.31802,0.21209,0.68421,0.68912,0.09317
262,Most doctors really,euc_ctx,0.5,1,31,0.54427,0.21683,0.87453,0.87832,0.28455
262,Most doctors really,euc_ctx,0.7,1,34,0.70734,0.23895,1.01987,1.02238,0.32673
262,Most doctors really,euc_ctx,0.9,1,40,0.9081,0.32251,1.36715,1.36569,0.39686
262,Most doctors really,euc_ctx,0.99,1,50,0.99033,0.47581,2.25569,2.24361,0.40017
262,Most doctors really,cau_ctx,0.3,1,47,0.31263,0.26765,1.02014,1.02894,0.27375
262,Most doctors really,cau_ctx,0.5,1,53,0.5018,0.23134,1.413,1.41937,0.33363
262,Most doctors really,cau_ctx,0.7,1,60,0.71714,0.19689,1.98633,1.98813,0.40374
262,Most doctors really,cau_ctx,0.9,1,70,0.90366,0.15661,2.98284,2.9756,0.41223
262,Most doctors really,cau_ctx,0.99,1,89,0.99075,0.09315,5.18779,5.15931,0.3824
262,Most doctors really,dua_ctx,0.3,1,30,0.30756,0.25893,0.44147,0.44592,0.05161
262,Most doctors really,dua_ctx,0.5,1,35,0.51486,0.26258,0.58173,0.58495,0.05175
262,Most doctors really,dua_ctx,0.7,1,40,0.70935,0.28423,0.73682,0.73814,0.04742
262,Most doctors really,dua_ctx,0.9,1,48,0.90266,0.34509,1.06542,1.0621,0.31637
262,Most doctors really,dua_ctx,0.99,1,61,0.99069,0.45306,2.00323,1.98796,0.38349
262,Most doctors really,euc_unemb,0.3,1,13,0.41075,0.17399,0.80003,0.79856,0.35322
262,Most doctors really,euc_unemb,0.5,1,14,0.53649,0.17695,0.90268,0.89992,0.36639
262,Most doctors really,euc_unemb,0.7,1,16,0.7601,0.20051,1.14484,1.1387,0.37253
262,Most doctors really,euc_unemb,0.9,1,19,0.93378,0.25787,1.67459,1.66109,0.37437
262,Most doctors really,euc_unemb,0.99,1,23,0.99013,0.30559,2.70784,2.68092,0.3616
262,Most doctors really,cau_unemb,0.3,1,14,0.38229,0.15585,0.93848,0.93879,0.33459
262,Most doctors really,cau_unemb,0.5,1,16,0.60165,0.16263,1.1214,1.11963,0.40201
262,Most doctors really,cau_unemb,0.7,1,17,0.70124,0.17349,1.21752,1.21446,0.40953
262,Most doctors really,cau_unemb,0.9,1,21,0.9299,0.25041,1.73356,1.72342,0.38636
262,Most doctors really,cau_unemb,0.99,1,26,0.99092,0.3357,2.76646,2.74317,0.38811
262,Most doctors really,dua_unemb,0.3,1,13,0.35323,0.23631,0.35878,0.35864,0.08065
262,Most doctors really,dua_unemb,0.5,1,15,0.56904,0.24628,0.47746,0.47541,0.07205
262,Most doctors really,dua_unemb,0.7,1,17,0.75341,0.27192,0.64144,0.63662,0.22943
262,Most doctors really,dua_unemb,0.9,1,20,0.91238,0.32459,1.02121,1.01052,0.32271
262,Most doctors really,dua_unemb,0.99,1,26,0.99262,0.40986,2.33601,2.30796,0.35456
262,Most doctors really,euc_dmd,0.3,1,12,0.35264,0.15038,1.26959,1.27186,0.40899
262,Most doctors really,euc_dmd,0.5,1,14,0.59004,0.15113,1.56347,1.56298,0.41539
262,Most doctors really,euc_dmd,0.7,1,16,0.78727,0.17288,1.88324,1.87917,0.4085
262,Most doctors really,euc_dmd,0.9,1,18,0.90302,0.20776,2.27057,2.26201,0.39497
262,Most doctors really,euc_dmd,0.99,1,24,0.99273,0.28881,3.91382,3.88683,0.36255
262,Most doctors really,cau_dmd,0.3,1,13,0.30948,0.13581,1.66791,1.67254,0.4361
262,Most doctors really,cau_dmd,0.5,1,15,0.50635,0.1308,1.97243,1.97495,0.43621
262,Most doctors really,cau_dmd,0.7,1,18,0.77328,0.15109,2.44505,2.44342,0.42119
262,Most doctors really,cau_dmd,0.9,1,21,0.91656,0.19286,3.02317,3.01605,0.38986
262,Most doctors really,cau_dmd,0.99,1,27,0.99088,0.26193,4.58166,4.55942,0.36458
262,Most doctors really,dua_dmd,0.3,1,12,0.37065,0.20853,0.6215,0.62552,0.09223
262,Most doctors really,dua_dmd,0.5,1,14,0.58884,0.21491,0.83728,0.83947,0.32801
262,Most doctors really,dua_dmd,0.7,1,16,0.76031,0.23628,1.11856,1.11803,0.35118
262,Most doctors really,dua_dmd,0.9,1,19,0.90328,0.28182,1.69376,1.68769,0.34819
262,Most doctors really,dua_dmd,0.99,1,26,0.99132,0.38487,3.51992,3.49589,0.3618
265,"At home, Both of them never",euc_ctx,0.3,1,11,0.30403,0.12169,0.1384,0.13807,0.0404
265,"At home, Both of them never",euc_ctx,0.5,1,15,0.52678,0.11584,0.20636,0.20511,0.04726
265,"At home, Both of them never",euc_ctx,0.7,1,19,0.73683,0.1315,0.26393,0.26136,0.04705
265,"At home, Both of them never",euc_ctx,0.9,1,25,0.91554,0.1954,0.36796,0.36259,0.04784
265,"At home, Both of them never",euc_ctx,0.99,1,36,0.99148,0.40292,0.82274,0.80881,0.13205
265,"At home, Both of them never",cau_ctx,0.3,1,21,0.32374,0.13963,0.16906,0.17018,0.09245
265,"At home, Both of them never",cau_ctx,0.5,1,27,0.50704,0.13984,0.25063,0.25119,0.09966
265,"At home, Both of them never",cau_ctx,0.7,1,34,0.71269,0.16097,0.36133,0.36066,0.11081
265,"At home, Both of them never",cau_ctx,0.9,1,45,0.90534,0.23732,0.62871,0.62451,0.10847
265,"At home, Both of them never",cau_ctx,0.99,1,66,0.99104,0.40957,1.71164,1.69418,0.12828
265,"At home, Both of them never",dua_ctx,0.3,1,12,0.30809,0.14412,0.10435,0.10474,0.03669
265,"At home, Both of them never",dua_ctx,0.5,1,16,0.51256,0.13916,0.16176,0.16136,0.0384
265,"At home, Both of them never",dua_ctx,0.7,1,20,0.70891,0.15109,0.21961,0.21791,0.04156
265,"At home, Both of them never",dua_ctx,0.9,1,27,0.9087,0.20656,0.34537,0.34024,0.04144
265,"At home, Both of them never",dua_ctx,0.99,1,40,0.99082,0.36858,0.78046,0.76565,0.11585
265,"At home, Both of them never",euc_unemb,0.3,1,5,0.31192,0.13383,0.12426,0.12327,0.05013
265,"At home, Both of them never",euc_unemb,0.5,1,7,0.57522,0.13464,0.21453,0.21213,0.05711
265,"At home, Both of them never",euc_unemb,0.7,1,8,0.70184,0.14729,0.26939,0.266,0.0564
265,"At home, Both of them never",euc_unemb,0.9,1,11,0.9265,0.23585,0.51891,0.51114,0.09003
265,"At home, Both of them never",euc_unemb,0.99,1,15,0.99189,0.41379,1.1912,1.17338,0.12568
265,"At home, Both of them never",cau_unemb,0.3,1,6,0.36749,0.13292,0.12217,0.12234,0.04042
265,"At home, Both of them never",cau_unemb,0.5,1,8,0.60804,0.14014,0.18809,0.18742,0.04566
265,"At home, Both of them never",cau_unemb,0.7,1,9,0.71746,0.15402,0.22803,0.22672,0.04631
265,"At home, Both of them never",cau_unemb,0.9,1,12,0.91797,0.23674,0.41792,0.41349,0.0837
265,"At home, Both of them never",cau_unemb,0.99,1,17,0.99255,0.42745,1.15119,1.13653,0.12304
265,"At home, Both of them never",dua_unemb,0.3,1,5,0.30056,0.16072,0.08124,0.08119,0.03755
265,"At home, Both of them never",dua_unemb,0.5,1,7,0.55468,0.16186,0.15824,0.15702,0.04407
265,"At home, Both of them never",dua_unemb,0.7,1,9,0.78245,0.1896,0.27194,0.26862,0.04808
265,"At home, Both of them never",dua_unemb,0.9,1,11,0.91124,0.23922,0.42961,0.42327,0.08336
265,"At home, Both of them never",dua_unemb,0.99,1,16,0.99272,0.40067,1.03367,1.01651,0.11663
265,"At home, Both of them never",euc_dmd,0.3,1,6,0.39588,0.10236,0.22724,0.22463,0.0555
265,"At home, Both of them never",euc_dmd,0.5,1,7,0.52284,0.09991,0.28212,0.27858,0.05324
265,"At home, Both of them never",euc_dmd,0.7,1,9,0.75513,0.11261,0.39878,0.39301,0.0606
265,"At home, Both of them never",euc_dmd,0.9,1,12,0.93647,0.17644,0.62342,0.61326,0.06544
265,"At home, Both of them never",euc_dmd,0.99,1,16,0.99176,0.33502,1.11131,1.09286,0.12094
265,"At home, Both of them never",cau_dmd,0.3,1,7,0.38139,0.1068,0.20931,0.20808,0.0425
265,"At home, Both of them never",cau_dmd,0.5,1,9,0.58767,0.10747,0.28484,0.28242,0.05296
265,"At home, Both of them never",cau_dmd,0.7,1,11,0.76681,0.12538,0.36799,0.36404,0.05346
265,"At home, Both of them never",cau_dmd,0.9,1,14,0.91996,0.1867,0.53615,0.52916,0.06251
265,"At home, Both of them never",cau_dmd,0.99,1,20,0.99287,0.41189,1.17685,1.16007,0.12885
265,"At home, Both of them never",dua_dmd,0.3,1,6,0.38482,0.13001,0.15723,0.15599,0.04107
265,"At home, Both of them never",dua_dmd,0.5,1,7,0.50528,0.1278,0.20166,0.19968,0.04964
265,"At home, Both of them never",dua_dmd,0.7,1,9,0.72828,0.13871,0.30423,0.30029,0.05236
265,"At home, Both of them never",dua_dmd,0.9,1,12,0.91615,0.18673,0.50462,0.49661,0.05652
265,"At home, Both of them never",dua_dmd,0.99,1,17,0.99052,0.31393,0.98061,0.96339,0.11205
207,"Over time, The workers now",euc_ctx,0.3,1,16,0.33389,0.31014,0.31076,0.31493,0.05612
207,"Over time, The workers now",euc_ctx,0.5,1,19,0.50019,0.30139,0.39164,0.39524,0.05764
207,"Over time, The workers now",euc_ctx,0.7,1,23,0.71534,0.32316,0.47926,0.48136,0.05769
207,"Over time, The workers now",euc_ctx,0.9,1,29,0.90882,0.41425,0.5991,0.59741,0.05599
207,"Over time, The workers now",euc_ctx,0.99,1,40,0.99192,0.62315,0.99618,0.9835,0.04327
207,"Over time, The workers now",cau_ctx,0.3,1,30,0.30438,0.32174,0.40436,0.41095,0.05138
207,"Over time, The workers now",cau_ctx,0.5,1,37,0.50203,0.29671,0.57492,0.58081,0.05224
207,"Over time, The workers now",cau_ctx,0.7,1,45,0.72441,0.2954,0.79082,0.79458,0.04846
207,"Over time, The workers now",cau_ctx,0.9,1,56,0.90847,0.31588,1.17566,1.17416,0.17891
207,"Over time, The workers now",cau_ctx,0.99,1,75,0.99037,0.31089,2.20551,2.18951,0.17776
207,"Over time, The workers now",dua_ctx,0.3,1,19,0.32753,0.37982,0.24557,0.24959,0.04381
207,"Over time, The workers now",dua_ctx,0.5,1,24,0.53658,0.3712,0.35238,0.35561,0.05089
207,"Over time, The workers now",dua_ctx,0.7,1,29,0.73465,0.38792,0.45821,0.45978,0.05074
207,"Over time, The workers now",dua_ctx,0.9,1,36,0.90914,0.4476,0.62314,0.62091,0.04779
207,"Over time, The workers now",dua_ctx,0.99,1,48,0.99101,0.58897,1.05152,1.0391,0.04406
207,"Over time, The workers now",euc_unemb,0.3,1,8,0.39218,0.34813,0.23768,0.23983,0.03806
207,"Over time, The workers now",euc_unemb,0.5,1,9,0.51536,0.35092,0.28425,0.28566,0.03911
207,"Over time, The workers now",euc_unemb,0.7,1,11,0.74376,0.38763,0.38967,0.38858,0.04489
207,"Over time, The workers now",euc_unemb,0.9,1,14,0.92988,0.48475,0.64289,0.63534,0.05204
207,"Over time, The workers now",euc_unemb,0.99,1,18,0.9904,0.57305,1.22826,1.20815,0.05444
207,"Over time, The workers now",cau_unemb,0.3,1,8,0.35206,0.32452,0.22276,0.22641,0.04033
207,"Over time, The workers now",cau_unemb,0.5,1,10,0.58211,0.33054,0.28588,0.28856,0.04138
207,"Over time, The workers now",cau_unemb,0.7,1,12,0.78107,0.37479,0.34533,0.346,0.04043
207,"Over time, The workers now",cau_unemb,0.9,1,14,0.90127,0.44383,0.43394,0.43149,0.04402
207,"Over time, The workers now",cau_unemb,0.99,1,20,0.99347,0.61186,1.02631,1.00916,0.05235
207,"Over time, The workers now",dua_unemb,0.3,1,8,0.3264,0.411,0.16121,0.16354,0.03396
207,"Over time, The workers now",dua_unemb,0.5,1,10,0.5364,0.4161,0.24806,0.24894,0.03587
207,"Over time, The workers now",dua_unemb,0.7,1,12,0.73208,0.444,0.36497,0.36314,0.0364
207,"Over time, The workers now",dua_unemb,0.9,1,15,0.9101,0.50817,0.61743,0.60927,0.04225
207,"Over time, The workers now",dua_unemb,0.99,1,20,0.99049,0.59351,1.27093,1.24758,0.05361
207,"Over time, The workers now",euc_dmd,0.3,1,7,0.39193,0.26992,0.34698,0.35047,0.04748
207,"Over time, The workers now",euc_dmd,0.5,1,8,0.52804,0.26504,0.40429,0.40713,0.05201
207,"Over time, The workers now",euc_dmd,0.7,1,10,0.76932,0.29179,0.50357,0.5042,0.05613
207,"Over time, The workers now",euc_dmd,0.9,1,12,0.90736,0.35511,0.6169,0.61419,0.05698
207,"Over time, The workers now",euc_dmd,0.99,1,17,0.99268,0.53956,1.11754,1.10238,0.05501
207,"Over time, The workers now",cau_dmd,0.3,1,7,0.32876,0.25909,0.35032,0.35537,0.04528
207,"Over time, The workers now",cau_dmd,0.5,1,9,0.56532,0.24964,0.43794,0.44222,0.05557
207,"Over time, The workers now",cau_dmd,0.7,1,11,0.76981,0.27731,0.50926,0.51185,0.05644
207,"Over time, The workers now",cau_dmd,0.9,1,14,0.92885,0.36213,0.66321,0.66156,0.05254
207,"Over time, The workers now",cau_dmd,0.99,1,19,0.99118,0.49801,1.15834,1.1458,0.0526
207,"Over time, The workers now",dua_dmd,0.3,1,7,0.38355,0.34744,0.22604,0.22928,0.03882
207,"Over time, The workers now",dua_dmd,0.5,1,8,0.51405,0.34154,0.27906,0.28188,0.04107
207,"Over time, The workers now",dua_dmd,0.7,1,10,0.74821,0.35558,0.39014,0.3913,0.04911
207,"Over time, The workers now",dua_dmd,0.9,1,13,0.92898,0.41718,0.59246,0.58924,0.05356
207,"Over time, The workers now",dua_dmd,0.99,1,18,0.9929,0.5331,1.08954,1.07517,0.05266
77,"Over time, People also",euc_ctx,0.3,1,18,0.30163,0.33704,0.37343,0.37874,0.09794
77,"Over time, People also",euc_ctx,0.5,1,22,0.51219,0.32481,0.49822,0.50268,0.09979
77,"Over time, People also",euc_ctx,0.7,1,26,0.71804,0.3482,0.60058,0.60331,0.10056
77,"Over time, People also",euc_ctx,0.9,1,32,0.90541,0.4369,0.74611,0.7447,0.09863
77,"Over time, People also",euc_ctx,0.99,1,43,0.99069,0.63591,1.18003,1.16715,0.11433
77,"Over time, People also",cau_ctx,0.3,1,34,0.31132,0.36006,0.44112,0.44864,0.11266
77,"Over time, People also",cau_ctx,0.5,1,41,0.50817,0.34602,0.59684,0.60358,0.12163
77,"Over time, People also",cau_ctx,0.7,1,48,0.70161,0.35772,0.7623,0.76724,0.12706
77,"Over time, People also",cau_ctx,0.9,1,60,0.90501,0.4127,1.12009,1.11961,0.12969
77,"Over time, People also",cau_ctx,0.99,1,81,0.99071,0.46834,2.07695,2.0615,0.1277
77,"Over time, People also",dua_ctx,0.3,1,21,0.32639,0.40122,0.28241,0.28809,0.09168
77,"Over time, People also",dua_ctx,0.5,1,26,0.54117,0.39663,0.40084,0.40557,0.10714
77,"Over time, People also",dua_ctx,0.7,1,30,0.70572,0.41268,0.50161,0.50477,0.04264
77,"Over time, People also",dua_ctx,0.9,1,38,0.91252,0.48671,0.73958,0.73759,0.04462
77,"Over time, People also",dua_ctx,0.99,1,50,0.99106,0.63075,1.25365,1.23988,0.04908
77,"Over time, People also",euc_unemb,0.3,1,9,0.40605,0.3599,0.35059,0.3533,0.12578
77,"Over time, People also",euc_unemb,0.5,1,10,0.52994,0.36325,0.41252,0.41428,0.10881
77,"Over time, People also",euc_unemb,0.7,1,12,0.75386,0.39903,0.55792,0.55666,0.13324
77,"Over time, People also",euc_unemb,0.9,1,15,0.93174,0.48657,0.89931,0.89075,0.0981
77,"Over time, People also",euc_unemb,0.99,1,20,0.99384,0.57157,1.80586,1.78017,0.12023
77,"Over time, People also",cau_unemb,0.3,1,9,0.3251,0.35927,0.30676,0.3119,0.12334
77,"Over time, People also",cau_unemb,0.5,1,11,0.54303,0.3625,0.39972,0.40382,0.10577
77,"Over time, People also",cau_unemb,0.7,1,13,0.74413,0.39968,0.50066,0.50258,0.09745
77,"Over time, People also",cau_unemb,0.9,1,16,0.91634,0.48919,0.73933,0.73582,0.12605
77,"Over time, People also",cau_unemb,0.99,1,22,0.9932,0.60769,1.58604,1.56616,0.13126
77,"Over time, People also",dua_unemb,0.3,1,9,0.38469,0.41961,0.24711,0.25024,0.10212
77,"Over time, People also",dua_unemb,0.5,1,10,0.50053,0.42178,0.30693,0.30922,0.10306
77,"Over time, People also",dua_unemb,0.7,1,12,0.71494,0.44507,0.45717,0.45669,0.10456
77,"Over time, People also",dua_unemb,0.9,1,15,0.90409,0.50492,0.7743,0.76731,0.12281
77,"Over time, People also",dua_unemb,0.99,1,21,0.99242,0.5954,1.7222,1.6965,0.09823
77,"Over time, People also",euc_dmd,0.3,1,9,0.39649,0.2761,0.54526,0.54849,0.15696
77,"Over time, People also",euc_dmd,0.5,1,10,0.51459,0.27141,0.62031,0.62266,0.15143
77,"Over time, People also",euc_dmd,0.7,1,12,0.7319,0.28966,0.76104,0.76087,0.13917
77,"Over time, People also",euc_dmd,0.9,1,15,0.9165,0.36572,1.01778,1.01199,0.08443
77,"Over time, People also",euc_dmd,0.99,1,20,0.99053,0.50202,1.7148,1.69556,0.11679
77,"Over time, People also",cau_dmd,0.3,1,10,0.36497,0.27881,0.53415,0.53984,0.16155
77,"Over time, People also",cau_dmd,0.5,1,12,0.5633,0.27629,0.6449,0.64953,0.15506
77,"Over time, People also",cau_dmd,0.7,1,14,0.74039,0.3007,0.7505,0.75334,0.08798
77,"Over time, People also",cau_dmd,0.9,1,17,0.90155,0.37283,0.95153,0.95033,0.08444
77,"Over time, People also",cau_dmd,0.99,1,24,0.99231,0.54211,1.78473,1.76877,0.08037
77,"Over time, People also",dua_dmd,0.3,1,8,0.30121,0.35529,0.31645,0.32093,0.13138
77,"Over time, People also",dua_dmd,0.5,1,10,0.51987,0.34156,0.45312,0.45648,0.14362
77,"Over time, People also",dua_dmd,0.7,1,12,0.7183,0.35448,0.60217,0.60332,0.06844
77,"Over time, People also",dua_dmd,0.9,1,16,0.92437,0.42272,0.97961,0.97371,0.05984
77,"Over time, People also",dua_dmd,0.99,1,22,0.99138,0.53015,1.77818,1.7574,0.07176
145,"Lately, Farmers sometimes",euc_ctx,0.3,1,16,0.3123,0.47706,0.26135,0.26858,0.03093
145,"Lately, Farmers sometimes",euc_ctx,0.5,1,20,0.53917,0.47917,0.4456,0.45183,0.07826
145,"Lately, Farmers sometimes",euc_ctx,0.7,1,23,0.70373,0.49664,0.61826,0.62262,0.08971
145,"Lately, Farmers sometimes",euc_ctx,0.9,1,29,0.9069,0.55458,1.04948,1.04767,0.10419
145,"Lately, Farmers sometimes",euc_ctx,0.99,1,39,0.99014,0.63439,1.9645,1.94848,0.10918
145,"Lately, Farmers sometimes",cau_ctx,0.3,1,31,0.30013,0.52744,0.39215,0.40111,0.08067
145,"Lately, Farmers sometimes",cau_ctx,0.5,1,39,0.52811,0.5168,0.67676,0.68452,0.09905
145,"Lately, Farmers sometimes",cau_ctx,0.7,1,46,0.72083,0.51691,1.00178,1.00674,0.19909
145,"Lately, Farmers sometimes",cau_ctx,0.9,1,57,0.90516,0.5212,1.64304,1.64089,0.20766
145,"Lately, Farmers sometimes",cau_ctx,0.99,1,77,0.99017,0.48358,3.11294,3.09293,0.22144
145,"Lately, Farmers sometimes",dua_ctx,0.3,1,19,0.32778,0.49059,0.25727,0.26402,0.01838
145,"Lately, Farmers sometimes",dua_ctx,0.5,1,24,0.52926,0.49195,0.43673,0.44235,0.05806
145,"Lately, Farmers sometimes",dua_ctx,0.7,1,29,0.72188,0.50532,0.67606,0.67911,0.09539
145,"Lately, Farmers sometimes",dua_ctx,0.9,1,36,0.90306,0.541,1.12529,1.12228,0.0998
145,"Lately, Farmers sometimes",dua_ctx,0.99,1,48,0.99157,0.60827,2.17334,2.15463,0.10551
145,"Lately, Farmers sometimes",euc_unemb,0.3,1,7,0.32667,0.44439,0.20477,0.20955,0.03205
145,"Lately, Farmers sometimes",euc_unemb,0.5,1,9,0.59807,0.45918,0.3979,0.40076,0.05987
145,"Lately, Farmers sometimes",euc_unemb,0.7,1,10,0.72306,0.47755,0.53771,0.53868,0.12931
145,"Lately, Farmers sometimes",euc_unemb,0.9,1,13,0.93419,0.53691,1.12853,1.12056,0.1737
145,"Lately, Farmers sometimes",euc_unemb,0.99,1,17,0.99277,0.56644,2.14578,2.12178,0.23685
145,"Lately, Farmers sometimes",cau_unemb,0.3,1,8,0.37795,0.42608,0.22885,0.23516,0.03245
145,"Lately, Farmers sometimes",cau_unemb,0.5,1,9,0.50339,0.43223,0.30061,0.30641,0.02988
145,"Lately, Farmers sometimes",cau_unemb,0.7,1,11,0.73815,0.46618,0.49915,0.50246,0.12516
145,"Lately, Farmers sometimes",cau_unemb,0.9,1,14,0.92876,0.53024,0.95842,0.95462,0.16556
145,"Lately, Farmers sometimes",cau_unemb,0.99,1,18,0.99007,0.56781,1.78429,1.76738,0.17785
145,"Lately, Farmers sometimes",dua_unemb,0.3,1,7,0.30765,0.46385,0.16853,0.17291,0.03158
145,"Lately, Farmers sometimes",dua_unemb,0.5,1,9,0.55424,0.47461,0.33109,0.33389,0.05446
145,"Lately, Farmers sometimes",dua_unemb,0.7,1,11,0.77104,0.50692,0.57656,0.57587,0.12839
145,"Lately, Farmers sometimes",dua_unemb,0.9,1,13,0.90111,0.54569,0.90588,0.89999,0.16181
145,"Lately, Farmers sometimes",dua_unemb,0.99,1,18,0.99197,0.60369,2.00116,1.97735,0.22577
145,"Lately, Farmers sometimes",euc_dmd,0.3,1,7,0.36821,0.39244,0.30413,0.31108,0.15552
145,"Lately, Farmers sometimes",euc_dmd,0.5,1,8,0.50879,0.39549,0.40005,0.4065,0.15577
145,"Lately, Farmers sometimes",euc_dmd,0.7,1,10,0.76487,0.43479,0.64361,0.6474,0.13395
145,"Lately, Farmers sometimes",euc_dmd,0.9,1,12,0.91012,0.4969,0.97522,0.97431,0.17648
145,"Lately, Farmers sometimes",euc_dmd,0.99,1,17,0.99398,0.60657,2.11313,2.09532,0.18738
145,"Lately, Farmers sometimes",cau_dmd,0.3,1,8,0.38109,0.37748,0.34938,0.35824,0.18607
145,"Lately, Farmers sometimes",cau_dmd,0.5,1,9,0.5018,0.38236,0.42356,0.43221,0.16175
145,"Lately, Farmers sometimes",cau_dmd,0.7,1,11,0.72642,0.41879,0.60371,0.61074,0.06476
145,"Lately, Farmers sometimes",cau_dmd,0.9,1,14,0.91638,0.50739,1.00393,1.00574,0.11099
145,"Lately, Farmers sometimes",cau_dmd,0.99,1,19,0.99071,0.61465,1.97432,1.96278,0.12094
145,"Lately, Farmers sometimes",dua_dmd,0.3,1,7,0.37303,0.42199,0.25571,0.262,0.1493
145,"Lately, Farmers sometimes",dua_dmd,0.5,1,8,0.51013,0.42221,0.34736,0.35328,0.03491
145,"Lately, Farmers sometimes",dua_dmd,0.7,1,10,0.75311,0.44703,0.57155,0.57548,0.0627
145,"Lately, Farmers sometimes",dua_dmd,0.9,1,13,0.93399,0.51489,1.00934,1.00757,0.17404
145,"Lately, Farmers sometimes",dua_dmd,0.99,1,17,0.99064,0.59466,1.77702,1.76405,0.18357
52,"Honestly, The engineers usually",euc_ctx,0.3,1,16,0.30141,0.46849,0.24791,0.25264,0.15238
52,"Honestly, The engineers usually",euc_ctx,0.5,1,20,0.52921,0.47786,0.39324,0.39659,0.1915
52,"Honestly, The engineers usually",euc_ctx,0.7,1,24,0.74425,0.5193,0.57387,0.57426,0.22246
52,"Honestly, The engineers usually",euc_ctx,0.9,1,29,0.90437,0.59389,0.87024,0.86493,0.21523
52,"Honestly, The engineers usually",euc_ctx,0.99,1,40,0.99175,0.71592,1.77691,1.7545,0.22423
52,"Honestly, The engineers usually",cau_ctx,0.3,1,31,0.3137,0.55702,0.41077,0.41754,0.20314
52,"Honestly, The engineers usually",cau_ctx,0.5,1,38,0.52171,0.55449,0.66069,0.66578,0.22692
52,"Honestly, The engineers usually",cau_ctx,0.7,1,45,0.72092,0.55965,0.99387,0.99549,0.21421
52,"Honestly, The engineers usually",cau_ctx,0.9,1,56,0.90792,0.56343,1.67693,1.67002,0.21208
52,"Honestly, The engineers usually",cau_ctx,0.99,1,76,0.99082,0.50451,3.25018,3.22249,0.22063
52,"Honestly, The engineers usually",dua_ctx,0.3,1,19,0.31709,0.49286,0.22467,0.22862,0.15094
52,"Honestly, The engineers usually",dua_ctx,0.5,1,24,0.51816,0.50249,0.35595,0.35826,0.15439
52,"Honestly, The engineers usually",dua_ctx,0.7,1,29,0.70858,0.53064,0.52226,0.52159,0.19212
52,"Honestly, The engineers usually",dua_ctx,0.9,1,37,0.90645,0.60182,0.90061,0.89235,0.22495
52,"Honestly, The engineers usually",dua_ctx,0.99,1,49,0.99106,0.70263,1.7997,1.77425,0.24011
52,"Honestly, The engineers usually",euc_unemb,0.3,1,7,0.35488,0.41262,0.22995,0.23331,0.15438
52,"Honestly, The engineers usually",euc_unemb,0.5,1,9,0.64355,0.43703,0.40317,0.40409,0.19383
52,"Honestly, The engineers usually",euc_unemb,0.7,1,10,0.7661,0.46561,0.52557,0.52434,0.20299
52,"Honestly, The engineers usually",euc_unemb,0.9,1,12,0.91526,0.53154,0.85582,0.84857,0.21839
52,"Honestly, The engineers usually",euc_unemb,0.99,1,16,0.9916,0.6088,1.76706,1.74349,0.23485
52,"Honestly, The engineers usually",cau_unemb,0.3,1,8,0.39705,0.3889,0.28468,0.28918,0.1542
52,"Honestly, The engineers usually",cau_unemb,0.5,1,9,0.52889,0.39523,0.35381,0.35753,0.1926
52,"Honestly, The engineers usually",cau_unemb,0.7,1,11,0.76483,0.43836,0.5279,0.52871,0.20055
52,"Honestly, The engineers usually",cau_unemb,0.9,1,13,0.90362,0.50152,0.77349,0.76961,0.21357
52,"Honestly, The engineers usually",cau_unemb,0.99,1,18,0.99232,0.60516,1.68179,1.66126,0.22579
52,"Honestly, The engineers usually",dua_unemb,0.3,1,7,0.31823,0.44929,0.15406,0.15747,0.02626
52,"Honestly, The engineers usually",dua_unemb,0.5,1,9,0.57337,0.46197,0.28076,0.2823,0.02958
52,"Honestly, The engineers usually",dua_unemb,0.7,1,11,0.7894,0.50075,0.47232,0.47008,0.14899
52,"Honestly, The engineers usually",dua_unemb,0.9,1,13,0.91338,0.54891,0.73725,0.72948,0.19135
52,"Honestly, The engineers usually",dua_unemb,0.99,1,18,0.99388,0.62856,1.69758,1.67083,0.2298
52,"Honestly, The engineers usually",euc_dmd,0.3,1,7,0.38299,0.39978,0.37874,0.3843,0.21113
52,"Honestly, The engineers usually",euc_dmd,0.5,1,8,0.52819,0.40334,0.48018,0.48483,0.21884
52,"Honestly, The engineers usually",euc_dmd,0.7,1,10,0.78218,0.44698,0.7276,0.72875,0.18394
52,"Honestly, The engineers usually",euc_dmd,0.9,1,12,0.91872,0.51407,1.06603,1.06164,0.2079
52,"Honestly, The engineers usually",euc_dmd,0.99,1,16,0.99066,0.61423,1.97583,1.9567,0.21911
52,"Honestly, The engineers usually",cau_dmd,0.3,1,8,0.37967,0.38932,0.52724,0.5344,0.22649
52,"Honestly, The engineers usually",cau_dmd,0.5,1,10,0.61735,0.39983,0.72403,0.72946,0.19909
52,"Honestly, The engineers usually",cau_dmd,0.7,1,11,0.7215,0.41747,0.8378,0.84178,0.18192
52,"Honestly, The engineers usually",cau_dmd,0.9,1,14,0.91174,0.49234,1.28798,1.28552,0.21993
52,"Honestly, The engineers usually",cau_dmd,0.99,1,20,0.99316,0.59249,2.57523,2.5543,0.23624
52,"Honestly, The engineers usually",dua_dmd,0.3,1,7,0.38021,0.42989,0.27706,0.28208,0.15417
52,"Honestly, The engineers usually",dua_dmd,0.5,1,8,0.51807,0.43245,0.36756,0.37196,0.17529
52,"Honestly, The engineers usually",dua_dmd,0.7,1,10,0.75676,0.46241,0.59137,0.59317,0.16472
52,"Honestly, The engineers usually",dua_dmd,0.9,1,13,0.93279,0.53507,1.04798,1.04307,0.18392
52,"Honestly, The engineers usually",dua_dmd,0.99,1,18,0.99376,0.63236,2.07691,2.05576,0.21344
148,"At home, Many people often",euc_ctx,0.3,1,32,0.32172,0.58327,0.49649,0.50562,0.0382
148,"At home, Many people often",euc_ctx,0.5,1,36,0.53503,0.57579,0.63236,0.63922,0.04148
148,"At home, Many people often",euc_ctx,0.7,1,40,0.73467,0.59621,0.7679,0.77104,0.04218
148,"At home, Many people often",euc_ctx,0.9,1,46,0.91039,0.65404,0.99567,0.99099,0.1551
148,"At home, Many people often",euc_ctx,0.99,1,57,0.99044,0.73517,1.54216,1.51941,0.15787
148,"At home, Many people often",cau_ctx,0.3,1,61,0.32124,0.39683,1.25436,1.25833,0.18141
148,"At home, Many people often",cau_ctx,0.5,1,68,0.5199,0.29351,1.73173,1.73014,0.16608
148,"At home, Many people often",cau_ctx,0.7,1,75,0.71246,0.22259,2.25327,2.24455,0.17297
148,"At home, Many people often",cau_ctx,0.9,1,86,0.90102,0.16104,3.08815,3.06641,0.19343
148,"At home, Many people often",cau_ctx,0.99,1,107,0.99094,0.10883,4.65578,4.60688,0.22256
148,"At home, Many people often",dua_ctx,0.3,1,35,0.32638,0.61348,0.44862,0.4568,0.03522
148,"At home, Many people often",dua_ctx,0.5,1,40,0.52297,0.60092,0.60226,0.6079,0.03683
148,"At home, Many people often",dua_ctx,0.7,1,45,0.71311,0.60478,0.77714,0.77884,0.04234
148,"At home, Many people often",dua_ctx,0.9,1,53,0.91049,0.63942,1.10764,1.10011,0.0455
148,"At home, Many people often",dua_ctx,0.99,1,65,0.99065,0.69945,1.72663,1.7003,0.0466
148,"At home, Many people often",euc_unemb,0.3,1,14,0.37298,0.57201,0.31843,0.3257,0.03328
148,"At home, Many people often",euc_unemb,0.5,1,15,0.50443,0.58103,0.38057,0.38655,0.03045
148,"At home, Many people often",euc_unemb,0.7,1,17,0.74839,0.62168,0.56388,0.56551,0.12459
148,"At home, Many people often",euc_unemb,0.9,1,20,0.93651,0.68947,0.97855,0.9699,0.19204
148,"At home, Many people often",euc_unemb,0.99,1,24,0.9919,0.72904,1.65667,1.63092,0.19063
148,"At home, Many people often",cau_unemb,0.3,1,15,0.31646,0.53782,0.35875,0.36894,0.05232
148,"At home, Many people often",cau_unemb,0.5,1,17,0.54341,0.55721,0.42628,0.43468,0.03587
148,"At home, Many people often",cau_unemb,0.7,1,19,0.75219,0.60616,0.52963,0.53452,0.04339
148,"At home, Many people often",cau_unemb,0.9,1,22,0.92405,0.69008,0.78945,0.78626,0.12819
148,"At home, Many people often",cau_unemb,0.99,1,27,0.99158,0.7626,1.41961,1.3989,0.16922
148,"At home, Many people often",dua_unemb,0.3,1,14,0.34929,0.60709,0.25104,0.25781,0.02638
148,"At home, Many people often",dua_unemb,0.5,1,16,0.58148,0.62381,0.3674,0.37158,0.02259
148,"At home, Many people often",dua_unemb,0.7,1,18,0.77677,0.65482,0.54029,0.54007,0.04737
148,"At home, Many people often",dua_unemb,0.9,1,21,0.93385,0.69938,0.90111,0.89132,0.05432
148,"At home, Many people often",dua_unemb,0.99,1,25,0.99022,0.72744,1.50661,1.48056,0.13855
148,"At home, Many people often",euc_dmd,0.3,1,14,0.35279,0.50617,0.55081,0.56109,0.13973
148,"At home, Many people often",euc_dmd,0.5,1,16,0.59809,0.53134,0.67646,0.68426,0.17867
148,"At home, Many people often",euc_dmd,0.7,1,17,0.70969,0.55717,0.76046,0.76629,0.18242
148,"At home, Many people often",euc_dmd,0.9,1,20,0.91384,0.65042,1.11875,1.11613,0.18
148,"At home, Many people often",euc_dmd,0.99,1,25,0.9914,0.74139,1.95239,1.93077,0.20014
148,"At home, Many people often",cau_dmd,0.3,1,17,0.38808,0.48996,0.7505,0.76272,0.16075
148,"At home, Many people often",cau_dmd,0.5,1,19,0.58523,0.52077,0.83409,0.84437,0.21975
148,"At home, Many people often",cau_dmd,0.7,1,21,0.756,0.57369,0.96012,0.96722,0.22356
148,"At home, Many people often",cau_dmd,0.9,1,24,0.90816,0.66168,1.25235,1.25255,0.21688
148,"At home, Many people often",cau_dmd,0.99,1,31,0.99291,0.77022,2.26242,2.241,0.18996
148,"At home, Many people often",dua_dmd,0.3,1,14,0.37076,0.54568,0.42889,0.43848,0.05629
148,"At home, Many people often",dua_dmd,0.5,1,16,0.58268,0.55966,0.54835,0.55607,0.03906
148,"At home, Many people often",dua_dmd,0.7,1,18,0.75618,0.59157,0.69713,0.70173,0.14245
148,"At home, Many people often",dua_dmd,0.9,1,21,0.90898,0.64985,0.98917,0.98689,0.16253
148,"At home, Many people often",dua_dmd,0.99,1,27,0.99167,0.72992,1.8125,1.79025,0.19247
226,"Usually, You still",euc_ctx,0.3,1,29,0.32897,0.31356,0.50663,0.51117,0.28509
226,"Usually, You still",euc_ctx,0.5,1,33,0.52811,0.31545,0.56604,0.56947,0.28608
226,"Usually, You still",euc_ctx,0.7,1,37,0.7184,0.34915,0.58978,0.59143,0.2867
226,"Usually, You still",euc_ctx,0.9,1,44,0.91486,0.46613,0.60883,0.60557,0.08238
226,"Usually, You still",euc_ctx,0.99,1,55,0.99025,0.655,0.80369,0.7886,0.04065
226,"Usually, You still",cau_ctx,0.3,1,53,0.30845,0.32005,0.83578,0.84252,0.2667
226,"Usually, You still",cau_ctx,0.5,1,61,0.52283,0.24903,1.22801,1.23117,0.31102
226,"Usually, You still",cau_ctx,0.7,1,68,0.70627,0.2043,1.60979,1.60839,0.3507
226,"Usually, You still",cau_ctx,0.9,1,80,0.90214,0.15364,2.30273,2.2912,0.35765
226,"Usually, You still",cau_ctx,0.99,1,102,0.99061,0.09476,3.68051,3.64663,0.34278
226,"Usually, You still",dua_ctx,0.3,1,34,0.33128,0.47413,0.30247,0.30589,0.02288
226,"Usually, You still",dua_ctx,0.5,1,39,0.50241,0.47826,0.36222,0.364,0.02378
226,"Usually, You still",dua_ctx,0.7,1,46,0.72718,0.51259,0.44149,0.43975,0.02516
226,"Usually, You still",dua_ctx,0.9,1,55,0.90836,0.59103,0.56772,0.55927,0.02518
226,"Usually, You still",dua_ctx,0.99,1,69,0.99088,0.71822,0.91408,0.89052,0.04095
226,"Usually, You still",euc_unemb,0.3,1,14,0.34902,0.21213,0.8566,0.85279,0.30607
226,"Usually, You still",euc_unemb,0.5,1,16,0.56765,0.20212,1.02437,1.01785,0.35835
226,"Usually, You still",euc_unemb,0.7,1,18,0.76406,0.21815,1.1653,1.15537,0.38389
226,"Usually, You still",euc_unemb,0.9,1,21,0.92711,0.27415,1.36342,1.34688,0.41094
226,"Usually, You still",euc_unemb,0.99,1,26,0.99232,0.35994,1.84223,1.81069,0.34952
226,"Usually, You still",cau_unemb,0.3,1,15,0.36953,0.1657,1.01591,1.01303,0.29726
226,"Usually, You still",cau_unemb,0.5,1,17,0.57174,0.15665,1.13854,1.13338,0.35905
226,"Usually, You still",cau_unemb,0.7,1,19,0.75251,0.16762,1.20553,1.1977,0.30731
226,"Usually, You still",cau_unemb,0.9,1,22,0.91268,0.21405,1.24143,1.22882,0.32663
226,"Usually, You still",cau_unemb,0.99,1,28,0.99199,0.34575,1.37784,1.35243,0.37546
226,"Usually, You still",dua_unemb,0.3,1,16,0.37108,0.44016,0.44077,0.43793,0.28475
226,"Usually, You still",dua_unemb,0.5,1,18,0.53409,0.43493,0.5632,0.55706,0.28545
226,"Usually, You still",dua_unemb,0.7,1,21,0.75485,0.44524,0.77427,0.76165,0.28494
226,"Usually, You still",dua_unemb,0.9,1,25,0.92624,0.47805,1.09441,1.07085,0.11254
226,"Usually, You still",dua_unemb,0.99,1,31,0.99271,0.52481,1.64628,1.60316,0.25602
226,"Usually, You still",euc_dmd,0.3,1,12,0.36535,0.15808,1.05558,1.05714,0.37162
226,"Usually, You still",euc_dmd,0.5,1,14,0.61413,0.15035,1.21167,1.21103,0.38095
226,"Usually, You still",euc_dmd,0.7,1,15,0.72528,0.15778,1.26314,1.26119,0.34275
226,"Usually, You still",euc_dmd,0.9,1,18,0.92257,0.21689,1.35585,1.34909,0.34746
226,"Usually, You still",euc_dmd,0.99,1,23,0.9929,0.37125,1.5444,1.52632,0.14321
226,"Usually, You still",cau_dmd,0.3,1,13,0.39971,0.12496,1.26637,1.27024,0.42277
226,"Usually, You still",cau_dmd,0.5,1,14,0.51307,0.11974,1.33399,1.33705,0.41351
226,"Usually, You still",cau_dmd,0.7,1,16,0.72222,0.12534,1.4166,1.41777,0.34359
226,"Usually, You still",cau_dmd,0.9,1,19,0.90648,0.16708,1.45275,1.4504,0.34823
226,"Usually, You still",cau_dmd,0.99,1,25,0.99148,0.32009,1.51318,1.50081,0.34609
226,"Usually, You still",dua_dmd,0.3,1,13,0.39509,0.36543,0.5122,0.51638,0.28708
226,"Usually, You still",dua_dmd,0.5,1,14,0.50183,0.35989,0.57322,0.57646,0.28765
226,"Usually, You still",dua_dmd,0.7,1,17,0.77679,0.37545,0.75039,0.74941,0.28745
226,"Usually, You still",dua_dmd,0.9,1,20,0.92186,0.42065,0.92673,0.91981,0.08257
226,"Usually, You still",dua_dmd,0.99,1,25,0.99025,0.50998,1.24715,1.22769,0.09638
57,"Every day, These kids always",euc_ctx,0.3,1,14,0.34774,0.55729,0.20845,0.21386,0.04455
57,"Every day, These kids always",euc_ctx,0.5,1,17,0.52239,0.54466,0.2959,0.30049,0.04652
57,"Every day, These kids always",euc_ctx,0.7,1,21,0.73973,0.55561,0.41609,0.41813,0.15205
57,"Every day, These kids always",euc_ctx,0.9,1,26,0.90311,0.59159,0.58449,0.58133,0.15506
57,"Every day, These kids always",euc_ctx,0.99,1,37,0.99196,0.6292,1.11307,1.09411,0.13894
57,"Every day, These kids always",cau_ctx,0.3,1,26,0.30646,0.526,0.30366,0.30938,0.12755
57,"Every day, These kids always",cau_ctx,0.5,1,33,0.51199,0.47384,0.5013,0.50556,0.15669
57,"Every day, These kids always",cau_ctx,0.7,1,40,0.71446,0.43675,0.74421,0.74528,0.13698
57,"Every day, These kids always",cau_ctx,0.9,1,51,0.90837,0.39378,1.21637,1.20951,0.15949
57,"Every day, These kids always",cau_ctx,0.99,1,70,0.99105,0.31066,2.26921,2.24373,0.17656
57,"Every day, These kids always",dua_ctx,0.3,1,16,0.3121,0.58213,0.17849,0.18313,0.03887
57,"Every day, These kids always",dua_ctx,0.5,1,21,0.51599,0.5585,0.29243,0.29579,0.0429
57,"Every day, These kids always",dua_ctx,0.7,1,26,0.71566,0.55411,0.42177,0.42239,0.05386
57,"Every day, These kids always",dua_ctx,0.9,1,33,0.90278,0.57522,0.63593,0.63031,0.1018
57,"Every day, These kids always",dua_ctx,0.99,1,45,0.99182,0.61942,1.15311,1.13157,0.10643
57,"Every day, These kids always",euc_unemb,0.3,1,6,0.37068,0.61759,0.15212,0.15622,0.04425
57,"Every day, These kids always",euc_unemb,0.5,1,7,0.5132,0.62122,0.218,0.22123,0.05207
57,"Every day, These kids always",euc_unemb,0.7,1,9,0.77185,0.65521,0.40818,0.40761,0.15595
57,"Every day, These kids always",euc_unemb,0.9,1,11,0.91581,0.69654,0.67485,0.66809,0.17485
57,"Every day, These kids always",euc_unemb,0.99,1,15,0.99122,0.72967,1.33741,1.3147,0.18939
57,"Every day, These kids always",cau_unemb,0.3,1,6,0.3082,0.59469,0.1312,0.13703,0.02629
57,"Every day, These kids always",cau_unemb,0.5,1,8,0.56268,0.59975,0.22809,0.23305,0.12422
57,"Every day, These kids always",cau_unemb,0.7,1,10,0.78742,0.64132,0.36191,0.36388,0.12564
57,"Every day, These kids always",cau_unemb,0.9,1,12,0.91397,0.69149,0.54457,0.54173,0.16262
57,"Every day, These kids always",cau_unemb,0.99,1,17,0.99316,0.75154,1.16482,1.14582,0.17862
57,"Every day, These kids always",dua_unemb,0.3,1,6,0.34365,0.63778,0.11809,0.12187,0.02532
57,"Every day, These kids always",dua_unemb,0.5,1,8,0.59976,0.64654,0.23416,0.23621,0.04786
57,"Every day, These kids always",dua_unemb,0.7,1,9,0.71524,0.66004,0.31128,0.31169,0.12401
57,"Every day, These kids always",dua_unemb,0.9,1,12,0.92324,0.71201,0.61855,0.61125,0.17042
57,"Every day, These kids always",dua_unemb,0.99,1,16,0.99069,0.75118,1.16899,1.14717,0.17836
57,"Every day, These kids always",euc_dmd,0.3,1,6,0.38891,0.56216,0.22901,0.2344,0.15477
57,"Every day, These kids always",euc_dmd,0.5,1,7,0.53316,0.56285,0.30066,0.30531,0.16179
57,"Every day, These kids always",euc_dmd,0.7,1,9,0.78487,0.60213,0.46956,0.47091,0.17088
57,"Every day, These kids always",euc_dmd,0.9,1,11,0.92014,0.66156,0.69177,0.68772,0.17416
57,"Every day, These kids always",euc_dmd,0.99,1,15,0.99105,0.73865,1.28218,1.26391,0.1885
57,"Every day, These kids always",cau_dmd,0.3,1,7,0.40807,0.53642,0.28235,0.28925,0.16207
57,"Every day, These kids always",cau_dmd,0.5,1,8,0.53079,0.53937,0.33287,0.33934,0.16367
57,"Every day, These kids always",cau_dmd,0.7,1,10,0.74964,0.57719,0.43831,0.44262,0.16242
57,"Every day, These kids always",cau_dmd,0.9,1,13,0.92532,0.66771,0.67138,0.66973,0.16486
57,"Every day, These kids always",cau_dmd,0.99,1,18,0.9918,0.76667,1.26704,1.25134,0.16799
57,"Every day, These kids always",dua_dmd,0.3,1,6,0.38414,0.58676,0.18504,0.1898,0.12677
57,"Every day, These kids always",dua_dmd,0.5,1,7,0.51944,0.58304,0.24867,0.25297,0.15547
57,"Every day, These kids always",dua_dmd,0.7,1,9,0.75523,0.60202,0.38743,0.38953,0.15527
57,"Every day, These kids always",dua_dmd,0.9,1,12,0.93303,0.6641,0.63653,0.6326,0.15907
57,"Every day, These kids always",dua_dmd,0.99,1,16,0.99047,0.73621,1.08492,1.0693,0.16979
