ctx_id,text,method,level,reached,step,P1,cf,kl,kl99,rd,cf0,cf_dev,kl_bin,kl_pair,kl_neu
234,"Honestly, Voters typically",euc_ctx,0.3,1,6,0.50848,0.24916,0.73211,0.74497,0.16088,0.40012,0.15096,0.05488,0.05492,0.62231
234,"Honestly, Voters typically",euc_ctx,0.5,1,6,0.50848,0.24916,0.73211,0.74497,0.16088,0.40012,0.15096,0.05488,0.05492,0.62231
234,"Honestly, Voters typically",euc_ctx,0.7,1,7,0.72484,0.27918,0.97087,0.9827,0.16781,0.40012,0.12094,0.03383,0.06725,0.86979
234,"Honestly, Voters typically",euc_ctx,0.9,1,9,0.94154,0.39611,1.5855,1.59196,0.18077,0.40012,0.00401,3e-05,0.07993,1.50553
234,"Honestly, Voters typically",euc_ctx,0.99,1,12,0.99512,0.53984,2.92323,2.916,0.18108,0.40012,0.13972,0.03922,0.09078,2.79322
234,"Honestly, Voters typically",cau_ctx,0.3,0,,,,,,,,,,,
234,"Honestly, Voters typically",cau_ctx,0.5,0,,,,,,,,,,,
234,"Honestly, Voters typically",cau_ctx,0.7,0,,,,,,,,,,,
234,"Honestly, Voters typically",cau_ctx,0.9,0,,,,,,,,,,,
234,"Honestly, Voters typically",cau_ctx,0.99,0,,,,,,,,,,,
234,"Honestly, Voters typically",dua_ctx,0.3,1,32,0.30119,0.36325,0.8445,0.8401,0.02532,0.40012,0.03687,0.0029,0.06645,0.77516
234,"Honestly, Voters typically",dua_ctx,0.5,1,48,0.51208,0.33222,1.93201,1.90694,0.12014,0.40012,0.06789,0.01008,0.15499,1.76694
234,"Honestly, Voters typically",dua_ctx,0.7,1,61,0.705,0.31657,3.26782,3.22184,0.14939,0.40012,0.08354,0.01549,0.25131,3.00102
234,"Honestly, Voters typically",dua_ctx,0.9,1,78,0.90555,0.32169,5.89919,5.82628,0.17019,0.40012,0.07842,0.01358,0.38715,5.49846
234,"Honestly, Voters typically",dua_ctx,0.99,1,98,0.9905,0.36733,10.12914,10.02938,0.19502,0.40012,0.03278,0.00229,0.52927,9.59759
234,"Honestly, Voters typically",euc_unemb,0.3,1,1,0.34141,0.18776,0.45485,0.46681,0.05505,0.40012,0.21236,0.12093,0.04651,0.28741
234,"Honestly, Voters typically",euc_unemb,0.5,1,2,0.98969,0.36001,2.01036,2.00829,0.18197,0.40012,0.04011,0.00344,0.19741,1.80951
234,"Honestly, Voters typically",euc_unemb,0.7,1,2,0.98969,0.36001,2.01036,2.00829,0.18197,0.40012,0.04011,0.00344,0.19741,1.80951
234,"Honestly, Voters typically",euc_unemb,0.9,1,2,0.98969,0.36001,2.01036,2.00829,0.18197,0.40012,0.04011,0.00344,0.19741,1.80951
234,"Honestly, Voters typically",euc_unemb,0.99,1,3,0.99995,0.36947,5.03186,4.99662,0.18709,0.40012,0.03065,0.00199,0.41552,4.61435
234,"Honestly, Voters typically",cau_unemb,0.3,1,26,0.31903,0.21713,0.33316,0.34359,0.04648,0.40012,0.18299,0.08487,0.02601,0.22228
234,"Honestly, Voters typically",cau_unemb,0.5,1,30,0.50179,0.22362,0.42576,0.43624,0.05299,0.40012,0.1765,0.07808,0.0282,0.31947
234,"Honestly, Voters typically",cau_unemb,0.7,1,35,0.72266,0.25628,0.57127,0.58079,0.13227,0.40012,0.14383,0.04931,0.03767,0.48428
234,"Honestly, Voters typically",cau_unemb,0.9,1,42,0.90692,0.33157,0.89224,0.89818,0.15297,0.40012,0.06854,0.01028,0.06172,0.82024
234,"Honestly, Voters typically",cau_unemb,0.99,1,55,0.99089,0.43341,1.90341,1.89713,0.16372,0.40012,0.0333,0.00227,0.10265,1.79849
234,"Honestly, Voters typically",dua_unemb,0.3,1,2,0.75976,0.47012,0.46954,0.47149,0.03929,0.40012,0.07001,0.00993,0.05917,0.40045
234,"Honestly, Voters typically",dua_unemb,0.5,1,2,0.75976,0.47012,0.46954,0.47149,0.03929,0.40012,0.07001,0.00993,0.05917,0.40045
234,"Honestly, Voters typically",dua_unemb,0.7,1,2,0.75976,0.47012,0.46954,0.47149,0.03929,0.40012,0.07001,0.00993,0.05917,0.40045
234,"Honestly, Voters typically",dua_unemb,0.9,1,3,0.94204,0.50414,0.99639,0.99003,0.06356,0.40012,0.10402,0.02178,0.08646,0.88815
234,"Honestly, Voters typically",dua_unemb,0.99,1,5,0.99831,0.51884,2.90497,2.86995,0.17076,0.40012,0.11873,0.02833,0.1148,2.76184
234,"Honestly, Voters typically",euc_dmd,0.3,1,1,0.34308,0.18036,0.51308,0.52582,0.05778,0.40012,0.21976,0.13158,0.03939,0.34211
234,"Honestly, Voters typically",euc_dmd,0.5,1,2,0.98734,0.35651,1.91618,1.91793,0.17838,0.40012,0.04361,0.00408,0.13703,1.77507
234,"Honestly, Voters typically",euc_dmd,0.7,1,2,0.98734,0.35651,1.91618,1.91793,0.17838,0.40012,0.04361,0.00408,0.13703,1.77507
234,"Honestly, Voters typically",euc_dmd,0.9,1,2,0.98734,0.35651,1.91618,1.91793,0.17838,0.40012,0.04361,0.00408,0.13703,1.77507
234,"Honestly, Voters typically",euc_dmd,0.99,1,3,0.9999,0.4231,4.53422,4.50833,0.18179,0.40012,0.02299,0.00109,0.24608,4.28705
234,"Honestly, Voters typically",cau_dmd,0.3,1,11,0.32691,0.20636,0.5148,0.52656,0.06941,0.40012,0.19376,0.09703,0.06302,0.35475
234,"Honestly, Voters typically",cau_dmd,0.5,1,13,0.53939,0.21381,0.6746,0.68631,0.06931,0.40012,0.18631,0.0885,0.07173,0.51438
234,"Honestly, Voters typically",cau_dmd,0.7,1,15,0.73562,0.2431,0.87146,0.88209,0.11853,0.40012,0.15702,0.0599,0.09311,0.71844
234,"Honestly, Voters typically",cau_dmd,0.9,1,18,0.90855,0.31077,1.29215,1.29907,0.1606,0.40012,0.08934,0.01782,0.14581,1.12852
234,"Honestly, Voters typically",cau_dmd,0.99,1,24,0.99155,0.40129,2.59212,2.58563,0.16999,0.40012,0.00118,0.0,0.25647,2.33565
234,"Honestly, Voters typically",dua_dmd,0.3,1,2,0.84821,0.48989,0.61738,0.62071,0.1204,0.40012,0.08977,0.01625,0.06707,0.53406
234,"Honestly, Voters typically",dua_dmd,0.5,1,2,0.84821,0.48989,0.61738,0.62071,0.1204,0.40012,0.08977,0.01625,0.06707,0.53406
234,"Honestly, Voters typically",dua_dmd,0.7,1,2,0.84821,0.48989,0.61738,0.62071,0.1204,0.40012,0.08977,0.01625,0.06707,0.53406
234,"Honestly, Voters typically",dua_dmd,0.9,1,3,0.97848,0.50274,1.37765,1.37615,0.16801,0.40012,0.10262,0.0212,0.09532,1.26114
234,"Honestly, Voters typically",dua_dmd,0.99,1,4,0.9962,0.50906,2.47746,2.46746,0.17159,0.40012,0.10895,0.02387,0.10831,2.34527
196,"In this case, You rarely",euc_ctx,0.3,1,7,0.3785,0.20789,0.96263,0.97008,0.33741,0.71353,0.50565,0.58859,0.11359,0.26045
196,"In this case, You rarely",euc_ctx,0.5,1,8,0.6081,0.20957,1.0783,1.08436,0.33757,0.71353,0.50396,0.58344,0.16892,0.32594
196,"In this case, You rarely",euc_ctx,0.7,1,9,0.79567,0.2432,1.1072,1.11121,0.33416,0.71353,0.47034,0.48972,0.21902,0.39846
196,"In this case, You rarely",euc_ctx,0.9,1,10,0.90561,0.30282,1.08891,1.09016,0.32207,0.71353,0.41072,0.35678,0.25209,0.48004
196,"In this case, You rarely",euc_ctx,0.99,1,13,0.99203,0.52121,1.18317,1.17197,0.28802,0.71353,0.19232,0.07696,0.29844,0.80776
196,"In this case, You rarely",cau_ctx,0.3,0,,,,,,,,,,,
196,"In this case, You rarely",cau_ctx,0.5,0,,,,,,,,,,,
196,"In this case, You rarely",cau_ctx,0.7,0,,,,,,,,,,,
196,"In this case, You rarely",cau_ctx,0.9,0,,,,,,,,,,,
196,"In this case, You rarely",cau_ctx,0.99,0,,,,,,,,,,,
196,"In this case, You rarely",dua_ctx,0.3,1,40,0.30149,0.64732,0.74003,0.70265,0.01727,0.71353,0.06621,0.00992,0.10525,0.62485
196,"In this case, You rarely",dua_ctx,0.5,1,65,0.50197,0.64034,1.819,1.73242,0.05745,0.71353,0.07319,0.01204,0.26619,1.54077
196,"In this case, You rarely",dua_ctx,0.7,1,96,0.70001,0.65577,3.321,3.19925,0.0687,0.71353,0.05776,0.00762,0.50156,2.81182
196,"In this case, You rarely",dua_ctx,0.9,1,137,0.90234,0.69781,5.22765,5.08971,0.07658,0.71353,0.01572,0.00059,0.86889,4.35817
196,"In this case, You rarely",dua_ctx,0.99,1,160,0.9913,0.71969,5.85025,5.70865,0.07908,0.71353,0.00615,9e-05,1.09979,4.75037
196,"In this case, You rarely",euc_unemb,0.3,1,2,0.95211,0.4362,0.97433,0.97875,0.07798,0.71353,0.27734,0.15719,0.21307,0.60407
196,"In this case, You rarely",euc_unemb,0.5,1,2,0.95211,0.4362,0.97433,0.97875,0.07798,0.71353,0.27734,0.15719,0.21307,0.60407
196,"In this case, You rarely",euc_unemb,0.7,1,2,0.95211,0.4362,0.97433,0.97875,0.07798,0.71353,0.27734,0.15719,0.21307,0.60407
196,"In this case, You rarely",euc_unemb,0.9,1,2,0.95211,0.4362,0.97433,0.97875,0.07798,0.71353,0.27734,0.15719,0.21307,0.60407
196,"In this case, You rarely",euc_unemb,0.99,1,3,0.99972,0.64573,2.03906,2.01371,0.08472,0.71353,0.0678,0.01039,0.43547,1.5932
196,"In this case, You rarely",cau_unemb,0.3,1,33,0.32194,0.24754,0.74976,0.75988,0.32504,0.71353,0.466,0.47875,0.06834,0.20267
196,"In this case, You rarely",cau_unemb,0.5,1,37,0.50976,0.23861,0.85223,0.86157,0.31193,0.71353,0.47492,0.50157,0.09611,0.25455
196,"In this case, You rarely",cau_unemb,0.7,1,42,0.73417,0.2589,0.92099,0.92851,0.33811,0.71353,0.45463,0.45108,0.13834,0.33157
196,"In this case, You rarely",cau_unemb,0.9,1,49,0.91507,0.32964,0.96823,0.97155,0.29768,0.71353,0.3839,0.30746,0.19147,0.46929
196,"In this case, You rarely",cau_unemb,0.99,1,61,0.99091,0.45404,1.19863,1.19073,0.23819,0.71353,0.25949,0.1378,0.25002,0.81081
196,"In this case, You rarely",dua_unemb,0.3,1,2,0.35948,0.65352,0.20717,0.21126,0.02506,0.71353,0.06001,0.0082,0.0467,0.15227
196,"In this case, You rarely",dua_unemb,0.5,1,3,0.56714,0.66293,0.45128,0.44642,0.04826,0.71353,0.0506,0.00589,0.1051,0.3403
196,"In this case, You rarely",dua_unemb,0.7,1,5,0.75082,0.68227,1.18155,1.14421,0.05829,0.71353,0.03126,0.0023,0.16737,1.01188
196,"In this case, You rarely",dua_unemb,0.9,1,9,0.9316,0.72826,3.20634,3.09582,0.05985,0.71353,0.01473,0.00054,0.26375,2.94204
196,"In this case, You rarely",dua_unemb,0.99,1,12,0.99691,0.75085,4.3364,4.19954,0.06617,0.71353,0.03731,0.00361,0.3115,4.02129
196,"In this case, You rarely",euc_dmd,0.3,1,2,0.95442,0.27114,1.36849,1.37368,0.31334,0.71353,0.44239,0.42288,0.32615,0.61946
196,"In this case, You rarely",euc_dmd,0.5,1,2,0.95442,0.27114,1.36849,1.37368,0.31334,0.71353,0.44239,0.42288,0.32615,0.61946
196,"In this case, You rarely",euc_dmd,0.7,1,2,0.95442,0.27114,1.36849,1.37368,0.31334,0.71353,0.44239,0.42288,0.32615,0.61946
196,"In this case, You rarely",euc_dmd,0.9,1,2,0.95442,0.27114,1.36849,1.37368,0.31334,0.71353,0.44239,0.42288,0.32615,0.61946
196,"In this case, You rarely",euc_dmd,0.99,1,3,0.99963,0.50815,2.06579,2.0473,0.25071,0.71353,0.20538,0.08736,0.54207,1.43636
196,"In this case, You rarely",cau_dmd,0.3,1,14,0.4066,0.16124,1.25306,1.2642,0.40646,0.71353,0.55229,0.7535,0.24626,0.2533
196,"In this case, You rarely",cau_dmd,0.5,1,15,0.52433,0.15697,1.37426,1.38484,0.41668,0.71353,0.55656,0.7712,0.31319,0.28987
196,"In this case, You rarely",cau_dmd,0.7,1,17,0.73811,0.16627,1.57864,1.58749,0.41712,0.71353,0.54726,0.7333,0.47108,0.37427
196,"In this case, You rarely",cau_dmd,0.9,1,20,0.91757,0.20987,1.81987,1.82452,0.3909,0.71353,0.50367,0.58255,0.70102,0.5363
196,"In this case, You rarely",cau_dmd,0.99,1,26,0.99339,0.29439,2.43398,2.42503,0.37599,0.71353,0.41914,0.37347,1.05299,1.00753
196,"In this case, You rarely",dua_dmd,0.3,1,2,0.44997,0.64457,0.26727,0.27166,0.02038,0.71353,0.06896,0.01073,0.07459,0.18195
196,"In this case, You rarely",dua_dmd,0.5,1,3,0.66927,0.64634,0.56131,0.55906,0.06172,0.71353,0.0672,0.01021,0.15275,0.39836
196,"In this case, You rarely",dua_dmd,0.7,1,4,0.76617,0.65316,0.93005,0.91651,0.06418,0.71353,0.06037,0.0083,0.20076,0.72099
196,"In this case, You rarely",dua_dmd,0.9,1,7,0.92085,0.68582,2.37586,2.31642,0.06965,0.71353,0.02771,0.00181,0.32108,2.05297
196,"In this case, You rarely",dua_dmd,0.99,1,10,0.99707,0.72112,3.81262,3.71173,0.08604,0.71353,0.00759,0.00014,0.40354,3.40893
239,"Usually, We always",euc_ctx,0.3,1,7,0.43523,0.14497,0.99608,1.00526,0.15546,0.54086,0.39589,0.42662,0.08373,0.48573
239,"Usually, We always",euc_ctx,0.5,1,8,0.64945,0.15384,1.09433,1.10278,0.15095,0.54086,0.38702,0.39931,0.09157,0.60346
239,"Usually, We always",euc_ctx,0.7,1,9,0.81359,0.18584,1.13672,1.14397,0.14209,0.54086,0.35502,0.31479,0.09218,0.72975
239,"Usually, We always",euc_ctx,0.9,1,10,0.90952,0.23938,1.16556,1.17109,0.13054,0.54086,0.30148,0.2091,0.09047,0.866
239,"Usually, We always",euc_ctx,0.99,1,13,0.99068,0.46899,1.46316,1.46011,0.04545,0.54086,0.07187,0.01035,0.09126,1.36156
239,"Usually, We always",cau_ctx,0.3,0,,,,,,,,,,,
239,"Usually, We always",cau_ctx,0.5,0,,,,,,,,,,,
239,"Usually, We always",cau_ctx,0.7,0,,,,,,,,,,,
239,"Usually, We always",cau_ctx,0.9,0,,,,,,,,,,,
239,"Usually, We always",cau_ctx,0.99,0,,,,,,,,,,,
239,"Usually, We always",dua_ctx,0.3,1,37,0.30897,0.4755,0.95599,0.94773,0.02855,0.54086,0.06535,0.00855,0.08931,0.85813
239,"Usually, We always",dua_ctx,0.5,1,52,0.50413,0.44582,1.92665,1.89757,0.03848,0.54086,0.09504,0.01814,0.18608,1.72243
239,"Usually, We always",dua_ctx,0.7,1,66,0.70855,0.42649,3.10621,3.05444,0.04282,0.54086,0.11437,0.02637,0.29841,2.78142
239,"Usually, We always",dua_ctx,0.9,1,83,0.9059,0.43209,4.79158,4.71417,0.05415,0.54086,0.10877,0.02382,0.45155,4.31622
239,"Usually, We always",dua_ctx,0.99,1,113,0.99098,0.52542,6.93831,6.82824,0.05102,0.54086,0.01543,0.00048,0.69756,6.24027
239,"Usually, We always",euc_unemb,0.3,1,2,0.95884,0.2305,1.28343,1.28918,0.134,0.54086,0.31035,0.2242,0.25832,0.8009
239,"Usually, We always",euc_unemb,0.5,1,2,0.95884,0.2305,1.28343,1.28918,0.134,0.54086,0.31035,0.2242,0.25832,0.8009
239,"Usually, We always",euc_unemb,0.7,1,2,0.95884,0.2305,1.28343,1.28918,0.134,0.54086,0.31035,0.2242,0.25832,0.8009
239,"Usually, We always",euc_unemb,0.9,1,2,0.95884,0.2305,1.28343,1.28918,0.134,0.54086,0.31035,0.2242,0.25832,0.8009
239,"Usually, We always",euc_unemb,0.99,1,3,0.99971,0.41086,2.73815,2.72031,0.14398,0.54086,0.13,0.03422,0.5285,2.17543
239,"Usually, We always",cau_unemb,0.3,1,32,0.32235,0.17769,0.60824,0.61855,0.13779,0.54086,0.36317,0.33446,0.04907,0.22471
239,"Usually, We always",cau_unemb,0.5,1,37,0.54532,0.18044,0.68411,0.69425,0.14008,0.54086,0.36041,0.32769,0.05817,0.29825
239,"Usually, We always",cau_unemb,0.7,1,41,0.71456,0.20331,0.71403,0.72358,0.1373,0.54086,0.33755,0.27616,0.07169,0.36618
239,"Usually, We always",cau_unemb,0.9,1,49,0.91512,0.3011,0.76869,0.77561,0.12083,0.54086,0.23976,0.12388,0.11071,0.53409
239,"Usually, We always",cau_unemb,0.99,1,62,0.99112,0.50936,1.1203,1.11848,0.05123,0.54086,0.0315,0.00199,0.17054,0.94777
239,"Usually, We always",dua_unemb,0.3,1,2,0.62682,0.56405,0.28994,0.29276,0.08076,0.54086,0.02319,0.00109,0.04344,0.24541
239,"Usually, We always",dua_unemb,0.5,1,2,0.62682,0.56405,0.28994,0.29276,0.08076,0.54086,0.02319,0.00109,0.04344,0.24541
239,"Usually, We always",dua_unemb,0.7,1,3,0.88544,0.59023,0.71154,0.7076,0.08337,0.54086,0.04937,0.00499,0.08299,0.62356
239,"Usually, We always",dua_unemb,0.9,1,4,0.97337,0.60668,1.32326,1.30745,0.10405,0.54086,0.06582,0.00893,0.09987,1.21445
239,"Usually, We always",dua_unemb,0.99,1,5,0.99712,0.62215,2.18362,2.15212,0.10495,0.54086,0.08129,0.01373,0.10497,2.06491
239,"Usually, We always",euc_dmd,0.3,1,2,0.95696,0.1577,1.48565,1.48972,0.15241,0.54086,0.38316,0.38801,0.21169,0.88596
239,"Usually, We always",euc_dmd,0.5,1,2,0.95696,0.1577,1.48565,1.48972,0.15241,0.54086,0.38316,0.38801,0.21169,0.88596
239,"Usually, We always",euc_dmd,0.7,1,2,0.95696,0.1577,1.48565,1.48972,0.15241,0.54086,0.38316,0.38801,0.21169,0.88596
239,"Usually, We always",euc_dmd,0.9,1,2,0.95696,0.1577,1.48565,1.48972,0.15241,0.54086,0.38316,0.38801,0.21169,0.88596
239,"Usually, We always",euc_dmd,0.99,1,3,0.99955,0.40662,2.32524,2.31209,0.14467,0.54086,0.13424,0.03654,0.37648,1.91222
239,"Usually, We always",cau_dmd,0.3,1,13,0.30459,0.12835,0.91664,0.92558,0.15668,0.54086,0.41251,0.48366,0.10748,0.3255
239,"Usually, We always",cau_dmd,0.5,1,15,0.5097,0.12159,1.05911,1.06747,0.14904,0.54086,0.41927,0.50935,0.12612,0.42363
239,"Usually, We always",cau_dmd,0.7,1,17,0.70816,0.1325,1.16491,1.17219,0.14737,0.54086,0.40836,0.46862,0.16071,0.53559
239,"Usually, We always",cau_dmd,0.9,1,21,0.92621,0.19812,1.36103,1.36444,0.11948,0.54086,0.34274,0.28716,0.26082,0.81305
239,"Usually, We always",cau_dmd,0.99,1,27,0.9924,0.32698,1.92116,1.91416,0.1031,0.54086,0.21388,0.09661,0.41009,1.41446
239,"Usually, We always",dua_dmd,0.3,1,2,0.74577,0.60112,0.35226,0.35389,0.02641,0.54086,0.06026,0.00746,0.05399,0.29081
239,"Usually, We always",dua_dmd,0.5,1,2,0.74577,0.60112,0.35226,0.35389,0.02641,0.54086,0.06026,0.00746,0.05399,0.29081
239,"Usually, We always",dua_dmd,0.7,1,2,0.74577,0.60112,0.35226,0.35389,0.02641,0.54086,0.06026,0.00746,0.05399,0.29081
239,"Usually, We always",dua_dmd,0.9,1,3,0.96683,0.61393,0.87191,0.86951,0.04178,0.54086,0.07307,0.01105,0.08609,0.77477
239,"Usually, We always",dua_dmd,0.99,1,4,0.99784,0.62973,1.63203,1.62103,0.0401,0.54086,0.08887,0.01649,0.09714,1.5184
38,"Over time, Our customers usually",euc_ctx,0.3,1,6,0.42854,0.24564,0.75953,0.77281,0.08643,0.53022,0.28458,0.18547,0.06223,0.51183
38,"Over time, Our customers usually",euc_ctx,0.5,1,7,0.66906,0.26077,0.93206,0.94447,0.08778,0.53022,0.26945,0.1633,0.0734,0.69536
38,"Over time, Our customers usually",euc_ctx,0.7,1,8,0.84263,0.30896,1.09087,1.10135,0.08331,0.53022,0.22126,0.10506,0.07895,0.90686
38,"Over time, Our customers usually",euc_ctx,0.9,1,9,0.93282,0.37707,1.27869,1.28622,0.07769,0.53022,0.15315,0.04818,0.08181,1.1487
38,"Over time, Our customers usually",euc_ctx,0.99,1,12,0.9952,0.56095,2.16152,2.15573,0.07814,0.53022,0.03073,0.00191,0.09185,2.06776
38,"Over time, Our customers usually",cau_ctx,0.3,0,,,,,,,,,,,
38,"Over time, Our customers usually",cau_ctx,0.5,0,,,,,,,,,,,
38,"Over time, Our customers usually",cau_ctx,0.7,0,,,,,,,,,,,
38,"Over time, Our customers usually",cau_ctx,0.9,0,,,,,,,,,,,
38,"Over time, Our customers usually",cau_ctx,0.99,0,,,,,,,,,,,
38,"Over time, Our customers usually",dua_ctx,0.3,1,34,0.31091,0.47384,0.99401,0.99032,0.07293,0.53022,0.05639,0.00636,0.08596,0.90169
38,"Over time, Our customers usually",dua_ctx,0.5,1,48,0.50909,0.4348,2.09393,2.07208,0.05695,0.53022,0.09542,0.01833,0.19037,1.88523
38,"Over time, Our customers usually",dua_ctx,0.7,1,62,0.71274,0.41452,3.69464,3.64901,0.05991,0.53022,0.1157,0.02709,0.33698,3.33056
38,"Over time, Our customers usually",dua_ctx,0.9,1,85,0.90155,0.43544,6.98854,6.90501,0.05223,0.53022,0.09479,0.01808,0.60516,6.3653
38,"Over time, Our customers usually",dua_ctx,0.99,1,105,0.99103,0.47579,8.9515,8.84252,0.05988,0.53022,0.05444,0.00593,0.87346,8.0721
38,"Over time, Our customers usually",euc_unemb,0.3,1,2,0.99114,0.42443,1.79479,1.79449,0.09872,0.53022,0.10579,0.02259,0.27953,1.49267
38,"Over time, Our customers usually",euc_unemb,0.5,1,2,0.99114,0.42443,1.79479,1.79449,0.09872,0.53022,0.10579,0.02259,0.27953,1.49267
38,"Over time, Our customers usually",euc_unemb,0.7,1,2,0.99114,0.42443,1.79479,1.79449,0.09872,0.53022,0.10579,0.02259,0.27953,1.49267
38,"Over time, Our customers usually",euc_unemb,0.9,1,2,0.99114,0.42443,1.79479,1.79449,0.09872,0.53022,0.10579,0.02259,0.27953,1.49267
38,"Over time, Our customers usually",euc_unemb,0.99,1,2,0.99114,0.42443,1.79479,1.79449,0.09872,0.53022,0.10579,0.02259,0.27953,1.49267
38,"Over time, Our customers usually",cau_unemb,0.3,1,28,0.33624,0.24567,0.47194,0.48409,0.08848,0.53022,0.28455,0.18542,0.03014,0.25637
38,"Over time, Our customers usually",cau_unemb,0.5,1,32,0.53618,0.25144,0.55401,0.56604,0.08486,0.53022,0.27878,0.17673,0.03214,0.34514
38,"Over time, Our customers usually",cau_unemb,0.7,1,36,0.72468,0.28214,0.63085,0.642,0.07959,0.53022,0.24809,0.13532,0.04185,0.45368
38,"Over time, Our customers usually",cau_unemb,0.9,1,43,0.91693,0.37961,0.82754,0.8351,0.07802,0.53022,0.15061,0.04653,0.07623,0.70477
38,"Over time, Our customers usually",cau_unemb,0.99,1,54,0.99038,0.52379,1.42913,1.42655,0.08045,0.53022,0.00644,8e-05,0.13446,1.29459
38,"Over time, Our customers usually",dua_unemb,0.3,1,2,0.76818,0.57008,0.47793,0.47734,0.08062,0.53022,0.03986,0.00322,0.05214,0.42257
38,"Over time, Our customers usually",dua_unemb,0.5,1,2,0.76818,0.57008,0.47793,0.47734,0.08062,0.53022,0.03986,0.00322,0.05214,0.42257
38,"Over time, Our customers usually",dua_unemb,0.7,1,2,0.76818,0.57008,0.47793,0.47734,0.08062,0.53022,0.03986,0.00322,0.05214,0.42257
38,"Over time, Our customers usually",dua_unemb,0.9,1,3,0.96176,0.60075,1.115,1.10436,0.08665,0.53022,0.07053,0.0102,0.07752,1.02727
38,"Over time, Our customers usually",dua_unemb,0.99,1,4,0.99853,0.61453,2.31971,2.29275,0.08588,0.53022,0.0843,0.01468,0.08613,2.21891
38,"Over time, Our customers usually",euc_dmd,0.3,1,2,0.98822,0.36689,1.67003,1.67301,0.08592,0.53022,0.16333,0.05507,0.16343,1.45153
38,"Over time, Our customers usually",euc_dmd,0.5,1,2,0.98822,0.36689,1.67003,1.67301,0.08592,0.53022,0.16333,0.05507,0.16343,1.45153
38,"Over time, Our customers usually",euc_dmd,0.7,1,2,0.98822,0.36689,1.67003,1.67301,0.08592,0.53022,0.16333,0.05507,0.16343,1.45153
38,"Over time, Our customers usually",euc_dmd,0.9,1,2,0.98822,0.36689,1.67003,1.67301,0.08592,0.53022,0.16333,0.05507,0.16343,1.45153
38,"Over time, Our customers usually",euc_dmd,0.99,1,3,0.99993,0.4853,3.71672,3.69167,0.09526,0.53022,0.04492,0.00404,0.31516,3.39752
38,"Over time, Our customers usually",cau_dmd,0.3,1,12,0.33766,0.21633,0.6628,0.6755,0.09366,0.53022,0.31389,0.23493,0.0747,0.35318
38,"Over time, Our customers usually",cau_dmd,0.5,1,14,0.56493,0.22158,0.78633,0.79877,0.08282,0.53022,0.30864,0.22538,0.0805,0.48044
38,"Over time, Our customers usually",cau_dmd,0.7,1,16,0.76565,0.25716,0.90611,0.91738,0.08453,0.53022,0.27306,0.16841,0.10605,0.63165
38,"Over time, Our customers usually",cau_dmd,0.9,1,19,0.92716,0.35108,1.15483,1.1625,0.06945,0.53022,0.17914,0.06684,0.17296,0.91503
38,"Over time, Our customers usually",cau_dmd,0.99,1,24,0.99138,0.49953,1.87225,1.86954,0.06872,0.53022,0.03069,0.00189,0.29355,1.57682
38,"Over time, Our customers usually",dua_dmd,0.3,1,2,0.81642,0.58371,0.51782,0.51873,0.03945,0.53022,0.05348,0.00583,0.04805,0.46394
38,"Over time, Our customers usually",dua_dmd,0.5,1,2,0.81642,0.58371,0.51782,0.51873,0.03945,0.53022,0.05348,0.00583,0.04805,0.46394
38,"Over time, Our customers usually",dua_dmd,0.7,1,2,0.81642,0.58371,0.51782,0.51873,0.03945,0.53022,0.05348,0.00583,0.04805,0.46394
38,"Over time, Our customers usually",dua_dmd,0.9,1,3,0.97483,0.59123,1.24308,1.23959,0.04489,0.53022,0.06101,0.0076,0.07846,1.15701
38,"Over time, Our customers usually",dua_dmd,0.99,1,4,0.99807,0.60338,2.36207,2.35015,0.04623,0.53022,0.07316,0.01099,0.09316,2.25792
212,"Every day, They just",euc_ctx,0.3,1,5,0.31069,0.1943,0.47873,0.48485,0.11363,0.48836,0.29407,0.21778,0.0402,0.22076
212,"Every day, They just",euc_ctx,0.5,1,6,0.51024,0.18795,0.58049,0.58626,0.11328,0.48836,0.30042,0.22998,0.04756,0.30295
212,"Every day, They just",euc_ctx,0.7,1,7,0.70298,0.20635,0.64186,0.64677,0.10367,0.48836,0.28202,0.1961,0.05064,0.39511
212,"Every day, They just",euc_ctx,0.9,1,9,0.92006,0.30872,0.73968,0.7413,0.0986,0.48836,0.17965,0.07001,0.05591,0.61376
212,"Every day, They just",euc_ctx,0.99,1,12,0.99059,0.52491,1.14002,1.13257,0.0862,0.48836,0.03655,0.00267,0.07064,1.06671
212,"Every day, They just",cau_ctx,0.3,0,,,,,,,,,,,
212,"Every day, They just",cau_ctx,0.5,0,,,,,,,,,,,
212,"Every day, They just",cau_ctx,0.7,0,,,,,,,,,,,
212,"Every day, They just",cau_ctx,0.9,0,,,,,,,,,,,
212,"Every day, They just",cau_ctx,0.99,0,,,,,,,,,,,
212,"Every day, They just",dua_ctx,0.3,1,30,0.30702,0.44657,0.56349,0.55905,0.06338,0.48836,0.04179,0.00352,0.05808,0.50189
212,"Every day, They just",dua_ctx,0.5,1,45,0.50464,0.42321,1.25292,1.23205,0.06672,0.48836,0.06515,0.0086,0.13156,1.11276
212,"Every day, They just",dua_ctx,0.7,1,61,0.70918,0.41107,2.31236,2.26846,0.082,0.48836,0.0773,0.01216,0.23506,2.06514
212,"Every day, They just",dua_ctx,0.9,1,84,0.90336,0.4388,4.36662,4.28929,0.0994,0.48836,0.04956,0.00496,0.40512,3.95655
212,"Every day, They just",dua_ctx,0.99,1,118,0.99092,0.53684,7.0007,6.88909,0.09194,0.48836,0.04847,0.00471,0.67337,6.32262
212,"Every day, They just",euc_unemb,0.3,1,1,0.399,0.16952,0.53299,0.54057,0.09248,0.48836,0.31884,0.2689,0.03648,0.22761
212,"Every day, They just",euc_unemb,0.5,1,2,0.98704,0.38639,1.12004,1.11875,0.09343,0.48836,0.10197,0.02139,0.20512,0.89353
212,"Every day, They just",euc_unemb,0.7,1,2,0.98704,0.38639,1.12004,1.11875,0.09343,0.48836,0.10197,0.02139,0.20512,0.89353
212,"Every day, They just",euc_unemb,0.9,1,2,0.98704,0.38639,1.12004,1.11875,0.09343,0.48836,0.10197,0.02139,0.20512,0.89353
212,"Every day, They just",euc_unemb,0.99,1,3,0.99988,0.58995,2.66786,2.64325,0.08406,0.48836,0.10158,0.02095,0.39968,2.24723
212,"Every day, They just",cau_unemb,0.3,1,25,0.33371,0.20948,0.35078,0.35707,0.08649,0.48836,0.27889,0.19077,0.01954,0.14047
212,"Every day, They just",cau_unemb,0.5,1,29,0.50489,0.20852,0.4067,0.41282,0.09648,0.48836,0.27984,0.19238,0.02645,0.18787
212,"Every day, They just",cau_unemb,0.7,1,34,0.71204,0.23393,0.45806,0.46342,0.08348,0.48836,0.25444,0.15293,0.04669,0.25844
212,"Every day, They just",cau_unemb,0.9,1,42,0.91006,0.33089,0.55748,0.56012,0.07315,0.48836,0.15747,0.05282,0.10003,0.40463
212,"Every day, They just",cau_unemb,0.99,1,56,0.99145,0.55097,1.00857,1.00191,0.09383,0.48836,0.06261,0.00788,0.18929,0.8114
212,"Every day, They just",dua_unemb,0.3,1,2,0.72998,0.55719,0.3142,0.31629,0.02101,0.48836,0.06882,0.00953,0.03924,0.26543
212,"Every day, They just",dua_unemb,0.5,1,2,0.72998,0.55719,0.3142,0.31629,0.02101,0.48836,0.06882,0.00953,0.03924,0.26543
212,"Every day, They just",dua_unemb,0.7,1,2,0.72998,0.55719,0.3142,0.31629,0.02101,0.48836,0.06882,0.00953,0.03924,0.26543
212,"Every day, They just",dua_unemb,0.9,1,3,0.94404,0.60061,0.73237,0.72779,0.02376,0.48836,0.11225,0.02569,0.06165,0.64503
212,"Every day, They just",dua_unemb,0.99,1,4,0.99428,0.62886,1.35974,1.34431,0.02384,0.48836,0.1405,0.04077,0.0698,1.24917
212,"Every day, They just",euc_dmd,0.3,1,1,0.39601,0.1319,0.67987,0.68512,0.12122,0.48836,0.35646,0.36876,0.03655,0.27456
212,"Every day, They just",euc_dmd,0.5,1,2,0.98463,0.27234,1.21512,1.21143,0.09999,0.48836,0.21602,0.105,0.19565,0.91448
212,"Every day, They just",euc_dmd,0.7,1,2,0.98463,0.27234,1.21512,1.21143,0.09999,0.48836,0.21602,0.105,0.19565,0.91448
212,"Every day, They just",euc_dmd,0.9,1,2,0.98463,0.27234,1.21512,1.21143,0.09999,0.48836,0.21602,0.105,0.19565,0.91448
212,"Every day, They just",euc_dmd,0.99,1,3,0.99979,0.54876,2.27455,2.25183,0.10669,0.48836,0.06039,0.00732,0.35091,1.91632
212,"Every day, They just",cau_dmd,0.3,1,11,0.36944,0.16268,0.5661,0.57109,0.11895,0.48836,0.32569,0.28482,0.05266,0.22862
212,"Every day, They just",cau_dmd,0.5,1,13,0.56879,0.15979,0.66839,0.67265,0.11847,0.48836,0.32858,0.29182,0.06646,0.31011
212,"Every day, They just",cau_dmd,0.7,1,15,0.74582,0.17644,0.75217,0.75521,0.11557,0.48836,0.31193,0.25365,0.09449,0.40403
212,"Every day, They just",cau_dmd,0.9,1,18,0.90482,0.23228,0.88841,0.8887,0.10155,0.48836,0.25608,0.15528,0.16074,0.5724
212,"Every day, They just",cau_dmd,0.99,1,25,0.99249,0.41386,1.48451,1.47387,0.08579,0.48836,0.0745,0.01128,0.3319,1.14133
212,"Every day, They just",dua_dmd,0.3,1,2,0.76602,0.55519,0.30929,0.30991,0.0188,0.48836,0.06682,0.00898,0.03077,0.26954
212,"Every day, They just",dua_dmd,0.5,1,2,0.76602,0.55519,0.30929,0.30991,0.0188,0.48836,0.06682,0.00898,0.03077,0.26954
212,"Every day, They just",dua_dmd,0.7,1,2,0.76602,0.55519,0.30929,0.30991,0.0188,0.48836,0.06682,0.00898,0.03077,0.26954
212,"Every day, They just",dua_dmd,0.9,1,3,0.95005,0.57749,0.69271,0.68842,0.02007,0.48836,0.08913,0.01606,0.05086,0.62579
212,"Every day, They just",dua_dmd,0.99,1,4,0.99316,0.59795,1.24935,1.23809,0.02083,0.48836,0.10958,0.02445,0.0649,1.16
160,"Every day, They really",euc_ctx,0.3,1,6,0.44495,0.13963,0.6554,0.65897,0.17196,0.4185,0.27888,0.23159,0.05753,0.36627
160,"Every day, They really",euc_ctx,0.5,1,7,0.6388,0.14942,0.73819,0.74078,0.17103,0.4185,0.26909,0.20988,0.05457,0.47374
160,"Every day, They really",euc_ctx,0.7,1,8,0.79191,0.1778,0.79863,0.79983,0.13673,0.4185,0.2407,0.15683,0.04918,0.59261
160,"Every day, They really",euc_ctx,0.9,1,10,0.94244,0.28266,0.96398,0.96095,0.11998,0.4185,0.13585,0.04216,0.0474,0.87443
160,"Every day, They really",euc_ctx,0.99,1,13,0.99208,0.47553,1.52835,1.51503,0.06281,0.4185,0.05703,0.00656,0.05787,1.46392
160,"Every day, They really",cau_ctx,0.3,0,,,,,,,,,,,
160,"Every day, They really",cau_ctx,0.5,0,,,,,,,,,,,
160,"Every day, They really",cau_ctx,0.7,0,,,,,,,,,,,
160,"Every day, They really",cau_ctx,0.9,0,,,,,,,,,,,
160,"Every day, They really",cau_ctx,0.99,0,,,,,,,,,,,
160,"Every day, They really",dua_ctx,0.3,1,27,0.30263,0.38175,0.46297,0.45548,0.03948,0.4185,0.03675,0.00283,0.0465,0.41364
160,"Every day, They really",dua_ctx,0.5,1,41,0.50188,0.36878,1.04677,1.02063,0.05782,0.4185,0.04972,0.00522,0.10133,0.94021
160,"Every day, They really",dua_ctx,0.7,1,56,0.71297,0.36534,1.95097,1.90107,0.06494,0.4185,0.05317,0.00599,0.1672,1.77779
160,"Every day, They really",dua_ctx,0.9,1,72,0.90097,0.37534,3.18716,3.11402,0.06983,0.4185,0.04317,0.00392,0.25566,2.92757
160,"Every day, They really",dua_ctx,0.99,1,93,0.99039,0.43243,5.3736,5.27488,0.11515,0.4185,0.01393,0.0004,0.38992,4.98328
160,"Every day, They really",euc_unemb,0.3,1,1,0.31904,0.12228,0.60831,0.61435,0.17008,0.4185,0.29622,0.27549,0.04988,0.28294
160,"Every day, They really",euc_unemb,0.5,1,2,0.97943,0.25881,1.33623,1.3339,0.1507,0.4185,0.15969,0.06003,0.20938,1.06682
160,"Every day, They really",euc_unemb,0.7,1,2,0.97943,0.25881,1.33623,1.3339,0.1507,0.4185,0.15969,0.06003,0.20938,1.06682
160,"Every day, They really",euc_unemb,0.9,1,2,0.97943,0.25881,1.33623,1.3339,0.1507,0.4185,0.15969,0.06003,0.20938,1.06682
160,"Every day, They really",euc_unemb,0.99,1,3,0.99979,0.46306,3.11083,3.08491,0.13135,0.4185,0.04456,0.00402,0.46013,2.64669
160,"Every day, They really",cau_unemb,0.3,1,26,0.31889,0.15487,0.41603,0.42065,0.15975,0.4185,0.26363,0.19861,0.02164,0.19578
160,"Every day, They really",cau_unemb,0.5,1,31,0.52865,0.1529,0.50286,0.50692,0.16196,0.4185,0.2656,0.20262,0.02282,0.27743
160,"Every day, They really",cau_unemb,0.7,1,36,0.72753,0.1724,0.57439,0.57731,0.15777,0.4185,0.24611,0.16594,0.03131,0.37714
160,"Every day, They really",cau_unemb,0.9,1,44,0.91343,0.24314,0.72036,0.7201,0.12274,0.4185,0.17536,0.074,0.0599,0.58646
160,"Every day, They really",cau_unemb,0.99,1,58,0.99115,0.39883,1.27931,1.26908,0.09985,0.4185,0.01968,0.0008,0.11302,1.16549
160,"Every day, They really",dua_unemb,0.3,1,2,0.67674,0.48144,0.31071,0.31219,0.02505,0.4185,0.06294,0.00798,0.0599,0.24283
160,"Every day, They really",dua_unemb,0.5,1,2,0.67674,0.48144,0.31071,0.31219,0.02505,0.4185,0.06294,0.00798,0.0599,0.24283
160,"Every day, They really",dua_unemb,0.7,1,3,0.88013,0.51829,0.64556,0.6388,0.02643,0.4185,0.09978,0.01998,0.09509,0.53049
160,"Every day, They really",dua_unemb,0.9,1,4,0.95505,0.54034,1.04924,1.03128,0.03488,0.4185,0.12184,0.02979,0.11149,0.90796
160,"Every day, They really",dua_unemb,0.99,1,6,0.99759,0.5775,2.23405,2.18701,0.04643,0.4185,0.15899,0.05097,0.13575,2.04733
160,"Every day, They really",euc_dmd,0.3,1,1,0.32078,0.09066,0.78097,0.78448,0.18152,0.4185,0.32784,0.38013,0.05441,0.34644
160,"Every day, They really",euc_dmd,0.5,1,2,0.97041,0.15204,1.46488,1.45937,0.16832,0.4185,0.26646,0.20439,0.13971,1.12078
160,"Every day, They really",euc_dmd,0.7,1,2,0.97041,0.15204,1.46488,1.45937,0.16832,0.4185,0.26646,0.20439,0.13971,1.12078
160,"Every day, They really",euc_dmd,0.9,1,2,0.97041,0.15204,1.46488,1.45937,0.16832,0.4185,0.26646,0.20439,0.13971,1.12078
160,"Every day, They really",euc_dmd,0.99,1,3,0.99934,0.34158,2.61975,2.59603,0.14531,0.4185,0.07693,0.01276,0.28302,2.32398
160,"Every day, They really",cau_dmd,0.3,1,11,0.34192,0.11246,0.72831,0.73158,0.17761,0.4185,0.30604,0.30407,0.07491,0.34933
160,"Every day, They really",cau_dmd,0.5,1,13,0.53328,0.10654,0.87425,0.87638,0.17629,0.4185,0.31196,0.32282,0.0788,0.47263
160,"Every day, They really",cau_dmd,0.7,1,15,0.71033,0.11304,1.00564,1.00615,0.16961,0.4185,0.30546,0.30229,0.08689,0.61646
160,"Every day, They really",cau_dmd,0.9,1,19,0.91345,0.1509,1.32026,1.31585,0.14361,0.4185,0.26761,0.20677,0.13057,0.98291
160,"Every day, They really",cau_dmd,0.99,1,26,0.99134,0.21684,2.2804,2.26204,0.13554,0.4185,0.20167,0.10205,0.24393,1.93442
160,"Every day, They really",dua_dmd,0.3,1,2,0.76251,0.48698,0.36194,0.36207,0.03003,0.4185,0.06848,0.00944,0.05421,0.29829
160,"Every day, They really",dua_dmd,0.5,1,2,0.76251,0.48698,0.36194,0.36207,0.03003,0.4185,0.06848,0.00944,0.05421,0.29829
160,"Every day, They really",dua_dmd,0.7,1,2,0.76251,0.48698,0.36194,0.36207,0.03003,0.4185,0.06848,0.00944,0.05421,0.29829
160,"Every day, They really",dua_dmd,0.9,1,3,0.94162,0.50676,0.76379,0.75635,0.03784,0.4185,0.08825,0.01564,0.08282,0.66533
160,"Every day, They really",dua_dmd,0.99,1,5,0.99868,0.53802,2.05216,2.02228,0.04123,0.4185,0.11952,0.02866,0.1104,1.9131
167,"Over time, These kids usually",euc_ctx,0.3,1,6,0.40222,0.16755,0.68194,0.69073,0.15437,0.43959,0.27203,0.20224,0.03824,0.44146
167,"Over time, These kids usually",euc_ctx,0.5,1,7,0.61321,0.17271,0.818,0.82629,0.15767,0.43959,0.26688,0.1924,0.04041,0.58519
167,"Over time, These kids usually",euc_ctx,0.7,1,8,0.78655,0.1997,0.93562,0.94281,0.1558,0.43959,0.23989,0.14716,0.04146,0.747
167,"Over time, These kids usually",euc_ctx,0.9,1,10,0.94997,0.30326,1.22135,1.22449,0.1188,0.43959,0.13633,0.04117,0.04606,1.13413
167,"Over time, These kids usually",euc_ctx,0.99,1,13,0.99487,0.4732,1.97199,1.96477,0.11104,0.43959,0.03361,0.00227,0.0552,1.91452
167,"Over time, These kids usually",cau_ctx,0.3,0,,,,,,,,,,,
167,"Over time, These kids usually",cau_ctx,0.5,0,,,,,,,,,,,
167,"Over time, These kids usually",cau_ctx,0.7,0,,,,,,,,,,,
167,"Over time, These kids usually",cau_ctx,0.9,0,,,,,,,,,,,
167,"Over time, These kids usually",cau_ctx,0.99,0,,,,,,,,,,,
167,"Over time, These kids usually",dua_ctx,0.3,1,31,0.3019,0.40239,0.64266,0.64091,0.0166,0.43959,0.0372,0.00285,0.05229,0.58752
167,"Over time, These kids usually",dua_ctx,0.5,1,46,0.50355,0.38179,1.4215,1.40376,0.02462,0.43959,0.0578,0.00696,0.11575,1.29879
167,"Over time, These kids usually",dua_ctx,0.7,1,62,0.70075,0.37442,2.61272,2.57171,0.09384,0.43959,0.06517,0.00889,0.1991,2.40473
167,"Over time, These kids usually",dua_ctx,0.9,1,90,0.90453,0.39467,5.19268,5.1125,0.14095,0.43959,0.04492,0.00417,0.41966,4.76885
167,"Over time, These kids usually",dua_ctx,0.99,1,113,0.99049,0.43129,7.41396,7.30962,0.15237,0.43959,0.0083,0.00014,0.61841,6.7954
167,"Over time, These kids usually",euc_unemb,0.3,1,1,0.31099,0.15279,0.66689,0.67642,0.15428,0.43959,0.2868,0.23294,0.04791,0.38604
167,"Over time, These kids usually",euc_unemb,0.5,1,2,0.98595,0.33222,1.77052,1.77046,0.15453,0.43959,0.10737,0.02487,0.26595,1.4797
167,"Over time, These kids usually",euc_unemb,0.7,1,2,0.98595,0.33222,1.77052,1.77046,0.15453,0.43959,0.10737,0.02487,0.26595,1.4797
167,"Over time, These kids usually",euc_unemb,0.9,1,2,0.98595,0.33222,1.77052,1.77046,0.15453,0.43959,0.10737,0.02487,0.26595,1.4797
167,"Over time, These kids usually",euc_unemb,0.99,1,3,0.99991,0.55472,3.98608,3.95996,0.16426,0.43959,0.11513,0.02662,0.55641,3.40305
167,"Over time, These kids usually",cau_unemb,0.3,1,27,0.31389,0.18468,0.48238,0.49062,0.14918,0.43959,0.25491,0.17111,0.02046,0.29081
167,"Over time, These kids usually",cau_unemb,0.5,1,32,0.53337,0.18339,0.60654,0.61448,0.15182,0.43959,0.2562,0.17331,0.02438,0.40885
167,"Over time, These kids usually",cau_unemb,0.7,1,36,0.70366,0.20074,0.69922,0.70638,0.14763,0.43959,0.23885,0.14561,0.03275,0.52087
167,"Over time, These kids usually",cau_unemb,0.9,1,44,0.91072,0.27705,0.92679,0.93077,0.13759,0.43959,0.16254,0.06021,0.06284,0.80374
167,"Over time, These kids usually",cau_unemb,0.99,1,57,0.99077,0.42452,1.59814,1.59244,0.13467,0.43959,0.01507,0.00046,0.11786,1.47982
167,"Over time, These kids usually",dua_unemb,0.3,1,2,0.63401,0.47752,0.29972,0.30251,0.09086,0.43959,0.03793,0.00289,0.03085,0.26598
167,"Over time, These kids usually",dua_unemb,0.5,1,2,0.63401,0.47752,0.29972,0.30251,0.09086,0.43959,0.03793,0.00289,0.03085,0.26598
167,"Over time, These kids usually",dua_unemb,0.7,1,3,0.88681,0.52309,0.69218,0.68915,0.10494,0.43959,0.08351,0.01397,0.06213,0.61608
167,"Over time, These kids usually",dua_unemb,0.9,1,4,0.97489,0.54993,1.28813,1.27545,0.11713,0.43959,0.11034,0.02443,0.07839,1.1853
167,"Over time, These kids usually",dua_unemb,0.99,1,5,0.99769,0.56765,2.24402,2.21838,0.10372,0.43959,0.12806,0.033,0.08471,2.1263
167,"Over time, These kids usually",euc_dmd,0.3,1,2,0.97802,0.19842,1.81492,1.81404,0.1562,0.43959,0.24117,0.14909,0.13235,1.53347
167,"Over time, These kids usually",euc_dmd,0.5,1,2,0.97802,0.19842,1.81492,1.81404,0.1562,0.43959,0.24117,0.14909,0.13235,1.53347
167,"Over time, These kids usually",euc_dmd,0.7,1,2,0.97802,0.19842,1.81492,1.81404,0.1562,0.43959,0.24117,0.14909,0.13235,1.53347
167,"Over time, These kids usually",euc_dmd,0.9,1,2,0.97802,0.19842,1.81492,1.81404,0.1562,0.43959,0.24117,0.14909,0.13235,1.53347
167,"Over time, These kids usually",euc_dmd,0.99,1,3,0.99975,0.41108,3.34537,3.32515,0.14569,0.43959,0.02851,0.00167,0.25705,3.08665
167,"Over time, These kids usually",cau_dmd,0.3,1,12,0.34623,0.1465,0.72763,0.73494,0.15978,0.43959,0.29309,0.24728,0.04205,0.4383
167,"Over time, These kids usually",cau_dmd,0.5,1,14,0.54744,0.14235,0.88224,0.88889,0.16115,0.43959,0.29724,0.2572,0.04465,0.5804
167,"Over time, These kids usually",cau_dmd,0.7,1,16,0.73249,0.15577,1.02763,1.03309,0.15981,0.43959,0.28382,0.22643,0.06086,0.74034
167,"Over time, These kids usually",cau_dmd,0.9,1,19,0.90155,0.20391,1.26465,1.2673,0.14795,0.43959,0.23568,0.14095,0.10581,1.01789
167,"Over time, These kids usually",cau_dmd,0.99,1,26,0.99288,0.35992,2.12217,2.11352,0.12426,0.43959,0.07967,0.01341,0.2216,1.88716
167,"Over time, These kids usually",dua_dmd,0.3,1,2,0.65017,0.46648,0.31467,0.31743,0.10121,0.43959,0.02689,0.00146,0.02588,0.28733
167,"Over time, These kids usually",dua_dmd,0.5,1,2,0.65017,0.46648,0.31467,0.31743,0.10121,0.43959,0.02689,0.00146,0.02588,0.28733
167,"Over time, These kids usually",dua_dmd,0.7,1,3,0.88098,0.49272,0.71547,0.71461,0.12602,0.43959,0.05313,0.00566,0.05425,0.65556
167,"Over time, These kids usually",dua_dmd,0.9,1,4,0.96145,0.50699,1.30908,1.30263,0.10869,0.43959,0.0674,0.0091,0.07523,1.22475
167,"Over time, These kids usually",dua_dmd,0.99,1,5,0.99121,0.52026,2.19334,2.17934,0.1107,0.43959,0.08068,0.01304,0.0893,2.091
34,"At work, Voters rarely",euc_ctx,0.3,1,4,0.31269,0.21569,0.40481,0.41202,0.11111,0.43783,0.22214,0.12278,0.02589,0.25613
34,"At work, Voters rarely",euc_ctx,0.5,1,5,0.54194,0.2101,0.55749,0.56458,0.12593,0.43783,0.22774,0.13029,0.04216,0.38504
34,"At work, Voters rarely",euc_ctx,0.7,1,6,0.75192,0.23645,0.69279,0.69898,0.12557,0.43783,0.20138,0.09762,0.05959,0.53558
34,"At work, Voters rarely",euc_ctx,0.9,1,8,0.94943,0.36105,1.00474,1.00672,0.10873,0.43783,0.07678,0.01245,0.08313,0.90916
34,"At work, Voters rarely",euc_ctx,0.99,1,10,0.99063,0.50292,1.50832,1.5032,0.11024,0.43783,0.06508,0.00849,0.09596,1.40387
34,"At work, Voters rarely",cau_ctx,0.3,0,,,,,,,,,,,
34,"At work, Voters rarely",cau_ctx,0.5,0,,,,,,,,,,,
34,"At work, Voters rarely",cau_ctx,0.7,0,,,,,,,,,,,
34,"At work, Voters rarely",cau_ctx,0.9,0,,,,,,,,,,,
34,"At work, Voters rarely",cau_ctx,0.99,0,,,,,,,,,,,
34,"At work, Voters rarely",dua_ctx,0.3,1,28,0.30154,0.41399,0.6105,0.60958,0.03019,0.43783,0.02385,0.00117,0.05295,0.55638
34,"At work, Voters rarely",dua_ctx,0.5,1,43,0.50663,0.39527,1.48262,1.46576,0.03872,0.43783,0.04257,0.00375,0.12602,1.35286
34,"At work, Voters rarely",dua_ctx,0.7,1,57,0.70164,0.39082,2.75666,2.71861,0.05111,0.43783,0.04701,0.00458,0.20976,2.54232
34,"At work, Voters rarely",dua_ctx,0.9,1,79,0.90473,0.42606,5.57546,5.50303,0.11054,0.43783,0.01177,0.00028,0.35548,5.21969
34,"At work, Voters rarely",dua_ctx,0.99,1,112,0.99069,0.52732,8.40958,8.30021,0.10528,0.43783,0.08949,0.01605,0.57,7.82353
34,"At work, Voters rarely",euc_unemb,0.3,1,1,0.64995,0.19875,0.554,0.56183,0.12062,0.43783,0.23908,0.14658,0.06007,0.34735
34,"At work, Voters rarely",euc_unemb,0.5,1,1,0.64995,0.19875,0.554,0.56183,0.12062,0.43783,0.23908,0.14658,0.06007,0.34735
34,"At work, Voters rarely",euc_unemb,0.7,1,2,0.99757,0.48421,1.89286,1.88425,0.10211,0.43783,0.04638,0.00432,0.27646,1.61208
34,"At work, Voters rarely",euc_unemb,0.9,1,2,0.99757,0.48421,1.89286,1.88425,0.10211,0.43783,0.04638,0.00432,0.27646,1.61208
34,"At work, Voters rarely",euc_unemb,0.99,1,2,0.99757,0.48421,1.89286,1.88425,0.10211,0.43783,0.04638,0.00432,0.27646,1.61208
34,"At work, Voters rarely",cau_unemb,0.3,1,20,0.3244,0.22908,0.25103,0.25801,0.09551,0.43783,0.20876,0.10609,0.01804,0.12689
34,"At work, Voters rarely",cau_unemb,0.5,1,24,0.51451,0.23176,0.31974,0.32686,0.10505,0.43783,0.20608,0.10296,0.03094,0.18584
34,"At work, Voters rarely",cau_unemb,0.7,1,28,0.70004,0.25833,0.38888,0.39554,0.10842,0.43783,0.1795,0.07522,0.05348,0.26017
34,"At work, Voters rarely",cau_unemb,0.9,1,35,0.90225,0.35415,0.56522,0.56943,0.0959,0.43783,0.08368,0.01486,0.11021,0.44015
34,"At work, Voters rarely",cau_unemb,0.99,1,48,0.99141,0.54794,1.265,1.25922,0.08772,0.43783,0.11011,0.02433,0.21706,1.02361
34,"At work, Voters rarely",dua_unemb,0.3,1,1,0.36729,0.45593,0.11345,0.11685,0.01364,0.43783,0.01809,0.00066,0.01086,0.10193
34,"At work, Voters rarely",dua_unemb,0.5,1,2,0.82584,0.52399,0.51718,0.51735,0.04425,0.43783,0.08616,0.01487,0.04267,0.45965
34,"At work, Voters rarely",dua_unemb,0.7,1,2,0.82584,0.52399,0.51718,0.51735,0.04425,0.43783,0.08616,0.01487,0.04267,0.45965
34,"At work, Voters rarely",dua_unemb,0.9,1,3,0.96678,0.56349,1.16884,1.15985,0.08223,0.43783,0.12566,0.03175,0.06117,1.07592
34,"At work, Voters rarely",dua_unemb,0.99,1,4,0.99567,0.5881,2.10419,2.08227,0.08225,0.43783,0.15027,0.04566,0.06735,1.99118
34,"At work, Voters rarely",euc_dmd,0.3,1,1,0.64019,0.15616,0.69433,0.7006,0.13643,0.43783,0.28167,0.22305,0.06615,0.40512
34,"At work, Voters rarely",euc_dmd,0.5,1,1,0.64019,0.15616,0.69433,0.7006,0.13643,0.43783,0.28167,0.22305,0.06615,0.40512
34,"At work, Voters rarely",euc_dmd,0.7,1,2,0.99677,0.41986,1.76048,1.75337,0.12148,0.43783,0.01797,0.00066,0.28362,1.4762
34,"At work, Voters rarely",euc_dmd,0.9,1,2,0.99677,0.41986,1.76048,1.75337,0.12148,0.43783,0.01797,0.00066,0.28362,1.4762
34,"At work, Voters rarely",euc_dmd,0.99,1,2,0.99677,0.41986,1.76048,1.75337,0.12148,0.43783,0.01797,0.00066,0.28362,1.4762
34,"At work, Voters rarely",cau_dmd,0.3,1,9,0.37493,0.1878,0.43071,0.43706,0.11804,0.43783,0.25003,0.16376,0.05724,0.20971
34,"At work, Voters rarely",cau_dmd,0.5,1,11,0.59734,0.19083,0.56195,0.56787,0.12435,0.43783,0.247,0.15886,0.0915,0.31159
34,"At work, Voters rarely",cau_dmd,0.7,1,13,0.78378,0.21997,0.6974,0.70215,0.12287,0.43783,0.21786,0.11725,0.14329,0.43686
34,"At work, Voters rarely",cau_dmd,0.9,1,16,0.93116,0.30006,0.9619,0.9634,0.11715,0.43783,0.13777,0.04221,0.24128,0.67842
34,"At work, Voters rarely",cau_dmd,0.99,1,21,0.99131,0.44494,1.67353,1.66589,0.11731,0.43783,0.00711,0.0001,0.41186,1.26157
34,"At work, Voters rarely",dua_dmd,0.3,1,1,0.40052,0.45888,0.12604,0.12895,0.02188,0.43783,0.02105,0.00089,0.01574,0.1094
34,"At work, Voters rarely",dua_dmd,0.5,1,2,0.8404,0.51516,0.5146,0.51593,0.08062,0.43783,0.07733,0.01198,0.05983,0.44279
34,"At work, Voters rarely",dua_dmd,0.7,1,2,0.8404,0.51516,0.5146,0.51593,0.08062,0.43783,0.07733,0.01198,0.05983,0.44279
34,"At work, Voters rarely",dua_dmd,0.9,1,3,0.9614,0.53506,1.04369,1.04083,0.08508,0.43783,0.09723,0.01895,0.08683,0.93791
34,"At work, Voters rarely",dua_dmd,0.99,1,4,0.99492,0.5551,1.78137,1.77136,0.08665,0.43783,0.11727,0.02762,0.10007,1.65369
145,"Lately, Farmers sometimes",euc_ctx,0.3,1,4,0.3021,0.388,0.25332,0.26373,0.0238,0.53398,0.14598,0.04354,0.02027,0.1895
145,"Lately, Farmers sometimes",euc_ctx,0.5,1,6,0.69578,0.40229,0.51701,0.52753,0.03821,0.53398,0.13169,0.03523,0.03404,0.44774
145,"Lately, Farmers sometimes",euc_ctx,0.7,1,7,0.83799,0.44356,0.67438,0.68342,0.04441,0.53398,0.09042,0.01643,0.03748,0.62048
145,"Lately, Farmers sometimes",euc_ctx,0.9,1,8,0.92027,0.49363,0.86474,0.87145,0.04443,0.53398,0.04036,0.00326,0.03961,0.82187
145,"Lately, Farmers sometimes",euc_ctx,0.99,1,11,0.99146,0.61474,1.63653,1.63313,0.04685,0.53398,0.08075,0.01348,0.0458,1.57725
145,"Lately, Farmers sometimes",cau_ctx,0.3,0,,,,,,,,,,,
145,"Lately, Farmers sometimes",cau_ctx,0.5,0,,,,,,,,,,,
145,"Lately, Farmers sometimes",cau_ctx,0.7,0,,,,,,,,,,,
145,"Lately, Farmers sometimes",cau_ctx,0.9,0,,,,,,,,,,,
145,"Lately, Farmers sometimes",cau_ctx,0.99,0,,,,,,,,,,,
145,"Lately, Farmers sometimes",dua_ctx,0.3,1,39,0.30803,0.49052,1.02918,1.02888,0.0201,0.53398,0.04346,0.00378,0.07963,0.94577
145,"Lately, Farmers sometimes",dua_ctx,0.5,1,57,0.50362,0.45681,2.25379,2.23574,0.03157,0.53398,0.07717,0.01194,0.18191,2.05994
145,"Lately, Farmers sometimes",dua_ctx,0.7,1,74,0.7038,0.43671,3.84649,3.80576,0.03822,0.53398,0.09727,0.01904,0.31143,3.51602
145,"Lately, Farmers sometimes",dua_ctx,0.9,1,98,0.9027,0.44205,6.49787,6.42282,0.05547,0.53398,0.09193,0.01699,0.52227,5.95862
145,"Lately, Farmers sometimes",dua_ctx,0.99,1,126,0.99022,0.49084,8.54908,8.44255,0.05964,0.53398,0.04315,0.00373,0.77667,7.76868
145,"Lately, Farmers sometimes",euc_unemb,0.3,1,1,0.56947,0.33599,0.39468,0.40623,0.03692,0.53398,0.198,0.08238,0.05177,0.26053
145,"Lately, Farmers sometimes",euc_unemb,0.5,1,1,0.56947,0.33599,0.39468,0.40623,0.03692,0.53398,0.198,0.08238,0.05177,0.26053
145,"Lately, Farmers sometimes",euc_unemb,0.7,1,2,0.99222,0.50599,1.61937,1.61745,0.12995,0.53398,0.02799,0.00157,0.23297,1.38483
145,"Lately, Farmers sometimes",euc_unemb,0.9,1,2,0.99222,0.50599,1.61937,1.61745,0.12995,0.53398,0.02799,0.00157,0.23297,1.38483
145,"Lately, Farmers sometimes",euc_unemb,0.99,1,2,0.99222,0.50599,1.61937,1.61745,0.12995,0.53398,0.02799,0.00157,0.23297,1.38483
145,"Lately, Farmers sometimes",cau_unemb,0.3,1,20,0.31082,0.37236,0.17503,0.18354,0.02342,0.53398,0.16162,0.05375,0.01281,0.10847
145,"Lately, Farmers sometimes",cau_unemb,0.5,1,25,0.51517,0.37521,0.25341,0.26226,0.02948,0.53398,0.15877,0.0518,0.01969,0.18192
145,"Lately, Farmers sometimes",cau_unemb,0.7,1,30,0.71387,0.40665,0.3506,0.3587,0.03255,0.53398,0.12733,0.03289,0.03362,0.28409
145,"Lately, Farmers sometimes",cau_unemb,0.9,1,38,0.90654,0.48972,0.59508,0.59969,0.04435,0.53398,0.04426,0.00392,0.06795,0.5232
145,"Lately, Farmers sometimes",cau_unemb,0.99,1,52,0.99027,0.59355,1.31482,1.30856,0.08716,0.53398,0.05956,0.00726,0.12734,1.18022
145,"Lately, Farmers sometimes",dua_unemb,0.3,1,1,0.32358,0.52892,0.09889,0.10264,0.01698,0.53398,0.00507,5e-05,0.00527,0.09356
145,"Lately, Farmers sometimes",dua_unemb,0.5,1,2,0.75163,0.55891,0.41926,0.42201,0.02697,0.53398,0.02492,0.00126,0.03396,0.38404
145,"Lately, Farmers sometimes",dua_unemb,0.7,1,2,0.75163,0.55891,0.41926,0.42201,0.02697,0.53398,0.02492,0.00126,0.03396,0.38404
145,"Lately, Farmers sometimes",dua_unemb,0.9,1,3,0.93983,0.58295,0.95899,0.95602,0.03224,0.53398,0.04897,0.00489,0.05959,0.89452
145,"Lately, Farmers sometimes",dua_unemb,0.99,1,4,0.99236,0.59648,1.8459,1.83287,0.0331,0.53398,0.0625,0.008,0.07049,1.76741
145,"Lately, Farmers sometimes",euc_dmd,0.3,1,1,0.57276,0.32693,0.4214,0.43241,0.04205,0.53398,0.20705,0.09066,0.04609,0.28465
145,"Lately, Farmers sometimes",euc_dmd,0.5,1,1,0.57276,0.32693,0.4214,0.43241,0.04205,0.53398,0.20705,0.09066,0.04609,0.28465
145,"Lately, Farmers sometimes",euc_dmd,0.7,1,2,0.99096,0.52488,1.48089,1.47987,0.10869,0.53398,0.0091,0.00017,0.17087,1.30986
145,"Lately, Farmers sometimes",euc_dmd,0.9,1,2,0.99096,0.52488,1.48089,1.47987,0.10869,0.53398,0.0091,0.00017,0.17087,1.30986
145,"Lately, Farmers sometimes",euc_dmd,0.99,1,2,0.99096,0.52488,1.48089,1.47987,0.10869,0.53398,0.0091,0.00017,0.17087,1.30986
145,"Lately, Farmers sometimes",cau_dmd,0.3,1,9,0.37733,0.35014,0.27191,0.28069,0.03839,0.53398,0.18384,0.07039,0.03217,0.16935
145,"Lately, Farmers sometimes",cau_dmd,0.5,1,11,0.57657,0.3582,0.37221,0.38091,0.04019,0.53398,0.17578,0.06405,0.04657,0.26159
145,"Lately, Farmers sometimes",cau_dmd,0.7,1,13,0.75179,0.39124,0.49702,0.50467,0.04416,0.53398,0.14275,0.04157,0.07527,0.38018
145,"Lately, Farmers sometimes",cau_dmd,0.9,1,16,0.90784,0.46553,0.7622,0.76653,0.04637,0.53398,0.06845,0.00939,0.13733,0.61548
145,"Lately, Farmers sometimes",cau_dmd,0.99,1,23,0.99292,0.58991,1.7291,1.72025,0.04906,0.53398,0.05593,0.00639,0.28674,1.43596
145,"Lately, Farmers sometimes",dua_dmd,0.3,1,1,0.39726,0.53808,0.12685,0.12961,0.02637,0.53398,0.00409,3e-05,0.00944,0.11738
145,"Lately, Farmers sometimes",dua_dmd,0.5,1,2,0.85734,0.56657,0.55034,0.55285,0.03229,0.53398,0.03259,0.00215,0.03234,0.51585
145,"Lately, Farmers sometimes",dua_dmd,0.7,1,2,0.85734,0.56657,0.55034,0.55285,0.03229,0.53398,0.03259,0.00215,0.03234,0.51585
145,"Lately, Farmers sometimes",dua_dmd,0.9,1,3,0.98172,0.57959,1.25395,1.25269,0.03601,0.53398,0.04561,0.00423,0.05493,1.19478
145,"Lately, Farmers sometimes",dua_dmd,0.99,1,4,0.99791,0.59237,2.19617,2.18899,0.03652,0.53398,0.05839,0.00697,0.06677,2.12242
101,"At work, Voters now",euc_ctx,0.3,1,4,0.37233,0.4682,0.21569,0.22509,0.01412,0.61873,0.15053,0.04561,0.01579,0.15428
101,"At work, Voters now",euc_ctx,0.5,1,5,0.58851,0.47382,0.31554,0.32492,0.01773,0.61873,0.14491,0.04228,0.02565,0.24761
101,"At work, Voters now",euc_ctx,0.7,1,6,0.77448,0.50949,0.42516,0.43328,0.01686,0.61873,0.10924,0.02414,0.03561,0.36541
101,"At work, Voters now",euc_ctx,0.9,1,8,0.9511,0.61595,0.72617,0.72875,0.0186,0.61873,0.00278,2e-05,0.04944,0.67672
101,"At work, Voters now",euc_ctx,0.99,1,10,0.99067,0.69656,1.15375,1.14841,0.01934,0.61873,0.07783,0.01374,0.0585,1.0815
101,"At work, Voters now",cau_ctx,0.3,0,,,,,,,,,,,
101,"At work, Voters now",cau_ctx,0.5,0,,,,,,,,,,,
101,"At work, Voters now",cau_ctx,0.7,0,,,,,,,,,,,
101,"At work, Voters now",cau_ctx,0.9,0,,,,,,,,,,,
101,"At work, Voters now",cau_ctx,0.99,0,,,,,,,,,,,
101,"At work, Voters now",dua_ctx,0.3,1,39,0.30717,0.57847,0.99531,0.98677,0.01598,0.61873,0.04027,0.00336,0.0761,0.91585
101,"At work, Voters now",dua_ctx,0.5,1,59,0.50865,0.54439,2.41623,2.38195,0.02354,0.61873,0.07434,0.01128,0.1636,2.24134
101,"At work, Voters now",dua_ctx,0.7,1,77,0.70582,0.52399,4.09123,4.03032,0.02836,0.61873,0.09474,0.01821,0.27031,3.80271
101,"At work, Voters now",dua_ctx,0.9,1,97,0.90756,0.51454,5.93541,5.84892,0.04517,0.61873,0.10419,0.02198,0.42997,5.48346
101,"At work, Voters now",dua_ctx,0.99,1,113,0.99191,0.53153,6.98718,6.88447,0.04776,0.61873,0.0872,0.01546,0.57584,6.39588
101,"At work, Voters now",euc_unemb,0.3,1,1,0.62763,0.43109,0.36166,0.37179,0.14781,0.61873,0.18764,0.07099,0.09038,0.2003
101,"At work, Voters now",euc_unemb,0.5,1,1,0.62763,0.43109,0.36166,0.37179,0.14781,0.61873,0.18764,0.07099,0.09038,0.2003
101,"At work, Voters now",euc_unemb,0.7,1,2,0.99453,0.58343,1.57297,1.56547,0.22218,0.61873,0.0353,0.00259,0.38268,1.18771
101,"At work, Voters now",euc_unemb,0.9,1,2,0.99453,0.58343,1.57297,1.56547,0.22218,0.61873,0.0353,0.00259,0.38268,1.18771
101,"At work, Voters now",euc_unemb,0.99,1,2,0.99453,0.58343,1.57297,1.56547,0.22218,0.61873,0.0353,0.00259,0.38268,1.18771
101,"At work, Voters now",cau_unemb,0.3,1,19,0.33862,0.44117,0.15568,0.16353,0.01694,0.61873,0.17756,0.0635,0.01755,0.07463
101,"At work, Voters now",cau_unemb,0.5,1,23,0.51029,0.44369,0.20097,0.20896,0.01685,0.61873,0.17505,0.06171,0.02386,0.1154
101,"At work, Voters now",cau_unemb,0.7,1,28,0.71632,0.47876,0.25826,0.26536,0.02026,0.61873,0.13997,0.03946,0.03432,0.18447
101,"At work, Voters now",cau_unemb,0.9,1,36,0.91162,0.57638,0.41051,0.41377,0.02257,0.61873,0.04235,0.00371,0.05856,0.34824
101,"At work, Voters now",cau_unemb,0.99,1,50,0.99155,0.7028,0.94466,0.9364,0.02469,0.61873,0.08407,0.01615,0.10835,0.82016
101,"At work, Voters now",dua_unemb,0.3,1,1,0.30398,0.60894,0.08046,0.08409,0.00567,0.61873,0.00979,0.0002,0.00788,0.07237
101,"At work, Voters now",dua_unemb,0.5,1,2,0.62656,0.61084,0.33701,0.33874,0.01082,0.61873,0.00789,0.00013,0.05243,0.28445
101,"At work, Voters now",dua_unemb,0.7,1,3,0.79904,0.61711,0.70228,0.69739,0.0148,0.61873,0.00162,1e-05,0.09185,0.61042
101,"At work, Voters now",dua_unemb,0.9,1,5,0.95187,0.62685,1.8607,1.83259,0.01695,0.61873,0.00812,0.00014,0.13205,1.72851
101,"At work, Voters now",dua_unemb,0.99,1,7,0.99887,0.64435,3.65568,3.59261,0.02413,0.61873,0.02562,0.00142,0.14737,3.50689
101,"At work, Voters now",euc_dmd,0.3,1,1,0.64841,0.40167,0.35647,0.36682,0.01861,0.61873,0.21707,0.09551,0.05488,0.20608
101,"At work, Voters now",euc_dmd,0.5,1,1,0.64841,0.40167,0.35647,0.36682,0.01861,0.61873,0.21707,0.09551,0.05488,0.20608
101,"At work, Voters now",euc_dmd,0.7,1,2,0.99446,0.59931,1.21891,1.21463,0.02392,0.61873,0.01943,0.00079,0.17791,1.04021
101,"At work, Voters now",euc_dmd,0.9,1,2,0.99446,0.59931,1.21891,1.21463,0.02392,0.61873,0.01943,0.00079,0.17791,1.04021
101,"At work, Voters now",euc_dmd,0.99,1,2,0.99446,0.59931,1.21891,1.21463,0.02392,0.61873,0.01943,0.00079,0.17791,1.04021
101,"At work, Voters now",cau_dmd,0.3,1,8,0.38509,0.40066,0.22766,0.23654,0.01843,0.61873,0.21808,0.09642,0.03805,0.09318
101,"At work, Voters now",cau_dmd,0.5,1,10,0.59998,0.41143,0.28798,0.2969,0.01902,0.61873,0.2073,0.08692,0.05129,0.14977
101,"At work, Voters now",cau_dmd,0.7,1,12,0.7799,0.45696,0.3513,0.35917,0.02014,0.61873,0.16177,0.05268,0.07486,0.22377
101,"At work, Voters now",cau_dmd,0.9,1,15,0.92598,0.55752,0.51027,0.51469,0.0396,0.61873,0.06122,0.00769,0.1277,0.37489
101,"At work, Voters now",cau_dmd,0.99,1,21,0.99293,0.70771,1.12094,1.11382,0.04632,0.61873,0.08898,0.01819,0.25152,0.85123
101,"At work, Voters now",dua_dmd,0.3,1,1,0.39405,0.62091,0.10055,0.10367,0.00665,0.61873,0.00218,1e-05,0.0116,0.08894
101,"At work, Voters now",dua_dmd,0.5,1,2,0.77307,0.61649,0.43415,0.43695,0.01645,0.61873,0.00224,1e-05,0.07397,0.36017
101,"At work, Voters now",dua_dmd,0.7,1,2,0.77307,0.61649,0.43415,0.43695,0.01645,0.61873,0.00224,1e-05,0.07397,0.36017
101,"At work, Voters now",dua_dmd,0.9,1,3,0.94287,0.62144,0.92411,0.92151,0.0216,0.61873,0.00271,2e-05,0.1195,0.8046
101,"At work, Voters now",dua_dmd,0.99,1,4,0.9913,0.6355,1.58916,1.57768,0.02383,0.61873,0.01676,0.0006,0.14112,1.44743
41,"Usually, The workers still",euc_ctx,0.3,1,6,0.48517,0.17604,0.62793,0.63527,0.14601,0.47675,0.30072,0.2374,0.03386,0.35667
41,"Usually, The workers still",euc_ctx,0.5,1,7,0.68742,0.18665,0.72197,0.7287,0.14616,0.47675,0.2901,0.21627,0.03963,0.46608
41,"Usually, The workers still",euc_ctx,0.7,1,8,0.83594,0.21929,0.79006,0.79566,0.14308,0.47675,0.25746,0.16087,0.04146,0.58773
41,"Usually, The workers still",euc_ctx,0.9,1,9,0.92127,0.26996,0.86149,0.86543,0.13909,0.47675,0.20679,0.09688,0.04129,0.72332
41,"Usually, The workers still",euc_ctx,0.99,1,12,0.99248,0.46042,1.28319,1.27902,0.02043,0.47675,0.01633,0.00054,0.04134,1.24132
41,"Usually, The workers still",cau_ctx,0.3,0,,,,,,,,,,,
41,"Usually, The workers still",cau_ctx,0.5,0,,,,,,,,,,,
41,"Usually, The workers still",cau_ctx,0.7,0,,,,,,,,,,,
41,"Usually, The workers still",cau_ctx,0.9,0,,,,,,,,,,,
41,"Usually, The workers still",cau_ctx,0.99,0,,,,,,,,,,,
41,"Usually, The workers still",dua_ctx,0.3,1,34,0.30917,0.43532,0.7111,0.70518,0.01589,0.47675,0.04143,0.00347,0.06496,0.64266
41,"Usually, The workers still",dua_ctx,0.5,1,50,0.50103,0.41885,1.5297,1.50473,0.01942,0.47675,0.0579,0.00681,0.13517,1.38771
41,"Usually, The workers still",dua_ctx,0.7,1,67,0.7049,0.41699,2.67853,2.6291,0.03681,0.47675,0.05976,0.00726,0.21232,2.45895
41,"Usually, The workers still",dua_ctx,0.9,1,85,0.90827,0.42352,4.01296,3.93979,0.04381,0.47675,0.05323,0.00575,0.31277,3.69444
41,"Usually, The workers still",dua_ctx,0.99,1,98,0.99115,0.44728,5.14758,5.05933,0.04977,0.47675,0.02947,0.00175,0.39603,4.7498
41,"Usually, The workers still",euc_unemb,0.3,1,2,0.97472,0.27267,1.3965,1.39839,0.19924,0.47675,0.20409,0.09406,0.33375,0.96869
41,"Usually, The workers still",euc_unemb,0.5,1,2,0.97472,0.27267,1.3965,1.39839,0.19924,0.47675,0.20409,0.09406,0.33375,0.96869
41,"Usually, The workers still",euc_unemb,0.7,1,2,0.97472,0.27267,1.3965,1.39839,0.19924,0.47675,0.20409,0.09406,0.33375,0.96869
41,"Usually, The workers still",euc_unemb,0.9,1,2,0.97472,0.27267,1.3965,1.39839,0.19924,0.47675,0.20409,0.09406,0.33375,0.96869
41,"Usually, The workers still",euc_unemb,0.99,1,3,0.99974,0.40103,3.21289,3.19202,0.22304,0.47675,0.07572,0.01174,0.69503,2.50612
41,"Usually, The workers still",cau_unemb,0.3,1,26,0.3016,0.19998,0.40864,0.41553,0.14698,0.47675,0.27677,0.19203,0.03274,0.18387
41,"Usually, The workers still",cau_unemb,0.5,1,32,0.54138,0.19497,0.51439,0.52096,0.1795,0.47675,0.28178,0.20085,0.03567,0.27787
41,"Usually, The workers still",cau_unemb,0.7,1,37,0.73124,0.21616,0.5773,0.58294,0.1523,0.47675,0.26059,0.16563,0.03708,0.37459
41,"Usually, The workers still",cau_unemb,0.9,1,45,0.91144,0.28921,0.6997,0.70243,0.05132,0.47675,0.18754,0.07802,0.04669,0.575
41,"Usually, The workers still",cau_unemb,0.99,1,59,0.99047,0.43654,1.19602,1.18943,0.0443,0.47675,0.04021,0.00327,0.07829,1.11447
41,"Usually, The workers still",dua_unemb,0.3,1,2,0.56264,0.48922,0.29813,0.30078,0.01809,0.47675,0.01247,0.00031,0.04861,0.2492
41,"Usually, The workers still",dua_unemb,0.5,1,2,0.56264,0.48922,0.29813,0.30078,0.01809,0.47675,0.01247,0.00031,0.04861,0.2492
41,"Usually, The workers still",dua_unemb,0.7,1,3,0.78624,0.51629,0.66047,0.65618,0.03141,0.47675,0.03954,0.00313,0.09669,0.56065
41,"Usually, The workers still",dua_unemb,0.9,1,5,0.94989,0.54372,1.74742,1.71997,0.03347,0.47675,0.06697,0.009,0.13841,1.60002
41,"Usually, The workers still",dua_unemb,0.99,1,7,0.99753,0.57098,3.33817,3.27892,0.04719,0.47675,0.09423,0.01791,0.15477,3.16549
41,"Usually, The workers still",euc_dmd,0.3,1,1,0.31523,0.12566,0.70339,0.71031,0.20166,0.47675,0.35109,0.36705,0.04545,0.29089
41,"Usually, The workers still",euc_dmd,0.5,1,2,0.97432,0.19111,1.33706,1.33719,0.19991,0.47675,0.28564,0.20788,0.13952,0.98965
41,"Usually, The workers still",euc_dmd,0.7,1,2,0.97432,0.19111,1.33706,1.33719,0.19991,0.47675,0.28564,0.20788,0.13952,0.98965
41,"Usually, The workers still",euc_dmd,0.9,1,2,0.97432,0.19111,1.33706,1.33719,0.19991,0.47675,0.28564,0.20788,0.13952,0.98965
41,"Usually, The workers still",euc_dmd,0.99,1,3,0.99966,0.35155,2.50283,2.48544,0.19244,0.47675,0.12521,0.03299,0.29492,2.17492
41,"Usually, The workers still",cau_dmd,0.3,1,11,0.36135,0.14956,0.63506,0.64124,0.15533,0.47675,0.32719,0.29856,0.05022,0.28628
41,"Usually, The workers still",cau_dmd,0.5,1,13,0.56185,0.14423,0.74021,0.7458,0.15986,0.47675,0.33252,0.31258,0.04247,0.38516
41,"Usually, The workers still",cau_dmd,0.7,1,15,0.74204,0.15722,0.8152,0.81974,0.16021,0.47675,0.31953,0.27947,0.03897,0.49676
41,"Usually, The workers still",cau_dmd,0.9,1,18,0.90458,0.20564,0.92657,0.92865,0.1565,0.47675,0.27111,0.18243,0.05241,0.69173
41,"Usually, The workers still",cau_dmd,0.99,1,25,0.99295,0.37214,1.46705,1.45899,0.05304,0.47675,0.10461,0.02274,0.11904,1.32527
41,"Usually, The workers still",dua_dmd,0.3,1,2,0.72085,0.51107,0.39111,0.39273,0.03033,0.47675,0.03432,0.00236,0.04576,0.34299
41,"Usually, The workers still",dua_dmd,0.5,1,2,0.72085,0.51107,0.39111,0.39273,0.03033,0.47675,0.03432,0.00236,0.04576,0.34299
41,"Usually, The workers still",dua_dmd,0.7,1,2,0.72085,0.51107,0.39111,0.39273,0.03033,0.47675,0.03432,0.00236,0.04576,0.34299
41,"Usually, The workers still",dua_dmd,0.9,1,3,0.92995,0.52989,0.87137,0.86643,0.03598,0.47675,0.05314,0.00566,0.07323,0.79248
41,"Usually, The workers still",dua_dmd,0.99,1,5,0.99886,0.56359,2.377,2.35077,0.04521,0.47675,0.08684,0.01518,0.09324,2.26857
293,"At work, Students sometimes",euc_ctx,0.3,1,6,0.33366,0.14157,0.72193,0.73115,0.10252,0.42904,0.28747,0.24287,0.04369,0.43536
293,"At work, Students sometimes",euc_ctx,0.5,1,7,0.53857,0.13978,0.86276,0.87176,0.10313,0.42904,0.28926,0.24713,0.04545,0.57017
293,"At work, Students sometimes",euc_ctx,0.7,1,8,0.7276,0.15753,0.96867,0.97699,0.09365,0.42904,0.27152,0.20777,0.04212,0.71879
293,"At work, Students sometimes",euc_ctx,0.9,1,10,0.92926,0.2464,1.18,1.18544,0.07283,0.42904,0.18264,0.07948,0.03726,1.06327
293,"At work, Students sometimes",euc_ctx,0.99,1,13,0.99183,0.43738,1.78551,1.78253,0.03113,0.42904,0.00834,0.00014,0.04345,1.74192
293,"At work, Students sometimes",cau_ctx,0.3,0,,,,,,,,,,,
293,"At work, Students sometimes",cau_ctx,0.5,0,,,,,,,,,,,
293,"At work, Students sometimes",cau_ctx,0.7,0,,,,,,,,,,,
293,"At work, Students sometimes",cau_ctx,0.9,0,,,,,,,,,,,
293,"At work, Students sometimes",cau_ctx,0.99,0,,,,,,,,,,,
293,"At work, Students sometimes",dua_ctx,0.3,1,32,0.30279,0.39273,0.75208,0.75471,0.01765,0.42904,0.03631,0.00274,0.05572,0.69363
293,"At work, Students sometimes",dua_ctx,0.5,1,46,0.50145,0.37156,1.59467,1.58548,0.03144,0.42904,0.05748,0.00695,0.12438,1.46335
293,"At work, Students sometimes",dua_ctx,0.7,1,60,0.70088,0.36187,2.81924,2.79311,0.03718,0.42904,0.06717,0.00955,0.21821,2.59148
293,"At work, Students sometimes",dua_ctx,0.9,1,84,0.90026,0.39156,5.87106,5.81043,0.04614,0.42904,0.03748,0.00292,0.37589,5.49225
293,"At work, Students sometimes",dua_ctx,0.99,1,114,0.99096,0.4653,8.67355,8.57534,0.04376,0.42904,0.03626,0.00265,0.57942,8.09148
293,"At work, Students sometimes",euc_unemb,0.3,1,2,0.97571,0.24831,1.41643,1.42049,0.09918,0.42904,0.18073,0.07762,0.21887,1.11994
293,"At work, Students sometimes",euc_unemb,0.5,1,2,0.97571,0.24831,1.41643,1.42049,0.09918,0.42904,0.18073,0.07762,0.21887,1.11994
293,"At work, Students sometimes",euc_unemb,0.7,1,2,0.97571,0.24831,1.41643,1.42049,0.09918,0.42904,0.18073,0.07762,0.21887,1.11994
293,"At work, Students sometimes",euc_unemb,0.9,1,2,0.97571,0.24831,1.41643,1.42049,0.09918,0.42904,0.18073,0.07762,0.21887,1.11994
293,"At work, Students sometimes",euc_unemb,0.99,1,3,0.99982,0.4439,3.2896,3.2712,0.10198,0.42904,0.01486,0.00045,0.46054,2.82861
293,"At work, Students sometimes",cau_unemb,0.3,1,30,0.33484,0.15562,0.48446,0.49287,0.0985,0.42904,0.27342,0.2117,0.02371,0.24906
293,"At work, Students sometimes",cau_unemb,0.5,1,34,0.50447,0.15652,0.55516,0.5635,0.09997,0.42904,0.27252,0.20983,0.0254,0.31993
293,"At work, Students sometimes",cau_unemb,0.7,1,39,0.70985,0.17805,0.63072,0.63845,0.09274,0.42904,0.25099,0.16931,0.03705,0.42436
293,"At work, Students sometimes",cau_unemb,0.9,1,47,0.90793,0.25758,0.78553,0.79084,0.08219,0.42904,0.17146,0.06897,0.07743,0.63912
293,"At work, Students sometimes",cau_unemb,0.99,1,61,0.99099,0.44049,1.37872,1.37511,0.07804,0.42904,0.01145,0.00027,0.15479,1.22367
293,"At work, Students sometimes",dua_unemb,0.3,1,2,0.73765,0.50038,0.40251,0.404,0.05384,0.42904,0.07134,0.01021,0.03816,0.35413
293,"At work, Students sometimes",dua_unemb,0.5,1,2,0.73765,0.50038,0.40251,0.404,0.05384,0.42904,0.07134,0.01021,0.03816,0.35413
293,"At work, Students sometimes",dua_unemb,0.7,1,2,0.73765,0.50038,0.40251,0.404,0.05384,0.42904,0.07134,0.01021,0.03816,0.35413
293,"At work, Students sometimes",dua_unemb,0.9,1,3,0.95622,0.54706,0.97472,0.97074,0.05967,0.42904,0.11802,0.02795,0.05792,0.88884
293,"At work, Students sometimes",dua_unemb,0.99,1,4,0.99674,0.57382,1.92657,1.91301,0.061,0.42904,0.14478,0.04223,0.06471,1.81963
293,"At work, Students sometimes",euc_dmd,0.3,1,2,0.96513,0.16864,1.49797,1.50033,0.1071,0.42904,0.2604,0.18609,0.14643,1.16545
293,"At work, Students sometimes",euc_dmd,0.5,1,2,0.96513,0.16864,1.49797,1.50033,0.1071,0.42904,0.2604,0.18609,0.14643,1.16545
293,"At work, Students sometimes",euc_dmd,0.7,1,2,0.96513,0.16864,1.49797,1.50033,0.1071,0.42904,0.2604,0.18609,0.14643,1.16545
293,"At work, Students sometimes",euc_dmd,0.9,1,2,0.96513,0.16864,1.49797,1.50033,0.1071,0.42904,0.2604,0.18609,0.14643,1.16545
293,"At work, Students sometimes",euc_dmd,0.99,1,3,0.99955,0.40615,2.77814,2.76365,0.09824,0.42904,0.02289,0.00108,0.29913,2.47793
293,"At work, Students sometimes",cau_dmd,0.3,1,13,0.34328,0.12581,0.72049,0.72751,0.10374,0.42904,0.30323,0.28312,0.05879,0.37858
293,"At work, Students sometimes",cau_dmd,0.5,1,15,0.5354,0.12394,0.84689,0.85332,0.10253,0.42904,0.3051,0.28832,0.06244,0.49612
293,"At work, Students sometimes",cau_dmd,0.7,1,17,0.71534,0.13634,0.96868,0.97403,0.09921,0.42904,0.2927,0.25556,0.08098,0.63215
293,"At work, Students sometimes",cau_dmd,0.9,1,21,0.92045,0.19592,1.2714,1.27292,0.08452,0.42904,0.23312,0.14082,0.15552,0.97506
293,"At work, Students sometimes",cau_dmd,0.99,1,27,0.99065,0.30306,2.03876,2.03017,0.07435,0.42904,0.12598,0.03531,0.2852,1.71825
293,"At work, Students sometimes",dua_dmd,0.3,1,2,0.78856,0.51552,0.43496,0.43552,0.03134,0.42904,0.08648,0.01499,0.03016,0.3898
293,"At work, Students sometimes",dua_dmd,0.5,1,2,0.78856,0.51552,0.43496,0.43552,0.03134,0.42904,0.08648,0.01499,0.03016,0.3898
293,"At work, Students sometimes",dua_dmd,0.7,1,2,0.78856,0.51552,0.43496,0.43552,0.03134,0.42904,0.08648,0.01499,0.03016,0.3898
293,"At work, Students sometimes",dua_dmd,0.9,1,3,0.96504,0.53811,1.01866,1.01612,0.0352,0.42904,0.10907,0.02386,0.04771,0.94709
293,"At work, Students sometimes",dua_dmd,0.99,1,4,0.995,0.55493,1.8552,1.84747,0.03652,0.42904,0.12589,0.03183,0.05834,1.76503
178,"In this case, You often",euc_ctx,0.3,1,7,0.43172,0.23427,0.84199,0.8545,0.17936,0.63965,0.40538,0.37087,0.09775,0.37337
178,"In this case, You often",euc_ctx,0.5,1,8,0.64945,0.24423,0.95012,0.96182,0.16477,0.63965,0.39542,0.34896,0.12481,0.47634
178,"In this case, You often",euc_ctx,0.7,1,9,0.81654,0.28337,1.01044,1.0206,0.20054,0.63965,0.35628,0.27305,0.14587,0.59151
178,"In this case, You often",euc_ctx,0.9,1,10,0.91309,0.34374,1.06204,1.06992,0.1715,0.63965,0.29592,0.18123,0.15995,0.72085
178,"In this case, You often",euc_ctx,0.99,1,13,0.99185,0.54,1.42218,1.41934,0.16156,0.63965,0.09965,0.02035,0.18582,1.21602
178,"In this case, You often",cau_ctx,0.3,0,,,,,,,,,,,
178,"In this case, You often",cau_ctx,0.5,0,,,,,,,,,,,
178,"In this case, You often",cau_ctx,0.7,0,,,,,,,,,,,
178,"In this case, You often",cau_ctx,0.9,0,,,,,,,,,,,
178,"In this case, You often",cau_ctx,0.99,0,,,,,,,,,,,
178,"In this case, You often",dua_ctx,0.3,1,39,0.3034,0.58097,0.89468,0.88003,0.00965,0.63965,0.05868,0.00718,0.08537,0.80212
178,"In this case, You often",dua_ctx,0.5,1,57,0.50343,0.56049,1.84824,1.80507,0.01935,0.63965,0.07917,0.01295,0.17971,1.65559
178,"In this case, You often",dua_ctx,0.7,1,76,0.70855,0.54544,3.10698,3.03302,0.13754,0.63965,0.09421,0.01822,0.3071,2.78166
178,"In this case, You often",dua_ctx,0.9,1,103,0.90169,0.5591,5.01409,4.90567,0.15002,0.63965,0.08055,0.01339,0.51767,4.48303
178,"In this case, You often",dua_ctx,0.99,1,125,0.99051,0.59321,6.47731,6.35324,0.15316,0.63965,0.04644,0.00453,0.68991,5.78287
178,"In this case, You often",euc_unemb,0.3,1,2,0.95545,0.34168,1.27691,1.28426,0.13858,0.63965,0.29797,0.18394,0.30585,0.78713
178,"In this case, You often",euc_unemb,0.5,1,2,0.95545,0.34168,1.27691,1.28426,0.13858,0.63965,0.29797,0.18394,0.30585,0.78713
178,"In this case, You often",euc_unemb,0.7,1,2,0.95545,0.34168,1.27691,1.28426,0.13858,0.63965,0.29797,0.18394,0.30585,0.78713
178,"In this case, You often",euc_unemb,0.9,1,2,0.95545,0.34168,1.27691,1.28426,0.13858,0.63965,0.29797,0.18394,0.30585,0.78713
178,"In this case, You often",euc_unemb,0.99,1,3,0.99968,0.53999,2.60208,2.58461,0.08109,0.63965,0.09967,0.02035,0.61211,1.96962
178,"In this case, You often",cau_unemb,0.3,1,32,0.32106,0.21879,0.71896,0.72963,0.18872,0.63965,0.42087,0.40741,0.05235,0.2592
178,"In this case, You often",cau_unemb,0.5,1,37,0.54543,0.2095,0.84966,0.85963,0.19808,0.63965,0.43015,0.43088,0.07338,0.3454
178,"In this case, You often",cau_unemb,0.7,1,41,0.71604,0.22338,0.91705,0.92592,0.20274,0.63965,0.41627,0.39624,0.09649,0.42433
178,"In this case, You often",cau_unemb,0.9,1,48,0.90199,0.28428,1.00056,1.0063,0.19186,0.63965,0.35537,0.27146,0.14157,0.58753
178,"In this case, You often",cau_unemb,0.99,1,61,0.99009,0.43132,1.29413,1.29028,0.16757,0.63965,0.20833,0.08766,0.20787,0.9986
178,"In this case, You often",dua_unemb,0.3,1,2,0.48347,0.60216,0.25572,0.25887,0.04942,0.63965,0.03749,0.00297,0.04962,0.20313
178,"In this case, You often",dua_unemb,0.5,1,3,0.72619,0.61487,0.58057,0.57718,0.06908,0.63965,0.02478,0.00131,0.10513,0.47413
178,"In this case, You often",dua_unemb,0.7,1,3,0.72619,0.61487,0.58057,0.57718,0.06908,0.63965,0.02478,0.00131,0.10513,0.47413
178,"In this case, You often",dua_unemb,0.9,1,5,0.91963,0.63651,1.58795,1.55804,0.0758,0.63965,0.00314,2e-05,0.16694,1.42099
178,"In this case, You often",dua_unemb,0.99,1,7,0.99084,0.66635,3.10889,3.04207,0.0768,0.63965,0.02669,0.00158,0.19899,2.90831
178,"In this case, You often",euc_dmd,0.3,1,2,0.95634,0.24563,1.48797,1.49581,0.21215,0.63965,0.39402,0.34598,0.3101,0.83189
178,"In this case, You often",euc_dmd,0.5,1,2,0.95634,0.24563,1.48797,1.49581,0.21215,0.63965,0.39402,0.34598,0.3101,0.83189
178,"In this case, You often",euc_dmd,0.7,1,2,0.95634,0.24563,1.48797,1.49581,0.21215,0.63965,0.39402,0.34598,0.3101,0.83189
178,"In this case, You often",euc_dmd,0.9,1,2,0.95634,0.24563,1.48797,1.49581,0.21215,0.63965,0.39402,0.34598,0.3101,0.83189
178,"In this case, You often",euc_dmd,0.99,1,3,0.99958,0.47378,2.43425,2.42234,0.17976,0.63965,0.16587,0.05557,0.54046,1.83823
178,"In this case, You often",cau_dmd,0.3,1,13,0.32831,0.18062,0.96187,0.97421,0.21514,0.63965,0.45903,0.51284,0.14386,0.30518
178,"In this case, You often",cau_dmd,0.5,1,15,0.54542,0.17122,1.15036,1.16213,0.21977,0.63965,0.46844,0.54293,0.20762,0.39982
178,"In this case, You often",cau_dmd,0.7,1,17,0.74395,0.18547,1.30557,1.31607,0.20421,0.63965,0.45418,0.49803,0.29836,0.50918
178,"In this case, You often",cau_dmd,0.9,1,20,0.9141,0.23878,1.51515,1.52237,0.18097,0.63965,0.40087,0.36082,0.44675,0.70758
178,"In this case, You often",cau_dmd,0.99,1,26,0.99222,0.35773,2.11781,2.11386,0.17751,0.63965,0.28193,0.16348,0.6961,1.25823
178,"In this case, You often",dua_dmd,0.3,1,2,0.60793,0.60717,0.34526,0.3481,0.13444,0.63965,0.03248,0.00224,0.07674,0.26629
178,"In this case, You often",dua_dmd,0.5,1,2,0.60793,0.60717,0.34526,0.3481,0.13444,0.63965,0.03248,0.00224,0.07674,0.26629
178,"In this case, You often",dua_dmd,0.7,1,3,0.86712,0.61045,0.81461,0.8131,0.15406,0.63965,0.0292,0.00181,0.14667,0.66612
178,"In this case, You often",dua_dmd,0.9,1,4,0.95231,0.62364,1.42632,1.41581,0.15967,0.63965,0.01601,0.00055,0.184,1.24177
178,"In this case, You often",dua_dmd,0.99,1,6,0.99839,0.65871,2.99612,2.96006,0.16156,0.63965,0.01905,0.0008,0.22358,2.77174
175,"Every day, Voters never",euc_ctx,0.3,1,3,0.43421,0.31402,0.21374,0.21872,0.10047,0.43401,0.11999,0.03162,0.01786,0.16425
175,"Every day, Voters never",euc_ctx,0.5,1,4,0.66807,0.33193,0.34494,0.34941,0.10706,0.43401,0.10208,0.02253,0.0323,0.29011
175,"Every day, Voters never",euc_ctx,0.7,1,5,0.83877,0.38303,0.50385,0.50665,0.10316,0.43401,0.05098,0.00542,0.0462,0.45224
175,"Every day, Voters never",euc_ctx,0.9,1,6,0.92962,0.45118,0.71008,0.71014,0.10261,0.43401,0.01717,0.0006,0.05647,0.65301
175,"Every day, Voters never",euc_ctx,0.99,1,9,0.9947,0.61573,1.63872,1.62629,0.10945,0.43401,0.18172,0.06738,0.07536,1.49599
175,"Every day, Voters never",cau_ctx,0.3,0,,,,,,,,,,,
175,"Every day, Voters never",cau_ctx,0.5,0,,,,,,,,,,,
175,"Every day, Voters never",cau_ctx,0.7,0,,,,,,,,,,,
175,"Every day, Voters never",cau_ctx,0.9,0,,,,,,,,,,,
175,"Every day, Voters never",cau_ctx,0.99,0,,,,,,,,,,,
175,"Every day, Voters never",dua_ctx,0.3,1,22,0.3113,0.42997,0.35749,0.3578,0.03161,0.43401,0.00404,3e-05,0.03429,0.32317
175,"Every day, Voters never",dua_ctx,0.5,1,36,0.51079,0.41513,0.9653,0.95316,0.08099,0.43401,0.01888,0.00073,0.08978,0.87479
175,"Every day, Voters never",dua_ctx,0.7,1,50,0.70606,0.40803,1.94098,1.90941,0.09993,0.43401,0.02598,0.00139,0.16598,1.77362
175,"Every day, Voters never",dua_ctx,0.9,1,73,0.90327,0.4377,4.38277,4.3161,0.12286,0.43401,0.00369,3e-05,0.32096,4.06178
175,"Every day, Voters never",dua_ctx,0.99,1,108,0.99083,0.5405,8.2591,8.15214,0.12986,0.43401,0.10649,0.02274,0.56086,7.6755
175,"Every day, Voters never",euc_unemb,0.3,1,1,0.89183,0.39407,0.5789,0.58168,0.10506,0.43401,0.03994,0.00331,0.09748,0.47811
175,"Every day, Voters never",euc_unemb,0.5,1,1,0.89183,0.39407,0.5789,0.58168,0.10506,0.43401,0.03994,0.00331,0.09748,0.47811
175,"Every day, Voters never",euc_unemb,0.7,1,1,0.89183,0.39407,0.5789,0.58168,0.10506,0.43401,0.03994,0.00331,0.09748,0.47811
175,"Every day, Voters never",euc_unemb,0.9,1,2,0.99947,0.61799,2.62201,2.5997,0.10835,0.43401,0.18398,0.06913,0.31811,2.23476
175,"Every day, Voters never",euc_unemb,0.99,1,2,0.99947,0.61799,2.62201,2.5997,0.10835,0.43401,0.18398,0.06913,0.31811,2.23476
175,"Every day, Voters never",cau_unemb,0.3,1,12,0.30935,0.31784,0.10124,0.10543,0.07539,0.43401,0.11617,0.02954,0.00796,0.06374
175,"Every day, Voters never",cau_unemb,0.5,1,16,0.50012,0.31686,0.16652,0.1709,0.08216,0.43401,0.11716,0.03007,0.0179,0.11856
175,"Every day, Voters never",cau_unemb,0.7,1,21,0.7317,0.35275,0.27381,0.2773,0.09406,0.43401,0.08126,0.01404,0.04036,0.2194
175,"Every day, Voters never",cau_unemb,0.9,1,27,0.90053,0.43354,0.47778,0.47844,0.0998,0.43401,0.00047,0.0,0.07597,0.40181
175,"Every day, Voters never",cau_unemb,0.99,1,40,0.99171,0.5827,1.27542,1.26472,0.10705,0.43401,0.14869,0.04464,0.14765,1.08314
175,"Every day, Voters never",dua_unemb,0.3,1,1,0.63497,0.52295,0.22838,0.22901,0.08416,0.43401,0.08894,0.01585,0.02404,0.18849
175,"Every day, Voters never",dua_unemb,0.5,1,1,0.63497,0.52295,0.22838,0.22901,0.08416,0.43401,0.08894,0.01585,0.02404,0.18849
175,"Every day, Voters never",dua_unemb,0.7,1,2,0.91672,0.57534,0.64311,0.63867,0.10073,0.43401,0.14133,0.04026,0.04247,0.56039
175,"Every day, Voters never",dua_unemb,0.9,1,2,0.91672,0.57534,0.64311,0.63867,0.10073,0.43401,0.14133,0.04026,0.04247,0.56039
175,"Every day, Voters never",dua_unemb,0.99,1,3,0.99154,0.60496,1.35861,1.34278,0.1044,0.43401,0.17095,0.05939,0.04926,1.24996
175,"Every day, Voters never",euc_dmd,0.3,1,1,0.88815,0.34102,0.59438,0.59694,0.10716,0.43401,0.093,0.01856,0.08391,0.49191
175,"Every day, Voters never",euc_dmd,0.5,1,1,0.88815,0.34102,0.59438,0.59694,0.10716,0.43401,0.093,0.01856,0.08391,0.49191
175,"Every day, Voters never",euc_dmd,0.7,1,1,0.88815,0.34102,0.59438,0.59694,0.10716,0.43401,0.093,0.01856,0.08391,0.49191
175,"Every day, Voters never",euc_dmd,0.9,1,2,0.99925,0.58376,2.24751,2.22893,0.11302,0.43401,0.14975,0.04529,0.22258,1.97964
175,"Every day, Voters never",euc_dmd,0.99,1,2,0.99925,0.58376,2.24751,2.22893,0.11302,0.43401,0.14975,0.04529,0.22258,1.97964
175,"Every day, Voters never",cau_dmd,0.3,1,5,0.30807,0.29169,0.1447,0.14898,0.09102,0.43401,0.14232,0.04551,0.01779,0.08139
175,"Every day, Voters never",cau_dmd,0.5,1,7,0.53429,0.2841,0.24942,0.25379,0.10203,0.43401,0.14991,0.05092,0.03729,0.16122
175,"Every day, Voters never",cau_dmd,0.7,1,9,0.74498,0.31213,0.37413,0.37754,0.10085,0.43401,0.12188,0.03269,0.06975,0.2717
175,"Every day, Voters never",cau_dmd,0.9,1,12,0.9205,0.39887,0.64258,0.6426,0.10792,0.43401,0.03514,0.00255,0.13485,0.50517
175,"Every day, Voters never",cau_dmd,0.99,1,17,0.99074,0.53839,1.37723,1.36747,0.11033,0.43401,0.10438,0.02184,0.24906,1.10632
175,"Every day, Voters never",dua_dmd,0.3,1,1,0.70083,0.54078,0.26859,0.26807,0.09028,0.43401,0.10677,0.02286,0.02825,0.21748
175,"Every day, Voters never",dua_dmd,0.5,1,1,0.70083,0.54078,0.26859,0.26807,0.09028,0.43401,0.10677,0.02286,0.02825,0.21748
175,"Every day, Voters never",dua_dmd,0.7,1,1,0.70083,0.54078,0.26859,0.26807,0.09028,0.43401,0.10677,0.02286,0.02825,0.21748
175,"Every day, Voters never",dua_dmd,0.9,1,2,0.95129,0.57553,0.68922,0.68626,0.10155,0.43401,0.14152,0.04037,0.05297,0.59588
175,"Every day, Voters never",dua_dmd,0.99,1,3,0.996,0.59733,1.37318,1.36367,0.10498,0.43401,0.16332,0.05407,0.06523,1.25389
280,"Usually, The workers usually",euc_ctx,0.3,1,6,0.50163,0.21751,0.66611,0.67555,0.12596,0.51394,0.29643,0.21048,0.03731,0.41831
280,"Usually, The workers usually",euc_ctx,0.5,1,6,0.50163,0.21751,0.66611,0.67555,0.12596,0.51394,0.29643,0.21048,0.03731,0.41831
280,"Usually, The workers usually",euc_ctx,0.7,1,7,0.7112,0.23655,0.77154,0.7802,0.11351,0.51394,0.27739,0.17932,0.03987,0.55234
280,"Usually, The workers usually",euc_ctx,0.9,1,9,0.93373,0.34693,0.97034,0.97527,0.11107,0.51394,0.16701,0.05841,0.03905,0.87287
280,"Usually, The workers usually",euc_ctx,0.99,1,12,0.99399,0.54544,1.56866,1.56323,0.10567,0.51394,0.0315,0.00199,0.04322,1.52344
280,"Usually, The workers usually",cau_ctx,0.3,0,,,,,,,,,,,
280,"Usually, The workers usually",cau_ctx,0.5,0,,,,,,,,,,,
280,"Usually, The workers usually",cau_ctx,0.7,0,,,,,,,,,,,
280,"Usually, The workers usually",cau_ctx,0.9,0,,,,,,,,,,,
280,"Usually, The workers usually",cau_ctx,0.99,0,,,,,,,,,,,
280,"Usually, The workers usually",dua_ctx,0.3,1,33,0.31108,0.47602,0.76911,0.7647,0.03091,0.51394,0.03792,0.00288,0.0808,0.68544
280,"Usually, The workers usually",dua_ctx,0.5,1,48,0.51023,0.45713,1.63846,1.61567,0.04202,0.51394,0.05681,0.00647,0.1845,1.44749
280,"Usually, The workers usually",dua_ctx,0.7,1,63,0.70194,0.45359,2.7963,2.75051,0.04725,0.51394,0.06034,0.00731,0.30839,2.4806
280,"Usually, The workers usually",dua_ctx,0.9,1,85,0.90578,0.47413,4.86675,4.78858,0.05663,0.51394,0.03981,0.00317,0.50831,4.35527
280,"Usually, The workers usually",dua_ctx,0.99,1,107,0.99018,0.52616,7.09615,6.99256,0.0528,0.51394,0.01223,0.0003,0.72596,6.36989
280,"Usually, The workers usually",euc_unemb,0.3,1,1,0.35006,0.18973,0.5981,0.60953,0.15218,0.51394,0.32421,0.26375,0.05939,0.27496
280,"Usually, The workers usually",euc_unemb,0.5,1,2,0.9878,0.35842,1.62147,1.62289,0.15487,0.51394,0.15552,0.05029,0.34035,1.23083
280,"Usually, The workers usually",euc_unemb,0.7,1,2,0.9878,0.35842,1.62147,1.62289,0.15487,0.51394,0.15552,0.05029,0.34035,1.23083
280,"Usually, The workers usually",euc_unemb,0.9,1,2,0.9878,0.35842,1.62147,1.62289,0.15487,0.51394,0.15552,0.05029,0.34035,1.23083
280,"Usually, The workers usually",euc_unemb,0.99,1,3,0.99992,0.43531,3.79824,3.77238,0.17133,0.51394,0.07863,0.01246,0.70787,3.07791
280,"Usually, The workers usually",cau_unemb,0.3,1,26,0.31833,0.23839,0.41878,0.42767,0.14726,0.51394,0.27555,0.17651,0.02997,0.21229
280,"Usually, The workers usually",cau_unemb,0.5,1,31,0.53612,0.23718,0.51621,0.52487,0.12142,0.51394,0.27676,0.17836,0.0315,0.30635
280,"Usually, The workers usually",cau_unemb,0.7,1,35,0.704,0.25726,0.58434,0.5922,0.10704,0.51394,0.25668,0.14956,0.03674,0.39804
280,"Usually, The workers usually",cau_unemb,0.9,1,43,0.90893,0.33983,0.7642,0.76866,0.09644,0.51394,0.17411,0.06378,0.06294,0.63748
280,"Usually, The workers usually",cau_unemb,0.99,1,56,0.9901,0.47711,1.3475,1.34185,0.09918,0.51394,0.03682,0.00271,0.11544,1.22935
280,"Usually, The workers usually",dua_unemb,0.3,1,2,0.68205,0.54666,0.37574,0.37759,0.01955,0.51394,0.03272,0.00215,0.06288,0.31071
280,"Usually, The workers usually",dua_unemb,0.5,1,2,0.68205,0.54666,0.37574,0.37759,0.01955,0.51394,0.03272,0.00215,0.06288,0.31071
280,"Usually, The workers usually",dua_unemb,0.7,1,3,0.8986,0.58264,0.83695,0.83048,0.03932,0.51394,0.0687,0.00959,0.10646,0.7209
280,"Usually, The workers usually",dua_unemb,0.9,1,4,0.97096,0.60297,1.50275,1.484,0.04203,0.51394,0.08903,0.01623,0.12477,1.36175
280,"Usually, The workers usually",dua_unemb,0.99,1,5,0.99522,0.61984,2.41225,2.37812,0.04255,0.51394,0.1059,0.02316,0.13042,2.25867
280,"Usually, The workers usually",euc_dmd,0.3,1,1,0.34434,0.15782,0.73393,0.7435,0.16457,0.51394,0.35612,0.33961,0.048,0.34632
280,"Usually, The workers usually",euc_dmd,0.5,1,2,0.98417,0.27933,1.54182,1.54265,0.15867,0.51394,0.23461,0.12192,0.17969,1.24021
280,"Usually, The workers usually",euc_dmd,0.7,1,2,0.98417,0.27933,1.54182,1.54265,0.15867,0.51394,0.23461,0.12192,0.17969,1.24021
280,"Usually, The workers usually",euc_dmd,0.9,1,2,0.98417,0.27933,1.54182,1.54265,0.15867,0.51394,0.23461,0.12192,0.17969,1.24021
280,"Usually, The workers usually",euc_dmd,0.99,1,3,0.99984,0.43447,3.10065,3.07972,0.1489,0.51394,0.07947,0.01273,0.36251,2.72542
280,"Usually, The workers usually",cau_dmd,0.3,1,11,0.32998,0.2018,0.62596,0.63426,0.13794,0.51394,0.31214,0.23935,0.0567,0.32991
280,"Usually, The workers usually",cau_dmd,0.5,1,13,0.53305,0.19534,0.75204,0.75979,0.13207,0.51394,0.3186,0.25214,0.0497,0.4502
280,"Usually, The workers usually",cau_dmd,0.7,1,15,0.7234,0.21146,0.8654,0.87193,0.11453,0.51394,0.30247,0.22123,0.05497,0.5892
280,"Usually, The workers usually",cau_dmd,0.9,1,19,0.92992,0.29193,1.15038,1.1524,0.06324,0.51394,0.22201,0.10782,0.10722,0.93535
280,"Usually, The workers usually",cau_dmd,0.99,1,25,0.99291,0.41646,1.88893,1.87954,0.05975,0.51394,0.09747,0.01924,0.20483,1.66486
280,"Usually, The workers usually",dua_dmd,0.3,1,2,0.77382,0.55545,0.43212,0.43362,0.0498,0.51394,0.04151,0.00347,0.0402,0.38845
280,"Usually, The workers usually",dua_dmd,0.5,1,2,0.77382,0.55545,0.43212,0.43362,0.0498,0.51394,0.04151,0.00347,0.0402,0.38845
280,"Usually, The workers usually",dua_dmd,0.7,1,2,0.77382,0.55545,0.43212,0.43362,0.0498,0.51394,0.04151,0.00347,0.0402,0.38845
280,"Usually, The workers usually",dua_dmd,0.9,1,3,0.95607,0.57092,1.01179,1.00715,0.05054,0.51394,0.05698,0.00657,0.06814,0.93708
280,"Usually, The workers usually",dua_dmd,0.99,1,4,0.99282,0.58628,1.92114,1.90736,0.05537,0.51394,0.07235,0.01065,0.08488,1.82561
119,"Honestly, Our customers sometimes",euc_ctx,0.3,1,6,0.35446,0.26137,0.70196,0.71365,0.06293,0.57716,0.31579,0.22136,0.05706,0.42354
119,"Honestly, Our customers sometimes",euc_ctx,0.5,1,7,0.58476,0.26198,0.85963,0.87055,0.06783,0.57716,0.31518,0.22035,0.06977,0.56951
119,"Honestly, Our customers sometimes",euc_ctx,0.7,1,8,0.78031,0.29605,0.98208,0.99129,0.0653,0.57716,0.28111,0.16978,0.077,0.73529
119,"Honestly, Our customers sometimes",euc_ctx,0.9,1,10,0.95499,0.42343,1.26444,1.2676,0.05625,0.57716,0.15373,0.04764,0.08234,1.13445
119,"Honestly, Our customers sometimes",euc_ctx,0.99,1,12,0.99134,0.54347,1.72661,1.72094,0.12447,0.57716,0.03369,0.0023,0.08772,1.6366
119,"Honestly, Our customers sometimes",cau_ctx,0.3,0,,,,,,,,,,,
119,"Honestly, Our customers sometimes",cau_ctx,0.5,0,,,,,,,,,,,
119,"Honestly, Our customers sometimes",cau_ctx,0.7,0,,,,,,,,,,,
119,"Honestly, Our customers sometimes",cau_ctx,0.9,0,,,,,,,,,,,
119,"Honestly, Our customers sometimes",cau_ctx,0.99,0,,,,,,,,,,,
119,"Honestly, Our customers sometimes",dua_ctx,0.3,1,38,0.30328,0.52538,1.08364,1.07034,0.04433,0.57716,0.05178,0.00541,0.10189,0.97634
119,"Honestly, Our customers sometimes",dua_ctx,0.5,1,57,0.50216,0.50576,2.5412,2.49642,0.04785,0.57716,0.0714,0.01024,0.22803,2.30293
119,"Honestly, Our customers sometimes",dua_ctx,0.7,1,78,0.70694,0.4995,4.81926,4.73883,0.06283,0.57716,0.07767,0.01211,0.41591,4.39124
119,"Honestly, Our customers sometimes",dua_ctx,0.9,1,101,0.90203,0.50417,7.14694,7.0371,0.15963,0.57716,0.07299,0.0107,0.66361,6.47263
119,"Honestly, Our customers sometimes",dua_ctx,0.99,1,123,0.99012,0.53664,8.66888,8.54233,0.16307,0.57716,0.04052,0.00332,0.90041,7.76515
119,"Honestly, Our customers sometimes",euc_unemb,0.3,1,2,0.98358,0.43463,1.39333,1.39512,0.06938,0.57716,0.14253,0.04087,0.21479,1.13767
119,"Honestly, Our customers sometimes",euc_unemb,0.5,1,2,0.98358,0.43463,1.39333,1.39512,0.06938,0.57716,0.14253,0.04087,0.21479,1.13767
119,"Honestly, Our customers sometimes",euc_unemb,0.7,1,2,0.98358,0.43463,1.39333,1.39512,0.06938,0.57716,0.14253,0.04087,0.21479,1.13767
119,"Honestly, Our customers sometimes",euc_unemb,0.9,1,2,0.98358,0.43463,1.39333,1.39512,0.06938,0.57716,0.14253,0.04087,0.21479,1.13767
119,"Honestly, Our customers sometimes",euc_unemb,0.99,1,3,0.99991,0.53283,3.34066,3.31198,0.07494,0.57716,0.04433,0.00397,0.44582,2.89086
119,"Honestly, Our customers sometimes",cau_unemb,0.3,1,28,0.30733,0.25207,0.48934,0.50072,0.05277,0.57716,0.32509,0.23697,0.03225,0.22013
119,"Honestly, Our customers sometimes",cau_unemb,0.5,1,33,0.54613,0.25122,0.59827,0.60933,0.05784,0.57716,0.32594,0.23845,0.0435,0.31633
119,"Honestly, Our customers sometimes",cau_unemb,0.7,1,37,0.72697,0.27619,0.67053,0.68055,0.05884,0.57716,0.30097,0.19809,0.06075,0.41169
119,"Honestly, Our customers sometimes",cau_unemb,0.9,1,44,0.9137,0.35865,0.82979,0.83619,0.13243,0.57716,0.21851,0.09845,0.10259,0.62875
119,"Honestly, Our customers sometimes",cau_unemb,0.99,1,56,0.99092,0.49174,1.36543,1.36109,0.13471,0.57716,0.08542,0.01464,0.16921,1.18158
119,"Honestly, Our customers sometimes",dua_unemb,0.3,1,2,0.59841,0.5672,0.33692,0.33928,0.05013,0.57716,0.00996,0.0002,0.05197,0.28475
119,"Honestly, Our customers sometimes",dua_unemb,0.5,1,2,0.59841,0.5672,0.33692,0.33928,0.05013,0.57716,0.00996,0.0002,0.05197,0.28475
119,"Honestly, Our customers sometimes",dua_unemb,0.7,1,3,0.84033,0.58681,0.7753,0.77001,0.05985,0.57716,0.00965,0.00019,0.10247,0.67264
119,"Honestly, Our customers sometimes",dua_unemb,0.9,1,4,0.93807,0.59699,1.4169,1.39866,0.06446,0.57716,0.01983,0.00081,0.12828,1.28781
119,"Honestly, Our customers sometimes",dua_unemb,0.99,1,6,0.99794,0.61194,3.50564,3.44978,0.06334,0.57716,0.03478,0.00252,0.14953,3.35358
119,"Honestly, Our customers sometimes",euc_dmd,0.3,1,2,0.98314,0.37138,1.43568,1.43894,0.07202,0.57716,0.20578,0.0868,0.16344,1.18544
119,"Honestly, Our customers sometimes",euc_dmd,0.5,1,2,0.98314,0.37138,1.43568,1.43894,0.07202,0.57716,0.20578,0.0868,0.16344,1.18544
119,"Honestly, Our customers sometimes",euc_dmd,0.7,1,2,0.98314,0.37138,1.43568,1.43894,0.07202,0.57716,0.20578,0.0868,0.16344,1.18544
119,"Honestly, Our customers sometimes",euc_dmd,0.9,1,2,0.98314,0.37138,1.43568,1.43894,0.07202,0.57716,0.20578,0.0868,0.16344,1.18544
119,"Honestly, Our customers sometimes",euc_dmd,0.99,1,3,0.99987,0.55666,2.98672,2.96447,0.07083,0.57716,0.0205,0.00085,0.29142,2.69445
119,"Honestly, Our customers sometimes",cau_dmd,0.3,1,12,0.35108,0.21192,0.72875,0.7407,0.06663,0.57716,0.36524,0.31501,0.0829,0.33084
119,"Honestly, Our customers sometimes",cau_dmd,0.5,1,14,0.57979,0.21096,0.87571,0.88708,0.06973,0.57716,0.3662,0.31711,0.1073,0.45129
119,"Honestly, Our customers sometimes",cau_dmd,0.7,1,16,0.77597,0.23765,1.00704,1.01693,0.16287,0.57716,0.33951,0.2629,0.14913,0.595
119,"Honestly, Our customers sometimes",cau_dmd,0.9,1,19,0.93027,0.31027,1.24637,1.25229,0.17462,0.57716,0.26689,0.15133,0.231,0.86404
119,"Honestly, Our customers sometimes",cau_dmd,0.99,1,24,0.99141,0.41988,1.89589,1.89121,0.18032,0.57716,0.15728,0.0499,0.36827,1.47772
119,"Honestly, Our customers sometimes",dua_dmd,0.3,1,2,0.70068,0.57817,0.41051,0.41316,0.04065,0.57716,0.00101,0.0,0.05682,0.35369
119,"Honestly, Our customers sometimes",dua_dmd,0.5,1,2,0.70068,0.57817,0.41051,0.41316,0.04065,0.57716,0.00101,0.0,0.05682,0.35369
119,"Honestly, Our customers sometimes",dua_dmd,0.7,1,2,0.70068,0.57817,0.41051,0.41316,0.04065,0.57716,0.00101,0.0,0.05682,0.35369
119,"Honestly, Our customers sometimes",dua_dmd,0.9,1,3,0.92056,0.58549,1.00997,1.00797,0.04636,0.57716,0.00833,0.00014,0.10592,0.9039
119,"Honestly, Our customers sometimes",dua_dmd,0.99,1,5,0.99664,0.60943,2.80889,2.78699,0.04947,0.57716,0.03227,0.00217,0.13497,2.67175
273,"At home, I always",euc_ctx,0.3,1,7,0.46327,0.05727,0.96564,0.96553,0.07152,0.41385,0.35658,0.53992,0.08583,0.33989
273,"At home, I always",euc_ctx,0.5,1,8,0.6806,0.06345,1.01467,1.01331,0.07102,0.41385,0.3504,0.50142,0.09591,0.41735
273,"At home, I always",euc_ctx,0.7,1,9,0.83683,0.08218,1.0077,1.00486,0.06296,0.41385,0.33167,0.40616,0.1012,0.50034
273,"At home, I always",euc_ctx,0.9,1,10,0.92323,0.11555,0.98122,0.97662,0.05913,0.41385,0.2983,0.28684,0.10454,0.58984
273,"At home, I always",euc_ctx,0.99,1,13,0.99259,0.31636,1.05263,1.04027,0.07073,0.41385,0.09749,0.02099,0.11454,0.9171
273,"At home, I always",cau_ctx,0.3,0,,,,,,,,,,,
273,"At home, I always",cau_ctx,0.5,0,,,,,,,,,,,
273,"At home, I always",cau_ctx,0.7,0,,,,,,,,,,,
273,"At home, I always",cau_ctx,0.9,0,,,,,,,,,,,
273,"At home, I always",cau_ctx,0.99,0,,,,,,,,,,,
273,"At home, I always",dua_ctx,0.3,1,25,0.3092,0.35664,0.39479,0.38931,0.06612,0.41385,0.05721,0.00698,0.04579,0.34202
273,"At home, I always",dua_ctx,0.5,1,36,0.51653,0.33781,0.79756,0.77816,0.07015,0.41385,0.07604,0.01252,0.09209,0.69295
273,"At home, I always",dua_ctx,0.7,1,46,0.70101,0.32863,1.27957,1.24348,0.07403,0.41385,0.08522,0.01585,0.14415,1.11957
273,"At home, I always",dua_ctx,0.9,1,64,0.90459,0.35359,2.47596,2.40775,0.10266,0.41385,0.06026,0.00777,0.2501,2.2181
273,"At home, I always",dua_ctx,0.99,1,92,0.99121,0.44163,4.20105,4.09516,0.10622,0.41385,0.02778,0.00157,0.39214,3.80733
273,"At home, I always",euc_unemb,0.3,1,2,0.97582,0.13003,1.26466,1.26203,0.12989,0.41385,0.28382,0.24768,0.21151,0.80547
273,"At home, I always",euc_unemb,0.5,1,2,0.97582,0.13003,1.26466,1.26203,0.12989,0.41385,0.28382,0.24768,0.21151,0.80547
273,"At home, I always",euc_unemb,0.7,1,2,0.97582,0.13003,1.26466,1.26203,0.12989,0.41385,0.28382,0.24768,0.21151,0.80547
273,"At home, I always",euc_unemb,0.9,1,2,0.97582,0.13003,1.26466,1.26203,0.12989,0.41385,0.28382,0.24768,0.21151,0.80547
273,"At home, I always",euc_unemb,0.99,1,3,0.99988,0.5016,2.32916,2.30605,0.12994,0.41385,0.08775,0.01548,0.42334,1.89035
273,"At home, I always",cau_unemb,0.3,1,31,0.32732,0.08091,0.66078,0.66477,0.06435,0.41385,0.33294,0.41181,0.04782,0.20115
273,"At home, I always",cau_unemb,0.5,1,35,0.51704,0.08069,0.7251,0.72857,0.06469,0.41385,0.33316,0.41279,0.05867,0.25364
273,"At home, I always",cau_unemb,0.7,1,39,0.70079,0.09165,0.75809,0.7608,0.09089,0.41385,0.3222,0.36712,0.07729,0.31368
273,"At home, I always",cau_unemb,0.9,1,46,0.90088,0.14152,0.78355,0.78418,0.08602,0.41385,0.27233,0.22042,0.12172,0.44141
273,"At home, I always",cau_unemb,0.99,1,59,0.99078,0.33203,1.0006,0.99397,0.08685,0.41385,0.08182,0.01457,0.19373,0.79231
273,"At home, I always",dua_unemb,0.3,1,2,0.72079,0.53674,0.29024,0.28993,0.10377,0.41385,0.12289,0.03031,0.04341,0.21652
273,"At home, I always",dua_unemb,0.5,1,2,0.72079,0.53674,0.29024,0.28993,0.10377,0.41385,0.12289,0.03031,0.04341,0.21652
273,"At home, I always",dua_unemb,0.7,1,2,0.72079,0.53674,0.29024,0.28993,0.10377,0.41385,0.12289,0.03031,0.04341,0.21652
273,"At home, I always",dua_unemb,0.9,1,3,0.94473,0.58664,0.65672,0.64829,0.10621,0.41385,0.17279,0.06032,0.06177,0.53462
273,"At home, I always",dua_unemb,0.99,1,4,0.99638,0.61972,1.20143,1.17852,0.11005,0.41385,0.20587,0.08651,0.06548,1.04944
273,"At home, I always",euc_dmd,0.3,1,2,0.9706,0.06984,1.4948,1.48855,0.07471,0.41385,0.34401,0.46567,0.21216,0.81697
273,"At home, I always",euc_dmd,0.5,1,2,0.9706,0.06984,1.4948,1.48855,0.07471,0.41385,0.34401,0.46567,0.21216,0.81697
273,"At home, I always",euc_dmd,0.7,1,2,0.9706,0.06984,1.4948,1.48855,0.07471,0.41385,0.34401,0.46567,0.21216,0.81697
273,"At home, I always",euc_dmd,0.9,1,2,0.9706,0.06984,1.4948,1.48855,0.07471,0.41385,0.34401,0.46567,0.21216,0.81697
273,"At home, I always",euc_dmd,0.99,1,3,0.99976,0.31806,2.0138,1.99208,0.1233,0.41385,0.09579,0.02023,0.36108,1.63249
273,"At home, I always",cau_dmd,0.3,1,13,0.34091,0.04611,1.11807,1.11793,0.09504,0.41385,0.36774,0.62276,0.10363,0.39169
273,"At home, I always",cau_dmd,0.5,1,15,0.56329,0.04016,1.36191,1.35946,0.0974,0.41385,0.37369,0.67627,0.14014,0.5455
273,"At home, I always",cau_dmd,0.7,1,17,0.75954,0.03995,1.61518,1.60968,0.09483,0.41385,0.3739,0.67833,0.19748,0.73937
273,"At home, I always",cau_dmd,0.9,1,20,0.92131,0.04477,2.04194,2.03047,0.08778,0.41385,0.36908,0.6341,0.29889,1.10895
273,"At home, I always",cau_dmd,0.99,1,26,0.99311,0.05368,3.11156,3.08439,0.09307,0.41385,0.36017,0.5645,0.47756,2.06949
273,"At home, I always",dua_dmd,0.3,1,2,0.79773,0.56317,0.35063,0.34917,0.10304,0.41385,0.14932,0.04485,0.05484,0.25094
273,"At home, I always",dua_dmd,0.5,1,2,0.79773,0.56317,0.35063,0.34917,0.10304,0.41385,0.14932,0.04485,0.05484,0.25094
273,"At home, I always",dua_dmd,0.7,1,2,0.79773,0.56317,0.35063,0.34917,0.10304,0.41385,0.14932,0.04485,0.05484,0.25094
273,"At home, I always",dua_dmd,0.9,1,3,0.97473,0.5969,0.72057,0.71329,0.11084,0.41385,0.18305,0.06788,0.07641,0.57628
273,"At home, I always",dua_dmd,0.99,1,4,0.99846,0.61873,1.2429,1.22543,0.11058,0.41385,0.20488,0.08565,0.0822,1.07505
75,"Honestly, Most doctors typically",euc_ctx,0.3,1,6,0.32217,0.19941,0.76327,0.77573,0.13239,0.42731,0.2279,0.13382,0.04708,0.58237
75,"Honestly, Most doctors typically",euc_ctx,0.5,1,7,0.55799,0.20193,0.98607,0.99791,0.16542,0.42731,0.22539,0.13027,0.05517,0.80064
75,"Honestly, Most doctors typically",euc_ctx,0.7,1,8,0.7665,0.2344,1.20082,1.21107,0.17275,0.42731,0.19292,0.09034,0.05821,1.05227
75,"Honestly, Most doctors typically",euc_ctx,0.9,1,10,0.95353,0.36023,1.73576,1.73993,0.1487,0.42731,0.06708,0.00954,0.06018,1.66605
75,"Honestly, Most doctors typically",euc_ctx,0.99,1,12,0.99129,0.48408,2.51407,2.50896,0.14828,0.42731,0.05677,0.00648,0.06527,2.44232
75,"Honestly, Most doctors typically",cau_ctx,0.3,0,,,,,,,,,,,
75,"Honestly, Most doctors typically",cau_ctx,0.5,0,,,,,,,,,,,
75,"Honestly, Most doctors typically",cau_ctx,0.7,0,,,,,,,,,,,
75,"Honestly, Most doctors typically",cau_ctx,0.9,0,,,,,,,,,,,
75,"Honestly, Most doctors typically",cau_ctx,0.99,0,,,,,,,,,,,
75,"Honestly, Most doctors typically",dua_ctx,0.3,1,34,0.30153,0.38917,0.90819,0.89759,0.03061,0.42731,0.03814,0.00303,0.07987,0.82529
75,"Honestly, Most doctors typically",dua_ctx,0.5,1,51,0.50587,0.37428,2.03421,1.99598,0.13219,0.42731,0.05303,0.0059,0.19405,1.83426
75,"Honestly, Most doctors typically",dua_ctx,0.7,1,68,0.70351,0.37116,3.65064,3.58221,0.15576,0.42731,0.05616,0.00663,0.34121,3.30279
75,"Honestly, Most doctors typically",dua_ctx,0.9,1,89,0.90719,0.38551,6.80468,6.70617,0.18586,0.42731,0.04181,0.00364,0.54118,6.25986
75,"Honestly, Most doctors typically",dua_ctx,0.99,1,113,0.99101,0.44239,11.21363,11.09103,0.19682,0.42731,0.01507,0.00046,0.77515,10.43801
75,"Honestly, Most doctors typically",euc_unemb,0.3,1,2,0.98362,0.29795,1.72658,1.72894,0.23273,0.42731,0.12937,0.03745,0.27867,1.41046
75,"Honestly, Most doctors typically",euc_unemb,0.5,1,2,0.98362,0.29795,1.72658,1.72894,0.23273,0.42731,0.12937,0.03745,0.27867,1.41046
75,"Honestly, Most doctors typically",euc_unemb,0.7,1,2,0.98362,0.29795,1.72658,1.72894,0.23273,0.42731,0.12937,0.03745,0.27867,1.41046
75,"Honestly, Most doctors typically",euc_unemb,0.9,1,2,0.98362,0.29795,1.72658,1.72894,0.23273,0.42731,0.12937,0.03745,0.27867,1.41046
75,"Honestly, Most doctors typically",euc_unemb,0.99,1,3,0.99993,0.39501,4.44976,4.41993,0.2084,0.42731,0.0323,0.00216,0.56312,3.88448
75,"Honestly, Most doctors typically",cau_unemb,0.3,1,29,0.30983,0.16797,0.52382,0.53506,0.18797,0.42731,0.25935,0.18508,0.02648,0.31225
75,"Honestly, Most doctors typically",cau_unemb,0.5,1,33,0.50608,0.16893,0.63344,0.64452,0.19812,0.42731,0.25838,0.18331,0.02766,0.42246
75,"Honestly, Most doctors typically",cau_unemb,0.7,1,38,0.74078,0.19595,0.77074,0.7807,0.1878,0.42731,0.23136,0.13883,0.03611,0.59579
75,"Honestly, Most doctors typically",cau_unemb,0.9,1,44,0.90646,0.25957,0.99139,0.99844,0.16876,0.42731,0.16775,0.0659,0.05697,0.86852
75,"Honestly, Most doctors typically",cau_unemb,0.99,1,56,0.99077,0.39229,1.77116,1.76766,0.16045,0.42731,0.03502,0.00255,0.10168,1.66693
75,"Honestly, Most doctors typically",dua_unemb,0.3,1,2,0.70619,0.49309,0.40543,0.40721,0.04195,0.42731,0.06578,0.00869,0.06527,0.33147
75,"Honestly, Most doctors typically",dua_unemb,0.5,1,2,0.70619,0.49309,0.40543,0.40721,0.04195,0.42731,0.06578,0.00869,0.06527,0.33147
75,"Honestly, Most doctors typically",dua_unemb,0.7,1,2,0.70619,0.49309,0.40543,0.40721,0.04195,0.42731,0.06578,0.00869,0.06527,0.33147
75,"Honestly, Most doctors typically",dua_unemb,0.9,1,3,0.91686,0.5272,0.86074,0.8533,0.14715,0.42731,0.09989,0.02,0.10415,0.73658
75,"Honestly, Most doctors typically",dua_unemb,0.99,1,5,0.9984,0.54486,2.4688,2.4285,0.16657,0.42731,0.11755,0.02772,0.14494,2.29614
75,"Honestly, Most doctors typically",euc_dmd,0.3,1,2,0.98308,0.28084,1.77318,1.77772,0.18589,0.42731,0.14647,0.04893,0.16801,1.55623
75,"Honestly, Most doctors typically",euc_dmd,0.5,1,2,0.98308,0.28084,1.77318,1.77772,0.18589,0.42731,0.14647,0.04893,0.16801,1.55623
75,"Honestly, Most doctors typically",euc_dmd,0.7,1,2,0.98308,0.28084,1.77318,1.77772,0.18589,0.42731,0.14647,0.04893,0.16801,1.55623
75,"Honestly, Most doctors typically",euc_dmd,0.9,1,2,0.98308,0.28084,1.77318,1.77772,0.18589,0.42731,0.14647,0.04893,0.16801,1.55623
75,"Honestly, Most doctors typically",euc_dmd,0.99,1,3,0.99989,0.4386,4.13518,4.11251,0.19914,0.42731,0.01129,0.00026,0.31792,3.81701
75,"Honestly, Most doctors typically",cau_dmd,0.3,1,12,0.31762,0.15607,0.74891,0.7616,0.21434,0.42731,0.27124,0.20835,0.06576,0.47481
75,"Honestly, Most doctors typically",cau_dmd,0.5,1,14,0.54902,0.15672,0.93301,0.9453,0.22355,0.42731,0.27059,0.20701,0.06543,0.66057
75,"Honestly, Most doctors typically",cau_dmd,0.7,1,16,0.75724,0.17942,1.13156,1.14247,0.17262,0.42731,0.24789,0.16483,0.07914,0.88759
75,"Honestly, Most doctors typically",cau_dmd,0.9,1,19,0.92477,0.24012,1.53051,1.53733,0.16524,0.42731,0.18719,0.08432,0.1237,1.32249
75,"Honestly, Most doctors typically",cau_dmd,0.99,1,24,0.99089,0.32491,2.54987,2.54525,0.16842,0.42731,0.1024,0.02286,0.20882,2.31819
75,"Honestly, Most doctors typically",dua_dmd,0.3,1,2,0.81123,0.5223,0.53182,0.53401,0.14576,0.42731,0.09498,0.01809,0.06452,0.44921
75,"Honestly, Most doctors typically",dua_dmd,0.5,1,2,0.81123,0.5223,0.53182,0.53401,0.14576,0.42731,0.09498,0.01809,0.06452,0.44921
75,"Honestly, Most doctors typically",dua_dmd,0.7,1,2,0.81123,0.5223,0.53182,0.53401,0.14576,0.42731,0.09498,0.01809,0.06452,0.44921
75,"Honestly, Most doctors typically",dua_dmd,0.9,1,3,0.97874,0.53714,1.20735,1.20375,0.1757,0.42731,0.10983,0.02419,0.09189,1.09127
75,"Honestly, Most doctors typically",dua_dmd,0.99,1,4,0.99888,0.54167,2.23894,2.22424,0.15159,0.42731,0.11435,0.02623,0.10964,2.10307
110,"Usually, You usually",euc_ctx,0.3,1,6,0.32114,0.17032,0.66581,0.67579,0.22243,0.48556,0.31524,0.2628,0.05796,0.34505
110,"Usually, You usually",euc_ctx,0.5,1,7,0.53729,0.17009,0.79199,0.80182,0.23212,0.48556,0.31547,0.26332,0.07323,0.45544
110,"Usually, You usually",euc_ctx,0.7,1,8,0.73763,0.19542,0.87533,0.8844,0.22934,0.48556,0.29014,0.21185,0.08312,0.58035
110,"Usually, You usually",euc_ctx,0.9,1,10,0.93993,0.31236,1.0433,1.04881,0.17766,0.48556,0.1732,0.06492,0.09134,0.88704
110,"Usually, You usually",euc_ctx,0.99,1,13,0.99431,0.51588,1.65782,1.65278,0.08317,0.48556,0.03032,0.00184,0.09999,1.55599
110,"Usually, You usually",cau_ctx,0.3,0,,,,,,,,,,,
110,"Usually, You usually",cau_ctx,0.5,0,,,,,,,,,,,
110,"Usually, You usually",cau_ctx,0.7,0,,,,,,,,,,,
110,"Usually, You usually",cau_ctx,0.9,0,,,,,,,,,,,
110,"Usually, You usually",cau_ctx,0.99,0,,,,,,,,,,,
110,"Usually, You usually",dua_ctx,0.3,1,30,0.30793,0.44194,0.57669,0.56848,0.0205,0.48556,0.04362,0.00384,0.06688,0.50598
110,"Usually, You usually",dua_ctx,0.5,1,44,0.50416,0.43986,1.17667,1.14632,0.04687,0.48556,0.0457,0.00421,0.14471,1.02774
110,"Usually, You usually",dua_ctx,0.7,1,60,0.70149,0.45043,2.03666,1.9775,0.05323,0.48556,0.03513,0.00248,0.25297,1.78121
110,"Usually, You usually",dua_ctx,0.9,1,82,0.90701,0.47212,3.31193,3.22032,0.07532,0.48556,0.01344,0.00036,0.45097,2.8606
110,"Usually, You usually",dua_ctx,0.99,1,100,0.99159,0.49955,4.65733,4.54821,0.09862,0.48556,0.01399,0.00039,0.64123,4.01571
110,"Usually, You usually",euc_unemb,0.3,1,2,0.96898,0.25095,1.68156,1.6872,0.2523,0.48556,0.23461,0.1272,0.37647,1.17789
110,"Usually, You usually",euc_unemb,0.5,1,2,0.96898,0.25095,1.68156,1.6872,0.2523,0.48556,0.23461,0.1272,0.37647,1.17789
110,"Usually, You usually",euc_unemb,0.7,1,2,0.96898,0.25095,1.68156,1.6872,0.2523,0.48556,0.23461,0.1272,0.37647,1.17789
110,"Usually, You usually",euc_unemb,0.9,1,2,0.96898,0.25095,1.68156,1.6872,0.2523,0.48556,0.23461,0.1272,0.37647,1.17789
110,"Usually, You usually",euc_unemb,0.99,1,3,0.99979,0.45456,3.62785,3.60987,0.23214,0.48556,0.031,0.00193,0.75891,2.86701
110,"Usually, You usually",cau_unemb,0.3,1,30,0.33005,0.13021,0.77966,0.78681,0.23492,0.48556,0.35535,0.36889,0.04028,0.37049
110,"Usually, You usually",cau_unemb,0.5,1,34,0.50792,0.12327,0.90416,0.91072,0.23816,0.48556,0.36229,0.39139,0.04533,0.46743
110,"Usually, You usually",cau_unemb,0.7,1,39,0.72168,0.13257,1.02289,1.02822,0.24327,0.48556,0.35299,0.36157,0.05772,0.60361
110,"Usually, You usually",cau_unemb,0.9,1,46,0.90339,0.17476,1.16704,1.16965,0.23861,0.48556,0.3108,0.25306,0.08708,0.8269
110,"Usually, You usually",cau_unemb,0.99,1,60,0.99162,0.30319,1.64545,1.63889,0.19962,0.48556,0.18237,0.07257,0.14216,1.43073
110,"Usually, You usually",dua_unemb,0.3,1,2,0.59953,0.5114,0.31839,0.32278,0.0386,0.48556,0.02584,0.00134,0.06744,0.24962
110,"Usually, You usually",dua_unemb,0.5,1,2,0.59953,0.5114,0.31839,0.32278,0.0386,0.48556,0.02584,0.00134,0.06744,0.24962
110,"Usually, You usually",dua_unemb,0.7,1,3,0.82243,0.54563,0.66012,0.65713,0.07113,0.48556,0.06007,0.00724,0.11288,0.54
110,"Usually, You usually",dua_unemb,0.9,1,4,0.91161,0.56394,1.11239,1.09737,0.14702,0.48556,0.07838,0.01238,0.13531,0.9647
110,"Usually, You usually",dua_unemb,0.99,1,7,0.99837,0.59455,3.5344,3.46763,0.09061,0.48556,0.10899,0.02415,0.16478,3.34546
110,"Usually, You usually",euc_dmd,0.3,1,2,0.96841,0.18941,1.64809,1.65326,0.24912,0.48556,0.29615,0.22319,0.21924,1.20566
110,"Usually, You usually",euc_dmd,0.5,1,2,0.96841,0.18941,1.64809,1.65326,0.24912,0.48556,0.29615,0.22319,0.21924,1.20566
110,"Usually, You usually",euc_dmd,0.7,1,2,0.96841,0.18941,1.64809,1.65326,0.24912,0.48556,0.29615,0.22319,0.21924,1.20566
110,"Usually, You usually",euc_dmd,0.9,1,2,0.96841,0.18941,1.64809,1.65326,0.24912,0.48556,0.29615,0.22319,0.21924,1.20566
110,"Usually, You usually",euc_dmd,0.99,1,3,0.99967,0.38938,3.08182,3.06796,0.20721,0.48556,0.09618,0.01901,0.40471,2.65809
110,"Usually, You usually",cau_dmd,0.3,1,12,0.33709,0.1262,0.87642,0.88588,0.24532,0.48556,0.35936,0.38174,0.08683,0.40786
110,"Usually, You usually",cau_dmd,0.5,1,14,0.5539,0.12303,1.02265,1.0317,0.24589,0.48556,0.36253,0.39221,0.09564,0.53481
110,"Usually, You usually",cau_dmd,0.7,1,16,0.74861,0.13885,1.13758,1.14567,0.24266,0.48556,0.34671,0.34284,0.11605,0.67869
110,"Usually, You usually",cau_dmd,0.9,1,19,0.91434,0.19226,1.3193,1.32476,0.21538,0.48556,0.2933,0.21775,0.16547,0.93607
110,"Usually, You usually",cau_dmd,0.99,1,25,0.99178,0.32546,1.99418,1.98967,0.0911,0.48556,0.1601,0.05487,0.27207,1.66724
110,"Usually, You usually",dua_dmd,0.3,1,2,0.69533,0.51764,0.38489,0.3894,0.05701,0.48556,0.03208,0.00206,0.05952,0.32331
110,"Usually, You usually",dua_dmd,0.5,1,2,0.69533,0.51764,0.38489,0.3894,0.05701,0.48556,0.03208,0.00206,0.05952,0.32331
110,"Usually, You usually",dua_dmd,0.7,1,3,0.92298,0.54149,0.82722,0.82652,0.07277,0.48556,0.05593,0.00627,0.09414,0.72681
110,"Usually, You usually",dua_dmd,0.9,1,3,0.92298,0.54149,0.82722,0.82652,0.07277,0.48556,0.05593,0.00627,0.09414,0.72681
110,"Usually, You usually",dua_dmd,0.99,1,5,0.99797,0.57799,2.43354,2.41154,0.08551,0.48556,0.09243,0.01727,0.12051,2.29576
122,"At home, Most doctors rarely",euc_ctx,0.3,1,6,0.37824,0.24457,0.79173,0.80317,0.11373,0.5391,0.29453,0.19837,0.0643,0.52906
122,"At home, Most doctors rarely",euc_ctx,0.5,1,7,0.61491,0.25414,0.96219,0.97265,0.11202,0.5391,0.28496,0.18355,0.07197,0.70667
122,"At home, Most doctors rarely",euc_ctx,0.7,1,8,0.80354,0.29914,1.10605,1.11458,0.11176,0.5391,0.23996,0.12435,0.07631,0.9054
122,"At home, Most doctors rarely",euc_ctx,0.9,1,9,0.91067,0.36999,1.26669,1.27235,0.11717,0.5391,0.16911,0.05887,0.08066,1.12716
122,"At home, Most doctors rarely",euc_ctx,0.99,1,12,0.99254,0.58911,2.06529,2.05761,0.11798,0.5391,0.05001,0.00511,0.10032,1.95986
122,"At home, Most doctors rarely",cau_ctx,0.3,0,,,,,,,,,,,
122,"At home, Most doctors rarely",cau_ctx,0.5,0,,,,,,,,,,,
122,"At home, Most doctors rarely",cau_ctx,0.7,0,,,,,,,,,,,
122,"At home, Most doctors rarely",cau_ctx,0.9,0,,,,,,,,,,,
122,"At home, Most doctors rarely",cau_ctx,0.99,0,,,,,,,,,,,
122,"At home, Most doctors rarely",dua_ctx,0.3,1,37,0.30812,0.49048,1.02951,1.01685,0.03732,0.5391,0.04861,0.00473,0.09473,0.93005
122,"At home, Most doctors rarely",dua_ctx,0.5,1,54,0.50122,0.46873,2.36083,2.32111,0.06473,0.5391,0.07036,0.00992,0.21124,2.13967
122,"At home, Most doctors rarely",dua_ctx,0.7,1,69,0.70452,0.4569,4.22723,4.15967,0.07567,0.5391,0.08219,0.01355,0.32457,3.88911
122,"At home, Most doctors rarely",dua_ctx,0.9,1,90,0.90227,0.47692,7.37688,7.27711,0.111,0.5391,0.06218,0.00774,0.48632,6.88282
122,"At home, Most doctors rarely",dua_ctx,0.99,1,118,0.99067,0.53825,9.38983,9.26328,0.12333,0.5391,0.00084,0.0,0.70295,8.68687
122,"At home, Most doctors rarely",euc_unemb,0.3,1,2,0.99034,0.43428,1.52977,1.52978,0.10708,0.5391,0.10481,0.02211,0.30495,1.20271
122,"At home, Most doctors rarely",euc_unemb,0.5,1,2,0.99034,0.43428,1.52977,1.52978,0.10708,0.5391,0.10481,0.02211,0.30495,1.20271
122,"At home, Most doctors rarely",euc_unemb,0.7,1,2,0.99034,0.43428,1.52977,1.52978,0.10708,0.5391,0.10481,0.02211,0.30495,1.20271
122,"At home, Most doctors rarely",euc_unemb,0.9,1,2,0.99034,0.43428,1.52977,1.52978,0.10708,0.5391,0.10481,0.02211,0.30495,1.20271
122,"At home, Most doctors rarely",euc_unemb,0.99,1,2,0.99034,0.43428,1.52977,1.52978,0.10708,0.5391,0.10481,0.02211,0.30495,1.20271
122,"At home, Most doctors rarely",cau_unemb,0.3,1,28,0.3215,0.24541,0.42796,0.4398,0.11922,0.5391,0.29368,0.19703,0.03034,0.20059
122,"At home, Most doctors rarely",cau_unemb,0.5,1,32,0.52098,0.25416,0.48969,0.50155,0.12181,0.5391,0.28493,0.18352,0.03805,0.26812
122,"At home, Most doctors rarely",cau_unemb,0.7,1,36,0.71325,0.29086,0.54537,0.55655,0.11635,0.5391,0.24823,0.13406,0.06076,0.35056
122,"At home, Most doctors rarely",cau_unemb,0.9,1,43,0.91282,0.40978,0.71087,0.71883,0.1093,0.5391,0.12932,0.03388,0.13329,0.5437
122,"At home, Most doctors rarely",cau_unemb,0.99,1,55,0.99163,0.60881,1.35794,1.35496,0.11366,0.5391,0.06972,0.01003,0.26666,1.08125
122,"At home, Most doctors rarely",dua_unemb,0.3,1,2,0.72057,0.58127,0.38417,0.38463,0.04994,0.5391,0.04218,0.00363,0.05025,0.33029
122,"At home, Most doctors rarely",dua_unemb,0.5,1,2,0.72057,0.58127,0.38417,0.38463,0.04994,0.5391,0.04218,0.00363,0.05025,0.33029
122,"At home, Most doctors rarely",dua_unemb,0.7,1,2,0.72057,0.58127,0.38417,0.38463,0.04994,0.5391,0.04218,0.00363,0.05025,0.33029
122,"At home, Most doctors rarely",dua_unemb,0.9,1,3,0.93234,0.60942,0.87803,0.86931,0.05317,0.5391,0.07032,0.01021,0.07844,0.78939
122,"At home, Most doctors rarely",dua_unemb,0.99,1,4,0.9918,0.62715,1.69975,1.67598,0.10248,0.5391,0.08805,0.01616,0.09201,1.59158
122,"At home, Most doctors rarely",euc_dmd,0.3,1,2,0.98791,0.40323,1.54779,1.55022,0.12941,0.5391,0.13586,0.03747,0.27261,1.2377
122,"At home, Most doctors rarely",euc_dmd,0.5,1,2,0.98791,0.40323,1.54779,1.55022,0.12941,0.5391,0.13586,0.03747,0.27261,1.2377
122,"At home, Most doctors rarely",euc_dmd,0.7,1,2,0.98791,0.40323,1.54779,1.55022,0.12941,0.5391,0.13586,0.03747,0.27261,1.2377
122,"At home, Most doctors rarely",euc_dmd,0.9,1,2,0.98791,0.40323,1.54779,1.55022,0.12941,0.5391,0.13586,0.03747,0.27261,1.2377
122,"At home, Most doctors rarely",euc_dmd,0.99,1,3,0.99994,0.58647,3.53319,3.50691,0.13474,0.5391,0.04737,0.00458,0.51998,3.00863
122,"At home, Most doctors rarely",cau_dmd,0.3,1,12,0.334,0.21062,0.66126,0.67301,0.11743,0.5391,0.32848,0.25867,0.0941,0.30849
122,"At home, Most doctors rarely",cau_dmd,0.5,1,14,0.56417,0.21663,0.79068,0.80199,0.11274,0.5391,0.32247,0.24703,0.11848,0.42516
122,"At home, Most doctors rarely",cau_dmd,0.7,1,16,0.76713,0.25311,0.9232,0.93314,0.09251,0.5391,0.28599,0.18511,0.17109,0.567
122,"At home, Most doctors rarely",cau_dmd,0.9,1,19,0.92866,0.3476,1.2076,1.21353,0.09602,0.5391,0.1915,0.07643,0.29112,0.84005
122,"At home, Most doctors rarely",cau_dmd,0.99,1,24,0.99172,0.49188,2.01142,2.00615,0.09649,0.5391,0.04722,0.00446,0.51441,1.49255
122,"At home, Most doctors rarely",dua_dmd,0.3,1,2,0.79256,0.601,0.44715,0.44802,0.09124,0.5391,0.06191,0.00788,0.0617,0.37758
122,"At home, Most doctors rarely",dua_dmd,0.5,1,2,0.79256,0.601,0.44715,0.44802,0.09124,0.5391,0.06191,0.00788,0.0617,0.37758
122,"At home, Most doctors rarely",dua_dmd,0.7,1,2,0.79256,0.601,0.44715,0.44802,0.09124,0.5391,0.06191,0.00788,0.0617,0.37758
122,"At home, Most doctors rarely",dua_dmd,0.9,1,3,0.95418,0.61336,0.97873,0.97523,0.10667,0.5391,0.07426,0.0114,0.09801,0.86931
122,"At home, Most doctors rarely",dua_dmd,0.99,1,4,0.9932,0.62492,1.78797,1.77619,0.10612,0.5391,0.08582,0.01533,0.11772,1.65492
164,"Every day, People usually",euc_ctx,0.3,1,4,0.40079,0.46282,0.27592,0.2868,0.08279,0.60302,0.1402,0.0395,0.03027,0.20614
164,"Every day, People usually",euc_ctx,0.5,1,5,0.63428,0.47543,0.41197,0.42256,0.10606,0.60302,0.12759,0.03272,0.04164,0.33761
164,"Every day, People usually",euc_ctx,0.7,1,6,0.81617,0.5168,0.57041,0.5792,0.10264,0.60302,0.08622,0.01502,0.04924,0.50615
164,"Every day, People usually",euc_ctx,0.9,1,7,0.91797,0.56864,0.76757,0.77332,0.10329,0.60302,0.03438,0.00243,0.05374,0.71141
164,"Every day, People usually",euc_ctx,0.99,1,10,0.99374,0.67599,1.58197,1.57464,0.10484,0.60302,0.07297,0.01175,0.06454,1.50568
164,"Every day, People usually",cau_ctx,0.3,0,,,,,,,,,,,
164,"Every day, People usually",cau_ctx,0.5,0,,,,,,,,,,,
164,"Every day, People usually",cau_ctx,0.7,0,,,,,,,,,,,
164,"Every day, People usually",cau_ctx,0.9,0,,,,,,,,,,,
164,"Every day, People usually",cau_ctx,0.99,0,,,,,,,,,,,
164,"Every day, People usually",dua_ctx,0.3,1,32,0.30321,0.56437,0.79481,0.79155,0.0175,0.60302,0.03865,0.00306,0.08121,0.71054
164,"Every day, People usually",dua_ctx,0.5,1,49,0.50165,0.52933,1.85487,1.82954,0.02575,0.60302,0.07369,0.011,0.1996,1.64427
164,"Every day, People usually",dua_ctx,0.7,1,67,0.70431,0.5081,3.44779,3.39219,0.045,0.60302,0.09492,0.01817,0.38344,3.04618
164,"Every day, People usually",dua_ctx,0.9,1,91,0.90116,0.50855,5.71054,5.61848,0.06565,0.60302,0.09447,0.018,0.72833,4.96421
164,"Every day, People usually",dua_ctx,0.99,1,113,0.9916,0.54552,7.56731,7.45459,0.07001,0.60302,0.0575,0.00673,1.08678,6.4738
164,"Every day, People usually",euc_unemb,0.3,1,1,0.7338,0.45843,0.46877,0.48043,0.12001,0.60302,0.14459,0.04202,0.08165,0.3451
164,"Every day, People usually",euc_unemb,0.5,1,1,0.7338,0.45843,0.46877,0.48043,0.12001,0.60302,0.14459,0.04202,0.08165,0.3451
164,"Every day, People usually",euc_unemb,0.7,1,1,0.7338,0.45843,0.46877,0.48043,0.12001,0.60302,0.14459,0.04202,0.08165,0.3451
164,"Every day, People usually",euc_unemb,0.9,1,2,0.99828,0.61037,2.13891,2.12823,0.12231,0.60302,0.00735,0.00011,0.35235,1.78645
164,"Every day, People usually",euc_unemb,0.99,1,2,0.99828,0.61037,2.13891,2.12823,0.12231,0.60302,0.00735,0.00011,0.35235,1.78645
164,"Every day, People usually",cau_unemb,0.3,1,18,0.32534,0.44757,0.17893,0.18819,0.03049,0.60302,0.15545,0.04859,0.01676,0.11358
164,"Every day, People usually",cau_unemb,0.5,1,22,0.51471,0.44929,0.25581,0.26523,0.09563,0.60302,0.15373,0.04752,0.02476,0.18352
164,"Every day, People usually",cau_unemb,0.7,1,27,0.73885,0.48237,0.38243,0.39057,0.08908,0.60302,0.12065,0.02927,0.04594,0.30721
164,"Every day, People usually",cau_unemb,0.9,1,33,0.90117,0.54243,0.61234,0.61685,0.09507,0.60302,0.06059,0.00747,0.08612,0.51875
164,"Every day, People usually",cau_unemb,0.99,1,46,0.99111,0.62086,1.37435,1.36631,0.09393,0.60302,0.01784,0.00067,0.1786,1.19508
164,"Every day, People usually",dua_unemb,0.3,1,1,0.46568,0.6092,0.15381,0.15692,0.07899,0.60302,0.00618,8e-05,0.01496,0.13877
164,"Every day, People usually",dua_unemb,0.5,1,2,0.84783,0.64116,0.5103,0.51004,0.08557,0.60302,0.03813,0.00312,0.04268,0.46451
164,"Every day, People usually",dua_unemb,0.7,1,2,0.84783,0.64116,0.5103,0.51004,0.08557,0.60302,0.03813,0.00312,0.04268,0.46451
164,"Every day, People usually",dua_unemb,0.9,1,3,0.97949,0.66572,1.16148,1.15048,0.0917,0.60302,0.0627,0.00859,0.06118,1.09171
164,"Every day, People usually",dua_unemb,0.99,1,4,0.99932,0.677,2.27744,2.24967,0.09146,0.60302,0.07397,0.01209,0.06775,2.1976
164,"Every day, People usually",euc_dmd,0.3,1,1,0.72381,0.43787,0.4816,0.49308,0.11069,0.60302,0.16515,0.05489,0.06748,0.35923
164,"Every day, People usually",euc_dmd,0.5,1,1,0.72381,0.43787,0.4816,0.49308,0.11069,0.60302,0.16515,0.05489,0.06748,0.35923
164,"Every day, People usually",euc_dmd,0.7,1,1,0.72381,0.43787,0.4816,0.49308,0.11069,0.60302,0.16515,0.05489,0.06748,0.35923
164,"Every day, People usually",euc_dmd,0.9,1,2,0.99765,0.6215,1.92607,1.91766,0.12817,0.60302,0.01848,0.00072,0.25722,1.66812
164,"Every day, People usually",euc_dmd,0.99,1,2,0.99765,0.6215,1.92607,1.91766,0.12817,0.60302,0.01848,0.00072,0.25722,1.66812
164,"Every day, People usually",cau_dmd,0.3,1,8,0.36417,0.43025,0.26512,0.27493,0.09008,0.60302,0.17277,0.06014,0.03673,0.16824
164,"Every day, People usually",cau_dmd,0.5,1,10,0.58763,0.43701,0.38137,0.39099,0.09543,0.60302,0.16601,0.05547,0.05106,0.27483
164,"Every day, People usually",cau_dmd,0.7,1,12,0.77789,0.47253,0.53507,0.54308,0.10392,0.60302,0.13049,0.03422,0.0846,0.41624
164,"Every day, People usually",cau_dmd,0.9,1,15,0.9294,0.54299,0.8725,0.87581,0.10536,0.60302,0.06003,0.00733,0.16363,0.70154
164,"Every day, People usually",cau_dmd,0.99,1,20,0.99112,0.61229,1.65915,1.65098,0.10662,0.60302,0.00927,0.00018,0.30785,1.35112
164,"Every day, People usually",dua_dmd,0.3,1,1,0.53598,0.61281,0.20073,0.20292,0.08041,0.60302,0.00979,0.0002,0.02234,0.17819
164,"Every day, People usually",dua_dmd,0.5,1,1,0.53598,0.61281,0.20073,0.20292,0.08041,0.60302,0.00979,0.0002,0.02234,0.17819
164,"Every day, People usually",dua_dmd,0.7,1,2,0.88687,0.6144,0.63548,0.63765,0.04329,0.60302,0.01138,0.00027,0.04381,0.5914
164,"Every day, People usually",dua_dmd,0.9,1,3,0.98359,0.62482,1.35936,1.35638,0.04644,0.60302,0.0218,0.00101,0.06848,1.28987
164,"Every day, People usually",dua_dmd,0.99,1,4,0.99817,0.63882,2.39803,2.38649,0.04774,0.60302,0.0358,0.00274,0.08449,2.3108
272,"Over time, The workers just",euc_ctx,0.3,1,5,0.42152,0.06572,0.33071,0.33077,0.06156,0.23277,0.16704,0.14322,0.02714,0.16034
272,"Over time, The workers just",euc_ctx,0.5,1,6,0.62755,0.06927,0.3871,0.38643,0.05996,0.23277,0.16349,0.1339,0.03685,0.21636
272,"Over time, The workers just",euc_ctx,0.7,1,7,0.79259,0.08442,0.42565,0.42404,0.05772,0.23277,0.14835,0.10046,0.04664,0.27855
272,"Over time, The workers just",euc_ctx,0.9,1,9,0.94859,0.15526,0.51232,0.50805,0.04294,0.23277,0.0775,0.02042,0.06627,0.42563
272,"Over time, The workers just",euc_ctx,0.99,1,12,0.99405,0.36507,0.87347,0.86233,0.09973,0.23277,0.1323,0.04046,0.09001,0.743
272,"Over time, The workers just",cau_ctx,0.3,0,,,,,,,,,,,
272,"Over time, The workers just",cau_ctx,0.5,0,,,,,,,,,,,
272,"Over time, The workers just",cau_ctx,0.7,0,,,,,,,,,,,
272,"Over time, The workers just",cau_ctx,0.9,0,,,,,,,,,,,
272,"Over time, The workers just",cau_ctx,0.99,0,,,,,,,,,,,
272,"Over time, The workers just",dua_ctx,0.3,1,16,0.30303,0.20666,0.15104,0.15099,0.01942,0.23277,0.0261,0.00202,0.01477,0.13425
272,"Over time, The workers just",dua_ctx,0.5,1,24,0.51183,0.2011,0.32385,0.31744,0.03376,0.23277,0.03166,0.00301,0.03167,0.28918
272,"Over time, The workers just",dua_ctx,0.7,1,32,0.71216,0.20007,0.56019,0.54481,0.04107,0.23277,0.0327,0.00322,0.05178,0.50519
272,"Over time, The workers just",dua_ctx,0.9,1,43,0.90012,0.21241,1.03325,1.0017,0.04878,0.23277,0.02036,0.00121,0.0796,0.95243
272,"Over time, The workers just",dua_ctx,0.99,1,66,0.99044,0.27803,2.71137,2.64412,0.04537,0.23277,0.04526,0.00529,0.1339,2.57218
272,"Over time, The workers just",euc_unemb,0.3,1,1,0.4699,0.06312,0.38817,0.3898,0.0609,0.23277,0.16965,0.15049,0.01849,0.21919
272,"Over time, The workers just",euc_unemb,0.5,1,2,0.98893,0.21833,0.92949,0.9242,0.11491,0.23277,0.01444,0.0006,0.12661,0.80228
272,"Over time, The workers just",euc_unemb,0.7,1,2,0.98893,0.21833,0.92949,0.9242,0.11491,0.23277,0.01444,0.0006,0.12661,0.80228
272,"Over time, The workers just",euc_unemb,0.9,1,2,0.98893,0.21833,0.92949,0.9242,0.11491,0.23277,0.01444,0.0006,0.12661,0.80228
272,"Over time, The workers just",euc_unemb,0.99,1,3,0.99989,0.50894,2.51083,2.48602,0.11918,0.23277,0.27618,0.16027,0.21596,2.1346
272,"Over time, The workers just",cau_unemb,0.3,1,22,0.30078,0.08497,0.208,0.20956,0.05817,0.23277,0.14779,0.0994,0.00852,0.10008
272,"Over time, The workers just",cau_unemb,0.5,1,27,0.50817,0.08421,0.26256,0.26377,0.05828,0.23277,0.14856,0.10086,0.01475,0.14695
272,"Over time, The workers just",cau_unemb,0.7,1,32,0.71213,0.09806,0.30931,0.30987,0.05118,0.23277,0.13471,0.07711,0.0283,0.2039
272,"Over time, The workers just",cau_unemb,0.9,1,40,0.90849,0.15641,0.40477,0.40351,0.05112,0.23277,0.07636,0.01975,0.06151,0.32351
272,"Over time, The workers just",cau_unemb,0.99,1,54,0.99101,0.35488,0.84022,0.83224,0.11096,0.23277,0.12211,0.03483,0.11782,0.68756
272,"Over time, The workers just",dua_unemb,0.3,1,2,0.77019,0.33618,0.2919,0.29305,0.07535,0.23277,0.10341,0.02551,0.0336,0.23279
272,"Over time, The workers just",dua_unemb,0.5,1,2,0.77019,0.33618,0.2919,0.29305,0.07535,0.23277,0.10341,0.02551,0.0336,0.23279
272,"Over time, The workers just",dua_unemb,0.7,1,2,0.77019,0.33618,0.2919,0.29305,0.07535,0.23277,0.10341,0.02551,0.0336,0.23279
272,"Over time, The workers just",dua_unemb,0.9,1,3,0.93545,0.38485,0.60216,0.59486,0.08443,0.23277,0.15208,0.05246,0.05183,0.49787
272,"Over time, The workers just",dua_unemb,0.99,1,5,0.9978,0.43874,1.50486,1.47366,0.0916,0.23277,0.20597,0.0923,0.06896,1.3436
272,"Over time, The workers just",euc_dmd,0.3,1,1,0.48627,0.0428,0.49845,0.49676,0.06343,0.23277,0.18997,0.22446,0.02329,0.2507
272,"Over time, The workers just",euc_dmd,0.5,1,2,0.98858,0.12087,0.98477,0.97447,0.09795,0.23277,0.11189,0.04808,0.13833,0.79835
272,"Over time, The workers just",euc_dmd,0.7,1,2,0.98858,0.12087,0.98477,0.97447,0.09795,0.23277,0.11189,0.04808,0.13833,0.79835
272,"Over time, The workers just",euc_dmd,0.9,1,2,0.98858,0.12087,0.98477,0.97447,0.09795,0.23277,0.11189,0.04808,0.13833,0.79835
272,"Over time, The workers just",euc_dmd,0.99,1,3,0.99984,0.36725,1.97006,1.94408,0.13383,0.23277,0.13449,0.04172,0.22747,1.70087
272,"Over time, The workers just",cau_dmd,0.3,1,10,0.38996,0.05665,0.38275,0.38234,0.06319,0.23277,0.17612,0.1704,0.02969,0.18266
272,"Over time, The workers just",cau_dmd,0.5,1,12,0.59218,0.05619,0.46539,0.46407,0.06388,0.23277,0.17658,0.17192,0.04201,0.25146
272,"Over time, The workers just",cau_dmd,0.7,1,14,0.76483,0.06431,0.53911,0.53664,0.0628,0.23277,0.16846,0.14712,0.06088,0.33111
272,"Over time, The workers just",cau_dmd,0.9,1,17,0.91386,0.09264,0.66095,0.65626,0.05475,0.23277,0.14012,0.08575,0.09923,0.47597
272,"Over time, The workers just",cau_dmd,0.99,1,23,0.99036,0.20162,1.09358,1.08192,0.09498,0.23277,0.03115,0.00291,0.18283,0.90784
272,"Over time, The workers just",dua_dmd,0.3,1,2,0.83005,0.33662,0.32018,0.32008,0.0829,0.23277,0.10386,0.02572,0.03028,0.26418
272,"Over time, The workers just",dua_dmd,0.5,1,2,0.83005,0.33662,0.32018,0.32008,0.0829,0.23277,0.10386,0.02572,0.03028,0.26418
272,"Over time, The workers just",dua_dmd,0.7,1,2,0.83005,0.33662,0.32018,0.32008,0.0829,0.23277,0.10386,0.02572,0.03028,0.26418
272,"Over time, The workers just",dua_dmd,0.9,1,3,0.97026,0.37544,0.67307,0.66509,0.08784,0.23277,0.14268,0.04658,0.04586,0.58064
272,"Over time, The workers just",dua_dmd,0.99,1,4,0.99563,0.40192,1.11544,1.09773,0.08866,0.23277,0.16915,0.06395,0.05461,0.99688
286,"At work, Voters never",euc_ctx,0.3,1,3,0.35074,0.09955,0.15038,0.15177,0.01797,0.20162,0.10207,0.04623,0.00776,0.09638
286,"At work, Voters never",euc_ctx,0.5,1,4,0.57217,0.09955,0.2194,0.22045,0.01849,0.20162,0.10207,0.04624,0.01203,0.16113
286,"At work, Voters never",euc_ctx,0.7,1,5,0.76447,0.11725,0.28513,0.28546,0.02168,0.20162,0.08438,0.0291,0.01603,0.24001
286,"At work, Voters never",euc_ctx,0.9,1,7,0.94684,0.20661,0.47206,0.46965,0.02804,0.20162,0.00499,8e-05,0.02325,0.44873
286,"At work, Voters never",euc_ctx,0.99,1,10,0.99472,0.4229,1.11041,1.09971,0.09138,0.20162,0.22128,0.10978,0.03244,0.96819
286,"At work, Voters never",cau_ctx,0.3,0,,,,,,,,,,,
286,"At work, Voters never",cau_ctx,0.5,0,,,,,,,,,,,
286,"At work, Voters never",cau_ctx,0.7,0,,,,,,,,,,,
286,"At work, Voters never",cau_ctx,0.9,0,,,,,,,,,,,
286,"At work, Voters never",cau_ctx,0.99,0,,,,,,,,,,,
286,"At work, Voters never",dua_ctx,0.3,1,13,0.31042,0.19729,0.13117,0.13373,0.00785,0.20162,0.00433,6e-05,0.01067,0.12043
286,"At work, Voters never",dua_ctx,0.5,1,21,0.51646,0.19435,0.33806,0.33632,0.0094,0.20162,0.00727,0.00017,0.02564,0.31225
286,"At work, Voters never",dua_ctx,0.7,1,29,0.71318,0.19501,0.66032,0.6508,0.01821,0.20162,0.00661,0.00014,0.04588,0.6143
286,"At work, Voters never",dua_ctx,0.9,1,43,0.90239,0.2234,1.60481,1.57354,0.03849,0.20162,0.02177,0.0014,0.08279,1.52062
286,"At work, Voters never",dua_ctx,0.99,1,66,0.99097,0.29925,3.55189,3.48395,0.0776,0.20162,0.09762,0.02451,0.14525,3.38213
286,"At work, Voters never",euc_unemb,0.3,1,1,0.84203,0.12491,0.37255,0.37382,0.06699,0.20162,0.07671,0.02329,0.03724,0.31202
286,"At work, Voters never",euc_unemb,0.5,1,1,0.84203,0.12491,0.37255,0.37382,0.06699,0.20162,0.07671,0.02329,0.03724,0.31202
286,"At work, Voters never",euc_unemb,0.7,1,1,0.84203,0.12491,0.37255,0.37382,0.06699,0.20162,0.07671,0.02329,0.03724,0.31202
286,"At work, Voters never",euc_unemb,0.9,1,2,0.99893,0.44518,1.7607,1.74687,0.09869,0.20162,0.24356,0.13086,0.13592,1.49393
286,"At work, Voters never",euc_unemb,0.99,1,2,0.99893,0.44518,1.7607,1.74687,0.09869,0.20162,0.24356,0.13086,0.13592,1.49393
286,"At work, Voters never",cau_unemb,0.3,1,14,0.32526,0.11033,0.09145,0.09347,0.01485,0.20162,0.09129,0.03512,0.00389,0.05244
286,"At work, Voters never",cau_unemb,0.5,1,18,0.50963,0.11012,0.13009,0.13213,0.01977,0.20162,0.09151,0.03532,0.00803,0.08673
286,"At work, Voters never",cau_unemb,0.7,1,23,0.7304,0.1295,0.18287,0.18454,0.02383,0.20162,0.07213,0.02022,0.01816,0.1445
286,"At work, Voters never",cau_unemb,0.9,1,30,0.91156,0.19677,0.30288,0.30304,0.05712,0.20162,0.00485,7e-05,0.03897,0.26384
286,"At work, Voters never",cau_unemb,0.99,1,42,0.99009,0.38525,0.80328,0.79728,0.08615,0.20162,0.18363,0.07812,0.0738,0.65136
286,"At work, Voters never",dua_unemb,0.3,1,1,0.64373,0.29868,0.16919,0.17169,0.04887,0.20162,0.09705,0.02425,0.01225,0.13269
286,"At work, Voters never",dua_unemb,0.5,1,1,0.64373,0.29868,0.16919,0.17169,0.04887,0.20162,0.09705,0.02425,0.01225,0.13269
286,"At work, Voters never",dua_unemb,0.7,1,2,0.95848,0.40966,0.58603,0.58365,0.07562,0.20162,0.20804,0.09808,0.0224,0.46554
286,"At work, Voters never",dua_unemb,0.9,1,2,0.95848,0.40966,0.58603,0.58365,0.07562,0.20162,0.20804,0.09808,0.0224,0.46554
286,"At work, Voters never",dua_unemb,0.99,1,3,0.99812,0.45386,1.13523,1.12229,0.08261,0.20162,0.25224,0.13955,0.02453,0.97115
286,"At work, Voters never",euc_dmd,0.3,1,1,0.83138,0.09035,0.412,0.41079,0.02833,0.20162,0.11128,0.05768,0.03172,0.3226
286,"At work, Voters never",euc_dmd,0.5,1,1,0.83138,0.09035,0.412,0.41079,0.02833,0.20162,0.11128,0.05768,0.03172,0.3226
286,"At work, Voters never",euc_dmd,0.7,1,1,0.83138,0.09035,0.412,0.41079,0.02833,0.20162,0.11128,0.05768,0.03172,0.3226
286,"At work, Voters never",euc_dmd,0.9,1,2,0.99834,0.32578,1.33356,1.31994,0.09717,0.20162,0.12416,0.0382,0.09934,1.19602
286,"At work, Voters never",euc_dmd,0.99,1,2,0.99834,0.32578,1.33356,1.31994,0.09717,0.20162,0.12416,0.0382,0.09934,1.19602
286,"At work, Voters never",cau_dmd,0.3,1,6,0.33256,0.0915,0.1494,0.15033,0.02164,0.20162,0.11013,0.05614,0.00988,0.08339
286,"At work, Voters never",cau_dmd,0.5,1,8,0.54787,0.08765,0.22423,0.22466,0.02463,0.20162,0.11397,0.06142,0.01779,0.14502
286,"At work, Voters never",cau_dmd,0.7,1,10,0.74424,0.09859,0.30373,0.30327,0.03403,0.20162,0.10304,0.04734,0.03164,0.22475
286,"At work, Voters never",cau_dmd,0.9,1,13,0.91345,0.14124,0.46159,0.45897,0.03852,0.20162,0.06039,0.01356,0.06218,0.38585
286,"At work, Voters never",cau_dmd,0.99,1,19,0.99212,0.2877,1.07857,1.06797,0.08706,0.20162,0.08608,0.0194,0.13009,0.92908
286,"At work, Voters never",dua_dmd,0.3,1,1,0.67745,0.30216,0.18143,0.18341,0.05437,0.20162,0.10053,0.02588,0.01304,0.14251
286,"At work, Voters never",dua_dmd,0.5,1,1,0.67745,0.30216,0.18143,0.18341,0.05437,0.20162,0.10053,0.02588,0.01304,0.14251
286,"At work, Voters never",dua_dmd,0.7,1,2,0.9642,0.38914,0.54307,0.54153,0.07916,0.20162,0.18752,0.08116,0.02473,0.43718
286,"At work, Voters never",dua_dmd,0.9,1,2,0.9642,0.38914,0.54307,0.54153,0.07916,0.20162,0.18752,0.08116,0.02473,0.43718
286,"At work, Voters never",dua_dmd,0.99,1,3,0.99688,0.4206,1.01056,1.0018,0.08929,0.20162,0.21897,0.1077,0.02984,0.87302
169,"In this case, Farmers typically",euc_ctx,0.3,1,5,0.47769,0.32312,0.43764,0.44873,0.08202,0.48,0.15688,0.05286,0.03338,0.35139
169,"In this case, Farmers typically",euc_ctx,0.5,1,6,0.68888,0.34564,0.60004,0.61063,0.08557,0.48,0.13435,0.03811,0.04356,0.51837
169,"In this case, Farmers typically",euc_ctx,0.7,1,7,0.8411,0.39273,0.78725,0.79626,0.08167,0.48,0.08727,0.01564,0.0512,0.72041
169,"In this case, Farmers typically",euc_ctx,0.9,1,8,0.92571,0.45129,1.01636,1.02283,0.08371,0.48,0.02871,0.00166,0.05699,0.95771
169,"In this case, Farmers typically",euc_ctx,0.99,1,11,0.99314,0.59551,1.96115,1.95634,0.08442,0.48,0.11552,0.02712,0.07306,1.86097
169,"In this case, Farmers typically",cau_ctx,0.3,0,,,,,,,,,,,
169,"In this case, Farmers typically",cau_ctx,0.5,0,,,,,,,,,,,
169,"In this case, Farmers typically",cau_ctx,0.7,0,,,,,,,,,,,
169,"In this case, Farmers typically",cau_ctx,0.9,0,,,,,,,,,,,
169,"In this case, Farmers typically",cau_ctx,0.99,0,,,,,,,,,,,
169,"In this case, Farmers typically",dua_ctx,0.3,1,37,0.3029,0.46871,1.07281,1.07127,0.03663,0.48,0.01129,0.00026,0.08306,0.98949
169,"In this case, Farmers typically",dua_ctx,0.5,1,54,0.50812,0.44314,2.40218,2.38236,0.03965,0.48,0.03686,0.00274,0.19781,2.20164
169,"In this case, Farmers typically",dua_ctx,0.7,1,69,0.71194,0.42756,4.0709,4.02985,0.04475,0.48,0.05243,0.00557,0.32981,3.73553
169,"In this case, Farmers typically",dua_ctx,0.9,1,87,0.90618,0.43115,6.68655,6.6189,0.04665,0.48,0.04885,0.00483,0.48395,6.19777
169,"In this case, Farmers typically",dua_ctx,0.99,1,111,0.99092,0.4823,9.49565,9.39774,0.05412,0.48,0.0023,1e-05,0.67676,8.81888
169,"In this case, Farmers typically",euc_unemb,0.3,1,1,0.56476,0.29062,0.41042,0.42173,0.09923,0.48,0.18937,0.07935,0.05393,0.27713
169,"In this case, Farmers typically",euc_unemb,0.5,1,1,0.56476,0.29062,0.41042,0.42173,0.09923,0.48,0.18937,0.07935,0.05393,0.27713
169,"In this case, Farmers typically",euc_unemb,0.7,1,2,0.9948,0.48903,1.91127,1.90644,0.11825,0.48,0.00903,0.00016,0.26105,1.65006
169,"In this case, Farmers typically",euc_unemb,0.9,1,2,0.9948,0.48903,1.91127,1.90644,0.11825,0.48,0.00903,0.00016,0.26105,1.65006
169,"In this case, Farmers typically",euc_unemb,0.99,1,2,0.9948,0.48903,1.91127,1.90644,0.11825,0.48,0.00903,0.00016,0.26105,1.65006
169,"In this case, Farmers typically",cau_unemb,0.3,1,21,0.30919,0.30896,0.21348,0.22195,0.08763,0.48,0.17103,0.0636,0.01518,0.13469
169,"In this case, Farmers typically",cau_unemb,0.5,1,26,0.52557,0.31463,0.30419,0.31287,0.08971,0.48,0.16536,0.05915,0.02365,0.22138
169,"In this case, Farmers typically",cau_unemb,0.7,1,31,0.73239,0.35139,0.41467,0.42246,0.08882,0.48,0.1286,0.03478,0.03899,0.3409
169,"In this case, Farmers typically",cau_unemb,0.9,1,38,0.9063,0.43584,0.65011,0.65468,0.08594,0.48,0.04416,0.00394,0.06818,0.57798
169,"In this case, Farmers typically",cau_unemb,0.99,1,51,0.99005,0.56535,1.39408,1.38806,0.0937,0.48,0.08536,0.01468,0.12131,1.25809
169,"In this case, Farmers typically",dua_unemb,0.3,1,2,0.71852,0.50892,0.40021,0.40309,0.0781,0.48,0.02892,0.00167,0.03575,0.36279
169,"In this case, Farmers typically",dua_unemb,0.5,1,2,0.71852,0.50892,0.40021,0.40309,0.0781,0.48,0.02892,0.00167,0.03575,0.36279
169,"In this case, Farmers typically",dua_unemb,0.7,1,2,0.71852,0.50892,0.40021,0.40309,0.0781,0.48,0.02892,0.00167,0.03575,0.36279
169,"In this case, Farmers typically",dua_unemb,0.9,1,3,0.92182,0.53687,0.89776,0.89477,0.07826,0.48,0.05687,0.00648,0.06691,0.82437
169,"In this case, Farmers typically",dua_unemb,0.99,1,5,0.99962,0.56496,2.9797,2.9539,0.03733,0.48,0.08496,0.01454,0.09061,2.87455
169,"In this case, Farmers typically",euc_dmd,0.3,1,1,0.54946,0.27006,0.45086,0.46173,0.09691,0.48,0.20993,0.09971,0.04123,0.30992
169,"In this case, Farmers typically",euc_dmd,0.5,1,1,0.54946,0.27006,0.45086,0.46173,0.09691,0.48,0.20993,0.09971,0.04123,0.30992
169,"In this case, Farmers typically",euc_dmd,0.7,1,2,0.99295,0.48649,1.69775,1.69518,0.11466,0.48,0.00649,8e-05,0.17328,1.52438
169,"In this case, Farmers typically",euc_dmd,0.9,1,2,0.99295,0.48649,1.69775,1.69518,0.11466,0.48,0.00649,8e-05,0.17328,1.52438
169,"In this case, Farmers typically",euc_dmd,0.99,1,2,0.99295,0.48649,1.69775,1.69518,0.11466,0.48,0.00649,8e-05,0.17328,1.52438
169,"In this case, Farmers typically",cau_dmd,0.3,1,9,0.31732,0.28997,0.29884,0.30754,0.09681,0.48,0.19003,0.07995,0.03046,0.18843
169,"In this case, Farmers typically",cau_dmd,0.5,1,11,0.51707,0.29062,0.40701,0.41579,0.08677,0.48,0.18938,0.07936,0.03784,0.28981
169,"In this case, Farmers typically",cau_dmd,0.7,1,13,0.70955,0.31663,0.53329,0.54124,0.0897,0.48,0.16337,0.05764,0.05547,0.42018
169,"In this case, Farmers typically",cau_dmd,0.9,1,17,0.92498,0.41321,0.91171,0.91516,0.05052,0.48,0.06679,0.00908,0.11475,0.78788
169,"In this case, Farmers typically",cau_dmd,0.99,1,23,0.99228,0.52096,1.83143,1.82296,0.04738,0.48,0.04096,0.00336,0.20624,1.62184
169,"In this case, Farmers typically",dua_dmd,0.3,1,1,0.34429,0.48155,0.11284,0.11654,0.02572,0.48,0.00156,0.0,0.00921,0.10362
169,"In this case, Farmers typically",dua_dmd,0.5,1,2,0.77322,0.50507,0.47231,0.47573,0.03933,0.48,0.02508,0.00126,0.03256,0.43849
169,"In this case, Farmers typically",dua_dmd,0.7,1,2,0.77322,0.50507,0.47231,0.47573,0.03933,0.48,0.02508,0.00126,0.03256,0.43849
169,"In this case, Farmers typically",dua_dmd,0.9,1,3,0.9393,0.51567,1.03951,1.0395,0.04118,0.48,0.03567,0.00255,0.0589,0.97806
169,"In this case, Farmers typically",dua_dmd,0.99,1,5,0.99826,0.53762,2.92174,2.90907,0.04621,0.48,0.05763,0.00666,0.09078,2.8243
18,"Lately, I often",euc_ctx,0.3,1,7,0.39871,0.22612,0.94134,0.95203,0.16785,0.61949,0.39337,0.35422,0.14492,0.4422
18,"Lately, I often",euc_ctx,0.5,1,8,0.6106,0.23259,1.08706,1.09671,0.15627,0.61949,0.3869,0.33994,0.18569,0.56143
18,"Lately, I often",euc_ctx,0.7,1,9,0.78394,0.2671,1.1843,1.19223,0.15386,0.61949,0.35238,0.27173,0.22066,0.69191
18,"Lately, I often",euc_ctx,0.9,1,11,0.94783,0.39457,1.35778,1.3603,0.16658,0.61949,0.22492,0.10273,0.26394,0.99112
18,"Lately, I often",euc_ctx,0.99,1,14,0.99431,0.59241,1.862,1.85215,0.16067,0.61949,0.02707,0.00153,0.30096,1.55951
18,"Lately, I often",cau_ctx,0.3,0,,,,,,,,,,,
18,"Lately, I often",cau_ctx,0.5,0,,,,,,,,,,,
18,"Lately, I often",cau_ctx,0.7,0,,,,,,,,,,,
18,"Lately, I often",cau_ctx,0.9,0,,,,,,,,,,,
18,"Lately, I often",cau_ctx,0.99,0,,,,,,,,,,,
18,"Lately, I often",dua_ctx,0.3,1,38,0.30887,0.54481,0.77537,0.7617,0.02566,0.61949,0.07467,0.01139,0.07305,0.69093
18,"Lately, I often",dua_ctx,0.5,1,55,0.50142,0.51468,1.57973,1.53993,0.11156,0.61949,0.10481,0.02225,0.15325,1.40424
18,"Lately, I often",dua_ctx,0.7,1,74,0.71012,0.49388,2.73702,2.66478,0.11597,0.61949,0.12561,0.03183,0.27355,2.43163
18,"Lately, I often",dua_ctx,0.9,1,103,0.90356,0.5162,4.75958,4.64996,0.14803,0.61949,0.10329,0.02161,0.48276,4.25521
18,"Lately, I often",dua_ctx,0.99,1,150,0.99142,0.61639,7.82848,7.69385,0.12836,0.61949,0.00309,2e-05,0.76134,7.06712
18,"Lately, I often",euc_unemb,0.3,1,2,0.95463,0.3079,1.28097,1.28706,0.15232,0.61949,0.31159,0.20547,0.24928,0.82621
18,"Lately, I often",euc_unemb,0.5,1,2,0.95463,0.3079,1.28097,1.28706,0.15232,0.61949,0.31159,0.20547,0.24928,0.82621
18,"Lately, I often",euc_unemb,0.7,1,2,0.95463,0.3079,1.28097,1.28706,0.15232,0.61949,0.31159,0.20547,0.24928,0.82621
18,"Lately, I often",euc_unemb,0.9,1,2,0.95463,0.3079,1.28097,1.28706,0.15232,0.61949,0.31159,0.20547,0.24928,0.82621
18,"Lately, I often",euc_unemb,0.99,1,3,0.99969,0.57388,2.48115,2.46301,0.15517,0.61949,0.04561,0.0043,0.49688,1.97997
18,"Lately, I often",cau_unemb,0.3,1,32,0.305,0.24977,0.58212,0.59376,0.15166,0.61949,0.36971,0.30439,0.05357,0.22416
18,"Lately, I often",cau_unemb,0.5,1,37,0.52737,0.24596,0.70619,0.71739,0.13454,0.61949,0.37353,0.312,0.08793,0.30626
18,"Lately, I often",cau_unemb,0.7,1,41,0.70116,0.26567,0.78911,0.79931,0.13396,0.61949,0.35382,0.27432,0.1296,0.38519
18,"Lately, I often",cau_unemb,0.9,1,49,0.91133,0.3512,0.95236,0.95871,0.14242,0.61949,0.26829,0.14854,0.21681,0.58701
18,"Lately, I often",cau_unemb,0.99,1,62,0.991,0.49938,1.40562,1.40117,0.13082,0.61949,0.12011,0.02913,0.3108,1.06568
18,"Lately, I often",dua_unemb,0.3,1,2,0.54309,0.61805,0.24816,0.24931,0.02909,0.61949,0.00144,0.0,0.04955,0.1986
18,"Lately, I often",dua_unemb,0.5,1,2,0.54309,0.61805,0.24816,0.24931,0.02909,0.61949,0.00144,0.0,0.04955,0.1986
18,"Lately, I often",dua_unemb,0.7,1,3,0.78776,0.6329,0.54948,0.54429,0.04945,0.61949,0.01342,0.00039,0.09077,0.45832
18,"Lately, I often",dua_unemb,0.9,1,4,0.90855,0.64692,0.9717,0.95541,0.05411,0.61949,0.02744,0.00163,0.11661,0.85346
18,"Lately, I often",dua_unemb,0.99,1,6,0.99423,0.68163,2.30647,2.2583,0.06927,0.61949,0.06214,0.00863,0.14506,2.15279
18,"Lately, I often",euc_dmd,0.3,1,2,0.95176,0.2181,1.64384,1.6496,0.18471,0.61949,0.40139,0.37266,0.3366,0.93458
18,"Lately, I often",euc_dmd,0.5,1,2,0.95176,0.2181,1.64384,1.6496,0.18471,0.61949,0.40139,0.37266,0.3366,0.93458
18,"Lately, I often",euc_dmd,0.7,1,2,0.95176,0.2181,1.64384,1.6496,0.18471,0.61949,0.40139,0.37266,0.3366,0.93458
18,"Lately, I often",euc_dmd,0.9,1,2,0.95176,0.2181,1.64384,1.6496,0.18471,0.61949,0.40139,0.37266,0.3366,0.93458
18,"Lately, I often",euc_dmd,0.99,1,3,0.99952,0.48094,2.55486,2.54124,0.17089,0.61949,0.13854,0.03867,0.5591,1.9571
18,"Lately, I often",cau_dmd,0.3,1,13,0.30105,0.17206,1.03226,1.04238,0.16546,0.61949,0.44743,0.49778,0.15762,0.37686
18,"Lately, I often",cau_dmd,0.5,1,15,0.51193,0.14647,1.35364,1.36203,0.1543,0.61949,0.47301,0.58593,0.24138,0.52634
18,"Lately, I often",cau_dmd,0.7,1,17,0.71611,0.13711,1.69598,1.70159,0.15885,0.61949,0.48238,0.62271,0.36501,0.70825
18,"Lately, I often",cau_dmd,0.9,1,20,0.90188,0.13938,2.22261,2.2224,0.15881,0.61949,0.4801,0.61352,0.57261,1.03648
18,"Lately, I often",cau_dmd,0.99,1,26,0.9912,0.15036,3.30228,3.28697,0.15738,0.61949,0.46913,0.57144,0.90935,1.82149
18,"Lately, I often",dua_dmd,0.3,1,2,0.65409,0.62695,0.33022,0.33097,0.11753,0.61949,0.00746,0.00012,0.07996,0.25014
18,"Lately, I often",dua_dmd,0.5,1,2,0.65409,0.62695,0.33022,0.33097,0.11753,0.61949,0.00746,0.00012,0.07996,0.25014
18,"Lately, I often",dua_dmd,0.7,1,3,0.88297,0.6327,0.71703,0.71421,0.14122,0.61949,0.01321,0.00037,0.14787,0.56879
18,"Lately, I often",dua_dmd,0.9,1,4,0.96429,0.64278,1.21987,1.21006,0.14985,0.61949,0.02329,0.00117,0.18197,1.03673
18,"Lately, I often",dua_dmd,0.99,1,5,0.99365,0.65785,1.89657,1.87647,0.15174,0.61949,0.03836,0.00321,0.19806,1.6953
294,"In this case, The engineers generally",euc_ctx,0.3,1,6,0.42688,0.06978,0.7507,0.75532,0.10848,0.31419,0.24441,0.26369,0.03995,0.44707
294,"In this case, The engineers generally",euc_ctx,0.5,1,7,0.64123,0.07315,0.87068,0.87478,0.10845,0.31419,0.24103,0.25135,0.04726,0.57207
294,"In this case, The engineers generally",euc_ctx,0.7,1,8,0.80779,0.08909,0.95892,0.96224,0.10514,0.31419,0.2251,0.20133,0.05087,0.70672
294,"In this case, The engineers generally",euc_ctx,0.9,1,9,0.90615,0.11831,1.03963,1.04185,0.10291,0.31419,0.19588,0.13457,0.05284,0.85222
294,"In this case, The engineers generally",euc_ctx,0.99,1,12,0.99014,0.28226,1.44694,1.44339,0.07853,0.31419,0.03193,0.00246,0.06063,1.38385
294,"In this case, The engineers generally",cau_ctx,0.3,0,,,,,,,,,,,
294,"In this case, The engineers generally",cau_ctx,0.5,0,,,,,,,,,,,
294,"In this case, The engineers generally",cau_ctx,0.7,0,,,,,,,,,,,
294,"In this case, The engineers generally",cau_ctx,0.9,0,,,,,,,,,,,
294,"In this case, The engineers generally",cau_ctx,0.99,0,,,,,,,,,,,
294,"In this case, The engineers generally",dua_ctx,0.3,1,28,0.31118,0.29259,0.60619,0.60694,0.02324,0.31419,0.02159,0.00111,0.04222,0.56285
294,"In this case, The engineers generally",dua_ctx,0.5,1,40,0.51007,0.27512,1.27034,1.25932,0.03132,0.31419,0.03907,0.00372,0.0857,1.18092
294,"In this case, The engineers generally",dua_ctx,0.7,1,50,0.70081,0.2646,2.02746,2.00306,0.03514,0.31419,0.04959,0.00609,0.12709,1.89428
294,"In this case, The engineers generally",dua_ctx,0.9,1,63,0.9044,0.27077,3.35709,3.31287,0.03817,0.31419,0.04342,0.00463,0.17839,3.17407
294,"In this case, The engineers generally",dua_ctx,0.99,1,86,0.9902,0.34279,6.04617,5.96919,0.04318,0.31419,0.0286,0.00184,0.26939,5.77494
294,"In this case, The engineers generally",euc_unemb,0.3,1,2,0.9796,0.17312,1.28236,1.28183,0.09357,0.31419,0.14107,0.05898,0.15794,1.06545
294,"In this case, The engineers generally",euc_unemb,0.5,1,2,0.9796,0.17312,1.28236,1.28183,0.09357,0.31419,0.14107,0.05898,0.15794,1.06545
294,"In this case, The engineers generally",euc_unemb,0.7,1,2,0.9796,0.17312,1.28236,1.28183,0.09357,0.31419,0.14107,0.05898,0.15794,1.06545
294,"In this case, The engineers generally",euc_unemb,0.9,1,2,0.9796,0.17312,1.28236,1.28183,0.09357,0.31419,0.14107,0.05898,0.15794,1.06545
294,"In this case, The engineers generally",euc_unemb,0.99,1,3,0.99985,0.35706,3.2396,3.21633,0.09623,0.31419,0.04287,0.00408,0.3333,2.90222
294,"In this case, The engineers generally",cau_unemb,0.3,1,27,0.30174,0.09294,0.41843,0.4238,0.10247,0.31419,0.22125,0.19094,0.01641,0.21108
294,"In this case, The engineers generally",cau_unemb,0.5,1,32,0.51903,0.09216,0.50283,0.50809,0.10458,0.31419,0.22203,0.19299,0.01872,0.29112
294,"In this case, The engineers generally",cau_unemb,0.7,1,37,0.72871,0.10802,0.56518,0.56993,0.10335,0.31419,0.20617,0.15519,0.02434,0.38565
294,"In this case, The engineers generally",cau_unemb,0.9,1,44,0.90537,0.16151,0.65904,0.66224,0.0965,0.31419,0.15268,0.07122,0.03797,0.54985
294,"In this case, The engineers generally",cau_unemb,0.99,1,58,0.99161,0.34811,1.13279,1.12894,0.07402,0.31419,0.03392,0.00258,0.06782,1.06239
294,"In this case, The engineers generally",dua_unemb,0.3,1,2,0.7589,0.41443,0.40458,0.4072,0.07925,0.31419,0.10024,0.02137,0.0449,0.33831
294,"In this case, The engineers generally",dua_unemb,0.5,1,2,0.7589,0.41443,0.40458,0.4072,0.07925,0.31419,0.10024,0.02137,0.0449,0.33831
294,"In this case, The engineers generally",dua_unemb,0.7,1,2,0.7589,0.41443,0.40458,0.4072,0.07925,0.31419,0.10024,0.02137,0.0449,0.33831
294,"In this case, The engineers generally",dua_unemb,0.9,1,3,0.94226,0.45641,0.8959,0.89138,0.08628,0.31419,0.14222,0.04207,0.07174,0.78209
294,"In this case, The engineers generally",dua_unemb,0.99,1,5,0.99923,0.49544,2.47473,2.44492,0.08625,0.31419,0.18125,0.06739,0.08718,2.32015
294,"In this case, The engineers generally",euc_dmd,0.3,1,2,0.97837,0.0939,1.42254,1.41902,0.09432,0.31419,0.22029,0.18844,0.09229,1.14182
294,"In this case, The engineers generally",euc_dmd,0.5,1,2,0.97837,0.0939,1.42254,1.41902,0.09432,0.31419,0.22029,0.18844,0.09229,1.14182
294,"In this case, The engineers generally",euc_dmd,0.7,1,2,0.97837,0.0939,1.42254,1.41902,0.09432,0.31419,0.22029,0.18844,0.09229,1.14182
294,"In this case, The engineers generally",euc_dmd,0.9,1,2,0.97837,0.0939,1.42254,1.41902,0.09432,0.31419,0.22029,0.18844,0.09229,1.14182
294,"In this case, The engineers generally",euc_dmd,0.99,1,3,0.99976,0.27706,2.58085,2.56183,0.09788,0.31419,0.03713,0.00335,0.17378,2.40371
294,"In this case, The engineers generally",cau_dmd,0.3,1,12,0.38001,0.06136,0.73955,0.74288,0.1067,0.31419,0.25283,0.2979,0.04536,0.39629
294,"In this case, The engineers generally",cau_dmd,0.5,1,14,0.58748,0.06038,0.874,0.87654,0.10931,0.31419,0.25381,0.30226,0.05168,0.52006
294,"In this case, The engineers generally",cau_dmd,0.7,1,16,0.76505,0.06844,0.99438,0.99577,0.10586,0.31419,0.24575,0.26879,0.06479,0.6608
294,"In this case, The engineers generally",cau_dmd,0.9,1,19,0.91607,0.0958,1.18907,1.188,0.09566,0.31419,0.21839,0.18357,0.09368,0.91182
294,"In this case, The engineers generally",cau_dmd,0.99,1,25,0.991,0.1813,1.82888,1.81948,0.07721,0.31419,0.13289,0.05128,0.15803,1.61957
294,"In this case, The engineers generally",dua_dmd,0.3,1,2,0.84419,0.44729,0.4949,0.49665,0.03935,0.31419,0.1331,0.037,0.04371,0.41419
294,"In this case, The engineers generally",dua_dmd,0.5,1,2,0.84419,0.44729,0.4949,0.49665,0.03935,0.31419,0.1331,0.037,0.04371,0.41419
294,"In this case, The engineers generally",dua_dmd,0.7,1,2,0.84419,0.44729,0.4949,0.49665,0.03935,0.31419,0.1331,0.037,0.04371,0.41419
294,"In this case, The engineers generally",dua_dmd,0.9,1,3,0.98418,0.47445,1.14723,1.14305,0.04618,0.31419,0.16026,0.05303,0.06466,1.02954
294,"In this case, The engineers generally",dua_dmd,0.99,1,4,0.99899,0.48986,2.03155,2.01763,0.04754,0.31419,0.17567,0.0634,0.0721,1.89605
31,"In this case, Most doctors",euc_ctx,0.3,1,5,0.32921,0.06838,0.44033,0.44384,0.18369,0.25112,0.18275,0.16317,0.01024,0.26692
31,"In this case, Most doctors",euc_ctx,0.5,1,6,0.53891,0.06517,0.54961,0.55287,0.18832,0.25112,0.18595,0.17266,0.01504,0.36192
31,"In this case, Most doctors",euc_ctx,0.7,1,7,0.73469,0.07285,0.63656,0.63932,0.18998,0.25112,0.17828,0.15087,0.01918,0.46651
31,"In this case, Most doctors",euc_ctx,0.9,1,9,0.93831,0.12252,0.79256,0.79353,0.18734,0.25112,0.12861,0.06155,0.02377,0.70724
31,"In this case, Most doctors",euc_ctx,0.99,1,12,0.99446,0.27971,1.21395,1.20954,0.15109,0.25112,0.02858,0.00207,0.02768,1.1842
31,"In this case, Most doctors",cau_ctx,0.3,0,,,,,,,,,,,
31,"In this case, Most doctors",cau_ctx,0.5,0,,,,,,,,,,,
31,"In this case, Most doctors",cau_ctx,0.7,0,,,,,,,,,,,
31,"In this case, Most doctors",cau_ctx,0.9,0,,,,,,,,,,,
31,"In this case, Most doctors",cau_ctx,0.99,0,,,,,,,,,,,
31,"In this case, Most doctors",dua_ctx,0.3,1,25,0.3119,0.23879,0.34549,0.34227,0.08132,0.25112,0.01233,0.00041,0.0209,0.32418
31,"In this case, Most doctors",dua_ctx,0.5,1,37,0.51432,0.23806,0.72785,0.71236,0.13257,0.25112,0.01306,0.00046,0.04369,0.68369
31,"In this case, Most doctors",dua_ctx,0.7,1,48,0.70722,0.24161,1.1857,1.15611,0.14617,0.25112,0.00951,0.00024,0.07124,1.11421
31,"In this case, Most doctors",dua_ctx,0.9,1,61,0.90634,0.25393,1.88186,1.83511,0.15146,0.25112,0.0028,2e-05,0.10777,1.77407
31,"In this case, Most doctors",dua_ctx,0.99,1,72,0.99144,0.27717,2.71438,2.65389,0.1504,0.25112,0.02605,0.00173,0.13749,2.57516
31,"In this case, Most doctors",euc_unemb,0.3,1,1,0.3489,0.09219,0.40182,0.4081,0.15197,0.25112,0.15894,0.10752,0.03296,0.26134
31,"In this case, Most doctors",euc_unemb,0.5,1,2,0.98007,0.26717,1.2755,1.2759,0.19663,0.25112,0.01605,0.00067,0.14331,1.13152
31,"In this case, Most doctors",euc_unemb,0.7,1,2,0.98007,0.26717,1.2755,1.2759,0.19663,0.25112,0.01605,0.00067,0.14331,1.13152
31,"In this case, Most doctors",euc_unemb,0.9,1,2,0.98007,0.26717,1.2755,1.2759,0.19663,0.25112,0.01605,0.00067,0.14331,1.13152
31,"In this case, Most doctors",euc_unemb,0.99,1,3,0.99978,0.49092,3.51518,3.49337,0.21031,0.25112,0.2398,0.12071,0.28002,3.11446
31,"In this case, Most doctors",cau_unemb,0.3,1,25,0.33074,0.07931,0.31659,0.3194,0.15572,0.25112,0.17181,0.13476,0.00927,0.17257
31,"In this case, Most doctors",cau_unemb,0.5,1,30,0.54237,0.07856,0.39439,0.39682,0.1602,0.25112,0.17256,0.13653,0.01145,0.2464
31,"In this case, Most doctors",cau_unemb,0.7,1,34,0.70435,0.08723,0.44661,0.44852,0.16455,0.25112,0.16389,0.11732,0.01358,0.31571
31,"In this case, Most doctors",cau_unemb,0.9,1,42,0.90548,0.13154,0.55741,0.55751,0.16315,0.25112,0.11958,0.05144,0.01922,0.48675
31,"In this case, Most doctors",cau_unemb,0.99,1,56,0.99077,0.28493,0.96854,0.96243,0.14914,0.25112,0.03381,0.00288,0.03025,0.93541
31,"In this case, Most doctors",dua_unemb,0.3,1,2,0.58246,0.29412,0.18625,0.18852,0.03901,0.25112,0.043,0.00459,0.02103,0.16062
31,"In this case, Most doctors",dua_unemb,0.5,1,2,0.58246,0.29412,0.18625,0.18852,0.03901,0.25112,0.043,0.00459,0.02103,0.16062
31,"In this case, Most doctors",dua_unemb,0.7,1,3,0.79415,0.32758,0.39079,0.38649,0.04326,0.25112,0.07646,0.0139,0.04501,0.33187
31,"In this case, Most doctors",dua_unemb,0.9,1,4,0.90612,0.35306,0.63681,0.62346,0.05417,0.25112,0.10193,0.02402,0.06079,0.552
31,"In this case, Most doctors",dua_unemb,0.99,1,6,0.99335,0.40191,1.31342,1.27787,0.05915,0.25112,0.15078,0.05027,0.07579,1.18736
31,"In this case, Most doctors",euc_dmd,0.3,1,1,0.38386,0.0598,0.49752,0.50187,0.17565,0.25112,0.19132,0.18997,0.0165,0.29106
31,"In this case, Most doctors",euc_dmd,0.5,1,2,0.98329,0.14774,1.14453,1.14364,0.19744,0.25112,0.10339,0.03638,0.05085,1.0573
31,"In this case, Most doctors",euc_dmd,0.7,1,2,0.98329,0.14774,1.14453,1.14364,0.19744,0.25112,0.10339,0.03638,0.05085,1.0573
31,"In this case, Most doctors",euc_dmd,0.9,1,2,0.98329,0.14774,1.14453,1.14364,0.19744,0.25112,0.10339,0.03638,0.05085,1.0573
31,"In this case, Most doctors",euc_dmd,0.99,1,3,0.9998,0.37792,2.51624,2.50047,0.1944,0.25112,0.1268,0.03628,0.0953,2.38466
31,"In this case, Most doctors",cau_dmd,0.3,1,10,0.345,0.05541,0.50715,0.50966,0.18906,0.25112,0.19571,0.20562,0.01413,0.28741
31,"In this case, Most doctors",cau_dmd,0.5,1,12,0.55815,0.05158,0.63214,0.63406,0.19253,0.25112,0.19954,0.22058,0.01646,0.39511
31,"In this case, Most doctors",cau_dmd,0.7,1,14,0.7501,0.05637,0.74136,0.7424,0.1907,0.25112,0.19476,0.20209,0.02158,0.51769
31,"In this case, Most doctors",cau_dmd,0.9,1,17,0.91497,0.07791,0.90778,0.90689,0.18621,0.25112,0.17321,0.13809,0.03443,0.73525
31,"In this case, Most doctors",cau_dmd,0.99,1,23,0.9921,0.15653,1.44634,1.43873,0.13288,0.25112,0.0946,0.02963,0.06318,1.35353
31,"In this case, Most doctors",dua_dmd,0.3,1,2,0.69939,0.30875,0.23751,0.24023,0.01395,0.25112,0.05763,0.00809,0.02594,0.20349
31,"In this case, Most doctors",dua_dmd,0.5,1,2,0.69939,0.30875,0.23751,0.24023,0.01395,0.25112,0.05763,0.00809,0.02594,0.20349
31,"In this case, Most doctors",dua_dmd,0.7,1,3,0.9029,0.3435,0.50165,0.49826,0.09166,0.25112,0.09238,0.01993,0.04907,0.43265
31,"In this case, Most doctors",dua_dmd,0.9,1,3,0.9029,0.3435,0.50165,0.49826,0.09166,0.25112,0.09238,0.01993,0.04907,0.43265
31,"In this case, Most doctors",dua_dmd,0.99,1,5,0.99698,0.38637,1.23525,1.21379,0.1451,0.25112,0.13524,0.04096,0.06937,1.12491
182,Students never,euc_ctx,0.3,1,4,0.413,0.07789,0.25265,0.2545,0.02707,0.21053,0.13265,0.08674,0.01051,0.15539
182,Students never,euc_ctx,0.5,1,5,0.63044,0.08104,0.32132,0.32279,0.02678,0.21053,0.1295,0.0811,0.01289,0.22733
182,Students never,euc_ctx,0.7,1,6,0.80218,0.09837,0.38007,0.38087,0.02577,0.21053,0.11217,0.05532,0.0147,0.31004
182,Students never,euc_ctx,0.9,1,7,0.90407,0.13063,0.44612,0.44593,0.02617,0.21053,0.0799,0.02437,0.01682,0.40493
182,Students never,euc_ctx,0.99,1,10,0.99027,0.31058,0.84856,0.84276,0.04885,0.21053,0.10004,0.02512,0.0247,0.79873
182,Students never,cau_ctx,0.3,0,,,,,,,,,,,
182,Students never,cau_ctx,0.5,0,,,,,,,,,,,
182,Students never,cau_ctx,0.7,0,,,,,,,,,,,
182,Students never,cau_ctx,0.9,0,,,,,,,,,,,
182,Students never,cau_ctx,0.99,0,,,,,,,,,,,
182,Students never,dua_ctx,0.3,1,15,0.30408,0.20019,0.18123,0.18538,0.00578,0.21053,0.01034,0.00033,0.014,0.1669
182,Students never,dua_ctx,0.5,1,23,0.50325,0.19472,0.42169,0.42145,0.00976,0.21053,0.01582,0.00078,0.03143,0.38948
182,Students never,dua_ctx,0.7,1,31,0.70337,0.19273,0.77863,0.77075,0.01381,0.21053,0.0178,0.001,0.05395,0.72369
182,Students never,dua_ctx,0.9,1,44,0.90074,0.21457,1.6936,1.66673,0.04576,0.21053,0.00404,5e-05,0.09081,1.60274
182,Students never,dua_ctx,0.99,1,68,0.99084,0.29153,3.76841,3.70318,0.05155,0.21053,0.081,0.01693,0.16149,3.58999
182,Students never,euc_unemb,0.3,1,1,0.71813,0.08097,0.38361,0.38603,0.06096,0.21053,0.12956,0.08121,0.02538,0.27702
182,Students never,euc_unemb,0.5,1,1,0.71813,0.08097,0.38361,0.38603,0.06096,0.21053,0.12956,0.08121,0.02538,0.27702
182,Students never,euc_unemb,0.7,1,1,0.71813,0.08097,0.38361,0.38603,0.06096,0.21053,0.12956,0.08121,0.02538,0.27702
182,Students never,euc_unemb,0.9,1,2,0.99753,0.32725,1.404,1.39541,0.07685,0.21053,0.11672,0.03344,0.12288,1.24768
182,Students never,euc_unemb,0.99,1,2,0.99753,0.32725,1.404,1.39541,0.07685,0.21053,0.11672,0.03344,0.12288,1.24768
182,Students never,cau_unemb,0.3,1,17,0.30525,0.0944,0.13698,0.1395,0.02589,0.21053,0.11613,0.06052,0.00413,0.07233
182,Students never,cau_unemb,0.5,1,22,0.52957,0.09391,0.18865,0.19119,0.02601,0.21053,0.11662,0.06119,0.00779,0.11967
182,Students never,cau_unemb,0.7,1,26,0.70446,0.10666,0.22738,0.22966,0.02645,0.21053,0.10387,0.04558,0.01441,0.1674
182,Students never,cau_unemb,0.9,1,34,0.91376,0.17235,0.3385,0.33933,0.0239,0.21053,0.03818,0.00484,0.03575,0.2979
182,Students never,cau_unemb,0.99,1,47,0.99145,0.37214,0.81304,0.80784,0.05619,0.21053,0.1616,0.06089,0.07099,0.68116
182,Students never,dua_unemb,0.3,1,1,0.44836,0.24743,0.08698,0.09112,0.01065,0.21053,0.0369,0.00379,0.00441,0.07877
182,Students never,dua_unemb,0.5,1,2,0.93524,0.39648,0.54447,0.54448,0.05017,0.21053,0.18595,0.07877,0.02405,0.44165
182,Students never,dua_unemb,0.7,1,2,0.93524,0.39648,0.54447,0.54448,0.05017,0.21053,0.18595,0.07877,0.02405,0.44165
182,Students never,dua_unemb,0.9,1,2,0.93524,0.39648,0.54447,0.54448,0.05017,0.21053,0.18595,0.07877,0.02405,0.44165
182,Students never,dua_unemb,0.99,1,3,0.99652,0.44729,1.09678,1.08663,0.05667,0.21053,0.23675,0.12281,0.0279,0.94607
182,Students never,euc_dmd,0.3,1,1,0.71308,0.05778,0.44798,0.44747,0.03198,0.21053,0.15275,0.13257,0.01933,0.29608
182,Students never,euc_dmd,0.5,1,1,0.71308,0.05778,0.44798,0.44747,0.03198,0.21053,0.15275,0.13257,0.01933,0.29608
182,Students never,euc_dmd,0.7,1,1,0.71308,0.05778,0.44798,0.44747,0.03198,0.21053,0.15275,0.13257,0.01933,0.29608
182,Students never,euc_dmd,0.9,1,2,0.9966,0.21485,1.12292,1.11269,0.07338,0.21053,0.00432,6e-05,0.08742,1.03544
182,Students never,euc_dmd,0.99,1,2,0.9966,0.21485,1.12292,1.11269,0.07338,0.21053,0.00432,6e-05,0.08742,1.03544
182,Students never,cau_dmd,0.3,1,8,0.39398,0.07073,0.25588,0.25674,0.02775,0.21053,0.13981,0.10093,0.01327,0.14167
182,Students never,cau_dmd,0.5,1,9,0.50195,0.06924,0.29788,0.29844,0.02676,0.21053,0.1413,0.10415,0.01654,0.17719
182,Students never,cau_dmd,0.7,1,11,0.70562,0.07499,0.38154,0.38123,0.02594,0.21053,0.13554,0.09224,0.02815,0.26115
182,Students never,cau_dmd,0.9,1,15,0.92841,0.11909,0.59659,0.59336,0.04468,0.21053,0.09145,0.03343,0.06875,0.49441
182,Students never,cau_dmd,0.99,1,21,0.99317,0.23555,1.2341,1.22261,0.05452,0.21053,0.02502,0.00178,0.13674,1.09558
182,Students never,dua_dmd,0.3,1,1,0.49207,0.24972,0.09436,0.09812,0.01017,0.21053,0.03918,0.00425,0.00542,0.08468
182,Students never,dua_dmd,0.5,1,2,0.96451,0.40596,0.58933,0.58924,0.05561,0.21053,0.19542,0.08629,0.02398,0.47905
182,Students never,dua_dmd,0.7,1,2,0.96451,0.40596,0.58933,0.58924,0.05561,0.21053,0.19542,0.08629,0.02398,0.47905
182,Students never,dua_dmd,0.9,1,2,0.96451,0.40596,0.58933,0.58924,0.05561,0.21053,0.19542,0.08629,0.02398,0.47905
182,Students never,dua_dmd,0.99,1,3,0.99771,0.43708,1.1113,1.104,0.05911,0.21053,0.22655,0.11323,0.03023,0.96784
153,"Over time, Farmers typically",euc_ctx,0.3,1,5,0.37137,0.25912,0.49377,0.50555,0.06965,0.43381,0.17469,0.0713,0.03404,0.38843
153,"Over time, Farmers typically",euc_ctx,0.5,1,6,0.58812,0.26651,0.66879,0.68052,0.07527,0.43381,0.1673,0.06478,0.03824,0.56577
153,"Over time, Farmers typically",euc_ctx,0.7,1,7,0.77245,0.30019,0.85647,0.86719,0.06816,0.43381,0.13362,0.03976,0.03921,0.7775
153,"Over time, Farmers typically",euc_ctx,0.9,1,9,0.94773,0.41147,1.3502,1.3562,0.03506,0.43381,0.02234,0.00103,0.0413,1.30788
153,"Over time, Farmers typically",euc_ctx,0.99,1,12,0.99482,0.55029,2.43139,2.4258,0.03996,0.43381,0.11648,0.02723,0.0503,2.35386
153,"Over time, Farmers typically",cau_ctx,0.3,0,,,,,,,,,,,
153,"Over time, Farmers typically",cau_ctx,0.5,0,,,,,,,,,,,
153,"Over time, Farmers typically",cau_ctx,0.7,0,,,,,,,,,,,
153,"Over time, Farmers typically",cau_ctx,0.9,0,,,,,,,,,,,
153,"Over time, Farmers typically",cau_ctx,0.99,0,,,,,,,,,,,
153,"Over time, Farmers typically",dua_ctx,0.3,1,35,0.30106,0.41574,1.03953,1.04096,0.06046,0.43381,0.01807,0.00067,0.07262,0.96624
153,"Over time, Farmers typically",dua_ctx,0.5,1,52,0.50762,0.39232,2.43998,2.42457,0.04866,0.43381,0.04149,0.00357,0.1791,2.25731
153,"Over time, Farmers typically",dua_ctx,0.7,1,67,0.70648,0.38233,4.27844,4.24239,0.0526,0.43381,0.05148,0.00553,0.2942,3.97871
153,"Over time, Farmers typically",dua_ctx,0.9,1,88,0.90374,0.39652,7.6503,7.5834,0.04476,0.43381,0.03729,0.00288,0.45662,7.1908
153,"Over time, Farmers typically",dua_ctx,0.99,1,109,0.9915,0.44078,10.11331,10.01946,0.04863,0.43381,0.00697,0.0001,0.63882,9.47439
153,"Over time, Farmers typically",euc_unemb,0.3,1,1,0.48831,0.21625,0.47536,0.48697,0.07448,0.43381,0.21756,0.1179,0.04439,0.31307
153,"Over time, Farmers typically",euc_unemb,0.5,1,2,0.99407,0.41678,1.99042,1.98745,0.09452,0.43381,0.01703,0.00059,0.23243,1.75739
153,"Over time, Farmers typically",euc_unemb,0.7,1,2,0.99407,0.41678,1.99042,1.98745,0.09452,0.43381,0.01703,0.00059,0.23243,1.75739
153,"Over time, Farmers typically",euc_unemb,0.9,1,2,0.99407,0.41678,1.99042,1.98745,0.09452,0.43381,0.01703,0.00059,0.23243,1.75739
153,"Over time, Farmers typically",euc_unemb,0.99,1,2,0.99407,0.41678,1.99042,1.98745,0.09452,0.43381,0.01703,0.00059,0.23243,1.75739
153,"Over time, Farmers typically",cau_unemb,0.3,1,23,0.30149,0.24744,0.27855,0.28767,0.05938,0.43381,0.18637,0.08245,0.01412,0.18197
153,"Over time, Farmers typically",cau_unemb,0.5,1,28,0.52197,0.25214,0.38168,0.391,0.06011,0.43381,0.18167,0.07783,0.01978,0.28407
153,"Over time, Farmers typically",cau_unemb,0.7,1,33,0.73385,0.28707,0.50356,0.51206,0.06693,0.43381,0.14674,0.04863,0.03486,0.42007
153,"Over time, Farmers typically",cau_unemb,0.9,1,40,0.90947,0.37275,0.76065,0.76611,0.06749,0.43381,0.06106,0.00782,0.06973,0.6831
153,"Over time, Farmers typically",cau_unemb,0.99,1,53,0.99093,0.51785,1.58596,1.58092,0.06381,0.43381,0.08404,0.01416,0.13916,1.43265
153,"Over time, Farmers typically",dua_unemb,0.3,1,2,0.75567,0.48465,0.44077,0.44328,0.05732,0.43381,0.05084,0.00519,0.02735,0.40824
153,"Over time, Farmers typically",dua_unemb,0.5,1,2,0.75567,0.48465,0.44077,0.44328,0.05732,0.43381,0.05084,0.00519,0.02735,0.40824
153,"Over time, Farmers typically",dua_unemb,0.7,1,2,0.75567,0.48465,0.44077,0.44328,0.05732,0.43381,0.05084,0.00519,0.02735,0.40824
153,"Over time, Farmers typically",dua_unemb,0.9,1,3,0.95091,0.52616,1.0128,1.00965,0.04949,0.43381,0.09235,0.01709,0.0493,0.94641
153,"Over time, Farmers typically",dua_unemb,0.99,1,4,0.99629,0.54701,2.04204,2.03005,0.05033,0.43381,0.1132,0.02571,0.06296,1.95337
153,"Over time, Farmers typically",euc_dmd,0.3,1,1,0.45332,0.19785,0.53259,0.54349,0.07357,0.43381,0.23596,0.14334,0.03485,0.3544
153,"Over time, Farmers typically",euc_dmd,0.5,1,2,0.99033,0.38898,1.7834,1.78282,0.0883,0.43381,0.04483,0.00418,0.15437,1.62486
153,"Over time, Farmers typically",euc_dmd,0.7,1,2,0.99033,0.38898,1.7834,1.78282,0.0883,0.43381,0.04483,0.00418,0.15437,1.62486
153,"Over time, Farmers typically",euc_dmd,0.9,1,2,0.99033,0.38898,1.7834,1.78282,0.0883,0.43381,0.04483,0.00418,0.15437,1.62486
153,"Over time, Farmers typically",euc_dmd,0.99,1,2,0.99033,0.38898,1.7834,1.78282,0.0883,0.43381,0.04483,0.00418,0.15437,1.62486
153,"Over time, Farmers typically",cau_dmd,0.3,1,11,0.39262,0.22829,0.42743,0.43666,0.06948,0.43381,0.20552,0.10317,0.03466,0.28961
153,"Over time, Farmers typically",cau_dmd,0.5,1,13,0.59566,0.24032,0.54664,0.5556,0.05716,0.43381,0.19349,0.08978,0.04517,0.41169
153,"Over time, Farmers typically",cau_dmd,0.7,1,15,0.76868,0.27532,0.68786,0.69574,0.05976,0.43381,0.15849,0.05751,0.06837,0.56198
153,"Over time, Farmers typically",cau_dmd,0.9,1,18,0.91687,0.35602,0.98316,0.98782,0.0386,0.43381,0.07779,0.01284,0.11919,0.85113
153,"Over time, Farmers typically",cau_dmd,0.99,1,24,0.9912,0.49833,1.92739,1.92089,0.03884,0.43381,0.06452,0.00835,0.22953,1.6895
153,"Over time, Farmers typically",dua_dmd,0.3,1,2,0.74141,0.47332,0.43265,0.43577,0.03042,0.43381,0.03951,0.00314,0.02931,0.4002
153,"Over time, Farmers typically",dua_dmd,0.5,1,2,0.74141,0.47332,0.43265,0.43577,0.03042,0.43381,0.03951,0.00314,0.02931,0.4002
153,"Over time, Farmers typically",dua_dmd,0.7,1,2,0.74141,0.47332,0.43265,0.43577,0.03042,0.43381,0.03951,0.00314,0.02931,0.4002
153,"Over time, Farmers typically",dua_dmd,0.9,1,3,0.91088,0.48977,0.91549,0.91594,0.03109,0.43381,0.05596,0.00629,0.05199,0.85721
153,"Over time, Farmers typically",dua_dmd,0.99,1,5,0.99316,0.51374,2.65656,2.6471,0.03277,0.43381,0.07993,0.0128,0.08692,2.55684
281,"Today, Most doctors now",euc_ctx,0.3,1,6,0.4021,0.33495,0.56602,0.57996,0.04218,0.57196,0.237,0.11743,0.03427,0.41432
281,"Today, Most doctors now",euc_ctx,0.5,1,7,0.63562,0.34377,0.73708,0.75023,0.14765,0.57196,0.22819,0.10828,0.04919,0.57961
281,"Today, Most doctors now",euc_ctx,0.7,1,8,0.8179,0.38493,0.90787,0.91904,0.15106,0.57196,0.18702,0.07132,0.06241,0.77414
281,"Today, Most doctors now",euc_ctx,0.9,1,9,0.91971,0.44413,1.10289,1.11101,0.15286,0.57196,0.12783,0.03282,0.07159,0.99847
281,"Today, Most doctors now",euc_ctx,0.99,1,12,0.99429,0.59716,1.93047,1.92533,0.15514,0.57196,0.0252,0.00131,0.08844,1.84071
281,"Today, Most doctors now",cau_ctx,0.3,0,,,,,,,,,,,
281,"Today, Most doctors now",cau_ctx,0.5,0,,,,,,,,,,,
281,"Today, Most doctors now",cau_ctx,0.7,0,,,,,,,,,,,
281,"Today, Most doctors now",cau_ctx,0.9,0,,,,,,,,,,,
281,"Today, Most doctors now",cau_ctx,0.99,0,,,,,,,,,,,
281,"Today, Most doctors now",dua_ctx,0.3,1,44,0.30685,0.52007,1.26951,1.25139,0.01592,0.57196,0.05189,0.00542,0.10312,1.16096
281,"Today, Most doctors now",dua_ctx,0.5,1,64,0.50879,0.48399,2.73673,2.68627,0.0322,0.57196,0.08796,0.01551,0.20904,2.51218
281,"Today, Most doctors now",dua_ctx,0.7,1,81,0.70826,0.45942,4.4978,4.42178,0.04478,0.57196,0.11254,0.0254,0.32507,4.14734
281,"Today, Most doctors now",dua_ctx,0.9,1,99,0.90288,0.45226,6.68927,6.59121,0.05839,0.57196,0.1197,0.02875,0.47114,6.18938
281,"Today, Most doctors now",dua_ctx,0.99,1,113,0.9906,0.46548,8.38337,8.27121,0.14195,0.57196,0.10648,0.02273,0.58815,7.77248
281,"Today, Most doctors now",euc_unemb,0.3,1,2,0.97659,0.44734,1.21468,1.21344,0.13182,0.57196,0.12462,0.03118,0.2246,0.9589
281,"Today, Most doctors now",euc_unemb,0.5,1,2,0.97659,0.44734,1.21468,1.21344,0.13182,0.57196,0.12462,0.03118,0.2246,0.9589
281,"Today, Most doctors now",euc_unemb,0.7,1,2,0.97659,0.44734,1.21468,1.21344,0.13182,0.57196,0.12462,0.03118,0.2246,0.9589
281,"Today, Most doctors now",euc_unemb,0.9,1,2,0.97659,0.44734,1.21468,1.21344,0.13182,0.57196,0.12462,0.03118,0.2246,0.9589
281,"Today, Most doctors now",euc_unemb,0.99,1,3,0.99984,0.47727,3.21103,3.17753,0.14735,0.57196,0.09469,0.01797,0.47751,2.71554
281,"Today, Most doctors now",cau_unemb,0.3,1,28,0.30341,0.31847,0.33061,0.34211,0.13417,0.57196,0.25349,0.13581,0.0214,0.17339
281,"Today, Most doctors now",cau_unemb,0.5,1,33,0.53016,0.32574,0.40872,0.42009,0.13613,0.57196,0.24622,0.12749,0.0234,0.25783
281,"Today, Most doctors now",cau_unemb,0.7,1,37,0.70686,0.35779,0.46866,0.47907,0.06305,0.57196,0.21417,0.09466,0.02946,0.34454
281,"Today, Most doctors now",cau_unemb,0.9,1,44,0.90059,0.45245,0.62519,0.632,0.03757,0.57196,0.11951,0.02866,0.04891,0.54762
281,"Today, Most doctors now",cau_unemb,0.99,1,57,0.99043,0.60884,1.21545,1.21052,0.05837,0.57196,0.03689,0.00283,0.08901,1.12362
281,"Today, Most doctors now",dua_unemb,0.3,1,2,0.49095,0.55866,0.23348,0.23735,0.02999,0.57196,0.0133,0.00036,0.0369,0.19622
281,"Today, Most doctors now",dua_unemb,0.5,1,3,0.71908,0.57191,0.52423,0.52083,0.04008,0.57196,5e-05,0.0,0.08615,0.43808
281,"Today, Most doctors now",dua_unemb,0.7,1,3,0.71908,0.57191,0.52423,0.52083,0.04008,0.57196,5e-05,0.0,0.08615,0.43808
281,"Today, Most doctors now",dua_unemb,0.9,1,5,0.90435,0.58222,1.45498,1.42549,0.06951,0.57196,0.01027,0.00022,0.15008,1.30469
281,"Today, Most doctors now",dua_unemb,0.99,1,8,0.99559,0.59382,4.02774,3.94129,0.07783,0.57196,0.02187,0.00099,0.22516,3.8016
281,"Today, Most doctors now",euc_dmd,0.3,1,2,0.98083,0.45711,1.1048,1.10879,0.13771,0.57196,0.11485,0.02646,0.12611,0.95223
281,"Today, Most doctors now",euc_dmd,0.5,1,2,0.98083,0.45711,1.1048,1.10879,0.13771,0.57196,0.11485,0.02646,0.12611,0.95223
281,"Today, Most doctors now",euc_dmd,0.7,1,2,0.98083,0.45711,1.1048,1.10879,0.13771,0.57196,0.11485,0.02646,0.12611,0.95223
281,"Today, Most doctors now",euc_dmd,0.9,1,2,0.98083,0.45711,1.1048,1.10879,0.13771,0.57196,0.11485,0.02646,0.12611,0.95223
281,"Today, Most doctors now",euc_dmd,0.99,1,3,0.99986,0.53867,2.80276,2.77954,0.1241,0.57196,0.03329,0.00224,0.24121,2.55931
281,"Today, Most doctors now",cau_dmd,0.3,1,12,0.37978,0.27149,0.51546,0.52919,0.13951,0.57196,0.30046,0.19856,0.0662,0.25071
281,"Today, Most doctors now",cau_dmd,0.5,1,14,0.60443,0.28325,0.62307,0.63654,0.15571,0.57196,0.28871,0.18128,0.08508,0.35671
281,"Today, Most doctors now",cau_dmd,0.7,1,15,0.70595,0.30061,0.677,0.68994,0.12451,0.57196,0.27135,0.15776,0.09936,0.41989
281,"Today, Most doctors now",cau_dmd,0.9,1,18,0.90096,0.38198,0.88682,0.8965,0.11193,0.57196,0.18998,0.07368,0.15403,0.65911
281,"Today, Most doctors now",cau_dmd,0.99,1,24,0.99151,0.51588,1.66806,1.66529,0.12185,0.57196,0.05607,0.00632,0.2686,1.39314
281,"Today, Most doctors now",dua_dmd,0.3,1,2,0.618,0.574,0.32244,0.32809,0.01902,0.57196,0.00204,1e-05,0.06779,0.25464
281,"Today, Most doctors now",dua_dmd,0.5,1,2,0.618,0.574,0.32244,0.32809,0.01902,0.57196,0.00204,1e-05,0.06779,0.25464
281,"Today, Most doctors now",dua_dmd,0.7,1,3,0.86114,0.58134,0.74469,0.74585,0.11485,0.57196,0.00938,0.00018,0.13696,0.60755
281,"Today, Most doctors now",dua_dmd,0.9,1,4,0.9475,0.5876,1.27811,1.27092,0.12371,0.57196,0.01564,0.0005,0.17385,1.10375
281,"Today, Most doctors now",dua_dmd,0.99,1,6,0.99835,0.60288,2.90483,2.87201,0.04741,0.57196,0.03093,0.00198,0.21527,2.68757
213,Parents still,euc_ctx,0.3,1,5,0.41335,0.21199,0.40385,0.41192,0.04657,0.43426,0.22227,0.12394,0.01662,0.26329
213,Parents still,euc_ctx,0.5,1,6,0.61299,0.21528,0.51252,0.52055,0.04742,0.43426,0.21899,0.11962,0.02361,0.36929
213,Parents still,euc_ctx,0.7,1,7,0.77994,0.24076,0.61149,0.6189,0.04769,0.43426,0.1935,0.08972,0.03015,0.49162
213,Parents still,euc_ctx,0.9,1,9,0.94573,0.33992,0.84954,0.85402,0.02694,0.43426,0.09435,0.01912,0.03928,0.79114
213,Parents still,euc_ctx,0.99,1,12,0.9944,0.50409,1.46578,1.46217,0.02515,0.43426,0.06983,0.00978,0.04937,1.40663
213,Parents still,cau_ctx,0.3,0,,,,,,,,,,,
213,Parents still,cau_ctx,0.5,0,,,,,,,,,,,
213,Parents still,cau_ctx,0.7,0,,,,,,,,,,,
213,Parents still,cau_ctx,0.9,0,,,,,,,,,,,
213,Parents still,cau_ctx,0.99,0,,,,,,,,,,,
213,Parents still,dua_ctx,0.3,1,35,0.30943,0.39979,0.78872,0.78658,0.01816,0.43426,0.03447,0.00245,0.05258,0.73368
213,Parents still,dua_ctx,0.5,1,51,0.50023,0.37382,1.72414,1.70771,0.02095,0.43426,0.06045,0.00766,0.11379,1.60269
213,Parents still,dua_ctx,0.7,1,66,0.70555,0.35734,2.91064,2.87653,0.02648,0.43426,0.07692,0.01254,0.18656,2.71154
213,Parents still,dua_ctx,0.9,1,82,0.9056,0.35638,4.45106,4.39633,0.04025,0.43426,0.07788,0.01286,0.27968,4.15852
213,Parents still,dua_ctx,0.99,1,99,0.99001,0.38945,6.27034,6.19443,0.03385,0.43426,0.04482,0.00417,0.37282,5.89335
213,Parents still,euc_unemb,0.3,1,1,0.4348,0.22049,0.36,0.36914,0.08415,0.43426,0.21378,0.11301,0.03611,0.21087
213,Parents still,euc_unemb,0.5,1,2,0.98192,0.4016,1.26338,1.26398,0.11555,0.43426,0.03267,0.0022,0.16902,1.09216
213,Parents still,euc_unemb,0.7,1,2,0.98192,0.4016,1.26338,1.26398,0.11555,0.43426,0.03267,0.0022,0.16902,1.09216
213,Parents still,euc_unemb,0.9,1,2,0.98192,0.4016,1.26338,1.26398,0.11555,0.43426,0.03267,0.0022,0.16902,1.09216
213,Parents still,euc_unemb,0.99,1,3,0.99975,0.47509,3.19865,3.17681,0.09536,0.43426,0.04083,0.00336,0.36014,2.83516
213,Parents still,cau_unemb,0.3,1,23,0.32394,0.24163,0.21759,0.22416,0.08445,0.43426,0.19264,0.0888,0.01284,0.11595
213,Parents still,cau_unemb,0.5,1,28,0.51656,0.24361,0.28137,0.28805,0.0269,0.43426,0.19066,0.08674,0.01667,0.17796
213,Parents still,cau_unemb,0.7,1,33,0.70388,0.26988,0.34485,0.35099,0.02627,0.43426,0.16439,0.06226,0.02386,0.25872
213,Parents still,cau_unemb,0.9,1,42,0.90868,0.3659,0.52225,0.52553,0.02308,0.43426,0.06836,0.00985,0.04571,0.46669
213,Parents still,cau_unemb,0.99,1,57,0.99061,0.53122,1.15878,1.15239,0.03415,0.43426,0.09696,0.01884,0.08718,1.05276
213,Parents still,dua_unemb,0.3,1,2,0.66146,0.47752,0.32159,0.32438,0.07224,0.43426,0.04325,0.00376,0.03922,0.27861
213,Parents still,dua_unemb,0.5,1,2,0.66146,0.47752,0.32159,0.32438,0.07224,0.43426,0.04325,0.00376,0.03922,0.27861
213,Parents still,dua_unemb,0.7,1,3,0.86079,0.51039,0.691,0.68897,0.07672,0.43426,0.07613,0.01162,0.0713,0.60808
213,Parents still,dua_unemb,0.9,1,4,0.94117,0.53176,1.18064,1.17148,0.079,0.43426,0.0975,0.01905,0.08876,1.07283
213,Parents still,dua_unemb,0.99,1,6,0.99467,0.56742,2.6012,2.57272,0.07999,0.43426,0.13315,0.03568,0.10449,2.46104
213,Parents still,euc_dmd,0.3,1,1,0.45382,0.18411,0.42611,0.43436,0.07897,0.43426,0.25015,0.1655,0.02344,0.23716
213,Parents still,euc_dmd,0.5,1,2,0.98249,0.34132,1.13009,1.13122,0.02732,0.43426,0.09294,0.01853,0.09577,1.01578
213,Parents still,euc_dmd,0.7,1,2,0.98249,0.34132,1.13009,1.13122,0.02732,0.43426,0.09294,0.01853,0.09577,1.01578
213,Parents still,euc_dmd,0.9,1,2,0.98249,0.34132,1.13009,1.13122,0.02732,0.43426,0.09294,0.01853,0.09577,1.01578
213,Parents still,euc_dmd,0.99,1,3,0.99971,0.47261,2.64743,2.62991,0.09607,0.43426,0.03835,0.00296,0.20193,2.44254
213,Parents still,cau_dmd,0.3,1,10,0.38601,0.19798,0.36105,0.36772,0.08563,0.43426,0.23629,0.14367,0.02876,0.18862
213,Parents still,cau_dmd,0.5,1,12,0.57719,0.19923,0.45074,0.45724,0.05023,0.43426,0.23503,0.14181,0.03801,0.27092
213,Parents still,cau_dmd,0.7,1,14,0.74605,0.22021,0.53866,0.54444,0.05423,0.43426,0.21405,0.11335,0.05456,0.37075
213,Parents still,cau_dmd,0.9,1,17,0.90109,0.28062,0.70446,0.70804,0.04816,0.43426,0.15364,0.05369,0.09055,0.56022
213,Parents still,cau_dmd,0.99,1,24,0.99152,0.44082,1.42909,1.42265,0.04778,0.43426,0.00656,9e-05,0.18685,1.24215
213,Parents still,dua_dmd,0.3,1,2,0.81194,0.50522,0.46009,0.46169,0.01856,0.43426,0.07095,0.01009,0.0573,0.39269
213,Parents still,dua_dmd,0.5,1,2,0.81194,0.50522,0.46009,0.46169,0.01856,0.43426,0.07095,0.01009,0.0573,0.39269
213,Parents still,dua_dmd,0.7,1,2,0.81194,0.50522,0.46009,0.46169,0.01856,0.43426,0.07095,0.01009,0.0573,0.39269
213,Parents still,dua_dmd,0.9,1,3,0.96547,0.52766,1.00922,1.00648,0.02107,0.43426,0.0934,0.01748,0.08579,0.90595
213,Parents still,dua_dmd,0.99,1,4,0.99488,0.54562,1.70848,1.69959,0.02169,0.43426,0.11136,0.02488,0.09478,1.58883
157,"At home, Most doctors still",euc_ctx,0.3,1,6,0.41633,0.24015,0.66292,0.67579,0.08668,0.47687,0.23673,0.13185,0.03251,0.49856
157,"At home, Most doctors still",euc_ctx,0.5,1,7,0.63804,0.24913,0.84087,0.85324,0.08885,0.47687,0.22774,0.12056,0.03882,0.68149
157,"At home, Most doctors still",euc_ctx,0.7,1,8,0.81153,0.28521,1.01601,1.02698,0.06445,0.47687,0.19166,0.08182,0.04259,0.89159
157,"At home, Most doctors still",euc_ctx,0.9,1,9,0.91204,0.34006,1.21461,1.22335,0.06383,0.47687,0.13681,0.03971,0.04505,1.12986
157,"At home, Most doctors still",euc_ctx,0.99,1,12,0.99233,0.50951,2.07841,2.07644,0.06416,0.47687,0.03263,0.00213,0.05353,2.02275
157,"At home, Most doctors still",cau_ctx,0.3,0,,,,,,,,,,,
157,"At home, Most doctors still",cau_ctx,0.5,0,,,,,,,,,,,
157,"At home, Most doctors still",cau_ctx,0.7,0,,,,,,,,,,,
157,"At home, Most doctors still",cau_ctx,0.9,0,,,,,,,,,,,
157,"At home, Most doctors still",cau_ctx,0.99,0,,,,,,,,,,,
157,"At home, Most doctors still",dua_ctx,0.3,1,41,0.30779,0.43971,1.18912,1.18069,0.02255,0.47687,0.03717,0.00279,0.08998,1.09635
157,"At home, Most doctors still",dua_ctx,0.5,1,60,0.51184,0.40952,2.6833,2.65001,0.03813,0.47687,0.06736,0.00925,0.20128,2.47277
157,"At home, Most doctors still",dua_ctx,0.7,1,74,0.70289,0.39455,4.32378,4.26906,0.05709,0.47687,0.08232,0.01391,0.30416,4.0057
157,"At home, Most doctors still",dua_ctx,0.9,1,91,0.90493,0.39649,6.69016,6.6112,0.06718,0.47687,0.08039,0.01326,0.44681,6.23009
157,"At home, Most doctors still",dua_ctx,0.99,1,115,0.99071,0.44849,10.03109,9.92309,0.06803,0.47687,0.02839,0.00162,0.61777,9.4117
157,"At home, Most doctors still",euc_unemb,0.3,1,2,0.98134,0.37893,1.41143,1.41339,0.11024,0.47687,0.09795,0.01986,0.23862,1.15295
157,"At home, Most doctors still",euc_unemb,0.5,1,2,0.98134,0.37893,1.41143,1.41339,0.11024,0.47687,0.09795,0.01986,0.23862,1.15295
157,"At home, Most doctors still",euc_unemb,0.7,1,2,0.98134,0.37893,1.41143,1.41339,0.11024,0.47687,0.09795,0.01986,0.23862,1.15295
157,"At home, Most doctors still",euc_unemb,0.9,1,2,0.98134,0.37893,1.41143,1.41339,0.11024,0.47687,0.09795,0.01986,0.23862,1.15295
157,"At home, Most doctors still",euc_unemb,0.99,1,3,0.99987,0.47605,3.56726,3.54159,0.1219,0.47687,0.00082,0.0,0.4743,3.09296
157,"At home, Most doctors still",cau_unemb,0.3,1,28,0.33405,0.23024,0.4057,0.41597,0.08848,0.47687,0.24664,0.14517,0.02527,0.23527
157,"At home, Most doctors still",cau_unemb,0.5,1,32,0.51286,0.23357,0.48793,0.49814,0.09783,0.47687,0.24331,0.14059,0.0301,0.31724
157,"At home, Most doctors still",cau_unemb,0.7,1,37,0.72614,0.26515,0.5886,0.59792,0.09744,0.47687,0.21173,0.10213,0.04285,0.44362
157,"At home, Most doctors still",cau_unemb,0.9,1,44,0.90561,0.3507,0.78159,0.78798,0.10363,0.47687,0.12618,0.03352,0.07305,0.67502
157,"At home, Most doctors still",cau_unemb,0.99,1,57,0.99026,0.51763,1.44988,1.44617,0.10048,0.47687,0.04076,0.00332,0.13391,1.31265
157,"At home, Most doctors still",dua_unemb,0.3,1,2,0.64301,0.51549,0.32843,0.33067,0.09872,0.47687,0.03862,0.00298,0.0493,0.27614
157,"At home, Most doctors still",dua_unemb,0.5,1,2,0.64301,0.51549,0.32843,0.33067,0.09872,0.47687,0.03862,0.00298,0.0493,0.27614
157,"At home, Most doctors still",dua_unemb,0.7,1,3,0.86991,0.54221,0.74156,0.73712,0.11564,0.47687,0.06533,0.00856,0.09195,0.64105
157,"At home, Most doctors still",dua_unemb,0.9,1,4,0.95441,0.55449,1.32584,1.31084,0.12224,0.47687,0.07761,0.0121,0.12037,1.19337
157,"At home, Most doctors still",dua_unemb,0.99,1,6,0.99806,0.56237,3.39766,3.35149,0.11988,0.47687,0.08549,0.01471,0.16316,3.21979
157,"At home, Most doctors still",euc_dmd,0.3,1,2,0.98059,0.32231,1.4481,1.45258,0.10008,0.47687,0.15456,0.05139,0.14298,1.25373
157,"At home, Most doctors still",euc_dmd,0.5,1,2,0.98059,0.32231,1.4481,1.45258,0.10008,0.47687,0.15456,0.05139,0.14298,1.25373
157,"At home, Most doctors still",euc_dmd,0.7,1,2,0.98059,0.32231,1.4481,1.45258,0.10008,0.47687,0.15456,0.05139,0.14298,1.25373
157,"At home, Most doctors still",euc_dmd,0.9,1,2,0.98059,0.32231,1.4481,1.45258,0.10008,0.47687,0.15456,0.05139,0.14298,1.25373
157,"At home, Most doctors still",euc_dmd,0.99,1,3,0.99983,0.48431,3.25525,3.23705,0.11702,0.47687,0.00743,0.00011,0.28122,2.97392
157,"At home, Most doctors still",cau_dmd,0.3,1,12,0.37005,0.19853,0.614,0.62556,0.10792,0.47687,0.27834,0.19471,0.05392,0.36537
157,"At home, Most doctors still",cau_dmd,0.5,1,14,0.58221,0.2018,0.75273,0.76398,0.10347,0.47687,0.27507,0.18906,0.05993,0.50375
157,"At home, Most doctors still",cau_dmd,0.7,1,16,0.7655,0.22743,0.89586,0.906,0.06906,0.47687,0.24944,0.14911,0.07748,0.66927
157,"At home, Most doctors still",cau_dmd,0.9,1,19,0.91943,0.29429,1.17418,1.1811,0.06628,0.47687,0.18258,0.07357,0.12315,0.97747
157,"At home, Most doctors still",cau_dmd,0.99,1,25,0.99218,0.41726,2.07693,2.0726,0.0668,0.47687,0.05961,0.00723,0.23064,1.83906
157,"At home, Most doctors still",dua_dmd,0.3,1,2,0.77005,0.54191,0.45906,0.46126,0.05213,0.47687,0.06503,0.00848,0.06494,0.38563
157,"At home, Most doctors still",dua_dmd,0.5,1,2,0.77005,0.54191,0.45906,0.46126,0.05213,0.47687,0.06503,0.00848,0.06494,0.38563
157,"At home, Most doctors still",dua_dmd,0.7,1,2,0.77005,0.54191,0.45906,0.46126,0.05213,0.47687,0.06503,0.00848,0.06494,0.38563
157,"At home, Most doctors still",dua_dmd,0.9,1,3,0.9641,0.55476,1.10827,1.10657,0.0649,0.47687,0.07788,0.01219,0.10636,0.98972
157,"At home, Most doctors still",dua_dmd,0.99,1,4,0.99689,0.56374,2.05459,2.04514,0.06772,0.47687,0.08687,0.01519,0.12289,1.9165
39,"At work, Students now",euc_ctx,0.3,1,6,0.37401,0.36413,0.43043,0.44415,0.02503,0.6066,0.24246,0.12068,0.0283,0.28145
39,"At work, Students now",euc_ctx,0.5,1,7,0.57916,0.36883,0.53743,0.55105,0.02613,0.6066,0.23777,0.11582,0.03373,0.38787
39,"At work, Students now",euc_ctx,0.7,1,8,0.75904,0.40203,0.63546,0.64803,0.02647,0.6066,0.20456,0.08479,0.03752,0.51315
39,"At work, Students now",euc_ctx,0.9,1,10,0.94149,0.51385,0.88485,0.89277,0.02054,0.6066,0.09274,0.01738,0.04201,0.82546
39,"At work, Students now",euc_ctx,0.99,1,13,0.99413,0.64848,1.50306,1.49989,0.02127,0.6066,0.04188,0.00378,0.04871,1.45057
39,"At work, Students now",cau_ctx,0.3,0,,,,,,,,,,,
39,"At work, Students now",cau_ctx,0.5,0,,,,,,,,,,,
39,"At work, Students now",cau_ctx,0.7,0,,,,,,,,,,,
39,"At work, Students now",cau_ctx,0.9,0,,,,,,,,,,,
39,"At work, Students now",cau_ctx,0.99,0,,,,,,,,,,,
39,"At work, Students now",dua_ctx,0.3,1,41,0.30072,0.54803,0.99903,0.99414,0.02216,0.6066,0.05857,0.00699,0.09021,0.90182
39,"At work, Students now",dua_ctx,0.5,1,60,0.50696,0.50737,2.1728,2.14598,0.04322,0.6066,0.09922,0.01986,0.21243,1.9405
39,"At work, Students now",dua_ctx,0.7,1,76,0.70375,0.48097,3.50891,3.45955,0.04771,0.6066,0.12562,0.03174,0.35809,3.11908
39,"At work, Students now",dua_ctx,0.9,1,95,0.90522,0.47016,5.2955,5.22029,0.04943,0.6066,0.13644,0.03742,0.53176,4.72632
39,"At work, Students now",dua_ctx,0.99,1,114,0.99071,0.49187,7.09494,6.99789,0.05065,0.6066,0.11472,0.0265,0.69058,6.37787
39,"At work, Students now",euc_unemb,0.3,1,2,0.96545,0.43123,1.28232,1.28836,0.21734,0.6066,0.17536,0.06196,0.36817,0.85218
39,"At work, Students now",euc_unemb,0.5,1,2,0.96545,0.43123,1.28232,1.28836,0.21734,0.6066,0.17536,0.06196,0.36817,0.85218
39,"At work, Students now",euc_unemb,0.7,1,2,0.96545,0.43123,1.28232,1.28836,0.21734,0.6066,0.17536,0.06196,0.36817,0.85218
39,"At work, Students now",euc_unemb,0.9,1,2,0.96545,0.43123,1.28232,1.28836,0.21734,0.6066,0.17536,0.06196,0.36817,0.85218
39,"At work, Students now",euc_unemb,0.99,1,3,0.99966,0.48843,3.13071,3.11099,0.23266,0.6066,0.11816,0.0281,0.80606,2.29655
39,"At work, Students now",cau_unemb,0.3,1,29,0.30899,0.3492,0.33486,0.34591,0.13962,0.6066,0.2574,0.13695,0.0339,0.16401
39,"At work, Students now",cau_unemb,0.5,1,34,0.50226,0.3488,0.40359,0.4146,0.12789,0.6066,0.25779,0.13739,0.03102,0.23518
39,"At work, Students now",cau_unemb,0.7,1,40,0.72708,0.38386,0.4814,0.49116,0.0417,0.6066,0.22273,0.10107,0.03469,0.34564
39,"At work, Students now",cau_unemb,0.9,1,48,0.90583,0.46841,0.64461,0.65061,0.04097,0.6066,0.13819,0.03839,0.06043,0.54579
39,"At work, Students now",cau_unemb,0.99,1,63,0.9904,0.59805,1.23143,1.22571,0.04547,0.6066,0.00854,0.00015,0.12668,1.1046
39,"At work, Students now",dua_unemb,0.3,1,2,0.53753,0.58893,0.26307,0.26745,0.01066,0.6066,0.01767,0.00065,0.0403,0.22213
39,"At work, Students now",dua_unemb,0.5,1,2,0.53753,0.58893,0.26307,0.26745,0.01066,0.6066,0.01767,0.00065,0.0403,0.22213
39,"At work, Students now",dua_unemb,0.7,1,3,0.78846,0.60712,0.60996,0.60907,0.01368,0.6066,0.00053,0.0,0.0856,0.52435
39,"At work, Students now",dua_unemb,0.9,1,4,0.90295,0.62161,1.10528,1.09537,0.01523,0.6066,0.01502,0.00048,0.11496,0.98984
39,"At work, Students now",dua_unemb,0.99,1,7,0.99795,0.65888,3.68618,3.63096,0.01911,0.6066,0.05229,0.00595,0.14882,3.53141
39,"At work, Students now",euc_dmd,0.3,1,2,0.95831,0.41779,1.04015,1.04789,0.02768,0.6066,0.1888,0.07197,0.16422,0.80395
39,"At work, Students now",euc_dmd,0.5,1,2,0.95831,0.41779,1.04015,1.04789,0.02768,0.6066,0.1888,0.07197,0.16422,0.80395
39,"At work, Students now",euc_dmd,0.7,1,2,0.95831,0.41779,1.04015,1.04789,0.02768,0.6066,0.1888,0.07197,0.16422,0.80395
39,"At work, Students now",euc_dmd,0.9,1,2,0.95831,0.41779,1.04015,1.04789,0.02768,0.6066,0.1888,0.07197,0.16422,0.80395
39,"At work, Students now",euc_dmd,0.99,1,3,0.99941,0.51088,2.45899,2.44494,0.18971,0.6066,0.09571,0.0185,0.37055,2.06994
39,"At work, Students now",cau_dmd,0.3,1,12,0.31197,0.3398,0.40259,0.41436,0.15063,0.6066,0.26679,0.14786,0.06091,0.19383
39,"At work, Students now",cau_dmd,0.5,1,15,0.58827,0.35151,0.49433,0.50582,0.03093,0.6066,0.25509,0.13435,0.04903,0.31095
39,"At work, Students now",cau_dmd,0.7,1,17,0.75226,0.38897,0.56911,0.57938,0.03078,0.6066,0.21763,0.09633,0.06206,0.41071
39,"At work, Students now",cau_dmd,0.9,1,20,0.90252,0.46941,0.74856,0.75545,0.04468,0.6066,0.13719,0.03784,0.10915,0.60157
39,"At work, Students now",cau_dmd,0.99,1,27,0.99148,0.60939,1.50748,1.50116,0.04383,0.6066,0.00279,2e-05,0.24196,1.26551
39,"At work, Students now",dua_dmd,0.3,1,2,0.66235,0.59985,0.33102,0.33533,0.01597,0.6066,0.00674,9e-05,0.03912,0.2918
39,"At work, Students now",dua_dmd,0.5,1,2,0.66235,0.59985,0.33102,0.33533,0.01597,0.6066,0.00674,9e-05,0.03912,0.2918
39,"At work, Students now",dua_dmd,0.7,1,3,0.88942,0.60524,0.73646,0.73748,0.02493,0.6066,0.00135,0.0,0.07394,0.66252
39,"At work, Students now",dua_dmd,0.9,1,4,0.97039,0.61771,1.35886,1.3533,0.02611,0.6066,0.01111,0.00026,0.1036,1.25499
39,"At work, Students now",dua_dmd,0.99,1,5,0.99025,0.63192,2.16815,2.15447,0.02716,0.6066,0.02533,0.00137,0.12224,2.04454
244,"At home, They also",euc_ctx,0.3,1,6,0.33872,0.0552,0.5235,0.52559,0.10156,0.26206,0.20686,0.22583,0.0285,0.26918
244,"At home, They also",euc_ctx,0.5,1,7,0.52716,0.05399,0.60359,0.60521,0.10281,0.26206,0.20806,0.23068,0.02899,0.34392
244,"At home, They also",euc_ctx,0.7,1,8,0.70432,0.06063,0.65601,0.65702,0.10164,0.26206,0.20142,0.20548,0.02635,0.42418
244,"At home, They also",euc_ctx,0.9,1,10,0.911,0.10036,0.73215,0.73139,0.08517,0.26206,0.1617,0.10532,0.02367,0.60316
244,"At home, They also",euc_ctx,0.99,1,14,0.99336,0.30514,1.12394,1.11626,0.01681,0.26206,0.04308,0.0045,0.03527,1.08417
244,"At home, They also",cau_ctx,0.3,0,,,,,,,,,,,
244,"At home, They also",cau_ctx,0.5,0,,,,,,,,,,,
244,"At home, They also",cau_ctx,0.7,0,,,,,,,,,,,
244,"At home, They also",cau_ctx,0.9,0,,,,,,,,,,,
244,"At home, They also",cau_ctx,0.99,0,,,,,,,,,,,
244,"At home, They also",dua_ctx,0.3,1,23,0.31197,0.23687,0.3416,0.34527,0.0073,0.26206,0.02519,0.00172,0.02169,0.31819
244,"At home, They also",dua_ctx,0.5,1,33,0.51274,0.22567,0.70875,0.70606,0.00927,0.26206,0.03639,0.00366,0.0426,0.6625
244,"At home, They also",dua_ctx,0.7,1,42,0.70424,0.21908,1.16858,1.15716,0.01168,0.26206,0.04298,0.00517,0.06468,1.09873
244,"At home, They also",dua_ctx,0.9,1,54,0.90243,0.22579,2.00629,1.97917,0.01297,0.26206,0.03627,0.00363,0.0941,1.90855
244,"At home, They also",dua_ctx,0.99,1,77,0.99011,0.28588,4.06306,4.0014,0.01504,0.26206,0.02382,0.00141,0.1493,3.91234
244,"At home, They also",euc_unemb,0.3,1,2,0.96309,0.09268,1.03098,1.02948,0.10787,0.26206,0.16938,0.11991,0.17276,0.73831
244,"At home, They also",euc_unemb,0.5,1,2,0.96309,0.09268,1.03098,1.02948,0.10787,0.26206,0.16938,0.11991,0.17276,0.73831
244,"At home, They also",euc_unemb,0.7,1,2,0.96309,0.09268,1.03098,1.02948,0.10787,0.26206,0.16938,0.11991,0.17276,0.73831
244,"At home, They also",euc_unemb,0.9,1,2,0.96309,0.09268,1.03098,1.02948,0.10787,0.26206,0.16938,0.11991,0.17276,0.73831
244,"At home, They also",euc_unemb,0.99,1,3,0.99958,0.3088,2.21135,2.19522,0.11796,0.26206,0.04674,0.00528,0.35072,1.85535
244,"At home, They also",cau_unemb,0.3,1,29,0.31852,0.06984,0.33212,0.33548,0.09617,0.26206,0.19222,0.17571,0.01937,0.13704
244,"At home, They also",cau_unemb,0.5,1,34,0.51512,0.07008,0.38013,0.38336,0.09628,0.26206,0.19197,0.17498,0.02091,0.18424
244,"At home, They also",cau_unemb,0.7,1,39,0.70591,0.08141,0.4095,0.41237,0.09395,0.26206,0.18064,0.14476,0.02571,0.23903
244,"At home, They also",cau_unemb,0.9,1,48,0.91106,0.13622,0.46519,0.46667,0.074,0.26206,0.12584,0.05527,0.04701,0.36291
244,"At home, They also",cau_unemb,0.99,1,63,0.99096,0.33028,0.80384,0.7997,0.02041,0.26206,0.06822,0.01095,0.09191,0.70098
244,"At home, They also",dua_unemb,0.3,1,2,0.72352,0.36061,0.27518,0.27822,0.01925,0.26206,0.09856,0.02213,0.03147,0.22158
244,"At home, They also",dua_unemb,0.5,1,2,0.72352,0.36061,0.27518,0.27822,0.01925,0.26206,0.09856,0.02213,0.03147,0.22158
244,"At home, They also",dua_unemb,0.7,1,2,0.72352,0.36061,0.27518,0.27822,0.01925,0.26206,0.09856,0.02213,0.03147,0.22158
244,"At home, They also",dua_unemb,0.9,1,3,0.94729,0.42665,0.67183,0.66891,0.02289,0.26206,0.16459,0.05851,0.05672,0.55661
244,"At home, They also",dua_unemb,0.99,1,4,0.99359,0.46104,1.17531,1.16284,0.02388,0.26206,0.19898,0.08384,0.06253,1.02894
244,"At home, They also",euc_dmd,0.3,1,2,0.95272,0.05315,1.09777,1.09151,0.09921,0.26206,0.20891,0.23417,0.10275,0.76086
244,"At home, They also",euc_dmd,0.5,1,2,0.95272,0.05315,1.09777,1.09151,0.09921,0.26206,0.20891,0.23417,0.10275,0.76086
244,"At home, They also",euc_dmd,0.7,1,2,0.95272,0.05315,1.09777,1.09151,0.09921,0.26206,0.20891,0.23417,0.10275,0.76086
244,"At home, They also",euc_dmd,0.9,1,2,0.95272,0.05315,1.09777,1.09151,0.09921,0.26206,0.20891,0.23417,0.10275,0.76086
244,"At home, They also",euc_dmd,0.99,1,3,0.9991,0.19434,1.7644,1.74671,0.11447,0.26206,0.06772,0.01355,0.20887,1.54198
244,"At home, They also",cau_dmd,0.3,1,12,0.31395,0.05233,0.49534,0.49632,0.10818,0.26206,0.20973,0.23759,0.03898,0.21878
244,"At home, They also",cau_dmd,0.5,1,15,0.58669,0.05162,0.60237,0.60227,0.10752,0.26206,0.21044,0.24062,0.03659,0.32515
244,"At home, They also",cau_dmd,0.7,1,17,0.74784,0.0597,0.66071,0.65965,0.10032,0.26206,0.20236,0.20882,0.04445,0.40744
244,"At home, They also",cau_dmd,0.9,1,21,0.92554,0.09851,0.79772,0.79403,0.09266,0.26206,0.16355,0.10868,0.08237,0.60668
244,"At home, They also",cau_dmd,0.99,1,28,0.99272,0.23575,1.29948,1.28784,0.06159,0.26206,0.02631,0.00187,0.16442,1.13319
244,"At home, They also",dua_dmd,0.3,1,2,0.80783,0.39442,0.31121,0.31305,0.0197,0.26206,0.13236,0.03873,0.02489,0.24759
244,"At home, They also",dua_dmd,0.5,1,2,0.80783,0.39442,0.31121,0.31305,0.0197,0.26206,0.13236,0.03873,0.02489,0.24759
244,"At home, They also",dua_dmd,0.7,1,2,0.80783,0.39442,0.31121,0.31305,0.0197,0.26206,0.13236,0.03873,0.02489,0.24759
244,"At home, They also",dua_dmd,0.9,1,3,0.98195,0.45041,0.73684,0.73308,0.02192,0.26206,0.18835,0.07554,0.0403,0.621
244,"At home, They also",dua_dmd,0.99,1,4,0.99832,0.47416,1.25971,1.24808,0.02301,0.26206,0.2121,0.09467,0.04762,1.11742
246,"At work, Many people often",euc_ctx,0.3,1,7,0.50526,0.16571,1.00589,1.01873,0.08783,0.4992,0.33349,0.29491,0.0595,0.65148
246,"At work, Many people often",euc_ctx,0.5,1,7,0.50526,0.16571,1.00589,1.01873,0.08783,0.4992,0.33349,0.29491,0.0595,0.65148
246,"At work, Many people often",euc_ctx,0.7,1,8,0.72012,0.18442,1.14043,1.15251,0.08018,0.4992,0.31478,0.25287,0.06106,0.8265
246,"At work, Many people often",euc_ctx,0.9,1,10,0.93868,0.2914,1.38634,1.39486,0.08456,0.4992,0.2078,0.0949,0.06005,1.23139
246,"At work, Many people often",euc_ctx,0.99,1,13,0.99458,0.49953,2.0891,2.0873,0.07725,0.4992,0.00033,0.0,0.06928,2.01983
246,"At work, Many people often",cau_ctx,0.3,0,,,,,,,,,,,
246,"At work, Many people often",cau_ctx,0.5,0,,,,,,,,,,,
246,"At work, Many people often",cau_ctx,0.7,0,,,,,,,,,,,
246,"At work, Many people often",cau_ctx,0.9,0,,,,,,,,,,,
246,"At work, Many people often",cau_ctx,0.99,0,,,,,,,,,,,
246,"At work, Many people often",dua_ctx,0.3,1,36,0.30578,0.44747,1.05871,1.05728,0.02346,0.4992,0.05173,0.00538,0.08357,0.96976
246,"At work, Many people often",dua_ctx,0.5,1,51,0.50075,0.42189,2.20227,2.18345,0.05548,0.4992,0.07731,0.0121,0.17279,2.01739
246,"At work, Many people often",dua_ctx,0.7,1,66,0.70697,0.41352,3.78964,3.74794,0.05818,0.4992,0.08568,0.01491,0.27939,3.49534
246,"At work, Many people often",dua_ctx,0.9,1,86,0.90374,0.43446,6.51252,6.43951,0.04981,0.4992,0.06474,0.00845,0.43486,6.0692
246,"At work, Many people often",dua_ctx,0.99,1,114,0.99121,0.50411,9.16003,9.04971,0.04991,0.4992,0.00491,5e-05,0.65415,8.50584
246,"At work, Many people often",euc_unemb,0.3,1,2,0.97718,0.27154,1.52261,1.52816,0.07079,0.4992,0.22766,0.1163,0.23434,1.17196
246,"At work, Many people often",euc_unemb,0.5,1,2,0.97718,0.27154,1.52261,1.52816,0.07079,0.4992,0.22766,0.1163,0.23434,1.17196
246,"At work, Many people often",euc_unemb,0.7,1,2,0.97718,0.27154,1.52261,1.52816,0.07079,0.4992,0.22766,0.1163,0.23434,1.17196
246,"At work, Many people often",euc_unemb,0.9,1,2,0.97718,0.27154,1.52261,1.52816,0.07079,0.4992,0.22766,0.1163,0.23434,1.17196
246,"At work, Many people often",euc_unemb,0.99,1,3,0.99989,0.43649,3.51422,3.49328,0.0881,0.4992,0.06271,0.00793,0.50449,3.00181
246,"At work, Many people often",cau_unemb,0.3,1,31,0.3248,0.17987,0.57969,0.59117,0.08219,0.4992,0.31933,0.26256,0.03389,0.28324
246,"At work, Many people often",cau_unemb,0.5,1,35,0.51086,0.18093,0.66174,0.67316,0.08263,0.4992,0.31827,0.26025,0.03656,0.36493
246,"At work, Many people often",cau_unemb,0.7,1,40,0.73276,0.20893,0.74436,0.75496,0.08198,0.4992,0.29027,0.20585,0.05178,0.48673
246,"At work, Many people often",cau_unemb,0.9,1,47,0.9131,0.29225,0.89387,0.90178,0.07903,0.4992,0.20695,0.09405,0.09538,0.70445
246,"At work, Many people often",cau_unemb,0.99,1,59,0.99034,0.4607,1.434,1.43297,0.07067,0.4992,0.0385,0.00297,0.17819,1.25284
246,"At work, Many people often",dua_unemb,0.3,1,2,0.71337,0.54945,0.39994,0.40077,0.07318,0.4992,0.05025,0.00507,0.04788,0.34699
246,"At work, Many people often",dua_unemb,0.5,1,2,0.71337,0.54945,0.39994,0.40077,0.07318,0.4992,0.05025,0.00507,0.04788,0.34699
246,"At work, Many people often",dua_unemb,0.7,1,2,0.71337,0.54945,0.39994,0.40077,0.07318,0.4992,0.05025,0.00507,0.04788,0.34699
246,"At work, Many people often",dua_unemb,0.9,1,3,0.9418,0.58125,0.97415,0.96825,0.07124,0.4992,0.08205,0.01364,0.07787,0.88264
246,"At work, Many people often",dua_unemb,0.99,1,4,0.99526,0.59851,1.93674,1.91849,0.07213,0.4992,0.09931,0.02012,0.08916,1.82747
246,"At work, Many people often",euc_dmd,0.3,1,2,0.97226,0.20648,1.65115,1.65741,0.08283,0.4992,0.29272,0.21018,0.18239,1.25857
246,"At work, Many people often",euc_dmd,0.5,1,2,0.97226,0.20648,1.65115,1.65741,0.08283,0.4992,0.29272,0.21018,0.18239,1.25857
246,"At work, Many people often",euc_dmd,0.7,1,2,0.97226,0.20648,1.65115,1.65741,0.08283,0.4992,0.29272,0.21018,0.18239,1.25857
246,"At work, Many people often",euc_dmd,0.9,1,2,0.97226,0.20648,1.65115,1.65741,0.08283,0.4992,0.29272,0.21018,0.18239,1.25857
246,"At work, Many people often",euc_dmd,0.99,1,3,0.99979,0.43895,3.15445,3.14022,0.08462,0.4992,0.06025,0.00732,0.36532,2.78182
246,"At work, Many people often",cau_dmd,0.3,1,13,0.30826,0.14636,0.86021,0.87146,0.09315,0.4992,0.35284,0.34541,0.09068,0.42412
246,"At work, Many people often",cau_dmd,0.5,1,15,0.51787,0.14125,1.01847,1.0293,0.09075,0.4992,0.35795,0.36016,0.09873,0.55958
246,"At work, Many people often",cau_dmd,0.7,1,17,0.71879,0.15512,1.16309,1.17282,0.08595,0.4992,0.34408,0.32155,0.1243,0.71725
246,"At work, Many people often",cau_dmd,0.9,1,20,0.90157,0.20426,1.41485,1.42155,0.07999,0.4992,0.29494,0.21419,0.19518,1.00549
246,"At work, Many people often",cau_dmd,0.99,1,26,0.99085,0.31677,2.25067,2.24634,0.07531,0.4992,0.18243,0.07149,0.36501,1.81417
246,"At work, Many people often",dua_dmd,0.3,1,2,0.79859,0.57106,0.5016,0.50174,0.06265,0.4992,0.07186,0.01043,0.05455,0.43662
246,"At work, Many people often",dua_dmd,0.5,1,2,0.79859,0.57106,0.5016,0.50174,0.06265,0.4992,0.07186,0.01043,0.05455,0.43662
246,"At work, Many people often",dua_dmd,0.7,1,2,0.79859,0.57106,0.5016,0.50174,0.06265,0.4992,0.07186,0.01043,0.05455,0.43662
246,"At work, Many people often",dua_dmd,0.9,1,3,0.97793,0.58052,1.24014,1.23809,0.06707,0.4992,0.08132,0.0134,0.07993,1.14681
246,"At work, Many people often",dua_dmd,0.99,1,4,0.9988,0.59379,2.33989,2.33099,0.05949,0.4992,0.09459,0.01821,0.0908,2.23087
259,"In this case, Both of them typically",euc_ctx,0.3,1,6,0.44311,0.12823,0.62672,0.63438,0.09096,0.37931,0.25108,0.20053,0.02782,0.39837
259,"In this case, Both of them typically",euc_ctx,0.5,1,7,0.63984,0.13339,0.74028,0.74771,0.09091,0.37931,0.24593,0.18926,0.03113,0.51989
259,"In this case, Both of them typically",euc_ctx,0.7,1,8,0.79659,0.15493,0.83442,0.84122,0.08978,0.37931,0.22438,0.14809,0.03248,0.65384
259,"In this case, Both of them typically",euc_ctx,0.9,1,10,0.94779,0.24102,1.0461,1.05039,0.08563,0.37931,0.1383,0.04716,0.03458,0.96436
259,"In this case, Both of them typically",euc_ctx,0.99,1,13,0.99368,0.4176,1.61815,1.61532,0.03257,0.37931,0.03829,0.00304,0.04107,1.57404
259,"In this case, Both of them typically",cau_ctx,0.3,0,,,,,,,,,,,
259,"In this case, Both of them typically",cau_ctx,0.5,0,,,,,,,,,,,
259,"In this case, Both of them typically",cau_ctx,0.7,0,,,,,,,,,,,
259,"In this case, Both of them typically",cau_ctx,0.9,0,,,,,,,,,,,
259,"In this case, Both of them typically",cau_ctx,0.99,0,,,,,,,,,,,
259,"In this case, Both of them typically",dua_ctx,0.3,1,32,0.30681,0.35701,0.66692,0.67028,0.02735,0.37931,0.02231,0.00107,0.05089,0.61495
259,"In this case, Both of them typically",dua_ctx,0.5,1,47,0.50544,0.34036,1.47141,1.46272,0.03124,0.37931,0.03895,0.00332,0.11434,1.35375
259,"In this case, Both of them typically",dua_ctx,0.7,1,61,0.70655,0.33203,2.52943,2.50484,0.03428,0.37931,0.04729,0.00493,0.18488,2.33962
259,"In this case, Both of them typically",dua_ctx,0.9,1,78,0.90264,0.34218,4.25359,4.20627,0.03601,0.37931,0.03713,0.00301,0.26878,3.9818
259,"In this case, Both of them typically",dua_ctx,0.99,1,105,0.99094,0.41532,7.01981,6.93776,0.04296,0.37931,0.036,0.00269,0.40141,6.61571
259,"In this case, Both of them typically",euc_unemb,0.3,1,1,0.30849,0.11374,0.53619,0.54421,0.113,0.37931,0.26557,0.23577,0.03921,0.26121
259,"In this case, Both of them typically",euc_unemb,0.5,1,2,0.97485,0.20952,1.35019,1.35282,0.12241,0.37931,0.1698,0.07505,0.21281,1.06233
259,"In this case, Both of them typically",euc_unemb,0.7,1,2,0.97485,0.20952,1.35019,1.35282,0.12241,0.37931,0.1698,0.07505,0.21281,1.06233
259,"In this case, Both of them typically",euc_unemb,0.9,1,2,0.97485,0.20952,1.35019,1.35282,0.12241,0.37931,0.1698,0.07505,0.21281,1.06233
259,"In this case, Both of them typically",euc_unemb,0.99,1,3,0.99971,0.35786,3.11151,3.09472,0.13595,0.37931,0.02146,0.00099,0.43356,2.67695
259,"In this case, Both of them typically",cau_unemb,0.3,1,27,0.32851,0.15185,0.35905,0.36619,0.08673,0.37931,0.22746,0.15345,0.01877,0.18683
259,"In this case, Both of them typically",cau_unemb,0.5,1,32,0.52718,0.15246,0.43652,0.44374,0.08755,0.37931,0.22685,0.15238,0.02107,0.26308
259,"In this case, Both of them typically",cau_unemb,0.7,1,37,0.7168,0.17244,0.50318,0.50997,0.0874,0.37931,0.20687,0.12047,0.027,0.35571
259,"In this case, Both of them typically",cau_unemb,0.9,1,45,0.90303,0.24273,0.6406,0.64548,0.02708,0.37931,0.13658,0.04588,0.04682,0.5479
259,"In this case, Both of them typically",cau_unemb,0.99,1,60,0.99045,0.42169,1.21737,1.21424,0.03668,0.37931,0.04238,0.00372,0.09247,1.12118
259,"In this case, Both of them typically",dua_unemb,0.3,1,2,0.70936,0.44187,0.37135,0.37521,0.02704,0.37931,0.06256,0.00803,0.03795,0.32536
259,"In this case, Both of them typically",dua_unemb,0.5,1,2,0.70936,0.44187,0.37135,0.37521,0.02704,0.37931,0.06256,0.00803,0.03795,0.32536
259,"In this case, Both of them typically",dua_unemb,0.7,1,2,0.70936,0.44187,0.37135,0.37521,0.02704,0.37931,0.06256,0.00803,0.03795,0.32536
259,"In this case, Both of them typically",dua_unemb,0.9,1,3,0.92799,0.48556,0.86085,0.85926,0.02745,0.37931,0.10624,0.02286,0.06442,0.77357
259,"In this case, Both of them typically",dua_unemb,0.99,1,5,0.99909,0.52872,2.48843,2.46587,0.03478,0.37931,0.1494,0.04495,0.07506,2.36842
259,"In this case, Both of them typically",euc_dmd,0.3,1,1,0.30847,0.09269,0.65721,0.66287,0.12646,0.37931,0.28662,0.29885,0.03474,0.32362
259,"In this case, Both of them typically",euc_dmd,0.5,1,2,0.97009,0.1459,1.39037,1.38999,0.1155,0.37931,0.23341,0.16427,0.12478,1.10132
259,"In this case, Both of them typically",euc_dmd,0.7,1,2,0.97009,0.1459,1.39037,1.38999,0.1155,0.37931,0.23341,0.16427,0.12478,1.10132
259,"In this case, Both of them typically",euc_dmd,0.9,1,2,0.97009,0.1459,1.39037,1.38999,0.1155,0.37931,0.23341,0.16427,0.12478,1.10132
259,"In this case, Both of them typically",euc_dmd,0.99,1,3,0.99949,0.32887,2.5585,2.54338,0.12376,0.37931,0.05044,0.00563,0.24609,2.30678
259,"In this case, Both of them typically",cau_dmd,0.3,1,11,0.30921,0.12129,0.53624,0.54169,0.11987,0.37931,0.25803,0.21672,0.03788,0.28164
259,"In this case, Both of them typically",cau_dmd,0.5,1,14,0.586,0.11625,0.70622,0.71094,0.11667,0.37931,0.26306,0.22925,0.03614,0.44083
259,"In this case, Both of them typically",cau_dmd,0.7,1,16,0.75046,0.12908,0.81085,0.81458,0.11164,0.37931,0.25024,0.19864,0.0452,0.56701
259,"In this case, Both of them typically",cau_dmd,0.9,1,19,0.90116,0.16887,0.99355,0.99496,0.08938,0.37931,0.21044,0.12574,0.07571,0.7921
259,"In this case, Both of them typically",cau_dmd,0.99,1,26,0.99099,0.29952,1.71411,1.706,0.07726,0.37931,0.0798,0.01452,0.16573,1.53386
259,"In this case, Both of them typically",dua_dmd,0.3,1,2,0.80103,0.46964,0.43083,0.43323,0.02846,0.37931,0.09033,0.01659,0.02653,0.38771
259,"In this case, Both of them typically",dua_dmd,0.5,1,2,0.80103,0.46964,0.43083,0.43323,0.02846,0.37931,0.09033,0.01659,0.02653,0.38771
259,"In this case, Both of them typically",dua_dmd,0.7,1,2,0.80103,0.46964,0.43083,0.43323,0.02846,0.37931,0.09033,0.01659,0.02653,0.38771
259,"In this case, Both of them typically",dua_dmd,0.9,1,3,0.9711,0.49618,0.96849,0.96651,0.03192,0.37931,0.11686,0.0276,0.0409,0.89998
259,"In this case, Both of them typically",dua_dmd,0.99,1,4,0.99748,0.51292,1.77511,1.76636,0.03306,0.37931,0.1336,0.03599,0.04954,1.68957
80,"Every day, These kids really",euc_ctx,0.3,1,6,0.35886,0.16785,0.74177,0.74675,0.18131,0.50417,0.33632,0.29778,0.074,0.36998
80,"Every day, These kids really",euc_ctx,0.5,1,7,0.56441,0.16854,0.8561,0.86007,0.18245,0.50417,0.33563,0.29613,0.08003,0.47994
80,"Every day, These kids really",euc_ctx,0.7,1,8,0.7459,0.19194,0.92407,0.92654,0.17642,0.50417,0.31223,0.24472,0.0786,0.60076
80,"Every day, These kids really",euc_ctx,0.9,1,10,0.93349,0.29641,1.05296,1.05078,0.07957,0.50417,0.20776,0.09428,0.07565,0.88303
80,"Every day, These kids really",euc_ctx,0.99,1,13,0.99196,0.49258,1.54676,1.5333,0.05104,0.50417,0.01159,0.00027,0.08558,1.4609
80,"Every day, These kids really",cau_ctx,0.3,0,,,,,,,,,,,
80,"Every day, These kids really",cau_ctx,0.5,0,,,,,,,,,,,
80,"Every day, These kids really",cau_ctx,0.7,0,,,,,,,,,,,
80,"Every day, These kids really",cau_ctx,0.9,0,,,,,,,,,,,
80,"Every day, These kids really",cau_ctx,0.99,0,,,,,,,,,,,
80,"Every day, These kids really",dua_ctx,0.3,1,32,0.30974,0.44969,0.61625,0.60071,0.04353,0.50417,0.05448,0.00596,0.07501,0.53528
80,"Every day, These kids really",dua_ctx,0.5,1,48,0.50916,0.42892,1.36036,1.32009,0.05543,0.50417,0.07525,0.01144,0.16418,1.18475
80,"Every day, These kids really",dua_ctx,0.7,1,64,0.7097,0.42103,2.40819,2.34305,0.06979,0.50417,0.08314,0.01399,0.27095,2.12324
80,"Every day, These kids really",dua_ctx,0.9,1,82,0.90045,0.43401,4.01336,3.92474,0.14675,0.50417,0.07016,0.00993,0.42494,3.57849
80,"Every day, These kids really",dua_ctx,0.99,1,99,0.99008,0.47198,5.84718,5.74038,0.14861,0.50417,0.03219,0.00208,0.59222,5.25288
80,"Every day, These kids really",euc_unemb,0.3,1,2,0.96988,0.27309,1.44198,1.43974,0.15281,0.50417,0.23108,0.11942,0.24881,1.07375
80,"Every day, These kids really",euc_unemb,0.5,1,2,0.96988,0.27309,1.44198,1.43974,0.15281,0.50417,0.23108,0.11942,0.24881,1.07375
80,"Every day, These kids really",euc_unemb,0.7,1,2,0.96988,0.27309,1.44198,1.43974,0.15281,0.50417,0.23108,0.11942,0.24881,1.07375
80,"Every day, These kids really",euc_unemb,0.9,1,2,0.96988,0.27309,1.44198,1.43974,0.15281,0.50417,0.23108,0.11942,0.24881,1.07375
80,"Every day, These kids really",euc_unemb,0.99,1,3,0.99976,0.51609,3.12022,3.09228,0.168,0.50417,0.01192,0.00028,0.58671,2.53322
80,"Every day, These kids really",cau_unemb,0.3,1,29,0.31475,0.19664,0.50303,0.50911,0.12941,0.50417,0.30753,0.23543,0.03094,0.23667
80,"Every day, These kids really",cau_unemb,0.5,1,34,0.5259,0.19501,0.59454,0.59992,0.15284,0.50417,0.30916,0.23861,0.03165,0.32428
80,"Every day, These kids really",cau_unemb,0.7,1,39,0.72757,0.21904,0.66542,0.6694,0.15774,0.50417,0.28513,0.19506,0.04036,0.43
80,"Every day, These kids really",cau_unemb,0.9,1,46,0.90087,0.28917,0.78582,0.78652,0.1324,0.50417,0.215,0.10167,0.06583,0.61832
80,"Every day, These kids really",cau_unemb,0.99,1,60,0.99037,0.44924,1.32621,1.31565,0.12567,0.50417,0.05493,0.00606,0.12512,1.19502
80,"Every day, These kids really",dua_unemb,0.3,1,2,0.60186,0.53002,0.29617,0.29711,0.10328,0.50417,0.02585,0.00134,0.06763,0.2272
80,"Every day, These kids really",dua_unemb,0.5,1,2,0.60186,0.53002,0.29617,0.29711,0.10328,0.50417,0.02585,0.00134,0.06763,0.2272
80,"Every day, These kids really",dua_unemb,0.7,1,3,0.82434,0.56163,0.6271,0.61949,0.13531,0.50417,0.05746,0.00666,0.11476,0.50568
80,"Every day, These kids really",dua_unemb,0.9,1,4,0.90897,0.58059,1.05774,1.03793,0.14165,0.50417,0.07642,0.01184,0.13627,0.90963
80,"Every day, These kids really",dua_unemb,0.99,1,7,0.99135,0.62342,3.11738,3.04887,0.14448,0.50417,0.11925,0.02936,0.18261,2.90541
80,"Every day, These kids really",euc_dmd,0.3,1,2,0.96063,0.15069,1.65569,1.65159,0.18361,0.50417,0.35348,0.34204,0.15635,1.1573
80,"Every day, These kids really",euc_dmd,0.5,1,2,0.96063,0.15069,1.65569,1.65159,0.18361,0.50417,0.35348,0.34204,0.15635,1.1573
80,"Every day, These kids really",euc_dmd,0.7,1,2,0.96063,0.15069,1.65569,1.65159,0.18361,0.50417,0.35348,0.34204,0.15635,1.1573
80,"Every day, These kids really",euc_dmd,0.9,1,2,0.96063,0.15069,1.65569,1.65159,0.18361,0.50417,0.35348,0.34204,0.15635,1.1573
80,"Every day, These kids really",euc_dmd,0.99,1,3,0.99928,0.3427,2.72846,2.70492,0.17481,0.50417,0.16147,0.05486,0.33479,2.33881
80,"Every day, These kids really",cau_dmd,0.3,1,12,0.33004,0.13217,0.88586,0.89116,0.19666,0.50417,0.372,0.39744,0.10104,0.38737
80,"Every day, These kids really",cau_dmd,0.5,1,14,0.52509,0.12441,1.03978,1.04399,0.19529,0.50417,0.37976,0.42353,0.10726,0.50899
80,"Every day, These kids really",cau_dmd,0.7,1,16,0.70827,0.13206,1.16065,1.16324,0.19146,0.50417,0.37211,0.39782,0.11588,0.64695
80,"Every day, These kids really",cau_dmd,0.9,1,20,0.91645,0.18016,1.41548,1.41319,0.17465,0.50417,0.32401,0.26949,0.1606,0.98539
80,"Every day, These kids really",cau_dmd,0.99,1,27,0.99226,0.27124,2.24846,2.2321,0.16321,0.50417,0.23293,0.12159,0.28401,1.84286
80,"Every day, These kids really",dua_dmd,0.3,1,2,0.68696,0.52852,0.34769,0.34757,0.13012,0.50417,0.02435,0.00119,0.0653,0.2812
80,"Every day, These kids really",dua_dmd,0.5,1,2,0.68696,0.52852,0.34769,0.34757,0.13012,0.50417,0.02435,0.00119,0.0653,0.2812
80,"Every day, These kids really",dua_dmd,0.7,1,3,0.8958,0.53869,0.75226,0.74499,0.0944,0.50417,0.03452,0.00239,0.10474,0.64512
80,"Every day, These kids really",dua_dmd,0.9,1,4,0.96157,0.54966,1.33247,1.31487,0.13767,0.50417,0.04549,0.00416,0.1269,1.20141
80,"Every day, These kids really",dua_dmd,0.99,1,6,0.9976,0.57489,2.9328,2.88897,0.15125,0.50417,0.07072,0.01012,0.15955,2.76313
151,Voters often,euc_ctx,0.3,1,7,0.43319,0.14721,0.94945,0.96154,0.09036,0.42925,0.28204,0.23019,0.04941,0.66985
151,Voters often,euc_ctx,0.5,1,8,0.64991,0.15652,1.12596,1.13753,0.08871,0.42925,0.27273,0.21013,0.06055,0.85529
151,Voters often,euc_ctx,0.7,1,9,0.81621,0.18774,1.28119,1.29165,0.07412,0.42925,0.24151,0.15358,0.06866,1.05895
151,Voters often,euc_ctx,0.9,1,10,0.91252,0.23823,1.44423,1.45297,0.07527,0.42925,0.19102,0.08797,0.07374,1.28253
151,Voters often,euc_ctx,0.99,1,13,0.9916,0.43592,2.18601,2.18588,0.08534,0.42925,0.00667,9e-05,0.08332,2.10261
151,Voters often,cau_ctx,0.3,0,,,,,,,,,,,
151,Voters often,cau_ctx,0.5,0,,,,,,,,,,,
151,Voters often,cau_ctx,0.7,0,,,,,,,,,,,
151,Voters often,cau_ctx,0.9,0,,,,,,,,,,,
151,Voters often,cau_ctx,0.99,0,,,,,,,,,,,
151,Voters often,dua_ctx,0.3,1,40,0.31024,0.39387,1.16509,1.16263,0.05436,0.42925,0.03538,0.0026,0.08303,1.07946
151,Voters often,dua_ctx,0.5,1,56,0.50637,0.36786,2.49054,2.47066,0.05978,0.42925,0.06138,0.00794,0.16421,2.31839
151,Voters often,dua_ctx,0.7,1,70,0.70815,0.35552,4.14442,4.10447,0.06138,0.42925,0.07373,0.01155,0.24501,3.88786
151,Voters often,dua_ctx,0.9,1,87,0.90441,0.3672,6.78921,6.72454,0.06858,0.42925,0.06205,0.00812,0.35155,6.42955
151,Voters often,dua_ctx,0.99,1,113,0.99117,0.43938,10.05777,9.95853,0.08479,0.42925,0.01013,0.00021,0.49369,9.56387
151,Voters often,euc_unemb,0.3,1,2,0.95346,0.21717,1.37518,1.38113,0.08488,0.42925,0.21208,0.11214,0.15621,1.10683
151,Voters often,euc_unemb,0.5,1,2,0.95346,0.21717,1.37518,1.38113,0.08488,0.42925,0.21208,0.11214,0.15621,1.10683
151,Voters often,euc_unemb,0.7,1,2,0.95346,0.21717,1.37518,1.38113,0.08488,0.42925,0.21208,0.11214,0.15621,1.10683
151,Voters often,euc_unemb,0.9,1,2,0.95346,0.21717,1.37518,1.38113,0.08488,0.42925,0.21208,0.11214,0.15621,1.10683
151,Voters often,euc_unemb,0.99,1,3,0.99964,0.39865,3.2788,3.26119,0.10034,0.42925,0.0306,0.00194,0.34149,2.93537
151,Voters often,cau_unemb,0.3,1,32,0.31277,0.15496,0.51525,0.52581,0.07945,0.42925,0.27429,0.21337,0.02709,0.27479
151,Voters often,cau_unemb,0.5,1,37,0.5323,0.15835,0.61498,0.62552,0.08197,0.42925,0.2709,0.20637,0.03238,0.37623
151,Voters often,cau_unemb,0.7,1,41,0.70265,0.17827,0.68546,0.69549,0.08155,0.42925,0.25098,0.16919,0.04296,0.47331
151,Voters often,cau_unemb,0.9,1,49,0.90993,0.26147,0.86568,0.87315,0.07775,0.42925,0.16777,0.06569,0.07746,0.72253
151,Voters often,cau_unemb,0.99,1,62,0.99051,0.43132,1.47885,1.47745,0.06922,0.42925,0.00207,1e-05,0.13353,1.34531
151,Voters often,dua_unemb,0.3,1,2,0.62043,0.47325,0.30495,0.30729,0.07589,0.42925,0.044,0.0039,0.03457,0.26649
151,Voters often,dua_unemb,0.5,1,2,0.62043,0.47325,0.30495,0.30729,0.07589,0.42925,0.044,0.0039,0.03457,0.26649
151,Voters often,dua_unemb,0.7,1,3,0.88662,0.50612,0.75548,0.75242,0.08259,0.42925,0.07687,0.01185,0.06799,0.67564
151,Voters often,dua_unemb,0.9,1,4,0.9746,0.52292,1.43929,1.42678,0.08744,0.42925,0.09367,0.01759,0.08901,1.33269
151,Voters often,dua_unemb,0.99,1,5,0.99708,0.53115,2.49472,2.46928,0.08935,0.42925,0.1019,0.02081,0.10197,2.37194
151,Voters often,euc_dmd,0.3,1,2,0.95347,0.16129,1.57422,1.58079,0.09537,0.42925,0.26796,0.20047,0.128,1.24574
151,Voters often,euc_dmd,0.5,1,2,0.95347,0.16129,1.57422,1.58079,0.09537,0.42925,0.26796,0.20047,0.128,1.24574
151,Voters often,euc_dmd,0.7,1,2,0.95347,0.16129,1.57422,1.58079,0.09537,0.42925,0.26796,0.20047,0.128,1.24574
151,Voters often,euc_dmd,0.9,1,2,0.95347,0.16129,1.57422,1.58079,0.09537,0.42925,0.26796,0.20047,0.128,1.24574
151,Voters often,euc_dmd,0.99,1,3,0.99954,0.37761,3.04229,3.03108,0.08124,0.42925,0.05163,0.00558,0.2449,2.79181
151,Voters often,cau_dmd,0.3,1,14,0.38167,0.1237,0.84105,0.85201,0.08853,0.42925,0.30555,0.28935,0.08474,0.46696
151,Voters often,cau_dmd,0.5,1,16,0.59046,0.12766,0.99354,1.00409,0.08849,0.42925,0.30158,0.2784,0.10609,0.60905
151,Voters often,cau_dmd,0.7,1,18,0.76873,0.14817,1.14352,1.15307,0.08366,0.42925,0.28108,0.22803,0.14141,0.77408
151,Voters often,cau_dmd,0.9,1,21,0.91904,0.20458,1.41361,1.4204,0.07704,0.42925,0.22467,0.12866,0.21039,1.07457
151,Voters often,cau_dmd,0.99,1,27,0.99184,0.33309,2.287,2.28363,0.07611,0.42925,0.09616,0.02,0.34983,1.91717
151,Voters often,dua_dmd,0.3,1,2,0.73695,0.50463,0.41692,0.41868,0.0774,0.42925,0.07538,0.0114,0.05247,0.35305
151,Voters often,dua_dmd,0.5,1,2,0.73695,0.50463,0.41692,0.41868,0.0774,0.42925,0.07538,0.0114,0.05247,0.35305
151,Voters often,dua_dmd,0.7,1,2,0.73695,0.50463,0.41692,0.41868,0.0774,0.42925,0.07538,0.0114,0.05247,0.35305
151,Voters often,dua_dmd,0.9,1,3,0.96224,0.5204,1.06949,1.0693,0.07761,0.42925,0.09115,0.01665,0.08905,0.96378
151,Voters often,dua_dmd,0.99,1,4,0.99743,0.53037,2.05695,2.05095,0.0759,0.42925,0.10112,0.0205,0.10194,1.93451
54,"In this case, Our customers also",euc_ctx,0.3,1,6,0.5167,0.08459,0.73322,0.73559,0.16459,0.37538,0.2908,0.32063,0.048,0.36459
54,"In this case, Our customers also",euc_ctx,0.5,1,6,0.5167,0.08459,0.73322,0.73559,0.16459,0.37538,0.2908,0.32063,0.048,0.36459
54,"In this case, Our customers also",euc_ctx,0.7,1,7,0.72834,0.09372,0.81567,0.81709,0.16445,0.37538,0.28167,0.28842,0.06257,0.46468
54,"In this case, Our customers also",euc_ctx,0.9,1,9,0.94175,0.16104,0.89982,0.89833,0.14809,0.37538,0.21435,0.13341,0.07591,0.69049
54,"In this case, Our customers also",euc_ctx,0.99,1,12,0.99517,0.36639,1.21668,1.20754,0.04733,0.37538,0.00899,0.00017,0.08329,1.13322
54,"In this case, Our customers also",cau_ctx,0.3,0,,,,,,,,,,,
54,"In this case, Our customers also",cau_ctx,0.5,0,,,,,,,,,,,
54,"In this case, Our customers also",cau_ctx,0.7,0,,,,,,,,,,,
54,"In this case, Our customers also",cau_ctx,0.9,0,,,,,,,,,,,
54,"In this case, Our customers also",cau_ctx,0.99,0,,,,,,,,,,,
54,"In this case, Our customers also",dua_ctx,0.3,1,26,0.30478,0.34334,0.45626,0.45367,0.0279,0.37538,0.03204,0.00225,0.03871,0.4153
54,"In this case, Our customers also",dua_ctx,0.5,1,39,0.51014,0.32211,1.04158,1.02511,0.04204,0.37538,0.05328,0.00633,0.08858,0.94667
54,"In this case, Our customers also",dua_ctx,0.7,1,51,0.71101,0.31166,1.78535,1.75149,0.04661,0.37538,0.06373,0.00916,0.13681,1.63939
54,"In this case, Our customers also",dua_ctx,0.9,1,63,0.90228,0.31189,2.72608,2.67416,0.05365,0.37538,0.0635,0.00909,0.18481,2.53218
54,"In this case, Our customers also",dua_ctx,0.99,1,74,0.99065,0.333,3.81029,3.74338,0.05667,0.37538,0.04239,0.00397,0.23088,3.57545
54,"In this case, Our customers also",euc_unemb,0.3,1,1,0.31571,0.09077,0.57519,0.5789,0.14864,0.37538,0.28462,0.29839,0.05329,0.22351
54,"In this case, Our customers also",euc_unemb,0.5,1,2,0.98552,0.24287,1.22671,1.22148,0.15396,0.37538,0.13252,0.04328,0.29158,0.89185
54,"In this case, Our customers also",euc_unemb,0.7,1,2,0.98552,0.24287,1.22671,1.22148,0.15396,0.37538,0.13252,0.04328,0.29158,0.89185
54,"In this case, Our customers also",euc_unemb,0.9,1,2,0.98552,0.24287,1.22671,1.22148,0.15396,0.37538,0.13252,0.04328,0.29158,0.89185
54,"In this case, Our customers also",euc_unemb,0.99,1,3,0.99991,0.4736,3.06792,3.03701,0.17051,0.37538,0.09822,0.01961,0.55311,2.4952
54,"In this case, Our customers also",cau_unemb,0.3,1,26,0.32463,0.12071,0.39864,0.403,0.15768,0.37538,0.25467,0.21229,0.02745,0.1589
54,"In this case, Our customers also",cau_unemb,0.5,1,30,0.50335,0.12049,0.45407,0.45819,0.16129,0.37538,0.25489,0.21282,0.03336,0.20789
54,"In this case, Our customers also",cau_unemb,0.7,1,35,0.71986,0.14033,0.49191,0.49533,0.15213,0.37538,0.23505,0.16985,0.04243,0.27964
54,"In this case, Our customers also",cau_unemb,0.9,1,42,0.90395,0.2094,0.53651,0.53801,0.0575,0.37538,0.16598,0.07192,0.05849,0.40611
54,"In this case, Our customers also",cau_unemb,0.99,1,55,0.99041,0.425,0.87237,0.86646,0.05308,0.37538,0.04961,0.0051,0.08638,0.78089
54,"In this case, Our customers also",dua_unemb,0.3,1,2,0.6501,0.44539,0.29936,0.29983,0.02386,0.37538,0.07,0.01006,0.0508,0.23849
54,"In this case, Our customers also",dua_unemb,0.5,1,2,0.6501,0.44539,0.29936,0.29983,0.02386,0.37538,0.07,0.01006,0.0508,0.23849
54,"In this case, Our customers also",dua_unemb,0.7,1,3,0.84506,0.47768,0.63069,0.62222,0.03035,0.37538,0.10229,0.02125,0.08716,0.52228
54,"In this case, Our customers also",dua_unemb,0.9,1,4,0.93636,0.50048,1.06056,1.03982,0.03378,0.37538,0.1251,0.03163,0.10699,0.92194
54,"In this case, Our customers also",dua_unemb,0.99,1,6,0.99687,0.54028,2.26723,2.21594,0.03864,0.37538,0.16489,0.05476,0.12058,2.09189
54,"In this case, Our customers also",euc_dmd,0.3,1,1,0.34073,0.06038,0.75961,0.76125,0.17186,0.37538,0.315,0.43087,0.04358,0.28515
54,"In this case, Our customers also",euc_dmd,0.5,1,2,0.98591,0.1308,1.27944,1.27227,0.15194,0.37538,0.24458,0.18936,0.16729,0.92279
54,"In this case, Our customers also",euc_dmd,0.7,1,2,0.98591,0.1308,1.27944,1.27227,0.15194,0.37538,0.24458,0.18936,0.16729,0.92279
54,"In this case, Our customers also",euc_dmd,0.9,1,2,0.98591,0.1308,1.27944,1.27227,0.15194,0.37538,0.24458,0.18936,0.16729,0.92279
54,"In this case, Our customers also",euc_dmd,0.99,1,3,0.99988,0.3516,2.32363,2.298,0.15569,0.37538,0.02379,0.00123,0.2921,2.0303
54,"In this case, Our customers also",cau_dmd,0.3,1,11,0.38943,0.07677,0.67652,0.67964,0.16942,0.37538,0.29861,0.3517,0.06028,0.26454
54,"In this case, Our customers also",cau_dmd,0.5,1,12,0.50008,0.07502,0.73034,0.73312,0.16919,0.37538,0.30036,0.35919,0.06443,0.30671
54,"In this case, Our customers also",cau_dmd,0.7,1,14,0.7086,0.08183,0.80357,0.80544,0.16499,0.37538,0.29355,0.33119,0.07404,0.39834
54,"In this case, Our customers also",cau_dmd,0.9,1,18,0.93183,0.13654,0.89779,0.89684,0.12024,0.37538,0.23884,0.17737,0.10499,0.61543
54,"In this case, Our customers also",cau_dmd,0.99,1,23,0.99081,0.27389,1.15899,1.15202,0.05775,0.37538,0.1015,0.02429,0.15136,0.98334
54,"In this case, Our customers also",dua_dmd,0.3,1,2,0.77604,0.47737,0.35706,0.35687,0.02361,0.37538,0.10199,0.02112,0.04753,0.2884
54,"In this case, Our customers also",dua_dmd,0.5,1,2,0.77604,0.47737,0.35706,0.35687,0.02361,0.37538,0.10199,0.02112,0.04753,0.2884
54,"In this case, Our customers also",dua_dmd,0.7,1,2,0.77604,0.47737,0.35706,0.35687,0.02361,0.37538,0.10199,0.02112,0.04753,0.2884
54,"In this case, Our customers also",dua_dmd,0.9,1,3,0.95153,0.50643,0.747,0.73824,0.03637,0.37538,0.13104,0.03468,0.07038,0.64195
54,"In this case, Our customers also",dua_dmd,0.99,1,4,0.99432,0.52893,1.30236,1.28168,0.03137,0.37538,0.15355,0.0475,0.07898,1.17589
155,"Usually, People always",euc_ctx,0.3,1,5,0.43733,0.3212,0.45719,0.4669,0.11038,0.60611,0.28491,0.1705,0.03667,0.25002
155,"Usually, People always",euc_ctx,0.5,1,6,0.65745,0.33099,0.55598,0.56518,0.11086,0.60611,0.27512,0.15803,0.04952,0.34844
155,"Usually, People always",euc_ctx,0.7,1,7,0.82444,0.37452,0.62915,0.63694,0.10688,0.60611,0.23159,0.10964,0.05839,0.46113
155,"Usually, People always",euc_ctx,0.9,1,8,0.91911,0.43958,0.70834,0.7139,0.05981,0.60611,0.16653,0.05582,0.06307,0.58945
155,"Usually, People always",euc_ctx,0.99,1,11,0.99324,0.63068,1.15884,1.15395,0.05008,0.60611,0.02457,0.00129,0.06983,1.08772
155,"Usually, People always",cau_ctx,0.3,0,,,,,,,,,,,
155,"Usually, People always",cau_ctx,0.5,0,,,,,,,,,,,
155,"Usually, People always",cau_ctx,0.7,0,,,,,,,,,,,
155,"Usually, People always",cau_ctx,0.9,0,,,,,,,,,,,
155,"Usually, People always",cau_ctx,0.99,0,,,,,,,,,,,
155,"Usually, People always",dua_ctx,0.3,1,36,0.30831,0.54914,0.87308,0.86391,0.01377,0.60611,0.05697,0.00662,0.0814,0.78506
155,"Usually, People always",dua_ctx,0.5,1,53,0.50279,0.51814,1.8463,1.81366,0.01831,0.60611,0.08796,0.01564,0.17244,1.65821
155,"Usually, People always",dua_ctx,0.7,1,70,0.70173,0.49964,3.08075,3.02198,0.04348,0.60611,0.10647,0.02284,0.28149,2.77643
155,"Usually, People always",dua_ctx,0.9,1,91,0.90455,0.50064,4.68255,4.59562,0.10864,0.60611,0.10547,0.02242,0.47587,4.18427
155,"Usually, People always",dua_ctx,0.99,1,115,0.99088,0.55089,6.05731,5.94751,0.11927,0.60611,0.05522,0.00622,0.69324,5.35785
155,"Usually, People always",euc_unemb,0.3,1,1,0.49186,0.31277,0.45553,0.46607,0.12262,0.60611,0.29334,0.18176,0.05987,0.2139
155,"Usually, People always",euc_unemb,0.5,1,2,0.99177,0.53011,1.28943,1.28578,0.1376,0.60611,0.07599,0.01171,0.24466,1.03306
155,"Usually, People always",euc_unemb,0.7,1,2,0.99177,0.53011,1.28943,1.28578,0.1376,0.60611,0.07599,0.01171,0.24466,1.03306
155,"Usually, People always",euc_unemb,0.9,1,2,0.99177,0.53011,1.28943,1.28578,0.1376,0.60611,0.07599,0.01171,0.24466,1.03306
155,"Usually, People always",euc_unemb,0.99,1,2,0.99177,0.53011,1.28943,1.28578,0.1376,0.60611,0.07599,0.01171,0.24466,1.03306
155,"Usually, People always",cau_unemb,0.3,1,22,0.32108,0.35677,0.26547,0.27461,0.09747,0.60611,0.24934,0.12804,0.02564,0.11179
155,"Usually, People always",cau_unemb,0.5,1,27,0.54455,0.35878,0.33864,0.34783,0.12224,0.60611,0.24732,0.12587,0.04072,0.17206
155,"Usually, People always",cau_unemb,0.7,1,31,0.71464,0.38861,0.38842,0.39686,0.1319,0.60611,0.2175,0.09623,0.05912,0.23307
155,"Usually, People always",cau_unemb,0.9,1,38,0.90073,0.48188,0.5069,0.51232,0.12448,0.60611,0.12422,0.03104,0.10023,0.37563
155,"Usually, People always",cau_unemb,0.99,1,52,0.99143,0.64628,1.02782,1.022,0.11961,0.60611,0.04017,0.00347,0.17943,0.84491
155,"Usually, People always",dua_unemb,0.3,1,2,0.67148,0.60556,0.35783,0.36008,0.02242,0.60611,0.00055,0.0,0.0545,0.30332
155,"Usually, People always",dua_unemb,0.5,1,2,0.67148,0.60556,0.35783,0.36008,0.02242,0.60611,0.00055,0.0,0.0545,0.30332
155,"Usually, People always",dua_unemb,0.7,1,3,0.87075,0.62037,0.79143,0.78518,0.02303,0.60611,0.01426,0.00043,0.09432,0.69668
155,"Usually, People always",dua_unemb,0.9,1,4,0.95478,0.63084,1.37327,1.35441,0.02837,0.60611,0.02473,0.0013,0.1138,1.25817
155,"Usually, People always",dua_unemb,0.99,1,5,0.99079,0.64286,2.12426,2.08967,0.02948,0.60611,0.03676,0.0029,0.1246,1.99676
155,"Usually, People always",euc_dmd,0.3,1,1,0.51445,0.26315,0.57707,0.58667,0.15105,0.60611,0.34296,0.259,0.0607,0.25738
155,"Usually, People always",euc_dmd,0.5,1,1,0.51445,0.26315,0.57707,0.58667,0.15105,0.60611,0.34296,0.259,0.0607,0.25738
155,"Usually, People always",euc_dmd,0.7,1,2,0.99193,0.49065,1.20947,1.20681,0.13617,0.60611,0.11546,0.02683,0.19919,0.98344
155,"Usually, People always",euc_dmd,0.9,1,2,0.99193,0.49065,1.20947,1.20681,0.13617,0.60611,0.11546,0.02683,0.19919,0.98344
155,"Usually, People always",euc_dmd,0.99,1,2,0.99193,0.49065,1.20947,1.20681,0.13617,0.60611,0.11546,0.02683,0.19919,0.98344
155,"Usually, People always",cau_dmd,0.3,1,9,0.32365,0.2973,0.41398,0.4229,0.13885,0.60611,0.30881,0.20374,0.04918,0.16106
155,"Usually, People always",cau_dmd,0.5,1,11,0.53963,0.28603,0.53081,0.53955,0.14528,0.60611,0.32008,0.2209,0.07266,0.23725
155,"Usually, People always",cau_dmd,0.7,1,13,0.7397,0.30853,0.62684,0.63455,0.14661,0.60611,0.29757,0.1876,0.11079,0.32844
155,"Usually, People always",cau_dmd,0.9,1,16,0.913,0.38797,0.78236,0.78698,0.15686,0.60611,0.21814,0.09681,0.18846,0.49709
155,"Usually, People always",cau_dmd,0.99,1,22,0.99242,0.5625,1.3317,1.32564,0.15266,0.60611,0.0436,0.0039,0.35284,0.97496
155,"Usually, People always",dua_dmd,0.3,1,2,0.77884,0.60855,0.41822,0.42124,0.04543,0.60611,0.00244,1e-05,0.06571,0.3525
155,"Usually, People always",dua_dmd,0.5,1,2,0.77884,0.60855,0.41822,0.42124,0.04543,0.60611,0.00244,1e-05,0.06571,0.3525
155,"Usually, People always",dua_dmd,0.7,1,2,0.77884,0.60855,0.41822,0.42124,0.04543,0.60611,0.00244,1e-05,0.06571,0.3525
155,"Usually, People always",dua_dmd,0.9,1,3,0.95112,0.61654,0.93572,0.93343,0.0526,0.60611,0.01043,0.00023,0.10541,0.83008
155,"Usually, People always",dua_dmd,0.99,1,4,0.99344,0.63132,1.59663,1.58562,0.05005,0.60611,0.02521,0.00135,0.12101,1.47426
211,"At work, Both of them never",euc_ctx,0.3,1,5,0.34151,0.04495,0.30783,0.30493,0.01823,0.18634,0.14139,0.13462,0.02164,0.15157
211,"At work, Both of them never",euc_ctx,0.5,1,6,0.54337,0.04544,0.35857,0.3545,0.01918,0.18634,0.1409,0.13302,0.02173,0.20382
211,"At work, Both of them never",euc_ctx,0.7,1,7,0.72666,0.05391,0.39047,0.38507,0.01974,0.18634,0.13243,0.10842,0.02046,0.2616
211,"At work, Both of them never",euc_ctx,0.9,1,9,0.9247,0.10109,0.45331,0.44467,0.01962,0.18634,0.08525,0.03288,0.02307,0.39736
211,"At work, Both of them never",euc_ctx,0.99,1,12,0.99051,0.27459,0.74558,0.72961,0.06039,0.18634,0.08825,0.02117,0.0334,0.69101
211,"At work, Both of them never",cau_ctx,0.3,0,,,,,,,,,,,
211,"At work, Both of them never",cau_ctx,0.5,0,,,,,,,,,,,
211,"At work, Both of them never",cau_ctx,0.7,0,,,,,,,,,,,
211,"At work, Both of them never",cau_ctx,0.9,0,,,,,,,,,,,
211,"At work, Both of them never",cau_ctx,0.99,0,,,,,,,,,,,
211,"At work, Both of them never",dua_ctx,0.3,1,14,0.30836,0.16468,0.1209,0.11984,0.00904,0.18634,0.02166,0.00165,0.01376,0.10549
211,"At work, Both of them never",dua_ctx,0.5,1,20,0.50273,0.16417,0.23887,0.23299,0.0117,0.18634,0.02217,0.00173,0.02632,0.21081
211,"At work, Both of them never",dua_ctx,0.7,1,27,0.70083,0.16954,0.43418,0.41998,0.01763,0.18634,0.0168,0.00098,0.04454,0.38866
211,"At work, Both of them never",dua_ctx,0.9,1,42,0.90565,0.20852,1.15509,1.11312,0.02845,0.18634,0.02218,0.00153,0.07736,1.07619
211,"At work, Both of them never",dua_ctx,0.99,1,64,0.99058,0.28415,2.52222,2.44494,0.07081,0.18634,0.09781,0.02559,0.12629,2.37035
211,"At work, Both of them never",euc_unemb,0.3,1,1,0.4591,0.03741,0.43322,0.43299,0.09367,0.18634,0.14893,0.16244,0.01837,0.25241
211,"At work, Both of them never",euc_unemb,0.5,1,2,0.99223,0.15878,1.0565,1.04772,0.11006,0.18634,0.02756,0.00272,0.11665,0.93713
211,"At work, Both of them never",euc_unemb,0.7,1,2,0.99223,0.15878,1.0565,1.04772,0.11006,0.18634,0.02756,0.00272,0.11665,0.93713
211,"At work, Both of them never",euc_unemb,0.9,1,2,0.99223,0.15878,1.0565,1.04772,0.11006,0.18634,0.02756,0.00272,0.11665,0.93713
211,"At work, Both of them never",euc_unemb,0.99,1,2,0.99223,0.15878,1.0565,1.04772,0.11006,0.18634,0.02756,0.00272,0.11665,0.93713
211,"At work, Both of them never",cau_unemb,0.3,1,24,0.33649,0.05309,0.2215,0.22193,0.0178,0.18634,0.13325,0.11057,0.00853,0.1024
211,"At work, Both of them never",cau_unemb,0.5,1,28,0.51446,0.05358,0.25771,0.25774,0.01927,0.18634,0.13276,0.10927,0.01202,0.13642
211,"At work, Both of them never",cau_unemb,0.7,1,33,0.72604,0.06424,0.29488,0.29421,0.02595,0.18634,0.1221,0.08469,0.02325,0.18694
211,"At work, Both of them never",cau_unemb,0.9,1,40,0.90458,0.10298,0.35871,0.35654,0.0327,0.18634,0.08336,0.03115,0.04939,0.27817
211,"At work, Both of them never",cau_unemb,0.99,1,54,0.99154,0.28061,0.72845,0.72018,0.08381,0.18634,0.09427,0.02391,0.10117,0.60337
211,"At work, Both of them never",dua_unemb,0.3,1,2,0.89271,0.36877,0.38617,0.38486,0.07493,0.18634,0.18243,0.07937,0.02441,0.2824
211,"At work, Both of them never",dua_unemb,0.5,1,2,0.89271,0.36877,0.38617,0.38486,0.07493,0.18634,0.18243,0.07937,0.02441,0.2824
211,"At work, Both of them never",dua_unemb,0.7,1,2,0.89271,0.36877,0.38617,0.38486,0.07493,0.18634,0.18243,0.07937,0.02441,0.2824
211,"At work, Both of them never",dua_unemb,0.9,1,3,0.99227,0.43404,0.78323,0.7714,0.08734,0.18634,0.2477,0.13782,0.02855,0.61686
211,"At work, Both of them never",dua_unemb,0.99,1,3,0.99227,0.43404,0.78323,0.7714,0.08734,0.18634,0.2477,0.13782,0.02855,0.61686
211,"At work, Both of them never",euc_dmd,0.3,1,1,0.43602,0.02746,0.49919,0.49549,0.04039,0.18634,0.15888,0.2117,0.01904,0.26846
211,"At work, Both of them never",euc_dmd,0.5,1,2,0.98744,0.08131,1.01689,1.00309,0.09934,0.18634,0.10503,0.05575,0.0949,0.86624
211,"At work, Both of them never",euc_dmd,0.7,1,2,0.98744,0.08131,1.01689,1.00309,0.09934,0.18634,0.10503,0.05575,0.0949,0.86624
211,"At work, Both of them never",euc_dmd,0.9,1,2,0.98744,0.08131,1.01689,1.00309,0.09934,0.18634,0.10503,0.05575,0.0949,0.86624
211,"At work, Both of them never",euc_dmd,0.99,1,3,0.99983,0.30971,2.02658,1.99603,0.1159,0.18634,0.12337,0.03912,0.16972,1.81774
211,"At work, Both of them never",cau_dmd,0.3,1,10,0.30403,0.04084,0.34077,0.3384,0.03358,0.18634,0.1455,0.14898,0.02187,0.16992
211,"At work, Both of them never",cau_dmd,0.5,1,13,0.60064,0.03977,0.46229,0.45804,0.03643,0.18634,0.14657,0.15304,0.03294,0.27631
211,"At work, Both of them never",cau_dmd,0.7,1,15,0.77121,0.04686,0.54362,0.53784,0.04262,0.18634,0.13948,0.1285,0.05112,0.36401
211,"At work, Both of them never",cau_dmd,0.9,1,18,0.91684,0.07004,0.69314,0.6845,0.06878,0.18634,0.1163,0.07363,0.0906,0.52891
211,"At work, Both of them never",cau_dmd,0.99,1,24,0.99085,0.15874,1.22039,1.20327,0.08797,0.18634,0.0276,0.00273,0.17399,1.04367
211,"At work, Both of them never",dua_dmd,0.3,1,2,0.88458,0.33323,0.33062,0.32918,0.06519,0.18634,0.14689,0.05369,0.02206,0.25487
211,"At work, Both of them never",dua_dmd,0.5,1,2,0.88458,0.33323,0.33062,0.32918,0.06519,0.18634,0.14689,0.05369,0.02206,0.25487
211,"At work, Both of them never",dua_dmd,0.7,1,2,0.88458,0.33323,0.33062,0.32918,0.06519,0.18634,0.14689,0.05369,0.02206,0.25487
211,"At work, Both of them never",dua_dmd,0.9,1,3,0.98232,0.37439,0.64181,0.63293,0.07581,0.18634,0.18805,0.08383,0.02835,0.52963
211,"At work, Both of them never",dua_dmd,0.99,1,4,0.99708,0.3998,1.02827,1.009,0.0886,0.18634,0.21346,0.10533,0.03152,0.89142
59,"At home, They sometimes",euc_ctx,0.3,1,6,0.33376,0.11041,0.62803,0.63405,0.08956,0.38854,0.27812,0.2596,0.03914,0.32929
59,"At home, They sometimes",euc_ctx,0.5,1,7,0.52605,0.10844,0.73034,0.7361,0.08966,0.38854,0.2801,0.26525,0.03994,0.42515
59,"At home, They sometimes",euc_ctx,0.7,1,8,0.70752,0.12127,0.79649,0.80167,0.08816,0.38854,0.26727,0.23068,0.03658,0.52923
59,"At home, They sometimes",euc_ctx,0.9,1,10,0.91584,0.19236,0.90111,0.90414,0.07807,0.38854,0.19617,0.103,0.03287,0.76524
59,"At home, They sometimes",euc_ctx,0.99,1,14,0.99439,0.45462,1.46753,1.46114,0.04333,0.38854,0.06609,0.00891,0.04476,1.41386
59,"At home, They sometimes",cau_ctx,0.3,0,,,,,,,,,,,
59,"At home, They sometimes",cau_ctx,0.5,0,,,,,,,,,,,
59,"At home, They sometimes",cau_ctx,0.7,0,,,,,,,,,,,
59,"At home, They sometimes",cau_ctx,0.9,0,,,,,,,,,,,
59,"At home, They sometimes",cau_ctx,0.99,0,,,,,,,,,,,
59,"At home, They sometimes",dua_ctx,0.3,1,29,0.31363,0.36037,0.55558,0.55805,0.01307,0.38854,0.02817,0.0017,0.04492,0.50896
59,"At home, They sometimes",dua_ctx,0.5,1,42,0.50406,0.34679,1.17611,1.16855,0.02041,0.38854,0.04175,0.00378,0.09497,1.07735
59,"At home, They sometimes",dua_ctx,0.7,1,56,0.70167,0.34077,2.15432,2.13088,0.02578,0.38854,0.04776,0.00497,0.16436,1.98498
59,"At home, They sometimes",dua_ctx,0.9,1,80,0.90091,0.37576,4.62191,4.56424,0.03463,0.38854,0.01278,0.00035,0.29318,4.32838
59,"At home, They sometimes",dua_ctx,0.99,1,112,0.99089,0.46033,7.03072,6.93316,0.03637,0.38854,0.07179,0.01049,0.48199,6.53823
59,"At home, They sometimes",euc_unemb,0.3,1,2,0.97225,0.20785,1.14877,1.1512,0.07966,0.38854,0.18068,0.08475,0.19036,0.87366
59,"At home, They sometimes",euc_unemb,0.5,1,2,0.97225,0.20785,1.14877,1.1512,0.07966,0.38854,0.18068,0.08475,0.19036,0.87366
59,"At home, They sometimes",euc_unemb,0.7,1,2,0.97225,0.20785,1.14877,1.1512,0.07966,0.38854,0.18068,0.08475,0.19036,0.87366
59,"At home, They sometimes",euc_unemb,0.9,1,2,0.97225,0.20785,1.14877,1.1512,0.07966,0.38854,0.18068,0.08475,0.19036,0.87366
59,"At home, They sometimes",euc_unemb,0.99,1,3,0.99973,0.49413,2.56315,2.54739,0.06652,0.38854,0.1056,0.02251,0.39642,2.14423
59,"At home, They sometimes",cau_unemb,0.3,1,29,0.30353,0.13256,0.38887,0.39534,0.08311,0.38854,0.25597,0.20398,0.02171,0.16318
59,"At home, They sometimes",cau_unemb,0.5,1,34,0.50124,0.13287,0.45003,0.45653,0.0824,0.38854,0.25566,0.20329,0.02595,0.22079
59,"At home, They sometimes",cau_unemb,0.7,1,40,0.73162,0.15903,0.50109,0.5071,0.07842,0.38854,0.22951,0.1522,0.04561,0.30328
59,"At home, They sometimes",cau_unemb,0.9,1,48,0.91085,0.24195,0.59147,0.5957,0.06016,0.38854,0.14659,0.05264,0.09519,0.44363
59,"At home, They sometimes",cau_unemb,0.99,1,62,0.99012,0.46492,1.02963,1.02676,0.05542,0.38854,0.07639,0.01186,0.18668,0.83109
59,"At home, They sometimes",dua_unemb,0.3,1,2,0.76812,0.50733,0.34892,0.35104,0.05718,0.38854,0.11879,0.02843,0.03339,0.28709
59,"At home, They sometimes",dua_unemb,0.5,1,2,0.76812,0.50733,0.34892,0.35104,0.05718,0.38854,0.11879,0.02843,0.03339,0.28709
59,"At home, They sometimes",dua_unemb,0.7,1,2,0.76812,0.50733,0.34892,0.35104,0.05718,0.38854,0.11879,0.02843,0.03339,0.28709
59,"At home, They sometimes",dua_unemb,0.9,1,3,0.96881,0.56519,0.83925,0.83637,0.04349,0.38854,0.17666,0.06286,0.04662,0.72976
59,"At home, They sometimes",dua_unemb,0.99,1,4,0.99836,0.59667,1.57075,1.55976,0.04002,0.38854,0.20813,0.08775,0.05214,1.43086
59,"At home, They sometimes",euc_dmd,0.3,1,2,0.95837,0.12311,1.28207,1.28087,0.08108,0.38854,0.26543,0.22611,0.14084,0.91511
59,"At home, They sometimes",euc_dmd,0.5,1,2,0.95837,0.12311,1.28207,1.28087,0.08108,0.38854,0.26543,0.22611,0.14084,0.91511
59,"At home, They sometimes",euc_dmd,0.7,1,2,0.95837,0.12311,1.28207,1.28087,0.08108,0.38854,0.26543,0.22611,0.14084,0.91511
59,"At home, They sometimes",euc_dmd,0.9,1,2,0.95837,0.12311,1.28207,1.28087,0.08108,0.38854,0.26543,0.22611,0.14084,0.91511
59,"At home, They sometimes",euc_dmd,0.99,1,3,0.99934,0.36986,2.14135,2.1266,0.07463,0.38854,0.01868,0.00074,0.28801,1.8526
59,"At home, They sometimes",cau_dmd,0.3,1,13,0.33153,0.10262,0.60184,0.60602,0.08823,0.38854,0.28591,0.2827,0.04526,0.27387
59,"At home, They sometimes",cau_dmd,0.5,1,15,0.51131,0.10028,0.6962,0.69982,0.08405,0.38854,0.28825,0.29007,0.05093,0.3552
59,"At home, They sometimes",cau_dmd,0.7,1,18,0.75931,0.11881,0.82249,0.82468,0.07935,0.38854,0.26973,0.23692,0.08753,0.49804
59,"At home, They sometimes",cau_dmd,0.9,1,21,0.90314,0.16329,0.97027,0.97021,0.06626,0.38854,0.22524,0.14503,0.1531,0.67214
59,"At home, They sometimes",cau_dmd,0.99,1,28,0.99085,0.32494,1.59292,1.58369,0.04457,0.38854,0.0636,0.00895,0.32297,1.261
59,"At home, They sometimes",dua_dmd,0.3,1,2,0.76124,0.4939,0.3226,0.32409,0.02414,0.38854,0.10536,0.02241,0.03001,0.27017
59,"At home, They sometimes",dua_dmd,0.5,1,2,0.76124,0.4939,0.3226,0.32409,0.02414,0.38854,0.10536,0.02241,0.03001,0.27017
59,"At home, They sometimes",dua_dmd,0.7,1,2,0.76124,0.4939,0.3226,0.32409,0.02414,0.38854,0.10536,0.02241,0.03001,0.27017
59,"At home, They sometimes",dua_dmd,0.9,1,3,0.9373,0.52185,0.6873,0.68587,0.02892,0.38854,0.13331,0.03576,0.04795,0.60359
59,"At home, They sometimes",dua_dmd,0.99,1,5,0.99746,0.55824,1.87207,1.85973,0.02926,0.38854,0.1697,0.05797,0.07288,1.74122
188,"Over time, Most doctors usually",euc_ctx,0.3,1,6,0.53256,0.19532,0.8379,0.84923,0.09354,0.43432,0.23899,0.14772,0.0442,0.64598
188,"Over time, Most doctors usually",euc_ctx,0.5,1,6,0.53256,0.19532,0.8379,0.84923,0.09354,0.43432,0.23899,0.14772,0.0442,0.64598
188,"Over time, Most doctors usually",euc_ctx,0.7,1,7,0.75181,0.22323,1.02374,1.03401,0.08004,0.43432,0.21108,0.10968,0.04711,0.86694
188,"Over time, Most doctors usually",euc_ctx,0.9,1,9,0.9521,0.34997,1.46816,1.47357,0.05919,0.43432,0.08435,0.01516,0.049,1.40401
188,"Over time, Most doctors usually",euc_ctx,0.99,1,11,0.99144,0.48749,2.14855,2.1459,0.05664,0.43432,0.05317,0.00568,0.05433,2.08854
188,"Over time, Most doctors usually",cau_ctx,0.3,0,,,,,,,,,,,
188,"Over time, Most doctors usually",cau_ctx,0.5,0,,,,,,,,,,,
188,"Over time, Most doctors usually",cau_ctx,0.7,0,,,,,,,,,,,
188,"Over time, Most doctors usually",cau_ctx,0.9,0,,,,,,,,,,,
188,"Over time, Most doctors usually",cau_ctx,0.99,0,,,,,,,,,,,
188,"Over time, Most doctors usually",dua_ctx,0.3,1,33,0.30307,0.4064,0.91199,0.90942,0.04296,0.43432,0.02792,0.0016,0.07396,0.83642
188,"Over time, Most doctors usually",dua_ctx,0.5,1,50,0.51046,0.38318,2.20911,2.18553,0.06949,0.43432,0.05113,0.00545,0.18115,2.0225
188,"Over time, Most doctors usually",dua_ctx,0.7,1,64,0.70356,0.37626,3.94656,3.90034,0.0751,0.43432,0.05805,0.00705,0.29157,3.64793
188,"Over time, Most doctors usually",dua_ctx,0.9,1,85,0.90413,0.4063,7.68885,7.61008,0.05958,0.43432,0.02802,0.00162,0.4648,7.22243
188,"Over time, Most doctors usually",dua_ctx,0.99,1,111,0.99101,0.47484,10.99256,10.88057,0.06787,0.43432,0.04053,0.00331,0.70719,10.28206
188,"Over time, Most doctors usually",euc_unemb,0.3,1,1,0.38421,0.15183,0.61087,0.62226,0.10046,0.43432,0.28249,0.22735,0.04849,0.33502
188,"Over time, Most doctors usually",euc_unemb,0.5,1,2,0.99431,0.35318,2.00521,2.00233,0.10125,0.43432,0.08113,0.01399,0.25041,1.74081
188,"Over time, Most doctors usually",euc_unemb,0.7,1,2,0.99431,0.35318,2.00521,2.00233,0.10125,0.43432,0.08113,0.01399,0.25041,1.74081
188,"Over time, Most doctors usually",euc_unemb,0.9,1,2,0.99431,0.35318,2.00521,2.00233,0.10125,0.43432,0.08113,0.01399,0.25041,1.74081
188,"Over time, Most doctors usually",euc_unemb,0.99,1,2,0.99431,0.35318,2.00521,2.00233,0.10125,0.43432,0.08113,0.01399,0.25041,1.74081
188,"Over time, Most doctors usually",cau_unemb,0.3,1,25,0.30172,0.18957,0.44098,0.45105,0.08834,0.43432,0.24475,0.15668,0.01841,0.26589
188,"Over time, Most doctors usually",cau_unemb,0.5,1,30,0.54943,0.19225,0.56846,0.57847,0.09149,0.43432,0.24206,0.15244,0.02168,0.39433
188,"Over time, Most doctors usually",cau_unemb,0.7,1,34,0.73613,0.21848,0.66887,0.67809,0.09003,0.43432,0.21583,0.11557,0.03176,0.52153
188,"Over time, Most doctors usually",cau_unemb,0.9,1,40,0.90569,0.29187,0.86754,0.8742,0.09215,0.43432,0.14244,0.04558,0.05918,0.76278
188,"Over time, Most doctors usually",cau_unemb,0.99,1,52,0.99108,0.45653,1.59478,1.5916,0.07894,0.43432,0.02221,0.001,0.1205,1.47328
188,"Over time, Most doctors usually",dua_unemb,0.3,1,2,0.78325,0.50072,0.4925,0.49276,0.10095,0.43432,0.0664,0.00884,0.04267,0.44099
188,"Over time, Most doctors usually",dua_unemb,0.5,1,2,0.78325,0.50072,0.4925,0.49276,0.10095,0.43432,0.0664,0.00884,0.04267,0.44099
188,"Over time, Most doctors usually",dua_unemb,0.7,1,2,0.78325,0.50072,0.4925,0.49276,0.10095,0.43432,0.0664,0.00884,0.04267,0.44099
188,"Over time, Most doctors usually",dua_unemb,0.9,1,3,0.96681,0.53716,1.15524,1.14669,0.10464,0.43432,0.10284,0.0212,0.06786,1.06618
188,"Over time, Most doctors usually",dua_unemb,0.99,1,4,0.99858,0.5484,2.35278,2.32999,0.10391,0.43432,0.11409,0.02612,0.08198,2.24468
188,"Over time, Most doctors usually",euc_dmd,0.3,1,1,0.3741,0.134,0.72404,0.73517,0.10251,0.43432,0.30031,0.26982,0.03586,0.41836
188,"Over time, Most doctors usually",euc_dmd,0.5,1,2,0.99248,0.30866,1.91522,1.91514,0.09054,0.43432,0.12565,0.03486,0.14727,1.73309
188,"Over time, Most doctors usually",euc_dmd,0.7,1,2,0.99248,0.30866,1.91522,1.91514,0.09054,0.43432,0.12565,0.03486,0.14727,1.73309
188,"Over time, Most doctors usually",euc_dmd,0.9,1,2,0.99248,0.30866,1.91522,1.91514,0.09054,0.43432,0.12565,0.03486,0.14727,1.73309
188,"Over time, Most doctors usually",euc_dmd,0.99,1,2,0.99248,0.30866,1.91522,1.91514,0.09054,0.43432,0.12565,0.03486,0.14727,1.73309
188,"Over time, Most doctors usually",cau_dmd,0.3,1,11,0.33161,0.16658,0.63881,0.64923,0.09541,0.43432,0.26773,0.19699,0.05095,0.39087
188,"Over time, Most doctors usually",cau_dmd,0.5,1,13,0.55851,0.16797,0.79592,0.80604,0.09518,0.43432,0.26634,0.19433,0.05639,0.5452
188,"Over time, Most doctors usually",cau_dmd,0.7,1,15,0.76074,0.19425,0.95454,0.96355,0.09098,0.43432,0.24007,0.14936,0.07719,0.72799
188,"Over time, Most doctors usually",cau_dmd,0.9,1,18,0.92489,0.27049,1.26011,1.26583,0.055,0.43432,0.16382,0.06179,0.1324,1.06593
188,"Over time, Most doctors usually",cau_dmd,0.99,1,23,0.99091,0.40912,2.07764,2.07372,0.05287,0.43432,0.02519,0.0013,0.23789,1.83845
188,"Over time, Most doctors usually",dua_dmd,0.3,1,2,0.8294,0.51429,0.54216,0.54345,0.0478,0.43432,0.07997,0.01282,0.04301,0.48634
188,"Over time, Most doctors usually",dua_dmd,0.5,1,2,0.8294,0.51429,0.54216,0.54345,0.0478,0.43432,0.07997,0.01282,0.04301,0.48634
188,"Over time, Most doctors usually",dua_dmd,0.7,1,2,0.8294,0.51429,0.54216,0.54345,0.0478,0.43432,0.07997,0.01282,0.04301,0.48634
188,"Over time, Most doctors usually",dua_dmd,0.9,1,3,0.97668,0.52904,1.28545,1.2828,0.05442,0.43432,0.09472,0.01798,0.07309,1.19437
188,"Over time, Most doctors usually",dua_dmd,0.99,1,4,0.9979,0.53593,2.46027,2.44978,0.05666,0.43432,0.10161,0.0207,0.09126,2.34831
96,"Over time, These kids just",euc_ctx,0.3,1,6,0.39186,0.0665,0.57993,0.58046,0.08179,0.29322,0.22672,0.23841,0.03743,0.30408
96,"Over time, These kids just",euc_ctx,0.5,1,7,0.59371,0.06817,0.66547,0.66511,0.08257,0.29322,0.22506,0.23243,0.04378,0.38926
96,"Over time, These kids just",euc_ctx,0.7,1,8,0.76513,0.08051,0.72264,0.72119,0.08239,0.29322,0.21271,0.19304,0.04826,0.48134
96,"Over time, These kids just",euc_ctx,0.9,1,10,0.93867,0.14131,0.8242,0.81979,0.07777,0.29322,0.15191,0.07644,0.05716,0.6906
96,"Over time, These kids just",euc_ctx,0.99,1,13,0.99264,0.32178,1.18198,1.17032,0.05923,0.29322,0.02856,0.0019,0.07119,1.1089
96,"Over time, These kids just",cau_ctx,0.3,0,,,,,,,,,,,
96,"Over time, These kids just",cau_ctx,0.5,0,,,,,,,,,,,
96,"Over time, These kids just",cau_ctx,0.7,0,,,,,,,,,,,
96,"Over time, These kids just",cau_ctx,0.9,0,,,,,,,,,,,
96,"Over time, These kids just",cau_ctx,0.99,0,,,,,,,,,,,
96,"Over time, These kids just",dua_ctx,0.3,1,22,0.31295,0.26038,0.25986,0.25588,0.02902,0.29322,0.03284,0.00273,0.02576,0.23137
96,"Over time, These kids just",dua_ctx,0.5,1,32,0.5141,0.25308,0.52606,0.51191,0.03338,0.29322,0.04014,0.00413,0.05065,0.47129
96,"Over time, These kids just",dua_ctx,0.7,1,42,0.70505,0.25095,0.88163,0.85403,0.04671,0.29322,0.04227,0.00459,0.07997,0.79707
96,"Over time, These kids just",dua_ctx,0.9,1,58,0.90466,0.26682,1.70855,1.6562,0.06293,0.29322,0.02641,0.00175,0.12983,1.57697
96,"Over time, These kids just",dua_ctx,0.99,1,84,0.99116,0.33596,4.09375,4.00671,0.06547,0.29322,0.04274,0.00419,0.21723,3.87234
96,"Over time, These kids just",euc_unemb,0.3,1,2,0.97054,0.12785,1.25907,1.25426,0.13176,0.29322,0.16537,0.0948,0.13022,1.03406
96,"Over time, These kids just",euc_unemb,0.5,1,2,0.97054,0.12785,1.25907,1.25426,0.13176,0.29322,0.16537,0.0948,0.13022,1.03406
96,"Over time, These kids just",euc_unemb,0.7,1,2,0.97054,0.12785,1.25907,1.25426,0.13176,0.29322,0.16537,0.0948,0.13022,1.03406
96,"Over time, These kids just",euc_unemb,0.9,1,2,0.97054,0.12785,1.25907,1.25426,0.13176,0.29322,0.16537,0.0948,0.13022,1.03406
96,"Over time, These kids just",euc_unemb,0.99,1,3,0.99971,0.39569,2.58974,2.56724,0.17701,0.29322,0.10246,0.02282,0.2686,2.29833
96,"Over time, These kids just",cau_unemb,0.3,1,28,0.32758,0.07885,0.44919,0.45093,0.07434,0.29322,0.21438,0.19789,0.0159,0.2354
96,"Over time, These kids just",cau_unemb,0.5,1,33,0.53661,0.078,0.5365,0.53755,0.07564,0.29322,0.21522,0.20041,0.02061,0.31548
96,"Over time, These kids just",cau_unemb,0.7,1,38,0.73292,0.09006,0.60658,0.60663,0.07298,0.29322,0.20316,0.16756,0.03168,0.40734
96,"Over time, These kids just",cau_unemb,0.9,1,45,0.90131,0.13082,0.70654,0.70457,0.07328,0.29322,0.1624,0.09048,0.05489,0.56118
96,"Over time, These kids just",cau_unemb,0.99,1,59,0.99001,0.28429,1.11264,1.10353,0.11682,0.29322,0.00893,0.00019,0.09863,1.01381
96,"Over time, These kids just",dua_unemb,0.3,1,2,0.67486,0.37002,0.25718,0.25861,0.04232,0.29322,0.07679,0.01309,0.03091,0.21319
96,"Over time, These kids just",dua_unemb,0.5,1,2,0.67486,0.37002,0.25718,0.25861,0.04232,0.29322,0.07679,0.01309,0.03091,0.21319
96,"Over time, These kids just",dua_unemb,0.7,1,3,0.89874,0.42038,0.56823,0.56252,0.09426,0.29322,0.12715,0.03455,0.05369,0.47998
96,"Over time, These kids just",dua_unemb,0.9,1,4,0.97064,0.44756,1.01782,1.00113,0.09885,0.29322,0.15434,0.05013,0.06453,0.90316
96,"Over time, These kids just",dua_unemb,0.99,1,5,0.9939,0.46652,1.64106,1.61121,0.12558,0.29322,0.1733,0.06265,0.07021,1.5082
96,"Over time, These kids just",euc_dmd,0.3,1,2,0.9702,0.06832,1.46432,1.45467,0.13727,0.29322,0.22491,0.23189,0.12567,1.10676
96,"Over time, These kids just",euc_dmd,0.5,1,2,0.9702,0.06832,1.46432,1.45467,0.13727,0.29322,0.22491,0.23189,0.12567,1.10676
96,"Over time, These kids just",euc_dmd,0.7,1,2,0.9702,0.06832,1.46432,1.45467,0.13727,0.29322,0.22491,0.23189,0.12567,1.10676
96,"Over time, These kids just",euc_dmd,0.9,1,2,0.9702,0.06832,1.46432,1.45467,0.13727,0.29322,0.22491,0.23189,0.12567,1.10676
96,"Over time, These kids just",euc_dmd,0.99,1,3,0.99956,0.22749,2.35751,2.33323,0.18164,0.29322,0.06573,0.01157,0.22229,2.12365
96,"Over time, These kids just",cau_dmd,0.3,1,12,0.38401,0.05189,0.71524,0.71503,0.07955,0.29322,0.24133,0.30017,0.04743,0.36765
96,"Over time, These kids just",cau_dmd,0.5,1,14,0.58578,0.05048,0.84148,0.84013,0.07831,0.29322,0.24275,0.30723,0.06015,0.47411
96,"Over time, These kids just",cau_dmd,0.7,1,16,0.75995,0.05665,0.94882,0.94608,0.07845,0.29322,0.23657,0.27799,0.07966,0.59117
96,"Over time, These kids just",cau_dmd,0.9,1,19,0.91175,0.07968,1.10375,1.09847,0.07701,0.29322,0.21355,0.19547,0.11837,0.78991
96,"Over time, These kids just",cau_dmd,0.99,1,25,0.99011,0.17085,1.55137,1.53877,0.07508,0.29322,0.12237,0.04552,0.19963,1.30622
96,"Over time, These kids just",dua_dmd,0.3,1,2,0.74472,0.37354,0.29395,0.2942,0.03796,0.29322,0.08032,0.01427,0.02487,0.25481
96,"Over time, These kids just",dua_dmd,0.5,1,2,0.74472,0.37354,0.29395,0.2942,0.03796,0.29322,0.08032,0.01427,0.02487,0.25481
96,"Over time, These kids just",dua_dmd,0.7,1,2,0.74472,0.37354,0.29395,0.2942,0.03796,0.29322,0.08032,0.01427,0.02487,0.25481
96,"Over time, These kids just",dua_dmd,0.9,1,3,0.94741,0.40924,0.64555,0.63945,0.09393,0.29322,0.11601,0.02898,0.03831,0.57826
96,"Over time, These kids just",dua_dmd,0.99,1,4,0.99353,0.43268,1.22657,1.21096,0.09935,0.29322,0.13945,0.04126,0.04587,1.13944
270,"At work, We usually",euc_ctx,0.3,1,7,0.31845,0.26792,0.81435,0.82826,0.14782,0.59933,0.3314,0.24102,0.13074,0.44259
270,"At work, We usually",euc_ctx,0.5,1,8,0.5193,0.26916,0.94318,0.95654,0.14902,0.59933,0.33017,0.23895,0.13151,0.57273
270,"At work, We usually",euc_ctx,0.7,1,9,0.70896,0.29862,1.02911,1.04111,0.14679,0.59933,0.3007,0.19317,0.11688,0.71906
270,"At work, We usually",euc_ctx,0.9,1,11,0.91998,0.41645,1.22734,1.2342,0.05381,0.59933,0.18288,0.06753,0.09193,1.06788
270,"At work, We usually",euc_ctx,0.99,1,14,0.99017,0.58795,1.84743,1.84178,0.04895,0.59933,0.01137,0.00027,0.09182,1.75534
270,"At work, We usually",cau_ctx,0.3,0,,,,,,,,,,,
270,"At work, We usually",cau_ctx,0.5,0,,,,,,,,,,,
270,"At work, We usually",cau_ctx,0.7,0,,,,,,,,,,,
270,"At work, We usually",cau_ctx,0.9,0,,,,,,,,,,,
270,"At work, We usually",cau_ctx,0.99,0,,,,,,,,,,,
270,"At work, We usually",dua_ctx,0.3,1,37,0.3079,0.53825,0.97431,0.9664,0.02265,0.59933,0.06108,0.00757,0.1086,0.85814
270,"At work, We usually",dua_ctx,0.5,1,53,0.50719,0.51037,2.01137,1.98114,0.02433,0.59933,0.08896,0.01596,0.24073,1.75468
270,"At work, We usually",dua_ctx,0.7,1,69,0.70076,0.49304,3.40829,3.35077,0.04279,0.59933,0.10629,0.02273,0.41067,2.97489
270,"At work, We usually",dua_ctx,0.9,1,92,0.90049,0.49417,5.5425,5.44907,0.05642,0.59933,0.10516,0.02225,0.69933,4.82093
270,"At work, We usually",dua_ctx,0.99,1,118,0.99089,0.5475,7.53698,7.41821,0.05923,0.59933,0.05183,0.00547,1.00905,6.52246
270,"At work, We usually",euc_unemb,0.3,1,2,0.95423,0.35146,1.45099,1.4631,0.18553,0.59933,0.24787,0.12691,0.39827,0.92581
270,"At work, We usually",euc_unemb,0.5,1,2,0.95423,0.35146,1.45099,1.4631,0.18553,0.59933,0.24787,0.12691,0.39827,0.92581
270,"At work, We usually",euc_unemb,0.7,1,2,0.95423,0.35146,1.45099,1.4631,0.18553,0.59933,0.24787,0.12691,0.39827,0.92581
270,"At work, We usually",euc_unemb,0.9,1,2,0.95423,0.35146,1.45099,1.4631,0.18553,0.59933,0.24787,0.12691,0.39827,0.92581
270,"At work, We usually",euc_unemb,0.99,1,3,0.99972,0.48972,3.35449,3.33976,0.19809,0.59933,0.10961,0.02416,0.81588,2.51445
270,"At work, We usually",cau_unemb,0.3,1,34,0.30289,0.26265,0.5731,0.58691,0.1434,0.59933,0.33668,0.25006,0.068,0.25505
270,"At work, We usually",cau_unemb,0.5,1,39,0.51936,0.26586,0.65537,0.66898,0.12097,0.59933,0.33346,0.24452,0.06684,0.34402
270,"At work, We usually",cau_unemb,0.7,1,44,0.72756,0.29978,0.72531,0.73775,0.13714,0.59933,0.29955,0.19152,0.07888,0.45492
270,"At work, We usually",cau_unemb,0.9,1,51,0.90363,0.38295,0.87811,0.88707,0.1177,0.59933,0.21638,0.09543,0.12306,0.65962
270,"At work, We usually",cau_unemb,0.99,1,65,0.9911,0.52219,1.52229,1.51894,0.12009,0.59933,0.07714,0.01203,0.22746,1.2828
270,"At work, We usually",dua_unemb,0.3,1,2,0.61209,0.59118,0.31989,0.32232,0.04516,0.59933,0.00815,0.00014,0.05075,0.269
270,"At work, We usually",dua_unemb,0.5,1,2,0.61209,0.59118,0.31989,0.32232,0.04516,0.59933,0.00815,0.00014,0.05075,0.269
270,"At work, We usually",dua_unemb,0.7,1,3,0.88495,0.62115,0.72399,0.72075,0.05393,0.59933,0.02183,0.00101,0.08443,0.63856
270,"At work, We usually",dua_unemb,0.9,1,4,0.97928,0.64369,1.41856,1.40437,0.05677,0.59933,0.04436,0.00422,0.09787,1.31648
270,"At work, We usually",dua_unemb,0.99,1,5,0.9987,0.66009,2.5214,2.49118,0.05766,0.59933,0.06076,0.00802,0.1014,2.41198
270,"At work, We usually",euc_dmd,0.3,1,2,0.92554,0.28957,1.40296,1.41465,0.17496,0.59933,0.30976,0.20648,0.24816,0.94832
270,"At work, We usually",euc_dmd,0.5,1,2,0.92554,0.28957,1.40296,1.41465,0.17496,0.59933,0.30976,0.20648,0.24816,0.94832
270,"At work, We usually",euc_dmd,0.7,1,2,0.92554,0.28957,1.40296,1.41465,0.17496,0.59933,0.30976,0.20648,0.24816,0.94832
270,"At work, We usually",euc_dmd,0.9,1,2,0.92554,0.28957,1.40296,1.41465,0.17496,0.59933,0.30976,0.20648,0.24816,0.94832
270,"At work, We usually",euc_dmd,0.99,1,3,0.99905,0.50973,2.77067,2.7607,0.18321,0.59933,0.0896,0.01619,0.49311,2.26138
270,"At work, We usually",cau_dmd,0.3,1,15,0.33041,0.23745,0.82975,0.84253,0.14685,0.59933,0.36188,0.29705,0.1437,0.389
270,"At work, We usually",cau_dmd,0.5,1,17,0.52266,0.23971,0.92299,0.93506,0.14743,0.59933,0.35962,0.29255,0.1286,0.50184
270,"At work, We usually",cau_dmd,0.7,1,19,0.70543,0.26245,1.02531,1.03586,0.14352,0.59933,0.33688,0.25041,0.1385,0.6364
270,"At work, We usually",cau_dmd,0.9,1,23,0.91675,0.34277,1.35083,1.35572,0.1203,0.59933,0.25655,0.13658,0.22544,0.9888
270,"At work, We usually",cau_dmd,0.99,1,29,0.9901,0.43006,2.18923,2.18051,0.12058,0.59933,0.16927,0.05772,0.39712,1.73439
270,"At work, We usually",dua_dmd,0.3,1,2,0.67799,0.60313,0.35873,0.36051,0.04626,0.59933,0.0038,3e-05,0.04524,0.31346
270,"At work, We usually",dua_dmd,0.5,1,2,0.67799,0.60313,0.35873,0.36051,0.04626,0.59933,0.0038,3e-05,0.04524,0.31346
270,"At work, We usually",dua_dmd,0.7,1,3,0.91623,0.61518,0.79512,0.79377,0.05161,0.59933,0.01586,0.00053,0.07336,0.72123
270,"At work, We usually",dua_dmd,0.9,1,3,0.91623,0.61518,0.79512,0.79377,0.05161,0.59933,0.01586,0.00053,0.07336,0.72123
270,"At work, We usually",dua_dmd,0.99,1,5,0.99657,0.64331,2.4806,2.4642,0.05496,0.59933,0.04398,0.00415,0.10888,2.36757
49,"Lately, Voters really",euc_ctx,0.3,1,6,0.43513,0.28314,0.58493,0.5926,0.10514,0.54205,0.2589,0.14679,0.07441,0.36374
49,"Lately, Voters really",euc_ctx,0.5,1,7,0.63436,0.29882,0.6846,0.69139,0.10175,0.54205,0.24323,0.12771,0.07824,0.47864
49,"Lately, Voters really",euc_ctx,0.7,1,8,0.79454,0.34247,0.76453,0.76976,0.09554,0.54205,0.19958,0.08324,0.07504,0.60625
49,"Lately, Voters really",euc_ctx,0.9,1,10,0.94906,0.48167,0.98002,0.98005,0.0837,0.54205,0.06038,0.0073,0.06708,0.90564
49,"Lately, Voters really",euc_ctx,0.99,1,13,0.99457,0.66778,1.60064,1.58879,0.07207,0.54205,0.12573,0.03391,0.06522,1.50151
49,"Lately, Voters really",cau_ctx,0.3,0,,,,,,,,,,,
49,"Lately, Voters really",cau_ctx,0.5,0,,,,,,,,,,,
49,"Lately, Voters really",cau_ctx,0.7,0,,,,,,,,,,,
49,"Lately, Voters really",cau_ctx,0.9,0,,,,,,,,,,,
49,"Lately, Voters really",cau_ctx,0.99,0,,,,,,,,,,,
49,"Lately, Voters really",dua_ctx,0.3,1,37,0.30305,0.50361,0.6736,0.64991,0.04514,0.54205,0.03844,0.00296,0.05356,0.61708
49,"Lately, Voters really",dua_ctx,0.5,1,56,0.50334,0.48749,1.48521,1.43039,0.05436,0.54205,0.05456,0.00596,0.11893,1.36032
49,"Lately, Voters really",dua_ctx,0.7,1,74,0.70353,0.47682,2.49282,2.41204,0.15544,0.54205,0.06523,0.00852,0.2007,2.2836
49,"Lately, Voters really",dua_ctx,0.9,1,102,0.90021,0.48852,4.83128,4.72226,0.165,0.54205,0.05353,0.00573,0.36602,4.45953
49,"Lately, Voters really",dua_ctx,0.99,1,137,0.99068,0.5426,8.44771,8.32005,0.18472,0.54205,0.00055,0.0,0.58318,7.86453
49,"Lately, Voters really",euc_unemb,0.3,1,2,0.95991,0.41515,1.20881,1.20892,0.08986,0.54205,0.1269,0.03256,0.21679,0.95946
49,"Lately, Voters really",euc_unemb,0.5,1,2,0.95991,0.41515,1.20881,1.20892,0.08986,0.54205,0.1269,0.03256,0.21679,0.95946
49,"Lately, Voters really",euc_unemb,0.7,1,2,0.95991,0.41515,1.20881,1.20892,0.08986,0.54205,0.1269,0.03256,0.21679,0.95946
49,"Lately, Voters really",euc_unemb,0.9,1,2,0.95991,0.41515,1.20881,1.20892,0.08986,0.54205,0.1269,0.03256,0.21679,0.95946
49,"Lately, Voters really",euc_unemb,0.99,1,3,0.99949,0.63715,2.73161,2.7081,0.16028,0.54205,0.0951,0.01898,0.46347,2.24916
49,"Lately, Voters really",cau_unemb,0.3,1,28,0.32638,0.30584,0.37283,0.38014,0.06574,0.54205,0.23621,0.11973,0.05436,0.19874
49,"Lately, Voters really",cau_unemb,0.5,1,33,0.51952,0.30948,0.45035,0.45713,0.07351,0.54205,0.23257,0.11573,0.05284,0.28178
49,"Lately, Voters really",cau_unemb,0.7,1,38,0.70585,0.3389,0.51818,0.52361,0.07187,0.54205,0.20315,0.08645,0.04711,0.38462
49,"Lately, Voters really",cau_unemb,0.9,1,47,0.90869,0.43468,0.69929,0.70013,0.06649,0.54205,0.10737,0.0232,0.04195,0.63414
49,"Lately, Voters really",cau_unemb,0.99,1,62,0.99044,0.56454,1.3319,1.32005,0.06424,0.54205,0.02249,0.00103,0.05071,1.28017
49,"Lately, Voters really",dua_unemb,0.3,1,2,0.34937,0.51777,0.1656,0.16822,0.01492,0.54205,0.02428,0.00118,0.02602,0.13841
49,"Lately, Voters really",dua_unemb,0.5,1,3,0.52589,0.52744,0.35694,0.35259,0.14043,0.54205,0.01461,0.00043,0.0617,0.29481
49,"Lately, Voters really",dua_unemb,0.7,1,5,0.72523,0.54365,0.86663,0.84005,0.1518,0.54205,0.0016,1e-05,0.1099,0.75672
49,"Lately, Voters really",dua_unemb,0.9,1,9,0.92302,0.57115,2.69831,2.61438,0.16598,0.54205,0.0291,0.00172,0.19206,2.50453
49,"Lately, Voters really",dua_unemb,0.99,1,14,0.99368,0.60392,6.04415,5.91683,0.19006,0.54205,0.06187,0.00788,0.3129,5.72337
49,"Lately, Voters really",euc_dmd,0.3,1,2,0.95298,0.29318,1.32274,1.32275,0.20109,0.54205,0.24887,0.13437,0.11584,1.07254
49,"Lately, Voters really",euc_dmd,0.5,1,2,0.95298,0.29318,1.32274,1.32275,0.20109,0.54205,0.24887,0.13437,0.11584,1.07254
49,"Lately, Voters really",euc_dmd,0.7,1,2,0.95298,0.29318,1.32274,1.32275,0.20109,0.54205,0.24887,0.13437,0.11584,1.07254
49,"Lately, Voters really",euc_dmd,0.9,1,2,0.95298,0.29318,1.32274,1.32275,0.20109,0.54205,0.24887,0.13437,0.11584,1.07254
49,"Lately, Voters really",euc_dmd,0.99,1,3,0.99913,0.5035,2.45575,2.43657,0.1927,0.54205,0.03855,0.00298,0.2257,2.22708
49,"Lately, Voters really",cau_dmd,0.3,1,11,0.31017,0.24222,0.64848,0.65655,0.10946,0.54205,0.29983,0.20598,0.09519,0.34731
49,"Lately, Voters really",cau_dmd,0.5,1,14,0.59265,0.23096,0.86449,0.87126,0.11301,0.54205,0.31109,0.22504,0.09332,0.54613
49,"Lately, Voters really",cau_dmd,0.7,1,16,0.7589,0.24777,0.99951,1.00452,0.10846,0.54205,0.29428,0.19708,0.0973,0.70513
49,"Lately, Voters really",cau_dmd,0.9,1,19,0.90817,0.29437,1.2479,1.24892,0.18792,0.54205,0.24768,0.13295,0.12353,0.99142
49,"Lately, Voters really",cau_dmd,0.99,1,26,0.99279,0.38124,2.18717,2.17368,0.19146,0.54205,0.16081,0.05294,0.2283,1.90593
49,"Lately, Voters really",dua_dmd,0.3,1,2,0.45117,0.51474,0.21399,0.2168,0.02247,0.54205,0.02731,0.0015,0.03143,0.18106
49,"Lately, Voters really",dua_dmd,0.5,1,3,0.64766,0.52281,0.44285,0.43984,0.02681,0.54205,0.01924,0.00074,0.06745,0.37466
49,"Lately, Voters really",dua_dmd,0.7,1,4,0.75934,0.53106,0.72833,0.71676,0.13725,0.54205,0.01099,0.00024,0.09351,0.63458
49,"Lately, Voters really",dua_dmd,0.9,1,7,0.91938,0.54976,2.19839,2.15372,0.19144,0.54205,0.00771,0.00012,0.16343,2.03485
49,"Lately, Voters really",dua_dmd,0.99,1,12,0.99063,0.58298,6.19915,6.09586,0.20373,0.54205,0.04093,0.00342,0.29233,5.90339
173,"Usually, The engineers still",euc_ctx,0.3,1,6,0.48704,0.16405,0.65825,0.66452,0.2368,0.50627,0.34222,0.31053,0.03648,0.31123
173,"Usually, The engineers still",euc_ctx,0.5,1,7,0.69618,0.17531,0.72657,0.73209,0.21713,0.50627,0.33096,0.28362,0.04098,0.40197
173,"Usually, The engineers still",euc_ctx,0.7,1,8,0.8459,0.21033,0.75609,0.76038,0.183,0.50627,0.29594,0.21284,0.04163,0.50162
173,"Usually, The engineers still",euc_ctx,0.9,1,9,0.92874,0.26578,0.78306,0.78561,0.18065,0.50627,0.24049,0.13031,0.041,0.61175
173,"Usually, The engineers still",euc_ctx,0.99,1,12,0.99388,0.48447,1.07715,1.07128,0.02306,0.50627,0.0218,0.00095,0.04217,1.03404
173,"Usually, The engineers still",cau_ctx,0.3,0,,,,,,,,,,,
173,"Usually, The engineers still",cau_ctx,0.5,0,,,,,,,,,,,
173,"Usually, The engineers still",cau_ctx,0.7,0,,,,,,,,,,,
173,"Usually, The engineers still",cau_ctx,0.9,0,,,,,,,,,,,
173,"Usually, The engineers still",cau_ctx,0.99,0,,,,,,,,,,,
173,"Usually, The engineers still",dua_ctx,0.3,1,33,0.30024,0.46539,0.68438,0.67456,0.01318,0.50627,0.04088,0.00335,0.05545,0.62558
173,"Usually, The engineers still",dua_ctx,0.5,1,51,0.50462,0.45319,1.57618,1.53999,0.01708,0.50627,0.05308,0.00566,0.11522,1.4553
173,"Usually, The engineers still",dua_ctx,0.7,1,69,0.70966,0.45284,2.64685,2.58314,0.02352,0.50627,0.05343,0.00573,0.18556,2.45556
173,"Usually, The engineers still",dua_ctx,0.9,1,89,0.90057,0.46873,3.82735,3.73786,0.02706,0.50627,0.03754,0.00282,0.2848,3.53972
173,"Usually, The engineers still",dua_ctx,0.99,1,110,0.99194,0.51889,5.24522,5.13546,0.02648,0.50627,0.01262,0.00032,0.40005,4.84484
173,"Usually, The engineers still",euc_unemb,0.3,1,2,0.97508,0.27205,1.30908,1.31058,0.23859,0.50627,0.23422,0.12275,0.40319,0.78314
173,"Usually, The engineers still",euc_unemb,0.5,1,2,0.97508,0.27205,1.30908,1.31058,0.23859,0.50627,0.23422,0.12275,0.40319,0.78314
173,"Usually, The engineers still",euc_unemb,0.7,1,2,0.97508,0.27205,1.30908,1.31058,0.23859,0.50627,0.23422,0.12275,0.40319,0.78314
173,"Usually, The engineers still",euc_unemb,0.9,1,2,0.97508,0.27205,1.30908,1.31058,0.23859,0.50627,0.23422,0.12275,0.40319,0.78314
173,"Usually, The engineers still",euc_unemb,0.99,1,3,0.99978,0.43969,2.95397,2.93255,0.29279,0.50627,0.06658,0.00893,0.82622,2.11883
173,"Usually, The engineers still",cau_unemb,0.3,1,26,0.30035,0.19428,0.42977,0.43644,0.19518,0.50627,0.31199,0.2431,0.03803,0.14864
173,"Usually, The engineers still",cau_unemb,0.5,1,31,0.50742,0.18836,0.50553,0.51196,0.21317,0.50627,0.31791,0.25514,0.04074,0.20965
173,"Usually, The engineers still",cau_unemb,0.7,1,36,0.71139,0.20859,0.54082,0.54643,0.19014,0.50627,0.29768,0.21595,0.04177,0.2831
173,"Usually, The engineers still",cau_unemb,0.9,1,44,0.90822,0.29027,0.58971,0.59264,0.17755,0.50627,0.216,0.10244,0.05268,0.43459
173,"Usually, The engineers still",cau_unemb,0.99,1,58,0.99105,0.48016,0.94787,0.94173,0.0495,0.50627,0.02611,0.00136,0.09039,0.85611
173,"Usually, The engineers still",dua_unemb,0.3,1,2,0.5073,0.51248,0.25487,0.25759,0.01561,0.50627,0.00621,8e-05,0.0514,0.20339
173,"Usually, The engineers still",dua_unemb,0.5,1,2,0.5073,0.51248,0.25487,0.25759,0.01561,0.50627,0.00621,8e-05,0.0514,0.20339
173,"Usually, The engineers still",dua_unemb,0.7,1,3,0.70325,0.52831,0.55427,0.54945,0.02012,0.50627,0.02204,0.00097,0.09829,0.45501
173,"Usually, The engineers still",dua_unemb,0.9,1,6,0.92948,0.55325,1.84233,1.79659,0.02277,0.50627,0.04698,0.00444,0.15825,1.67964
173,"Usually, The engineers still",dua_unemb,0.99,1,9,0.99358,0.58162,3.76279,3.66951,0.0344,0.50627,0.07535,0.01152,0.20529,3.54598
173,"Usually, The engineers still",euc_dmd,0.3,1,1,0.31072,0.11127,0.76941,0.77572,0.26237,0.50627,0.395,0.47685,0.051,0.24156
173,"Usually, The engineers still",euc_dmd,0.5,1,2,0.97741,0.17184,1.25257,1.25196,0.26902,0.50627,0.33443,0.29166,0.14854,0.81238
173,"Usually, The engineers still",euc_dmd,0.7,1,2,0.97741,0.17184,1.25257,1.25196,0.26902,0.50627,0.33443,0.29166,0.14854,0.81238
173,"Usually, The engineers still",euc_dmd,0.9,1,2,0.97741,0.17184,1.25257,1.25196,0.26902,0.50627,0.33443,0.29166,0.14854,0.81238
173,"Usually, The engineers still",euc_dmd,0.99,1,3,0.99974,0.34783,2.15605,2.13846,0.19814,0.50627,0.15844,0.05262,0.30735,1.79608
173,"Usually, The engineers still",cau_dmd,0.3,1,10,0.30162,0.13566,0.66426,0.67015,0.2339,0.50627,0.37061,0.39024,0.04965,0.22437
173,"Usually, The engineers still",cau_dmd,0.5,1,12,0.51383,0.12254,0.78697,0.79229,0.23495,0.50627,0.38373,0.43428,0.04474,0.30795
173,"Usually, The engineers still",cau_dmd,0.7,1,14,0.71885,0.12968,0.85096,0.85526,0.23516,0.50627,0.37659,0.40965,0.03912,0.40219
173,"Usually, The engineers still",cau_dmd,0.9,1,17,0.90378,0.17252,0.90675,0.90866,0.20478,0.50627,0.33375,0.29008,0.04996,0.56671
173,"Usually, The engineers still",cau_dmd,0.99,1,23,0.99141,0.32277,1.19961,1.1933,0.06957,0.50627,0.1835,0.07186,0.11084,1.0169
173,"Usually, The engineers still",dua_dmd,0.3,1,2,0.66019,0.53143,0.32359,0.32588,0.01955,0.50627,0.02516,0.00127,0.05893,0.2634
173,"Usually, The engineers still",dua_dmd,0.5,1,2,0.66019,0.53143,0.32359,0.32588,0.01955,0.50627,0.02516,0.00127,0.05893,0.2634
173,"Usually, The engineers still",dua_dmd,0.7,1,3,0.86403,0.54423,0.68564,0.68086,0.02343,0.50627,0.03797,0.0029,0.09614,0.58661
173,"Usually, The engineers still",dua_dmd,0.9,1,4,0.94299,0.5561,1.13085,1.11529,0.02426,0.50627,0.04983,0.005,0.11161,1.01424
173,"Usually, The engineers still",dua_dmd,0.99,1,6,0.99144,0.57535,2.39541,2.35346,0.0234,0.50627,0.06908,0.00966,0.13871,2.24704
274,"Over time, People usually",euc_ctx,0.3,1,4,0.33498,0.26359,0.35601,0.36585,0.02008,0.43334,0.16975,0.06694,0.02068,0.26839
274,"Over time, People usually",euc_ctx,0.5,1,5,0.5607,0.26332,0.51695,0.52708,0.05918,0.43334,0.17002,0.06718,0.02866,0.42111
274,"Over time, People usually",euc_ctx,0.7,1,6,0.76158,0.29303,0.68655,0.69596,0.07,0.43334,0.14031,0.04418,0.03398,0.60839
274,"Over time, People usually",euc_ctx,0.9,1,8,0.95019,0.40589,1.1321,1.13722,0.07941,0.43334,0.02745,0.00155,0.03878,1.09176
274,"Over time, People usually",euc_ctx,0.99,1,10,0.99057,0.51177,1.776,1.77403,0.08558,0.43334,0.07843,0.01233,0.04282,1.72084
274,"Over time, People usually",cau_ctx,0.3,0,,,,,,,,,,,
274,"Over time, People usually",cau_ctx,0.5,0,,,,,,,,,,,
274,"Over time, People usually",cau_ctx,0.7,0,,,,,,,,,,,
274,"Over time, People usually",cau_ctx,0.9,0,,,,,,,,,,,
274,"Over time, People usually",cau_ctx,0.99,0,,,,,,,,,,,
274,"Over time, People usually",dua_ctx,0.3,1,31,0.31039,0.41196,0.79132,0.79423,0.01376,0.43334,0.02138,0.00094,0.05699,0.73339
274,"Over time, People usually",dua_ctx,0.5,1,46,0.51094,0.38623,1.81257,1.80142,0.02619,0.43334,0.04711,0.00462,0.13003,1.67792
274,"Over time, People usually",dua_ctx,0.7,1,60,0.70876,0.37394,3.20292,3.17315,0.05707,0.43334,0.0594,0.0074,0.21493,2.98059
274,"Over time, People usually",dua_ctx,0.9,1,83,0.90223,0.39558,6.23004,6.16602,0.1039,0.43334,0.03776,0.00295,0.39753,5.82956
274,"Over time, People usually",dua_ctx,0.99,1,111,0.99118,0.45963,9.29309,9.19419,0.10842,0.43334,0.02629,0.0014,0.64682,8.64488
274,"Over time, People usually",euc_unemb,0.3,1,1,0.66037,0.23932,0.55135,0.56113,0.08128,0.43334,0.19402,0.09043,0.04895,0.41197
274,"Over time, People usually",euc_unemb,0.5,1,1,0.66037,0.23932,0.55135,0.56113,0.08128,0.43334,0.19402,0.09043,0.04895,0.41197
274,"Over time, People usually",euc_unemb,0.7,1,2,0.99727,0.44018,2.28509,2.27698,0.09474,0.43334,0.00684,0.0001,0.23391,2.05108
274,"Over time, People usually",euc_unemb,0.9,1,2,0.99727,0.44018,2.28509,2.27698,0.09474,0.43334,0.00684,0.0001,0.23391,2.05108
274,"Over time, People usually",euc_unemb,0.99,1,2,0.99727,0.44018,2.28509,2.27698,0.09474,0.43334,0.00684,0.0001,0.23391,2.05108
274,"Over time, People usually",cau_unemb,0.3,1,20,0.33752,0.26387,0.25296,0.26109,0.0604,0.43334,0.16947,0.0667,0.01169,0.17458
274,"Over time, People usually",cau_unemb,0.5,1,24,0.52216,0.26658,0.34414,0.35241,0.0736,0.43334,0.16676,0.06436,0.01747,0.26232
274,"Over time, People usually",cau_unemb,0.7,1,28,0.70069,0.2896,0.45064,0.45831,0.07895,0.43334,0.14373,0.04654,0.0288,0.3753
274,"Over time, People usually",cau_unemb,0.9,1,36,0.91446,0.37654,0.76824,0.77239,0.07721,0.43334,0.0568,0.00675,0.06583,0.69565
274,"Over time, People usually",cau_unemb,0.99,1,48,0.99034,0.48964,1.57129,1.56548,0.07771,0.43334,0.0563,0.00637,0.12576,1.43916
274,"Over time, People usually",dua_unemb,0.3,1,1,0.38106,0.44148,0.13477,0.13832,0.05294,0.43334,0.00814,0.00013,0.00678,0.12786
274,"Over time, People usually",dua_unemb,0.5,1,2,0.84083,0.51022,0.54637,0.54737,0.06375,0.43334,0.07688,0.01185,0.02897,0.50555
274,"Over time, People usually",dua_unemb,0.7,1,2,0.84083,0.51022,0.54637,0.54737,0.06375,0.43334,0.07688,0.01185,0.02897,0.50555
274,"Over time, People usually",dua_unemb,0.9,1,3,0.98157,0.54766,1.28968,1.28255,0.07321,0.43334,0.11432,0.02622,0.04432,1.21913
274,"Over time, People usually",dua_unemb,0.99,1,4,0.99945,0.56315,2.57969,2.56017,0.07315,0.43334,0.12981,0.03388,0.05123,2.49457
274,"Over time, People usually",euc_dmd,0.3,1,1,0.63955,0.20878,0.62375,0.63289,0.09531,0.43334,0.22456,0.12728,0.03846,0.458
274,"Over time, People usually",euc_dmd,0.5,1,1,0.63955,0.20878,0.62375,0.63289,0.09531,0.43334,0.22456,0.12728,0.03846,0.458
274,"Over time, People usually",euc_dmd,0.7,1,2,0.99594,0.4087,2.04654,2.04138,0.09291,0.43334,0.02464,0.00125,0.15413,1.89117
274,"Over time, People usually",euc_dmd,0.9,1,2,0.99594,0.4087,2.04654,2.04138,0.09291,0.43334,0.02464,0.00125,0.15413,1.89117
274,"Over time, People usually",euc_dmd,0.99,1,2,0.99594,0.4087,2.04654,2.04138,0.09291,0.43334,0.02464,0.00125,0.15413,1.89117
274,"Over time, People usually",cau_dmd,0.3,1,9,0.3767,0.23698,0.38639,0.39468,0.08246,0.43334,0.19635,0.09294,0.03094,0.26251
274,"Over time, People usually",cau_dmd,0.5,1,11,0.58952,0.24132,0.52854,0.53664,0.0844,0.43334,0.19202,0.08831,0.0447,0.39553
274,"Over time, People usually",cau_dmd,0.7,1,13,0.77165,0.27024,0.69289,0.6999,0.09056,0.43334,0.1631,0.06129,0.07125,0.56035
274,"Over time, People usually",cau_dmd,0.9,1,16,0.9228,0.34255,1.0219,1.02561,0.09332,0.43334,0.09078,0.01767,0.12816,0.87607
274,"Over time, People usually",cau_dmd,0.99,1,22,0.99283,0.46908,2.02581,2.01821,0.09265,0.43334,0.03575,0.00258,0.25062,1.77262
274,"Over time, People usually",dua_dmd,0.3,1,1,0.41033,0.44192,0.15329,0.15642,0.04915,0.43334,0.00859,0.00015,0.0099,0.14324
274,"Over time, People usually",dua_dmd,0.5,1,2,0.86075,0.49737,0.60873,0.61138,0.07987,0.43334,0.06403,0.00823,0.04087,0.55963
274,"Over time, People usually",dua_dmd,0.7,1,2,0.86075,0.49737,0.60873,0.61138,0.07987,0.43334,0.06403,0.00823,0.04087,0.55963
274,"Over time, People usually",dua_dmd,0.9,1,3,0.97459,0.51359,1.35,1.34928,0.08468,0.43334,0.08026,0.01291,0.063,1.27409
274,"Over time, People usually",dua_dmd,0.99,1,4,0.9967,0.528,2.45411,2.44714,0.0855,0.43334,0.09466,0.01796,0.07522,2.36093
139,"Today, The workers sometimes",euc_ctx,0.3,1,6,0.42032,0.11038,0.74493,0.75173,0.09765,0.38093,0.27055,0.2474,0.03378,0.46374
139,"Today, The workers sometimes",euc_ctx,0.5,1,7,0.63096,0.11505,0.86824,0.87458,0.09762,0.38093,0.26588,0.23486,0.03413,0.59925
139,"Today, The workers sometimes",euc_ctx,0.7,1,8,0.79823,0.137,0.96222,0.96771,0.09622,0.38093,0.24393,0.18391,0.03155,0.74676
139,"Today, The workers sometimes",euc_ctx,0.9,1,10,0.95201,0.22923,1.1719,1.17435,0.08212,0.38093,0.1517,0.05779,0.02926,1.08485
139,"Today, The workers sometimes",euc_ctx,0.99,1,13,0.99468,0.4256,1.79088,1.78496,0.05,0.38093,0.04467,0.00412,0.03459,1.75217
139,"Today, The workers sometimes",cau_ctx,0.3,0,,,,,,,,,,,
139,"Today, The workers sometimes",cau_ctx,0.5,0,,,,,,,,,,,
139,"Today, The workers sometimes",cau_ctx,0.7,0,,,,,,,,,,,
139,"Today, The workers sometimes",cau_ctx,0.9,0,,,,,,,,,,,
139,"Today, The workers sometimes",cau_ctx,0.99,0,,,,,,,,,,,
139,"Today, The workers sometimes",dua_ctx,0.3,1,30,0.3046,0.34781,0.67645,0.67905,0.02054,0.38093,0.03312,0.00238,0.05398,0.62009
139,"Today, The workers sometimes",dua_ctx,0.5,1,44,0.50547,0.32708,1.49571,1.48622,0.02978,0.38093,0.05385,0.00642,0.11919,1.3701
139,"Today, The workers sometimes",dua_ctx,0.7,1,58,0.71233,0.31803,2.71054,2.68334,0.04248,0.38093,0.0629,0.00884,0.19958,2.50212
139,"Today, The workers sometimes",dua_ctx,0.9,1,78,0.9055,0.34343,5.1658,5.10871,0.04829,0.38093,0.0375,0.00307,0.3216,4.84114
139,"Today, The workers sometimes",dua_ctx,0.99,1,105,0.99004,0.42182,7.75131,7.65823,0.04948,0.38093,0.04089,0.00346,0.49392,7.25393
139,"Today, The workers sometimes",euc_unemb,0.3,1,2,0.98243,0.21172,1.41212,1.41307,0.08523,0.38093,0.16922,0.07416,0.17137,1.16659
139,"Today, The workers sometimes",euc_unemb,0.5,1,2,0.98243,0.21172,1.41212,1.41307,0.08523,0.38093,0.16922,0.07416,0.17137,1.16659
139,"Today, The workers sometimes",euc_unemb,0.7,1,2,0.98243,0.21172,1.41212,1.41307,0.08523,0.38093,0.16922,0.07416,0.17137,1.16659
139,"Today, The workers sometimes",euc_unemb,0.9,1,2,0.98243,0.21172,1.41212,1.41307,0.08523,0.38093,0.16922,0.07416,0.17137,1.16659
139,"Today, The workers sometimes",euc_unemb,0.99,1,3,0.99987,0.3874,3.28808,3.26686,0.07889,0.38093,0.00646,9e-05,0.36616,2.92183
139,"Today, The workers sometimes",cau_unemb,0.3,1,27,0.30226,0.13316,0.41859,0.42565,0.09259,0.38093,0.24777,0.19198,0.01824,0.20837
139,"Today, The workers sometimes",cau_unemb,0.5,1,32,0.51514,0.13256,0.5051,0.51216,0.091,0.38093,0.24837,0.19328,0.02178,0.29004
139,"Today, The workers sometimes",cau_unemb,0.7,1,37,0.72186,0.15309,0.57591,0.58245,0.08829,0.38093,0.22784,0.15325,0.03468,0.38798
139,"Today, The workers sometimes",cau_unemb,0.9,1,45,0.91477,0.23054,0.72064,0.72505,0.07394,0.38093,0.15039,0.05667,0.0738,0.59017
139,"Today, The workers sometimes",cau_unemb,0.99,1,58,0.99056,0.40968,1.2482,1.24503,0.06463,0.38093,0.02875,0.00172,0.14053,1.10594
139,"Today, The workers sometimes",dua_unemb,0.3,1,2,0.78496,0.48122,0.43841,0.43977,0.0675,0.38093,0.10029,0.02039,0.03319,0.38483
139,"Today, The workers sometimes",dua_unemb,0.5,1,2,0.78496,0.48122,0.43841,0.43977,0.0675,0.38093,0.10029,0.02039,0.03319,0.38483
139,"Today, The workers sometimes",dua_unemb,0.7,1,2,0.78496,0.48122,0.43841,0.43977,0.0675,0.38093,0.10029,0.02039,0.03319,0.38483
139,"Today, The workers sometimes",dua_unemb,0.9,1,3,0.97237,0.53149,1.03092,1.0259,0.07303,0.38093,0.15055,0.04563,0.04985,0.93544
139,"Today, The workers sometimes",dua_unemb,0.99,1,4,0.99876,0.55508,1.96049,1.94489,0.07462,0.38093,0.17415,0.06107,0.05586,1.84356
139,"Today, The workers sometimes",euc_dmd,0.3,1,2,0.97732,0.14043,1.53386,1.53201,0.08934,0.38093,0.2405,0.17694,0.13189,1.22503
139,"Today, The workers sometimes",euc_dmd,0.5,1,2,0.97732,0.14043,1.53386,1.53201,0.08934,0.38093,0.2405,0.17694,0.13189,1.22503
139,"Today, The workers sometimes",euc_dmd,0.7,1,2,0.97732,0.14043,1.53386,1.53201,0.08934,0.38093,0.2405,0.17694,0.13189,1.22503
139,"Today, The workers sometimes",euc_dmd,0.9,1,2,0.97732,0.14043,1.53386,1.53201,0.08934,0.38093,0.2405,0.17694,0.13189,1.22503
139,"Today, The workers sometimes",euc_dmd,0.99,1,3,0.99973,0.36431,2.77711,2.75874,0.08615,0.38093,0.01662,0.00059,0.26097,2.51554
139,"Today, The workers sometimes",cau_dmd,0.3,1,12,0.34661,0.10155,0.67679,0.68194,0.09595,0.38093,0.27938,0.27304,0.04444,0.3593
139,"Today, The workers sometimes",cau_dmd,0.5,1,14,0.54494,0.09943,0.80452,0.80905,0.09545,0.38093,0.2815,0.27962,0.05094,0.47396
139,"Today, The workers sometimes",cau_dmd,0.7,1,16,0.72762,0.11068,0.92171,0.92523,0.09345,0.38093,0.27025,0.24656,0.07128,0.60388
139,"Today, The workers sometimes",cau_dmd,0.9,1,20,0.92765,0.16955,1.19302,1.19315,0.0782,0.38093,0.21139,0.12651,0.14586,0.92066
139,"Today, The workers sometimes",cau_dmd,0.99,1,26,0.99197,0.29936,1.88224,1.87336,0.06454,0.38093,0.08157,0.01517,0.26949,1.59759
139,"Today, The workers sometimes",dua_dmd,0.3,1,2,0.83548,0.49562,0.48919,0.48953,0.05282,0.38093,0.11469,0.02658,0.02714,0.43547
139,"Today, The workers sometimes",dua_dmd,0.5,1,2,0.83548,0.49562,0.48919,0.48953,0.05282,0.38093,0.11469,0.02658,0.02714,0.43547
139,"Today, The workers sometimes",dua_dmd,0.7,1,2,0.83548,0.49562,0.48919,0.48953,0.05282,0.38093,0.11469,0.02658,0.02714,0.43547
139,"Today, The workers sometimes",dua_dmd,0.9,1,3,0.97912,0.51842,1.09837,1.09488,0.05506,0.38093,0.13748,0.03808,0.04239,1.0179
139,"Today, The workers sometimes",dua_dmd,0.99,1,4,0.99809,0.53402,1.97105,1.96091,0.05611,0.38093,0.15309,0.04718,0.05164,1.87222
297,"At work, The workers really",euc_ctx,0.3,1,6,0.3957,0.05453,0.58551,0.58551,0.12508,0.24007,0.18555,0.18983,0.03545,0.36023
297,"At work, The workers really",euc_ctx,0.5,1,7,0.59353,0.05687,0.67783,0.67692,0.12596,0.24007,0.18321,0.18163,0.03631,0.45989
297,"At work, The workers really",euc_ctx,0.7,1,8,0.76099,0.06812,0.74959,0.74759,0.12499,0.24007,0.17195,0.14739,0.03505,0.56715
297,"At work, The workers really",euc_ctx,0.9,1,10,0.93399,0.12233,0.89756,0.89263,0.12208,0.24007,0.11774,0.05239,0.03627,0.8089
297,"At work, The workers really",euc_ctx,0.99,1,13,0.99132,0.29046,1.33462,1.32259,0.12106,0.24007,0.05039,0.0064,0.04473,1.28349
297,"At work, The workers really",cau_ctx,0.3,0,,,,,,,,,,,
297,"At work, The workers really",cau_ctx,0.5,0,,,,,,,,,,,
297,"At work, The workers really",cau_ctx,0.7,0,,,,,,,,,,,
297,"At work, The workers really",cau_ctx,0.9,0,,,,,,,,,,,
297,"At work, The workers really",cau_ctx,0.99,0,,,,,,,,,,,
297,"At work, The workers really",dua_ctx,0.3,1,19,0.30176,0.21144,0.22838,0.22607,0.03271,0.24007,0.02863,0.00238,0.0199,0.2061
297,"At work, The workers really",dua_ctx,0.5,1,28,0.50703,0.20384,0.48626,0.47479,0.0366,0.24007,0.03624,0.00388,0.0417,0.44068
297,"At work, The workers really",dua_ctx,0.7,1,37,0.70742,0.20023,0.84697,0.82306,0.04001,0.24007,0.03984,0.00473,0.06339,0.77884
297,"At work, The workers really",dua_ctx,0.9,1,48,0.90365,0.20454,1.46325,1.42122,0.09574,0.24007,0.03554,0.00373,0.08896,1.37055
297,"At work, The workers really",dua_ctx,0.99,1,64,0.99125,0.23556,2.78188,2.71489,0.09921,0.24007,0.00451,6e-05,0.13361,2.64821
297,"At work, The workers really",euc_unemb,0.3,1,2,0.97463,0.11234,1.21118,1.20656,0.13357,0.24007,0.12773,0.06424,0.12285,1.02409
297,"At work, The workers really",euc_unemb,0.5,1,2,0.97463,0.11234,1.21118,1.20656,0.13357,0.24007,0.12773,0.06424,0.12285,1.02409
297,"At work, The workers really",euc_unemb,0.7,1,2,0.97463,0.11234,1.21118,1.20656,0.13357,0.24007,0.12773,0.06424,0.12285,1.02409
297,"At work, The workers really",euc_unemb,0.9,1,2,0.97463,0.11234,1.21118,1.20656,0.13357,0.24007,0.12773,0.06424,0.12285,1.02409
297,"At work, The workers really",euc_unemb,0.99,1,3,0.99978,0.38321,2.73693,2.71401,0.12296,0.24007,0.14313,0.04632,0.27541,2.4152
297,"At work, The workers really",cau_unemb,0.3,1,28,0.33028,0.06754,0.38606,0.38818,0.11573,0.24007,0.17253,0.14898,0.01535,0.22173
297,"At work, The workers really",cau_unemb,0.5,1,33,0.53834,0.06847,0.4629,0.4645,0.11761,0.24007,0.1716,0.14645,0.01495,0.30151
297,"At work, The workers really",cau_unemb,0.7,1,38,0.73289,0.08088,0.5301,0.53086,0.11769,0.24007,0.15919,0.11666,0.01808,0.39536
297,"At work, The workers really",cau_unemb,0.9,1,45,0.90017,0.12053,0.64228,0.6412,0.11871,0.24007,0.11954,0.0544,0.02985,0.55803
297,"At work, The workers really",cau_unemb,0.99,1,60,0.99115,0.27941,1.18,1.1712,0.09465,0.24007,0.03934,0.00396,0.06056,1.11548
297,"At work, The workers really",dua_unemb,0.3,1,2,0.74898,0.34195,0.30611,0.30692,0.06883,0.24007,0.10187,0.02446,0.04245,0.23919
297,"At work, The workers really",dua_unemb,0.5,1,2,0.74898,0.34195,0.30611,0.30692,0.06883,0.24007,0.10187,0.02446,0.04245,0.23919
297,"At work, The workers really",dua_unemb,0.7,1,2,0.74898,0.34195,0.30611,0.30692,0.06883,0.24007,0.10187,0.02446,0.04245,0.23919
297,"At work, The workers really",dua_unemb,0.9,1,3,0.93334,0.39161,0.6218,0.6137,0.08306,0.24007,0.15153,0.05154,0.06521,0.50505
297,"At work, The workers really",dua_unemb,0.99,1,5,0.99702,0.44298,1.508,1.47387,0.09682,0.24007,0.20291,0.08898,0.08107,1.33795
297,"At work, The workers really",euc_dmd,0.3,1,2,0.9642,0.0536,1.36336,1.35424,0.12926,0.24007,0.18648,0.19322,0.07278,1.09736
297,"At work, The workers really",euc_dmd,0.5,1,2,0.9642,0.0536,1.36336,1.35424,0.12926,0.24007,0.18648,0.19322,0.07278,1.09736
297,"At work, The workers really",euc_dmd,0.7,1,2,0.9642,0.0536,1.36336,1.35424,0.12926,0.24007,0.18648,0.19322,0.07278,1.09736
297,"At work, The workers really",euc_dmd,0.9,1,2,0.9642,0.0536,1.36336,1.35424,0.12926,0.24007,0.18648,0.19322,0.07278,1.09736
297,"At work, The workers really",euc_dmd,0.99,1,3,0.99937,0.19102,2.32402,2.30087,0.135,0.24007,0.04905,0.00734,0.15298,2.16371
297,"At work, The workers really",cau_dmd,0.3,1,12,0.36259,0.04297,0.72915,0.72862,0.12803,0.24007,0.1971,0.23779,0.04348,0.44788
297,"At work, The workers really",cau_dmd,0.5,1,14,0.55364,0.04092,0.88052,0.87866,0.12695,0.24007,0.19916,0.2479,0.04326,0.58935
297,"At work, The workers really",cau_dmd,0.7,1,16,0.72659,0.04398,1.03298,1.02944,0.10544,0.24007,0.19609,0.23299,0.04673,0.75325
297,"At work, The workers really",cau_dmd,0.9,1,20,0.92081,0.06154,1.4068,1.39862,0.09952,0.24007,0.17854,0.16646,0.07097,1.16937
297,"At work, The workers really",cau_dmd,0.99,1,27,0.99271,0.09882,2.48073,2.45953,0.0994,0.24007,0.14125,0.08354,0.1333,2.26389
297,"At work, The workers really",dua_dmd,0.3,1,2,0.83092,0.35883,0.37481,0.3746,0.07712,0.24007,0.11875,0.03264,0.03826,0.3039
297,"At work, The workers really",dua_dmd,0.5,1,2,0.83092,0.35883,0.37481,0.3746,0.07712,0.24007,0.11875,0.03264,0.03826,0.3039
297,"At work, The workers really",dua_dmd,0.7,1,2,0.83092,0.35883,0.37481,0.3746,0.07712,0.24007,0.11875,0.03264,0.03826,0.3039
297,"At work, The workers really",dua_dmd,0.9,1,3,0.97378,0.39365,0.75525,0.74665,0.09621,0.24007,0.15357,0.05284,0.05155,0.65085
297,"At work, The workers really",dua_dmd,0.99,1,4,0.99568,0.41103,1.2447,1.22531,0.10071,0.24007,0.17096,0.06457,0.05865,1.12148
228,"Today, Both of them always",euc_ctx,0.3,1,5,0.40406,0.13461,0.43692,0.44051,0.13408,0.40221,0.2676,0.21911,0.02099,0.19682
228,"Today, Both of them always",euc_ctx,0.5,1,6,0.60985,0.13508,0.5088,0.51186,0.1326,0.40221,0.26714,0.21804,0.02461,0.26614
228,"Today, Both of them always",euc_ctx,0.7,1,7,0.78088,0.15455,0.54623,0.54842,0.11971,0.40221,0.24766,0.17749,0.02599,0.34275
228,"Today, Both of them always",euc_ctx,0.9,1,9,0.94671,0.24575,0.60708,0.60642,0.10079,0.40221,0.15647,0.05918,0.02657,0.52134
228,"Today, Both of them always",euc_ctx,0.99,1,12,0.99426,0.45762,0.92287,0.91469,0.02372,0.40221,0.0554,0.00624,0.02917,0.88746
228,"Today, Both of them always",cau_ctx,0.3,0,,,,,,,,,,,
228,"Today, Both of them always",cau_ctx,0.5,0,,,,,,,,,,,
228,"Today, Both of them always",cau_ctx,0.7,0,,,,,,,,,,,
228,"Today, Both of them always",cau_ctx,0.9,0,,,,,,,,,,,
228,"Today, Both of them always",cau_ctx,0.99,0,,,,,,,,,,,
228,"Today, Both of them always",dua_ctx,0.3,1,27,0.30919,0.36963,0.42961,0.42803,0.00799,0.40221,0.03259,0.00225,0.0398,0.38756
228,"Today, Both of them always",dua_ctx,0.5,1,41,0.5148,0.3478,0.96095,0.94549,0.01782,0.40221,0.05442,0.00639,0.08277,0.87179
228,"Today, Both of them always",dua_ctx,0.7,1,53,0.70233,0.33436,1.56599,1.53465,0.03276,0.40221,0.06785,0.01004,0.12867,1.42728
228,"Today, Both of them always",dua_ctx,0.9,1,68,0.90333,0.33436,2.5282,2.47551,0.04826,0.40221,0.06786,0.01005,0.19989,2.31827
228,"Today, Both of them always",dua_ctx,0.99,1,90,0.99068,0.3908,3.98068,3.89832,0.05333,0.40221,0.01141,0.00027,0.29116,3.68925
228,"Today, Both of them always",euc_unemb,0.3,1,1,0.44052,0.12507,0.49784,0.50282,0.11939,0.40221,0.27714,0.24212,0.04467,0.21105
228,"Today, Both of them always",euc_unemb,0.5,1,2,0.98437,0.28849,1.00643,1.00387,0.10916,0.40221,0.11372,0.02956,0.15801,0.81886
228,"Today, Both of them always",euc_unemb,0.7,1,2,0.98437,0.28849,1.00643,1.00387,0.10916,0.40221,0.11372,0.02956,0.15801,0.81886
228,"Today, Both of them always",euc_unemb,0.9,1,2,0.98437,0.28849,1.00643,1.00387,0.10916,0.40221,0.11372,0.02956,0.15801,0.81886
228,"Today, Both of them always",euc_unemb,0.99,1,3,0.9998,0.47034,2.50431,2.48099,0.13215,0.40221,0.06812,0.00939,0.33057,2.16434
228,"Today, Both of them always",cau_unemb,0.3,1,22,0.30569,0.16724,0.26526,0.26999,0.12849,0.40221,0.23497,0.15479,0.01441,0.09607
228,"Today, Both of them always",cau_unemb,0.5,1,27,0.51173,0.16359,0.32129,0.32598,0.12101,0.40221,0.23862,0.16105,0.01843,0.14182
228,"Today, Both of them always",cau_unemb,0.7,1,32,0.71299,0.18418,0.35128,0.35547,0.11629,0.40221,0.21804,0.12827,0.02569,0.19732
228,"Today, Both of them always",cau_unemb,0.9,1,40,0.90731,0.26735,0.40075,0.40304,0.08625,0.40221,0.13487,0.04267,0.0456,0.31249
228,"Today, Both of them always",cau_unemb,0.99,1,54,0.99052,0.49013,0.74382,0.73883,0.08443,0.40221,0.08791,0.01558,0.08318,0.64506
228,"Today, Both of them always",dua_unemb,0.3,1,2,0.7377,0.48831,0.32931,0.33152,0.07962,0.40221,0.0861,0.01495,0.03953,0.27483
228,"Today, Both of them always",dua_unemb,0.5,1,2,0.7377,0.48831,0.32931,0.33152,0.07962,0.40221,0.0861,0.01495,0.03953,0.27483
228,"Today, Both of them always",dua_unemb,0.7,1,2,0.7377,0.48831,0.32931,0.33152,0.07962,0.40221,0.0861,0.01495,0.03953,0.27483
228,"Today, Both of them always",dua_unemb,0.9,1,3,0.92758,0.52589,0.73966,0.73369,0.08281,0.40221,0.12367,0.03072,0.06706,0.64188
228,"Today, Both of them always",dua_unemb,0.99,1,5,0.99763,0.56209,1.87053,1.83768,0.08468,0.40221,0.15987,0.05143,0.08348,1.73562
228,"Today, Both of them always",euc_dmd,0.3,1,1,0.47024,0.09489,0.63283,0.63479,0.13116,0.40221,0.30732,0.33293,0.04452,0.25538
228,"Today, Both of them always",euc_dmd,0.5,1,2,0.98569,0.20163,1.06635,1.05946,0.10279,0.40221,0.20059,0.10479,0.12632,0.83524
228,"Today, Both of them always",euc_dmd,0.7,1,2,0.98569,0.20163,1.06635,1.05946,0.10279,0.40221,0.20059,0.10479,0.12632,0.83524
228,"Today, Both of them always",euc_dmd,0.9,1,2,0.98569,0.20163,1.06635,1.05946,0.10279,0.40221,0.20059,0.10479,0.12632,0.83524
228,"Today, Both of them always",euc_dmd,0.99,1,3,0.99977,0.43979,1.96504,1.94154,0.12705,0.40221,0.03757,0.00289,0.22017,1.74199
228,"Today, Both of them always",cau_dmd,0.3,1,9,0.31859,0.12573,0.43083,0.43346,0.12443,0.40221,0.27649,0.24046,0.03091,0.15946
228,"Today, Both of them always",cau_dmd,0.5,1,11,0.5212,0.1159,0.53518,0.53707,0.12186,0.40221,0.28631,0.26651,0.03881,0.22986
228,"Today, Both of them always",cau_dmd,0.7,1,13,0.71463,0.12314,0.61292,0.61369,0.12221,0.40221,0.27907,0.24706,0.05411,0.31175
228,"Today, Both of them always",cau_dmd,0.9,1,17,0.92718,0.18122,0.75585,0.75322,0.11567,0.40221,0.22099,0.13262,0.10967,0.51356
228,"Today, Both of them always",cau_dmd,0.99,1,23,0.99243,0.33429,1.15196,1.14113,0.1045,0.40221,0.06793,0.01007,0.20253,0.93936
228,"Today, Both of them always",dua_dmd,0.3,1,2,0.83367,0.51026,0.35963,0.3608,0.02527,0.40221,0.10805,0.02347,0.02825,0.30791
228,"Today, Both of them always",dua_dmd,0.5,1,2,0.83367,0.51026,0.35963,0.3608,0.02527,0.40221,0.10805,0.02347,0.02825,0.30791
228,"Today, Both of them always",dua_dmd,0.7,1,2,0.83367,0.51026,0.35963,0.3608,0.02527,0.40221,0.10805,0.02347,0.02825,0.30791
228,"Today, Both of them always",dua_dmd,0.9,1,3,0.97868,0.53794,0.7947,0.78882,0.02843,0.40221,0.13573,0.03701,0.04313,0.71457
228,"Today, Both of them always",dua_dmd,0.99,1,4,0.99845,0.55519,1.35031,1.3341,0.02942,0.40221,0.15298,0.04706,0.04894,1.25431
226,"Usually, You still",euc_ctx,0.3,1,7,0.44493,0.25116,0.62899,0.63863,0.24715,0.63776,0.3866,0.33124,0.04658,0.25117
226,"Usually, You still",euc_ctx,0.5,1,8,0.64909,0.26366,0.67919,0.68808,0.24794,0.63776,0.37409,0.30636,0.05241,0.32042
226,"Usually, You still",euc_ctx,0.7,1,9,0.80941,0.30343,0.69509,0.70257,0.06575,0.63776,0.33432,0.23687,0.0586,0.39962
226,"Usually, You still",euc_ctx,0.9,1,10,0.90649,0.36345,0.7108,0.71618,0.02685,0.63776,0.27431,0.15441,0.06527,0.49113
226,"Usually, You still",euc_ctx,0.99,1,13,0.99102,0.55757,0.96261,0.95799,0.03258,0.63776,0.08018,0.01326,0.08329,0.86606
226,"Usually, You still",cau_ctx,0.3,0,,,,,,,,,,,
226,"Usually, You still",cau_ctx,0.5,0,,,,,,,,,,,
226,"Usually, You still",cau_ctx,0.7,0,,,,,,,,,,,
226,"Usually, You still",cau_ctx,0.9,0,,,,,,,,,,,
226,"Usually, You still",cau_ctx,0.99,0,,,,,,,,,,,
226,"Usually, You still",dua_ctx,0.3,1,43,0.30596,0.61336,0.73922,0.70527,0.01654,0.63776,0.02439,0.00126,0.07295,0.665
226,"Usually, You still",dua_ctx,0.5,1,67,0.5036,0.63284,1.55871,1.48574,0.02188,0.63776,0.00492,5e-05,0.15365,1.40501
226,"Usually, You still",dua_ctx,0.7,1,93,0.70384,0.65324,2.55731,2.45472,0.03738,0.63776,0.01548,0.00053,0.26922,2.28757
226,"Usually, You still",dua_ctx,0.9,1,133,0.90256,0.70186,5.09534,4.97076,0.04789,0.63776,0.06411,0.00947,0.46769,4.61818
226,"Usually, You still",dua_ctx,0.99,1,159,0.99013,0.72182,7.10157,6.97111,0.04865,0.63776,0.08406,0.01668,0.59277,6.49212
226,"Usually, You still",euc_unemb,0.3,1,2,0.90274,0.19599,1.54186,1.54714,0.41922,0.63776,0.44176,0.46366,0.46283,0.61537
226,"Usually, You still",euc_unemb,0.5,1,2,0.90274,0.19599,1.54186,1.54714,0.41922,0.63776,0.44176,0.46366,0.46283,0.61537
226,"Usually, You still",euc_unemb,0.7,1,2,0.90274,0.19599,1.54186,1.54714,0.41922,0.63776,0.44176,0.46366,0.46283,0.61537
226,"Usually, You still",euc_unemb,0.9,1,2,0.90274,0.19599,1.54186,1.54714,0.41922,0.63776,0.44176,0.46366,0.46283,0.61537
226,"Usually, You still",euc_unemb,0.99,1,3,0.99873,0.38215,2.66047,2.64653,0.38997,0.63776,0.25561,0.13321,1.05178,1.47548
226,"Usually, You still",cau_unemb,0.3,1,32,0.31727,0.17526,0.82245,0.82851,0.29439,0.63776,0.4625,0.52575,0.05007,0.24663
226,"Usually, You still",cau_unemb,0.5,1,37,0.51684,0.16007,0.94271,0.94772,0.3535,0.63776,0.47769,0.57695,0.04807,0.31768
226,"Usually, You still",cau_unemb,0.7,1,42,0.71054,0.16584,1.00774,1.01123,0.33341,0.63776,0.47192,0.55688,0.05433,0.39653
226,"Usually, You still",cau_unemb,0.9,1,50,0.90212,0.20995,1.05826,1.05835,0.28868,0.63776,0.42781,0.42614,0.08988,0.54224
226,"Usually, You still",cau_unemb,0.99,1,65,0.99085,0.33911,1.26219,1.25254,0.09708,0.63776,0.29864,0.18502,0.1681,0.90907
226,"Usually, You still",dua_unemb,0.3,1,3,0.46421,0.59167,0.41024,0.407,0.01912,0.63776,0.04609,0.00445,0.08666,0.31912
226,"Usually, You still",dua_unemb,0.5,1,4,0.56063,0.59719,0.68705,0.67108,0.02419,0.63776,0.04057,0.00346,0.11621,0.56737
226,"Usually, You still",dua_unemb,0.7,1,6,0.70492,0.60127,1.39289,1.34514,0.02929,0.63776,0.03649,0.00281,0.15438,1.2357
226,"Usually, You still",dua_unemb,0.9,1,10,0.91162,0.60859,3.13,3.01964,0.0363,0.63776,0.02917,0.0018,0.21948,2.90872
226,"Usually, You still",dua_unemb,0.99,1,15,0.99547,0.61786,4.89393,4.76204,0.04161,0.63776,0.01989,0.00084,0.31481,4.57827
226,"Usually, You still",euc_dmd,0.3,1,2,0.92897,0.16493,1.41821,1.42252,0.39318,0.63776,0.47283,0.55998,0.20886,0.64938
226,"Usually, You still",euc_dmd,0.5,1,2,0.92897,0.16493,1.41821,1.42252,0.39318,0.63776,0.47283,0.55998,0.20886,0.64938
226,"Usually, You still",euc_dmd,0.7,1,2,0.92897,0.16493,1.41821,1.42252,0.39318,0.63776,0.47283,0.55998,0.20886,0.64938
226,"Usually, You still",euc_dmd,0.9,1,2,0.92897,0.16493,1.41821,1.42252,0.39318,0.63776,0.47283,0.55998,0.20886,0.64938
226,"Usually, You still",euc_dmd,0.99,1,3,0.99894,0.32932,2.04471,2.03295,0.31035,0.63776,0.30844,0.19838,0.44254,1.40379
226,"Usually, You still",cau_dmd,0.3,1,12,0.34589,0.16616,0.84846,0.85765,0.31801,0.63776,0.4716,0.55578,0.05258,0.2401
226,"Usually, You still",cau_dmd,0.5,1,14,0.56709,0.15625,0.95777,0.96632,0.34008,0.63776,0.48151,0.59071,0.05414,0.31291
226,"Usually, You still",cau_dmd,0.7,1,16,0.76288,0.17073,1.00806,1.01544,0.28652,0.63776,0.46703,0.54046,0.0733,0.3943
226,"Usually, You still",cau_dmd,0.9,1,19,0.9239,0.22887,1.04647,1.05107,0.105,0.63776,0.40889,0.37989,0.13024,0.53634
226,"Usually, You still",cau_dmd,0.99,1,24,0.99046,0.36743,1.22718,1.22432,0.10918,0.63776,0.27032,0.14973,0.2293,0.84815
226,"Usually, You still",dua_dmd,0.3,1,2,0.39171,0.57785,0.2326,0.23807,0.01323,0.63776,0.05991,0.00747,0.04057,0.18456
226,"Usually, You still",dua_dmd,0.5,1,3,0.60343,0.57998,0.49686,0.49569,0.02414,0.63776,0.05777,0.00696,0.08525,0.40465
226,"Usually, You still",dua_dmd,0.7,1,4,0.7222,0.58544,0.8169,0.80491,0.02843,0.63776,0.05231,0.00572,0.1087,0.70249
226,"Usually, You still",dua_dmd,0.9,1,7,0.91621,0.60989,2.17547,2.11978,0.03453,0.63776,0.02787,0.00165,0.16054,2.01328
226,"Usually, You still",dua_dmd,0.99,1,11,0.99073,0.63591,4.01871,3.91427,0.03997,0.63776,0.00184,1e-05,0.23592,3.78278
233,Many people really,euc_ctx,0.3,1,7,0.44259,0.24045,0.80661,0.81414,0.10801,0.60481,0.36436,0.29967,0.08803,0.41891
233,Many people really,euc_ctx,0.5,1,8,0.64964,0.25592,0.87847,0.88474,0.10338,0.60481,0.34889,0.2701,0.08216,0.52621
233,Many people really,euc_ctx,0.7,1,9,0.81062,0.29982,0.91784,0.92217,0.10986,0.60481,0.30498,0.19837,0.07532,0.64415
233,Many people really,euc_ctx,0.9,1,10,0.90713,0.36543,0.96454,0.96623,0.09435,0.60481,0.23938,0.11757,0.07202,0.77494
233,Many people really,euc_ctx,0.99,1,13,0.99088,0.57879,1.35044,1.34036,0.06619,0.60481,0.02602,0.0014,0.07397,1.27507
233,Many people really,cau_ctx,0.3,0,,,,,,,,,,,
233,Many people really,cau_ctx,0.5,0,,,,,,,,,,,
233,Many people really,cau_ctx,0.7,0,,,,,,,,,,,
233,Many people really,cau_ctx,0.9,0,,,,,,,,,,,
233,Many people really,cau_ctx,0.99,0,,,,,,,,,,,
233,Many people really,dua_ctx,0.3,1,37,0.3052,0.53639,0.80933,0.7858,0.04153,0.60481,0.06842,0.00951,0.07863,0.72119
233,Many people really,dua_ctx,0.5,1,54,0.50396,0.50657,1.65043,1.59751,0.05997,0.60481,0.09824,0.01946,0.16716,1.4638
233,Many people really,dua_ctx,0.7,1,71,0.70729,0.48712,2.70681,2.62849,0.06548,0.60481,0.11769,0.02787,0.29961,2.37934
233,Many people really,dua_ctx,0.9,1,99,0.90165,0.50522,5.05362,4.94382,0.1615,0.60481,0.09959,0.02,0.59036,4.44326
233,Many people really,dua_ctx,0.99,1,133,0.99059,0.55892,7.90925,7.77777,0.18068,0.60481,0.04589,0.00431,0.94356,6.96138
233,Many people really,euc_unemb,0.3,1,2,0.94454,0.3581,1.14846,1.14836,0.18558,0.60481,0.24671,0.12529,0.1899,0.83327
233,Many people really,euc_unemb,0.5,1,2,0.94454,0.3581,1.14846,1.14836,0.18558,0.60481,0.24671,0.12529,0.1899,0.83327
233,Many people really,euc_unemb,0.7,1,2,0.94454,0.3581,1.14846,1.14836,0.18558,0.60481,0.24671,0.12529,0.1899,0.83327
233,Many people really,euc_unemb,0.9,1,2,0.94454,0.3581,1.14846,1.14836,0.18558,0.60481,0.24671,0.12529,0.1899,0.83327
233,Many people really,euc_unemb,0.99,1,3,0.99955,0.66065,2.44336,2.41671,0.20755,0.60481,0.05585,0.00679,0.48675,1.94981
233,Many people really,cau_unemb,0.3,1,33,0.32042,0.28324,0.53066,0.53761,0.07531,0.60481,0.32156,0.22352,0.04428,0.26285
233,Many people really,cau_unemb,0.5,1,38,0.52451,0.28332,0.61011,0.61598,0.08796,0.60481,0.32149,0.22341,0.03527,0.35144
233,Many people really,cau_unemb,0.7,1,43,0.71999,0.31147,0.67595,0.67989,0.07704,0.60481,0.29334,0.18195,0.03638,0.45761
233,Many people really,cau_unemb,0.9,1,51,0.9082,0.39732,0.82025,0.81922,0.13654,0.60481,0.20748,0.08734,0.05819,0.67472
233,Many people really,cau_unemb,0.99,1,65,0.99038,0.53357,1.34351,1.32912,0.15322,0.60481,0.07124,0.0103,0.10322,1.22999
233,Many people really,dua_unemb,0.3,1,2,0.39069,0.57701,0.19036,0.19267,0.10545,0.60481,0.0278,0.00159,0.04156,0.14721
233,Many people really,dua_unemb,0.5,1,3,0.5895,0.58938,0.41686,0.41117,0.11238,0.60481,0.01542,0.00049,0.09321,0.32316
233,Many people really,dua_unemb,0.7,1,5,0.77122,0.61065,0.99503,0.96399,0.13486,0.60481,0.00584,7e-05,0.156,0.83896
233,Many people really,dua_unemb,0.9,1,8,0.91134,0.62775,2.49421,2.41569,0.18667,0.60481,0.02295,0.00112,0.2309,2.26219
233,Many people really,dua_unemb,0.99,1,13,0.99619,0.6571,6.3072,6.17452,0.17531,0.60481,0.0523,0.00594,0.36656,5.93471
233,Many people really,euc_dmd,0.3,1,2,0.92508,0.20915,1.40938,1.4102,0.20113,0.60481,0.39566,0.36807,0.11126,0.93005
233,Many people really,euc_dmd,0.5,1,2,0.92508,0.20915,1.40938,1.4102,0.20113,0.60481,0.39566,0.36807,0.11126,0.93005
233,Many people really,euc_dmd,0.7,1,2,0.92508,0.20915,1.40938,1.4102,0.20113,0.60481,0.39566,0.36807,0.11126,0.93005
233,Many people really,euc_dmd,0.9,1,2,0.92508,0.20915,1.40938,1.4102,0.20113,0.60481,0.39566,0.36807,0.11126,0.93005
233,Many people really,euc_dmd,0.99,1,3,0.99895,0.44771,2.23526,2.21627,0.16569,0.60481,0.1571,0.04964,0.27,1.91563
233,Many people really,cau_dmd,0.3,1,14,0.36086,0.19278,0.98241,0.99016,0.11705,0.60481,0.41202,0.40925,0.12472,0.44844
233,Many people really,cau_dmd,0.5,1,16,0.55547,0.18353,1.13406,1.14039,0.17235,0.60481,0.42127,0.43448,0.12339,0.57619
233,Many people really,cau_dmd,0.7,1,18,0.73283,0.1905,1.27817,1.28237,0.18891,0.60481,0.41431,0.41533,0.13827,0.72457
233,Many people really,cau_dmd,0.9,1,22,0.92838,0.22831,1.63653,1.63423,0.19202,0.60481,0.37649,0.32473,0.21406,1.09774
233,Many people really,cau_dmd,0.99,1,28,0.99229,0.2607,2.45734,2.4407,0.19084,0.60481,0.34411,0.26146,0.34586,1.85003
233,Many people really,dua_dmd,0.3,1,2,0.5007,0.57341,0.26602,0.26887,0.12464,0.60481,0.0314,0.00203,0.06418,0.19981
233,Many people really,dua_dmd,0.5,1,2,0.5007,0.57341,0.26602,0.26887,0.12464,0.60481,0.0314,0.00203,0.06418,0.19981
233,Many people really,dua_dmd,0.7,1,3,0.70954,0.57714,0.55529,0.55216,0.14207,0.60481,0.02767,0.00158,0.12153,0.43218
233,Many people really,dua_dmd,0.9,1,6,0.90679,0.59406,2.03143,1.99471,0.18457,0.60481,0.01075,0.00024,0.20623,1.82495
233,Many people really,dua_dmd,0.99,1,11,0.99382,0.63074,5.71929,5.6236,0.19101,0.60481,0.02593,0.00143,0.36178,5.35607
275,"Every day, People also",euc_ctx,0.3,1,3,0.40648,0.32422,0.17855,0.18316,0.03131,0.44385,0.11964,0.03105,0.01222,0.13529
275,"Every day, People also",euc_ctx,0.5,1,4,0.61839,0.3312,0.28336,0.28775,0.03596,0.44385,0.11265,0.02736,0.0198,0.2362
275,"Every day, People also",euc_ctx,0.7,1,5,0.79143,0.36711,0.40289,0.40614,0.03382,0.44385,0.07674,0.01237,0.0269,0.36363
275,"Every day, People also",euc_ctx,0.9,1,7,0.95241,0.48361,0.74253,0.74106,0.0318,0.44385,0.03975,0.00317,0.0379,0.70145
275,"Every day, People also",euc_ctx,0.99,1,9,0.99,0.58836,1.24314,1.23466,0.03409,0.44385,0.1445,0.04223,0.04623,1.15468
275,"Every day, People also",cau_ctx,0.3,0,,,,,,,,,,,
275,"Every day, People also",cau_ctx,0.5,0,,,,,,,,,,,
275,"Every day, People also",cau_ctx,0.7,0,,,,,,,,,,,
275,"Every day, People also",cau_ctx,0.9,0,,,,,,,,,,,
275,"Every day, People also",cau_ctx,0.99,0,,,,,,,,,,,
275,"Every day, People also",dua_ctx,0.3,1,25,0.30257,0.42793,0.44863,0.44946,0.01745,0.44385,0.01593,0.00052,0.03751,0.4106
275,"Every day, People also",dua_ctx,0.5,1,41,0.50475,0.39913,1.20747,1.19512,0.02396,0.44385,0.04472,0.00412,0.10208,1.10126
275,"Every day, People also",dua_ctx,0.7,1,56,0.70555,0.38509,2.29783,2.26679,0.03176,0.44385,0.05876,0.00717,0.1878,2.10286
275,"Every day, People also",dua_ctx,0.9,1,82,0.90294,0.4207,5.05458,4.98526,0.04083,0.44385,0.02315,0.00109,0.33833,4.71516
275,"Every day, People also",dua_ctx,0.99,1,116,0.99118,0.50721,7.63083,7.52386,0.04199,0.44385,0.06336,0.00804,0.57973,7.04306
275,"Every day, People also",euc_unemb,0.3,1,1,0.84687,0.35187,0.44738,0.4504,0.06564,0.44385,0.09199,0.01796,0.0634,0.36603
275,"Every day, People also",euc_unemb,0.5,1,1,0.84687,0.35187,0.44738,0.4504,0.06564,0.44385,0.09199,0.01796,0.0634,0.36603
275,"Every day, People also",euc_unemb,0.7,1,1,0.84687,0.35187,0.44738,0.4504,0.06564,0.44385,0.09199,0.01796,0.0634,0.36603
275,"Every day, People also",euc_unemb,0.9,1,2,0.99851,0.53506,2.0087,1.99154,0.08218,0.44385,0.0912,0.01667,0.24002,1.75201
275,"Every day, People also",euc_unemb,0.99,1,2,0.99851,0.53506,2.0087,1.99154,0.08218,0.44385,0.0912,0.01667,0.24002,1.75201
275,"Every day, People also",cau_unemb,0.3,1,13,0.32443,0.33609,0.09131,0.095,0.02099,0.44385,0.10776,0.02494,0.00678,0.05959
275,"Every day, People also",cau_unemb,0.5,1,18,0.53485,0.33879,0.15734,0.16107,0.02992,0.44385,0.10507,0.02366,0.01477,0.11891
275,"Every day, People also",cau_unemb,0.7,1,23,0.73313,0.37403,0.24509,0.24789,0.03162,0.44385,0.06982,0.01019,0.03031,0.20459
275,"Every day, People also",cau_unemb,0.9,1,30,0.90248,0.45993,0.4449,0.44466,0.03285,0.44385,0.01608,0.00052,0.06353,0.38084
275,"Every day, People also",cau_unemb,0.99,1,44,0.99036,0.61044,1.17152,1.1605,0.0551,0.44385,0.16659,0.05655,0.13627,0.97871
275,"Every day, People also",dua_unemb,0.3,1,1,0.62303,0.51907,0.20315,0.20335,0.02394,0.44385,0.07522,0.01133,0.0154,0.17642
275,"Every day, People also",dua_unemb,0.5,1,1,0.62303,0.51907,0.20315,0.20335,0.02394,0.44385,0.07522,0.01133,0.0154,0.17642
275,"Every day, People also",dua_unemb,0.7,1,2,0.92633,0.5694,0.63879,0.63392,0.04793,0.44385,0.12554,0.03173,0.03423,0.57283
275,"Every day, People also",dua_unemb,0.9,1,2,0.92633,0.5694,0.63879,0.63392,0.04793,0.44385,0.12554,0.03173,0.03423,0.57283
275,"Every day, People also",dua_unemb,0.99,1,3,0.99535,0.60118,1.39906,1.38373,0.04913,0.44385,0.15733,0.05027,0.04466,1.30413
275,"Every day, People also",euc_dmd,0.3,1,1,0.83689,0.30722,0.47051,0.47258,0.06886,0.44385,0.13663,0.04113,0.05368,0.3757
275,"Every day, People also",euc_dmd,0.5,1,1,0.83689,0.30722,0.47051,0.47258,0.06886,0.44385,0.13663,0.04113,0.05368,0.3757
275,"Every day, People also",euc_dmd,0.7,1,1,0.83689,0.30722,0.47051,0.47258,0.06886,0.44385,0.13663,0.04113,0.05368,0.3757
275,"Every day, People also",euc_dmd,0.9,1,2,0.99792,0.53101,1.68124,1.66618,0.07399,0.44385,0.08716,0.01522,0.18591,1.48012
275,"Every day, People also",euc_dmd,0.99,1,2,0.99792,0.53101,1.68124,1.66618,0.07399,0.44385,0.08716,0.01522,0.18591,1.48012
275,"Every day, People also",cau_dmd,0.3,1,6,0.3683,0.30706,0.14802,0.15163,0.03362,0.44385,0.1368,0.04124,0.01492,0.09186
275,"Every day, People also",cau_dmd,0.5,1,8,0.5672,0.30719,0.23043,0.2338,0.03747,0.44385,0.13666,0.04115,0.02673,0.16255
275,"Every day, People also",cau_dmd,0.7,1,10,0.74505,0.33498,0.32895,0.33128,0.0367,0.44385,0.10887,0.02548,0.04901,0.25446
275,"Every day, People also",cau_dmd,0.9,1,13,0.90542,0.41317,0.53992,0.53925,0.03733,0.44385,0.03068,0.00193,0.10088,0.43711
275,"Every day, People also",cau_dmd,0.99,1,20,0.99294,0.59429,1.40281,1.38988,0.03612,0.44385,0.15043,0.04585,0.24367,1.11329
275,"Every day, People also",dua_dmd,0.3,1,1,0.67805,0.53567,0.2318,0.23065,0.02746,0.44385,0.09181,0.01689,0.023,0.19191
275,"Every day, People also",dua_dmd,0.5,1,1,0.67805,0.53567,0.2318,0.23065,0.02746,0.44385,0.09181,0.01689,0.023,0.19191
275,"Every day, People also",dua_dmd,0.7,1,2,0.94446,0.56432,0.67041,0.66616,0.03233,0.44385,0.12046,0.02919,0.05062,0.5906
275,"Every day, People also",dua_dmd,0.9,1,2,0.94446,0.56432,0.67041,0.66616,0.03233,0.44385,0.12046,0.02919,0.05062,0.5906
275,"Every day, People also",dua_dmd,0.99,1,3,0.99225,0.57972,1.30613,1.29637,0.03375,0.44385,0.13586,0.03725,0.06665,1.20224
64,"Every day, Parents generally",euc_ctx,0.3,1,5,0.36837,0.37027,0.43023,0.44423,0.0672,0.55894,0.18867,0.07311,0.03979,0.31733
64,"Every day, Parents generally",euc_ctx,0.5,1,6,0.6016,0.37825,0.59124,0.60506,0.07148,0.55894,0.18068,0.06681,0.04882,0.47561
64,"Every day, Parents generally",euc_ctx,0.7,1,7,0.79386,0.41776,0.76578,0.77804,0.04418,0.55894,0.14118,0.04024,0.05464,0.67091
64,"Every day, Parents generally",euc_ctx,0.9,1,8,0.90606,0.47359,0.97779,0.98729,0.04457,0.55894,0.08535,0.01459,0.05931,0.90389
64,"Every day, Parents generally",euc_ctx,0.99,1,11,0.9925,0.60776,1.88177,1.87857,0.08227,0.55894,0.04882,0.00494,0.07577,1.80106
64,"Every day, Parents generally",cau_ctx,0.3,0,,,,,,,,,,,
64,"Every day, Parents generally",cau_ctx,0.5,0,,,,,,,,,,,
64,"Every day, Parents generally",cau_ctx,0.7,0,,,,,,,,,,,
64,"Every day, Parents generally",cau_ctx,0.9,0,,,,,,,,,,,
64,"Every day, Parents generally",cau_ctx,0.99,0,,,,,,,,,,,
64,"Every day, Parents generally",dua_ctx,0.3,1,36,0.30688,0.51105,1.09257,1.09065,0.03324,0.55894,0.04788,0.0046,0.10168,0.98629
64,"Every day, Parents generally",dua_ctx,0.5,1,52,0.50597,0.47705,2.36251,2.34102,0.03394,0.55894,0.08189,0.01343,0.22642,2.12266
64,"Every day, Parents generally",dua_ctx,0.7,1,68,0.70836,0.46011,4.21399,4.1665,0.06578,0.55894,0.09883,0.01958,0.39274,3.80167
64,"Every day, Parents generally",dua_ctx,0.9,1,88,0.90564,0.46311,6.94137,6.86185,0.04761,0.55894,0.09583,0.01841,0.63131,6.29165
64,"Every day, Parents generally",dua_ctx,0.99,1,113,0.9906,0.51083,9.13616,9.02733,0.05328,0.55894,0.04811,0.00464,0.9331,8.19841
64,"Every day, Parents generally",euc_unemb,0.3,1,1,0.46505,0.32169,0.43796,0.45194,0.09366,0.55894,0.23724,0.11894,0.06167,0.25735
64,"Every day, Parents generally",euc_unemb,0.5,1,2,0.99492,0.52351,1.96062,1.95672,0.1137,0.55894,0.03543,0.00252,0.3826,1.5755
64,"Every day, Parents generally",euc_unemb,0.7,1,2,0.99492,0.52351,1.96062,1.95672,0.1137,0.55894,0.03543,0.00252,0.3826,1.5755
64,"Every day, Parents generally",euc_unemb,0.9,1,2,0.99492,0.52351,1.96062,1.95672,0.1137,0.55894,0.03543,0.00252,0.3826,1.5755
64,"Every day, Parents generally",euc_unemb,0.99,1,2,0.99492,0.52351,1.96062,1.95672,0.1137,0.55894,0.03543,0.00252,0.3826,1.5755
64,"Every day, Parents generally",cau_unemb,0.3,1,24,0.32433,0.33199,0.31578,0.32695,0.08301,0.55894,0.22695,0.10807,0.02492,0.18279
64,"Every day, Parents generally",cau_unemb,0.5,1,28,0.51127,0.33422,0.39665,0.40784,0.07711,0.55894,0.22471,0.10581,0.02831,0.26254
64,"Every day, Parents generally",cau_unemb,0.7,1,33,0.73399,0.36951,0.5109,0.52092,0.08316,0.55894,0.18942,0.07372,0.0445,0.39267
64,"Every day, Parents generally",cau_unemb,0.9,1,40,0.91406,0.45511,0.75926,0.76539,0.08094,0.55894,0.10383,0.02162,0.09404,0.6436
64,"Every day, Parents generally",cau_unemb,0.99,1,52,0.99053,0.57206,1.47252,1.46759,0.06546,0.55894,0.01313,0.00035,0.20094,1.27123
64,"Every day, Parents generally",dua_unemb,0.3,1,2,0.77786,0.581,0.47532,0.47733,0.07186,0.55894,0.02206,0.001,0.05395,0.42038
64,"Every day, Parents generally",dua_unemb,0.5,1,2,0.77786,0.581,0.47532,0.47733,0.07186,0.55894,0.02206,0.001,0.05395,0.42038
64,"Every day, Parents generally",dua_unemb,0.7,1,2,0.77786,0.581,0.47532,0.47733,0.07186,0.55894,0.02206,0.001,0.05395,0.42038
64,"Every day, Parents generally",dua_unemb,0.9,1,3,0.96546,0.60979,1.11756,1.11019,0.07233,0.55894,0.05085,0.00536,0.08253,1.02968
64,"Every day, Parents generally",dua_unemb,0.99,1,4,0.99863,0.62149,2.27749,2.2546,0.07429,0.55894,0.06255,0.00816,0.09453,2.1748
64,"Every day, Parents generally",euc_dmd,0.3,1,1,0.44706,0.30764,0.46097,0.47515,0.08797,0.55894,0.2513,0.13486,0.04471,0.2814
64,"Every day, Parents generally",euc_dmd,0.5,1,2,0.99285,0.52621,1.71509,1.71472,0.10288,0.55894,0.03272,0.00215,0.24922,1.46372
64,"Every day, Parents generally",euc_dmd,0.7,1,2,0.99285,0.52621,1.71509,1.71472,0.10288,0.55894,0.03272,0.00215,0.24922,1.46372
64,"Every day, Parents generally",euc_dmd,0.9,1,2,0.99285,0.52621,1.71509,1.71472,0.10288,0.55894,0.03272,0.00215,0.24922,1.46372
64,"Every day, Parents generally",euc_dmd,0.99,1,2,0.99285,0.52621,1.71509,1.71472,0.10288,0.55894,0.03272,0.00215,0.24922,1.46372
64,"Every day, Parents generally",cau_dmd,0.3,1,11,0.39831,0.32046,0.44969,0.46177,0.08331,0.55894,0.23848,0.12029,0.05419,0.27521
64,"Every day, Parents generally",cau_dmd,0.5,1,12,0.50725,0.32415,0.50373,0.51573,0.07087,0.55894,0.23478,0.11628,0.055,0.33245
64,"Every day, Parents generally",cau_dmd,0.7,1,14,0.7115,0.35364,0.62697,0.63797,0.07118,0.55894,0.20529,0.08729,0.07024,0.46944
64,"Every day, Parents generally",cau_dmd,0.9,1,18,0.93164,0.45805,1.03308,1.03871,0.06813,0.55894,0.10089,0.02041,0.15951,0.85316
64,"Every day, Parents generally",cau_dmd,0.99,1,23,0.99081,0.54517,1.85755,1.85202,0.06859,0.55894,0.01377,0.00038,0.30827,1.5489
64,"Every day, Parents generally",dua_dmd,0.3,1,2,0.83486,0.57146,0.59018,0.59436,0.03494,0.55894,0.01253,0.00032,0.04585,0.54401
64,"Every day, Parents generally",dua_dmd,0.5,1,2,0.83486,0.57146,0.59018,0.59436,0.03494,0.55894,0.01253,0.00032,0.04585,0.54401
64,"Every day, Parents generally",dua_dmd,0.7,1,2,0.83486,0.57146,0.59018,0.59436,0.03494,0.55894,0.01253,0.00032,0.04585,0.54401
64,"Every day, Parents generally",dua_dmd,0.9,1,3,0.97588,0.57881,1.37949,1.37934,0.04036,0.55894,0.01988,0.00081,0.08038,1.2983
64,"Every day, Parents generally",dua_dmd,0.99,1,4,0.99712,0.5909,2.47659,2.46876,0.04386,0.55894,0.03196,0.0021,0.10007,2.37442
125,"Honestly, Farmers never",euc_ctx,0.3,1,4,0.46819,0.15769,0.26447,0.26665,0.03051,0.32788,0.17019,0.08831,0.01936,0.15681
125,"Honestly, Farmers never",euc_ctx,0.5,1,5,0.67673,0.17324,0.32323,0.32467,0.03043,0.32788,0.15464,0.07,0.02086,0.23237
125,"Honestly, Farmers never",euc_ctx,0.7,1,6,0.82881,0.21348,0.3801,0.38027,0.02731,0.32788,0.1144,0.03505,0.023,0.32205
125,"Honestly, Farmers never",euc_ctx,0.9,1,7,0.91588,0.27558,0.46282,0.46115,0.02653,0.32788,0.0523,0.00661,0.02737,0.42884
125,"Honestly, Farmers never",euc_ctx,0.99,1,10,0.9907,0.51172,1.01553,1.00455,0.06911,0.32788,0.18384,0.06883,0.04328,0.90342
125,"Honestly, Farmers never",cau_ctx,0.3,0,,,,,,,,,,,
125,"Honestly, Farmers never",cau_ctx,0.5,0,,,,,,,,,,,
125,"Honestly, Farmers never",cau_ctx,0.7,0,,,,,,,,,,,
125,"Honestly, Farmers never",cau_ctx,0.9,0,,,,,,,,,,,
125,"Honestly, Farmers never",cau_ctx,0.99,0,,,,,,,,,,,
125,"Honestly, Farmers never",dua_ctx,0.3,1,18,0.308,0.31649,0.25853,0.25952,0.05951,0.32788,0.01139,0.0003,0.02589,0.23234
125,"Honestly, Farmers never",dua_ctx,0.5,1,29,0.51531,0.3076,0.66162,0.65302,0.05358,0.32788,0.02029,0.00095,0.06547,0.59519
125,"Honestly, Farmers never",dua_ctx,0.7,1,40,0.70519,0.3074,1.26419,1.24049,0.06498,0.32788,0.02048,0.00097,0.11587,1.14735
125,"Honestly, Farmers never",dua_ctx,0.9,1,63,0.90198,0.35882,3.16084,3.09831,0.07434,0.32788,0.03094,0.00211,0.23707,2.92166
125,"Honestly, Farmers never",dua_ctx,0.99,1,95,0.99115,0.46215,5.43817,5.33485,0.08342,0.32788,0.13427,0.03725,0.45863,4.9423
125,"Honestly, Farmers never",euc_unemb,0.3,1,1,0.79962,0.17585,0.4133,0.41682,0.07732,0.32788,0.15203,0.06722,0.04934,0.29674
125,"Honestly, Farmers never",euc_unemb,0.5,1,1,0.79962,0.17585,0.4133,0.41682,0.07732,0.32788,0.15203,0.06722,0.04934,0.29674
125,"Honestly, Farmers never",euc_unemb,0.7,1,1,0.79962,0.17585,0.4133,0.41682,0.07732,0.32788,0.15203,0.06722,0.04934,0.29674
125,"Honestly, Farmers never",euc_unemb,0.9,1,2,0.99866,0.48117,1.80205,1.78832,0.08341,0.32788,0.15329,0.04822,0.21159,1.54225
125,"Honestly, Farmers never",euc_unemb,0.99,1,2,0.99866,0.48117,1.80205,1.78832,0.08341,0.32788,0.15329,0.04822,0.21159,1.54225
125,"Honestly, Farmers never",cau_unemb,0.3,1,16,0.33349,0.17303,0.14659,0.14974,0.02971,0.32788,0.15486,0.07023,0.00648,0.06988
125,"Honestly, Farmers never",cau_unemb,0.5,1,20,0.52116,0.1735,0.19178,0.19487,0.0303,0.32788,0.15439,0.06972,0.01242,0.10964
125,"Honestly, Farmers never",cau_unemb,0.7,1,24,0.70242,0.19404,0.23592,0.23853,0.03869,0.32788,0.13384,0.04995,0.02523,0.16075
125,"Honestly, Farmers never",cau_unemb,0.9,1,31,0.90073,0.27692,0.35453,0.3551,0.04704,0.32788,0.05096,0.00626,0.06087,0.2874
125,"Honestly, Farmers never",cau_unemb,0.99,1,44,0.99074,0.49363,0.91466,0.90678,0.07581,0.32788,0.16575,0.05617,0.12628,0.7322
125,"Honestly, Farmers never",dua_unemb,0.3,1,1,0.54858,0.40972,0.13987,0.14285,0.06599,0.32788,0.08184,0.01421,0.01338,0.11228
125,"Honestly, Farmers never",dua_unemb,0.5,1,1,0.54858,0.40972,0.13987,0.14285,0.06599,0.32788,0.08184,0.01421,0.01338,0.11228
125,"Honestly, Farmers never",dua_unemb,0.7,1,2,0.92384,0.51045,0.53509,0.53417,0.07446,0.32788,0.18257,0.0679,0.03557,0.43162
125,"Honestly, Farmers never",dua_unemb,0.9,1,2,0.92384,0.51045,0.53509,0.53417,0.07446,0.32788,0.18257,0.0679,0.03557,0.43162
125,"Honestly, Farmers never",dua_unemb,0.99,1,3,0.99372,0.55781,1.10084,1.08929,0.07681,0.32788,0.22993,0.10719,0.04385,0.94979
125,"Honestly, Farmers never",euc_dmd,0.3,1,1,0.77827,0.12987,0.47621,0.47672,0.06391,0.32788,0.19801,0.13011,0.03555,0.31055
125,"Honestly, Farmers never",euc_dmd,0.5,1,1,0.77827,0.12987,0.47621,0.47672,0.06391,0.32788,0.19801,0.13011,0.03555,0.31055
125,"Honestly, Farmers never",euc_dmd,0.7,1,1,0.77827,0.12987,0.47621,0.47672,0.06391,0.32788,0.19801,0.13011,0.03555,0.31055
125,"Honestly, Farmers never",euc_dmd,0.9,1,2,0.99755,0.39603,1.33895,1.32545,0.08085,0.32788,0.06815,0.00994,0.14989,1.17913
125,"Honestly, Farmers never",euc_dmd,0.99,1,2,0.99755,0.39603,1.33895,1.32545,0.08085,0.32788,0.06815,0.00994,0.14989,1.17913
125,"Honestly, Farmers never",cau_dmd,0.3,1,7,0.34495,0.1427,0.23973,0.24127,0.03423,0.32788,0.18518,0.10921,0.01543,0.11509
125,"Honestly, Farmers never",cau_dmd,0.5,1,9,0.5586,0.13798,0.32784,0.3286,0.03348,0.32788,0.1899,0.11655,0.02378,0.18751
125,"Honestly, Farmers never",cau_dmd,0.7,1,11,0.74954,0.15332,0.41857,0.418,0.05142,0.32788,0.17456,0.09405,0.04391,0.2806
125,"Honestly, Farmers never",cau_dmd,0.9,1,14,0.91341,0.20659,0.60337,0.59969,0.05027,0.32788,0.12129,0.03994,0.09367,0.46976
125,"Honestly, Farmers never",cau_dmd,0.99,1,20,0.99155,0.34315,1.29873,1.28456,0.07399,0.32788,0.01527,0.00052,0.20214,1.09607
125,"Honestly, Farmers never",dua_dmd,0.3,1,1,0.58705,0.41623,0.1537,0.1558,0.05911,0.32788,0.08834,0.01649,0.01534,0.12187
125,"Honestly, Farmers never",dua_dmd,0.5,1,1,0.58705,0.41623,0.1537,0.1558,0.05911,0.32788,0.08834,0.01649,0.01534,0.12187
125,"Honestly, Farmers never",dua_dmd,0.7,1,2,0.9206,0.48732,0.48708,0.48611,0.06971,0.32788,0.15944,0.05207,0.0325,0.40251
125,"Honestly, Farmers never",dua_dmd,0.9,1,2,0.9206,0.48732,0.48708,0.48611,0.06971,0.32788,0.15944,0.05207,0.0325,0.40251
125,"Honestly, Farmers never",dua_dmd,0.99,1,4,0.99608,0.53466,1.53486,1.51734,0.07106,0.32788,0.20678,0.08679,0.0534,1.39467
268,"At home, You usually",euc_ctx,0.3,1,7,0.42295,0.22415,0.82713,0.83879,0.21207,0.57608,0.35194,0.28757,0.09709,0.44247
268,"At home, You usually",euc_ctx,0.5,1,8,0.64108,0.2386,0.93462,0.94538,0.20912,0.57608,0.33748,0.25954,0.10525,0.56983
268,"At home, You usually",euc_ctx,0.7,1,9,0.81011,0.28181,1.00812,1.01718,0.20055,0.57608,0.29427,0.18842,0.10554,0.71416
268,"At home, You usually",euc_ctx,0.9,1,10,0.9088,0.34595,1.09252,1.09906,0.09205,0.57608,0.23014,0.10995,0.10417,0.87839
268,"At home, You usually",euc_ctx,0.99,1,13,0.99098,0.54435,1.63071,1.62541,0.081,0.57608,0.03173,0.00204,0.1096,1.51908
268,"At home, You usually",cau_ctx,0.3,0,,,,,,,,,,,
268,"At home, You usually",cau_ctx,0.5,0,,,,,,,,,,,
268,"At home, You usually",cau_ctx,0.7,0,,,,,,,,,,,
268,"At home, You usually",cau_ctx,0.9,0,,,,,,,,,,,
268,"At home, You usually",cau_ctx,0.99,0,,,,,,,,,,,
268,"At home, You usually",dua_ctx,0.3,1,33,0.30236,0.51297,0.66592,0.65619,0.02081,0.57608,0.06311,0.00801,0.08486,0.57305
268,"At home, You usually",dua_ctx,0.5,1,48,0.50344,0.48478,1.36768,1.33571,0.02608,0.57608,0.0913,0.01672,0.18784,1.16312
268,"At home, You usually",dua_ctx,0.7,1,63,0.70363,0.46522,2.2962,2.23818,0.03298,0.57608,0.11087,0.02465,0.32666,1.94489
268,"At home, You usually",dua_ctx,0.9,1,84,0.90506,0.46565,3.75788,3.66767,0.05753,0.57608,0.11043,0.02446,0.56695,3.16647
268,"At home, You usually",dua_ctx,0.99,1,112,0.99132,0.51208,6.13362,6.01549,0.08914,0.57608,0.064,0.00824,0.95249,5.1729
268,"At home, You usually",euc_unemb,0.3,1,2,0.96498,0.36558,1.57034,1.57829,0.22835,0.57608,0.2105,0.09107,0.38881,1.09047
268,"At home, You usually",euc_unemb,0.5,1,2,0.96498,0.36558,1.57034,1.57829,0.22835,0.57608,0.2105,0.09107,0.38881,1.09047
268,"At home, You usually",euc_unemb,0.7,1,2,0.96498,0.36558,1.57034,1.57829,0.22835,0.57608,0.2105,0.09107,0.38881,1.09047
268,"At home, You usually",euc_unemb,0.9,1,2,0.96498,0.36558,1.57034,1.57829,0.22835,0.57608,0.2105,0.09107,0.38881,1.09047
268,"At home, You usually",euc_unemb,0.99,1,3,0.99979,0.56083,3.49663,3.47729,0.22352,0.57608,0.01526,0.00047,0.77688,2.71927
268,"At home, You usually",cau_unemb,0.3,1,32,0.30829,0.20681,0.72322,0.73415,0.19704,0.57608,0.36927,0.32456,0.05999,0.33868
268,"At home, You usually",cau_unemb,0.5,1,37,0.53201,0.20033,0.8593,0.86956,0.2017,0.57608,0.37575,0.33946,0.0655,0.45435
268,"At home, You usually",cau_unemb,0.7,1,41,0.70531,0.21517,0.94343,0.95255,0.2121,0.57608,0.36091,0.30623,0.07561,0.56159
268,"At home, You usually",cau_unemb,0.9,1,49,0.91282,0.28592,1.1231,1.12824,0.2151,0.57608,0.29016,0.18251,0.11643,0.82415
268,"At home, You usually",cau_unemb,0.99,1,62,0.99105,0.41304,1.66694,1.66117,0.1798,0.57608,0.16304,0.05371,0.19167,1.42155
268,"At home, You usually",dua_unemb,0.3,1,2,0.62215,0.59212,0.31219,0.31462,0.05282,0.57608,0.01604,0.00053,0.06068,0.25099
268,"At home, You usually",dua_unemb,0.5,1,2,0.62215,0.59212,0.31219,0.31462,0.05282,0.57608,0.01604,0.00053,0.06068,0.25099
268,"At home, You usually",dua_unemb,0.7,1,3,0.87152,0.6222,0.66305,0.65817,0.06419,0.57608,0.04612,0.00446,0.09898,0.55961
268,"At home, You usually",dua_unemb,0.9,1,4,0.96318,0.64157,1.19597,1.17833,0.14623,0.57608,0.06548,0.00911,0.11768,1.06919
268,"At home, You usually",dua_unemb,0.99,1,5,0.99365,0.65373,2.0265,1.9913,0.14755,0.57608,0.07765,0.01293,0.12258,1.89099
268,"At home, You usually",euc_dmd,0.3,1,2,0.95304,0.27716,1.56466,1.57279,0.22532,0.57608,0.29892,0.19527,0.2478,1.12158
268,"At home, You usually",euc_dmd,0.5,1,2,0.95304,0.27716,1.56466,1.57279,0.22532,0.57608,0.29892,0.19527,0.2478,1.12158
268,"At home, You usually",euc_dmd,0.7,1,2,0.95304,0.27716,1.56466,1.57279,0.22532,0.57608,0.29892,0.19527,0.2478,1.12158
268,"At home, You usually",euc_dmd,0.9,1,2,0.95304,0.27716,1.56466,1.57279,0.22532,0.57608,0.29892,0.19527,0.2478,1.12158
268,"At home, You usually",euc_dmd,0.99,1,3,0.99951,0.49571,3.01676,3.00248,0.20122,0.57608,0.08037,0.01296,0.46405,2.53975
268,"At home, You usually",cau_dmd,0.3,1,14,0.36693,0.20195,0.91202,0.92428,0.22144,0.57608,0.37413,0.33568,0.13742,0.43891
268,"At home, You usually",cau_dmd,0.5,1,16,0.57641,0.20687,1.03593,1.04748,0.21217,0.57608,0.36921,0.32443,0.14604,0.56546
268,"At home, You usually",cau_dmd,0.7,1,18,0.75882,0.23485,1.15877,1.1688,0.09783,0.57608,0.34123,0.26658,0.17929,0.7129
268,"At home, You usually",cau_dmd,0.9,1,21,0.91496,0.30521,1.40432,1.41047,0.09156,0.57608,0.27088,0.15652,0.26318,0.98463
268,"At home, You usually",cau_dmd,0.99,1,27,0.99137,0.42636,2.23846,2.23177,0.08849,0.57608,0.14973,0.04516,0.44924,1.74406
268,"At home, You usually",dua_dmd,0.3,1,2,0.68547,0.59059,0.36022,0.36251,0.05103,0.57608,0.01451,0.00043,0.04931,0.31048
268,"At home, You usually",dua_dmd,0.5,1,2,0.68547,0.59059,0.36022,0.36251,0.05103,0.57608,0.01451,0.00043,0.04931,0.31048
268,"At home, You usually",dua_dmd,0.7,1,3,0.93009,0.60409,0.79793,0.79535,0.07468,0.57608,0.028,0.00163,0.08457,0.71173
268,"At home, You usually",dua_dmd,0.9,1,3,0.93009,0.60409,0.79793,0.79535,0.07468,0.57608,0.028,0.00163,0.08457,0.71173
268,"At home, You usually",dua_dmd,0.99,1,4,0.99353,0.61902,1.52777,1.51583,0.07788,0.57608,0.04294,0.00386,0.10647,1.41745
219,"Usually, Both of them usually",euc_ctx,0.3,1,5,0.38002,0.22065,0.4397,0.44862,0.10971,0.45539,0.23474,0.13478,0.02777,0.27715
219,"Usually, Both of them usually",euc_ctx,0.5,1,6,0.5821,0.22136,0.55857,0.56751,0.11105,0.45539,0.23403,0.13382,0.03548,0.38926
219,"Usually, Both of them usually",euc_ctx,0.7,1,7,0.75799,0.2458,0.66197,0.67031,0.04607,0.45539,0.20959,0.10349,0.04004,0.51844
219,"Usually, Both of them usually",euc_ctx,0.9,1,9,0.93828,0.34691,0.9016,0.90689,0.03957,0.45539,0.10849,0.02498,0.04334,0.83328
219,"Usually, Both of them usually",euc_ctx,0.99,1,12,0.99301,0.51565,1.53045,1.52723,0.03685,0.45539,0.06025,0.00727,0.04847,1.47471
219,"Usually, Both of them usually",cau_ctx,0.3,0,,,,,,,,,,,
219,"Usually, Both of them usually",cau_ctx,0.5,0,,,,,,,,,,,
219,"Usually, Both of them usually",cau_ctx,0.7,0,,,,,,,,,,,
219,"Usually, Both of them usually",cau_ctx,0.9,0,,,,,,,,,,,
219,"Usually, Both of them usually",cau_ctx,0.99,0,,,,,,,,,,,
219,"Usually, Both of them usually",dua_ctx,0.3,1,33,0.30307,0.43027,0.70016,0.70088,0.01376,0.45539,0.02513,0.00128,0.06168,0.6372
219,"Usually, Both of them usually",dua_ctx,0.5,1,50,0.5024,0.41326,1.63136,1.61614,0.02183,0.45539,0.04213,0.00363,0.14863,1.4791
219,"Usually, Both of them usually",dua_ctx,0.7,1,67,0.70754,0.40832,2.91428,2.87739,0.0308,0.45539,0.04707,0.00454,0.25503,2.65471
219,"Usually, Both of them usually",dua_ctx,0.9,1,87,0.90687,0.42121,4.7672,4.7031,0.0418,0.45539,0.03418,0.00238,0.39814,4.36668
219,"Usually, Both of them usually",dua_ctx,0.99,1,109,0.99016,0.47373,6.93896,6.84864,0.03638,0.45539,0.01834,0.00068,0.56176,6.37652
219,"Usually, Both of them usually",euc_unemb,0.3,1,1,0.441,0.1863,0.51041,0.52038,0.1168,0.45539,0.26909,0.18836,0.058,0.26404
219,"Usually, Both of them usually",euc_unemb,0.5,1,2,0.98582,0.34352,1.49566,1.49728,0.15357,0.45539,0.11187,0.02663,0.27817,1.19085
219,"Usually, Both of them usually",euc_unemb,0.7,1,2,0.98582,0.34352,1.49566,1.49728,0.15357,0.45539,0.11187,0.02663,0.27817,1.19085
219,"Usually, Both of them usually",euc_unemb,0.9,1,2,0.98582,0.34352,1.49566,1.49728,0.15357,0.45539,0.11187,0.02663,0.27817,1.19085
219,"Usually, Both of them usually",euc_unemb,0.99,1,3,0.99984,0.41993,3.485,3.46416,0.17075,0.45539,0.03546,0.00256,0.54728,2.93515
219,"Usually, Both of them usually",cau_unemb,0.3,1,23,0.31336,0.23329,0.28934,0.29702,0.04461,0.45539,0.2221,0.11832,0.02094,0.15008
219,"Usually, Both of them usually",cau_unemb,0.5,1,28,0.51392,0.23041,0.3757,0.38353,0.04684,0.45539,0.22498,0.12194,0.02675,0.22701
219,"Usually, Both of them usually",cau_unemb,0.7,1,33,0.70919,0.25265,0.45541,0.46268,0.04707,0.45539,0.20274,0.09594,0.03481,0.32466
219,"Usually, Both of them usually",cau_unemb,0.9,1,41,0.90189,0.32978,0.62394,0.62869,0.03997,0.45539,0.12561,0.03394,0.05476,0.53524
219,"Usually, Both of them usually",cau_unemb,0.99,1,56,0.9907,0.4852,1.26214,1.25731,0.0426,0.45539,0.02981,0.00178,0.09737,1.16299
219,"Usually, Both of them usually",dua_unemb,0.3,1,2,0.71214,0.50115,0.38702,0.39047,0.02437,0.45539,0.04576,0.00419,0.04754,0.33529
219,"Usually, Both of them usually",dua_unemb,0.5,1,2,0.71214,0.50115,0.38702,0.39047,0.02437,0.45539,0.04576,0.00419,0.04754,0.33529
219,"Usually, Both of them usually",dua_unemb,0.7,1,2,0.71214,0.50115,0.38702,0.39047,0.02437,0.45539,0.04576,0.00419,0.04754,0.33529
219,"Usually, Both of them usually",dua_unemb,0.9,1,3,0.91287,0.53709,0.874,0.87116,0.0357,0.45539,0.08169,0.01337,0.08,0.78063
219,"Usually, Both of them usually",dua_unemb,0.99,1,5,0.99635,0.57249,2.42788,2.40257,0.0374,0.45539,0.1171,0.02763,0.09332,2.30692
219,"Usually, Both of them usually",euc_dmd,0.3,1,1,0.44709,0.15864,0.61029,0.61836,0.14883,0.45539,0.29675,0.24334,0.04853,0.31842
219,"Usually, Both of them usually",euc_dmd,0.5,1,2,0.98386,0.28954,1.39463,1.39493,0.13551,0.45539,0.16585,0.06145,0.16244,1.17074
219,"Usually, Both of them usually",euc_dmd,0.7,1,2,0.98386,0.28954,1.39463,1.39493,0.13551,0.45539,0.16585,0.06145,0.16244,1.17074
219,"Usually, Both of them usually",euc_dmd,0.9,1,2,0.98386,0.28954,1.39463,1.39493,0.13551,0.45539,0.16585,0.06145,0.16244,1.17074
219,"Usually, Both of them usually",euc_dmd,0.99,1,3,0.99973,0.44435,2.85636,2.83833,0.14675,0.45539,0.01104,0.00025,0.29969,2.55643
219,"Usually, Both of them usually",cau_dmd,0.3,1,10,0.36365,0.19727,0.45478,0.46184,0.1177,0.45539,0.25812,0.16969,0.04169,0.2434
219,"Usually, Both of them usually",cau_dmd,0.5,1,12,0.55837,0.19444,0.56211,0.56887,0.11905,0.45539,0.26095,0.17435,0.04259,0.34517
219,"Usually, Both of them usually",cau_dmd,0.7,1,14,0.73421,0.2119,0.6618,0.66767,0.11852,0.45539,0.24349,0.14713,0.04951,0.46516
219,"Usually, Both of them usually",cau_dmd,0.9,1,18,0.92688,0.29145,0.91843,0.92072,0.0464,0.45539,0.16394,0.05992,0.08995,0.76855
219,"Usually, Both of them usually",cau_dmd,0.99,1,24,0.99121,0.42627,1.58579,1.57868,0.0431,0.45539,0.02912,0.00172,0.16838,1.41568
219,"Usually, Both of them usually",dua_dmd,0.3,1,2,0.82199,0.52261,0.46524,0.46729,0.03702,0.45539,0.06722,0.00905,0.03089,0.4253
219,"Usually, Both of them usually",dua_dmd,0.5,1,2,0.82199,0.52261,0.46524,0.46729,0.03702,0.45539,0.06722,0.00905,0.03089,0.4253
219,"Usually, Both of them usually",dua_dmd,0.7,1,2,0.82199,0.52261,0.46524,0.46729,0.03702,0.45539,0.06722,0.00905,0.03089,0.4253
219,"Usually, Both of them usually",dua_dmd,0.9,1,3,0.97629,0.54384,1.06514,1.06172,0.03951,0.45539,0.08845,0.01569,0.04761,1.00184
219,"Usually, Both of them usually",dua_dmd,0.99,1,4,0.99826,0.5611,1.93312,1.92181,0.04039,0.45539,0.10571,0.02247,0.05675,1.8539
68,"Honestly, We still",euc_ctx,0.3,1,7,0.34259,0.16643,0.91853,0.92767,0.2879,0.58329,0.41685,0.44258,0.05501,0.42095
68,"Honestly, We still",euc_ctx,0.5,1,8,0.5654,0.1642,1.0397,1.04799,0.29104,0.58329,0.41909,0.44936,0.05937,0.53098
68,"Honestly, We still",euc_ctx,0.7,1,9,0.76299,0.18768,1.0954,1.10228,0.29604,0.58329,0.39561,0.38326,0.06112,0.65102
68,"Honestly, We still",euc_ctx,0.9,1,11,0.95019,0.29997,1.1674,1.16965,0.0957,0.58329,0.28332,0.17172,0.067,0.92868
68,"Honestly, We still",euc_ctx,0.99,1,13,0.99073,0.44586,1.39098,1.38605,0.0778,0.58329,0.13743,0.03794,0.07586,1.27718
68,"Honestly, We still",cau_ctx,0.3,0,,,,,,,,,,,
68,"Honestly, We still",cau_ctx,0.5,0,,,,,,,,,,,
68,"Honestly, We still",cau_ctx,0.7,0,,,,,,,,,,,
68,"Honestly, We still",cau_ctx,0.9,0,,,,,,,,,,,
68,"Honestly, We still",cau_ctx,0.99,0,,,,,,,,,,,
68,"Honestly, We still",dua_ctx,0.3,1,37,0.30587,0.5217,0.63117,0.60419,0.04425,0.58329,0.06159,0.00765,0.07504,0.54848
68,"Honestly, We still",dua_ctx,0.5,1,56,0.50091,0.52051,1.28597,1.22423,0.05688,0.58329,0.06278,0.00794,0.15472,1.12331
68,"Honestly, We still",dua_ctx,0.7,1,77,0.70039,0.52824,2.06167,1.96953,0.06319,0.58329,0.05505,0.00612,0.2749,1.78066
68,"Honestly, We still",dua_ctx,0.9,1,102,0.90345,0.5433,3.17333,3.05778,0.06643,0.58329,0.03999,0.00324,0.45471,2.71538
68,"Honestly, We still",dua_ctx,0.99,1,127,0.99219,0.58197,5.17443,5.04653,0.08466,0.58329,0.00132,0.0,0.65354,4.52089
68,"Honestly, We still",euc_unemb,0.3,1,2,0.89088,0.14472,1.74803,1.75357,0.38713,0.58329,0.43857,0.51342,0.4336,0.80102
68,"Honestly, We still",euc_unemb,0.5,1,2,0.89088,0.14472,1.74803,1.75357,0.38713,0.58329,0.43857,0.51342,0.4336,0.80102
68,"Honestly, We still",euc_unemb,0.7,1,2,0.89088,0.14472,1.74803,1.75357,0.38713,0.58329,0.43857,0.51342,0.4336,0.80102
68,"Honestly, We still",euc_unemb,0.9,1,3,0.99901,0.36808,2.9543,2.93946,0.37194,0.58329,0.21521,0.09503,0.96872,1.89054
68,"Honestly, We still",euc_unemb,0.99,1,3,0.99901,0.36808,2.9543,2.93946,0.37194,0.58329,0.21521,0.09503,0.96872,1.89054
68,"Honestly, We still",cau_unemb,0.3,1,35,0.32027,0.13978,0.96635,0.97364,0.28975,0.58329,0.44351,0.53125,0.07002,0.36508
68,"Honestly, We still",cau_unemb,0.5,1,40,0.53698,0.13169,1.0904,1.09651,0.30683,0.58329,0.4516,0.56213,0.05774,0.47053
68,"Honestly, We still",cau_unemb,0.7,1,44,0.70359,0.13958,1.14922,1.15398,0.26362,0.58329,0.44371,0.532,0.05279,0.56443
68,"Honestly, We still",cau_unemb,0.9,1,52,0.90769,0.18766,1.23652,1.23749,0.26474,0.58329,0.39563,0.38333,0.07088,0.78231
68,"Honestly, We still",cau_unemb,0.99,1,66,0.99134,0.31336,1.57507,1.56562,0.30793,0.58329,0.26993,0.1543,0.1276,1.29317
68,"Honestly, We still",dua_unemb,0.3,1,2,0.32061,0.5479,0.15251,0.15663,0.0422,0.58329,0.03539,0.00254,0.02946,0.1205
68,"Honestly, We still",dua_unemb,0.5,1,3,0.56156,0.56441,0.36837,0.36415,0.04493,0.58329,0.01888,0.00073,0.08905,0.2786
68,"Honestly, We still",dua_unemb,0.7,1,5,0.76185,0.57826,0.84897,0.81622,0.0695,0.58329,0.00503,5e-05,0.14773,0.7012
68,"Honestly, We still",dua_unemb,0.9,1,8,0.93448,0.58504,1.89339,1.80642,0.08171,0.58329,0.00175,1e-05,0.21251,1.68088
68,"Honestly, We still",dua_unemb,0.99,1,11,0.99457,0.59426,3.50383,3.38139,0.09465,0.58329,0.01097,0.00025,0.27547,3.22812
68,"Honestly, We still",euc_dmd,0.3,1,2,0.91137,0.09389,1.87729,1.8806,0.39044,0.58329,0.4894,0.74173,0.17106,0.9645
68,"Honestly, We still",euc_dmd,0.5,1,2,0.91137,0.09389,1.87729,1.8806,0.39044,0.58329,0.4894,0.74173,0.17106,0.9645
68,"Honestly, We still",euc_dmd,0.7,1,2,0.91137,0.09389,1.87729,1.8806,0.39044,0.58329,0.4894,0.74173,0.17106,0.9645
68,"Honestly, We still",euc_dmd,0.9,1,2,0.91137,0.09389,1.87729,1.8806,0.39044,0.58329,0.4894,0.74173,0.17106,0.9645
68,"Honestly, We still",euc_dmd,0.99,1,3,0.99898,0.22988,2.65361,2.63983,0.31471,0.58329,0.35341,0.28719,0.36775,1.99868
68,"Honestly, We still",cau_dmd,0.3,1,13,0.3037,0.11895,1.1755,1.18493,0.33969,0.58329,0.46434,0.61543,0.08992,0.47016
68,"Honestly, We still",cau_dmd,0.5,1,15,0.52789,0.10833,1.34293,1.35132,0.35143,0.58329,0.47496,0.66499,0.0749,0.60304
68,"Honestly, We still",cau_dmd,0.7,1,17,0.73853,0.11652,1.45523,1.46203,0.31609,0.58329,0.46677,0.62629,0.07865,0.7503
68,"Honestly, We still",cau_dmd,0.9,1,20,0.91679,0.15628,1.60566,1.60896,0.26538,0.58329,0.42701,0.47425,0.12704,1.00437
68,"Honestly, We still",cau_dmd,0.99,1,26,0.99343,0.26709,2.14474,2.13675,0.10802,0.58329,0.3162,0.22031,0.25361,1.67081
68,"Honestly, We still",dua_dmd,0.3,1,2,0.43282,0.54858,0.19868,0.20263,0.04308,0.58329,0.03471,0.00245,0.03299,0.16325
68,"Honestly, We still",dua_dmd,0.5,1,3,0.70622,0.55908,0.45132,0.44809,0.05378,0.58329,0.02421,0.00119,0.08881,0.36132
68,"Honestly, We still",dua_dmd,0.7,1,3,0.70622,0.55908,0.45132,0.44809,0.05378,0.58329,0.02421,0.00119,0.08881,0.36132
68,"Honestly, We still",dua_dmd,0.9,1,5,0.91321,0.57215,1.02412,0.99547,0.06655,0.58329,0.01113,0.00025,0.13606,0.88781
68,"Honestly, We still",dua_dmd,0.99,1,8,0.99404,0.58859,2.87711,2.80243,0.07587,0.58329,0.0053,6e-05,0.19098,2.68607
257,"Usually, The workers rarely",euc_ctx,0.3,1,5,0.34563,0.16718,0.59972,0.6064,0.12813,0.47214,0.30497,0.24949,0.03322,0.31701
257,"Usually, The workers rarely",euc_ctx,0.5,1,6,0.57384,0.16486,0.72786,0.73401,0.12923,0.47214,0.30729,0.25462,0.04146,0.43177
257,"Usually, The workers rarely",euc_ctx,0.7,1,7,0.77148,0.18988,0.80926,0.81433,0.12173,0.47214,0.28226,0.20396,0.04617,0.55913
257,"Usually, The workers rarely",euc_ctx,0.9,1,9,0.9522,0.30852,0.96711,0.96817,0.09843,0.47214,0.16363,0.05837,0.04995,0.85879
257,"Usually, The workers rarely",euc_ctx,0.99,1,11,0.99067,0.46319,1.29723,1.29173,0.06298,0.47214,0.00895,0.00016,0.05406,1.24302
257,"Usually, The workers rarely",cau_ctx,0.3,0,,,,,,,,,,,
257,"Usually, The workers rarely",cau_ctx,0.5,0,,,,,,,,,,,
257,"Usually, The workers rarely",cau_ctx,0.7,0,,,,,,,,,,,
257,"Usually, The workers rarely",cau_ctx,0.9,0,,,,,,,,,,,
257,"Usually, The workers rarely",cau_ctx,0.99,0,,,,,,,,,,,
257,"Usually, The workers rarely",dua_ctx,0.3,1,28,0.30669,0.43008,0.59035,0.58803,0.07165,0.47214,0.04206,0.00358,0.0609,0.52586
257,"Usually, The workers rarely",dua_ctx,0.5,1,41,0.50771,0.40696,1.2742,1.25726,0.07963,0.47214,0.06519,0.00868,0.1393,1.12621
257,"Usually, The workers rarely",dua_ctx,0.7,1,54,0.70332,0.3985,2.22631,2.18942,0.07889,0.47214,0.07364,0.01112,0.24187,1.97331
257,"Usually, The workers rarely",dua_ctx,0.9,1,77,0.90484,0.4322,4.49036,4.41723,0.09738,0.47214,0.03994,0.00323,0.42456,4.06257
257,"Usually, The workers rarely",dua_ctx,0.99,1,108,0.99047,0.52362,7.02544,6.91671,0.0896,0.47214,0.05147,0.0053,0.6741,6.34604
257,"Usually, The workers rarely",euc_unemb,0.3,1,1,0.42302,0.14771,0.65419,0.66306,0.12275,0.47214,0.32443,0.29574,0.04662,0.31184
257,"Usually, The workers rarely",euc_unemb,0.5,1,2,0.99313,0.35289,1.65177,1.649,0.11635,0.47214,0.11925,0.02993,0.31315,1.30869
257,"Usually, The workers rarely",euc_unemb,0.7,1,2,0.99313,0.35289,1.65177,1.649,0.11635,0.47214,0.11925,0.02993,0.31315,1.30869
257,"Usually, The workers rarely",euc_unemb,0.9,1,2,0.99313,0.35289,1.65177,1.649,0.11635,0.47214,0.11925,0.02993,0.31315,1.30869
257,"Usually, The workers rarely",euc_unemb,0.99,1,2,0.99313,0.35289,1.65177,1.649,0.11635,0.47214,0.11925,0.02993,0.31315,1.30869
257,"Usually, The workers rarely",cau_unemb,0.3,1,25,0.3412,0.19945,0.40293,0.41047,0.1025,0.47214,0.27269,0.18701,0.02387,0.19206
257,"Usually, The workers rarely",cau_unemb,0.5,1,29,0.52638,0.20134,0.47423,0.48161,0.11454,0.47214,0.2708,0.1838,0.03243,0.258
257,"Usually, The workers rarely",cau_unemb,0.7,1,33,0.70402,0.22353,0.53821,0.54494,0.11215,0.47214,0.24861,0.14932,0.05197,0.33692
257,"Usually, The workers rarely",cau_unemb,0.9,1,41,0.91525,0.31972,0.71351,0.71716,0.0796,0.47214,0.15242,0.05015,0.11494,0.54842
257,"Usually, The workers rarely",cau_unemb,0.99,1,53,0.9903,0.48318,1.2699,1.26438,0.08009,0.47214,0.01104,0.00024,0.2043,1.06535
257,"Usually, The workers rarely",dua_unemb,0.3,1,2,0.75399,0.53526,0.42571,0.42669,0.05822,0.47214,0.06312,0.00798,0.05469,0.36303
257,"Usually, The workers rarely",dua_unemb,0.5,1,2,0.75399,0.53526,0.42571,0.42669,0.05822,0.47214,0.06312,0.00798,0.05469,0.36303
257,"Usually, The workers rarely",dua_unemb,0.7,1,2,0.75399,0.53526,0.42571,0.42669,0.05822,0.47214,0.06312,0.00798,0.05469,0.36303
257,"Usually, The workers rarely",dua_unemb,0.9,1,3,0.94725,0.5801,0.97216,0.96386,0.06636,0.47214,0.10796,0.02356,0.08639,0.86221
257,"Usually, The workers rarely",dua_unemb,0.99,1,4,0.9926,0.60744,1.82277,1.80065,0.07162,0.47214,0.1353,0.03735,0.09986,1.68555
257,"Usually, The workers rarely",euc_dmd,0.3,1,1,0.41495,0.11408,0.81639,0.82273,0.13376,0.47214,0.35806,0.39728,0.04018,0.37893
257,"Usually, The workers rarely",euc_dmd,0.5,1,2,0.99087,0.26095,1.6006,1.59673,0.1105,0.47214,0.21119,0.10231,0.23493,1.26337
257,"Usually, The workers rarely",euc_dmd,0.7,1,2,0.99087,0.26095,1.6006,1.59673,0.1105,0.47214,0.21119,0.10231,0.23493,1.26337
257,"Usually, The workers rarely",euc_dmd,0.9,1,2,0.99087,0.26095,1.6006,1.59673,0.1105,0.47214,0.21119,0.10231,0.23493,1.26337
257,"Usually, The workers rarely",euc_dmd,0.99,1,2,0.99087,0.26095,1.6006,1.59673,0.1105,0.47214,0.21119,0.10231,0.23493,1.26337
257,"Usually, The workers rarely",cau_dmd,0.3,1,11,0.38404,0.15296,0.64925,0.65493,0.12345,0.47214,0.31918,0.28251,0.05501,0.31173
257,"Usually, The workers rarely",cau_dmd,0.5,1,13,0.5997,0.15344,0.7801,0.78491,0.12397,0.47214,0.3187,0.28134,0.07551,0.42325
257,"Usually, The workers rarely",cau_dmd,0.7,1,15,0.78072,0.17483,0.90436,0.90771,0.11908,0.47214,0.29731,0.23323,0.11821,0.55292
257,"Usually, The workers rarely",cau_dmd,0.9,1,18,0.92743,0.2376,1.12471,1.12465,0.0985,0.47214,0.23454,0.13015,0.20493,0.78963
257,"Usually, The workers rarely",cau_dmd,0.99,1,23,0.99029,0.36341,1.70096,1.69198,0.0807,0.47214,0.10873,0.02471,0.34552,1.33073
257,"Usually, The workers rarely",dua_dmd,0.3,1,2,0.81267,0.54758,0.44165,0.44225,0.08834,0.47214,0.07544,0.01142,0.04655,0.38368
257,"Usually, The workers rarely",dua_dmd,0.5,1,2,0.81267,0.54758,0.44165,0.44225,0.08834,0.47214,0.07544,0.01142,0.04655,0.38368
257,"Usually, The workers rarely",dua_dmd,0.7,1,2,0.81267,0.54758,0.44165,0.44225,0.08834,0.47214,0.07544,0.01142,0.04655,0.38368
257,"Usually, The workers rarely",dua_dmd,0.9,1,3,0.96047,0.56729,0.98375,0.97885,0.09617,0.47214,0.09515,0.01824,0.07674,0.88877
257,"Usually, The workers rarely",dua_dmd,0.99,1,4,0.99377,0.58467,1.78379,1.77049,0.09836,0.47214,0.11253,0.02563,0.09298,1.66518
