ctx_id,text,method,level,reached,step,P1,cf,kl,kl99,rd
93,Many people always,euc_ctx,0.3,1,24,0.31684,0.51514,0.43751,0.44541,0.08302
93,Many people always,euc_ctx,0.5,1,28,0.54695,0.51115,0.59739,0.60365,0.08466
93,Many people always,euc_ctx,0.7,1,31,0.712,0.53374,0.71625,0.72038,0.18531
93,Many people always,euc_ctx,0.9,1,37,0.91187,0.62028,0.97606,0.97384,0.18716
93,Many people always,euc_ctx,0.99,1,47,0.99112,0.75138,1.56567,1.54903,0.18939
93,Many people always,cau_ctx,0.3,1,46,0.30365,0.50267,0.79459,0.8008,0.08498
93,Many people always,cau_ctx,0.5,1,53,0.51213,0.4388,1.11621,1.11942,0.08701
93,Many people always,cau_ctx,0.7,1,60,0.71786,0.38209,1.53248,1.53076,0.21868
93,Many people always,cau_ctx,0.9,1,70,0.90151,0.30435,2.29501,2.28322,0.24443
93,Many people always,cau_ctx,0.99,1,89,0.9911,0.17046,4.09082,4.05418,0.21219
93,Many people always,dua_ctx,0.3,1,38,0.30729,0.60958,0.34813,0.35274,0.06484
93,Many people always,dua_ctx,0.5,1,49,0.50267,0.5938,0.62774,0.62721,0.07471
93,Many people always,dua_ctx,0.7,1,61,0.7135,0.58346,1.05931,1.05007,0.08244
93,Many people always,dua_ctx,0.9,1,75,0.90507,0.58798,1.7405,1.71723,0.09259
93,Many people always,dua_ctx,0.99,1,91,0.99138,0.6173,2.73477,2.69018,0.10515
93,Many people always,euc_unemb,0.3,1,11,0.42586,0.51632,0.25598,0.2616,0.13375
93,Many people always,euc_unemb,0.5,1,12,0.56619,0.53871,0.29828,0.30279,0.02179
93,Many people always,euc_unemb,0.7,1,14,0.80128,0.61347,0.43383,0.43437,0.08261
93,Many people always,euc_unemb,0.9,1,16,0.92543,0.69129,0.66579,0.66024,0.09888
93,Many people always,euc_unemb,0.99,1,20,0.99145,0.76779,1.33486,1.31363,0.11191
93,Many people always,cau_unemb,0.3,1,11,0.30557,0.4753,0.24343,0.2518,0.13257
93,Many people always,cau_unemb,0.5,1,13,0.55028,0.50493,0.28647,0.29382,0.12633
93,Many people always,cau_unemb,0.7,1,15,0.77153,0.57728,0.35138,0.35599,0.05906
93,Many people always,cau_unemb,0.9,1,17,0.90232,0.66224,0.48811,0.48823,0.07385
93,Many people always,cau_unemb,0.99,1,22,0.99092,0.7805,1.12293,1.10711,0.08967
93,Many people always,dua_unemb,0.3,1,12,0.35313,0.62343,0.1231,0.12692,0.0059
93,Many people always,dua_unemb,0.5,1,14,0.51284,0.63158,0.18632,0.18838,0.02307
93,Many people always,dua_unemb,0.7,1,17,0.72324,0.6502,0.32216,0.31999,0.05693
93,Many people always,dua_unemb,0.9,1,21,0.90339,0.68062,0.5927,0.58194,0.06217
93,Many people always,dua_unemb,0.99,1,27,0.9901,0.72136,1.18453,1.1554,0.07959
93,Many people always,euc_dmd,0.3,1,10,0.33889,0.42525,0.43223,0.44023,0.20026
93,Many people always,euc_dmd,0.5,1,12,0.61704,0.44637,0.56816,0.57422,0.17922
93,Many people always,euc_dmd,0.7,1,13,0.73977,0.47874,0.63853,0.64291,0.20663
93,Many people always,euc_dmd,0.9,1,16,0.93858,0.61779,0.93248,0.92921,0.24369
93,Many people always,euc_dmd,0.99,1,20,0.99273,0.76261,1.55615,1.53876,0.24631
93,Many people always,cau_dmd,0.3,1,11,0.30257,0.39254,0.49068,0.50139,0.17732
93,Many people always,cau_dmd,0.5,1,13,0.5393,0.40036,0.59989,0.60969,0.20841
93,Many people always,cau_dmd,0.7,1,15,0.75688,0.4541,0.70664,0.71417,0.24029
93,Many people always,cau_dmd,0.9,1,18,0.92938,0.58529,0.94627,0.94793,0.24627
93,Many people always,cau_dmd,0.99,1,23,0.99277,0.76631,1.63689,1.62423,0.24447
93,Many people always,dua_dmd,0.3,1,11,0.38006,0.57967,0.18978,0.19601,0.02929
93,Many people always,dua_dmd,0.5,1,13,0.57207,0.58211,0.2793,0.28434,0.03189
93,Many people always,dua_dmd,0.7,1,15,0.72676,0.59205,0.38005,0.38313,0.04689
93,Many people always,dua_dmd,0.9,1,19,0.90847,0.62627,0.61396,0.61123,0.08939
93,Many people always,dua_dmd,0.99,1,26,0.9918,0.70128,1.19684,1.17852,0.09984
57,"At work, Students still",euc_ctx,0.3,1,21,0.34181,0.45107,0.35791,0.36469,0.03223
57,"At work, Students still",euc_ctx,0.5,1,24,0.50996,0.44836,0.43737,0.44324,0.03383
57,"At work, Students still",euc_ctx,0.7,1,28,0.72427,0.47883,0.53104,0.53461,0.03815
57,"At work, Students still",euc_ctx,0.9,1,34,0.91313,0.57061,0.6904,0.68831,0.04078
57,"At work, Students still",euc_ctx,0.99,1,44,0.99059,0.70523,1.13158,1.11613,0.04328
57,"At work, Students still",cau_ctx,0.3,1,38,0.30506,0.39517,0.68149,0.68843,0.1792
57,"At work, Students still",cau_ctx,0.5,1,45,0.51748,0.29823,1.11854,1.12175,0.22334
57,"At work, Students still",cau_ctx,0.7,1,52,0.72619,0.21931,1.67677,1.67388,0.22739
57,"At work, Students still",cau_ctx,0.9,1,62,0.90826,0.14515,2.58699,2.57266,0.27468
57,"At work, Students still",cau_ctx,0.99,1,79,0.99003,0.07986,4.23327,4.19639,0.27728
57,"At work, Students still",dua_ctx,0.3,1,34,0.30143,0.58422,0.27259,0.27634,0.02076
57,"At work, Students still",dua_ctx,0.5,1,46,0.51526,0.58161,0.50909,0.50747,0.02705
57,"At work, Students still",dua_ctx,0.7,1,58,0.71142,0.59363,0.82485,0.81485,0.03705
57,"At work, Students still",dua_ctx,0.9,1,74,0.90567,0.62274,1.37447,1.34919,0.04213
57,"At work, Students still",dua_ctx,0.99,1,90,0.99026,0.65848,2.14433,2.09871,0.04532
57,"At work, Students still",euc_unemb,0.3,1,10,0.39442,0.44559,0.36549,0.36973,0.05704
57,"At work, Students still",euc_unemb,0.5,1,11,0.52251,0.44377,0.43806,0.44117,0.05879
57,"At work, Students still",euc_unemb,0.7,1,13,0.75638,0.46734,0.6162,0.61565,0.07095
57,"At work, Students still",euc_unemb,0.9,1,16,0.93759,0.52668,0.99583,0.98662,0.08163
57,"At work, Students still",euc_unemb,0.99,1,20,0.99211,0.56214,1.68011,1.65575,0.20651
57,"At work, Students still",cau_unemb,0.3,1,10,0.32377,0.41737,0.36348,0.37,0.05674
57,"At work, Students still",cau_unemb,0.5,1,12,0.55376,0.41091,0.4684,0.47347,0.18832
57,"At work, Students still",cau_unemb,0.7,1,14,0.76243,0.44037,0.57486,0.57713,0.0708
57,"At work, Students still",cau_unemb,0.9,1,17,0.93004,0.51512,0.79564,0.79134,0.07778
57,"At work, Students still",cau_unemb,0.99,1,22,0.99293,0.59225,1.38179,1.36243,0.07716
57,"At work, Students still",dua_unemb,0.3,1,12,0.36056,0.59527,0.19604,0.19861,0.02582
57,"At work, Students still",dua_unemb,0.5,1,15,0.54882,0.60933,0.33913,0.33798,0.03298
57,"At work, Students still",dua_unemb,0.7,1,19,0.73223,0.63743,0.60562,0.5968,0.03796
57,"At work, Students still",dua_unemb,0.9,1,26,0.91799,0.67603,1.28118,1.2532,0.05703
57,"At work, Students still",dua_unemb,0.99,1,33,0.99113,0.69157,2.19934,2.14661,0.06812
57,"At work, Students still",euc_dmd,0.3,1,9,0.42699,0.37882,0.50083,0.50676,0.06902
57,"At work, Students still",euc_dmd,0.5,1,10,0.57137,0.37987,0.58195,0.5868,0.07293
57,"At work, Students still",euc_dmd,0.7,1,11,0.70427,0.39622,0.66288,0.6662,0.07407
57,"At work, Students still",euc_dmd,0.9,1,14,0.9307,0.50389,0.95455,0.95086,0.0917
57,"At work, Students still",euc_dmd,0.99,1,18,0.99237,0.64287,1.52012,1.50306,0.08699
57,"At work, Students still",cau_dmd,0.3,1,9,0.34487,0.36563,0.50919,0.518,0.07302
57,"At work, Students still",cau_dmd,0.5,1,11,0.60142,0.36766,0.64012,0.64765,0.07448
57,"At work, Students still",cau_dmd,0.7,1,12,0.71732,0.38857,0.70427,0.71064,0.07677
57,"At work, Students still",cau_dmd,0.9,1,15,0.92147,0.50264,0.95011,0.951,0.09044
57,"At work, Students still",cau_dmd,0.99,1,20,0.99277,0.68528,1.61599,1.60284,0.08739
57,"At work, Students still",dua_dmd,0.3,1,9,0.32215,0.55382,0.19937,0.20509,0.0315
57,"At work, Students still",dua_dmd,0.5,1,11,0.53129,0.54553,0.32271,0.32759,0.03635
57,"At work, Students still",dua_dmd,0.7,1,13,0.71679,0.5507,0.46976,0.47277,0.03827
57,"At work, Students still",dua_dmd,0.9,1,17,0.92298,0.58577,0.80828,0.80525,0.04125
57,"At work, Students still",dua_dmd,0.99,1,23,0.99251,0.64941,1.41468,1.39857,0.04252
52,"In this case, Both of them rarely",euc_ctx,0.3,1,7,0.3131,0.4392,0.06515,0.06727,0.11239
52,"In this case, Both of them rarely",euc_ctx,0.5,1,11,0.54589,0.43231,0.14182,0.14352,0.108
52,"In this case, Both of them rarely",euc_ctx,0.7,1,14,0.71343,0.45555,0.20982,0.21034,0.12491
52,"In this case, Both of them rarely",euc_ctx,0.9,1,20,0.91448,0.55188,0.39838,0.39446,0.14013
52,"In this case, Both of them rarely",euc_ctx,0.99,1,30,0.99183,0.71193,0.94577,0.93025,0.14904
52,"In this case, Both of them rarely",cau_ctx,0.3,1,13,0.30786,0.47083,0.06519,0.06834,0.0262
52,"In this case, Both of them rarely",cau_ctx,0.5,1,20,0.52495,0.4784,0.14883,0.15205,0.12737
52,"In this case, Both of them rarely",cau_ctx,0.7,1,26,0.70825,0.51383,0.2545,0.25663,0.13758
52,"In this case, Both of them rarely",cau_ctx,0.9,1,36,0.9014,0.60723,0.54457,0.54242,0.15581
52,"In this case, Both of them rarely",cau_ctx,0.99,1,54,0.99041,0.71911,1.47092,1.45522,0.17314
52,"In this case, Both of them rarely",dua_ctx,0.3,1,14,0.31589,0.49223,0.05189,0.0538,0.00801
52,"In this case, Both of them rarely",dua_ctx,0.5,1,22,0.50629,0.48966,0.12393,0.12476,0.01762
52,"In this case, Both of them rarely",dua_ctx,0.7,1,31,0.71256,0.49996,0.24761,0.24538,0.10227
52,"In this case, Both of them rarely",dua_ctx,0.9,1,43,0.90343,0.53588,0.49776,0.48855,0.11466
52,"In this case, Both of them rarely",dua_ctx,0.99,1,59,0.99008,0.61092,1.02914,1.00592,0.13532
52,"In this case, Both of them rarely",euc_unemb,0.3,1,3,0.31036,0.45399,0.06321,0.06474,0.11224
52,"In this case, Both of them rarely",euc_unemb,0.5,1,5,0.58344,0.45447,0.17885,0.17921,0.09553
52,"In this case, Both of them rarely",euc_unemb,0.7,1,6,0.7127,0.47326,0.26653,0.26549,0.12034
52,"In this case, Both of them rarely",euc_unemb,0.9,1,9,0.93324,0.56077,0.68065,0.67238,0.12853
52,"In this case, Both of them rarely",euc_unemb,0.99,1,13,0.99311,0.63105,1.51246,1.49004,0.14933
52,"In this case, Both of them rarely",cau_unemb,0.3,1,4,0.39436,0.44815,0.08496,0.0871,0.12445
52,"In this case, Both of them rarely",cau_unemb,0.5,1,5,0.52119,0.45063,0.13128,0.13307,0.12616
52,"In this case, Both of them rarely",cau_unemb,0.7,1,7,0.75273,0.48624,0.26678,0.26654,0.11587
52,"In this case, Both of them rarely",cau_unemb,0.9,1,10,0.9344,0.57036,0.61323,0.60691,0.12544
52,"In this case, Both of them rarely",cau_unemb,0.99,1,14,0.99108,0.63503,1.30195,1.28394,0.13304
52,"In this case, Both of them rarely",dua_unemb,0.3,1,4,0.35275,0.50718,0.04905,0.05016,0.07974
52,"In this case, Both of them rarely",dua_unemb,0.5,1,6,0.55693,0.51732,0.12253,0.12264,0.11289
52,"In this case, Both of them rarely",dua_unemb,0.7,1,8,0.73997,0.53709,0.23688,0.23486,0.09183
52,"In this case, Both of them rarely",dua_unemb,0.9,1,11,0.91064,0.57602,0.4869,0.47982,0.09813
52,"In this case, Both of them rarely",dua_unemb,0.99,1,16,0.99019,0.64015,1.05428,1.0356,0.10672
52,"In this case, Both of them rarely",euc_dmd,0.3,1,3,0.30197,0.42555,0.0866,0.08808,0.11208
52,"In this case, Both of them rarely",euc_dmd,0.5,1,5,0.5673,0.40602,0.21834,0.21865,0.14673
52,"In this case, Both of them rarely",euc_dmd,0.7,1,7,0.80023,0.43945,0.40562,0.40293,0.14564
52,"In this case, Both of them rarely",euc_dmd,0.9,1,9,0.92482,0.50499,0.66523,0.65796,0.1523
52,"In this case, Both of them rarely",euc_dmd,0.99,1,13,0.9915,0.63077,1.38821,1.36856,0.15819
52,"In this case, Both of them rarely",cau_dmd,0.3,1,4,0.35528,0.4186,0.1124,0.11468,0.11598
52,"In this case, Both of them rarely",cau_dmd,0.5,1,6,0.58372,0.41273,0.22026,0.22175,0.14141
52,"In this case, Both of them rarely",cau_dmd,0.7,1,8,0.77994,0.44583,0.36443,0.36382,0.13835
52,"In this case, Both of them rarely",cau_dmd,0.9,1,11,0.93353,0.53492,0.68695,0.68106,0.15011
52,"In this case, Both of them rarely",cau_dmd,0.99,1,16,0.99259,0.66145,1.48817,1.46964,0.16227
52,"In this case, Both of them rarely",dua_dmd,0.3,1,4,0.34641,0.4798,0.05974,0.06067,0.10158
52,"In this case, Both of them rarely",dua_dmd,0.5,1,6,0.53678,0.47487,0.13595,0.1361,0.11901
52,"In this case, Both of them rarely",dua_dmd,0.7,1,8,0.70221,0.48023,0.24272,0.24139,0.09525
52,"In this case, Both of them rarely",dua_dmd,0.9,1,12,0.90041,0.50989,0.54519,0.53906,0.12507
52,"In this case, Both of them rarely",dua_dmd,0.99,1,19,0.99074,0.58277,1.26241,1.24338,0.13903
158,"Honestly, We really",euc_ctx,0.3,1,27,0.34051,0.08813,0.72299,0.72422,0.25716
158,"Honestly, We really",euc_ctx,0.5,1,31,0.55359,0.08808,0.83153,0.83202,0.22316
158,"Honestly, We really",euc_ctx,0.7,1,34,0.7049,0.09768,0.88533,0.88515,0.22394
158,"Honestly, We really",euc_ctx,0.9,1,41,0.9164,0.15568,0.96554,0.9632,0.21292
158,"Honestly, We really",euc_ctx,0.99,1,52,0.99159,0.33678,1.24431,1.23589,0.27435
158,"Honestly, We really",cau_ctx,0.3,1,43,0.30824,0.0957,0.73934,0.74481,0.25796
158,"Honestly, We really",cau_ctx,0.5,1,50,0.52712,0.09181,0.88742,0.89217,0.25433
158,"Honestly, We really",cau_ctx,0.7,1,56,0.70821,0.09829,1.02252,1.02611,0.25273
158,"Honestly, We really",cau_ctx,0.9,1,67,0.90822,0.11946,1.40248,1.40183,0.19081
158,"Honestly, We really",cau_ctx,0.99,1,86,0.99038,0.10058,2.78495,2.7687,0.26442
158,"Honestly, We really",dua_ctx,0.3,1,37,0.31172,0.25834,0.21857,0.22338,0.18719
158,"Honestly, We really",dua_ctx,0.5,1,45,0.50491,0.25492,0.3144,0.31831,0.18849
158,"Honestly, We really",dua_ctx,0.7,1,54,0.70776,0.26157,0.43892,0.44081,0.19144
158,"Honestly, We really",dua_ctx,0.9,1,67,0.90301,0.28807,0.66997,0.66699,0.21664
158,"Honestly, We really",dua_ctx,0.99,1,85,0.99066,0.34649,1.17101,1.15746,0.21969
158,"Honestly, We really",euc_unemb,0.3,1,14,0.30946,0.1105,0.72502,0.72075,0.20944
158,"Honestly, We really",euc_unemb,0.5,1,16,0.50945,0.1106,0.85887,0.85292,0.21812
158,"Honestly, We really",euc_unemb,0.7,1,18,0.70695,0.12537,1.00713,0.99902,0.21616
158,"Honestly, We really",euc_unemb,0.9,1,22,0.92914,0.19106,1.44496,1.43032,0.22008
158,"Honestly, We really",euc_unemb,0.99,1,27,0.99102,0.26408,2.41058,2.38264,0.24034
158,"Honestly, We really",cau_unemb,0.3,1,16,0.3609,0.13066,0.73048,0.72934,0.25328
158,"Honestly, We really",cau_unemb,0.5,1,18,0.53941,0.13697,0.82386,0.82161,0.21348
158,"Honestly, We really",cau_unemb,0.7,1,20,0.70788,0.15681,0.92608,0.92233,0.21269
158,"Honestly, We really",cau_unemb,0.9,1,24,0.91181,0.23074,1.23577,1.22724,0.2191
158,"Honestly, We really",cau_unemb,0.99,1,31,0.99243,0.34113,2.32671,2.30315,0.23366
158,"Honestly, We really",dua_unemb,0.3,1,17,0.34175,0.29309,0.19175,0.19125,0.19637
158,"Honestly, We really",dua_unemb,0.5,1,21,0.54763,0.31023,0.34167,0.33839,0.20782
158,"Honestly, We really",dua_unemb,0.7,1,25,0.70834,0.33565,0.56781,0.56027,0.20011
158,"Honestly, We really",dua_unemb,0.9,1,35,0.9114,0.41175,1.48985,1.46584,0.15701
158,"Honestly, We really",dua_unemb,0.99,1,48,0.99107,0.49875,3.22273,3.16924,0.22351
158,"Honestly, We really",euc_dmd,0.3,1,14,0.37663,0.06817,1.26099,1.25484,0.22989
158,"Honestly, We really",euc_dmd,0.5,1,16,0.58956,0.06824,1.47024,1.46179,0.22796
158,"Honestly, We really",euc_dmd,0.7,1,18,0.7734,0.07894,1.68588,1.67478,0.22626
158,"Honestly, We really",euc_dmd,0.9,1,21,0.92591,0.11327,2.06034,2.04439,0.26218
158,"Honestly, We really",euc_dmd,0.99,1,26,0.99089,0.19085,2.94643,2.91915,0.26099
158,"Honestly, We really",cau_dmd,0.3,1,15,0.34042,0.0728,1.29242,1.29017,0.23333
158,"Honestly, We really",cau_dmd,0.5,1,17,0.52635,0.07114,1.46968,1.46588,0.23667
158,"Honestly, We really",cau_dmd,0.7,1,19,0.7056,0.07825,1.64961,1.64399,0.23453
158,"Honestly, We really",cau_dmd,0.9,1,23,0.9184,0.11709,2.0757,2.06523,0.25977
158,"Honestly, We really",cau_dmd,0.99,1,29,0.9916,0.19737,3.05776,3.03567,0.2615
158,"Honestly, We really",dua_dmd,0.3,1,15,0.33207,0.25155,0.32379,0.3257,0.21804
158,"Honestly, We really",dua_dmd,0.5,1,19,0.54289,0.25967,0.56368,0.56286,0.22495
158,"Honestly, We really",dua_dmd,0.7,1,24,0.73099,0.28239,1.01271,1.00643,0.21095
158,"Honestly, We really",dua_dmd,0.9,1,33,0.9075,0.33669,2.02302,2.00324,0.17284
158,"Honestly, We really",dua_dmd,0.99,1,46,0.99192,0.41811,3.73515,3.69055,0.22466
297,People rarely,euc_ctx,0.3,1,35,0.35173,0.42809,0.8519,0.85542,0.15998
297,People rarely,euc_ctx,0.5,1,38,0.54287,0.4276,0.96482,0.96577,0.17969
297,People rarely,euc_ctx,0.7,1,41,0.72119,0.45608,1.04606,1.04359,0.17339
297,People rarely,euc_ctx,0.9,1,46,0.90341,0.54596,1.16694,1.15699,0.17311
297,People rarely,euc_ctx,0.99,1,56,0.99145,0.71509,1.60572,1.57618,0.19607
297,People rarely,cau_ctx,0.3,1,65,0.31042,0.05625,3.18859,3.16637,0.04326
297,People rarely,cau_ctx,0.5,1,71,0.52066,0.02601,4.12364,4.09021,0.16344
297,People rarely,cau_ctx,0.7,1,77,0.72538,0.01432,4.98563,4.94066,0.16777
297,People rarely,cau_ctx,0.9,1,86,0.9102,0.00782,6.15409,6.09162,0.19681
297,People rarely,cau_ctx,0.99,1,102,0.99121,0.004,8.02655,7.93332,0.19999
297,People rarely,dua_ctx,0.3,1,46,0.30637,0.63214,0.45793,0.45775,0.01721
297,People rarely,dua_ctx,0.5,1,55,0.50643,0.62017,0.6698,0.663,0.01503
297,People rarely,dua_ctx,0.7,1,65,0.71949,0.61717,0.97804,0.96114,0.14609
297,People rarely,dua_ctx,0.9,1,77,0.90576,0.63057,1.46751,1.43456,0.16075
297,People rarely,dua_ctx,0.99,1,91,0.99079,0.66477,2.23135,2.17354,0.16994
297,People rarely,euc_unemb,0.3,1,14,0.31077,0.52646,0.46698,0.4754,0.04174
297,People rarely,euc_unemb,0.5,1,16,0.62605,0.53426,0.67129,0.67574,0.08281
297,People rarely,euc_unemb,0.7,1,17,0.76305,0.55241,0.82905,0.83024,0.09217
297,People rarely,euc_unemb,0.9,1,19,0.92223,0.59115,1.25565,1.24825,0.10801
297,People rarely,euc_unemb,0.99,1,23,0.99366,0.62016,2.29905,2.27043,0.11032
297,People rarely,cau_unemb,0.3,1,16,0.36801,0.42858,0.68213,0.69148,0.13535
297,People rarely,cau_unemb,0.5,1,17,0.50851,0.43155,0.74257,0.7505,0.13442
297,People rarely,cau_unemb,0.7,1,19,0.76403,0.4703,0.91337,0.91676,0.08378
297,People rarely,cau_unemb,0.9,1,21,0.90913,0.5251,1.19168,1.18844,0.09713
297,People rarely,cau_unemb,0.99,1,26,0.9937,0.58832,2.18386,2.15888,0.11195
297,People rarely,dua_unemb,0.3,1,16,0.36432,0.6331,0.30492,0.31023,0.03352
297,People rarely,dua_unemb,0.5,1,18,0.53934,0.63484,0.43711,0.43995,0.04169
297,People rarely,dua_unemb,0.7,1,21,0.76578,0.64971,0.70534,0.7021,0.04735
297,People rarely,dua_unemb,0.9,1,24,0.90671,0.67034,1.06889,1.05642,0.04984
297,People rarely,dua_unemb,0.99,1,30,0.99328,0.69186,2.05056,2.01176,0.10261
297,People rarely,euc_dmd,0.3,1,15,0.40424,0.43342,0.93645,0.9438,0.21196
297,People rarely,euc_dmd,0.5,1,16,0.55682,0.44047,1.02652,1.03191,0.15372
297,People rarely,euc_dmd,0.7,1,18,0.81035,0.49724,1.2793,1.27898,0.22178
297,People rarely,euc_dmd,0.9,1,20,0.93501,0.57719,1.65868,1.65057,0.24273
297,People rarely,euc_dmd,0.99,1,24,0.99374,0.68995,2.66699,2.63973,0.25284
297,People rarely,cau_dmd,0.3,1,17,0.32403,0.40248,1.19763,1.20691,0.22933
297,People rarely,cau_dmd,0.5,1,19,0.57233,0.40316,1.35639,1.36241,0.19989
297,People rarely,cau_dmd,0.7,1,21,0.78805,0.43425,1.60976,1.6107,0.21453
297,People rarely,cau_dmd,0.9,1,23,0.91146,0.47355,1.98392,1.97808,0.23669
297,People rarely,cau_dmd,0.99,1,28,0.99237,0.5163,3.25683,3.22976,0.25355
297,People rarely,dua_dmd,0.3,1,15,0.35061,0.59305,0.40454,0.41199,0.03988
297,People rarely,dua_dmd,0.5,1,17,0.51923,0.58962,0.56154,0.56724,0.04263
297,People rarely,dua_dmd,0.7,1,20,0.71303,0.59937,0.84238,0.84387,0.0446
297,People rarely,dua_dmd,0.9,1,27,0.91649,0.64892,1.70368,1.68828,0.0826
297,People rarely,dua_dmd,0.99,1,35,0.99032,0.69804,3.06671,3.02161,0.10496
214,"Over time, These kids just",euc_ctx,0.3,1,23,0.32532,0.11777,0.62746,0.62785,0.22857
214,"Over time, These kids just",euc_ctx,0.5,1,27,0.53613,0.11261,0.76886,0.7679,0.23527
214,"Over time, These kids just",euc_ctx,0.7,1,31,0.73449,0.12472,0.87813,0.87543,0.23328
214,"Over time, These kids just",euc_ctx,0.9,1,37,0.9107,0.174,1.0139,1.00782,0.22927
214,"Over time, These kids just",euc_ctx,0.99,1,48,0.9909,0.32872,1.41206,1.39684,0.18711
214,"Over time, These kids just",cau_ctx,0.3,1,45,0.30678,0.16032,0.82695,0.82939,0.16574
214,"Over time, These kids just",cau_ctx,0.5,1,53,0.51385,0.12901,1.23258,1.23156,0.1719
214,"Over time, These kids just",cau_ctx,0.7,1,61,0.71616,0.1,1.79963,1.79281,0.17157
214,"Over time, These kids just",cau_ctx,0.9,1,73,0.90312,0.06275,2.93051,2.91123,0.17271
214,"Over time, These kids just",cau_ctx,0.99,1,95,0.99054,0.02456,5.39764,5.35031,0.17809
214,"Over time, These kids just",dua_ctx,0.3,1,34,0.31059,0.26339,0.24164,0.2424,0.05331
214,"Over time, These kids just",dua_ctx,0.5,1,42,0.50458,0.25698,0.34957,0.34772,0.12879
214,"Over time, These kids just",dua_ctx,0.7,1,51,0.71344,0.26228,0.50068,0.49448,0.13509
214,"Over time, These kids just",dua_ctx,0.9,1,63,0.90287,0.28634,0.77948,0.76523,0.16156
214,"Over time, These kids just",dua_ctx,0.99,1,80,0.99021,0.34029,1.4109,1.38119,0.18742
214,"Over time, These kids just",euc_unemb,0.3,1,10,0.37725,0.13353,0.64513,0.64208,0.21292
214,"Over time, These kids just",euc_unemb,0.5,1,11,0.50599,0.13266,0.73179,0.72752,0.2124
214,"Over time, These kids just",euc_unemb,0.7,1,13,0.7451,0.15197,0.89996,0.89272,0.21667
214,"Over time, These kids just",euc_unemb,0.9,1,16,0.93342,0.22801,1.19585,1.18253,0.20431
214,"Over time, These kids just",euc_unemb,0.99,1,20,0.99115,0.3581,1.81863,1.79376,0.17939
214,"Over time, These kids just",cau_unemb,0.3,1,11,0.38033,0.139,0.60835,0.60856,0.22802
214,"Over time, These kids just",cau_unemb,0.5,1,13,0.61287,0.14532,0.74167,0.74017,0.23241
214,"Over time, These kids just",cau_unemb,0.7,1,14,0.71733,0.15763,0.80517,0.80259,0.21834
214,"Over time, These kids just",cau_unemb,0.9,1,17,0.91203,0.22794,1.02562,1.01867,0.20418
214,"Over time, These kids just",cau_unemb,0.99,1,22,0.99056,0.38385,1.68147,1.66295,0.17851
214,"Over time, These kids just",dua_unemb,0.3,1,11,0.32092,0.30841,0.15508,0.15583,0.14695
214,"Over time, These kids just",dua_unemb,0.5,1,14,0.57315,0.31897,0.2868,0.28514,0.1685
214,"Over time, These kids just",dua_unemb,0.7,1,16,0.71597,0.33513,0.40617,0.40203,0.12007
214,"Over time, These kids just",dua_unemb,0.9,1,21,0.91923,0.39074,0.82485,0.81193,0.14959
214,"Over time, These kids just",dua_unemb,0.99,1,28,0.99243,0.47058,1.69775,1.66776,0.1587
214,"Over time, These kids just",euc_dmd,0.3,1,10,0.42271,0.08223,1.04694,1.04278,0.23171
214,"Over time, These kids just",euc_dmd,0.5,1,11,0.55582,0.07935,1.17842,1.17281,0.23282
214,"Over time, These kids just",euc_dmd,0.7,1,13,0.78381,0.08768,1.41169,1.40283,0.22857
214,"Over time, These kids just",euc_dmd,0.9,1,15,0.91216,0.11243,1.6242,1.61162,0.22607
214,"Over time, These kids just",euc_dmd,0.99,1,20,0.99273,0.22516,2.25384,2.22961,0.19455
214,"Over time, These kids just",cau_dmd,0.3,1,11,0.36804,0.09223,1.02797,1.02805,0.23112
214,"Over time, These kids just",cau_dmd,0.5,1,13,0.59007,0.08872,1.23825,1.23652,0.22887
214,"Over time, These kids just",cau_dmd,0.7,1,15,0.77834,0.10037,1.4185,1.41461,0.22884
214,"Over time, These kids just",cau_dmd,0.9,1,18,0.92899,0.1432,1.68286,1.67498,0.22416
214,"Over time, These kids just",cau_dmd,0.99,1,23,0.99111,0.26,2.27234,2.25541,0.18964
214,"Over time, These kids just",dua_dmd,0.3,1,10,0.31756,0.26865,0.22854,0.23068,0.15043
214,"Over time, These kids just",dua_dmd,0.5,1,12,0.52416,0.26111,0.36342,0.36447,0.19546
214,"Over time, These kids just",dua_dmd,0.7,1,14,0.71338,0.26378,0.53442,0.53367,0.19865
214,"Over time, These kids just",dua_dmd,0.9,1,18,0.92217,0.29027,0.97072,0.96447,0.17865
214,"Over time, These kids just",dua_dmd,0.99,1,24,0.99093,0.34777,1.76762,1.74992,0.16796
77,"Lately, Most doctors generally",euc_ctx,0.3,1,15,0.30358,0.33799,0.23188,0.23888,0.01591
77,"Lately, Most doctors generally",euc_ctx,0.5,1,19,0.51981,0.3478,0.43328,0.43985,0.05541
77,"Lately, Most doctors generally",euc_ctx,0.7,1,23,0.72875,0.37338,0.72249,0.72706,0.20482
77,"Lately, Most doctors generally",euc_ctx,0.9,1,29,0.91299,0.42441,1.31124,1.31024,0.26879
77,"Lately, Most doctors generally",euc_ctx,0.99,1,39,0.99023,0.48711,2.55304,2.539,0.28646
77,"Lately, Most doctors generally",cau_ctx,0.3,1,29,0.31799,0.30054,0.34111,0.34915,0.17158
77,"Lately, Most doctors generally",cau_ctx,0.5,1,36,0.52103,0.29208,0.59937,0.60676,0.1851
77,"Lately, Most doctors generally",cau_ctx,0.7,1,43,0.71788,0.28828,0.96713,0.9722,0.20305
77,"Lately, Most doctors generally",cau_ctx,0.9,1,54,0.90687,0.27486,1.76932,1.76758,0.26508
77,"Lately, Most doctors generally",cau_ctx,0.99,1,73,0.99027,0.20423,3.64482,3.6252,0.28933
77,"Lately, Most doctors generally",dua_ctx,0.3,1,28,0.31464,0.33829,0.25756,0.26246,0.01463
77,"Lately, Most doctors generally",dua_ctx,0.5,1,39,0.50969,0.33473,0.51648,0.51841,0.05484
77,"Lately, Most doctors generally",dua_ctx,0.7,1,51,0.70627,0.33619,0.93564,0.9315,0.07181
77,"Lately, Most doctors generally",dua_ctx,0.9,1,68,0.90156,0.34586,1.86469,1.84724,0.25337
77,"Lately, Most doctors generally",dua_ctx,0.99,1,86,0.99053,0.36389,3.55929,3.52135,0.27397
77,"Lately, Most doctors generally",euc_unemb,0.3,1,7,0.41792,0.30856,0.23531,0.23918,0.0318
77,"Lately, Most doctors generally",euc_unemb,0.5,1,8,0.55694,0.31927,0.34995,0.35294,0.05225
77,"Lately, Most doctors generally",euc_unemb,0.7,1,10,0.79396,0.35384,0.69562,0.69498,0.17593
77,"Lately, Most doctors generally",euc_unemb,0.9,1,12,0.92194,0.38684,1.18839,1.18189,0.27152
77,"Lately, Most doctors generally",euc_unemb,0.99,1,16,0.99105,0.41505,2.42057,2.39893,0.29975
77,"Lately, Most doctors generally",cau_unemb,0.3,1,7,0.344,0.29573,0.19477,0.20077,0.03067
77,"Lately, Most doctors generally",cau_unemb,0.5,1,9,0.59349,0.3138,0.38351,0.38869,0.05608
77,"Lately, Most doctors generally",cau_unemb,0.7,1,10,0.70875,0.33127,0.51757,0.52164,0.15417
77,"Lately, Most doctors generally",cau_unemb,0.9,1,13,0.91812,0.39165,1.08973,1.08776,0.2732
77,"Lately, Most doctors generally",cau_unemb,0.99,1,18,0.99291,0.44362,2.41254,2.39534,0.29388
77,"Lately, Most doctors generally",dua_unemb,0.3,1,8,0.3536,0.33372,0.15432,0.1571,0.01117
77,"Lately, Most doctors generally",dua_unemb,0.5,1,10,0.51143,0.33784,0.2587,0.26016,0.02249
77,"Lately, Most doctors generally",dua_unemb,0.7,1,13,0.71549,0.34994,0.47581,0.47384,0.04898
77,"Lately, Most doctors generally",dua_unemb,0.9,1,18,0.92057,0.37418,1.05717,1.0458,0.2223
77,"Lately, Most doctors generally",dua_unemb,0.99,1,24,0.9935,0.39222,2.35245,2.32308,0.27676
77,"Lately, Most doctors generally",euc_dmd,0.3,1,6,0.32619,0.30188,0.20107,0.20713,0.03822
77,"Lately, Most doctors generally",euc_dmd,0.5,1,8,0.6079,0.3264,0.41655,0.42172,0.05627
77,"Lately, Most doctors generally",euc_dmd,0.7,1,9,0.73458,0.35115,0.57149,0.57531,0.17417
77,"Lately, Most doctors generally",euc_dmd,0.9,1,12,0.93963,0.43809,1.24282,1.23939,0.27558
77,"Lately, Most doctors generally",euc_dmd,0.99,1,16,0.99342,0.51025,2.4514,2.43407,0.28862
77,"Lately, Most doctors generally",cau_dmd,0.3,1,7,0.36232,0.28183,0.25698,0.26507,0.04166
77,"Lately, Most doctors generally",cau_dmd,0.5,1,9,0.61305,0.30445,0.44582,0.45362,0.06138
77,"Lately, Most doctors generally",cau_dmd,0.7,1,10,0.72477,0.32685,0.57159,0.57858,0.08435
77,"Lately, Most doctors generally",cau_dmd,0.9,1,13,0.92227,0.4133,1.10394,1.10609,0.26837
77,"Lately, Most doctors generally",cau_dmd,0.99,1,18,0.99273,0.51648,2.38287,2.37179,0.30973
77,"Lately, Most doctors generally",dua_dmd,0.3,1,7,0.36318,0.32463,0.16087,0.16576,0.0174
77,"Lately, Most doctors generally",dua_dmd,0.5,1,9,0.56372,0.32769,0.28268,0.28711,0.01811
77,"Lately, Most doctors generally",dua_dmd,0.7,1,11,0.73139,0.337,0.43816,0.44131,0.05241
77,"Lately, Most doctors generally",dua_dmd,0.9,1,15,0.92225,0.36479,0.86922,0.86771,0.16306
77,"Lately, Most doctors generally",dua_dmd,0.99,1,21,0.9925,0.40782,1.89347,1.8803,0.27142
84,"Over time, You still",euc_ctx,0.3,1,27,0.33097,0.30543,0.52362,0.52726,0.23894
84,"Over time, You still",euc_ctx,0.5,1,31,0.53727,0.30387,0.59462,0.59689,0.23987
84,"Over time, You still",euc_ctx,0.7,1,35,0.73127,0.33474,0.6228,0.62299,0.06742
84,"Over time, You still",euc_ctx,0.9,1,41,0.90682,0.42717,0.64142,0.63703,0.06528
84,"Over time, You still",euc_ctx,0.99,1,52,0.99002,0.60697,0.84969,0.83287,0.03932
84,"Over time, You still",cau_ctx,0.3,1,50,0.30215,0.24883,1.05987,1.06285,0.26217
84,"Over time, You still",cau_ctx,0.5,1,58,0.51957,0.14815,1.71793,1.71455,0.27821
84,"Over time, You still",cau_ctx,0.7,1,65,0.70728,0.09391,2.36608,2.35536,0.3068
84,"Over time, You still",cau_ctx,0.9,1,77,0.90607,0.04804,3.48417,3.45896,0.31073
84,"Over time, You still",cau_ctx,0.99,1,98,0.99102,0.01892,5.38235,5.32987,0.32241
84,"Over time, You still",dua_ctx,0.3,1,44,0.30851,0.55982,0.26984,0.26932,0.01177
84,"Over time, You still",dua_ctx,0.5,1,57,0.50919,0.56255,0.43133,0.42391,0.01627
84,"Over time, You still",dua_ctx,0.7,1,71,0.70738,0.57902,0.66202,0.64406,0.01964
84,"Over time, You still",dua_ctx,0.9,1,89,0.90375,0.60844,1.06786,1.0323,0.02288
84,"Over time, You still",dua_ctx,0.99,1,107,0.9903,0.64281,1.65847,1.60086,0.04306
84,"Over time, You still",euc_unemb,0.3,1,13,0.37318,0.23719,0.76166,0.75958,0.26785
84,"Over time, You still",euc_unemb,0.5,1,15,0.60274,0.233,0.89964,0.89483,0.26873
84,"Over time, You still",euc_unemb,0.7,1,16,0.70818,0.24279,0.95654,0.95008,0.27276
84,"Over time, You still",euc_unemb,0.9,1,19,0.90915,0.30603,1.11621,1.10341,0.31785
84,"Over time, You still",euc_unemb,0.99,1,24,0.99088,0.41567,1.55819,1.53043,0.283
84,"Over time, You still",cau_unemb,0.3,1,13,0.30468,0.20421,0.82741,0.82736,0.265
84,"Over time, You still",cau_unemb,0.5,1,15,0.50957,0.18739,0.9559,0.95381,0.31535
84,"Over time, You still",cau_unemb,0.7,1,17,0.71085,0.19631,1.02301,1.01839,0.31868
84,"Over time, You still",cau_unemb,0.9,1,21,0.93182,0.2741,1.06337,1.0521,0.27034
84,"Over time, You still",cau_unemb,0.99,1,26,0.99138,0.40291,1.22733,1.20455,0.30638
84,"Over time, You still",dua_unemb,0.3,1,16,0.32003,0.58239,0.241,0.23961,0.01654
84,"Over time, You still",dua_unemb,0.5,1,20,0.5038,0.59039,0.41622,0.40804,0.02013
84,"Over time, You still",dua_unemb,0.7,1,26,0.7167,0.60939,0.75664,0.73457,0.02026
84,"Over time, You still",dua_unemb,0.9,1,34,0.91281,0.63261,1.32512,1.28026,0.05071
84,"Over time, You still",dua_unemb,0.99,1,42,0.99185,0.65301,2.02006,1.94853,0.07095
84,"Over time, You still",euc_dmd,0.3,1,11,0.37777,0.183,0.9367,0.93725,0.2761
84,"Over time, You still",euc_dmd,0.5,1,12,0.51197,0.17602,1.02717,1.0265,0.27859
84,"Over time, You still",euc_dmd,0.7,1,14,0.75745,0.19228,1.14835,1.14471,0.28289
84,"Over time, You still",euc_dmd,0.9,1,16,0.90235,0.24366,1.21911,1.2118,0.28455
84,"Over time, You still",euc_dmd,0.99,1,21,0.99255,0.44993,1.44295,1.42314,0.10851
84,"Over time, You still",cau_dmd,0.3,1,11,0.31878,0.16805,0.97868,0.98248,0.34909
84,"Over time, You still",cau_dmd,0.5,1,13,0.56582,0.15495,1.13941,1.14138,0.32962
84,"Over time, You still",cau_dmd,0.7,1,15,0.78175,0.17454,1.23099,1.23058,0.28285
84,"Over time, You still",cau_dmd,0.9,1,17,0.90648,0.22236,1.2869,1.28353,0.28352
84,"Over time, You still",cau_dmd,0.99,1,22,0.99081,0.41513,1.47703,1.46349,0.10829
84,"Over time, You still",dua_dmd,0.3,1,13,0.37895,0.52433,0.29313,0.29686,0.02531
84,"Over time, You still",dua_dmd,0.5,1,15,0.54357,0.52017,0.4052,0.40694,0.02783
84,"Over time, You still",dua_dmd,0.7,1,18,0.7521,0.52812,0.58845,0.58574,0.02944
84,"Over time, You still",dua_dmd,0.9,1,22,0.91611,0.55424,0.84886,0.83821,0.03004
84,"Over time, You still",dua_dmd,0.99,1,29,0.99259,0.6091,1.34714,1.31944,0.03705
41,"Over time, Both of them usually",euc_ctx,0.3,1,11,0.30749,0.37752,0.16825,0.17208,0.02658
41,"Over time, Both of them usually",euc_ctx,0.5,1,15,0.53384,0.36913,0.29523,0.29848,0.06004
41,"Over time, Both of them usually",euc_ctx,0.7,1,19,0.7469,0.39589,0.43937,0.44079,0.06695
41,"Over time, Both of them usually",euc_ctx,0.9,1,24,0.90581,0.46306,0.65822,0.65574,0.06743
41,"Over time, Both of them usually",euc_ctx,0.99,1,34,0.99019,0.599,1.29074,1.27681,0.0706
41,"Over time, Both of them usually",cau_ctx,0.3,1,22,0.32107,0.39865,0.22329,0.22881,0.02649
41,"Over time, Both of them usually",cau_ctx,0.5,1,29,0.52666,0.38321,0.40235,0.4073,0.05588
41,"Over time, Both of them usually",cau_ctx,0.7,1,36,0.72454,0.37891,0.65496,0.65769,0.14779
41,"Over time, Both of them usually",cau_ctx,0.9,1,46,0.90086,0.3648,1.18645,1.18309,0.15731
41,"Over time, Both of them usually",cau_ctx,0.99,1,65,0.9901,0.26192,2.73228,2.7103,0.17668
41,"Over time, Both of them usually",dua_ctx,0.3,1,21,0.31956,0.44688,0.14584,0.14961,0.01574
41,"Over time, Both of them usually",dua_ctx,0.5,1,29,0.50181,0.44478,0.27116,0.27334,0.02033
41,"Over time, Both of them usually",dua_ctx,0.7,1,39,0.71518,0.45745,0.49459,0.4925,0.0259
41,"Over time, Both of them usually",dua_ctx,0.9,1,52,0.90362,0.49394,0.919,0.90797,0.05207
41,"Over time, Both of them usually",dua_ctx,0.99,1,69,0.99099,0.55974,1.7746,1.74669,0.07528
41,"Over time, Both of them usually",euc_unemb,0.3,1,5,0.34863,0.38123,0.18771,0.19017,0.0598
41,"Over time, Both of them usually",euc_unemb,0.5,1,7,0.62409,0.38395,0.38062,0.38123,0.07307
41,"Over time, Both of them usually",euc_unemb,0.7,1,8,0.74562,0.40105,0.50951,0.50841,0.13766
41,"Over time, Both of them usually",euc_unemb,0.9,1,10,0.90171,0.45086,0.83838,0.83244,0.16093
41,"Over time, Both of them usually",euc_unemb,0.99,1,15,0.99386,0.53698,1.97603,1.95256,0.19178
41,"Over time, Both of them usually",cau_unemb,0.3,1,5,0.30131,0.37831,0.15298,0.15651,0.05548
41,"Over time, Both of them usually",cau_unemb,0.5,1,7,0.54769,0.37131,0.29566,0.29839,0.06668
41,"Over time, Both of them usually",cau_unemb,0.7,1,9,0.77262,0.40117,0.49324,0.49352,0.13752
41,"Over time, Both of them usually",cau_unemb,0.9,1,11,0.90497,0.44988,0.76006,0.75634,0.13994
41,"Over time, Both of them usually",cau_unemb,0.99,1,16,0.99199,0.53582,1.69109,1.67295,0.16639
41,"Over time, Both of them usually",dua_unemb,0.3,1,6,0.33431,0.46011,0.10335,0.10607,0.01746
41,"Over time, Both of them usually",dua_unemb,0.5,1,8,0.52032,0.46745,0.20288,0.20469,0.03945
41,"Over time, Both of them usually",dua_unemb,0.7,1,11,0.76115,0.49634,0.43529,0.43354,0.06643
41,"Over time, Both of them usually",dua_unemb,0.9,1,15,0.92561,0.54557,0.89813,0.88821,0.13897
41,"Over time, Both of them usually",dua_unemb,0.99,1,21,0.99167,0.60809,1.82405,1.79751,0.14555
41,"Over time, Both of them usually",euc_dmd,0.3,1,5,0.37296,0.34108,0.25947,0.26188,0.06508
41,"Over time, Both of them usually",euc_dmd,0.5,1,6,0.51534,0.33272,0.35892,0.36052,0.08249
41,"Over time, Both of them usually",euc_dmd,0.7,1,8,0.77216,0.35488,0.59295,0.59159,0.08152
41,"Over time, Both of them usually",euc_dmd,0.9,1,10,0.91482,0.41202,0.88949,0.88357,0.08456
41,"Over time, Both of them usually",euc_dmd,0.99,1,14,0.99059,0.53251,1.67446,1.6562,0.0833
41,"Over time, Both of them usually",cau_dmd,0.3,1,5,0.30058,0.34845,0.22021,0.22404,0.05728
41,"Over time, Both of them usually",cau_dmd,0.5,1,7,0.5402,0.33291,0.37918,0.38218,0.08272
41,"Over time, Both of them usually",cau_dmd,0.7,1,9,0.75965,0.35689,0.57146,0.57222,0.0846
41,"Over time, Both of them usually",cau_dmd,0.9,1,12,0.93118,0.43562,0.97304,0.96814,0.0819
41,"Over time, Both of them usually",cau_dmd,0.99,1,17,0.99302,0.55126,1.92285,1.90444,0.08242
41,"Over time, Both of them usually",dua_dmd,0.3,1,5,0.31611,0.43446,0.11115,0.11392,0.02532
41,"Over time, Both of them usually",dua_dmd,0.5,1,7,0.54057,0.42688,0.23624,0.23863,0.05716
41,"Over time, Both of them usually",dua_dmd,0.7,1,9,0.73732,0.43274,0.40741,0.40847,0.06931
41,"Over time, Both of them usually",dua_dmd,0.9,1,12,0.90394,0.45702,0.73479,0.73234,0.07912
41,"Over time, Both of them usually",dua_dmd,0.99,1,19,0.99277,0.53007,1.71031,1.69468,0.07636
251,"At home, Students also",euc_ctx,0.3,1,22,0.33935,0.30822,0.512,0.51558,0.18502
251,"At home, Students also",euc_ctx,0.5,1,26,0.55198,0.30375,0.6348,0.63693,0.19717
251,"At home, Students also",euc_ctx,0.7,1,29,0.70316,0.32287,0.70236,0.7029,0.1974
251,"At home, Students also",euc_ctx,0.9,1,36,0.91515,0.42654,0.83453,0.8297,0.0912
251,"At home, Students also",euc_ctx,0.99,1,47,0.99123,0.62513,1.22264,1.20543,0.08338
251,"At home, Students also",cau_ctx,0.3,1,42,0.31922,0.3282,0.59021,0.59399,0.16126
251,"At home, Students also",cau_ctx,0.5,1,49,0.51107,0.26909,0.9158,0.91639,0.19902
251,"At home, Students also",cau_ctx,0.7,1,56,0.70019,0.21242,1.36088,1.35625,0.20558
251,"At home, Students also",cau_ctx,0.9,1,68,0.90301,0.13309,2.33715,2.31986,0.23508
251,"At home, Students also",cau_ctx,0.99,1,89,0.99064,0.05614,4.30621,4.26184,0.2547
251,"At home, Students also",dua_ctx,0.3,1,35,0.30205,0.51637,0.20735,0.20874,0.01679
251,"At home, Students also",dua_ctx,0.5,1,46,0.50766,0.51668,0.35522,0.35261,0.01947
251,"At home, Students also",dua_ctx,0.7,1,57,0.70261,0.52907,0.56357,0.55489,0.02068
251,"At home, Students also",dua_ctx,0.9,1,73,0.90874,0.56666,0.99139,0.97049,0.03848
251,"At home, Students also",dua_ctx,0.99,1,90,0.99119,0.6261,1.6745,1.63587,0.04843
251,"At home, Students also",euc_unemb,0.3,1,10,0.41358,0.32576,0.50612,0.50844,0.19121
251,"At home, Students also",euc_unemb,0.5,1,11,0.54389,0.32828,0.58727,0.58851,0.19261
251,"At home, Students also",euc_unemb,0.7,1,13,0.77361,0.36709,0.76158,0.75963,0.23625
251,"At home, Students also",euc_unemb,0.9,1,15,0.90754,0.43481,0.97736,0.97082,0.21694
251,"At home, Students also",euc_unemb,0.99,1,20,0.99279,0.57435,1.77146,1.74867,0.22382
251,"At home, Students also",cau_unemb,0.3,1,10,0.31918,0.31985,0.45793,0.46237,0.18643
251,"At home, Students also",cau_unemb,0.5,1,12,0.54669,0.31571,0.5841,0.58712,0.18968
251,"At home, Students also",cau_unemb,0.7,1,14,0.75541,0.34888,0.69781,0.69838,0.19774
251,"At home, Students also",cau_unemb,0.9,1,17,0.92612,0.44194,0.91034,0.90525,0.22227
251,"At home, Students also",cau_unemb,0.99,1,22,0.99211,0.57193,1.50785,1.48916,0.17864
251,"At home, Students also",dua_unemb,0.3,1,11,0.31969,0.52815,0.16693,0.16884,0.03225
251,"At home, Students also",dua_unemb,0.5,1,14,0.53908,0.53688,0.31972,0.31877,0.03798
251,"At home, Students also",dua_unemb,0.7,1,17,0.72064,0.5549,0.53914,0.53358,0.04112
251,"At home, Students also",dua_unemb,0.9,1,23,0.91448,0.59939,1.14505,1.12617,0.04309
251,"At home, Students also",dua_unemb,0.99,1,31,0.99246,0.6491,2.18339,2.14113,0.04982
251,"At home, Students also",euc_dmd,0.3,1,9,0.35302,0.24583,0.6909,0.69383,0.24414
251,"At home, Students also",euc_dmd,0.5,1,11,0.61711,0.23922,0.88133,0.88206,0.25295
251,"At home, Students also",euc_dmd,0.7,1,12,0.73409,0.25344,0.95726,0.95652,0.21829
251,"At home, Students also",euc_dmd,0.9,1,15,0.93174,0.35087,1.17305,1.16655,0.1121
251,"At home, Students also",euc_dmd,0.99,1,19,0.991,0.5299,1.59455,1.57746,0.10838
251,"At home, Students also",cau_dmd,0.3,1,10,0.34651,0.24934,0.6829,0.68795,0.24396
251,"At home, Students also",cau_dmd,0.5,1,12,0.57478,0.24704,0.81253,0.81614,0.24713
251,"At home, Students also",cau_dmd,0.7,1,14,0.77209,0.28226,0.91229,0.91371,0.21814
251,"At home, Students also",cau_dmd,0.9,1,17,0.92878,0.39164,1.08349,1.08019,0.11074
251,"At home, Students also",cau_dmd,0.99,1,22,0.99141,0.61731,1.59223,1.57749,0.10771
251,"At home, Students also",dua_dmd,0.3,1,10,0.35766,0.48181,0.20369,0.2069,0.03648
251,"At home, Students also",dua_dmd,0.5,1,12,0.55889,0.47874,0.31579,0.31777,0.0454
251,"At home, Students also",dua_dmd,0.7,1,14,0.73584,0.48525,0.45435,0.45435,0.04923
251,"At home, Students also",dua_dmd,0.9,1,17,0.90029,0.50703,0.70581,0.70159,0.04865
251,"At home, Students also",dua_dmd,0.99,1,24,0.9923,0.57375,1.42526,1.4075,0.06973
96,"At home, You rarely",euc_ctx,0.3,1,30,0.34325,0.39908,0.65379,0.65868,0.05155
96,"At home, You rarely",euc_ctx,0.5,1,33,0.50438,0.39276,0.72492,0.72833,0.05665
96,"At home, You rarely",euc_ctx,0.7,1,37,0.71098,0.41897,0.76971,0.7703,0.20895
96,"At home, You rarely",euc_ctx,0.9,1,43,0.90108,0.51194,0.78946,0.78407,0.20516
96,"At home, You rarely",euc_ctx,0.99,1,55,0.99149,0.7004,0.98803,0.96593,0.20248
96,"At home, You rarely",cau_ctx,0.3,1,57,0.31652,0.17863,1.74139,1.7364,0.21808
96,"At home, You rarely",cau_ctx,0.5,1,64,0.51179,0.09635,2.49702,2.48372,0.22229
96,"At home, You rarely",cau_ctx,0.7,1,71,0.70311,0.05559,3.23996,3.21723,0.22712
96,"At home, You rarely",cau_ctx,0.9,1,83,0.9049,0.02717,4.39007,4.35017,0.23587
96,"At home, You rarely",cau_ctx,0.99,1,104,0.99064,0.01135,6.19869,6.12797,0.27848
96,"At home, You rarely",dua_ctx,0.3,1,45,0.31361,0.63234,0.29285,0.29199,0.01559
96,"At home, You rarely",dua_ctx,0.5,1,56,0.51473,0.61928,0.4355,0.42815,0.01699
96,"At home, You rarely",dua_ctx,0.7,1,67,0.70433,0.61836,0.61547,0.59933,0.01867
96,"At home, You rarely",dua_ctx,0.9,1,83,0.90388,0.63679,0.94383,0.91114,0.04723
96,"At home, You rarely",dua_ctx,0.99,1,101,0.99131,0.67199,1.45831,1.40119,0.05151
96,"At home, You rarely",euc_unemb,0.3,1,13,0.38384,0.43492,0.59358,0.59788,0.07281
96,"At home, You rarely",euc_unemb,0.5,1,14,0.5177,0.43083,0.67271,0.6756,0.08086
96,"At home, You rarely",euc_unemb,0.7,1,16,0.76172,0.45965,0.84027,0.83899,0.19434
96,"At home, You rarely",euc_unemb,0.9,1,18,0.90528,0.51599,1.03706,1.02994,0.19897
96,"At home, You rarely",euc_unemb,0.99,1,23,0.99337,0.61398,1.68633,1.6598,0.24505
96,"At home, You rarely",cau_unemb,0.3,1,14,0.35784,0.39577,0.63927,0.64577,0.18252
96,"At home, You rarely",cau_unemb,0.5,1,16,0.59553,0.39254,0.74372,0.7479,0.22223
96,"At home, You rarely",cau_unemb,0.7,1,17,0.70509,0.40632,0.78865,0.79117,0.21929
96,"At home, You rarely",cau_unemb,0.9,1,20,0.91066,0.48283,0.9398,0.93553,0.19369
96,"At home, You rarely",cau_unemb,0.99,1,25,0.99118,0.58486,1.35365,1.33355,0.1922
96,"At home, You rarely",dua_unemb,0.3,1,15,0.35534,0.6711,0.22923,0.23149,0.02459
96,"At home, You rarely",dua_unemb,0.5,1,17,0.50046,0.67691,0.31393,0.31378,0.04636
96,"At home, You rarely",dua_unemb,0.7,1,21,0.74282,0.70406,0.53447,0.52694,0.05219
96,"At home, You rarely",dua_unemb,0.9,1,26,0.92031,0.74778,0.88772,0.86705,0.08002
96,"At home, You rarely",dua_unemb,0.99,1,32,0.99184,0.79124,1.42261,1.38146,0.08193
96,"At home, You rarely",euc_dmd,0.3,1,12,0.33508,0.30567,0.96372,0.96979,0.2511
96,"At home, You rarely",euc_dmd,0.5,1,14,0.60652,0.29413,1.20091,1.2042,0.26219
96,"At home, You rarely",euc_dmd,0.7,1,15,0.72875,0.30947,1.30362,1.30505,0.24687
96,"At home, You rarely",euc_dmd,0.9,1,18,0.93328,0.41527,1.58268,1.57685,0.30232
96,"At home, You rarely",euc_dmd,0.99,1,22,0.99177,0.58759,2.01104,1.99222,0.31012
96,"At home, You rarely",cau_dmd,0.3,1,14,0.37357,0.29138,1.14326,1.15159,0.27698
96,"At home, You rarely",cau_dmd,0.5,1,16,0.60209,0.29137,1.33922,1.3453,0.30039
96,"At home, You rarely",cau_dmd,0.7,1,17,0.70523,0.30571,1.42771,1.4323,0.30352
96,"At home, You rarely",cau_dmd,0.9,1,20,0.90189,0.38896,1.68758,1.68631,0.30085
96,"At home, You rarely",cau_dmd,0.99,1,26,0.99186,0.56441,2.3891,2.37067,0.30583
96,"At home, You rarely",dua_dmd,0.3,1,13,0.31514,0.5955,0.28808,0.29352,0.02827
96,"At home, You rarely",dua_dmd,0.5,1,16,0.5738,0.58299,0.45407,0.45741,0.04709
96,"At home, You rarely",dua_dmd,0.7,1,18,0.71607,0.58774,0.57898,0.58008,0.05585
96,"At home, You rarely",dua_dmd,0.9,1,23,0.92657,0.62756,0.91564,0.90847,0.06401
96,"At home, You rarely",dua_dmd,0.99,1,29,0.99265,0.69595,1.36433,1.34291,0.06327
232,"Usually, Many people often",euc_ctx,0.3,1,19,0.34829,0.60099,0.2367,0.2441,0.09638
232,"Usually, Many people often",euc_ctx,0.5,1,22,0.51743,0.60719,0.35285,0.35923,0.10574
232,"Usually, Many people often",euc_ctx,0.7,1,26,0.7304,0.6305,0.55317,0.55663,0.10883
232,"Usually, Many people often",euc_ctx,0.9,1,32,0.91553,0.67858,0.939,0.93534,0.1346
232,"Usually, Many people often",euc_ctx,0.99,1,42,0.99082,0.73566,1.72338,1.70442,0.15092
232,"Usually, Many people often",cau_ctx,0.3,1,36,0.30438,0.64158,0.39399,0.40214,0.1005
232,"Usually, Many people often",cau_ctx,0.5,1,44,0.52778,0.61222,0.66749,0.67366,0.11602
232,"Usually, Many people often",cau_ctx,0.7,1,51,0.71773,0.58033,0.99655,0.99903,0.10601
232,"Usually, Many people often",cau_ctx,0.9,1,62,0.90297,0.51215,1.67559,1.66913,0.11556
232,"Usually, Many people often",cau_ctx,0.99,1,82,0.99028,0.33726,3.30425,3.27548,0.15062
232,"Usually, Many people often",dua_ctx,0.3,1,32,0.3092,0.61402,0.2946,0.29988,0.01899
232,"Usually, Many people often",dua_ctx,0.5,1,44,0.51521,0.60444,0.61471,0.61527,0.02487
232,"Usually, Many people often",dua_ctx,0.7,1,55,0.7055,0.5988,1.03544,1.02878,0.02732
232,"Usually, Many people often",dua_ctx,0.9,1,70,0.90706,0.60659,1.80108,1.7803,0.12835
232,"Usually, Many people often",dua_ctx,0.99,1,86,0.99124,0.63532,2.89859,2.85675,0.13419
232,"Usually, Many people often",euc_unemb,0.3,1,8,0.37568,0.55066,0.17679,0.18249,0.02305
232,"Usually, Many people often",euc_unemb,0.5,1,9,0.51557,0.56205,0.24839,0.25318,0.02844
232,"Usually, Many people often",euc_unemb,0.7,1,11,0.76898,0.60286,0.47459,0.4755,0.09839
232,"Usually, Many people often",euc_unemb,0.9,1,13,0.91228,0.64259,0.81143,0.80608,0.10776
232,"Usually, Many people often",euc_unemb,0.99,1,17,0.99018,0.67348,1.65471,1.63328,0.11606
232,"Usually, Many people often",cau_unemb,0.3,1,9,0.40991,0.52808,0.19999,0.20759,0.03171
232,"Usually, Many people often",cau_unemb,0.5,1,10,0.53835,0.54026,0.25996,0.2669,0.03201
232,"Usually, Many people often",cau_unemb,0.7,1,12,0.76613,0.58263,0.43617,0.44014,0.09662
232,"Usually, Many people often",cau_unemb,0.9,1,14,0.90154,0.62729,0.69602,0.69508,0.10437
232,"Usually, Many people often",cau_unemb,0.99,1,19,0.99147,0.67471,1.56765,1.55011,0.11032
232,"Usually, Many people often",dua_unemb,0.3,1,9,0.35584,0.59576,0.13369,0.13762,0.01752
232,"Usually, Many people often",dua_unemb,0.5,1,11,0.53205,0.60524,0.23022,0.2327,0.02325
232,"Usually, Many people often",dua_unemb,0.7,1,14,0.76094,0.62794,0.44804,0.44643,0.03952
232,"Usually, Many people often",dua_unemb,0.9,1,17,0.90559,0.65356,0.77027,0.76214,0.05072
232,"Usually, Many people often",dua_unemb,0.99,1,23,0.993,0.68745,1.70765,1.68017,0.06113
232,"Usually, Many people often",euc_dmd,0.3,1,8,0.39416,0.51988,0.24957,0.25753,0.12128
232,"Usually, Many people often",euc_dmd,0.5,1,9,0.53643,0.53129,0.33093,0.33818,0.12243
232,"Usually, Many people often",euc_dmd,0.7,1,11,0.78463,0.58001,0.56227,0.56613,0.12176
232,"Usually, Many people often",euc_dmd,0.9,1,13,0.91921,0.6356,0.89328,0.89152,0.13635
232,"Usually, Many people often",euc_dmd,0.99,1,17,0.99078,0.69895,1.7396,1.72313,0.15582
232,"Usually, Many people often",cau_dmd,0.3,1,9,0.38217,0.48882,0.29688,0.30723,0.13431
232,"Usually, Many people often",cau_dmd,0.5,1,10,0.50406,0.49729,0.36007,0.37015,0.1238
232,"Usually, Many people often",cau_dmd,0.7,1,12,0.73109,0.53948,0.52748,0.53561,0.14979
232,"Usually, Many people often",cau_dmd,0.9,1,15,0.92067,0.625,0.92107,0.92312,0.17882
232,"Usually, Many people often",cau_dmd,0.99,1,20,0.99186,0.70894,1.8482,1.83553,0.18623
232,"Usually, Many people often",dua_dmd,0.3,1,8,0.33558,0.57294,0.15859,0.1652,0.02063
232,"Usually, Many people often",dua_dmd,0.5,1,10,0.54675,0.57377,0.28353,0.28986,0.04989
232,"Usually, Many people often",dua_dmd,0.7,1,12,0.72394,0.58293,0.44111,0.44626,0.05541
232,"Usually, Many people often",dua_dmd,0.9,1,16,0.91952,0.61589,0.83947,0.83979,0.13292
232,"Usually, Many people often",dua_dmd,0.99,1,22,0.99177,0.67121,1.65649,1.64362,0.1393
256,"Today, The workers still",euc_ctx,0.3,1,19,0.32641,0.24496,0.42401,0.42885,0.18004
256,"Today, The workers still",euc_ctx,0.5,1,23,0.55255,0.24262,0.54804,0.55198,0.18119
256,"Today, The workers still",euc_ctx,0.7,1,26,0.71351,0.26299,0.6255,0.62825,0.17842
256,"Today, The workers still",euc_ctx,0.9,1,32,0.91011,0.35143,0.78588,0.78482,0.06898
256,"Today, The workers still",euc_ctx,0.99,1,42,0.99051,0.53486,1.27532,1.26397,0.06388
256,"Today, The workers still",cau_ctx,0.3,1,33,0.31268,0.2669,0.55356,0.56075,0.16531
256,"Today, The workers still",cau_ctx,0.5,1,39,0.51023,0.25549,0.76469,0.77099,0.16716
256,"Today, The workers still",cau_ctx,0.7,1,45,0.70723,0.26627,1.01212,1.01656,0.23293
256,"Today, The workers still",cau_ctx,0.9,1,55,0.90986,0.3147,1.5394,1.53836,0.22796
256,"Today, The workers still",cau_ctx,0.99,1,71,0.99066,0.36358,2.74649,2.73121,0.23444
256,"Today, The workers still",dua_ctx,0.3,1,30,0.31076,0.39992,0.27952,0.28301,0.05071
256,"Today, The workers still",dua_ctx,0.5,1,39,0.5012,0.39952,0.47311,0.47373,0.05252
256,"Today, The workers still",dua_ctx,0.7,1,50,0.71353,0.41494,0.7834,0.77832,0.05758
256,"Today, The workers still",dua_ctx,0.9,1,64,0.90382,0.45277,1.30346,1.2882,0.06164
256,"Today, The workers still",dua_ctx,0.99,1,81,0.99131,0.51548,2.18761,2.15559,0.05471
256,"Today, The workers still",euc_unemb,0.3,1,9,0.33572,0.27769,0.31418,0.31776,0.06282
256,"Today, The workers still",euc_unemb,0.5,1,11,0.58356,0.28421,0.4424,0.44444,0.06512
256,"Today, The workers still",euc_unemb,0.7,1,12,0.70075,0.3012,0.51924,0.51998,0.06273
256,"Today, The workers still",euc_unemb,0.9,1,15,0.91726,0.3856,0.85338,0.84801,0.1487
256,"Today, The workers still",euc_unemb,0.99,1,20,0.9936,0.48842,1.81498,1.79336,0.16162
256,"Today, The workers still",cau_unemb,0.3,1,10,0.3871,0.2499,0.36573,0.37046,0.17732
256,"Today, The workers still",cau_unemb,0.5,1,11,0.50223,0.25194,0.41024,0.41454,0.17843
256,"Today, The workers still",cau_unemb,0.7,1,13,0.72012,0.28106,0.4952,0.49791,0.07034
256,"Today, The workers still",cau_unemb,0.9,1,16,0.91275,0.37228,0.67858,0.67696,0.06167
256,"Today, The workers still",cau_unemb,0.99,1,21,0.99084,0.51869,1.30196,1.28836,0.06977
256,"Today, The workers still",dua_unemb,0.3,1,11,0.3377,0.41447,0.15559,0.15819,0.04725
256,"Today, The workers still",dua_unemb,0.5,1,14,0.5511,0.43171,0.27852,0.27873,0.05357
256,"Today, The workers still",dua_unemb,0.7,1,17,0.72286,0.46127,0.45434,0.45068,0.05889
256,"Today, The workers still",dua_unemb,0.9,1,23,0.91852,0.5301,0.97637,0.96127,0.06002
256,"Today, The workers still",dua_unemb,0.99,1,30,0.99097,0.59512,1.90063,1.86666,0.06643
256,"Today, The workers still",euc_dmd,0.3,1,8,0.32851,0.22326,0.43418,0.43805,0.18532
256,"Today, The workers still",euc_dmd,0.5,1,10,0.60017,0.22349,0.5658,0.56815,0.18933
256,"Today, The workers still",euc_dmd,0.7,1,11,0.72434,0.24054,0.62691,0.62807,0.08156
256,"Today, The workers still",euc_dmd,0.9,1,14,0.93338,0.34413,0.87748,0.87316,0.07214
256,"Today, The workers still",euc_dmd,0.99,1,18,0.99223,0.50415,1.48681,1.4712,0.06452
256,"Today, The workers still",cau_dmd,0.3,1,9,0.36348,0.20904,0.51768,0.52324,0.18781
256,"Today, The workers still",cau_dmd,0.5,1,11,0.60303,0.21713,0.60555,0.61012,0.18978
256,"Today, The workers still",cau_dmd,0.7,1,12,0.71109,0.23489,0.64512,0.64886,0.19132
256,"Today, The workers still",cau_dmd,0.9,1,15,0.91082,0.33427,0.82645,0.82626,0.0808
256,"Today, The workers still",cau_dmd,0.99,1,20,0.99031,0.53715,1.4915,1.47996,0.06463
256,"Today, The workers still",dua_dmd,0.3,1,9,0.35686,0.37833,0.18613,0.18968,0.05291
256,"Today, The workers still",dua_dmd,0.5,1,11,0.56945,0.37846,0.29154,0.29418,0.05704
256,"Today, The workers still",dua_dmd,0.7,1,13,0.75062,0.39082,0.4236,0.4246,0.06333
256,"Today, The workers still",dua_dmd,0.9,1,16,0.90809,0.42326,0.66789,0.66539,0.05736
256,"Today, The workers still",dua_dmd,0.99,1,23,0.99169,0.51087,1.39994,1.38608,0.04831
179,"Over time, I",euc_ctx,0.3,1,40,0.31496,0.00858,1.23265,1.22172,0.42661
179,"Over time, I",euc_ctx,0.5,1,44,0.52356,0.00741,1.35447,1.34177,0.47697
179,"Over time, I",euc_ctx,0.7,1,48,0.72381,0.0075,1.44101,1.42645,0.35268
179,"Over time, I",euc_ctx,0.9,1,54,0.90566,0.0094,1.53723,1.51963,0.34232
179,"Over time, I",euc_ctx,0.99,1,65,0.99023,0.0165,1.76704,1.74265,0.32702
179,"Over time, I",cau_ctx,0.3,1,81,0.30669,0.00789,1.47208,1.46347,0.44348
179,"Over time, I",cau_ctx,0.5,1,89,0.50307,0.00546,1.84079,1.82841,0.44365
179,"Over time, I",cau_ctx,0.7,1,98,0.71627,0.00355,2.41149,2.39278,0.40651
179,"Over time, I",cau_ctx,0.9,1,111,0.90084,0.00178,3.50552,3.47431,0.26968
179,"Over time, I",cau_ctx,0.99,1,137,0.99038,0.00043,6.08558,6.02511,0.24535
179,"Over time, I",dua_ctx,0.3,1,59,0.31981,0.21467,0.23933,0.23373,0.38333
179,"Over time, I",dua_ctx,0.5,1,68,0.5137,0.21471,0.26531,0.25887,0.38365
179,"Over time, I",dua_ctx,0.7,1,77,0.7059,0.21988,0.28619,0.27852,0.384
179,"Over time, I",dua_ctx,0.9,1,89,0.90235,0.23597,0.32418,0.31348,0.38352
179,"Over time, I",dua_ctx,0.99,1,104,0.99096,0.27097,0.42083,0.403,0.36706
179,"Over time, I",euc_unemb,0.3,1,20,0.31869,0.02498,0.95916,0.95467,0.46171
179,"Over time, I",euc_unemb,0.5,1,22,0.53023,0.02419,1.05327,1.04791,0.46396
179,"Over time, I",euc_unemb,0.7,1,24,0.73161,0.02774,1.10483,1.09855,0.42474
179,"Over time, I",euc_unemb,0.9,1,27,0.91111,0.04272,1.12984,1.12194,0.30517
179,"Over time, I",euc_unemb,0.99,1,33,0.9932,0.12333,1.22327,1.21067,0.31955
179,"Over time, I",cau_unemb,0.3,1,20,0.32169,0.01328,0.98011,0.97282,0.45809
179,"Over time, I",cau_unemb,0.5,1,22,0.53143,0.01266,1.02315,1.01499,0.45819
179,"Over time, I",cau_unemb,0.7,1,24,0.73005,0.0144,1.01128,1.00231,0.45084
179,"Over time, I",cau_unemb,0.9,1,27,0.90817,0.02219,0.92366,0.91352,0.44559
179,"Over time, I",cau_unemb,0.99,1,33,0.99223,0.06775,0.72223,0.70918,0.32742
179,"Over time, I",dua_unemb,0.3,1,26,0.30583,0.24063,0.18026,0.17383,0.29509
179,"Over time, I",dua_unemb,0.5,1,30,0.51181,0.25174,0.1945,0.18649,0.2951
179,"Over time, I",dua_unemb,0.7,1,34,0.70935,0.2724,0.22413,0.21348,0.29521
179,"Over time, I",dua_unemb,0.9,1,40,0.91488,0.3174,0.31038,0.29338,0.00969
179,"Over time, I",dua_unemb,0.99,1,47,0.9919,0.37956,0.46947,0.44171,0.01061
179,"Over time, I",euc_dmd,0.3,1,16,0.42788,0.01022,1.30542,1.29702,0.29981
179,"Over time, I",euc_dmd,0.5,1,17,0.56941,0.00972,1.38835,1.37867,0.30167
179,"Over time, I",euc_dmd,0.7,1,18,0.70003,0.00989,1.45799,1.44692,0.30169
179,"Over time, I",euc_dmd,0.9,1,21,0.92671,0.01354,1.63539,1.61964,0.29005
179,"Over time, I",euc_dmd,0.99,1,25,0.99139,0.02365,1.93013,1.90694,0.26207
179,"Over time, I",cau_dmd,0.3,1,15,0.30808,0.00861,1.28533,1.27985,0.3011
179,"Over time, I",cau_dmd,0.5,1,17,0.5773,0.00716,1.46456,1.45659,0.30147
179,"Over time, I",cau_dmd,0.7,1,18,0.7035,0.00718,1.53726,1.52785,0.29988
179,"Over time, I",cau_dmd,0.9,1,21,0.92284,0.00912,1.75305,1.73856,0.29307
179,"Over time, I",cau_dmd,0.99,1,26,0.99343,0.0152,2.2677,2.24256,0.32824
179,"Over time, I",dua_dmd,0.3,1,19,0.35887,0.20879,0.25645,0.24949,0.38518
179,"Over time, I",dua_dmd,0.5,1,21,0.52662,0.21089,0.28275,0.27452,0.38536
179,"Over time, I",dua_dmd,0.7,1,24,0.75942,0.22043,0.30892,0.29873,0.29593
179,"Over time, I",dua_dmd,0.9,1,27,0.91337,0.23608,0.323,0.3107,0.29602
179,"Over time, I",dua_dmd,0.99,1,32,0.99195,0.26868,0.34456,0.32828,0.01047
71,"At work, Parents usually",euc_ctx,0.3,1,14,0.33716,0.66971,0.13883,0.1451,0.01836
71,"At work, Parents usually",euc_ctx,0.5,1,17,0.50869,0.67408,0.22423,0.22981,0.03303
71,"At work, Parents usually",euc_ctx,0.7,1,21,0.7273,0.69296,0.37773,0.38066,0.04519
71,"At work, Parents usually",euc_ctx,0.9,1,27,0.91656,0.72981,0.68573,0.68169,0.04919
71,"At work, Parents usually",euc_ctx,0.99,1,37,0.99135,0.76534,1.32886,1.30964,0.05184
71,"At work, Parents usually",cau_ctx,0.3,1,27,0.3176,0.69931,0.24454,0.25173,0.0403
71,"At work, Parents usually",cau_ctx,0.5,1,34,0.51901,0.67188,0.44176,0.44763,0.14847
71,"At work, Parents usually",cau_ctx,0.7,1,41,0.71507,0.63103,0.72776,0.73025,0.13237
71,"At work, Parents usually",cau_ctx,0.9,1,52,0.90517,0.54412,1.34307,1.33678,0.1752
71,"At work, Parents usually",cau_ctx,0.99,1,71,0.99011,0.36356,2.74539,2.7183,0.19534
71,"At work, Parents usually",dua_ctx,0.3,1,26,0.30317,0.68124,0.18599,0.19068,0.01248
71,"At work, Parents usually",dua_ctx,0.5,1,38,0.50811,0.6682,0.42326,0.42337,0.02107
71,"At work, Parents usually",dua_ctx,0.7,1,50,0.70954,0.655,0.77692,0.76875,0.0312
71,"At work, Parents usually",dua_ctx,0.9,1,65,0.9085,0.64741,1.38065,1.35757,0.04192
71,"At work, Parents usually",dua_ctx,0.99,1,80,0.99076,0.65476,2.22246,2.17893,0.04847
71,"At work, Parents usually",euc_unemb,0.3,1,6,0.37268,0.64424,0.13261,0.13727,0.02862
71,"At work, Parents usually",euc_unemb,0.5,1,7,0.51576,0.64981,0.20537,0.20916,0.03396
71,"At work, Parents usually",euc_unemb,0.7,1,9,0.7743,0.67656,0.43786,0.43762,0.14742
71,"At work, Parents usually",euc_unemb,0.9,1,11,0.91715,0.70369,0.76914,0.76242,0.20337
71,"At work, Parents usually",euc_unemb,0.99,1,15,0.99141,0.72316,1.54697,1.52399,0.18014
71,"At work, Parents usually",cau_unemb,0.3,1,6,0.30941,0.62365,0.11264,0.11903,0.02403
71,"At work, Parents usually",cau_unemb,0.5,1,8,0.56459,0.63051,0.22791,0.23337,0.03463
71,"At work, Parents usually",cau_unemb,0.7,1,10,0.78909,0.65996,0.41418,0.41634,0.04248
71,"At work, Parents usually",cau_unemb,0.9,1,12,0.91492,0.69125,0.66647,0.66344,0.15522
71,"At work, Parents usually",cau_unemb,0.99,1,17,0.99325,0.72256,1.43844,1.41867,0.18313
71,"At work, Parents usually",dua_unemb,0.3,1,7,0.35226,0.6697,0.09891,0.10272,0.01243
71,"At work, Parents usually",dua_unemb,0.5,1,9,0.52655,0.67572,0.18139,0.18376,0.02244
71,"At work, Parents usually",dua_unemb,0.7,1,12,0.74495,0.69265,0.36961,0.36738,0.03438
71,"At work, Parents usually",dua_unemb,0.9,1,16,0.9077,0.7158,0.74932,0.73696,0.04319
71,"At work, Parents usually",dua_unemb,0.99,1,23,0.99261,0.73331,1.71617,1.67896,0.15634
71,"At work, Parents usually",euc_dmd,0.3,1,6,0.39877,0.63545,0.17828,0.18439,0.0435
71,"At work, Parents usually",euc_dmd,0.5,1,7,0.54627,0.64239,0.25632,0.26162,0.04606
71,"At work, Parents usually",euc_dmd,0.7,1,9,0.79792,0.67739,0.47711,0.47854,0.05161
71,"At work, Parents usually",euc_dmd,0.9,1,11,0.92778,0.71684,0.78174,0.77698,0.08019
71,"At work, Parents usually",euc_dmd,0.99,1,15,0.99247,0.7604,1.52324,1.50308,0.08998
71,"At work, Parents usually",cau_dmd,0.3,1,6,0.30695,0.61692,0.17537,0.18343,0.0397
71,"At work, Parents usually",cau_dmd,0.5,1,8,0.55542,0.62124,0.29646,0.30399,0.04935
71,"At work, Parents usually",cau_dmd,0.7,1,10,0.77636,0.65276,0.46748,0.47225,0.05244
71,"At work, Parents usually",cau_dmd,0.9,1,12,0.90472,0.6918,0.70855,0.70876,0.08043
71,"At work, Parents usually",cau_dmd,0.99,1,17,0.99096,0.74912,1.50929,1.49424,0.08715
71,"At work, Parents usually",dua_dmd,0.3,1,6,0.34258,0.65874,0.11804,0.12332,0.03287
71,"At work, Parents usually",dua_dmd,0.5,1,8,0.56873,0.65901,0.23274,0.23767,0.04257
71,"At work, Parents usually",dua_dmd,0.7,1,10,0.7584,0.66837,0.38431,0.38766,0.04637
71,"At work, Parents usually",dua_dmd,0.9,1,13,0.91683,0.69215,0.67469,0.6736,0.0513
71,"At work, Parents usually",dua_dmd,0.99,1,19,0.99318,0.73896,1.45406,1.43796,0.05454
121,"In this case, Our customers never",euc_ctx,0.3,1,14,0.31853,0.15677,0.20776,0.20762,0.06134
121,"In this case, Our customers never",euc_ctx,0.5,1,18,0.52935,0.15077,0.28326,0.28211,0.06285
121,"In this case, Our customers never",euc_ctx,0.7,1,22,0.72922,0.16789,0.34204,0.33947,0.05684
121,"In this case, Our customers never",euc_ctx,0.9,1,28,0.90795,0.23554,0.42766,0.42211,0.03199
121,"In this case, Our customers never",euc_ctx,0.99,1,39,0.99024,0.44321,0.77636,0.76225,0.12483
121,"In this case, Our customers never",cau_ctx,0.3,1,27,0.32114,0.1806,0.22842,0.23065,0.0566
121,"In this case, Our customers never",cau_ctx,0.5,1,34,0.51279,0.179,0.32293,0.32464,0.05779
121,"In this case, Our customers never",cau_ctx,0.7,1,42,0.72298,0.20189,0.4413,0.44171,0.0506
121,"In this case, Our customers never",cau_ctx,0.9,1,54,0.90937,0.27285,0.71108,0.70769,0.06065
121,"In this case, Our customers never",cau_ctx,0.99,1,75,0.99008,0.3304,1.79037,1.77311,0.16676
121,"In this case, Our customers never",dua_ctx,0.3,1,21,0.31748,0.25986,0.10914,0.11065,0.0178
121,"In this case, Our customers never",dua_ctx,0.5,1,28,0.51488,0.25578,0.19072,0.1909,0.02235
121,"In this case, Our customers never",dua_ctx,0.7,1,35,0.70601,0.26298,0.29436,0.29225,0.02497
121,"In this case, Our customers never",dua_ctx,0.9,1,46,0.90774,0.29628,0.50507,0.49744,0.02788
121,"In this case, Our customers never",dua_ctx,0.99,1,62,0.99095,0.37632,0.9313,0.91205,0.02399
121,"In this case, Our customers never",euc_unemb,0.3,1,6,0.30868,0.18009,0.16128,0.16053,0.05624
121,"In this case, Our customers never",euc_unemb,0.5,1,8,0.55859,0.18133,0.24461,0.24239,0.06042
121,"In this case, Our customers never",euc_unemb,0.7,1,10,0.78376,0.21949,0.34199,0.33749,0.06081
121,"In this case, Our customers never",euc_unemb,0.9,1,12,0.9129,0.29209,0.48711,0.47929,0.05265
121,"In this case, Our customers never",euc_unemb,0.99,1,17,0.99356,0.50762,1.23634,1.21521,0.17033
121,"In this case, Our customers never",cau_unemb,0.3,1,7,0.36421,0.1762,0.16008,0.16043,0.05685
121,"In this case, Our customers never",cau_unemb,0.5,1,9,0.5972,0.18414,0.21814,0.21746,0.05651
121,"In this case, Our customers never",cau_unemb,0.7,1,10,0.70478,0.19968,0.2486,0.24717,0.05234
121,"In this case, Our customers never",cau_unemb,0.9,1,13,0.90904,0.28924,0.38996,0.38503,0.04164
121,"In this case, Our customers never",cau_unemb,0.99,1,18,0.99093,0.48141,0.97523,0.95975,0.14123
121,"In this case, Our customers never",dua_unemb,0.3,1,7,0.33628,0.2853,0.07415,0.07497,0.01927
121,"In this case, Our customers never",dua_unemb,0.5,1,9,0.5352,0.29351,0.1382,0.13781,0.01808
121,"In this case, Our customers never",dua_unemb,0.7,1,11,0.71294,0.31199,0.22538,0.22297,0.01986
121,"In this case, Our customers never",dua_unemb,0.9,1,15,0.91635,0.36583,0.45704,0.44867,0.03545
121,"In this case, Our customers never",dua_unemb,0.99,1,21,0.99138,0.45559,0.91716,0.89691,0.04494
121,"In this case, Our customers never",euc_dmd,0.3,1,6,0.34536,0.13061,0.27015,0.26823,0.0648
121,"In this case, Our customers never",euc_dmd,0.5,1,8,0.61107,0.12443,0.38651,0.38259,0.06448
121,"In this case, Our customers never",euc_dmd,0.7,1,9,0.73082,0.13284,0.43891,0.43377,0.06244
121,"In this case, Our customers never",euc_dmd,0.9,1,12,0.9334,0.20132,0.60436,0.59469,0.03673
121,"In this case, Our customers never",euc_dmd,0.99,1,16,0.99197,0.37267,0.95996,0.94193,0.04296
121,"In this case, Our customers never",cau_dmd,0.3,1,7,0.37643,0.12824,0.27158,0.27101,0.06592
121,"In this case, Our customers never",cau_dmd,0.5,1,9,0.60957,0.127,0.3542,0.35231,0.06284
121,"In this case, Our customers never",cau_dmd,0.7,1,10,0.71457,0.13559,0.39063,0.38792,0.05921
121,"In this case, Our customers never",cau_dmd,0.9,1,13,0.91053,0.19777,0.50941,0.50354,0.03669
121,"In this case, Our customers never",cau_dmd,0.99,1,18,0.99009,0.40352,0.88332,0.8694,0.12756
121,"In this case, Our customers never",dua_dmd,0.3,1,6,0.31378,0.25206,0.07348,0.07455,0.02209
121,"In this case, Our customers never",dua_dmd,0.5,1,8,0.5494,0.24738,0.13956,0.13977,0.02699
121,"In this case, Our customers never",dua_dmd,0.7,1,10,0.75076,0.25619,0.22549,0.2241,0.02872
121,"In this case, Our customers never",dua_dmd,0.9,1,13,0.91311,0.2842,0.3788,0.37396,0.0279
121,"In this case, Our customers never",dua_dmd,0.99,1,19,0.99089,0.357,0.74631,0.73222,0.02833
97,"Over time, I still",euc_ctx,0.3,1,35,0.31701,0.11523,1.54899,1.54631,0.25903
97,"Over time, I still",euc_ctx,0.5,1,39,0.54034,0.10103,1.80803,1.80226,0.25821
97,"Over time, I still",euc_ctx,0.7,1,42,0.70203,0.10117,1.95727,1.94885,0.24897
97,"Over time, I still",euc_ctx,0.9,1,48,0.904,0.12134,2.15043,2.13585,0.24704
97,"Over time, I still",euc_ctx,0.99,1,59,0.9915,0.18958,2.41236,2.38397,0.21444
97,"Over time, I still",cau_ctx,0.3,1,69,0.31848,0.07342,2.43697,2.42806,0.26609
97,"Over time, I still",cau_ctx,0.5,1,76,0.5196,0.04209,3.15297,3.13642,0.26595
97,"Over time, I still",cau_ctx,0.7,1,83,0.71506,0.02561,3.89588,3.8705,0.26573
97,"Over time, I still",cau_ctx,0.9,1,94,0.90448,0.01374,5.03318,4.99259,0.24337
97,"Over time, I still",cau_ctx,0.99,1,114,0.9908,0.00583,6.98582,6.91618,0.23181
97,"Over time, I still",dua_ctx,0.3,1,52,0.30292,0.45662,0.52427,0.52081,0.03497
97,"Over time, I still",dua_ctx,0.5,1,62,0.50831,0.44347,0.72984,0.7204,0.04252
97,"Over time, I still",dua_ctx,0.7,1,72,0.70932,0.44404,0.97728,0.95999,0.04409
97,"Over time, I still",dua_ctx,0.9,1,85,0.90539,0.4638,1.36828,1.33813,0.04922
97,"Over time, I still",dua_ctx,0.99,1,100,0.99072,0.50768,1.95595,1.9069,0.04722
97,"Over time, I still",euc_unemb,0.3,1,16,0.32081,0.16537,1.27179,1.27008,0.26724
97,"Over time, I still",euc_unemb,0.5,1,18,0.56804,0.16161,1.45286,1.44824,0.27606
97,"Over time, I still",euc_unemb,0.7,1,20,0.78506,0.18736,1.57835,1.57004,0.27334
97,"Over time, I still",euc_unemb,0.9,1,22,0.91004,0.23642,1.68546,1.67252,0.27197
97,"Over time, I still",euc_unemb,0.99,1,27,0.99219,0.36782,2.14963,2.12074,0.27793
97,"Over time, I still",cau_unemb,0.3,1,18,0.39561,0.13566,1.47761,1.47725,0.26402
97,"Over time, I still",cau_unemb,0.5,1,19,0.50776,0.13436,1.54277,1.54121,0.26281
97,"Over time, I still",cau_unemb,0.7,1,21,0.71768,0.14795,1.6202,1.61587,0.26239
97,"Over time, I still",cau_unemb,0.9,1,24,0.90606,0.20434,1.66978,1.66021,0.24143
97,"Over time, I still",cau_unemb,0.99,1,30,0.99236,0.3602,1.96169,1.93705,0.20634
97,"Over time, I still",dua_unemb,0.3,1,19,0.34044,0.51717,0.36152,0.3611,0.03463
97,"Over time, I still",dua_unemb,0.5,1,22,0.54333,0.52198,0.52679,0.52194,0.02831
97,"Over time, I still",dua_unemb,0.7,1,25,0.71295,0.53494,0.73102,0.72036,0.03178
97,"Over time, I still",dua_unemb,0.9,1,30,0.90044,0.56371,1.15411,1.13105,0.03478
97,"Over time, I still",dua_unemb,0.99,1,37,0.99101,0.6022,1.92448,1.87883,0.17527
97,"Over time, I still",euc_dmd,0.3,1,15,0.42694,0.08687,2.00378,2.00032,0.28811
97,"Over time, I still",euc_dmd,0.5,1,16,0.56346,0.08408,2.16417,2.15884,0.28937
97,"Over time, I still",euc_dmd,0.7,1,18,0.79234,0.0934,2.43828,2.42878,0.28174
97,"Over time, I still",euc_dmd,0.9,1,20,0.917,0.11905,2.65962,2.64538,0.27598
97,"Over time, I still",euc_dmd,0.99,1,25,0.99314,0.22721,3.13251,3.10405,0.20873
97,"Over time, I still",cau_dmd,0.3,1,16,0.39639,0.0827,2.08629,2.08667,0.27976
97,"Over time, I still",cau_dmd,0.5,1,17,0.51993,0.07831,2.25366,2.25241,0.27575
97,"Over time, I still",cau_dmd,0.7,1,19,0.74408,0.08061,2.57605,2.57104,0.26701
97,"Over time, I still",cau_dmd,0.9,1,22,0.92545,0.10365,3.03022,3.01842,0.26569
97,"Over time, I still",cau_dmd,0.99,1,27,0.99241,0.16468,3.73379,3.70811,0.23885
97,"Over time, I still",dua_dmd,0.3,1,16,0.36545,0.43985,0.50422,0.50874,0.04813
97,"Over time, I still",dua_dmd,0.5,1,18,0.55716,0.43079,0.68094,0.68356,0.05589
97,"Over time, I still",dua_dmd,0.7,1,20,0.71828,0.43264,0.87231,0.87224,0.0592
97,"Over time, I still",dua_dmd,0.9,1,24,0.90153,0.45549,1.25129,1.24411,0.06145
97,"Over time, I still",dua_dmd,0.99,1,31,0.99015,0.51438,1.94366,1.92017,0.06071
171,Parents never,euc_ctx,0.3,1,25,0.31075,0.15207,0.90133,0.90066,0.2252
171,Parents never,euc_ctx,0.5,1,29,0.54372,0.14811,1.02971,1.02706,0.22884
171,Parents never,euc_ctx,0.7,1,32,0.70989,0.1636,1.07268,1.06825,0.22616
171,Parents never,euc_ctx,0.9,1,38,0.90931,0.24092,1.08834,1.07946,0.19768
171,Parents never,euc_ctx,0.99,1,49,0.99163,0.47489,1.29533,1.27431,0.17842
171,Parents never,cau_ctx,0.3,1,48,0.31453,0.12261,1.28387,1.28103,0.23064
171,Parents never,cau_ctx,0.5,1,55,0.52534,0.10025,1.62482,1.61811,0.2287
171,Parents never,cau_ctx,0.7,1,62,0.72445,0.08384,2.04395,2.03162,0.2264
171,Parents never,cau_ctx,0.9,1,73,0.90837,0.05752,2.94875,2.92367,0.20099
171,Parents never,cau_ctx,0.99,1,93,0.9903,0.02147,5.11703,5.06165,0.20279
171,Parents never,dua_ctx,0.3,1,35,0.31763,0.41477,0.30444,0.30428,0.12503
171,Parents never,dua_ctx,0.5,1,43,0.52356,0.40747,0.45696,0.45322,0.12737
171,Parents never,dua_ctx,0.7,1,51,0.71698,0.41306,0.65156,0.64272,0.12665
171,Parents never,dua_ctx,0.9,1,62,0.90441,0.44183,0.98904,0.97068,0.17353
171,Parents never,dua_ctx,0.99,1,77,0.99049,0.51106,1.57891,1.54313,0.16102
171,Parents never,euc_unemb,0.3,1,11,0.31954,0.19414,0.70475,0.70469,0.20081
171,Parents never,euc_unemb,0.5,1,13,0.60338,0.20111,0.83535,0.83275,0.21228
171,Parents never,euc_unemb,0.7,1,14,0.73276,0.22212,0.88763,0.88331,0.21066
171,Parents never,euc_unemb,0.9,1,17,0.9415,0.33757,1.1032,1.09151,0.19067
171,Parents never,euc_unemb,0.99,1,21,0.99415,0.48202,1.73387,1.70724,0.17856
171,Parents never,cau_unemb,0.3,1,12,0.31988,0.17842,0.70394,0.70593,0.19567
171,Parents never,cau_unemb,0.5,1,14,0.57409,0.18349,0.7844,0.78469,0.20068
171,Parents never,cau_unemb,0.7,1,16,0.79344,0.22537,0.81841,0.81615,0.20412
171,Parents never,cau_unemb,0.9,1,18,0.9157,0.29751,0.873,0.86707,0.19635
171,Parents never,cau_unemb,0.99,1,23,0.99289,0.47382,1.38194,1.36159,0.16135
171,Parents never,dua_unemb,0.3,1,12,0.31117,0.43821,0.20448,0.20563,0.04579
171,Parents never,dua_unemb,0.5,1,14,0.51524,0.44391,0.30554,0.30449,0.04786
171,Parents never,dua_unemb,0.7,1,17,0.77143,0.47481,0.50747,0.50138,0.15325
171,Parents never,dua_unemb,0.9,1,20,0.91358,0.51869,0.76437,0.75157,0.15728
171,Parents never,dua_unemb,0.99,1,26,0.99268,0.61141,1.40733,1.37757,0.0447
171,Parents never,euc_dmd,0.3,1,11,0.35438,0.10347,1.19812,1.19599,0.23169
171,Parents never,euc_dmd,0.5,1,13,0.64391,0.10203,1.38323,1.37802,0.23114
171,Parents never,euc_dmd,0.7,1,14,0.76594,0.11265,1.44403,1.43705,0.2268
171,Parents never,euc_dmd,0.9,1,16,0.91403,0.15619,1.54308,1.53209,0.22482
171,Parents never,euc_dmd,0.99,1,20,0.99083,0.32218,1.82311,1.80188,0.23275
171,Parents never,cau_dmd,0.3,1,13,0.404,0.09822,1.2306,1.23053,0.2284
171,Parents never,cau_dmd,0.5,1,14,0.52976,0.09783,1.28389,1.28278,0.22886
171,Parents never,cau_dmd,0.7,1,16,0.75565,0.11428,1.35036,1.34685,0.22438
171,Parents never,cau_dmd,0.9,1,19,0.93262,0.18529,1.43702,1.42903,0.21027
171,Parents never,cau_dmd,0.99,1,23,0.99001,0.36311,1.68069,1.66452,0.23264
171,Parents never,dua_dmd,0.3,1,12,0.41102,0.36578,0.32094,0.32277,0.04389
171,Parents never,dua_dmd,0.5,1,13,0.52864,0.36326,0.37918,0.38008,0.07222
171,Parents never,dua_dmd,0.7,1,15,0.72673,0.36969,0.50545,0.50389,0.07547
171,Parents never,dua_dmd,0.9,1,19,0.92532,0.40891,0.79404,0.78578,0.08587
171,Parents never,dua_dmd,0.99,1,25,0.99195,0.48908,1.3221,1.30049,0.17137
165,"Every day, Most doctors sometimes",euc_ctx,0.3,1,17,0.33385,0.35206,0.31732,0.32307,0.05152
165,"Every day, Most doctors sometimes",euc_ctx,0.5,1,21,0.54933,0.35476,0.49574,0.5005,0.05416
165,"Every day, Most doctors sometimes",euc_ctx,0.7,1,24,0.70334,0.37359,0.65317,0.65639,0.20016
165,"Every day, Most doctors sometimes",euc_ctx,0.9,1,31,0.91761,0.45104,1.11458,1.11174,0.20434
165,"Every day, Most doctors sometimes",euc_ctx,0.99,1,41,0.99008,0.54703,2.00307,1.9877,0.21096
165,"Every day, Most doctors sometimes",cau_ctx,0.3,1,33,0.30538,0.31184,0.49699,0.5028,0.04495
165,"Every day, Most doctors sometimes",cau_ctx,0.5,1,41,0.51853,0.26305,0.87038,0.8738,0.14827
165,"Every day, Most doctors sometimes",cau_ctx,0.7,1,48,0.70299,0.22137,1.32018,1.31958,0.19361
165,"Every day, Most doctors sometimes",cau_ctx,0.9,1,60,0.90206,0.15396,2.33774,2.32654,0.21877
165,"Every day, Most doctors sometimes",cau_ctx,0.99,1,81,0.99033,0.06852,4.57305,4.5371,0.24411
165,"Every day, Most doctors sometimes",dua_ctx,0.3,1,28,0.30519,0.40517,0.28676,0.29121,0.02469
165,"Every day, Most doctors sometimes",dua_ctx,0.5,1,38,0.50128,0.39193,0.545,0.54627,0.02794
165,"Every day, Most doctors sometimes",dua_ctx,0.7,1,49,0.71457,0.38568,0.92852,0.92387,0.04589
165,"Every day, Most doctors sometimes",dua_ctx,0.9,1,63,0.90893,0.39494,1.58658,1.57103,0.15048
165,"Every day, Most doctors sometimes",dua_ctx,0.99,1,80,0.99123,0.42715,2.77302,2.73916,0.20405
165,"Every day, Most doctors sometimes",euc_unemb,0.3,1,7,0.34642,0.3714,0.16875,0.17307,0.03473
165,"Every day, Most doctors sometimes",euc_unemb,0.5,1,9,0.61738,0.40572,0.33225,0.33506,0.05725
165,"Every day, Most doctors sometimes",euc_unemb,0.7,1,10,0.7382,0.43688,0.45676,0.45799,0.06422
165,"Every day, Most doctors sometimes",euc_unemb,0.9,1,13,0.938,0.53757,1.02329,1.01656,0.226
165,"Every day, Most doctors sometimes",euc_unemb,0.99,1,17,0.99308,0.60245,2.06735,2.04555,0.2501
165,"Every day, Most doctors sometimes",cau_unemb,0.3,1,8,0.3845,0.34065,0.22717,0.23268,0.04976
165,"Every day, Most doctors sometimes",cau_unemb,0.5,1,9,0.50787,0.34958,0.29276,0.2979,0.05282
165,"Every day, Most doctors sometimes",cau_unemb,0.7,1,11,0.73787,0.39439,0.46851,0.47175,0.18256
165,"Every day, Most doctors sometimes",cau_unemb,0.9,1,14,0.92677,0.49384,0.88128,0.87871,0.22687
165,"Every day, Most doctors sometimes",cau_unemb,0.99,1,19,0.99354,0.59814,1.90358,1.88624,0.24193
165,"Every day, Most doctors sometimes",dua_unemb,0.3,1,8,0.34908,0.42302,0.12396,0.12749,0.02311
165,"Every day, Most doctors sometimes",dua_unemb,0.5,1,10,0.53592,0.43469,0.2229,0.22535,0.0275
165,"Every day, Most doctors sometimes",dua_unemb,0.7,1,12,0.70151,0.45329,0.36028,0.36066,0.04398
165,"Every day, Most doctors sometimes",dua_unemb,0.9,1,16,0.90279,0.49823,0.76302,0.75652,0.1353
165,"Every day, Most doctors sometimes",dua_unemb,0.99,1,23,0.99312,0.56068,1.94694,1.92114,0.23951
165,"Every day, Most doctors sometimes",euc_dmd,0.3,1,7,0.38278,0.34437,0.25045,0.25584,0.0542
165,"Every day, Most doctors sometimes",euc_dmd,0.5,1,8,0.52448,0.3574,0.3334,0.33834,0.05653
165,"Every day, Most doctors sometimes",euc_dmd,0.7,1,10,0.7771,0.42262,0.5595,0.56204,0.20518
165,"Every day, Most doctors sometimes",euc_dmd,0.9,1,12,0.91661,0.51735,0.89082,0.88895,0.22483
165,"Every day, Most doctors sometimes",euc_dmd,0.99,1,16,0.9908,0.66874,1.82728,1.81244,0.25236
165,"Every day, Most doctors sometimes",cau_dmd,0.3,1,8,0.38821,0.31004,0.31022,0.3171,0.0578
165,"Every day, Most doctors sometimes",cau_dmd,0.5,1,9,0.51052,0.31712,0.38304,0.38969,0.05755
165,"Every day, Most doctors sometimes",cau_dmd,0.7,1,11,0.73674,0.36,0.56415,0.5693,0.22574
165,"Every day, Most doctors sometimes",cau_dmd,0.9,1,14,0.92346,0.467,0.97554,0.97575,0.24283
165,"Every day, Most doctors sometimes",cau_dmd,0.99,1,19,0.99237,0.59942,2.02171,2.00854,0.25346
165,"Every day, Most doctors sometimes",dua_dmd,0.3,1,7,0.32386,0.39959,0.12514,0.13007,0.03086
165,"Every day, Most doctors sometimes",dua_dmd,0.5,1,9,0.54639,0.40426,0.22917,0.23405,0.03532
165,"Every day, Most doctors sometimes",dua_dmd,0.7,1,11,0.73567,0.42015,0.36094,0.36498,0.03518
165,"Every day, Most doctors sometimes",dua_dmd,0.9,1,15,0.92684,0.46811,0.69792,0.69833,0.19023
165,"Every day, Most doctors sometimes",dua_dmd,0.99,1,21,0.99165,0.54264,1.46525,1.45575,0.206
242,"At work, Many people generally",euc_ctx,0.3,1,26,0.33677,0.52469,0.37452,0.38184,0.01868
242,"At work, Many people generally",euc_ctx,0.5,1,30,0.54528,0.52452,0.47647,0.48217,0.02571
242,"At work, Many people generally",euc_ctx,0.7,1,34,0.7387,0.5554,0.57236,0.57521,0.03078
242,"At work, Many people generally",euc_ctx,0.9,1,40,0.91066,0.63383,0.73595,0.73251,0.03306
242,"At work, Many people generally",euc_ctx,0.99,1,51,0.99059,0.75205,1.18126,1.16246,0.04286
242,"At work, Many people generally",cau_ctx,0.3,1,48,0.3158,0.33884,1.02216,1.02621,0.13958
242,"At work, Many people generally",cau_ctx,0.5,1,55,0.50824,0.21904,1.57658,1.57487,0.14282
242,"At work, Many people generally",cau_ctx,0.7,1,63,0.7226,0.13216,2.29506,2.28464,0.15193
242,"At work, Many people generally",cau_ctx,0.9,1,74,0.90344,0.07331,3.30034,3.2761,0.15679
242,"At work, Many people generally",cau_ctx,0.99,1,95,0.99107,0.03054,5.16908,5.11659,0.19653
242,"At work, Many people generally",dua_ctx,0.3,1,40,0.30966,0.62988,0.30271,0.30738,0.00832
242,"At work, Many people generally",dua_ctx,0.5,1,51,0.50813,0.61573,0.49921,0.49932,0.00999
242,"At work, Many people generally",dua_ctx,0.7,1,62,0.70081,0.61123,0.76125,0.75433,0.01458
242,"At work, Many people generally",dua_ctx,0.9,1,78,0.9048,0.62572,1.25684,1.23542,0.02605
242,"At work, Many people generally",dua_ctx,0.99,1,97,0.99124,0.66288,2.0489,2.00359,0.04293
242,"At work, Many people generally",euc_unemb,0.3,1,12,0.40433,0.50948,0.37722,0.38161,0.05836
242,"At work, Many people generally",euc_unemb,0.5,1,13,0.52602,0.50897,0.4413,0.44436,0.12596
242,"At work, Many people generally",euc_unemb,0.7,1,15,0.74758,0.5304,0.60319,0.60221,0.12164
242,"At work, Many people generally",euc_unemb,0.9,1,18,0.92772,0.58379,0.94759,0.93765,0.16762
242,"At work, Many people generally",euc_unemb,0.99,1,23,0.99314,0.63175,1.7021,1.67317,0.18978
242,"At work, Many people generally",cau_unemb,0.3,1,13,0.3898,0.47978,0.4194,0.42589,0.13382
242,"At work, Many people generally",cau_unemb,0.5,1,15,0.60465,0.48695,0.5065,0.51079,0.13568
242,"At work, Many people generally",cau_unemb,0.7,1,16,0.70229,0.50135,0.55539,0.55808,0.13686
242,"At work, Many people generally",cau_unemb,0.9,1,20,0.92888,0.58865,0.84011,0.83358,0.08516
242,"At work, Many people generally",cau_unemb,0.99,1,25,0.99062,0.66292,1.38261,1.36066,0.09138
242,"At work, Many people generally",dua_unemb,0.3,1,13,0.31541,0.63584,0.15737,0.16154,0.01045
242,"At work, Many people generally",dua_unemb,0.5,1,16,0.52078,0.63948,0.25831,0.25977,0.01504
242,"At work, Many people generally",dua_unemb,0.7,1,19,0.70104,0.65208,0.39749,0.39443,0.056
242,"At work, Many people generally",dua_unemb,0.9,1,25,0.91787,0.68513,0.81441,0.79725,0.06215
242,"At work, Many people generally",dua_unemb,0.99,1,32,0.99045,0.70889,1.5644,1.52397,0.15096
242,"At work, Many people generally",euc_dmd,0.3,1,11,0.36522,0.4589,0.51395,0.52035,0.13536
242,"At work, Many people generally",euc_dmd,0.5,1,13,0.61158,0.45819,0.66407,0.6678,0.06953
242,"At work, Many people generally",euc_dmd,0.7,1,14,0.72151,0.47318,0.75022,0.752,0.06852
242,"At work, Many people generally",euc_dmd,0.9,1,17,0.91867,0.54956,1.08069,1.07457,0.05824
242,"At work, Many people generally",euc_dmd,0.99,1,22,0.99193,0.65256,1.82356,1.80007,0.06047
242,"At work, Many people generally",cau_dmd,0.3,1,12,0.33445,0.44157,0.60512,0.61407,0.15136
242,"At work, Many people generally",cau_dmd,0.5,1,14,0.54754,0.43615,0.73518,0.74235,0.08071
242,"At work, Many people generally",cau_dmd,0.7,1,16,0.74197,0.46291,0.89377,0.89793,0.07677
242,"At work, Many people generally",cau_dmd,0.9,1,19,0.91158,0.53476,1.21695,1.21455,0.07831
242,"At work, Many people generally",cau_dmd,0.99,1,25,0.99209,0.64311,2.10214,2.082,0.07265
242,"At work, Many people generally",dua_dmd,0.3,1,11,0.31761,0.60296,0.21592,0.22232,0.01701
242,"At work, Many people generally",dua_dmd,0.5,1,13,0.50264,0.59358,0.32129,0.32691,0.02091
242,"At work, Many people generally",dua_dmd,0.7,1,16,0.73406,0.59698,0.51445,0.5174,0.02616
242,"At work, Many people generally",dua_dmd,0.9,1,21,0.91773,0.62819,0.91302,0.9082,0.04226
242,"At work, Many people generally",dua_dmd,0.99,1,30,0.99228,0.69312,1.84012,1.81322,0.054
185,"Honestly, Most doctors also",euc_ctx,0.3,1,20,0.3144,0.34567,0.39428,0.40057,0.07006
185,"Honestly, Most doctors also",euc_ctx,0.5,1,24,0.5433,0.34458,0.55289,0.55795,0.19663
185,"Honestly, Most doctors also",euc_ctx,0.7,1,27,0.70839,0.36606,0.67736,0.68067,0.20818
185,"Honestly, Most doctors also",euc_ctx,0.9,1,33,0.90988,0.44669,0.97498,0.97281,0.23191
185,"Honestly, Most doctors also",euc_ctx,0.99,1,43,0.99074,0.56959,1.70691,1.69138,0.25825
185,"Honestly, Most doctors also",cau_ctx,0.3,1,37,0.30241,0.34661,0.65619,0.66442,0.16302
185,"Honestly, Most doctors also",cau_ctx,0.5,1,44,0.51497,0.26966,1.11692,1.12184,0.1785
185,"Honestly, Most doctors also",cau_ctx,0.7,1,51,0.72232,0.19852,1.74406,1.7431,0.18932
185,"Honestly, Most doctors also",cau_ctx,0.9,1,61,0.90347,0.12328,2.8291,2.81658,0.21758
185,"Honestly, Most doctors also",cau_ctx,0.99,1,80,0.99072,0.04896,5.12591,5.08719,0.23819
185,"Honestly, Most doctors also",dua_ctx,0.3,1,33,0.30744,0.45455,0.31556,0.31913,0.06266
185,"Honestly, Most doctors also",dua_ctx,0.5,1,44,0.5163,0.44559,0.58862,0.58706,0.06526
185,"Honestly, Most doctors also",dua_ctx,0.7,1,55,0.71271,0.44786,0.95708,0.94757,0.19339
185,"Honestly, Most doctors also",dua_ctx,0.9,1,71,0.90831,0.47061,1.65994,1.63456,0.20324
185,"Honestly, Most doctors also",dua_ctx,0.99,1,91,0.99136,0.51008,2.88878,2.83776,0.23412
185,"Honestly, Most doctors also",euc_unemb,0.3,1,9,0.38134,0.33463,0.37029,0.37361,0.13567
185,"Honestly, Most doctors also",euc_unemb,0.5,1,10,0.52046,0.33999,0.44941,0.45168,0.15413
185,"Honestly, Most doctors also",euc_unemb,0.7,1,12,0.77094,0.3846,0.64524,0.64399,0.1799
185,"Honestly, Most doctors also",euc_unemb,0.9,1,14,0.91255,0.45327,0.92282,0.91618,0.20584
185,"Honestly, Most doctors also",euc_unemb,0.99,1,18,0.9901,0.55315,1.72961,1.70815,0.22829
185,"Honestly, Most doctors also",cau_unemb,0.3,1,10,0.41538,0.29462,0.46291,0.46803,0.1939
185,"Honestly, Most doctors also",cau_unemb,0.5,1,11,0.5434,0.29871,0.53444,0.53875,0.20689
185,"Honestly, Most doctors also",cau_unemb,0.7,1,13,0.76871,0.33656,0.68308,0.68479,0.2123
185,"Honestly, Most doctors also",cau_unemb,0.9,1,15,0.90212,0.40114,0.86956,0.86734,0.197
185,"Honestly, Most doctors also",cau_unemb,0.99,1,20,0.99128,0.54682,1.6134,1.59687,0.20817
185,"Honestly, Most doctors also",dua_unemb,0.3,1,11,0.36915,0.46939,0.1483,0.15084,0.01199
185,"Honestly, Most doctors also",dua_unemb,0.5,1,13,0.52096,0.48009,0.22236,0.22304,0.01327
185,"Honestly, Most doctors also",dua_unemb,0.7,1,16,0.71058,0.50329,0.38213,0.37833,0.01855
185,"Honestly, Most doctors also",dua_unemb,0.9,1,21,0.90035,0.54557,0.78818,0.77303,0.16351
185,"Honestly, Most doctors also",dua_unemb,0.99,1,29,0.99344,0.60165,1.8313,1.79061,0.21212
185,"Honestly, Most doctors also",euc_dmd,0.3,1,8,0.34498,0.29025,0.51813,0.52329,0.17057
185,"Honestly, Most doctors also",euc_dmd,0.5,1,10,0.63789,0.29329,0.73224,0.73506,0.17716
185,"Honestly, Most doctors also",euc_dmd,0.7,1,11,0.76221,0.31439,0.84151,0.84251,0.18259
185,"Honestly, Most doctors also",euc_dmd,0.9,1,13,0.91298,0.38176,1.09811,1.09422,0.17916
185,"Honestly, Most doctors also",euc_dmd,0.99,1,17,0.99072,0.51645,1.83782,1.82041,0.17267
185,"Honestly, Most doctors also",cau_dmd,0.3,1,9,0.37791,0.25497,0.69654,0.70398,0.21043
185,"Honestly, Most doctors also",cau_dmd,0.5,1,10,0.51019,0.2502,0.8031,0.80981,0.21402
185,"Honestly, Most doctors also",cau_dmd,0.7,1,12,0.75076,0.27166,1.00873,1.013,0.1995
185,"Honestly, Most doctors also",cau_dmd,0.9,1,15,0.93426,0.35473,1.38438,1.3827,0.2457
185,"Honestly, Most doctors also",cau_dmd,0.99,1,19,0.99053,0.46506,2.10695,2.09399,0.24
185,"Honestly, Most doctors also",dua_dmd,0.3,1,9,0.37077,0.43246,0.20533,0.21021,0.14744
185,"Honestly, Most doctors also",dua_dmd,0.5,1,11,0.59495,0.43619,0.32164,0.32551,0.19321
185,"Honestly, Most doctors also",dua_dmd,0.7,1,13,0.77639,0.45176,0.46395,0.46581,0.20913
185,"Honestly, Most doctors also",dua_dmd,0.9,1,16,0.9256,0.48614,0.74051,0.73771,0.2137
185,"Honestly, Most doctors also",dua_dmd,0.99,1,21,0.99139,0.54659,1.43835,1.42425,0.22883
156,"Every day, We generally",euc_ctx,0.3,1,30,0.33433,0.59501,0.41701,0.42555,0.04401
156,"Every day, We generally",euc_ctx,0.5,1,34,0.55422,0.59531,0.55218,0.55852,0.04995
156,"Every day, We generally",euc_ctx,0.7,1,37,0.70999,0.6134,0.65814,0.6618,0.11592
156,"Every day, We generally",euc_ctx,0.9,1,43,0.90409,0.67255,0.89617,0.89222,0.13492
156,"Every day, We generally",euc_ctx,0.99,1,54,0.99085,0.75383,1.46727,1.44517,0.13793
156,"Every day, We generally",cau_ctx,0.3,1,58,0.30665,0.31813,1.47743,1.4774,0.13328
156,"Every day, We generally",cau_ctx,0.5,1,65,0.50198,0.19071,2.18775,2.18003,0.13854
156,"Every day, We generally",cau_ctx,0.7,1,73,0.72238,0.11033,3.05011,3.03172,0.14425
156,"Every day, We generally",cau_ctx,0.9,1,84,0.90671,0.06227,4.19354,4.15912,0.15221
156,"Every day, We generally",cau_ctx,0.99,1,104,0.9911,0.03066,6.1555,6.09077,0.15972
156,"Every day, We generally",dua_ctx,0.3,1,43,0.30981,0.6637,0.38007,0.3847,0.03976
156,"Every day, We generally",dua_ctx,0.5,1,54,0.51868,0.64615,0.63373,0.63244,0.02149
156,"Every day, We generally",dua_ctx,0.7,1,64,0.70629,0.63671,0.93543,0.92634,0.02851
156,"Every day, We generally",dua_ctx,0.9,1,78,0.90564,0.63987,1.47163,1.44769,0.10853
156,"Every day, We generally",dua_ctx,0.99,1,94,0.99083,0.66521,2.26973,2.22262,0.11872
156,"Every day, We generally",euc_unemb,0.3,1,12,0.30467,0.57645,0.30168,0.31011,0.04589
156,"Every day, We generally",euc_unemb,0.5,1,14,0.57662,0.58213,0.49693,0.50278,0.13058
156,"Every day, We generally",euc_unemb,0.7,1,15,0.70611,0.59643,0.63598,0.63956,0.14297
156,"Every day, We generally",euc_unemb,0.9,1,18,0.92963,0.64775,1.17585,1.1693,0.15856
156,"Every day, We generally",euc_unemb,0.99,1,22,0.99226,0.67665,1.98202,1.95811,0.16664
156,"Every day, We generally",cau_unemb,0.3,1,14,0.38935,0.5244,0.40538,0.41572,0.06087
156,"Every day, We generally",cau_unemb,0.5,1,15,0.51348,0.52917,0.47554,0.48492,0.11056
156,"Every day, We generally",cau_unemb,0.7,1,17,0.7426,0.56165,0.658,0.66401,0.1375
156,"Every day, We generally",cau_unemb,0.9,1,20,0.92831,0.62642,1.03406,1.03187,0.14699
156,"Every day, We generally",cau_unemb,0.99,1,25,0.99357,0.67569,1.79875,1.77863,0.1556
156,"Every day, We generally",dua_unemb,0.3,1,14,0.36858,0.65671,0.21448,0.22061,0.04122
156,"Every day, We generally",dua_unemb,0.5,1,16,0.53847,0.66398,0.32112,0.32544,0.04564
156,"Every day, We generally",dua_unemb,0.7,1,19,0.76049,0.6837,0.54478,0.54436,0.06476
156,"Every day, We generally",dua_unemb,0.9,1,22,0.90324,0.7061,0.84831,0.84053,0.11163
156,"Every day, We generally",dua_unemb,0.99,1,28,0.99273,0.73324,1.64286,1.61378,0.11961
156,"Every day, We generally",euc_dmd,0.3,1,12,0.30928,0.51354,0.48049,0.49119,0.12131
156,"Every day, We generally",euc_dmd,0.5,1,14,0.57757,0.51996,0.6908,0.69928,0.13992
156,"Every day, We generally",euc_dmd,0.7,1,15,0.70439,0.53997,0.82729,0.83382,0.14621
156,"Every day, We generally",euc_dmd,0.9,1,18,0.92568,0.62733,1.35212,1.34986,0.15684
156,"Every day, We generally",euc_dmd,0.99,1,22,0.99093,0.70891,2.17533,2.15744,0.17421
156,"Every day, We generally",cau_dmd,0.3,1,14,0.30061,0.47034,0.64831,0.66128,0.15575
156,"Every day, We generally",cau_dmd,0.5,1,16,0.51791,0.47149,0.80837,0.81988,0.16046
156,"Every day, We generally",cau_dmd,0.7,1,18,0.72631,0.50224,1.02444,1.03297,0.16604
156,"Every day, We generally",cau_dmd,0.9,1,21,0.9098,0.56957,1.46487,1.46631,0.17285
156,"Every day, We generally",cau_dmd,0.99,1,27,0.9927,0.63898,2.57632,2.55826,0.1779
156,"Every day, We generally",dua_dmd,0.3,1,13,0.33905,0.61277,0.28814,0.29687,0.02603
156,"Every day, We generally",dua_dmd,0.5,1,15,0.50987,0.60809,0.41457,0.42262,0.11022
156,"Every day, We generally",dua_dmd,0.7,1,18,0.71846,0.61495,0.63532,0.64115,0.13581
156,"Every day, We generally",dua_dmd,0.9,1,23,0.91581,0.64829,1.08165,1.08058,0.14868
156,"Every day, We generally",dua_dmd,0.99,1,30,0.99218,0.70401,1.90901,1.89076,0.15913
202,People typically,euc_ctx,0.3,1,40,0.30561,0.31799,1.06098,1.06242,0.19628
202,People typically,euc_ctx,0.5,1,44,0.55186,0.32439,1.27314,1.27138,0.20436
202,People typically,euc_ctx,0.7,1,47,0.72594,0.35804,1.41562,1.41064,0.20804
202,People typically,euc_ctx,0.9,1,52,0.90361,0.45222,1.65983,1.64784,0.24481
202,People typically,euc_ctx,0.99,1,62,0.99105,0.6262,2.37018,2.33931,0.24075
202,People typically,cau_ctx,0.3,1,77,0.31826,0.0055,5.96586,5.92136,0.16962
202,People typically,cau_ctx,0.5,1,83,0.52499,0.00245,7.07399,7.01786,0.16822
202,People typically,cau_ctx,0.7,1,89,0.72568,0.00133,8.1062,8.03844,0.19405
202,People typically,cau_ctx,0.9,1,98,0.90909,0.00071,9.52437,9.43927,0.2122
202,People typically,cau_ctx,0.99,1,114,0.99113,0.00036,11.8111,11.69703,0.22277
202,People typically,dua_ctx,0.3,1,52,0.31061,0.51999,0.59264,0.59224,0.05768
202,People typically,dua_ctx,0.5,1,61,0.51431,0.51711,0.88777,0.88061,0.0663
202,People typically,dua_ctx,0.7,1,70,0.70581,0.52417,1.29069,1.27423,0.07103
202,People typically,dua_ctx,0.9,1,83,0.90459,0.54952,2.05147,2.01725,0.08775
202,People typically,dua_ctx,0.99,1,98,0.99124,0.5926,3.20274,3.14165,0.09696
202,People typically,euc_unemb,0.3,1,17,0.3434,0.23107,0.93666,0.9389,0.21069
202,People typically,euc_unemb,0.5,1,19,0.64872,0.25114,1.11201,1.1105,0.21059
202,People typically,euc_unemb,0.7,1,20,0.77597,0.27881,1.21477,1.21062,0.16431
202,People typically,euc_unemb,0.9,1,22,0.92383,0.35218,1.48972,1.4787,0.15065
202,People typically,euc_unemb,0.99,1,26,0.99316,0.46106,2.31167,2.2821,0.10362
202,People typically,cau_unemb,0.3,1,19,0.36321,0.16476,1.25101,1.25375,0.21911
202,People typically,cau_unemb,0.5,1,21,0.63172,0.18067,1.34352,1.3434,0.21601
202,People typically,cau_unemb,0.7,1,22,0.7476,0.2021,1.38098,1.379,0.21374
202,People typically,cau_unemb,0.9,1,25,0.93738,0.30714,1.55834,1.54883,0.17819
202,People typically,cau_unemb,0.99,1,29,0.992,0.44574,2.07209,2.04821,0.08797
202,People typically,dua_unemb,0.3,1,19,0.38486,0.48135,0.35629,0.3602,0.02255
202,People typically,dua_unemb,0.5,1,21,0.5659,0.48886,0.47784,0.47905,0.02415
202,People typically,dua_unemb,0.7,1,23,0.72525,0.50333,0.62924,0.62666,0.03305
202,People typically,dua_unemb,0.9,1,27,0.92482,0.54185,1.03809,1.02444,0.05471
202,People typically,dua_unemb,0.99,1,32,0.99223,0.58236,1.77002,1.73682,0.05644
202,People typically,euc_dmd,0.3,1,17,0.4158,0.1728,1.53149,1.53429,0.22543
202,People typically,euc_dmd,0.5,1,18,0.56885,0.17947,1.65158,1.65255,0.1901
202,People typically,euc_dmd,0.7,1,19,0.70882,0.19719,1.77099,1.76975,0.18839
202,People typically,euc_dmd,0.9,1,22,0.93698,0.30092,2.20644,2.19617,0.21983
202,People typically,euc_dmd,0.99,1,26,0.99364,0.4424,3.06892,3.04165,0.26229
202,People typically,cau_dmd,0.3,1,19,0.34804,0.1398,1.97738,1.98212,0.23697
202,People typically,cau_dmd,0.5,1,21,0.60347,0.15089,2.19174,2.19359,0.22857
202,People typically,cau_dmd,0.7,1,22,0.71888,0.16639,2.30371,2.3037,0.22857
202,People typically,cau_dmd,0.9,1,25,0.92261,0.24159,2.73978,2.73215,0.24975
202,People typically,cau_dmd,0.99,1,30,0.99328,0.34852,3.87959,3.8531,0.25405
202,People typically,dua_dmd,0.3,1,17,0.32202,0.44631,0.47642,0.48418,0.03821
202,People typically,dua_dmd,0.5,1,19,0.51718,0.4422,0.65318,0.65939,0.04682
202,People typically,dua_dmd,0.7,1,22,0.7559,0.45218,0.97388,0.9762,0.05329
202,People typically,dua_dmd,0.9,1,26,0.92709,0.48509,1.48657,1.48088,0.0798
202,People typically,dua_dmd,0.99,1,32,0.99185,0.54648,2.42013,2.39669,0.08871
7,"Lately, Many people sometimes",euc_ctx,0.3,1,13,0.31186,0.44258,0.22844,0.23382,0.02568
7,"Lately, Many people sometimes",euc_ctx,0.5,1,17,0.55493,0.44128,0.39354,0.39792,0.0498
7,"Lately, Many people sometimes",euc_ctx,0.7,1,20,0.72686,0.46407,0.54056,0.54308,0.05441
7,"Lately, Many people sometimes",euc_ctx,0.9,1,25,0.90382,0.52976,0.83883,0.83641,0.07858
7,"Lately, Many people sometimes",euc_ctx,0.99,1,35,0.99147,0.64591,1.64406,1.62756,0.08822
7,"Lately, Many people sometimes",cau_ctx,0.3,1,26,0.31104,0.47492,0.37174,0.37857,0.12177
7,"Lately, Many people sometimes",cau_ctx,0.5,1,33,0.52349,0.44956,0.63047,0.63606,0.1312
7,"Lately, Many people sometimes",cau_ctx,0.7,1,39,0.70243,0.43666,0.91615,0.91925,0.14774
7,"Lately, Many people sometimes",cau_ctx,0.9,1,50,0.90648,0.4102,1.61124,1.60656,0.13618
7,"Lately, Many people sometimes",cau_ctx,0.99,1,68,0.99034,0.2943,3.21533,3.19133,0.16452
7,"Lately, Many people sometimes",dua_ctx,0.3,1,24,0.31359,0.5047,0.2444,0.2485,0.09742
7,"Lately, Many people sometimes",dua_ctx,0.5,1,33,0.50037,0.49493,0.4785,0.47973,0.10625
7,"Lately, Many people sometimes",dua_ctx,0.7,1,43,0.70716,0.49097,0.8511,0.84654,0.04053
7,"Lately, Many people sometimes",dua_ctx,0.9,1,56,0.90686,0.50455,1.52226,1.50631,0.0568
7,"Lately, Many people sometimes",dua_ctx,0.99,1,71,0.99068,0.54382,2.58842,2.55405,0.05832
7,"Lately, Many people sometimes",euc_unemb,0.3,1,6,0.39008,0.45464,0.18169,0.18561,0.04149
7,"Lately, Many people sometimes",euc_unemb,0.5,1,7,0.5408,0.46611,0.26061,0.26366,0.04008
7,"Lately, Many people sometimes",euc_unemb,0.7,1,9,0.80002,0.51869,0.49984,0.49905,0.13042
7,"Lately, Many people sometimes",euc_unemb,0.9,1,11,0.93155,0.57562,0.86228,0.85515,0.13503
7,"Lately, Many people sometimes",euc_unemb,0.99,1,15,0.99369,0.62364,1.82227,1.79858,0.15452
7,"Lately, Many people sometimes",cau_unemb,0.3,1,6,0.32617,0.42289,0.169,0.17435,0.04011
7,"Lately, Many people sometimes",cau_unemb,0.5,1,8,0.59676,0.43739,0.29827,0.30261,0.056
7,"Lately, Many people sometimes",cau_unemb,0.7,1,9,0.72103,0.46083,0.38417,0.38722,0.10805
7,"Lately, Many people sometimes",cau_unemb,0.9,1,12,0.93192,0.55098,0.76996,0.76617,0.13365
7,"Lately, Many people sometimes",cau_unemb,0.99,1,16,0.99201,0.61583,1.53651,1.5194,0.14199
7,"Lately, Many people sometimes",dua_unemb,0.3,1,7,0.39056,0.5148,0.13451,0.13704,0.10529
7,"Lately, Many people sometimes",dua_unemb,0.5,1,9,0.59547,0.52956,0.25263,0.25352,0.11124
7,"Lately, Many people sometimes",dua_unemb,0.7,1,11,0.76542,0.55238,0.41981,0.41787,0.13099
7,"Lately, Many people sometimes",dua_unemb,0.9,1,14,0.91678,0.59279,0.76917,0.76086,0.14974
7,"Lately, Many people sometimes",dua_unemb,0.99,1,19,0.99044,0.64964,1.59095,1.56748,0.15788
7,"Lately, Many people sometimes",euc_dmd,0.3,1,6,0.4194,0.41316,0.25958,0.26465,0.04623
7,"Lately, Many people sometimes",euc_dmd,0.5,1,7,0.57523,0.42302,0.35378,0.35807,0.04917
7,"Lately, Many people sometimes",euc_dmd,0.7,1,8,0.71727,0.44753,0.4677,0.47055,0.07738
7,"Lately, Many people sometimes",euc_dmd,0.9,1,11,0.94304,0.55826,0.9621,0.95717,0.08718
7,"Lately, Many people sometimes",euc_dmd,0.99,1,14,0.99067,0.6375,1.65025,1.63422,0.09386
7,"Lately, Many people sometimes",cau_dmd,0.3,1,6,0.32376,0.39048,0.24488,0.2517,0.04192
7,"Lately, Many people sometimes",cau_dmd,0.5,1,8,0.59098,0.39607,0.40828,0.41449,0.05077
7,"Lately, Many people sometimes",cau_dmd,0.7,1,9,0.71435,0.41697,0.51003,0.51522,0.08616
7,"Lately, Many people sometimes",cau_dmd,0.9,1,12,0.92725,0.51539,0.93673,0.93619,0.0862
7,"Lately, Many people sometimes",cau_dmd,0.99,1,16,0.99073,0.61483,1.76425,1.75184,0.09304
7,"Lately, Many people sometimes",dua_dmd,0.3,1,6,0.37274,0.48374,0.15311,0.15736,0.03314
7,"Lately, Many people sometimes",dua_dmd,0.5,1,7,0.50068,0.48336,0.2235,0.22763,0.03414
7,"Lately, Many people sometimes",dua_dmd,0.7,1,9,0.72281,0.49367,0.40099,0.40409,0.04086
7,"Lately, Many people sometimes",dua_dmd,0.9,1,12,0.90557,0.52527,0.7356,0.73542,0.07619
7,"Lately, Many people sometimes",dua_dmd,0.99,1,18,0.99244,0.60043,1.62319,1.61115,0.08609
55,"Honestly, Farmers really",euc_ctx,0.3,1,13,0.30433,0.30492,0.21036,0.2142,0.0374
55,"Honestly, Farmers really",euc_ctx,0.5,1,17,0.52267,0.30358,0.36781,0.37109,0.04231
55,"Honestly, Farmers really",euc_ctx,0.7,1,21,0.73229,0.32566,0.57377,0.57535,0.2675
55,"Honestly, Farmers really",euc_ctx,0.9,1,27,0.91486,0.38233,0.99695,0.9939,0.236
55,"Honestly, Farmers really",euc_ctx,0.99,1,37,0.99039,0.45182,1.97773,1.96326,0.25431
55,"Honestly, Farmers really",cau_ctx,0.3,1,23,0.30993,0.35861,0.28931,0.29585,0.2071
55,"Honestly, Farmers really",cau_ctx,0.5,1,30,0.52795,0.35981,0.52626,0.53247,0.26824
55,"Honestly, Farmers really",cau_ctx,0.7,1,36,0.709,0.37353,0.79888,0.80361,0.29454
55,"Honestly, Farmers really",cau_ctx,0.9,1,47,0.90943,0.408,1.46577,1.46519,0.31472
55,"Honestly, Farmers really",cau_ctx,0.99,1,66,0.99093,0.41128,2.99212,2.97747,0.33995
55,"Honestly, Farmers really",dua_ctx,0.3,1,25,0.3105,0.35402,0.13973,0.1415,0.01
55,"Honestly, Farmers really",dua_ctx,0.5,1,36,0.50732,0.35322,0.28374,0.28277,0.01865
55,"Honestly, Farmers really",dua_ctx,0.7,1,48,0.70688,0.3612,0.5239,0.51736,0.02302
55,"Honestly, Farmers really",dua_ctx,0.9,1,64,0.90063,0.38154,1.02646,1.00852,0.03418
55,"Honestly, Farmers really",dua_ctx,0.99,1,85,0.99015,0.41265,2.05486,2.01591,0.21362
55,"Honestly, Farmers really",euc_unemb,0.3,1,6,0.305,0.26127,0.22681,0.22738,0.2133
55,"Honestly, Farmers really",euc_unemb,0.5,1,8,0.54351,0.25277,0.39554,0.39434,0.26261
55,"Honestly, Farmers really",euc_unemb,0.7,1,10,0.76365,0.26965,0.62198,0.61764,0.27246
55,"Honestly, Farmers really",euc_unemb,0.9,1,13,0.93529,0.31197,1.12361,1.11199,0.2833
55,"Honestly, Farmers really",euc_unemb,0.99,1,17,0.99071,0.33517,2.07849,2.05366,0.29366
55,"Honestly, Farmers really",cau_unemb,0.3,1,7,0.37468,0.25757,0.28578,0.28748,0.21929
55,"Honestly, Farmers really",cau_unemb,0.5,1,9,0.60168,0.25961,0.44718,0.4474,0.30271
55,"Honestly, Farmers really",cau_unemb,0.7,1,10,0.70506,0.26991,0.54058,0.53965,0.30596
55,"Honestly, Farmers really",cau_unemb,0.9,1,13,0.90344,0.32196,0.90456,0.8986,0.27953
55,"Honestly, Farmers really",cau_unemb,0.99,1,19,0.9927,0.39585,2.04982,2.02841,0.26802
55,"Honestly, Farmers really",dua_unemb,0.3,1,9,0.33429,0.34944,0.08971,0.08856,0.01485
55,"Honestly, Farmers really",dua_unemb,0.5,1,12,0.51381,0.35334,0.15731,0.15358,0.01297
55,"Honestly, Farmers really",dua_unemb,0.7,1,16,0.72261,0.36918,0.28417,0.27533,0.03981
55,"Honestly, Farmers really",dua_unemb,0.9,1,22,0.91336,0.40457,0.56932,0.54965,0.15976
55,"Honestly, Farmers really",dua_unemb,0.99,1,30,0.99072,0.45376,1.22054,1.18156,0.23157
55,"Honestly, Farmers really",euc_dmd,0.3,1,6,0.40147,0.23027,0.40902,0.41106,0.2422
55,"Honestly, Farmers really",euc_dmd,0.5,1,7,0.54214,0.22319,0.54031,0.54133,0.32041
55,"Honestly, Farmers really",euc_dmd,0.7,1,9,0.7857,0.23438,0.84434,0.84212,0.30414
55,"Honestly, Farmers really",euc_dmd,0.9,1,11,0.91813,0.2654,1.22438,1.21747,0.31267
55,"Honestly, Farmers really",euc_dmd,0.99,1,15,0.99008,0.32093,2.22312,2.20378,0.31161
55,"Honestly, Farmers really",cau_dmd,0.3,1,6,0.36564,0.2271,0.45183,0.45605,0.28438
55,"Honestly, Farmers really",cau_dmd,0.5,1,8,0.62348,0.21347,0.73654,0.73916,0.34533
55,"Honestly, Farmers really",cau_dmd,0.7,1,9,0.73569,0.21763,0.89433,0.89561,0.33942
55,"Honestly, Farmers really",cau_dmd,0.9,1,12,0.92725,0.2529,1.46392,1.4594,0.31226
55,"Honestly, Farmers really",cau_dmd,0.99,1,17,0.99304,0.3007,2.74515,2.72676,0.31037
55,"Honestly, Farmers really",dua_dmd,0.3,1,7,0.34322,0.32632,0.12273,0.12432,0.01552
55,"Honestly, Farmers really",dua_dmd,0.5,1,9,0.51406,0.3213,0.19284,0.19342,0.01794
55,"Honestly, Farmers really",dua_dmd,0.7,1,12,0.73565,0.32643,0.32005,0.31814,0.04704
55,"Honestly, Farmers really",dua_dmd,0.9,1,16,0.91032,0.34742,0.55431,0.54748,0.22892
55,"Honestly, Farmers really",dua_dmd,0.99,1,23,0.99312,0.39499,1.3481,1.32843,0.28541
268,"At work, Farmers always",euc_ctx,0.3,1,17,0.33062,0.58801,0.23894,0.2437,0.02838
268,"At work, Farmers always",euc_ctx,0.5,1,21,0.55279,0.57499,0.33008,0.33322,0.03706
268,"At work, Farmers always",euc_ctx,0.7,1,24,0.71084,0.58999,0.38541,0.38639,0.17795
268,"At work, Farmers always",euc_ctx,0.9,1,30,0.90661,0.66039,0.48662,0.48127,0.16786
268,"At work, Farmers always",euc_ctx,0.99,1,41,0.99169,0.78104,0.78692,0.76584,0.16928
268,"At work, Farmers always",cau_ctx,0.3,1,32,0.31163,0.59029,0.30281,0.30835,0.16801
268,"At work, Farmers always",cau_ctx,0.5,1,39,0.51487,0.5444,0.46475,0.4684,0.17346
268,"At work, Farmers always",cau_ctx,0.7,1,46,0.7149,0.50442,0.67813,0.67803,0.15566
268,"At work, Farmers always",cau_ctx,0.9,1,57,0.90785,0.43357,1.15233,1.14292,0.18166
268,"At work, Farmers always",cau_ctx,0.99,1,76,0.99103,0.28075,2.32452,2.29296,0.18854
268,"At work, Farmers always",dua_ctx,0.3,1,30,0.30012,0.69697,0.17499,0.17771,0.0132
268,"At work, Farmers always",dua_ctx,0.5,1,42,0.51634,0.67681,0.34371,0.3412,0.01567
268,"At work, Farmers always",dua_ctx,0.7,1,53,0.70995,0.66547,0.56236,0.55206,0.02601
268,"At work, Farmers always",dua_ctx,0.9,1,67,0.90408,0.66667,0.92551,0.90151,0.02934
268,"At work, Farmers always",dua_ctx,0.99,1,82,0.99038,0.69061,1.4287,1.38493,0.02974
268,"At work, Farmers always",euc_unemb,0.3,1,7,0.30004,0.63709,0.16578,0.16974,0.01908
268,"At work, Farmers always",euc_unemb,0.5,1,9,0.55853,0.63189,0.28932,0.29116,0.1702
268,"At work, Farmers always",euc_unemb,0.7,1,11,0.7893,0.66076,0.47216,0.46958,0.17137
268,"At work, Farmers always",euc_unemb,0.9,1,13,0.91751,0.69849,0.71081,0.70187,0.23195
268,"At work, Farmers always",euc_unemb,0.99,1,18,0.99417,0.73814,1.43036,1.4014,0.21814
268,"At work, Farmers always",cau_unemb,0.3,1,8,0.34172,0.62059,0.17326,0.17932,0.02604
268,"At work, Farmers always",cau_unemb,0.5,1,10,0.58194,0.62329,0.26343,0.26794,0.02866
268,"At work, Farmers always",cau_unemb,0.7,1,12,0.78849,0.65604,0.38715,0.38824,0.03305
268,"At work, Farmers always",cau_unemb,0.9,1,14,0.90882,0.69666,0.55282,0.54892,0.0398
268,"At work, Farmers always",cau_unemb,0.99,1,19,0.99139,0.7474,1.09663,1.07653,0.16535
268,"At work, Farmers always",dua_unemb,0.3,1,9,0.33988,0.7168,0.1131,0.11589,0.01229
268,"At work, Farmers always",dua_unemb,0.5,1,12,0.56115,0.72141,0.23035,0.22997,0.02164
268,"At work, Farmers always",dua_unemb,0.7,1,15,0.73863,0.7346,0.39854,0.39255,0.02553
268,"At work, Farmers always",dua_unemb,0.9,1,20,0.91314,0.75864,0.7695,0.74998,0.1696
268,"At work, Farmers always",dua_unemb,0.99,1,27,0.99318,0.77737,1.44172,1.39729,0.1811
268,"At work, Farmers always",euc_dmd,0.3,1,7,0.34848,0.55388,0.28876,0.29284,0.17146
268,"At work, Farmers always",euc_dmd,0.5,1,9,0.62262,0.5443,0.42305,0.42457,0.0378
268,"At work, Farmers always",euc_dmd,0.7,1,10,0.74294,0.56122,0.49124,0.49071,0.03984
268,"At work, Farmers always",euc_dmd,0.9,1,13,0.93888,0.65607,0.73907,0.73003,0.03645
268,"At work, Farmers always",euc_dmd,0.99,1,17,0.99283,0.7668,1.18904,1.16543,0.03785
268,"At work, Farmers always",cau_dmd,0.3,1,8,0.36429,0.53361,0.31625,0.32259,0.17537
268,"At work, Farmers always",cau_dmd,0.5,1,10,0.60433,0.52908,0.4036,0.40824,0.05957
268,"At work, Farmers always",cau_dmd,0.7,1,11,0.71271,0.54461,0.44717,0.45038,0.06305
268,"At work, Farmers always",cau_dmd,0.9,1,14,0.91245,0.63376,0.62284,0.61985,0.04094
268,"At work, Farmers always",cau_dmd,0.99,1,19,0.99077,0.77852,1.09852,1.08115,0.03767
268,"At work, Farmers always",dua_dmd,0.3,1,8,0.39106,0.67391,0.15507,0.15856,0.02173
268,"At work, Farmers always",dua_dmd,0.5,1,10,0.58762,0.66546,0.24726,0.24936,0.02415
268,"At work, Farmers always",dua_dmd,0.7,1,12,0.74526,0.6672,0.35116,0.3509,0.02947
268,"At work, Farmers always",dua_dmd,0.9,1,16,0.91512,0.68855,0.5888,0.5815,0.03308
268,"At work, Farmers always",dua_dmd,0.99,1,23,0.99307,0.74107,1.11774,1.09248,0.03492
148,Students usually,euc_ctx,0.3,1,34,0.33863,0.48704,0.60459,0.60906,0.07715
148,Students usually,euc_ctx,0.5,1,37,0.52197,0.48892,0.72047,0.72278,0.07733
148,Students usually,euc_ctx,0.7,1,41,0.74902,0.52675,0.87149,0.86949,0.07669
148,Students usually,euc_ctx,0.9,1,46,0.91228,0.60351,1.08438,1.07491,0.07507
148,Students usually,euc_ctx,0.99,1,56,0.99185,0.71891,1.67346,1.64497,0.07655
148,Students usually,cau_ctx,0.3,1,67,0.32042,0.07134,3.0152,2.99571,0.16427
148,Students usually,cau_ctx,0.5,1,73,0.51105,0.03375,3.95491,3.92497,0.16586
148,Students usually,cau_ctx,0.7,1,79,0.70054,0.01819,4.85361,4.81284,0.1661
148,Students usually,cau_ctx,0.9,1,89,0.90175,0.00865,6.23262,6.17354,0.13996
148,Students usually,cau_ctx,0.99,1,106,0.99017,0.00383,8.3526,8.26247,0.19662
148,Students usually,dua_ctx,0.3,1,46,0.30181,0.61262,0.4378,0.43906,0.03886
148,Students usually,dua_ctx,0.5,1,56,0.50959,0.60165,0.68026,0.675,0.04609
148,Students usually,dua_ctx,0.7,1,66,0.71115,0.59844,1.0069,0.9924,0.0568
148,Students usually,dua_ctx,0.9,1,79,0.9065,0.60874,1.57162,1.54083,0.06762
148,Students usually,dua_ctx,0.99,1,94,0.9915,0.63895,2.45749,2.40123,0.07274
148,Students usually,euc_unemb,0.3,1,14,0.31124,0.43213,0.57018,0.5757,0.12686
148,Students usually,euc_unemb,0.5,1,16,0.60645,0.43468,0.76155,0.76338,0.12413
148,Students usually,euc_unemb,0.7,1,17,0.73978,0.45422,0.88427,0.88331,0.1569
148,Students usually,euc_unemb,0.9,1,19,0.9061,0.50908,1.19157,1.18332,0.18487
148,Students usually,euc_unemb,0.99,1,23,0.99095,0.58494,1.97081,1.94383,0.19845
148,Students usually,cau_unemb,0.3,1,16,0.38795,0.36658,0.76647,0.77315,0.16576
148,Students usually,cau_unemb,0.5,1,17,0.52162,0.36967,0.82891,0.83415,0.16542
148,Students usually,cau_unemb,0.7,1,19,0.76211,0.40924,0.96034,0.96143,0.16127
148,Students usually,cau_unemb,0.9,1,21,0.90307,0.47435,1.13661,1.1319,0.17843
148,Students usually,cau_unemb,0.99,1,26,0.99226,0.59706,1.82671,1.80272,0.16052
148,Students usually,dua_unemb,0.3,1,16,0.38858,0.59512,0.28079,0.28534,0.01838
148,Students usually,dua_unemb,0.5,1,18,0.5691,0.603,0.39753,0.3996,0.03202
148,Students usually,dua_unemb,0.7,1,20,0.72439,0.6172,0.5512,0.54955,0.03453
148,Students usually,dua_unemb,0.9,1,24,0.91144,0.64942,0.9852,0.97212,0.15865
148,Students usually,dua_unemb,0.99,1,30,0.99181,0.67855,1.91143,1.87326,0.16691
148,Students usually,euc_dmd,0.3,1,14,0.37492,0.38037,0.85447,0.86191,0.06804
148,Students usually,euc_dmd,0.5,1,15,0.52491,0.38088,0.95731,0.96306,0.07153
148,Students usually,euc_dmd,0.7,1,17,0.78741,0.42518,1.19448,1.19524,0.07225
148,Students usually,euc_dmd,0.9,1,19,0.92432,0.50067,1.50063,1.49447,0.08297
148,Students usually,euc_dmd,0.99,1,23,0.99215,0.62119,2.27787,2.25424,0.08652
148,Students usually,cau_dmd,0.3,1,16,0.37081,0.3644,1.06326,1.07314,0.0794
148,Students usually,cau_dmd,0.5,1,18,0.62374,0.38034,1.24923,1.25604,0.07979
148,Students usually,cau_dmd,0.7,1,19,0.73445,0.40303,1.36488,1.36954,0.07756
148,Students usually,cau_dmd,0.9,1,22,0.92648,0.49564,1.82644,1.82236,0.07441
148,Students usually,cau_dmd,0.99,1,27,0.99336,0.59444,2.85989,2.83625,0.09008
148,Students usually,dua_dmd,0.3,1,14,0.32898,0.5585,0.36787,0.37615,0.02328
148,Students usually,dua_dmd,0.5,1,16,0.54079,0.55326,0.5333,0.54041,0.05402
148,Students usually,dua_dmd,0.7,1,18,0.71141,0.56005,0.72263,0.7276,0.05544
148,Students usually,dua_dmd,0.9,1,23,0.92489,0.60128,1.27035,1.2661,0.06197
148,Students usually,dua_dmd,0.99,1,29,0.99111,0.65615,2.12249,2.0999,0.06284
133,"Over time, Farmers really",euc_ctx,0.3,1,15,0.33585,0.37646,0.23595,0.23927,0.03261
133,"Over time, Farmers really",euc_ctx,0.5,1,19,0.54576,0.37264,0.33949,0.34182,0.03557
133,"Over time, Farmers really",euc_ctx,0.7,1,23,0.74024,0.40178,0.441,0.44138,0.14131
133,"Over time, Farmers really",euc_ctx,0.9,1,29,0.912,0.48786,0.62293,0.61874,0.13698
133,"Over time, Farmers really",euc_ctx,0.99,1,40,0.99084,0.64578,1.16305,1.14665,0.1341
133,"Over time, Farmers really",cau_ctx,0.3,1,27,0.31812,0.42542,0.2318,0.23791,0.1507
133,"Over time, Farmers really",cau_ctx,0.5,1,34,0.51365,0.42351,0.34997,0.35572,0.15306
133,"Over time, Farmers really",cau_ctx,0.7,1,41,0.7045,0.44349,0.4982,0.50242,0.14617
133,"Over time, Farmers really",cau_ctx,0.9,1,53,0.90521,0.48957,0.88397,0.88273,0.16219
133,"Over time, Farmers really",cau_ctx,0.99,1,74,0.99048,0.43509,2.04947,2.03187,0.14895
133,"Over time, Farmers really",dua_ctx,0.3,1,27,0.30339,0.49341,0.1756,0.1791,0.01698
133,"Over time, Farmers really",dua_ctx,0.5,1,39,0.51314,0.48756,0.37249,0.37301,0.02062
133,"Over time, Farmers really",dua_ctx,0.7,1,51,0.71125,0.49432,0.65763,0.65236,0.02839
133,"Over time, Farmers really",dua_ctx,0.9,1,67,0.90368,0.52228,1.19473,1.17773,0.03409
133,"Over time, Farmers really",dua_ctx,0.99,1,85,0.99043,0.57003,2.07381,2.03825,0.03486
133,"Over time, Farmers really",euc_unemb,0.3,1,7,0.37989,0.34867,0.25243,0.25336,0.16582
133,"Over time, Farmers really",euc_unemb,0.5,1,8,0.50077,0.34517,0.30707,0.30709,0.16799
133,"Over time, Farmers really",euc_unemb,0.7,1,10,0.72892,0.36786,0.42341,0.42063,0.15
133,"Over time, Farmers really",euc_unemb,0.9,1,13,0.92177,0.44586,0.68068,0.67125,0.12697
133,"Over time, Farmers really",euc_unemb,0.99,1,18,0.99275,0.53824,1.43212,1.40668,0.16096
133,"Over time, Farmers really",cau_unemb,0.3,1,7,0.33053,0.35559,0.22242,0.22523,0.13311
133,"Over time, Farmers really",cau_unemb,0.5,1,9,0.55037,0.35177,0.31295,0.31459,0.1348
133,"Over time, Farmers really",cau_unemb,0.7,1,11,0.75072,0.38205,0.40481,0.40418,0.1658
133,"Over time, Farmers really",cau_unemb,0.9,1,14,0.91965,0.46269,0.60836,0.60232,0.17814
133,"Over time, Farmers really",cau_unemb,0.99,1,19,0.99024,0.56529,1.21131,1.19222,0.13296
133,"Over time, Farmers really",dua_unemb,0.3,1,9,0.36524,0.49006,0.12206,0.12283,0.01528
133,"Over time, Farmers really",dua_unemb,0.5,1,11,0.50322,0.49505,0.19436,0.19346,0.01422
133,"Over time, Farmers really",dua_unemb,0.7,1,15,0.7341,0.51837,0.40103,0.39465,0.0203
133,"Over time, Farmers really",dua_unemb,0.9,1,20,0.90929,0.55736,0.7764,0.76001,0.03253
133,"Over time, Farmers really",dua_unemb,0.99,1,27,0.99036,0.61103,1.5173,1.48226,0.04498
133,"Over time, Farmers really",euc_dmd,0.3,1,6,0.33941,0.30332,0.31905,0.32086,0.18193
133,"Over time, Farmers really",euc_dmd,0.5,1,8,0.60178,0.2877,0.47156,0.47137,0.19762
133,"Over time, Farmers really",euc_dmd,0.7,1,9,0.72075,0.29803,0.54213,0.54047,0.16518
133,"Over time, Farmers really",euc_dmd,0.9,1,12,0.9264,0.37902,0.78079,0.77305,0.16576
133,"Over time, Farmers really",euc_dmd,0.99,1,17,0.99386,0.54196,1.41256,1.39052,0.16231
133,"Over time, Farmers really",cau_dmd,0.3,1,7,0.40347,0.29586,0.36083,0.36448,0.18298
133,"Over time, Farmers really",cau_dmd,0.5,1,8,0.52474,0.2903,0.42574,0.42878,0.20338
133,"Over time, Farmers really",cau_dmd,0.7,1,10,0.74358,0.30923,0.55016,0.55117,0.19618
133,"Over time, Farmers really",cau_dmd,0.9,1,13,0.92247,0.38734,0.78561,0.78167,0.18278
133,"Over time, Farmers really",cau_dmd,0.99,1,18,0.99133,0.51899,1.4327,1.41645,0.17717
133,"Over time, Farmers really",dua_dmd,0.3,1,7,0.36528,0.45691,0.13271,0.13535,0.02202
133,"Over time, Farmers really",dua_dmd,0.5,1,9,0.56638,0.45005,0.23136,0.23317,0.02769
133,"Over time, Farmers really",dua_dmd,0.7,1,11,0.73741,0.45387,0.35297,0.35311,0.02741
133,"Over time, Farmers really",dua_dmd,0.9,1,15,0.92492,0.48127,0.65616,0.65092,0.13465
133,"Over time, Farmers really",dua_dmd,0.99,1,22,0.99264,0.54208,1.34486,1.32587,0.14328
25,"Over time, I also",euc_ctx,0.3,1,31,0.33238,0.01631,0.54581,0.54007,0.175
25,"Over time, I also",euc_ctx,0.5,1,35,0.53797,0.01588,0.61003,0.6032,0.17999
25,"Over time, I also",euc_ctx,0.7,1,39,0.72953,0.01826,0.65454,0.64657,0.17787
25,"Over time, I also",euc_ctx,0.9,1,45,0.90312,0.02804,0.69837,0.68851,0.17067
25,"Over time, I also",euc_ctx,0.99,1,57,0.99038,0.08087,0.83981,0.82487,0.13308
25,"Over time, I also",cau_ctx,0.3,1,62,0.31143,0.01965,0.84107,0.83814,0.144
25,"Over time, I also",cau_ctx,0.5,1,70,0.50178,0.01491,1.23274,1.22609,0.14764
25,"Over time, I also",cau_ctx,0.7,1,79,0.70816,0.01019,1.91327,1.89973,0.14897
25,"Over time, I also",cau_ctx,0.9,1,93,0.90188,0.00503,3.36464,3.33599,0.13708
25,"Over time, I also",cau_ctx,0.99,1,119,0.99055,0.00141,6.45637,6.39539,0.13623
25,"Over time, I also",dua_ctx,0.3,1,37,0.3158,0.06924,0.23312,0.23171,0.11922
25,"Over time, I also",dua_ctx,0.5,1,42,0.51235,0.06675,0.2777,0.27535,0.11939
25,"Over time, I also",dua_ctx,0.7,1,47,0.70411,0.06968,0.31257,0.30904,0.1196
25,"Over time, I also",dua_ctx,0.9,1,56,0.91362,0.08737,0.35856,0.35219,0.1003
25,"Over time, I also",dua_ctx,0.99,1,70,0.99035,0.13683,0.45522,0.44266,0.04127
25,"Over time, I also",euc_unemb,0.3,1,15,0.40276,0.01763,0.58717,0.57731,0.1729
25,"Over time, I also",euc_unemb,0.5,1,16,0.5205,0.01776,0.62267,0.61194,0.17383
25,"Over time, I also",euc_unemb,0.7,1,18,0.73782,0.02117,0.67515,0.66263,0.17722
25,"Over time, I also",euc_unemb,0.9,1,21,0.9216,0.03681,0.72813,0.71272,0.18203
25,"Over time, I also",euc_unemb,0.99,1,26,0.9922,0.11492,0.87849,0.85709,0.17844
25,"Over time, I also",cau_unemb,0.3,1,15,0.31085,0.02199,0.42739,0.42215,0.16561
25,"Over time, I also",cau_unemb,0.5,1,17,0.51696,0.02226,0.45949,0.45328,0.16867
25,"Over time, I also",cau_unemb,0.7,1,19,0.71558,0.02692,0.46672,0.4595,0.16787
25,"Over time, I also",cau_unemb,0.9,1,23,0.93109,0.05632,0.4525,0.44295,0.16965
25,"Over time, I also",cau_unemb,0.99,1,28,0.99055,0.16284,0.53188,0.51803,0.13145
25,"Over time, I also",dua_unemb,0.3,1,16,0.34038,0.09266,0.15699,0.15424,0.1328
25,"Over time, I also",dua_unemb,0.5,1,18,0.53642,0.09648,0.1885,0.18439,0.14273
25,"Over time, I also",dua_unemb,0.7,1,20,0.71866,0.10703,0.22449,0.21857,0.14297
25,"Over time, I also",dua_unemb,0.9,1,24,0.92514,0.14311,0.32131,0.3105,0.13419
25,"Over time, I also",dua_unemb,0.99,1,30,0.99231,0.21232,0.53578,0.51554,0.14285
25,"Over time, I also",euc_dmd,0.3,1,12,0.30444,0.01157,0.70703,0.69694,0.18311
25,"Over time, I also",euc_dmd,0.5,1,14,0.5579,0.0105,0.83328,0.82077,0.18654
25,"Over time, I also",euc_dmd,0.7,1,16,0.78092,0.01231,0.93778,0.92274,0.18576
25,"Over time, I also",euc_dmd,0.9,1,18,0.90795,0.01713,1.02843,1.01073,0.18626
25,"Over time, I also",euc_dmd,0.99,1,23,0.99143,0.04854,1.26206,1.23706,0.1827
25,"Over time, I also",cau_dmd,0.3,1,13,0.32589,0.01445,0.61249,0.60641,0.18134
25,"Over time, I also",cau_dmd,0.5,1,15,0.55739,0.01431,0.69732,0.68965,0.18281
25,"Over time, I also",cau_dmd,0.7,1,17,0.76225,0.01747,0.77465,0.76524,0.17913
25,"Over time, I also",cau_dmd,0.9,1,20,0.9262,0.02982,0.89607,0.88365,0.16893
25,"Over time, I also",cau_dmd,0.99,1,25,0.99124,0.07983,1.20885,1.18979,0.13258
25,"Over time, I also",dua_dmd,0.3,1,13,0.40251,0.06522,0.22049,0.21835,0.15859
25,"Over time, I also",dua_dmd,0.5,1,14,0.5266,0.06436,0.24709,0.24432,0.15964
25,"Over time, I also",dua_dmd,0.7,1,16,0.74197,0.06793,0.29462,0.29035,0.15636
25,"Over time, I also",dua_dmd,0.9,1,19,0.91162,0.08248,0.35127,0.34425,0.14213
25,"Over time, I also",dua_dmd,0.99,1,26,0.99185,0.13575,0.49286,0.47776,0.05984
85,"Every day, Many people always",euc_ctx,0.3,1,18,0.32203,0.63555,0.21403,0.22238,0.04396
85,"Every day, Many people always",euc_ctx,0.5,1,22,0.54286,0.63498,0.32676,0.33412,0.02486
85,"Every day, Many people always",euc_ctx,0.7,1,25,0.70229,0.65174,0.42231,0.42783,0.02587
85,"Every day, Many people always",euc_ctx,0.9,1,31,0.90277,0.70829,0.65052,0.65001,0.02998
85,"Every day, Many people always",euc_ctx,0.99,1,42,0.99124,0.784,1.21233,1.19647,0.03465
85,"Every day, Many people always",cau_ctx,0.3,1,34,0.30718,0.62338,0.37439,0.38294,0.04565
85,"Every day, Many people always",cau_ctx,0.5,1,41,0.50739,0.57723,0.58571,0.59267,0.06183
85,"Every day, Many people always",cau_ctx,0.7,1,48,0.70617,0.53331,0.86939,0.8729,0.06136
85,"Every day, Many people always",cau_ctx,0.9,1,59,0.90205,0.46027,1.46245,1.45728,0.15202
85,"Every day, Many people always",cau_ctx,0.99,1,79,0.99111,0.30446,2.87863,2.85161,0.17411
85,"Every day, Many people always",dua_ctx,0.3,1,31,0.30883,0.6626,0.27217,0.27779,0.04402
85,"Every day, Many people always",dua_ctx,0.5,1,42,0.50363,0.63957,0.53107,0.53267,0.04718
85,"Every day, Many people always",dua_ctx,0.7,1,53,0.70031,0.62353,0.88783,0.88276,0.0308
85,"Every day, Many people always",dua_ctx,0.9,1,67,0.90024,0.62227,1.46463,1.44741,0.03349
85,"Every day, Many people always",dua_ctx,0.99,1,83,0.9909,0.64755,2.28033,2.24361,0.04529
85,"Every day, Many people always",euc_unemb,0.3,1,8,0.35122,0.63962,0.12569,0.13172,0.01775
85,"Every day, Many people always",euc_unemb,0.5,1,10,0.61293,0.67331,0.21174,0.21588,0.04248
85,"Every day, Many people always",euc_unemb,0.7,1,11,0.73041,0.70096,0.28019,0.28246,0.04751
85,"Every day, Many people always",euc_unemb,0.9,1,14,0.9314,0.77927,0.60812,0.60172,0.06184
85,"Every day, Many people always",euc_unemb,0.99,1,18,0.99146,0.81918,1.21916,1.19742,0.17167
85,"Every day, Many people always",cau_unemb,0.3,1,9,0.39076,0.61422,0.14249,0.15032,0.01989
85,"Every day, Many people always",cau_unemb,0.5,1,10,0.51122,0.62831,0.16713,0.1745,0.01837
85,"Every day, Many people always",cau_unemb,0.7,1,12,0.73485,0.68081,0.24068,0.24569,0.04526
85,"Every day, Many people always",cau_unemb,0.9,1,15,0.92209,0.77084,0.45997,0.45824,0.05055
85,"Every day, Many people always",cau_unemb,0.99,1,20,0.99229,0.83962,1.04415,1.02673,0.06322
85,"Every day, Many people always",dua_unemb,0.3,1,9,0.3434,0.68763,0.08711,0.09149,0.03214
85,"Every day, Many people always",dua_unemb,0.5,1,11,0.51485,0.69758,0.14686,0.14993,0.03749
85,"Every day, Many people always",dua_unemb,0.7,1,14,0.73466,0.72218,0.28137,0.28056,0.03996
85,"Every day, Many people always",dua_unemb,0.9,1,18,0.90466,0.75949,0.55199,0.54284,0.0563
85,"Every day, Many people always",dua_unemb,0.99,1,25,0.9926,0.8005,1.28204,1.25134,0.06937
85,"Every day, Many people always",euc_dmd,0.3,1,8,0.38802,0.58549,0.20447,0.21231,0.02571
85,"Every day, Many people always",euc_dmd,0.5,1,9,0.52365,0.59707,0.2523,0.25955,0.12442
85,"Every day, Many people always",euc_dmd,0.7,1,11,0.76679,0.65436,0.38485,0.38919,0.13015
85,"Every day, Many people always",euc_dmd,0.9,1,13,0.90698,0.72874,0.59003,0.58941,0.13327
85,"Every day, Many people always",euc_dmd,0.99,1,18,0.99295,0.84282,1.34264,1.32478,0.14638
85,"Every day, Many people always",cau_dmd,0.3,1,9,0.3889,0.55245,0.24876,0.25867,0.12567
85,"Every day, Many people always",cau_dmd,0.5,1,10,0.50658,0.56255,0.28527,0.29492,0.12736
85,"Every day, Many people always",cau_dmd,0.7,1,12,0.72568,0.6134,0.38038,0.38823,0.12928
85,"Every day, Many people always",cau_dmd,0.9,1,15,0.91431,0.72239,0.63102,0.63327,0.13381
85,"Every day, Many people always",cau_dmd,0.99,1,20,0.99035,0.83973,1.30528,1.29349,0.14912
85,"Every day, Many people always",dua_dmd,0.3,1,8,0.35121,0.65282,0.11829,0.12423,0.01163
85,"Every day, Many people always",dua_dmd,0.5,1,10,0.56063,0.65172,0.19933,0.20483,0.01364
85,"Every day, Many people always",dua_dmd,0.7,1,12,0.73104,0.66028,0.29617,0.3004,0.02286
85,"Every day, Many people always",dua_dmd,0.9,1,16,0.91706,0.69629,0.52564,0.52528,0.0349
85,"Every day, Many people always",dua_dmd,0.99,1,23,0.99264,0.77045,1.0985,1.08406,0.13666
30,"Honestly, Both of them rarely",euc_ctx,0.3,1,8,0.3374,0.49511,0.10096,0.1039,0.02542
30,"Honestly, Both of them rarely",euc_ctx,0.5,1,11,0.5219,0.49259,0.19027,0.19278,0.11524
30,"Honestly, Both of them rarely",euc_ctx,0.7,1,14,0.70061,0.51134,0.30361,0.30466,0.1609
30,"Honestly, Both of them rarely",euc_ctx,0.9,1,20,0.91485,0.5877,0.60479,0.60027,0.18554
30,"Honestly, Both of them rarely",euc_ctx,0.99,1,29,0.99054,0.69143,1.23619,1.21945,0.19867
30,"Honestly, Both of them rarely",cau_ctx,0.3,1,14,0.31089,0.5241,0.09645,0.10052,0.02448
30,"Honestly, Both of them rarely",cau_ctx,0.5,1,20,0.50816,0.53166,0.20231,0.20638,0.06274
30,"Honestly, Both of them rarely",cau_ctx,0.7,1,26,0.70415,0.56259,0.35756,0.36022,0.1821
30,"Honestly, Both of them rarely",cau_ctx,0.9,1,36,0.90632,0.63641,0.75628,0.75357,0.22855
30,"Honestly, Both of them rarely",cau_ctx,0.99,1,53,0.99072,0.6921,1.80729,1.78961,0.23585
30,"Honestly, Both of them rarely",dua_ctx,0.3,1,15,0.30318,0.53147,0.07731,0.07953,0.00948
30,"Honestly, Both of them rarely",dua_ctx,0.5,1,24,0.51127,0.52305,0.19146,0.19184,0.02441
30,"Honestly, Both of them rarely",dua_ctx,0.7,1,33,0.71065,0.52403,0.36233,0.35859,0.04458
30,"Honestly, Both of them rarely",dua_ctx,0.9,1,46,0.90773,0.54513,0.72299,0.70955,0.16429
30,"Honestly, Both of them rarely",dua_ctx,0.99,1,62,0.99014,0.59221,1.41994,1.3893,0.1804
30,"Honestly, Both of them rarely",euc_unemb,0.3,1,4,0.41756,0.50259,0.16331,0.16521,0.11945
30,"Honestly, Both of them rarely",euc_unemb,0.5,1,5,0.56653,0.50095,0.27559,0.27643,0.14484
30,"Honestly, Both of them rarely",euc_unemb,0.7,1,6,0.70489,0.5066,0.42407,0.42308,0.18481
30,"Honestly, Both of them rarely",euc_unemb,0.9,1,9,0.93661,0.53471,1.05039,1.04022,0.2148
30,"Honestly, Both of them rarely",euc_unemb,0.99,1,13,0.99423,0.53813,2.09742,2.07069,0.22496
30,"Honestly, Both of them rarely",cau_unemb,0.3,1,4,0.36687,0.4956,0.1279,0.13079,0.11209
30,"Honestly, Both of them rarely",cau_unemb,0.5,1,6,0.6308,0.49272,0.31582,0.3172,0.14521
30,"Honestly, Both of them rarely",cau_unemb,0.7,1,7,0.74577,0.50045,0.44689,0.44664,0.18588
30,"Honestly, Both of them rarely",cau_unemb,0.9,1,10,0.93681,0.52816,0.96647,0.95853,0.20727
30,"Honestly, Both of them rarely",cau_unemb,0.99,1,14,0.99223,0.52997,1.83045,1.80886,0.21193
30,"Honestly, Both of them rarely",dua_unemb,0.3,1,4,0.31168,0.5432,0.06859,0.07018,0.01531
30,"Honestly, Both of them rarely",dua_unemb,0.5,1,6,0.50573,0.5492,0.16384,0.16458,0.11033
30,"Honestly, Both of them rarely",dua_unemb,0.7,1,9,0.76939,0.57553,0.40385,0.401,0.16035
30,"Honestly, Both of them rarely",dua_unemb,0.9,1,12,0.92233,0.61181,0.77374,0.76472,0.16963
30,"Honestly, Both of them rarely",dua_unemb,0.99,1,17,0.99262,0.66505,1.60179,1.57857,0.17798
30,"Honestly, Both of them rarely",euc_dmd,0.3,1,4,0.41316,0.47972,0.19273,0.19492,0.12768
30,"Honestly, Both of them rarely",euc_dmd,0.5,1,5,0.56044,0.47591,0.30483,0.30608,0.18469
30,"Honestly, Both of them rarely",euc_dmd,0.7,1,7,0.80746,0.49996,0.60784,0.60526,0.2064
30,"Honestly, Both of them rarely",euc_dmd,0.9,1,9,0.93249,0.54323,1.0059,0.99744,0.21674
30,"Honestly, Both of them rarely",euc_dmd,0.99,1,13,0.99333,0.60887,1.97401,1.95061,0.22458
30,"Honestly, Both of them rarely",cau_dmd,0.3,1,4,0.33817,0.48204,0.15545,0.15886,0.11943
30,"Honestly, Both of them rarely",cau_dmd,0.5,1,6,0.5814,0.47469,0.32986,0.33234,0.18761
30,"Honestly, Both of them rarely",cau_dmd,0.7,1,8,0.78857,0.50006,0.56901,0.56871,0.20274
30,"Honestly, Both of them rarely",cau_dmd,0.9,1,10,0.90823,0.54089,0.88087,0.87629,0.20925
30,"Honestly, Both of them rarely",cau_dmd,0.99,1,15,0.99085,0.62019,1.88241,1.86342,0.21581
30,"Honestly, Both of them rarely",dua_dmd,0.3,1,4,0.32591,0.51676,0.08983,0.09123,0.03235
30,"Honestly, Both of them rarely",dua_dmd,0.5,1,6,0.52527,0.5094,0.20228,0.203,0.11912
30,"Honestly, Both of them rarely",dua_dmd,0.7,1,8,0.70043,0.51432,0.35727,0.35651,0.14727
30,"Honestly, Both of them rarely",dua_dmd,0.9,1,12,0.90179,0.54717,0.79164,0.78586,0.18435
30,"Honestly, Both of them rarely",dua_dmd,0.99,1,19,0.99154,0.62366,1.81404,1.79378,0.19265
28,"At work, Most doctors still",euc_ctx,0.3,1,27,0.30905,0.44237,0.38577,0.39517,0.02605
28,"At work, Most doctors still",euc_ctx,0.5,1,31,0.5258,0.44687,0.53427,0.5423,0.0548
28,"At work, Most doctors still",euc_ctx,0.7,1,35,0.73301,0.47689,0.71324,0.71847,0.06453
28,"At work, Most doctors still",euc_ctx,0.9,1,41,0.91429,0.54358,1.067,1.06558,0.08491
28,"At work, Most doctors still",euc_ctx,0.99,1,51,0.99023,0.62073,1.86909,1.85284,0.08206
28,"At work, Most doctors still",cau_ctx,0.3,1,50,0.3188,0.24062,1.18051,1.18542,0.16606
28,"At work, Most doctors still",cau_ctx,0.5,1,57,0.52845,0.14721,1.88005,1.87853,0.17752
28,"At work, Most doctors still",cau_ctx,0.7,1,63,0.70352,0.0975,2.55265,2.54416,0.18467
28,"At work, Most doctors still",cau_ctx,0.9,1,74,0.90416,0.05239,3.81151,3.78861,0.19971
28,"At work, Most doctors still",cau_ctx,0.99,1,93,0.9905,0.02365,5.94324,5.89387,0.22826
28,"At work, Most doctors still",dua_ctx,0.3,1,41,0.3122,0.51489,0.38315,0.38849,0.02258
28,"At work, Most doctors still",dua_ctx,0.5,1,52,0.50581,0.5028,0.67713,0.67732,0.02892
28,"At work, Most doctors still",dua_ctx,0.7,1,64,0.71472,0.49406,1.13125,1.1228,0.06054
28,"At work, Most doctors still",dua_ctx,0.9,1,78,0.90364,0.49622,1.85584,1.83345,0.06784
28,"At work, Most doctors still",dua_ctx,0.99,1,95,0.99116,0.51866,3.05779,3.01287,0.08834
28,"At work, Most doctors still",euc_unemb,0.3,1,12,0.36451,0.42112,0.33179,0.3381,0.05748
28,"At work, Most doctors still",euc_unemb,0.5,1,14,0.62672,0.43411,0.52794,0.53148,0.07122
28,"At work, Most doctors still",euc_unemb,0.7,1,15,0.7419,0.44821,0.66388,0.66516,0.08199
28,"At work, Most doctors still",euc_unemb,0.9,1,18,0.9353,0.48833,1.21582,1.20741,0.17526
28,"At work, Most doctors still",euc_unemb,0.99,1,22,0.99206,0.4988,2.14292,2.11801,0.18247
28,"At work, Most doctors still",cau_unemb,0.3,1,13,0.35159,0.39101,0.38481,0.39393,0.05377
28,"At work, Most doctors still",cau_unemb,0.5,1,15,0.5879,0.40517,0.52352,0.53097,0.08581
28,"At work, Most doctors still",cau_unemb,0.7,1,17,0.78919,0.44423,0.71221,0.71636,0.08829
28,"At work, Most doctors still",cau_unemb,0.9,1,19,0.90737,0.48977,0.96779,0.96711,0.09261
28,"At work, Most doctors still",cau_unemb,0.99,1,24,0.99073,0.5524,1.8405,1.82385,0.10199
28,"At work, Most doctors still",dua_unemb,0.3,1,13,0.3015,0.50835,0.18257,0.18728,0.01459
28,"At work, Most doctors still",dua_unemb,0.5,1,16,0.51374,0.51521,0.32798,0.33015,0.02848
28,"At work, Most doctors still",dua_unemb,0.7,1,20,0.75038,0.53401,0.63358,0.62957,0.07512
28,"At work, Most doctors still",dua_unemb,0.9,1,24,0.90278,0.55401,1.10115,1.08765,0.08367
28,"At work, Most doctors still",dua_unemb,0.99,1,31,0.99357,0.57155,2.34636,2.30863,0.09801
28,"At work, Most doctors still",euc_dmd,0.3,1,12,0.41944,0.37097,0.54862,0.55764,0.07452
28,"At work, Most doctors still",euc_dmd,0.5,1,13,0.55549,0.37495,0.65422,0.66209,0.05961
28,"At work, Most doctors still",euc_dmd,0.7,1,15,0.78829,0.40687,0.92146,0.92548,0.17691
28,"At work, Most doctors still",euc_dmd,0.9,1,17,0.91681,0.45062,1.27452,1.27285,0.19956
28,"At work, Most doctors still",euc_dmd,0.99,1,22,0.9938,0.50857,2.42048,2.40009,0.22547
28,"At work, Most doctors still",cau_dmd,0.3,1,13,0.34401,0.33495,0.67987,0.69218,0.0791
28,"At work, Most doctors still",cau_dmd,0.5,1,15,0.57051,0.34229,0.84623,0.85723,0.19694
28,"At work, Most doctors still",cau_dmd,0.7,1,17,0.76892,0.37793,1.05847,1.06678,0.21473
28,"At work, Most doctors still",cau_dmd,0.9,1,20,0.92824,0.45258,1.50086,1.50274,0.23484
28,"At work, Most doctors still",cau_dmd,0.99,1,25,0.99165,0.53275,2.50993,2.49695,0.25388
28,"At work, Most doctors still",dua_dmd,0.3,1,12,0.33866,0.4818,0.27069,0.27815,0.0481
28,"At work, Most doctors still",dua_dmd,0.5,1,14,0.52363,0.4825,0.40693,0.41362,0.05997
28,"At work, Most doctors still",dua_dmd,0.7,1,17,0.74269,0.49762,0.66992,0.67411,0.07006
28,"At work, Most doctors still",dua_dmd,0.9,1,21,0.90195,0.52951,1.15034,1.14885,0.07706
28,"At work, Most doctors still",dua_dmd,0.99,1,28,0.99062,0.58463,2.31337,2.29548,0.08303
277,"Every day, Our customers always",euc_ctx,0.3,1,16,0.32995,0.73079,0.13725,0.14367,0.01847
277,"Every day, Our customers always",euc_ctx,0.5,1,20,0.53643,0.73394,0.22954,0.23498,0.13059
277,"Every day, Our customers always",euc_ctx,0.7,1,24,0.73074,0.75134,0.34522,0.34811,0.13262
277,"Every day, Our customers always",euc_ctx,0.9,1,30,0.90658,0.78762,0.55704,0.55374,0.16278
277,"Every day, Our customers always",euc_ctx,0.99,1,42,0.99185,0.83186,1.081,1.06147,0.13697
277,"Every day, Our customers always",cau_ctx,0.3,1,31,0.30713,0.73142,0.22465,0.23087,0.02069
277,"Every day, Our customers always",cau_ctx,0.5,1,39,0.51173,0.6944,0.40512,0.40982,0.02861
277,"Every day, Our customers always",cau_ctx,0.7,1,47,0.71284,0.6454,0.67144,0.67252,0.14202
277,"Every day, Our customers always",cau_ctx,0.9,1,59,0.90096,0.54684,1.22003,1.21233,0.15665
277,"Every day, Our customers always",cau_ctx,0.99,1,81,0.99019,0.32527,2.56063,2.53064,0.17757
277,"Every day, Our customers always",dua_ctx,0.3,1,30,0.30496,0.73671,0.21031,0.21494,0.00685
277,"Every day, Our customers always",dua_ctx,0.5,1,43,0.50394,0.70918,0.46236,0.46235,0.00992
277,"Every day, Our customers always",dua_ctx,0.7,1,56,0.70596,0.68338,0.81271,0.80488,0.01332
277,"Every day, Our customers always",dua_ctx,0.9,1,72,0.90595,0.66971,1.36296,1.34143,0.12936
277,"Every day, Our customers always",dua_ctx,0.99,1,89,0.99111,0.68269,2.09266,2.05072,0.16215
277,"Every day, Our customers always",euc_unemb,0.3,1,7,0.37295,0.72114,0.09974,0.10483,0.11843
277,"Every day, Our customers always",euc_unemb,0.5,1,8,0.50098,0.72882,0.14073,0.14509,0.1193
277,"Every day, Our customers always",euc_unemb,0.7,1,10,0.74157,0.758,0.26699,0.26804,0.1399
277,"Every day, Our customers always",euc_unemb,0.9,1,13,0.93314,0.79856,0.57266,0.56499,0.0428
277,"Every day, Our customers always",euc_unemb,0.99,1,17,0.99144,0.81165,1.09629,1.0738,0.0559
277,"Every day, Our customers always",cau_unemb,0.3,1,7,0.30968,0.69272,0.08941,0.09614,0.01899
277,"Every day, Our customers always",cau_unemb,0.5,1,9,0.53786,0.70468,0.14646,0.15251,0.0213
277,"Every day, Our customers always",cau_unemb,0.7,1,11,0.75092,0.73889,0.23139,0.23486,0.02574
277,"Every day, Our customers always",cau_unemb,0.9,1,14,0.92602,0.79225,0.43724,0.43386,0.03342
277,"Every day, Our customers always",cau_unemb,0.99,1,19,0.99249,0.82499,0.92512,0.90663,0.04091
277,"Every day, Our customers always",dua_unemb,0.3,1,8,0.34411,0.74713,0.07362,0.07741,0.00538
277,"Every day, Our customers always",dua_unemb,0.5,1,10,0.50524,0.75449,0.12716,0.12988,0.00677
277,"Every day, Our customers always",dua_unemb,0.7,1,13,0.72472,0.77238,0.24854,0.24789,0.01888
277,"Every day, Our customers always",dua_unemb,0.9,1,17,0.9097,0.79812,0.5069,0.49829,0.0319
277,"Every day, Our customers always",dua_unemb,0.99,1,23,0.99132,0.81611,1.08252,1.05581,0.04537
277,"Every day, Our customers always",euc_dmd,0.3,1,7,0.39627,0.68638,0.14605,0.15248,0.11958
277,"Every day, Our customers always",euc_dmd,0.5,1,8,0.52848,0.69403,0.19536,0.20116,0.12392
277,"Every day, Our customers always",euc_dmd,0.7,1,10,0.76571,0.73184,0.33051,0.33323,0.13297
277,"Every day, Our customers always",euc_dmd,0.9,1,12,0.90491,0.77789,0.52193,0.51954,0.17087
277,"Every day, Our customers always",euc_dmd,0.99,1,17,0.99266,0.84027,1.16264,1.14323,0.17688
277,"Every day, Our customers always",cau_dmd,0.3,1,8,0.40484,0.65084,0.17178,0.17996,0.12104
277,"Every day, Our customers always",cau_dmd,0.5,1,9,0.5198,0.6572,0.20827,0.21613,0.12654
277,"Every day, Our customers always",cau_dmd,0.7,1,11,0.7317,0.69282,0.30102,0.30694,0.15919
277,"Every day, Our customers always",cau_dmd,0.9,1,14,0.91484,0.76667,0.51687,0.51711,0.16361
277,"Every day, Our customers always",cau_dmd,0.99,1,19,0.99015,0.84061,1.04604,1.03281,0.15567
277,"Every day, Our customers always",dua_dmd,0.3,1,7,0.32781,0.71614,0.09022,0.09548,0.11585
277,"Every day, Our customers always",dua_dmd,0.5,1,9,0.5173,0.71065,0.15958,0.16466,0.11759
277,"Every day, Our customers always",dua_dmd,0.7,1,12,0.75589,0.71626,0.29188,0.29525,0.12277
277,"Every day, Our customers always",dua_dmd,0.9,1,16,0.92647,0.7433,0.51123,0.50982,0.1315
277,"Every day, Our customers always",dua_dmd,0.99,1,22,0.9925,0.7926,0.96066,0.94694,0.13353
209,"At home, We always",euc_ctx,0.3,1,31,0.34428,0.38938,0.74873,0.75253,0.1725
209,"At home, We always",euc_ctx,0.5,1,34,0.50463,0.38135,0.8289,0.83107,0.17391
209,"At home, We always",euc_ctx,0.7,1,38,0.7105,0.40636,0.87309,0.87233,0.17719
209,"At home, We always",euc_ctx,0.9,1,44,0.90076,0.50231,0.86107,0.85432,0.21403
209,"At home, We always",euc_ctx,0.99,1,56,0.99163,0.71447,0.95734,0.93405,0.06326
209,"At home, We always",cau_ctx,0.3,1,60,0.31282,0.15295,1.92033,1.91361,0.24243
209,"At home, We always",cau_ctx,0.5,1,67,0.50295,0.08304,2.64166,2.62664,0.24258
209,"At home, We always",cau_ctx,0.7,1,75,0.71662,0.04458,3.46595,3.44015,0.24851
209,"At home, We always",cau_ctx,0.9,1,87,0.90965,0.02191,4.60844,4.56541,0.25345
209,"At home, We always",cau_ctx,0.99,1,107,0.9904,0.0093,6.32894,6.25653,0.26024
209,"At home, We always",dua_ctx,0.3,1,45,0.30581,0.6506,0.34227,0.34325,0.04185
209,"At home, We always",dua_ctx,0.5,1,56,0.51421,0.63717,0.50713,0.50209,0.04373
209,"At home, We always",dua_ctx,0.7,1,67,0.71369,0.63738,0.71683,0.70332,0.04983
209,"At home, We always",dua_ctx,0.9,1,81,0.90471,0.65606,1.04092,1.01327,0.05436
209,"At home, We always",dua_ctx,0.99,1,97,0.99054,0.70003,1.48989,1.44108,0.05649
209,"At home, We always",euc_unemb,0.3,1,13,0.36477,0.50308,0.49959,0.50425,0.17187
209,"At home, We always",euc_unemb,0.5,1,15,0.6302,0.51887,0.6795,0.681,0.22005
209,"At home, We always",euc_unemb,0.7,1,16,0.74575,0.54352,0.78861,0.78776,0.23908
209,"At home, We always",euc_unemb,0.9,1,19,0.937,0.63399,1.18327,1.17273,0.27537
209,"At home, We always",euc_unemb,0.99,1,23,0.99221,0.69644,1.79401,1.76683,0.28376
209,"At home, We always",cau_unemb,0.3,1,14,0.32532,0.49615,0.50453,0.51246,0.17232
209,"At home, We always",cau_unemb,0.5,1,16,0.55673,0.50798,0.60673,0.61271,0.21777
209,"At home, We always",cau_unemb,0.7,1,18,0.76428,0.55891,0.71515,0.71768,0.23534
209,"At home, We always",cau_unemb,0.9,1,21,0.92964,0.65775,0.9275,0.92222,0.2341
209,"At home, We always",cau_unemb,0.99,1,26,0.99242,0.7475,1.43773,1.41528,0.2324
209,"At home, We always",dua_unemb,0.3,1,15,0.3627,0.68991,0.21025,0.21351,0.0414
209,"At home, We always",dua_unemb,0.5,1,17,0.50729,0.68883,0.29626,0.29717,0.04368
209,"At home, We always",dua_unemb,0.7,1,21,0.74652,0.7,0.52373,0.5171,0.04642
209,"At home, We always",dua_unemb,0.9,1,26,0.91123,0.72361,0.89335,0.87285,0.05081
209,"At home, We always",dua_unemb,0.99,1,33,0.99057,0.74731,1.5346,1.48876,0.05193
209,"At home, We always",euc_dmd,0.3,1,13,0.41918,0.33379,0.97131,0.97496,0.18546
209,"At home, We always",euc_dmd,0.5,1,14,0.55354,0.33374,1.05733,1.05943,0.2285
209,"At home, We always",euc_dmd,0.7,1,16,0.78338,0.37585,1.19591,1.19399,0.23094
209,"At home, We always",euc_dmd,0.9,1,18,0.91215,0.459,1.32474,1.31763,0.23303
209,"At home, We always",euc_dmd,0.99,1,23,0.99269,0.68305,1.77531,1.75116,0.21519
209,"At home, We always",cau_dmd,0.3,1,14,0.30815,0.34952,0.97191,0.97958,0.18351
209,"At home, We always",cau_dmd,0.5,1,16,0.52057,0.34672,1.05912,1.06479,0.18944
209,"At home, We always",cau_dmd,0.7,1,18,0.7221,0.38494,1.12538,1.12817,0.19129
209,"At home, We always",cau_dmd,0.9,1,21,0.90327,0.50034,1.25084,1.24761,0.18976
209,"At home, We always",cau_dmd,0.99,1,27,0.99111,0.74193,1.73892,1.71856,0.08969
209,"At home, We always",dua_dmd,0.3,1,13,0.34536,0.6295,0.275,0.28045,0.05515
209,"At home, We always",dua_dmd,0.5,1,15,0.54062,0.61503,0.3822,0.38619,0.05566
209,"At home, We always",dua_dmd,0.7,1,17,0.71278,0.61091,0.50104,0.50272,0.05979
209,"At home, We always",dua_dmd,0.9,1,21,0.90611,0.62652,0.74917,0.74408,0.07288
209,"At home, We always",dua_dmd,0.99,1,29,0.99209,0.68934,1.30556,1.28078,0.07886
66,"At home, Farmers also",euc_ctx,0.3,1,13,0.3326,0.56596,0.14495,0.1495,0.0201
66,"At home, Farmers also",euc_ctx,0.5,1,17,0.54405,0.56216,0.24145,0.24515,0.02468
66,"At home, Farmers also",euc_ctx,0.7,1,21,0.74069,0.58547,0.35442,0.35588,0.02806
66,"At home, Farmers also",euc_ctx,0.9,1,27,0.91354,0.64711,0.5675,0.56343,0.03033
66,"At home, Farmers also",euc_ctx,0.99,1,38,0.99141,0.73521,1.11057,1.09262,0.03258
66,"At home, Farmers also",cau_ctx,0.3,1,25,0.32047,0.57735,0.17711,0.18296,0.02765
66,"At home, Farmers also",cau_ctx,0.5,1,32,0.50923,0.56319,0.29981,0.30502,0.03147
66,"At home, Farmers also",cau_ctx,0.7,1,40,0.7206,0.55971,0.50173,0.50442,0.03085
66,"At home, Farmers also",cau_ctx,0.9,1,51,0.90215,0.55366,0.91554,0.91182,0.06359
66,"At home, Farmers also",cau_ctx,0.99,1,71,0.99031,0.47559,2.04642,2.02509,0.19702
66,"At home, Farmers also",dua_ctx,0.3,1,25,0.30618,0.62299,0.15592,0.15943,0.01358
66,"At home, Farmers also",dua_ctx,0.5,1,37,0.5122,0.60823,0.35881,0.35912,0.01829
66,"At home, Farmers also",dua_ctx,0.7,1,49,0.71453,0.5988,0.66466,0.65877,0.02506
66,"At home, Farmers also",dua_ctx,0.9,1,63,0.90141,0.60169,1.15433,1.13763,0.03067
66,"At home, Farmers also",dua_ctx,0.99,1,79,0.99026,0.62715,1.91168,1.87749,0.03611
66,"At home, Farmers also",euc_unemb,0.3,1,6,0.40615,0.57994,0.1505,0.15334,0.02969
66,"At home, Farmers also",euc_unemb,0.5,1,7,0.53753,0.58537,0.21451,0.21643,0.03163
66,"At home, Farmers also",euc_unemb,0.7,1,9,0.77091,0.61981,0.39628,0.39469,0.15939
66,"At home, Farmers also",euc_unemb,0.9,1,11,0.90709,0.66392,0.65187,0.64481,0.16039
66,"At home, Farmers also",euc_unemb,0.99,1,16,0.99291,0.71915,1.48839,1.46329,0.21785
66,"At home, Farmers also",cau_unemb,0.3,1,6,0.34528,0.57151,0.12146,0.12572,0.02528
66,"At home, Farmers also",cau_unemb,0.5,1,8,0.57958,0.58165,0.21664,0.21977,0.03051
66,"At home, Farmers also",cau_unemb,0.7,1,10,0.7823,0.6204,0.35305,0.35329,0.1585
66,"At home, Farmers also",cau_unemb,0.9,1,12,0.90323,0.66719,0.54052,0.53635,0.15943
66,"At home, Farmers also",cau_unemb,0.99,1,17,0.99004,0.73554,1.18067,1.16179,0.16194
66,"At home, Farmers also",dua_unemb,0.3,1,7,0.36648,0.63154,0.09913,0.10148,0.02095
66,"At home, Farmers also",dua_unemb,0.5,1,9,0.53008,0.63584,0.17968,0.18086,0.02367
66,"At home, Farmers also",dua_unemb,0.7,1,12,0.74051,0.65165,0.35798,0.35562,0.02652
66,"At home, Farmers also",dua_unemb,0.9,1,16,0.9047,0.6794,0.70124,0.691,0.15457
66,"At home, Farmers also",dua_unemb,0.99,1,23,0.99117,0.71259,1.53335,1.50293,0.15893
66,"At home, Farmers also",euc_dmd,0.3,1,5,0.30379,0.545,0.1419,0.14563,0.02746
66,"At home, Farmers also",euc_dmd,0.5,1,7,0.56182,0.5397,0.2602,0.26265,0.03088
66,"At home, Farmers also",euc_dmd,0.7,1,9,0.78941,0.57935,0.41222,0.41138,0.03531
66,"At home, Farmers also",euc_dmd,0.9,1,11,0.91587,0.64001,0.61617,0.61035,0.03679
66,"At home, Farmers also",euc_dmd,0.99,1,16,0.99341,0.75119,1.32103,1.29877,0.03738
66,"At home, Farmers also",cau_dmd,0.3,1,6,0.33786,0.53101,0.16701,0.17192,0.02837
66,"At home, Farmers also",cau_dmd,0.5,1,8,0.56366,0.53438,0.24934,0.25342,0.02994
66,"At home, Farmers also",cau_dmd,0.7,1,10,0.76378,0.57459,0.35317,0.35492,0.03391
66,"At home, Farmers also",cau_dmd,0.9,1,13,0.92628,0.66462,0.59799,0.59385,0.03599
66,"At home, Farmers also",cau_dmd,0.99,1,18,0.99144,0.77342,1.21181,1.19413,0.03645
66,"At home, Farmers also",dua_dmd,0.3,1,6,0.35702,0.60273,0.10566,0.10853,0.02348
66,"At home, Farmers also",dua_dmd,0.5,1,8,0.55476,0.59634,0.19348,0.19573,0.02899
66,"At home, Farmers also",dua_dmd,0.7,1,10,0.72339,0.59949,0.30093,0.30179,0.03044
66,"At home, Farmers also",dua_dmd,0.9,1,14,0.91012,0.62373,0.56138,0.55753,0.03418
66,"At home, Farmers also",dua_dmd,0.99,1,21,0.99133,0.67945,1.16693,1.14985,0.03553
247,"At home, Many people sometimes",euc_ctx,0.3,1,29,0.32932,0.46529,0.5486,0.55541,0.05751
247,"At home, Many people sometimes",euc_ctx,0.5,1,33,0.54852,0.46507,0.6775,0.68221,0.0616
247,"At home, Many people sometimes",euc_ctx,0.7,1,36,0.70472,0.48792,0.76411,0.76641,0.07066
247,"At home, Many people sometimes",euc_ctx,0.9,1,42,0.90092,0.56849,0.95109,0.94655,0.07124
247,"At home, Many people sometimes",euc_ctx,0.99,1,53,0.99011,0.69078,1.46601,1.44445,0.0701
247,"At home, Many people sometimes",cau_ctx,0.3,1,56,0.32177,0.14735,2.11841,2.11295,0.15362
247,"At home, Many people sometimes",cau_ctx,0.5,1,63,0.5204,0.075,2.98782,2.97329,0.15405
247,"At home, Many people sometimes",cau_ctx,0.7,1,70,0.71268,0.04172,3.84243,3.81789,0.16343
247,"At home, Many people sometimes",cau_ctx,0.9,1,81,0.90098,0.02067,5.09234,5.05132,0.17202
247,"At home, Many people sometimes",cau_ctx,0.99,1,102,0.99098,0.00804,7.29404,7.22092,0.17883
247,"At home, Many people sometimes",dua_ctx,0.3,1,41,0.30103,0.59902,0.40041,0.40431,0.01302
247,"At home, Many people sometimes",dua_ctx,0.5,1,51,0.50434,0.57607,0.65484,0.6533,0.02559
247,"At home, Many people sometimes",dua_ctx,0.7,1,61,0.70835,0.56112,0.9845,0.97509,0.03321
247,"At home, Many people sometimes",dua_ctx,0.9,1,74,0.90863,0.56104,1.52264,1.49942,0.06926
247,"At home, Many people sometimes",dua_ctx,0.99,1,89,0.99068,0.5864,2.30349,2.25904,0.06419
247,"At home, Many people sometimes",euc_unemb,0.3,1,12,0.30123,0.46973,0.3947,0.40055,0.11414
247,"At home, Many people sometimes",euc_unemb,0.5,1,14,0.56282,0.48003,0.52892,0.53228,0.12909
247,"At home, Many people sometimes",euc_unemb,0.7,1,16,0.79296,0.53179,0.71507,0.71386,0.15901
247,"At home, Many people sometimes",euc_unemb,0.9,1,18,0.91895,0.5959,0.97031,0.96264,0.16436
247,"At home, Many people sometimes",euc_unemb,0.99,1,23,0.99402,0.6836,1.81872,1.7903,0.17193
247,"At home, Many people sometimes",cau_unemb,0.3,1,14,0.38075,0.40526,0.55526,0.5623,0.14234
247,"At home, Many people sometimes",cau_unemb,0.5,1,16,0.61639,0.42304,0.64827,0.65299,0.13905
247,"At home, Many people sometimes",cau_unemb,0.7,1,17,0.72132,0.44627,0.69812,0.70114,0.14442
247,"At home, Many people sometimes",cau_unemb,0.9,1,20,0.91423,0.54441,0.90589,0.90183,0.1455
247,"At home, Many people sometimes",cau_unemb,0.99,1,25,0.99076,0.66636,1.48915,1.46868,0.13523
247,"At home, Many people sometimes",dua_unemb,0.3,1,14,0.37985,0.61247,0.19838,0.20299,0.02669
247,"At home, Many people sometimes",dua_unemb,0.5,1,16,0.55174,0.62241,0.28631,0.28896,0.10504
247,"At home, Many people sometimes",dua_unemb,0.7,1,18,0.70154,0.63837,0.40073,0.40043,0.13253
247,"At home, Many people sometimes",dua_unemb,0.9,1,23,0.92127,0.68655,0.81668,0.80468,0.14859
247,"At home, Many people sometimes",dua_unemb,0.99,1,29,0.99111,0.72624,1.56176,1.52885,0.15477
247,"At home, Many people sometimes",euc_dmd,0.3,1,12,0.34063,0.40775,0.6313,0.63863,0.13135
247,"At home, Many people sometimes",euc_dmd,0.5,1,14,0.60523,0.42255,0.80125,0.80599,0.1344
247,"At home, Many people sometimes",euc_dmd,0.7,1,15,0.72417,0.44886,0.90016,0.90293,0.08256
247,"At home, Many people sometimes",euc_dmd,0.9,1,18,0.9279,0.56347,1.2914,1.28575,0.08816
247,"At home, Many people sometimes",euc_dmd,0.99,1,22,0.99025,0.67952,1.9977,1.97688,0.09042
247,"At home, Many people sometimes",cau_dmd,0.3,1,14,0.35743,0.37348,0.82154,0.83098,0.13359
247,"At home, Many people sometimes",cau_dmd,0.5,1,16,0.58042,0.38426,0.969,0.97637,0.08933
247,"At home, Many people sometimes",cau_dmd,0.7,1,18,0.77228,0.42648,1.15942,1.16342,0.08863
247,"At home, Many people sometimes",cau_dmd,0.9,1,21,0.92711,0.51123,1.55925,1.55588,0.08501
247,"At home, Many people sometimes",cau_dmd,0.99,1,26,0.99098,0.59513,2.45669,2.4369,0.08663
247,"At home, Many people sometimes",dua_dmd,0.3,1,12,0.30953,0.57286,0.25356,0.26099,0.03224
247,"At home, Many people sometimes",dua_dmd,0.5,1,14,0.50712,0.56921,0.3731,0.37987,0.03375
247,"At home, Many people sometimes",dua_dmd,0.7,1,17,0.73563,0.58301,0.58142,0.58584,0.04109
247,"At home, Many people sometimes",dua_dmd,0.9,1,22,0.91687,0.62854,0.9903,0.98762,0.03988
247,"At home, Many people sometimes",dua_dmd,0.99,1,30,0.99243,0.70287,1.88752,1.86503,0.04962
119,"At work, People just",euc_ctx,0.3,1,22,0.3444,0.25941,0.47095,0.47754,0.06322
119,"At work, People just",euc_ctx,0.5,1,25,0.52137,0.2612,0.602,0.60771,0.06569
119,"At work, People just",euc_ctx,0.7,1,29,0.74212,0.29007,0.79115,0.79464,0.2115
119,"At work, People just",euc_ctx,0.9,1,34,0.9063,0.35545,1.08496,1.08398,0.28234
119,"At work, People just",euc_ctx,0.99,1,44,0.99083,0.4733,1.96163,1.94727,0.33099
119,"At work, People just",cau_ctx,0.3,1,39,0.31855,0.25216,0.94931,0.95755,0.29083
119,"At work, People just",cau_ctx,0.5,1,45,0.5106,0.19452,1.42981,1.43456,0.3084
119,"At work, People just",cau_ctx,0.7,1,52,0.72656,0.13907,2.1442,2.14247,0.3414
119,"At work, People just",cau_ctx,0.9,1,62,0.90962,0.0856,3.35677,3.34272,0.35792
119,"At work, People just",cau_ctx,0.99,1,80,0.99095,0.03678,5.77242,5.73249,0.36749
119,"At work, People just",dua_ctx,0.3,1,31,0.30585,0.33494,0.25397,0.25581,0.03065
119,"At work, People just",dua_ctx,0.5,1,39,0.50307,0.32757,0.38127,0.37949,0.02757
119,"At work, People just",dua_ctx,0.7,1,48,0.70712,0.33232,0.5581,0.55022,0.02886
119,"At work, People just",dua_ctx,0.9,1,61,0.90325,0.35477,0.8865,0.86667,0.02499
119,"At work, People just",dua_ctx,0.99,1,79,0.99072,0.3934,1.52256,1.4813,0.04941
119,"At work, People just",euc_unemb,0.3,1,10,0.3637,0.30093,0.50454,0.50741,0.22938
119,"At work, People just",euc_unemb,0.5,1,12,0.62765,0.31194,0.77509,0.77501,0.30824
119,"At work, People just",euc_unemb,0.7,1,13,0.74306,0.32768,0.94769,0.94538,0.31409
119,"At work, People just",euc_unemb,0.9,1,16,0.93569,0.38278,1.6317,1.61994,0.36229
119,"At work, People just",euc_unemb,0.99,1,20,0.99202,0.41,2.82822,2.79976,0.34325
119,"At work, People just",cau_unemb,0.3,1,11,0.36836,0.2695,0.61726,0.62284,0.22725
119,"At work, People just",cau_unemb,0.5,1,13,0.60526,0.27617,0.85024,0.85376,0.30781
119,"At work, People just",cau_unemb,0.7,1,14,0.71249,0.28972,0.98381,0.9858,0.30905
119,"At work, People just",cau_unemb,0.9,1,17,0.91172,0.35173,1.48729,1.48269,0.35933
119,"At work, People just",cau_unemb,0.99,1,22,0.99074,0.42359,2.66769,2.64723,0.34129
119,"At work, People just",dua_unemb,0.3,1,11,0.302,0.37674,0.16178,0.1635,0.02469
119,"At work, People just",dua_unemb,0.5,1,14,0.52066,0.38926,0.26995,0.26864,0.02534
119,"At work, People just",dua_unemb,0.7,1,17,0.7026,0.41211,0.40847,0.40253,0.02804
119,"At work, People just",dua_unemb,0.9,1,23,0.91613,0.46491,0.79213,0.77309,0.21321
119,"At work, People just",dua_unemb,0.99,1,30,0.99058,0.51366,1.50184,1.46197,0.24236
119,"At work, People just",euc_dmd,0.3,1,9,0.31241,0.25325,0.79731,0.80309,0.2468
119,"At work, People just",euc_dmd,0.5,1,11,0.58186,0.24196,1.17366,1.17681,0.36212
119,"At work, People just",euc_dmd,0.7,1,12,0.70764,0.24956,1.38274,1.38392,0.37966
119,"At work, People just",euc_dmd,0.9,1,15,0.92558,0.30025,2.12945,2.1224,0.38573
119,"At work, People just",euc_dmd,0.99,1,19,0.99056,0.34878,3.40763,3.38555,0.38845
119,"At work, People just",cau_dmd,0.3,1,10,0.30001,0.23817,1.07004,1.07924,0.34208
119,"At work, People just",cau_dmd,0.5,1,12,0.5285,0.22312,1.43357,1.44115,0.39845
119,"At work, People just",cau_dmd,0.7,1,14,0.74216,0.23579,1.81897,1.82381,0.39751
119,"At work, People just",cau_dmd,0.9,1,17,0.9202,0.28412,2.50157,2.50029,0.39727
119,"At work, People just",cau_dmd,0.99,1,22,0.99109,0.34578,3.96217,3.94644,0.40074
119,"At work, People just",dua_dmd,0.3,1,10,0.33971,0.33822,0.26323,0.26689,0.02648
119,"At work, People just",dua_dmd,0.5,1,12,0.52383,0.33597,0.37985,0.38216,0.02752
119,"At work, People just",dua_dmd,0.7,1,15,0.74879,0.34798,0.58416,0.58323,0.05476
119,"At work, People just",dua_dmd,0.9,1,19,0.9103,0.37928,0.93405,0.927,0.24068
119,"At work, People just",dua_dmd,0.99,1,27,0.99169,0.45283,2.19919,2.17406,0.34299
9,"Usually, They also",euc_ctx,0.3,1,14,0.34291,0.4614,0.20132,0.20642,0.04835
9,"Usually, They also",euc_ctx,0.5,1,17,0.51105,0.46832,0.30408,0.30869,0.05536
9,"Usually, They also",euc_ctx,0.7,1,21,0.72525,0.50686,0.46937,0.47206,0.05864
9,"Usually, They also",euc_ctx,0.9,1,27,0.91371,0.59944,0.78027,0.77756,0.06711
9,"Usually, They also",euc_ctx,0.99,1,37,0.99068,0.72057,1.48007,1.46421,0.07026
9,"Usually, They also",cau_ctx,0.3,1,26,0.31223,0.44252,0.31721,0.3242,0.05071
9,"Usually, They also",cau_ctx,0.5,1,33,0.51383,0.42958,0.52018,0.52667,0.05894
9,"Usually, They also",cau_ctx,0.7,1,40,0.7122,0.43917,0.76671,0.77135,0.06462
9,"Usually, They also",cau_ctx,0.9,1,51,0.90504,0.47681,1.24716,1.24633,0.17436
9,"Usually, They also",cau_ctx,0.99,1,70,0.99021,0.47141,2.41765,2.4016,0.23086
9,"Usually, They also",dua_ctx,0.3,1,25,0.31157,0.5247,0.20326,0.2067,0.03926
9,"Usually, They also",dua_ctx,0.5,1,36,0.51287,0.52967,0.43233,0.43234,0.04324
9,"Usually, They also",dua_ctx,0.7,1,47,0.70055,0.54515,0.76844,0.76206,0.0525
9,"Usually, They also",dua_ctx,0.9,1,63,0.90306,0.58248,1.46611,1.44556,0.05968
9,"Usually, They also",dua_ctx,0.99,1,79,0.9901,0.62612,2.48937,2.44912,0.05605
9,"Usually, They also",euc_unemb,0.3,1,6,0.3742,0.45659,0.18766,0.19061,0.03825
9,"Usually, They also",euc_unemb,0.5,1,7,0.51349,0.47003,0.27434,0.27659,0.04723
9,"Usually, They also",euc_unemb,0.7,1,9,0.76748,0.53728,0.52206,0.52129,0.16793
9,"Usually, They also",euc_unemb,0.9,1,11,0.91196,0.62878,0.86708,0.86113,0.20998
9,"Usually, They also",euc_unemb,0.99,1,15,0.99033,0.75258,1.7474,1.7269,0.25231
9,"Usually, They also",cau_unemb,0.3,1,6,0.31217,0.40941,0.17618,0.18074,0.0381
9,"Usually, They also",cau_unemb,0.5,1,8,0.55904,0.41812,0.31517,0.31909,0.16094
9,"Usually, They also",cau_unemb,0.7,1,10,0.77919,0.47348,0.49187,0.49362,0.20827
9,"Usually, They also",cau_unemb,0.9,1,12,0.9072,0.55537,0.7096,0.70769,0.21069
9,"Usually, They also",cau_unemb,0.99,1,17,0.99183,0.71918,1.45391,1.43834,0.22023
9,"Usually, They also",dua_unemb,0.3,1,7,0.306,0.52448,0.09671,0.09961,0.02085
9,"Usually, They also",dua_unemb,0.5,1,10,0.51961,0.5406,0.2246,0.2258,0.0219
9,"Usually, They also",dua_unemb,0.7,1,14,0.73751,0.57616,0.48564,0.48138,0.02972
9,"Usually, They also",dua_unemb,0.9,1,20,0.91146,0.63178,1.06734,1.04931,0.05568
9,"Usually, They also",dua_unemb,0.99,1,28,0.99187,0.68794,2.17067,2.12725,0.0707
9,"Usually, They also",euc_dmd,0.3,1,6,0.43403,0.42094,0.26891,0.27312,0.05117
9,"Usually, They also",euc_dmd,0.5,1,7,0.58343,0.43502,0.36455,0.36801,0.05272
9,"Usually, They also",euc_dmd,0.7,1,8,0.71864,0.46503,0.47181,0.47394,0.05631
9,"Usually, They also",euc_dmd,0.9,1,11,0.93862,0.6044,0.88623,0.88133,0.18006
9,"Usually, They also",euc_dmd,0.99,1,15,0.99375,0.74759,1.66801,1.64916,0.1886
9,"Usually, They also",cau_dmd,0.3,1,6,0.3511,0.37533,0.27055,0.27684,0.04221
9,"Usually, They also",cau_dmd,0.5,1,8,0.61065,0.38142,0.42131,0.42697,0.17265
9,"Usually, They also",cau_dmd,0.7,1,9,0.72632,0.40248,0.49858,0.50331,0.05949
9,"Usually, They also",cau_dmd,0.9,1,12,0.92602,0.50447,0.79791,0.7976,0.06242
9,"Usually, They also",cau_dmd,0.99,1,17,0.99345,0.6373,1.60094,1.58705,0.06683
9,"Usually, They also",dua_dmd,0.3,1,6,0.32754,0.50284,0.12197,0.12586,0.02264
9,"Usually, They also",dua_dmd,0.5,1,8,0.54081,0.50731,0.23449,0.23804,0.03821
9,"Usually, They also",dua_dmd,0.7,1,10,0.72961,0.52358,0.37712,0.37936,0.04874
9,"Usually, They also",dua_dmd,0.9,1,13,0.9052,0.56152,0.63849,0.63713,0.05682
9,"Usually, They also",dua_dmd,0.99,1,19,0.99288,0.64191,1.34862,1.33568,0.07022
135,"In this case, People also",euc_ctx,0.3,1,13,0.32154,0.33863,0.19828,0.20085,0.05606
135,"In this case, People also",euc_ctx,0.5,1,17,0.53859,0.3262,0.28296,0.28465,0.06169
135,"In this case, People also",euc_ctx,0.7,1,21,0.74175,0.3516,0.34982,0.34979,0.06165
135,"In this case, People also",euc_ctx,0.9,1,27,0.91709,0.44328,0.45118,0.44704,0.04639
135,"In this case, People also",euc_ctx,0.99,1,37,0.99045,0.62377,0.77543,0.76118,0.01972
135,"In this case, People also",cau_ctx,0.3,1,24,0.30611,0.35832,0.2318,0.23669,0.0571
135,"In this case, People also",cau_ctx,0.5,1,31,0.50422,0.33936,0.34749,0.35198,0.05393
135,"In this case, People also",cau_ctx,0.7,1,38,0.70108,0.34715,0.46848,0.47156,0.05537
135,"In this case, People also",cau_ctx,0.9,1,50,0.90769,0.39061,0.75675,0.75493,0.11145
135,"In this case, People also",cau_ctx,0.99,1,70,0.99077,0.3665,1.72196,1.70521,0.14949
135,"In this case, People also",dua_ctx,0.3,1,24,0.31351,0.47927,0.14232,0.14443,0.01105
135,"In this case, People also",dua_ctx,0.5,1,34,0.51587,0.4748,0.28008,0.27951,0.04402
135,"In this case, People also",dua_ctx,0.7,1,44,0.71113,0.48542,0.46807,0.46287,0.04769
135,"In this case, People also",dua_ctx,0.9,1,58,0.90787,0.52476,0.82109,0.80644,0.02515
135,"In this case, People also",dua_ctx,0.99,1,74,0.9901,0.59376,1.37873,1.34922,0.02178
135,"In this case, People also",euc_unemb,0.3,1,6,0.327,0.36835,0.15563,0.15705,0.04912
135,"In this case, People also",euc_unemb,0.5,1,8,0.56791,0.36937,0.23664,0.2366,0.05409
135,"In this case, People also",euc_unemb,0.7,1,10,0.78119,0.41414,0.33306,0.33026,0.0337
135,"In this case, People also",euc_unemb,0.9,1,12,0.90685,0.4842,0.48016,0.47323,0.03306
135,"In this case, People also",euc_unemb,0.99,1,17,0.99181,0.6142,1.1569,1.13487,0.04624
135,"In this case, People also",cau_unemb,0.3,1,7,0.39563,0.35529,0.17523,0.17799,0.04992
135,"In this case, People also",cau_unemb,0.5,1,8,0.50958,0.35621,0.20595,0.20828,0.04968
135,"In this case, People also",cau_unemb,0.7,1,10,0.72298,0.38841,0.26462,0.26531,0.04871
135,"In this case, People also",cau_unemb,0.9,1,13,0.9115,0.4887,0.39952,0.39577,0.04334
135,"In this case, People also",cau_unemb,0.99,1,19,0.99356,0.65559,1.01486,0.99657,0.0341
135,"In this case, People also",dua_unemb,0.3,1,8,0.35017,0.49867,0.09966,0.10033,0.01119
135,"In this case, People also",dua_unemb,0.5,1,11,0.55768,0.51101,0.2082,0.20603,0.01272
135,"In this case, People also",dua_unemb,0.7,1,14,0.72525,0.53311,0.35558,0.34904,0.01209
135,"In this case, People also",dua_unemb,0.9,1,19,0.90056,0.57888,0.67908,0.66289,0.01411
135,"In this case, People also",dua_unemb,0.99,1,27,0.9917,0.65146,1.41575,1.37938,0.03128
135,"In this case, People also",euc_dmd,0.3,1,6,0.41955,0.29269,0.27841,0.27948,0.07748
135,"In this case, People also",euc_dmd,0.5,1,7,0.55826,0.28857,0.33797,0.33815,0.07787
135,"In this case, People also",euc_dmd,0.7,1,9,0.79373,0.32185,0.4445,0.44202,0.07887
135,"In this case, People also",euc_dmd,0.9,1,11,0.92078,0.39662,0.56201,0.55575,0.07852
135,"In this case, People also",euc_dmd,0.99,1,15,0.99033,0.57752,0.94562,0.92895,0.06843
135,"In this case, People also",cau_dmd,0.3,1,6,0.37082,0.28625,0.26267,0.26573,0.07809
135,"In this case, People also",cau_dmd,0.5,1,8,0.62443,0.28029,0.36744,0.36939,0.08089
135,"In this case, People also",cau_dmd,0.7,1,9,0.73553,0.29552,0.4141,0.41512,0.08401
135,"In this case, People also",cau_dmd,0.9,1,12,0.92735,0.3949,0.57284,0.56964,0.08122
135,"In this case, People also",cau_dmd,0.99,1,17,0.99338,0.60206,1.067,1.05257,0.06098
135,"In this case, People also",dua_dmd,0.3,1,6,0.34071,0.45709,0.09522,0.09672,0.01693
135,"In this case, People also",dua_dmd,0.5,1,8,0.5503,0.44871,0.17642,0.17671,0.01965
135,"In this case, People also",dua_dmd,0.7,1,10,0.72808,0.45206,0.27474,0.27297,0.02033
135,"In this case, People also",dua_dmd,0.9,1,14,0.92013,0.47879,0.50264,0.49504,0.02049
135,"In this case, People also",dua_dmd,0.99,1,20,0.99071,0.53543,0.91151,0.89257,0.02765
265,"Every day, We sometimes",euc_ctx,0.3,1,29,0.3359,0.55399,0.45053,0.4567,0.05686
265,"Every day, We sometimes",euc_ctx,0.5,1,32,0.50309,0.54979,0.56168,0.56619,0.06927
265,"Every day, We sometimes",euc_ctx,0.7,1,36,0.71779,0.57009,0.71497,0.71593,0.08264
265,"Every day, We sometimes",euc_ctx,0.9,1,42,0.90926,0.62981,0.96953,0.96266,0.08701
265,"Every day, We sometimes",euc_ctx,0.99,1,53,0.99162,0.70912,1.5718,1.54643,0.07956
265,"Every day, We sometimes",cau_ctx,0.3,1,55,0.30621,0.23885,1.68002,1.6763,0.18746
265,"Every day, We sometimes",cau_ctx,0.5,1,62,0.50943,0.12585,2.54881,2.53623,0.19237
265,"Every day, We sometimes",cau_ctx,0.7,1,69,0.71011,0.07048,3.4377,3.41494,0.21014
265,"Every day, We sometimes",cau_ctx,0.9,1,80,0.90463,0.03518,4.73787,4.69813,0.22615
265,"Every day, We sometimes",cau_ctx,0.99,1,99,0.99005,0.01525,6.78647,6.71661,0.23266
265,"Every day, We sometimes",dua_ctx,0.3,1,42,0.30461,0.63219,0.39606,0.39748,0.04511
265,"Every day, We sometimes",dua_ctx,0.5,1,53,0.51271,0.60311,0.68139,0.67594,0.04927
265,"Every day, We sometimes",dua_ctx,0.7,1,63,0.70649,0.58466,1.00901,0.995,0.05129
265,"Every day, We sometimes",dua_ctx,0.9,1,76,0.90361,0.58136,1.52522,1.49673,0.06156
265,"Every day, We sometimes",dua_ctx,0.99,1,91,0.99001,0.60537,2.27803,2.22747,0.07276
265,"Every day, We sometimes",euc_unemb,0.3,1,12,0.32568,0.53655,0.35715,0.36324,0.07517
265,"Every day, We sometimes",euc_unemb,0.5,1,14,0.60134,0.54339,0.55213,0.55525,0.15691
265,"Every day, We sometimes",euc_unemb,0.7,1,15,0.72734,0.55967,0.68483,0.68553,0.15939
265,"Every day, We sometimes",euc_unemb,0.9,1,18,0.93663,0.61741,1.18947,1.17978,0.21765
265,"Every day, We sometimes",euc_unemb,0.99,1,22,0.99315,0.64841,1.95514,1.92789,0.22888
265,"Every day, We sometimes",cau_unemb,0.3,1,14,0.41126,0.47563,0.4836,0.49082,0.0687
265,"Every day, We sometimes",cau_unemb,0.5,1,15,0.53667,0.4785,0.55854,0.56456,0.07519
265,"Every day, We sometimes",cau_unemb,0.7,1,17,0.76074,0.50829,0.74354,0.74582,0.15936
265,"Every day, We sometimes",cau_unemb,0.9,1,20,0.93505,0.57151,1.10354,1.09727,0.20651
265,"Every day, We sometimes",cau_unemb,0.99,1,24,0.99072,0.61484,1.6833,1.66255,0.21712
265,"Every day, We sometimes",dua_unemb,0.3,1,13,0.30476,0.64335,0.184,0.18867,0.05456
265,"Every day, We sometimes",dua_unemb,0.5,1,16,0.55166,0.65791,0.33419,0.33586,0.06736
265,"Every day, We sometimes",dua_unemb,0.7,1,19,0.75409,0.68436,0.54901,0.54543,0.07442
265,"Every day, We sometimes",dua_unemb,0.9,1,23,0.91359,0.72206,0.93375,0.9199,0.08493
265,"Every day, We sometimes",dua_unemb,0.99,1,29,0.99165,0.76103,1.69989,1.66476,0.09285
265,"Every day, We sometimes",euc_dmd,0.3,1,12,0.35196,0.46736,0.56768,0.57617,0.08169
265,"Every day, We sometimes",euc_dmd,0.5,1,14,0.6316,0.48091,0.80418,0.80991,0.20523
265,"Every day, We sometimes",euc_dmd,0.7,1,15,0.75257,0.50634,0.94887,0.9524,0.20915
265,"Every day, We sometimes",euc_dmd,0.9,1,17,0.90507,0.57463,1.29026,1.28796,0.22663
265,"Every day, We sometimes",euc_dmd,0.99,1,22,0.99381,0.69943,2.29553,2.27361,0.23555
265,"Every day, We sometimes",cau_dmd,0.3,1,14,0.35013,0.43258,0.72755,0.73821,0.08834
265,"Every day, We sometimes",cau_dmd,0.5,1,16,0.58296,0.43835,0.90528,0.91393,0.09134
265,"Every day, We sometimes",cau_dmd,0.7,1,18,0.78257,0.47781,1.13607,1.14124,0.25102
265,"Every day, We sometimes",cau_dmd,0.9,1,20,0.90192,0.53244,1.43038,1.43072,0.26567
265,"Every day, We sometimes",cau_dmd,0.99,1,26,0.99321,0.63799,2.53658,2.51744,0.27099
265,"Every day, We sometimes",dua_dmd,0.3,1,13,0.35783,0.59377,0.30826,0.31569,0.05147
265,"Every day, We sometimes",dua_dmd,0.5,1,15,0.53317,0.59368,0.44035,0.44672,0.06099
265,"Every day, We sometimes",dua_dmd,0.7,1,18,0.73193,0.61199,0.66482,0.66821,0.06666
265,"Every day, We sometimes",dua_dmd,0.9,1,24,0.91883,0.67424,1.19885,1.19198,0.08358
265,"Every day, We sometimes",dua_dmd,0.99,1,32,0.99293,0.74394,2.15972,2.13061,0.08595
195,"At home, Most doctors now",euc_ctx,0.3,1,29,0.31076,0.30454,0.43457,0.44238,0.20624
195,"At home, Most doctors now",euc_ctx,0.5,1,33,0.5151,0.31551,0.63018,0.63675,0.2231
195,"At home, Most doctors now",euc_ctx,0.7,1,37,0.7143,0.34533,0.88434,0.88849,0.22694
195,"At home, Most doctors now",euc_ctx,0.9,1,43,0.90006,0.41004,1.39128,1.38966,0.33186
195,"At home, Most doctors now",euc_ctx,0.99,1,55,0.9914,0.51177,2.75675,2.73871,0.36669
195,"At home, Most doctors now",cau_ctx,0.3,1,55,0.31669,0.09097,1.57169,1.56884,0.22462
195,"At home, Most doctors now",cau_ctx,0.5,1,62,0.50863,0.05009,2.39751,2.38717,0.22629
195,"At home, Most doctors now",cau_ctx,0.7,1,70,0.72219,0.02681,3.42604,3.40572,0.24997
195,"At home, Most doctors now",cau_ctx,0.9,1,81,0.90271,0.01364,4.85599,4.82102,0.28963
195,"At home, Most doctors now",cau_ctx,0.99,1,102,0.99089,0.00532,7.54272,7.47903,0.32259
195,"At home, Most doctors now",dua_ctx,0.3,1,41,0.31163,0.31514,0.33383,0.33761,0.01272
195,"At home, Most doctors now",dua_ctx,0.5,1,51,0.50593,0.30401,0.55672,0.5569,0.02191
195,"At home, Most doctors now",dua_ctx,0.7,1,62,0.71527,0.29654,0.88804,0.88219,0.02429
195,"At home, Most doctors now",dua_ctx,0.9,1,76,0.90439,0.2964,1.47108,1.45446,0.18141
195,"At home, Most doctors now",dua_ctx,0.99,1,95,0.99032,0.30898,2.71778,2.68082,0.27826
195,"At home, Most doctors now",euc_unemb,0.3,1,13,0.38266,0.27087,0.30288,0.30683,0.02125
195,"At home, Most doctors now",euc_unemb,0.5,1,14,0.50769,0.28189,0.38484,0.38786,0.02217
195,"At home, Most doctors now",euc_unemb,0.7,1,16,0.74096,0.32041,0.62754,0.62733,0.16243
195,"At home, Most doctors now",euc_unemb,0.9,1,19,0.92995,0.38451,1.22621,1.21767,0.26739
195,"At home, Most doctors now",euc_unemb,0.99,1,23,0.99044,0.42172,2.3281,2.30454,0.30922
195,"At home, Most doctors now",cau_unemb,0.3,1,14,0.36746,0.25154,0.36973,0.37695,0.02331
195,"At home, Most doctors now",cau_unemb,0.5,1,16,0.59431,0.2737,0.52365,0.52954,0.06631
195,"At home, Most doctors now",cau_unemb,0.7,1,18,0.78687,0.31785,0.74292,0.74613,0.29733
195,"At home, Most doctors now",cau_unemb,0.9,1,20,0.90287,0.37119,1.04867,1.04786,0.2688
195,"At home, Most doctors now",cau_unemb,0.99,1,26,0.99325,0.47299,2.39043,2.37222,0.32381
195,"At home, Most doctors now",dua_unemb,0.3,1,14,0.34541,0.32028,0.184,0.18681,0.01309
195,"At home, Most doctors now",dua_unemb,0.5,1,16,0.50037,0.32544,0.27213,0.27329,0.01333
195,"At home, Most doctors now",dua_unemb,0.7,1,19,0.70545,0.3383,0.45119,0.44868,0.01594
195,"At home, Most doctors now",dua_unemb,0.9,1,24,0.91543,0.36407,0.91511,0.90331,0.22995
195,"At home, Most doctors now",dua_unemb,0.99,1,30,0.99082,0.38724,1.90323,1.8746,0.27247
195,"At home, Most doctors now",euc_dmd,0.3,1,12,0.32162,0.24791,0.37599,0.38363,0.03128
195,"At home, Most doctors now",euc_dmd,0.5,1,14,0.57512,0.27002,0.55905,0.56534,0.05811
195,"At home, Most doctors now",euc_dmd,0.7,1,16,0.79416,0.3242,0.82208,0.8254,0.1948
195,"At home, Most doctors now",euc_dmd,0.9,1,18,0.91645,0.39498,1.18928,1.18797,0.29431
195,"At home, Most doctors now",euc_dmd,0.99,1,23,0.99323,0.529,2.47981,2.4621,0.35448
195,"At home, Most doctors now",cau_dmd,0.3,1,14,0.37198,0.21118,0.53112,0.54148,0.0339
195,"At home, Most doctors now",cau_dmd,0.5,1,16,0.59744,0.22684,0.7245,0.73377,0.19013
195,"At home, Most doctors now",cau_dmd,0.7,1,17,0.70104,0.24307,0.84346,0.85172,0.23878
195,"At home, Most doctors now",cau_dmd,0.9,1,20,0.90166,0.31221,1.31759,1.32093,0.29309
195,"At home, Most doctors now",cau_dmd,0.99,1,26,0.99255,0.41201,2.7654,2.75232,0.33382
195,"At home, Most doctors now",dua_dmd,0.3,1,13,0.34969,0.30394,0.19342,0.19946,0.01378
195,"At home, Most doctors now",dua_dmd,0.5,1,15,0.52972,0.3092,0.27921,0.28448,0.01417
195,"At home, Most doctors now",dua_dmd,0.7,1,18,0.74829,0.32541,0.44497,0.44804,0.0169
195,"At home, Most doctors now",dua_dmd,0.9,1,22,0.9108,0.35381,0.74743,0.74586,0.0582
195,"At home, Most doctors now",dua_dmd,0.99,1,29,0.99129,0.40234,1.61615,1.60169,0.26291
45,"Honestly, These kids sometimes",euc_ctx,0.3,1,14,0.32195,0.42422,0.24765,0.25152,0.13853
45,"Honestly, These kids sometimes",euc_ctx,0.5,1,18,0.55212,0.41649,0.42443,0.42683,0.14873
45,"Honestly, These kids sometimes",euc_ctx,0.7,1,21,0.71529,0.42741,0.58566,0.5859,0.1704
45,"Honestly, These kids sometimes",euc_ctx,0.9,1,27,0.91166,0.46829,0.98036,0.97394,0.17734
45,"Honestly, These kids sometimes",euc_ctx,0.99,1,37,0.99047,0.50654,1.82452,1.80304,0.17802
45,"Honestly, These kids sometimes",cau_ctx,0.3,1,29,0.32475,0.40692,0.51775,0.52244,0.15328
45,"Honestly, These kids sometimes",cau_ctx,0.5,1,36,0.52484,0.34538,0.88102,0.88314,0.1894
45,"Honestly, These kids sometimes",cau_ctx,0.7,1,43,0.71896,0.28768,1.35997,1.3575,0.17572
45,"Honestly, These kids sometimes",cau_ctx,0.9,1,54,0.90702,0.20921,2.31138,2.29826,0.18489
45,"Honestly, These kids sometimes",cau_ctx,0.99,1,73,0.9904,0.11086,4.34138,4.30413,0.2074
45,"Honestly, These kids sometimes",dua_ctx,0.3,1,27,0.30915,0.47412,0.25925,0.25957,0.13322
45,"Honestly, These kids sometimes",dua_ctx,0.5,1,38,0.51569,0.45283,0.53618,0.53114,0.14245
45,"Honestly, These kids sometimes",dua_ctx,0.7,1,48,0.7087,0.44053,0.89378,0.88138,0.1496
45,"Honestly, These kids sometimes",dua_ctx,0.9,1,61,0.90646,0.43947,1.52572,1.50039,0.1505
45,"Honestly, These kids sometimes",dua_ctx,0.99,1,76,0.99132,0.45909,2.55778,2.51256,0.15515
45,"Honestly, These kids sometimes",euc_unemb,0.3,1,6,0.38608,0.42807,0.19813,0.2002,0.15174
45,"Honestly, These kids sometimes",euc_unemb,0.5,1,7,0.53678,0.43645,0.28863,0.28959,0.16612
45,"Honestly, These kids sometimes",euc_unemb,0.7,1,9,0.79751,0.48541,0.5614,0.55813,0.16606
45,"Honestly, These kids sometimes",euc_unemb,0.9,1,11,0.93053,0.54329,0.95384,0.94394,0.18513
45,"Honestly, These kids sometimes",euc_unemb,0.99,1,15,0.99357,0.59874,1.93406,1.90701,0.20767
45,"Honestly, These kids sometimes",cau_unemb,0.3,1,6,0.32068,0.39548,0.18634,0.19015,0.14511
45,"Honestly, These kids sometimes",cau_unemb,0.5,1,8,0.59112,0.40447,0.33509,0.33754,0.16862
45,"Honestly, These kids sometimes",cau_unemb,0.7,1,9,0.71655,0.4268,0.4328,0.43386,0.17513
45,"Honestly, These kids sometimes",cau_unemb,0.9,1,12,0.9308,0.52468,0.83701,0.83111,0.17597
45,"Honestly, These kids sometimes",cau_unemb,0.99,1,16,0.99194,0.61434,1.58399,1.56467,0.20247
45,"Honestly, These kids sometimes",dua_unemb,0.3,1,7,0.31565,0.49987,0.1065,0.10851,0.1078
45,"Honestly, These kids sometimes",dua_unemb,0.5,1,10,0.56997,0.50226,0.23944,0.23934,0.11195
45,"Honestly, These kids sometimes",dua_unemb,0.7,1,12,0.72479,0.51343,0.36705,0.36421,0.12197
45,"Honestly, These kids sometimes",dua_unemb,0.9,1,16,0.91642,0.54984,0.73127,0.71969,0.13152
45,"Honestly, These kids sometimes",dua_unemb,0.99,1,22,0.99175,0.60559,1.52096,1.49057,0.15362
45,"Honestly, These kids sometimes",euc_dmd,0.3,1,6,0.42215,0.40882,0.26755,0.27075,0.17137
45,"Honestly, These kids sometimes",euc_dmd,0.5,1,7,0.57906,0.41889,0.37313,0.37524,0.18235
45,"Honestly, These kids sometimes",euc_dmd,0.7,1,8,0.7212,0.44317,0.50221,0.50257,0.17196
45,"Honestly, These kids sometimes",euc_dmd,0.9,1,10,0.90094,0.51375,0.83734,0.83235,0.20207
45,"Honestly, These kids sometimes",euc_dmd,0.99,1,14,0.99088,0.62072,1.74685,1.72644,0.2062
45,"Honestly, These kids sometimes",cau_dmd,0.3,1,6,0.32277,0.38402,0.26842,0.27375,0.17162
45,"Honestly, These kids sometimes",cau_dmd,0.5,1,8,0.58861,0.38572,0.45161,0.45584,0.17763
45,"Honestly, These kids sometimes",cau_dmd,0.7,1,9,0.7112,0.40316,0.55995,0.56292,0.18727
45,"Honestly, These kids sometimes",cau_dmd,0.9,1,12,0.92409,0.48445,0.99155,0.98811,0.19014
45,"Honestly, These kids sometimes",cau_dmd,0.99,1,17,0.99359,0.56577,2.02669,2.0072,0.19644
45,"Honestly, These kids sometimes",dua_dmd,0.3,1,7,0.39891,0.47536,0.18072,0.18351,0.11512
45,"Honestly, These kids sometimes",dua_dmd,0.5,1,8,0.5051,0.47199,0.24294,0.24535,0.11839
45,"Honestly, These kids sometimes",dua_dmd,0.7,1,10,0.70259,0.47454,0.39192,0.39293,0.13422
45,"Honestly, These kids sometimes",dua_dmd,0.9,1,14,0.92672,0.50791,0.78402,0.77968,0.15084
45,"Honestly, These kids sometimes",dua_dmd,0.99,1,19,0.99083,0.56412,1.45464,1.4394,0.15777
86,"In this case, The workers just",euc_ctx,0.3,1,18,0.30386,0.13838,0.34007,0.33965,0.21683
86,"In this case, The workers just",euc_ctx,0.5,1,22,0.51449,0.12855,0.40098,0.39947,0.21779
86,"In this case, The workers just",euc_ctx,0.7,1,26,0.71968,0.14005,0.41173,0.40883,0.21312
86,"In this case, The workers just",euc_ctx,0.9,1,32,0.90597,0.19646,0.37298,0.36743,0.20458
86,"In this case, The workers just",euc_ctx,0.99,1,43,0.9907,0.39983,0.40086,0.38804,0.05768
86,"In this case, The workers just",cau_ctx,0.3,1,32,0.3133,0.16157,0.36027,0.36192,0.21281
86,"In this case, The workers just",cau_ctx,0.5,1,39,0.52429,0.15356,0.44961,0.45036,0.25879
86,"In this case, The workers just",cau_ctx,0.7,1,45,0.70078,0.16418,0.50519,0.50476,0.2618
86,"In this case, The workers just",cau_ctx,0.9,1,56,0.90255,0.21676,0.61652,0.61268,0.20845
86,"In this case, The workers just",cau_ctx,0.99,1,76,0.99091,0.28944,1.25978,1.24378,0.2466
86,"In this case, The workers just",dua_ctx,0.3,1,32,0.31789,0.34737,0.12969,0.12544,0.01022
86,"In this case, The workers just",dua_ctx,0.5,1,42,0.50511,0.35128,0.19362,0.18582,0.01077
86,"In this case, The workers just",dua_ctx,0.7,1,53,0.70154,0.36757,0.29313,0.28014,0.01302
86,"In this case, The workers just",dua_ctx,0.9,1,68,0.90138,0.40588,0.50013,0.4777,0.01411
86,"In this case, The workers just",dua_ctx,0.99,1,86,0.99123,0.47316,0.87441,0.83689,0.02202
86,"In this case, The workers just",euc_unemb,0.3,1,9,0.36602,0.17331,0.28494,0.28293,0.22027
86,"In this case, The workers just",euc_unemb,0.5,1,11,0.60332,0.17947,0.33128,0.32754,0.22327
86,"In this case, The workers just",euc_unemb,0.7,1,12,0.71216,0.19469,0.34418,0.33935,0.22348
86,"In this case, The workers just",euc_unemb,0.9,1,15,0.9149,0.28759,0.3943,0.38512,0.03937
86,"In this case, The workers just",euc_unemb,0.99,1,20,0.99227,0.5088,0.78226,0.76135,0.07928
86,"In this case, The workers just",cau_unemb,0.3,1,9,0.32172,0.18328,0.23375,0.23423,0.19447
86,"In this case, The workers just",cau_unemb,0.5,1,11,0.54041,0.18561,0.25976,0.25932,0.19635
86,"In this case, The workers just",cau_unemb,0.7,1,13,0.74447,0.21852,0.25302,0.25116,0.19885
86,"In this case, The workers just",cau_unemb,0.9,1,16,0.91903,0.32556,0.25121,0.24607,0.017
86,"In this case, The workers just",cau_unemb,0.99,1,21,0.99091,0.56737,0.52689,0.51234,0.06958
86,"In this case, The workers just",dua_unemb,0.3,1,12,0.33136,0.38356,0.09953,0.096,0.01033
86,"In this case, The workers just",dua_unemb,0.5,1,16,0.53998,0.4075,0.18607,0.17837,0.01527
86,"In this case, The workers just",dua_unemb,0.7,1,20,0.71755,0.44226,0.31285,0.29964,0.01808
86,"In this case, The workers just",dua_unemb,0.9,1,27,0.91714,0.51451,0.63582,0.61018,0.02319
86,"In this case, The workers just",dua_unemb,0.99,1,35,0.99162,0.60178,1.17947,1.13553,0.03447
86,"In this case, The workers just",euc_dmd,0.3,1,8,0.35718,0.09417,0.5366,0.5344,0.3102
86,"In this case, The workers just",euc_dmd,0.5,1,10,0.61771,0.0845,0.65094,0.64665,0.32484
86,"In this case, The workers just",euc_dmd,0.7,1,11,0.73364,0.08761,0.6823,0.67683,0.32501
86,"In this case, The workers just",euc_dmd,0.9,1,14,0.93137,0.12331,0.72477,0.71514,0.25769
86,"In this case, The workers just",euc_dmd,0.99,1,18,0.99107,0.2222,0.83382,0.81708,0.2191
86,"In this case, The workers just",cau_dmd,0.3,1,8,0.30776,0.09775,0.50211,0.50277,0.29457
86,"In this case, The workers just",cau_dmd,0.5,1,10,0.54223,0.08489,0.60258,0.60209,0.32348
86,"In this case, The workers just",cau_dmd,0.7,1,12,0.7561,0.09096,0.63255,0.63062,0.32362
86,"In this case, The workers just",cau_dmd,0.9,1,15,0.92645,0.12996,0.61463,0.60998,0.29492
86,"In this case, The workers just",cau_dmd,0.99,1,20,0.99139,0.26542,0.6736,0.66252,0.03939
86,"In this case, The workers just",dua_dmd,0.3,1,10,0.32435,0.33194,0.12739,0.1244,0.0122
86,"In this case, The workers just",dua_dmd,0.5,1,13,0.53158,0.33257,0.20197,0.19596,0.01259
86,"In this case, The workers just",dua_dmd,0.7,1,16,0.71931,0.34392,0.29638,0.28661,0.01361
86,"In this case, The workers just",dua_dmd,0.9,1,21,0.92269,0.38007,0.49479,0.47749,0.01645
86,"In this case, The workers just",dua_dmd,0.99,1,27,0.99253,0.44038,0.78599,0.758,0.03597
19,"In this case, People always",euc_ctx,0.3,1,16,0.32078,0.67288,0.16717,0.17348,0.0163
19,"In this case, People always",euc_ctx,0.5,1,20,0.53377,0.66678,0.26193,0.26715,0.02062
19,"In this case, People always",euc_ctx,0.7,1,24,0.73474,0.68391,0.36749,0.37007,0.02504
19,"In this case, People always",euc_ctx,0.9,1,30,0.91209,0.73174,0.55242,0.54866,0.02522
19,"In this case, People always",euc_ctx,0.99,1,41,0.99134,0.79598,0.99602,0.97703,0.02886
19,"In this case, People always",cau_ctx,0.3,1,30,0.30002,0.66932,0.2372,0.24416,0.01816
19,"In this case, People always",cau_ctx,0.5,1,38,0.51961,0.63074,0.40164,0.40719,0.02143
19,"In this case, People always",cau_ctx,0.7,1,45,0.70907,0.59937,0.59431,0.59684,0.11521
19,"In this case, People always",cau_ctx,0.9,1,57,0.90812,0.53287,1.05317,1.04711,0.14851
19,"In this case, People always",cau_ctx,0.99,1,77,0.99056,0.3656,2.15804,2.13177,0.16392
19,"In this case, People always",dua_ctx,0.3,1,30,0.30623,0.71837,0.19335,0.19736,0.01266
19,"In this case, People always",dua_ctx,0.5,1,42,0.50183,0.70161,0.38342,0.38326,0.01414
19,"In this case, People always",dua_ctx,0.7,1,55,0.71381,0.68868,0.67383,0.66599,0.02109
19,"In this case, People always",dua_ctx,0.9,1,70,0.90824,0.68944,1.1166,1.0959,0.02716
19,"In this case, People always",dua_ctx,0.99,1,86,0.99136,0.71281,1.74094,1.70089,0.0302
19,"In this case, People always",euc_unemb,0.3,1,7,0.33647,0.68106,0.13809,0.14298,0.01971
19,"In this case, People always",euc_unemb,0.5,1,9,0.59058,0.68113,0.26374,0.26656,0.01986
19,"In this case, People always",euc_unemb,0.7,1,10,0.70896,0.68866,0.35283,0.35371,0.03515
19,"In this case, People always",euc_unemb,0.9,1,13,0.92178,0.71628,0.71318,0.70532,0.11846
19,"In this case, People always",euc_unemb,0.99,1,18,0.99397,0.72369,1.45812,1.43115,0.19075
19,"In this case, People always",cau_unemb,0.3,1,8,0.38572,0.66083,0.15706,0.16348,0.0195
19,"In this case, People always",cau_unemb,0.5,1,9,0.50319,0.66101,0.20218,0.20799,0.01992
19,"In this case, People always",cau_unemb,0.7,1,11,0.72455,0.67764,0.32184,0.32497,0.02801
19,"In this case, People always",cau_unemb,0.9,1,14,0.91632,0.71445,0.58254,0.57861,0.05085
19,"In this case, People always",cau_unemb,0.99,1,19,0.99144,0.73605,1.14993,1.13032,0.13401
19,"In this case, People always",dua_unemb,0.3,1,8,0.30819,0.72538,0.09631,0.09975,0.00994
19,"In this case, People always",dua_unemb,0.5,1,11,0.53068,0.73129,0.21248,0.21343,0.01336
19,"In this case, People always",dua_unemb,0.7,1,14,0.71691,0.74406,0.38612,0.3823,0.02604
19,"In this case, People always",dua_unemb,0.9,1,19,0.90316,0.76438,0.79058,0.77466,0.03485
19,"In this case, People always",dua_unemb,0.99,1,26,0.99126,0.77441,1.54862,1.50953,0.14699
19,"In this case, People always",euc_dmd,0.3,1,7,0.38831,0.62706,0.21938,0.22574,0.04574
19,"In this case, People always",euc_dmd,0.5,1,8,0.52358,0.62448,0.28516,0.29075,0.04861
19,"In this case, People always",euc_dmd,0.7,1,10,0.76643,0.64942,0.44603,0.4483,0.05866
19,"In this case, People always",euc_dmd,0.9,1,12,0.90683,0.69473,0.653,0.65005,0.07415
19,"In this case, People always",euc_dmd,0.99,1,17,0.99299,0.77771,1.31529,1.29516,0.08348
19,"In this case, People always",cau_dmd,0.3,1,7,0.30664,0.60896,0.2106,0.219,0.04635
19,"In this case, People always",cau_dmd,0.5,1,9,0.53953,0.60041,0.31368,0.32146,0.05188
19,"In this case, People always",cau_dmd,0.7,1,11,0.75382,0.62843,0.43797,0.44334,0.05965
19,"In this case, People always",cau_dmd,0.9,1,14,0.92635,0.7007,0.69894,0.69798,0.06283
19,"In this case, People always",cau_dmd,0.99,1,19,0.99192,0.78749,1.29702,1.28175,0.0918
19,"In this case, People always",dua_dmd,0.3,1,7,0.34811,0.68783,0.1333,0.13824,0.01295
19,"In this case, People always",dua_dmd,0.5,1,9,0.56321,0.67727,0.24044,0.24464,0.01657
19,"In this case, People always",dua_dmd,0.7,1,11,0.74438,0.67701,0.37026,0.37265,0.02469
19,"In this case, People always",dua_dmd,0.9,1,14,0.90363,0.69085,0.5895,0.58749,0.02722
19,"In this case, People always",dua_dmd,0.99,1,20,0.99027,0.73495,1.10232,1.08701,0.03799
263,"Usually, The engineers now",euc_ctx,0.3,1,13,0.30865,0.27105,0.23668,0.23864,0.16846
263,"Usually, The engineers now",euc_ctx,0.5,1,17,0.51687,0.25968,0.36656,0.36755,0.17645
263,"Usually, The engineers now",euc_ctx,0.7,1,21,0.71931,0.27732,0.49955,0.49879,0.18035
263,"Usually, The engineers now",euc_ctx,0.9,1,27,0.90464,0.34857,0.72194,0.71719,0.18142
263,"Usually, The engineers now",euc_ctx,0.99,1,38,0.99044,0.52013,1.32449,1.30886,0.09103
263,"Usually, The engineers now",cau_ctx,0.3,1,25,0.30654,0.27725,0.40166,0.4055,0.18032
263,"Usually, The engineers now",cau_ctx,0.5,1,33,0.52401,0.24754,0.67868,0.68117,0.18905
263,"Usually, The engineers now",cau_ctx,0.7,1,40,0.7105,0.23756,0.97375,0.9739,0.22318
263,"Usually, The engineers now",cau_ctx,0.9,1,52,0.90725,0.22929,1.6344,1.62786,0.19845
263,"Usually, The engineers now",cau_ctx,0.99,1,72,0.99019,0.16297,3.27167,3.24714,0.20863
263,"Usually, The engineers now",dua_ctx,0.3,1,23,0.31399,0.38354,0.13957,0.14284,0.04538
263,"Usually, The engineers now",dua_ctx,0.5,1,32,0.50526,0.38456,0.27823,0.27971,0.0573
263,"Usually, The engineers now",dua_ctx,0.7,1,42,0.71078,0.39662,0.50856,0.50592,0.07516
263,"Usually, The engineers now",dua_ctx,0.9,1,55,0.9046,0.42955,0.95258,0.94136,0.08679
263,"Usually, The engineers now",dua_ctx,0.99,1,71,0.99074,0.48779,1.76524,1.73883,0.08601
263,"Usually, The engineers now",euc_unemb,0.3,1,6,0.3368,0.31622,0.10427,0.10626,0.14365
263,"Usually, The engineers now",euc_unemb,0.5,1,8,0.58081,0.33926,0.1769,0.17793,0.15399
263,"Usually, The engineers now",euc_unemb,0.7,1,10,0.79198,0.40633,0.29308,0.29182,0.03474
263,"Usually, The engineers now",euc_unemb,0.9,1,12,0.91331,0.49903,0.49029,0.48523,0.04008
263,"Usually, The engineers now",euc_unemb,0.99,1,17,0.99282,0.66924,1.37652,1.35669,0.10923
263,"Usually, The engineers now",cau_unemb,0.3,1,7,0.39753,0.27033,0.14471,0.1467,0.14934
263,"Usually, The engineers now",cau_unemb,0.5,1,8,0.51138,0.27386,0.17348,0.1751,0.15002
263,"Usually, The engineers now",cau_unemb,0.7,1,10,0.72471,0.30774,0.23573,0.23595,0.15005
263,"Usually, The engineers now",cau_unemb,0.9,1,13,0.91303,0.41073,0.39092,0.38722,0.05182
263,"Usually, The engineers now",cau_unemb,0.99,1,18,0.99058,0.5876,0.94928,0.9346,0.08822
263,"Usually, The engineers now",dua_unemb,0.3,1,7,0.31957,0.39597,0.05783,0.06061,0.00636
263,"Usually, The engineers now",dua_unemb,0.5,1,10,0.56462,0.4164,0.13079,0.13204,0.00769
263,"Usually, The engineers now",dua_unemb,0.7,1,12,0.70379,0.43822,0.19988,0.19903,0.00992
263,"Usually, The engineers now",dua_unemb,0.9,1,17,0.91153,0.50434,0.44785,0.43888,0.01857
263,"Usually, The engineers now",dua_unemb,0.99,1,24,0.99094,0.59604,0.97926,0.95412,0.0353
263,"Usually, The engineers now",euc_dmd,0.3,1,6,0.41085,0.27756,0.17392,0.17582,0.03287
263,"Usually, The engineers now",euc_dmd,0.5,1,7,0.54686,0.28357,0.22588,0.22719,0.0296
263,"Usually, The engineers now",euc_dmd,0.7,1,9,0.78303,0.33048,0.36212,0.36117,0.05277
263,"Usually, The engineers now",euc_dmd,0.9,1,11,0.91494,0.40887,0.57048,0.56578,0.07193
263,"Usually, The engineers now",euc_dmd,0.99,1,16,0.99383,0.5854,1.43138,1.41237,0.11367
263,"Usually, The engineers now",cau_dmd,0.3,1,6,0.34592,0.24977,0.19526,0.19805,0.15123
263,"Usually, The engineers now",cau_dmd,0.5,1,8,0.58654,0.24671,0.31473,0.3165,0.13123
263,"Usually, The engineers now",cau_dmd,0.7,1,10,0.79002,0.2727,0.48222,0.48174,0.13342
263,"Usually, The engineers now",cau_dmd,0.9,1,12,0.90784,0.31255,0.72381,0.71977,0.14713
263,"Usually, The engineers now",cau_dmd,0.99,1,17,0.99037,0.37871,1.63566,1.61839,0.1728
263,"Usually, The engineers now",dua_dmd,0.3,1,6,0.3388,0.37262,0.07818,0.08153,0.0071
263,"Usually, The engineers now",dua_dmd,0.5,1,8,0.55257,0.37804,0.14293,0.14597,0.00987
263,"Usually, The engineers now",dua_dmd,0.7,1,10,0.73647,0.39513,0.22425,0.22609,0.01782
263,"Usually, The engineers now",dua_dmd,0.9,1,14,0.92793,0.44638,0.43037,0.42788,0.0426
263,"Usually, The engineers now",dua_dmd,0.99,1,20,0.99144,0.52944,0.87051,0.85839,0.07869
298,"At work, Our customers never",euc_ctx,0.3,1,19,0.30302,0.36394,0.40794,0.41207,0.11626
298,"At work, Our customers never",euc_ctx,0.5,1,23,0.51351,0.35039,0.54731,0.55005,0.16014
298,"At work, Our customers never",euc_ctx,0.7,1,27,0.71791,0.37072,0.66787,0.66824,0.15935
298,"At work, Our customers never",euc_ctx,0.9,1,33,0.9036,0.44698,0.85252,0.84764,0.18026
298,"At work, Our customers never",euc_ctx,0.99,1,45,0.99156,0.60891,1.43939,1.4196,0.16295
298,"At work, Our customers never",cau_ctx,0.3,1,37,0.31616,0.37051,0.5489,0.55325,0.12885
298,"At work, Our customers never",cau_ctx,0.5,1,44,0.51112,0.3307,0.80367,0.80572,0.14894
298,"At work, Our customers never",cau_ctx,0.7,1,51,0.70203,0.29678,1.12999,1.12807,0.16185
298,"At work, Our customers never",cau_ctx,0.9,1,63,0.90362,0.23235,1.89621,1.88373,0.15544
298,"At work, Our customers never",cau_ctx,0.99,1,84,0.99009,0.1179,3.71288,3.67506,0.15953
298,"At work, Our customers never",dua_ctx,0.3,1,31,0.30628,0.50794,0.24383,0.24591,0.04084
298,"At work, Our customers never",dua_ctx,0.5,1,41,0.51248,0.50024,0.42235,0.42132,0.04477
298,"At work, Our customers never",dua_ctx,0.7,1,51,0.7124,0.50559,0.66396,0.65795,0.1319
298,"At work, Our customers never",dua_ctx,0.9,1,64,0.90115,0.5342,1.08684,1.07142,0.13701
298,"At work, Our customers never",dua_ctx,0.99,1,82,0.99131,0.6032,1.9198,1.88564,0.15005
298,"At work, Our customers never",euc_unemb,0.3,1,9,0.4095,0.3787,0.39953,0.40218,0.15166
298,"At work, Our customers never",euc_unemb,0.5,1,10,0.54266,0.37668,0.49402,0.49543,0.16669
298,"At work, Our customers never",euc_unemb,0.7,1,12,0.7773,0.39996,0.72375,0.7213,0.15571
298,"At work, Our customers never",euc_unemb,0.9,1,14,0.91168,0.44112,1.01829,1.01028,0.15355
298,"At work, Our customers never",euc_unemb,0.99,1,19,0.99371,0.50955,1.9819,1.95551,0.16669
298,"At work, Our customers never",cau_unemb,0.3,1,9,0.31874,0.37268,0.32898,0.33393,0.12761
298,"At work, Our customers never",cau_unemb,0.5,1,11,0.55375,0.36279,0.47448,0.4779,0.14751
298,"At work, Our customers never",cau_unemb,0.7,1,13,0.76724,0.38366,0.64942,0.64983,0.14763
298,"At work, Our customers never",cau_unemb,0.9,1,16,0.93457,0.43711,1.00264,0.99601,0.14296
298,"At work, Our customers never",cau_unemb,0.99,1,20,0.99015,0.48027,1.6359,1.61687,0.14989
298,"At work, Our customers never",dua_unemb,0.3,1,10,0.37572,0.52051,0.20886,0.21064,0.02406
298,"At work, Our customers never",dua_unemb,0.5,1,12,0.5581,0.52651,0.33355,0.33348,0.04874
298,"At work, Our customers never",dua_unemb,0.7,1,14,0.71844,0.54132,0.49342,0.49054,0.06328
298,"At work, Our customers never",dua_unemb,0.9,1,18,0.91266,0.58262,0.91321,0.90221,0.11434
298,"At work, Our customers never",dua_unemb,0.99,1,24,0.99181,0.6378,1.73954,1.71151,0.12145
298,"At work, Our customers never",euc_dmd,0.3,1,8,0.31041,0.30828,0.48869,0.49242,0.14608
298,"At work, Our customers never",euc_dmd,0.5,1,10,0.57421,0.29039,0.69079,0.69245,0.17327
298,"At work, Our customers never",euc_dmd,0.7,1,11,0.70021,0.29998,0.78951,0.78963,0.18184
298,"At work, Our customers never",euc_dmd,0.9,1,14,0.92371,0.38312,1.12103,1.11468,0.17493
298,"At work, Our customers never",euc_dmd,0.99,1,18,0.99073,0.52629,1.71976,1.70143,0.14516
298,"At work, Our customers never",cau_dmd,0.3,1,10,0.40423,0.29069,0.56902,0.57407,0.15309
298,"At work, Our customers never",cau_dmd,0.5,1,11,0.52002,0.28781,0.63651,0.64082,0.1561
298,"At work, Our customers never",cau_dmd,0.7,1,13,0.73313,0.31045,0.76858,0.77072,0.15273
298,"At work, Our customers never",cau_dmd,0.9,1,16,0.91606,0.39902,1.01825,1.01542,0.14907
298,"At work, Our customers never",cau_dmd,0.99,1,21,0.99043,0.57961,1.66014,1.64526,0.16396
298,"At work, Our customers never",dua_dmd,0.3,1,9,0.36449,0.4735,0.22143,0.22469,0.02907
298,"At work, Our customers never",dua_dmd,0.5,1,11,0.57283,0.46601,0.35044,0.35259,0.04406
298,"At work, Our customers never",dua_dmd,0.7,1,13,0.7425,0.47095,0.50201,0.50232,0.05029
298,"At work, Our customers never",dua_dmd,0.9,1,17,0.92092,0.50215,0.86059,0.85542,0.13714
298,"At work, Our customers never",dua_dmd,0.99,1,23,0.99008,0.56479,1.5243,1.50718,0.14302
50,I also,euc_ctx,0.3,1,33,0.34856,0.03014,1.60682,1.5987,0.24998
50,I also,euc_ctx,0.5,1,36,0.51786,0.02655,1.79175,1.78163,0.2505
50,I also,euc_ctx,0.7,1,40,0.72996,0.026,1.99021,1.97715,0.24566
50,I also,euc_ctx,0.9,1,46,0.91403,0.03129,2.20026,2.18213,0.23742
50,I also,euc_ctx,0.99,1,56,0.99004,0.04866,2.49138,2.46326,0.21558
50,I also,cau_ctx,0.3,1,61,0.32358,0.0513,1.61287,1.60957,0.24032
50,I also,cau_ctx,0.5,1,68,0.52774,0.04397,1.9402,1.93387,0.25661
50,I also,cau_ctx,0.7,1,75,0.72018,0.0401,2.3176,2.30702,0.25831
50,I also,cau_ctx,0.9,1,86,0.90277,0.03413,3.07364,3.0534,0.25784
50,I also,cau_ctx,0.99,1,107,0.99016,0.01856,5.01252,4.96661,0.25479
50,I also,dua_ctx,0.3,1,46,0.30972,0.26892,0.40611,0.40419,0.04406
50,I also,dua_ctx,0.5,1,53,0.5013,0.27081,0.49752,0.49353,0.05778
50,I also,dua_ctx,0.7,1,61,0.70792,0.28858,0.60039,0.59317,0.05806
50,I also,dua_ctx,0.9,1,72,0.90193,0.33414,0.75249,0.73932,0.05868
50,I also,dua_ctx,0.99,1,87,0.99074,0.42095,1.02469,1.00051,0.05243
50,I also,euc_unemb,0.3,1,16,0.3903,0.06162,1.1882,1.18055,0.27436
50,I also,euc_unemb,0.5,1,17,0.51424,0.06225,1.2507,1.24199,0.27534
50,I also,euc_unemb,0.7,1,19,0.74321,0.07503,1.32623,1.31524,0.24657
50,I also,euc_unemb,0.9,1,22,0.92889,0.12994,1.35787,1.34277,0.23805
50,I also,euc_unemb,0.99,1,27,0.99378,0.32893,1.53808,1.51293,0.23289
50,I also,cau_unemb,0.3,1,17,0.3566,0.06354,1.15439,1.14977,0.24155
50,I also,cau_unemb,0.5,1,19,0.57248,0.06549,1.22571,1.21939,0.24104
50,I also,cau_unemb,0.7,1,21,0.76213,0.07931,1.23894,1.23068,0.23067
50,I also,cau_unemb,0.9,1,24,0.92099,0.12636,1.21383,1.20205,0.21347
50,I also,cau_unemb,0.99,1,30,0.99323,0.31729,1.34096,1.31885,0.16875
50,I also,dua_unemb,0.3,1,18,0.31049,0.3425,0.25192,0.24896,0.02357
50,I also,dua_unemb,0.5,1,21,0.52876,0.36037,0.35269,0.34659,0.02878
50,I also,dua_unemb,0.7,1,24,0.71251,0.39039,0.47804,0.46774,0.03349
50,I also,dua_unemb,0.9,1,29,0.90411,0.45308,0.73114,0.71206,0.03642
50,I also,dua_unemb,0.99,1,37,0.99301,0.55957,1.27502,1.23809,0.0357
50,I also,euc_dmd,0.3,1,14,0.36237,0.02375,1.87657,1.86505,0.25086
50,I also,euc_dmd,0.5,1,16,0.62234,0.02098,2.13371,2.11831,0.25213
50,I also,euc_dmd,0.7,1,17,0.73586,0.02152,2.24104,2.22356,0.24756
50,I also,euc_dmd,0.9,1,20,0.9291,0.02861,2.51652,2.4922,0.23143
50,I also,euc_dmd,0.99,1,25,0.99382,0.05304,2.97486,2.9374,0.19286
50,I also,cau_dmd,0.3,1,15,0.35216,0.02149,2.03821,2.02851,0.24991
50,I also,cau_dmd,0.5,1,17,0.58832,0.01759,2.34928,2.33542,0.24468
50,I also,cau_dmd,0.7,1,19,0.78738,0.01704,2.65095,2.63239,0.2298
50,I also,cau_dmd,0.9,1,21,0.90464,0.01837,2.94827,2.92453,0.21844
50,I also,cau_dmd,0.99,1,27,0.99347,0.0267,3.85497,3.81391,0.19231
50,I also,dua_dmd,0.3,1,15,0.34281,0.25307,0.39289,0.39195,0.044
50,I also,dua_dmd,0.5,1,17,0.56106,0.25106,0.49009,0.48742,0.0481
50,I also,dua_dmd,0.7,1,19,0.74789,0.26089,0.5838,0.57886,0.04994
50,I also,dua_dmd,0.9,1,22,0.90185,0.28845,0.71167,0.70264,0.05019
50,I also,dua_dmd,0.99,1,31,0.99212,0.38995,1.14024,1.1161,0.062
18,"Every day, The engineers often",euc_ctx,0.3,1,19,0.32364,0.54817,0.27124,0.27968,0.14715
18,"Every day, The engineers often",euc_ctx,0.5,1,23,0.53143,0.55313,0.4224,0.42998,0.15946
18,"Every day, The engineers often",euc_ctx,0.7,1,27,0.72838,0.58073,0.60678,0.61209,0.16952
18,"Every day, The engineers often",euc_ctx,0.9,1,33,0.90653,0.64486,0.94711,0.94676,0.17498
18,"Every day, The engineers often",euc_ctx,0.99,1,44,0.99013,0.73982,1.73876,1.72424,0.18531
18,"Every day, The engineers often",cau_ctx,0.3,1,35,0.30856,0.55828,0.42565,0.43467,0.16244
18,"Every day, The engineers often",cau_ctx,0.5,1,42,0.50196,0.52845,0.68321,0.69087,0.19966
18,"Every day, The engineers often",cau_ctx,0.7,1,50,0.71921,0.49437,1.09318,1.09716,0.20818
18,"Every day, The engineers often",cau_ctx,0.9,1,61,0.90253,0.4371,1.82864,1.82434,0.17014
18,"Every day, The engineers often",cau_ctx,0.99,1,82,0.99085,0.28951,3.57393,3.54793,0.18344
18,"Every day, The engineers often",dua_ctx,0.3,1,32,0.31643,0.56931,0.27468,0.2807,0.15234
18,"Every day, The engineers often",dua_ctx,0.5,1,43,0.51397,0.55841,0.53476,0.5377,0.16584
18,"Every day, The engineers often",dua_ctx,0.7,1,54,0.71451,0.55353,0.91055,0.90807,0.16861
18,"Every day, The engineers often",dua_ctx,0.9,1,67,0.9006,0.56492,1.52338,1.51124,0.17049
18,"Every day, The engineers often",dua_ctx,0.99,1,84,0.99132,0.60886,2.60486,2.57422,0.17466
18,"Every day, The engineers often",euc_unemb,0.3,1,9,0.4151,0.5241,0.21099,0.21752,0.02019
18,"Every day, The engineers often",euc_unemb,0.5,1,10,0.54228,0.53777,0.28256,0.28834,0.11788
18,"Every day, The engineers often",euc_unemb,0.7,1,12,0.7684,0.58433,0.49673,0.4994,0.14256
18,"Every day, The engineers often",euc_unemb,0.9,1,14,0.90335,0.63433,0.80909,0.80667,0.18516
18,"Every day, The engineers often",euc_unemb,0.99,1,19,0.99219,0.68936,1.83175,1.81197,0.20507
18,"Every day, The engineers often",cau_unemb,0.3,1,9,0.32189,0.49984,0.17123,0.17906,0.04671
18,"Every day, The engineers often",cau_unemb,0.5,1,11,0.54169,0.52082,0.26041,0.2676,0.04792
18,"Every day, The engineers often",cau_unemb,0.7,1,13,0.74613,0.56756,0.40057,0.40551,0.16336
18,"Every day, The engineers often",cau_unemb,0.9,1,16,0.91997,0.64379,0.74006,0.73882,0.1656
18,"Every day, The engineers often",cau_unemb,0.99,1,21,0.99106,0.69825,1.54425,1.52845,0.18411
18,"Every day, The engineers often",dua_unemb,0.3,1,9,0.32084,0.56969,0.11385,0.11889,0.01121
18,"Every day, The engineers often",dua_unemb,0.5,1,12,0.5834,0.58407,0.25607,0.2591,0.12355
18,"Every day, The engineers often",dua_unemb,0.7,1,14,0.72895,0.59945,0.39472,0.39512,0.14129
18,"Every day, The engineers often",dua_unemb,0.9,1,18,0.90208,0.63178,0.76585,0.75848,0.17414
18,"Every day, The engineers often",dua_unemb,0.99,1,25,0.99083,0.66985,1.65256,1.62602,0.2115
18,"Every day, The engineers often",euc_dmd,0.3,1,8,0.30238,0.47475,0.2405,0.24821,0.05222
18,"Every day, The engineers often",euc_dmd,0.5,1,10,0.54457,0.48944,0.37608,0.38299,0.06116
18,"Every day, The engineers often",euc_dmd,0.7,1,12,0.76736,0.54317,0.56584,0.57011,0.14486
18,"Every day, The engineers often",euc_dmd,0.9,1,14,0.90086,0.61468,0.83322,0.83314,0.17316
18,"Every day, The engineers often",euc_dmd,0.99,1,19,0.99123,0.74219,1.76776,1.75218,0.22093
18,"Every day, The engineers often",cau_dmd,0.3,1,10,0.37089,0.46025,0.3186,0.32762,0.05924
18,"Every day, The engineers often",cau_dmd,0.5,1,12,0.57737,0.48733,0.41425,0.42254,0.149
18,"Every day, The engineers often",cau_dmd,0.7,1,14,0.75846,0.54293,0.5504,0.55668,0.17914
18,"Every day, The engineers often",cau_dmd,0.9,1,17,0.91524,0.64528,0.87655,0.87755,0.19095
18,"Every day, The engineers often",cau_dmd,0.99,1,23,0.99195,0.77586,1.86735,1.85272,0.22049
18,"Every day, The engineers often",dua_dmd,0.3,1,9,0.36767,0.53794,0.16363,0.16969,0.01349
18,"Every day, The engineers often",dua_dmd,0.5,1,11,0.55838,0.54088,0.26021,0.26577,0.11907
18,"Every day, The engineers often",dua_dmd,0.7,1,13,0.71243,0.55255,0.37303,0.37737,0.12246
18,"Every day, The engineers often",dua_dmd,0.9,1,18,0.90408,0.59821,0.71993,0.71878,0.17033
18,"Every day, The engineers often",dua_dmd,0.99,1,28,0.99139,0.68373,1.75065,1.73012,0.19129
228,"Today, Many people rarely",euc_ctx,0.3,1,23,0.30222,0.7231,0.21769,0.22485,0.11056
228,"Today, Many people rarely",euc_ctx,0.5,1,27,0.52734,0.71979,0.29657,0.30176,0.10891
228,"Today, Many people rarely",euc_ctx,0.7,1,31,0.74112,0.74074,0.37814,0.37951,0.11912
228,"Today, Many people rarely",euc_ctx,0.9,1,36,0.9023,0.78181,0.49987,0.49432,0.14828
228,"Today, Many people rarely",euc_ctx,0.99,1,47,0.99156,0.84214,0.87825,0.85344,0.1709
228,"Today, Many people rarely",cau_ctx,0.3,1,45,0.32026,0.72935,0.44241,0.44729,0.08284
228,"Today, Many people rarely",cau_ctx,0.5,1,52,0.5286,0.66564,0.66534,0.66664,0.13368
228,"Today, Many people rarely",cau_ctx,0.7,1,58,0.7023,0.60508,0.91903,0.91549,0.17662
228,"Today, Many people rarely",cau_ctx,0.9,1,69,0.90232,0.5,1.50165,1.486,0.18543
228,"Today, Many people rarely",cau_ctx,0.99,1,89,0.99109,0.3459,2.76829,2.72556,0.20546
228,"Today, Many people rarely",dua_ctx,0.3,1,36,0.30825,0.77173,0.22137,0.22402,0.01544
228,"Today, Many people rarely",dua_ctx,0.5,1,47,0.51334,0.75497,0.39726,0.39387,0.01491
228,"Today, Many people rarely",dua_ctx,0.7,1,58,0.70841,0.74286,0.64175,0.62931,0.11495
228,"Today, Many people rarely",dua_ctx,0.9,1,73,0.90773,0.73917,1.07554,1.04607,0.17415
228,"Today, Many people rarely",dua_ctx,0.99,1,88,0.99048,0.75108,1.61157,1.55908,0.17247
228,"Today, Many people rarely",euc_unemb,0.3,1,10,0.38385,0.73167,0.16122,0.16817,0.04163
228,"Today, Many people rarely",euc_unemb,0.5,1,11,0.52974,0.73834,0.21473,0.22032,0.03023
228,"Today, Many people rarely",euc_unemb,0.7,1,13,0.78684,0.76932,0.40587,0.40644,0.04283
228,"Today, Many people rarely",euc_unemb,0.9,1,15,0.92378,0.80072,0.69068,0.6838,0.14721
228,"Today, Many people rarely",euc_unemb,0.99,1,19,0.99243,0.82708,1.3349,1.30998,0.177
228,"Today, Many people rarely",cau_unemb,0.3,1,11,0.37402,0.69344,0.1903,0.19907,0.04209
228,"Today, Many people rarely",cau_unemb,0.5,1,12,0.50244,0.69931,0.22032,0.22816,0.04681
228,"Today, Many people rarely",cau_unemb,0.7,1,14,0.74199,0.73269,0.32553,0.32979,0.0391
228,"Today, Many people rarely",cau_unemb,0.9,1,17,0.93197,0.7916,0.61029,0.60561,0.04669
228,"Today, Many people rarely",cau_unemb,0.99,1,21,0.9908,0.82732,1.09101,1.07129,0.16849
228,"Today, Many people rarely",dua_unemb,0.3,1,11,0.34347,0.78223,0.10452,0.10939,0.01303
228,"Today, Many people rarely",dua_unemb,0.5,1,13,0.51542,0.78457,0.16467,0.16782,0.01423
228,"Today, Many people rarely",dua_unemb,0.7,1,16,0.75231,0.79607,0.29678,0.29522,0.0203
228,"Today, Many people rarely",dua_unemb,0.9,1,19,0.90789,0.81223,0.48733,0.47822,0.02695
228,"Today, Many people rarely",dua_unemb,0.99,1,24,0.99065,0.82893,0.92207,0.89511,0.13548
228,"Today, Many people rarely",euc_dmd,0.3,1,10,0.35601,0.67794,0.25916,0.26791,0.11917
228,"Today, Many people rarely",euc_dmd,0.5,1,12,0.6332,0.69672,0.37183,0.37783,0.16985
228,"Today, Many people rarely",euc_dmd,0.7,1,13,0.75266,0.7197,0.46533,0.46895,0.17572
228,"Today, Many people rarely",euc_dmd,0.9,1,15,0.90386,0.77213,0.72986,0.7271,0.1816
228,"Today, Many people rarely",euc_dmd,0.99,1,20,0.99347,0.84834,1.59875,1.57527,0.19164
228,"Today, Many people rarely",cau_dmd,0.3,1,12,0.37592,0.65251,0.36539,0.37572,0.17719
228,"Today, Many people rarely",cau_dmd,0.5,1,14,0.60233,0.67483,0.43445,0.4427,0.16361
228,"Today, Many people rarely",cau_dmd,0.7,1,15,0.70503,0.69635,0.4943,0.50084,0.16708
228,"Today, Many people rarely",cau_dmd,0.9,1,18,0.90224,0.77067,0.79568,0.79479,0.17217
228,"Today, Many people rarely",cau_dmd,0.99,1,24,0.99232,0.84802,1.70067,1.67945,0.18413
228,"Today, Many people rarely",dua_dmd,0.3,1,11,0.37184,0.74837,0.16469,0.17106,0.0097
228,"Today, Many people rarely",dua_dmd,0.5,1,13,0.52764,0.74466,0.23616,0.2415,0.02171
228,"Today, Many people rarely",dua_dmd,0.7,1,16,0.71364,0.74893,0.36233,0.36497,0.12569
228,"Today, Many people rarely",dua_dmd,0.9,1,22,0.91767,0.77766,0.69544,0.68853,0.16081
228,"Today, Many people rarely",dua_dmd,0.99,1,29,0.99091,0.81591,1.29524,1.26944,0.16559
196,"At work, I never",euc_ctx,0.3,1,30,0.32791,0.04826,1.20609,1.19753,0.17581
196,"At work, I never",euc_ctx,0.5,1,33,0.50338,0.0466,1.32802,1.31753,0.16472
196,"At work, I never",euc_ctx,0.7,1,37,0.72601,0.05288,1.44108,1.42774,0.13918
196,"At work, I never",euc_ctx,0.9,1,43,0.91554,0.08076,1.54864,1.53017,0.13174
196,"At work, I never",euc_ctx,0.99,1,53,0.99044,0.16987,1.82758,1.79775,0.10905
196,"At work, I never",cau_ctx,0.3,1,60,0.32585,0.02166,2.35755,2.33933,0.14173
196,"At work, I never",cau_ctx,0.5,1,66,0.50409,0.01338,2.98171,2.95646,0.14312
196,"At work, I never",cau_ctx,0.7,1,73,0.70666,0.00789,3.79612,3.76111,0.14203
196,"At work, I never",cau_ctx,0.9,1,84,0.90274,0.00394,5.15027,5.09801,0.14592
196,"At work, I never",cau_ctx,0.99,1,104,0.99078,0.0015,7.6454,7.56069,0.15889
196,"At work, I never",dua_ctx,0.3,1,40,0.33192,0.20915,0.43155,0.42844,0.05879
196,"At work, I never",dua_ctx,0.5,1,45,0.50791,0.20486,0.52535,0.51972,0.06115
196,"At work, I never",dua_ctx,0.7,1,51,0.71135,0.21235,0.6482,0.63861,0.13249
196,"At work, I never",dua_ctx,0.9,1,60,0.90584,0.24669,0.8609,0.84346,0.13325
196,"At work, I never",dua_ctx,0.99,1,75,0.99018,0.33631,1.31662,1.2821,0.09125
196,"At work, I never",euc_unemb,0.3,1,13,0.36991,0.07055,0.9812,0.97569,0.17076
196,"At work, I never",euc_unemb,0.5,1,14,0.5197,0.07225,1.057,1.0503,0.17059
196,"At work, I never",euc_unemb,0.7,1,16,0.78675,0.09537,1.17737,1.16789,0.17258
196,"At work, I never",euc_unemb,0.9,1,18,0.92664,0.15074,1.29104,1.27799,0.17545
196,"At work, I never",euc_unemb,0.99,1,22,0.99334,0.34139,1.73174,1.70769,0.18793
196,"At work, I never",cau_unemb,0.3,1,14,0.33082,0.06352,0.93595,0.93277,0.15441
196,"At work, I never",cau_unemb,0.5,1,16,0.59307,0.06761,1.02608,1.0212,0.16935
196,"At work, I never",cau_unemb,0.7,1,17,0.71415,0.07656,1.05485,1.04896,0.1672
196,"At work, I never",cau_unemb,0.9,1,20,0.92588,0.13806,1.12756,1.11778,0.16164
196,"At work, I never",cau_unemb,0.99,1,24,0.99053,0.29293,1.39652,1.37823,0.158
196,"At work, I never",dua_unemb,0.3,1,14,0.30458,0.26274,0.26236,0.2638,0.06415
196,"At work, I never",dua_unemb,0.5,1,16,0.5184,0.26536,0.37142,0.37112,0.06707
196,"At work, I never",dua_unemb,0.7,1,18,0.71689,0.28232,0.50182,0.49882,0.06617
196,"At work, I never",dua_unemb,0.9,1,21,0.90185,0.3271,0.72711,0.71844,0.07465
196,"At work, I never",dua_unemb,0.99,1,27,0.99306,0.43965,1.25123,1.22744,0.1311
196,"At work, I never",euc_dmd,0.3,1,12,0.35734,0.04027,1.3876,1.37946,0.18157
196,"At work, I never",euc_dmd,0.5,1,13,0.50917,0.03875,1.5184,1.50861,0.18146
196,"At work, I never",euc_dmd,0.7,1,15,0.78083,0.04583,1.75094,1.73748,0.18024
196,"At work, I never",euc_dmd,0.9,1,17,0.92318,0.06665,1.96778,1.95011,0.17237
196,"At work, I never",euc_dmd,0.99,1,21,0.99236,0.15176,2.44669,2.41871,0.15166
196,"At work, I never",cau_dmd,0.3,1,14,0.40014,0.04132,1.45917,1.45261,0.1672
196,"At work, I never",cau_dmd,0.5,1,15,0.53062,0.04092,1.57652,1.56849,0.17496
196,"At work, I never",cau_dmd,0.7,1,17,0.76202,0.04695,1.81366,1.80223,0.14815
196,"At work, I never",cau_dmd,0.9,1,20,0.93673,0.07073,2.22367,2.20575,0.14827
196,"At work, I never",cau_dmd,0.99,1,24,0.9909,0.11773,2.93284,2.90363,0.12083
196,"At work, I never",dua_dmd,0.3,1,13,0.40165,0.20876,0.39274,0.39434,0.06755
196,"At work, I never",dua_dmd,0.5,1,14,0.52149,0.20711,0.46013,0.46101,0.06327
196,"At work, I never",dua_dmd,0.7,1,16,0.72341,0.21467,0.60503,0.60393,0.0638
196,"At work, I never",dua_dmd,0.9,1,20,0.92681,0.25691,0.92179,0.91475,0.0442
196,"At work, I never",dua_dmd,0.99,1,26,0.99244,0.34546,1.42653,1.40709,0.12965
222,"Over time, The engineers rarely",euc_ctx,0.3,1,23,0.33543,0.14281,0.7077,0.70761,0.16155
222,"Over time, The engineers rarely",euc_ctx,0.5,1,27,0.55596,0.13858,0.84453,0.84275,0.15862
222,"Over time, The engineers rarely",euc_ctx,0.7,1,30,0.71193,0.15049,0.91457,0.91124,0.15715
222,"Over time, The engineers rarely",euc_ctx,0.9,1,36,0.90553,0.21273,1.01003,1.00284,0.15148
222,"Over time, The engineers rarely",euc_ctx,0.99,1,47,0.9912,0.42522,1.31743,1.30005,0.12416
222,"Over time, The engineers rarely",cau_ctx,0.3,1,43,0.30066,0.16438,0.78759,0.78937,0.1389
222,"Over time, The engineers rarely",cau_ctx,0.5,1,51,0.52826,0.13778,1.1282,1.12677,0.13786
222,"Over time, The engineers rarely",cau_ctx,0.7,1,58,0.72177,0.12047,1.52597,1.51994,0.13469
222,"Over time, The engineers rarely",cau_ctx,0.9,1,69,0.90692,0.09343,2.3787,2.36207,0.13512
222,"Over time, The engineers rarely",cau_ctx,0.99,1,89,0.99083,0.04975,4.37669,4.33473,0.13502
222,"Over time, The engineers rarely",dua_ctx,0.3,1,32,0.30829,0.33781,0.26609,0.26804,0.04648
222,"Over time, The engineers rarely",dua_ctx,0.5,1,39,0.50043,0.33539,0.39121,0.39097,0.05185
222,"Over time, The engineers rarely",dua_ctx,0.7,1,47,0.7113,0.34784,0.57279,0.56879,0.05001
222,"Over time, The engineers rarely",dua_ctx,0.9,1,58,0.90435,0.38972,0.90297,0.89163,0.14478
222,"Over time, The engineers rarely",dua_ctx,0.99,1,74,0.9908,0.48483,1.57316,1.54716,0.14766
222,"Over time, The engineers rarely",euc_unemb,0.3,1,10,0.39849,0.18304,0.55005,0.55082,0.16106
222,"Over time, The engineers rarely",euc_unemb,0.5,1,11,0.53879,0.18706,0.63231,0.63212,0.1611
222,"Over time, The engineers rarely",euc_unemb,0.7,1,13,0.78499,0.2271,0.81367,0.81072,0.14153
222,"Over time, The engineers rarely",euc_unemb,0.9,1,15,0.91984,0.30288,1.05174,1.04471,0.14403
222,"Over time, The engineers rarely",euc_unemb,0.99,1,19,0.99136,0.46409,1.79705,1.77773,0.14287
222,"Over time, The engineers rarely",cau_unemb,0.3,1,11,0.38041,0.18769,0.49032,0.49325,0.15969
222,"Over time, The engineers rarely",cau_unemb,0.5,1,12,0.50289,0.19086,0.5463,0.54863,0.15807
222,"Over time, The engineers rarely",cau_unemb,0.7,1,14,0.73318,0.22272,0.66477,0.66527,0.14004
222,"Over time, The engineers rarely",cau_unemb,0.9,1,17,0.92484,0.32344,0.92889,0.92462,0.13782
222,"Over time, The engineers rarely",cau_unemb,0.99,1,22,0.99334,0.48369,1.75795,1.74015,0.13454
222,"Over time, The engineers rarely",dua_unemb,0.3,1,11,0.35171,0.35834,0.18332,0.18598,0.08775
222,"Over time, The engineers rarely",dua_unemb,0.5,1,13,0.54735,0.36309,0.29538,0.29674,0.09445
222,"Over time, The engineers rarely",dua_unemb,0.7,1,15,0.72418,0.3779,0.44505,0.44421,0.11443
222,"Over time, The engineers rarely",dua_unemb,0.9,1,19,0.92542,0.42439,0.83496,0.82735,0.11903
222,"Over time, The engineers rarely",dua_unemb,0.99,1,25,0.9933,0.49774,1.56358,1.54211,0.12112
222,"Over time, The engineers rarely",euc_dmd,0.3,1,10,0.3997,0.12427,0.81959,0.81835,0.16649
222,"Over time, The engineers rarely",euc_dmd,0.5,1,11,0.53759,0.12316,0.9202,0.91781,0.1677
222,"Over time, The engineers rarely",euc_dmd,0.7,1,13,0.77946,0.1446,1.10891,1.10372,0.16313
222,"Over time, The engineers rarely",euc_dmd,0.9,1,15,0.91446,0.19697,1.30558,1.2969,0.15421
222,"Over time, The engineers rarely",euc_dmd,0.99,1,20,0.99399,0.41966,1.99902,1.9781,0.13241
222,"Over time, The engineers rarely",cau_dmd,0.3,1,11,0.30967,0.14234,0.72147,0.72321,0.16343
222,"Over time, The engineers rarely",cau_dmd,0.5,1,13,0.5265,0.14108,0.85666,0.85702,0.16243
222,"Over time, The engineers rarely",cau_dmd,0.7,1,15,0.73199,0.16395,0.98458,0.98307,0.15779
222,"Over time, The engineers rarely",cau_dmd,0.9,1,18,0.91191,0.2446,1.21448,1.20904,0.14849
222,"Over time, The engineers rarely",cau_dmd,0.99,1,24,0.99301,0.49051,2.03123,2.01304,0.15802
222,"Over time, The engineers rarely",dua_dmd,0.3,1,10,0.316,0.31404,0.21774,0.22039,0.12853
222,"Over time, The engineers rarely",dua_dmd,0.5,1,12,0.50816,0.30816,0.33131,0.3331,0.11955
222,"Over time, The engineers rarely",dua_dmd,0.7,1,15,0.74039,0.31834,0.54215,0.54159,0.11831
222,"Over time, The engineers rarely",dua_dmd,0.9,1,19,0.90557,0.35115,0.88789,0.88249,0.12546
222,"Over time, The engineers rarely",dua_dmd,0.99,1,27,0.9921,0.43716,1.77431,1.7547,0.1286
1,Most doctors,euc_ctx,0.3,1,31,0.31375,0.02042,1.37957,1.37057,0.11925
1,Most doctors,euc_ctx,0.5,1,34,0.50001,0.01972,1.53961,1.52906,0.12206
1,Most doctors,euc_ctx,0.7,1,38,0.73918,0.02343,1.71361,1.70096,0.12303
1,Most doctors,euc_ctx,0.9,1,43,0.91216,0.03741,1.88124,1.8658,0.12301
1,Most doctors,euc_ctx,0.99,1,52,0.99068,0.10294,2.21315,2.19156,0.13269
1,Most doctors,cau_ctx,0.3,1,57,0.32477,0.01436,2.99488,2.98264,0.21986
1,Most doctors,cau_ctx,0.5,1,62,0.50114,0.0079,3.85543,3.83586,0.22222
1,Most doctors,cau_ctx,0.7,1,68,0.70999,0.00432,4.93175,4.90271,0.23528
1,Most doctors,cau_ctx,0.9,1,77,0.90451,0.00224,6.54891,6.50509,0.24476
1,Most doctors,cau_ctx,0.99,1,93,0.99108,0.00102,9.3603,9.28988,0.25766
1,Most doctors,dua_ctx,0.3,1,40,0.31974,0.12446,0.41698,0.41564,0.09825
1,Most doctors,dua_ctx,0.5,1,46,0.52636,0.12279,0.58552,0.58098,0.1018
1,Most doctors,dua_ctx,0.7,1,52,0.72028,0.12818,0.79715,0.78839,0.10691
1,Most doctors,dua_ctx,0.9,1,61,0.91134,0.14858,1.21641,1.1994,0.11658
1,Most doctors,dua_ctx,0.99,1,74,0.99165,0.1968,2.0574,2.02492,0.12015
1,Most doctors,euc_unemb,0.3,1,14,0.31921,0.02488,0.97352,0.96357,0.18609
1,Most doctors,euc_unemb,0.5,1,16,0.60521,0.02593,1.13483,1.12231,0.21325
1,Most doctors,euc_unemb,0.7,1,17,0.73502,0.02972,1.20011,1.18623,0.21469
1,Most doctors,euc_unemb,0.9,1,19,0.9009,0.04593,1.31431,1.29749,0.21737
1,Most doctors,euc_unemb,0.99,1,24,0.99439,0.16111,1.7463,1.71969,0.23776
1,Most doctors,cau_unemb,0.3,1,15,0.31312,0.01391,1.14821,1.13721,0.19358
1,Most doctors,cau_unemb,0.5,1,17,0.57368,0.01339,1.2959,1.28256,0.19464
1,Most doctors,cau_unemb,0.7,1,19,0.79817,0.01681,1.3912,1.37548,0.20285
1,Most doctors,cau_unemb,0.9,1,21,0.92035,0.02517,1.45458,1.43638,0.20669
1,Most doctors,cau_unemb,0.99,1,26,0.9939,0.08363,1.63969,1.61448,0.20381
1,Most doctors,dua_unemb,0.3,1,16,0.38491,0.13894,0.22505,0.22544,0.02072
1,Most doctors,dua_unemb,0.5,1,18,0.60132,0.14778,0.30548,0.30371,0.02201
1,Most doctors,dua_unemb,0.7,1,20,0.77723,0.16301,0.41501,0.41014,0.0305
1,Most doctors,dua_unemb,0.9,1,23,0.92599,0.19322,0.64002,0.62884,0.07307
1,Most doctors,dua_unemb,0.99,1,28,0.99146,0.25013,1.15086,1.12585,0.07653
1,Most doctors,euc_dmd,0.3,1,13,0.37346,0.01293,1.36105,1.34991,0.20822
1,Most doctors,euc_dmd,0.5,1,14,0.52973,0.0126,1.47367,1.461,0.21161
1,Most doctors,euc_dmd,0.7,1,16,0.79926,0.01574,1.65445,1.6386,0.21344
1,Most doctors,euc_dmd,0.9,1,18,0.9327,0.02492,1.79834,1.77917,0.21457
1,Most doctors,euc_dmd,0.99,1,22,0.99377,0.0733,2.0961,2.06956,0.23951
1,Most doctors,cau_dmd,0.3,1,14,0.35051,0.00977,1.52367,1.51468,0.21616
1,Most doctors,cau_dmd,0.5,1,16,0.6269,0.00962,1.73904,1.72743,0.21837
1,Most doctors,cau_dmd,0.7,1,17,0.74639,0.01067,1.83339,1.82041,0.21743
1,Most doctors,cau_dmd,0.9,1,20,0.93881,0.01899,2.09301,2.07561,0.24555
1,Most doctors,cau_dmd,0.99,1,24,0.99235,0.04665,2.50043,2.47589,0.24153
1,Most doctors,dua_dmd,0.3,1,14,0.39903,0.10785,0.30672,0.30991,0.05961
1,Most doctors,dua_dmd,0.5,1,15,0.53716,0.11056,0.35225,0.35474,0.05924
1,Most doctors,dua_dmd,0.7,1,17,0.76928,0.12457,0.45735,0.45774,0.06292
1,Most doctors,dua_dmd,0.9,1,19,0.90102,0.14563,0.59011,0.58759,0.07762
1,Most doctors,dua_dmd,0.99,1,24,0.99083,0.20737,1.06966,1.05711,0.09731
223,"Honestly, Voters now",euc_ctx,0.3,1,13,0.35245,0.50431,0.18167,0.18542,0.01707
223,"Honestly, Voters now",euc_ctx,0.5,1,16,0.5325,0.49817,0.25184,0.25474,0.04097
223,"Honestly, Voters now",euc_ctx,0.7,1,19,0.70446,0.51655,0.32067,0.32191,0.04293
223,"Honestly, Voters now",euc_ctx,0.9,1,25,0.91254,0.59914,0.48033,0.47607,0.0452
223,"Honestly, Voters now",euc_ctx,0.99,1,35,0.99186,0.72459,0.89793,0.88057,0.05251
223,"Honestly, Voters now",cau_ctx,0.3,1,24,0.3181,0.54059,0.25942,0.26538,0.02061
223,"Honestly, Voters now",cau_ctx,0.5,1,30,0.50107,0.49737,0.43204,0.437,0.02574
223,"Honestly, Voters now",cau_ctx,0.7,1,37,0.71147,0.44871,0.70606,0.70798,0.06726
223,"Honestly, Voters now",cau_ctx,0.9,1,48,0.91087,0.35826,1.31683,1.31023,0.29932
223,"Honestly, Voters now",cau_ctx,0.99,1,66,0.9909,0.18792,2.74683,2.71987,0.29994
223,"Honestly, Voters now",dua_ctx,0.3,1,28,0.31342,0.63145,0.18687,0.18818,0.01294
223,"Honestly, Voters now",dua_ctx,0.5,1,41,0.51498,0.63395,0.40067,0.39677,0.02026
223,"Honestly, Voters now",dua_ctx,0.7,1,54,0.70741,0.64642,0.70138,0.68897,0.02419
223,"Honestly, Voters now",dua_ctx,0.9,1,71,0.9057,0.6698,1.23774,1.20947,0.03003
223,"Honestly, Voters now",dua_ctx,0.99,1,87,0.99112,0.6946,1.95065,1.90232,0.03637
223,"Honestly, Voters now",euc_unemb,0.3,1,6,0.33563,0.51854,0.11914,0.12106,0.05326
223,"Honestly, Voters now",euc_unemb,0.5,1,8,0.59031,0.5298,0.1778,0.17798,0.02888
223,"Honestly, Voters now",euc_unemb,0.7,1,9,0.70902,0.55439,0.20913,0.2078,0.03309
223,"Honestly, Voters now",euc_unemb,0.9,1,12,0.92222,0.66338,0.36272,0.35441,0.02578
223,"Honestly, Voters now",euc_unemb,0.99,1,16,0.99003,0.76516,0.76474,0.74324,0.03541
223,"Honestly, Voters now",cau_unemb,0.3,1,6,0.31582,0.47334,0.14293,0.14605,0.05326
223,"Honestly, Voters now",cau_unemb,0.5,1,8,0.55903,0.46517,0.20067,0.20268,0.03375
223,"Honestly, Voters now",cau_unemb,0.7,1,10,0.77672,0.50548,0.24045,0.23998,0.02655
223,"Honestly, Voters now",cau_unemb,0.9,1,12,0.90508,0.57468,0.29272,0.28847,0.02674
223,"Honestly, Voters now",cau_unemb,0.99,1,17,0.99159,0.7259,0.60023,0.5828,0.02673
223,"Honestly, Voters now",dua_unemb,0.3,1,9,0.32117,0.64641,0.071,0.0714,0.02097
223,"Honestly, Voters now",dua_unemb,0.5,1,13,0.53016,0.66853,0.16431,0.1605,0.02339
223,"Honestly, Voters now",dua_unemb,0.7,1,18,0.73446,0.70785,0.36768,0.35454,0.02471
223,"Honestly, Voters now",dua_unemb,0.9,1,25,0.9106,0.75817,0.81503,0.78288,0.02832
223,"Honestly, Voters now",dua_unemb,0.99,1,33,0.99157,0.7976,1.54389,1.48401,0.03884
223,"Honestly, Voters now",euc_dmd,0.3,1,5,0.35257,0.46596,0.1711,0.17426,0.03488
223,"Honestly, Voters now",euc_dmd,0.5,1,6,0.50883,0.45804,0.22302,0.22545,0.04527
223,"Honestly, Voters now",euc_dmd,0.7,1,8,0.78961,0.49968,0.32528,0.32452,0.05047
223,"Honestly, Voters now",euc_dmd,0.9,1,10,0.93148,0.58419,0.46276,0.45674,0.05256
223,"Honestly, Voters now",euc_dmd,0.99,1,14,0.99438,0.72344,0.90798,0.88778,0.05619
223,"Honestly, Voters now",cau_dmd,0.3,1,5,0.33728,0.42947,0.20273,0.20744,0.03016
223,"Honestly, Voters now",cau_dmd,0.5,1,7,0.64068,0.41148,0.32182,0.32513,0.0592
223,"Honestly, Voters now",cau_dmd,0.7,1,8,0.76919,0.42707,0.38233,0.38414,0.06192
223,"Honestly, Voters now",cau_dmd,0.9,1,10,0.92051,0.48276,0.53346,0.53084,0.05528
223,"Honestly, Voters now",cau_dmd,0.99,1,14,0.99264,0.57299,1.00006,0.9849,0.05598
223,"Honestly, Voters now",dua_dmd,0.3,1,7,0.37567,0.61422,0.0944,0.09685,0.01693
223,"Honestly, Voters now",dua_dmd,0.5,1,9,0.54653,0.61738,0.15217,0.15353,0.01808
223,"Honestly, Voters now",dua_dmd,0.7,1,11,0.7013,0.62901,0.22116,0.22056,0.0213
223,"Honestly, Voters now",dua_dmd,0.9,1,15,0.91065,0.67047,0.39801,0.39111,0.02995
223,"Honestly, Voters now",dua_dmd,0.99,1,20,0.9918,0.73225,0.71933,0.70101,0.03275
259,"Usually, Many people usually",euc_ctx,0.3,1,20,0.30559,0.54438,0.26843,0.27432,0.10128
259,"Usually, Many people usually",euc_ctx,0.5,1,24,0.52092,0.54544,0.40462,0.409,0.11104
259,"Usually, Many people usually",euc_ctx,0.7,1,28,0.72845,0.57254,0.56721,0.56859,0.12417
259,"Usually, Many people usually",euc_ctx,0.9,1,34,0.91195,0.6366,0.86825,0.86267,0.12834
259,"Usually, Many people usually",euc_ctx,0.99,1,45,0.99183,0.7209,1.58315,1.56076,0.13281
259,"Usually, Many people usually",cau_ctx,0.3,1,39,0.3101,0.53827,0.5394,0.54622,0.11055
259,"Usually, Many people usually",cau_ctx,0.5,1,46,0.50376,0.44598,0.89683,0.90043,0.1143
259,"Usually, Many people usually",cau_ctx,0.7,1,54,0.72051,0.33361,1.46622,1.4633,0.11699
259,"Usually, Many people usually",cau_ctx,0.9,1,65,0.90317,0.21096,2.43652,2.42116,0.12157
259,"Usually, Many people usually",cau_ctx,0.99,1,85,0.99007,0.08927,4.42943,4.387,0.14026
259,"Usually, Many people usually",dua_ctx,0.3,1,33,0.30182,0.61035,0.25197,0.25628,0.0913
259,"Usually, Many people usually",dua_ctx,0.5,1,44,0.50056,0.60476,0.46878,0.46867,0.09562
259,"Usually, Many people usually",dua_ctx,0.7,1,56,0.70968,0.60613,0.80805,0.79987,0.09972
259,"Usually, Many people usually",dua_ctx,0.9,1,72,0.90866,0.62443,1.44319,1.41926,0.12097
259,"Usually, Many people usually",dua_ctx,0.99,1,90,0.9908,0.6599,2.4566,2.4083,0.05503
259,"Usually, Many people usually",euc_unemb,0.3,1,9,0.38615,0.50646,0.27858,0.28283,0.06545
259,"Usually, Many people usually",euc_unemb,0.5,1,10,0.51997,0.51054,0.35954,0.36259,0.07939
259,"Usually, Many people usually",euc_unemb,0.7,1,12,0.76219,0.54115,0.58308,0.58199,0.15392
259,"Usually, Many people usually",euc_unemb,0.9,1,14,0.90429,0.5809,0.89104,0.88376,0.15903
259,"Usually, Many people usually",euc_unemb,0.99,1,19,0.99279,0.62994,1.87266,1.84537,0.17463
259,"Usually, Many people usually",cau_unemb,0.3,1,10,0.40589,0.46475,0.33478,0.34082,0.14398
259,"Usually, Many people usually",cau_unemb,0.5,1,11,0.52708,0.46815,0.40196,0.40711,0.15304
259,"Usually, Many people usually",cau_unemb,0.7,1,13,0.74667,0.49788,0.56607,0.56813,0.14917
259,"Usually, Many people usually",cau_unemb,0.9,1,16,0.92566,0.56332,0.91206,0.90667,0.15635
259,"Usually, Many people usually",cau_unemb,0.99,1,21,0.99238,0.62401,1.69522,1.6733,0.17057
259,"Usually, Many people usually",dua_unemb,0.3,1,10,0.33168,0.59044,0.13502,0.13879,0.02103
259,"Usually, Many people usually",dua_unemb,0.5,1,13,0.57013,0.59986,0.26505,0.26617,0.02721
259,"Usually, Many people usually",dua_unemb,0.7,1,15,0.70867,0.61211,0.38484,0.38295,0.12009
259,"Usually, Many people usually",dua_unemb,0.9,1,20,0.91851,0.64824,0.81968,0.80617,0.17425
259,"Usually, Many people usually",dua_unemb,0.99,1,26,0.99028,0.67893,1.61623,1.58269,0.19027
259,"Usually, Many people usually",euc_dmd,0.3,1,8,0.30611,0.47716,0.33132,0.33808,0.0714
259,"Usually, Many people usually",euc_dmd,0.5,1,10,0.57324,0.47336,0.52467,0.52944,0.06887
259,"Usually, Many people usually",euc_dmd,0.7,1,12,0.80129,0.50755,0.78502,0.7856,0.0781
259,"Usually, Many people usually",euc_dmd,0.9,1,14,0.92255,0.55512,1.11941,1.11401,0.07507
259,"Usually, Many people usually",euc_dmd,0.99,1,19,0.99399,0.62902,2.14903,2.12475,0.08733
259,"Usually, Many people usually",cau_dmd,0.3,1,9,0.30648,0.44168,0.4397,0.44874,0.12278
259,"Usually, Many people usually",cau_dmd,0.5,1,11,0.53711,0.42803,0.62379,0.63149,0.08264
259,"Usually, Many people usually",cau_dmd,0.7,1,13,0.74956,0.44451,0.85533,0.86003,0.08146
259,"Usually, Many people usually",cau_dmd,0.9,1,16,0.92312,0.49226,1.3159,1.31355,0.08117
259,"Usually, Many people usually",cau_dmd,0.99,1,21,0.99121,0.53742,2.2893,2.27134,0.12235
259,"Usually, Many people usually",dua_dmd,0.3,1,9,0.35928,0.56652,0.19988,0.20633,0.02776
259,"Usually, Many people usually",dua_dmd,0.5,1,11,0.56395,0.5646,0.3359,0.34185,0.04545
259,"Usually, Many people usually",dua_dmd,0.7,1,13,0.73444,0.57191,0.50621,0.51072,0.05008
259,"Usually, Many people usually",dua_dmd,0.9,1,17,0.91779,0.6023,0.9368,0.9357,0.0575
259,"Usually, Many people usually",dua_dmd,0.99,1,24,0.99132,0.65713,1.93704,1.91868,0.06153
159,"Honestly, These kids always",euc_ctx,0.3,1,15,0.32149,0.4668,0.25884,0.2635,0.14932
159,"Honestly, These kids always",euc_ctx,0.5,1,19,0.55442,0.45568,0.38377,0.38706,0.15737
159,"Honestly, These kids always",euc_ctx,0.7,1,22,0.71886,0.47188,0.47336,0.47467,0.16044
159,"Honestly, These kids always",euc_ctx,0.9,1,28,0.91431,0.53887,0.67197,0.66718,0.16872
159,"Honestly, These kids always",euc_ctx,0.99,1,38,0.99101,0.62493,1.17286,1.1539,0.17171
159,"Honestly, These kids always",cau_ctx,0.3,1,31,0.32435,0.42981,0.38616,0.39202,0.15302
159,"Honestly, These kids always",cau_ctx,0.5,1,38,0.52597,0.39024,0.58677,0.59103,0.16418
159,"Honestly, These kids always",cau_ctx,0.7,1,45,0.72048,0.36348,0.83549,0.83657,0.15818
159,"Honestly, These kids always",cau_ctx,0.9,1,56,0.90743,0.32131,1.37207,1.36496,0.18155
159,"Honestly, These kids always",cau_ctx,0.99,1,75,0.99024,0.20904,2.77215,2.74411,0.23975
159,"Honestly, These kids always",dua_ctx,0.3,1,28,0.30313,0.55077,0.21479,0.21514,0.01919
159,"Honestly, These kids always",dua_ctx,0.5,1,39,0.51005,0.52658,0.40799,0.40278,0.02935
159,"Honestly, These kids always",dua_ctx,0.7,1,50,0.71484,0.51397,0.67413,0.66052,0.03212
159,"Honestly, These kids always",dua_ctx,0.9,1,63,0.9032,0.51609,1.09345,1.06668,0.04291
159,"Honestly, These kids always",dua_ctx,0.99,1,78,0.99043,0.5401,1.78184,1.73541,0.05457
159,"Honestly, These kids always",euc_unemb,0.3,1,6,0.31606,0.52528,0.2005,0.2038,0.03763
159,"Honestly, These kids always",euc_unemb,0.5,1,8,0.60927,0.53071,0.38508,0.38589,0.20274
159,"Honestly, These kids always",euc_unemb,0.7,1,9,0.74134,0.5502,0.51275,0.51129,0.21774
159,"Honestly, These kids always",euc_unemb,0.9,1,11,0.90647,0.59888,0.83778,0.82992,0.21899
159,"Honestly, These kids always",euc_unemb,0.99,1,15,0.99107,0.64715,1.65523,1.63034,0.23283
159,"Honestly, These kids always",cau_unemb,0.3,1,7,0.38553,0.49613,0.23086,0.23635,0.15357
159,"Honestly, These kids always",cau_unemb,0.5,1,8,0.52422,0.49861,0.30104,0.30586,0.15818
159,"Honestly, These kids always",cau_unemb,0.7,1,10,0.77249,0.53715,0.48045,0.48227,0.18697
159,"Honestly, These kids always",cau_unemb,0.9,1,12,0.91263,0.59296,0.72094,0.71776,0.20795
159,"Honestly, These kids always",cau_unemb,0.99,1,17,0.99419,0.66226,1.53232,1.51177,0.22114
159,"Honestly, These kids always",dua_unemb,0.3,1,8,0.34798,0.60023,0.13551,0.13732,0.02984
159,"Honestly, These kids always",dua_unemb,0.5,1,10,0.51188,0.60188,0.23063,0.23075,0.03304
159,"Honestly, These kids always",dua_unemb,0.7,1,13,0.72731,0.61807,0.44072,0.4361,0.03378
159,"Honestly, These kids always",dua_unemb,0.9,1,18,0.91864,0.65733,0.97402,0.95634,0.18473
159,"Honestly, These kids always",dua_unemb,0.99,1,24,0.99011,0.68961,1.8384,1.79934,0.18851
159,"Honestly, These kids always",euc_dmd,0.3,1,6,0.36783,0.45777,0.31474,0.31845,0.15563
159,"Honestly, These kids always",euc_dmd,0.5,1,7,0.52457,0.45294,0.41116,0.41378,0.17881
159,"Honestly, These kids always",euc_dmd,0.7,1,9,0.79757,0.49539,0.61624,0.61487,0.21828
159,"Honestly, These kids always",euc_dmd,0.9,1,11,0.93292,0.57476,0.86126,0.85384,0.21306
159,"Honestly, These kids always",euc_dmd,0.99,1,15,0.99401,0.70189,1.51441,1.49128,0.17519
159,"Honestly, These kids always",cau_dmd,0.3,1,7,0.41181,0.42875,0.36444,0.37042,0.15648
159,"Honestly, These kids always",cau_dmd,0.5,1,8,0.55108,0.43012,0.43169,0.43697,0.15938
159,"Honestly, These kids always",cau_dmd,0.7,1,10,0.78767,0.47618,0.55934,0.56191,0.19882
159,"Honestly, These kids always",cau_dmd,0.9,1,12,0.91621,0.55583,0.72214,0.72041,0.17093
159,"Honestly, These kids always",cau_dmd,0.99,1,17,0.99316,0.72546,1.37189,1.35504,0.17523
159,"Honestly, These kids always",dua_dmd,0.3,1,7,0.38593,0.5643,0.15801,0.1605,0.03299
159,"Honestly, These kids always",dua_dmd,0.5,1,9,0.60997,0.55758,0.27059,0.27189,0.03794
159,"Honestly, These kids always",dua_dmd,0.7,1,10,0.71072,0.55935,0.33689,0.33724,0.04196
159,"Honestly, These kids always",dua_dmd,0.9,1,13,0.9085,0.5807,0.57548,0.57157,0.04542
159,"Honestly, These kids always",dua_dmd,0.99,1,18,0.99008,0.63429,1.09055,1.07582,0.03959
250,"In this case, Most doctors",euc_ctx,0.3,1,18,0.31323,0.09459,0.41699,0.41735,0.21762
250,"In this case, Most doctors",euc_ctx,0.5,1,22,0.53697,0.09423,0.56144,0.56084,0.20777
250,"In this case, Most doctors",euc_ctx,0.7,1,26,0.74647,0.11084,0.70228,0.70038,0.21335
250,"In this case, Most doctors",euc_ctx,0.9,1,31,0.90397,0.1576,0.89705,0.89288,0.21413
250,"In this case, Most doctors",euc_ctx,0.99,1,42,0.99175,0.33482,1.59429,1.58176,0.23177
250,"In this case, Most doctors",cau_ctx,0.3,1,33,0.30593,0.15247,0.47353,0.48053,0.20631
250,"In this case, Most doctors",cau_ctx,0.5,1,40,0.51718,0.14963,0.74425,0.7506,0.22322
250,"In this case, Most doctors",cau_ctx,0.7,1,47,0.72235,0.15287,1.13108,1.13529,0.1887
250,"In this case, Most doctors",cau_ctx,0.9,1,57,0.90227,0.14805,1.95354,1.95149,0.22773
250,"In this case, Most doctors",cau_ctx,0.99,1,76,0.9903,0.08755,4.26347,4.24137,0.24114
250,"In this case, Most doctors",dua_ctx,0.3,1,27,0.31722,0.17773,0.18688,0.18848,0.17125
250,"In this case, Most doctors",dua_ctx,0.5,1,35,0.52185,0.17962,0.33004,0.32955,0.20031
250,"In this case, Most doctors",dua_ctx,0.7,1,43,0.71095,0.18937,0.5317,0.52775,0.21245
250,"In this case, Most doctors",dua_ctx,0.9,1,55,0.90526,0.21804,0.97823,0.96659,0.21575
250,"In this case, Most doctors",dua_ctx,0.99,1,71,0.99075,0.27719,1.87731,1.85124,0.15032
250,"In this case, Most doctors",euc_unemb,0.3,1,8,0.33992,0.08405,0.30952,0.30682,0.18597
250,"In this case, Most doctors",euc_unemb,0.5,1,10,0.60435,0.08768,0.42119,0.41671,0.19138
250,"In this case, Most doctors",euc_unemb,0.7,1,11,0.72465,0.09762,0.47594,0.47038,0.19498
250,"In this case, Most doctors",euc_unemb,0.9,1,14,0.93095,0.16314,0.6842,0.6744,0.19773
250,"In this case, Most doctors",euc_unemb,0.99,1,18,0.9917,0.30862,1.23313,1.21444,0.23162
250,"In this case, Most doctors",cau_unemb,0.3,1,9,0.38948,0.06364,0.39214,0.38903,0.20179
250,"In this case, Most doctors",cau_unemb,0.5,1,10,0.51336,0.06266,0.44615,0.44224,0.20442
250,"In this case, Most doctors",cau_unemb,0.7,1,12,0.74215,0.07128,0.53815,0.53246,0.20663
250,"In this case, Most doctors",cau_unemb,0.9,1,15,0.92801,0.1123,0.67171,0.66271,0.19843
250,"In this case, Most doctors",cau_unemb,0.99,1,20,0.99353,0.25326,1.08447,1.06752,0.21713
250,"In this case, Most doctors",dua_unemb,0.3,1,10,0.3891,0.1775,0.10465,0.10504,0.13266
250,"In this case, Most doctors",dua_unemb,0.5,1,12,0.5769,0.18567,0.1662,0.16508,0.13634
250,"In this case, Most doctors",dua_unemb,0.7,1,14,0.73803,0.20008,0.25195,0.24857,0.14075
250,"In this case, Most doctors",dua_unemb,0.9,1,18,0.92522,0.24061,0.50584,0.49582,0.14755
250,"In this case, Most doctors",dua_unemb,0.99,1,24,0.99288,0.3111,1.07034,1.04621,0.15992
250,"In this case, Most doctors",euc_dmd,0.3,1,7,0.31663,0.06506,0.41089,0.40858,0.20126
250,"In this case, Most doctors",euc_dmd,0.5,1,9,0.60488,0.06205,0.56996,0.56559,0.19936
250,"In this case, Most doctors",euc_dmd,0.7,1,10,0.73497,0.06767,0.63936,0.63379,0.20719
250,"In this case, Most doctors",euc_dmd,0.9,1,12,0.9003,0.0934,0.77484,0.76652,0.21174
250,"In this case, Most doctors",euc_dmd,0.99,1,17,0.99393,0.24065,1.29136,1.27363,0.23645
250,"In this case, Most doctors",cau_dmd,0.3,1,8,0.37775,0.05133,0.52307,0.52146,0.20527
250,"In this case, Most doctors",cau_dmd,0.5,1,9,0.51285,0.04883,0.60649,0.60402,0.20952
250,"In this case, Most doctors",cau_dmd,0.7,1,11,0.75802,0.0536,0.75574,0.75129,0.21584
250,"In this case, Most doctors",cau_dmd,0.9,1,13,0.90177,0.07037,0.90197,0.89513,0.21543
250,"In this case, Most doctors",cau_dmd,0.99,1,18,0.99207,0.15695,1.42869,1.41364,0.22256
250,"In this case, Most doctors",dua_dmd,0.3,1,8,0.3579,0.15343,0.12288,0.12489,0.13536
250,"In this case, Most doctors",dua_dmd,0.5,1,10,0.61124,0.15667,0.1996,0.20058,0.17108
250,"In this case, Most doctors",dua_dmd,0.7,1,11,0.72221,0.1628,0.24632,0.24647,0.17367
250,"In this case, Most doctors",dua_dmd,0.9,1,14,0.91919,0.19205,0.42678,0.42337,0.19214
250,"In this case, Most doctors",dua_dmd,0.99,1,19,0.99202,0.25188,0.86861,0.85674,0.21209
183,"At home, Most doctors",euc_ctx,0.3,1,26,0.3263,0.05786,0.77729,0.77582,0.27772
183,"At home, Most doctors",euc_ctx,0.5,1,30,0.54154,0.05815,0.96902,0.96624,0.28662
183,"At home, Most doctors",euc_ctx,0.7,1,34,0.74203,0.06834,1.159,1.15466,0.30241
183,"At home, Most doctors",euc_ctx,0.9,1,40,0.91593,0.10436,1.46998,1.46261,0.31047
183,"At home, Most doctors",euc_ctx,0.99,1,50,0.99002,0.20979,2.21012,2.19499,0.32854
183,"At home, Most doctors",cau_ctx,0.3,1,48,0.32123,0.05786,1.35824,1.35805,0.22245
183,"At home, Most doctors",cau_ctx,0.5,1,55,0.52595,0.03394,2.18122,2.17447,0.26735
183,"At home, Most doctors",cau_ctx,0.7,1,62,0.72256,0.02019,3.14495,3.13003,0.27367
183,"At home, Most doctors",cau_ctx,0.9,1,73,0.90898,0.0102,4.76428,4.73508,0.3155
183,"At home, Most doctors",cau_ctx,0.99,1,92,0.99041,0.00399,7.61778,7.5628,0.33855
183,"At home, Most doctors",dua_ctx,0.3,1,35,0.31733,0.12808,0.30881,0.30958,0.02396
183,"At home, Most doctors",dua_ctx,0.5,1,42,0.50462,0.12446,0.46761,0.46595,0.02948
183,"At home, Most doctors",dua_ctx,0.7,1,50,0.70851,0.12709,0.69729,0.69172,0.20161
183,"At home, Most doctors",dua_ctx,0.9,1,62,0.90812,0.14369,1.15811,1.14444,0.25695
183,"At home, Most doctors",dua_ctx,0.99,1,79,0.99142,0.18607,2.15352,2.12402,0.23164
183,"At home, Most doctors",euc_unemb,0.3,1,12,0.41567,0.0525,0.66412,0.6583,0.26341
183,"At home, Most doctors",euc_unemb,0.5,1,13,0.54529,0.05389,0.75122,0.74431,0.26269
183,"At home, Most doctors",euc_unemb,0.7,1,15,0.77335,0.06645,0.92889,0.91949,0.28262
183,"At home, Most doctors",euc_unemb,0.9,1,17,0.90673,0.09346,1.13257,1.12014,0.28992
183,"At home, Most doctors",euc_unemb,0.99,1,22,0.99257,0.20856,1.94985,1.92625,0.32147
183,"At home, Most doctors",cau_unemb,0.3,1,12,0.30507,0.03752,0.73849,0.73359,0.28797
183,"At home, Most doctors",cau_unemb,0.5,1,14,0.53162,0.03543,0.91451,0.90776,0.28979
183,"At home, Most doctors",cau_unemb,0.7,1,16,0.7453,0.04064,1.07244,1.06366,0.29957
183,"At home, Most doctors",cau_unemb,0.9,1,19,0.92326,0.06369,1.3027,1.2905,0.30911
183,"At home, Most doctors",cau_unemb,0.99,1,24,0.99199,0.149,1.82342,1.80372,0.30619
183,"At home, Most doctors",dua_unemb,0.3,1,13,0.36648,0.13358,0.167,0.16744,0.01077
183,"At home, Most doctors",dua_unemb,0.5,1,15,0.55113,0.13768,0.24565,0.24454,0.185
183,"At home, Most doctors",dua_unemb,0.7,1,17,0.71413,0.14683,0.34695,0.34365,0.18762
183,"At home, Most doctors",dua_unemb,0.9,1,21,0.91078,0.17476,0.63393,0.62445,0.24988
183,"At home, Most doctors",dua_unemb,0.99,1,27,0.99023,0.22532,1.34502,1.32211,0.2209
183,"At home, Most doctors",euc_dmd,0.3,1,11,0.39867,0.03559,0.88226,0.87634,0.28375
183,"At home, Most doctors",euc_dmd,0.5,1,12,0.53522,0.03522,0.99345,0.9863,0.28576
183,"At home, Most doctors",euc_dmd,0.7,1,14,0.77553,0.04192,1.19864,1.18886,0.29461
183,"At home, Most doctors",euc_dmd,0.9,1,16,0.91135,0.0596,1.39643,1.38375,0.31147
183,"At home, Most doctors",euc_dmd,0.99,1,21,0.9934,0.16516,2.0075,1.98595,0.32428
183,"At home, Most doctors",cau_dmd,0.3,1,12,0.38031,0.02793,0.98124,0.97712,0.28707
183,"At home, Most doctors",cau_dmd,0.5,1,13,0.5011,0.02696,1.0904,1.08529,0.28835
183,"At home, Most doctors",cau_dmd,0.7,1,15,0.72756,0.02957,1.29604,1.28879,0.30284
183,"At home, Most doctors",cau_dmd,0.9,1,18,0.91903,0.04518,1.5962,1.58535,0.31375
183,"At home, Most doctors",cau_dmd,0.99,1,23,0.99171,0.10671,2.21448,2.19597,0.31627
183,"At home, Most doctors",dua_dmd,0.3,1,11,0.31982,0.11583,0.17219,0.17495,0.01579
183,"At home, Most doctors",dua_dmd,0.5,1,13,0.54667,0.11706,0.25156,0.25339,0.02325
183,"At home, Most doctors",dua_dmd,0.7,1,15,0.74216,0.12629,0.34851,0.34874,0.19109
183,"At home, Most doctors",dua_dmd,0.9,1,18,0.90684,0.14864,0.54032,0.53713,0.19643
183,"At home, Most doctors",dua_dmd,0.99,1,24,0.99026,0.20104,1.14429,1.1314,0.2218
215,"At home, Many people also",euc_ctx,0.3,1,32,0.30573,0.27799,0.90872,0.91388,0.16454
215,"At home, Many people also",euc_ctx,0.5,1,36,0.50991,0.26286,1.01444,1.01779,0.1651
215,"At home, Many people also",euc_ctx,0.7,1,40,0.71006,0.28086,1.03984,1.0408,0.16377
215,"At home, Many people also",euc_ctx,0.9,1,47,0.91554,0.38005,0.97072,0.96608,0.05821
215,"At home, Many people also",euc_ctx,0.99,1,58,0.99088,0.60229,0.9374,0.92052,0.05142
215,"At home, Many people also",cau_ctx,0.3,1,58,0.32428,0.14791,1.7374,1.7382,0.23911
215,"At home, Many people also",cau_ctx,0.5,1,64,0.50084,0.09596,2.25051,2.24571,0.25282
215,"At home, Many people also",cau_ctx,0.7,1,71,0.70461,0.06066,2.88285,2.87012,0.25433
215,"At home, Many people also",cau_ctx,0.9,1,82,0.90413,0.03487,3.86149,3.83468,0.24887
215,"At home, Many people also",cau_ctx,0.99,1,101,0.99061,0.01816,5.45282,5.40008,0.24282
215,"At home, Many people also",dua_ctx,0.3,1,46,0.30179,0.59667,0.37234,0.37475,0.01299
215,"At home, Many people also",dua_ctx,0.5,1,57,0.5169,0.58083,0.55544,0.55268,0.02048
215,"At home, Many people also",dua_ctx,0.7,1,67,0.70783,0.57889,0.75895,0.74957,0.0223
215,"At home, Many people also",dua_ctx,0.9,1,81,0.90817,0.59732,1.08774,1.06615,0.02572
215,"At home, Many people also",dua_ctx,0.99,1,97,0.99094,0.64494,1.51625,1.47636,0.02619
215,"At home, Many people also",euc_unemb,0.3,1,16,0.40165,0.39783,0.67753,0.67943,0.19278
215,"At home, Many people also",euc_unemb,0.5,1,17,0.51462,0.40329,0.70833,0.7089,0.19212
215,"At home, Many people also",euc_unemb,0.7,1,19,0.72514,0.44355,0.7715,0.76851,0.18722
215,"At home, Many people also",euc_unemb,0.9,1,22,0.91144,0.54564,0.94445,0.93379,0.08347
215,"At home, Many people also",euc_unemb,0.99,1,28,0.99355,0.67762,1.66943,1.63732,0.25184
215,"At home, Many people also",cau_unemb,0.3,1,17,0.3462,0.42331,0.62411,0.6297,0.19023
215,"At home, Many people also",cau_unemb,0.5,1,19,0.54032,0.43918,0.61913,0.62281,0.18981
215,"At home, Many people also",cau_unemb,0.7,1,21,0.72135,0.4859,0.61261,0.61343,0.18259
215,"At home, Many people also",cau_unemb,0.9,1,25,0.92489,0.61995,0.73025,0.72239,0.0699
215,"At home, Many people also",cau_unemb,0.99,1,31,0.99198,0.73683,1.2462,1.22012,0.08065
215,"At home, Many people also",dua_unemb,0.3,1,17,0.32702,0.64207,0.22767,0.22974,0.01234
215,"At home, Many people also",dua_unemb,0.5,1,20,0.50274,0.65052,0.32321,0.3216,0.01547
215,"At home, Many people also",dua_unemb,0.7,1,25,0.72652,0.67981,0.53529,0.5245,0.02186
215,"At home, Many people also",dua_unemb,0.9,1,33,0.90371,0.73131,1.00801,0.97656,0.05963
215,"At home, Many people also",dua_unemb,0.99,1,48,0.9923,0.74385,2.42568,2.34235,0.09862
215,"At home, Many people also",euc_dmd,0.3,1,15,0.40216,0.25278,1.14452,1.14556,0.19966
215,"At home, Many people also",euc_dmd,0.5,1,16,0.51788,0.25169,1.19054,1.19015,0.18485
215,"At home, Many people also",euc_dmd,0.7,1,18,0.73083,0.27844,1.26009,1.25627,0.18485
215,"At home, Many people also",euc_dmd,0.9,1,21,0.9146,0.37999,1.37493,1.36456,0.10654
215,"At home, Many people also",euc_dmd,0.99,1,26,0.99026,0.60621,1.76285,1.73799,0.11295
215,"At home, Many people also",cau_dmd,0.3,1,16,0.35961,0.2746,1.07676,1.08251,0.18473
215,"At home, Many people also",cau_dmd,0.5,1,18,0.56805,0.28052,1.14155,1.14525,0.17592
215,"At home, Many people also",cau_dmd,0.7,1,20,0.75372,0.32079,1.20379,1.20477,0.09343
215,"At home, Many people also",cau_dmd,0.9,1,23,0.91504,0.43499,1.3409,1.33642,0.08846
215,"At home, Many people also",cau_dmd,0.99,1,29,0.99241,0.69958,1.89129,1.87123,0.10849
215,"At home, Many people also",dua_dmd,0.3,1,14,0.31765,0.57346,0.29527,0.29988,0.01929
215,"At home, Many people also",dua_dmd,0.5,1,17,0.56473,0.56388,0.42771,0.42984,0.02258
215,"At home, Many people also",dua_dmd,0.7,1,20,0.73208,0.5745,0.56928,0.56747,0.02275
215,"At home, Many people also",dua_dmd,0.9,1,29,0.90308,0.64018,1.03632,1.01744,0.02893
215,"At home, Many people also",dua_dmd,0.99,1,46,0.99166,0.73206,2.26248,2.19924,0.07806
208,"Usually, Voters still",euc_ctx,0.3,1,16,0.31838,0.46799,0.25381,0.26046,0.02726
208,"Usually, Voters still",euc_ctx,0.5,1,20,0.54862,0.47087,0.40948,0.41513,0.06824
208,"Usually, Voters still",euc_ctx,0.7,1,23,0.71332,0.49289,0.54979,0.55364,0.08509
208,"Usually, Voters still",euc_ctx,0.9,1,29,0.91229,0.56453,0.90571,0.90362,0.09127
208,"Usually, Voters still",euc_ctx,0.99,1,39,0.99113,0.65981,1.70624,1.69022,0.09479
208,"Usually, Voters still",cau_ctx,0.3,1,31,0.32407,0.49429,0.39895,0.40788,0.03901
208,"Usually, Voters still",cau_ctx,0.5,1,37,0.50319,0.47424,0.61078,0.61881,0.08902
208,"Usually, Voters still",cau_ctx,0.7,1,44,0.70819,0.45816,0.93061,0.93592,0.09331
208,"Usually, Voters still",cau_ctx,0.9,1,55,0.90591,0.42848,1.59761,1.59541,0.24166
208,"Usually, Voters still",cau_ctx,0.99,1,74,0.99072,0.31039,3.1753,3.15389,0.24661
208,"Usually, Voters still",dua_ctx,0.3,1,29,0.31421,0.52024,0.29155,0.2958,0.03523
208,"Usually, Voters still",dua_ctx,0.5,1,40,0.51244,0.51815,0.59134,0.59172,0.07434
208,"Usually, Voters still",dua_ctx,0.7,1,51,0.70427,0.52216,1.03733,1.03101,0.09046
208,"Usually, Voters still",dua_ctx,0.9,1,66,0.90662,0.53952,1.87248,1.85259,0.0983
208,"Usually, Voters still",dua_ctx,0.99,1,81,0.99058,0.56924,2.99159,2.95283,0.10154
208,"Usually, Voters still",euc_unemb,0.3,1,7,0.31418,0.45673,0.17712,0.18165,0.01711
208,"Usually, Voters still",euc_unemb,0.5,1,9,0.58046,0.47322,0.32482,0.32766,0.03804
208,"Usually, Voters still",euc_unemb,0.7,1,10,0.70681,0.49514,0.43348,0.43461,0.04455
208,"Usually, Voters still",euc_unemb,0.9,1,13,0.92792,0.57449,0.92432,0.9171,0.10243
208,"Usually, Voters still",euc_unemb,0.99,1,17,0.99189,0.62873,1.84052,1.81772,0.2907
208,"Usually, Voters still",cau_unemb,0.3,1,8,0.37842,0.4168,0.21909,0.22496,0.02746
208,"Usually, Voters still",cau_unemb,0.5,1,9,0.50338,0.42271,0.27297,0.27836,0.02732
208,"Usually, Voters still",cau_unemb,0.7,1,11,0.73707,0.46239,0.41285,0.416,0.03984
208,"Usually, Voters still",cau_unemb,0.9,1,14,0.92755,0.55005,0.75412,0.7508,0.09559
208,"Usually, Voters still",cau_unemb,0.99,1,19,0.99366,0.62979,1.63141,1.61236,0.10783
208,"Usually, Voters still",dua_unemb,0.3,1,9,0.36052,0.52461,0.13995,0.14275,0.01224
208,"Usually, Voters still",dua_unemb,0.5,1,11,0.51197,0.53734,0.22875,0.2298,0.02822
208,"Usually, Voters still",dua_unemb,0.7,1,15,0.7426,0.57505,0.49782,0.49265,0.04187
208,"Usually, Voters still",dua_unemb,0.9,1,21,0.92006,0.62745,1.15984,1.1397,0.10228
208,"Usually, Voters still",dua_unemb,0.99,1,28,0.99201,0.66235,2.30199,2.25837,0.11076
208,"Usually, Voters still",euc_dmd,0.3,1,7,0.40936,0.40604,0.27611,0.28185,0.03391
208,"Usually, Voters still",euc_dmd,0.5,1,8,0.55831,0.41528,0.34892,0.35389,0.03666
208,"Usually, Voters still",euc_dmd,0.7,1,10,0.80681,0.47346,0.53543,0.53718,0.06476
208,"Usually, Voters still",euc_dmd,0.9,1,12,0.93167,0.55432,0.81308,0.80959,0.08993
208,"Usually, Voters still",euc_dmd,0.99,1,16,0.99284,0.66926,1.60936,1.59172,0.10095
208,"Usually, Voters still",cau_dmd,0.3,1,7,0.34305,0.36621,0.2925,0.30006,0.19668
208,"Usually, Voters still",cau_dmd,0.5,1,9,0.60951,0.3813,0.40605,0.41284,0.04433
208,"Usually, Voters still",cau_dmd,0.7,1,10,0.72807,0.40844,0.47026,0.47604,0.04659
208,"Usually, Voters still",cau_dmd,0.9,1,13,0.9288,0.53161,0.77222,0.7725,0.06578
208,"Usually, Voters still",cau_dmd,0.99,1,18,0.99386,0.69105,1.65202,1.63771,0.09481
208,"Usually, Voters still",dua_dmd,0.3,1,7,0.34169,0.49182,0.14515,0.15006,0.01461
208,"Usually, Voters still",dua_dmd,0.5,1,9,0.57559,0.49296,0.26239,0.26672,0.03209
208,"Usually, Voters still",dua_dmd,0.7,1,11,0.77105,0.50767,0.41282,0.41548,0.04108
208,"Usually, Voters still",dua_dmd,0.9,1,14,0.92903,0.54389,0.69212,0.69062,0.04598
208,"Usually, Voters still",dua_dmd,0.99,1,19,0.99096,0.60656,1.27407,1.26268,0.08915
210,"Every day, They also",euc_ctx,0.3,1,16,0.30594,0.48207,0.22551,0.23129,0.02898
210,"Every day, They also",euc_ctx,0.5,1,20,0.502,0.472,0.33993,0.34515,0.04123
210,"Every day, They also",euc_ctx,0.7,1,25,0.73904,0.50148,0.4874,0.49042,0.04226
210,"Every day, They also",euc_ctx,0.9,1,31,0.90703,0.57641,0.67599,0.67439,0.04774
210,"Every day, They also",euc_ctx,0.99,1,43,0.9913,0.70753,1.19804,1.18305,0.05499
210,"Every day, They also",cau_ctx,0.3,1,32,0.31856,0.47314,0.33145,0.33899,0.02401
210,"Every day, They also",cau_ctx,0.5,1,40,0.52639,0.44998,0.52351,0.53024,0.04444
210,"Every day, They also",cau_ctx,0.7,1,47,0.70516,0.44887,0.73128,0.73607,0.14714
210,"Every day, They also",cau_ctx,0.9,1,59,0.90065,0.46229,1.18998,1.18883,0.19379
210,"Every day, They also",cau_ctx,0.99,1,81,0.99107,0.40551,2.42395,2.40522,0.2003
210,"Every day, They also",dua_ctx,0.3,1,29,0.305,0.56407,0.21064,0.21481,0.02593
210,"Every day, They also",dua_ctx,0.5,1,41,0.51302,0.55149,0.41724,0.41813,0.03386
210,"Every day, They also",dua_ctx,0.7,1,53,0.71243,0.55247,0.7086,0.70332,0.04344
210,"Every day, They also",dua_ctx,0.9,1,69,0.90859,0.57401,1.2341,1.21653,0.04971
210,"Every day, They also",dua_ctx,0.99,1,86,0.99051,0.61531,1.98692,1.95166,0.0514
210,"Every day, They also",euc_unemb,0.3,1,7,0.35279,0.51768,0.1885,0.19237,0.02731
210,"Every day, They also",euc_unemb,0.5,1,9,0.6017,0.53882,0.33548,0.33775,0.13554
210,"Every day, They also",euc_unemb,0.7,1,10,0.71583,0.56487,0.43217,0.43295,0.17019
210,"Every day, They also",euc_unemb,0.9,1,13,0.92151,0.66479,0.81609,0.80981,0.19612
210,"Every day, They also",euc_unemb,0.99,1,18,0.99357,0.75747,1.65903,1.63581,0.21247
210,"Every day, They also",cau_unemb,0.3,1,8,0.38871,0.48239,0.21615,0.22203,0.0356
210,"Every day, They also",cau_unemb,0.5,1,9,0.50139,0.48641,0.2695,0.27505,0.03894
210,"Every day, They also",cau_unemb,0.7,1,11,0.71522,0.52284,0.39246,0.39637,0.13651
210,"Every day, They also",cau_unemb,0.9,1,14,0.90803,0.61703,0.6301,0.6291,0.17086
210,"Every day, They also",cau_unemb,0.99,1,20,0.99336,0.74344,1.325,1.30862,0.19609
210,"Every day, They also",dua_unemb,0.3,1,8,0.30848,0.59052,0.09369,0.09728,0.02187
210,"Every day, They also",dua_unemb,0.5,1,11,0.53352,0.59866,0.20515,0.20739,0.02698
210,"Every day, They also",dua_unemb,0.7,1,14,0.72242,0.6195,0.37357,0.37241,0.03022
210,"Every day, They also",dua_unemb,0.9,1,20,0.91679,0.671,0.86162,0.84851,0.03498
210,"Every day, They also",dua_unemb,0.99,1,28,0.99184,0.71826,1.76949,1.73356,0.03869
210,"Every day, They also",euc_dmd,0.3,1,7,0.37432,0.45571,0.28061,0.28514,0.03248
210,"Every day, They also",euc_dmd,0.5,1,8,0.50105,0.45415,0.35411,0.35804,0.03515
210,"Every day, They also",euc_dmd,0.7,1,10,0.73869,0.4887,0.50752,0.50903,0.14306
210,"Every day, They also",euc_dmd,0.9,1,13,0.92999,0.59734,0.78495,0.78008,0.14336
210,"Every day, They also",euc_dmd,0.99,1,17,0.99038,0.72499,1.30443,1.28763,0.14296
210,"Every day, They also",cau_dmd,0.3,1,8,0.37235,0.42547,0.31632,0.32312,0.04004
210,"Every day, They also",cau_dmd,0.5,1,10,0.58839,0.4279,0.41313,0.41917,0.03607
210,"Every day, They also",cau_dmd,0.7,1,12,0.77332,0.46569,0.5055,0.50964,0.04018
210,"Every day, They also",cau_dmd,0.9,1,15,0.92514,0.55742,0.70031,0.69966,0.03918
210,"Every day, They also",cau_dmd,0.99,1,20,0.99022,0.68456,1.23556,1.2233,0.03676
210,"Every day, They also",dua_dmd,0.3,1,7,0.30287,0.55585,0.12006,0.12387,0.01727
210,"Every day, They also",dua_dmd,0.5,1,9,0.50035,0.54789,0.21101,0.21453,0.02111
210,"Every day, They also",dua_dmd,0.7,1,12,0.76651,0.55688,0.38996,0.39152,0.02575
210,"Every day, They also",dua_dmd,0.9,1,15,0.91409,0.58234,0.60851,0.60654,0.03154
210,"Every day, They also",dua_dmd,0.99,1,21,0.99031,0.64262,1.14428,1.13183,0.03439
