ctx_id,text,method,level,reached,step,P1,cf,kl,kl99,rd
168,"Usually, I often",euc_ctx,0.3,1,7,0.50631,0.17706,1.10179,1.11229,0.1687
168,"Usually, I often",euc_ctx,0.5,1,7,0.50631,0.17706,1.10179,1.11229,0.1687
168,"Usually, I often",euc_ctx,0.7,1,8,0.72533,0.20139,1.21038,1.21959,0.16239
168,"Usually, I often",euc_ctx,0.9,1,10,0.94118,0.33022,1.3604,1.36476,0.148
168,"Usually, I often",euc_ctx,0.99,1,13,0.99487,0.56264,1.93446,1.92592,0.15774
168,"Usually, I often",cau_ctx,0.3,0,,,,,,
168,"Usually, I often",cau_ctx,0.5,0,,,,,,
168,"Usually, I often",cau_ctx,0.7,0,,,,,,
168,"Usually, I often",cau_ctx,0.9,0,,,,,,
168,"Usually, I often",cau_ctx,0.99,0,,,,,,
168,"Usually, I often",dua_ctx,0.3,1,12,0.31709,0.43699,0.42175,0.42839,0.0193
168,"Usually, I often",dua_ctx,0.5,1,16,0.54582,0.4353,0.70885,0.71144,0.04322
168,"Usually, I often",dua_ctx,0.7,1,19,0.70406,0.44459,0.98479,0.98294,0.05046
168,"Usually, I often",dua_ctx,0.9,1,25,0.9085,0.49788,1.75259,1.73818,0.13152
168,"Usually, I often",dua_ctx,0.99,1,35,0.99214,0.63748,3.81294,3.7672,0.13061
168,"Usually, I often",euc_unemb,0.3,1,2,0.97388,0.29508,1.42725,1.43365,0.13172
168,"Usually, I often",euc_unemb,0.5,1,2,0.97388,0.29508,1.42725,1.43365,0.13172
168,"Usually, I often",euc_unemb,0.7,1,2,0.97388,0.29508,1.42725,1.43365,0.13172
168,"Usually, I often",euc_unemb,0.9,1,2,0.97388,0.29508,1.42725,1.43365,0.13172
168,"Usually, I often",euc_unemb,0.99,1,3,0.99988,0.50604,3.0267,3.00622,0.1216
168,"Usually, I often",cau_unemb,0.3,1,32,0.3434,0.18665,0.71779,0.72916,0.15093
168,"Usually, I often",cau_unemb,0.5,1,36,0.53877,0.18592,0.82755,0.83848,0.15591
168,"Usually, I often",cau_unemb,0.7,1,40,0.72219,0.20515,0.91414,0.92408,0.15501
168,"Usually, I often",cau_unemb,0.9,1,47,0.91261,0.2786,1.05446,1.06117,0.14438
168,"Usually, I often",cau_unemb,0.99,1,59,0.99098,0.43096,1.48804,1.48503,0.13709
168,"Usually, I often",dua_unemb,0.3,1,2,0.90096,0.58278,0.70561,0.70428,0.05209
168,"Usually, I often",dua_unemb,0.5,1,2,0.90096,0.58278,0.70561,0.70428,0.05209
168,"Usually, I often",dua_unemb,0.7,1,2,0.90096,0.58278,0.70561,0.70428,0.05209
168,"Usually, I often",dua_unemb,0.9,1,2,0.90096,0.58278,0.70561,0.70428,0.05209
168,"Usually, I often",dua_unemb,0.99,1,3,0.99824,0.65273,1.87279,1.8539,0.05521
168,"Usually, I often",euc_dmd,0.3,1,2,0.97004,0.20835,1.7513,1.75653,0.16912
168,"Usually, I often",euc_dmd,0.5,1,2,0.97004,0.20835,1.7513,1.75653,0.16912
168,"Usually, I often",euc_dmd,0.7,1,2,0.97004,0.20835,1.7513,1.75653,0.16912
168,"Usually, I often",euc_dmd,0.9,1,2,0.97004,0.20835,1.7513,1.75653,0.16912
168,"Usually, I often",euc_dmd,0.99,1,3,0.99978,0.47297,2.9393,2.923,0.16668
168,"Usually, I often",cau_dmd,0.3,1,13,0.32925,0.12517,1.2188,1.22819,0.16694
168,"Usually, I often",cau_dmd,0.5,1,15,0.55583,0.10799,1.55496,1.56234,0.16591
168,"Usually, I often",cau_dmd,0.7,1,17,0.7581,0.10418,1.89843,1.90273,0.16244
168,"Usually, I often",cau_dmd,0.9,1,20,0.92319,0.10992,2.42686,2.42484,0.15738
168,"Usually, I often",cau_dmd,0.99,1,25,0.9905,0.1201,3.38291,3.36758,0.15563
168,"Usually, I often",dua_dmd,0.3,1,2,0.92622,0.56339,0.80542,0.8042,0.10317
168,"Usually, I often",dua_dmd,0.5,1,2,0.92622,0.56339,0.80542,0.8042,0.10317
168,"Usually, I often",dua_dmd,0.7,1,2,0.92622,0.56339,0.80542,0.8042,0.10317
168,"Usually, I often",dua_dmd,0.9,1,2,0.92622,0.56339,0.80542,0.8042,0.10317
168,"Usually, I often",dua_dmd,0.99,1,3,0.99855,0.63581,1.90765,1.8935,0.10137
95,Most doctors now,euc_ctx,0.3,1,6,0.37431,0.28956,0.59998,0.61319,0.15882
95,Most doctors now,euc_ctx,0.5,1,7,0.59389,0.29475,0.77943,0.79223,0.16684
95,Most doctors now,euc_ctx,0.7,1,8,0.78028,0.33017,0.95656,0.96801,0.16949
95,Most doctors now,euc_ctx,0.9,1,10,0.95319,0.45524,1.38443,1.3906,0.17202
95,Most doctors now,euc_ctx,0.99,1,12,0.99104,0.57601,1.97832,1.97669,0.17223
95,Most doctors now,cau_ctx,0.3,0,,,,,,
95,Most doctors now,cau_ctx,0.5,0,,,,,,
95,Most doctors now,cau_ctx,0.7,0,,,,,,
95,Most doctors now,cau_ctx,0.9,0,,,,,,
95,Most doctors now,cau_ctx,0.99,0,,,,,,
95,Most doctors now,dua_ctx,0.3,1,12,0.30185,0.43518,0.34683,0.35642,0.1317
95,Most doctors now,dua_ctx,0.5,1,17,0.52223,0.43158,0.67678,0.68378,0.13838
95,Most doctors now,dua_ctx,0.7,1,22,0.73664,0.43472,1.16111,1.16302,0.15924
95,Most doctors now,dua_ctx,0.9,1,27,0.90596,0.45321,1.89406,1.88818,0.16571
95,Most doctors now,dua_ctx,0.99,1,34,0.99351,0.51749,3.57309,3.55017,0.16944
95,Most doctors now,euc_unemb,0.3,1,2,0.95161,0.35517,1.01736,1.02088,0.07868
95,Most doctors now,euc_unemb,0.5,1,2,0.95161,0.35517,1.01736,1.02088,0.07868
95,Most doctors now,euc_unemb,0.7,1,2,0.95161,0.35517,1.01736,1.02088,0.07868
95,Most doctors now,euc_unemb,0.9,1,2,0.95161,0.35517,1.01736,1.02088,0.07868
95,Most doctors now,euc_unemb,0.99,1,3,0.99946,0.45913,2.81557,2.79326,0.17231
95,Most doctors now,cau_unemb,0.3,1,30,0.30791,0.26519,0.33166,0.34214,0.06044
95,Most doctors now,cau_unemb,0.5,1,35,0.50952,0.27148,0.40379,0.4143,0.05744
95,Most doctors now,cau_unemb,0.7,1,40,0.70723,0.30552,0.47469,0.4844,0.06014
95,Most doctors now,cau_unemb,0.9,1,48,0.90223,0.40424,0.65108,0.65756,0.13563
95,Most doctors now,cau_unemb,0.99,1,63,0.99093,0.57969,1.34317,1.33821,0.14845
95,Most doctors now,dua_unemb,0.3,1,2,0.82352,0.5182,0.51299,0.51594,0.14363
95,Most doctors now,dua_unemb,0.5,1,2,0.82352,0.5182,0.51299,0.51594,0.14363
95,Most doctors now,dua_unemb,0.7,1,2,0.82352,0.5182,0.51299,0.51594,0.14363
95,Most doctors now,dua_unemb,0.9,1,3,0.98328,0.56684,1.3629,1.3531,0.16586
95,Most doctors now,dua_unemb,0.99,1,4,0.99954,0.57666,2.72393,2.69341,0.19562
95,Most doctors now,euc_dmd,0.3,1,2,0.95696,0.37722,0.95938,0.96704,0.1497
95,Most doctors now,euc_dmd,0.5,1,2,0.95696,0.37722,0.95938,0.96704,0.1497
95,Most doctors now,euc_dmd,0.7,1,2,0.95696,0.37722,0.95938,0.96704,0.1497
95,Most doctors now,euc_dmd,0.9,1,2,0.95696,0.37722,0.95938,0.96704,0.1497
95,Most doctors now,euc_dmd,0.99,1,3,0.99944,0.55322,2.46676,2.45329,0.16471
95,Most doctors now,cau_dmd,0.3,1,12,0.30731,0.24116,0.48055,0.49286,0.05661
95,Most doctors now,cau_dmd,0.5,1,15,0.59865,0.25192,0.63926,0.65145,0.06458
95,Most doctors now,cau_dmd,0.7,1,17,0.76638,0.28686,0.75616,0.76725,0.12568
95,Most doctors now,cau_dmd,0.9,1,20,0.91203,0.3636,1.00411,1.01197,0.13623
95,Most doctors now,cau_dmd,0.99,1,27,0.99247,0.49519,2.01584,2.01023,0.14255
95,Most doctors now,dua_dmd,0.3,1,2,0.88771,0.54404,0.60548,0.60955,0.15156
95,Most doctors now,dua_dmd,0.5,1,2,0.88771,0.54404,0.60548,0.60955,0.15156
95,Most doctors now,dua_dmd,0.7,1,2,0.88771,0.54404,0.60548,0.60955,0.15156
95,Most doctors now,dua_dmd,0.9,1,3,0.99514,0.60828,1.56206,1.5561,0.16978
95,Most doctors now,dua_dmd,0.99,1,3,0.99514,0.60828,1.56206,1.5561,0.16978
59,"In this case, We also",euc_ctx,0.3,1,6,0.33465,0.0564,0.62654,0.62826,0.14717
59,"In this case, We also",euc_ctx,0.5,1,7,0.54649,0.05523,0.7115,0.71258,0.14823
59,"In this case, We also",euc_ctx,0.7,1,8,0.73926,0.06424,0.75318,0.75345,0.14603
59,"In this case, We also",euc_ctx,0.9,1,10,0.93633,0.11804,0.7811,0.77907,0.12074
59,"In this case, We also",euc_ctx,0.99,1,13,0.99313,0.30568,0.98843,0.98026,0.03964
59,"In this case, We also",cau_ctx,0.3,0,,,,,,
59,"In this case, We also",cau_ctx,0.5,0,,,,,,
59,"In this case, We also",cau_ctx,0.7,0,,,,,,
59,"In this case, We also",cau_ctx,0.9,0,,,,,,
59,"In this case, We also",cau_ctx,0.99,0,,,,,,
59,"In this case, We also",dua_ctx,0.3,1,10,0.32012,0.22219,0.22941,0.23507,0.01184
59,"In this case, We also",dua_ctx,0.5,1,13,0.56754,0.22451,0.37515,0.37878,0.02626
59,"In this case, We also",dua_ctx,0.7,1,15,0.71897,0.23388,0.49183,0.4933,0.027
59,"In this case, We also",dua_ctx,0.9,1,19,0.91821,0.27146,0.78317,0.7786,0.03261
59,"In this case, We also",dua_ctx,0.99,1,25,0.9926,0.35885,1.39276,1.37525,0.03235
59,"In this case, We also",euc_unemb,0.3,1,2,0.94858,0.08802,1.0552,1.05377,0.15035
59,"In this case, We also",euc_unemb,0.5,1,2,0.94858,0.08802,1.0552,1.05377,0.15035
59,"In this case, We also",euc_unemb,0.7,1,2,0.94858,0.08802,1.0552,1.05377,0.15035
59,"In this case, We also",euc_unemb,0.9,1,2,0.94858,0.08802,1.0552,1.05377,0.15035
59,"In this case, We also",euc_unemb,0.99,1,3,0.99949,0.26892,2.21864,2.20053,0.14212
59,"In this case, We also",cau_unemb,0.3,1,31,0.32758,0.07116,0.44432,0.44761,0.14396
59,"In this case, We also",cau_unemb,0.5,1,36,0.53678,0.07149,0.49686,0.49982,0.14451
59,"In this case, We also",cau_unemb,0.7,1,41,0.733,0.08432,0.52179,0.52417,0.13829
59,"In this case, We also",cau_unemb,0.9,1,48,0.90115,0.12724,0.54511,0.54615,0.10886
59,"In this case, We also",cau_unemb,0.99,1,63,0.99143,0.31997,0.79718,0.79214,0.04876
59,"In this case, We also",dua_unemb,0.3,1,2,0.81897,0.34086,0.43137,0.43257,0.02724
59,"In this case, We also",dua_unemb,0.5,1,2,0.81897,0.34086,0.43137,0.43257,0.02724
59,"In this case, We also",dua_unemb,0.7,1,2,0.81897,0.34086,0.43137,0.43257,0.02724
59,"In this case, We also",dua_unemb,0.9,1,3,0.98499,0.43511,1.09821,1.08594,0.04508
59,"In this case, We also",dua_unemb,0.99,1,4,0.99927,0.48919,1.93543,1.9057,0.11213
59,"In this case, We also",euc_dmd,0.3,1,2,0.9529,0.05231,1.1322,1.12753,0.14678
59,"In this case, We also",euc_dmd,0.5,1,2,0.9529,0.05231,1.1322,1.12753,0.14678
59,"In this case, We also",euc_dmd,0.7,1,2,0.9529,0.05231,1.1322,1.12753,0.14678
59,"In this case, We also",euc_dmd,0.9,1,2,0.9529,0.05231,1.1322,1.12753,0.14678
59,"In this case, We also",euc_dmd,0.99,1,3,0.99931,0.20021,1.6533,1.63704,0.13281
59,"In this case, We also",cau_dmd,0.3,1,12,0.33113,0.04641,0.66018,0.66244,0.14805
59,"In this case, We also",cau_dmd,0.5,1,14,0.53707,0.04462,0.75082,0.75247,0.14291
59,"In this case, We also",cau_dmd,0.7,1,16,0.72658,0.0506,0.81038,0.81119,0.14089
59,"In this case, We also",cau_dmd,0.9,1,20,0.92853,0.08727,0.90152,0.89987,0.12801
59,"In this case, We also",cau_dmd,0.99,1,26,0.99173,0.20348,1.2372,1.22884,0.09855
59,"In this case, We also",dua_dmd,0.3,1,2,0.89747,0.36312,0.43074,0.43163,0.023
59,"In this case, We also",dua_dmd,0.5,1,2,0.89747,0.36312,0.43074,0.43163,0.023
59,"In this case, We also",dua_dmd,0.7,1,2,0.89747,0.36312,0.43074,0.43163,0.023
59,"In this case, We also",dua_dmd,0.9,1,3,0.99577,0.46033,1.04492,1.03371,0.03076
59,"In this case, We also",dua_dmd,0.99,1,3,0.99577,0.46033,1.04492,1.03371,0.03076
54,"Usually, They usually",euc_ctx,0.3,1,6,0.42069,0.1974,0.61685,0.62776,0.12066
54,"Usually, They usually",euc_ctx,0.5,1,7,0.62868,0.2075,0.74234,0.75304,0.11983
54,"Usually, They usually",euc_ctx,0.7,1,8,0.79563,0.24167,0.85236,0.86218,0.04512
54,"Usually, They usually",euc_ctx,0.9,1,10,0.95132,0.36033,1.13912,1.14513,0.0428
54,"Usually, They usually",euc_ctx,0.99,1,13,0.99471,0.53591,1.91346,1.90932,0.04373
54,"Usually, They usually",cau_ctx,0.3,0,,,,,,
54,"Usually, They usually",cau_ctx,0.5,0,,,,,,
54,"Usually, They usually",cau_ctx,0.7,0,,,,,,
54,"Usually, They usually",cau_ctx,0.9,0,,,,,,
54,"Usually, They usually",cau_ctx,0.99,0,,,,,,
54,"Usually, They usually",dua_ctx,0.3,1,12,0.34661,0.3708,0.39406,0.40224,0.01766
54,"Usually, They usually",dua_ctx,0.5,1,15,0.50126,0.37575,0.59834,0.60425,0.02021
54,"Usually, They usually",dua_ctx,0.7,1,20,0.74099,0.39863,1.04803,1.04785,0.02171
54,"Usually, They usually",dua_ctx,0.9,1,25,0.90781,0.44112,1.67382,1.66511,0.04111
54,"Usually, They usually",dua_ctx,0.99,1,33,0.99286,0.5416,3.235,3.20768,0.04589
54,"Usually, They usually",euc_unemb,0.3,1,2,0.97133,0.26968,1.43776,1.44584,0.16955
54,"Usually, They usually",euc_unemb,0.5,1,2,0.97133,0.26968,1.43776,1.44584,0.16955
54,"Usually, They usually",euc_unemb,0.7,1,2,0.97133,0.26968,1.43776,1.44584,0.16955
54,"Usually, They usually",euc_unemb,0.9,1,2,0.97133,0.26968,1.43776,1.44584,0.16955
54,"Usually, They usually",euc_unemb,0.99,1,3,0.99969,0.38368,3.37403,3.3612,0.17927
54,"Usually, They usually",cau_unemb,0.3,1,28,0.32544,0.18446,0.44414,0.4535,0.14217
54,"Usually, They usually",cau_unemb,0.5,1,33,0.53116,0.18242,0.54626,0.55563,0.14719
54,"Usually, They usually",cau_unemb,0.7,1,38,0.72592,0.20247,0.63347,0.64221,0.1491
54,"Usually, They usually",cau_unemb,0.9,1,46,0.91068,0.27233,0.80208,0.80829,0.13593
54,"Usually, They usually",cau_unemb,0.99,1,60,0.99046,0.41473,1.37782,1.37534,0.10457
54,"Usually, They usually",dua_unemb,0.3,1,2,0.88672,0.46568,0.67938,0.68339,0.1156
54,"Usually, They usually",dua_unemb,0.5,1,2,0.88672,0.46568,0.67938,0.68339,0.1156
54,"Usually, They usually",dua_unemb,0.7,1,2,0.88672,0.46568,0.67938,0.68339,0.1156
54,"Usually, They usually",dua_unemb,0.9,1,3,0.99554,0.53705,1.76523,1.75634,0.11864
54,"Usually, They usually",dua_unemb,0.99,1,3,0.99554,0.53705,1.76523,1.75634,0.11864
54,"Usually, They usually",euc_dmd,0.3,1,2,0.96631,0.24169,1.36938,1.37559,0.16805
54,"Usually, They usually",euc_dmd,0.5,1,2,0.96631,0.24169,1.36938,1.37559,0.16805
54,"Usually, They usually",euc_dmd,0.7,1,2,0.96631,0.24169,1.36938,1.37559,0.16805
54,"Usually, They usually",euc_dmd,0.9,1,2,0.96631,0.24169,1.36938,1.37559,0.16805
54,"Usually, They usually",euc_dmd,0.99,1,3,0.99944,0.43042,2.81868,2.80756,0.15631
54,"Usually, They usually",cau_dmd,0.3,1,12,0.37833,0.16881,0.64679,0.65614,0.16457
54,"Usually, They usually",cau_dmd,0.5,1,14,0.57484,0.17077,0.76058,0.76959,0.16052
54,"Usually, They usually",cau_dmd,0.7,1,16,0.74737,0.1909,0.86877,0.87683,0.13131
54,"Usually, They usually",cau_dmd,0.9,1,19,0.90293,0.24679,1.07685,1.08227,0.06501
54,"Usually, They usually",cau_dmd,0.99,1,26,0.99164,0.38142,1.96294,1.95681,0.1145
54,"Usually, They usually",dua_dmd,0.3,1,2,0.92249,0.48314,0.73755,0.7396,0.0375
54,"Usually, They usually",dua_dmd,0.5,1,2,0.92249,0.48314,0.73755,0.7396,0.0375
54,"Usually, They usually",dua_dmd,0.7,1,2,0.92249,0.48314,0.73755,0.7396,0.0375
54,"Usually, They usually",dua_dmd,0.9,1,2,0.92249,0.48314,0.73755,0.7396,0.0375
54,"Usually, They usually",dua_dmd,0.99,1,3,0.99732,0.55941,1.84442,1.83611,0.05217
170,Our customers often,euc_ctx,0.3,1,7,0.44311,0.27696,0.87607,0.89165,0.05277
170,Our customers often,euc_ctx,0.5,1,8,0.68446,0.29623,1.0281,1.04242,0.04442
170,Our customers often,euc_ctx,0.7,1,9,0.85336,0.35161,1.15691,1.16885,0.03206
170,Our customers often,euc_ctx,0.9,1,10,0.93869,0.42713,1.31184,1.32035,0.02572
170,Our customers often,euc_ctx,0.99,1,13,0.99587,0.6227,2.08584,2.0796,0.02599
170,Our customers often,cau_ctx,0.3,0,,,,,,
170,Our customers often,cau_ctx,0.5,0,,,,,,
170,Our customers often,cau_ctx,0.7,0,,,,,,
170,Our customers often,cau_ctx,0.9,0,,,,,,
170,Our customers often,cau_ctx,0.99,0,,,,,,
170,Our customers often,dua_ctx,0.3,1,13,0.33478,0.48668,0.58539,0.59516,0.02361
170,Our customers often,dua_ctx,0.5,1,17,0.54633,0.48026,0.97601,0.98167,0.02966
170,Our customers often,dua_ctx,0.7,1,21,0.74475,0.48747,1.48908,1.48832,0.03234
170,Our customers often,dua_ctx,0.9,1,26,0.91788,0.52176,2.33994,2.32774,0.11637
170,Our customers often,dua_ctx,0.99,1,32,0.99169,0.59366,3.73515,3.70359,0.11754
170,Our customers often,euc_unemb,0.3,1,2,0.96008,0.37471,1.23294,1.24123,0.06888
170,Our customers often,euc_unemb,0.5,1,2,0.96008,0.37471,1.23294,1.24123,0.06888
170,Our customers often,euc_unemb,0.7,1,2,0.96008,0.37471,1.23294,1.24123,0.06888
170,Our customers often,euc_unemb,0.9,1,2,0.96008,0.37471,1.23294,1.24123,0.06888
170,Our customers often,euc_unemb,0.99,1,3,0.99982,0.53031,3.02744,3.00542,0.07927
170,Our customers often,cau_unemb,0.3,1,34,0.34132,0.24574,0.58742,0.60178,0.13329
170,Our customers often,cau_unemb,0.5,1,38,0.53486,0.25159,0.64801,0.66216,0.12991
170,Our customers often,cau_unemb,0.7,1,42,0.71792,0.28184,0.68646,0.69974,0.1264
170,Our customers often,cau_unemb,0.9,1,49,0.91032,0.38144,0.77699,0.78695,0.05301
170,Our customers often,cau_unemb,0.99,1,61,0.99067,0.55847,1.20974,1.2093,0.02993
170,Our customers often,dua_unemb,0.3,1,2,0.88602,0.59386,0.66116,0.66241,0.05332
170,Our customers often,dua_unemb,0.5,1,2,0.88602,0.59386,0.66116,0.66241,0.05332
170,Our customers often,dua_unemb,0.7,1,2,0.88602,0.59386,0.66116,0.66241,0.05332
170,Our customers often,dua_unemb,0.9,1,3,0.99732,0.63718,1.84965,1.83248,0.05724
170,Our customers often,dua_unemb,0.99,1,3,0.99732,0.63718,1.84965,1.83248,0.05724
170,Our customers often,euc_dmd,0.3,1,2,0.95698,0.32443,1.22174,1.23267,0.07261
170,Our customers often,euc_dmd,0.5,1,2,0.95698,0.32443,1.22174,1.23267,0.07261
170,Our customers often,euc_dmd,0.7,1,2,0.95698,0.32443,1.22174,1.23267,0.07261
170,Our customers often,euc_dmd,0.9,1,2,0.95698,0.32443,1.22174,1.23267,0.07261
170,Our customers often,euc_dmd,0.99,1,3,0.99972,0.5611,2.58015,2.56641,0.06946
170,Our customers often,cau_dmd,0.3,1,14,0.34489,0.20939,0.83572,0.85152,0.064
170,Our customers often,cau_dmd,0.5,1,16,0.57152,0.21622,0.93712,0.95262,0.15624
170,Our customers often,cau_dmd,0.7,1,18,0.76885,0.25232,1.01884,1.03313,0.15668
170,Our customers often,cau_dmd,0.9,1,21,0.92705,0.34318,1.19724,1.2078,0.15006
170,Our customers often,cau_dmd,0.99,1,26,0.99097,0.47477,1.8031,1.8029,0.15668
170,Our customers often,dua_dmd,0.3,1,2,0.92026,0.60305,0.73407,0.73612,0.04966
170,Our customers often,dua_dmd,0.5,1,2,0.92026,0.60305,0.73407,0.73612,0.04966
170,Our customers often,dua_dmd,0.7,1,2,0.92026,0.60305,0.73407,0.73612,0.04966
170,Our customers often,dua_dmd,0.9,1,2,0.92026,0.60305,0.73407,0.73612,0.04966
170,Our customers often,dua_dmd,0.99,1,3,0.99843,0.66615,1.8516,1.84069,0.0426
296,"In this case, Most doctors really",euc_ctx,0.3,1,6,0.40931,0.11893,0.77403,0.7787,0.21595
296,"In this case, Most doctors really",euc_ctx,0.5,1,7,0.6421,0.12516,0.87768,0.88138,0.21539
296,"In this case, Most doctors really",euc_ctx,0.7,1,8,0.82087,0.15415,0.93245,0.93467,0.20434
296,"In this case, Most doctors really",euc_ctx,0.9,1,9,0.92013,0.20503,0.98094,0.98113,0.19048
296,"In this case, Most doctors really",euc_ctx,0.99,1,12,0.99389,0.42586,1.40427,1.39435,0.17182
296,"In this case, Most doctors really",cau_ctx,0.3,0,,,,,,
296,"In this case, Most doctors really",cau_ctx,0.5,0,,,,,,
296,"In this case, Most doctors really",cau_ctx,0.7,0,,,,,,
296,"In this case, Most doctors really",cau_ctx,0.9,0,,,,,,
296,"In this case, Most doctors really",cau_ctx,0.99,0,,,,,,
296,"In this case, Most doctors really",dua_ctx,0.3,1,11,0.33855,0.34286,0.27412,0.27714,0.03229
296,"In this case, Most doctors really",dua_ctx,0.5,1,14,0.53345,0.34223,0.42552,0.42521,0.11805
296,"In this case, Most doctors really",dua_ctx,0.7,1,17,0.7145,0.35143,0.6128,0.6079,0.11802
296,"In this case, Most doctors really",dua_ctx,0.9,1,22,0.92104,0.39138,1.03494,1.01985,0.16067
296,"In this case, Most doctors really",dua_ctx,0.99,1,28,0.9938,0.47505,1.87053,1.83882,0.17233
296,"In this case, Most doctors really",euc_unemb,0.3,1,2,0.96516,0.21731,1.38725,1.38422,0.18495
296,"In this case, Most doctors really",euc_unemb,0.5,1,2,0.96516,0.21731,1.38725,1.38422,0.18495
296,"In this case, Most doctors really",euc_unemb,0.7,1,2,0.96516,0.21731,1.38725,1.38422,0.18495
296,"In this case, Most doctors really",euc_unemb,0.9,1,2,0.96516,0.21731,1.38725,1.38422,0.18495
296,"In this case, Most doctors really",euc_unemb,0.99,1,3,0.99975,0.51233,2.91185,2.88486,0.23903
296,"In this case, Most doctors really",cau_unemb,0.3,1,30,0.33936,0.12454,0.64945,0.65289,0.2098
296,"In this case, Most doctors really",cau_unemb,0.5,1,34,0.51826,0.1211,0.74242,0.74499,0.21636
296,"In this case, Most doctors really",cau_unemb,0.7,1,39,0.72997,0.13482,0.82771,0.82871,0.21564
296,"In this case, Most doctors really",cau_unemb,0.9,1,46,0.9071,0.18532,0.93464,0.93246,0.20756
296,"In this case, Most doctors really",cau_unemb,0.99,1,59,0.99047,0.32779,1.32971,1.31813,0.15686
296,"In this case, Most doctors really",dua_unemb,0.3,1,2,0.77979,0.45903,0.4262,0.42617,0.17544
296,"In this case, Most doctors really",dua_unemb,0.5,1,2,0.77979,0.45903,0.4262,0.42617,0.17544
296,"In this case, Most doctors really",dua_unemb,0.7,1,2,0.77979,0.45903,0.4262,0.42617,0.17544
296,"In this case, Most doctors really",dua_unemb,0.9,1,3,0.96992,0.53183,1.06899,1.05389,0.15655
296,"In this case, Most doctors really",dua_unemb,0.99,1,4,0.99871,0.57681,2.13628,2.09916,0.16018
296,"In this case, Most doctors really",euc_dmd,0.3,1,2,0.96979,0.11894,1.58006,1.57628,0.21233
296,"In this case, Most doctors really",euc_dmd,0.5,1,2,0.96979,0.11894,1.58006,1.57628,0.21233
296,"In this case, Most doctors really",euc_dmd,0.7,1,2,0.96979,0.11894,1.58006,1.57628,0.21233
296,"In this case, Most doctors really",euc_dmd,0.9,1,2,0.96979,0.11894,1.58006,1.57628,0.21233
296,"In this case, Most doctors really",euc_dmd,0.99,1,3,0.99968,0.31579,2.5658,2.54395,0.17847
296,"In this case, Most doctors really",cau_dmd,0.3,1,12,0.40551,0.07741,1.06222,1.06652,0.22854
296,"In this case, Most doctors really",cau_dmd,0.5,1,13,0.52103,0.07416,1.16057,1.16424,0.22872
296,"In this case, Most doctors really",cau_dmd,0.7,1,15,0.73164,0.07721,1.32676,1.32877,0.22745
296,"In this case, Most doctors really",cau_dmd,0.9,1,18,0.91228,0.09891,1.55779,1.55621,0.19921
296,"In this case, Most doctors really",cau_dmd,0.99,1,24,0.99243,0.15267,2.29133,2.27814,0.18075
296,"In this case, Most doctors really",dua_dmd,0.3,1,2,0.87435,0.45466,0.53955,0.53926,0.12252
296,"In this case, Most doctors really",dua_dmd,0.5,1,2,0.87435,0.45466,0.53955,0.53926,0.12252
296,"In this case, Most doctors really",dua_dmd,0.7,1,2,0.87435,0.45466,0.53955,0.53926,0.12252
296,"In this case, Most doctors really",dua_dmd,0.9,1,3,0.99347,0.52629,1.37537,1.36074,0.13025
296,"In this case, Most doctors really",dua_dmd,0.99,1,3,0.99347,0.52629,1.37537,1.36074,0.13025
213,"Every day, Farmers also",euc_ctx,0.3,1,3,0.45191,0.36664,0.20056,0.20574,0.04764
213,"Every day, Farmers also",euc_ctx,0.5,1,4,0.66473,0.38369,0.34646,0.35113,0.05376
213,"Every day, Farmers also",euc_ctx,0.7,1,5,0.82492,0.42333,0.53512,0.53809,0.05382
213,"Every day, Farmers also",euc_ctx,0.9,1,6,0.91696,0.47277,0.77427,0.77453,0.05358
213,"Every day, Farmers also",euc_ctx,0.99,1,9,0.99228,0.58953,1.74294,1.73151,0.03267
213,"Every day, Farmers also",cau_ctx,0.3,0,,,,,,
213,"Every day, Farmers also",cau_ctx,0.5,0,,,,,,
213,"Every day, Farmers also",cau_ctx,0.7,0,,,,,,
213,"Every day, Farmers also",cau_ctx,0.9,0,,,,,,
213,"Every day, Farmers also",cau_ctx,0.99,0,,,,,,
213,"Every day, Farmers also",dua_ctx,0.3,1,7,0.30618,0.42813,0.16258,0.16722,0.01777
213,"Every day, Farmers also",dua_ctx,0.5,1,12,0.52421,0.42521,0.46009,0.46348,0.02567
213,"Every day, Farmers also",dua_ctx,0.7,1,17,0.73705,0.42798,0.93921,0.9385,0.03064
213,"Every day, Farmers also",dua_ctx,0.9,1,23,0.91929,0.45602,1.85363,1.84398,0.03623
213,"Every day, Farmers also",dua_ctx,0.99,1,31,0.99205,0.53181,3.76114,3.73206,0.04102
213,"Every day, Farmers also",euc_unemb,0.3,1,1,0.85676,0.3829,0.51651,0.51912,0.06129
213,"Every day, Farmers also",euc_unemb,0.5,1,1,0.85676,0.3829,0.51651,0.51912,0.06129
213,"Every day, Farmers also",euc_unemb,0.7,1,1,0.85676,0.3829,0.51651,0.51912,0.06129
213,"Every day, Farmers also",euc_unemb,0.9,1,2,0.99854,0.48266,2.3334,2.31408,0.08666
213,"Every day, Farmers also",euc_unemb,0.99,1,2,0.99854,0.48266,2.3334,2.31408,0.08666
213,"Every day, Farmers also",cau_unemb,0.3,1,12,0.31049,0.36334,0.07564,0.0793,0.04355
213,"Every day, Farmers also",cau_unemb,0.5,1,17,0.51653,0.3677,0.14777,0.15154,0.04561
213,"Every day, Farmers also",cau_unemb,0.7,1,22,0.71663,0.40072,0.25437,0.25716,0.0497
213,"Every day, Farmers also",cau_unemb,0.9,1,30,0.90892,0.48691,0.54162,0.54047,0.05186
213,"Every day, Farmers also",cau_unemb,0.99,1,44,0.99082,0.59796,1.37954,1.36668,0.05895
213,"Every day, Farmers also",dua_unemb,0.3,1,1,0.77485,0.50005,0.36644,0.36552,0.05548
213,"Every day, Farmers also",dua_unemb,0.5,1,1,0.77485,0.50005,0.36644,0.36552,0.05548
213,"Every day, Farmers also",dua_unemb,0.7,1,1,0.77485,0.50005,0.36644,0.36552,0.05548
213,"Every day, Farmers also",dua_unemb,0.9,1,2,0.99093,0.55924,1.46271,1.45102,0.07261
213,"Every day, Farmers also",dua_unemb,0.99,1,2,0.99093,0.55924,1.46271,1.45102,0.07261
213,"Every day, Farmers also",euc_dmd,0.3,1,1,0.83999,0.37056,0.48537,0.48763,0.0544
213,"Every day, Farmers also",euc_dmd,0.5,1,1,0.83999,0.37056,0.48537,0.48763,0.0544
213,"Every day, Farmers also",euc_dmd,0.7,1,1,0.83999,0.37056,0.48537,0.48763,0.0544
213,"Every day, Farmers also",euc_dmd,0.9,1,2,0.99776,0.53303,1.999,1.98196,0.07751
213,"Every day, Farmers also",euc_dmd,0.99,1,2,0.99776,0.53303,1.999,1.98196,0.07751
213,"Every day, Farmers also",cau_dmd,0.3,1,6,0.38873,0.34793,0.12947,0.13326,0.05075
213,"Every day, Farmers also",cau_dmd,0.5,1,8,0.58355,0.35814,0.21602,0.2195,0.05422
213,"Every day, Farmers also",cau_dmd,0.7,1,10,0.75347,0.39191,0.33392,0.33614,0.02515
213,"Every day, Farmers also",cau_dmd,0.9,1,13,0.90614,0.4664,0.59824,0.59693,0.02629
213,"Every day, Farmers also",cau_dmd,0.99,1,20,0.9923,0.59637,1.59533,1.58051,0.03581
213,"Every day, Farmers also",dua_dmd,0.3,1,1,0.77569,0.50236,0.35203,0.35032,0.04962
213,"Every day, Farmers also",dua_dmd,0.5,1,1,0.77569,0.50236,0.35203,0.35032,0.04962
213,"Every day, Farmers also",dua_dmd,0.7,1,1,0.77569,0.50236,0.35203,0.35032,0.04962
213,"Every day, Farmers also",dua_dmd,0.9,1,2,0.9807,0.55983,1.16699,1.15805,0.02689
213,"Every day, Farmers also",dua_dmd,0.99,1,3,0.99912,0.59786,2.46355,2.44124,0.03432
79,"Usually, You still",euc_ctx,0.3,1,6,0.30152,0.25487,0.56034,0.57017,0.24564
79,"Usually, You still",euc_ctx,0.5,1,7,0.51002,0.24569,0.65375,0.66327,0.24721
79,"Usually, You still",euc_ctx,0.7,1,8,0.71422,0.26752,0.69463,0.70314,0.24761
79,"Usually, You still",euc_ctx,0.9,1,10,0.93408,0.38282,0.73842,0.74271,0.02556
79,"Usually, You still",euc_ctx,0.99,1,13,0.99448,0.56781,1.07359,1.06658,0.03245
79,"Usually, You still",cau_ctx,0.3,0,,,,,,
79,"Usually, You still",cau_ctx,0.5,0,,,,,,
79,"Usually, You still",cau_ctx,0.7,0,,,,,,
79,"Usually, You still",cau_ctx,0.9,0,,,,,,
79,"Usually, You still",cau_ctx,0.99,0,,,,,,
79,"Usually, You still",dua_ctx,0.3,1,14,0.32705,0.5476,0.2852,0.28692,0.01458
79,"Usually, You still",dua_ctx,0.5,1,19,0.52792,0.5655,0.47744,0.47156,0.01878
79,"Usually, You still",dua_ctx,0.7,1,24,0.7099,0.5951,0.72613,0.71054,0.02295
79,"Usually, You still",dua_ctx,0.9,1,32,0.91078,0.66308,1.32813,1.29309,0.03425
79,"Usually, You still",dua_ctx,0.99,1,40,0.9917,0.73425,2.38475,2.32597,0.04493
79,"Usually, You still",euc_unemb,0.3,1,2,0.90274,0.19599,1.54186,1.54714,0.41922
79,"Usually, You still",euc_unemb,0.5,1,2,0.90274,0.19599,1.54186,1.54714,0.41922
79,"Usually, You still",euc_unemb,0.7,1,2,0.90274,0.19599,1.54186,1.54714,0.41922
79,"Usually, You still",euc_unemb,0.9,1,2,0.90274,0.19599,1.54186,1.54714,0.41922
79,"Usually, You still",euc_unemb,0.99,1,3,0.99873,0.38215,2.66047,2.64653,0.38997
79,"Usually, You still",cau_unemb,0.3,1,32,0.31727,0.17526,0.82245,0.82851,0.29439
79,"Usually, You still",cau_unemb,0.5,1,37,0.51684,0.16007,0.94271,0.94772,0.3535
79,"Usually, You still",cau_unemb,0.7,1,42,0.71054,0.16584,1.00774,1.01123,0.33341
79,"Usually, You still",cau_unemb,0.9,1,50,0.90212,0.20995,1.05826,1.05835,0.28868
79,"Usually, You still",cau_unemb,0.99,1,65,0.99085,0.33911,1.26219,1.25254,0.09708
79,"Usually, You still",dua_unemb,0.3,1,2,0.56314,0.49539,0.43414,0.43909,0.02205
79,"Usually, You still",dua_unemb,0.5,1,2,0.56314,0.49539,0.43414,0.43909,0.02205
79,"Usually, You still",dua_unemb,0.7,1,3,0.85323,0.5386,0.95845,0.94879,0.05893
79,"Usually, You still",dua_unemb,0.9,1,4,0.96554,0.57396,1.60534,1.57549,0.06568
79,"Usually, You still",dua_unemb,0.99,1,5,0.99549,0.59407,2.42592,2.37267,0.06934
79,"Usually, You still",euc_dmd,0.3,1,2,0.93463,0.16741,1.4014,1.40541,0.37836
79,"Usually, You still",euc_dmd,0.5,1,2,0.93463,0.16741,1.4014,1.40541,0.37836
79,"Usually, You still",euc_dmd,0.7,1,2,0.93463,0.16741,1.4014,1.40541,0.37836
79,"Usually, You still",euc_dmd,0.9,1,2,0.93463,0.16741,1.4014,1.40541,0.37836
79,"Usually, You still",euc_dmd,0.99,1,3,0.99906,0.32701,2.05404,2.04141,0.31467
79,"Usually, You still",cau_dmd,0.3,1,12,0.37988,0.16103,0.86839,0.87786,0.32786
79,"Usually, You still",cau_dmd,0.5,1,14,0.6075,0.15572,0.96794,0.97673,0.28612
79,"Usually, You still",cau_dmd,0.7,1,15,0.7101,0.16255,0.99389,1.00212,0.28986
79,"Usually, You still",cau_dmd,0.9,1,18,0.90481,0.21399,1.03384,1.03953,0.11258
79,"Usually, You still",cau_dmd,0.99,1,24,0.99219,0.37428,1.27106,1.26754,0.10848
79,"Usually, You still",dua_dmd,0.3,1,2,0.72524,0.51534,0.46859,0.47216,0.02527
79,"Usually, You still",dua_dmd,0.5,1,2,0.72524,0.51534,0.46859,0.47216,0.02527
79,"Usually, You still",dua_dmd,0.7,1,2,0.72524,0.51534,0.46859,0.47216,0.02527
79,"Usually, You still",dua_dmd,0.9,1,3,0.95293,0.58082,1.04006,1.02973,0.06242
79,"Usually, You still",dua_dmd,0.99,1,4,0.99456,0.62238,1.76553,1.73721,0.06604
86,"In this case, The workers just",euc_ctx,0.3,1,5,0.46178,0.05317,0.27457,0.27364,0.10957
86,"In this case, The workers just",euc_ctx,0.5,1,6,0.65845,0.05815,0.31674,0.31499,0.11004
86,"In this case, The workers just",euc_ctx,0.7,1,7,0.80849,0.07268,0.34765,0.34492,0.10768
86,"In this case, The workers just",euc_ctx,0.9,1,8,0.90008,0.09825,0.38246,0.37852,0.10565
86,"In this case, The workers just",euc_ctx,0.99,1,12,0.99337,0.32768,0.81583,0.80351,0.04791
86,"In this case, The workers just",cau_ctx,0.3,0,,,,,,
86,"In this case, The workers just",cau_ctx,0.5,0,,,,,,
86,"In this case, The workers just",cau_ctx,0.7,0,,,,,,
86,"In this case, The workers just",cau_ctx,0.9,0,,,,,,
86,"In this case, The workers just",cau_ctx,0.99,0,,,,,,
86,"In this case, The workers just",dua_ctx,0.3,1,7,0.37504,0.12922,0.10546,0.10736,0.08657
86,"In this case, The workers just",dua_ctx,0.5,1,9,0.58912,0.13345,0.1645,0.16495,0.08743
86,"In this case, The workers just",dua_ctx,0.7,1,11,0.76614,0.14575,0.23753,0.23571,0.0897
86,"In this case, The workers just",dua_ctx,0.9,1,14,0.91723,0.17624,0.38601,0.37941,0.06896
86,"In this case, The workers just",dua_ctx,0.99,1,21,0.99226,0.27361,0.93606,0.91369,0.02476
86,"In this case, The workers just",euc_unemb,0.3,1,1,0.44943,0.04932,0.32489,0.32542,0.0989
86,"In this case, The workers just",euc_unemb,0.5,1,2,0.98516,0.15494,0.8114,0.80568,0.12073
86,"In this case, The workers just",euc_unemb,0.7,1,2,0.98516,0.15494,0.8114,0.80568,0.12073
86,"In this case, The workers just",euc_unemb,0.9,1,2,0.98516,0.15494,0.8114,0.80568,0.12073
86,"In this case, The workers just",euc_unemb,0.99,1,3,0.99983,0.41792,2.20531,2.18247,0.07053
86,"In this case, The workers just",cau_unemb,0.3,1,22,0.30737,0.0678,0.17306,0.17378,0.09364
86,"In this case, The workers just",cau_unemb,0.5,1,27,0.50695,0.06687,0.22466,0.22497,0.09585
86,"In this case, The workers just",cau_unemb,0.7,1,32,0.70422,0.07676,0.27261,0.27225,0.1125
86,"In this case, The workers just",cau_unemb,0.9,1,40,0.90104,0.11955,0.36757,0.3655,0.11143
86,"In this case, The workers just",cau_unemb,0.99,1,55,0.99111,0.29011,0.80531,0.79669,0.09336
86,"In this case, The workers just",dua_unemb,0.3,1,1,0.33097,0.15278,0.07651,0.08041,0.02012
86,"In this case, The workers just",dua_unemb,0.5,1,2,0.93348,0.33408,0.49477,0.49279,0.04021
86,"In this case, The workers just",dua_unemb,0.7,1,2,0.93348,0.33408,0.49477,0.49279,0.04021
86,"In this case, The workers just",dua_unemb,0.9,1,2,0.93348,0.33408,0.49477,0.49279,0.04021
86,"In this case, The workers just",dua_unemb,0.99,1,3,0.99592,0.42941,1.12016,1.10359,0.05582
86,"In this case, The workers just",euc_dmd,0.3,1,1,0.47749,0.03356,0.41212,0.40928,0.10591
86,"In this case, The workers just",euc_dmd,0.5,1,2,0.98465,0.08522,0.86578,0.85432,0.14024
86,"In this case, The workers just",euc_dmd,0.7,1,2,0.98465,0.08522,0.86578,0.85432,0.14024
86,"In this case, The workers just",euc_dmd,0.9,1,2,0.98465,0.08522,0.86578,0.85432,0.14024
86,"In this case, The workers just",euc_dmd,0.99,1,3,0.99971,0.26901,1.77181,1.74561,0.12138
86,"In this case, The workers just",cau_dmd,0.3,1,9,0.33873,0.04476,0.3212,0.32026,0.12444
86,"In this case, The workers just",cau_dmd,0.5,1,11,0.53299,0.0421,0.41045,0.40854,0.1298
86,"In this case, The workers just",cau_dmd,0.7,1,13,0.71327,0.04577,0.49396,0.49085,0.12879
86,"In this case, The workers just",cau_dmd,0.9,1,17,0.91736,0.0704,0.69009,0.68373,0.11137
86,"In this case, The workers just",cau_dmd,0.99,1,24,0.99235,0.15284,1.36007,1.34411,0.11429
86,"In this case, The workers just",dua_dmd,0.3,1,1,0.38319,0.14124,0.08916,0.09179,0.07163
86,"In this case, The workers just",dua_dmd,0.5,1,2,0.95883,0.30224,0.49252,0.48782,0.04552
86,"In this case, The workers just",dua_dmd,0.7,1,2,0.95883,0.30224,0.49252,0.48782,0.04552
86,"In this case, The workers just",dua_dmd,0.9,1,2,0.95883,0.30224,0.49252,0.48782,0.04552
86,"In this case, The workers just",dua_dmd,0.99,1,3,0.99819,0.38045,1.06388,1.0452,0.0549
43,"Over time, Parents never",euc_ctx,0.3,1,4,0.36463,0.05888,0.20706,0.2064,0.03282
43,"Over time, Parents never",euc_ctx,0.5,1,5,0.5772,0.06191,0.25851,0.25703,0.03305
43,"Over time, Parents never",euc_ctx,0.7,1,6,0.75887,0.07673,0.30232,0.29979,0.03311
43,"Over time, Parents never",euc_ctx,0.9,1,8,0.93876,0.1509,0.43617,0.43059,0.03593
43,"Over time, Parents never",euc_ctx,0.99,1,11,0.99293,0.37645,0.979,0.96502,0.07435
43,"Over time, Parents never",cau_ctx,0.3,0,,,,,,
43,"Over time, Parents never",cau_ctx,0.5,0,,,,,,
43,"Over time, Parents never",cau_ctx,0.7,0,,,,,,
43,"Over time, Parents never",cau_ctx,0.9,0,,,,,,
43,"Over time, Parents never",cau_ctx,0.99,0,,,,,,
43,"Over time, Parents never",dua_ctx,0.3,1,6,0.35979,0.12191,0.09995,0.10276,0.02262
43,"Over time, Parents never",dua_ctx,0.5,1,8,0.5826,0.12999,0.16988,0.17148,0.02321
43,"Over time, Parents never",dua_ctx,0.7,1,10,0.75493,0.14796,0.26197,0.26128,0.02369
43,"Over time, Parents never",dua_ctx,0.9,1,14,0.91815,0.20361,0.53046,0.5226,0.03084
43,"Over time, Parents never",dua_ctx,0.99,1,22,0.99076,0.33932,1.34936,1.32125,0.06792
43,"Over time, Parents never",euc_unemb,0.3,1,1,0.69488,0.05375,0.35611,0.35587,0.0793
43,"Over time, Parents never",euc_unemb,0.5,1,1,0.69488,0.05375,0.35611,0.35587,0.0793
43,"Over time, Parents never",euc_unemb,0.7,1,2,0.99775,0.30144,1.26791,1.25628,0.08727
43,"Over time, Parents never",euc_unemb,0.9,1,2,0.99775,0.30144,1.26791,1.25628,0.08727
43,"Over time, Parents never",euc_unemb,0.99,1,2,0.99775,0.30144,1.26791,1.25628,0.08727
43,"Over time, Parents never",cau_unemb,0.3,1,18,0.31213,0.06354,0.12973,0.13063,0.01514
43,"Over time, Parents never",cau_unemb,0.5,1,23,0.54533,0.06402,0.17359,0.17416,0.01603
43,"Over time, Parents never",cau_unemb,0.7,1,27,0.72264,0.07469,0.20678,0.20689,0.02007
43,"Over time, Parents never",cau_unemb,0.9,1,34,0.90973,0.12083,0.28688,0.2856,0.05646
43,"Over time, Parents never",cau_unemb,0.99,1,46,0.99016,0.29214,0.63808,0.63174,0.07947
43,"Over time, Parents never",dua_unemb,0.3,1,1,0.56977,0.16135,0.10586,0.10967,0.05397
43,"Over time, Parents never",dua_unemb,0.5,1,1,0.56977,0.16135,0.10586,0.10967,0.05397
43,"Over time, Parents never",dua_unemb,0.7,1,2,0.99073,0.40824,0.82519,0.81911,0.08699
43,"Over time, Parents never",dua_unemb,0.9,1,2,0.99073,0.40824,0.82519,0.81911,0.08699
43,"Over time, Parents never",dua_unemb,0.99,1,2,0.99073,0.40824,0.82519,0.81911,0.08699
43,"Over time, Parents never",euc_dmd,0.3,1,1,0.66853,0.03949,0.39272,0.38968,0.08059
43,"Over time, Parents never",euc_dmd,0.5,1,1,0.66853,0.03949,0.39272,0.38968,0.08059
43,"Over time, Parents never",euc_dmd,0.7,1,2,0.99575,0.17001,0.98871,0.97516,0.09495
43,"Over time, Parents never",euc_dmd,0.9,1,2,0.99575,0.17001,0.98871,0.97516,0.09495
43,"Over time, Parents never",euc_dmd,0.99,1,2,0.99575,0.17001,0.98871,0.97516,0.09495
43,"Over time, Parents never",cau_dmd,0.3,1,8,0.35456,0.05092,0.2146,0.2139,0.03448
43,"Over time, Parents never",cau_dmd,0.5,1,10,0.57145,0.05073,0.28243,0.28085,0.03651
43,"Over time, Parents never",cau_dmd,0.7,1,12,0.76103,0.05988,0.3529,0.35018,0.03766
43,"Over time, Parents never",cau_dmd,0.9,1,15,0.91942,0.09261,0.4919,0.48684,0.05761
43,"Over time, Parents never",cau_dmd,0.99,1,21,0.99253,0.22273,1.04486,1.03189,0.08276
43,"Over time, Parents never",dua_dmd,0.3,1,1,0.59352,0.15011,0.10744,0.11046,0.02801
43,"Over time, Parents never",dua_dmd,0.5,1,1,0.59352,0.15011,0.10744,0.11046,0.02801
43,"Over time, Parents never",dua_dmd,0.7,1,2,0.98798,0.34459,0.66124,0.65571,0.08025
43,"Over time, Parents never",dua_dmd,0.9,1,2,0.98798,0.34459,0.66124,0.65571,0.08025
43,"Over time, Parents never",dua_dmd,0.99,1,3,0.99944,0.42711,1.34222,1.32221,0.09012
251,"At home, Students also",euc_ctx,0.3,1,6,0.45447,0.07338,0.59593,0.59953,0.09379
251,"At home, Students also",euc_ctx,0.5,1,7,0.65685,0.07896,0.68815,0.69125,0.09233
251,"At home, Students also",euc_ctx,0.7,1,8,0.81231,0.0969,0.76094,0.76329,0.08466
251,"At home, Students also",euc_ctx,0.9,1,9,0.90576,0.12824,0.8345,0.83579,0.0838
251,"At home, Students also",euc_ctx,0.99,1,13,0.9948,0.37243,1.45075,1.44366,0.0319
251,"At home, Students also",cau_ctx,0.3,0,,,,,,
251,"At home, Students also",cau_ctx,0.5,0,,,,,,
251,"At home, Students also",cau_ctx,0.7,0,,,,,,
251,"At home, Students also",cau_ctx,0.9,0,,,,,,
251,"At home, Students also",cau_ctx,0.99,0,,,,,,
251,"At home, Students also",dua_ctx,0.3,1,10,0.36863,0.21079,0.26358,0.27069,0.01927
251,"At home, Students also",dua_ctx,0.5,1,12,0.52062,0.21219,0.37765,0.38401,0.02138
251,"At home, Students also",dua_ctx,0.7,1,15,0.73031,0.22286,0.5929,0.59711,0.02343
251,"At home, Students also",dua_ctx,0.9,1,19,0.91077,0.25547,0.98522,0.98465,0.02342
251,"At home, Students also",dua_ctx,0.99,1,26,0.99008,0.34863,1.99856,1.98495,0.02443
251,"At home, Students also",euc_unemb,0.3,1,2,0.97296,0.13985,1.12494,1.1235,0.10409
251,"At home, Students also",euc_unemb,0.5,1,2,0.97296,0.13985,1.12494,1.1235,0.10409
251,"At home, Students also",euc_unemb,0.7,1,2,0.97296,0.13985,1.12494,1.1235,0.10409
251,"At home, Students also",euc_unemb,0.9,1,2,0.97296,0.13985,1.12494,1.1235,0.10409
251,"At home, Students also",euc_unemb,0.99,1,3,0.99973,0.38069,2.61338,2.5944,0.10402
251,"At home, Students also",cau_unemb,0.3,1,28,0.32223,0.08894,0.34136,0.34543,0.0914
251,"At home, Students also",cau_unemb,0.5,1,33,0.51931,0.08974,0.40107,0.40501,0.09119
251,"At home, Students also",cau_unemb,0.7,1,38,0.70955,0.10414,0.44441,0.44793,0.09005
251,"At home, Students also",cau_unemb,0.9,1,47,0.91273,0.17043,0.53765,0.53947,0.06604
251,"At home, Students also",cau_unemb,0.99,1,62,0.9912,0.37741,0.98765,0.98281,0.03412
251,"At home, Students also",dua_unemb,0.3,1,2,0.91573,0.39008,0.57982,0.58094,0.06543
251,"At home, Students also",dua_unemb,0.5,1,2,0.91573,0.39008,0.57982,0.58094,0.06543
251,"At home, Students also",dua_unemb,0.7,1,2,0.91573,0.39008,0.57982,0.58094,0.06543
251,"At home, Students also",dua_unemb,0.9,1,2,0.91573,0.39008,0.57982,0.58094,0.06543
251,"At home, Students also",dua_unemb,0.99,1,3,0.99745,0.49287,1.52975,1.51811,0.08
251,"At home, Students also",euc_dmd,0.3,1,2,0.96321,0.08308,1.16911,1.16443,0.09793
251,"At home, Students also",euc_dmd,0.5,1,2,0.96321,0.08308,1.16911,1.16443,0.09793
251,"At home, Students also",euc_dmd,0.7,1,2,0.96321,0.08308,1.16911,1.16443,0.09793
251,"At home, Students also",euc_dmd,0.9,1,2,0.96321,0.08308,1.16911,1.16443,0.09793
251,"At home, Students also",euc_dmd,0.99,1,3,0.99938,0.27363,2.03656,2.01925,0.10182
251,"At home, Students also",cau_dmd,0.3,1,12,0.35061,0.06877,0.52677,0.52922,0.09683
251,"At home, Students also",cau_dmd,0.5,1,14,0.53381,0.06822,0.61285,0.61471,0.09499
251,"At home, Students also",cau_dmd,0.7,1,16,0.70552,0.07641,0.68746,0.68849,0.08853
251,"At home, Students also",cau_dmd,0.9,1,20,0.90981,0.12048,0.85496,0.85348,0.08177
251,"At home, Students also",cau_dmd,0.99,1,27,0.99113,0.26994,1.44092,1.43124,0.05906
251,"At home, Students also",dua_dmd,0.3,1,2,0.93071,0.37892,0.55577,0.55641,0.03328
251,"At home, Students also",dua_dmd,0.5,1,2,0.93071,0.37892,0.55577,0.55641,0.03328
251,"At home, Students also",dua_dmd,0.7,1,2,0.93071,0.37892,0.55577,0.55641,0.03328
251,"At home, Students also",dua_dmd,0.9,1,2,0.93071,0.37892,0.55577,0.55641,0.03328
251,"At home, Students also",dua_dmd,0.99,1,3,0.99703,0.47069,1.38608,1.37629,0.03906
98,"Lately, You really",euc_ctx,0.3,1,7,0.42316,0.14672,0.80342,0.80872,0.26344
98,"Lately, You really",euc_ctx,0.5,1,8,0.63299,0.15687,0.87956,0.88389,0.26638
98,"Lately, You really",euc_ctx,0.7,1,9,0.80028,0.18948,0.91518,0.91806,0.26143
98,"Lately, You really",euc_ctx,0.9,1,10,0.90187,0.24347,0.9462,0.94707,0.25289
98,"Lately, You really",euc_ctx,0.99,1,13,0.99026,0.46746,1.27856,1.2697,0.20662
98,"Lately, You really",cau_ctx,0.3,0,,,,,,
98,"Lately, You really",cau_ctx,0.5,0,,,,,,
98,"Lately, You really",cau_ctx,0.7,0,,,,,,
98,"Lately, You really",cau_ctx,0.9,0,,,,,,
98,"Lately, You really",cau_ctx,0.99,0,,,,,,
98,"Lately, You really",dua_ctx,0.3,1,13,0.35071,0.37854,0.29582,0.29619,0.06731
98,"Lately, You really",dua_ctx,0.5,1,16,0.51415,0.38134,0.42393,0.42069,0.06187
98,"Lately, You really",dua_ctx,0.7,1,20,0.70828,0.3984,0.64393,0.63421,0.06604
98,"Lately, You really",dua_ctx,0.9,1,26,0.90073,0.44999,1.14402,1.12126,0.06245
98,"Lately, You really",dua_ctx,0.99,1,34,0.99344,0.54739,2.25254,2.20741,0.17664
98,"Lately, You really",euc_unemb,0.3,1,2,0.87613,0.11611,1.51851,1.51702,0.23347
98,"Lately, You really",euc_unemb,0.5,1,2,0.87613,0.11611,1.51851,1.51702,0.23347
98,"Lately, You really",euc_unemb,0.7,1,2,0.87613,0.11611,1.51851,1.51702,0.23347
98,"Lately, You really",euc_unemb,0.9,1,3,0.99827,0.32245,2.39308,2.37423,0.2211
98,"Lately, You really",euc_unemb,0.99,1,3,0.99827,0.32245,2.39308,2.37423,0.2211
98,"Lately, You really",cau_unemb,0.3,1,35,0.32486,0.12664,0.79708,0.79965,0.25589
98,"Lately, You really",cau_unemb,0.5,1,40,0.52028,0.12076,0.91321,0.9145,0.25915
98,"Lately, You really",cau_unemb,0.7,1,45,0.70889,0.13021,0.99708,0.99668,0.26169
98,"Lately, You really",cau_unemb,0.9,1,54,0.91189,0.18129,1.12326,1.11866,0.2643
98,"Lately, You really",cau_unemb,0.99,1,69,0.99121,0.30885,1.52242,1.5071,0.20841
98,"Lately, You really",dua_unemb,0.3,1,2,0.57665,0.41362,0.30342,0.30571,0.04017
98,"Lately, You really",dua_unemb,0.5,1,2,0.57665,0.41362,0.30342,0.30571,0.04017
98,"Lately, You really",dua_unemb,0.7,1,3,0.88515,0.48957,0.76618,0.75651,0.16218
98,"Lately, You really",dua_unemb,0.9,1,4,0.97779,0.54231,1.48024,1.45246,0.19
98,"Lately, You really",dua_unemb,0.99,1,5,0.99815,0.576,2.47532,2.42463,0.19165
98,"Lately, You really",euc_dmd,0.3,1,2,0.89717,0.0932,1.63595,1.63401,0.25838
98,"Lately, You really",euc_dmd,0.5,1,2,0.89717,0.0932,1.63595,1.63401,0.25838
98,"Lately, You really",euc_dmd,0.7,1,2,0.89717,0.0932,1.63595,1.63401,0.25838
98,"Lately, You really",euc_dmd,0.9,1,3,0.99808,0.25678,2.29847,2.28136,0.23794
98,"Lately, You really",euc_dmd,0.99,1,3,0.99808,0.25678,2.29847,2.28136,0.23794
98,"Lately, You really",cau_dmd,0.3,1,13,0.3245,0.09697,1.09206,1.09687,0.28047
98,"Lately, You really",cau_dmd,0.5,1,15,0.52623,0.08939,1.27812,1.28168,0.28209
98,"Lately, You really",cau_dmd,0.7,1,17,0.7165,0.09394,1.43048,1.43231,0.27603
98,"Lately, You really",cau_dmd,0.9,1,21,0.92594,0.12745,1.73198,1.72867,0.23989
98,"Lately, You really",cau_dmd,0.99,1,27,0.99204,0.18176,2.46483,2.44929,0.21309
98,"Lately, You really",dua_dmd,0.3,1,2,0.71342,0.40961,0.41591,0.41682,0.04586
98,"Lately, You really",dua_dmd,0.5,1,2,0.71342,0.40961,0.41591,0.41682,0.04586
98,"Lately, You really",dua_dmd,0.7,1,2,0.71342,0.40961,0.41591,0.41682,0.04586
98,"Lately, You really",dua_dmd,0.9,1,3,0.94717,0.4754,1.01577,1.00492,0.17225
98,"Lately, You really",dua_dmd,0.99,1,4,0.99464,0.52811,1.86965,1.84244,0.18228
291,"At work, These kids always",euc_ctx,0.3,1,6,0.43078,0.13179,0.69646,0.70028,0.12891
291,"At work, These kids always",euc_ctx,0.5,1,7,0.64681,0.13885,0.76567,0.76849,0.12866
291,"At work, These kids always",euc_ctx,0.7,1,8,0.81339,0.16774,0.7902,0.79159,0.12571
291,"At work, These kids always",euc_ctx,0.9,1,9,0.91058,0.21749,0.80775,0.80723,0.11869
291,"At work, These kids always",euc_ctx,0.99,1,12,0.99135,0.44007,1.08901,1.07931,0.08491
291,"At work, These kids always",cau_ctx,0.3,0,,,,,,
291,"At work, These kids always",cau_ctx,0.5,0,,,,,,
291,"At work, These kids always",cau_ctx,0.7,0,,,,,,
291,"At work, These kids always",cau_ctx,0.9,0,,,,,,
291,"At work, These kids always",cau_ctx,0.99,0,,,,,,
291,"At work, These kids always",dua_ctx,0.3,1,11,0.34335,0.35698,0.29045,0.29283,0.08504
291,"At work, These kids always",dua_ctx,0.5,1,14,0.52981,0.35241,0.44412,0.44347,0.09085
291,"At work, These kids always",dua_ctx,0.7,1,17,0.7051,0.35744,0.63134,0.62652,0.08221
291,"At work, These kids always",dua_ctx,0.9,1,22,0.90602,0.3924,1.04747,1.03321,0.0458
291,"At work, These kids always",dua_ctx,0.99,1,30,0.99169,0.50283,2.05523,2.01979,0.04695
291,"At work, These kids always",euc_unemb,0.3,1,2,0.97782,0.25339,1.19582,1.19482,0.11633
291,"At work, These kids always",euc_unemb,0.5,1,2,0.97782,0.25339,1.19582,1.19482,0.11633
291,"At work, These kids always",euc_unemb,0.7,1,2,0.97782,0.25339,1.19582,1.19482,0.11633
291,"At work, These kids always",euc_unemb,0.9,1,2,0.97782,0.25339,1.19582,1.19482,0.11633
291,"At work, These kids always",euc_unemb,0.99,1,3,0.9998,0.53981,2.50607,2.48357,0.12466
291,"At work, These kids always",cau_unemb,0.3,1,28,0.33707,0.15663,0.47741,0.48346,0.124
291,"At work, These kids always",cau_unemb,0.5,1,32,0.51199,0.15602,0.53018,0.53597,0.12423
291,"At work, These kids always",cau_unemb,0.7,1,37,0.72093,0.17821,0.56294,0.56796,0.12086
291,"At work, These kids always",cau_unemb,0.9,1,44,0.9004,0.25219,0.60233,0.60524,0.11054
291,"At work, These kids always",cau_unemb,0.99,1,58,0.99073,0.47426,0.94152,0.93596,0.09276
291,"At work, These kids always",dua_unemb,0.3,1,2,0.92322,0.57051,0.62295,0.6212,0.10002
291,"At work, These kids always",dua_unemb,0.5,1,2,0.92322,0.57051,0.62295,0.6212,0.10002
291,"At work, These kids always",dua_unemb,0.7,1,2,0.92322,0.57051,0.62295,0.6212,0.10002
291,"At work, These kids always",dua_unemb,0.9,1,2,0.92322,0.57051,0.62295,0.6212,0.10002
291,"At work, These kids always",dua_unemb,0.99,1,3,0.99851,0.6469,1.62215,1.60372,0.10857
291,"At work, These kids always",euc_dmd,0.3,1,2,0.97318,0.15807,1.33147,1.32609,0.11123
291,"At work, These kids always",euc_dmd,0.5,1,2,0.97318,0.15807,1.33147,1.32609,0.11123
291,"At work, These kids always",euc_dmd,0.7,1,2,0.97318,0.15807,1.33147,1.32609,0.11123
291,"At work, These kids always",euc_dmd,0.9,1,2,0.97318,0.15807,1.33147,1.32609,0.11123
291,"At work, These kids always",euc_dmd,0.99,1,3,0.99963,0.43126,2.08229,2.0596,0.11033
291,"At work, These kids always",cau_dmd,0.3,1,12,0.3673,0.11192,0.75991,0.76319,0.12758
291,"At work, These kids always",cau_dmd,0.5,1,14,0.57208,0.10887,0.86342,0.86561,0.11627
291,"At work, These kids always",cau_dmd,0.7,1,16,0.75212,0.12109,0.93984,0.94053,0.11381
291,"At work, These kids always",cau_dmd,0.9,1,19,0.90986,0.16453,1.05668,1.05432,0.10712
291,"At work, These kids always",cau_dmd,0.99,1,25,0.99024,0.30161,1.4893,1.47758,0.09087
291,"At work, These kids always",dua_dmd,0.3,1,2,0.93501,0.55409,0.5793,0.57547,0.08848
291,"At work, These kids always",dua_dmd,0.5,1,2,0.93501,0.55409,0.5793,0.57547,0.08848
291,"At work, These kids always",dua_dmd,0.7,1,2,0.93501,0.55409,0.5793,0.57547,0.08848
291,"At work, These kids always",dua_dmd,0.9,1,2,0.93501,0.55409,0.5793,0.57547,0.08848
291,"At work, These kids always",dua_dmd,0.99,1,3,0.99784,0.6279,1.37081,1.35376,0.09193
256,"Today, The workers still",euc_ctx,0.3,1,6,0.45597,0.18287,0.67638,0.68516,0.14013
256,"Today, The workers still",euc_ctx,0.5,1,7,0.66681,0.19287,0.80925,0.81743,0.14278
256,"Today, The workers still",euc_ctx,0.7,1,8,0.82581,0.22626,0.92297,0.92992,0.14328
256,"Today, The workers still",euc_ctx,0.9,1,9,0.9175,0.27834,1.04663,1.05172,0.1408
256,"Today, The workers still",euc_ctx,0.99,1,12,0.99253,0.46528,1.66085,1.6568,0.05923
256,"Today, The workers still",cau_ctx,0.3,0,,,,,,
256,"Today, The workers still",cau_ctx,0.5,0,,,,,,
256,"Today, The workers still",cau_ctx,0.7,0,,,,,,
256,"Today, The workers still",cau_ctx,0.9,0,,,,,,
256,"Today, The workers still",cau_ctx,0.99,0,,,,,,
256,"Today, The workers still",dua_ctx,0.3,1,11,0.30174,0.37012,0.32421,0.33087,0.04213
256,"Today, The workers still",dua_ctx,0.5,1,15,0.51071,0.36436,0.59136,0.59558,0.05084
256,"Today, The workers still",dua_ctx,0.7,1,19,0.71624,0.36984,0.94406,0.94408,0.05523
256,"Today, The workers still",dua_ctx,0.9,1,24,0.91023,0.3986,1.536,1.52845,0.0598
256,"Today, The workers still",dua_ctx,0.99,1,30,0.9918,0.4686,2.59081,2.57054,0.06022
256,"Today, The workers still",euc_unemb,0.3,1,2,0.9592,0.23188,1.37084,1.37534,0.18452
256,"Today, The workers still",euc_unemb,0.5,1,2,0.9592,0.23188,1.37084,1.37534,0.18452
256,"Today, The workers still",euc_unemb,0.7,1,2,0.9592,0.23188,1.37084,1.37534,0.18452
256,"Today, The workers still",euc_unemb,0.9,1,2,0.9592,0.23188,1.37084,1.37534,0.18452
256,"Today, The workers still",euc_unemb,0.99,1,3,0.99953,0.35924,3.14265,3.12591,0.19284
256,"Today, The workers still",cau_unemb,0.3,1,29,0.32699,0.19512,0.41981,0.42794,0.15262
256,"Today, The workers still",cau_unemb,0.5,1,34,0.52382,0.19473,0.50376,0.51174,0.16708
256,"Today, The workers still",cau_unemb,0.7,1,39,0.71302,0.21599,0.57261,0.57982,0.15821
256,"Today, The workers still",cau_unemb,0.9,1,47,0.90102,0.28842,0.71326,0.71781,0.05219
256,"Today, The workers still",cau_unemb,0.99,1,62,0.9903,0.44695,1.29755,1.29238,0.05061
256,"Today, The workers still",dua_unemb,0.3,1,2,0.83483,0.45225,0.57018,0.57212,0.05199
256,"Today, The workers still",dua_unemb,0.5,1,2,0.83483,0.45225,0.57018,0.57212,0.05199
256,"Today, The workers still",dua_unemb,0.7,1,2,0.83483,0.45225,0.57018,0.57212,0.05199
256,"Today, The workers still",dua_unemb,0.9,1,3,0.98791,0.52082,1.48628,1.47525,0.05627
256,"Today, The workers still",dua_unemb,0.99,1,4,0.99962,0.55195,2.80974,2.77995,0.05589
256,"Today, The workers still",euc_dmd,0.3,1,2,0.95774,0.17925,1.34907,1.35176,0.1473
256,"Today, The workers still",euc_dmd,0.5,1,2,0.95774,0.17925,1.34907,1.35176,0.1473
256,"Today, The workers still",euc_dmd,0.7,1,2,0.95774,0.17925,1.34907,1.35176,0.1473
256,"Today, The workers still",euc_dmd,0.9,1,2,0.95774,0.17925,1.34907,1.35176,0.1473
256,"Today, The workers still",euc_dmd,0.99,1,3,0.99935,0.33714,2.5729,2.55876,0.15924
256,"Today, The workers still",cau_dmd,0.3,1,12,0.36902,0.16071,0.64605,0.65385,0.14096
256,"Today, The workers still",cau_dmd,0.5,1,14,0.56212,0.16055,0.75129,0.7586,0.14374
256,"Today, The workers still",cau_dmd,0.7,1,16,0.73586,0.17804,0.84521,0.85149,0.14566
256,"Today, The workers still",cau_dmd,0.9,1,20,0.9271,0.25468,1.08838,1.09091,0.06123
256,"Today, The workers still",cau_dmd,0.99,1,26,0.99147,0.38667,1.76748,1.76008,0.05308
256,"Today, The workers still",dua_dmd,0.3,1,2,0.90569,0.47281,0.64969,0.64929,0.04871
256,"Today, The workers still",dua_dmd,0.5,1,2,0.90569,0.47281,0.64969,0.64929,0.04871
256,"Today, The workers still",dua_dmd,0.7,1,2,0.90569,0.47281,0.64969,0.64929,0.04871
256,"Today, The workers still",dua_dmd,0.9,1,2,0.90569,0.47281,0.64969,0.64929,0.04871
256,"Today, The workers still",dua_dmd,0.99,1,3,0.9964,0.53742,1.65719,1.64487,0.05412
179,"Over time, I",euc_ctx,0.3,1,6,0.38903,0.02559,0.87402,0.87235,0.30343
179,"Over time, I",euc_ctx,0.5,1,7,0.6188,0.026,1.07024,1.06711,0.31001
179,"Over time, I",euc_ctx,0.7,1,8,0.80024,0.03181,1.25825,1.25348,0.31
179,"Over time, I",euc_ctx,0.9,1,9,0.90515,0.04352,1.44304,1.43641,0.30217
179,"Over time, I",euc_ctx,0.99,1,12,0.99056,0.12704,2.05952,2.04584,0.27924
179,"Over time, I",cau_ctx,0.3,0,,,,,,
179,"Over time, I",cau_ctx,0.5,0,,,,,,
179,"Over time, I",cau_ctx,0.7,0,,,,,,
179,"Over time, I",cau_ctx,0.9,0,,,,,,
179,"Over time, I",cau_ctx,0.99,0,,,,,,
179,"Over time, I",dua_ctx,0.3,1,9,0.35028,0.10546,0.1422,0.14241,0.02611
179,"Over time, I",dua_ctx,0.5,1,11,0.59374,0.11529,0.19303,0.19206,0.02844
179,"Over time, I",dua_ctx,0.7,1,13,0.7852,0.13518,0.25396,0.25131,0.02999
179,"Over time, I",dua_ctx,0.9,1,16,0.93402,0.17816,0.38144,0.37521,0.18319
179,"Over time, I",dua_ctx,0.99,1,21,0.99241,0.26573,0.72807,0.71313,0.24907
179,"Over time, I",euc_unemb,0.3,1,2,0.93841,0.0222,1.31337,1.30878,0.3154
179,"Over time, I",euc_unemb,0.5,1,2,0.93841,0.0222,1.31337,1.30878,0.3154
179,"Over time, I",euc_unemb,0.7,1,2,0.93841,0.0222,1.31337,1.30878,0.3154
179,"Over time, I",euc_unemb,0.9,1,2,0.93841,0.0222,1.31337,1.30878,0.3154
179,"Over time, I",euc_unemb,0.99,1,3,0.99953,0.14697,2.25252,2.23701,0.30736
179,"Over time, I",cau_unemb,0.3,1,29,0.32173,0.02389,0.69566,0.69375,0.28149
179,"Over time, I",cau_unemb,0.5,1,33,0.50679,0.02177,0.84399,0.84081,0.29509
179,"Over time, I",cau_unemb,0.7,1,38,0.72823,0.02314,1.03174,1.0267,0.30379
179,"Over time, I",cau_unemb,0.9,1,45,0.90994,0.03185,1.30542,1.29727,0.30378
179,"Over time, I",cau_unemb,0.99,1,58,0.99126,0.06899,1.88463,1.86922,0.27553
179,"Over time, I",dua_unemb,0.3,1,2,0.7667,0.1444,0.1981,0.19777,0.02564
179,"Over time, I",dua_unemb,0.5,1,2,0.7667,0.1444,0.1981,0.19777,0.02564
179,"Over time, I",dua_unemb,0.7,1,2,0.7667,0.1444,0.1981,0.19777,0.02564
179,"Over time, I",dua_unemb,0.9,1,3,0.9917,0.31544,0.59495,0.58339,0.17346
179,"Over time, I",dua_unemb,0.99,1,3,0.9917,0.31544,0.59495,0.58339,0.17346
179,"Over time, I",euc_dmd,0.3,1,2,0.96469,0.01442,1.79029,1.7788,0.3157
179,"Over time, I",euc_dmd,0.5,1,2,0.96469,0.01442,1.79029,1.7788,0.3157
179,"Over time, I",euc_dmd,0.7,1,2,0.96469,0.01442,1.79029,1.7788,0.3157
179,"Over time, I",euc_dmd,0.9,1,2,0.96469,0.01442,1.79029,1.7788,0.3157
179,"Over time, I",euc_dmd,0.99,1,3,0.99949,0.05138,2.88168,2.85673,0.3185
179,"Over time, I",cau_dmd,0.3,1,11,0.37538,0.01275,1.26499,1.25917,0.29974
179,"Over time, I",cau_dmd,0.5,1,13,0.62248,0.00981,1.70274,1.69303,0.30943
179,"Over time, I",cau_dmd,0.7,1,14,0.7296,0.0092,1.93867,1.92675,0.31
179,"Over time, I",cau_dmd,0.9,1,17,0.91832,0.00898,2.69917,2.67981,0.30645
179,"Over time, I",cau_dmd,0.99,1,22,0.99038,0.00995,4.05546,4.02202,0.29126
179,"Over time, I",dua_dmd,0.3,1,2,0.90227,0.17086,0.2495,0.24781,0.02925
179,"Over time, I",dua_dmd,0.5,1,2,0.90227,0.17086,0.2495,0.24781,0.02925
179,"Over time, I",dua_dmd,0.7,1,2,0.90227,0.17086,0.2495,0.24781,0.02925
179,"Over time, I",dua_dmd,0.9,1,2,0.90227,0.17086,0.2495,0.24781,0.02925
179,"Over time, I",dua_dmd,0.99,1,3,0.9979,0.3064,0.6482,0.63625,0.22402
73,"Honestly, The engineers always",euc_ctx,0.3,1,5,0.38655,0.14599,0.57585,0.58039,0.14995
73,"Honestly, The engineers always",euc_ctx,0.5,1,6,0.62132,0.1497,0.64824,0.65202,0.14893
73,"Honestly, The engineers always",euc_ctx,0.7,1,7,0.8072,0.18105,0.66414,0.66665,0.1461
73,"Honestly, The engineers always",euc_ctx,0.9,1,8,0.91253,0.23861,0.6691,0.66978,0.12259
73,"Honestly, The engineers always",euc_ctx,0.99,1,11,0.99276,0.49727,0.94672,0.93804,0.02779
73,"Honestly, The engineers always",cau_ctx,0.3,0,,,,,,
73,"Honestly, The engineers always",cau_ctx,0.5,0,,,,,,
73,"Honestly, The engineers always",cau_ctx,0.7,0,,,,,,
73,"Honestly, The engineers always",cau_ctx,0.9,0,,,,,,
73,"Honestly, The engineers always",cau_ctx,0.99,0,,,,,,
73,"Honestly, The engineers always",dua_ctx,0.3,1,10,0.35921,0.3787,0.26233,0.26719,0.03712
73,"Honestly, The engineers always",dua_ctx,0.5,1,13,0.55398,0.37775,0.41955,0.4216,0.03617
73,"Honestly, The engineers always",dua_ctx,0.7,1,16,0.73294,0.38697,0.61574,0.6136,0.038
73,"Honestly, The engineers always",dua_ctx,0.9,1,20,0.90272,0.41918,0.95402,0.94422,0.02779
73,"Honestly, The engineers always",dua_ctx,0.99,1,27,0.99096,0.52523,1.81022,1.78124,0.09085
73,"Honestly, The engineers always",euc_unemb,0.3,1,1,0.41773,0.13112,0.62715,0.63371,0.14118
73,"Honestly, The engineers always",euc_unemb,0.5,1,2,0.99137,0.35025,1.15531,1.1518,0.1381
73,"Honestly, The engineers always",euc_unemb,0.7,1,2,0.99137,0.35025,1.15531,1.1518,0.1381
73,"Honestly, The engineers always",euc_unemb,0.9,1,2,0.99137,0.35025,1.15531,1.1518,0.1381
73,"Honestly, The engineers always",euc_unemb,0.99,1,2,0.99137,0.35025,1.15531,1.1518,0.1381
73,"Honestly, The engineers always",cau_unemb,0.3,1,24,0.33241,0.16977,0.39929,0.40521,0.14525
73,"Honestly, The engineers always",cau_unemb,0.5,1,28,0.52116,0.16875,0.44804,0.45377,0.1447
73,"Honestly, The engineers always",cau_unemb,0.7,1,32,0.70335,0.18799,0.46754,0.47269,0.1404
73,"Honestly, The engineers always",cau_unemb,0.9,1,39,0.90172,0.26993,0.49004,0.49312,0.12501
73,"Honestly, The engineers always",cau_unemb,0.99,1,52,0.99093,0.50231,0.79077,0.78566,0.07973
73,"Honestly, The engineers always",dua_unemb,0.3,1,2,0.95107,0.59603,0.75669,0.75361,0.06131
73,"Honestly, The engineers always",dua_unemb,0.5,1,2,0.95107,0.59603,0.75669,0.75361,0.06131
73,"Honestly, The engineers always",dua_unemb,0.7,1,2,0.95107,0.59603,0.75669,0.75361,0.06131
73,"Honestly, The engineers always",dua_unemb,0.9,1,2,0.95107,0.59603,0.75669,0.75361,0.06131
73,"Honestly, The engineers always",dua_unemb,0.99,1,3,0.99908,0.64575,1.78461,1.7622,0.0666
73,"Honestly, The engineers always",euc_dmd,0.3,1,1,0.43191,0.1004,0.76849,0.77225,0.15589
73,"Honestly, The engineers always",euc_dmd,0.5,1,2,0.99042,0.25643,1.12243,1.11608,0.12713
73,"Honestly, The engineers always",euc_dmd,0.7,1,2,0.99042,0.25643,1.12243,1.11608,0.12713
73,"Honestly, The engineers always",euc_dmd,0.9,1,2,0.99042,0.25643,1.12243,1.11608,0.12713
73,"Honestly, The engineers always",euc_dmd,0.99,1,2,0.99042,0.25643,1.12243,1.11608,0.12713
73,"Honestly, The engineers always",cau_dmd,0.3,1,10,0.35208,0.12281,0.63953,0.64333,0.15216
73,"Honestly, The engineers always",cau_dmd,0.5,1,12,0.57674,0.1178,0.74299,0.74581,0.15178
73,"Honestly, The engineers always",cau_dmd,0.7,1,14,0.77021,0.13261,0.80867,0.81001,0.14687
73,"Honestly, The engineers always",cau_dmd,0.9,1,17,0.92572,0.18578,0.9084,0.90654,0.13277
73,"Honestly, The engineers always",cau_dmd,0.99,1,22,0.99022,0.31505,1.26094,1.25084,0.11356
73,"Honestly, The engineers always",dua_dmd,0.3,1,1,0.30923,0.37997,0.11129,0.11657,0.03471
73,"Honestly, The engineers always",dua_dmd,0.5,1,2,0.96516,0.60006,0.68468,0.68109,0.04883
73,"Honestly, The engineers always",dua_dmd,0.7,1,2,0.96516,0.60006,0.68468,0.68109,0.04883
73,"Honestly, The engineers always",dua_dmd,0.9,1,2,0.96516,0.60006,0.68468,0.68109,0.04883
73,"Honestly, The engineers always",dua_dmd,0.99,1,3,0.99932,0.66065,1.52817,1.50895,0.05073
124,"At work, Many people also",euc_ctx,0.3,1,6,0.44923,0.10485,0.76848,0.77418,0.09921
124,"At work, Many people also",euc_ctx,0.5,1,7,0.67241,0.11447,0.86071,0.86578,0.09758
124,"At work, Many people also",euc_ctx,0.7,1,8,0.83533,0.14498,0.9153,0.91934,0.09107
124,"At work, Many people also",euc_ctx,0.9,1,9,0.92471,0.19709,0.9707,0.97325,0.08143
124,"At work, Many people also",euc_ctx,0.99,1,12,0.99348,0.44452,1.40297,1.39748,0.0172
124,"At work, Many people also",cau_ctx,0.3,0,,,,,,
124,"At work, Many people also",cau_ctx,0.5,0,,,,,,
124,"At work, Many people also",cau_ctx,0.7,0,,,,,,
124,"At work, Many people also",cau_ctx,0.9,0,,,,,,
124,"At work, Many people also",cau_ctx,0.99,0,,,,,,
124,"At work, Many people also",dua_ctx,0.3,1,10,0.33286,0.31339,0.30066,0.30911,0.02414
124,"At work, Many people also",dua_ctx,0.5,1,13,0.54646,0.31393,0.5003,0.50731,0.02416
124,"At work, Many people also",dua_ctx,0.7,1,16,0.74324,0.32547,0.75786,0.76208,0.02246
124,"At work, Many people also",dua_ctx,0.9,1,20,0.91231,0.36436,1.21471,1.21308,0.02236
124,"At work, Many people also",dua_ctx,0.99,1,28,0.99115,0.49319,2.56219,2.54215,0.056
124,"At work, Many people also",euc_unemb,0.3,1,2,0.98255,0.21625,1.24847,1.24739,0.09902
124,"At work, Many people also",euc_unemb,0.5,1,2,0.98255,0.21625,1.24847,1.24739,0.09902
124,"At work, Many people also",euc_unemb,0.7,1,2,0.98255,0.21625,1.24847,1.24739,0.09902
124,"At work, Many people also",euc_unemb,0.9,1,2,0.98255,0.21625,1.24847,1.24739,0.09902
124,"At work, Many people also",euc_unemb,0.99,1,3,0.99989,0.45356,2.95482,2.9303,0.09522
124,"At work, Many people also",cau_unemb,0.3,1,29,0.33515,0.12759,0.46796,0.47398,0.09405
124,"At work, Many people also",cau_unemb,0.5,1,33,0.51012,0.12914,0.5235,0.52935,0.09402
124,"At work, Many people also",cau_unemb,0.7,1,38,0.71989,0.15128,0.56815,0.57338,0.09452
124,"At work, Many people also",cau_unemb,0.9,1,45,0.9004,0.22355,0.63621,0.63961,0.08006
124,"At work, Many people also",cau_unemb,0.99,1,59,0.99089,0.45685,1.07065,1.066,0.06098
124,"At work, Many people also",dua_unemb,0.3,1,2,0.93116,0.52468,0.70053,0.69947,0.07304
124,"At work, Many people also",dua_unemb,0.5,1,2,0.93116,0.52468,0.70053,0.69947,0.07304
124,"At work, Many people also",dua_unemb,0.7,1,2,0.93116,0.52468,0.70053,0.69947,0.07304
124,"At work, Many people also",dua_unemb,0.9,1,2,0.93116,0.52468,0.70053,0.69947,0.07304
124,"At work, Many people also",dua_unemb,0.99,1,3,0.99832,0.59802,1.8371,1.82029,0.0751
124,"At work, Many people also",euc_dmd,0.3,1,2,0.97515,0.13249,1.35201,1.34889,0.09855
124,"At work, Many people also",euc_dmd,0.5,1,2,0.97515,0.13249,1.35201,1.34889,0.09855
124,"At work, Many people also",euc_dmd,0.7,1,2,0.97515,0.13249,1.35201,1.34889,0.09855
124,"At work, Many people also",euc_dmd,0.9,1,2,0.97515,0.13249,1.35201,1.34889,0.09855
124,"At work, Many people also",euc_dmd,0.99,1,3,0.99976,0.39996,2.33568,2.31596,0.09051
124,"At work, Many people also",cau_dmd,0.3,1,12,0.30663,0.09916,0.7056,0.71008,0.09503
124,"At work, Many people also",cau_dmd,0.5,1,14,0.50081,0.09487,0.82287,0.82667,0.09697
124,"At work, Many people also",cau_dmd,0.7,1,17,0.77039,0.11298,0.9634,0.96545,0.08581
124,"At work, Many people also",cau_dmd,0.9,1,20,0.91641,0.15844,1.12366,1.12295,0.08351
124,"At work, Many people also",cau_dmd,0.99,1,26,0.99101,0.28696,1.71857,1.70857,0.05904
124,"At work, Many people also",dua_dmd,0.3,1,2,0.94426,0.52827,0.70217,0.70162,0.03352
124,"At work, Many people also",dua_dmd,0.5,1,2,0.94426,0.52827,0.70217,0.70162,0.03352
124,"At work, Many people also",dua_dmd,0.7,1,2,0.94426,0.52827,0.70217,0.70162,0.03352
124,"At work, Many people also",dua_dmd,0.9,1,2,0.94426,0.52827,0.70217,0.70162,0.03352
124,"At work, Many people also",dua_dmd,0.99,1,3,0.99787,0.60566,1.67698,1.66431,0.03617
99,"Over time, People often",euc_ctx,0.3,1,5,0.34534,0.17874,0.59136,0.60194,0.07146
99,"Over time, People often",euc_ctx,0.5,1,6,0.57047,0.18019,0.77183,0.78245,0.07364
99,"Over time, People often",euc_ctx,0.7,1,7,0.76687,0.2078,0.94068,0.9506,0.06484
99,"Over time, People often",euc_ctx,0.9,1,9,0.94995,0.32362,1.34885,1.35511,0.06574
99,"Over time, People often",euc_ctx,0.99,1,11,0.99005,0.45745,1.96461,1.96444,0.05357
99,"Over time, People often",cau_ctx,0.3,0,,,,,,
99,"Over time, People often",cau_ctx,0.5,0,,,,,,
99,"Over time, People often",cau_ctx,0.7,0,,,,,,
99,"Over time, People often",cau_ctx,0.9,0,,,,,,
99,"Over time, People often",cau_ctx,0.99,0,,,,,,
99,"Over time, People often",dua_ctx,0.3,1,10,0.30365,0.33751,0.34971,0.36013,0.04406
99,"Over time, People often",dua_ctx,0.5,1,14,0.52249,0.33821,0.67831,0.68779,0.05094
99,"Over time, People often",dua_ctx,0.7,1,18,0.73156,0.34823,1.14524,1.1518,0.05682
99,"Over time, People often",dua_ctx,0.9,1,23,0.90812,0.38407,1.99773,1.99779,0.06461
99,"Over time, People often",dua_ctx,0.99,1,32,0.99157,0.49485,4.40896,4.38894,0.07039
99,"Over time, People often",euc_unemb,0.3,1,1,0.38618,0.13774,0.54614,0.55545,0.07215
99,"Over time, People often",euc_unemb,0.5,1,2,0.98947,0.30086,1.64284,1.64211,0.06412
99,"Over time, People often",euc_unemb,0.7,1,2,0.98947,0.30086,1.64284,1.64211,0.06412
99,"Over time, People often",euc_unemb,0.9,1,2,0.98947,0.30086,1.64284,1.64211,0.06412
99,"Over time, People often",euc_unemb,0.99,1,3,0.99993,0.38983,3.99814,3.97085,0.07154
99,"Over time, People often",cau_unemb,0.3,1,25,0.31527,0.17702,0.36022,0.36897,0.06708
99,"Over time, People often",cau_unemb,0.5,1,30,0.53743,0.17964,0.46529,0.4742,0.06922
99,"Over time, People often",cau_unemb,0.7,1,34,0.70863,0.20064,0.54972,0.55821,0.06797
99,"Over time, People often",cau_unemb,0.9,1,42,0.91373,0.28683,0.78061,0.78657,0.06347
99,"Over time, People often",cau_unemb,0.99,1,55,0.99124,0.44928,1.50059,1.49765,0.06346
99,"Over time, People often",dua_unemb,0.3,1,2,0.96033,0.49742,1.05279,1.05035,0.04762
99,"Over time, People often",dua_unemb,0.5,1,2,0.96033,0.49742,1.05279,1.05035,0.04762
99,"Over time, People often",dua_unemb,0.7,1,2,0.96033,0.49742,1.05279,1.05035,0.04762
99,"Over time, People often",dua_unemb,0.9,1,2,0.96033,0.49742,1.05279,1.05035,0.04762
99,"Over time, People often",dua_unemb,0.99,1,3,0.99945,0.53044,2.72909,2.71061,0.05059
99,"Over time, People often",euc_dmd,0.3,1,1,0.37939,0.12467,0.64051,0.64935,0.07883
99,"Over time, People often",euc_dmd,0.5,1,2,0.98663,0.26786,1.63094,1.63166,0.06897
99,"Over time, People often",euc_dmd,0.7,1,2,0.98663,0.26786,1.63094,1.63166,0.06897
99,"Over time, People often",euc_dmd,0.9,1,2,0.98663,0.26786,1.63094,1.63166,0.06897
99,"Over time, People often",euc_dmd,0.99,1,3,0.99986,0.43941,3.51684,3.49644,0.06771
99,"Over time, People often",cau_dmd,0.3,1,11,0.3601,0.15159,0.56138,0.57016,0.07755
99,"Over time, People often",cau_dmd,0.5,1,13,0.56817,0.15399,0.70341,0.71203,0.0783
99,"Over time, People often",cau_dmd,0.7,1,15,0.75246,0.17625,0.84657,0.85442,0.07696
99,"Over time, People often",cau_dmd,0.9,1,18,0.91251,0.24158,1.10828,1.11373,0.07275
99,"Over time, People often",cau_dmd,0.99,1,24,0.99123,0.40239,1.96348,1.95962,0.07293
99,"Over time, People often",dua_dmd,0.3,1,2,0.96314,0.49534,1.05623,1.05592,0.05666
99,"Over time, People often",dua_dmd,0.5,1,2,0.96314,0.49534,1.05623,1.05592,0.05666
99,"Over time, People often",dua_dmd,0.7,1,2,0.96314,0.49534,1.05623,1.05592,0.05666
99,"Over time, People often",dua_dmd,0.9,1,2,0.96314,0.49534,1.05623,1.05592,0.05666
99,"Over time, People often",dua_dmd,0.99,1,3,0.999,0.54979,2.48565,2.4746,0.05954
260,"Today, Many people also",euc_ctx,0.3,1,6,0.3821,0.13023,0.91633,0.92423,0.13963
260,"Today, Many people also",euc_ctx,0.5,1,7,0.61929,0.13331,1.05345,1.06063,0.14035
260,"Today, Many people also",euc_ctx,0.7,1,8,0.80779,0.16164,1.12742,1.13339,0.13155
260,"Today, Many people also",euc_ctx,0.9,1,9,0.91402,0.21431,1.18252,1.18673,0.10441
260,"Today, Many people also",euc_ctx,0.99,1,12,0.99329,0.45899,1.58792,1.583,0.09799
260,"Today, Many people also",cau_ctx,0.3,0,,,,,,
260,"Today, Many people also",cau_ctx,0.5,0,,,,,,
260,"Today, Many people also",cau_ctx,0.7,0,,,,,,
260,"Today, Many people also",cau_ctx,0.9,0,,,,,,
260,"Today, Many people also",cau_ctx,0.99,0,,,,,,
260,"Today, Many people also",dua_ctx,0.3,1,11,0.30427,0.39512,0.36766,0.37584,0.01164
260,"Today, Many people also",dua_ctx,0.5,1,15,0.54463,0.39064,0.68282,0.6883,0.01556
260,"Today, Many people also",dua_ctx,0.7,1,18,0.71982,0.3962,0.99173,0.99373,0.01797
260,"Today, Many people also",dua_ctx,0.9,1,23,0.9251,0.43383,1.66867,1.66204,0.0823
260,"Today, Many people also",dua_ctx,0.99,1,29,0.99012,0.52305,2.80975,2.78774,0.08448
260,"Today, Many people also",euc_unemb,0.3,1,2,0.9725,0.2479,1.24422,1.24388,0.05718
260,"Today, Many people also",euc_unemb,0.5,1,2,0.9725,0.2479,1.24422,1.24388,0.05718
260,"Today, Many people also",euc_unemb,0.7,1,2,0.9725,0.2479,1.24422,1.24388,0.05718
260,"Today, Many people also",euc_unemb,0.9,1,2,0.9725,0.2479,1.24422,1.24388,0.05718
260,"Today, Many people also",euc_unemb,0.99,1,3,0.99983,0.44484,2.82785,2.80156,0.04953
260,"Today, Many people also",cau_unemb,0.3,1,30,0.32396,0.16106,0.54739,0.55533,0.10376
260,"Today, Many people also",cau_unemb,0.5,1,34,0.50696,0.16187,0.60877,0.61649,0.10318
260,"Today, Many people also",cau_unemb,0.7,1,39,0.7268,0.1889,0.64561,0.65251,0.09237
260,"Today, Many people also",cau_unemb,0.9,1,46,0.90898,0.27606,0.68877,0.6933,0.04107
260,"Today, Many people also",cau_unemb,0.99,1,59,0.99124,0.50669,1.04223,1.03797,0.03278
260,"Today, Many people also",dua_unemb,0.3,1,2,0.87392,0.53014,0.5786,0.57757,0.04137
260,"Today, Many people also",dua_unemb,0.5,1,2,0.87392,0.53014,0.5786,0.57757,0.04137
260,"Today, Many people also",dua_unemb,0.7,1,2,0.87392,0.53014,0.5786,0.57757,0.04137
260,"Today, Many people also",dua_unemb,0.9,1,3,0.99326,0.59265,1.58886,1.57193,0.04759
260,"Today, Many people also",dua_unemb,0.99,1,3,0.99326,0.59265,1.58886,1.57193,0.04759
260,"Today, Many people also",euc_dmd,0.3,1,2,0.97355,0.15305,1.4621,1.46144,0.13177
260,"Today, Many people also",euc_dmd,0.5,1,2,0.97355,0.15305,1.4621,1.46144,0.13177
260,"Today, Many people also",euc_dmd,0.7,1,2,0.97355,0.15305,1.4621,1.46144,0.13177
260,"Today, Many people also",euc_dmd,0.9,1,2,0.97355,0.15305,1.4621,1.46144,0.13177
260,"Today, Many people also",euc_dmd,0.99,1,3,0.99978,0.41595,2.37068,2.35178,0.04806
260,"Today, Many people also",cau_dmd,0.3,1,12,0.31886,0.10893,0.8785,0.88607,0.14297
260,"Today, Many people also",cau_dmd,0.5,1,14,0.5379,0.10393,1.01972,1.02668,0.14186
260,"Today, Many people also",cau_dmd,0.7,1,16,0.74,0.1165,1.11483,1.12069,0.13505
260,"Today, Many people also",cau_dmd,0.9,1,19,0.91336,0.16502,1.23764,1.24086,0.11929
260,"Today, Many people also",cau_dmd,0.99,1,25,0.99236,0.31375,1.73634,1.73009,0.10111
260,"Today, Many people also",dua_dmd,0.3,1,2,0.92735,0.56288,0.64861,0.6476,0.03514
260,"Today, Many people also",dua_dmd,0.5,1,2,0.92735,0.56288,0.64861,0.6476,0.03514
260,"Today, Many people also",dua_dmd,0.7,1,2,0.92735,0.56288,0.64861,0.6476,0.03514
260,"Today, Many people also",dua_dmd,0.9,1,2,0.92735,0.56288,0.64861,0.6476,0.03514
260,"Today, Many people also",dua_dmd,0.99,1,3,0.99827,0.63556,1.66305,1.64866,0.03731
297,People rarely,euc_ctx,0.3,1,6,0.42749,0.22121,0.80289,0.81456,0.10759
297,People rarely,euc_ctx,0.5,1,7,0.663,0.23751,0.94596,0.95683,0.10433
297,People rarely,euc_ctx,0.7,1,8,0.83522,0.28774,1.05933,1.0685,0.09488
297,People rarely,euc_ctx,0.9,1,9,0.92717,0.36183,1.1916,1.19816,0.05781
297,People rarely,euc_ctx,0.99,1,12,0.99418,0.57975,1.92521,1.9192,0.07789
297,People rarely,cau_ctx,0.3,0,,,,,,
297,People rarely,cau_ctx,0.5,0,,,,,,
297,People rarely,cau_ctx,0.7,0,,,,,,
297,People rarely,cau_ctx,0.9,0,,,,,,
297,People rarely,cau_ctx,0.99,0,,,,,,
297,People rarely,dua_ctx,0.3,1,11,0.3148,0.43469,0.40706,0.41654,0.07405
297,People rarely,dua_ctx,0.5,1,15,0.54183,0.43457,0.72986,0.73636,0.03559
297,People rarely,dua_ctx,0.7,1,18,0.70278,0.44414,1.04655,1.04926,0.05026
297,People rarely,dua_ctx,0.9,1,24,0.91481,0.49837,1.94355,1.9347,0.05124
297,People rarely,dua_ctx,0.99,1,33,0.99279,0.6246,4.09304,4.0566,0.04972
297,People rarely,euc_unemb,0.3,1,2,0.98631,0.38912,1.61674,1.61964,0.10607
297,People rarely,euc_unemb,0.5,1,2,0.98631,0.38912,1.61674,1.61964,0.10607
297,People rarely,euc_unemb,0.7,1,2,0.98631,0.38912,1.61674,1.61964,0.10607
297,People rarely,euc_unemb,0.9,1,2,0.98631,0.38912,1.61674,1.61964,0.10607
297,People rarely,euc_unemb,0.99,1,3,0.99994,0.47211,3.88136,3.85357,0.11034
297,People rarely,cau_unemb,0.3,1,28,0.31186,0.23081,0.4935,0.50471,0.09883
297,People rarely,cau_unemb,0.5,1,32,0.50057,0.23079,0.58204,0.5932,0.09972
297,People rarely,cau_unemb,0.7,1,37,0.72908,0.26287,0.68268,0.69287,0.09543
297,People rarely,cau_unemb,0.9,1,44,0.91393,0.35527,0.87262,0.87959,0.08618
297,People rarely,cau_unemb,0.99,1,56,0.99083,0.51537,1.48833,1.48513,0.08578
297,People rarely,dua_unemb,0.3,1,2,0.94261,0.56254,0.91582,0.91407,0.09033
297,People rarely,dua_unemb,0.5,1,2,0.94261,0.56254,0.91582,0.91407,0.09033
297,People rarely,dua_unemb,0.7,1,2,0.94261,0.56254,0.91582,0.91407,0.09033
297,People rarely,dua_unemb,0.9,1,2,0.94261,0.56254,0.91582,0.91407,0.09033
297,People rarely,dua_unemb,0.99,1,3,0.99933,0.60894,2.42533,2.40413,0.08737
297,People rarely,euc_dmd,0.3,1,2,0.98373,0.33666,1.62519,1.62877,0.10877
297,People rarely,euc_dmd,0.5,1,2,0.98373,0.33666,1.62519,1.62877,0.10877
297,People rarely,euc_dmd,0.7,1,2,0.98373,0.33666,1.62519,1.62877,0.10877
297,People rarely,euc_dmd,0.9,1,2,0.98373,0.33666,1.62519,1.62877,0.10877
297,People rarely,euc_dmd,0.99,1,3,0.99988,0.54645,3.38553,3.36405,0.11369
297,People rarely,cau_dmd,0.3,1,12,0.34915,0.19086,0.76401,0.77475,0.10523
297,People rarely,cau_dmd,0.5,1,14,0.57279,0.1916,0.92158,0.93166,0.10186
297,People rarely,cau_dmd,0.7,1,16,0.76749,0.21703,1.08093,1.08949,0.09598
297,People rarely,cau_dmd,0.9,1,19,0.92537,0.28533,1.38749,1.39202,0.08881
297,People rarely,cau_dmd,0.99,1,24,0.99054,0.39053,2.17535,2.16912,0.08813
297,People rarely,dua_dmd,0.3,1,2,0.95961,0.57078,1.0035,1.00227,0.09533
297,People rarely,dua_dmd,0.5,1,2,0.95961,0.57078,1.0035,1.00227,0.09533
297,People rarely,dua_dmd,0.7,1,2,0.95961,0.57078,1.0035,1.00227,0.09533
297,People rarely,dua_dmd,0.9,1,2,0.95961,0.57078,1.0035,1.00227,0.09533
297,People rarely,dua_dmd,0.99,1,3,0.99916,0.6298,2.3424,2.32716,0.09346
185,"Honestly, Most doctors also",euc_ctx,0.3,1,6,0.46272,0.19291,0.91012,0.92044,0.13459
185,"Honestly, Most doctors also",euc_ctx,0.5,1,7,0.69798,0.21019,1.08053,1.08976,0.13554
185,"Honestly, Most doctors also",euc_ctx,0.7,1,8,0.85842,0.25944,1.22553,1.23285,0.11616
185,"Honestly, Most doctors also",euc_ctx,0.9,1,9,0.93937,0.3322,1.39283,1.39742,0.11775
185,"Honestly, Most doctors also",euc_ctx,0.99,1,12,0.99539,0.56172,2.23042,2.22243,0.08248
185,"Honestly, Most doctors also",cau_ctx,0.3,0,,,,,,
185,"Honestly, Most doctors also",cau_ctx,0.5,0,,,,,,
185,"Honestly, Most doctors also",cau_ctx,0.7,0,,,,,,
185,"Honestly, Most doctors also",cau_ctx,0.9,0,,,,,,
185,"Honestly, Most doctors also",cau_ctx,0.99,0,,,,,,
185,"Honestly, Most doctors also",dua_ctx,0.3,1,11,0.3143,0.40308,0.38845,0.39632,0.02627
185,"Honestly, Most doctors also",dua_ctx,0.5,1,15,0.53651,0.40148,0.71614,0.72097,0.06454
185,"Honestly, Most doctors also",dua_ctx,0.7,1,19,0.75051,0.41074,1.18817,1.18777,0.06732
185,"Honestly, Most doctors also",dua_ctx,0.9,1,23,0.90846,0.43951,1.8664,1.85837,0.07322
185,"Honestly, Most doctors also",dua_ctx,0.99,1,30,0.9918,0.53487,3.68659,3.6583,0.07265
185,"Honestly, Most doctors also",euc_unemb,0.3,1,2,0.98422,0.34263,1.42871,1.42835,0.13749
185,"Honestly, Most doctors also",euc_unemb,0.5,1,2,0.98422,0.34263,1.42871,1.42835,0.13749
185,"Honestly, Most doctors also",euc_unemb,0.7,1,2,0.98422,0.34263,1.42871,1.42835,0.13749
185,"Honestly, Most doctors also",euc_unemb,0.9,1,2,0.98422,0.34263,1.42871,1.42835,0.13749
185,"Honestly, Most doctors also",euc_unemb,0.99,1,3,0.99992,0.44502,3.58387,3.553,0.1537
185,"Honestly, Most doctors also",cau_unemb,0.3,1,28,0.32669,0.20252,0.4859,0.49548,0.13072
185,"Honestly, Most doctors also",cau_unemb,0.5,1,32,0.51725,0.20541,0.56122,0.57061,0.12401
185,"Honestly, Most doctors also",cau_unemb,0.7,1,36,0.70208,0.23035,0.62074,0.62939,0.12643
185,"Honestly, Most doctors also",cau_unemb,0.9,1,43,0.90254,0.32232,0.74884,0.75467,0.1214
185,"Honestly, Most doctors also",cau_unemb,0.99,1,56,0.99121,0.53093,1.30716,1.30267,0.12184
185,"Honestly, Most doctors also",dua_unemb,0.3,1,2,0.91525,0.54095,0.74499,0.74311,0.1507
185,"Honestly, Most doctors also",dua_unemb,0.5,1,2,0.91525,0.54095,0.74499,0.74311,0.1507
185,"Honestly, Most doctors also",dua_unemb,0.7,1,2,0.91525,0.54095,0.74499,0.74311,0.1507
185,"Honestly, Most doctors also",dua_unemb,0.9,1,2,0.91525,0.54095,0.74499,0.74311,0.1507
185,"Honestly, Most doctors also",dua_unemb,0.99,1,3,0.99729,0.58357,1.98048,1.96056,0.15527
185,"Honestly, Most doctors also",euc_dmd,0.3,1,2,0.98416,0.2818,1.50405,1.50548,0.14528
185,"Honestly, Most doctors also",euc_dmd,0.5,1,2,0.98416,0.2818,1.50405,1.50548,0.14528
185,"Honestly, Most doctors also",euc_dmd,0.7,1,2,0.98416,0.2818,1.50405,1.50548,0.14528
185,"Honestly, Most doctors also",euc_dmd,0.9,1,2,0.98416,0.2818,1.50405,1.50548,0.14528
185,"Honestly, Most doctors also",euc_dmd,0.99,1,3,0.99988,0.51509,3.09185,3.06977,0.16104
185,"Honestly, Most doctors also",cau_dmd,0.3,1,11,0.302,0.15732,0.74916,0.75913,0.13423
185,"Honestly, Most doctors also",cau_dmd,0.5,1,13,0.52652,0.15107,0.90852,0.91802,0.14052
185,"Honestly, Most doctors also",cau_dmd,0.7,1,15,0.73658,0.16886,1.04067,1.04895,0.14013
185,"Honestly, Most doctors also",cau_dmd,0.9,1,18,0.91451,0.23217,1.25787,1.26292,0.13156
185,"Honestly, Most doctors also",cau_dmd,0.99,1,24,0.99271,0.38429,2.02978,2.02326,0.10575
185,"Honestly, Most doctors also",dua_dmd,0.3,1,2,0.95974,0.5788,0.86818,0.86648,0.07541
185,"Honestly, Most doctors also",dua_dmd,0.5,1,2,0.95974,0.5788,0.86818,0.86648,0.07541
185,"Honestly, Most doctors also",dua_dmd,0.7,1,2,0.95974,0.5788,0.86818,0.86648,0.07541
185,"Honestly, Most doctors also",dua_dmd,0.9,1,2,0.95974,0.5788,0.86818,0.86648,0.07541
185,"Honestly, Most doctors also",dua_dmd,0.99,1,3,0.99932,0.62981,2.18759,2.17084,0.08176
159,"Honestly, These kids always",euc_ctx,0.3,1,6,0.44644,0.20079,0.73536,0.74242,0.14233
159,"Honestly, These kids always",euc_ctx,0.5,1,7,0.66934,0.21333,0.81297,0.81889,0.14237
159,"Honestly, These kids always",euc_ctx,0.7,1,8,0.83293,0.25567,0.84756,0.85165,0.13702
159,"Honestly, These kids always",euc_ctx,0.9,1,9,0.92319,0.32103,0.88758,0.88913,0.11986
159,"Honestly, These kids always",euc_ctx,0.99,1,12,0.9932,0.53968,1.2945,1.28426,0.08161
159,"Honestly, These kids always",cau_ctx,0.3,0,,,,,,
159,"Honestly, These kids always",cau_ctx,0.5,0,,,,,,
159,"Honestly, These kids always",cau_ctx,0.7,0,,,,,,
159,"Honestly, These kids always",cau_ctx,0.9,0,,,,,,
159,"Honestly, These kids always",cau_ctx,0.99,0,,,,,,
159,"Honestly, These kids always",dua_ctx,0.3,1,11,0.31026,0.44676,0.31042,0.31381,0.02688
159,"Honestly, These kids always",dua_ctx,0.5,1,15,0.53065,0.43658,0.53527,0.5343,0.04898
159,"Honestly, These kids always",dua_ctx,0.7,1,19,0.73651,0.44058,0.82763,0.82028,0.11339
159,"Honestly, These kids always",dua_ctx,0.9,1,24,0.91288,0.47263,1.3295,1.31131,0.12102
159,"Honestly, These kids always",dua_ctx,0.99,1,32,0.99261,0.57622,2.53961,2.49768,0.12348
159,"Honestly, These kids always",euc_unemb,0.3,1,2,0.98046,0.36998,1.29081,1.29125,0.11943
159,"Honestly, These kids always",euc_unemb,0.5,1,2,0.98046,0.36998,1.29081,1.29125,0.11943
159,"Honestly, These kids always",euc_unemb,0.7,1,2,0.98046,0.36998,1.29081,1.29125,0.11943
159,"Honestly, These kids always",euc_unemb,0.9,1,2,0.98046,0.36998,1.29081,1.29125,0.11943
159,"Honestly, These kids always",euc_unemb,0.99,1,3,0.99985,0.57532,2.82286,2.79733,0.13196
159,"Honestly, These kids always",cau_unemb,0.3,1,27,0.30565,0.23483,0.47772,0.48652,0.13446
159,"Honestly, These kids always",cau_unemb,0.5,1,32,0.53078,0.23328,0.55793,0.56644,0.13685
159,"Honestly, These kids always",cau_unemb,0.7,1,36,0.70562,0.25695,0.59635,0.60405,0.12328
159,"Honestly, These kids always",cau_unemb,0.9,1,44,0.91402,0.35929,0.68776,0.69211,0.11984
159,"Honestly, These kids always",cau_unemb,0.99,1,57,0.99139,0.543,1.12086,1.11488,0.11434
159,"Honestly, These kids always",dua_unemb,0.3,1,2,0.92407,0.60907,0.69075,0.6883,0.10623
159,"Honestly, These kids always",dua_unemb,0.5,1,2,0.92407,0.60907,0.69075,0.6883,0.10623
159,"Honestly, These kids always",dua_unemb,0.7,1,2,0.92407,0.60907,0.69075,0.6883,0.10623
159,"Honestly, These kids always",dua_unemb,0.9,1,2,0.92407,0.60907,0.69075,0.6883,0.10623
159,"Honestly, These kids always",dua_unemb,0.99,1,3,0.99857,0.66764,1.81158,1.7903,0.10309
159,"Honestly, These kids always",euc_dmd,0.3,1,2,0.97825,0.26574,1.38755,1.38525,0.12887
159,"Honestly, These kids always",euc_dmd,0.5,1,2,0.97825,0.26574,1.38755,1.38525,0.12887
159,"Honestly, These kids always",euc_dmd,0.7,1,2,0.97825,0.26574,1.38755,1.38525,0.12887
159,"Honestly, These kids always",euc_dmd,0.9,1,2,0.97825,0.26574,1.38755,1.38525,0.12887
159,"Honestly, These kids always",euc_dmd,0.99,1,3,0.99974,0.52965,2.39707,2.37322,0.12241
159,"Honestly, These kids always",cau_dmd,0.3,1,12,0.39557,0.17232,0.79638,0.8033,0.14342
159,"Honestly, These kids always",cau_dmd,0.5,1,13,0.50436,0.16953,0.85548,0.86193,0.14193
159,"Honestly, These kids always",cau_dmd,0.7,1,15,0.70843,0.18202,0.9472,0.95225,0.13452
159,"Honestly, These kids always",cau_dmd,0.9,1,19,0.9294,0.26425,1.1372,1.13756,0.12322
159,"Honestly, These kids always",cau_dmd,0.99,1,24,0.99001,0.39867,1.5792,1.57019,0.11103
159,"Honestly, These kids always",dua_dmd,0.3,1,2,0.94236,0.60133,0.6663,0.66199,0.08528
159,"Honestly, These kids always",dua_dmd,0.5,1,2,0.94236,0.60133,0.6663,0.66199,0.08528
159,"Honestly, These kids always",dua_dmd,0.7,1,2,0.94236,0.60133,0.6663,0.66199,0.08528
159,"Honestly, These kids always",dua_dmd,0.9,1,2,0.94236,0.60133,0.6663,0.66199,0.08528
159,"Honestly, These kids always",dua_dmd,0.99,1,3,0.99854,0.66438,1.59157,1.57261,0.08392
203,"Lately, Parents always",euc_ctx,0.3,1,5,0.40085,0.37622,0.4263,0.43648,0.14398
203,"Lately, Parents always",euc_ctx,0.5,1,6,0.62244,0.37729,0.52662,0.53623,0.1378
203,"Lately, Parents always",euc_ctx,0.7,1,7,0.80138,0.41416,0.59723,0.60527,0.17277
203,"Lately, Parents always",euc_ctx,0.9,1,8,0.90731,0.47387,0.66603,0.67162,0.16362
203,"Lately, Parents always",euc_ctx,0.99,1,11,0.99233,0.64944,1.05247,1.04686,0.15473
203,"Lately, Parents always",cau_ctx,0.3,0,,,,,,
203,"Lately, Parents always",cau_ctx,0.5,0,,,,,,
203,"Lately, Parents always",cau_ctx,0.7,0,,,,,,
203,"Lately, Parents always",cau_ctx,0.9,0,,,,,,
203,"Lately, Parents always",cau_ctx,0.99,0,,,,,,
203,"Lately, Parents always",dua_ctx,0.3,1,12,0.33421,0.57189,0.32312,0.32834,0.00844
203,"Lately, Parents always",dua_ctx,0.5,1,16,0.50467,0.55886,0.54735,0.54867,0.04067
203,"Lately, Parents always",dua_ctx,0.7,1,21,0.7169,0.55267,0.90962,0.9037,0.04214
203,"Lately, Parents always",dua_ctx,0.9,1,27,0.91441,0.5709,1.48648,1.46863,0.15194
203,"Lately, Parents always",dua_ctx,0.99,1,33,0.99082,0.62549,2.27807,2.24406,0.15625
203,"Lately, Parents always",euc_unemb,0.3,1,1,0.39252,0.36774,0.41873,0.42969,0.14917
203,"Lately, Parents always",euc_unemb,0.5,1,2,0.98332,0.54309,1.05709,1.05567,0.05219
203,"Lately, Parents always",euc_unemb,0.7,1,2,0.98332,0.54309,1.05709,1.05567,0.05219
203,"Lately, Parents always",euc_unemb,0.9,1,2,0.98332,0.54309,1.05709,1.05567,0.05219
203,"Lately, Parents always",euc_unemb,0.99,1,3,0.99981,0.581,2.44994,2.42232,0.06054
203,"Lately, Parents always",cau_unemb,0.3,1,23,0.30738,0.41297,0.252,0.26192,0.12536
203,"Lately, Parents always",cau_unemb,0.5,1,28,0.5208,0.41136,0.31686,0.32689,0.12947
203,"Lately, Parents always",cau_unemb,0.7,1,33,0.72614,0.44743,0.3647,0.37375,0.12909
203,"Lately, Parents always",cau_unemb,0.9,1,40,0.90173,0.538,0.45373,0.45956,0.16409
203,"Lately, Parents always",cau_unemb,0.99,1,54,0.99072,0.68733,0.86554,0.8602,0.16371
203,"Lately, Parents always",dua_unemb,0.3,1,2,0.87648,0.62721,0.60357,0.60352,0.03398
203,"Lately, Parents always",dua_unemb,0.5,1,2,0.87648,0.62721,0.60357,0.60352,0.03398
203,"Lately, Parents always",dua_unemb,0.7,1,2,0.87648,0.62721,0.60357,0.60352,0.03398
203,"Lately, Parents always",dua_unemb,0.9,1,3,0.99257,0.65398,1.4366,1.4191,0.04576
203,"Lately, Parents always",dua_unemb,0.99,1,3,0.99257,0.65398,1.4366,1.4191,0.04576
203,"Lately, Parents always",euc_dmd,0.3,1,1,0.4338,0.32186,0.5337,0.54358,0.1791
203,"Lately, Parents always",euc_dmd,0.5,1,2,0.98611,0.52061,1.03929,1.0372,0.16864
203,"Lately, Parents always",euc_dmd,0.7,1,2,0.98611,0.52061,1.03929,1.0372,0.16864
203,"Lately, Parents always",euc_dmd,0.9,1,2,0.98611,0.52061,1.03929,1.0372,0.16864
203,"Lately, Parents always",euc_dmd,0.99,1,3,0.99982,0.671,2.05795,2.03295,0.16095
203,"Lately, Parents always",cau_dmd,0.3,1,9,0.30679,0.35287,0.39148,0.40102,0.16684
203,"Lately, Parents always",cau_dmd,0.5,1,11,0.52169,0.33699,0.50681,0.51618,0.17126
203,"Lately, Parents always",cau_dmd,0.7,1,13,0.7268,0.35794,0.59986,0.60809,0.17966
203,"Lately, Parents always",cau_dmd,0.9,1,16,0.90839,0.43842,0.73915,0.744,0.17953
203,"Lately, Parents always",cau_dmd,0.99,1,22,0.99213,0.613,1.20754,1.20117,0.1982
203,"Lately, Parents always",dua_dmd,0.3,1,1,0.33875,0.56381,0.12693,0.13304,0.11574
203,"Lately, Parents always",dua_dmd,0.5,1,2,0.92673,0.65006,0.59269,0.59211,0.12481
203,"Lately, Parents always",dua_dmd,0.7,1,2,0.92673,0.65006,0.59269,0.59211,0.12481
203,"Lately, Parents always",dua_dmd,0.9,1,2,0.92673,0.65006,0.59269,0.59211,0.12481
203,"Lately, Parents always",dua_dmd,0.99,1,3,0.99763,0.69823,1.33518,1.32058,0.01936
7,"Lately, Many people sometimes",euc_ctx,0.3,1,7,0.51217,0.25844,0.88943,0.90289,0.06194
7,"Lately, Many people sometimes",euc_ctx,0.5,1,7,0.51217,0.25844,0.88943,0.90289,0.06194
7,"Lately, Many people sometimes",euc_ctx,0.7,1,8,0.72966,0.2855,1.05156,1.06364,0.0723
7,"Lately, Many people sometimes",euc_ctx,0.9,1,10,0.94372,0.41385,1.39578,1.40224,0.13754
7,"Lately, Many people sometimes",euc_ctx,0.99,1,13,0.99537,0.59938,2.25107,2.24378,0.14651
7,"Lately, Many people sometimes",cau_ctx,0.3,0,,,,,,
7,"Lately, Many people sometimes",cau_ctx,0.5,0,,,,,,
7,"Lately, Many people sometimes",cau_ctx,0.7,0,,,,,,
7,"Lately, Many people sometimes",cau_ctx,0.9,0,,,,,,
7,"Lately, Many people sometimes",cau_ctx,0.99,0,,,,,,
7,"Lately, Many people sometimes",dua_ctx,0.3,1,13,0.33362,0.45846,0.49484,0.50235,0.02223
7,"Lately, Many people sometimes",dua_ctx,0.5,1,17,0.52401,0.45589,0.82241,0.82605,0.03485
7,"Lately, Many people sometimes",dua_ctx,0.7,1,21,0.70562,0.46141,1.26389,1.26168,0.04112
7,"Lately, Many people sometimes",dua_ctx,0.9,1,27,0.91054,0.49133,2.23282,2.21789,0.04848
7,"Lately, Many people sometimes",dua_ctx,0.99,1,34,0.99211,0.56098,3.985,3.94821,0.15617
7,"Lately, Many people sometimes",euc_unemb,0.3,1,2,0.96485,0.32099,1.26797,1.27299,0.10915
7,"Lately, Many people sometimes",euc_unemb,0.5,1,2,0.96485,0.32099,1.26797,1.27299,0.10915
7,"Lately, Many people sometimes",euc_unemb,0.7,1,2,0.96485,0.32099,1.26797,1.27299,0.10915
7,"Lately, Many people sometimes",euc_unemb,0.9,1,2,0.96485,0.32099,1.26797,1.27299,0.10915
7,"Lately, Many people sometimes",euc_unemb,0.99,1,3,0.99978,0.47948,2.95938,2.93722,0.06426
7,"Lately, Many people sometimes",cau_unemb,0.3,1,32,0.33818,0.24258,0.48776,0.50067,0.12732
7,"Lately, Many people sometimes",cau_unemb,0.5,1,36,0.52475,0.24821,0.56292,0.57576,0.12875
7,"Lately, Many people sometimes",cau_unemb,0.7,1,40,0.70425,0.27591,0.62932,0.64143,0.13377
7,"Lately, Many people sometimes",cau_unemb,0.9,1,47,0.90086,0.36678,0.78134,0.79046,0.13731
7,"Lately, Many people sometimes",cau_unemb,0.99,1,60,0.99071,0.53856,1.37237,1.37072,0.15155
7,"Lately, Many people sometimes",dua_unemb,0.3,1,2,0.86955,0.57133,0.64825,0.64902,0.03585
7,"Lately, Many people sometimes",dua_unemb,0.5,1,2,0.86955,0.57133,0.64825,0.64902,0.03585
7,"Lately, Many people sometimes",dua_unemb,0.7,1,2,0.86955,0.57133,0.64825,0.64902,0.03585
7,"Lately, Many people sometimes",dua_unemb,0.9,1,3,0.99485,0.61559,1.73199,1.71648,0.04311
7,"Lately, Many people sometimes",dua_unemb,0.99,1,3,0.99485,0.61559,1.73199,1.71648,0.04311
7,"Lately, Many people sometimes",euc_dmd,0.3,1,2,0.96562,0.31988,1.3372,1.34492,0.12172
7,"Lately, Many people sometimes",euc_dmd,0.5,1,2,0.96562,0.31988,1.3372,1.34492,0.12172
7,"Lately, Many people sometimes",euc_dmd,0.7,1,2,0.96562,0.31988,1.3372,1.34492,0.12172
7,"Lately, Many people sometimes",euc_dmd,0.9,1,2,0.96562,0.31988,1.3372,1.34492,0.12172
7,"Lately, Many people sometimes",euc_dmd,0.99,1,3,0.99972,0.54292,2.8354,2.8197,0.1257
7,"Lately, Many people sometimes",cau_dmd,0.3,1,13,0.33141,0.20835,0.71581,0.72983,0.13954
7,"Lately, Many people sometimes",cau_dmd,0.5,1,15,0.55222,0.21017,0.86193,0.87571,0.15482
7,"Lately, Many people sometimes",cau_dmd,0.7,1,17,0.75169,0.23835,1.002,1.01465,0.16222
7,"Lately, Many people sometimes",cau_dmd,0.9,1,20,0.91895,0.31442,1.26484,1.27399,0.16903
7,"Lately, Many people sometimes",cau_dmd,0.99,1,26,0.99313,0.4469,2.15147,2.14809,0.17464
7,"Lately, Many people sometimes",dua_dmd,0.3,1,2,0.91082,0.58323,0.7898,0.79094,0.03524
7,"Lately, Many people sometimes",dua_dmd,0.5,1,2,0.91082,0.58323,0.7898,0.79094,0.03524
7,"Lately, Many people sometimes",dua_dmd,0.7,1,2,0.91082,0.58323,0.7898,0.79094,0.03524
7,"Lately, Many people sometimes",dua_dmd,0.9,1,2,0.91082,0.58323,0.7898,0.79094,0.03524
7,"Lately, Many people sometimes",dua_dmd,0.99,1,3,0.99736,0.6461,1.86679,1.85638,0.04012
57,"At work, Students still",euc_ctx,0.3,1,6,0.43139,0.16395,0.61015,0.61903,0.09562
57,"At work, Students still",euc_ctx,0.5,1,7,0.63482,0.17119,0.72477,0.73341,0.09653
57,"At work, Students still",euc_ctx,0.7,1,8,0.79795,0.19926,0.82075,0.82864,0.09547
57,"At work, Students still",euc_ctx,0.9,1,10,0.95178,0.30569,1.05296,1.05772,0.08811
57,"At work, Students still",euc_ctx,0.99,1,13,0.99499,0.49327,1.70452,1.70062,0.03746
57,"At work, Students still",cau_ctx,0.3,0,,,,,,
57,"At work, Students still",cau_ctx,0.5,0,,,,,,
57,"At work, Students still",cau_ctx,0.7,0,,,,,,
57,"At work, Students still",cau_ctx,0.9,0,,,,,,
57,"At work, Students still",cau_ctx,0.99,0,,,,,,
57,"At work, Students still",dua_ctx,0.3,1,11,0.31204,0.34598,0.3072,0.31556,0.00987
57,"At work, Students still",dua_ctx,0.5,1,15,0.53009,0.34295,0.55998,0.56674,0.01834
57,"At work, Students still",dua_ctx,0.7,1,19,0.73998,0.35118,0.89691,0.90045,0.02295
57,"At work, Students still",dua_ctx,0.9,1,24,0.9208,0.38505,1.47219,1.46951,0.02868
57,"At work, Students still",dua_ctx,0.99,1,31,0.99181,0.47141,2.6624,2.64675,0.04124
57,"At work, Students still",euc_unemb,0.3,1,2,0.96579,0.26857,1.22015,1.22459,0.14313
57,"At work, Students still",euc_unemb,0.5,1,2,0.96579,0.26857,1.22015,1.22459,0.14313
57,"At work, Students still",euc_unemb,0.7,1,2,0.96579,0.26857,1.22015,1.22459,0.14313
57,"At work, Students still",euc_unemb,0.9,1,2,0.96579,0.26857,1.22015,1.22459,0.14313
57,"At work, Students still",euc_unemb,0.99,1,3,0.9996,0.47378,2.89214,2.87695,0.15113
57,"At work, Students still",cau_unemb,0.3,1,29,0.33425,0.17719,0.38511,0.39274,0.10652
57,"At work, Students still",cau_unemb,0.5,1,34,0.52786,0.17891,0.45835,0.46597,0.11021
57,"At work, Students still",cau_unemb,0.7,1,39,0.71291,0.20137,0.51841,0.5255,0.1119
57,"At work, Students still",cau_unemb,0.9,1,48,0.91202,0.28975,0.66312,0.66773,0.11068
57,"At work, Students still",cau_unemb,0.99,1,63,0.99095,0.47502,1.22885,1.22473,0.04693
57,"At work, Students still",dua_unemb,0.3,1,2,0.88289,0.4732,0.61804,0.61979,0.08522
57,"At work, Students still",dua_unemb,0.5,1,2,0.88289,0.4732,0.61804,0.61979,0.08522
57,"At work, Students still",dua_unemb,0.7,1,2,0.88289,0.4732,0.61804,0.61979,0.08522
57,"At work, Students still",dua_unemb,0.9,1,3,0.99462,0.54795,1.62368,1.61349,0.09479
57,"At work, Students still",dua_unemb,0.99,1,3,0.99462,0.54795,1.62368,1.61349,0.09479
57,"At work, Students still",euc_dmd,0.3,1,2,0.95747,0.19162,1.20483,1.20758,0.1325
57,"At work, Students still",euc_dmd,0.5,1,2,0.95747,0.19162,1.20483,1.20758,0.1325
57,"At work, Students still",euc_dmd,0.7,1,2,0.95747,0.19162,1.20483,1.20758,0.1325
57,"At work, Students still",euc_dmd,0.9,1,2,0.95747,0.19162,1.20483,1.20758,0.1325
57,"At work, Students still",euc_dmd,0.99,1,3,0.99928,0.41763,2.32432,2.31203,0.12648
57,"At work, Students still",cau_dmd,0.3,1,12,0.34061,0.14373,0.57632,0.58302,0.09718
57,"At work, Students still",cau_dmd,0.5,1,14,0.52237,0.14055,0.67676,0.68311,0.09843
57,"At work, Students still",cau_dmd,0.7,1,17,0.76776,0.16333,0.80816,0.81316,0.09631
57,"At work, Students still",cau_dmd,0.9,1,20,0.90719,0.21411,0.96896,0.97157,0.0968
57,"At work, Students still",cau_dmd,0.99,1,27,0.99125,0.36214,1.66212,1.65481,0.03865
57,"At work, Students still",dua_dmd,0.3,1,2,0.91708,0.47799,0.64855,0.64902,0.03568
57,"At work, Students still",dua_dmd,0.5,1,2,0.91708,0.47799,0.64855,0.64902,0.03568
57,"At work, Students still",dua_dmd,0.7,1,2,0.91708,0.47799,0.64855,0.64902,0.03568
57,"At work, Students still",dua_dmd,0.9,1,2,0.91708,0.47799,0.64855,0.64902,0.03568
57,"At work, Students still",dua_dmd,0.99,1,3,0.99635,0.55256,1.59264,1.58361,0.04585
238,"Lately, We really",euc_ctx,0.3,1,8,0.47333,0.12759,1.00153,1.00429,0.24568
238,"Lately, We really",euc_ctx,0.5,1,9,0.67178,0.14158,1.03768,1.03918,0.24372
238,"Lately, We really",euc_ctx,0.7,1,10,0.82189,0.17576,1.03725,1.03713,0.2341
238,"Lately, We really",euc_ctx,0.9,1,11,0.91151,0.23049,1.03511,1.03291,0.19315
238,"Lately, We really",euc_ctx,0.99,1,14,0.99084,0.47103,1.25521,1.24347,0.06906
238,"Lately, We really",cau_ctx,0.3,0,,,,,,
238,"Lately, We really",cau_ctx,0.5,0,,,,,,
238,"Lately, We really",cau_ctx,0.7,0,,,,,,
238,"Lately, We really",cau_ctx,0.9,0,,,,,,
238,"Lately, We really",cau_ctx,0.99,0,,,,,,
238,"Lately, We really",dua_ctx,0.3,1,13,0.31107,0.39208,0.28424,0.28519,0.06007
238,"Lately, We really",dua_ctx,0.5,1,17,0.52216,0.39138,0.46211,0.45834,0.05851
238,"Lately, We really",dua_ctx,0.7,1,21,0.71159,0.40367,0.71416,0.7038,0.06217
238,"Lately, We really",dua_ctx,0.9,1,28,0.91794,0.45739,1.41567,1.38925,0.16115
238,"Lately, We really",dua_ctx,0.99,1,36,0.99066,0.55247,2.55626,2.50732,0.15562
238,"Lately, We really",euc_unemb,0.3,1,2,0.82087,0.11604,1.33678,1.33585,0.23013
238,"Lately, We really",euc_unemb,0.5,1,2,0.82087,0.11604,1.33678,1.33585,0.23013
238,"Lately, We really",euc_unemb,0.7,1,2,0.82087,0.11604,1.33678,1.33585,0.23013
238,"Lately, We really",euc_unemb,0.9,1,3,0.99767,0.43148,1.90349,1.88675,0.21425
238,"Lately, We really",euc_unemb,0.99,1,3,0.99767,0.43148,1.90349,1.88675,0.21425
238,"Lately, We really",cau_unemb,0.3,1,39,0.31441,0.16694,0.68578,0.6901,0.23141
238,"Lately, We really",cau_unemb,0.5,1,44,0.50184,0.16712,0.75351,0.75686,0.21633
238,"Lately, We really",cau_unemb,0.7,1,50,0.7208,0.19233,0.80814,0.8097,0.21697
238,"Lately, We really",cau_unemb,0.9,1,58,0.90013,0.26587,0.89749,0.89536,0.20813
238,"Lately, We really",cau_unemb,0.99,1,74,0.99089,0.45076,1.38407,1.3697,0.14348
238,"Lately, We really",dua_unemb,0.3,1,2,0.50776,0.43364,0.26799,0.27065,0.12057
238,"Lately, We really",dua_unemb,0.5,1,2,0.50776,0.43364,0.26799,0.27065,0.12057
238,"Lately, We really",dua_unemb,0.7,1,3,0.84383,0.50867,0.68817,0.67993,0.16455
238,"Lately, We really",dua_unemb,0.9,1,4,0.96008,0.55904,1.33957,1.31482,0.20202
238,"Lately, We really",dua_unemb,0.99,1,5,0.99461,0.59617,2.24895,2.20336,0.20173
238,"Lately, We really",euc_dmd,0.3,1,2,0.7941,0.0697,1.62419,1.62215,0.24099
238,"Lately, We really",euc_dmd,0.5,1,2,0.7941,0.0697,1.62419,1.62215,0.24099
238,"Lately, We really",euc_dmd,0.7,1,2,0.7941,0.0697,1.62419,1.62215,0.24099
238,"Lately, We really",euc_dmd,0.9,1,3,0.99553,0.21582,2.02095,2.00571,0.23279
238,"Lately, We really",euc_dmd,0.99,1,3,0.99553,0.21582,2.02095,2.00571,0.23279
238,"Lately, We really",cau_dmd,0.3,1,16,0.3862,0.09207,1.29997,1.30326,0.21664
238,"Lately, We really",cau_dmd,0.5,1,18,0.57642,0.08652,1.47273,1.47414,0.21113
238,"Lately, We really",cau_dmd,0.7,1,20,0.74508,0.08878,1.64674,1.64567,0.21073
238,"Lately, We really",cau_dmd,0.9,1,23,0.90106,0.10033,1.95209,1.94612,0.20355
238,"Lately, We really",cau_dmd,0.99,1,30,0.99205,0.12321,2.95939,2.93733,0.18972
238,"Lately, We really",dua_dmd,0.3,1,2,0.6301,0.42411,0.34968,0.35195,0.10914
238,"Lately, We really",dua_dmd,0.5,1,2,0.6301,0.42411,0.34968,0.35195,0.10914
238,"Lately, We really",dua_dmd,0.7,1,3,0.90752,0.4945,0.87499,0.86668,0.16901
238,"Lately, We really",dua_dmd,0.9,1,3,0.90752,0.4945,0.87499,0.86668,0.16901
238,"Lately, We really",dua_dmd,0.99,1,5,0.99763,0.58674,2.5785,2.53668,0.20594
151,"Over time, Most doctors",euc_ctx,0.3,1,5,0.37128,0.05801,0.3842,0.38658,0.19601
151,"Over time, Most doctors",euc_ctx,0.5,1,6,0.59339,0.05754,0.45515,0.45719,0.2003
151,"Over time, Most doctors",euc_ctx,0.7,1,7,0.78167,0.06792,0.49777,0.49929,0.18943
151,"Over time, Most doctors",euc_ctx,0.9,1,9,0.95429,0.12554,0.56617,0.56592,0.13396
151,"Over time, Most doctors",euc_ctx,0.99,1,11,0.99133,0.23918,0.7291,0.72573,0.022
151,"Over time, Most doctors",cau_ctx,0.3,0,,,,,,
151,"Over time, Most doctors",cau_ctx,0.5,0,,,,,,
151,"Over time, Most doctors",cau_ctx,0.7,0,,,,,,
151,"Over time, Most doctors",cau_ctx,0.9,0,,,,,,
151,"Over time, Most doctors",cau_ctx,0.99,0,,,,,,
151,"Over time, Most doctors",dua_ctx,0.3,1,9,0.34495,0.17518,0.16361,0.16732,0.01351
151,"Over time, Most doctors",dua_ctx,0.5,1,11,0.516,0.17938,0.2355,0.23802,0.01545
151,"Over time, Most doctors",dua_ctx,0.7,1,14,0.74838,0.19741,0.36819,0.36789,0.01758
151,"Over time, Most doctors",dua_ctx,0.9,1,17,0.90344,0.22807,0.54104,0.53688,0.02015
151,"Over time, Most doctors",dua_ctx,0.99,1,22,0.99083,0.30238,0.96126,0.94852,0.02909
151,"Over time, Most doctors",euc_unemb,0.3,1,1,0.35316,0.05859,0.47868,0.48367,0.20822
151,"Over time, Most doctors",euc_unemb,0.5,1,2,0.98168,0.1584,1.26744,1.26752,0.22781
151,"Over time, Most doctors",euc_unemb,0.7,1,2,0.98168,0.1584,1.26744,1.26752,0.22781
151,"Over time, Most doctors",euc_unemb,0.9,1,2,0.98168,0.1584,1.26744,1.26752,0.22781
151,"Over time, Most doctors",euc_unemb,0.99,1,3,0.99981,0.36841,3.17407,3.15525,0.24417
151,"Over time, Most doctors",cau_unemb,0.3,1,24,0.31421,0.06215,0.30371,0.30547,0.17164
151,"Over time, Most doctors",cau_unemb,0.5,1,29,0.52873,0.05921,0.36837,0.36972,0.17387
151,"Over time, Most doctors",cau_unemb,0.7,1,34,0.73231,0.06707,0.40795,0.40866,0.17658
151,"Over time, Most doctors",cau_unemb,0.9,1,41,0.90429,0.09792,0.44785,0.44723,0.16964
151,"Over time, Most doctors",cau_unemb,0.99,1,55,0.99089,0.23705,0.65945,0.65404,0.1503
151,"Over time, Most doctors",dua_unemb,0.3,1,2,0.86553,0.30173,0.37907,0.37891,0.04235
151,"Over time, Most doctors",dua_unemb,0.5,1,2,0.86553,0.30173,0.37907,0.37891,0.04235
151,"Over time, Most doctors",dua_unemb,0.7,1,2,0.86553,0.30173,0.37907,0.37891,0.04235
151,"Over time, Most doctors",dua_unemb,0.9,1,3,0.99065,0.4129,0.89712,0.88492,0.06553
151,"Over time, Most doctors",dua_unemb,0.99,1,3,0.99065,0.4129,0.89712,0.88492,0.06553
151,"Over time, Most doctors",euc_dmd,0.3,1,1,0.3947,0.04304,0.5141,0.51668,0.20989
151,"Over time, Most doctors",euc_dmd,0.5,1,2,0.98393,0.09885,1.0347,1.03183,0.20739
151,"Over time, Most doctors",euc_dmd,0.7,1,2,0.98393,0.09885,1.0347,1.03183,0.20739
151,"Over time, Most doctors",euc_dmd,0.9,1,2,0.98393,0.09885,1.0347,1.03183,0.20739
151,"Over time, Most doctors",euc_dmd,0.99,1,3,0.99978,0.2972,2.04077,2.02532,0.17649
151,"Over time, Most doctors",cau_dmd,0.3,1,9,0.3136,0.04842,0.40134,0.4028,0.20596
151,"Over time, Most doctors",cau_dmd,0.5,1,11,0.53834,0.04418,0.48629,0.48721,0.20858
151,"Over time, Most doctors",cau_dmd,0.7,1,13,0.74555,0.04912,0.5383,0.53847,0.20314
151,"Over time, Most doctors",cau_dmd,0.9,1,16,0.91848,0.07358,0.59493,0.59355,0.19641
151,"Over time, Most doctors",cau_dmd,0.99,1,22,0.99308,0.1914,0.84284,0.83627,0.02862
151,"Over time, Most doctors",dua_dmd,0.3,1,2,0.9329,0.33358,0.37739,0.37636,0.04889
151,"Over time, Most doctors",dua_dmd,0.5,1,2,0.9329,0.33358,0.37739,0.37636,0.04889
151,"Over time, Most doctors",dua_dmd,0.7,1,2,0.9329,0.33358,0.37739,0.37636,0.04889
151,"Over time, Most doctors",dua_dmd,0.9,1,2,0.9329,0.33358,0.37739,0.37636,0.04889
151,"Over time, Most doctors",dua_dmd,0.99,1,3,0.9981,0.44399,0.93372,0.92171,0.05738
136,"Today, Parents sometimes",euc_ctx,0.3,1,6,0.34342,0.30447,0.63223,0.64743,0.03604
136,"Today, Parents sometimes",euc_ctx,0.5,1,7,0.57694,0.30732,0.81319,0.8279,0.05043
136,"Today, Parents sometimes",euc_ctx,0.7,1,8,0.77741,0.34418,0.98414,0.99717,0.04789
136,"Today, Parents sometimes",euc_ctx,0.9,1,10,0.95536,0.46842,1.41681,1.42334,0.05493
136,"Today, Parents sometimes",euc_ctx,0.99,1,12,0.99158,0.57242,2.04081,2.038,0.05323
136,"Today, Parents sometimes",cau_ctx,0.3,0,,,,,,
136,"Today, Parents sometimes",cau_ctx,0.5,0,,,,,,
136,"Today, Parents sometimes",cau_ctx,0.7,0,,,,,,
136,"Today, Parents sometimes",cau_ctx,0.9,0,,,,,,
136,"Today, Parents sometimes",cau_ctx,0.99,0,,,,,,
136,"Today, Parents sometimes",dua_ctx,0.3,1,13,0.34365,0.46629,0.54168,0.55102,0.01535
136,"Today, Parents sometimes",dua_ctx,0.5,1,17,0.52722,0.46324,0.90104,0.90666,0.04187
136,"Today, Parents sometimes",dua_ctx,0.7,1,21,0.70038,0.46787,1.38869,1.38852,0.05643
136,"Today, Parents sometimes",dua_ctx,0.9,1,28,0.92173,0.50027,2.68394,2.66812,0.06391
136,"Today, Parents sometimes",dua_ctx,0.99,1,34,0.99127,0.55093,4.31241,4.27714,0.06496
136,"Today, Parents sometimes",euc_unemb,0.3,1,2,0.97789,0.42123,1.30614,1.31076,0.06434
136,"Today, Parents sometimes",euc_unemb,0.5,1,2,0.97789,0.42123,1.30614,1.31076,0.06434
136,"Today, Parents sometimes",euc_unemb,0.7,1,2,0.97789,0.42123,1.30614,1.31076,0.06434
136,"Today, Parents sometimes",euc_unemb,0.9,1,2,0.97789,0.42123,1.30614,1.31076,0.06434
136,"Today, Parents sometimes",euc_unemb,0.99,1,3,0.99988,0.53918,3.27965,3.25501,0.07443
136,"Today, Parents sometimes",cau_unemb,0.3,1,30,0.3262,0.25762,0.43672,0.4499,0.03035
136,"Today, Parents sometimes",cau_unemb,0.5,1,34,0.51317,0.26169,0.51154,0.52477,0.03338
136,"Today, Parents sometimes",cau_unemb,0.7,1,39,0.73532,0.29856,0.59771,0.61003,0.043
136,"Today, Parents sometimes",cau_unemb,0.9,1,46,0.91457,0.39316,0.77328,0.78234,0.05612
136,"Today, Parents sometimes",cau_unemb,0.99,1,58,0.99061,0.54257,1.36038,1.35931,0.05867
136,"Today, Parents sometimes",dua_unemb,0.3,1,2,0.90392,0.57777,0.76788,0.76904,0.05897
136,"Today, Parents sometimes",dua_unemb,0.5,1,2,0.90392,0.57777,0.76788,0.76904,0.05897
136,"Today, Parents sometimes",dua_unemb,0.7,1,2,0.90392,0.57777,0.76788,0.76904,0.05897
136,"Today, Parents sometimes",dua_unemb,0.9,1,2,0.90392,0.57777,0.76788,0.76904,0.05897
136,"Today, Parents sometimes",dua_unemb,0.99,1,3,0.99713,0.61357,2.03155,2.01532,0.06739
136,"Today, Parents sometimes",euc_dmd,0.3,1,2,0.97561,0.42715,1.26718,1.27509,0.06476
136,"Today, Parents sometimes",euc_dmd,0.5,1,2,0.97561,0.42715,1.26718,1.27509,0.06476
136,"Today, Parents sometimes",euc_dmd,0.7,1,2,0.97561,0.42715,1.26718,1.27509,0.06476
136,"Today, Parents sometimes",euc_dmd,0.9,1,2,0.97561,0.42715,1.26718,1.27509,0.06476
136,"Today, Parents sometimes",euc_dmd,0.99,1,3,0.9998,0.59784,3.0267,3.00907,0.06467
136,"Today, Parents sometimes",cau_dmd,0.3,1,13,0.38379,0.23777,0.6421,0.65683,0.03277
136,"Today, Parents sometimes",cau_dmd,0.5,1,15,0.6049,0.25095,0.76409,0.77857,0.04996
136,"Today, Parents sometimes",cau_dmd,0.7,1,16,0.70469,0.2682,0.82593,0.83991,0.12227
136,"Today, Parents sometimes",cau_dmd,0.9,1,20,0.93112,0.37867,1.17758,1.18693,0.17152
136,"Today, Parents sometimes",cau_dmd,0.99,1,25,0.99081,0.48534,1.95595,1.95461,0.17978
136,"Today, Parents sometimes",dua_dmd,0.3,1,2,0.92751,0.58408,0.87657,0.87876,0.0574
136,"Today, Parents sometimes",dua_dmd,0.5,1,2,0.92751,0.58408,0.87657,0.87876,0.0574
136,"Today, Parents sometimes",dua_dmd,0.7,1,2,0.92751,0.58408,0.87657,0.87876,0.0574
136,"Today, Parents sometimes",dua_dmd,0.9,1,2,0.92751,0.58408,0.87657,0.87876,0.0574
136,"Today, Parents sometimes",dua_dmd,0.99,1,3,0.9977,0.64027,2.04896,2.03961,0.05911
26,"At work, Many people still",euc_ctx,0.3,1,6,0.38828,0.24638,0.70219,0.71467,0.09474
26,"At work, Many people still",euc_ctx,0.5,1,7,0.61928,0.25366,0.84287,0.85485,0.09606
26,"At work, Many people still",euc_ctx,0.7,1,8,0.80484,0.29473,0.94982,0.96045,0.09986
26,"At work, Many people still",euc_ctx,0.9,1,9,0.9117,0.36145,1.06276,1.07118,0.10719
26,"At work, Many people still",euc_ctx,0.99,1,12,0.99325,0.5806,1.67893,1.67629,0.10685
26,"At work, Many people still",cau_ctx,0.3,0,,,,,,
26,"At work, Many people still",cau_ctx,0.5,0,,,,,,
26,"At work, Many people still",cau_ctx,0.7,0,,,,,,
26,"At work, Many people still",cau_ctx,0.9,0,,,,,,
26,"At work, Many people still",cau_ctx,0.99,0,,,,,,
26,"At work, Many people still",dua_ctx,0.3,1,12,0.34052,0.4638,0.42712,0.43545,0.03356
26,"At work, Many people still",dua_ctx,0.5,1,15,0.50042,0.46024,0.65026,0.65662,0.04914
26,"At work, Many people still",dua_ctx,0.7,1,19,0.70761,0.4635,1.03235,1.03443,0.0488
26,"At work, Many people still",dua_ctx,0.9,1,24,0.90143,0.4899,1.68347,1.67747,0.09937
26,"At work, Many people still",dua_ctx,0.99,1,32,0.99294,0.58468,3.30103,3.27471,0.11504
26,"At work, Many people still",euc_unemb,0.3,1,2,0.9768,0.42826,1.27939,1.28332,0.08718
26,"At work, Many people still",euc_unemb,0.5,1,2,0.9768,0.42826,1.27939,1.28332,0.08718
26,"At work, Many people still",euc_unemb,0.7,1,2,0.9768,0.42826,1.27939,1.28332,0.08718
26,"At work, Many people still",euc_unemb,0.9,1,2,0.9768,0.42826,1.27939,1.28332,0.08718
26,"At work, Many people still",euc_unemb,0.99,1,3,0.99985,0.62277,3.06118,3.03822,0.09478
26,"At work, Many people still",cau_unemb,0.3,1,30,0.32997,0.25946,0.46072,0.47159,0.07718
26,"At work, Many people still",cau_unemb,0.5,1,34,0.50731,0.26297,0.53287,0.54364,0.08845
26,"At work, Many people still",cau_unemb,0.7,1,39,0.72099,0.29871,0.60759,0.61743,0.09105
26,"At work, Many people still",cau_unemb,0.9,1,46,0.90319,0.39758,0.74387,0.75075,0.0823
26,"At work, Many people still",cau_unemb,0.99,1,59,0.99004,0.59617,1.27946,1.27613,0.08099
26,"At work, Many people still",dua_unemb,0.3,1,2,0.89435,0.5896,0.62091,0.62093,0.05199
26,"At work, Many people still",dua_unemb,0.5,1,2,0.89435,0.5896,0.62091,0.62093,0.05199
26,"At work, Many people still",dua_unemb,0.7,1,2,0.89435,0.5896,0.62091,0.62093,0.05199
26,"At work, Many people still",dua_unemb,0.9,1,3,0.99662,0.64461,1.72273,1.70742,0.06007
26,"At work, Many people still",dua_unemb,0.99,1,3,0.99662,0.64461,1.72273,1.70742,0.06007
26,"At work, Many people still",euc_dmd,0.3,1,2,0.97123,0.32256,1.32031,1.3256,0.09965
26,"At work, Many people still",euc_dmd,0.5,1,2,0.97123,0.32256,1.32031,1.3256,0.09965
26,"At work, Many people still",euc_dmd,0.7,1,2,0.97123,0.32256,1.32031,1.3256,0.09965
26,"At work, Many people still",euc_dmd,0.9,1,2,0.97123,0.32256,1.32031,1.3256,0.09965
26,"At work, Many people still",euc_dmd,0.99,1,3,0.99974,0.5852,2.65294,2.63679,0.10841
26,"At work, Many people still",cau_dmd,0.3,1,13,0.36805,0.21405,0.74123,0.75252,0.1136
26,"At work, Many people still",cau_dmd,0.5,1,15,0.57413,0.21608,0.86129,0.87205,0.1151
26,"At work, Many people still",cau_dmd,0.7,1,17,0.75527,0.2414,0.97185,0.98134,0.10625
26,"At work, Many people still",cau_dmd,0.9,1,20,0.91287,0.31017,1.18209,1.18823,0.09685
26,"At work, Many people still",cau_dmd,0.99,1,26,0.99123,0.44337,1.91172,1.90654,0.0985
26,"At work, Many people still",dua_dmd,0.3,1,2,0.92842,0.59397,0.73688,0.73661,0.05092
26,"At work, Many people still",dua_dmd,0.5,1,2,0.92842,0.59397,0.73688,0.73661,0.05092
26,"At work, Many people still",dua_dmd,0.7,1,2,0.92842,0.59397,0.73688,0.73661,0.05092
26,"At work, Many people still",dua_dmd,0.9,1,2,0.92842,0.59397,0.73688,0.73661,0.05092
26,"At work, Many people still",dua_dmd,0.99,1,3,0.99809,0.65867,1.8466,1.83461,0.0541
87,They rarely,euc_ctx,0.3,1,6,0.48375,0.18414,0.7196,0.72843,0.12525
87,They rarely,euc_ctx,0.5,1,7,0.69548,0.20229,0.8402,0.8483,0.12229
87,They rarely,euc_ctx,0.7,1,8,0.84513,0.24632,0.94449,0.95119,0.10685
87,They rarely,euc_ctx,0.9,1,9,0.92726,0.3102,1.06837,1.07296,0.09404
87,They rarely,euc_ctx,0.99,1,12,0.99291,0.51844,1.73729,1.73154,0.08134
87,They rarely,cau_ctx,0.3,0,,,,,,
87,They rarely,cau_ctx,0.5,0,,,,,,
87,They rarely,cau_ctx,0.7,0,,,,,,
87,They rarely,cau_ctx,0.9,0,,,,,,
87,They rarely,cau_ctx,0.99,0,,,,,,
87,They rarely,dua_ctx,0.3,1,11,0.33888,0.37569,0.35604,0.36418,0.02602
87,They rarely,dua_ctx,0.5,1,14,0.50973,0.37669,0.56018,0.56649,0.02832
87,They rarely,dua_ctx,0.7,1,18,0.72006,0.3911,0.91656,0.91855,0.08744
87,They rarely,dua_ctx,0.9,1,24,0.91792,0.44656,1.69755,1.68929,0.09401
87,They rarely,dua_ctx,0.99,1,33,0.99229,0.57524,3.55552,3.524,0.1003
87,They rarely,euc_unemb,0.3,1,1,0.31345,0.16602,0.58985,0.60099,0.12646
87,They rarely,euc_unemb,0.5,1,2,0.98426,0.31911,1.57791,1.58084,0.11044
87,They rarely,euc_unemb,0.7,1,2,0.98426,0.31911,1.57791,1.58084,0.11044
87,They rarely,euc_unemb,0.9,1,2,0.98426,0.31911,1.57791,1.58084,0.11044
87,They rarely,euc_unemb,0.99,1,3,0.99988,0.41184,3.72147,3.69877,0.11254
87,They rarely,cau_unemb,0.3,1,26,0.30247,0.19974,0.41842,0.42734,0.12055
87,They rarely,cau_unemb,0.5,1,31,0.52122,0.19838,0.52589,0.5348,0.11982
87,They rarely,cau_unemb,0.7,1,36,0.73116,0.2247,0.62823,0.63634,0.10751
87,They rarely,cau_unemb,0.9,1,43,0.90661,0.29997,0.81501,0.82053,0.08986
87,They rarely,cau_unemb,0.99,1,56,0.99007,0.45295,1.45255,1.44875,0.08924
87,They rarely,dua_unemb,0.3,1,2,0.93457,0.51089,0.85339,0.85337,0.10316
87,They rarely,dua_unemb,0.5,1,2,0.93457,0.51089,0.85339,0.85337,0.10316
87,They rarely,dua_unemb,0.7,1,2,0.93457,0.51089,0.85339,0.85337,0.10316
87,They rarely,dua_unemb,0.9,1,2,0.93457,0.51089,0.85339,0.85337,0.10316
87,They rarely,dua_unemb,0.99,1,3,0.99899,0.57348,2.25359,2.23721,0.10638
87,They rarely,euc_dmd,0.3,1,1,0.31652,0.14123,0.70923,0.71825,0.12893
87,They rarely,euc_dmd,0.5,1,2,0.98123,0.26857,1.59953,1.60061,0.11616
87,They rarely,euc_dmd,0.7,1,2,0.98123,0.26857,1.59953,1.60061,0.11616
87,They rarely,euc_dmd,0.9,1,2,0.98123,0.26857,1.59953,1.60061,0.11616
87,They rarely,euc_dmd,0.99,1,3,0.99978,0.47922,3.19895,3.1792,0.11549
87,They rarely,cau_dmd,0.3,1,11,0.32147,0.1656,0.64065,0.64823,0.12495
87,They rarely,cau_dmd,0.5,1,13,0.52693,0.15966,0.79928,0.80624,0.11895
87,They rarely,cau_dmd,0.7,1,15,0.7208,0.17291,0.95976,0.96542,0.10906
87,They rarely,cau_dmd,0.9,1,19,0.92999,0.2385,1.36478,1.36562,0.10022
87,They rarely,cau_dmd,0.99,1,25,0.9929,0.33394,2.30566,2.2944,0.09812
87,They rarely,dua_dmd,0.3,1,2,0.94555,0.5062,0.8879,0.88743,0.09912
87,They rarely,dua_dmd,0.5,1,2,0.94555,0.5062,0.8879,0.88743,0.09912
87,They rarely,dua_dmd,0.7,1,2,0.94555,0.5062,0.8879,0.88743,0.09912
87,They rarely,dua_dmd,0.9,1,2,0.94555,0.5062,0.8879,0.88743,0.09912
87,They rarely,dua_dmd,0.99,1,3,0.99817,0.57355,2.08648,2.07423,0.0964
31,Our customers always,euc_ctx,0.3,1,6,0.50016,0.3138,0.71009,0.7203,0.13887
31,Our customers always,euc_ctx,0.5,1,6,0.50016,0.3138,0.71009,0.7203,0.13887
31,Our customers always,euc_ctx,0.7,1,7,0.734,0.34211,0.80641,0.81498,0.13948
31,Our customers always,euc_ctx,0.9,1,9,0.95286,0.49547,0.95953,0.9617,0.03287
31,Our customers always,euc_ctx,0.99,1,11,0.99281,0.64979,1.28398,1.2765,0.02203
31,Our customers always,cau_ctx,0.3,0,,,,,,
31,Our customers always,cau_ctx,0.5,0,,,,,,
31,Our customers always,cau_ctx,0.7,0,,,,,,
31,Our customers always,cau_ctx,0.9,0,,,,,,
31,Our customers always,cau_ctx,0.99,0,,,,,,
31,Our customers always,dua_ctx,0.3,1,12,0.348,0.55723,0.38115,0.38687,0.01708
31,Our customers always,dua_ctx,0.5,1,15,0.5002,0.5469,0.58741,0.58985,0.02055
31,Our customers always,dua_ctx,0.7,1,19,0.70507,0.54065,0.93678,0.93294,0.03092
31,Our customers always,dua_ctx,0.9,1,24,0.90818,0.55986,1.50694,1.49213,0.03321
31,Our customers always,dua_ctx,0.99,1,30,0.99204,0.63702,2.45979,2.42614,0.1406
31,Our customers always,euc_unemb,0.3,1,2,0.98283,0.47865,1.21592,1.21345,0.18399
31,Our customers always,euc_unemb,0.5,1,2,0.98283,0.47865,1.21592,1.21345,0.18399
31,Our customers always,euc_unemb,0.7,1,2,0.98283,0.47865,1.21592,1.21345,0.18399
31,Our customers always,euc_unemb,0.9,1,2,0.98283,0.47865,1.21592,1.21345,0.18399
31,Our customers always,euc_unemb,0.99,1,3,0.99991,0.5069,2.90991,2.87455,0.19207
31,Our customers always,cau_unemb,0.3,1,28,0.33678,0.3573,0.38987,0.40105,0.06178
31,Our customers always,cau_unemb,0.5,1,32,0.52611,0.36428,0.43633,0.44722,0.06157
31,Our customers always,cau_unemb,0.7,1,36,0.70755,0.39986,0.46501,0.47482,0.0535
31,Our customers always,cau_unemb,0.9,1,43,0.90366,0.50967,0.54011,0.54607,0.03335
31,Our customers always,cau_unemb,0.99,1,56,0.99122,0.68795,0.95401,0.94758,0.02371
31,Our customers always,dua_unemb,0.3,1,2,0.89924,0.63987,0.6625,0.66024,0.06199
31,Our customers always,dua_unemb,0.5,1,2,0.89924,0.63987,0.6625,0.66024,0.06199
31,Our customers always,dua_unemb,0.7,1,2,0.89924,0.63987,0.6625,0.66024,0.06199
31,Our customers always,dua_unemb,0.9,1,3,0.99462,0.67218,1.60639,1.58288,0.0779
31,Our customers always,dua_unemb,0.99,1,3,0.99462,0.67218,1.60639,1.58288,0.0779
31,Our customers always,euc_dmd,0.3,1,2,0.98542,0.42707,1.16412,1.16427,0.17523
31,Our customers always,euc_dmd,0.5,1,2,0.98542,0.42707,1.16412,1.16427,0.17523
31,Our customers always,euc_dmd,0.7,1,2,0.98542,0.42707,1.16412,1.16427,0.17523
31,Our customers always,euc_dmd,0.9,1,2,0.98542,0.42707,1.16412,1.16427,0.17523
31,Our customers always,euc_dmd,0.99,1,3,0.9999,0.59332,2.35307,2.32638,0.20294
31,Our customers always,cau_dmd,0.3,1,11,0.338,0.26609,0.66943,0.68159,0.19436
31,Our customers always,cau_dmd,0.5,1,13,0.57304,0.2628,0.78527,0.79691,0.19914
31,Our customers always,cau_dmd,0.7,1,15,0.77607,0.29637,0.85663,0.86678,0.22161
31,Our customers always,cau_dmd,0.9,1,18,0.93282,0.39202,0.97367,0.97978,0.20934
31,Our customers always,cau_dmd,0.99,1,23,0.99225,0.54605,1.40025,1.39563,0.19826
31,Our customers always,dua_dmd,0.3,1,2,0.95341,0.67977,0.71041,0.70781,0.04746
31,Our customers always,dua_dmd,0.5,1,2,0.95341,0.67977,0.71041,0.70781,0.04746
31,Our customers always,dua_dmd,0.7,1,2,0.95341,0.67977,0.71041,0.70781,0.04746
31,Our customers always,dua_dmd,0.9,1,2,0.95341,0.67977,0.71041,0.70781,0.04746
31,Our customers always,dua_dmd,0.99,1,3,0.99915,0.72677,1.65758,1.63646,0.02361
29,"Every day, We now",euc_ctx,0.3,1,7,0.49053,0.42417,0.55287,0.56867,0.01806
29,"Every day, We now",euc_ctx,0.5,1,8,0.70248,0.44861,0.63501,0.64967,0.03383
29,"Every day, We now",euc_ctx,0.7,1,8,0.70248,0.44861,0.63501,0.64967,0.03383
29,"Every day, We now",euc_ctx,0.9,1,10,0.93199,0.56699,0.79898,0.8082,0.04084
29,"Every day, We now",euc_ctx,0.99,1,13,0.99413,0.71308,1.24322,1.23935,0.05074
29,"Every day, We now",cau_ctx,0.3,0,,,,,,
29,"Every day, We now",cau_ctx,0.5,0,,,,,,
29,"Every day, We now",cau_ctx,0.7,0,,,,,,
29,"Every day, We now",cau_ctx,0.9,0,,,,,,
29,"Every day, We now",cau_ctx,0.99,0,,,,,,
29,"Every day, We now",dua_ctx,0.3,1,14,0.32083,0.62739,0.39723,0.4065,0.00991
29,"Every day, We now",dua_ctx,0.5,1,19,0.52039,0.62265,0.69271,0.69705,0.01182
29,"Every day, We now",dua_ctx,0.7,1,24,0.71699,0.6262,1.07477,1.07153,0.01594
29,"Every day, We now",dua_ctx,0.9,1,30,0.91017,0.6461,1.65572,1.64019,0.0193
29,"Every day, We now",dua_ctx,0.99,1,36,0.99179,0.6943,2.44486,2.41243,0.04452
29,"Every day, We now",euc_unemb,0.3,1,2,0.93718,0.39064,1.27746,1.28868,0.02932
29,"Every day, We now",euc_unemb,0.5,1,2,0.93718,0.39064,1.27746,1.28868,0.02932
29,"Every day, We now",euc_unemb,0.7,1,2,0.93718,0.39064,1.27746,1.28868,0.02932
29,"Every day, We now",euc_unemb,0.9,1,2,0.93718,0.39064,1.27746,1.28868,0.02932
29,"Every day, We now",euc_unemb,0.99,1,3,0.99944,0.45749,2.77794,2.76321,0.37659
29,"Every day, We now",cau_unemb,0.3,1,32,0.3276,0.37905,0.44043,0.45489,0.03324
29,"Every day, We now",cau_unemb,0.5,1,37,0.54158,0.37756,0.50239,0.51662,0.04178
29,"Every day, We now",cau_unemb,0.7,1,41,0.70498,0.40144,0.5343,0.5476,0.04343
29,"Every day, We now",cau_unemb,0.9,1,49,0.9062,0.49248,0.617,0.62647,0.05099
29,"Every day, We now",cau_unemb,0.99,1,63,0.99073,0.6363,0.96747,0.9656,0.0478
29,"Every day, We now",dua_unemb,0.3,1,2,0.7524,0.59062,0.50932,0.51484,0.02107
29,"Every day, We now",dua_unemb,0.5,1,2,0.7524,0.59062,0.50932,0.51484,0.02107
29,"Every day, We now",dua_unemb,0.7,1,2,0.7524,0.59062,0.50932,0.51484,0.02107
29,"Every day, We now",dua_unemb,0.9,1,3,0.9683,0.62776,1.17757,1.1688,0.02542
29,"Every day, We now",dua_unemb,0.99,1,4,0.99905,0.65022,2.07757,2.04646,0.02633
29,"Every day, We now",euc_dmd,0.3,1,2,0.94129,0.41576,0.9669,0.97919,0.05053
29,"Every day, We now",euc_dmd,0.5,1,2,0.94129,0.41576,0.9669,0.97919,0.05053
29,"Every day, We now",euc_dmd,0.7,1,2,0.94129,0.41576,0.9669,0.97919,0.05053
29,"Every day, We now",euc_dmd,0.9,1,2,0.94129,0.41576,0.9669,0.97919,0.05053
29,"Every day, We now",euc_dmd,0.99,1,3,0.99924,0.55728,1.91584,1.90646,0.05694
29,"Every day, We now",cau_dmd,0.3,1,13,0.39793,0.3569,0.56579,0.58138,0.05167
29,"Every day, We now",cau_dmd,0.5,1,14,0.50618,0.36149,0.58595,0.60145,0.05551
29,"Every day, We now",cau_dmd,0.7,1,16,0.70856,0.39806,0.61693,0.63151,0.05691
29,"Every day, We now",cau_dmd,0.9,1,20,0.92837,0.53602,0.75655,0.76622,0.06229
29,"Every day, We now",cau_dmd,0.99,1,26,0.99297,0.69204,1.27346,1.27032,0.06185
29,"Every day, We now",dua_dmd,0.3,1,2,0.85464,0.64038,0.50685,0.51169,0.02516
29,"Every day, We now",dua_dmd,0.5,1,2,0.85464,0.64038,0.50685,0.51169,0.02516
29,"Every day, We now",dua_dmd,0.7,1,2,0.85464,0.64038,0.50685,0.51169,0.02516
29,"Every day, We now",dua_dmd,0.9,1,3,0.99446,0.70346,1.18022,1.17257,0.0268
29,"Every day, We now",dua_dmd,0.99,1,3,0.99446,0.70346,1.18022,1.17257,0.0268
280,"In this case, I generally",euc_ctx,0.3,1,7,0.46658,0.1344,1.22324,1.23328,0.15777
280,"In this case, I generally",euc_ctx,0.5,1,8,0.68734,0.14977,1.43295,1.44188,0.15483
280,"In this case, I generally",euc_ctx,0.7,1,9,0.84337,0.18863,1.61791,1.62509,0.15271
280,"In this case, I generally",euc_ctx,0.9,1,10,0.92777,0.2481,1.81641,1.82117,0.15446
280,"In this case, I generally",euc_ctx,0.99,1,13,0.99341,0.46738,2.72196,2.71523,0.1542
280,"In this case, I generally",cau_ctx,0.3,0,,,,,,
280,"In this case, I generally",cau_ctx,0.5,0,,,,,,
280,"In this case, I generally",cau_ctx,0.7,0,,,,,,
280,"In this case, I generally",cau_ctx,0.9,0,,,,,,
280,"In this case, I generally",cau_ctx,0.99,0,,,,,,
280,"In this case, I generally",dua_ctx,0.3,1,12,0.33406,0.32214,0.45599,0.46391,0.08787
280,"In this case, I generally",dua_ctx,0.5,1,15,0.51671,0.32212,0.7078,0.71329,0.1045
280,"In this case, I generally",dua_ctx,0.7,1,19,0.74217,0.33447,1.1693,1.1697,0.14298
280,"In this case, I generally",dua_ctx,0.9,1,24,0.92245,0.37815,2.05295,2.04392,0.16293
280,"In this case, I generally",dua_ctx,0.99,1,31,0.99078,0.47759,3.99548,3.96716,0.1696
280,"In this case, I generally",euc_unemb,0.3,1,2,0.95367,0.18702,1.50534,1.51061,0.13711
280,"In this case, I generally",euc_unemb,0.5,1,2,0.95367,0.18702,1.50534,1.51061,0.13711
280,"In this case, I generally",euc_unemb,0.7,1,2,0.95367,0.18702,1.50534,1.51061,0.13711
280,"In this case, I generally",euc_unemb,0.9,1,2,0.95367,0.18702,1.50534,1.51061,0.13711
280,"In this case, I generally",euc_unemb,0.99,1,3,0.99971,0.29671,3.63686,3.6152,0.14981
280,"In this case, I generally",cau_unemb,0.3,1,33,0.33281,0.14171,0.69438,0.70434,0.12578
280,"In this case, I generally",cau_unemb,0.5,1,37,0.51613,0.14125,0.8245,0.83401,0.13804
280,"In this case, I generally",cau_unemb,0.7,1,42,0.73273,0.16008,0.98299,0.99121,0.14155
280,"In this case, I generally",cau_unemb,0.9,1,49,0.91038,0.21741,1.23579,1.24074,0.14166
280,"In this case, I generally",cau_unemb,0.99,1,62,0.99111,0.34524,1.97025,1.96477,0.13975
280,"In this case, I generally",dua_unemb,0.3,1,2,0.87693,0.44914,0.71521,0.71681,0.12508
280,"In this case, I generally",dua_unemb,0.5,1,2,0.87693,0.44914,0.71521,0.71681,0.12508
280,"In this case, I generally",dua_unemb,0.7,1,2,0.87693,0.44914,0.71521,0.71681,0.12508
280,"In this case, I generally",dua_unemb,0.9,1,3,0.99472,0.51524,1.95732,1.94344,0.13972
280,"In this case, I generally",dua_unemb,0.99,1,3,0.99472,0.51524,1.95732,1.94344,0.13972
280,"In this case, I generally",euc_dmd,0.3,1,2,0.95319,0.1298,1.9929,1.99687,0.15409
280,"In this case, I generally",euc_dmd,0.5,1,2,0.95319,0.1298,1.9929,1.99687,0.15409
280,"In this case, I generally",euc_dmd,0.7,1,2,0.95319,0.1298,1.9929,1.99687,0.15409
280,"In this case, I generally",euc_dmd,0.9,1,2,0.95319,0.1298,1.9929,1.99687,0.15409
280,"In this case, I generally",euc_dmd,0.99,1,3,0.99956,0.31443,3.611,3.59513,0.1487
280,"In this case, I generally",cau_dmd,0.3,1,14,0.39028,0.08554,1.43053,1.43801,0.14949
280,"In this case, I generally",cau_dmd,0.5,1,16,0.60838,0.07451,1.82718,1.83211,0.15173
280,"In this case, I generally",cau_dmd,0.7,1,17,0.70629,0.07221,2.03575,2.03903,0.15171
280,"In this case, I generally",cau_dmd,0.9,1,21,0.92984,0.07267,2.93037,2.92509,0.14864
280,"In this case, I generally",cau_dmd,0.99,1,26,0.9904,0.07526,4.16324,4.14452,0.14777
280,"In this case, I generally",dua_dmd,0.3,1,2,0.92077,0.45782,0.88545,0.88694,0.12577
280,"In this case, I generally",dua_dmd,0.5,1,2,0.92077,0.45782,0.88545,0.88694,0.12577
280,"In this case, I generally",dua_dmd,0.7,1,2,0.92077,0.45782,0.88545,0.88694,0.12577
280,"In this case, I generally",dua_dmd,0.9,1,2,0.92077,0.45782,0.88545,0.88694,0.12577
280,"In this case, I generally",dua_dmd,0.99,1,3,0.99735,0.51749,2.29035,2.27973,0.13759
209,"At home, We always",euc_ctx,0.3,1,7,0.41337,0.08703,0.99125,0.99426,0.16961
209,"At home, We always",euc_ctx,0.5,1,8,0.63184,0.09336,1.04039,1.04235,0.16907
209,"At home, We always",euc_ctx,0.7,1,9,0.8033,0.11716,1.02155,1.02218,0.16556
209,"At home, We always",euc_ctx,0.9,1,10,0.90464,0.16047,0.97976,0.97868,0.14715
209,"At home, We always",euc_ctx,0.99,1,13,0.99044,0.4001,1.04855,1.03925,0.10567
209,"At home, We always",cau_ctx,0.3,0,,,,,,
209,"At home, We always",cau_ctx,0.5,0,,,,,,
209,"At home, We always",cau_ctx,0.7,0,,,,,,
209,"At home, We always",cau_ctx,0.9,0,,,,,,
209,"At home, We always",cau_ctx,0.99,0,,,,,,
209,"At home, We always",dua_ctx,0.3,1,12,0.35303,0.34477,0.34397,0.34715,0.09522
209,"At home, We always",dua_ctx,0.5,1,15,0.56315,0.34597,0.50273,0.50244,0.09644
209,"At home, We always",dua_ctx,0.7,1,18,0.75045,0.3602,0.68964,0.68466,0.09906
209,"At home, We always",dua_ctx,0.9,1,22,0.9108,0.40237,0.99924,0.98609,0.02384
209,"At home, We always",dua_ctx,0.99,1,30,0.99133,0.53706,1.90018,1.86461,0.02102
209,"At home, We always",euc_unemb,0.3,1,2,0.9537,0.13475,1.35841,1.36012,0.1464
209,"At home, We always",euc_unemb,0.5,1,2,0.9537,0.13475,1.35841,1.36012,0.1464
209,"At home, We always",euc_unemb,0.7,1,2,0.9537,0.13475,1.35841,1.36012,0.1464
209,"At home, We always",euc_unemb,0.9,1,2,0.9537,0.13475,1.35841,1.36012,0.1464
209,"At home, We always",euc_unemb,0.99,1,3,0.99969,0.46191,2.25698,2.24016,0.16914
209,"At home, We always",cau_unemb,0.3,1,33,0.30886,0.1102,0.68996,0.6963,0.1625
209,"At home, We always",cau_unemb,0.5,1,38,0.52936,0.11084,0.74843,0.75439,0.16122
209,"At home, We always",cau_unemb,0.7,1,42,0.70068,0.12624,0.75501,0.76037,0.15924
209,"At home, We always",cau_unemb,0.9,1,50,0.90898,0.20244,0.7325,0.73576,0.14755
209,"At home, We always",cau_unemb,0.99,1,63,0.99019,0.42718,0.89997,0.89606,0.04463
209,"At home, We always",dua_unemb,0.3,1,2,0.84314,0.51692,0.43707,0.439,0.10708
209,"At home, We always",dua_unemb,0.5,1,2,0.84314,0.51692,0.43707,0.439,0.10708
209,"At home, We always",dua_unemb,0.7,1,2,0.84314,0.51692,0.43707,0.439,0.10708
209,"At home, We always",dua_unemb,0.9,1,3,0.9964,0.63492,1.22648,1.21265,0.15085
209,"At home, We always",dua_unemb,0.99,1,3,0.9964,0.63492,1.22648,1.21265,0.15085
209,"At home, We always",euc_dmd,0.3,1,2,0.93986,0.08136,1.50483,1.50243,0.16998
209,"At home, We always",euc_dmd,0.5,1,2,0.93986,0.08136,1.50483,1.50243,0.16998
209,"At home, We always",euc_dmd,0.7,1,2,0.93986,0.08136,1.50483,1.50243,0.16998
209,"At home, We always",euc_dmd,0.9,1,2,0.93986,0.08136,1.50483,1.50243,0.16998
209,"At home, We always",euc_dmd,0.99,1,3,0.99929,0.34008,1.85744,1.84086,0.15866
209,"At home, We always",cau_dmd,0.3,1,14,0.33449,0.07379,1.05113,1.05417,0.16362
209,"At home, We always",cau_dmd,0.5,1,16,0.53932,0.07097,1.15956,1.16139,0.16127
209,"At home, We always",cau_dmd,0.7,1,18,0.72847,0.07869,1.24034,1.24056,0.15556
209,"At home, We always",cau_dmd,0.9,1,21,0.90041,0.10763,1.36194,1.35888,0.11277
209,"At home, We always",cau_dmd,0.99,1,28,0.99275,0.20901,1.94829,1.93267,0.10078
209,"At home, We always",dua_dmd,0.3,1,2,0.87962,0.52173,0.45254,0.45287,0.04493
209,"At home, We always",dua_dmd,0.5,1,2,0.87962,0.52173,0.45254,0.45287,0.04493
209,"At home, We always",dua_dmd,0.7,1,2,0.87962,0.52173,0.45254,0.45287,0.04493
209,"At home, We always",dua_dmd,0.9,1,3,0.99622,0.62922,1.1026,1.0907,0.05523
209,"At home, We always",dua_dmd,0.99,1,3,0.99622,0.62922,1.1026,1.0907,0.05523
68,"Every day, Our customers generally",euc_ctx,0.3,1,6,0.45234,0.38447,0.61763,0.63148,0.04691
68,"Every day, Our customers generally",euc_ctx,0.5,1,7,0.69621,0.40868,0.78623,0.79852,0.05568
68,"Every day, Our customers generally",euc_ctx,0.7,1,8,0.86246,0.46614,0.96485,0.97408,0.05667
68,"Every day, Our customers generally",euc_ctx,0.9,1,9,0.94406,0.53384,1.18397,1.18894,0.05425
68,"Every day, Our customers generally",euc_ctx,0.99,1,11,0.99139,0.63957,1.7618,1.75593,0.10184
68,"Every day, Our customers generally",cau_ctx,0.3,0,,,,,,
68,"Every day, Our customers generally",cau_ctx,0.5,0,,,,,,
68,"Every day, Our customers generally",cau_ctx,0.7,0,,,,,,
68,"Every day, Our customers generally",cau_ctx,0.9,0,,,,,,
68,"Every day, Our customers generally",cau_ctx,0.99,0,,,,,,
68,"Every day, Our customers generally",dua_ctx,0.3,1,11,0.30567,0.52723,0.44631,0.45504,0.02386
68,"Every day, Our customers generally",dua_ctx,0.5,1,15,0.50743,0.5195,0.80161,0.80616,0.02552
68,"Every day, Our customers generally",dua_ctx,0.7,1,20,0.74044,0.52735,1.42086,1.41662,0.03613
68,"Every day, Our customers generally",dua_ctx,0.9,1,26,0.91781,0.57068,2.49411,2.47379,0.04353
68,"Every day, Our customers generally",dua_ctx,0.99,1,32,0.99015,0.6327,3.942,3.90014,0.10471
68,"Every day, Our customers generally",euc_unemb,0.3,1,2,0.98989,0.54545,1.55202,1.55128,0.14089
68,"Every day, Our customers generally",euc_unemb,0.5,1,2,0.98989,0.54545,1.55202,1.55128,0.14089
68,"Every day, Our customers generally",euc_unemb,0.7,1,2,0.98989,0.54545,1.55202,1.55128,0.14089
68,"Every day, Our customers generally",euc_unemb,0.9,1,2,0.98989,0.54545,1.55202,1.55128,0.14089
68,"Every day, Our customers generally",euc_unemb,0.99,1,3,0.99996,0.56686,3.78821,3.75198,0.15903
68,"Every day, Our customers generally",cau_unemb,0.3,1,28,0.32265,0.33413,0.41965,0.43255,0.10667
68,"Every day, Our customers generally",cau_unemb,0.5,1,32,0.51837,0.33857,0.48856,0.50125,0.10687
68,"Every day, Our customers generally",cau_unemb,0.7,1,36,0.70796,0.37037,0.54952,0.56111,0.08948
68,"Every day, Our customers generally",cau_unemb,0.9,1,43,0.90874,0.46908,0.71126,0.71872,0.10121
68,"Every day, Our customers generally",cau_unemb,0.99,1,55,0.99093,0.61068,1.27776,1.27315,0.08637
68,"Every day, Our customers generally",dua_unemb,0.3,1,2,0.95609,0.62738,0.97051,0.96755,0.10611
68,"Every day, Our customers generally",dua_unemb,0.5,1,2,0.95609,0.62738,0.97051,0.96755,0.10611
68,"Every day, Our customers generally",dua_unemb,0.7,1,2,0.95609,0.62738,0.97051,0.96755,0.10611
68,"Every day, Our customers generally",dua_unemb,0.9,1,2,0.95609,0.62738,0.97051,0.96755,0.10611
68,"Every day, Our customers generally",dua_unemb,0.99,1,3,0.99961,0.6554,2.46658,2.4395,0.11907
68,"Every day, Our customers generally",euc_dmd,0.3,1,2,0.98651,0.53248,1.33798,1.34051,0.05038
68,"Every day, Our customers generally",euc_dmd,0.5,1,2,0.98651,0.53248,1.33798,1.34051,0.05038
68,"Every day, Our customers generally",euc_dmd,0.7,1,2,0.98651,0.53248,1.33798,1.34051,0.05038
68,"Every day, Our customers generally",euc_dmd,0.9,1,2,0.98651,0.53248,1.33798,1.34051,0.05038
68,"Every day, Our customers generally",euc_dmd,0.99,1,3,0.99993,0.60301,3.18318,3.15475,0.14323
68,"Every day, Our customers generally",cau_dmd,0.3,1,12,0.34239,0.32542,0.54791,0.56188,0.09788
68,"Every day, Our customers generally",cau_dmd,0.5,1,14,0.57056,0.33776,0.63555,0.64915,0.09722
68,"Every day, Our customers generally",cau_dmd,0.7,1,16,0.76991,0.38504,0.72879,0.74079,0.05222
68,"Every day, Our customers generally",cau_dmd,0.9,1,19,0.92881,0.48663,0.96512,0.97242,0.04421
68,"Every day, Our customers generally",cau_dmd,0.99,1,24,0.99161,0.59959,1.65788,1.65288,0.04365
68,"Every day, Our customers generally",dua_dmd,0.3,1,2,0.95458,0.61773,0.94333,0.94328,0.08785
68,"Every day, Our customers generally",dua_dmd,0.5,1,2,0.95458,0.61773,0.94333,0.94328,0.08785
68,"Every day, Our customers generally",dua_dmd,0.7,1,2,0.95458,0.61773,0.94333,0.94328,0.08785
68,"Every day, Our customers generally",dua_dmd,0.9,1,2,0.95458,0.61773,0.94333,0.94328,0.08785
68,"Every day, Our customers generally",dua_dmd,0.99,1,3,0.99905,0.66723,2.20182,2.1851,0.08851
247,"At home, Many people sometimes",euc_ctx,0.3,1,6,0.31503,0.20445,0.79558,0.80862,0.08686
247,"At home, Many people sometimes",euc_ctx,0.5,1,7,0.54637,0.20164,0.97067,0.98336,0.09386
247,"At home, Many people sometimes",euc_ctx,0.7,1,8,0.75605,0.23053,1.10045,1.112,0.09404
247,"At home, Many people sometimes",euc_ctx,0.9,1,10,0.95064,0.36047,1.38396,1.39072,0.09056
247,"At home, Many people sometimes",euc_ctx,0.99,1,12,0.99089,0.50714,1.87616,1.8751,0.09484
247,"At home, Many people sometimes",cau_ctx,0.3,0,,,,,,
247,"At home, Many people sometimes",cau_ctx,0.5,0,,,,,,
247,"At home, Many people sometimes",cau_ctx,0.7,0,,,,,,
247,"At home, Many people sometimes",cau_ctx,0.9,0,,,,,,
247,"At home, Many people sometimes",cau_ctx,0.99,0,,,,,,
247,"At home, Many people sometimes",dua_ctx,0.3,1,12,0.32031,0.41851,0.4821,0.49064,0.03153
247,"At home, Many people sometimes",dua_ctx,0.5,1,16,0.53954,0.41713,0.82821,0.83367,0.02983
247,"At home, Many people sometimes",dua_ctx,0.7,1,20,0.74526,0.42671,1.29656,1.29695,0.02743
247,"At home, Many people sometimes",dua_ctx,0.9,1,25,0.9182,0.46277,2.12471,2.11572,0.07687
247,"At home, Many people sometimes",dua_ctx,0.99,1,33,0.99278,0.55916,4.13013,4.09811,0.09265
247,"At home, Many people sometimes",euc_unemb,0.3,1,2,0.97395,0.31564,1.38363,1.39003,0.05369
247,"At home, Many people sometimes",euc_unemb,0.5,1,2,0.97395,0.31564,1.38363,1.39003,0.05369
247,"At home, Many people sometimes",euc_unemb,0.7,1,2,0.97395,0.31564,1.38363,1.39003,0.05369
247,"At home, Many people sometimes",euc_unemb,0.9,1,2,0.97395,0.31564,1.38363,1.39003,0.05369
247,"At home, Many people sometimes",euc_unemb,0.99,1,3,0.99985,0.49358,3.25616,3.23615,0.05726
247,"At home, Many people sometimes",cau_unemb,0.3,1,31,0.3234,0.20117,0.53892,0.55099,0.08606
247,"At home, Many people sometimes",cau_unemb,0.5,1,35,0.50861,0.20343,0.61349,0.62556,0.08503
247,"At home, Many people sometimes",cau_unemb,0.7,1,40,0.73025,0.23539,0.68761,0.69893,0.08939
247,"At home, Many people sometimes",cau_unemb,0.9,1,47,0.91155,0.32789,0.82602,0.83465,0.09121
247,"At home, Many people sometimes",cau_unemb,0.99,1,59,0.99,0.51046,1.34149,1.34115,0.08615
247,"At home, Many people sometimes",dua_unemb,0.3,1,2,0.91655,0.57309,0.7386,0.7381,0.04353
247,"At home, Many people sometimes",dua_unemb,0.5,1,2,0.91655,0.57309,0.7386,0.7381,0.04353
247,"At home, Many people sometimes",dua_unemb,0.7,1,2,0.91655,0.57309,0.7386,0.7381,0.04353
247,"At home, Many people sometimes",dua_unemb,0.9,1,2,0.91655,0.57309,0.7386,0.7381,0.04353
247,"At home, Many people sometimes",dua_unemb,0.99,1,3,0.99875,0.62819,2.11953,2.10288,0.04376
247,"At home, Many people sometimes",euc_dmd,0.3,1,2,0.96927,0.27693,1.43628,1.44361,0.10419
247,"At home, Many people sometimes",euc_dmd,0.5,1,2,0.96927,0.27693,1.43628,1.44361,0.10419
247,"At home, Many people sometimes",euc_dmd,0.7,1,2,0.96927,0.27693,1.43628,1.44361,0.10419
247,"At home, Many people sometimes",euc_dmd,0.9,1,2,0.96927,0.27693,1.43628,1.44361,0.10419
247,"At home, Many people sometimes",euc_dmd,0.99,1,3,0.99975,0.55024,2.92507,2.91072,0.10409
247,"At home, Many people sometimes",cau_dmd,0.3,1,13,0.32222,0.17429,0.77441,0.78651,0.09836
247,"At home, Many people sometimes",cau_dmd,0.5,1,15,0.5356,0.17434,0.90568,0.91748,0.09667
247,"At home, Many people sometimes",cau_dmd,0.7,1,17,0.73406,0.1976,1.02745,1.03821,0.09476
247,"At home, Many people sometimes",cau_dmd,0.9,1,20,0.9088,0.26715,1.26012,1.26777,0.09037
247,"At home, Many people sometimes",cau_dmd,0.99,1,26,0.99168,0.41386,2.09387,2.09,0.08903
247,"At home, Many people sometimes",dua_dmd,0.3,1,2,0.93575,0.578,0.82474,0.82432,0.08719
247,"At home, Many people sometimes",dua_dmd,0.5,1,2,0.93575,0.578,0.82474,0.82432,0.08719
247,"At home, Many people sometimes",dua_dmd,0.7,1,2,0.93575,0.578,0.82474,0.82432,0.08719
247,"At home, Many people sometimes",dua_dmd,0.9,1,2,0.93575,0.578,0.82474,0.82432,0.08719
247,"At home, Many people sometimes",dua_dmd,0.99,1,3,0.99842,0.64479,2.04334,2.03217,0.0883
122,"In this case, These kids",euc_ctx,0.3,1,5,0.33908,0.0661,0.43395,0.43849,0.05052
122,"In this case, These kids",euc_ctx,0.5,1,6,0.53084,0.06632,0.58612,0.59049,0.26817
122,"In this case, These kids",euc_ctx,0.7,1,7,0.71209,0.07536,0.74531,0.7492,0.29884
122,"In this case, These kids",euc_ctx,0.9,1,9,0.9195,0.12337,1.10904,1.11095,0.32079
122,"In this case, These kids",euc_ctx,0.99,1,12,0.99022,0.26633,1.89489,1.89093,0.33716
122,"In this case, These kids",cau_ctx,0.3,0,,,,,,
122,"In this case, These kids",cau_ctx,0.5,0,,,,,,
122,"In this case, These kids",cau_ctx,0.7,0,,,,,,
122,"In this case, These kids",cau_ctx,0.9,0,,,,,,
122,"In this case, These kids",cau_ctx,0.99,0,,,,,,
122,"In this case, These kids",dua_ctx,0.3,1,9,0.37878,0.11075,0.11744,0.11853,0.00608
122,"In this case, These kids",dua_ctx,0.5,1,11,0.54623,0.11699,0.16847,0.16819,0.00735
122,"In this case, These kids",dua_ctx,0.7,1,14,0.753,0.13546,0.26611,0.26287,0.01512
122,"In this case, These kids",dua_ctx,0.9,1,18,0.91045,0.17213,0.44914,0.44058,0.20148
122,"In this case, These kids",dua_ctx,0.99,1,25,0.99029,0.25334,0.98813,0.96727,0.211
122,"In this case, These kids",euc_unemb,0.3,1,1,0.31743,0.05588,0.37166,0.37752,0.05858
122,"In this case, These kids",euc_unemb,0.5,1,2,0.96019,0.12574,1.2552,1.25825,0.35182
122,"In this case, These kids",euc_unemb,0.7,1,2,0.96019,0.12574,1.2552,1.25825,0.35182
122,"In this case, These kids",euc_unemb,0.9,1,2,0.96019,0.12574,1.2552,1.25825,0.35182
122,"In this case, These kids",euc_unemb,0.99,1,3,0.9992,0.34021,3.0485,3.0378,0.36255
122,"In this case, These kids",cau_unemb,0.3,1,25,0.30709,0.05899,0.3011,0.30409,0.05562
122,"In this case, These kids",cau_unemb,0.5,1,31,0.52699,0.0574,0.43578,0.43836,0.22484
122,"In this case, These kids",cau_unemb,0.7,1,36,0.70509,0.06356,0.5599,0.56178,0.23185
122,"In this case, These kids",cau_unemb,0.9,1,45,0.90334,0.09207,0.83652,0.83616,0.29872
122,"In this case, These kids",cau_unemb,0.99,1,61,0.99025,0.18116,1.62125,1.61345,0.32546
122,"In this case, These kids",dua_unemb,0.3,1,2,0.84987,0.17457,0.27398,0.27509,0.01994
122,"In this case, These kids",dua_unemb,0.5,1,2,0.84987,0.17457,0.27398,0.27509,0.01994
122,"In this case, These kids",dua_unemb,0.7,1,2,0.84987,0.17457,0.27398,0.27509,0.01994
122,"In this case, These kids",dua_unemb,0.9,1,3,0.98628,0.27949,0.65723,0.64734,0.02371
122,"In this case, These kids",dua_unemb,0.99,1,4,0.99888,0.35614,1.18405,1.15962,0.04384
122,"In this case, These kids",euc_dmd,0.3,1,1,0.3466,0.04398,0.47643,0.48041,0.05997
122,"In this case, These kids",euc_dmd,0.5,1,2,0.96311,0.08027,1.40459,1.4039,0.3662
122,"In this case, These kids",euc_dmd,0.7,1,2,0.96311,0.08027,1.40459,1.4039,0.3662
122,"In this case, These kids",euc_dmd,0.9,1,2,0.96311,0.08027,1.40459,1.4039,0.3662
122,"In this case, These kids",euc_dmd,0.99,1,3,0.99901,0.222,2.8396,2.82757,0.35049
122,"In this case, These kids",cau_dmd,0.3,1,10,0.35606,0.04862,0.56694,0.57057,0.26898
122,"In this case, These kids",cau_dmd,0.5,1,12,0.54945,0.04611,0.76557,0.76853,0.30426
122,"In this case, These kids",cau_dmd,0.7,1,14,0.72597,0.04925,0.98029,0.98218,0.32633
122,"In this case, These kids",cau_dmd,0.9,1,18,0.92235,0.06861,1.49532,1.49375,0.32822
122,"In this case, These kids",cau_dmd,0.99,1,25,0.9928,0.11381,2.80344,2.79125,0.32922
122,"In this case, These kids",dua_dmd,0.3,1,2,0.90561,0.15927,0.33104,0.32961,0.03632
122,"In this case, These kids",dua_dmd,0.5,1,2,0.90561,0.15927,0.33104,0.32961,0.03632
122,"In this case, These kids",dua_dmd,0.7,1,2,0.90561,0.15927,0.33104,0.32961,0.03632
122,"In this case, These kids",dua_dmd,0.9,1,2,0.90561,0.15927,0.33104,0.32961,0.03632
122,"In this case, These kids",dua_dmd,0.99,1,3,0.99426,0.24205,0.76071,0.74895,0.1735
9,"Usually, They also",euc_ctx,0.3,1,5,0.33164,0.13755,0.52096,0.52778,0.09508
9,"Usually, They also",euc_ctx,0.5,1,6,0.54095,0.13431,0.64044,0.64717,0.09537
9,"Usually, They also",euc_ctx,0.7,1,7,0.7338,0.15139,0.7255,0.73169,0.09473
9,"Usually, They also",euc_ctx,0.9,1,9,0.93443,0.24274,0.88694,0.89065,0.0258
9,"Usually, They also",euc_ctx,0.99,1,12,0.99299,0.45164,1.4171,1.41301,0.02523
9,"Usually, They also",cau_ctx,0.3,0,,,,,,
9,"Usually, They also",cau_ctx,0.5,0,,,,,,
9,"Usually, They also",cau_ctx,0.7,0,,,,,,
9,"Usually, They also",cau_ctx,0.9,0,,,,,,
9,"Usually, They also",cau_ctx,0.99,0,,,,,,
9,"Usually, They also",dua_ctx,0.3,1,10,0.32566,0.31323,0.28421,0.29249,0.01621
9,"Usually, They also",dua_ctx,0.5,1,13,0.51048,0.31282,0.4702,0.47717,0.01965
9,"Usually, They also",dua_ctx,0.7,1,17,0.74497,0.32564,0.7974,0.80078,0.02189
9,"Usually, They also",dua_ctx,0.9,1,21,0.90785,0.35808,1.23839,1.23631,0.02393
9,"Usually, They also",dua_ctx,0.99,1,28,0.99009,0.45373,2.37314,2.35708,0.03046
9,"Usually, They also",euc_unemb,0.3,1,1,0.33975,0.11535,0.5362,0.54361,0.09373
9,"Usually, They also",euc_unemb,0.5,1,2,0.9795,0.22955,1.30637,1.30735,0.13393
9,"Usually, They also",euc_unemb,0.7,1,2,0.9795,0.22955,1.30637,1.30735,0.13393
9,"Usually, They also",euc_unemb,0.9,1,2,0.9795,0.22955,1.30637,1.30735,0.13393
9,"Usually, They also",euc_unemb,0.99,1,3,0.99978,0.34404,3.15555,3.13474,0.14355
9,"Usually, They also",cau_unemb,0.3,1,25,0.31301,0.14942,0.35442,0.36083,0.11191
9,"Usually, They also",cau_unemb,0.5,1,30,0.51958,0.14765,0.43055,0.437,0.11281
9,"Usually, They also",cau_unemb,0.7,1,35,0.71865,0.16736,0.48481,0.49082,0.10532
9,"Usually, They also",cau_unemb,0.9,1,43,0.90897,0.24261,0.58342,0.58753,0.0311
9,"Usually, They also",cau_unemb,0.99,1,57,0.99052,0.43374,1.03185,1.02856,0.03621
9,"Usually, They also",dua_unemb,0.3,1,2,0.91048,0.44672,0.6908,0.69188,0.02919
9,"Usually, They also",dua_unemb,0.5,1,2,0.91048,0.44672,0.6908,0.69188,0.02919
9,"Usually, They also",dua_unemb,0.7,1,2,0.91048,0.44672,0.6908,0.69188,0.02919
9,"Usually, They also",dua_unemb,0.9,1,2,0.91048,0.44672,0.6908,0.69188,0.02919
9,"Usually, They also",dua_unemb,0.99,1,3,0.99634,0.51074,1.73899,1.72585,0.03075
9,"Usually, They also",euc_dmd,0.3,1,1,0.35691,0.0951,0.64258,0.64778,0.13289
9,"Usually, They also",euc_dmd,0.5,1,2,0.97829,0.18446,1.23841,1.237,0.12481
9,"Usually, They also",euc_dmd,0.7,1,2,0.97829,0.18446,1.23841,1.237,0.12481
9,"Usually, They also",euc_dmd,0.9,1,2,0.97829,0.18446,1.23841,1.237,0.12481
9,"Usually, They also",euc_dmd,0.99,1,3,0.99965,0.38934,2.42483,2.40672,0.11751
9,"Usually, They also",cau_dmd,0.3,1,10,0.31533,0.12083,0.50583,0.51123,0.11453
9,"Usually, They also",cau_dmd,0.5,1,12,0.51486,0.11584,0.60446,0.60958,0.11454
9,"Usually, They also",cau_dmd,0.7,1,14,0.70627,0.12769,0.67566,0.68011,0.09507
9,"Usually, They also",cau_dmd,0.9,1,18,0.92142,0.19903,0.82256,0.82437,0.02792
9,"Usually, They also",cau_dmd,0.99,1,24,0.99113,0.37585,1.30474,1.29877,0.0301
9,"Usually, They also",dua_dmd,0.3,1,2,0.95132,0.48875,0.7,0.69955,0.02796
9,"Usually, They also",dua_dmd,0.5,1,2,0.95132,0.48875,0.7,0.69955,0.02796
9,"Usually, They also",dua_dmd,0.7,1,2,0.95132,0.48875,0.7,0.69955,0.02796
9,"Usually, They also",dua_dmd,0.9,1,2,0.95132,0.48875,0.7,0.69955,0.02796
9,"Usually, They also",dua_dmd,0.99,1,3,0.99849,0.55998,1.67659,1.66403,0.0356
139,"Usually, You usually",euc_ctx,0.3,1,6,0.36957,0.16687,0.69472,0.70445,0.22638
139,"Usually, You usually",euc_ctx,0.5,1,7,0.59813,0.17342,0.81265,0.82201,0.23186
139,"Usually, You usually",euc_ctx,0.7,1,8,0.78814,0.20752,0.89104,0.89936,0.22873
139,"Usually, You usually",euc_ctx,0.9,1,9,0.90124,0.26594,0.97129,0.97781,0.21953
139,"Usually, You usually",euc_ctx,0.99,1,12,0.99155,0.48147,1.52706,1.52344,0.08282
139,"Usually, You usually",cau_ctx,0.3,0,,,,,,
139,"Usually, You usually",cau_ctx,0.5,0,,,,,,
139,"Usually, You usually",cau_ctx,0.7,0,,,,,,
139,"Usually, You usually",cau_ctx,0.9,0,,,,,,
139,"Usually, You usually",cau_ctx,0.99,0,,,,,,
139,"Usually, You usually",dua_ctx,0.3,1,11,0.31023,0.37546,0.29947,0.30606,0.02562
139,"Usually, You usually",dua_ctx,0.5,1,15,0.54606,0.38433,0.50829,0.51012,0.05901
139,"Usually, You usually",dua_ctx,0.7,1,18,0.70605,0.40245,0.70144,0.69826,0.0676
139,"Usually, You usually",dua_ctx,0.9,1,24,0.92292,0.46378,1.24242,1.22631,0.07998
139,"Usually, You usually",dua_ctx,0.99,1,30,0.99201,0.55023,2.19036,2.15728,0.09347
139,"Usually, You usually",euc_unemb,0.3,1,2,0.96898,0.25095,1.68156,1.6872,0.2523
139,"Usually, You usually",euc_unemb,0.5,1,2,0.96898,0.25095,1.68156,1.6872,0.2523
139,"Usually, You usually",euc_unemb,0.7,1,2,0.96898,0.25095,1.68156,1.6872,0.2523
139,"Usually, You usually",euc_unemb,0.9,1,2,0.96898,0.25095,1.68156,1.6872,0.2523
139,"Usually, You usually",euc_unemb,0.99,1,3,0.99979,0.45456,3.62785,3.60987,0.23214
139,"Usually, You usually",cau_unemb,0.3,1,30,0.33005,0.13021,0.77966,0.78681,0.23492
139,"Usually, You usually",cau_unemb,0.5,1,34,0.50792,0.12327,0.90416,0.91072,0.23816
139,"Usually, You usually",cau_unemb,0.7,1,39,0.72168,0.13257,1.02289,1.02822,0.24327
139,"Usually, You usually",cau_unemb,0.9,1,46,0.90339,0.17476,1.16704,1.16965,0.23861
139,"Usually, You usually",cau_unemb,0.99,1,60,0.99162,0.30319,1.64545,1.63889,0.19962
139,"Usually, You usually",dua_unemb,0.3,1,2,0.86352,0.47754,0.74187,0.74584,0.14433
139,"Usually, You usually",dua_unemb,0.5,1,2,0.86352,0.47754,0.74187,0.74584,0.14433
139,"Usually, You usually",dua_unemb,0.7,1,2,0.86352,0.47754,0.74187,0.74584,0.14433
139,"Usually, You usually",dua_unemb,0.9,1,3,0.99158,0.55686,1.78336,1.77068,0.17618
139,"Usually, You usually",dua_unemb,0.99,1,3,0.99158,0.55686,1.78336,1.77068,0.17618
139,"Usually, You usually",euc_dmd,0.3,1,2,0.96825,0.19255,1.61815,1.62279,0.2499
139,"Usually, You usually",euc_dmd,0.5,1,2,0.96825,0.19255,1.61815,1.62279,0.2499
139,"Usually, You usually",euc_dmd,0.7,1,2,0.96825,0.19255,1.61815,1.62279,0.2499
139,"Usually, You usually",euc_dmd,0.9,1,2,0.96825,0.19255,1.61815,1.62279,0.2499
139,"Usually, You usually",euc_dmd,0.99,1,3,0.99965,0.38858,3.06542,3.05046,0.20723
139,"Usually, You usually",cau_dmd,0.3,1,12,0.35225,0.12714,0.87885,0.8884,0.24613
139,"Usually, You usually",cau_dmd,0.5,1,14,0.5708,0.12633,1.01599,1.02509,0.24618
139,"Usually, You usually",cau_dmd,0.7,1,16,0.76116,0.14462,1.12548,1.13354,0.2384
139,"Usually, You usually",cau_dmd,0.9,1,19,0.91919,0.20045,1.31472,1.31991,0.21298
139,"Usually, You usually",cau_dmd,0.99,1,25,0.99221,0.32255,2.05451,2.04889,0.08936
139,"Usually, You usually",dua_dmd,0.3,1,2,0.91135,0.46657,0.79255,0.79551,0.14221
139,"Usually, You usually",dua_dmd,0.5,1,2,0.91135,0.46657,0.79255,0.79551,0.14221
139,"Usually, You usually",dua_dmd,0.7,1,2,0.91135,0.46657,0.79255,0.79551,0.14221
139,"Usually, You usually",dua_dmd,0.9,1,2,0.91135,0.46657,0.79255,0.79551,0.14221
139,"Usually, You usually",dua_dmd,0.99,1,3,0.99749,0.55429,1.91868,1.90833,0.1511
288,"Over time, Both of them rarely",euc_ctx,0.3,1,5,0.37263,0.10049,0.47057,0.47282,0.06353
288,"Over time, Both of them rarely",euc_ctx,0.5,1,6,0.58969,0.10169,0.55648,0.55802,0.06294
288,"Over time, Both of them rarely",euc_ctx,0.7,1,7,0.77377,0.12039,0.60985,0.61036,0.06189
288,"Over time, Both of them rarely",euc_ctx,0.9,1,9,0.94804,0.21248,0.71114,0.70844,0.04985
288,"Over time, Both of them rarely",euc_ctx,0.99,1,12,0.99477,0.44448,1.15332,1.14193,0.06771
288,"Over time, Both of them rarely",cau_ctx,0.3,0,,,,,,
288,"Over time, Both of them rarely",cau_ctx,0.5,0,,,,,,
288,"Over time, Both of them rarely",cau_ctx,0.7,0,,,,,,
288,"Over time, Both of them rarely",cau_ctx,0.9,0,,,,,,
288,"Over time, Both of them rarely",cau_ctx,0.99,0,,,,,,
288,"Over time, Both of them rarely",dua_ctx,0.3,1,9,0.33881,0.26956,0.19464,0.19913,0.02986
288,"Over time, Both of them rarely",dua_ctx,0.5,1,12,0.55436,0.27409,0.33456,0.33704,0.038
288,"Over time, Both of them rarely",dua_ctx,0.7,1,15,0.74557,0.28966,0.5177,0.51684,0.03817
288,"Over time, Both of them rarely",dua_ctx,0.9,1,19,0.90887,0.32968,0.84653,0.83921,0.04275
288,"Over time, Both of them rarely",dua_ctx,0.99,1,27,0.99091,0.45458,1.83031,1.80414,0.08576
288,"Over time, Both of them rarely",euc_unemb,0.3,1,1,0.41321,0.08032,0.57178,0.57526,0.06145
288,"Over time, Both of them rarely",euc_unemb,0.5,1,2,0.98869,0.21631,1.19894,1.19428,0.07076
288,"Over time, Both of them rarely",euc_unemb,0.7,1,2,0.98869,0.21631,1.19894,1.19428,0.07076
288,"Over time, Both of them rarely",euc_unemb,0.9,1,2,0.98869,0.21631,1.19894,1.19428,0.07076
288,"Over time, Both of them rarely",euc_unemb,0.99,1,3,0.99991,0.4319,2.84999,2.82358,0.10364
288,"Over time, Both of them rarely",cau_unemb,0.3,1,24,0.30522,0.12028,0.30708,0.31104,0.06143
288,"Over time, Both of them rarely",cau_unemb,0.5,1,29,0.51663,0.11903,0.37491,0.37868,0.06177
288,"Over time, Both of them rarely",cau_unemb,0.7,1,34,0.72171,0.1377,0.42912,0.43231,0.05817
288,"Over time, Both of them rarely",cau_unemb,0.9,1,42,0.91405,0.2124,0.53744,0.53863,0.04652
288,"Over time, Both of them rarely",cau_unemb,0.99,1,55,0.99038,0.40877,0.96985,0.9641,0.08264
288,"Over time, Both of them rarely",dua_unemb,0.3,1,2,0.95062,0.48889,0.75629,0.75439,0.08091
288,"Over time, Both of them rarely",dua_unemb,0.5,1,2,0.95062,0.48889,0.75629,0.75439,0.08091
288,"Over time, Both of them rarely",dua_unemb,0.7,1,2,0.95062,0.48889,0.75629,0.75439,0.08091
288,"Over time, Both of them rarely",dua_unemb,0.9,1,2,0.95062,0.48889,0.75629,0.75439,0.08091
288,"Over time, Both of them rarely",dua_unemb,0.99,1,3,0.99907,0.55982,1.78884,1.771,0.08716
288,"Over time, Both of them rarely",euc_dmd,0.3,1,1,0.40808,0.06536,0.66259,0.66318,0.06491
288,"Over time, Both of them rarely",euc_dmd,0.5,1,2,0.98607,0.1582,1.22654,1.21811,0.05358
288,"Over time, Both of them rarely",euc_dmd,0.7,1,2,0.98607,0.1582,1.22654,1.21811,0.05358
288,"Over time, Both of them rarely",euc_dmd,0.9,1,2,0.98607,0.1582,1.22654,1.21811,0.05358
288,"Over time, Both of them rarely",euc_dmd,0.99,1,3,0.99983,0.44933,2.28151,2.25567,0.101
288,"Over time, Both of them rarely",cau_dmd,0.3,1,11,0.39001,0.09437,0.49992,0.50139,0.06124
288,"Over time, Both of them rarely",cau_dmd,0.5,1,13,0.59267,0.0957,0.59889,0.59944,0.06169
288,"Over time, Both of them rarely",cau_dmd,0.7,1,15,0.76635,0.11081,0.69208,0.69138,0.06052
288,"Over time, Both of them rarely",cau_dmd,0.9,1,18,0.91595,0.15912,0.85325,0.84994,0.09103
288,"Over time, Both of them rarely",cau_dmd,0.99,1,24,0.99119,0.31979,1.40552,1.39373,0.07859
288,"Over time, Both of them rarely",dua_dmd,0.3,1,2,0.93962,0.45779,0.63299,0.631,0.07775
288,"Over time, Both of them rarely",dua_dmd,0.5,1,2,0.93962,0.45779,0.63299,0.631,0.07775
288,"Over time, Both of them rarely",dua_dmd,0.7,1,2,0.93962,0.45779,0.63299,0.631,0.07775
288,"Over time, Both of them rarely",dua_dmd,0.9,1,2,0.93962,0.45779,0.63299,0.631,0.07775
288,"Over time, Both of them rarely",dua_dmd,0.99,1,3,0.99732,0.53419,1.40325,1.38925,0.08585
294,"Honestly, These kids still",euc_ctx,0.3,1,6,0.45724,0.25406,0.6326,0.64198,0.16838
294,"Honestly, These kids still",euc_ctx,0.5,1,7,0.67695,0.27111,0.74179,0.75018,0.13655
294,"Honestly, These kids still",euc_ctx,0.7,1,8,0.83751,0.31814,0.83261,0.83913,0.13454
294,"Honestly, These kids still",euc_ctx,0.9,1,9,0.92599,0.38441,0.94405,0.94785,0.0597
294,"Honestly, These kids still",euc_ctx,0.99,1,12,0.99388,0.57199,1.56487,1.55632,0.07053
294,"Honestly, These kids still",cau_ctx,0.3,0,,,,,,
294,"Honestly, These kids still",cau_ctx,0.5,0,,,,,,
294,"Honestly, These kids still",cau_ctx,0.7,0,,,,,,
294,"Honestly, These kids still",cau_ctx,0.9,0,,,,,,
294,"Honestly, These kids still",cau_ctx,0.99,0,,,,,,
294,"Honestly, These kids still",dua_ctx,0.3,1,11,0.31267,0.45003,0.29455,0.29884,0.03664
294,"Honestly, These kids still",dua_ctx,0.5,1,15,0.52796,0.44283,0.51142,0.51184,0.04063
294,"Honestly, These kids still",dua_ctx,0.7,1,19,0.7313,0.44784,0.79159,0.78635,0.05195
294,"Honestly, These kids still",dua_ctx,0.9,1,24,0.91325,0.47667,1.26923,1.25448,0.06022
294,"Honestly, These kids still",dua_ctx,0.99,1,31,0.99309,0.55607,2.37412,2.34084,0.06982
294,"Honestly, These kids still",euc_unemb,0.3,1,2,0.97151,0.37442,1.42311,1.42424,0.20302
294,"Honestly, These kids still",euc_unemb,0.5,1,2,0.97151,0.37442,1.42311,1.42424,0.20302
294,"Honestly, These kids still",euc_unemb,0.7,1,2,0.97151,0.37442,1.42311,1.42424,0.20302
294,"Honestly, These kids still",euc_unemb,0.9,1,2,0.97151,0.37442,1.42311,1.42424,0.20302
294,"Honestly, These kids still",euc_unemb,0.99,1,3,0.99974,0.58339,3.12202,3.09759,0.22956
294,"Honestly, These kids still",cau_unemb,0.3,1,29,0.32977,0.2471,0.51876,0.52697,0.15655
294,"Honestly, These kids still",cau_unemb,0.5,1,34,0.5387,0.24325,0.62537,0.6329,0.16347
294,"Honestly, These kids still",cau_unemb,0.7,1,39,0.73406,0.26577,0.71445,0.72048,0.14569
294,"Honestly, These kids still",cau_unemb,0.9,1,46,0.90137,0.32989,0.8635,0.86601,0.16497
294,"Honestly, These kids still",cau_unemb,0.99,1,61,0.99143,0.46933,1.46983,1.45999,0.15273
294,"Honestly, These kids still",dua_unemb,0.3,1,2,0.88143,0.56555,0.65168,0.65111,0.16326
294,"Honestly, These kids still",dua_unemb,0.5,1,2,0.88143,0.56555,0.65168,0.65111,0.16326
294,"Honestly, These kids still",dua_unemb,0.7,1,2,0.88143,0.56555,0.65168,0.65111,0.16326
294,"Honestly, These kids still",dua_unemb,0.9,1,3,0.99282,0.62283,1.58775,1.57047,0.17071
294,"Honestly, These kids still",dua_unemb,0.99,1,3,0.99282,0.62283,1.58775,1.57047,0.17071
294,"Honestly, These kids still",euc_dmd,0.3,1,2,0.96681,0.26472,1.42433,1.42494,0.18765
294,"Honestly, These kids still",euc_dmd,0.5,1,2,0.96681,0.26472,1.42433,1.42494,0.18765
294,"Honestly, These kids still",euc_dmd,0.7,1,2,0.96681,0.26472,1.42433,1.42494,0.18765
294,"Honestly, These kids still",euc_dmd,0.9,1,2,0.96681,0.26472,1.42433,1.42494,0.18765
294,"Honestly, These kids still",euc_dmd,0.99,1,3,0.99957,0.44728,2.68963,2.66873,0.18727
294,"Honestly, These kids still",cau_dmd,0.3,1,12,0.36201,0.2103,0.7339,0.74287,0.18483
294,"Honestly, These kids still",cau_dmd,0.5,1,14,0.56598,0.20536,0.85926,0.86736,0.18361
294,"Honestly, These kids still",cau_dmd,0.7,1,16,0.74779,0.22186,0.97612,0.98263,0.08886
294,"Honestly, These kids still",cau_dmd,0.9,1,19,0.90887,0.27322,1.19579,1.19852,0.08235
294,"Honestly, These kids still",cau_dmd,0.99,1,25,0.99064,0.37121,1.92808,1.91875,0.07713
294,"Honestly, These kids still",dua_dmd,0.3,1,2,0.92733,0.55345,0.73531,0.73223,0.05869
294,"Honestly, These kids still",dua_dmd,0.5,1,2,0.92733,0.55345,0.73531,0.73223,0.05869
294,"Honestly, These kids still",dua_dmd,0.7,1,2,0.92733,0.55345,0.73531,0.73223,0.05869
294,"Honestly, These kids still",dua_dmd,0.9,1,2,0.92733,0.55345,0.73531,0.73223,0.05869
294,"Honestly, These kids still",dua_dmd,0.99,1,3,0.99743,0.61153,1.76975,1.75206,0.06845
47,"Every day, People also",euc_ctx,0.3,1,3,0.42932,0.32981,0.18377,0.18836,0.03117
47,"Every day, People also",euc_ctx,0.5,1,4,0.64698,0.34367,0.29143,0.29565,0.03546
47,"Every day, People also",euc_ctx,0.7,1,5,0.81522,0.38775,0.41929,0.42212,0.03441
47,"Every day, People also",euc_ctx,0.9,1,6,0.91283,0.44966,0.58551,0.58603,0.032
47,"Every day, People also",euc_ctx,0.99,1,9,0.99213,0.61767,1.35849,1.34812,0.0334
47,"Every day, People also",cau_ctx,0.3,0,,,,,,
47,"Every day, People also",cau_ctx,0.5,0,,,,,,
47,"Every day, People also",cau_ctx,0.7,0,,,,,,
47,"Every day, People also",cau_ctx,0.9,0,,,,,,
47,"Every day, People also",cau_ctx,0.99,0,,,,,,
47,"Every day, People also",dua_ctx,0.3,1,7,0.3308,0.42343,0.1492,0.15387,0.01555
47,"Every day, People also",dua_ctx,0.5,1,11,0.53299,0.42569,0.35389,0.3574,0.01889
47,"Every day, People also",dua_ctx,0.7,1,15,0.7223,0.43672,0.65295,0.65327,0.0331
47,"Every day, People also",dua_ctx,0.9,1,21,0.91217,0.48222,1.337,1.32881,0.03523
47,"Every day, People also",dua_ctx,0.99,1,30,0.99069,0.59373,3.0227,2.99322,0.03724
47,"Every day, People also",euc_unemb,0.3,1,1,0.84687,0.35187,0.44738,0.4504,0.06564
47,"Every day, People also",euc_unemb,0.5,1,1,0.84687,0.35187,0.44738,0.4504,0.06564
47,"Every day, People also",euc_unemb,0.7,1,1,0.84687,0.35187,0.44738,0.4504,0.06564
47,"Every day, People also",euc_unemb,0.9,1,2,0.99851,0.53506,2.0087,1.99154,0.08218
47,"Every day, People also",euc_unemb,0.99,1,2,0.99851,0.53506,2.0087,1.99154,0.08218
47,"Every day, People also",cau_unemb,0.3,1,13,0.32443,0.33609,0.09131,0.095,0.02099
47,"Every day, People also",cau_unemb,0.5,1,18,0.53485,0.33879,0.15734,0.16107,0.02992
47,"Every day, People also",cau_unemb,0.7,1,23,0.73313,0.37403,0.24509,0.24789,0.03162
47,"Every day, People also",cau_unemb,0.9,1,30,0.90248,0.45993,0.4449,0.44466,0.03285
47,"Every day, People also",cau_unemb,0.99,1,44,0.99036,0.61044,1.17152,1.1605,0.0551
47,"Every day, People also",dua_unemb,0.3,1,1,0.76003,0.51013,0.3059,0.30591,0.04819
47,"Every day, People also",dua_unemb,0.5,1,1,0.76003,0.51013,0.3059,0.30591,0.04819
47,"Every day, People also",dua_unemb,0.7,1,1,0.76003,0.51013,0.3059,0.30591,0.04819
47,"Every day, People also",dua_unemb,0.9,1,2,0.99358,0.60685,1.34502,1.33255,0.06344
47,"Every day, People also",dua_unemb,0.99,1,2,0.99358,0.60685,1.34502,1.33255,0.06344
47,"Every day, People also",euc_dmd,0.3,1,1,0.83376,0.31639,0.45119,0.45323,0.06854
47,"Every day, People also",euc_dmd,0.5,1,1,0.83376,0.31639,0.45119,0.45323,0.06854
47,"Every day, People also",euc_dmd,0.7,1,1,0.83376,0.31639,0.45119,0.45323,0.06854
47,"Every day, People also",euc_dmd,0.9,1,2,0.9978,0.54833,1.65842,1.64315,0.07005
47,"Every day, People also",euc_dmd,0.99,1,2,0.9978,0.54833,1.65842,1.64315,0.07005
47,"Every day, People also",cau_dmd,0.3,1,6,0.37357,0.3105,0.14604,0.14968,0.03331
47,"Every day, People also",cau_dmd,0.5,1,8,0.57368,0.31321,0.22629,0.22966,0.03767
47,"Every day, People also",cau_dmd,0.7,1,10,0.75048,0.34389,0.32416,0.32645,0.03763
47,"Every day, People also",cau_dmd,0.9,1,13,0.90796,0.42536,0.54003,0.53919,0.03636
47,"Every day, People also",cau_dmd,0.99,1,19,0.99002,0.58449,1.2784,1.267,0.03602
47,"Every day, People also",dua_dmd,0.3,1,1,0.77783,0.51187,0.30869,0.30774,0.04977
47,"Every day, People also",dua_dmd,0.5,1,1,0.77783,0.51187,0.30869,0.30774,0.04977
47,"Every day, People also",dua_dmd,0.7,1,1,0.77783,0.51187,0.30869,0.30774,0.04977
47,"Every day, People also",dua_dmd,0.9,1,2,0.98898,0.60127,1.11718,1.10738,0.05398
47,"Every day, People also",dua_dmd,0.99,1,3,0.99959,0.64958,2.2591,2.23456,0.05551
88,"At work, They always",euc_ctx,0.3,1,6,0.49386,0.08013,0.49237,0.49287,0.05012
88,"At work, They always",euc_ctx,0.5,1,7,0.68909,0.08859,0.52565,0.52526,0.0516
88,"At work, They always",euc_ctx,0.7,1,8,0.8315,0.11078,0.53488,0.53334,0.05103
88,"At work, They always",euc_ctx,0.9,1,9,0.91492,0.14794,0.54442,0.54145,0.04792
88,"At work, They always",euc_ctx,0.99,1,13,0.99495,0.42619,0.9149,0.90201,0.02073
88,"At work, They always",cau_ctx,0.3,0,,,,,,
88,"At work, They always",cau_ctx,0.5,0,,,,,,
88,"At work, They always",cau_ctx,0.7,0,,,,,,
88,"At work, They always",cau_ctx,0.9,0,,,,,,
88,"At work, They always",cau_ctx,0.99,0,,,,,,
88,"At work, They always",dua_ctx,0.3,1,9,0.32773,0.23749,0.17103,0.17466,0.02228
88,"At work, They always",dua_ctx,0.5,1,12,0.56474,0.23862,0.28341,0.28468,0.02531
88,"At work, They always",dua_ctx,0.7,1,14,0.70898,0.24693,0.37343,0.37233,0.0262
88,"At work, They always",dua_ctx,0.9,1,18,0.90089,0.28257,0.60307,0.59543,0.01665
88,"At work, They always",dua_ctx,0.99,1,26,0.9912,0.40088,1.30826,1.28141,0.02241
88,"At work, They always",euc_unemb,0.3,1,1,0.33949,0.07113,0.5093,0.51239,0.10401
88,"At work, They always",euc_unemb,0.5,1,2,0.97977,0.17214,0.9413,0.93838,0.12111
88,"At work, They always",euc_unemb,0.7,1,2,0.97977,0.17214,0.9413,0.93838,0.12111
88,"At work, They always",euc_unemb,0.9,1,2,0.97977,0.17214,0.9413,0.93838,0.12111
88,"At work, They always",euc_unemb,0.99,1,3,0.99978,0.45039,2.15832,2.13794,0.14171
88,"At work, They always",cau_unemb,0.3,1,25,0.30053,0.09742,0.31544,0.31856,0.04854
88,"At work, They always",cau_unemb,0.5,1,30,0.50606,0.09476,0.36778,0.37066,0.05175
88,"At work, They always",cau_unemb,0.7,1,35,0.70854,0.10805,0.39211,0.39447,0.05023
88,"At work, They always",cau_unemb,0.9,1,43,0.90547,0.16707,0.41863,0.41943,0.04438
88,"At work, They always",cau_unemb,0.99,1,57,0.99027,0.37456,0.66483,0.65981,0.09163
88,"At work, They always",dua_unemb,0.3,1,2,0.93823,0.48609,0.54478,0.54471,0.10452
88,"At work, They always",dua_unemb,0.5,1,2,0.93823,0.48609,0.54478,0.54471,0.10452
88,"At work, They always",dua_unemb,0.7,1,2,0.93823,0.48609,0.54478,0.54471,0.10452
88,"At work, They always",dua_unemb,0.9,1,2,0.93823,0.48609,0.54478,0.54471,0.10452
88,"At work, They always",dua_unemb,0.99,1,3,0.99851,0.57411,1.29029,1.27494,0.13074
88,"At work, They always",euc_dmd,0.3,1,1,0.3418,0.05413,0.6093,0.60892,0.10806
88,"At work, They always",euc_dmd,0.5,1,2,0.97569,0.10289,1.00394,0.99526,0.10691
88,"At work, They always",euc_dmd,0.7,1,2,0.97569,0.10289,1.00394,0.99526,0.10691
88,"At work, They always",euc_dmd,0.9,1,2,0.97569,0.10289,1.00394,0.99526,0.10691
88,"At work, They always",euc_dmd,0.99,1,3,0.99958,0.32718,1.65107,1.62812,0.13854
88,"At work, They always",cau_dmd,0.3,1,11,0.36199,0.06696,0.53855,0.53838,0.05386
88,"At work, They always",cau_dmd,0.5,1,13,0.55912,0.0641,0.62546,0.62417,0.05196
88,"At work, They always",cau_dmd,0.7,1,15,0.73603,0.07038,0.69344,0.69078,0.10416
88,"At work, They always",cau_dmd,0.9,1,19,0.92773,0.10785,0.83729,0.831,0.09887
88,"At work, They always",cau_dmd,0.99,1,25,0.99126,0.21002,1.24598,1.23148,0.09361
88,"At work, They always",dua_dmd,0.3,1,2,0.95081,0.47362,0.48784,0.48598,0.07976
88,"At work, They always",dua_dmd,0.5,1,2,0.95081,0.47362,0.48784,0.48598,0.07976
88,"At work, They always",dua_dmd,0.7,1,2,0.95081,0.47362,0.48784,0.48598,0.07976
88,"At work, They always",dua_dmd,0.9,1,2,0.95081,0.47362,0.48784,0.48598,0.07976
88,"At work, They always",dua_dmd,0.99,1,3,0.99817,0.55472,1.09422,1.0794,0.09714
19,"In this case, People always",euc_ctx,0.3,1,2,0.33848,0.39092,0.07826,0.08133,0.02826
19,"In this case, People always",euc_ctx,0.5,1,3,0.55641,0.38402,0.151,0.15413,0.0304
19,"In this case, People always",euc_ctx,0.7,1,4,0.75367,0.41308,0.23269,0.23483,0.03164
19,"In this case, People always",euc_ctx,0.9,1,6,0.94688,0.53226,0.47835,0.47576,0.0734
19,"In this case, People always",euc_ctx,0.99,1,8,0.99007,0.64151,0.88573,0.87582,0.08447
19,"In this case, People always",cau_ctx,0.3,0,,,,,,
19,"In this case, People always",cau_ctx,0.5,0,,,,,,
19,"In this case, People always",cau_ctx,0.7,0,,,,,,
19,"In this case, People always",cau_ctx,0.9,0,,,,,,
19,"In this case, People always",cau_ctx,0.99,0,,,,,,
19,"In this case, People always",dua_ctx,0.3,1,6,0.32472,0.47324,0.08922,0.09269,0.0102
19,"In this case, People always",dua_ctx,0.5,1,10,0.52031,0.47096,0.23609,0.23833,0.07068
19,"In this case, People always",dua_ctx,0.7,1,14,0.71215,0.47473,0.45022,0.44915,0.07394
19,"In this case, People always",dua_ctx,0.9,1,19,0.90157,0.49805,0.82797,0.82009,0.07837
19,"In this case, People always",dua_ctx,0.99,1,26,0.99261,0.58102,1.65143,1.62832,0.08049
19,"In this case, People always",euc_unemb,0.3,1,1,0.88193,0.43699,0.39209,0.39269,0.05579
19,"In this case, People always",euc_unemb,0.5,1,1,0.88193,0.43699,0.39209,0.39269,0.05579
19,"In this case, People always",euc_unemb,0.7,1,1,0.88193,0.43699,0.39209,0.39269,0.05579
19,"In this case, People always",euc_unemb,0.9,1,2,0.99846,0.58598,1.73371,1.71397,0.11336
19,"In this case, People always",euc_unemb,0.99,1,2,0.99846,0.58598,1.73371,1.71397,0.11336
19,"In this case, People always",cau_unemb,0.3,1,10,0.3288,0.39842,0.05398,0.05664,0.02434
19,"In this case, People always",cau_unemb,0.5,1,15,0.54105,0.39657,0.10483,0.10751,0.043
19,"In this case, People always",cau_unemb,0.7,1,19,0.70383,0.42095,0.15508,0.15704,0.04375
19,"In this case, People always",cau_unemb,0.9,1,27,0.90573,0.51455,0.32002,0.31856,0.02629
19,"In this case, People always",cau_unemb,0.99,1,41,0.99087,0.6582,0.90003,0.88787,0.04394
19,"In this case, People always",dua_unemb,0.3,1,1,0.78921,0.57084,0.30961,0.30864,0.03993
19,"In this case, People always",dua_unemb,0.5,1,1,0.78921,0.57084,0.30961,0.30864,0.03993
19,"In this case, People always",dua_unemb,0.7,1,1,0.78921,0.57084,0.30961,0.30864,0.03993
19,"In this case, People always",dua_unemb,0.9,1,2,0.98825,0.63193,1.11969,1.10522,0.04993
19,"In this case, People always",dua_unemb,0.99,1,3,0.99972,0.65456,2.22581,2.19132,0.06133
19,"In this case, People always",euc_dmd,0.3,1,1,0.88858,0.40352,0.37285,0.37243,0.05558
19,"In this case, People always",euc_dmd,0.5,1,1,0.88858,0.40352,0.37285,0.37243,0.05558
19,"In this case, People always",euc_dmd,0.7,1,1,0.88858,0.40352,0.37285,0.37243,0.05558
19,"In this case, People always",euc_dmd,0.9,1,2,0.99843,0.61274,1.38677,1.36796,0.05232
19,"In this case, People always",euc_dmd,0.99,1,2,0.99843,0.61274,1.38677,1.36796,0.05232
19,"In this case, People always",cau_dmd,0.3,1,4,0.32928,0.37053,0.07839,0.08102,0.0492
19,"In this case, People always",cau_dmd,0.5,1,6,0.53989,0.35575,0.14503,0.1476,0.05825
19,"In this case, People always",cau_dmd,0.7,1,8,0.73547,0.37617,0.21682,0.21838,0.0334
19,"In this case, People always",cau_dmd,0.9,1,11,0.90866,0.4522,0.36678,0.36522,0.03595
19,"In this case, People always",cau_dmd,0.99,1,17,0.99155,0.61441,0.92711,0.91505,0.0339
19,"In this case, People always",dua_dmd,0.3,1,1,0.83688,0.58773,0.32139,0.31893,0.02342
19,"In this case, People always",dua_dmd,0.5,1,1,0.83688,0.58773,0.32139,0.31893,0.02342
19,"In this case, People always",dua_dmd,0.7,1,1,0.83688,0.58773,0.32139,0.31893,0.02342
19,"In this case, People always",dua_dmd,0.9,1,2,0.99445,0.65277,1.02773,1.01391,0.02688
19,"In this case, People always",dua_dmd,0.99,1,2,0.99445,0.65277,1.02773,1.01391,0.02688
272,"Honestly, We rarely",euc_ctx,0.3,1,7,0.51253,0.21619,0.98237,0.99252,0.22065
272,"Honestly, We rarely",euc_ctx,0.5,1,7,0.51253,0.21619,0.98237,0.99252,0.22065
272,"Honestly, We rarely",euc_ctx,0.7,1,8,0.73073,0.24585,1.08386,1.09254,0.22314
272,"Honestly, We rarely",euc_ctx,0.9,1,10,0.94333,0.38665,1.23474,1.23784,0.19627
272,"Honestly, We rarely",euc_ctx,0.99,1,13,0.99515,0.5957,1.81586,1.80462,0.1874
272,"Honestly, We rarely",cau_ctx,0.3,0,,,,,,
272,"Honestly, We rarely",cau_ctx,0.5,0,,,,,,
272,"Honestly, We rarely",cau_ctx,0.7,0,,,,,,
272,"Honestly, We rarely",cau_ctx,0.9,0,,,,,,
272,"Honestly, We rarely",cau_ctx,0.99,0,,,,,,
272,"Honestly, We rarely",dua_ctx,0.3,1,12,0.3036,0.48013,0.39679,0.40253,0.02276
272,"Honestly, We rarely",dua_ctx,0.5,1,16,0.51361,0.48253,0.65581,0.65627,0.04395
272,"Honestly, We rarely",dua_ctx,0.7,1,20,0.7033,0.4999,0.98943,0.98232,0.04655
272,"Honestly, We rarely",dua_ctx,0.9,1,27,0.91971,0.56405,1.8299,1.80461,0.15724
272,"Honestly, We rarely",dua_ctx,0.99,1,35,0.99292,0.66981,3.31493,3.26267,0.18347
272,"Honestly, We rarely",euc_unemb,0.3,1,2,0.97574,0.36585,1.52732,1.53413,0.16162
272,"Honestly, We rarely",euc_unemb,0.5,1,2,0.97574,0.36585,1.52732,1.53413,0.16162
272,"Honestly, We rarely",euc_unemb,0.7,1,2,0.97574,0.36585,1.52732,1.53413,0.16162
272,"Honestly, We rarely",euc_unemb,0.9,1,2,0.97574,0.36585,1.52732,1.53413,0.16162
272,"Honestly, We rarely",euc_unemb,0.99,1,3,0.9999,0.49262,3.4152,3.39201,0.16908
272,"Honestly, We rarely",cau_unemb,0.3,1,31,0.31447,0.2335,0.63228,0.64467,0.20972
272,"Honestly, We rarely",cau_unemb,0.5,1,35,0.50584,0.23152,0.73591,0.74807,0.21376
272,"Honestly, We rarely",cau_unemb,0.7,1,40,0.73537,0.26081,0.84882,0.85974,0.20079
272,"Honestly, We rarely",cau_unemb,0.9,1,46,0.90139,0.33086,1.00357,1.01147,0.19819
272,"Honestly, We rarely",cau_unemb,0.99,1,59,0.99151,0.47131,1.60701,1.60316,0.19943
272,"Honestly, We rarely",dua_unemb,0.3,1,2,0.88337,0.5524,0.78343,0.78431,0.14765
272,"Honestly, We rarely",dua_unemb,0.5,1,2,0.88337,0.5524,0.78343,0.78431,0.14765
272,"Honestly, We rarely",dua_unemb,0.7,1,2,0.88337,0.5524,0.78343,0.78431,0.14765
272,"Honestly, We rarely",dua_unemb,0.9,1,3,0.99633,0.63104,1.91665,1.89856,0.15501
272,"Honestly, We rarely",dua_unemb,0.99,1,3,0.99633,0.63104,1.91665,1.89856,0.15501
272,"Honestly, We rarely",euc_dmd,0.3,1,2,0.96984,0.28708,1.68247,1.68799,0.22153
272,"Honestly, We rarely",euc_dmd,0.5,1,2,0.96984,0.28708,1.68247,1.68799,0.22153
272,"Honestly, We rarely",euc_dmd,0.7,1,2,0.96984,0.28708,1.68247,1.68799,0.22153
272,"Honestly, We rarely",euc_dmd,0.9,1,2,0.96984,0.28708,1.68247,1.68799,0.22153
272,"Honestly, We rarely",euc_dmd,0.99,1,3,0.99977,0.51447,3.10374,3.08438,0.21126
272,"Honestly, We rarely",cau_dmd,0.3,1,13,0.32716,0.18646,0.995,1.00613,0.22943
272,"Honestly, We rarely",cau_dmd,0.5,1,15,0.54879,0.18268,1.18899,1.19921,0.22284
272,"Honestly, We rarely",cau_dmd,0.7,1,17,0.74973,0.20215,1.37477,1.38319,0.21737
272,"Honestly, We rarely",cau_dmd,0.9,1,20,0.9185,0.25856,1.69364,1.69758,0.20583
272,"Honestly, We rarely",cau_dmd,0.99,1,26,0.9932,0.35279,2.63676,2.62641,0.20651
272,"Honestly, We rarely",dua_dmd,0.3,1,2,0.90251,0.54189,0.84829,0.84825,0.14238
272,"Honestly, We rarely",dua_dmd,0.5,1,2,0.90251,0.54189,0.84829,0.84825,0.14238
272,"Honestly, We rarely",dua_dmd,0.7,1,2,0.90251,0.54189,0.84829,0.84825,0.14238
272,"Honestly, We rarely",dua_dmd,0.9,1,2,0.90251,0.54189,0.84829,0.84825,0.14238
272,"Honestly, We rarely",dua_dmd,0.99,1,3,0.99673,0.62559,1.8536,1.83946,0.14603
298,"At work, Our customers never",euc_ctx,0.3,1,6,0.51021,0.0946,0.70297,0.70414,0.07012
298,"At work, Our customers never",euc_ctx,0.5,1,6,0.51021,0.0946,0.70297,0.70414,0.07012
298,"At work, Our customers never",euc_ctx,0.7,1,7,0.72077,0.11048,0.77287,0.77276,0.06883
298,"At work, Our customers never",euc_ctx,0.9,1,9,0.9356,0.20373,0.89051,0.88644,0.05903
298,"At work, Our customers never",euc_ctx,0.99,1,12,0.99376,0.44818,1.44081,1.42594,0.08549
298,"At work, Our customers never",cau_ctx,0.3,0,,,,,,
298,"At work, Our customers never",cau_ctx,0.5,0,,,,,,
298,"At work, Our customers never",cau_ctx,0.7,0,,,,,,
298,"At work, Our customers never",cau_ctx,0.9,0,,,,,,
298,"At work, Our customers never",cau_ctx,0.99,0,,,,,,
298,"At work, Our customers never",dua_ctx,0.3,1,9,0.30577,0.27156,0.23122,0.2344,0.03749
298,"At work, Our customers never",dua_ctx,0.5,1,12,0.52834,0.27498,0.39831,0.39897,0.04758
298,"At work, Our customers never",dua_ctx,0.7,1,15,0.72566,0.29174,0.61821,0.61492,0.04509
298,"At work, Our customers never",dua_ctx,0.9,1,20,0.91192,0.35083,1.14544,1.1322,0.05085
298,"At work, Our customers never",dua_ctx,0.99,1,30,0.9921,0.51752,2.81223,2.76965,0.09898
298,"At work, Our customers never",euc_unemb,0.3,1,1,0.34124,0.07914,0.63375,0.63755,0.11606
298,"At work, Our customers never",euc_unemb,0.5,1,2,0.99018,0.23435,1.35078,1.3446,0.12044
298,"At work, Our customers never",euc_unemb,0.7,1,2,0.99018,0.23435,1.35078,1.3446,0.12044
298,"At work, Our customers never",euc_unemb,0.9,1,2,0.99018,0.23435,1.35078,1.3446,0.12044
298,"At work, Our customers never",euc_unemb,0.99,1,2,0.99018,0.23435,1.35078,1.3446,0.12044
298,"At work, Our customers never",cau_unemb,0.3,1,26,0.32555,0.10397,0.4169,0.42083,0.06715
298,"At work, Our customers never",cau_unemb,0.5,1,30,0.51344,0.10374,0.47946,0.48307,0.06714
298,"At work, Our customers never",cau_unemb,0.7,1,35,0.73663,0.1228,0.53217,0.53498,0.10252
298,"At work, Our customers never",cau_unemb,0.9,1,42,0.91579,0.18937,0.60642,0.60715,0.09443
298,"At work, Our customers never",cau_unemb,0.99,1,54,0.99091,0.3797,0.96598,0.95958,0.08288
298,"At work, Our customers never",dua_unemb,0.3,1,2,0.9563,0.52301,0.83308,0.82823,0.08989
298,"At work, Our customers never",dua_unemb,0.5,1,2,0.9563,0.52301,0.83308,0.82823,0.08989
298,"At work, Our customers never",dua_unemb,0.7,1,2,0.9563,0.52301,0.83308,0.82823,0.08989
298,"At work, Our customers never",dua_unemb,0.9,1,2,0.9563,0.52301,0.83308,0.82823,0.08989
298,"At work, Our customers never",dua_unemb,0.99,1,3,0.99933,0.60045,1.96209,1.93909,0.09436
298,"At work, Our customers never",euc_dmd,0.3,1,1,0.34075,0.06034,0.7564,0.75834,0.06936
298,"At work, Our customers never",euc_dmd,0.5,1,2,0.98706,0.1522,1.33865,1.33136,0.11529
298,"At work, Our customers never",euc_dmd,0.7,1,2,0.98706,0.1522,1.33865,1.33136,0.11529
298,"At work, Our customers never",euc_dmd,0.9,1,2,0.98706,0.1522,1.33865,1.33136,0.11529
298,"At work, Our customers never",euc_dmd,0.99,1,3,0.99988,0.41963,2.56984,2.54259,0.1032
298,"At work, Our customers never",cau_dmd,0.3,1,11,0.34471,0.07493,0.66074,0.663,0.06677
298,"At work, Our customers never",cau_dmd,0.5,1,13,0.5636,0.07316,0.78409,0.7854,0.06636
298,"At work, Our customers never",cau_dmd,0.7,1,15,0.75732,0.08409,0.88574,0.8857,0.05924
298,"At work, Our customers never",cau_dmd,0.9,1,18,0.91925,0.12318,1.0473,1.04438,0.05729
298,"At work, Our customers never",cau_dmd,0.99,1,24,0.99277,0.2503,1.64318,1.63058,0.07652
298,"At work, Our customers never",dua_dmd,0.3,1,2,0.96504,0.50382,0.76737,0.76285,0.08296
298,"At work, Our customers never",dua_dmd,0.5,1,2,0.96504,0.50382,0.76737,0.76285,0.08296
298,"At work, Our customers never",dua_dmd,0.7,1,2,0.96504,0.50382,0.76737,0.76285,0.08296
298,"At work, Our customers never",dua_dmd,0.9,1,2,0.96504,0.50382,0.76737,0.76285,0.08296
298,"At work, Our customers never",dua_dmd,0.99,1,3,0.99914,0.58316,1.6951,1.67629,0.08592
52,"In this case, Both of them rarely",euc_ctx,0.3,1,5,0.45219,0.14804,0.45791,0.46238,0.10843
52,"In this case, Both of them rarely",euc_ctx,0.5,1,6,0.66366,0.1578,0.5442,0.54809,0.10625
52,"In this case, Both of them rarely",euc_ctx,0.7,1,7,0.82288,0.19015,0.61144,0.61426,0.09612
52,"In this case, Both of them rarely",euc_ctx,0.9,1,8,0.91487,0.24301,0.68606,0.6873,0.08894
52,"In this case, Both of them rarely",euc_ctx,0.99,1,11,0.99155,0.46097,1.15362,1.14664,0.06029
52,"In this case, Both of them rarely",cau_ctx,0.3,0,,,,,,
52,"In this case, Both of them rarely",cau_ctx,0.5,0,,,,,,
52,"In this case, Both of them rarely",cau_ctx,0.7,0,,,,,,
52,"In this case, Both of them rarely",cau_ctx,0.9,0,,,,,,
52,"In this case, Both of them rarely",cau_ctx,0.99,0,,,,,,
52,"In this case, Both of them rarely",dua_ctx,0.3,1,9,0.32388,0.32118,0.20219,0.20804,0.06577
52,"In this case, Both of them rarely",dua_ctx,0.5,1,12,0.51137,0.32178,0.34968,0.354,0.06641
52,"In this case, Both of them rarely",dua_ctx,0.7,1,16,0.74268,0.33652,0.61593,0.6163,0.07457
52,"In this case, Both of them rarely",dua_ctx,0.9,1,21,0.92172,0.38398,1.08864,1.0812,0.07279
52,"In this case, Both of them rarely",dua_ctx,0.99,1,29,0.99104,0.50702,2.21462,2.18897,0.07669
52,"In this case, Both of them rarely",euc_unemb,0.3,1,1,0.49186,0.12548,0.53314,0.53889,0.10453
52,"In this case, Both of them rarely",euc_unemb,0.5,1,2,0.99083,0.30717,1.32036,1.3168,0.0948
52,"In this case, Both of them rarely",euc_unemb,0.7,1,2,0.99083,0.30717,1.32036,1.3168,0.0948
52,"In this case, Both of them rarely",euc_unemb,0.9,1,2,0.99083,0.30717,1.32036,1.3168,0.0948
52,"In this case, Both of them rarely",euc_unemb,0.99,1,2,0.99083,0.30717,1.32036,1.3168,0.0948
52,"In this case, Both of them rarely",cau_unemb,0.3,1,22,0.31113,0.17152,0.26563,0.27092,0.10345
52,"In this case, Both of them rarely",cau_unemb,0.5,1,27,0.52168,0.17022,0.33782,0.3431,0.104
52,"In this case, Both of them rarely",cau_unemb,0.7,1,32,0.72415,0.19367,0.40199,0.40671,0.09742
52,"In this case, Both of them rarely",cau_unemb,0.9,1,40,0.91391,0.27929,0.54399,0.54642,0.05845
52,"In this case, Both of them rarely",cau_unemb,0.99,1,53,0.99012,0.46099,1.05592,1.05058,0.07376
52,"In this case, Both of them rarely",dua_unemb,0.3,1,1,0.33817,0.33302,0.10438,0.11016,0.03556
52,"In this case, Both of them rarely",dua_unemb,0.5,1,2,0.95585,0.51,0.81595,0.81438,0.07401
52,"In this case, Both of them rarely",dua_unemb,0.7,1,2,0.95585,0.51,0.81595,0.81438,0.07401
52,"In this case, Both of them rarely",dua_unemb,0.9,1,2,0.95585,0.51,0.81595,0.81438,0.07401
52,"In this case, Both of them rarely",dua_unemb,0.99,1,3,0.99918,0.57368,1.92308,1.90553,0.07763
52,"In this case, Both of them rarely",euc_dmd,0.3,1,1,0.4935,0.10392,0.6262,0.62935,0.10951
52,"In this case, Both of them rarely",euc_dmd,0.5,1,2,0.98919,0.25397,1.26793,1.26183,0.10303
52,"In this case, Both of them rarely",euc_dmd,0.7,1,2,0.98919,0.25397,1.26793,1.26183,0.10303
52,"In this case, Both of them rarely",euc_dmd,0.9,1,2,0.98919,0.25397,1.26793,1.26183,0.10303
52,"In this case, Both of them rarely",euc_dmd,0.99,1,3,0.99986,0.51066,2.59909,2.57372,0.10209
52,"In this case, Both of them rarely",cau_dmd,0.3,1,9,0.30076,0.14382,0.39206,0.39574,0.10518
52,"In this case, Both of them rarely",cau_dmd,0.5,1,12,0.59788,0.13854,0.55769,0.56042,0.09965
52,"In this case, Both of them rarely",cau_dmd,0.7,1,14,0.77015,0.15708,0.66472,0.66622,0.08713
52,"In this case, Both of them rarely",cau_dmd,0.9,1,17,0.91726,0.21224,0.86118,0.85982,0.07605
52,"In this case, Both of them rarely",cau_dmd,0.99,1,23,0.99116,0.35682,1.52241,1.51159,0.06318
52,"In this case, Both of them rarely",dua_dmd,0.3,1,1,0.37074,0.32488,0.1175,0.12226,0.06348
52,"In this case, Both of them rarely",dua_dmd,0.5,1,2,0.95485,0.49468,0.7235,0.72162,0.07517
52,"In this case, Both of them rarely",dua_dmd,0.7,1,2,0.95485,0.49468,0.7235,0.72162,0.07517
52,"In this case, Both of them rarely",dua_dmd,0.9,1,2,0.95485,0.49468,0.7235,0.72162,0.07517
52,"In this case, Both of them rarely",dua_dmd,0.99,1,3,0.99823,0.56497,1.60195,1.58794,0.07491
18,"Every day, The engineers often",euc_ctx,0.3,1,6,0.5169,0.26768,0.6782,0.69064,0.06177
18,"Every day, The engineers often",euc_ctx,0.5,1,6,0.5169,0.26768,0.6782,0.69064,0.06177
18,"Every day, The engineers often",euc_ctx,0.7,1,7,0.72956,0.29784,0.80203,0.81357,0.05904
18,"Every day, The engineers often",euc_ctx,0.9,1,9,0.94147,0.42809,1.11226,1.1191,0.07581
18,"Every day, The engineers often",euc_ctx,0.99,1,12,0.99495,0.60297,1.96315,1.95746,0.06745
18,"Every day, The engineers often",cau_ctx,0.3,0,,,,,,
18,"Every day, The engineers often",cau_ctx,0.5,0,,,,,,
18,"Every day, The engineers often",cau_ctx,0.7,0,,,,,,
18,"Every day, The engineers often",cau_ctx,0.9,0,,,,,,
18,"Every day, The engineers often",cau_ctx,0.99,0,,,,,,
18,"Every day, The engineers often",dua_ctx,0.3,1,11,0.33927,0.43977,0.42287,0.43183,0.05687
18,"Every day, The engineers often",dua_ctx,0.5,1,14,0.50226,0.43964,0.65906,0.66626,0.0608
18,"Every day, The engineers often",dua_ctx,0.7,1,18,0.70654,0.45077,1.0688,1.07192,0.06375
18,"Every day, The engineers often",dua_ctx,0.9,1,24,0.90905,0.49907,1.9654,1.95861,0.02247
18,"Every day, The engineers often",dua_ctx,0.99,1,32,0.99089,0.59958,3.80026,3.77256,0.03044
18,"Every day, The engineers often",euc_unemb,0.3,1,1,0.35124,0.21918,0.5219,0.53538,0.0696
18,"Every day, The engineers often",euc_unemb,0.5,1,2,0.99038,0.4221,1.5724,1.57502,0.09206
18,"Every day, The engineers often",euc_unemb,0.7,1,2,0.99038,0.4221,1.5724,1.57502,0.09206
18,"Every day, The engineers often",euc_unemb,0.9,1,2,0.99038,0.4221,1.5724,1.57502,0.09206
18,"Every day, The engineers often",euc_unemb,0.99,1,2,0.99038,0.4221,1.5724,1.57502,0.09206
18,"Every day, The engineers often",cau_unemb,0.3,1,27,0.33384,0.26193,0.37884,0.38991,0.05835
18,"Every day, The engineers often",cau_unemb,0.5,1,31,0.51429,0.2664,0.44276,0.45391,0.061
18,"Every day, The engineers often",cau_unemb,0.7,1,36,0.72878,0.30277,0.52219,0.53256,0.06445
18,"Every day, The engineers often",cau_unemb,0.9,1,43,0.90756,0.39627,0.69808,0.70552,0.07002
18,"Every day, The engineers often",cau_unemb,0.99,1,56,0.99065,0.5562,1.35247,1.34948,0.06985
18,"Every day, The engineers often",dua_unemb,0.3,1,2,0.9666,0.59254,1.01507,1.01229,0.08336
18,"Every day, The engineers often",dua_unemb,0.5,1,2,0.9666,0.59254,1.01507,1.01229,0.08336
18,"Every day, The engineers often",dua_unemb,0.7,1,2,0.9666,0.59254,1.01507,1.01229,0.08336
18,"Every day, The engineers often",dua_unemb,0.9,1,2,0.9666,0.59254,1.01507,1.01229,0.08336
18,"Every day, The engineers often",dua_unemb,0.99,1,3,0.99961,0.62533,2.5596,2.53908,0.08861
18,"Every day, The engineers often",euc_dmd,0.3,1,1,0.31683,0.20758,0.5781,0.5903,0.07256
18,"Every day, The engineers often",euc_dmd,0.5,1,2,0.98377,0.39326,1.4104,1.41397,0.09071
18,"Every day, The engineers often",euc_dmd,0.7,1,2,0.98377,0.39326,1.4104,1.41397,0.09071
18,"Every day, The engineers often",euc_dmd,0.9,1,2,0.98377,0.39326,1.4104,1.41397,0.09071
18,"Every day, The engineers often",euc_dmd,0.99,1,3,0.99984,0.55417,3.16168,3.14132,0.09802
18,"Every day, The engineers often",cau_dmd,0.3,1,12,0.36058,0.24292,0.55004,0.56044,0.06826
18,"Every day, The engineers often",cau_dmd,0.5,1,14,0.56411,0.25136,0.64686,0.65689,0.06078
18,"Every day, The engineers often",cau_dmd,0.7,1,16,0.74599,0.28551,0.75325,0.76212,0.07125
18,"Every day, The engineers often",cau_dmd,0.9,1,19,0.90776,0.37009,0.98802,0.99351,0.03767
18,"Every day, The engineers often",cau_dmd,0.99,1,25,0.99043,0.52118,1.8203,1.81392,0.07899
18,"Every day, The engineers often",dua_dmd,0.3,1,2,0.95006,0.57365,0.89302,0.8921,0.06943
18,"Every day, The engineers often",dua_dmd,0.5,1,2,0.95006,0.57365,0.89302,0.8921,0.06943
18,"Every day, The engineers often",dua_dmd,0.7,1,2,0.95006,0.57365,0.89302,0.8921,0.06943
18,"Every day, The engineers often",dua_dmd,0.9,1,2,0.95006,0.57365,0.89302,0.8921,0.06943
18,"Every day, The engineers often",dua_dmd,0.99,1,3,0.99786,0.63142,2.06357,2.05156,0.06665
228,"Today, Many people rarely",euc_ctx,0.3,1,7,0.35897,0.32212,0.98678,0.99735,0.18288
228,"Today, Many people rarely",euc_ctx,0.5,1,8,0.57826,0.33889,1.12776,1.1366,0.19065
228,"Today, Many people rarely",euc_ctx,0.7,1,9,0.76517,0.39064,1.2302,1.23623,0.19641
228,"Today, Many people rarely",euc_ctx,0.9,1,11,0.94466,0.54031,1.5223,1.51954,0.17181
228,"Today, Many people rarely",euc_ctx,0.99,1,14,0.99452,0.68701,2.33327,2.31205,0.16391
228,"Today, Many people rarely",cau_ctx,0.3,0,,,,,,
228,"Today, Many people rarely",cau_ctx,0.5,0,,,,,,
228,"Today, Many people rarely",cau_ctx,0.7,0,,,,,,
228,"Today, Many people rarely",cau_ctx,0.9,0,,,,,,
228,"Today, Many people rarely",cau_ctx,0.99,0,,,,,,
228,"Today, Many people rarely",dua_ctx,0.3,1,13,0.32665,0.53882,0.48717,0.49311,0.04541
228,"Today, Many people rarely",dua_ctx,0.5,1,17,0.52156,0.53839,0.81741,0.8174,0.0502
228,"Today, Many people rarely",dua_ctx,0.7,1,21,0.70349,0.54965,1.26351,1.25483,0.12668
228,"Today, Many people rarely",dua_ctx,0.9,1,28,0.90137,0.61113,2.38629,2.35562,0.15938
228,"Today, Many people rarely",dua_ctx,0.99,1,39,0.99331,0.72894,4.92269,4.84866,0.15769
228,"Today, Many people rarely",euc_unemb,0.3,1,2,0.97326,0.48353,1.3293,1.33267,0.15252
228,"Today, Many people rarely",euc_unemb,0.5,1,2,0.97326,0.48353,1.3293,1.33267,0.15252
228,"Today, Many people rarely",euc_unemb,0.7,1,2,0.97326,0.48353,1.3293,1.33267,0.15252
228,"Today, Many people rarely",euc_unemb,0.9,1,2,0.97326,0.48353,1.3293,1.33267,0.15252
228,"Today, Many people rarely",euc_unemb,0.99,1,3,0.99991,0.58311,3.27929,3.24613,0.1583
228,"Today, Many people rarely",cau_unemb,0.3,1,33,0.32553,0.29345,0.56817,0.5818,0.16485
228,"Today, Many people rarely",cau_unemb,0.5,1,37,0.52582,0.30037,0.66011,0.67334,0.17297
228,"Today, Many people rarely",cau_unemb,0.7,1,41,0.7176,0.3353,0.74502,0.75701,0.16175
228,"Today, Many people rarely",cau_unemb,0.9,1,48,0.91498,0.44108,0.93509,0.94264,0.15284
228,"Today, Many people rarely",cau_unemb,0.99,1,59,0.99022,0.58079,1.46712,1.46298,0.15477
228,"Today, Many people rarely",dua_unemb,0.3,1,2,0.89766,0.6134,0.77517,0.77377,0.10463
228,"Today, Many people rarely",dua_unemb,0.5,1,2,0.89766,0.6134,0.77517,0.77377,0.10463
228,"Today, Many people rarely",dua_unemb,0.7,1,2,0.89766,0.6134,0.77517,0.77377,0.10463
228,"Today, Many people rarely",dua_unemb,0.9,1,3,0.99759,0.66167,1.9099,1.88624,0.10481
228,"Today, Many people rarely",dua_unemb,0.99,1,3,0.99759,0.66167,1.9099,1.88624,0.10481
228,"Today, Many people rarely",euc_dmd,0.3,1,2,0.96488,0.43116,1.42683,1.43328,0.16832
228,"Today, Many people rarely",euc_dmd,0.5,1,2,0.96488,0.43116,1.42683,1.43328,0.16832
228,"Today, Many people rarely",euc_dmd,0.7,1,2,0.96488,0.43116,1.42683,1.43328,0.16832
228,"Today, Many people rarely",euc_dmd,0.9,1,2,0.96488,0.43116,1.42683,1.43328,0.16832
228,"Today, Many people rarely",euc_dmd,0.99,1,3,0.99981,0.63491,3.04106,3.01674,0.17838
228,"Today, Many people rarely",cau_dmd,0.3,1,14,0.33652,0.24648,0.97587,0.98984,0.17822
228,"Today, Many people rarely",cau_dmd,0.5,1,16,0.5638,0.25175,1.15644,1.16951,0.18012
228,"Today, Many people rarely",cau_dmd,0.7,1,18,0.76455,0.28618,1.33121,1.34228,0.17358
228,"Today, Many people rarely",cau_dmd,0.9,1,21,0.92652,0.36616,1.65996,1.66585,0.17605
228,"Today, Many people rarely",cau_dmd,0.99,1,26,0.99128,0.46051,2.48132,2.474,0.17401
228,"Today, Many people rarely",dua_dmd,0.3,1,2,0.9173,0.60891,0.88614,0.88596,0.12962
228,"Today, Many people rarely",dua_dmd,0.5,1,2,0.9173,0.60891,0.88614,0.88596,0.12962
228,"Today, Many people rarely",dua_dmd,0.7,1,2,0.9173,0.60891,0.88614,0.88596,0.12962
228,"Today, Many people rarely",dua_dmd,0.9,1,2,0.9173,0.60891,0.88614,0.88596,0.12962
228,"Today, Many people rarely",dua_dmd,0.99,1,3,0.99756,0.67662,1.95336,1.93673,0.14237
201,"Over time, I really",euc_ctx,0.3,1,7,0.5102,0.0362,0.77283,0.76931,0.04505
201,"Over time, I really",euc_ctx,0.5,1,7,0.5102,0.0362,0.77283,0.76931,0.04505
201,"Over time, I really",euc_ctx,0.7,1,8,0.72022,0.0425,0.82191,0.81708,0.05897
201,"Over time, I really",euc_ctx,0.9,1,10,0.93607,0.08438,0.85552,0.84746,0.08923
201,"Over time, I really",euc_ctx,0.99,1,13,0.99413,0.25313,1.05915,1.04357,0.11479
201,"Over time, I really",cau_ctx,0.3,0,,,,,,
201,"Over time, I really",cau_ctx,0.5,0,,,,,,
201,"Over time, I really",cau_ctx,0.7,0,,,,,,
201,"Over time, I really",cau_ctx,0.9,0,,,,,,
201,"Over time, I really",cau_ctx,0.99,0,,,,,,
201,"Over time, I really",dua_ctx,0.3,1,10,0.39532,0.17026,0.21112,0.21209,0.08332
201,"Over time, I really",dua_ctx,0.5,1,11,0.50365,0.17235,0.24716,0.24727,0.08468
201,"Over time, I really",dua_ctx,0.7,1,14,0.77632,0.19245,0.38046,0.37685,0.08532
201,"Over time, I really",dua_ctx,0.9,1,17,0.92113,0.2291,0.56493,0.55599,0.03029
201,"Over time, I really",dua_ctx,0.99,1,23,0.9931,0.32719,1.0846,1.06115,0.09944
201,"Over time, I really",euc_unemb,0.3,1,2,0.95273,0.05468,1.18909,1.17996,0.15773
201,"Over time, I really",euc_unemb,0.5,1,2,0.95273,0.05468,1.18909,1.17996,0.15773
201,"Over time, I really",euc_unemb,0.7,1,2,0.95273,0.05468,1.18909,1.17996,0.15773
201,"Over time, I really",euc_unemb,0.9,1,2,0.95273,0.05468,1.18909,1.17996,0.15773
201,"Over time, I really",euc_unemb,0.99,1,3,0.99974,0.34557,1.98753,1.96239,0.14745
201,"Over time, I really",cau_unemb,0.3,1,32,0.30543,0.0472,0.60327,0.60138,0.0952
201,"Over time, I really",cau_unemb,0.5,1,37,0.52503,0.04574,0.70677,0.70354,0.09943
201,"Over time, I really",cau_unemb,0.7,1,42,0.73411,0.05286,0.79523,0.79036,0.1191
201,"Over time, I really",cau_unemb,0.9,1,49,0.90783,0.07876,0.92274,0.91493,0.11936
201,"Over time, I really",cau_unemb,0.99,1,62,0.99028,0.17712,1.31076,1.29505,0.1442
201,"Over time, I really",dua_unemb,0.3,1,2,0.81079,0.34509,0.35462,0.35403,0.13372
201,"Over time, I really",dua_unemb,0.5,1,2,0.81079,0.34509,0.35462,0.35403,0.13372
201,"Over time, I really",dua_unemb,0.7,1,2,0.81079,0.34509,0.35462,0.35403,0.13372
201,"Over time, I really",dua_unemb,0.9,1,3,0.98259,0.47166,0.95613,0.94174,0.16124
201,"Over time, I really",dua_unemb,0.99,1,4,0.99915,0.54204,1.79763,1.76369,0.16236
201,"Over time, I really",euc_dmd,0.3,1,2,0.94114,0.0221,1.52931,1.51566,0.12813
201,"Over time, I really",euc_dmd,0.5,1,2,0.94114,0.0221,1.52931,1.51566,0.12813
201,"Over time, I really",euc_dmd,0.7,1,2,0.94114,0.0221,1.52931,1.51566,0.12813
201,"Over time, I really",euc_dmd,0.9,1,2,0.94114,0.0221,1.52931,1.51566,0.12813
201,"Over time, I really",euc_dmd,0.99,1,3,0.99929,0.0882,2.21765,2.18873,0.13621
201,"Over time, I really",cau_dmd,0.3,1,13,0.36684,0.02054,1.21684,1.21039,0.11941
201,"Over time, I really",cau_dmd,0.5,1,15,0.58848,0.0168,1.54154,1.53166,0.12482
201,"Over time, I really",cau_dmd,0.7,1,17,0.77619,0.0156,1.89538,1.88134,0.12606
201,"Over time, I really",cau_dmd,0.9,1,20,0.92709,0.01585,2.48528,2.46385,0.12677
201,"Over time, I really",cau_dmd,0.99,1,25,0.99045,0.01705,3.58943,3.55373,0.14402
201,"Over time, I really",dua_dmd,0.3,1,2,0.8726,0.33195,0.40371,0.40282,0.12269
201,"Over time, I really",dua_dmd,0.5,1,2,0.8726,0.33195,0.40371,0.40282,0.12269
201,"Over time, I really",dua_dmd,0.7,1,2,0.8726,0.33195,0.40371,0.40282,0.12269
201,"Over time, I really",dua_dmd,0.9,1,3,0.9891,0.43323,1.00754,0.99402,0.15039
201,"Over time, I really",dua_dmd,0.99,1,4,0.99938,0.4936,1.79435,1.76354,0.15865
223,"Honestly, Voters now",euc_ctx,0.3,1,5,0.36849,0.32578,0.44256,0.45406,0.04567
223,"Honestly, Voters now",euc_ctx,0.5,1,6,0.60657,0.33356,0.53974,0.55104,0.05025
223,"Honestly, Voters now",euc_ctx,0.7,1,7,0.8016,0.38348,0.60313,0.61318,0.047
223,"Honestly, Voters now",euc_ctx,0.9,1,8,0.91287,0.46254,0.67398,0.68177,0.04668
223,"Honestly, Voters now",euc_ctx,0.99,1,11,0.99401,0.69293,1.16545,1.16171,0.0458
223,"Honestly, Voters now",cau_ctx,0.3,0,,,,,,
223,"Honestly, Voters now",cau_ctx,0.5,0,,,,,,
223,"Honestly, Voters now",cau_ctx,0.7,0,,,,,,
223,"Honestly, Voters now",cau_ctx,0.9,0,,,,,,
223,"Honestly, Voters now",cau_ctx,0.99,0,,,,,,
223,"Honestly, Voters now",dua_ctx,0.3,1,11,0.33003,0.52696,0.30305,0.31023,0.03989
223,"Honestly, Voters now",dua_ctx,0.5,1,15,0.52206,0.52396,0.54868,0.55285,0.04242
223,"Honestly, Voters now",dua_ctx,0.7,1,19,0.70854,0.52879,0.87663,0.87577,0.04693
223,"Honestly, Voters now",dua_ctx,0.9,1,25,0.92248,0.55942,1.54532,1.53345,0.05143
223,"Honestly, Voters now",dua_ctx,0.99,1,30,0.99036,0.61357,2.33734,2.31272,0.05223
223,"Honestly, Voters now",euc_unemb,0.3,1,1,0.33754,0.31529,0.40444,0.41717,0.17945
223,"Honestly, Voters now",euc_unemb,0.5,1,2,0.98488,0.53907,1.18713,1.18872,0.223
223,"Honestly, Voters now",euc_unemb,0.7,1,2,0.98488,0.53907,1.18713,1.18872,0.223
223,"Honestly, Voters now",euc_unemb,0.9,1,2,0.98488,0.53907,1.18713,1.18872,0.223
223,"Honestly, Voters now",euc_unemb,0.99,1,3,0.99988,0.5444,3.05346,3.02628,0.22467
223,"Honestly, Voters now",cau_unemb,0.3,1,25,0.32224,0.32523,0.31298,0.32293,0.01664
223,"Honestly, Voters now",cau_unemb,0.5,1,29,0.50065,0.32655,0.35588,0.36589,0.01854
223,"Honestly, Voters now",cau_unemb,0.7,1,34,0.7173,0.36404,0.38301,0.3922,0.05062
223,"Honestly, Voters now",cau_unemb,0.9,1,41,0.90227,0.46713,0.43852,0.44475,0.05236
223,"Honestly, Voters now",cau_unemb,0.99,1,55,0.99164,0.66483,0.84377,0.83887,0.05347
223,"Honestly, Voters now",dua_unemb,0.3,1,2,0.8284,0.57636,0.48881,0.49078,0.16228
223,"Honestly, Voters now",dua_unemb,0.5,1,2,0.8284,0.57636,0.48881,0.49078,0.16228
223,"Honestly, Voters now",dua_unemb,0.7,1,2,0.8284,0.57636,0.48881,0.49078,0.16228
223,"Honestly, Voters now",dua_unemb,0.9,1,3,0.98057,0.62349,1.20205,1.19104,0.17648
223,"Honestly, Voters now",dua_unemb,0.99,1,4,0.99946,0.64667,2.32492,2.29334,0.17738
223,"Honestly, Voters now",euc_dmd,0.3,1,1,0.38055,0.27191,0.46941,0.48252,0.02032
223,"Honestly, Voters now",euc_dmd,0.5,1,2,0.98722,0.53194,0.90841,0.9131,0.17821
223,"Honestly, Voters now",euc_dmd,0.7,1,2,0.98722,0.53194,0.90841,0.9131,0.17821
223,"Honestly, Voters now",euc_dmd,0.9,1,2,0.98722,0.53194,0.90841,0.9131,0.17821
223,"Honestly, Voters now",euc_dmd,0.99,1,3,0.99988,0.65779,2.22786,2.20934,0.20748
223,"Honestly, Voters now",cau_dmd,0.3,1,10,0.3783,0.26483,0.49749,0.50912,0.06384
223,"Honestly, Voters now",cau_dmd,0.5,1,12,0.61181,0.27358,0.5704,0.582,0.06447
223,"Honestly, Voters now",cau_dmd,0.7,1,13,0.71579,0.29262,0.59319,0.60443,0.06306
223,"Honestly, Voters now",cau_dmd,0.9,1,16,0.90882,0.39382,0.67265,0.68136,0.05721
223,"Honestly, Voters now",cau_dmd,0.99,1,22,0.9927,0.60561,1.17292,1.17075,0.0587
223,"Honestly, Voters now",dua_dmd,0.3,1,1,0.30135,0.49381,0.13958,0.14598,0.04036
223,"Honestly, Voters now",dua_dmd,0.5,1,2,0.92182,0.61703,0.56322,0.56471,0.04675
223,"Honestly, Voters now",dua_dmd,0.7,1,2,0.92182,0.61703,0.56322,0.56471,0.04675
223,"Honestly, Voters now",dua_dmd,0.9,1,2,0.92182,0.61703,0.56322,0.56471,0.04675
223,"Honestly, Voters now",dua_dmd,0.99,1,3,0.99749,0.68851,1.37304,1.36315,0.05221
1,Most doctors,euc_ctx,0.3,1,6,0.40559,0.05761,0.44033,0.44276,0.19511
1,Most doctors,euc_ctx,0.5,1,7,0.5976,0.05813,0.51501,0.51708,0.1972
1,Most doctors,euc_ctx,0.7,1,8,0.76275,0.0667,0.57132,0.5729,0.19612
1,Most doctors,euc_ctx,0.9,1,10,0.93644,0.11058,0.67075,0.67076,0.19326
1,Most doctors,euc_ctx,0.99,1,13,0.99251,0.25161,0.95258,0.9483,0.14793
1,Most doctors,cau_ctx,0.3,0,,,,,,
1,Most doctors,cau_ctx,0.5,0,,,,,,
1,Most doctors,cau_ctx,0.7,0,,,,,,
1,Most doctors,cau_ctx,0.9,0,,,,,,
1,Most doctors,cau_ctx,0.99,0,,,,,,
1,Most doctors,dua_ctx,0.3,1,10,0.33055,0.16511,0.16537,0.16987,0.15274
1,Most doctors,dua_ctx,0.5,1,13,0.55565,0.1688,0.2715,0.27465,0.15904
1,Most doctors,dua_ctx,0.7,1,16,0.75641,0.18287,0.40805,0.40883,0.13841
1,Most doctors,dua_ctx,0.9,1,20,0.92442,0.21686,0.65483,0.65111,0.06362
1,Most doctors,dua_ctx,0.99,1,25,0.99032,0.27844,1.1103,1.09893,0.06675
1,Most doctors,euc_unemb,0.3,1,2,0.93103,0.15523,0.97788,0.98363,0.2006
1,Most doctors,euc_unemb,0.5,1,2,0.93103,0.15523,0.97788,0.98363,0.2006
1,Most doctors,euc_unemb,0.7,1,2,0.93103,0.15523,0.97788,0.98363,0.2006
1,Most doctors,euc_unemb,0.9,1,2,0.93103,0.15523,0.97788,0.98363,0.2006
1,Most doctors,euc_unemb,0.99,1,3,0.99853,0.3901,2.52142,2.51374,0.21036
1,Most doctors,cau_unemb,0.3,1,29,0.32676,0.07088,0.27638,0.27938,0.18665
1,Most doctors,cau_unemb,0.5,1,34,0.50719,0.06992,0.32917,0.33201,0.18174
1,Most doctors,cau_unemb,0.7,1,40,0.7164,0.08041,0.37809,0.38046,0.18453
1,Most doctors,cau_unemb,0.9,1,49,0.90581,0.1231,0.45971,0.46063,0.17678
1,Most doctors,cau_unemb,0.99,1,65,0.99008,0.27393,0.8279,0.82329,0.11748
1,Most doctors,dua_unemb,0.3,1,2,0.77668,0.24772,0.26694,0.27004,0.11944
1,Most doctors,dua_unemb,0.5,1,2,0.77668,0.24772,0.26694,0.27004,0.11944
1,Most doctors,dua_unemb,0.7,1,2,0.77668,0.24772,0.26694,0.27004,0.11944
1,Most doctors,dua_unemb,0.9,1,3,0.97825,0.362,0.68568,0.68064,0.06424
1,Most doctors,dua_unemb,0.99,1,4,0.99862,0.4455,1.24738,1.23088,0.09549
1,Most doctors,euc_dmd,0.3,1,2,0.94136,0.1002,0.82732,0.83026,0.16527
1,Most doctors,euc_dmd,0.5,1,2,0.94136,0.1002,0.82732,0.83026,0.16527
1,Most doctors,euc_dmd,0.7,1,2,0.94136,0.1002,0.82732,0.83026,0.16527
1,Most doctors,euc_dmd,0.9,1,2,0.94136,0.1002,0.82732,0.83026,0.16527
1,Most doctors,euc_dmd,0.99,1,3,0.99857,0.29762,1.719,1.71278,0.11763
1,Most doctors,cau_dmd,0.3,1,11,0.31636,0.05244,0.4199,0.42216,0.19711
1,Most doctors,cau_dmd,0.5,1,14,0.59147,0.04972,0.5401,0.54172,0.19975
1,Most doctors,cau_dmd,0.7,1,16,0.75293,0.05608,0.60479,0.60574,0.19871
1,Most doctors,cau_dmd,0.9,1,19,0.90056,0.07768,0.70744,0.70695,0.19431
1,Most doctors,cau_dmd,0.99,1,26,0.99014,0.17635,1.16393,1.15723,0.10454
1,Most doctors,dua_dmd,0.3,1,2,0.8613,0.2472,0.30566,0.30834,0.057
1,Most doctors,dua_dmd,0.5,1,2,0.8613,0.2472,0.30566,0.30834,0.057
1,Most doctors,dua_dmd,0.7,1,2,0.8613,0.2472,0.30566,0.30834,0.057
1,Most doctors,dua_dmd,0.9,1,3,0.99303,0.35458,0.78046,0.77538,0.06597
1,Most doctors,dua_dmd,0.99,1,3,0.99303,0.35458,0.78046,0.77538,0.06597
215,"At home, Many people also",euc_ctx,0.3,1,6,0.40386,0.11105,0.83118,0.83778,0.10207
215,"At home, Many people also",euc_ctx,0.5,1,7,0.63242,0.1164,0.95097,0.95696,0.10097
215,"At home, Many people also",euc_ctx,0.7,1,8,0.81138,0.14312,1.0241,1.02906,0.09775
215,"At home, Many people also",euc_ctx,0.9,1,9,0.91354,0.19171,1.08831,1.09177,0.09143
215,"At home, Many people also",euc_ctx,0.99,1,12,0.99284,0.43111,1.52126,1.51668,0.03687
215,"At home, Many people also",cau_ctx,0.3,0,,,,,,
215,"At home, Many people also",cau_ctx,0.5,0,,,,,,
215,"At home, Many people also",cau_ctx,0.7,0,,,,,,
215,"At home, Many people also",cau_ctx,0.9,0,,,,,,
215,"At home, Many people also",cau_ctx,0.99,0,,,,,,
215,"At home, Many people also",dua_ctx,0.3,1,11,0.35867,0.33178,0.36331,0.37131,0.02317
215,"At home, Many people also",dua_ctx,0.5,1,14,0.5602,0.33242,0.58627,0.59253,0.03599
215,"At home, Many people also",dua_ctx,0.7,1,17,0.74656,0.34227,0.87376,0.87704,0.03942
215,"At home, Many people also",dua_ctx,0.9,1,21,0.9142,0.37702,1.38231,1.37958,0.03982
215,"At home, Many people also",dua_ctx,0.99,1,28,0.99066,0.48433,2.66568,2.64687,0.03842
215,"At home, Many people also",euc_unemb,0.3,1,2,0.97701,0.21749,1.28763,1.28756,0.08426
215,"At home, Many people also",euc_unemb,0.5,1,2,0.97701,0.21749,1.28763,1.28756,0.08426
215,"At home, Many people also",euc_unemb,0.7,1,2,0.97701,0.21749,1.28763,1.28756,0.08426
215,"At home, Many people also",euc_unemb,0.9,1,2,0.97701,0.21749,1.28763,1.28756,0.08426
215,"At home, Many people also",euc_unemb,0.99,1,3,0.99985,0.46202,2.92876,2.90551,0.08406
215,"At home, Many people also",cau_unemb,0.3,1,29,0.30272,0.1354,0.49003,0.4968,0.09881
215,"At home, Many people also",cau_unemb,0.5,1,34,0.51984,0.13641,0.56429,0.57088,0.09851
215,"At home, Many people also",cau_unemb,0.7,1,39,0.72876,0.16099,0.60755,0.61346,0.09364
215,"At home, Many people also",cau_unemb,0.9,1,46,0.9048,0.23847,0.67414,0.67811,0.07848
215,"At home, Many people also",cau_unemb,0.99,1,60,0.99137,0.47884,1.11205,1.10764,0.03107
215,"At home, Many people also",dua_unemb,0.3,1,2,0.91565,0.52843,0.63317,0.63238,0.07639
215,"At home, Many people also",dua_unemb,0.5,1,2,0.91565,0.52843,0.63317,0.63238,0.07639
215,"At home, Many people also",dua_unemb,0.7,1,2,0.91565,0.52843,0.63317,0.63238,0.07639
215,"At home, Many people also",dua_unemb,0.9,1,2,0.91565,0.52843,0.63317,0.63238,0.07639
215,"At home, Many people also",dua_unemb,0.99,1,3,0.99798,0.60482,1.77748,1.76133,0.08274
215,"At home, Many people also",euc_dmd,0.3,1,2,0.97148,0.13161,1.45581,1.45388,0.09024
215,"At home, Many people also",euc_dmd,0.5,1,2,0.97148,0.13161,1.45581,1.45388,0.09024
215,"At home, Many people also",euc_dmd,0.7,1,2,0.97148,0.13161,1.45581,1.45388,0.09024
215,"At home, Many people also",euc_dmd,0.9,1,2,0.97148,0.13161,1.45581,1.45388,0.09024
215,"At home, Many people also",euc_dmd,0.99,1,3,0.99972,0.39816,2.43848,2.41999,0.08683
215,"At home, Many people also",cau_dmd,0.3,1,13,0.39412,0.09522,0.8278,0.83314,0.10129
215,"At home, Many people also",cau_dmd,0.5,1,15,0.6012,0.09717,0.93783,0.94238,0.09914
215,"At home, Many people also",cau_dmd,0.7,1,17,0.77527,0.11327,1.02882,1.03218,0.09708
215,"At home, Many people also",cau_dmd,0.9,1,20,0.92111,0.16267,1.17989,1.18062,0.08075
215,"At home, Many people also",cau_dmd,0.99,1,26,0.99201,0.31197,1.74131,1.73309,0.06361
215,"At home, Many people also",dua_dmd,0.3,1,2,0.94029,0.54079,0.66547,0.66477,0.05519
215,"At home, Many people also",dua_dmd,0.5,1,2,0.94029,0.54079,0.66547,0.66477,0.05519
215,"At home, Many people also",dua_dmd,0.7,1,2,0.94029,0.54079,0.66547,0.66477,0.05519
215,"At home, Many people also",dua_dmd,0.9,1,2,0.94029,0.54079,0.66547,0.66477,0.05519
215,"At home, Many people also",dua_dmd,0.99,1,3,0.99833,0.61922,1.69373,1.68112,0.02569
225,"Usually, Many people just",euc_ctx,0.3,1,7,0.51629,0.18248,0.93855,0.94932,0.1604
225,"Usually, Many people just",euc_ctx,0.5,1,7,0.51629,0.18248,0.93855,0.94932,0.1604
225,"Usually, Many people just",euc_ctx,0.7,1,8,0.72842,0.20807,1.06834,1.07798,0.18543
225,"Usually, Many people just",euc_ctx,0.9,1,10,0.94089,0.32822,1.3518,1.35672,0.16941
225,"Usually, Many people just",euc_ctx,0.99,1,13,0.99491,0.51946,2.18501,2.17715,0.16913
225,"Usually, Many people just",cau_ctx,0.3,0,,,,,,
225,"Usually, Many people just",cau_ctx,0.5,0,,,,,,
225,"Usually, Many people just",cau_ctx,0.7,0,,,,,,
225,"Usually, Many people just",cau_ctx,0.9,0,,,,,,
225,"Usually, Many people just",cau_ctx,0.99,0,,,,,,
225,"Usually, Many people just",dua_ctx,0.3,1,11,0.30728,0.37157,0.34626,0.35316,0.02264
225,"Usually, Many people just",dua_ctx,0.5,1,15,0.56048,0.37155,0.6009,0.60426,0.02347
225,"Usually, Many people just",dua_ctx,0.7,1,18,0.73067,0.38216,0.84681,0.84606,0.02369
225,"Usually, Many people just",dua_ctx,0.9,1,23,0.91266,0.42231,1.40185,1.39166,0.11966
225,"Usually, Many people just",dua_ctx,0.99,1,31,0.99099,0.51986,2.94886,2.91699,0.16737
225,"Usually, Many people just",euc_unemb,0.3,1,2,0.95576,0.26779,1.49984,1.50444,0.19932
225,"Usually, Many people just",euc_unemb,0.5,1,2,0.95576,0.26779,1.49984,1.50444,0.19932
225,"Usually, Many people just",euc_unemb,0.7,1,2,0.95576,0.26779,1.49984,1.50444,0.19932
225,"Usually, Many people just",euc_unemb,0.9,1,2,0.95576,0.26779,1.49984,1.50444,0.19932
225,"Usually, Many people just",euc_unemb,0.99,1,3,0.99968,0.47217,3.34505,3.32429,0.19333
225,"Usually, Many people just",cau_unemb,0.3,1,32,0.30953,0.17375,0.70375,0.71266,0.17344
225,"Usually, Many people just",cau_unemb,0.5,1,37,0.52916,0.16884,0.86276,0.87086,0.19509
225,"Usually, Many people just",cau_unemb,0.7,1,41,0.70029,0.18162,0.98071,0.9876,0.20804
225,"Usually, Many people just",cau_unemb,0.9,1,49,0.90912,0.24311,1.24263,1.24552,0.20661
225,"Usually, Many people just",cau_unemb,0.99,1,62,0.99042,0.36056,1.91552,1.90759,0.18938
225,"Usually, Many people just",dua_unemb,0.3,1,2,0.86997,0.51928,0.65452,0.65602,0.18222
225,"Usually, Many people just",dua_unemb,0.5,1,2,0.86997,0.51928,0.65452,0.65602,0.18222
225,"Usually, Many people just",dua_unemb,0.7,1,2,0.86997,0.51928,0.65452,0.65602,0.18222
225,"Usually, Many people just",dua_unemb,0.9,1,3,0.99143,0.58982,1.74542,1.73138,0.16615
225,"Usually, Many people just",dua_unemb,0.99,1,3,0.99143,0.58982,1.74542,1.73138,0.16615
225,"Usually, Many people just",euc_dmd,0.3,1,2,0.95622,0.19663,1.77004,1.77401,0.22166
225,"Usually, Many people just",euc_dmd,0.5,1,2,0.95622,0.19663,1.77004,1.77401,0.22166
225,"Usually, Many people just",euc_dmd,0.7,1,2,0.95622,0.19663,1.77004,1.77401,0.22166
225,"Usually, Many people just",euc_dmd,0.9,1,2,0.95622,0.19663,1.77004,1.77401,0.22166
225,"Usually, Many people just",euc_dmd,0.99,1,3,0.99958,0.41242,3.30336,3.28623,0.21854
225,"Usually, Many people just",cau_dmd,0.3,1,13,0.32123,0.14916,1.01103,1.02171,0.22034
225,"Usually, Many people just",cau_dmd,0.5,1,15,0.5332,0.14294,1.22472,1.23462,0.23322
225,"Usually, Many people just",cau_dmd,0.7,1,17,0.73138,0.15484,1.4304,1.43879,0.2246
225,"Usually, Many people just",cau_dmd,0.9,1,20,0.90741,0.19618,1.78193,1.78656,0.21576
225,"Usually, Many people just",cau_dmd,0.99,1,26,0.99161,0.27494,2.81285,2.80487,0.21095
225,"Usually, Many people just",dua_dmd,0.3,1,2,0.91376,0.51076,0.81303,0.81336,0.15609
225,"Usually, Many people just",dua_dmd,0.5,1,2,0.91376,0.51076,0.81303,0.81336,0.15609
225,"Usually, Many people just",dua_dmd,0.7,1,2,0.91376,0.51076,0.81303,0.81336,0.15609
225,"Usually, Many people just",dua_dmd,0.9,1,2,0.91376,0.51076,0.81303,0.81336,0.15609
225,"Usually, Many people just",dua_dmd,0.99,1,3,0.9967,0.58203,2.07391,2.06143,0.17333
162,"At home, These kids",euc_ctx,0.3,1,6,0.34478,0.09656,0.67688,0.68265,0.2429
162,"At home, These kids",euc_ctx,0.5,1,7,0.5475,0.09823,0.8424,0.84771,0.29635
162,"At home, These kids",euc_ctx,0.7,1,8,0.73357,0.11431,0.99737,1.00185,0.30161
162,"At home, These kids",euc_ctx,0.9,1,10,0.93216,0.19355,1.33823,1.33975,0.28723
162,"At home, These kids",euc_ctx,0.99,1,13,0.99277,0.39551,2.1545,2.1477,0.27476
162,"At home, These kids",cau_ctx,0.3,0,,,,,,
162,"At home, These kids",cau_ctx,0.5,0,,,,,,
162,"At home, These kids",cau_ctx,0.7,0,,,,,,
162,"At home, These kids",cau_ctx,0.9,0,,,,,,
162,"At home, These kids",cau_ctx,0.99,0,,,,,,
162,"At home, These kids",dua_ctx,0.3,1,10,0.31865,0.18846,0.19868,0.20142,0.01014
162,"At home, These kids",dua_ctx,0.5,1,13,0.54472,0.19418,0.31347,0.3136,0.01369
162,"At home, These kids",dua_ctx,0.7,1,16,0.73659,0.21105,0.45623,0.4526,0.0295
162,"At home, These kids",dua_ctx,0.9,1,21,0.9229,0.25844,0.78921,0.77728,0.1473
162,"At home, These kids",dua_ctx,0.99,1,28,0.9929,0.34874,1.6108,1.58366,0.24289
162,"At home, These kids",euc_unemb,0.3,1,2,0.94952,0.17008,1.37435,1.37865,0.3081
162,"At home, These kids",euc_unemb,0.5,1,2,0.94952,0.17008,1.37435,1.37865,0.3081
162,"At home, These kids",euc_unemb,0.7,1,2,0.94952,0.17008,1.37435,1.37865,0.3081
162,"At home, These kids",euc_unemb,0.9,1,2,0.94952,0.17008,1.37435,1.37865,0.3081
162,"At home, These kids",euc_unemb,0.99,1,3,0.99934,0.48153,3.17037,3.15797,0.32257
162,"At home, These kids",cau_unemb,0.3,1,31,0.32395,0.08196,0.52776,0.53186,0.24291
162,"At home, These kids",cau_unemb,0.5,1,36,0.51625,0.08021,0.65558,0.65905,0.24406
162,"At home, These kids",cau_unemb,0.7,1,41,0.70286,0.08863,0.78122,0.78368,0.26315
162,"At home, These kids",cau_unemb,0.9,1,50,0.9073,0.12914,1.04361,1.04313,0.26695
162,"At home, These kids",cau_unemb,0.99,1,65,0.99017,0.24151,1.74661,1.73768,0.28245
162,"At home, These kids",dua_unemb,0.3,1,2,0.85878,0.31337,0.40473,0.40822,0.0533
162,"At home, These kids",dua_unemb,0.5,1,2,0.85878,0.31337,0.40473,0.40822,0.0533
162,"At home, These kids",dua_unemb,0.7,1,2,0.85878,0.31337,0.40473,0.40822,0.0533
162,"At home, These kids",dua_unemb,0.9,1,3,0.99213,0.44618,0.98804,0.97902,0.05709
162,"At home, These kids",dua_unemb,0.99,1,3,0.99213,0.44618,0.98804,0.97902,0.05709
162,"At home, These kids",euc_dmd,0.3,1,2,0.93643,0.10152,1.52606,1.52714,0.31699
162,"At home, These kids",euc_dmd,0.5,1,2,0.93643,0.10152,1.52606,1.52714,0.31699
162,"At home, These kids",euc_dmd,0.7,1,2,0.93643,0.10152,1.52606,1.52714,0.31699
162,"At home, These kids",euc_dmd,0.9,1,2,0.93643,0.10152,1.52606,1.52714,0.31699
162,"At home, These kids",euc_dmd,0.99,1,3,0.99876,0.31337,2.87309,2.86109,0.30583
162,"At home, These kids",cau_dmd,0.3,1,13,0.34719,0.07342,0.90913,0.91365,0.29846
162,"At home, These kids",cau_dmd,0.5,1,15,0.53022,0.06994,1.11967,1.12316,0.29922
162,"At home, These kids",cau_dmd,0.7,1,17,0.70328,0.07356,1.34358,1.34556,0.28902
162,"At home, These kids",cau_dmd,0.9,1,21,0.91028,0.09561,1.88617,1.88357,0.28931
162,"At home, These kids",cau_dmd,0.99,1,28,0.99163,0.1351,3.26041,3.24466,0.28135
162,"At home, These kids",dua_dmd,0.3,1,2,0.88639,0.2785,0.46934,0.47068,0.04753
162,"At home, These kids",dua_dmd,0.5,1,2,0.88639,0.2785,0.46934,0.47068,0.04753
162,"At home, These kids",dua_dmd,0.7,1,2,0.88639,0.2785,0.46934,0.47068,0.04753
162,"At home, These kids",dua_dmd,0.9,1,3,0.99472,0.38109,1.12037,1.11049,0.20782
162,"At home, These kids",dua_dmd,0.99,1,3,0.99472,0.38109,1.12037,1.11049,0.20782
266,Voters also,euc_ctx,0.3,1,6,0.36909,0.03779,0.49152,0.49143,0.0839
266,Voters also,euc_ctx,0.5,1,7,0.5732,0.03821,0.56637,0.56556,0.08409
266,Voters also,euc_ctx,0.7,1,8,0.75122,0.04523,0.61744,0.61579,0.08466
266,Voters also,euc_ctx,0.9,1,10,0.93418,0.08368,0.70085,0.69701,0.09122
266,Voters also,euc_ctx,0.99,1,13,0.9917,0.22815,0.97145,0.96236,0.07878
266,Voters also,cau_ctx,0.3,0,,,,,,
266,Voters also,cau_ctx,0.5,0,,,,,,
266,Voters also,cau_ctx,0.7,0,,,,,,
266,Voters also,cau_ctx,0.9,0,,,,,,
266,Voters also,cau_ctx,0.99,0,,,,,,
266,Voters also,dua_ctx,0.3,1,9,0.34132,0.12718,0.19018,0.19495,0.02841
266,Voters also,dua_ctx,0.5,1,11,0.55512,0.12898,0.27789,0.28179,0.02996
266,Voters also,dua_ctx,0.7,1,13,0.74427,0.13914,0.38298,0.38528,0.06468
266,Voters also,dua_ctx,0.9,1,16,0.91354,0.16821,0.58324,0.58191,0.06505
266,Voters also,dua_ctx,0.99,1,22,0.99057,0.25261,1.16439,1.15228,0.06608
266,Voters also,euc_unemb,0.3,1,2,0.94853,0.06126,0.86175,0.8575,0.0593
266,Voters also,euc_unemb,0.5,1,2,0.94853,0.06126,0.86175,0.8575,0.0593
266,Voters also,euc_unemb,0.7,1,2,0.94853,0.06126,0.86175,0.8575,0.0593
266,Voters also,euc_unemb,0.9,1,2,0.94853,0.06126,0.86175,0.8575,0.0593
266,Voters also,euc_unemb,0.99,1,3,0.99935,0.25141,1.78338,1.7662,0.08455
266,Voters also,cau_unemb,0.3,1,30,0.32134,0.04776,0.31849,0.31953,0.04596
266,Voters also,cau_unemb,0.5,1,35,0.51995,0.04783,0.36677,0.36738,0.04675
266,Voters also,cau_unemb,0.7,1,40,0.71145,0.05585,0.39881,0.39883,0.04767
266,Voters also,cau_unemb,0.9,1,48,0.90098,0.0897,0.44349,0.44213,0.07922
266,Voters also,cau_unemb,0.99,1,63,0.99026,0.24675,0.69347,0.68713,0.0789
266,Voters also,dua_unemb,0.3,1,2,0.85808,0.25404,0.33248,0.33382,0.04623
266,Voters also,dua_unemb,0.5,1,2,0.85808,0.25404,0.33248,0.33382,0.04623
266,Voters also,dua_unemb,0.7,1,2,0.85808,0.25404,0.33248,0.33382,0.04623
266,Voters also,dua_unemb,0.9,1,3,0.9936,0.38361,0.97563,0.9649,0.09304
266,Voters also,dua_unemb,0.99,1,3,0.9936,0.38361,0.97563,0.9649,0.09304
266,Voters also,euc_dmd,0.3,1,2,0.94999,0.03686,0.96712,0.95882,0.08224
266,Voters also,euc_dmd,0.5,1,2,0.94999,0.03686,0.96712,0.95882,0.08224
266,Voters also,euc_dmd,0.7,1,2,0.94999,0.03686,0.96712,0.95882,0.08224
266,Voters also,euc_dmd,0.9,1,2,0.94999,0.03686,0.96712,0.95882,0.08224
266,Voters also,euc_dmd,0.99,1,3,0.9991,0.15411,1.51987,1.50085,0.09824
266,Voters also,cau_dmd,0.3,1,12,0.32538,0.03428,0.49301,0.49275,0.08382
266,Voters also,cau_dmd,0.5,1,14,0.51438,0.03318,0.57483,0.57379,0.09318
266,Voters also,cau_dmd,0.7,1,17,0.76947,0.04106,0.67288,0.67037,0.09972
266,Voters also,cau_dmd,0.9,1,20,0.91034,0.06204,0.7729,0.76849,0.10026
266,Voters also,cau_dmd,0.99,1,27,0.99188,0.17391,1.21677,1.20523,0.07647
266,Voters also,dua_dmd,0.3,1,2,0.90938,0.24817,0.34228,0.34307,0.03303
266,Voters also,dua_dmd,0.5,1,2,0.90938,0.24817,0.34228,0.34307,0.03303
266,Voters also,dua_dmd,0.7,1,2,0.90938,0.24817,0.34228,0.34307,0.03303
266,Voters also,dua_dmd,0.9,1,2,0.90938,0.24817,0.34228,0.34307,0.03303
266,Voters also,dua_dmd,0.99,1,3,0.9967,0.36343,0.92255,0.91253,0.07867
186,"Every day, These kids always",euc_ctx,0.3,1,5,0.35203,0.33229,0.48269,0.49174,0.06397
186,"Every day, These kids always",euc_ctx,0.5,1,6,0.58103,0.32919,0.59523,0.60349,0.07
186,"Every day, These kids always",euc_ctx,0.7,1,7,0.77771,0.36336,0.67275,0.67918,0.0649
186,"Every day, These kids always",euc_ctx,0.9,1,9,0.95518,0.4897,0.86557,0.86551,0.0563
186,"Every day, These kids always",euc_ctx,0.99,1,11,0.99179,0.59738,1.22873,1.2194,0.0949
186,"Every day, These kids always",cau_ctx,0.3,0,,,,,,
186,"Every day, These kids always",cau_ctx,0.5,0,,,,,,
186,"Every day, These kids always",cau_ctx,0.7,0,,,,,,
186,"Every day, These kids always",cau_ctx,0.9,0,,,,,,
186,"Every day, These kids always",cau_ctx,0.99,0,,,,,,
186,"Every day, These kids always",dua_ctx,0.3,1,11,0.31235,0.52476,0.30857,0.31176,0.01338
186,"Every day, These kids always",dua_ctx,0.5,1,15,0.50383,0.51196,0.53366,0.53229,0.01747
186,"Every day, These kids always",dua_ctx,0.7,1,20,0.72737,0.5135,0.90842,0.89861,0.03817
186,"Every day, These kids always",dua_ctx,0.9,1,26,0.90693,0.54842,1.55059,1.52669,0.11556
186,"Every day, These kids always",dua_ctx,0.99,1,34,0.99265,0.6315,2.79808,2.74971,0.11698
186,"Every day, These kids always",euc_unemb,0.3,1,1,0.40683,0.29811,0.55362,0.56504,0.11167
186,"Every day, These kids always",euc_unemb,0.5,1,2,0.99057,0.52012,1.35111,1.34853,0.12741
186,"Every day, These kids always",euc_unemb,0.7,1,2,0.99057,0.52012,1.35111,1.34853,0.12741
186,"Every day, These kids always",euc_unemb,0.9,1,2,0.99057,0.52012,1.35111,1.34853,0.12741
186,"Every day, These kids always",euc_unemb,0.99,1,2,0.99057,0.52012,1.35111,1.34853,0.12741
186,"Every day, These kids always",cau_unemb,0.3,1,24,0.31375,0.34392,0.35319,0.36287,0.06154
186,"Every day, These kids always",cau_unemb,0.5,1,29,0.54309,0.34134,0.43501,0.4444,0.0658
186,"Every day, These kids always",cau_unemb,0.7,1,33,0.71778,0.36779,0.48613,0.49447,0.10176
186,"Every day, These kids always",cau_unemb,0.9,1,40,0.90515,0.45449,0.60474,0.60946,0.09932
186,"Every day, These kids always",cau_unemb,0.99,1,53,0.99078,0.59704,1.07652,1.06975,0.09438
186,"Every day, These kids always",dua_unemb,0.3,1,2,0.94225,0.64465,0.76062,0.75732,0.12006
186,"Every day, These kids always",dua_unemb,0.5,1,2,0.94225,0.64465,0.76062,0.75732,0.12006
186,"Every day, These kids always",dua_unemb,0.7,1,2,0.94225,0.64465,0.76062,0.75732,0.12006
186,"Every day, These kids always",dua_unemb,0.9,1,2,0.94225,0.64465,0.76062,0.75732,0.12006
186,"Every day, These kids always",dua_unemb,0.99,1,3,0.99916,0.68942,1.89098,1.86671,0.1327
186,"Every day, These kids always",euc_dmd,0.3,1,1,0.41059,0.25121,0.6665,0.67613,0.13802
186,"Every day, These kids always",euc_dmd,0.5,1,2,0.98914,0.44495,1.28756,1.28416,0.11473
186,"Every day, These kids always",euc_dmd,0.7,1,2,0.98914,0.44495,1.28756,1.28416,0.11473
186,"Every day, These kids always",euc_dmd,0.9,1,2,0.98914,0.44495,1.28756,1.28416,0.11473
186,"Every day, These kids always",euc_dmd,0.99,1,3,0.99989,0.61066,2.53974,2.5111,0.13239
186,"Every day, These kids always",cau_dmd,0.3,1,10,0.32293,0.29157,0.52727,0.53623,0.13014
186,"Every day, These kids always",cau_dmd,0.5,1,12,0.54021,0.28102,0.63927,0.6476,0.13152
186,"Every day, These kids always",cau_dmd,0.7,1,14,0.74041,0.30353,0.72679,0.73357,0.11814
186,"Every day, These kids always",cau_dmd,0.9,1,17,0.91287,0.3797,0.88352,0.88636,0.06852
186,"Every day, These kids always",cau_dmd,0.99,1,23,0.99218,0.53403,1.46085,1.45113,0.06059
186,"Every day, These kids always",dua_dmd,0.3,1,1,0.32832,0.50022,0.16773,0.17293,0.02139
186,"Every day, These kids always",dua_dmd,0.5,1,2,0.95145,0.62924,0.68614,0.68185,0.08947
186,"Every day, These kids always",dua_dmd,0.7,1,2,0.95145,0.62924,0.68614,0.68185,0.08947
186,"Every day, These kids always",dua_dmd,0.9,1,2,0.95145,0.62924,0.68614,0.68185,0.08947
186,"Every day, These kids always",dua_dmd,0.99,1,3,0.99873,0.68536,1.60575,1.58585,0.10732
214,"Over time, These kids just",euc_ctx,0.3,1,6,0.44076,0.06832,0.58188,0.58232,0.08186
214,"Over time, These kids just",euc_ctx,0.5,1,7,0.64852,0.0737,0.65804,0.65752,0.08207
214,"Over time, These kids just",euc_ctx,0.7,1,8,0.80925,0.0916,0.70954,0.7078,0.08114
214,"Over time, These kids just",euc_ctx,0.9,1,9,0.90537,0.12348,0.75921,0.75596,0.07862
214,"Over time, These kids just",euc_ctx,0.99,1,13,0.9951,0.37774,1.30558,1.29171,0.12349
214,"Over time, These kids just",cau_ctx,0.3,0,,,,,,
214,"Over time, These kids just",cau_ctx,0.5,0,,,,,,
214,"Over time, These kids just",cau_ctx,0.7,0,,,,,,
214,"Over time, These kids just",cau_ctx,0.9,0,,,,,,
214,"Over time, These kids just",cau_ctx,0.99,0,,,,,,
214,"Over time, These kids just",dua_ctx,0.3,1,9,0.31531,0.20499,0.18172,0.18372,0.0348
214,"Over time, These kids just",dua_ctx,0.5,1,12,0.56166,0.20846,0.30417,0.30358,0.0421
214,"Over time, These kids just",dua_ctx,0.7,1,14,0.70723,0.21833,0.40499,0.40193,0.05473
214,"Over time, These kids just",dua_ctx,0.9,1,19,0.92418,0.26569,0.76908,0.7574,0.06108
214,"Over time, These kids just",dua_ctx,0.99,1,26,0.99143,0.36219,1.6368,1.60786,0.06671
214,"Over time, These kids just",euc_unemb,0.3,1,2,0.97054,0.12785,1.25907,1.25426,0.13176
214,"Over time, These kids just",euc_unemb,0.5,1,2,0.97054,0.12785,1.25907,1.25426,0.13176
214,"Over time, These kids just",euc_unemb,0.7,1,2,0.97054,0.12785,1.25907,1.25426,0.13176
214,"Over time, These kids just",euc_unemb,0.9,1,2,0.97054,0.12785,1.25907,1.25426,0.13176
214,"Over time, These kids just",euc_unemb,0.99,1,3,0.99971,0.39569,2.58974,2.56724,0.17701
214,"Over time, These kids just",cau_unemb,0.3,1,28,0.32758,0.07885,0.44919,0.45093,0.07434
214,"Over time, These kids just",cau_unemb,0.5,1,33,0.53661,0.078,0.5365,0.53755,0.07564
214,"Over time, These kids just",cau_unemb,0.7,1,38,0.73292,0.09006,0.60658,0.60663,0.07298
214,"Over time, These kids just",cau_unemb,0.9,1,45,0.90131,0.13082,0.70654,0.70457,0.07328
214,"Over time, These kids just",cau_unemb,0.99,1,59,0.99001,0.28429,1.11264,1.10353,0.11682
214,"Over time, These kids just",dua_unemb,0.3,1,2,0.90461,0.395,0.6011,0.60022,0.13027
214,"Over time, These kids just",dua_unemb,0.5,1,2,0.90461,0.395,0.6011,0.60022,0.13027
214,"Over time, These kids just",dua_unemb,0.7,1,2,0.90461,0.395,0.6011,0.60022,0.13027
214,"Over time, These kids just",dua_unemb,0.9,1,2,0.90461,0.395,0.6011,0.60022,0.13027
214,"Over time, These kids just",dua_unemb,0.99,1,3,0.99526,0.49494,1.51163,1.49615,0.14554
214,"Over time, These kids just",euc_dmd,0.3,1,2,0.97061,0.07337,1.41578,1.40593,0.13696
214,"Over time, These kids just",euc_dmd,0.5,1,2,0.97061,0.07337,1.41578,1.40593,0.13696
214,"Over time, These kids just",euc_dmd,0.7,1,2,0.97061,0.07337,1.41578,1.40593,0.13696
214,"Over time, These kids just",euc_dmd,0.9,1,2,0.97061,0.07337,1.41578,1.40593,0.13696
214,"Over time, These kids just",euc_dmd,0.99,1,3,0.99956,0.2471,2.31623,2.29131,0.17951
214,"Over time, These kids just",cau_dmd,0.3,1,11,0.30463,0.05608,0.64113,0.64143,0.08264
214,"Over time, These kids just",cau_dmd,0.5,1,13,0.5017,0.05144,0.77337,0.77262,0.08
214,"Over time, These kids just",cau_dmd,0.7,1,16,0.7736,0.05968,0.93209,0.92933,0.07809
214,"Over time, These kids just",cau_dmd,0.9,1,19,0.91821,0.0854,1.08449,1.07911,0.07933
214,"Over time, These kids just",cau_dmd,0.99,1,25,0.991,0.18201,1.55722,1.54412,0.07307
214,"Over time, These kids just",dua_dmd,0.3,1,2,0.93435,0.37783,0.63016,0.62696,0.12482
214,"Over time, These kids just",dua_dmd,0.5,1,2,0.93435,0.37783,0.63016,0.62696,0.12482
214,"Over time, These kids just",dua_dmd,0.7,1,2,0.93435,0.37783,0.63016,0.62696,0.12482
214,"Over time, These kids just",dua_dmd,0.9,1,2,0.93435,0.37783,0.63016,0.62696,0.12482
214,"Over time, These kids just",dua_dmd,0.99,1,3,0.99745,0.46064,1.47145,1.4553,0.14077
65,"At home, You really",euc_ctx,0.3,1,7,0.43395,0.11321,0.89664,0.90027,0.25662
65,"At home, You really",euc_ctx,0.5,1,8,0.6529,0.12334,0.97349,0.97592,0.25837
65,"At home, You really",euc_ctx,0.7,1,9,0.81929,0.15413,1.00779,1.00855,0.2539
65,"At home, You really",euc_ctx,0.9,1,10,0.91464,0.2053,1.03978,1.03833,0.24437
65,"At home, You really",euc_ctx,0.99,1,13,0.99203,0.42223,1.40922,1.39715,0.23105
65,"At home, You really",cau_ctx,0.3,0,,,,,,
65,"At home, You really",cau_ctx,0.5,0,,,,,,
65,"At home, You really",cau_ctx,0.7,0,,,,,,
65,"At home, You really",cau_ctx,0.9,0,,,,,,
65,"At home, You really",cau_ctx,0.99,0,,,,,,
65,"At home, You really",dua_ctx,0.3,1,12,0.32638,0.34694,0.29704,0.29745,0.07215
65,"At home, You really",dua_ctx,0.5,1,15,0.51381,0.35021,0.43377,0.43013,0.07562
65,"At home, You really",dua_ctx,0.7,1,19,0.73284,0.37136,0.66535,0.65437,0.07889
65,"At home, You really",dua_ctx,0.9,1,24,0.90673,0.42235,1.08444,1.06142,0.08363
65,"At home, You really",dua_ctx,0.99,1,31,0.99207,0.52208,2.04028,1.99586,0.21444
65,"At home, You really",euc_unemb,0.3,1,2,0.90967,0.11019,1.60994,1.60819,0.22295
65,"At home, You really",euc_unemb,0.5,1,2,0.90967,0.11019,1.60994,1.60819,0.22295
65,"At home, You really",euc_unemb,0.7,1,2,0.90967,0.11019,1.60994,1.60819,0.22295
65,"At home, You really",euc_unemb,0.9,1,2,0.90967,0.11019,1.60994,1.60819,0.22295
65,"At home, You really",euc_unemb,0.99,1,3,0.99919,0.34796,2.70371,2.68252,0.21499
65,"At home, You really",cau_unemb,0.3,1,34,0.31398,0.09484,0.9075,0.90896,0.24986
65,"At home, You really",cau_unemb,0.5,1,39,0.5246,0.08909,1.0416,1.0416,0.25731
65,"At home, You really",cau_unemb,0.7,1,44,0.72593,0.09746,1.1389,1.13706,0.25709
65,"At home, You really",cau_unemb,0.9,1,52,0.91421,0.13776,1.26625,1.26053,0.25202
65,"At home, You really",cau_unemb,0.99,1,65,0.9901,0.24466,1.60853,1.59356,0.22726
65,"At home, You really",dua_unemb,0.3,1,2,0.66515,0.39833,0.40629,0.40838,0.15585
65,"At home, You really",dua_unemb,0.5,1,2,0.66515,0.39833,0.40629,0.40838,0.15585
65,"At home, You really",dua_unemb,0.7,1,3,0.93845,0.49179,1.04008,1.02727,0.18444
65,"At home, You really",dua_unemb,0.9,1,3,0.93845,0.49179,1.04008,1.02727,0.18444
65,"At home, You really",dua_unemb,0.99,1,4,0.99325,0.54733,1.97881,1.94449,0.19109
65,"At home, You really",euc_dmd,0.3,1,2,0.91921,0.07338,1.78961,1.78622,0.24045
65,"At home, You really",euc_dmd,0.5,1,2,0.91921,0.07338,1.78961,1.78622,0.24045
65,"At home, You really",euc_dmd,0.7,1,2,0.91921,0.07338,1.78961,1.78622,0.24045
65,"At home, You really",euc_dmd,0.9,1,2,0.91921,0.07338,1.78961,1.78622,0.24045
65,"At home, You really",euc_dmd,0.99,1,3,0.99878,0.22389,2.56,2.54021,0.2122
65,"At home, You really",cau_dmd,0.3,1,13,0.33368,0.07266,1.19925,1.20294,0.26366
65,"At home, You really",cau_dmd,0.5,1,15,0.54769,0.06727,1.39744,1.39964,0.26346
65,"At home, You really",cau_dmd,0.7,1,17,0.74116,0.07206,1.56472,1.56493,0.2528
65,"At home, You really",cau_dmd,0.9,1,20,0.90909,0.09224,1.817,1.81306,0.22182
65,"At home, You really",cau_dmd,0.99,1,26,0.99076,0.13784,2.59533,2.57867,0.19326
65,"At home, You really",dua_dmd,0.3,1,2,0.78611,0.39446,0.514,0.51439,0.16509
65,"At home, You really",dua_dmd,0.5,1,2,0.78611,0.39446,0.514,0.51439,0.16509
65,"At home, You really",dua_dmd,0.7,1,2,0.78611,0.39446,0.514,0.51439,0.16509
65,"At home, You really",dua_dmd,0.9,1,3,0.97703,0.47498,1.27351,1.2599,0.1323
65,"At home, You really",dua_dmd,0.99,1,4,0.99879,0.52869,2.29216,2.25967,0.14505
8,"At home, You always",euc_ctx,0.3,1,6,0.4351,0.1294,0.7314,0.73513,0.17541
8,"At home, You always",euc_ctx,0.5,1,7,0.65987,0.13751,0.77814,0.78085,0.17502
8,"At home, You always",euc_ctx,0.7,1,8,0.82766,0.16981,0.7596,0.76087,0.1704
8,"At home, You always",euc_ctx,0.9,1,9,0.92097,0.22584,0.72251,0.72186,0.16207
8,"At home, You always",euc_ctx,0.99,1,12,0.99314,0.48175,0.83947,0.82945,0.05771
8,"At home, You always",cau_ctx,0.3,0,,,,,,
8,"At home, You always",cau_ctx,0.5,0,,,,,,
8,"At home, You always",cau_ctx,0.7,0,,,,,,
8,"At home, You always",cau_ctx,0.9,0,,,,,,
8,"At home, You always",cau_ctx,0.99,0,,,,,,
8,"At home, You always",dua_ctx,0.3,1,11,0.34678,0.38622,0.24554,0.24806,0.04344
8,"At home, You always",dua_ctx,0.5,1,14,0.54213,0.38161,0.367,0.36609,0.04503
8,"At home, You always",dua_ctx,0.7,1,17,0.72521,0.38809,0.50977,0.50419,0.04777
8,"At home, You always",dua_ctx,0.9,1,21,0.90126,0.41821,0.74547,0.7318,0.04841
8,"At home, You always",dua_ctx,0.99,1,28,0.99166,0.52557,1.35404,1.321,0.05243
8,"At home, You always",euc_unemb,0.3,1,2,0.97761,0.26213,1.15732,1.15517,0.17057
8,"At home, You always",euc_unemb,0.5,1,2,0.97761,0.26213,1.15732,1.15517,0.17057
8,"At home, You always",euc_unemb,0.7,1,2,0.97761,0.26213,1.15732,1.15517,0.17057
8,"At home, You always",euc_unemb,0.9,1,2,0.97761,0.26213,1.15732,1.15517,0.17057
8,"At home, You always",euc_unemb,0.99,1,3,0.99982,0.5981,2.24622,2.22184,0.15556
8,"At home, You always",cau_unemb,0.3,1,28,0.33921,0.1591,0.54092,0.54665,0.17088
8,"At home, You always",cau_unemb,0.5,1,32,0.52179,0.15823,0.59519,0.60053,0.17116
8,"At home, You always",cau_unemb,0.7,1,37,0.73587,0.18275,0.61172,0.61613,0.1657
8,"At home, You always",cau_unemb,0.9,1,44,0.91105,0.26501,0.60172,0.60381,0.15912
8,"At home, You always",cau_unemb,0.99,1,57,0.99107,0.49791,0.78908,0.78301,0.14417
8,"At home, You always",dua_unemb,0.3,1,2,0.89863,0.58854,0.54009,0.53926,0.13398
8,"At home, You always",dua_unemb,0.5,1,2,0.89863,0.58854,0.54009,0.53926,0.13398
8,"At home, You always",dua_unemb,0.7,1,2,0.89863,0.58854,0.54009,0.53926,0.13398
8,"At home, You always",dua_unemb,0.9,1,3,0.99691,0.67529,1.29679,1.27754,0.14448
8,"At home, You always",dua_unemb,0.99,1,3,0.99691,0.67529,1.29679,1.27754,0.14448
8,"At home, You always",euc_dmd,0.3,1,2,0.97867,0.18273,1.25498,1.25003,0.1555
8,"At home, You always",euc_dmd,0.5,1,2,0.97867,0.18273,1.25498,1.25003,0.1555
8,"At home, You always",euc_dmd,0.7,1,2,0.97867,0.18273,1.25498,1.25003,0.1555
8,"At home, You always",euc_dmd,0.9,1,2,0.97867,0.18273,1.25498,1.25003,0.1555
8,"At home, You always",euc_dmd,0.99,1,3,0.99976,0.49853,1.86595,1.84265,0.17378
8,"At home, You always",cau_dmd,0.3,1,11,0.32818,0.11372,0.80645,0.81068,0.17435
8,"At home, You always",cau_dmd,0.5,1,13,0.54894,0.1071,0.93045,0.93367,0.17327
8,"At home, You always",cau_dmd,0.7,1,15,0.74831,0.11876,1.00227,1.00402,0.16329
8,"At home, You always",cau_dmd,0.9,1,18,0.91623,0.16543,1.08237,1.081,0.1644
8,"At home, You always",cau_dmd,0.99,1,24,0.99238,0.31148,1.44231,1.43093,0.13999
8,"At home, You always",dua_dmd,0.3,1,2,0.94201,0.59806,0.53643,0.53337,0.10438
8,"At home, You always",dua_dmd,0.5,1,2,0.94201,0.59806,0.53643,0.53337,0.10438
8,"At home, You always",dua_dmd,0.7,1,2,0.94201,0.59806,0.53643,0.53337,0.10438
8,"At home, You always",dua_dmd,0.9,1,2,0.94201,0.59806,0.53643,0.53337,0.10438
8,"At home, You always",dua_dmd,0.99,1,3,0.99883,0.67847,1.20582,1.18718,0.11167
