ctx_id,text,method,level,reached,step,P1,cf,kl,kl99,rd
234,"Honestly, Voters typically",euc_ctx,0.3,1,6,0.50848,0.24916,0.73211,0.74497,0.16088
234,"Honestly, Voters typically",euc_ctx,0.5,1,6,0.50848,0.24916,0.73211,0.74497,0.16088
234,"Honestly, Voters typically",euc_ctx,0.7,1,7,0.72484,0.27918,0.97087,0.9827,0.16781
234,"Honestly, Voters typically",euc_ctx,0.9,1,9,0.94154,0.39611,1.5855,1.59196,0.18077
234,"Honestly, Voters typically",euc_ctx,0.99,1,12,0.99512,0.53984,2.92323,2.916,0.18108
234,"Honestly, Voters typically",cau_ctx,0.3,0,,,,,,
234,"Honestly, Voters typically",cau_ctx,0.5,0,,,,,,
234,"Honestly, Voters typically",cau_ctx,0.7,0,,,,,,
234,"Honestly, Voters typically",cau_ctx,0.9,0,,,,,,
234,"Honestly, Voters typically",cau_ctx,0.99,0,,,,,,
234,"Honestly, Voters typically",dua_ctx,0.3,1,32,0.30119,0.36325,0.8445,0.8401,0.02532
234,"Honestly, Voters typically",dua_ctx,0.5,1,48,0.51208,0.33222,1.93201,1.90694,0.12014
234,"Honestly, Voters typically",dua_ctx,0.7,1,61,0.705,0.31657,3.26782,3.22184,0.14939
234,"Honestly, Voters typically",dua_ctx,0.9,1,78,0.90555,0.32169,5.89919,5.82628,0.17019
234,"Honestly, Voters typically",dua_ctx,0.99,1,98,0.9905,0.36733,10.12914,10.02938,0.19502
234,"Honestly, Voters typically",euc_unemb,0.3,1,1,0.34141,0.18776,0.45485,0.46681,0.05505
234,"Honestly, Voters typically",euc_unemb,0.5,1,2,0.98969,0.36001,2.01036,2.00829,0.18197
234,"Honestly, Voters typically",euc_unemb,0.7,1,2,0.98969,0.36001,2.01036,2.00829,0.18197
234,"Honestly, Voters typically",euc_unemb,0.9,1,2,0.98969,0.36001,2.01036,2.00829,0.18197
234,"Honestly, Voters typically",euc_unemb,0.99,1,3,0.99995,0.36947,5.03186,4.99662,0.18709
234,"Honestly, Voters typically",cau_unemb,0.3,1,26,0.31903,0.21713,0.33316,0.34359,0.04648
234,"Honestly, Voters typically",cau_unemb,0.5,1,30,0.50179,0.22362,0.42576,0.43624,0.05299
234,"Honestly, Voters typically",cau_unemb,0.7,1,35,0.72266,0.25628,0.57127,0.58079,0.13227
234,"Honestly, Voters typically",cau_unemb,0.9,1,42,0.90692,0.33157,0.89224,0.89818,0.15297
234,"Honestly, Voters typically",cau_unemb,0.99,1,55,0.99089,0.43341,1.90341,1.89713,0.16372
234,"Honestly, Voters typically",dua_unemb,0.3,1,2,0.75976,0.47012,0.46954,0.47149,0.03929
234,"Honestly, Voters typically",dua_unemb,0.5,1,2,0.75976,0.47012,0.46954,0.47149,0.03929
234,"Honestly, Voters typically",dua_unemb,0.7,1,2,0.75976,0.47012,0.46954,0.47149,0.03929
234,"Honestly, Voters typically",dua_unemb,0.9,1,3,0.94204,0.50414,0.99639,0.99003,0.06356
234,"Honestly, Voters typically",dua_unemb,0.99,1,5,0.99831,0.51884,2.90497,2.86995,0.17076
234,"Honestly, Voters typically",euc_dmd,0.3,1,1,0.34308,0.18036,0.51308,0.52582,0.05778
234,"Honestly, Voters typically",euc_dmd,0.5,1,2,0.98734,0.35651,1.91618,1.91793,0.17838
234,"Honestly, Voters typically",euc_dmd,0.7,1,2,0.98734,0.35651,1.91618,1.91793,0.17838
234,"Honestly, Voters typically",euc_dmd,0.9,1,2,0.98734,0.35651,1.91618,1.91793,0.17838
234,"Honestly, Voters typically",euc_dmd,0.99,1,3,0.9999,0.4231,4.53422,4.50833,0.18179
234,"Honestly, Voters typically",cau_dmd,0.3,1,11,0.32691,0.20636,0.5148,0.52656,0.06941
234,"Honestly, Voters typically",cau_dmd,0.5,1,13,0.53939,0.21381,0.6746,0.68631,0.06931
234,"Honestly, Voters typically",cau_dmd,0.7,1,15,0.73562,0.2431,0.87146,0.88209,0.11853
234,"Honestly, Voters typically",cau_dmd,0.9,1,18,0.90855,0.31077,1.29215,1.29907,0.1606
234,"Honestly, Voters typically",cau_dmd,0.99,1,24,0.99155,0.40129,2.59212,2.58563,0.16999
234,"Honestly, Voters typically",dua_dmd,0.3,1,2,0.84821,0.48989,0.61738,0.62071,0.1204
234,"Honestly, Voters typically",dua_dmd,0.5,1,2,0.84821,0.48989,0.61738,0.62071,0.1204
234,"Honestly, Voters typically",dua_dmd,0.7,1,2,0.84821,0.48989,0.61738,0.62071,0.1204
234,"Honestly, Voters typically",dua_dmd,0.9,1,3,0.97848,0.50274,1.37765,1.37615,0.16801
234,"Honestly, Voters typically",dua_dmd,0.99,1,4,0.9962,0.50906,2.47746,2.46746,0.17159
196,"In this case, You rarely",euc_ctx,0.3,1,7,0.3785,0.20789,0.96263,0.97008,0.33741
196,"In this case, You rarely",euc_ctx,0.5,1,8,0.6081,0.20957,1.0783,1.08436,0.33757
196,"In this case, You rarely",euc_ctx,0.7,1,9,0.79567,0.2432,1.1072,1.11121,0.33416
196,"In this case, You rarely",euc_ctx,0.9,1,10,0.90561,0.30282,1.08891,1.09016,0.32207
196,"In this case, You rarely",euc_ctx,0.99,1,13,0.99203,0.52121,1.18317,1.17197,0.28802
196,"In this case, You rarely",cau_ctx,0.3,0,,,,,,
196,"In this case, You rarely",cau_ctx,0.5,0,,,,,,
196,"In this case, You rarely",cau_ctx,0.7,0,,,,,,
196,"In this case, You rarely",cau_ctx,0.9,0,,,,,,
196,"In this case, You rarely",cau_ctx,0.99,0,,,,,,
196,"In this case, You rarely",dua_ctx,0.3,1,40,0.30149,0.64732,0.74003,0.70265,0.01727
196,"In this case, You rarely",dua_ctx,0.5,1,65,0.50197,0.64034,1.819,1.73242,0.05745
196,"In this case, You rarely",dua_ctx,0.7,1,96,0.70001,0.65577,3.321,3.19925,0.0687
196,"In this case, You rarely",dua_ctx,0.9,1,137,0.90234,0.69781,5.22765,5.08971,0.07658
196,"In this case, You rarely",dua_ctx,0.99,1,160,0.9913,0.71969,5.85025,5.70865,0.07908
196,"In this case, You rarely",euc_unemb,0.3,1,2,0.95211,0.4362,0.97433,0.97875,0.07798
196,"In this case, You rarely",euc_unemb,0.5,1,2,0.95211,0.4362,0.97433,0.97875,0.07798
196,"In this case, You rarely",euc_unemb,0.7,1,2,0.95211,0.4362,0.97433,0.97875,0.07798
196,"In this case, You rarely",euc_unemb,0.9,1,2,0.95211,0.4362,0.97433,0.97875,0.07798
196,"In this case, You rarely",euc_unemb,0.99,1,3,0.99972,0.64573,2.03906,2.01371,0.08472
196,"In this case, You rarely",cau_unemb,0.3,1,33,0.32194,0.24754,0.74976,0.75988,0.32504
196,"In this case, You rarely",cau_unemb,0.5,1,37,0.50976,0.23861,0.85223,0.86157,0.31193
196,"In this case, You rarely",cau_unemb,0.7,1,42,0.73417,0.2589,0.92099,0.92851,0.33811
196,"In this case, You rarely",cau_unemb,0.9,1,49,0.91507,0.32964,0.96823,0.97155,0.29768
196,"In this case, You rarely",cau_unemb,0.99,1,61,0.99091,0.45404,1.19863,1.19073,0.23819
196,"In this case, You rarely",dua_unemb,0.3,1,2,0.35948,0.65352,0.20717,0.21126,0.02506
196,"In this case, You rarely",dua_unemb,0.5,1,3,0.56714,0.66293,0.45128,0.44642,0.04826
196,"In this case, You rarely",dua_unemb,0.7,1,5,0.75082,0.68227,1.18155,1.14421,0.05829
196,"In this case, You rarely",dua_unemb,0.9,1,9,0.9316,0.72826,3.20634,3.09582,0.05985
196,"In this case, You rarely",dua_unemb,0.99,1,12,0.99691,0.75085,4.3364,4.19954,0.06617
196,"In this case, You rarely",euc_dmd,0.3,1,2,0.95442,0.27114,1.36849,1.37368,0.31334
196,"In this case, You rarely",euc_dmd,0.5,1,2,0.95442,0.27114,1.36849,1.37368,0.31334
196,"In this case, You rarely",euc_dmd,0.7,1,2,0.95442,0.27114,1.36849,1.37368,0.31334
196,"In this case, You rarely",euc_dmd,0.9,1,2,0.95442,0.27114,1.36849,1.37368,0.31334
196,"In this case, You rarely",euc_dmd,0.99,1,3,0.99963,0.50815,2.06579,2.0473,0.25071
196,"In this case, You rarely",cau_dmd,0.3,1,14,0.4066,0.16124,1.25306,1.2642,0.40646
196,"In this case, You rarely",cau_dmd,0.5,1,15,0.52433,0.15697,1.37426,1.38484,0.41668
196,"In this case, You rarely",cau_dmd,0.7,1,17,0.73811,0.16627,1.57864,1.58749,0.41712
196,"In this case, You rarely",cau_dmd,0.9,1,20,0.91757,0.20987,1.81987,1.82452,0.3909
196,"In this case, You rarely",cau_dmd,0.99,1,26,0.99339,0.29439,2.43398,2.42503,0.37599
196,"In this case, You rarely",dua_dmd,0.3,1,2,0.44997,0.64457,0.26727,0.27166,0.02038
196,"In this case, You rarely",dua_dmd,0.5,1,3,0.66927,0.64634,0.56131,0.55906,0.06172
196,"In this case, You rarely",dua_dmd,0.7,1,4,0.76617,0.65316,0.93005,0.91651,0.06418
196,"In this case, You rarely",dua_dmd,0.9,1,7,0.92085,0.68582,2.37586,2.31642,0.06965
196,"In this case, You rarely",dua_dmd,0.99,1,10,0.99707,0.72112,3.81262,3.71173,0.08604
239,"Usually, We always",euc_ctx,0.3,1,7,0.43523,0.14497,0.99608,1.00526,0.15546
239,"Usually, We always",euc_ctx,0.5,1,8,0.64945,0.15384,1.09433,1.10278,0.15095
239,"Usually, We always",euc_ctx,0.7,1,9,0.81359,0.18584,1.13672,1.14397,0.14209
239,"Usually, We always",euc_ctx,0.9,1,10,0.90952,0.23938,1.16556,1.17109,0.13054
239,"Usually, We always",euc_ctx,0.99,1,13,0.99068,0.46899,1.46316,1.46011,0.04545
239,"Usually, We always",cau_ctx,0.3,0,,,,,,
239,"Usually, We always",cau_ctx,0.5,0,,,,,,
239,"Usually, We always",cau_ctx,0.7,0,,,,,,
239,"Usually, We always",cau_ctx,0.9,0,,,,,,
239,"Usually, We always",cau_ctx,0.99,0,,,,,,
239,"Usually, We always",dua_ctx,0.3,1,37,0.30897,0.4755,0.95599,0.94773,0.02855
239,"Usually, We always",dua_ctx,0.5,1,52,0.50413,0.44582,1.92665,1.89757,0.03848
239,"Usually, We always",dua_ctx,0.7,1,66,0.70855,0.42649,3.10621,3.05444,0.04282
239,"Usually, We always",dua_ctx,0.9,1,83,0.9059,0.43209,4.79158,4.71417,0.05415
239,"Usually, We always",dua_ctx,0.99,1,113,0.99098,0.52542,6.93831,6.82824,0.05102
239,"Usually, We always",euc_unemb,0.3,1,2,0.95884,0.2305,1.28343,1.28918,0.134
239,"Usually, We always",euc_unemb,0.5,1,2,0.95884,0.2305,1.28343,1.28918,0.134
239,"Usually, We always",euc_unemb,0.7,1,2,0.95884,0.2305,1.28343,1.28918,0.134
239,"Usually, We always",euc_unemb,0.9,1,2,0.95884,0.2305,1.28343,1.28918,0.134
239,"Usually, We always",euc_unemb,0.99,1,3,0.99971,0.41086,2.73815,2.72031,0.14398
239,"Usually, We always",cau_unemb,0.3,1,32,0.32235,0.17769,0.60824,0.61855,0.13779
239,"Usually, We always",cau_unemb,0.5,1,37,0.54532,0.18044,0.68411,0.69425,0.14008
239,"Usually, We always",cau_unemb,0.7,1,41,0.71456,0.20331,0.71403,0.72358,0.1373
239,"Usually, We always",cau_unemb,0.9,1,49,0.91512,0.3011,0.76869,0.77561,0.12083
239,"Usually, We always",cau_unemb,0.99,1,62,0.99112,0.50936,1.1203,1.11848,0.05123
239,"Usually, We always",dua_unemb,0.3,1,2,0.62682,0.56405,0.28994,0.29276,0.08076
239,"Usually, We always",dua_unemb,0.5,1,2,0.62682,0.56405,0.28994,0.29276,0.08076
239,"Usually, We always",dua_unemb,0.7,1,3,0.88544,0.59023,0.71154,0.7076,0.08337
239,"Usually, We always",dua_unemb,0.9,1,4,0.97337,0.60668,1.32326,1.30745,0.10405
239,"Usually, We always",dua_unemb,0.99,1,5,0.99712,0.62215,2.18362,2.15212,0.10495
239,"Usually, We always",euc_dmd,0.3,1,2,0.95696,0.1577,1.48565,1.48972,0.15241
239,"Usually, We always",euc_dmd,0.5,1,2,0.95696,0.1577,1.48565,1.48972,0.15241
239,"Usually, We always",euc_dmd,0.7,1,2,0.95696,0.1577,1.48565,1.48972,0.15241
239,"Usually, We always",euc_dmd,0.9,1,2,0.95696,0.1577,1.48565,1.48972,0.15241
239,"Usually, We always",euc_dmd,0.99,1,3,0.99955,0.40662,2.32524,2.31209,0.14467
239,"Usually, We always",cau_dmd,0.3,1,13,0.30459,0.12835,0.91664,0.92558,0.15668
239,"Usually, We always",cau_dmd,0.5,1,15,0.5097,0.12159,1.05911,1.06747,0.14904
239,"Usually, We always",cau_dmd,0.7,1,17,0.70816,0.1325,1.16491,1.17219,0.14737
239,"Usually, We always",cau_dmd,0.9,1,21,0.92621,0.19812,1.36103,1.36444,0.11948
239,"Usually, We always",cau_dmd,0.99,1,27,0.9924,0.32698,1.92116,1.91416,0.1031
239,"Usually, We always",dua_dmd,0.3,1,2,0.74577,0.60112,0.35226,0.35389,0.02641
239,"Usually, We always",dua_dmd,0.5,1,2,0.74577,0.60112,0.35226,0.35389,0.02641
239,"Usually, We always",dua_dmd,0.7,1,2,0.74577,0.60112,0.35226,0.35389,0.02641
239,"Usually, We always",dua_dmd,0.9,1,3,0.96683,0.61393,0.87191,0.86951,0.04178
239,"Usually, We always",dua_dmd,0.99,1,4,0.99784,0.62973,1.63203,1.62103,0.0401
38,"Over time, Our customers usually",euc_ctx,0.3,1,6,0.42854,0.24564,0.75953,0.77281,0.08643
38,"Over time, Our customers usually",euc_ctx,0.5,1,7,0.66906,0.26077,0.93206,0.94447,0.08778
38,"Over time, Our customers usually",euc_ctx,0.7,1,8,0.84263,0.30896,1.09087,1.10135,0.08331
38,"Over time, Our customers usually",euc_ctx,0.9,1,9,0.93282,0.37707,1.27869,1.28622,0.07769
38,"Over time, Our customers usually",euc_ctx,0.99,1,12,0.9952,0.56095,2.16152,2.15573,0.07814
38,"Over time, Our customers usually",cau_ctx,0.3,0,,,,,,
38,"Over time, Our customers usually",cau_ctx,0.5,0,,,,,,
38,"Over time, Our customers usually",cau_ctx,0.7,0,,,,,,
38,"Over time, Our customers usually",cau_ctx,0.9,0,,,,,,
38,"Over time, Our customers usually",cau_ctx,0.99,0,,,,,,
38,"Over time, Our customers usually",dua_ctx,0.3,1,34,0.31091,0.47384,0.99401,0.99032,0.07293
38,"Over time, Our customers usually",dua_ctx,0.5,1,48,0.50909,0.4348,2.09393,2.07208,0.05695
38,"Over time, Our customers usually",dua_ctx,0.7,1,62,0.71274,0.41452,3.69464,3.64901,0.05991
38,"Over time, Our customers usually",dua_ctx,0.9,1,85,0.90155,0.43544,6.98854,6.90501,0.05223
38,"Over time, Our customers usually",dua_ctx,0.99,1,105,0.99103,0.47579,8.9515,8.84252,0.05988
38,"Over time, Our customers usually",euc_unemb,0.3,1,2,0.99114,0.42443,1.79479,1.79449,0.09872
38,"Over time, Our customers usually",euc_unemb,0.5,1,2,0.99114,0.42443,1.79479,1.79449,0.09872
38,"Over time, Our customers usually",euc_unemb,0.7,1,2,0.99114,0.42443,1.79479,1.79449,0.09872
38,"Over time, Our customers usually",euc_unemb,0.9,1,2,0.99114,0.42443,1.79479,1.79449,0.09872
38,"Over time, Our customers usually",euc_unemb,0.99,1,2,0.99114,0.42443,1.79479,1.79449,0.09872
38,"Over time, Our customers usually",cau_unemb,0.3,1,28,0.33624,0.24567,0.47194,0.48409,0.08848
38,"Over time, Our customers usually",cau_unemb,0.5,1,32,0.53618,0.25144,0.55401,0.56604,0.08486
38,"Over time, Our customers usually",cau_unemb,0.7,1,36,0.72468,0.28214,0.63085,0.642,0.07959
38,"Over time, Our customers usually",cau_unemb,0.9,1,43,0.91693,0.37961,0.82754,0.8351,0.07802
38,"Over time, Our customers usually",cau_unemb,0.99,1,54,0.99038,0.52379,1.42913,1.42655,0.08045
38,"Over time, Our customers usually",dua_unemb,0.3,1,2,0.76818,0.57008,0.47793,0.47734,0.08062
38,"Over time, Our customers usually",dua_unemb,0.5,1,2,0.76818,0.57008,0.47793,0.47734,0.08062
38,"Over time, Our customers usually",dua_unemb,0.7,1,2,0.76818,0.57008,0.47793,0.47734,0.08062
38,"Over time, Our customers usually",dua_unemb,0.9,1,3,0.96176,0.60075,1.115,1.10436,0.08665
38,"Over time, Our customers usually",dua_unemb,0.99,1,4,0.99853,0.61453,2.31971,2.29275,0.08588
38,"Over time, Our customers usually",euc_dmd,0.3,1,2,0.98822,0.36689,1.67003,1.67301,0.08592
38,"Over time, Our customers usually",euc_dmd,0.5,1,2,0.98822,0.36689,1.67003,1.67301,0.08592
38,"Over time, Our customers usually",euc_dmd,0.7,1,2,0.98822,0.36689,1.67003,1.67301,0.08592
38,"Over time, Our customers usually",euc_dmd,0.9,1,2,0.98822,0.36689,1.67003,1.67301,0.08592
38,"Over time, Our customers usually",euc_dmd,0.99,1,3,0.99993,0.4853,3.71672,3.69167,0.09526
38,"Over time, Our customers usually",cau_dmd,0.3,1,12,0.33766,0.21633,0.6628,0.6755,0.09366
38,"Over time, Our customers usually",cau_dmd,0.5,1,14,0.56493,0.22158,0.78633,0.79877,0.08282
38,"Over time, Our customers usually",cau_dmd,0.7,1,16,0.76565,0.25716,0.90611,0.91738,0.08453
38,"Over time, Our customers usually",cau_dmd,0.9,1,19,0.92716,0.35108,1.15483,1.1625,0.06945
38,"Over time, Our customers usually",cau_dmd,0.99,1,24,0.99138,0.49953,1.87225,1.86954,0.06872
38,"Over time, Our customers usually",dua_dmd,0.3,1,2,0.81642,0.58371,0.51782,0.51873,0.03945
38,"Over time, Our customers usually",dua_dmd,0.5,1,2,0.81642,0.58371,0.51782,0.51873,0.03945
38,"Over time, Our customers usually",dua_dmd,0.7,1,2,0.81642,0.58371,0.51782,0.51873,0.03945
38,"Over time, Our customers usually",dua_dmd,0.9,1,3,0.97483,0.59123,1.24308,1.23959,0.04489
38,"Over time, Our customers usually",dua_dmd,0.99,1,4,0.99807,0.60338,2.36207,2.35015,0.04623
212,"Every day, They just",euc_ctx,0.3,1,5,0.31069,0.1943,0.47873,0.48485,0.11363
212,"Every day, They just",euc_ctx,0.5,1,6,0.51024,0.18795,0.58049,0.58626,0.11328
212,"Every day, They just",euc_ctx,0.7,1,7,0.70298,0.20635,0.64186,0.64677,0.10367
212,"Every day, They just",euc_ctx,0.9,1,9,0.92006,0.30872,0.73968,0.7413,0.0986
212,"Every day, They just",euc_ctx,0.99,1,12,0.99059,0.52491,1.14002,1.13257,0.0862
212,"Every day, They just",cau_ctx,0.3,0,,,,,,
212,"Every day, They just",cau_ctx,0.5,0,,,,,,
212,"Every day, They just",cau_ctx,0.7,0,,,,,,
212,"Every day, They just",cau_ctx,0.9,0,,,,,,
212,"Every day, They just",cau_ctx,0.99,0,,,,,,
212,"Every day, They just",dua_ctx,0.3,1,30,0.30702,0.44657,0.56349,0.55905,0.06338
212,"Every day, They just",dua_ctx,0.5,1,45,0.50464,0.42321,1.25292,1.23205,0.06672
212,"Every day, They just",dua_ctx,0.7,1,61,0.70918,0.41107,2.31236,2.26846,0.082
212,"Every day, They just",dua_ctx,0.9,1,84,0.90336,0.4388,4.36662,4.28929,0.0994
212,"Every day, They just",dua_ctx,0.99,1,118,0.99092,0.53684,7.0007,6.88909,0.09194
212,"Every day, They just",euc_unemb,0.3,1,1,0.399,0.16952,0.53299,0.54057,0.09248
212,"Every day, They just",euc_unemb,0.5,1,2,0.98704,0.38639,1.12004,1.11875,0.09343
212,"Every day, They just",euc_unemb,0.7,1,2,0.98704,0.38639,1.12004,1.11875,0.09343
212,"Every day, They just",euc_unemb,0.9,1,2,0.98704,0.38639,1.12004,1.11875,0.09343
212,"Every day, They just",euc_unemb,0.99,1,3,0.99988,0.58995,2.66786,2.64325,0.08406
212,"Every day, They just",cau_unemb,0.3,1,25,0.33371,0.20948,0.35078,0.35707,0.08649
212,"Every day, They just",cau_unemb,0.5,1,29,0.50489,0.20852,0.4067,0.41282,0.09648
212,"Every day, They just",cau_unemb,0.7,1,34,0.71204,0.23393,0.45806,0.46342,0.08348
212,"Every day, They just",cau_unemb,0.9,1,42,0.91006,0.33089,0.55748,0.56012,0.07315
212,"Every day, They just",cau_unemb,0.99,1,56,0.99145,0.55097,1.00857,1.00191,0.09383
212,"Every day, They just",dua_unemb,0.3,1,2,0.72998,0.55719,0.3142,0.31629,0.02101
212,"Every day, They just",dua_unemb,0.5,1,2,0.72998,0.55719,0.3142,0.31629,0.02101
212,"Every day, They just",dua_unemb,0.7,1,2,0.72998,0.55719,0.3142,0.31629,0.02101
212,"Every day, They just",dua_unemb,0.9,1,3,0.94404,0.60061,0.73237,0.72779,0.02376
212,"Every day, They just",dua_unemb,0.99,1,4,0.99428,0.62886,1.35974,1.34431,0.02384
212,"Every day, They just",euc_dmd,0.3,1,1,0.39601,0.1319,0.67987,0.68512,0.12122
212,"Every day, They just",euc_dmd,0.5,1,2,0.98463,0.27234,1.21512,1.21143,0.09999
212,"Every day, They just",euc_dmd,0.7,1,2,0.98463,0.27234,1.21512,1.21143,0.09999
212,"Every day, They just",euc_dmd,0.9,1,2,0.98463,0.27234,1.21512,1.21143,0.09999
212,"Every day, They just",euc_dmd,0.99,1,3,0.99979,0.54876,2.27455,2.25183,0.10669
212,"Every day, They just",cau_dmd,0.3,1,11,0.36944,0.16268,0.5661,0.57109,0.11895
212,"Every day, They just",cau_dmd,0.5,1,13,0.56879,0.15979,0.66839,0.67265,0.11847
212,"Every day, They just",cau_dmd,0.7,1,15,0.74582,0.17644,0.75217,0.75521,0.11557
212,"Every day, They just",cau_dmd,0.9,1,18,0.90482,0.23228,0.88841,0.8887,0.10155
212,"Every day, They just",cau_dmd,0.99,1,25,0.99249,0.41386,1.48451,1.47387,0.08579
212,"Every day, They just",dua_dmd,0.3,1,2,0.76602,0.55519,0.30929,0.30991,0.0188
212,"Every day, They just",dua_dmd,0.5,1,2,0.76602,0.55519,0.30929,0.30991,0.0188
212,"Every day, They just",dua_dmd,0.7,1,2,0.76602,0.55519,0.30929,0.30991,0.0188
212,"Every day, They just",dua_dmd,0.9,1,3,0.95005,0.57749,0.69271,0.68842,0.02007
212,"Every day, They just",dua_dmd,0.99,1,4,0.99316,0.59795,1.24935,1.23809,0.02083
160,"Every day, They really",euc_ctx,0.3,1,6,0.44495,0.13963,0.6554,0.65897,0.17196
160,"Every day, They really",euc_ctx,0.5,1,7,0.6388,0.14942,0.73819,0.74078,0.17103
160,"Every day, They really",euc_ctx,0.7,1,8,0.79191,0.1778,0.79863,0.79983,0.13673
160,"Every day, They really",euc_ctx,0.9,1,10,0.94244,0.28266,0.96398,0.96095,0.11998
160,"Every day, They really",euc_ctx,0.99,1,13,0.99208,0.47553,1.52835,1.51503,0.06281
160,"Every day, They really",cau_ctx,0.3,0,,,,,,
160,"Every day, They really",cau_ctx,0.5,0,,,,,,
160,"Every day, They really",cau_ctx,0.7,0,,,,,,
160,"Every day, They really",cau_ctx,0.9,0,,,,,,
160,"Every day, They really",cau_ctx,0.99,0,,,,,,
160,"Every day, They really",dua_ctx,0.3,1,27,0.30263,0.38175,0.46297,0.45548,0.03948
160,"Every day, They really",dua_ctx,0.5,1,41,0.50188,0.36878,1.04677,1.02063,0.05782
160,"Every day, They really",dua_ctx,0.7,1,56,0.71297,0.36534,1.95097,1.90107,0.06494
160,"Every day, They really",dua_ctx,0.9,1,72,0.90097,0.37534,3.18716,3.11402,0.06983
160,"Every day, They really",dua_ctx,0.99,1,93,0.99039,0.43243,5.3736,5.27488,0.11515
160,"Every day, They really",euc_unemb,0.3,1,1,0.31904,0.12228,0.60831,0.61435,0.17008
160,"Every day, They really",euc_unemb,0.5,1,2,0.97943,0.25881,1.33623,1.3339,0.1507
160,"Every day, They really",euc_unemb,0.7,1,2,0.97943,0.25881,1.33623,1.3339,0.1507
160,"Every day, They really",euc_unemb,0.9,1,2,0.97943,0.25881,1.33623,1.3339,0.1507
160,"Every day, They really",euc_unemb,0.99,1,3,0.99979,0.46306,3.11083,3.08491,0.13135
160,"Every day, They really",cau_unemb,0.3,1,26,0.31889,0.15487,0.41603,0.42065,0.15975
160,"Every day, They really",cau_unemb,0.5,1,31,0.52865,0.1529,0.50286,0.50692,0.16196
160,"Every day, They really",cau_unemb,0.7,1,36,0.72753,0.1724,0.57439,0.57731,0.15777
160,"Every day, They really",cau_unemb,0.9,1,44,0.91343,0.24314,0.72036,0.7201,0.12274
160,"Every day, They really",cau_unemb,0.99,1,58,0.99115,0.39883,1.27931,1.26908,0.09985
160,"Every day, They really",dua_unemb,0.3,1,2,0.67674,0.48144,0.31071,0.31219,0.02505
160,"Every day, They really",dua_unemb,0.5,1,2,0.67674,0.48144,0.31071,0.31219,0.02505
160,"Every day, They really",dua_unemb,0.7,1,3,0.88013,0.51829,0.64556,0.6388,0.02643
160,"Every day, They really",dua_unemb,0.9,1,4,0.95505,0.54034,1.04924,1.03128,0.03488
160,"Every day, They really",dua_unemb,0.99,1,6,0.99759,0.5775,2.23405,2.18701,0.04643
160,"Every day, They really",euc_dmd,0.3,1,1,0.32078,0.09066,0.78097,0.78448,0.18152
160,"Every day, They really",euc_dmd,0.5,1,2,0.97041,0.15204,1.46488,1.45937,0.16832
160,"Every day, They really",euc_dmd,0.7,1,2,0.97041,0.15204,1.46488,1.45937,0.16832
160,"Every day, They really",euc_dmd,0.9,1,2,0.97041,0.15204,1.46488,1.45937,0.16832
160,"Every day, They really",euc_dmd,0.99,1,3,0.99934,0.34158,2.61975,2.59603,0.14531
160,"Every day, They really",cau_dmd,0.3,1,11,0.34192,0.11246,0.72831,0.73158,0.17761
160,"Every day, They really",cau_dmd,0.5,1,13,0.53328,0.10654,0.87425,0.87638,0.17629
160,"Every day, They really",cau_dmd,0.7,1,15,0.71033,0.11304,1.00564,1.00615,0.16961
160,"Every day, They really",cau_dmd,0.9,1,19,0.91345,0.1509,1.32026,1.31585,0.14361
160,"Every day, They really",cau_dmd,0.99,1,26,0.99134,0.21684,2.2804,2.26204,0.13554
160,"Every day, They really",dua_dmd,0.3,1,2,0.76251,0.48698,0.36194,0.36207,0.03003
160,"Every day, They really",dua_dmd,0.5,1,2,0.76251,0.48698,0.36194,0.36207,0.03003
160,"Every day, They really",dua_dmd,0.7,1,2,0.76251,0.48698,0.36194,0.36207,0.03003
160,"Every day, They really",dua_dmd,0.9,1,3,0.94162,0.50676,0.76379,0.75635,0.03784
160,"Every day, They really",dua_dmd,0.99,1,5,0.99868,0.53802,2.05216,2.02228,0.04123
167,"Over time, These kids usually",euc_ctx,0.3,1,6,0.40222,0.16755,0.68194,0.69073,0.15437
167,"Over time, These kids usually",euc_ctx,0.5,1,7,0.61321,0.17271,0.818,0.82629,0.15767
167,"Over time, These kids usually",euc_ctx,0.7,1,8,0.78655,0.1997,0.93562,0.94281,0.1558
167,"Over time, These kids usually",euc_ctx,0.9,1,10,0.94997,0.30326,1.22135,1.22449,0.1188
167,"Over time, These kids usually",euc_ctx,0.99,1,13,0.99487,0.4732,1.97199,1.96477,0.11104
167,"Over time, These kids usually",cau_ctx,0.3,0,,,,,,
167,"Over time, These kids usually",cau_ctx,0.5,0,,,,,,
167,"Over time, These kids usually",cau_ctx,0.7,0,,,,,,
167,"Over time, These kids usually",cau_ctx,0.9,0,,,,,,
167,"Over time, These kids usually",cau_ctx,0.99,0,,,,,,
167,"Over time, These kids usually",dua_ctx,0.3,1,31,0.3019,0.40239,0.64266,0.64091,0.0166
167,"Over time, These kids usually",dua_ctx,0.5,1,46,0.50355,0.38179,1.4215,1.40376,0.02462
167,"Over time, These kids usually",dua_ctx,0.7,1,62,0.70075,0.37442,2.61272,2.57171,0.09384
167,"Over time, These kids usually",dua_ctx,0.9,1,90,0.90453,0.39467,5.19268,5.1125,0.14095
167,"Over time, These kids usually",dua_ctx,0.99,1,113,0.99049,0.43129,7.41396,7.30962,0.15237
167,"Over time, These kids usually",euc_unemb,0.3,1,1,0.31099,0.15279,0.66689,0.67642,0.15428
167,"Over time, These kids usually",euc_unemb,0.5,1,2,0.98595,0.33222,1.77052,1.77046,0.15453
167,"Over time, These kids usually",euc_unemb,0.7,1,2,0.98595,0.33222,1.77052,1.77046,0.15453
167,"Over time, These kids usually",euc_unemb,0.9,1,2,0.98595,0.33222,1.77052,1.77046,0.15453
167,"Over time, These kids usually",euc_unemb,0.99,1,3,0.99991,0.55472,3.98608,3.95996,0.16426
167,"Over time, These kids usually",cau_unemb,0.3,1,27,0.31389,0.18468,0.48238,0.49062,0.14918
167,"Over time, These kids usually",cau_unemb,0.5,1,32,0.53337,0.18339,0.60654,0.61448,0.15182
167,"Over time, These kids usually",cau_unemb,0.7,1,36,0.70366,0.20074,0.69922,0.70638,0.14763
167,"Over time, These kids usually",cau_unemb,0.9,1,44,0.91072,0.27705,0.92679,0.93077,0.13759
167,"Over time, These kids usually",cau_unemb,0.99,1,57,0.99077,0.42452,1.59814,1.59244,0.13467
167,"Over time, These kids usually",dua_unemb,0.3,1,2,0.63401,0.47752,0.29972,0.30251,0.09086
167,"Over time, These kids usually",dua_unemb,0.5,1,2,0.63401,0.47752,0.29972,0.30251,0.09086
167,"Over time, These kids usually",dua_unemb,0.7,1,3,0.88681,0.52309,0.69218,0.68915,0.10494
167,"Over time, These kids usually",dua_unemb,0.9,1,4,0.97489,0.54993,1.28813,1.27545,0.11713
167,"Over time, These kids usually",dua_unemb,0.99,1,5,0.99769,0.56765,2.24402,2.21838,0.10372
167,"Over time, These kids usually",euc_dmd,0.3,1,2,0.97802,0.19842,1.81492,1.81404,0.1562
167,"Over time, These kids usually",euc_dmd,0.5,1,2,0.97802,0.19842,1.81492,1.81404,0.1562
167,"Over time, These kids usually",euc_dmd,0.7,1,2,0.97802,0.19842,1.81492,1.81404,0.1562
167,"Over time, These kids usually",euc_dmd,0.9,1,2,0.97802,0.19842,1.81492,1.81404,0.1562
167,"Over time, These kids usually",euc_dmd,0.99,1,3,0.99975,0.41108,3.34537,3.32515,0.14569
167,"Over time, These kids usually",cau_dmd,0.3,1,12,0.34623,0.1465,0.72763,0.73494,0.15978
167,"Over time, These kids usually",cau_dmd,0.5,1,14,0.54744,0.14235,0.88224,0.88889,0.16115
167,"Over time, These kids usually",cau_dmd,0.7,1,16,0.73249,0.15577,1.02763,1.03309,0.15981
167,"Over time, These kids usually",cau_dmd,0.9,1,19,0.90155,0.20391,1.26465,1.2673,0.14795
167,"Over time, These kids usually",cau_dmd,0.99,1,26,0.99288,0.35992,2.12217,2.11352,0.12426
167,"Over time, These kids usually",dua_dmd,0.3,1,2,0.65017,0.46648,0.31467,0.31743,0.10121
167,"Over time, These kids usually",dua_dmd,0.5,1,2,0.65017,0.46648,0.31467,0.31743,0.10121
167,"Over time, These kids usually",dua_dmd,0.7,1,3,0.88098,0.49272,0.71547,0.71461,0.12602
167,"Over time, These kids usually",dua_dmd,0.9,1,4,0.96145,0.50699,1.30908,1.30263,0.10869
167,"Over time, These kids usually",dua_dmd,0.99,1,5,0.99121,0.52026,2.19334,2.17934,0.1107
34,"At work, Voters rarely",euc_ctx,0.3,1,4,0.31269,0.21569,0.40481,0.41202,0.11111
34,"At work, Voters rarely",euc_ctx,0.5,1,5,0.54194,0.2101,0.55749,0.56458,0.12593
34,"At work, Voters rarely",euc_ctx,0.7,1,6,0.75192,0.23645,0.69279,0.69898,0.12557
34,"At work, Voters rarely",euc_ctx,0.9,1,8,0.94943,0.36105,1.00474,1.00672,0.10873
34,"At work, Voters rarely",euc_ctx,0.99,1,10,0.99063,0.50292,1.50832,1.5032,0.11024
34,"At work, Voters rarely",cau_ctx,0.3,0,,,,,,
34,"At work, Voters rarely",cau_ctx,0.5,0,,,,,,
34,"At work, Voters rarely",cau_ctx,0.7,0,,,,,,
34,"At work, Voters rarely",cau_ctx,0.9,0,,,,,,
34,"At work, Voters rarely",cau_ctx,0.99,0,,,,,,
34,"At work, Voters rarely",dua_ctx,0.3,1,28,0.30154,0.41399,0.6105,0.60958,0.03019
34,"At work, Voters rarely",dua_ctx,0.5,1,43,0.50663,0.39527,1.48262,1.46576,0.03872
34,"At work, Voters rarely",dua_ctx,0.7,1,57,0.70164,0.39082,2.75666,2.71861,0.05111
34,"At work, Voters rarely",dua_ctx,0.9,1,79,0.90473,0.42606,5.57546,5.50303,0.11054
34,"At work, Voters rarely",dua_ctx,0.99,1,112,0.99069,0.52732,8.40958,8.30021,0.10528
34,"At work, Voters rarely",euc_unemb,0.3,1,1,0.64995,0.19875,0.554,0.56183,0.12062
34,"At work, Voters rarely",euc_unemb,0.5,1,1,0.64995,0.19875,0.554,0.56183,0.12062
34,"At work, Voters rarely",euc_unemb,0.7,1,2,0.99757,0.48421,1.89286,1.88425,0.10211
34,"At work, Voters rarely",euc_unemb,0.9,1,2,0.99757,0.48421,1.89286,1.88425,0.10211
34,"At work, Voters rarely",euc_unemb,0.99,1,2,0.99757,0.48421,1.89286,1.88425,0.10211
34,"At work, Voters rarely",cau_unemb,0.3,1,20,0.3244,0.22908,0.25103,0.25801,0.09551
34,"At work, Voters rarely",cau_unemb,0.5,1,24,0.51451,0.23176,0.31974,0.32686,0.10505
34,"At work, Voters rarely",cau_unemb,0.7,1,28,0.70004,0.25833,0.38888,0.39554,0.10842
34,"At work, Voters rarely",cau_unemb,0.9,1,35,0.90225,0.35415,0.56522,0.56943,0.0959
34,"At work, Voters rarely",cau_unemb,0.99,1,48,0.99141,0.54794,1.265,1.25922,0.08772
34,"At work, Voters rarely",dua_unemb,0.3,1,1,0.36729,0.45593,0.11345,0.11685,0.01364
34,"At work, Voters rarely",dua_unemb,0.5,1,2,0.82584,0.52399,0.51718,0.51735,0.04425
34,"At work, Voters rarely",dua_unemb,0.7,1,2,0.82584,0.52399,0.51718,0.51735,0.04425
34,"At work, Voters rarely",dua_unemb,0.9,1,3,0.96678,0.56349,1.16884,1.15985,0.08223
34,"At work, Voters rarely",dua_unemb,0.99,1,4,0.99567,0.5881,2.10419,2.08227,0.08225
34,"At work, Voters rarely",euc_dmd,0.3,1,1,0.64019,0.15616,0.69433,0.7006,0.13643
34,"At work, Voters rarely",euc_dmd,0.5,1,1,0.64019,0.15616,0.69433,0.7006,0.13643
34,"At work, Voters rarely",euc_dmd,0.7,1,2,0.99677,0.41986,1.76048,1.75337,0.12148
34,"At work, Voters rarely",euc_dmd,0.9,1,2,0.99677,0.41986,1.76048,1.75337,0.12148
34,"At work, Voters rarely",euc_dmd,0.99,1,2,0.99677,0.41986,1.76048,1.75337,0.12148
34,"At work, Voters rarely",cau_dmd,0.3,1,9,0.37493,0.1878,0.43071,0.43706,0.11804
34,"At work, Voters rarely",cau_dmd,0.5,1,11,0.59734,0.19083,0.56195,0.56787,0.12435
34,"At work, Voters rarely",cau_dmd,0.7,1,13,0.78378,0.21997,0.6974,0.70215,0.12287
34,"At work, Voters rarely",cau_dmd,0.9,1,16,0.93116,0.30006,0.9619,0.9634,0.11715
34,"At work, Voters rarely",cau_dmd,0.99,1,21,0.99131,0.44494,1.67353,1.66589,0.11731
34,"At work, Voters rarely",dua_dmd,0.3,1,1,0.40052,0.45888,0.12604,0.12895,0.02188
34,"At work, Voters rarely",dua_dmd,0.5,1,2,0.8404,0.51516,0.5146,0.51593,0.08062
34,"At work, Voters rarely",dua_dmd,0.7,1,2,0.8404,0.51516,0.5146,0.51593,0.08062
34,"At work, Voters rarely",dua_dmd,0.9,1,3,0.9614,0.53506,1.04369,1.04083,0.08508
34,"At work, Voters rarely",dua_dmd,0.99,1,4,0.99492,0.5551,1.78137,1.77136,0.08665
145,"Lately, Farmers sometimes",euc_ctx,0.3,1,4,0.3021,0.388,0.25332,0.26373,0.0238
145,"Lately, Farmers sometimes",euc_ctx,0.5,1,6,0.69578,0.40229,0.51701,0.52753,0.03821
145,"Lately, Farmers sometimes",euc_ctx,0.7,1,7,0.83799,0.44356,0.67438,0.68342,0.04441
145,"Lately, Farmers sometimes",euc_ctx,0.9,1,8,0.92027,0.49363,0.86474,0.87145,0.04443
145,"Lately, Farmers sometimes",euc_ctx,0.99,1,11,0.99146,0.61474,1.63653,1.63313,0.04685
145,"Lately, Farmers sometimes",cau_ctx,0.3,0,,,,,,
145,"Lately, Farmers sometimes",cau_ctx,0.5,0,,,,,,
145,"Lately, Farmers sometimes",cau_ctx,0.7,0,,,,,,
145,"Lately, Farmers sometimes",cau_ctx,0.9,0,,,,,,
145,"Lately, Farmers sometimes",cau_ctx,0.99,0,,,,,,
145,"Lately, Farmers sometimes",dua_ctx,0.3,1,39,0.30803,0.49052,1.02918,1.02888,0.0201
145,"Lately, Farmers sometimes",dua_ctx,0.5,1,57,0.50362,0.45681,2.25379,2.23574,0.03157
145,"Lately, Farmers sometimes",dua_ctx,0.7,1,74,0.7038,0.43671,3.84649,3.80576,0.03822
145,"Lately, Farmers sometimes",dua_ctx,0.9,1,98,0.9027,0.44205,6.49787,6.42282,0.05547
145,"Lately, Farmers sometimes",dua_ctx,0.99,1,126,0.99022,0.49084,8.54908,8.44255,0.05964
145,"Lately, Farmers sometimes",euc_unemb,0.3,1,1,0.56947,0.33599,0.39468,0.40623,0.03692
145,"Lately, Farmers sometimes",euc_unemb,0.5,1,1,0.56947,0.33599,0.39468,0.40623,0.03692
145,"Lately, Farmers sometimes",euc_unemb,0.7,1,2,0.99222,0.50599,1.61937,1.61745,0.12995
145,"Lately, Farmers sometimes",euc_unemb,0.9,1,2,0.99222,0.50599,1.61937,1.61745,0.12995
145,"Lately, Farmers sometimes",euc_unemb,0.99,1,2,0.99222,0.50599,1.61937,1.61745,0.12995
145,"Lately, Farmers sometimes",cau_unemb,0.3,1,20,0.31082,0.37236,0.17503,0.18354,0.02342
145,"Lately, Farmers sometimes",cau_unemb,0.5,1,25,0.51517,0.37521,0.25341,0.26226,0.02948
145,"Lately, Farmers sometimes",cau_unemb,0.7,1,30,0.71387,0.40665,0.3506,0.3587,0.03255
145,"Lately, Farmers sometimes",cau_unemb,0.9,1,38,0.90654,0.48972,0.59508,0.59969,0.04435
145,"Lately, Farmers sometimes",cau_unemb,0.99,1,52,0.99027,0.59355,1.31482,1.30856,0.08716
145,"Lately, Farmers sometimes",dua_unemb,0.3,1,1,0.32358,0.52892,0.09889,0.10264,0.01698
145,"Lately, Farmers sometimes",dua_unemb,0.5,1,2,0.75163,0.55891,0.41926,0.42201,0.02697
145,"Lately, Farmers sometimes",dua_unemb,0.7,1,2,0.75163,0.55891,0.41926,0.42201,0.02697
145,"Lately, Farmers sometimes",dua_unemb,0.9,1,3,0.93983,0.58295,0.95899,0.95602,0.03224
145,"Lately, Farmers sometimes",dua_unemb,0.99,1,4,0.99236,0.59648,1.8459,1.83287,0.0331
145,"Lately, Farmers sometimes",euc_dmd,0.3,1,1,0.57276,0.32693,0.4214,0.43241,0.04205
145,"Lately, Farmers sometimes",euc_dmd,0.5,1,1,0.57276,0.32693,0.4214,0.43241,0.04205
145,"Lately, Farmers sometimes",euc_dmd,0.7,1,2,0.99096,0.52488,1.48089,1.47987,0.10869
145,"Lately, Farmers sometimes",euc_dmd,0.9,1,2,0.99096,0.52488,1.48089,1.47987,0.10869
145,"Lately, Farmers sometimes",euc_dmd,0.99,1,2,0.99096,0.52488,1.48089,1.47987,0.10869
145,"Lately, Farmers sometimes",cau_dmd,0.3,1,9,0.37733,0.35014,0.27191,0.28069,0.03839
145,"Lately, Farmers sometimes",cau_dmd,0.5,1,11,0.57657,0.3582,0.37221,0.38091,0.04019
145,"Lately, Farmers sometimes",cau_dmd,0.7,1,13,0.75179,0.39124,0.49702,0.50467,0.04416
145,"Lately, Farmers sometimes",cau_dmd,0.9,1,16,0.90784,0.46553,0.7622,0.76653,0.04637
145,"Lately, Farmers sometimes",cau_dmd,0.99,1,23,0.99292,0.58991,1.7291,1.72025,0.04906
145,"Lately, Farmers sometimes",dua_dmd,0.3,1,1,0.39726,0.53808,0.12685,0.12961,0.02637
145,"Lately, Farmers sometimes",dua_dmd,0.5,1,2,0.85734,0.56657,0.55034,0.55285,0.03229
145,"Lately, Farmers sometimes",dua_dmd,0.7,1,2,0.85734,0.56657,0.55034,0.55285,0.03229
145,"Lately, Farmers sometimes",dua_dmd,0.9,1,3,0.98172,0.57959,1.25395,1.25269,0.03601
145,"Lately, Farmers sometimes",dua_dmd,0.99,1,4,0.99791,0.59237,2.19617,2.18899,0.03652
101,"At work, Voters now",euc_ctx,0.3,1,4,0.37233,0.4682,0.21569,0.22509,0.01412
101,"At work, Voters now",euc_ctx,0.5,1,5,0.58851,0.47382,0.31554,0.32492,0.01773
101,"At work, Voters now",euc_ctx,0.7,1,6,0.77448,0.50949,0.42516,0.43328,0.01686
101,"At work, Voters now",euc_ctx,0.9,1,8,0.9511,0.61595,0.72617,0.72875,0.0186
101,"At work, Voters now",euc_ctx,0.99,1,10,0.99067,0.69656,1.15375,1.14841,0.01934
101,"At work, Voters now",cau_ctx,0.3,0,,,,,,
101,"At work, Voters now",cau_ctx,0.5,0,,,,,,
101,"At work, Voters now",cau_ctx,0.7,0,,,,,,
101,"At work, Voters now",cau_ctx,0.9,0,,,,,,
101,"At work, Voters now",cau_ctx,0.99,0,,,,,,
101,"At work, Voters now",dua_ctx,0.3,1,39,0.30717,0.57847,0.99531,0.98677,0.01598
101,"At work, Voters now",dua_ctx,0.5,1,59,0.50865,0.54439,2.41623,2.38195,0.02354
101,"At work, Voters now",dua_ctx,0.7,1,77,0.70582,0.52399,4.09123,4.03032,0.02836
101,"At work, Voters now",dua_ctx,0.9,1,97,0.90756,0.51454,5.93541,5.84892,0.04517
101,"At work, Voters now",dua_ctx,0.99,1,113,0.99191,0.53153,6.98718,6.88447,0.04776
101,"At work, Voters now",euc_unemb,0.3,1,1,0.62763,0.43109,0.36166,0.37179,0.14781
101,"At work, Voters now",euc_unemb,0.5,1,1,0.62763,0.43109,0.36166,0.37179,0.14781
101,"At work, Voters now",euc_unemb,0.7,1,2,0.99453,0.58343,1.57297,1.56547,0.22218
101,"At work, Voters now",euc_unemb,0.9,1,2,0.99453,0.58343,1.57297,1.56547,0.22218
101,"At work, Voters now",euc_unemb,0.99,1,2,0.99453,0.58343,1.57297,1.56547,0.22218
101,"At work, Voters now",cau_unemb,0.3,1,19,0.33862,0.44117,0.15568,0.16353,0.01694
101,"At work, Voters now",cau_unemb,0.5,1,23,0.51029,0.44369,0.20097,0.20896,0.01685
101,"At work, Voters now",cau_unemb,0.7,1,28,0.71632,0.47876,0.25826,0.26536,0.02026
101,"At work, Voters now",cau_unemb,0.9,1,36,0.91162,0.57638,0.41051,0.41377,0.02257
101,"At work, Voters now",cau_unemb,0.99,1,50,0.99155,0.7028,0.94466,0.9364,0.02469
101,"At work, Voters now",dua_unemb,0.3,1,1,0.30398,0.60894,0.08046,0.08409,0.00567
101,"At work, Voters now",dua_unemb,0.5,1,2,0.62656,0.61084,0.33701,0.33874,0.01082
101,"At work, Voters now",dua_unemb,0.7,1,3,0.79904,0.61711,0.70228,0.69739,0.0148
101,"At work, Voters now",dua_unemb,0.9,1,5,0.95187,0.62685,1.8607,1.83259,0.01695
101,"At work, Voters now",dua_unemb,0.99,1,7,0.99887,0.64435,3.65568,3.59261,0.02413
101,"At work, Voters now",euc_dmd,0.3,1,1,0.64841,0.40167,0.35647,0.36682,0.01861
101,"At work, Voters now",euc_dmd,0.5,1,1,0.64841,0.40167,0.35647,0.36682,0.01861
101,"At work, Voters now",euc_dmd,0.7,1,2,0.99446,0.59931,1.21891,1.21463,0.02392
101,"At work, Voters now",euc_dmd,0.9,1,2,0.99446,0.59931,1.21891,1.21463,0.02392
101,"At work, Voters now",euc_dmd,0.99,1,2,0.99446,0.59931,1.21891,1.21463,0.02392
101,"At work, Voters now",cau_dmd,0.3,1,8,0.38509,0.40066,0.22766,0.23654,0.01843
101,"At work, Voters now",cau_dmd,0.5,1,10,0.59998,0.41143,0.28798,0.2969,0.01902
101,"At work, Voters now",cau_dmd,0.7,1,12,0.7799,0.45696,0.3513,0.35917,0.02014
101,"At work, Voters now",cau_dmd,0.9,1,15,0.92598,0.55752,0.51027,0.51469,0.0396
101,"At work, Voters now",cau_dmd,0.99,1,21,0.99293,0.70771,1.12094,1.11382,0.04632
101,"At work, Voters now",dua_dmd,0.3,1,1,0.39405,0.62091,0.10055,0.10367,0.00665
101,"At work, Voters now",dua_dmd,0.5,1,2,0.77307,0.61649,0.43415,0.43695,0.01645
101,"At work, Voters now",dua_dmd,0.7,1,2,0.77307,0.61649,0.43415,0.43695,0.01645
101,"At work, Voters now",dua_dmd,0.9,1,3,0.94287,0.62144,0.92411,0.92151,0.0216
101,"At work, Voters now",dua_dmd,0.99,1,4,0.9913,0.6355,1.58916,1.57768,0.02383
41,"Usually, The workers still",euc_ctx,0.3,1,6,0.48517,0.17604,0.62793,0.63527,0.14601
41,"Usually, The workers still",euc_ctx,0.5,1,7,0.68742,0.18665,0.72197,0.7287,0.14616
41,"Usually, The workers still",euc_ctx,0.7,1,8,0.83594,0.21929,0.79006,0.79566,0.14308
41,"Usually, The workers still",euc_ctx,0.9,1,9,0.92127,0.26996,0.86149,0.86543,0.13909
41,"Usually, The workers still",euc_ctx,0.99,1,12,0.99248,0.46042,1.28319,1.27902,0.02043
41,"Usually, The workers still",cau_ctx,0.3,0,,,,,,
41,"Usually, The workers still",cau_ctx,0.5,0,,,,,,
41,"Usually, The workers still",cau_ctx,0.7,0,,,,,,
41,"Usually, The workers still",cau_ctx,0.9,0,,,,,,
41,"Usually, The workers still",cau_ctx,0.99,0,,,,,,
41,"Usually, The workers still",dua_ctx,0.3,1,34,0.30917,0.43532,0.7111,0.70518,0.01589
41,"Usually, The workers still",dua_ctx,0.5,1,50,0.50103,0.41885,1.5297,1.50473,0.01942
41,"Usually, The workers still",dua_ctx,0.7,1,67,0.7049,0.41699,2.67853,2.6291,0.03681
41,"Usually, The workers still",dua_ctx,0.9,1,85,0.90827,0.42352,4.01296,3.93979,0.04381
41,"Usually, The workers still",dua_ctx,0.99,1,98,0.99115,0.44728,5.14758,5.05933,0.04977
41,"Usually, The workers still",euc_unemb,0.3,1,2,0.97472,0.27267,1.3965,1.39839,0.19924
41,"Usually, The workers still",euc_unemb,0.5,1,2,0.97472,0.27267,1.3965,1.39839,0.19924
41,"Usually, The workers still",euc_unemb,0.7,1,2,0.97472,0.27267,1.3965,1.39839,0.19924
41,"Usually, The workers still",euc_unemb,0.9,1,2,0.97472,0.27267,1.3965,1.39839,0.19924
41,"Usually, The workers still",euc_unemb,0.99,1,3,0.99974,0.40103,3.21289,3.19202,0.22304
41,"Usually, The workers still",cau_unemb,0.3,1,26,0.3016,0.19998,0.40864,0.41553,0.14698
41,"Usually, The workers still",cau_unemb,0.5,1,32,0.54138,0.19497,0.51439,0.52096,0.1795
41,"Usually, The workers still",cau_unemb,0.7,1,37,0.73124,0.21616,0.5773,0.58294,0.1523
41,"Usually, The workers still",cau_unemb,0.9,1,45,0.91144,0.28921,0.6997,0.70243,0.05132
41,"Usually, The workers still",cau_unemb,0.99,1,59,0.99047,0.43654,1.19602,1.18943,0.0443
41,"Usually, The workers still",dua_unemb,0.3,1,2,0.56264,0.48922,0.29813,0.30078,0.01809
41,"Usually, The workers still",dua_unemb,0.5,1,2,0.56264,0.48922,0.29813,0.30078,0.01809
41,"Usually, The workers still",dua_unemb,0.7,1,3,0.78624,0.51629,0.66047,0.65618,0.03141
41,"Usually, The workers still",dua_unemb,0.9,1,5,0.94989,0.54372,1.74742,1.71997,0.03347
41,"Usually, The workers still",dua_unemb,0.99,1,7,0.99753,0.57098,3.33817,3.27892,0.04719
41,"Usually, The workers still",euc_dmd,0.3,1,1,0.31523,0.12566,0.70339,0.71031,0.20166
41,"Usually, The workers still",euc_dmd,0.5,1,2,0.97432,0.19111,1.33706,1.33719,0.19991
41,"Usually, The workers still",euc_dmd,0.7,1,2,0.97432,0.19111,1.33706,1.33719,0.19991
41,"Usually, The workers still",euc_dmd,0.9,1,2,0.97432,0.19111,1.33706,1.33719,0.19991
41,"Usually, The workers still",euc_dmd,0.99,1,3,0.99966,0.35155,2.50283,2.48544,0.19244
41,"Usually, The workers still",cau_dmd,0.3,1,11,0.36135,0.14956,0.63506,0.64124,0.15533
41,"Usually, The workers still",cau_dmd,0.5,1,13,0.56185,0.14423,0.74021,0.7458,0.15986
41,"Usually, The workers still",cau_dmd,0.7,1,15,0.74204,0.15722,0.8152,0.81974,0.16021
41,"Usually, The workers still",cau_dmd,0.9,1,18,0.90458,0.20564,0.92657,0.92865,0.1565
41,"Usually, The workers still",cau_dmd,0.99,1,25,0.99295,0.37214,1.46705,1.45899,0.05304
41,"Usually, The workers still",dua_dmd,0.3,1,2,0.72085,0.51107,0.39111,0.39273,0.03033
41,"Usually, The workers still",dua_dmd,0.5,1,2,0.72085,0.51107,0.39111,0.39273,0.03033
41,"Usually, The workers still",dua_dmd,0.7,1,2,0.72085,0.51107,0.39111,0.39273,0.03033
41,"Usually, The workers still",dua_dmd,0.9,1,3,0.92995,0.52989,0.87137,0.86643,0.03598
41,"Usually, The workers still",dua_dmd,0.99,1,5,0.99886,0.56359,2.377,2.35077,0.04521
293,"At work, Students sometimes",euc_ctx,0.3,1,6,0.33366,0.14157,0.72193,0.73115,0.10252
293,"At work, Students sometimes",euc_ctx,0.5,1,7,0.53857,0.13978,0.86276,0.87176,0.10313
293,"At work, Students sometimes",euc_ctx,0.7,1,8,0.7276,0.15753,0.96867,0.97699,0.09365
293,"At work, Students sometimes",euc_ctx,0.9,1,10,0.92926,0.2464,1.18,1.18544,0.07283
293,"At work, Students sometimes",euc_ctx,0.99,1,13,0.99183,0.43738,1.78551,1.78253,0.03113
293,"At work, Students sometimes",cau_ctx,0.3,0,,,,,,
293,"At work, Students sometimes",cau_ctx,0.5,0,,,,,,
293,"At work, Students sometimes",cau_ctx,0.7,0,,,,,,
293,"At work, Students sometimes",cau_ctx,0.9,0,,,,,,
293,"At work, Students sometimes",cau_ctx,0.99,0,,,,,,
293,"At work, Students sometimes",dua_ctx,0.3,1,32,0.30279,0.39273,0.75208,0.75471,0.01765
293,"At work, Students sometimes",dua_ctx,0.5,1,46,0.50145,0.37156,1.59467,1.58548,0.03144
293,"At work, Students sometimes",dua_ctx,0.7,1,60,0.70088,0.36187,2.81924,2.79311,0.03718
293,"At work, Students sometimes",dua_ctx,0.9,1,84,0.90026,0.39156,5.87106,5.81043,0.04614
293,"At work, Students sometimes",dua_ctx,0.99,1,114,0.99096,0.4653,8.67355,8.57534,0.04376
293,"At work, Students sometimes",euc_unemb,0.3,1,2,0.97571,0.24831,1.41643,1.42049,0.09918
293,"At work, Students sometimes",euc_unemb,0.5,1,2,0.97571,0.24831,1.41643,1.42049,0.09918
293,"At work, Students sometimes",euc_unemb,0.7,1,2,0.97571,0.24831,1.41643,1.42049,0.09918
293,"At work, Students sometimes",euc_unemb,0.9,1,2,0.97571,0.24831,1.41643,1.42049,0.09918
293,"At work, Students sometimes",euc_unemb,0.99,1,3,0.99982,0.4439,3.2896,3.2712,0.10198
293,"At work, Students sometimes",cau_unemb,0.3,1,30,0.33484,0.15562,0.48446,0.49287,0.0985
293,"At work, Students sometimes",cau_unemb,0.5,1,34,0.50447,0.15652,0.55516,0.5635,0.09997
293,"At work, Students sometimes",cau_unemb,0.7,1,39,0.70985,0.17805,0.63072,0.63845,0.09274
293,"At work, Students sometimes",cau_unemb,0.9,1,47,0.90793,0.25758,0.78553,0.79084,0.08219
293,"At work, Students sometimes",cau_unemb,0.99,1,61,0.99099,0.44049,1.37872,1.37511,0.07804
293,"At work, Students sometimes",dua_unemb,0.3,1,2,0.73765,0.50038,0.40251,0.404,0.05384
293,"At work, Students sometimes",dua_unemb,0.5,1,2,0.73765,0.50038,0.40251,0.404,0.05384
293,"At work, Students sometimes",dua_unemb,0.7,1,2,0.73765,0.50038,0.40251,0.404,0.05384
293,"At work, Students sometimes",dua_unemb,0.9,1,3,0.95622,0.54706,0.97472,0.97074,0.05967
293,"At work, Students sometimes",dua_unemb,0.99,1,4,0.99674,0.57382,1.92657,1.91301,0.061
293,"At work, Students sometimes",euc_dmd,0.3,1,2,0.96513,0.16864,1.49797,1.50033,0.1071
293,"At work, Students sometimes",euc_dmd,0.5,1,2,0.96513,0.16864,1.49797,1.50033,0.1071
293,"At work, Students sometimes",euc_dmd,0.7,1,2,0.96513,0.16864,1.49797,1.50033,0.1071
293,"At work, Students sometimes",euc_dmd,0.9,1,2,0.96513,0.16864,1.49797,1.50033,0.1071
293,"At work, Students sometimes",euc_dmd,0.99,1,3,0.99955,0.40615,2.77814,2.76365,0.09824
293,"At work, Students sometimes",cau_dmd,0.3,1,13,0.34328,0.12581,0.72049,0.72751,0.10374
293,"At work, Students sometimes",cau_dmd,0.5,1,15,0.5354,0.12394,0.84689,0.85332,0.10253
293,"At work, Students sometimes",cau_dmd,0.7,1,17,0.71534,0.13634,0.96868,0.97403,0.09921
293,"At work, Students sometimes",cau_dmd,0.9,1,21,0.92045,0.19592,1.2714,1.27292,0.08452
293,"At work, Students sometimes",cau_dmd,0.99,1,27,0.99065,0.30306,2.03876,2.03017,0.07435
293,"At work, Students sometimes",dua_dmd,0.3,1,2,0.78856,0.51552,0.43496,0.43552,0.03134
293,"At work, Students sometimes",dua_dmd,0.5,1,2,0.78856,0.51552,0.43496,0.43552,0.03134
293,"At work, Students sometimes",dua_dmd,0.7,1,2,0.78856,0.51552,0.43496,0.43552,0.03134
293,"At work, Students sometimes",dua_dmd,0.9,1,3,0.96504,0.53811,1.01866,1.01612,0.0352
293,"At work, Students sometimes",dua_dmd,0.99,1,4,0.995,0.55493,1.8552,1.84747,0.03652
178,"In this case, You often",euc_ctx,0.3,1,7,0.43172,0.23427,0.84199,0.8545,0.17936
178,"In this case, You often",euc_ctx,0.5,1,8,0.64945,0.24423,0.95012,0.96182,0.16477
178,"In this case, You often",euc_ctx,0.7,1,9,0.81654,0.28337,1.01044,1.0206,0.20054
178,"In this case, You often",euc_ctx,0.9,1,10,0.91309,0.34374,1.06204,1.06992,0.1715
178,"In this case, You often",euc_ctx,0.99,1,13,0.99185,0.54,1.42218,1.41934,0.16156
178,"In this case, You often",cau_ctx,0.3,0,,,,,,
178,"In this case, You often",cau_ctx,0.5,0,,,,,,
178,"In this case, You often",cau_ctx,0.7,0,,,,,,
178,"In this case, You often",cau_ctx,0.9,0,,,,,,
178,"In this case, You often",cau_ctx,0.99,0,,,,,,
178,"In this case, You often",dua_ctx,0.3,1,39,0.3034,0.58097,0.89468,0.88003,0.00965
178,"In this case, You often",dua_ctx,0.5,1,57,0.50343,0.56049,1.84824,1.80507,0.01935
178,"In this case, You often",dua_ctx,0.7,1,76,0.70855,0.54544,3.10698,3.03302,0.13754
178,"In this case, You often",dua_ctx,0.9,1,103,0.90169,0.5591,5.01409,4.90567,0.15002
178,"In this case, You often",dua_ctx,0.99,1,125,0.99051,0.59321,6.47731,6.35324,0.15316
178,"In this case, You often",euc_unemb,0.3,1,2,0.95545,0.34168,1.27691,1.28426,0.13858
178,"In this case, You often",euc_unemb,0.5,1,2,0.95545,0.34168,1.27691,1.28426,0.13858
178,"In this case, You often",euc_unemb,0.7,1,2,0.95545,0.34168,1.27691,1.28426,0.13858
178,"In this case, You often",euc_unemb,0.9,1,2,0.95545,0.34168,1.27691,1.28426,0.13858
178,"In this case, You often",euc_unemb,0.99,1,3,0.99968,0.53999,2.60208,2.58461,0.08109
178,"In this case, You often",cau_unemb,0.3,1,32,0.32106,0.21879,0.71896,0.72963,0.18872
178,"In this case, You often",cau_unemb,0.5,1,37,0.54543,0.2095,0.84966,0.85963,0.19808
178,"In this case, You often",cau_unemb,0.7,1,41,0.71604,0.22338,0.91705,0.92592,0.20274
178,"In this case, You often",cau_unemb,0.9,1,48,0.90199,0.28428,1.00056,1.0063,0.19186
178,"In this case, You often",cau_unemb,0.99,1,61,0.99009,0.43132,1.29413,1.29028,0.16757
178,"In this case, You often",dua_unemb,0.3,1,2,0.48347,0.60216,0.25572,0.25887,0.04942
178,"In this case, You often",dua_unemb,0.5,1,3,0.72619,0.61487,0.58057,0.57718,0.06908
178,"In this case, You often",dua_unemb,0.7,1,3,0.72619,0.61487,0.58057,0.57718,0.06908
178,"In this case, You often",dua_unemb,0.9,1,5,0.91963,0.63651,1.58795,1.55804,0.0758
178,"In this case, You often",dua_unemb,0.99,1,7,0.99084,0.66635,3.10889,3.04207,0.0768
178,"In this case, You often",euc_dmd,0.3,1,2,0.95634,0.24563,1.48797,1.49581,0.21215
178,"In this case, You often",euc_dmd,0.5,1,2,0.95634,0.24563,1.48797,1.49581,0.21215
178,"In this case, You often",euc_dmd,0.7,1,2,0.95634,0.24563,1.48797,1.49581,0.21215
178,"In this case, You often",euc_dmd,0.9,1,2,0.95634,0.24563,1.48797,1.49581,0.21215
178,"In this case, You often",euc_dmd,0.99,1,3,0.99958,0.47378,2.43425,2.42234,0.17976
178,"In this case, You often",cau_dmd,0.3,1,13,0.32831,0.18062,0.96187,0.97421,0.21514
178,"In this case, You often",cau_dmd,0.5,1,15,0.54542,0.17122,1.15036,1.16213,0.21977
178,"In this case, You often",cau_dmd,0.7,1,17,0.74395,0.18547,1.30557,1.31607,0.20421
178,"In this case, You often",cau_dmd,0.9,1,20,0.9141,0.23878,1.51515,1.52237,0.18097
178,"In this case, You often",cau_dmd,0.99,1,26,0.99222,0.35773,2.11781,2.11386,0.17751
178,"In this case, You often",dua_dmd,0.3,1,2,0.60793,0.60717,0.34526,0.3481,0.13444
178,"In this case, You often",dua_dmd,0.5,1,2,0.60793,0.60717,0.34526,0.3481,0.13444
178,"In this case, You often",dua_dmd,0.7,1,3,0.86712,0.61045,0.81461,0.8131,0.15406
178,"In this case, You often",dua_dmd,0.9,1,4,0.95231,0.62364,1.42632,1.41581,0.15967
178,"In this case, You often",dua_dmd,0.99,1,6,0.99839,0.65871,2.99612,2.96006,0.16156
175,"Every day, Voters never",euc_ctx,0.3,1,3,0.43421,0.31402,0.21374,0.21872,0.10047
175,"Every day, Voters never",euc_ctx,0.5,1,4,0.66807,0.33193,0.34494,0.34941,0.10706
175,"Every day, Voters never",euc_ctx,0.7,1,5,0.83877,0.38303,0.50385,0.50665,0.10316
175,"Every day, Voters never",euc_ctx,0.9,1,6,0.92962,0.45118,0.71008,0.71014,0.10261
175,"Every day, Voters never",euc_ctx,0.99,1,9,0.9947,0.61573,1.63872,1.62629,0.10945
175,"Every day, Voters never",cau_ctx,0.3,0,,,,,,
175,"Every day, Voters never",cau_ctx,0.5,0,,,,,,
175,"Every day, Voters never",cau_ctx,0.7,0,,,,,,
175,"Every day, Voters never",cau_ctx,0.9,0,,,,,,
175,"Every day, Voters never",cau_ctx,0.99,0,,,,,,
175,"Every day, Voters never",dua_ctx,0.3,1,22,0.3113,0.42997,0.35749,0.3578,0.03161
175,"Every day, Voters never",dua_ctx,0.5,1,36,0.51079,0.41513,0.9653,0.95316,0.08099
175,"Every day, Voters never",dua_ctx,0.7,1,50,0.70606,0.40803,1.94098,1.90941,0.09993
175,"Every day, Voters never",dua_ctx,0.9,1,73,0.90327,0.4377,4.38277,4.3161,0.12286
175,"Every day, Voters never",dua_ctx,0.99,1,108,0.99083,0.5405,8.2591,8.15214,0.12986
175,"Every day, Voters never",euc_unemb,0.3,1,1,0.89183,0.39407,0.5789,0.58168,0.10506
175,"Every day, Voters never",euc_unemb,0.5,1,1,0.89183,0.39407,0.5789,0.58168,0.10506
175,"Every day, Voters never",euc_unemb,0.7,1,1,0.89183,0.39407,0.5789,0.58168,0.10506
175,"Every day, Voters never",euc_unemb,0.9,1,2,0.99947,0.61799,2.62201,2.5997,0.10835
175,"Every day, Voters never",euc_unemb,0.99,1,2,0.99947,0.61799,2.62201,2.5997,0.10835
175,"Every day, Voters never",cau_unemb,0.3,1,12,0.30935,0.31784,0.10124,0.10543,0.07539
175,"Every day, Voters never",cau_unemb,0.5,1,16,0.50012,0.31686,0.16652,0.1709,0.08216
175,"Every day, Voters never",cau_unemb,0.7,1,21,0.7317,0.35275,0.27381,0.2773,0.09406
175,"Every day, Voters never",cau_unemb,0.9,1,27,0.90053,0.43354,0.47778,0.47844,0.0998
175,"Every day, Voters never",cau_unemb,0.99,1,40,0.99171,0.5827,1.27542,1.26472,0.10705
175,"Every day, Voters never",dua_unemb,0.3,1,1,0.63497,0.52295,0.22838,0.22901,0.08416
175,"Every day, Voters never",dua_unemb,0.5,1,1,0.63497,0.52295,0.22838,0.22901,0.08416
175,"Every day, Voters never",dua_unemb,0.7,1,2,0.91672,0.57534,0.64311,0.63867,0.10073
175,"Every day, Voters never",dua_unemb,0.9,1,2,0.91672,0.57534,0.64311,0.63867,0.10073
175,"Every day, Voters never",dua_unemb,0.99,1,3,0.99154,0.60496,1.35861,1.34278,0.1044
175,"Every day, Voters never",euc_dmd,0.3,1,1,0.88815,0.34102,0.59438,0.59694,0.10716
175,"Every day, Voters never",euc_dmd,0.5,1,1,0.88815,0.34102,0.59438,0.59694,0.10716
175,"Every day, Voters never",euc_dmd,0.7,1,1,0.88815,0.34102,0.59438,0.59694,0.10716
175,"Every day, Voters never",euc_dmd,0.9,1,2,0.99925,0.58376,2.24751,2.22893,0.11302
175,"Every day, Voters never",euc_dmd,0.99,1,2,0.99925,0.58376,2.24751,2.22893,0.11302
175,"Every day, Voters never",cau_dmd,0.3,1,5,0.30807,0.29169,0.1447,0.14898,0.09102
175,"Every day, Voters never",cau_dmd,0.5,1,7,0.53429,0.2841,0.24942,0.25379,0.10203
175,"Every day, Voters never",cau_dmd,0.7,1,9,0.74498,0.31213,0.37413,0.37754,0.10085
175,"Every day, Voters never",cau_dmd,0.9,1,12,0.9205,0.39887,0.64258,0.6426,0.10792
175,"Every day, Voters never",cau_dmd,0.99,1,17,0.99074,0.53839,1.37723,1.36747,0.11033
175,"Every day, Voters never",dua_dmd,0.3,1,1,0.70083,0.54078,0.26859,0.26807,0.09028
175,"Every day, Voters never",dua_dmd,0.5,1,1,0.70083,0.54078,0.26859,0.26807,0.09028
175,"Every day, Voters never",dua_dmd,0.7,1,1,0.70083,0.54078,0.26859,0.26807,0.09028
175,"Every day, Voters never",dua_dmd,0.9,1,2,0.95129,0.57553,0.68922,0.68626,0.10155
175,"Every day, Voters never",dua_dmd,0.99,1,3,0.996,0.59733,1.37318,1.36367,0.10498
280,"Usually, The workers usually",euc_ctx,0.3,1,6,0.50163,0.21751,0.66611,0.67555,0.12596
280,"Usually, The workers usually",euc_ctx,0.5,1,6,0.50163,0.21751,0.66611,0.67555,0.12596
280,"Usually, The workers usually",euc_ctx,0.7,1,7,0.7112,0.23655,0.77154,0.7802,0.11351
280,"Usually, The workers usually",euc_ctx,0.9,1,9,0.93373,0.34693,0.97034,0.97527,0.11107
280,"Usually, The workers usually",euc_ctx,0.99,1,12,0.99399,0.54544,1.56866,1.56323,0.10567
280,"Usually, The workers usually",cau_ctx,0.3,0,,,,,,
280,"Usually, The workers usually",cau_ctx,0.5,0,,,,,,
280,"Usually, The workers usually",cau_ctx,0.7,0,,,,,,
280,"Usually, The workers usually",cau_ctx,0.9,0,,,,,,
280,"Usually, The workers usually",cau_ctx,0.99,0,,,,,,
280,"Usually, The workers usually",dua_ctx,0.3,1,33,0.31108,0.47602,0.76911,0.7647,0.03091
280,"Usually, The workers usually",dua_ctx,0.5,1,48,0.51023,0.45713,1.63846,1.61567,0.04202
280,"Usually, The workers usually",dua_ctx,0.7,1,63,0.70194,0.45359,2.7963,2.75051,0.04725
280,"Usually, The workers usually",dua_ctx,0.9,1,85,0.90578,0.47413,4.86675,4.78858,0.05663
280,"Usually, The workers usually",dua_ctx,0.99,1,107,0.99018,0.52616,7.09615,6.99256,0.0528
280,"Usually, The workers usually",euc_unemb,0.3,1,1,0.35006,0.18973,0.5981,0.60953,0.15218
280,"Usually, The workers usually",euc_unemb,0.5,1,2,0.9878,0.35842,1.62147,1.62289,0.15487
280,"Usually, The workers usually",euc_unemb,0.7,1,2,0.9878,0.35842,1.62147,1.62289,0.15487
280,"Usually, The workers usually",euc_unemb,0.9,1,2,0.9878,0.35842,1.62147,1.62289,0.15487
280,"Usually, The workers usually",euc_unemb,0.99,1,3,0.99992,0.43531,3.79824,3.77238,0.17133
280,"Usually, The workers usually",cau_unemb,0.3,1,26,0.31833,0.23839,0.41878,0.42767,0.14726
280,"Usually, The workers usually",cau_unemb,0.5,1,31,0.53612,0.23718,0.51621,0.52487,0.12142
280,"Usually, The workers usually",cau_unemb,0.7,1,35,0.704,0.25726,0.58434,0.5922,0.10704
280,"Usually, The workers usually",cau_unemb,0.9,1,43,0.90893,0.33983,0.7642,0.76866,0.09644
280,"Usually, The workers usually",cau_unemb,0.99,1,56,0.9901,0.47711,1.3475,1.34185,0.09918
280,"Usually, The workers usually",dua_unemb,0.3,1,2,0.68205,0.54666,0.37574,0.37759,0.01955
280,"Usually, The workers usually",dua_unemb,0.5,1,2,0.68205,0.54666,0.37574,0.37759,0.01955
280,"Usually, The workers usually",dua_unemb,0.7,1,3,0.8986,0.58264,0.83695,0.83048,0.03932
280,"Usually, The workers usually",dua_unemb,0.9,1,4,0.97096,0.60297,1.50275,1.484,0.04203
280,"Usually, The workers usually",dua_unemb,0.99,1,5,0.99522,0.61984,2.41225,2.37812,0.04255
280,"Usually, The workers usually",euc_dmd,0.3,1,1,0.34434,0.15782,0.73393,0.7435,0.16457
280,"Usually, The workers usually",euc_dmd,0.5,1,2,0.98417,0.27933,1.54182,1.54265,0.15867
280,"Usually, The workers usually",euc_dmd,0.7,1,2,0.98417,0.27933,1.54182,1.54265,0.15867
280,"Usually, The workers usually",euc_dmd,0.9,1,2,0.98417,0.27933,1.54182,1.54265,0.15867
280,"Usually, The workers usually",euc_dmd,0.99,1,3,0.99984,0.43447,3.10065,3.07972,0.1489
280,"Usually, The workers usually",cau_dmd,0.3,1,11,0.32998,0.2018,0.62596,0.63426,0.13794
280,"Usually, The workers usually",cau_dmd,0.5,1,13,0.53305,0.19534,0.75204,0.75979,0.13207
280,"Usually, The workers usually",cau_dmd,0.7,1,15,0.7234,0.21146,0.8654,0.87193,0.11453
280,"Usually, The workers usually",cau_dmd,0.9,1,19,0.92992,0.29193,1.15038,1.1524,0.06324
280,"Usually, The workers usually",cau_dmd,0.99,1,25,0.99291,0.41646,1.88893,1.87954,0.05975
280,"Usually, The workers usually",dua_dmd,0.3,1,2,0.77382,0.55545,0.43212,0.43362,0.0498
280,"Usually, The workers usually",dua_dmd,0.5,1,2,0.77382,0.55545,0.43212,0.43362,0.0498
280,"Usually, The workers usually",dua_dmd,0.7,1,2,0.77382,0.55545,0.43212,0.43362,0.0498
280,"Usually, The workers usually",dua_dmd,0.9,1,3,0.95607,0.57092,1.01179,1.00715,0.05054
280,"Usually, The workers usually",dua_dmd,0.99,1,4,0.99282,0.58628,1.92114,1.90736,0.05537
119,"Honestly, Our customers sometimes",euc_ctx,0.3,1,6,0.35446,0.26137,0.70196,0.71365,0.06293
119,"Honestly, Our customers sometimes",euc_ctx,0.5,1,7,0.58476,0.26198,0.85963,0.87055,0.06783
119,"Honestly, Our customers sometimes",euc_ctx,0.7,1,8,0.78031,0.29605,0.98208,0.99129,0.0653
119,"Honestly, Our customers sometimes",euc_ctx,0.9,1,10,0.95499,0.42343,1.26444,1.2676,0.05625
119,"Honestly, Our customers sometimes",euc_ctx,0.99,1,12,0.99134,0.54347,1.72661,1.72094,0.12447
119,"Honestly, Our customers sometimes",cau_ctx,0.3,0,,,,,,
119,"Honestly, Our customers sometimes",cau_ctx,0.5,0,,,,,,
119,"Honestly, Our customers sometimes",cau_ctx,0.7,0,,,,,,
119,"Honestly, Our customers sometimes",cau_ctx,0.9,0,,,,,,
119,"Honestly, Our customers sometimes",cau_ctx,0.99,0,,,,,,
119,"Honestly, Our customers sometimes",dua_ctx,0.3,1,38,0.30328,0.52538,1.08364,1.07034,0.04433
119,"Honestly, Our customers sometimes",dua_ctx,0.5,1,57,0.50216,0.50576,2.5412,2.49642,0.04785
119,"Honestly, Our customers sometimes",dua_ctx,0.7,1,78,0.70694,0.4995,4.81926,4.73883,0.06283
119,"Honestly, Our customers sometimes",dua_ctx,0.9,1,101,0.90203,0.50417,7.14694,7.0371,0.15963
119,"Honestly, Our customers sometimes",dua_ctx,0.99,1,123,0.99012,0.53664,8.66888,8.54233,0.16307
119,"Honestly, Our customers sometimes",euc_unemb,0.3,1,2,0.98358,0.43463,1.39333,1.39512,0.06938
119,"Honestly, Our customers sometimes",euc_unemb,0.5,1,2,0.98358,0.43463,1.39333,1.39512,0.06938
119,"Honestly, Our customers sometimes",euc_unemb,0.7,1,2,0.98358,0.43463,1.39333,1.39512,0.06938
119,"Honestly, Our customers sometimes",euc_unemb,0.9,1,2,0.98358,0.43463,1.39333,1.39512,0.06938
119,"Honestly, Our customers sometimes",euc_unemb,0.99,1,3,0.99991,0.53283,3.34066,3.31198,0.07494
119,"Honestly, Our customers sometimes",cau_unemb,0.3,1,28,0.30733,0.25207,0.48934,0.50072,0.05277
119,"Honestly, Our customers sometimes",cau_unemb,0.5,1,33,0.54613,0.25122,0.59827,0.60933,0.05784
119,"Honestly, Our customers sometimes",cau_unemb,0.7,1,37,0.72697,0.27619,0.67053,0.68055,0.05884
119,"Honestly, Our customers sometimes",cau_unemb,0.9,1,44,0.9137,0.35865,0.82979,0.83619,0.13243
119,"Honestly, Our customers sometimes",cau_unemb,0.99,1,56,0.99092,0.49174,1.36543,1.36109,0.13471
119,"Honestly, Our customers sometimes",dua_unemb,0.3,1,2,0.59841,0.5672,0.33692,0.33928,0.05013
119,"Honestly, Our customers sometimes",dua_unemb,0.5,1,2,0.59841,0.5672,0.33692,0.33928,0.05013
119,"Honestly, Our customers sometimes",dua_unemb,0.7,1,3,0.84033,0.58681,0.7753,0.77001,0.05985
119,"Honestly, Our customers sometimes",dua_unemb,0.9,1,4,0.93807,0.59699,1.4169,1.39866,0.06446
119,"Honestly, Our customers sometimes",dua_unemb,0.99,1,6,0.99794,0.61194,3.50564,3.44978,0.06334
119,"Honestly, Our customers sometimes",euc_dmd,0.3,1,2,0.98314,0.37138,1.43568,1.43894,0.07202
119,"Honestly, Our customers sometimes",euc_dmd,0.5,1,2,0.98314,0.37138,1.43568,1.43894,0.07202
119,"Honestly, Our customers sometimes",euc_dmd,0.7,1,2,0.98314,0.37138,1.43568,1.43894,0.07202
119,"Honestly, Our customers sometimes",euc_dmd,0.9,1,2,0.98314,0.37138,1.43568,1.43894,0.07202
119,"Honestly, Our customers sometimes",euc_dmd,0.99,1,3,0.99987,0.55666,2.98672,2.96447,0.07083
119,"Honestly, Our customers sometimes",cau_dmd,0.3,1,12,0.35108,0.21192,0.72875,0.7407,0.06663
119,"Honestly, Our customers sometimes",cau_dmd,0.5,1,14,0.57979,0.21096,0.87571,0.88708,0.06973
119,"Honestly, Our customers sometimes",cau_dmd,0.7,1,16,0.77597,0.23765,1.00704,1.01693,0.16287
119,"Honestly, Our customers sometimes",cau_dmd,0.9,1,19,0.93027,0.31027,1.24637,1.25229,0.17462
119,"Honestly, Our customers sometimes",cau_dmd,0.99,1,24,0.99141,0.41988,1.89589,1.89121,0.18032
119,"Honestly, Our customers sometimes",dua_dmd,0.3,1,2,0.70068,0.57817,0.41051,0.41316,0.04065
119,"Honestly, Our customers sometimes",dua_dmd,0.5,1,2,0.70068,0.57817,0.41051,0.41316,0.04065
119,"Honestly, Our customers sometimes",dua_dmd,0.7,1,2,0.70068,0.57817,0.41051,0.41316,0.04065
119,"Honestly, Our customers sometimes",dua_dmd,0.9,1,3,0.92056,0.58549,1.00997,1.00797,0.04636
119,"Honestly, Our customers sometimes",dua_dmd,0.99,1,5,0.99664,0.60943,2.80889,2.78699,0.04947
273,"At home, I always",euc_ctx,0.3,1,7,0.46327,0.05727,0.96564,0.96553,0.07152
273,"At home, I always",euc_ctx,0.5,1,8,0.6806,0.06345,1.01467,1.01331,0.07102
273,"At home, I always",euc_ctx,0.7,1,9,0.83683,0.08218,1.0077,1.00486,0.06296
273,"At home, I always",euc_ctx,0.9,1,10,0.92323,0.11555,0.98122,0.97662,0.05913
273,"At home, I always",euc_ctx,0.99,1,13,0.99259,0.31636,1.05263,1.04027,0.07073
273,"At home, I always",cau_ctx,0.3,0,,,,,,
273,"At home, I always",cau_ctx,0.5,0,,,,,,
273,"At home, I always",cau_ctx,0.7,0,,,,,,
273,"At home, I always",cau_ctx,0.9,0,,,,,,
273,"At home, I always",cau_ctx,0.99,0,,,,,,
273,"At home, I always",dua_ctx,0.3,1,25,0.3092,0.35664,0.39479,0.38931,0.06612
273,"At home, I always",dua_ctx,0.5,1,36,0.51653,0.33781,0.79756,0.77816,0.07015
273,"At home, I always",dua_ctx,0.7,1,46,0.70101,0.32863,1.27957,1.24348,0.07403
273,"At home, I always",dua_ctx,0.9,1,64,0.90459,0.35359,2.47596,2.40775,0.10266
273,"At home, I always",dua_ctx,0.99,1,92,0.99121,0.44163,4.20105,4.09516,0.10622
273,"At home, I always",euc_unemb,0.3,1,2,0.97582,0.13003,1.26466,1.26203,0.12989
273,"At home, I always",euc_unemb,0.5,1,2,0.97582,0.13003,1.26466,1.26203,0.12989
273,"At home, I always",euc_unemb,0.7,1,2,0.97582,0.13003,1.26466,1.26203,0.12989
273,"At home, I always",euc_unemb,0.9,1,2,0.97582,0.13003,1.26466,1.26203,0.12989
273,"At home, I always",euc_unemb,0.99,1,3,0.99988,0.5016,2.32916,2.30605,0.12994
273,"At home, I always",cau_unemb,0.3,1,31,0.32732,0.08091,0.66078,0.66477,0.06435
273,"At home, I always",cau_unemb,0.5,1,35,0.51704,0.08069,0.7251,0.72857,0.06469
273,"At home, I always",cau_unemb,0.7,1,39,0.70079,0.09165,0.75809,0.7608,0.09089
273,"At home, I always",cau_unemb,0.9,1,46,0.90088,0.14152,0.78355,0.78418,0.08602
273,"At home, I always",cau_unemb,0.99,1,59,0.99078,0.33203,1.0006,0.99397,0.08685
273,"At home, I always",dua_unemb,0.3,1,2,0.72079,0.53674,0.29024,0.28993,0.10377
273,"At home, I always",dua_unemb,0.5,1,2,0.72079,0.53674,0.29024,0.28993,0.10377
273,"At home, I always",dua_unemb,0.7,1,2,0.72079,0.53674,0.29024,0.28993,0.10377
273,"At home, I always",dua_unemb,0.9,1,3,0.94473,0.58664,0.65672,0.64829,0.10621
273,"At home, I always",dua_unemb,0.99,1,4,0.99638,0.61972,1.20143,1.17852,0.11005
273,"At home, I always",euc_dmd,0.3,1,2,0.9706,0.06984,1.4948,1.48855,0.07471
273,"At home, I always",euc_dmd,0.5,1,2,0.9706,0.06984,1.4948,1.48855,0.07471
273,"At home, I always",euc_dmd,0.7,1,2,0.9706,0.06984,1.4948,1.48855,0.07471
273,"At home, I always",euc_dmd,0.9,1,2,0.9706,0.06984,1.4948,1.48855,0.07471
273,"At home, I always",euc_dmd,0.99,1,3,0.99976,0.31806,2.0138,1.99208,0.1233
273,"At home, I always",cau_dmd,0.3,1,13,0.34091,0.04611,1.11807,1.11793,0.09504
273,"At home, I always",cau_dmd,0.5,1,15,0.56329,0.04016,1.36191,1.35946,0.0974
273,"At home, I always",cau_dmd,0.7,1,17,0.75954,0.03995,1.61518,1.60968,0.09483
273,"At home, I always",cau_dmd,0.9,1,20,0.92131,0.04477,2.04194,2.03047,0.08778
273,"At home, I always",cau_dmd,0.99,1,26,0.99311,0.05368,3.11156,3.08439,0.09307
273,"At home, I always",dua_dmd,0.3,1,2,0.79773,0.56317,0.35063,0.34917,0.10304
273,"At home, I always",dua_dmd,0.5,1,2,0.79773,0.56317,0.35063,0.34917,0.10304
273,"At home, I always",dua_dmd,0.7,1,2,0.79773,0.56317,0.35063,0.34917,0.10304
273,"At home, I always",dua_dmd,0.9,1,3,0.97473,0.5969,0.72057,0.71329,0.11084
273,"At home, I always",dua_dmd,0.99,1,4,0.99846,0.61873,1.2429,1.22543,0.11058
75,"Honestly, Most doctors typically",euc_ctx,0.3,1,6,0.32217,0.19941,0.76327,0.77573,0.13239
75,"Honestly, Most doctors typically",euc_ctx,0.5,1,7,0.55799,0.20193,0.98607,0.99791,0.16542
75,"Honestly, Most doctors typically",euc_ctx,0.7,1,8,0.7665,0.2344,1.20082,1.21107,0.17275
75,"Honestly, Most doctors typically",euc_ctx,0.9,1,10,0.95353,0.36023,1.73576,1.73993,0.1487
75,"Honestly, Most doctors typically",euc_ctx,0.99,1,12,0.99129,0.48408,2.51407,2.50896,0.14828
75,"Honestly, Most doctors typically",cau_ctx,0.3,0,,,,,,
75,"Honestly, Most doctors typically",cau_ctx,0.5,0,,,,,,
75,"Honestly, Most doctors typically",cau_ctx,0.7,0,,,,,,
75,"Honestly, Most doctors typically",cau_ctx,0.9,0,,,,,,
75,"Honestly, Most doctors typically",cau_ctx,0.99,0,,,,,,
75,"Honestly, Most doctors typically",dua_ctx,0.3,1,34,0.30153,0.38917,0.90819,0.89759,0.03061
75,"Honestly, Most doctors typically",dua_ctx,0.5,1,51,0.50587,0.37428,2.03421,1.99598,0.13219
75,"Honestly, Most doctors typically",dua_ctx,0.7,1,68,0.70351,0.37116,3.65064,3.58221,0.15576
75,"Honestly, Most doctors typically",dua_ctx,0.9,1,89,0.90719,0.38551,6.80468,6.70617,0.18586
75,"Honestly, Most doctors typically",dua_ctx,0.99,1,113,0.99101,0.44239,11.21363,11.09103,0.19682
75,"Honestly, Most doctors typically",euc_unemb,0.3,1,2,0.98362,0.29795,1.72658,1.72894,0.23273
75,"Honestly, Most doctors typically",euc_unemb,0.5,1,2,0.98362,0.29795,1.72658,1.72894,0.23273
75,"Honestly, Most doctors typically",euc_unemb,0.7,1,2,0.98362,0.29795,1.72658,1.72894,0.23273
75,"Honestly, Most doctors typically",euc_unemb,0.9,1,2,0.98362,0.29795,1.72658,1.72894,0.23273
75,"Honestly, Most doctors typically",euc_unemb,0.99,1,3,0.99993,0.39501,4.44976,4.41993,0.2084
75,"Honestly, Most doctors typically",cau_unemb,0.3,1,29,0.30983,0.16797,0.52382,0.53506,0.18797
75,"Honestly, Most doctors typically",cau_unemb,0.5,1,33,0.50608,0.16893,0.63344,0.64452,0.19812
75,"Honestly, Most doctors typically",cau_unemb,0.7,1,38,0.74078,0.19595,0.77074,0.7807,0.1878
75,"Honestly, Most doctors typically",cau_unemb,0.9,1,44,0.90646,0.25957,0.99139,0.99844,0.16876
75,"Honestly, Most doctors typically",cau_unemb,0.99,1,56,0.99077,0.39229,1.77116,1.76766,0.16045
75,"Honestly, Most doctors typically",dua_unemb,0.3,1,2,0.70619,0.49309,0.40543,0.40721,0.04195
75,"Honestly, Most doctors typically",dua_unemb,0.5,1,2,0.70619,0.49309,0.40543,0.40721,0.04195
75,"Honestly, Most doctors typically",dua_unemb,0.7,1,2,0.70619,0.49309,0.40543,0.40721,0.04195
75,"Honestly, Most doctors typically",dua_unemb,0.9,1,3,0.91686,0.5272,0.86074,0.8533,0.14715
75,"Honestly, Most doctors typically",dua_unemb,0.99,1,5,0.9984,0.54486,2.4688,2.4285,0.16657
75,"Honestly, Most doctors typically",euc_dmd,0.3,1,2,0.98308,0.28084,1.77318,1.77772,0.18589
75,"Honestly, Most doctors typically",euc_dmd,0.5,1,2,0.98308,0.28084,1.77318,1.77772,0.18589
75,"Honestly, Most doctors typically",euc_dmd,0.7,1,2,0.98308,0.28084,1.77318,1.77772,0.18589
75,"Honestly, Most doctors typically",euc_dmd,0.9,1,2,0.98308,0.28084,1.77318,1.77772,0.18589
75,"Honestly, Most doctors typically",euc_dmd,0.99,1,3,0.99989,0.4386,4.13518,4.11251,0.19914
75,"Honestly, Most doctors typically",cau_dmd,0.3,1,12,0.31762,0.15607,0.74891,0.7616,0.21434
75,"Honestly, Most doctors typically",cau_dmd,0.5,1,14,0.54902,0.15672,0.93301,0.9453,0.22355
75,"Honestly, Most doctors typically",cau_dmd,0.7,1,16,0.75724,0.17942,1.13156,1.14247,0.17262
75,"Honestly, Most doctors typically",cau_dmd,0.9,1,19,0.92477,0.24012,1.53051,1.53733,0.16524
75,"Honestly, Most doctors typically",cau_dmd,0.99,1,24,0.99089,0.32491,2.54987,2.54525,0.16842
75,"Honestly, Most doctors typically",dua_dmd,0.3,1,2,0.81123,0.5223,0.53182,0.53401,0.14576
75,"Honestly, Most doctors typically",dua_dmd,0.5,1,2,0.81123,0.5223,0.53182,0.53401,0.14576
75,"Honestly, Most doctors typically",dua_dmd,0.7,1,2,0.81123,0.5223,0.53182,0.53401,0.14576
75,"Honestly, Most doctors typically",dua_dmd,0.9,1,3,0.97874,0.53714,1.20735,1.20375,0.1757
75,"Honestly, Most doctors typically",dua_dmd,0.99,1,4,0.99888,0.54167,2.23894,2.22424,0.15159
110,"Usually, You usually",euc_ctx,0.3,1,6,0.32114,0.17032,0.66581,0.67579,0.22243
110,"Usually, You usually",euc_ctx,0.5,1,7,0.53729,0.17009,0.79199,0.80182,0.23212
110,"Usually, You usually",euc_ctx,0.7,1,8,0.73763,0.19542,0.87533,0.8844,0.22934
110,"Usually, You usually",euc_ctx,0.9,1,10,0.93993,0.31236,1.0433,1.04881,0.17766
110,"Usually, You usually",euc_ctx,0.99,1,13,0.99431,0.51588,1.65782,1.65278,0.08317
110,"Usually, You usually",cau_ctx,0.3,0,,,,,,
110,"Usually, You usually",cau_ctx,0.5,0,,,,,,
110,"Usually, You usually",cau_ctx,0.7,0,,,,,,
110,"Usually, You usually",cau_ctx,0.9,0,,,,,,
110,"Usually, You usually",cau_ctx,0.99,0,,,,,,
110,"Usually, You usually",dua_ctx,0.3,1,30,0.30793,0.44194,0.57669,0.56848,0.0205
110,"Usually, You usually",dua_ctx,0.5,1,44,0.50416,0.43986,1.17667,1.14632,0.04687
110,"Usually, You usually",dua_ctx,0.7,1,60,0.70149,0.45043,2.03666,1.9775,0.05323
110,"Usually, You usually",dua_ctx,0.9,1,82,0.90701,0.47212,3.31193,3.22032,0.07532
110,"Usually, You usually",dua_ctx,0.99,1,100,0.99159,0.49955,4.65733,4.54821,0.09862
110,"Usually, You usually",euc_unemb,0.3,1,2,0.96898,0.25095,1.68156,1.6872,0.2523
110,"Usually, You usually",euc_unemb,0.5,1,2,0.96898,0.25095,1.68156,1.6872,0.2523
110,"Usually, You usually",euc_unemb,0.7,1,2,0.96898,0.25095,1.68156,1.6872,0.2523
110,"Usually, You usually",euc_unemb,0.9,1,2,0.96898,0.25095,1.68156,1.6872,0.2523
110,"Usually, You usually",euc_unemb,0.99,1,3,0.99979,0.45456,3.62785,3.60987,0.23214
110,"Usually, You usually",cau_unemb,0.3,1,30,0.33005,0.13021,0.77966,0.78681,0.23492
110,"Usually, You usually",cau_unemb,0.5,1,34,0.50792,0.12327,0.90416,0.91072,0.23816
110,"Usually, You usually",cau_unemb,0.7,1,39,0.72168,0.13257,1.02289,1.02822,0.24327
110,"Usually, You usually",cau_unemb,0.9,1,46,0.90339,0.17476,1.16704,1.16965,0.23861
110,"Usually, You usually",cau_unemb,0.99,1,60,0.99162,0.30319,1.64545,1.63889,0.19962
110,"Usually, You usually",dua_unemb,0.3,1,2,0.59953,0.5114,0.31839,0.32278,0.0386
110,"Usually, You usually",dua_unemb,0.5,1,2,0.59953,0.5114,0.31839,0.32278,0.0386
110,"Usually, You usually",dua_unemb,0.7,1,3,0.82243,0.54563,0.66012,0.65713,0.07113
110,"Usually, You usually",dua_unemb,0.9,1,4,0.91161,0.56394,1.11239,1.09737,0.14702
110,"Usually, You usually",dua_unemb,0.99,1,7,0.99837,0.59455,3.5344,3.46763,0.09061
110,"Usually, You usually",euc_dmd,0.3,1,2,0.96841,0.18941,1.64809,1.65326,0.24912
110,"Usually, You usually",euc_dmd,0.5,1,2,0.96841,0.18941,1.64809,1.65326,0.24912
110,"Usually, You usually",euc_dmd,0.7,1,2,0.96841,0.18941,1.64809,1.65326,0.24912
110,"Usually, You usually",euc_dmd,0.9,1,2,0.96841,0.18941,1.64809,1.65326,0.24912
110,"Usually, You usually",euc_dmd,0.99,1,3,0.99967,0.38938,3.08182,3.06796,0.20721
110,"Usually, You usually",cau_dmd,0.3,1,12,0.33709,0.1262,0.87642,0.88588,0.24532
110,"Usually, You usually",cau_dmd,0.5,1,14,0.5539,0.12303,1.02265,1.0317,0.24589
110,"Usually, You usually",cau_dmd,0.7,1,16,0.74861,0.13885,1.13758,1.14567,0.24266
110,"Usually, You usually",cau_dmd,0.9,1,19,0.91434,0.19226,1.3193,1.32476,0.21538
110,"Usually, You usually",cau_dmd,0.99,1,25,0.99178,0.32546,1.99418,1.98967,0.0911
110,"Usually, You usually",dua_dmd,0.3,1,2,0.69533,0.51764,0.38489,0.3894,0.05701
110,"Usually, You usually",dua_dmd,0.5,1,2,0.69533,0.51764,0.38489,0.3894,0.05701
110,"Usually, You usually",dua_dmd,0.7,1,3,0.92298,0.54149,0.82722,0.82652,0.07277
110,"Usually, You usually",dua_dmd,0.9,1,3,0.92298,0.54149,0.82722,0.82652,0.07277
110,"Usually, You usually",dua_dmd,0.99,1,5,0.99797,0.57799,2.43354,2.41154,0.08551
122,"At home, Most doctors rarely",euc_ctx,0.3,1,6,0.37824,0.24457,0.79173,0.80317,0.11373
122,"At home, Most doctors rarely",euc_ctx,0.5,1,7,0.61491,0.25414,0.96219,0.97265,0.11202
122,"At home, Most doctors rarely",euc_ctx,0.7,1,8,0.80354,0.29914,1.10605,1.11458,0.11176
122,"At home, Most doctors rarely",euc_ctx,0.9,1,9,0.91067,0.36999,1.26669,1.27235,0.11717
122,"At home, Most doctors rarely",euc_ctx,0.99,1,12,0.99254,0.58911,2.06529,2.05761,0.11798
122,"At home, Most doctors rarely",cau_ctx,0.3,0,,,,,,
122,"At home, Most doctors rarely",cau_ctx,0.5,0,,,,,,
122,"At home, Most doctors rarely",cau_ctx,0.7,0,,,,,,
122,"At home, Most doctors rarely",cau_ctx,0.9,0,,,,,,
122,"At home, Most doctors rarely",cau_ctx,0.99,0,,,,,,
122,"At home, Most doctors rarely",dua_ctx,0.3,1,37,0.30812,0.49048,1.02951,1.01685,0.03732
122,"At home, Most doctors rarely",dua_ctx,0.5,1,54,0.50122,0.46873,2.36083,2.32111,0.06473
122,"At home, Most doctors rarely",dua_ctx,0.7,1,69,0.70452,0.4569,4.22723,4.15967,0.07567
122,"At home, Most doctors rarely",dua_ctx,0.9,1,90,0.90227,0.47692,7.37688,7.27711,0.111
122,"At home, Most doctors rarely",dua_ctx,0.99,1,118,0.99067,0.53825,9.38983,9.26328,0.12333
122,"At home, Most doctors rarely",euc_unemb,0.3,1,2,0.99034,0.43428,1.52977,1.52978,0.10708
122,"At home, Most doctors rarely",euc_unemb,0.5,1,2,0.99034,0.43428,1.52977,1.52978,0.10708
122,"At home, Most doctors rarely",euc_unemb,0.7,1,2,0.99034,0.43428,1.52977,1.52978,0.10708
122,"At home, Most doctors rarely",euc_unemb,0.9,1,2,0.99034,0.43428,1.52977,1.52978,0.10708
122,"At home, Most doctors rarely",euc_unemb,0.99,1,2,0.99034,0.43428,1.52977,1.52978,0.10708
122,"At home, Most doctors rarely",cau_unemb,0.3,1,28,0.3215,0.24541,0.42796,0.4398,0.11922
122,"At home, Most doctors rarely",cau_unemb,0.5,1,32,0.52098,0.25416,0.48969,0.50155,0.12181
122,"At home, Most doctors rarely",cau_unemb,0.7,1,36,0.71325,0.29086,0.54537,0.55655,0.11635
122,"At home, Most doctors rarely",cau_unemb,0.9,1,43,0.91282,0.40978,0.71087,0.71883,0.1093
122,"At home, Most doctors rarely",cau_unemb,0.99,1,55,0.99163,0.60881,1.35794,1.35496,0.11366
122,"At home, Most doctors rarely",dua_unemb,0.3,1,2,0.72057,0.58127,0.38417,0.38463,0.04994
122,"At home, Most doctors rarely",dua_unemb,0.5,1,2,0.72057,0.58127,0.38417,0.38463,0.04994
122,"At home, Most doctors rarely",dua_unemb,0.7,1,2,0.72057,0.58127,0.38417,0.38463,0.04994
122,"At home, Most doctors rarely",dua_unemb,0.9,1,3,0.93234,0.60942,0.87803,0.86931,0.05317
122,"At home, Most doctors rarely",dua_unemb,0.99,1,4,0.9918,0.62715,1.69975,1.67598,0.10248
122,"At home, Most doctors rarely",euc_dmd,0.3,1,2,0.98791,0.40323,1.54779,1.55022,0.12941
122,"At home, Most doctors rarely",euc_dmd,0.5,1,2,0.98791,0.40323,1.54779,1.55022,0.12941
122,"At home, Most doctors rarely",euc_dmd,0.7,1,2,0.98791,0.40323,1.54779,1.55022,0.12941
122,"At home, Most doctors rarely",euc_dmd,0.9,1,2,0.98791,0.40323,1.54779,1.55022,0.12941
122,"At home, Most doctors rarely",euc_dmd,0.99,1,3,0.99994,0.58647,3.53319,3.50691,0.13474
122,"At home, Most doctors rarely",cau_dmd,0.3,1,12,0.334,0.21062,0.66126,0.67301,0.11743
122,"At home, Most doctors rarely",cau_dmd,0.5,1,14,0.56417,0.21663,0.79068,0.80199,0.11274
122,"At home, Most doctors rarely",cau_dmd,0.7,1,16,0.76713,0.25311,0.9232,0.93314,0.09251
122,"At home, Most doctors rarely",cau_dmd,0.9,1,19,0.92866,0.3476,1.2076,1.21353,0.09602
122,"At home, Most doctors rarely",cau_dmd,0.99,1,24,0.99172,0.49188,2.01142,2.00615,0.09649
122,"At home, Most doctors rarely",dua_dmd,0.3,1,2,0.79256,0.601,0.44715,0.44802,0.09124
122,"At home, Most doctors rarely",dua_dmd,0.5,1,2,0.79256,0.601,0.44715,0.44802,0.09124
122,"At home, Most doctors rarely",dua_dmd,0.7,1,2,0.79256,0.601,0.44715,0.44802,0.09124
122,"At home, Most doctors rarely",dua_dmd,0.9,1,3,0.95418,0.61336,0.97873,0.97523,0.10667
122,"At home, Most doctors rarely",dua_dmd,0.99,1,4,0.9932,0.62492,1.78797,1.77619,0.10612
164,"Every day, People usually",euc_ctx,0.3,1,4,0.40079,0.46282,0.27592,0.2868,0.08279
164,"Every day, People usually",euc_ctx,0.5,1,5,0.63428,0.47543,0.41197,0.42256,0.10606
164,"Every day, People usually",euc_ctx,0.7,1,6,0.81617,0.5168,0.57041,0.5792,0.10264
164,"Every day, People usually",euc_ctx,0.9,1,7,0.91797,0.56864,0.76757,0.77332,0.10329
164,"Every day, People usually",euc_ctx,0.99,1,10,0.99374,0.67599,1.58197,1.57464,0.10484
164,"Every day, People usually",cau_ctx,0.3,0,,,,,,
164,"Every day, People usually",cau_ctx,0.5,0,,,,,,
164,"Every day, People usually",cau_ctx,0.7,0,,,,,,
164,"Every day, People usually",cau_ctx,0.9,0,,,,,,
164,"Every day, People usually",cau_ctx,0.99,0,,,,,,
164,"Every day, People usually",dua_ctx,0.3,1,32,0.30321,0.56437,0.79481,0.79155,0.0175
164,"Every day, People usually",dua_ctx,0.5,1,49,0.50165,0.52933,1.85487,1.82954,0.02575
164,"Every day, People usually",dua_ctx,0.7,1,67,0.70431,0.5081,3.44779,3.39219,0.045
164,"Every day, People usually",dua_ctx,0.9,1,91,0.90116,0.50855,5.71054,5.61848,0.06565
164,"Every day, People usually",dua_ctx,0.99,1,113,0.9916,0.54552,7.56731,7.45459,0.07001
164,"Every day, People usually",euc_unemb,0.3,1,1,0.7338,0.45843,0.46877,0.48043,0.12001
164,"Every day, People usually",euc_unemb,0.5,1,1,0.7338,0.45843,0.46877,0.48043,0.12001
164,"Every day, People usually",euc_unemb,0.7,1,1,0.7338,0.45843,0.46877,0.48043,0.12001
164,"Every day, People usually",euc_unemb,0.9,1,2,0.99828,0.61037,2.13891,2.12823,0.12231
164,"Every day, People usually",euc_unemb,0.99,1,2,0.99828,0.61037,2.13891,2.12823,0.12231
164,"Every day, People usually",cau_unemb,0.3,1,18,0.32534,0.44757,0.17893,0.18819,0.03049
164,"Every day, People usually",cau_unemb,0.5,1,22,0.51471,0.44929,0.25581,0.26523,0.09563
164,"Every day, People usually",cau_unemb,0.7,1,27,0.73885,0.48237,0.38243,0.39057,0.08908
164,"Every day, People usually",cau_unemb,0.9,1,33,0.90117,0.54243,0.61234,0.61685,0.09507
164,"Every day, People usually",cau_unemb,0.99,1,46,0.99111,0.62086,1.37435,1.36631,0.09393
164,"Every day, People usually",dua_unemb,0.3,1,1,0.46568,0.6092,0.15381,0.15692,0.07899
164,"Every day, People usually",dua_unemb,0.5,1,2,0.84783,0.64116,0.5103,0.51004,0.08557
164,"Every day, People usually",dua_unemb,0.7,1,2,0.84783,0.64116,0.5103,0.51004,0.08557
164,"Every day, People usually",dua_unemb,0.9,1,3,0.97949,0.66572,1.16148,1.15048,0.0917
164,"Every day, People usually",dua_unemb,0.99,1,4,0.99932,0.677,2.27744,2.24967,0.09146
164,"Every day, People usually",euc_dmd,0.3,1,1,0.72381,0.43787,0.4816,0.49308,0.11069
164,"Every day, People usually",euc_dmd,0.5,1,1,0.72381,0.43787,0.4816,0.49308,0.11069
164,"Every day, People usually",euc_dmd,0.7,1,1,0.72381,0.43787,0.4816,0.49308,0.11069
164,"Every day, People usually",euc_dmd,0.9,1,2,0.99765,0.6215,1.92607,1.91766,0.12817
164,"Every day, People usually",euc_dmd,0.99,1,2,0.99765,0.6215,1.92607,1.91766,0.12817
164,"Every day, People usually",cau_dmd,0.3,1,8,0.36417,0.43025,0.26512,0.27493,0.09008
164,"Every day, People usually",cau_dmd,0.5,1,10,0.58763,0.43701,0.38137,0.39099,0.09543
164,"Every day, People usually",cau_dmd,0.7,1,12,0.77789,0.47253,0.53507,0.54308,0.10392
164,"Every day, People usually",cau_dmd,0.9,1,15,0.9294,0.54299,0.8725,0.87581,0.10536
164,"Every day, People usually",cau_dmd,0.99,1,20,0.99112,0.61229,1.65915,1.65098,0.10662
164,"Every day, People usually",dua_dmd,0.3,1,1,0.53598,0.61281,0.20073,0.20292,0.08041
164,"Every day, People usually",dua_dmd,0.5,1,1,0.53598,0.61281,0.20073,0.20292,0.08041
164,"Every day, People usually",dua_dmd,0.7,1,2,0.88687,0.6144,0.63548,0.63765,0.04329
164,"Every day, People usually",dua_dmd,0.9,1,3,0.98359,0.62482,1.35936,1.35638,0.04644
164,"Every day, People usually",dua_dmd,0.99,1,4,0.99817,0.63882,2.39803,2.38649,0.04774
272,"Over time, The workers just",euc_ctx,0.3,1,5,0.42152,0.06572,0.33071,0.33077,0.06156
272,"Over time, The workers just",euc_ctx,0.5,1,6,0.62755,0.06927,0.3871,0.38643,0.05996
272,"Over time, The workers just",euc_ctx,0.7,1,7,0.79259,0.08442,0.42565,0.42404,0.05772
272,"Over time, The workers just",euc_ctx,0.9,1,9,0.94859,0.15526,0.51232,0.50805,0.04294
272,"Over time, The workers just",euc_ctx,0.99,1,12,0.99405,0.36507,0.87347,0.86233,0.09973
272,"Over time, The workers just",cau_ctx,0.3,0,,,,,,
272,"Over time, The workers just",cau_ctx,0.5,0,,,,,,
272,"Over time, The workers just",cau_ctx,0.7,0,,,,,,
272,"Over time, The workers just",cau_ctx,0.9,0,,,,,,
272,"Over time, The workers just",cau_ctx,0.99,0,,,,,,
272,"Over time, The workers just",dua_ctx,0.3,1,16,0.30303,0.20666,0.15104,0.15099,0.01942
272,"Over time, The workers just",dua_ctx,0.5,1,24,0.51183,0.2011,0.32385,0.31744,0.03376
272,"Over time, The workers just",dua_ctx,0.7,1,32,0.71216,0.20007,0.56019,0.54481,0.04107
272,"Over time, The workers just",dua_ctx,0.9,1,43,0.90012,0.21241,1.03325,1.0017,0.04878
272,"Over time, The workers just",dua_ctx,0.99,1,66,0.99044,0.27803,2.71137,2.64412,0.04537
272,"Over time, The workers just",euc_unemb,0.3,1,1,0.4699,0.06312,0.38817,0.3898,0.0609
272,"Over time, The workers just",euc_unemb,0.5,1,2,0.98893,0.21833,0.92949,0.9242,0.11491
272,"Over time, The workers just",euc_unemb,0.7,1,2,0.98893,0.21833,0.92949,0.9242,0.11491
272,"Over time, The workers just",euc_unemb,0.9,1,2,0.98893,0.21833,0.92949,0.9242,0.11491
272,"Over time, The workers just",euc_unemb,0.99,1,3,0.99989,0.50894,2.51083,2.48602,0.11918
272,"Over time, The workers just",cau_unemb,0.3,1,22,0.30078,0.08497,0.208,0.20956,0.05817
272,"Over time, The workers just",cau_unemb,0.5,1,27,0.50817,0.08421,0.26256,0.26377,0.05828
272,"Over time, The workers just",cau_unemb,0.7,1,32,0.71213,0.09806,0.30931,0.30987,0.05118
272,"Over time, The workers just",cau_unemb,0.9,1,40,0.90849,0.15641,0.40477,0.40351,0.05112
272,"Over time, The workers just",cau_unemb,0.99,1,54,0.99101,0.35488,0.84022,0.83224,0.11096
272,"Over time, The workers just",dua_unemb,0.3,1,2,0.77019,0.33618,0.2919,0.29305,0.07535
272,"Over time, The workers just",dua_unemb,0.5,1,2,0.77019,0.33618,0.2919,0.29305,0.07535
272,"Over time, The workers just",dua_unemb,0.7,1,2,0.77019,0.33618,0.2919,0.29305,0.07535
272,"Over time, The workers just",dua_unemb,0.9,1,3,0.93545,0.38485,0.60216,0.59486,0.08443
272,"Over time, The workers just",dua_unemb,0.99,1,5,0.9978,0.43874,1.50486,1.47366,0.0916
272,"Over time, The workers just",euc_dmd,0.3,1,1,0.48627,0.0428,0.49845,0.49676,0.06343
272,"Over time, The workers just",euc_dmd,0.5,1,2,0.98858,0.12087,0.98477,0.97447,0.09795
272,"Over time, The workers just",euc_dmd,0.7,1,2,0.98858,0.12087,0.98477,0.97447,0.09795
272,"Over time, The workers just",euc_dmd,0.9,1,2,0.98858,0.12087,0.98477,0.97447,0.09795
272,"Over time, The workers just",euc_dmd,0.99,1,3,0.99984,0.36725,1.97006,1.94408,0.13383
272,"Over time, The workers just",cau_dmd,0.3,1,10,0.38996,0.05665,0.38275,0.38234,0.06319
272,"Over time, The workers just",cau_dmd,0.5,1,12,0.59218,0.05619,0.46539,0.46407,0.06388
272,"Over time, The workers just",cau_dmd,0.7,1,14,0.76483,0.06431,0.53911,0.53664,0.0628
272,"Over time, The workers just",cau_dmd,0.9,1,17,0.91386,0.09264,0.66095,0.65626,0.05475
272,"Over time, The workers just",cau_dmd,0.99,1,23,0.99036,0.20162,1.09358,1.08192,0.09498
272,"Over time, The workers just",dua_dmd,0.3,1,2,0.83005,0.33662,0.32018,0.32008,0.0829
272,"Over time, The workers just",dua_dmd,0.5,1,2,0.83005,0.33662,0.32018,0.32008,0.0829
272,"Over time, The workers just",dua_dmd,0.7,1,2,0.83005,0.33662,0.32018,0.32008,0.0829
272,"Over time, The workers just",dua_dmd,0.9,1,3,0.97026,0.37544,0.67307,0.66509,0.08784
272,"Over time, The workers just",dua_dmd,0.99,1,4,0.99563,0.40192,1.11544,1.09773,0.08866
286,"At work, Voters never",euc_ctx,0.3,1,3,0.35074,0.09955,0.15038,0.15177,0.01797
286,"At work, Voters never",euc_ctx,0.5,1,4,0.57217,0.09955,0.2194,0.22045,0.01849
286,"At work, Voters never",euc_ctx,0.7,1,5,0.76447,0.11725,0.28513,0.28546,0.02168
286,"At work, Voters never",euc_ctx,0.9,1,7,0.94684,0.20661,0.47206,0.46965,0.02804
286,"At work, Voters never",euc_ctx,0.99,1,10,0.99472,0.4229,1.11041,1.09971,0.09138
286,"At work, Voters never",cau_ctx,0.3,0,,,,,,
286,"At work, Voters never",cau_ctx,0.5,0,,,,,,
286,"At work, Voters never",cau_ctx,0.7,0,,,,,,
286,"At work, Voters never",cau_ctx,0.9,0,,,,,,
286,"At work, Voters never",cau_ctx,0.99,0,,,,,,
286,"At work, Voters never",dua_ctx,0.3,1,13,0.31042,0.19729,0.13117,0.13373,0.00785
286,"At work, Voters never",dua_ctx,0.5,1,21,0.51646,0.19435,0.33806,0.33632,0.0094
286,"At work, Voters never",dua_ctx,0.7,1,29,0.71318,0.19501,0.66032,0.6508,0.01821
286,"At work, Voters never",dua_ctx,0.9,1,43,0.90239,0.2234,1.60481,1.57354,0.03849
286,"At work, Voters never",dua_ctx,0.99,1,66,0.99097,0.29925,3.55189,3.48395,0.0776
286,"At work, Voters never",euc_unemb,0.3,1,1,0.84203,0.12491,0.37255,0.37382,0.06699
286,"At work, Voters never",euc_unemb,0.5,1,1,0.84203,0.12491,0.37255,0.37382,0.06699
286,"At work, Voters never",euc_unemb,0.7,1,1,0.84203,0.12491,0.37255,0.37382,0.06699
286,"At work, Voters never",euc_unemb,0.9,1,2,0.99893,0.44518,1.7607,1.74687,0.09869
286,"At work, Voters never",euc_unemb,0.99,1,2,0.99893,0.44518,1.7607,1.74687,0.09869
286,"At work, Voters never",cau_unemb,0.3,1,14,0.32526,0.11033,0.09145,0.09347,0.01485
286,"At work, Voters never",cau_unemb,0.5,1,18,0.50963,0.11012,0.13009,0.13213,0.01977
286,"At work, Voters never",cau_unemb,0.7,1,23,0.7304,0.1295,0.18287,0.18454,0.02383
286,"At work, Voters never",cau_unemb,0.9,1,30,0.91156,0.19677,0.30288,0.30304,0.05712
286,"At work, Voters never",cau_unemb,0.99,1,42,0.99009,0.38525,0.80328,0.79728,0.08615
286,"At work, Voters never",dua_unemb,0.3,1,1,0.64373,0.29868,0.16919,0.17169,0.04887
286,"At work, Voters never",dua_unemb,0.5,1,1,0.64373,0.29868,0.16919,0.17169,0.04887
286,"At work, Voters never",dua_unemb,0.7,1,2,0.95848,0.40966,0.58603,0.58365,0.07562
286,"At work, Voters never",dua_unemb,0.9,1,2,0.95848,0.40966,0.58603,0.58365,0.07562
286,"At work, Voters never",dua_unemb,0.99,1,3,0.99812,0.45386,1.13523,1.12229,0.08261
286,"At work, Voters never",euc_dmd,0.3,1,1,0.83138,0.09035,0.412,0.41079,0.02833
286,"At work, Voters never",euc_dmd,0.5,1,1,0.83138,0.09035,0.412,0.41079,0.02833
286,"At work, Voters never",euc_dmd,0.7,1,1,0.83138,0.09035,0.412,0.41079,0.02833
286,"At work, Voters never",euc_dmd,0.9,1,2,0.99834,0.32578,1.33356,1.31994,0.09717
286,"At work, Voters never",euc_dmd,0.99,1,2,0.99834,0.32578,1.33356,1.31994,0.09717
286,"At work, Voters never",cau_dmd,0.3,1,6,0.33256,0.0915,0.1494,0.15033,0.02164
286,"At work, Voters never",cau_dmd,0.5,1,8,0.54787,0.08765,0.22423,0.22466,0.02463
286,"At work, Voters never",cau_dmd,0.7,1,10,0.74424,0.09859,0.30373,0.30327,0.03403
286,"At work, Voters never",cau_dmd,0.9,1,13,0.91345,0.14124,0.46159,0.45897,0.03852
286,"At work, Voters never",cau_dmd,0.99,1,19,0.99212,0.2877,1.07857,1.06797,0.08706
286,"At work, Voters never",dua_dmd,0.3,1,1,0.67745,0.30216,0.18143,0.18341,0.05437
286,"At work, Voters never",dua_dmd,0.5,1,1,0.67745,0.30216,0.18143,0.18341,0.05437
286,"At work, Voters never",dua_dmd,0.7,1,2,0.9642,0.38914,0.54307,0.54153,0.07916
286,"At work, Voters never",dua_dmd,0.9,1,2,0.9642,0.38914,0.54307,0.54153,0.07916
286,"At work, Voters never",dua_dmd,0.99,1,3,0.99688,0.4206,1.01056,1.0018,0.08929
169,"In this case, Farmers typically",euc_ctx,0.3,1,5,0.47769,0.32312,0.43764,0.44873,0.08202
169,"In this case, Farmers typically",euc_ctx,0.5,1,6,0.68888,0.34564,0.60004,0.61063,0.08557
169,"In this case, Farmers typically",euc_ctx,0.7,1,7,0.8411,0.39273,0.78725,0.79626,0.08167
169,"In this case, Farmers typically",euc_ctx,0.9,1,8,0.92571,0.45129,1.01636,1.02283,0.08371
169,"In this case, Farmers typically",euc_ctx,0.99,1,11,0.99314,0.59551,1.96115,1.95634,0.08442
169,"In this case, Farmers typically",cau_ctx,0.3,0,,,,,,
169,"In this case, Farmers typically",cau_ctx,0.5,0,,,,,,
169,"In this case, Farmers typically",cau_ctx,0.7,0,,,,,,
169,"In this case, Farmers typically",cau_ctx,0.9,0,,,,,,
169,"In this case, Farmers typically",cau_ctx,0.99,0,,,,,,
169,"In this case, Farmers typically",dua_ctx,0.3,1,37,0.3029,0.46871,1.07281,1.07127,0.03663
169,"In this case, Farmers typically",dua_ctx,0.5,1,54,0.50812,0.44314,2.40218,2.38236,0.03965
169,"In this case, Farmers typically",dua_ctx,0.7,1,69,0.71194,0.42756,4.0709,4.02985,0.04475
169,"In this case, Farmers typically",dua_ctx,0.9,1,87,0.90618,0.43115,6.68655,6.6189,0.04665
169,"In this case, Farmers typically",dua_ctx,0.99,1,111,0.99092,0.4823,9.49565,9.39774,0.05412
169,"In this case, Farmers typically",euc_unemb,0.3,1,1,0.56476,0.29062,0.41042,0.42173,0.09923
169,"In this case, Farmers typically",euc_unemb,0.5,1,1,0.56476,0.29062,0.41042,0.42173,0.09923
169,"In this case, Farmers typically",euc_unemb,0.7,1,2,0.9948,0.48903,1.91127,1.90644,0.11825
169,"In this case, Farmers typically",euc_unemb,0.9,1,2,0.9948,0.48903,1.91127,1.90644,0.11825
169,"In this case, Farmers typically",euc_unemb,0.99,1,2,0.9948,0.48903,1.91127,1.90644,0.11825
169,"In this case, Farmers typically",cau_unemb,0.3,1,21,0.30919,0.30896,0.21348,0.22195,0.08763
169,"In this case, Farmers typically",cau_unemb,0.5,1,26,0.52557,0.31463,0.30419,0.31287,0.08971
169,"In this case, Farmers typically",cau_unemb,0.7,1,31,0.73239,0.35139,0.41467,0.42246,0.08882
169,"In this case, Farmers typically",cau_unemb,0.9,1,38,0.9063,0.43584,0.65011,0.65468,0.08594
169,"In this case, Farmers typically",cau_unemb,0.99,1,51,0.99005,0.56535,1.39408,1.38806,0.0937
169,"In this case, Farmers typically",dua_unemb,0.3,1,2,0.71852,0.50892,0.40021,0.40309,0.0781
169,"In this case, Farmers typically",dua_unemb,0.5,1,2,0.71852,0.50892,0.40021,0.40309,0.0781
169,"In this case, Farmers typically",dua_unemb,0.7,1,2,0.71852,0.50892,0.40021,0.40309,0.0781
169,"In this case, Farmers typically",dua_unemb,0.9,1,3,0.92182,0.53687,0.89776,0.89477,0.07826
169,"In this case, Farmers typically",dua_unemb,0.99,1,5,0.99962,0.56496,2.9797,2.9539,0.03733
169,"In this case, Farmers typically",euc_dmd,0.3,1,1,0.54946,0.27006,0.45086,0.46173,0.09691
169,"In this case, Farmers typically",euc_dmd,0.5,1,1,0.54946,0.27006,0.45086,0.46173,0.09691
169,"In this case, Farmers typically",euc_dmd,0.7,1,2,0.99295,0.48649,1.69775,1.69518,0.11466
169,"In this case, Farmers typically",euc_dmd,0.9,1,2,0.99295,0.48649,1.69775,1.69518,0.11466
169,"In this case, Farmers typically",euc_dmd,0.99,1,2,0.99295,0.48649,1.69775,1.69518,0.11466
169,"In this case, Farmers typically",cau_dmd,0.3,1,9,0.31732,0.28997,0.29884,0.30754,0.09681
169,"In this case, Farmers typically",cau_dmd,0.5,1,11,0.51707,0.29062,0.40701,0.41579,0.08677
169,"In this case, Farmers typically",cau_dmd,0.7,1,13,0.70955,0.31663,0.53329,0.54124,0.0897
169,"In this case, Farmers typically",cau_dmd,0.9,1,17,0.92498,0.41321,0.91171,0.91516,0.05052
169,"In this case, Farmers typically",cau_dmd,0.99,1,23,0.99228,0.52096,1.83143,1.82296,0.04738
169,"In this case, Farmers typically",dua_dmd,0.3,1,1,0.34429,0.48155,0.11284,0.11654,0.02572
169,"In this case, Farmers typically",dua_dmd,0.5,1,2,0.77322,0.50507,0.47231,0.47573,0.03933
169,"In this case, Farmers typically",dua_dmd,0.7,1,2,0.77322,0.50507,0.47231,0.47573,0.03933
169,"In this case, Farmers typically",dua_dmd,0.9,1,3,0.9393,0.51567,1.03951,1.0395,0.04118
169,"In this case, Farmers typically",dua_dmd,0.99,1,5,0.99826,0.53762,2.92174,2.90907,0.04621
18,"Lately, I often",euc_ctx,0.3,1,7,0.39871,0.22612,0.94134,0.95203,0.16785
18,"Lately, I often",euc_ctx,0.5,1,8,0.6106,0.23259,1.08706,1.09671,0.15627
18,"Lately, I often",euc_ctx,0.7,1,9,0.78394,0.2671,1.1843,1.19223,0.15386
18,"Lately, I often",euc_ctx,0.9,1,11,0.94783,0.39457,1.35778,1.3603,0.16658
18,"Lately, I often",euc_ctx,0.99,1,14,0.99431,0.59241,1.862,1.85215,0.16067
18,"Lately, I often",cau_ctx,0.3,0,,,,,,
18,"Lately, I often",cau_ctx,0.5,0,,,,,,
18,"Lately, I often",cau_ctx,0.7,0,,,,,,
18,"Lately, I often",cau_ctx,0.9,0,,,,,,
18,"Lately, I often",cau_ctx,0.99,0,,,,,,
18,"Lately, I often",dua_ctx,0.3,1,38,0.30887,0.54481,0.77537,0.7617,0.02566
18,"Lately, I often",dua_ctx,0.5,1,55,0.50142,0.51468,1.57973,1.53993,0.11156
18,"Lately, I often",dua_ctx,0.7,1,74,0.71012,0.49388,2.73702,2.66478,0.11597
18,"Lately, I often",dua_ctx,0.9,1,103,0.90356,0.5162,4.75958,4.64996,0.14803
18,"Lately, I often",dua_ctx,0.99,1,150,0.99142,0.61639,7.82848,7.69385,0.12836
18,"Lately, I often",euc_unemb,0.3,1,2,0.95463,0.3079,1.28097,1.28706,0.15232
18,"Lately, I often",euc_unemb,0.5,1,2,0.95463,0.3079,1.28097,1.28706,0.15232
18,"Lately, I often",euc_unemb,0.7,1,2,0.95463,0.3079,1.28097,1.28706,0.15232
18,"Lately, I often",euc_unemb,0.9,1,2,0.95463,0.3079,1.28097,1.28706,0.15232
18,"Lately, I often",euc_unemb,0.99,1,3,0.99969,0.57388,2.48115,2.46301,0.15517
18,"Lately, I often",cau_unemb,0.3,1,32,0.305,0.24977,0.58212,0.59376,0.15166
18,"Lately, I often",cau_unemb,0.5,1,37,0.52737,0.24596,0.70619,0.71739,0.13454
18,"Lately, I often",cau_unemb,0.7,1,41,0.70116,0.26567,0.78911,0.79931,0.13396
18,"Lately, I often",cau_unemb,0.9,1,49,0.91133,0.3512,0.95236,0.95871,0.14242
18,"Lately, I often",cau_unemb,0.99,1,62,0.991,0.49938,1.40562,1.40117,0.13082
18,"Lately, I often",dua_unemb,0.3,1,2,0.54309,0.61805,0.24816,0.24931,0.02909
18,"Lately, I often",dua_unemb,0.5,1,2,0.54309,0.61805,0.24816,0.24931,0.02909
18,"Lately, I often",dua_unemb,0.7,1,3,0.78776,0.6329,0.54948,0.54429,0.04945
18,"Lately, I often",dua_unemb,0.9,1,4,0.90855,0.64692,0.9717,0.95541,0.05411
18,"Lately, I often",dua_unemb,0.99,1,6,0.99423,0.68163,2.30647,2.2583,0.06927
18,"Lately, I often",euc_dmd,0.3,1,2,0.95176,0.2181,1.64384,1.6496,0.18471
18,"Lately, I often",euc_dmd,0.5,1,2,0.95176,0.2181,1.64384,1.6496,0.18471
18,"Lately, I often",euc_dmd,0.7,1,2,0.95176,0.2181,1.64384,1.6496,0.18471
18,"Lately, I often",euc_dmd,0.9,1,2,0.95176,0.2181,1.64384,1.6496,0.18471
18,"Lately, I often",euc_dmd,0.99,1,3,0.99952,0.48094,2.55486,2.54124,0.17089
18,"Lately, I often",cau_dmd,0.3,1,13,0.30105,0.17206,1.03226,1.04238,0.16546
18,"Lately, I often",cau_dmd,0.5,1,15,0.51193,0.14647,1.35364,1.36203,0.1543
18,"Lately, I often",cau_dmd,0.7,1,17,0.71611,0.13711,1.69598,1.70159,0.15885
18,"Lately, I often",cau_dmd,0.9,1,20,0.90188,0.13938,2.22261,2.2224,0.15881
18,"Lately, I often",cau_dmd,0.99,1,26,0.9912,0.15036,3.30228,3.28697,0.15738
18,"Lately, I often",dua_dmd,0.3,1,2,0.65409,0.62695,0.33022,0.33097,0.11753
18,"Lately, I often",dua_dmd,0.5,1,2,0.65409,0.62695,0.33022,0.33097,0.11753
18,"Lately, I often",dua_dmd,0.7,1,3,0.88297,0.6327,0.71703,0.71421,0.14122
18,"Lately, I often",dua_dmd,0.9,1,4,0.96429,0.64278,1.21987,1.21006,0.14985
18,"Lately, I often",dua_dmd,0.99,1,5,0.99365,0.65785,1.89657,1.87647,0.15174
294,"In this case, The engineers generally",euc_ctx,0.3,1,6,0.42688,0.06978,0.7507,0.75532,0.10848
294,"In this case, The engineers generally",euc_ctx,0.5,1,7,0.64123,0.07315,0.87068,0.87478,0.10845
294,"In this case, The engineers generally",euc_ctx,0.7,1,8,0.80779,0.08909,0.95892,0.96224,0.10514
294,"In this case, The engineers generally",euc_ctx,0.9,1,9,0.90615,0.11831,1.03963,1.04185,0.10291
294,"In this case, The engineers generally",euc_ctx,0.99,1,12,0.99014,0.28226,1.44694,1.44339,0.07853
294,"In this case, The engineers generally",cau_ctx,0.3,0,,,,,,
294,"In this case, The engineers generally",cau_ctx,0.5,0,,,,,,
294,"In this case, The engineers generally",cau_ctx,0.7,0,,,,,,
294,"In this case, The engineers generally",cau_ctx,0.9,0,,,,,,
294,"In this case, The engineers generally",cau_ctx,0.99,0,,,,,,
294,"In this case, The engineers generally",dua_ctx,0.3,1,28,0.31118,0.29259,0.60619,0.60694,0.02324
294,"In this case, The engineers generally",dua_ctx,0.5,1,40,0.51007,0.27512,1.27034,1.25932,0.03132
294,"In this case, The engineers generally",dua_ctx,0.7,1,50,0.70081,0.2646,2.02746,2.00306,0.03514
294,"In this case, The engineers generally",dua_ctx,0.9,1,63,0.9044,0.27077,3.35709,3.31287,0.03817
294,"In this case, The engineers generally",dua_ctx,0.99,1,86,0.9902,0.34279,6.04617,5.96919,0.04318
294,"In this case, The engineers generally",euc_unemb,0.3,1,2,0.9796,0.17312,1.28236,1.28183,0.09357
294,"In this case, The engineers generally",euc_unemb,0.5,1,2,0.9796,0.17312,1.28236,1.28183,0.09357
294,"In this case, The engineers generally",euc_unemb,0.7,1,2,0.9796,0.17312,1.28236,1.28183,0.09357
294,"In this case, The engineers generally",euc_unemb,0.9,1,2,0.9796,0.17312,1.28236,1.28183,0.09357
294,"In this case, The engineers generally",euc_unemb,0.99,1,3,0.99985,0.35706,3.2396,3.21633,0.09623
294,"In this case, The engineers generally",cau_unemb,0.3,1,27,0.30174,0.09294,0.41843,0.4238,0.10247
294,"In this case, The engineers generally",cau_unemb,0.5,1,32,0.51903,0.09216,0.50283,0.50809,0.10458
294,"In this case, The engineers generally",cau_unemb,0.7,1,37,0.72871,0.10802,0.56518,0.56993,0.10335
294,"In this case, The engineers generally",cau_unemb,0.9,1,44,0.90537,0.16151,0.65904,0.66224,0.0965
294,"In this case, The engineers generally",cau_unemb,0.99,1,58,0.99161,0.34811,1.13279,1.12894,0.07402
294,"In this case, The engineers generally",dua_unemb,0.3,1,2,0.7589,0.41443,0.40458,0.4072,0.07925
294,"In this case, The engineers generally",dua_unemb,0.5,1,2,0.7589,0.41443,0.40458,0.4072,0.07925
294,"In this case, The engineers generally",dua_unemb,0.7,1,2,0.7589,0.41443,0.40458,0.4072,0.07925
294,"In this case, The engineers generally",dua_unemb,0.9,1,3,0.94226,0.45641,0.8959,0.89138,0.08628
294,"In this case, The engineers generally",dua_unemb,0.99,1,5,0.99923,0.49544,2.47473,2.44492,0.08625
294,"In this case, The engineers generally",euc_dmd,0.3,1,2,0.97837,0.0939,1.42254,1.41902,0.09432
294,"In this case, The engineers generally",euc_dmd,0.5,1,2,0.97837,0.0939,1.42254,1.41902,0.09432
294,"In this case, The engineers generally",euc_dmd,0.7,1,2,0.97837,0.0939,1.42254,1.41902,0.09432
294,"In this case, The engineers generally",euc_dmd,0.9,1,2,0.97837,0.0939,1.42254,1.41902,0.09432
294,"In this case, The engineers generally",euc_dmd,0.99,1,3,0.99976,0.27706,2.58085,2.56183,0.09788
294,"In this case, The engineers generally",cau_dmd,0.3,1,12,0.38001,0.06136,0.73955,0.74288,0.1067
294,"In this case, The engineers generally",cau_dmd,0.5,1,14,0.58748,0.06038,0.874,0.87654,0.10931
294,"In this case, The engineers generally",cau_dmd,0.7,1,16,0.76505,0.06844,0.99438,0.99577,0.10586
294,"In this case, The engineers generally",cau_dmd,0.9,1,19,0.91607,0.0958,1.18907,1.188,0.09566
294,"In this case, The engineers generally",cau_dmd,0.99,1,25,0.991,0.1813,1.82888,1.81948,0.07721
294,"In this case, The engineers generally",dua_dmd,0.3,1,2,0.84419,0.44729,0.4949,0.49665,0.03935
294,"In this case, The engineers generally",dua_dmd,0.5,1,2,0.84419,0.44729,0.4949,0.49665,0.03935
294,"In this case, The engineers generally",dua_dmd,0.7,1,2,0.84419,0.44729,0.4949,0.49665,0.03935
294,"In this case, The engineers generally",dua_dmd,0.9,1,3,0.98418,0.47445,1.14723,1.14305,0.04618
294,"In this case, The engineers generally",dua_dmd,0.99,1,4,0.99899,0.48986,2.03155,2.01763,0.04754
31,"In this case, Most doctors",euc_ctx,0.3,1,5,0.32921,0.06838,0.44033,0.44384,0.18369
31,"In this case, Most doctors",euc_ctx,0.5,1,6,0.53891,0.06517,0.54961,0.55287,0.18832
31,"In this case, Most doctors",euc_ctx,0.7,1,7,0.73469,0.07285,0.63656,0.63932,0.18998
31,"In this case, Most doctors",euc_ctx,0.9,1,9,0.93831,0.12252,0.79256,0.79353,0.18734
31,"In this case, Most doctors",euc_ctx,0.99,1,12,0.99446,0.27971,1.21395,1.20954,0.15109
31,"In this case, Most doctors",cau_ctx,0.3,0,,,,,,
31,"In this case, Most doctors",cau_ctx,0.5,0,,,,,,
31,"In this case, Most doctors",cau_ctx,0.7,0,,,,,,
31,"In this case, Most doctors",cau_ctx,0.9,0,,,,,,
31,"In this case, Most doctors",cau_ctx,0.99,0,,,,,,
31,"In this case, Most doctors",dua_ctx,0.3,1,25,0.3119,0.23879,0.34549,0.34227,0.08132
31,"In this case, Most doctors",dua_ctx,0.5,1,37,0.51432,0.23806,0.72785,0.71236,0.13257
31,"In this case, Most doctors",dua_ctx,0.7,1,48,0.70722,0.24161,1.1857,1.15611,0.14617
31,"In this case, Most doctors",dua_ctx,0.9,1,61,0.90634,0.25393,1.88186,1.83511,0.15146
31,"In this case, Most doctors",dua_ctx,0.99,1,72,0.99144,0.27717,2.71438,2.65389,0.1504
31,"In this case, Most doctors",euc_unemb,0.3,1,1,0.3489,0.09219,0.40182,0.4081,0.15197
31,"In this case, Most doctors",euc_unemb,0.5,1,2,0.98007,0.26717,1.2755,1.2759,0.19663
31,"In this case, Most doctors",euc_unemb,0.7,1,2,0.98007,0.26717,1.2755,1.2759,0.19663
31,"In this case, Most doctors",euc_unemb,0.9,1,2,0.98007,0.26717,1.2755,1.2759,0.19663
31,"In this case, Most doctors",euc_unemb,0.99,1,3,0.99978,0.49092,3.51518,3.49337,0.21031
31,"In this case, Most doctors",cau_unemb,0.3,1,25,0.33074,0.07931,0.31659,0.3194,0.15572
31,"In this case, Most doctors",cau_unemb,0.5,1,30,0.54237,0.07856,0.39439,0.39682,0.1602
31,"In this case, Most doctors",cau_unemb,0.7,1,34,0.70435,0.08723,0.44661,0.44852,0.16455
31,"In this case, Most doctors",cau_unemb,0.9,1,42,0.90548,0.13154,0.55741,0.55751,0.16315
31,"In this case, Most doctors",cau_unemb,0.99,1,56,0.99077,0.28493,0.96854,0.96243,0.14914
31,"In this case, Most doctors",dua_unemb,0.3,1,2,0.58246,0.29412,0.18625,0.18852,0.03901
31,"In this case, Most doctors",dua_unemb,0.5,1,2,0.58246,0.29412,0.18625,0.18852,0.03901
31,"In this case, Most doctors",dua_unemb,0.7,1,3,0.79415,0.32758,0.39079,0.38649,0.04326
31,"In this case, Most doctors",dua_unemb,0.9,1,4,0.90612,0.35306,0.63681,0.62346,0.05417
31,"In this case, Most doctors",dua_unemb,0.99,1,6,0.99335,0.40191,1.31342,1.27787,0.05915
31,"In this case, Most doctors",euc_dmd,0.3,1,1,0.38386,0.0598,0.49752,0.50187,0.17565
31,"In this case, Most doctors",euc_dmd,0.5,1,2,0.98329,0.14774,1.14453,1.14364,0.19744
31,"In this case, Most doctors",euc_dmd,0.7,1,2,0.98329,0.14774,1.14453,1.14364,0.19744
31,"In this case, Most doctors",euc_dmd,0.9,1,2,0.98329,0.14774,1.14453,1.14364,0.19744
31,"In this case, Most doctors",euc_dmd,0.99,1,3,0.9998,0.37792,2.51624,2.50047,0.1944
31,"In this case, Most doctors",cau_dmd,0.3,1,10,0.345,0.05541,0.50715,0.50966,0.18906
31,"In this case, Most doctors",cau_dmd,0.5,1,12,0.55815,0.05158,0.63214,0.63406,0.19253
31,"In this case, Most doctors",cau_dmd,0.7,1,14,0.7501,0.05637,0.74136,0.7424,0.1907
31,"In this case, Most doctors",cau_dmd,0.9,1,17,0.91497,0.07791,0.90778,0.90689,0.18621
31,"In this case, Most doctors",cau_dmd,0.99,1,23,0.9921,0.15653,1.44634,1.43873,0.13288
31,"In this case, Most doctors",dua_dmd,0.3,1,2,0.69939,0.30875,0.23751,0.24023,0.01395
31,"In this case, Most doctors",dua_dmd,0.5,1,2,0.69939,0.30875,0.23751,0.24023,0.01395
31,"In this case, Most doctors",dua_dmd,0.7,1,3,0.9029,0.3435,0.50165,0.49826,0.09166
31,"In this case, Most doctors",dua_dmd,0.9,1,3,0.9029,0.3435,0.50165,0.49826,0.09166
31,"In this case, Most doctors",dua_dmd,0.99,1,5,0.99698,0.38637,1.23525,1.21379,0.1451
182,Students never,euc_ctx,0.3,1,4,0.413,0.07789,0.25265,0.2545,0.02707
182,Students never,euc_ctx,0.5,1,5,0.63044,0.08104,0.32132,0.32279,0.02678
182,Students never,euc_ctx,0.7,1,6,0.80218,0.09837,0.38007,0.38087,0.02577
182,Students never,euc_ctx,0.9,1,7,0.90407,0.13063,0.44612,0.44593,0.02617
182,Students never,euc_ctx,0.99,1,10,0.99027,0.31058,0.84856,0.84276,0.04885
182,Students never,cau_ctx,0.3,0,,,,,,
182,Students never,cau_ctx,0.5,0,,,,,,
182,Students never,cau_ctx,0.7,0,,,,,,
182,Students never,cau_ctx,0.9,0,,,,,,
182,Students never,cau_ctx,0.99,0,,,,,,
182,Students never,dua_ctx,0.3,1,15,0.30408,0.20019,0.18123,0.18538,0.00578
182,Students never,dua_ctx,0.5,1,23,0.50325,0.19472,0.42169,0.42145,0.00976
182,Students never,dua_ctx,0.7,1,31,0.70337,0.19273,0.77863,0.77075,0.01381
182,Students never,dua_ctx,0.9,1,44,0.90074,0.21457,1.6936,1.66673,0.04576
182,Students never,dua_ctx,0.99,1,68,0.99084,0.29153,3.76841,3.70318,0.05155
182,Students never,euc_unemb,0.3,1,1,0.71813,0.08097,0.38361,0.38603,0.06096
182,Students never,euc_unemb,0.5,1,1,0.71813,0.08097,0.38361,0.38603,0.06096
182,Students never,euc_unemb,0.7,1,1,0.71813,0.08097,0.38361,0.38603,0.06096
182,Students never,euc_unemb,0.9,1,2,0.99753,0.32725,1.404,1.39541,0.07685
182,Students never,euc_unemb,0.99,1,2,0.99753,0.32725,1.404,1.39541,0.07685
182,Students never,cau_unemb,0.3,1,17,0.30525,0.0944,0.13698,0.1395,0.02589
182,Students never,cau_unemb,0.5,1,22,0.52957,0.09391,0.18865,0.19119,0.02601
182,Students never,cau_unemb,0.7,1,26,0.70446,0.10666,0.22738,0.22966,0.02645
182,Students never,cau_unemb,0.9,1,34,0.91376,0.17235,0.3385,0.33933,0.0239
182,Students never,cau_unemb,0.99,1,47,0.99145,0.37214,0.81304,0.80784,0.05619
182,Students never,dua_unemb,0.3,1,1,0.44836,0.24743,0.08698,0.09112,0.01065
182,Students never,dua_unemb,0.5,1,2,0.93524,0.39648,0.54447,0.54448,0.05017
182,Students never,dua_unemb,0.7,1,2,0.93524,0.39648,0.54447,0.54448,0.05017
182,Students never,dua_unemb,0.9,1,2,0.93524,0.39648,0.54447,0.54448,0.05017
182,Students never,dua_unemb,0.99,1,3,0.99652,0.44729,1.09678,1.08663,0.05667
182,Students never,euc_dmd,0.3,1,1,0.71308,0.05778,0.44798,0.44747,0.03198
182,Students never,euc_dmd,0.5,1,1,0.71308,0.05778,0.44798,0.44747,0.03198
182,Students never,euc_dmd,0.7,1,1,0.71308,0.05778,0.44798,0.44747,0.03198
182,Students never,euc_dmd,0.9,1,2,0.9966,0.21485,1.12292,1.11269,0.07338
182,Students never,euc_dmd,0.99,1,2,0.9966,0.21485,1.12292,1.11269,0.07338
182,Students never,cau_dmd,0.3,1,8,0.39398,0.07073,0.25588,0.25674,0.02775
182,Students never,cau_dmd,0.5,1,9,0.50195,0.06924,0.29788,0.29844,0.02676
182,Students never,cau_dmd,0.7,1,11,0.70562,0.07499,0.38154,0.38123,0.02594
182,Students never,cau_dmd,0.9,1,15,0.92841,0.11909,0.59659,0.59336,0.04468
182,Students never,cau_dmd,0.99,1,21,0.99317,0.23555,1.2341,1.22261,0.05452
182,Students never,dua_dmd,0.3,1,1,0.49207,0.24972,0.09436,0.09812,0.01017
182,Students never,dua_dmd,0.5,1,2,0.96451,0.40596,0.58933,0.58924,0.05561
182,Students never,dua_dmd,0.7,1,2,0.96451,0.40596,0.58933,0.58924,0.05561
182,Students never,dua_dmd,0.9,1,2,0.96451,0.40596,0.58933,0.58924,0.05561
182,Students never,dua_dmd,0.99,1,3,0.99771,0.43708,1.1113,1.104,0.05911
153,"Over time, Farmers typically",euc_ctx,0.3,1,5,0.37137,0.25912,0.49377,0.50555,0.06965
153,"Over time, Farmers typically",euc_ctx,0.5,1,6,0.58812,0.26651,0.66879,0.68052,0.07527
153,"Over time, Farmers typically",euc_ctx,0.7,1,7,0.77245,0.30019,0.85647,0.86719,0.06816
153,"Over time, Farmers typically",euc_ctx,0.9,1,9,0.94773,0.41147,1.3502,1.3562,0.03506
153,"Over time, Farmers typically",euc_ctx,0.99,1,12,0.99482,0.55029,2.43139,2.4258,0.03996
153,"Over time, Farmers typically",cau_ctx,0.3,0,,,,,,
153,"Over time, Farmers typically",cau_ctx,0.5,0,,,,,,
153,"Over time, Farmers typically",cau_ctx,0.7,0,,,,,,
153,"Over time, Farmers typically",cau_ctx,0.9,0,,,,,,
153,"Over time, Farmers typically",cau_ctx,0.99,0,,,,,,
153,"Over time, Farmers typically",dua_ctx,0.3,1,35,0.30106,0.41574,1.03953,1.04096,0.06046
153,"Over time, Farmers typically",dua_ctx,0.5,1,52,0.50762,0.39232,2.43998,2.42457,0.04866
153,"Over time, Farmers typically",dua_ctx,0.7,1,67,0.70648,0.38233,4.27844,4.24239,0.0526
153,"Over time, Farmers typically",dua_ctx,0.9,1,88,0.90374,0.39652,7.6503,7.5834,0.04476
153,"Over time, Farmers typically",dua_ctx,0.99,1,109,0.9915,0.44078,10.11331,10.01946,0.04863
153,"Over time, Farmers typically",euc_unemb,0.3,1,1,0.48831,0.21625,0.47536,0.48697,0.07448
153,"Over time, Farmers typically",euc_unemb,0.5,1,2,0.99407,0.41678,1.99042,1.98745,0.09452
153,"Over time, Farmers typically",euc_unemb,0.7,1,2,0.99407,0.41678,1.99042,1.98745,0.09452
153,"Over time, Farmers typically",euc_unemb,0.9,1,2,0.99407,0.41678,1.99042,1.98745,0.09452
153,"Over time, Farmers typically",euc_unemb,0.99,1,2,0.99407,0.41678,1.99042,1.98745,0.09452
153,"Over time, Farmers typically",cau_unemb,0.3,1,23,0.30149,0.24744,0.27855,0.28767,0.05938
153,"Over time, Farmers typically",cau_unemb,0.5,1,28,0.52197,0.25214,0.38168,0.391,0.06011
153,"Over time, Farmers typically",cau_unemb,0.7,1,33,0.73385,0.28707,0.50356,0.51206,0.06693
153,"Over time, Farmers typically",cau_unemb,0.9,1,40,0.90947,0.37275,0.76065,0.76611,0.06749
153,"Over time, Farmers typically",cau_unemb,0.99,1,53,0.99093,0.51785,1.58596,1.58092,0.06381
153,"Over time, Farmers typically",dua_unemb,0.3,1,2,0.75567,0.48465,0.44077,0.44328,0.05732
153,"Over time, Farmers typically",dua_unemb,0.5,1,2,0.75567,0.48465,0.44077,0.44328,0.05732
153,"Over time, Farmers typically",dua_unemb,0.7,1,2,0.75567,0.48465,0.44077,0.44328,0.05732
153,"Over time, Farmers typically",dua_unemb,0.9,1,3,0.95091,0.52616,1.0128,1.00965,0.04949
153,"Over time, Farmers typically",dua_unemb,0.99,1,4,0.99629,0.54701,2.04204,2.03005,0.05033
153,"Over time, Farmers typically",euc_dmd,0.3,1,1,0.45332,0.19785,0.53259,0.54349,0.07357
153,"Over time, Farmers typically",euc_dmd,0.5,1,2,0.99033,0.38898,1.7834,1.78282,0.0883
153,"Over time, Farmers typically",euc_dmd,0.7,1,2,0.99033,0.38898,1.7834,1.78282,0.0883
153,"Over time, Farmers typically",euc_dmd,0.9,1,2,0.99033,0.38898,1.7834,1.78282,0.0883
153,"Over time, Farmers typically",euc_dmd,0.99,1,2,0.99033,0.38898,1.7834,1.78282,0.0883
153,"Over time, Farmers typically",cau_dmd,0.3,1,11,0.39262,0.22829,0.42743,0.43666,0.06948
153,"Over time, Farmers typically",cau_dmd,0.5,1,13,0.59566,0.24032,0.54664,0.5556,0.05716
153,"Over time, Farmers typically",cau_dmd,0.7,1,15,0.76868,0.27532,0.68786,0.69574,0.05976
153,"Over time, Farmers typically",cau_dmd,0.9,1,18,0.91687,0.35602,0.98316,0.98782,0.0386
153,"Over time, Farmers typically",cau_dmd,0.99,1,24,0.9912,0.49833,1.92739,1.92089,0.03884
153,"Over time, Farmers typically",dua_dmd,0.3,1,2,0.74141,0.47332,0.43265,0.43577,0.03042
153,"Over time, Farmers typically",dua_dmd,0.5,1,2,0.74141,0.47332,0.43265,0.43577,0.03042
153,"Over time, Farmers typically",dua_dmd,0.7,1,2,0.74141,0.47332,0.43265,0.43577,0.03042
153,"Over time, Farmers typically",dua_dmd,0.9,1,3,0.91088,0.48977,0.91549,0.91594,0.03109
153,"Over time, Farmers typically",dua_dmd,0.99,1,5,0.99316,0.51374,2.65656,2.6471,0.03277
281,"Today, Most doctors now",euc_ctx,0.3,1,6,0.4021,0.33495,0.56602,0.57996,0.04218
281,"Today, Most doctors now",euc_ctx,0.5,1,7,0.63562,0.34377,0.73708,0.75023,0.14765
281,"Today, Most doctors now",euc_ctx,0.7,1,8,0.8179,0.38493,0.90787,0.91904,0.15106
281,"Today, Most doctors now",euc_ctx,0.9,1,9,0.91971,0.44413,1.10289,1.11101,0.15286
281,"Today, Most doctors now",euc_ctx,0.99,1,12,0.99429,0.59716,1.93047,1.92533,0.15514
281,"Today, Most doctors now",cau_ctx,0.3,0,,,,,,
281,"Today, Most doctors now",cau_ctx,0.5,0,,,,,,
281,"Today, Most doctors now",cau_ctx,0.7,0,,,,,,
281,"Today, Most doctors now",cau_ctx,0.9,0,,,,,,
281,"Today, Most doctors now",cau_ctx,0.99,0,,,,,,
281,"Today, Most doctors now",dua_ctx,0.3,1,44,0.30685,0.52007,1.26951,1.25139,0.01592
281,"Today, Most doctors now",dua_ctx,0.5,1,64,0.50879,0.48399,2.73673,2.68627,0.0322
281,"Today, Most doctors now",dua_ctx,0.7,1,81,0.70826,0.45942,4.4978,4.42178,0.04478
281,"Today, Most doctors now",dua_ctx,0.9,1,99,0.90288,0.45226,6.68927,6.59121,0.05839
281,"Today, Most doctors now",dua_ctx,0.99,1,113,0.9906,0.46548,8.38337,8.27121,0.14195
281,"Today, Most doctors now",euc_unemb,0.3,1,2,0.97659,0.44734,1.21468,1.21344,0.13182
281,"Today, Most doctors now",euc_unemb,0.5,1,2,0.97659,0.44734,1.21468,1.21344,0.13182
281,"Today, Most doctors now",euc_unemb,0.7,1,2,0.97659,0.44734,1.21468,1.21344,0.13182
281,"Today, Most doctors now",euc_unemb,0.9,1,2,0.97659,0.44734,1.21468,1.21344,0.13182
281,"Today, Most doctors now",euc_unemb,0.99,1,3,0.99984,0.47727,3.21103,3.17753,0.14735
281,"Today, Most doctors now",cau_unemb,0.3,1,28,0.30341,0.31847,0.33061,0.34211,0.13417
281,"Today, Most doctors now",cau_unemb,0.5,1,33,0.53016,0.32574,0.40872,0.42009,0.13613
281,"Today, Most doctors now",cau_unemb,0.7,1,37,0.70686,0.35779,0.46866,0.47907,0.06305
281,"Today, Most doctors now",cau_unemb,0.9,1,44,0.90059,0.45245,0.62519,0.632,0.03757
281,"Today, Most doctors now",cau_unemb,0.99,1,57,0.99043,0.60884,1.21545,1.21052,0.05837
281,"Today, Most doctors now",dua_unemb,0.3,1,2,0.49095,0.55866,0.23348,0.23735,0.02999
281,"Today, Most doctors now",dua_unemb,0.5,1,3,0.71908,0.57191,0.52423,0.52083,0.04008
281,"Today, Most doctors now",dua_unemb,0.7,1,3,0.71908,0.57191,0.52423,0.52083,0.04008
281,"Today, Most doctors now",dua_unemb,0.9,1,5,0.90435,0.58222,1.45498,1.42549,0.06951
281,"Today, Most doctors now",dua_unemb,0.99,1,8,0.99559,0.59382,4.02774,3.94129,0.07783
281,"Today, Most doctors now",euc_dmd,0.3,1,2,0.98083,0.45711,1.1048,1.10879,0.13771
281,"Today, Most doctors now",euc_dmd,0.5,1,2,0.98083,0.45711,1.1048,1.10879,0.13771
281,"Today, Most doctors now",euc_dmd,0.7,1,2,0.98083,0.45711,1.1048,1.10879,0.13771
281,"Today, Most doctors now",euc_dmd,0.9,1,2,0.98083,0.45711,1.1048,1.10879,0.13771
281,"Today, Most doctors now",euc_dmd,0.99,1,3,0.99986,0.53867,2.80276,2.77954,0.1241
281,"Today, Most doctors now",cau_dmd,0.3,1,12,0.37978,0.27149,0.51546,0.52919,0.13951
281,"Today, Most doctors now",cau_dmd,0.5,1,14,0.60443,0.28325,0.62307,0.63654,0.15571
281,"Today, Most doctors now",cau_dmd,0.7,1,15,0.70595,0.30061,0.677,0.68994,0.12451
281,"Today, Most doctors now",cau_dmd,0.9,1,18,0.90096,0.38198,0.88682,0.8965,0.11193
281,"Today, Most doctors now",cau_dmd,0.99,1,24,0.99151,0.51588,1.66806,1.66529,0.12185
281,"Today, Most doctors now",dua_dmd,0.3,1,2,0.618,0.574,0.32244,0.32809,0.01902
281,"Today, Most doctors now",dua_dmd,0.5,1,2,0.618,0.574,0.32244,0.32809,0.01902
281,"Today, Most doctors now",dua_dmd,0.7,1,3,0.86114,0.58134,0.74469,0.74585,0.11485
281,"Today, Most doctors now",dua_dmd,0.9,1,4,0.9475,0.5876,1.27811,1.27092,0.12371
281,"Today, Most doctors now",dua_dmd,0.99,1,6,0.99835,0.60288,2.90483,2.87201,0.04741
213,Parents still,euc_ctx,0.3,1,5,0.41335,0.21199,0.40385,0.41192,0.04657
213,Parents still,euc_ctx,0.5,1,6,0.61299,0.21528,0.51252,0.52055,0.04742
213,Parents still,euc_ctx,0.7,1,7,0.77994,0.24076,0.61149,0.6189,0.04769
213,Parents still,euc_ctx,0.9,1,9,0.94573,0.33992,0.84954,0.85402,0.02694
213,Parents still,euc_ctx,0.99,1,12,0.9944,0.50409,1.46578,1.46217,0.02515
213,Parents still,cau_ctx,0.3,0,,,,,,
213,Parents still,cau_ctx,0.5,0,,,,,,
213,Parents still,cau_ctx,0.7,0,,,,,,
213,Parents still,cau_ctx,0.9,0,,,,,,
213,Parents still,cau_ctx,0.99,0,,,,,,
213,Parents still,dua_ctx,0.3,1,35,0.30943,0.39979,0.78872,0.78658,0.01816
213,Parents still,dua_ctx,0.5,1,51,0.50023,0.37382,1.72414,1.70771,0.02095
213,Parents still,dua_ctx,0.7,1,66,0.70555,0.35734,2.91064,2.87653,0.02648
213,Parents still,dua_ctx,0.9,1,82,0.9056,0.35638,4.45106,4.39633,0.04025
213,Parents still,dua_ctx,0.99,1,99,0.99001,0.38945,6.27034,6.19443,0.03385
213,Parents still,euc_unemb,0.3,1,1,0.4348,0.22049,0.36,0.36914,0.08415
213,Parents still,euc_unemb,0.5,1,2,0.98192,0.4016,1.26338,1.26398,0.11555
213,Parents still,euc_unemb,0.7,1,2,0.98192,0.4016,1.26338,1.26398,0.11555
213,Parents still,euc_unemb,0.9,1,2,0.98192,0.4016,1.26338,1.26398,0.11555
213,Parents still,euc_unemb,0.99,1,3,0.99975,0.47509,3.19865,3.17681,0.09536
213,Parents still,cau_unemb,0.3,1,23,0.32394,0.24163,0.21759,0.22416,0.08445
213,Parents still,cau_unemb,0.5,1,28,0.51656,0.24361,0.28137,0.28805,0.0269
213,Parents still,cau_unemb,0.7,1,33,0.70388,0.26988,0.34485,0.35099,0.02627
213,Parents still,cau_unemb,0.9,1,42,0.90868,0.3659,0.52225,0.52553,0.02308
213,Parents still,cau_unemb,0.99,1,57,0.99061,0.53122,1.15878,1.15239,0.03415
213,Parents still,dua_unemb,0.3,1,2,0.66146,0.47752,0.32159,0.32438,0.07224
213,Parents still,dua_unemb,0.5,1,2,0.66146,0.47752,0.32159,0.32438,0.07224
213,Parents still,dua_unemb,0.7,1,3,0.86079,0.51039,0.691,0.68897,0.07672
213,Parents still,dua_unemb,0.9,1,4,0.94117,0.53176,1.18064,1.17148,0.079
213,Parents still,dua_unemb,0.99,1,6,0.99467,0.56742,2.6012,2.57272,0.07999
213,Parents still,euc_dmd,0.3,1,1,0.45382,0.18411,0.42611,0.43436,0.07897
213,Parents still,euc_dmd,0.5,1,2,0.98249,0.34132,1.13009,1.13122,0.02732
213,Parents still,euc_dmd,0.7,1,2,0.98249,0.34132,1.13009,1.13122,0.02732
213,Parents still,euc_dmd,0.9,1,2,0.98249,0.34132,1.13009,1.13122,0.02732
213,Parents still,euc_dmd,0.99,1,3,0.99971,0.47261,2.64743,2.62991,0.09607
213,Parents still,cau_dmd,0.3,1,10,0.38601,0.19798,0.36105,0.36772,0.08563
213,Parents still,cau_dmd,0.5,1,12,0.57719,0.19923,0.45074,0.45724,0.05023
213,Parents still,cau_dmd,0.7,1,14,0.74605,0.22021,0.53866,0.54444,0.05423
213,Parents still,cau_dmd,0.9,1,17,0.90109,0.28062,0.70446,0.70804,0.04816
213,Parents still,cau_dmd,0.99,1,24,0.99152,0.44082,1.42909,1.42265,0.04778
213,Parents still,dua_dmd,0.3,1,2,0.81194,0.50522,0.46009,0.46169,0.01856
213,Parents still,dua_dmd,0.5,1,2,0.81194,0.50522,0.46009,0.46169,0.01856
213,Parents still,dua_dmd,0.7,1,2,0.81194,0.50522,0.46009,0.46169,0.01856
213,Parents still,dua_dmd,0.9,1,3,0.96547,0.52766,1.00922,1.00648,0.02107
213,Parents still,dua_dmd,0.99,1,4,0.99488,0.54562,1.70848,1.69959,0.02169
157,"At home, Most doctors still",euc_ctx,0.3,1,6,0.41633,0.24015,0.66292,0.67579,0.08668
157,"At home, Most doctors still",euc_ctx,0.5,1,7,0.63804,0.24913,0.84087,0.85324,0.08885
157,"At home, Most doctors still",euc_ctx,0.7,1,8,0.81153,0.28521,1.01601,1.02698,0.06445
157,"At home, Most doctors still",euc_ctx,0.9,1,9,0.91204,0.34006,1.21461,1.22335,0.06383
157,"At home, Most doctors still",euc_ctx,0.99,1,12,0.99233,0.50951,2.07841,2.07644,0.06416
157,"At home, Most doctors still",cau_ctx,0.3,0,,,,,,
157,"At home, Most doctors still",cau_ctx,0.5,0,,,,,,
157,"At home, Most doctors still",cau_ctx,0.7,0,,,,,,
157,"At home, Most doctors still",cau_ctx,0.9,0,,,,,,
157,"At home, Most doctors still",cau_ctx,0.99,0,,,,,,
157,"At home, Most doctors still",dua_ctx,0.3,1,41,0.30779,0.43971,1.18912,1.18069,0.02255
157,"At home, Most doctors still",dua_ctx,0.5,1,60,0.51184,0.40952,2.6833,2.65001,0.03813
157,"At home, Most doctors still",dua_ctx,0.7,1,74,0.70289,0.39455,4.32378,4.26906,0.05709
157,"At home, Most doctors still",dua_ctx,0.9,1,91,0.90493,0.39649,6.69016,6.6112,0.06718
157,"At home, Most doctors still",dua_ctx,0.99,1,115,0.99071,0.44849,10.03109,9.92309,0.06803
157,"At home, Most doctors still",euc_unemb,0.3,1,2,0.98134,0.37893,1.41143,1.41339,0.11024
157,"At home, Most doctors still",euc_unemb,0.5,1,2,0.98134,0.37893,1.41143,1.41339,0.11024
157,"At home, Most doctors still",euc_unemb,0.7,1,2,0.98134,0.37893,1.41143,1.41339,0.11024
157,"At home, Most doctors still",euc_unemb,0.9,1,2,0.98134,0.37893,1.41143,1.41339,0.11024
157,"At home, Most doctors still",euc_unemb,0.99,1,3,0.99987,0.47605,3.56726,3.54159,0.1219
157,"At home, Most doctors still",cau_unemb,0.3,1,28,0.33405,0.23024,0.4057,0.41597,0.08848
157,"At home, Most doctors still",cau_unemb,0.5,1,32,0.51286,0.23357,0.48793,0.49814,0.09783
157,"At home, Most doctors still",cau_unemb,0.7,1,37,0.72614,0.26515,0.5886,0.59792,0.09744
157,"At home, Most doctors still",cau_unemb,0.9,1,44,0.90561,0.3507,0.78159,0.78798,0.10363
157,"At home, Most doctors still",cau_unemb,0.99,1,57,0.99026,0.51763,1.44988,1.44617,0.10048
157,"At home, Most doctors still",dua_unemb,0.3,1,2,0.64301,0.51549,0.32843,0.33067,0.09872
157,"At home, Most doctors still",dua_unemb,0.5,1,2,0.64301,0.51549,0.32843,0.33067,0.09872
157,"At home, Most doctors still",dua_unemb,0.7,1,3,0.86991,0.54221,0.74156,0.73712,0.11564
157,"At home, Most doctors still",dua_unemb,0.9,1,4,0.95441,0.55449,1.32584,1.31084,0.12224
157,"At home, Most doctors still",dua_unemb,0.99,1,6,0.99806,0.56237,3.39766,3.35149,0.11988
157,"At home, Most doctors still",euc_dmd,0.3,1,2,0.98059,0.32231,1.4481,1.45258,0.10008
157,"At home, Most doctors still",euc_dmd,0.5,1,2,0.98059,0.32231,1.4481,1.45258,0.10008
157,"At home, Most doctors still",euc_dmd,0.7,1,2,0.98059,0.32231,1.4481,1.45258,0.10008
157,"At home, Most doctors still",euc_dmd,0.9,1,2,0.98059,0.32231,1.4481,1.45258,0.10008
157,"At home, Most doctors still",euc_dmd,0.99,1,3,0.99983,0.48431,3.25525,3.23705,0.11702
157,"At home, Most doctors still",cau_dmd,0.3,1,12,0.37005,0.19853,0.614,0.62556,0.10792
157,"At home, Most doctors still",cau_dmd,0.5,1,14,0.58221,0.2018,0.75273,0.76398,0.10347
157,"At home, Most doctors still",cau_dmd,0.7,1,16,0.7655,0.22743,0.89586,0.906,0.06906
157,"At home, Most doctors still",cau_dmd,0.9,1,19,0.91943,0.29429,1.17418,1.1811,0.06628
157,"At home, Most doctors still",cau_dmd,0.99,1,25,0.99218,0.41726,2.07693,2.0726,0.0668
157,"At home, Most doctors still",dua_dmd,0.3,1,2,0.77005,0.54191,0.45906,0.46126,0.05213
157,"At home, Most doctors still",dua_dmd,0.5,1,2,0.77005,0.54191,0.45906,0.46126,0.05213
157,"At home, Most doctors still",dua_dmd,0.7,1,2,0.77005,0.54191,0.45906,0.46126,0.05213
157,"At home, Most doctors still",dua_dmd,0.9,1,3,0.9641,0.55476,1.10827,1.10657,0.0649
157,"At home, Most doctors still",dua_dmd,0.99,1,4,0.99689,0.56374,2.05459,2.04514,0.06772
39,"At work, Students now",euc_ctx,0.3,1,6,0.37401,0.36413,0.43043,0.44415,0.02503
39,"At work, Students now",euc_ctx,0.5,1,7,0.57916,0.36883,0.53743,0.55105,0.02613
39,"At work, Students now",euc_ctx,0.7,1,8,0.75904,0.40203,0.63546,0.64803,0.02647
39,"At work, Students now",euc_ctx,0.9,1,10,0.94149,0.51385,0.88485,0.89277,0.02054
39,"At work, Students now",euc_ctx,0.99,1,13,0.99413,0.64848,1.50306,1.49989,0.02127
39,"At work, Students now",cau_ctx,0.3,0,,,,,,
39,"At work, Students now",cau_ctx,0.5,0,,,,,,
39,"At work, Students now",cau_ctx,0.7,0,,,,,,
39,"At work, Students now",cau_ctx,0.9,0,,,,,,
39,"At work, Students now",cau_ctx,0.99,0,,,,,,
39,"At work, Students now",dua_ctx,0.3,1,41,0.30072,0.54803,0.99903,0.99414,0.02216
39,"At work, Students now",dua_ctx,0.5,1,60,0.50696,0.50737,2.1728,2.14598,0.04322
39,"At work, Students now",dua_ctx,0.7,1,76,0.70375,0.48097,3.50891,3.45955,0.04771
39,"At work, Students now",dua_ctx,0.9,1,95,0.90522,0.47016,5.2955,5.22029,0.04943
39,"At work, Students now",dua_ctx,0.99,1,114,0.99071,0.49187,7.09494,6.99789,0.05065
39,"At work, Students now",euc_unemb,0.3,1,2,0.96545,0.43123,1.28232,1.28836,0.21734
39,"At work, Students now",euc_unemb,0.5,1,2,0.96545,0.43123,1.28232,1.28836,0.21734
39,"At work, Students now",euc_unemb,0.7,1,2,0.96545,0.43123,1.28232,1.28836,0.21734
39,"At work, Students now",euc_unemb,0.9,1,2,0.96545,0.43123,1.28232,1.28836,0.21734
39,"At work, Students now",euc_unemb,0.99,1,3,0.99966,0.48843,3.13071,3.11099,0.23266
39,"At work, Students now",cau_unemb,0.3,1,29,0.30899,0.3492,0.33486,0.34591,0.13962
39,"At work, Students now",cau_unemb,0.5,1,34,0.50226,0.3488,0.40359,0.4146,0.12789
39,"At work, Students now",cau_unemb,0.7,1,40,0.72708,0.38386,0.4814,0.49116,0.0417
39,"At work, Students now",cau_unemb,0.9,1,48,0.90583,0.46841,0.64461,0.65061,0.04097
39,"At work, Students now",cau_unemb,0.99,1,63,0.9904,0.59805,1.23143,1.22571,0.04547
39,"At work, Students now",dua_unemb,0.3,1,2,0.53753,0.58893,0.26307,0.26745,0.01066
39,"At work, Students now",dua_unemb,0.5,1,2,0.53753,0.58893,0.26307,0.26745,0.01066
39,"At work, Students now",dua_unemb,0.7,1,3,0.78846,0.60712,0.60996,0.60907,0.01368
39,"At work, Students now",dua_unemb,0.9,1,4,0.90295,0.62161,1.10528,1.09537,0.01523
39,"At work, Students now",dua_unemb,0.99,1,7,0.99795,0.65888,3.68618,3.63096,0.01911
39,"At work, Students now",euc_dmd,0.3,1,2,0.95831,0.41779,1.04015,1.04789,0.02768
39,"At work, Students now",euc_dmd,0.5,1,2,0.95831,0.41779,1.04015,1.04789,0.02768
39,"At work, Students now",euc_dmd,0.7,1,2,0.95831,0.41779,1.04015,1.04789,0.02768
39,"At work, Students now",euc_dmd,0.9,1,2,0.95831,0.41779,1.04015,1.04789,0.02768
39,"At work, Students now",euc_dmd,0.99,1,3,0.99941,0.51088,2.45899,2.44494,0.18971
39,"At work, Students now",cau_dmd,0.3,1,12,0.31197,0.3398,0.40259,0.41436,0.15063
39,"At work, Students now",cau_dmd,0.5,1,15,0.58827,0.35151,0.49433,0.50582,0.03093
39,"At work, Students now",cau_dmd,0.7,1,17,0.75226,0.38897,0.56911,0.57938,0.03078
39,"At work, Students now",cau_dmd,0.9,1,20,0.90252,0.46941,0.74856,0.75545,0.04468
39,"At work, Students now",cau_dmd,0.99,1,27,0.99148,0.60939,1.50748,1.50116,0.04383
39,"At work, Students now",dua_dmd,0.3,1,2,0.66235,0.59985,0.33102,0.33533,0.01597
39,"At work, Students now",dua_dmd,0.5,1,2,0.66235,0.59985,0.33102,0.33533,0.01597
39,"At work, Students now",dua_dmd,0.7,1,3,0.88942,0.60524,0.73646,0.73748,0.02493
39,"At work, Students now",dua_dmd,0.9,1,4,0.97039,0.61771,1.35886,1.3533,0.02611
39,"At work, Students now",dua_dmd,0.99,1,5,0.99025,0.63192,2.16815,2.15447,0.02716
244,"At home, They also",euc_ctx,0.3,1,6,0.33872,0.0552,0.5235,0.52559,0.10156
244,"At home, They also",euc_ctx,0.5,1,7,0.52716,0.05399,0.60359,0.60521,0.10281
244,"At home, They also",euc_ctx,0.7,1,8,0.70432,0.06063,0.65601,0.65702,0.10164
244,"At home, They also",euc_ctx,0.9,1,10,0.911,0.10036,0.73215,0.73139,0.08517
244,"At home, They also",euc_ctx,0.99,1,14,0.99336,0.30514,1.12394,1.11626,0.01681
244,"At home, They also",cau_ctx,0.3,0,,,,,,
244,"At home, They also",cau_ctx,0.5,0,,,,,,
244,"At home, They also",cau_ctx,0.7,0,,,,,,
244,"At home, They also",cau_ctx,0.9,0,,,,,,
244,"At home, They also",cau_ctx,0.99,0,,,,,,
244,"At home, They also",dua_ctx,0.3,1,23,0.31197,0.23687,0.3416,0.34527,0.0073
244,"At home, They also",dua_ctx,0.5,1,33,0.51274,0.22567,0.70875,0.70606,0.00927
244,"At home, They also",dua_ctx,0.7,1,42,0.70424,0.21908,1.16858,1.15716,0.01168
244,"At home, They also",dua_ctx,0.9,1,54,0.90243,0.22579,2.00629,1.97917,0.01297
244,"At home, They also",dua_ctx,0.99,1,77,0.99011,0.28588,4.06306,4.0014,0.01504
244,"At home, They also",euc_unemb,0.3,1,2,0.96309,0.09268,1.03098,1.02948,0.10787
244,"At home, They also",euc_unemb,0.5,1,2,0.96309,0.09268,1.03098,1.02948,0.10787
244,"At home, They also",euc_unemb,0.7,1,2,0.96309,0.09268,1.03098,1.02948,0.10787
244,"At home, They also",euc_unemb,0.9,1,2,0.96309,0.09268,1.03098,1.02948,0.10787
244,"At home, They also",euc_unemb,0.99,1,3,0.99958,0.3088,2.21135,2.19522,0.11796
244,"At home, They also",cau_unemb,0.3,1,29,0.31852,0.06984,0.33212,0.33548,0.09617
244,"At home, They also",cau_unemb,0.5,1,34,0.51512,0.07008,0.38013,0.38336,0.09628
244,"At home, They also",cau_unemb,0.7,1,39,0.70591,0.08141,0.4095,0.41237,0.09395
244,"At home, They also",cau_unemb,0.9,1,48,0.91106,0.13622,0.46519,0.46667,0.074
244,"At home, They also",cau_unemb,0.99,1,63,0.99096,0.33028,0.80384,0.7997,0.02041
244,"At home, They also",dua_unemb,0.3,1,2,0.72352,0.36061,0.27518,0.27822,0.01925
244,"At home, They also",dua_unemb,0.5,1,2,0.72352,0.36061,0.27518,0.27822,0.01925
244,"At home, They also",dua_unemb,0.7,1,2,0.72352,0.36061,0.27518,0.27822,0.01925
244,"At home, They also",dua_unemb,0.9,1,3,0.94729,0.42665,0.67183,0.66891,0.02289
244,"At home, They also",dua_unemb,0.99,1,4,0.99359,0.46104,1.17531,1.16284,0.02388
244,"At home, They also",euc_dmd,0.3,1,2,0.95272,0.05315,1.09777,1.09151,0.09921
244,"At home, They also",euc_dmd,0.5,1,2,0.95272,0.05315,1.09777,1.09151,0.09921
244,"At home, They also",euc_dmd,0.7,1,2,0.95272,0.05315,1.09777,1.09151,0.09921
244,"At home, They also",euc_dmd,0.9,1,2,0.95272,0.05315,1.09777,1.09151,0.09921
244,"At home, They also",euc_dmd,0.99,1,3,0.9991,0.19434,1.7644,1.74671,0.11447
244,"At home, They also",cau_dmd,0.3,1,12,0.31395,0.05233,0.49534,0.49632,0.10818
244,"At home, They also",cau_dmd,0.5,1,15,0.58669,0.05162,0.60237,0.60227,0.10752
244,"At home, They also",cau_dmd,0.7,1,17,0.74784,0.0597,0.66071,0.65965,0.10032
244,"At home, They also",cau_dmd,0.9,1,21,0.92554,0.09851,0.79772,0.79403,0.09266
244,"At home, They also",cau_dmd,0.99,1,28,0.99272,0.23575,1.29948,1.28784,0.06159
244,"At home, They also",dua_dmd,0.3,1,2,0.80783,0.39442,0.31121,0.31305,0.0197
244,"At home, They also",dua_dmd,0.5,1,2,0.80783,0.39442,0.31121,0.31305,0.0197
244,"At home, They also",dua_dmd,0.7,1,2,0.80783,0.39442,0.31121,0.31305,0.0197
244,"At home, They also",dua_dmd,0.9,1,3,0.98195,0.45041,0.73684,0.73308,0.02192
244,"At home, They also",dua_dmd,0.99,1,4,0.99832,0.47416,1.25971,1.24808,0.02301
246,"At work, Many people often",euc_ctx,0.3,1,7,0.50526,0.16571,1.00589,1.01873,0.08783
246,"At work, Many people often",euc_ctx,0.5,1,7,0.50526,0.16571,1.00589,1.01873,0.08783
246,"At work, Many people often",euc_ctx,0.7,1,8,0.72012,0.18442,1.14043,1.15251,0.08018
246,"At work, Many people often",euc_ctx,0.9,1,10,0.93868,0.2914,1.38634,1.39486,0.08456
246,"At work, Many people often",euc_ctx,0.99,1,13,0.99458,0.49953,2.0891,2.0873,0.07725
246,"At work, Many people often",cau_ctx,0.3,0,,,,,,
246,"At work, Many people often",cau_ctx,0.5,0,,,,,,
246,"At work, Many people often",cau_ctx,0.7,0,,,,,,
246,"At work, Many people often",cau_ctx,0.9,0,,,,,,
246,"At work, Many people often",cau_ctx,0.99,0,,,,,,
246,"At work, Many people often",dua_ctx,0.3,1,36,0.30578,0.44747,1.05871,1.05728,0.02346
246,"At work, Many people often",dua_ctx,0.5,1,51,0.50075,0.42189,2.20227,2.18345,0.05548
246,"At work, Many people often",dua_ctx,0.7,1,66,0.70697,0.41352,3.78964,3.74794,0.05818
246,"At work, Many people often",dua_ctx,0.9,1,86,0.90374,0.43446,6.51252,6.43951,0.04981
246,"At work, Many people often",dua_ctx,0.99,1,114,0.99121,0.50411,9.16003,9.04971,0.04991
246,"At work, Many people often",euc_unemb,0.3,1,2,0.97718,0.27154,1.52261,1.52816,0.07079
246,"At work, Many people often",euc_unemb,0.5,1,2,0.97718,0.27154,1.52261,1.52816,0.07079
246,"At work, Many people often",euc_unemb,0.7,1,2,0.97718,0.27154,1.52261,1.52816,0.07079
246,"At work, Many people often",euc_unemb,0.9,1,2,0.97718,0.27154,1.52261,1.52816,0.07079
246,"At work, Many people often",euc_unemb,0.99,1,3,0.99989,0.43649,3.51422,3.49328,0.0881
246,"At work, Many people often",cau_unemb,0.3,1,31,0.3248,0.17987,0.57969,0.59117,0.08219
246,"At work, Many people often",cau_unemb,0.5,1,35,0.51086,0.18093,0.66174,0.67316,0.08263
246,"At work, Many people often",cau_unemb,0.7,1,40,0.73276,0.20893,0.74436,0.75496,0.08198
246,"At work, Many people often",cau_unemb,0.9,1,47,0.9131,0.29225,0.89387,0.90178,0.07903
246,"At work, Many people often",cau_unemb,0.99,1,59,0.99034,0.4607,1.434,1.43297,0.07067
246,"At work, Many people often",dua_unemb,0.3,1,2,0.71337,0.54945,0.39994,0.40077,0.07318
246,"At work, Many people often",dua_unemb,0.5,1,2,0.71337,0.54945,0.39994,0.40077,0.07318
246,"At work, Many people often",dua_unemb,0.7,1,2,0.71337,0.54945,0.39994,0.40077,0.07318
246,"At work, Many people often",dua_unemb,0.9,1,3,0.9418,0.58125,0.97415,0.96825,0.07124
246,"At work, Many people often",dua_unemb,0.99,1,4,0.99526,0.59851,1.93674,1.91849,0.07213
246,"At work, Many people often",euc_dmd,0.3,1,2,0.97226,0.20648,1.65115,1.65741,0.08283
246,"At work, Many people often",euc_dmd,0.5,1,2,0.97226,0.20648,1.65115,1.65741,0.08283
246,"At work, Many people often",euc_dmd,0.7,1,2,0.97226,0.20648,1.65115,1.65741,0.08283
246,"At work, Many people often",euc_dmd,0.9,1,2,0.97226,0.20648,1.65115,1.65741,0.08283
246,"At work, Many people often",euc_dmd,0.99,1,3,0.99979,0.43895,3.15445,3.14022,0.08462
246,"At work, Many people often",cau_dmd,0.3,1,13,0.30826,0.14636,0.86021,0.87146,0.09315
246,"At work, Many people often",cau_dmd,0.5,1,15,0.51787,0.14125,1.01847,1.0293,0.09075
246,"At work, Many people often",cau_dmd,0.7,1,17,0.71879,0.15512,1.16309,1.17282,0.08595
246,"At work, Many people often",cau_dmd,0.9,1,20,0.90157,0.20426,1.41485,1.42155,0.07999
246,"At work, Many people often",cau_dmd,0.99,1,26,0.99085,0.31677,2.25067,2.24634,0.07531
246,"At work, Many people often",dua_dmd,0.3,1,2,0.79859,0.57106,0.5016,0.50174,0.06265
246,"At work, Many people often",dua_dmd,0.5,1,2,0.79859,0.57106,0.5016,0.50174,0.06265
246,"At work, Many people often",dua_dmd,0.7,1,2,0.79859,0.57106,0.5016,0.50174,0.06265
246,"At work, Many people often",dua_dmd,0.9,1,3,0.97793,0.58052,1.24014,1.23809,0.06707
246,"At work, Many people often",dua_dmd,0.99,1,4,0.9988,0.59379,2.33989,2.33099,0.05949
259,"In this case, Both of them typically",euc_ctx,0.3,1,6,0.44311,0.12823,0.62672,0.63438,0.09096
259,"In this case, Both of them typically",euc_ctx,0.5,1,7,0.63984,0.13339,0.74028,0.74771,0.09091
259,"In this case, Both of them typically",euc_ctx,0.7,1,8,0.79659,0.15493,0.83442,0.84122,0.08978
259,"In this case, Both of them typically",euc_ctx,0.9,1,10,0.94779,0.24102,1.0461,1.05039,0.08563
259,"In this case, Both of them typically",euc_ctx,0.99,1,13,0.99368,0.4176,1.61815,1.61532,0.03257
259,"In this case, Both of them typically",cau_ctx,0.3,0,,,,,,
259,"In this case, Both of them typically",cau_ctx,0.5,0,,,,,,
259,"In this case, Both of them typically",cau_ctx,0.7,0,,,,,,
259,"In this case, Both of them typically",cau_ctx,0.9,0,,,,,,
259,"In this case, Both of them typically",cau_ctx,0.99,0,,,,,,
259,"In this case, Both of them typically",dua_ctx,0.3,1,32,0.30681,0.35701,0.66692,0.67028,0.02735
259,"In this case, Both of them typically",dua_ctx,0.5,1,47,0.50544,0.34036,1.47141,1.46272,0.03124
259,"In this case, Both of them typically",dua_ctx,0.7,1,61,0.70655,0.33203,2.52943,2.50484,0.03428
259,"In this case, Both of them typically",dua_ctx,0.9,1,78,0.90264,0.34218,4.25359,4.20627,0.03601
259,"In this case, Both of them typically",dua_ctx,0.99,1,105,0.99094,0.41532,7.01981,6.93776,0.04296
259,"In this case, Both of them typically",euc_unemb,0.3,1,1,0.30849,0.11374,0.53619,0.54421,0.113
259,"In this case, Both of them typically",euc_unemb,0.5,1,2,0.97485,0.20952,1.35019,1.35282,0.12241
259,"In this case, Both of them typically",euc_unemb,0.7,1,2,0.97485,0.20952,1.35019,1.35282,0.12241
259,"In this case, Both of them typically",euc_unemb,0.9,1,2,0.97485,0.20952,1.35019,1.35282,0.12241
259,"In this case, Both of them typically",euc_unemb,0.99,1,3,0.99971,0.35786,3.11151,3.09472,0.13595
259,"In this case, Both of them typically",cau_unemb,0.3,1,27,0.32851,0.15185,0.35905,0.36619,0.08673
259,"In this case, Both of them typically",cau_unemb,0.5,1,32,0.52718,0.15246,0.43652,0.44374,0.08755
259,"In this case, Both of them typically",cau_unemb,0.7,1,37,0.7168,0.17244,0.50318,0.50997,0.0874
259,"In this case, Both of them typically",cau_unemb,0.9,1,45,0.90303,0.24273,0.6406,0.64548,0.02708
259,"In this case, Both of them typically",cau_unemb,0.99,1,60,0.99045,0.42169,1.21737,1.21424,0.03668
259,"In this case, Both of them typically",dua_unemb,0.3,1,2,0.70936,0.44187,0.37135,0.37521,0.02704
259,"In this case, Both of them typically",dua_unemb,0.5,1,2,0.70936,0.44187,0.37135,0.37521,0.02704
259,"In this case, Both of them typically",dua_unemb,0.7,1,2,0.70936,0.44187,0.37135,0.37521,0.02704
259,"In this case, Both of them typically",dua_unemb,0.9,1,3,0.92799,0.48556,0.86085,0.85926,0.02745
259,"In this case, Both of them typically",dua_unemb,0.99,1,5,0.99909,0.52872,2.48843,2.46587,0.03478
259,"In this case, Both of them typically",euc_dmd,0.3,1,1,0.30847,0.09269,0.65721,0.66287,0.12646
259,"In this case, Both of them typically",euc_dmd,0.5,1,2,0.97009,0.1459,1.39037,1.38999,0.1155
259,"In this case, Both of them typically",euc_dmd,0.7,1,2,0.97009,0.1459,1.39037,1.38999,0.1155
259,"In this case, Both of them typically",euc_dmd,0.9,1,2,0.97009,0.1459,1.39037,1.38999,0.1155
259,"In this case, Both of them typically",euc_dmd,0.99,1,3,0.99949,0.32887,2.5585,2.54338,0.12376
259,"In this case, Both of them typically",cau_dmd,0.3,1,11,0.30921,0.12129,0.53624,0.54169,0.11987
259,"In this case, Both of them typically",cau_dmd,0.5,1,14,0.586,0.11625,0.70622,0.71094,0.11667
259,"In this case, Both of them typically",cau_dmd,0.7,1,16,0.75046,0.12908,0.81085,0.81458,0.11164
259,"In this case, Both of them typically",cau_dmd,0.9,1,19,0.90116,0.16887,0.99355,0.99496,0.08938
259,"In this case, Both of them typically",cau_dmd,0.99,1,26,0.99099,0.29952,1.71411,1.706,0.07726
259,"In this case, Both of them typically",dua_dmd,0.3,1,2,0.80103,0.46964,0.43083,0.43323,0.02846
259,"In this case, Both of them typically",dua_dmd,0.5,1,2,0.80103,0.46964,0.43083,0.43323,0.02846
259,"In this case, Both of them typically",dua_dmd,0.7,1,2,0.80103,0.46964,0.43083,0.43323,0.02846
259,"In this case, Both of them typically",dua_dmd,0.9,1,3,0.9711,0.49618,0.96849,0.96651,0.03192
259,"In this case, Both of them typically",dua_dmd,0.99,1,4,0.99748,0.51292,1.77511,1.76636,0.03306
80,"Every day, These kids really",euc_ctx,0.3,1,6,0.35886,0.16785,0.74177,0.74675,0.18131
80,"Every day, These kids really",euc_ctx,0.5,1,7,0.56441,0.16854,0.8561,0.86007,0.18245
80,"Every day, These kids really",euc_ctx,0.7,1,8,0.7459,0.19194,0.92407,0.92654,0.17642
80,"Every day, These kids really",euc_ctx,0.9,1,10,0.93349,0.29641,1.05296,1.05078,0.07957
80,"Every day, These kids really",euc_ctx,0.99,1,13,0.99196,0.49258,1.54676,1.5333,0.05104
80,"Every day, These kids really",cau_ctx,0.3,0,,,,,,
80,"Every day, These kids really",cau_ctx,0.5,0,,,,,,
80,"Every day, These kids really",cau_ctx,0.7,0,,,,,,
80,"Every day, These kids really",cau_ctx,0.9,0,,,,,,
80,"Every day, These kids really",cau_ctx,0.99,0,,,,,,
80,"Every day, These kids really",dua_ctx,0.3,1,32,0.30974,0.44969,0.61625,0.60071,0.04353
80,"Every day, These kids really",dua_ctx,0.5,1,48,0.50916,0.42892,1.36036,1.32009,0.05543
80,"Every day, These kids really",dua_ctx,0.7,1,64,0.7097,0.42103,2.40819,2.34305,0.06979
80,"Every day, These kids really",dua_ctx,0.9,1,82,0.90045,0.43401,4.01336,3.92474,0.14675
80,"Every day, These kids really",dua_ctx,0.99,1,99,0.99008,0.47198,5.84718,5.74038,0.14861
80,"Every day, These kids really",euc_unemb,0.3,1,2,0.96988,0.27309,1.44198,1.43974,0.15281
80,"Every day, These kids really",euc_unemb,0.5,1,2,0.96988,0.27309,1.44198,1.43974,0.15281
80,"Every day, These kids really",euc_unemb,0.7,1,2,0.96988,0.27309,1.44198,1.43974,0.15281
80,"Every day, These kids really",euc_unemb,0.9,1,2,0.96988,0.27309,1.44198,1.43974,0.15281
80,"Every day, These kids really",euc_unemb,0.99,1,3,0.99976,0.51609,3.12022,3.09228,0.168
80,"Every day, These kids really",cau_unemb,0.3,1,29,0.31475,0.19664,0.50303,0.50911,0.12941
80,"Every day, These kids really",cau_unemb,0.5,1,34,0.5259,0.19501,0.59454,0.59992,0.15284
80,"Every day, These kids really",cau_unemb,0.7,1,39,0.72757,0.21904,0.66542,0.6694,0.15774
80,"Every day, These kids really",cau_unemb,0.9,1,46,0.90087,0.28917,0.78582,0.78652,0.1324
80,"Every day, These kids really",cau_unemb,0.99,1,60,0.99037,0.44924,1.32621,1.31565,0.12567
80,"Every day, These kids really",dua_unemb,0.3,1,2,0.60186,0.53002,0.29617,0.29711,0.10328
80,"Every day, These kids really",dua_unemb,0.5,1,2,0.60186,0.53002,0.29617,0.29711,0.10328
80,"Every day, These kids really",dua_unemb,0.7,1,3,0.82434,0.56163,0.6271,0.61949,0.13531
80,"Every day, These kids really",dua_unemb,0.9,1,4,0.90897,0.58059,1.05774,1.03793,0.14165
80,"Every day, These kids really",dua_unemb,0.99,1,7,0.99135,0.62342,3.11738,3.04887,0.14448
80,"Every day, These kids really",euc_dmd,0.3,1,2,0.96063,0.15069,1.65569,1.65159,0.18361
80,"Every day, These kids really",euc_dmd,0.5,1,2,0.96063,0.15069,1.65569,1.65159,0.18361
80,"Every day, These kids really",euc_dmd,0.7,1,2,0.96063,0.15069,1.65569,1.65159,0.18361
80,"Every day, These kids really",euc_dmd,0.9,1,2,0.96063,0.15069,1.65569,1.65159,0.18361
80,"Every day, These kids really",euc_dmd,0.99,1,3,0.99928,0.3427,2.72846,2.70492,0.17481
80,"Every day, These kids really",cau_dmd,0.3,1,12,0.33004,0.13217,0.88586,0.89116,0.19666
80,"Every day, These kids really",cau_dmd,0.5,1,14,0.52509,0.12441,1.03978,1.04399,0.19529
80,"Every day, These kids really",cau_dmd,0.7,1,16,0.70827,0.13206,1.16065,1.16324,0.19146
80,"Every day, These kids really",cau_dmd,0.9,1,20,0.91645,0.18016,1.41548,1.41319,0.17465
80,"Every day, These kids really",cau_dmd,0.99,1,27,0.99226,0.27124,2.24846,2.2321,0.16321
80,"Every day, These kids really",dua_dmd,0.3,1,2,0.68696,0.52852,0.34769,0.34757,0.13012
80,"Every day, These kids really",dua_dmd,0.5,1,2,0.68696,0.52852,0.34769,0.34757,0.13012
80,"Every day, These kids really",dua_dmd,0.7,1,3,0.8958,0.53869,0.75226,0.74499,0.0944
80,"Every day, These kids really",dua_dmd,0.9,1,4,0.96157,0.54966,1.33247,1.31487,0.13767
80,"Every day, These kids really",dua_dmd,0.99,1,6,0.9976,0.57489,2.9328,2.88897,0.15125
151,Voters often,euc_ctx,0.3,1,7,0.43319,0.14721,0.94945,0.96154,0.09036
151,Voters often,euc_ctx,0.5,1,8,0.64991,0.15652,1.12596,1.13753,0.08871
151,Voters often,euc_ctx,0.7,1,9,0.81621,0.18774,1.28119,1.29165,0.07412
151,Voters often,euc_ctx,0.9,1,10,0.91252,0.23823,1.44423,1.45297,0.07527
151,Voters often,euc_ctx,0.99,1,13,0.9916,0.43592,2.18601,2.18588,0.08534
151,Voters often,cau_ctx,0.3,0,,,,,,
151,Voters often,cau_ctx,0.5,0,,,,,,
151,Voters often,cau_ctx,0.7,0,,,,,,
151,Voters often,cau_ctx,0.9,0,,,,,,
151,Voters often,cau_ctx,0.99,0,,,,,,
151,Voters often,dua_ctx,0.3,1,40,0.31024,0.39387,1.16509,1.16263,0.05436
151,Voters often,dua_ctx,0.5,1,56,0.50637,0.36786,2.49054,2.47066,0.05978
151,Voters often,dua_ctx,0.7,1,70,0.70815,0.35552,4.14442,4.10447,0.06138
151,Voters often,dua_ctx,0.9,1,87,0.90441,0.3672,6.78921,6.72454,0.06858
151,Voters often,dua_ctx,0.99,1,113,0.99117,0.43938,10.05777,9.95853,0.08479
151,Voters often,euc_unemb,0.3,1,2,0.95346,0.21717,1.37518,1.38113,0.08488
151,Voters often,euc_unemb,0.5,1,2,0.95346,0.21717,1.37518,1.38113,0.08488
151,Voters often,euc_unemb,0.7,1,2,0.95346,0.21717,1.37518,1.38113,0.08488
151,Voters often,euc_unemb,0.9,1,2,0.95346,0.21717,1.37518,1.38113,0.08488
151,Voters often,euc_unemb,0.99,1,3,0.99964,0.39865,3.2788,3.26119,0.10034
151,Voters often,cau_unemb,0.3,1,32,0.31277,0.15496,0.51525,0.52581,0.07945
151,Voters often,cau_unemb,0.5,1,37,0.5323,0.15835,0.61498,0.62552,0.08197
151,Voters often,cau_unemb,0.7,1,41,0.70265,0.17827,0.68546,0.69549,0.08155
151,Voters often,cau_unemb,0.9,1,49,0.90993,0.26147,0.86568,0.87315,0.07775
151,Voters often,cau_unemb,0.99,1,62,0.99051,0.43132,1.47885,1.47745,0.06922
151,Voters often,dua_unemb,0.3,1,2,0.62043,0.47325,0.30495,0.30729,0.07589
151,Voters often,dua_unemb,0.5,1,2,0.62043,0.47325,0.30495,0.30729,0.07589
151,Voters often,dua_unemb,0.7,1,3,0.88662,0.50612,0.75548,0.75242,0.08259
151,Voters often,dua_unemb,0.9,1,4,0.9746,0.52292,1.43929,1.42678,0.08744
151,Voters often,dua_unemb,0.99,1,5,0.99708,0.53115,2.49472,2.46928,0.08935
151,Voters often,euc_dmd,0.3,1,2,0.95347,0.16129,1.57422,1.58079,0.09537
151,Voters often,euc_dmd,0.5,1,2,0.95347,0.16129,1.57422,1.58079,0.09537
151,Voters often,euc_dmd,0.7,1,2,0.95347,0.16129,1.57422,1.58079,0.09537
151,Voters often,euc_dmd,0.9,1,2,0.95347,0.16129,1.57422,1.58079,0.09537
151,Voters often,euc_dmd,0.99,1,3,0.99954,0.37761,3.04229,3.03108,0.08124
151,Voters often,cau_dmd,0.3,1,14,0.38167,0.1237,0.84105,0.85201,0.08853
151,Voters often,cau_dmd,0.5,1,16,0.59046,0.12766,0.99354,1.00409,0.08849
151,Voters often,cau_dmd,0.7,1,18,0.76873,0.14817,1.14352,1.15307,0.08366
151,Voters often,cau_dmd,0.9,1,21,0.91904,0.20458,1.41361,1.4204,0.07704
151,Voters often,cau_dmd,0.99,1,27,0.99184,0.33309,2.287,2.28363,0.07611
151,Voters often,dua_dmd,0.3,1,2,0.73695,0.50463,0.41692,0.41868,0.0774
151,Voters often,dua_dmd,0.5,1,2,0.73695,0.50463,0.41692,0.41868,0.0774
151,Voters often,dua_dmd,0.7,1,2,0.73695,0.50463,0.41692,0.41868,0.0774
151,Voters often,dua_dmd,0.9,1,3,0.96224,0.5204,1.06949,1.0693,0.07761
151,Voters often,dua_dmd,0.99,1,4,0.99743,0.53037,2.05695,2.05095,0.0759
54,"In this case, Our customers also",euc_ctx,0.3,1,6,0.5167,0.08459,0.73322,0.73559,0.16459
54,"In this case, Our customers also",euc_ctx,0.5,1,6,0.5167,0.08459,0.73322,0.73559,0.16459
54,"In this case, Our customers also",euc_ctx,0.7,1,7,0.72834,0.09372,0.81567,0.81709,0.16445
54,"In this case, Our customers also",euc_ctx,0.9,1,9,0.94175,0.16104,0.89982,0.89833,0.14809
54,"In this case, Our customers also",euc_ctx,0.99,1,12,0.99517,0.36639,1.21668,1.20754,0.04733
54,"In this case, Our customers also",cau_ctx,0.3,0,,,,,,
54,"In this case, Our customers also",cau_ctx,0.5,0,,,,,,
54,"In this case, Our customers also",cau_ctx,0.7,0,,,,,,
54,"In this case, Our customers also",cau_ctx,0.9,0,,,,,,
54,"In this case, Our customers also",cau_ctx,0.99,0,,,,,,
54,"In this case, Our customers also",dua_ctx,0.3,1,26,0.30478,0.34334,0.45626,0.45367,0.0279
54,"In this case, Our customers also",dua_ctx,0.5,1,39,0.51014,0.32211,1.04158,1.02511,0.04204
54,"In this case, Our customers also",dua_ctx,0.7,1,51,0.71101,0.31166,1.78535,1.75149,0.04661
54,"In this case, Our customers also",dua_ctx,0.9,1,63,0.90228,0.31189,2.72608,2.67416,0.05365
54,"In this case, Our customers also",dua_ctx,0.99,1,74,0.99065,0.333,3.81029,3.74338,0.05667
54,"In this case, Our customers also",euc_unemb,0.3,1,1,0.31571,0.09077,0.57519,0.5789,0.14864
54,"In this case, Our customers also",euc_unemb,0.5,1,2,0.98552,0.24287,1.22671,1.22148,0.15396
54,"In this case, Our customers also",euc_unemb,0.7,1,2,0.98552,0.24287,1.22671,1.22148,0.15396
54,"In this case, Our customers also",euc_unemb,0.9,1,2,0.98552,0.24287,1.22671,1.22148,0.15396
54,"In this case, Our customers also",euc_unemb,0.99,1,3,0.99991,0.4736,3.06792,3.03701,0.17051
54,"In this case, Our customers also",cau_unemb,0.3,1,26,0.32463,0.12071,0.39864,0.403,0.15768
54,"In this case, Our customers also",cau_unemb,0.5,1,30,0.50335,0.12049,0.45407,0.45819,0.16129
54,"In this case, Our customers also",cau_unemb,0.7,1,35,0.71986,0.14033,0.49191,0.49533,0.15213
54,"In this case, Our customers also",cau_unemb,0.9,1,42,0.90395,0.2094,0.53651,0.53801,0.0575
54,"In this case, Our customers also",cau_unemb,0.99,1,55,0.99041,0.425,0.87237,0.86646,0.05308
54,"In this case, Our customers also",dua_unemb,0.3,1,2,0.6501,0.44539,0.29936,0.29983,0.02386
54,"In this case, Our customers also",dua_unemb,0.5,1,2,0.6501,0.44539,0.29936,0.29983,0.02386
54,"In this case, Our customers also",dua_unemb,0.7,1,3,0.84506,0.47768,0.63069,0.62222,0.03035
54,"In this case, Our customers also",dua_unemb,0.9,1,4,0.93636,0.50048,1.06056,1.03982,0.03378
54,"In this case, Our customers also",dua_unemb,0.99,1,6,0.99687,0.54028,2.26723,2.21594,0.03864
54,"In this case, Our customers also",euc_dmd,0.3,1,1,0.34073,0.06038,0.75961,0.76125,0.17186
54,"In this case, Our customers also",euc_dmd,0.5,1,2,0.98591,0.1308,1.27944,1.27227,0.15194
54,"In this case, Our customers also",euc_dmd,0.7,1,2,0.98591,0.1308,1.27944,1.27227,0.15194
54,"In this case, Our customers also",euc_dmd,0.9,1,2,0.98591,0.1308,1.27944,1.27227,0.15194
54,"In this case, Our customers also",euc_dmd,0.99,1,3,0.99988,0.3516,2.32363,2.298,0.15569
54,"In this case, Our customers also",cau_dmd,0.3,1,11,0.38943,0.07677,0.67652,0.67964,0.16942
54,"In this case, Our customers also",cau_dmd,0.5,1,12,0.50008,0.07502,0.73034,0.73312,0.16919
54,"In this case, Our customers also",cau_dmd,0.7,1,14,0.7086,0.08183,0.80357,0.80544,0.16499
54,"In this case, Our customers also",cau_dmd,0.9,1,18,0.93183,0.13654,0.89779,0.89684,0.12024
54,"In this case, Our customers also",cau_dmd,0.99,1,23,0.99081,0.27389,1.15899,1.15202,0.05775
54,"In this case, Our customers also",dua_dmd,0.3,1,2,0.77604,0.47737,0.35706,0.35687,0.02361
54,"In this case, Our customers also",dua_dmd,0.5,1,2,0.77604,0.47737,0.35706,0.35687,0.02361
54,"In this case, Our customers also",dua_dmd,0.7,1,2,0.77604,0.47737,0.35706,0.35687,0.02361
54,"In this case, Our customers also",dua_dmd,0.9,1,3,0.95153,0.50643,0.747,0.73824,0.03637
54,"In this case, Our customers also",dua_dmd,0.99,1,4,0.99432,0.52893,1.30236,1.28168,0.03137
155,"Usually, People always",euc_ctx,0.3,1,5,0.43733,0.3212,0.45719,0.4669,0.11038
155,"Usually, People always",euc_ctx,0.5,1,6,0.65745,0.33099,0.55598,0.56518,0.11086
155,"Usually, People always",euc_ctx,0.7,1,7,0.82444,0.37452,0.62915,0.63694,0.10688
155,"Usually, People always",euc_ctx,0.9,1,8,0.91911,0.43958,0.70834,0.7139,0.05981
155,"Usually, People always",euc_ctx,0.99,1,11,0.99324,0.63068,1.15884,1.15395,0.05008
155,"Usually, People always",cau_ctx,0.3,0,,,,,,
155,"Usually, People always",cau_ctx,0.5,0,,,,,,
155,"Usually, People always",cau_ctx,0.7,0,,,,,,
155,"Usually, People always",cau_ctx,0.9,0,,,,,,
155,"Usually, People always",cau_ctx,0.99,0,,,,,,
155,"Usually, People always",dua_ctx,0.3,1,36,0.30831,0.54914,0.87308,0.86391,0.01377
155,"Usually, People always",dua_ctx,0.5,1,53,0.50279,0.51814,1.8463,1.81366,0.01831
155,"Usually, People always",dua_ctx,0.7,1,70,0.70173,0.49964,3.08075,3.02198,0.04348
155,"Usually, People always",dua_ctx,0.9,1,91,0.90455,0.50064,4.68255,4.59562,0.10864
155,"Usually, People always",dua_ctx,0.99,1,115,0.99088,0.55089,6.05731,5.94751,0.11927
155,"Usually, People always",euc_unemb,0.3,1,1,0.49186,0.31277,0.45553,0.46607,0.12262
155,"Usually, People always",euc_unemb,0.5,1,2,0.99177,0.53011,1.28943,1.28578,0.1376
155,"Usually, People always",euc_unemb,0.7,1,2,0.99177,0.53011,1.28943,1.28578,0.1376
155,"Usually, People always",euc_unemb,0.9,1,2,0.99177,0.53011,1.28943,1.28578,0.1376
155,"Usually, People always",euc_unemb,0.99,1,2,0.99177,0.53011,1.28943,1.28578,0.1376
155,"Usually, People always",cau_unemb,0.3,1,22,0.32108,0.35677,0.26547,0.27461,0.09747
155,"Usually, People always",cau_unemb,0.5,1,27,0.54455,0.35878,0.33864,0.34783,0.12224
155,"Usually, People always",cau_unemb,0.7,1,31,0.71464,0.38861,0.38842,0.39686,0.1319
155,"Usually, People always",cau_unemb,0.9,1,38,0.90073,0.48188,0.5069,0.51232,0.12448
155,"Usually, People always",cau_unemb,0.99,1,52,0.99143,0.64628,1.02782,1.022,0.11961
155,"Usually, People always",dua_unemb,0.3,1,2,0.67148,0.60556,0.35783,0.36008,0.02242
155,"Usually, People always",dua_unemb,0.5,1,2,0.67148,0.60556,0.35783,0.36008,0.02242
155,"Usually, People always",dua_unemb,0.7,1,3,0.87075,0.62037,0.79143,0.78518,0.02303
155,"Usually, People always",dua_unemb,0.9,1,4,0.95478,0.63084,1.37327,1.35441,0.02837
155,"Usually, People always",dua_unemb,0.99,1,5,0.99079,0.64286,2.12426,2.08967,0.02948
155,"Usually, People always",euc_dmd,0.3,1,1,0.51445,0.26315,0.57707,0.58667,0.15105
155,"Usually, People always",euc_dmd,0.5,1,1,0.51445,0.26315,0.57707,0.58667,0.15105
155,"Usually, People always",euc_dmd,0.7,1,2,0.99193,0.49065,1.20947,1.20681,0.13617
155,"Usually, People always",euc_dmd,0.9,1,2,0.99193,0.49065,1.20947,1.20681,0.13617
155,"Usually, People always",euc_dmd,0.99,1,2,0.99193,0.49065,1.20947,1.20681,0.13617
155,"Usually, People always",cau_dmd,0.3,1,9,0.32365,0.2973,0.41398,0.4229,0.13885
155,"Usually, People always",cau_dmd,0.5,1,11,0.53963,0.28603,0.53081,0.53955,0.14528
155,"Usually, People always",cau_dmd,0.7,1,13,0.7397,0.30853,0.62684,0.63455,0.14661
155,"Usually, People always",cau_dmd,0.9,1,16,0.913,0.38797,0.78236,0.78698,0.15686
155,"Usually, People always",cau_dmd,0.99,1,22,0.99242,0.5625,1.3317,1.32564,0.15266
155,"Usually, People always",dua_dmd,0.3,1,2,0.77884,0.60855,0.41822,0.42124,0.04543
155,"Usually, People always",dua_dmd,0.5,1,2,0.77884,0.60855,0.41822,0.42124,0.04543
155,"Usually, People always",dua_dmd,0.7,1,2,0.77884,0.60855,0.41822,0.42124,0.04543
155,"Usually, People always",dua_dmd,0.9,1,3,0.95112,0.61654,0.93572,0.93343,0.0526
155,"Usually, People always",dua_dmd,0.99,1,4,0.99344,0.63132,1.59663,1.58562,0.05005
211,"At work, Both of them never",euc_ctx,0.3,1,5,0.34151,0.04495,0.30783,0.30493,0.01823
211,"At work, Both of them never",euc_ctx,0.5,1,6,0.54337,0.04544,0.35857,0.3545,0.01918
211,"At work, Both of them never",euc_ctx,0.7,1,7,0.72666,0.05391,0.39047,0.38507,0.01974
211,"At work, Both of them never",euc_ctx,0.9,1,9,0.9247,0.10109,0.45331,0.44467,0.01962
211,"At work, Both of them never",euc_ctx,0.99,1,12,0.99051,0.27459,0.74558,0.72961,0.06039
211,"At work, Both of them never",cau_ctx,0.3,0,,,,,,
211,"At work, Both of them never",cau_ctx,0.5,0,,,,,,
211,"At work, Both of them never",cau_ctx,0.7,0,,,,,,
211,"At work, Both of them never",cau_ctx,0.9,0,,,,,,
211,"At work, Both of them never",cau_ctx,0.99,0,,,,,,
211,"At work, Both of them never",dua_ctx,0.3,1,14,0.30836,0.16468,0.1209,0.11984,0.00904
211,"At work, Both of them never",dua_ctx,0.5,1,20,0.50273,0.16417,0.23887,0.23299,0.0117
211,"At work, Both of them never",dua_ctx,0.7,1,27,0.70083,0.16954,0.43418,0.41998,0.01763
211,"At work, Both of them never",dua_ctx,0.9,1,42,0.90565,0.20852,1.15509,1.11312,0.02845
211,"At work, Both of them never",dua_ctx,0.99,1,64,0.99058,0.28415,2.52222,2.44494,0.07081
211,"At work, Both of them never",euc_unemb,0.3,1,1,0.4591,0.03741,0.43322,0.43299,0.09367
211,"At work, Both of them never",euc_unemb,0.5,1,2,0.99223,0.15878,1.0565,1.04772,0.11006
211,"At work, Both of them never",euc_unemb,0.7,1,2,0.99223,0.15878,1.0565,1.04772,0.11006
211,"At work, Both of them never",euc_unemb,0.9,1,2,0.99223,0.15878,1.0565,1.04772,0.11006
211,"At work, Both of them never",euc_unemb,0.99,1,2,0.99223,0.15878,1.0565,1.04772,0.11006
211,"At work, Both of them never",cau_unemb,0.3,1,24,0.33649,0.05309,0.2215,0.22193,0.0178
211,"At work, Both of them never",cau_unemb,0.5,1,28,0.51446,0.05358,0.25771,0.25774,0.01927
211,"At work, Both of them never",cau_unemb,0.7,1,33,0.72604,0.06424,0.29488,0.29421,0.02595
211,"At work, Both of them never",cau_unemb,0.9,1,40,0.90458,0.10298,0.35871,0.35654,0.0327
211,"At work, Both of them never",cau_unemb,0.99,1,54,0.99154,0.28061,0.72845,0.72018,0.08381
211,"At work, Both of them never",dua_unemb,0.3,1,2,0.89271,0.36877,0.38617,0.38486,0.07493
211,"At work, Both of them never",dua_unemb,0.5,1,2,0.89271,0.36877,0.38617,0.38486,0.07493
211,"At work, Both of them never",dua_unemb,0.7,1,2,0.89271,0.36877,0.38617,0.38486,0.07493
211,"At work, Both of them never",dua_unemb,0.9,1,3,0.99227,0.43404,0.78323,0.7714,0.08734
211,"At work, Both of them never",dua_unemb,0.99,1,3,0.99227,0.43404,0.78323,0.7714,0.08734
211,"At work, Both of them never",euc_dmd,0.3,1,1,0.43602,0.02746,0.49919,0.49549,0.04039
211,"At work, Both of them never",euc_dmd,0.5,1,2,0.98744,0.08131,1.01689,1.00309,0.09934
211,"At work, Both of them never",euc_dmd,0.7,1,2,0.98744,0.08131,1.01689,1.00309,0.09934
211,"At work, Both of them never",euc_dmd,0.9,1,2,0.98744,0.08131,1.01689,1.00309,0.09934
211,"At work, Both of them never",euc_dmd,0.99,1,3,0.99983,0.30971,2.02658,1.99603,0.1159
211,"At work, Both of them never",cau_dmd,0.3,1,10,0.30403,0.04084,0.34077,0.3384,0.03358
211,"At work, Both of them never",cau_dmd,0.5,1,13,0.60064,0.03977,0.46229,0.45804,0.03643
211,"At work, Both of them never",cau_dmd,0.7,1,15,0.77121,0.04686,0.54362,0.53784,0.04262
211,"At work, Both of them never",cau_dmd,0.9,1,18,0.91684,0.07004,0.69314,0.6845,0.06878
211,"At work, Both of them never",cau_dmd,0.99,1,24,0.99085,0.15874,1.22039,1.20327,0.08797
211,"At work, Both of them never",dua_dmd,0.3,1,2,0.88458,0.33323,0.33062,0.32918,0.06519
211,"At work, Both of them never",dua_dmd,0.5,1,2,0.88458,0.33323,0.33062,0.32918,0.06519
211,"At work, Both of them never",dua_dmd,0.7,1,2,0.88458,0.33323,0.33062,0.32918,0.06519
211,"At work, Both of them never",dua_dmd,0.9,1,3,0.98232,0.37439,0.64181,0.63293,0.07581
211,"At work, Both of them never",dua_dmd,0.99,1,4,0.99708,0.3998,1.02827,1.009,0.0886
59,"At home, They sometimes",euc_ctx,0.3,1,6,0.33376,0.11041,0.62803,0.63405,0.08956
59,"At home, They sometimes",euc_ctx,0.5,1,7,0.52605,0.10844,0.73034,0.7361,0.08966
59,"At home, They sometimes",euc_ctx,0.7,1,8,0.70752,0.12127,0.79649,0.80167,0.08816
59,"At home, They sometimes",euc_ctx,0.9,1,10,0.91584,0.19236,0.90111,0.90414,0.07807
59,"At home, They sometimes",euc_ctx,0.99,1,14,0.99439,0.45462,1.46753,1.46114,0.04333
59,"At home, They sometimes",cau_ctx,0.3,0,,,,,,
59,"At home, They sometimes",cau_ctx,0.5,0,,,,,,
59,"At home, They sometimes",cau_ctx,0.7,0,,,,,,
59,"At home, They sometimes",cau_ctx,0.9,0,,,,,,
59,"At home, They sometimes",cau_ctx,0.99,0,,,,,,
59,"At home, They sometimes",dua_ctx,0.3,1,29,0.31363,0.36037,0.55558,0.55805,0.01307
59,"At home, They sometimes",dua_ctx,0.5,1,42,0.50406,0.34679,1.17611,1.16855,0.02041
59,"At home, They sometimes",dua_ctx,0.7,1,56,0.70167,0.34077,2.15432,2.13088,0.02578
59,"At home, They sometimes",dua_ctx,0.9,1,80,0.90091,0.37576,4.62191,4.56424,0.03463
59,"At home, They sometimes",dua_ctx,0.99,1,112,0.99089,0.46033,7.03072,6.93316,0.03637
59,"At home, They sometimes",euc_unemb,0.3,1,2,0.97225,0.20785,1.14877,1.1512,0.07966
59,"At home, They sometimes",euc_unemb,0.5,1,2,0.97225,0.20785,1.14877,1.1512,0.07966
59,"At home, They sometimes",euc_unemb,0.7,1,2,0.97225,0.20785,1.14877,1.1512,0.07966
59,"At home, They sometimes",euc_unemb,0.9,1,2,0.97225,0.20785,1.14877,1.1512,0.07966
59,"At home, They sometimes",euc_unemb,0.99,1,3,0.99973,0.49413,2.56315,2.54739,0.06652
59,"At home, They sometimes",cau_unemb,0.3,1,29,0.30353,0.13256,0.38887,0.39534,0.08311
59,"At home, They sometimes",cau_unemb,0.5,1,34,0.50124,0.13287,0.45003,0.45653,0.0824
59,"At home, They sometimes",cau_unemb,0.7,1,40,0.73162,0.15903,0.50109,0.5071,0.07842
59,"At home, They sometimes",cau_unemb,0.9,1,48,0.91085,0.24195,0.59147,0.5957,0.06016
59,"At home, They sometimes",cau_unemb,0.99,1,62,0.99012,0.46492,1.02963,1.02676,0.05542
59,"At home, They sometimes",dua_unemb,0.3,1,2,0.76812,0.50733,0.34892,0.35104,0.05718
59,"At home, They sometimes",dua_unemb,0.5,1,2,0.76812,0.50733,0.34892,0.35104,0.05718
59,"At home, They sometimes",dua_unemb,0.7,1,2,0.76812,0.50733,0.34892,0.35104,0.05718
59,"At home, They sometimes",dua_unemb,0.9,1,3,0.96881,0.56519,0.83925,0.83637,0.04349
59,"At home, They sometimes",dua_unemb,0.99,1,4,0.99836,0.59667,1.57075,1.55976,0.04002
59,"At home, They sometimes",euc_dmd,0.3,1,2,0.95837,0.12311,1.28207,1.28087,0.08108
59,"At home, They sometimes",euc_dmd,0.5,1,2,0.95837,0.12311,1.28207,1.28087,0.08108
59,"At home, They sometimes",euc_dmd,0.7,1,2,0.95837,0.12311,1.28207,1.28087,0.08108
59,"At home, They sometimes",euc_dmd,0.9,1,2,0.95837,0.12311,1.28207,1.28087,0.08108
59,"At home, They sometimes",euc_dmd,0.99,1,3,0.99934,0.36986,2.14135,2.1266,0.07463
59,"At home, They sometimes",cau_dmd,0.3,1,13,0.33153,0.10262,0.60184,0.60602,0.08823
59,"At home, They sometimes",cau_dmd,0.5,1,15,0.51131,0.10028,0.6962,0.69982,0.08405
59,"At home, They sometimes",cau_dmd,0.7,1,18,0.75931,0.11881,0.82249,0.82468,0.07935
59,"At home, They sometimes",cau_dmd,0.9,1,21,0.90314,0.16329,0.97027,0.97021,0.06626
59,"At home, They sometimes",cau_dmd,0.99,1,28,0.99085,0.32494,1.59292,1.58369,0.04457
59,"At home, They sometimes",dua_dmd,0.3,1,2,0.76124,0.4939,0.3226,0.32409,0.02414
59,"At home, They sometimes",dua_dmd,0.5,1,2,0.76124,0.4939,0.3226,0.32409,0.02414
59,"At home, They sometimes",dua_dmd,0.7,1,2,0.76124,0.4939,0.3226,0.32409,0.02414
59,"At home, They sometimes",dua_dmd,0.9,1,3,0.9373,0.52185,0.6873,0.68587,0.02892
59,"At home, They sometimes",dua_dmd,0.99,1,5,0.99746,0.55824,1.87207,1.85973,0.02926
188,"Over time, Most doctors usually",euc_ctx,0.3,1,6,0.53256,0.19532,0.8379,0.84923,0.09354
188,"Over time, Most doctors usually",euc_ctx,0.5,1,6,0.53256,0.19532,0.8379,0.84923,0.09354
188,"Over time, Most doctors usually",euc_ctx,0.7,1,7,0.75181,0.22323,1.02374,1.03401,0.08004
188,"Over time, Most doctors usually",euc_ctx,0.9,1,9,0.9521,0.34997,1.46816,1.47357,0.05919
188,"Over time, Most doctors usually",euc_ctx,0.99,1,11,0.99144,0.48749,2.14855,2.1459,0.05664
188,"Over time, Most doctors usually",cau_ctx,0.3,0,,,,,,
188,"Over time, Most doctors usually",cau_ctx,0.5,0,,,,,,
188,"Over time, Most doctors usually",cau_ctx,0.7,0,,,,,,
188,"Over time, Most doctors usually",cau_ctx,0.9,0,,,,,,
188,"Over time, Most doctors usually",cau_ctx,0.99,0,,,,,,
188,"Over time, Most doctors usually",dua_ctx,0.3,1,33,0.30307,0.4064,0.91199,0.90942,0.04296
188,"Over time, Most doctors usually",dua_ctx,0.5,1,50,0.51046,0.38318,2.20911,2.18553,0.06949
188,"Over time, Most doctors usually",dua_ctx,0.7,1,64,0.70356,0.37626,3.94656,3.90034,0.0751
188,"Over time, Most doctors usually",dua_ctx,0.9,1,85,0.90413,0.4063,7.68885,7.61008,0.05958
188,"Over time, Most doctors usually",dua_ctx,0.99,1,111,0.99101,0.47484,10.99256,10.88057,0.06787
188,"Over time, Most doctors usually",euc_unemb,0.3,1,1,0.38421,0.15183,0.61087,0.62226,0.10046
188,"Over time, Most doctors usually",euc_unemb,0.5,1,2,0.99431,0.35318,2.00521,2.00233,0.10125
188,"Over time, Most doctors usually",euc_unemb,0.7,1,2,0.99431,0.35318,2.00521,2.00233,0.10125
188,"Over time, Most doctors usually",euc_unemb,0.9,1,2,0.99431,0.35318,2.00521,2.00233,0.10125
188,"Over time, Most doctors usually",euc_unemb,0.99,1,2,0.99431,0.35318,2.00521,2.00233,0.10125
188,"Over time, Most doctors usually",cau_unemb,0.3,1,25,0.30172,0.18957,0.44098,0.45105,0.08834
188,"Over time, Most doctors usually",cau_unemb,0.5,1,30,0.54943,0.19225,0.56846,0.57847,0.09149
188,"Over time, Most doctors usually",cau_unemb,0.7,1,34,0.73613,0.21848,0.66887,0.67809,0.09003
188,"Over time, Most doctors usually",cau_unemb,0.9,1,40,0.90569,0.29187,0.86754,0.8742,0.09215
188,"Over time, Most doctors usually",cau_unemb,0.99,1,52,0.99108,0.45653,1.59478,1.5916,0.07894
188,"Over time, Most doctors usually",dua_unemb,0.3,1,2,0.78325,0.50072,0.4925,0.49276,0.10095
188,"Over time, Most doctors usually",dua_unemb,0.5,1,2,0.78325,0.50072,0.4925,0.49276,0.10095
188,"Over time, Most doctors usually",dua_unemb,0.7,1,2,0.78325,0.50072,0.4925,0.49276,0.10095
188,"Over time, Most doctors usually",dua_unemb,0.9,1,3,0.96681,0.53716,1.15524,1.14669,0.10464
188,"Over time, Most doctors usually",dua_unemb,0.99,1,4,0.99858,0.5484,2.35278,2.32999,0.10391
188,"Over time, Most doctors usually",euc_dmd,0.3,1,1,0.3741,0.134,0.72404,0.73517,0.10251
188,"Over time, Most doctors usually",euc_dmd,0.5,1,2,0.99248,0.30866,1.91522,1.91514,0.09054
188,"Over time, Most doctors usually",euc_dmd,0.7,1,2,0.99248,0.30866,1.91522,1.91514,0.09054
188,"Over time, Most doctors usually",euc_dmd,0.9,1,2,0.99248,0.30866,1.91522,1.91514,0.09054
188,"Over time, Most doctors usually",euc_dmd,0.99,1,2,0.99248,0.30866,1.91522,1.91514,0.09054
188,"Over time, Most doctors usually",cau_dmd,0.3,1,11,0.33161,0.16658,0.63881,0.64923,0.09541
188,"Over time, Most doctors usually",cau_dmd,0.5,1,13,0.55851,0.16797,0.79592,0.80604,0.09518
188,"Over time, Most doctors usually",cau_dmd,0.7,1,15,0.76074,0.19425,0.95454,0.96355,0.09098
188,"Over time, Most doctors usually",cau_dmd,0.9,1,18,0.92489,0.27049,1.26011,1.26583,0.055
188,"Over time, Most doctors usually",cau_dmd,0.99,1,23,0.99091,0.40912,2.07764,2.07372,0.05287
188,"Over time, Most doctors usually",dua_dmd,0.3,1,2,0.8294,0.51429,0.54216,0.54345,0.0478
188,"Over time, Most doctors usually",dua_dmd,0.5,1,2,0.8294,0.51429,0.54216,0.54345,0.0478
188,"Over time, Most doctors usually",dua_dmd,0.7,1,2,0.8294,0.51429,0.54216,0.54345,0.0478
188,"Over time, Most doctors usually",dua_dmd,0.9,1,3,0.97668,0.52904,1.28545,1.2828,0.05442
188,"Over time, Most doctors usually",dua_dmd,0.99,1,4,0.9979,0.53593,2.46027,2.44978,0.05666
96,"Over time, These kids just",euc_ctx,0.3,1,6,0.39186,0.0665,0.57993,0.58046,0.08179
96,"Over time, These kids just",euc_ctx,0.5,1,7,0.59371,0.06817,0.66547,0.66511,0.08257
96,"Over time, These kids just",euc_ctx,0.7,1,8,0.76513,0.08051,0.72264,0.72119,0.08239
96,"Over time, These kids just",euc_ctx,0.9,1,10,0.93867,0.14131,0.8242,0.81979,0.07777
96,"Over time, These kids just",euc_ctx,0.99,1,13,0.99264,0.32178,1.18198,1.17032,0.05923
96,"Over time, These kids just",cau_ctx,0.3,0,,,,,,
96,"Over time, These kids just",cau_ctx,0.5,0,,,,,,
96,"Over time, These kids just",cau_ctx,0.7,0,,,,,,
96,"Over time, These kids just",cau_ctx,0.9,0,,,,,,
96,"Over time, These kids just",cau_ctx,0.99,0,,,,,,
96,"Over time, These kids just",dua_ctx,0.3,1,22,0.31295,0.26038,0.25986,0.25588,0.02902
96,"Over time, These kids just",dua_ctx,0.5,1,32,0.5141,0.25308,0.52606,0.51191,0.03338
96,"Over time, These kids just",dua_ctx,0.7,1,42,0.70505,0.25095,0.88163,0.85403,0.04671
96,"Over time, These kids just",dua_ctx,0.9,1,58,0.90466,0.26682,1.70855,1.6562,0.06293
96,"Over time, These kids just",dua_ctx,0.99,1,84,0.99116,0.33596,4.09375,4.00671,0.06547
96,"Over time, These kids just",euc_unemb,0.3,1,2,0.97054,0.12785,1.25907,1.25426,0.13176
96,"Over time, These kids just",euc_unemb,0.5,1,2,0.97054,0.12785,1.25907,1.25426,0.13176
96,"Over time, These kids just",euc_unemb,0.7,1,2,0.97054,0.12785,1.25907,1.25426,0.13176
96,"Over time, These kids just",euc_unemb,0.9,1,2,0.97054,0.12785,1.25907,1.25426,0.13176
96,"Over time, These kids just",euc_unemb,0.99,1,3,0.99971,0.39569,2.58974,2.56724,0.17701
96,"Over time, These kids just",cau_unemb,0.3,1,28,0.32758,0.07885,0.44919,0.45093,0.07434
96,"Over time, These kids just",cau_unemb,0.5,1,33,0.53661,0.078,0.5365,0.53755,0.07564
96,"Over time, These kids just",cau_unemb,0.7,1,38,0.73292,0.09006,0.60658,0.60663,0.07298
96,"Over time, These kids just",cau_unemb,0.9,1,45,0.90131,0.13082,0.70654,0.70457,0.07328
96,"Over time, These kids just",cau_unemb,0.99,1,59,0.99001,0.28429,1.11264,1.10353,0.11682
96,"Over time, These kids just",dua_unemb,0.3,1,2,0.67486,0.37002,0.25718,0.25861,0.04232
96,"Over time, These kids just",dua_unemb,0.5,1,2,0.67486,0.37002,0.25718,0.25861,0.04232
96,"Over time, These kids just",dua_unemb,0.7,1,3,0.89874,0.42038,0.56823,0.56252,0.09426
96,"Over time, These kids just",dua_unemb,0.9,1,4,0.97064,0.44756,1.01782,1.00113,0.09885
96,"Over time, These kids just",dua_unemb,0.99,1,5,0.9939,0.46652,1.64106,1.61121,0.12558
96,"Over time, These kids just",euc_dmd,0.3,1,2,0.9702,0.06832,1.46432,1.45467,0.13727
96,"Over time, These kids just",euc_dmd,0.5,1,2,0.9702,0.06832,1.46432,1.45467,0.13727
96,"Over time, These kids just",euc_dmd,0.7,1,2,0.9702,0.06832,1.46432,1.45467,0.13727
96,"Over time, These kids just",euc_dmd,0.9,1,2,0.9702,0.06832,1.46432,1.45467,0.13727
96,"Over time, These kids just",euc_dmd,0.99,1,3,0.99956,0.22749,2.35751,2.33323,0.18164
96,"Over time, These kids just",cau_dmd,0.3,1,12,0.38401,0.05189,0.71524,0.71503,0.07955
96,"Over time, These kids just",cau_dmd,0.5,1,14,0.58578,0.05048,0.84148,0.84013,0.07831
96,"Over time, These kids just",cau_dmd,0.7,1,16,0.75995,0.05665,0.94882,0.94608,0.07845
96,"Over time, These kids just",cau_dmd,0.9,1,19,0.91175,0.07968,1.10375,1.09847,0.07701
96,"Over time, These kids just",cau_dmd,0.99,1,25,0.99011,0.17085,1.55137,1.53877,0.07508
96,"Over time, These kids just",dua_dmd,0.3,1,2,0.74472,0.37354,0.29395,0.2942,0.03796
96,"Over time, These kids just",dua_dmd,0.5,1,2,0.74472,0.37354,0.29395,0.2942,0.03796
96,"Over time, These kids just",dua_dmd,0.7,1,2,0.74472,0.37354,0.29395,0.2942,0.03796
96,"Over time, These kids just",dua_dmd,0.9,1,3,0.94741,0.40924,0.64555,0.63945,0.09393
96,"Over time, These kids just",dua_dmd,0.99,1,4,0.99353,0.43268,1.22657,1.21096,0.09935
270,"At work, We usually",euc_ctx,0.3,1,7,0.31845,0.26792,0.81435,0.82826,0.14782
270,"At work, We usually",euc_ctx,0.5,1,8,0.5193,0.26916,0.94318,0.95654,0.14902
270,"At work, We usually",euc_ctx,0.7,1,9,0.70896,0.29862,1.02911,1.04111,0.14679
270,"At work, We usually",euc_ctx,0.9,1,11,0.91998,0.41645,1.22734,1.2342,0.05381
270,"At work, We usually",euc_ctx,0.99,1,14,0.99017,0.58795,1.84743,1.84178,0.04895
270,"At work, We usually",cau_ctx,0.3,0,,,,,,
270,"At work, We usually",cau_ctx,0.5,0,,,,,,
270,"At work, We usually",cau_ctx,0.7,0,,,,,,
270,"At work, We usually",cau_ctx,0.9,0,,,,,,
270,"At work, We usually",cau_ctx,0.99,0,,,,,,
270,"At work, We usually",dua_ctx,0.3,1,37,0.3079,0.53825,0.97431,0.9664,0.02265
270,"At work, We usually",dua_ctx,0.5,1,53,0.50719,0.51037,2.01137,1.98114,0.02433
270,"At work, We usually",dua_ctx,0.7,1,69,0.70076,0.49304,3.40829,3.35077,0.04279
270,"At work, We usually",dua_ctx,0.9,1,92,0.90049,0.49417,5.5425,5.44907,0.05642
270,"At work, We usually",dua_ctx,0.99,1,118,0.99089,0.5475,7.53698,7.41821,0.05923
270,"At work, We usually",euc_unemb,0.3,1,2,0.95423,0.35146,1.45099,1.4631,0.18553
270,"At work, We usually",euc_unemb,0.5,1,2,0.95423,0.35146,1.45099,1.4631,0.18553
270,"At work, We usually",euc_unemb,0.7,1,2,0.95423,0.35146,1.45099,1.4631,0.18553
270,"At work, We usually",euc_unemb,0.9,1,2,0.95423,0.35146,1.45099,1.4631,0.18553
270,"At work, We usually",euc_unemb,0.99,1,3,0.99972,0.48972,3.35449,3.33976,0.19809
270,"At work, We usually",cau_unemb,0.3,1,34,0.30289,0.26265,0.5731,0.58691,0.1434
270,"At work, We usually",cau_unemb,0.5,1,39,0.51936,0.26586,0.65537,0.66898,0.12097
270,"At work, We usually",cau_unemb,0.7,1,44,0.72756,0.29978,0.72531,0.73775,0.13714
270,"At work, We usually",cau_unemb,0.9,1,51,0.90363,0.38295,0.87811,0.88707,0.1177
270,"At work, We usually",cau_unemb,0.99,1,65,0.9911,0.52219,1.52229,1.51894,0.12009
270,"At work, We usually",dua_unemb,0.3,1,2,0.61209,0.59118,0.31989,0.32232,0.04516
270,"At work, We usually",dua_unemb,0.5,1,2,0.61209,0.59118,0.31989,0.32232,0.04516
270,"At work, We usually",dua_unemb,0.7,1,3,0.88495,0.62115,0.72399,0.72075,0.05393
270,"At work, We usually",dua_unemb,0.9,1,4,0.97928,0.64369,1.41856,1.40437,0.05677
270,"At work, We usually",dua_unemb,0.99,1,5,0.9987,0.66009,2.5214,2.49118,0.05766
270,"At work, We usually",euc_dmd,0.3,1,2,0.92554,0.28957,1.40296,1.41465,0.17496
270,"At work, We usually",euc_dmd,0.5,1,2,0.92554,0.28957,1.40296,1.41465,0.17496
270,"At work, We usually",euc_dmd,0.7,1,2,0.92554,0.28957,1.40296,1.41465,0.17496
270,"At work, We usually",euc_dmd,0.9,1,2,0.92554,0.28957,1.40296,1.41465,0.17496
270,"At work, We usually",euc_dmd,0.99,1,3,0.99905,0.50973,2.77067,2.7607,0.18321
270,"At work, We usually",cau_dmd,0.3,1,15,0.33041,0.23745,0.82975,0.84253,0.14685
270,"At work, We usually",cau_dmd,0.5,1,17,0.52266,0.23971,0.92299,0.93506,0.14743
270,"At work, We usually",cau_dmd,0.7,1,19,0.70543,0.26245,1.02531,1.03586,0.14352
270,"At work, We usually",cau_dmd,0.9,1,23,0.91675,0.34277,1.35083,1.35572,0.1203
270,"At work, We usually",cau_dmd,0.99,1,29,0.9901,0.43006,2.18923,2.18051,0.12058
270,"At work, We usually",dua_dmd,0.3,1,2,0.67799,0.60313,0.35873,0.36051,0.04626
270,"At work, We usually",dua_dmd,0.5,1,2,0.67799,0.60313,0.35873,0.36051,0.04626
270,"At work, We usually",dua_dmd,0.7,1,3,0.91623,0.61518,0.79512,0.79377,0.05161
270,"At work, We usually",dua_dmd,0.9,1,3,0.91623,0.61518,0.79512,0.79377,0.05161
270,"At work, We usually",dua_dmd,0.99,1,5,0.99657,0.64331,2.4806,2.4642,0.05496
49,"Lately, Voters really",euc_ctx,0.3,1,6,0.43513,0.28314,0.58493,0.5926,0.10514
49,"Lately, Voters really",euc_ctx,0.5,1,7,0.63436,0.29882,0.6846,0.69139,0.10175
49,"Lately, Voters really",euc_ctx,0.7,1,8,0.79454,0.34247,0.76453,0.76976,0.09554
49,"Lately, Voters really",euc_ctx,0.9,1,10,0.94906,0.48167,0.98002,0.98005,0.0837
49,"Lately, Voters really",euc_ctx,0.99,1,13,0.99457,0.66778,1.60064,1.58879,0.07207
49,"Lately, Voters really",cau_ctx,0.3,0,,,,,,
49,"Lately, Voters really",cau_ctx,0.5,0,,,,,,
49,"Lately, Voters really",cau_ctx,0.7,0,,,,,,
49,"Lately, Voters really",cau_ctx,0.9,0,,,,,,
49,"Lately, Voters really",cau_ctx,0.99,0,,,,,,
49,"Lately, Voters really",dua_ctx,0.3,1,37,0.30305,0.50361,0.6736,0.64991,0.04514
49,"Lately, Voters really",dua_ctx,0.5,1,56,0.50334,0.48749,1.48521,1.43039,0.05436
49,"Lately, Voters really",dua_ctx,0.7,1,74,0.70353,0.47682,2.49282,2.41204,0.15544
49,"Lately, Voters really",dua_ctx,0.9,1,102,0.90021,0.48852,4.83128,4.72226,0.165
49,"Lately, Voters really",dua_ctx,0.99,1,137,0.99068,0.5426,8.44771,8.32005,0.18472
49,"Lately, Voters really",euc_unemb,0.3,1,2,0.95991,0.41515,1.20881,1.20892,0.08986
49,"Lately, Voters really",euc_unemb,0.5,1,2,0.95991,0.41515,1.20881,1.20892,0.08986
49,"Lately, Voters really",euc_unemb,0.7,1,2,0.95991,0.41515,1.20881,1.20892,0.08986
49,"Lately, Voters really",euc_unemb,0.9,1,2,0.95991,0.41515,1.20881,1.20892,0.08986
49,"Lately, Voters really",euc_unemb,0.99,1,3,0.99949,0.63715,2.73161,2.7081,0.16028
49,"Lately, Voters really",cau_unemb,0.3,1,28,0.32638,0.30584,0.37283,0.38014,0.06574
49,"Lately, Voters really",cau_unemb,0.5,1,33,0.51952,0.30948,0.45035,0.45713,0.07351
49,"Lately, Voters really",cau_unemb,0.7,1,38,0.70585,0.3389,0.51818,0.52361,0.07187
49,"Lately, Voters really",cau_unemb,0.9,1,47,0.90869,0.43468,0.69929,0.70013,0.06649
49,"Lately, Voters really",cau_unemb,0.99,1,62,0.99044,0.56454,1.3319,1.32005,0.06424
49,"Lately, Voters really",dua_unemb,0.3,1,2,0.34937,0.51777,0.1656,0.16822,0.01492
49,"Lately, Voters really",dua_unemb,0.5,1,3,0.52589,0.52744,0.35694,0.35259,0.14043
49,"Lately, Voters really",dua_unemb,0.7,1,5,0.72523,0.54365,0.86663,0.84005,0.1518
49,"Lately, Voters really",dua_unemb,0.9,1,9,0.92302,0.57115,2.69831,2.61438,0.16598
49,"Lately, Voters really",dua_unemb,0.99,1,14,0.99368,0.60392,6.04415,5.91683,0.19006
49,"Lately, Voters really",euc_dmd,0.3,1,2,0.95298,0.29318,1.32274,1.32275,0.20109
49,"Lately, Voters really",euc_dmd,0.5,1,2,0.95298,0.29318,1.32274,1.32275,0.20109
49,"Lately, Voters really",euc_dmd,0.7,1,2,0.95298,0.29318,1.32274,1.32275,0.20109
49,"Lately, Voters really",euc_dmd,0.9,1,2,0.95298,0.29318,1.32274,1.32275,0.20109
49,"Lately, Voters really",euc_dmd,0.99,1,3,0.99913,0.5035,2.45575,2.43657,0.1927
49,"Lately, Voters really",cau_dmd,0.3,1,11,0.31017,0.24222,0.64848,0.65655,0.10946
49,"Lately, Voters really",cau_dmd,0.5,1,14,0.59265,0.23096,0.86449,0.87126,0.11301
49,"Lately, Voters really",cau_dmd,0.7,1,16,0.7589,0.24777,0.99951,1.00452,0.10846
49,"Lately, Voters really",cau_dmd,0.9,1,19,0.90817,0.29437,1.2479,1.24892,0.18792
49,"Lately, Voters really",cau_dmd,0.99,1,26,0.99279,0.38124,2.18717,2.17368,0.19146
49,"Lately, Voters really",dua_dmd,0.3,1,2,0.45117,0.51474,0.21399,0.2168,0.02247
49,"Lately, Voters really",dua_dmd,0.5,1,3,0.64766,0.52281,0.44285,0.43984,0.02681
49,"Lately, Voters really",dua_dmd,0.7,1,4,0.75934,0.53106,0.72833,0.71676,0.13725
49,"Lately, Voters really",dua_dmd,0.9,1,7,0.91938,0.54976,2.19839,2.15372,0.19144
49,"Lately, Voters really",dua_dmd,0.99,1,12,0.99063,0.58298,6.19915,6.09586,0.20373
173,"Usually, The engineers still",euc_ctx,0.3,1,6,0.48704,0.16405,0.65825,0.66452,0.2368
173,"Usually, The engineers still",euc_ctx,0.5,1,7,0.69618,0.17531,0.72657,0.73209,0.21713
173,"Usually, The engineers still",euc_ctx,0.7,1,8,0.8459,0.21033,0.75609,0.76038,0.183
173,"Usually, The engineers still",euc_ctx,0.9,1,9,0.92874,0.26578,0.78306,0.78561,0.18065
173,"Usually, The engineers still",euc_ctx,0.99,1,12,0.99388,0.48447,1.07715,1.07128,0.02306
173,"Usually, The engineers still",cau_ctx,0.3,0,,,,,,
173,"Usually, The engineers still",cau_ctx,0.5,0,,,,,,
173,"Usually, The engineers still",cau_ctx,0.7,0,,,,,,
173,"Usually, The engineers still",cau_ctx,0.9,0,,,,,,
173,"Usually, The engineers still",cau_ctx,0.99,0,,,,,,
173,"Usually, The engineers still",dua_ctx,0.3,1,33,0.30024,0.46539,0.68438,0.67456,0.01318
173,"Usually, The engineers still",dua_ctx,0.5,1,51,0.50462,0.45319,1.57618,1.53999,0.01708
173,"Usually, The engineers still",dua_ctx,0.7,1,69,0.70966,0.45284,2.64685,2.58314,0.02352
173,"Usually, The engineers still",dua_ctx,0.9,1,89,0.90057,0.46873,3.82735,3.73786,0.02706
173,"Usually, The engineers still",dua_ctx,0.99,1,110,0.99194,0.51889,5.24522,5.13546,0.02648
173,"Usually, The engineers still",euc_unemb,0.3,1,2,0.97508,0.27205,1.30908,1.31058,0.23859
173,"Usually, The engineers still",euc_unemb,0.5,1,2,0.97508,0.27205,1.30908,1.31058,0.23859
173,"Usually, The engineers still",euc_unemb,0.7,1,2,0.97508,0.27205,1.30908,1.31058,0.23859
173,"Usually, The engineers still",euc_unemb,0.9,1,2,0.97508,0.27205,1.30908,1.31058,0.23859
173,"Usually, The engineers still",euc_unemb,0.99,1,3,0.99978,0.43969,2.95397,2.93255,0.29279
173,"Usually, The engineers still",cau_unemb,0.3,1,26,0.30035,0.19428,0.42977,0.43644,0.19518
173,"Usually, The engineers still",cau_unemb,0.5,1,31,0.50742,0.18836,0.50553,0.51196,0.21317
173,"Usually, The engineers still",cau_unemb,0.7,1,36,0.71139,0.20859,0.54082,0.54643,0.19014
173,"Usually, The engineers still",cau_unemb,0.9,1,44,0.90822,0.29027,0.58971,0.59264,0.17755
173,"Usually, The engineers still",cau_unemb,0.99,1,58,0.99105,0.48016,0.94787,0.94173,0.0495
173,"Usually, The engineers still",dua_unemb,0.3,1,2,0.5073,0.51248,0.25487,0.25759,0.01561
173,"Usually, The engineers still",dua_unemb,0.5,1,2,0.5073,0.51248,0.25487,0.25759,0.01561
173,"Usually, The engineers still",dua_unemb,0.7,1,3,0.70325,0.52831,0.55427,0.54945,0.02012
173,"Usually, The engineers still",dua_unemb,0.9,1,6,0.92948,0.55325,1.84233,1.79659,0.02277
173,"Usually, The engineers still",dua_unemb,0.99,1,9,0.99358,0.58162,3.76279,3.66951,0.0344
173,"Usually, The engineers still",euc_dmd,0.3,1,1,0.31072,0.11127,0.76941,0.77572,0.26237
173,"Usually, The engineers still",euc_dmd,0.5,1,2,0.97741,0.17184,1.25257,1.25196,0.26902
173,"Usually, The engineers still",euc_dmd,0.7,1,2,0.97741,0.17184,1.25257,1.25196,0.26902
173,"Usually, The engineers still",euc_dmd,0.9,1,2,0.97741,0.17184,1.25257,1.25196,0.26902
173,"Usually, The engineers still",euc_dmd,0.99,1,3,0.99974,0.34783,2.15605,2.13846,0.19814
173,"Usually, The engineers still",cau_dmd,0.3,1,10,0.30162,0.13566,0.66426,0.67015,0.2339
173,"Usually, The engineers still",cau_dmd,0.5,1,12,0.51383,0.12254,0.78697,0.79229,0.23495
173,"Usually, The engineers still",cau_dmd,0.7,1,14,0.71885,0.12968,0.85096,0.85526,0.23516
173,"Usually, The engineers still",cau_dmd,0.9,1,17,0.90378,0.17252,0.90675,0.90866,0.20478
173,"Usually, The engineers still",cau_dmd,0.99,1,23,0.99141,0.32277,1.19961,1.1933,0.06957
173,"Usually, The engineers still",dua_dmd,0.3,1,2,0.66019,0.53143,0.32359,0.32588,0.01955
173,"Usually, The engineers still",dua_dmd,0.5,1,2,0.66019,0.53143,0.32359,0.32588,0.01955
173,"Usually, The engineers still",dua_dmd,0.7,1,3,0.86403,0.54423,0.68564,0.68086,0.02343
173,"Usually, The engineers still",dua_dmd,0.9,1,4,0.94299,0.5561,1.13085,1.11529,0.02426
173,"Usually, The engineers still",dua_dmd,0.99,1,6,0.99144,0.57535,2.39541,2.35346,0.0234
274,"Over time, People usually",euc_ctx,0.3,1,4,0.33498,0.26359,0.35601,0.36585,0.02008
274,"Over time, People usually",euc_ctx,0.5,1,5,0.5607,0.26332,0.51695,0.52708,0.05918
274,"Over time, People usually",euc_ctx,0.7,1,6,0.76158,0.29303,0.68655,0.69596,0.07
274,"Over time, People usually",euc_ctx,0.9,1,8,0.95019,0.40589,1.1321,1.13722,0.07941
274,"Over time, People usually",euc_ctx,0.99,1,10,0.99057,0.51177,1.776,1.77403,0.08558
274,"Over time, People usually",cau_ctx,0.3,0,,,,,,
274,"Over time, People usually",cau_ctx,0.5,0,,,,,,
274,"Over time, People usually",cau_ctx,0.7,0,,,,,,
274,"Over time, People usually",cau_ctx,0.9,0,,,,,,
274,"Over time, People usually",cau_ctx,0.99,0,,,,,,
274,"Over time, People usually",dua_ctx,0.3,1,31,0.31039,0.41196,0.79132,0.79423,0.01376
274,"Over time, People usually",dua_ctx,0.5,1,46,0.51094,0.38623,1.81257,1.80142,0.02619
274,"Over time, People usually",dua_ctx,0.7,1,60,0.70876,0.37394,3.20292,3.17315,0.05707
274,"Over time, People usually",dua_ctx,0.9,1,83,0.90223,0.39558,6.23004,6.16602,0.1039
274,"Over time, People usually",dua_ctx,0.99,1,111,0.99118,0.45963,9.29309,9.19419,0.10842
274,"Over time, People usually",euc_unemb,0.3,1,1,0.66037,0.23932,0.55135,0.56113,0.08128
274,"Over time, People usually",euc_unemb,0.5,1,1,0.66037,0.23932,0.55135,0.56113,0.08128
274,"Over time, People usually",euc_unemb,0.7,1,2,0.99727,0.44018,2.28509,2.27698,0.09474
274,"Over time, People usually",euc_unemb,0.9,1,2,0.99727,0.44018,2.28509,2.27698,0.09474
274,"Over time, People usually",euc_unemb,0.99,1,2,0.99727,0.44018,2.28509,2.27698,0.09474
274,"Over time, People usually",cau_unemb,0.3,1,20,0.33752,0.26387,0.25296,0.26109,0.0604
274,"Over time, People usually",cau_unemb,0.5,1,24,0.52216,0.26658,0.34414,0.35241,0.0736
274,"Over time, People usually",cau_unemb,0.7,1,28,0.70069,0.2896,0.45064,0.45831,0.07895
274,"Over time, People usually",cau_unemb,0.9,1,36,0.91446,0.37654,0.76824,0.77239,0.07721
274,"Over time, People usually",cau_unemb,0.99,1,48,0.99034,0.48964,1.57129,1.56548,0.07771
274,"Over time, People usually",dua_unemb,0.3,1,1,0.38106,0.44148,0.13477,0.13832,0.05294
274,"Over time, People usually",dua_unemb,0.5,1,2,0.84083,0.51022,0.54637,0.54737,0.06375
274,"Over time, People usually",dua_unemb,0.7,1,2,0.84083,0.51022,0.54637,0.54737,0.06375
274,"Over time, People usually",dua_unemb,0.9,1,3,0.98157,0.54766,1.28968,1.28255,0.07321
274,"Over time, People usually",dua_unemb,0.99,1,4,0.99945,0.56315,2.57969,2.56017,0.07315
274,"Over time, People usually",euc_dmd,0.3,1,1,0.63955,0.20878,0.62375,0.63289,0.09531
274,"Over time, People usually",euc_dmd,0.5,1,1,0.63955,0.20878,0.62375,0.63289,0.09531
274,"Over time, People usually",euc_dmd,0.7,1,2,0.99594,0.4087,2.04654,2.04138,0.09291
274,"Over time, People usually",euc_dmd,0.9,1,2,0.99594,0.4087,2.04654,2.04138,0.09291
274,"Over time, People usually",euc_dmd,0.99,1,2,0.99594,0.4087,2.04654,2.04138,0.09291
274,"Over time, People usually",cau_dmd,0.3,1,9,0.3767,0.23698,0.38639,0.39468,0.08246
274,"Over time, People usually",cau_dmd,0.5,1,11,0.58952,0.24132,0.52854,0.53664,0.0844
274,"Over time, People usually",cau_dmd,0.7,1,13,0.77165,0.27024,0.69289,0.6999,0.09056
274,"Over time, People usually",cau_dmd,0.9,1,16,0.9228,0.34255,1.0219,1.02561,0.09332
274,"Over time, People usually",cau_dmd,0.99,1,22,0.99283,0.46908,2.02581,2.01821,0.09265
274,"Over time, People usually",dua_dmd,0.3,1,1,0.41033,0.44192,0.15329,0.15642,0.04915
274,"Over time, People usually",dua_dmd,0.5,1,2,0.86075,0.49737,0.60873,0.61138,0.07987
274,"Over time, People usually",dua_dmd,0.7,1,2,0.86075,0.49737,0.60873,0.61138,0.07987
274,"Over time, People usually",dua_dmd,0.9,1,3,0.97459,0.51359,1.35,1.34928,0.08468
274,"Over time, People usually",dua_dmd,0.99,1,4,0.9967,0.528,2.45411,2.44714,0.0855
139,"Today, The workers sometimes",euc_ctx,0.3,1,6,0.42032,0.11038,0.74493,0.75173,0.09765
139,"Today, The workers sometimes",euc_ctx,0.5,1,7,0.63096,0.11505,0.86824,0.87458,0.09762
139,"Today, The workers sometimes",euc_ctx,0.7,1,8,0.79823,0.137,0.96222,0.96771,0.09622
139,"Today, The workers sometimes",euc_ctx,0.9,1,10,0.95201,0.22923,1.1719,1.17435,0.08212
139,"Today, The workers sometimes",euc_ctx,0.99,1,13,0.99468,0.4256,1.79088,1.78496,0.05
139,"Today, The workers sometimes",cau_ctx,0.3,0,,,,,,
139,"Today, The workers sometimes",cau_ctx,0.5,0,,,,,,
139,"Today, The workers sometimes",cau_ctx,0.7,0,,,,,,
139,"Today, The workers sometimes",cau_ctx,0.9,0,,,,,,
139,"Today, The workers sometimes",cau_ctx,0.99,0,,,,,,
139,"Today, The workers sometimes",dua_ctx,0.3,1,30,0.3046,0.34781,0.67645,0.67905,0.02054
139,"Today, The workers sometimes",dua_ctx,0.5,1,44,0.50547,0.32708,1.49571,1.48622,0.02978
139,"Today, The workers sometimes",dua_ctx,0.7,1,58,0.71233,0.31803,2.71054,2.68334,0.04248
139,"Today, The workers sometimes",dua_ctx,0.9,1,78,0.9055,0.34343,5.1658,5.10871,0.04829
139,"Today, The workers sometimes",dua_ctx,0.99,1,105,0.99004,0.42182,7.75131,7.65823,0.04948
139,"Today, The workers sometimes",euc_unemb,0.3,1,2,0.98243,0.21172,1.41212,1.41307,0.08523
139,"Today, The workers sometimes",euc_unemb,0.5,1,2,0.98243,0.21172,1.41212,1.41307,0.08523
139,"Today, The workers sometimes",euc_unemb,0.7,1,2,0.98243,0.21172,1.41212,1.41307,0.08523
139,"Today, The workers sometimes",euc_unemb,0.9,1,2,0.98243,0.21172,1.41212,1.41307,0.08523
139,"Today, The workers sometimes",euc_unemb,0.99,1,3,0.99987,0.3874,3.28808,3.26686,0.07889
139,"Today, The workers sometimes",cau_unemb,0.3,1,27,0.30226,0.13316,0.41859,0.42565,0.09259
139,"Today, The workers sometimes",cau_unemb,0.5,1,32,0.51514,0.13256,0.5051,0.51216,0.091
139,"Today, The workers sometimes",cau_unemb,0.7,1,37,0.72186,0.15309,0.57591,0.58245,0.08829
139,"Today, The workers sometimes",cau_unemb,0.9,1,45,0.91477,0.23054,0.72064,0.72505,0.07394
139,"Today, The workers sometimes",cau_unemb,0.99,1,58,0.99056,0.40968,1.2482,1.24503,0.06463
139,"Today, The workers sometimes",dua_unemb,0.3,1,2,0.78496,0.48122,0.43841,0.43977,0.0675
139,"Today, The workers sometimes",dua_unemb,0.5,1,2,0.78496,0.48122,0.43841,0.43977,0.0675
139,"Today, The workers sometimes",dua_unemb,0.7,1,2,0.78496,0.48122,0.43841,0.43977,0.0675
139,"Today, The workers sometimes",dua_unemb,0.9,1,3,0.97237,0.53149,1.03092,1.0259,0.07303
139,"Today, The workers sometimes",dua_unemb,0.99,1,4,0.99876,0.55508,1.96049,1.94489,0.07462
139,"Today, The workers sometimes",euc_dmd,0.3,1,2,0.97732,0.14043,1.53386,1.53201,0.08934
139,"Today, The workers sometimes",euc_dmd,0.5,1,2,0.97732,0.14043,1.53386,1.53201,0.08934
139,"Today, The workers sometimes",euc_dmd,0.7,1,2,0.97732,0.14043,1.53386,1.53201,0.08934
139,"Today, The workers sometimes",euc_dmd,0.9,1,2,0.97732,0.14043,1.53386,1.53201,0.08934
139,"Today, The workers sometimes",euc_dmd,0.99,1,3,0.99973,0.36431,2.77711,2.75874,0.08615
139,"Today, The workers sometimes",cau_dmd,0.3,1,12,0.34661,0.10155,0.67679,0.68194,0.09595
139,"Today, The workers sometimes",cau_dmd,0.5,1,14,0.54494,0.09943,0.80452,0.80905,0.09545
139,"Today, The workers sometimes",cau_dmd,0.7,1,16,0.72762,0.11068,0.92171,0.92523,0.09345
139,"Today, The workers sometimes",cau_dmd,0.9,1,20,0.92765,0.16955,1.19302,1.19315,0.0782
139,"Today, The workers sometimes",cau_dmd,0.99,1,26,0.99197,0.29936,1.88224,1.87336,0.06454
139,"Today, The workers sometimes",dua_dmd,0.3,1,2,0.83548,0.49562,0.48919,0.48953,0.05282
139,"Today, The workers sometimes",dua_dmd,0.5,1,2,0.83548,0.49562,0.48919,0.48953,0.05282
139,"Today, The workers sometimes",dua_dmd,0.7,1,2,0.83548,0.49562,0.48919,0.48953,0.05282
139,"Today, The workers sometimes",dua_dmd,0.9,1,3,0.97912,0.51842,1.09837,1.09488,0.05506
139,"Today, The workers sometimes",dua_dmd,0.99,1,4,0.99809,0.53402,1.97105,1.96091,0.05611
297,"At work, The workers really",euc_ctx,0.3,1,6,0.3957,0.05453,0.58551,0.58551,0.12508
297,"At work, The workers really",euc_ctx,0.5,1,7,0.59353,0.05687,0.67783,0.67692,0.12596
297,"At work, The workers really",euc_ctx,0.7,1,8,0.76099,0.06812,0.74959,0.74759,0.12499
297,"At work, The workers really",euc_ctx,0.9,1,10,0.93399,0.12233,0.89756,0.89263,0.12208
297,"At work, The workers really",euc_ctx,0.99,1,13,0.99132,0.29046,1.33462,1.32259,0.12106
297,"At work, The workers really",cau_ctx,0.3,0,,,,,,
297,"At work, The workers really",cau_ctx,0.5,0,,,,,,
297,"At work, The workers really",cau_ctx,0.7,0,,,,,,
297,"At work, The workers really",cau_ctx,0.9,0,,,,,,
297,"At work, The workers really",cau_ctx,0.99,0,,,,,,
297,"At work, The workers really",dua_ctx,0.3,1,19,0.30176,0.21144,0.22838,0.22607,0.03271
297,"At work, The workers really",dua_ctx,0.5,1,28,0.50703,0.20384,0.48626,0.47479,0.0366
297,"At work, The workers really",dua_ctx,0.7,1,37,0.70742,0.20023,0.84697,0.82306,0.04001
297,"At work, The workers really",dua_ctx,0.9,1,48,0.90365,0.20454,1.46325,1.42122,0.09574
297,"At work, The workers really",dua_ctx,0.99,1,64,0.99125,0.23556,2.78188,2.71489,0.09921
297,"At work, The workers really",euc_unemb,0.3,1,2,0.97463,0.11234,1.21118,1.20656,0.13357
297,"At work, The workers really",euc_unemb,0.5,1,2,0.97463,0.11234,1.21118,1.20656,0.13357
297,"At work, The workers really",euc_unemb,0.7,1,2,0.97463,0.11234,1.21118,1.20656,0.13357
297,"At work, The workers really",euc_unemb,0.9,1,2,0.97463,0.11234,1.21118,1.20656,0.13357
297,"At work, The workers really",euc_unemb,0.99,1,3,0.99978,0.38321,2.73693,2.71401,0.12296
297,"At work, The workers really",cau_unemb,0.3,1,28,0.33028,0.06754,0.38606,0.38818,0.11573
297,"At work, The workers really",cau_unemb,0.5,1,33,0.53834,0.06847,0.4629,0.4645,0.11761
297,"At work, The workers really",cau_unemb,0.7,1,38,0.73289,0.08088,0.5301,0.53086,0.11769
297,"At work, The workers really",cau_unemb,0.9,1,45,0.90017,0.12053,0.64228,0.6412,0.11871
297,"At work, The workers really",cau_unemb,0.99,1,60,0.99115,0.27941,1.18,1.1712,0.09465
297,"At work, The workers really",dua_unemb,0.3,1,2,0.74898,0.34195,0.30611,0.30692,0.06883
297,"At work, The workers really",dua_unemb,0.5,1,2,0.74898,0.34195,0.30611,0.30692,0.06883
297,"At work, The workers really",dua_unemb,0.7,1,2,0.74898,0.34195,0.30611,0.30692,0.06883
297,"At work, The workers really",dua_unemb,0.9,1,3,0.93334,0.39161,0.6218,0.6137,0.08306
297,"At work, The workers really",dua_unemb,0.99,1,5,0.99702,0.44298,1.508,1.47387,0.09682
297,"At work, The workers really",euc_dmd,0.3,1,2,0.9642,0.0536,1.36336,1.35424,0.12926
297,"At work, The workers really",euc_dmd,0.5,1,2,0.9642,0.0536,1.36336,1.35424,0.12926
297,"At work, The workers really",euc_dmd,0.7,1,2,0.9642,0.0536,1.36336,1.35424,0.12926
297,"At work, The workers really",euc_dmd,0.9,1,2,0.9642,0.0536,1.36336,1.35424,0.12926
297,"At work, The workers really",euc_dmd,0.99,1,3,0.99937,0.19102,2.32402,2.30087,0.135
297,"At work, The workers really",cau_dmd,0.3,1,12,0.36259,0.04297,0.72915,0.72862,0.12803
297,"At work, The workers really",cau_dmd,0.5,1,14,0.55364,0.04092,0.88052,0.87866,0.12695
297,"At work, The workers really",cau_dmd,0.7,1,16,0.72659,0.04398,1.03298,1.02944,0.10544
297,"At work, The workers really",cau_dmd,0.9,1,20,0.92081,0.06154,1.4068,1.39862,0.09952
297,"At work, The workers really",cau_dmd,0.99,1,27,0.99271,0.09882,2.48073,2.45953,0.0994
297,"At work, The workers really",dua_dmd,0.3,1,2,0.83092,0.35883,0.37481,0.3746,0.07712
297,"At work, The workers really",dua_dmd,0.5,1,2,0.83092,0.35883,0.37481,0.3746,0.07712
297,"At work, The workers really",dua_dmd,0.7,1,2,0.83092,0.35883,0.37481,0.3746,0.07712
297,"At work, The workers really",dua_dmd,0.9,1,3,0.97378,0.39365,0.75525,0.74665,0.09621
297,"At work, The workers really",dua_dmd,0.99,1,4,0.99568,0.41103,1.2447,1.22531,0.10071
228,"Today, Both of them always",euc_ctx,0.3,1,5,0.40406,0.13461,0.43692,0.44051,0.13408
228,"Today, Both of them always",euc_ctx,0.5,1,6,0.60985,0.13508,0.5088,0.51186,0.1326
228,"Today, Both of them always",euc_ctx,0.7,1,7,0.78088,0.15455,0.54623,0.54842,0.11971
228,"Today, Both of them always",euc_ctx,0.9,1,9,0.94671,0.24575,0.60708,0.60642,0.10079
228,"Today, Both of them always",euc_ctx,0.99,1,12,0.99426,0.45762,0.92287,0.91469,0.02372
228,"Today, Both of them always",cau_ctx,0.3,0,,,,,,
228,"Today, Both of them always",cau_ctx,0.5,0,,,,,,
228,"Today, Both of them always",cau_ctx,0.7,0,,,,,,
228,"Today, Both of them always",cau_ctx,0.9,0,,,,,,
228,"Today, Both of them always",cau_ctx,0.99,0,,,,,,
228,"Today, Both of them always",dua_ctx,0.3,1,27,0.30919,0.36963,0.42961,0.42803,0.00799
228,"Today, Both of them always",dua_ctx,0.5,1,41,0.5148,0.3478,0.96095,0.94549,0.01782
228,"Today, Both of them always",dua_ctx,0.7,1,53,0.70233,0.33436,1.56599,1.53465,0.03276
228,"Today, Both of them always",dua_ctx,0.9,1,68,0.90333,0.33436,2.5282,2.47551,0.04826
228,"Today, Both of them always",dua_ctx,0.99,1,90,0.99068,0.3908,3.98068,3.89832,0.05333
228,"Today, Both of them always",euc_unemb,0.3,1,1,0.44052,0.12507,0.49784,0.50282,0.11939
228,"Today, Both of them always",euc_unemb,0.5,1,2,0.98437,0.28849,1.00643,1.00387,0.10916
228,"Today, Both of them always",euc_unemb,0.7,1,2,0.98437,0.28849,1.00643,1.00387,0.10916
228,"Today, Both of them always",euc_unemb,0.9,1,2,0.98437,0.28849,1.00643,1.00387,0.10916
228,"Today, Both of them always",euc_unemb,0.99,1,3,0.9998,0.47034,2.50431,2.48099,0.13215
228,"Today, Both of them always",cau_unemb,0.3,1,22,0.30569,0.16724,0.26526,0.26999,0.12849
228,"Today, Both of them always",cau_unemb,0.5,1,27,0.51173,0.16359,0.32129,0.32598,0.12101
228,"Today, Both of them always",cau_unemb,0.7,1,32,0.71299,0.18418,0.35128,0.35547,0.11629
228,"Today, Both of them always",cau_unemb,0.9,1,40,0.90731,0.26735,0.40075,0.40304,0.08625
228,"Today, Both of them always",cau_unemb,0.99,1,54,0.99052,0.49013,0.74382,0.73883,0.08443
228,"Today, Both of them always",dua_unemb,0.3,1,2,0.7377,0.48831,0.32931,0.33152,0.07962
228,"Today, Both of them always",dua_unemb,0.5,1,2,0.7377,0.48831,0.32931,0.33152,0.07962
228,"Today, Both of them always",dua_unemb,0.7,1,2,0.7377,0.48831,0.32931,0.33152,0.07962
228,"Today, Both of them always",dua_unemb,0.9,1,3,0.92758,0.52589,0.73966,0.73369,0.08281
228,"Today, Both of them always",dua_unemb,0.99,1,5,0.99763,0.56209,1.87053,1.83768,0.08468
228,"Today, Both of them always",euc_dmd,0.3,1,1,0.47024,0.09489,0.63283,0.63479,0.13116
228,"Today, Both of them always",euc_dmd,0.5,1,2,0.98569,0.20163,1.06635,1.05946,0.10279
228,"Today, Both of them always",euc_dmd,0.7,1,2,0.98569,0.20163,1.06635,1.05946,0.10279
228,"Today, Both of them always",euc_dmd,0.9,1,2,0.98569,0.20163,1.06635,1.05946,0.10279
228,"Today, Both of them always",euc_dmd,0.99,1,3,0.99977,0.43979,1.96504,1.94154,0.12705
228,"Today, Both of them always",cau_dmd,0.3,1,9,0.31859,0.12573,0.43083,0.43346,0.12443
228,"Today, Both of them always",cau_dmd,0.5,1,11,0.5212,0.1159,0.53518,0.53707,0.12186
228,"Today, Both of them always",cau_dmd,0.7,1,13,0.71463,0.12314,0.61292,0.61369,0.12221
228,"Today, Both of them always",cau_dmd,0.9,1,17,0.92718,0.18122,0.75585,0.75322,0.11567
228,"Today, Both of them always",cau_dmd,0.99,1,23,0.99243,0.33429,1.15196,1.14113,0.1045
228,"Today, Both of them always",dua_dmd,0.3,1,2,0.83367,0.51026,0.35963,0.3608,0.02527
228,"Today, Both of them always",dua_dmd,0.5,1,2,0.83367,0.51026,0.35963,0.3608,0.02527
228,"Today, Both of them always",dua_dmd,0.7,1,2,0.83367,0.51026,0.35963,0.3608,0.02527
228,"Today, Both of them always",dua_dmd,0.9,1,3,0.97868,0.53794,0.7947,0.78882,0.02843
228,"Today, Both of them always",dua_dmd,0.99,1,4,0.99845,0.55519,1.35031,1.3341,0.02942
226,"Usually, You still",euc_ctx,0.3,1,7,0.44493,0.25116,0.62899,0.63863,0.24715
226,"Usually, You still",euc_ctx,0.5,1,8,0.64909,0.26366,0.67919,0.68808,0.24794
226,"Usually, You still",euc_ctx,0.7,1,9,0.80941,0.30343,0.69509,0.70257,0.06575
226,"Usually, You still",euc_ctx,0.9,1,10,0.90649,0.36345,0.7108,0.71618,0.02685
226,"Usually, You still",euc_ctx,0.99,1,13,0.99102,0.55757,0.96261,0.95799,0.03258
226,"Usually, You still",cau_ctx,0.3,0,,,,,,
226,"Usually, You still",cau_ctx,0.5,0,,,,,,
226,"Usually, You still",cau_ctx,0.7,0,,,,,,
226,"Usually, You still",cau_ctx,0.9,0,,,,,,
226,"Usually, You still",cau_ctx,0.99,0,,,,,,
226,"Usually, You still",dua_ctx,0.3,1,43,0.30596,0.61336,0.73922,0.70527,0.01654
226,"Usually, You still",dua_ctx,0.5,1,67,0.5036,0.63284,1.55871,1.48574,0.02188
226,"Usually, You still",dua_ctx,0.7,1,93,0.70384,0.65324,2.55731,2.45472,0.03738
226,"Usually, You still",dua_ctx,0.9,1,133,0.90256,0.70186,5.09534,4.97076,0.04789
226,"Usually, You still",dua_ctx,0.99,1,159,0.99013,0.72182,7.10157,6.97111,0.04865
226,"Usually, You still",euc_unemb,0.3,1,2,0.90274,0.19599,1.54186,1.54714,0.41922
226,"Usually, You still",euc_unemb,0.5,1,2,0.90274,0.19599,1.54186,1.54714,0.41922
226,"Usually, You still",euc_unemb,0.7,1,2,0.90274,0.19599,1.54186,1.54714,0.41922
226,"Usually, You still",euc_unemb,0.9,1,2,0.90274,0.19599,1.54186,1.54714,0.41922
226,"Usually, You still",euc_unemb,0.99,1,3,0.99873,0.38215,2.66047,2.64653,0.38997
226,"Usually, You still",cau_unemb,0.3,1,32,0.31727,0.17526,0.82245,0.82851,0.29439
226,"Usually, You still",cau_unemb,0.5,1,37,0.51684,0.16007,0.94271,0.94772,0.3535
226,"Usually, You still",cau_unemb,0.7,1,42,0.71054,0.16584,1.00774,1.01123,0.33341
226,"Usually, You still",cau_unemb,0.9,1,50,0.90212,0.20995,1.05826,1.05835,0.28868
226,"Usually, You still",cau_unemb,0.99,1,65,0.99085,0.33911,1.26219,1.25254,0.09708
226,"Usually, You still",dua_unemb,0.3,1,3,0.46421,0.59167,0.41024,0.407,0.01912
226,"Usually, You still",dua_unemb,0.5,1,4,0.56063,0.59719,0.68705,0.67108,0.02419
226,"Usually, You still",dua_unemb,0.7,1,6,0.70492,0.60127,1.39289,1.34514,0.02929
226,"Usually, You still",dua_unemb,0.9,1,10,0.91162,0.60859,3.13,3.01964,0.0363
226,"Usually, You still",dua_unemb,0.99,1,15,0.99547,0.61786,4.89393,4.76204,0.04161
226,"Usually, You still",euc_dmd,0.3,1,2,0.92897,0.16493,1.41821,1.42252,0.39318
226,"Usually, You still",euc_dmd,0.5,1,2,0.92897,0.16493,1.41821,1.42252,0.39318
226,"Usually, You still",euc_dmd,0.7,1,2,0.92897,0.16493,1.41821,1.42252,0.39318
226,"Usually, You still",euc_dmd,0.9,1,2,0.92897,0.16493,1.41821,1.42252,0.39318
226,"Usually, You still",euc_dmd,0.99,1,3,0.99894,0.32932,2.04471,2.03295,0.31035
226,"Usually, You still",cau_dmd,0.3,1,12,0.34589,0.16616,0.84846,0.85765,0.31801
226,"Usually, You still",cau_dmd,0.5,1,14,0.56709,0.15625,0.95777,0.96632,0.34008
226,"Usually, You still",cau_dmd,0.7,1,16,0.76288,0.17073,1.00806,1.01544,0.28652
226,"Usually, You still",cau_dmd,0.9,1,19,0.9239,0.22887,1.04647,1.05107,0.105
226,"Usually, You still",cau_dmd,0.99,1,24,0.99046,0.36743,1.22718,1.22432,0.10918
226,"Usually, You still",dua_dmd,0.3,1,2,0.39171,0.57785,0.2326,0.23807,0.01323
226,"Usually, You still",dua_dmd,0.5,1,3,0.60343,0.57998,0.49686,0.49569,0.02414
226,"Usually, You still",dua_dmd,0.7,1,4,0.7222,0.58544,0.8169,0.80491,0.02843
226,"Usually, You still",dua_dmd,0.9,1,7,0.91621,0.60989,2.17547,2.11978,0.03453
226,"Usually, You still",dua_dmd,0.99,1,11,0.99073,0.63591,4.01871,3.91427,0.03997
233,Many people really,euc_ctx,0.3,1,7,0.44259,0.24045,0.80661,0.81414,0.10801
233,Many people really,euc_ctx,0.5,1,8,0.64964,0.25592,0.87847,0.88474,0.10338
233,Many people really,euc_ctx,0.7,1,9,0.81062,0.29982,0.91784,0.92217,0.10986
233,Many people really,euc_ctx,0.9,1,10,0.90713,0.36543,0.96454,0.96623,0.09435
233,Many people really,euc_ctx,0.99,1,13,0.99088,0.57879,1.35044,1.34036,0.06619
233,Many people really,cau_ctx,0.3,0,,,,,,
233,Many people really,cau_ctx,0.5,0,,,,,,
233,Many people really,cau_ctx,0.7,0,,,,,,
233,Many people really,cau_ctx,0.9,0,,,,,,
233,Many people really,cau_ctx,0.99,0,,,,,,
233,Many people really,dua_ctx,0.3,1,37,0.3052,0.53639,0.80933,0.7858,0.04153
233,Many people really,dua_ctx,0.5,1,54,0.50396,0.50657,1.65043,1.59751,0.05997
233,Many people really,dua_ctx,0.7,1,71,0.70729,0.48712,2.70681,2.62849,0.06548
233,Many people really,dua_ctx,0.9,1,99,0.90165,0.50522,5.05362,4.94382,0.1615
233,Many people really,dua_ctx,0.99,1,133,0.99059,0.55892,7.90925,7.77777,0.18068
233,Many people really,euc_unemb,0.3,1,2,0.94454,0.3581,1.14846,1.14836,0.18558
233,Many people really,euc_unemb,0.5,1,2,0.94454,0.3581,1.14846,1.14836,0.18558
233,Many people really,euc_unemb,0.7,1,2,0.94454,0.3581,1.14846,1.14836,0.18558
233,Many people really,euc_unemb,0.9,1,2,0.94454,0.3581,1.14846,1.14836,0.18558
233,Many people really,euc_unemb,0.99,1,3,0.99955,0.66065,2.44336,2.41671,0.20755
233,Many people really,cau_unemb,0.3,1,33,0.32042,0.28324,0.53066,0.53761,0.07531
233,Many people really,cau_unemb,0.5,1,38,0.52451,0.28332,0.61011,0.61598,0.08796
233,Many people really,cau_unemb,0.7,1,43,0.71999,0.31147,0.67595,0.67989,0.07704
233,Many people really,cau_unemb,0.9,1,51,0.9082,0.39732,0.82025,0.81922,0.13654
233,Many people really,cau_unemb,0.99,1,65,0.99038,0.53357,1.34351,1.32912,0.15322
233,Many people really,dua_unemb,0.3,1,2,0.39069,0.57701,0.19036,0.19267,0.10545
233,Many people really,dua_unemb,0.5,1,3,0.5895,0.58938,0.41686,0.41117,0.11238
233,Many people really,dua_unemb,0.7,1,5,0.77122,0.61065,0.99503,0.96399,0.13486
233,Many people really,dua_unemb,0.9,1,8,0.91134,0.62775,2.49421,2.41569,0.18667
233,Many people really,dua_unemb,0.99,1,13,0.99619,0.6571,6.3072,6.17452,0.17531
233,Many people really,euc_dmd,0.3,1,2,0.92508,0.20915,1.40938,1.4102,0.20113
233,Many people really,euc_dmd,0.5,1,2,0.92508,0.20915,1.40938,1.4102,0.20113
233,Many people really,euc_dmd,0.7,1,2,0.92508,0.20915,1.40938,1.4102,0.20113
233,Many people really,euc_dmd,0.9,1,2,0.92508,0.20915,1.40938,1.4102,0.20113
233,Many people really,euc_dmd,0.99,1,3,0.99895,0.44771,2.23526,2.21627,0.16569
233,Many people really,cau_dmd,0.3,1,14,0.36086,0.19278,0.98241,0.99016,0.11705
233,Many people really,cau_dmd,0.5,1,16,0.55547,0.18353,1.13406,1.14039,0.17235
233,Many people really,cau_dmd,0.7,1,18,0.73283,0.1905,1.27817,1.28237,0.18891
233,Many people really,cau_dmd,0.9,1,22,0.92838,0.22831,1.63653,1.63423,0.19202
233,Many people really,cau_dmd,0.99,1,28,0.99229,0.2607,2.45734,2.4407,0.19084
233,Many people really,dua_dmd,0.3,1,2,0.5007,0.57341,0.26602,0.26887,0.12464
233,Many people really,dua_dmd,0.5,1,2,0.5007,0.57341,0.26602,0.26887,0.12464
233,Many people really,dua_dmd,0.7,1,3,0.70954,0.57714,0.55529,0.55216,0.14207
233,Many people really,dua_dmd,0.9,1,6,0.90679,0.59406,2.03143,1.99471,0.18457
233,Many people really,dua_dmd,0.99,1,11,0.99382,0.63074,5.71929,5.6236,0.19101
275,"Every day, People also",euc_ctx,0.3,1,3,0.40648,0.32422,0.17855,0.18316,0.03131
275,"Every day, People also",euc_ctx,0.5,1,4,0.61839,0.3312,0.28336,0.28775,0.03596
275,"Every day, People also",euc_ctx,0.7,1,5,0.79143,0.36711,0.40289,0.40614,0.03382
275,"Every day, People also",euc_ctx,0.9,1,7,0.95241,0.48361,0.74253,0.74106,0.0318
275,"Every day, People also",euc_ctx,0.99,1,9,0.99,0.58836,1.24314,1.23466,0.03409
275,"Every day, People also",cau_ctx,0.3,0,,,,,,
275,"Every day, People also",cau_ctx,0.5,0,,,,,,
275,"Every day, People also",cau_ctx,0.7,0,,,,,,
275,"Every day, People also",cau_ctx,0.9,0,,,,,,
275,"Every day, People also",cau_ctx,0.99,0,,,,,,
275,"Every day, People also",dua_ctx,0.3,1,25,0.30257,0.42793,0.44863,0.44946,0.01745
275,"Every day, People also",dua_ctx,0.5,1,41,0.50475,0.39913,1.20747,1.19512,0.02396
275,"Every day, People also",dua_ctx,0.7,1,56,0.70555,0.38509,2.29783,2.26679,0.03176
275,"Every day, People also",dua_ctx,0.9,1,82,0.90294,0.4207,5.05458,4.98526,0.04083
275,"Every day, People also",dua_ctx,0.99,1,116,0.99118,0.50721,7.63083,7.52386,0.04199
275,"Every day, People also",euc_unemb,0.3,1,1,0.84687,0.35187,0.44738,0.4504,0.06564
275,"Every day, People also",euc_unemb,0.5,1,1,0.84687,0.35187,0.44738,0.4504,0.06564
275,"Every day, People also",euc_unemb,0.7,1,1,0.84687,0.35187,0.44738,0.4504,0.06564
275,"Every day, People also",euc_unemb,0.9,1,2,0.99851,0.53506,2.0087,1.99154,0.08218
275,"Every day, People also",euc_unemb,0.99,1,2,0.99851,0.53506,2.0087,1.99154,0.08218
275,"Every day, People also",cau_unemb,0.3,1,13,0.32443,0.33609,0.09131,0.095,0.02099
275,"Every day, People also",cau_unemb,0.5,1,18,0.53485,0.33879,0.15734,0.16107,0.02992
275,"Every day, People also",cau_unemb,0.7,1,23,0.73313,0.37403,0.24509,0.24789,0.03162
275,"Every day, People also",cau_unemb,0.9,1,30,0.90248,0.45993,0.4449,0.44466,0.03285
275,"Every day, People also",cau_unemb,0.99,1,44,0.99036,0.61044,1.17152,1.1605,0.0551
275,"Every day, People also",dua_unemb,0.3,1,1,0.62303,0.51907,0.20315,0.20335,0.02394
275,"Every day, People also",dua_unemb,0.5,1,1,0.62303,0.51907,0.20315,0.20335,0.02394
275,"Every day, People also",dua_unemb,0.7,1,2,0.92633,0.5694,0.63879,0.63392,0.04793
275,"Every day, People also",dua_unemb,0.9,1,2,0.92633,0.5694,0.63879,0.63392,0.04793
275,"Every day, People also",dua_unemb,0.99,1,3,0.99535,0.60118,1.39906,1.38373,0.04913
275,"Every day, People also",euc_dmd,0.3,1,1,0.83689,0.30722,0.47051,0.47258,0.06886
275,"Every day, People also",euc_dmd,0.5,1,1,0.83689,0.30722,0.47051,0.47258,0.06886
275,"Every day, People also",euc_dmd,0.7,1,1,0.83689,0.30722,0.47051,0.47258,0.06886
275,"Every day, People also",euc_dmd,0.9,1,2,0.99792,0.53101,1.68124,1.66618,0.07399
275,"Every day, People also",euc_dmd,0.99,1,2,0.99792,0.53101,1.68124,1.66618,0.07399
275,"Every day, People also",cau_dmd,0.3,1,6,0.3683,0.30706,0.14802,0.15163,0.03362
275,"Every day, People also",cau_dmd,0.5,1,8,0.5672,0.30719,0.23043,0.2338,0.03747
275,"Every day, People also",cau_dmd,0.7,1,10,0.74505,0.33498,0.32895,0.33128,0.0367
275,"Every day, People also",cau_dmd,0.9,1,13,0.90542,0.41317,0.53992,0.53925,0.03733
275,"Every day, People also",cau_dmd,0.99,1,20,0.99294,0.59429,1.40281,1.38988,0.03612
275,"Every day, People also",dua_dmd,0.3,1,1,0.67805,0.53567,0.2318,0.23065,0.02746
275,"Every day, People also",dua_dmd,0.5,1,1,0.67805,0.53567,0.2318,0.23065,0.02746
275,"Every day, People also",dua_dmd,0.7,1,2,0.94446,0.56432,0.67041,0.66616,0.03233
275,"Every day, People also",dua_dmd,0.9,1,2,0.94446,0.56432,0.67041,0.66616,0.03233
275,"Every day, People also",dua_dmd,0.99,1,3,0.99225,0.57972,1.30613,1.29637,0.03375
64,"Every day, Parents generally",euc_ctx,0.3,1,5,0.36837,0.37027,0.43023,0.44423,0.0672
64,"Every day, Parents generally",euc_ctx,0.5,1,6,0.6016,0.37825,0.59124,0.60506,0.07148
64,"Every day, Parents generally",euc_ctx,0.7,1,7,0.79386,0.41776,0.76578,0.77804,0.04418
64,"Every day, Parents generally",euc_ctx,0.9,1,8,0.90606,0.47359,0.97779,0.98729,0.04457
64,"Every day, Parents generally",euc_ctx,0.99,1,11,0.9925,0.60776,1.88177,1.87857,0.08227
64,"Every day, Parents generally",cau_ctx,0.3,0,,,,,,
64,"Every day, Parents generally",cau_ctx,0.5,0,,,,,,
64,"Every day, Parents generally",cau_ctx,0.7,0,,,,,,
64,"Every day, Parents generally",cau_ctx,0.9,0,,,,,,
64,"Every day, Parents generally",cau_ctx,0.99,0,,,,,,
64,"Every day, Parents generally",dua_ctx,0.3,1,36,0.30688,0.51105,1.09257,1.09065,0.03324
64,"Every day, Parents generally",dua_ctx,0.5,1,52,0.50597,0.47705,2.36251,2.34102,0.03394
64,"Every day, Parents generally",dua_ctx,0.7,1,68,0.70836,0.46011,4.21399,4.1665,0.06578
64,"Every day, Parents generally",dua_ctx,0.9,1,88,0.90564,0.46311,6.94137,6.86185,0.04761
64,"Every day, Parents generally",dua_ctx,0.99,1,113,0.9906,0.51083,9.13616,9.02733,0.05328
64,"Every day, Parents generally",euc_unemb,0.3,1,1,0.46505,0.32169,0.43796,0.45194,0.09366
64,"Every day, Parents generally",euc_unemb,0.5,1,2,0.99492,0.52351,1.96062,1.95672,0.1137
64,"Every day, Parents generally",euc_unemb,0.7,1,2,0.99492,0.52351,1.96062,1.95672,0.1137
64,"Every day, Parents generally",euc_unemb,0.9,1,2,0.99492,0.52351,1.96062,1.95672,0.1137
64,"Every day, Parents generally",euc_unemb,0.99,1,2,0.99492,0.52351,1.96062,1.95672,0.1137
64,"Every day, Parents generally",cau_unemb,0.3,1,24,0.32433,0.33199,0.31578,0.32695,0.08301
64,"Every day, Parents generally",cau_unemb,0.5,1,28,0.51127,0.33422,0.39665,0.40784,0.07711
64,"Every day, Parents generally",cau_unemb,0.7,1,33,0.73399,0.36951,0.5109,0.52092,0.08316
64,"Every day, Parents generally",cau_unemb,0.9,1,40,0.91406,0.45511,0.75926,0.76539,0.08094
64,"Every day, Parents generally",cau_unemb,0.99,1,52,0.99053,0.57206,1.47252,1.46759,0.06546
64,"Every day, Parents generally",dua_unemb,0.3,1,2,0.77786,0.581,0.47532,0.47733,0.07186
64,"Every day, Parents generally",dua_unemb,0.5,1,2,0.77786,0.581,0.47532,0.47733,0.07186
64,"Every day, Parents generally",dua_unemb,0.7,1,2,0.77786,0.581,0.47532,0.47733,0.07186
64,"Every day, Parents generally",dua_unemb,0.9,1,3,0.96546,0.60979,1.11756,1.11019,0.07233
64,"Every day, Parents generally",dua_unemb,0.99,1,4,0.99863,0.62149,2.27749,2.2546,0.07429
64,"Every day, Parents generally",euc_dmd,0.3,1,1,0.44706,0.30764,0.46097,0.47515,0.08797
64,"Every day, Parents generally",euc_dmd,0.5,1,2,0.99285,0.52621,1.71509,1.71472,0.10288
64,"Every day, Parents generally",euc_dmd,0.7,1,2,0.99285,0.52621,1.71509,1.71472,0.10288
64,"Every day, Parents generally",euc_dmd,0.9,1,2,0.99285,0.52621,1.71509,1.71472,0.10288
64,"Every day, Parents generally",euc_dmd,0.99,1,2,0.99285,0.52621,1.71509,1.71472,0.10288
64,"Every day, Parents generally",cau_dmd,0.3,1,11,0.39831,0.32046,0.44969,0.46177,0.08331
64,"Every day, Parents generally",cau_dmd,0.5,1,12,0.50725,0.32415,0.50373,0.51573,0.07087
64,"Every day, Parents generally",cau_dmd,0.7,1,14,0.7115,0.35364,0.62697,0.63797,0.07118
64,"Every day, Parents generally",cau_dmd,0.9,1,18,0.93164,0.45805,1.03308,1.03871,0.06813
64,"Every day, Parents generally",cau_dmd,0.99,1,23,0.99081,0.54517,1.85755,1.85202,0.06859
64,"Every day, Parents generally",dua_dmd,0.3,1,2,0.83486,0.57146,0.59018,0.59436,0.03494
64,"Every day, Parents generally",dua_dmd,0.5,1,2,0.83486,0.57146,0.59018,0.59436,0.03494
64,"Every day, Parents generally",dua_dmd,0.7,1,2,0.83486,0.57146,0.59018,0.59436,0.03494
64,"Every day, Parents generally",dua_dmd,0.9,1,3,0.97588,0.57881,1.37949,1.37934,0.04036
64,"Every day, Parents generally",dua_dmd,0.99,1,4,0.99712,0.5909,2.47659,2.46876,0.04386
125,"Honestly, Farmers never",euc_ctx,0.3,1,4,0.46819,0.15769,0.26447,0.26665,0.03051
125,"Honestly, Farmers never",euc_ctx,0.5,1,5,0.67673,0.17324,0.32323,0.32467,0.03043
125,"Honestly, Farmers never",euc_ctx,0.7,1,6,0.82881,0.21348,0.3801,0.38027,0.02731
125,"Honestly, Farmers never",euc_ctx,0.9,1,7,0.91588,0.27558,0.46282,0.46115,0.02653
125,"Honestly, Farmers never",euc_ctx,0.99,1,10,0.9907,0.51172,1.01553,1.00455,0.06911
125,"Honestly, Farmers never",cau_ctx,0.3,0,,,,,,
125,"Honestly, Farmers never",cau_ctx,0.5,0,,,,,,
125,"Honestly, Farmers never",cau_ctx,0.7,0,,,,,,
125,"Honestly, Farmers never",cau_ctx,0.9,0,,,,,,
125,"Honestly, Farmers never",cau_ctx,0.99,0,,,,,,
125,"Honestly, Farmers never",dua_ctx,0.3,1,18,0.308,0.31649,0.25853,0.25952,0.05951
125,"Honestly, Farmers never",dua_ctx,0.5,1,29,0.51531,0.3076,0.66162,0.65302,0.05358
125,"Honestly, Farmers never",dua_ctx,0.7,1,40,0.70519,0.3074,1.26419,1.24049,0.06498
125,"Honestly, Farmers never",dua_ctx,0.9,1,63,0.90198,0.35882,3.16084,3.09831,0.07434
125,"Honestly, Farmers never",dua_ctx,0.99,1,95,0.99115,0.46215,5.43817,5.33485,0.08342
125,"Honestly, Farmers never",euc_unemb,0.3,1,1,0.79962,0.17585,0.4133,0.41682,0.07732
125,"Honestly, Farmers never",euc_unemb,0.5,1,1,0.79962,0.17585,0.4133,0.41682,0.07732
125,"Honestly, Farmers never",euc_unemb,0.7,1,1,0.79962,0.17585,0.4133,0.41682,0.07732
125,"Honestly, Farmers never",euc_unemb,0.9,1,2,0.99866,0.48117,1.80205,1.78832,0.08341
125,"Honestly, Farmers never",euc_unemb,0.99,1,2,0.99866,0.48117,1.80205,1.78832,0.08341
125,"Honestly, Farmers never",cau_unemb,0.3,1,16,0.33349,0.17303,0.14659,0.14974,0.02971
125,"Honestly, Farmers never",cau_unemb,0.5,1,20,0.52116,0.1735,0.19178,0.19487,0.0303
125,"Honestly, Farmers never",cau_unemb,0.7,1,24,0.70242,0.19404,0.23592,0.23853,0.03869
125,"Honestly, Farmers never",cau_unemb,0.9,1,31,0.90073,0.27692,0.35453,0.3551,0.04704
125,"Honestly, Farmers never",cau_unemb,0.99,1,44,0.99074,0.49363,0.91466,0.90678,0.07581
125,"Honestly, Farmers never",dua_unemb,0.3,1,1,0.54858,0.40972,0.13987,0.14285,0.06599
125,"Honestly, Farmers never",dua_unemb,0.5,1,1,0.54858,0.40972,0.13987,0.14285,0.06599
125,"Honestly, Farmers never",dua_unemb,0.7,1,2,0.92384,0.51045,0.53509,0.53417,0.07446
125,"Honestly, Farmers never",dua_unemb,0.9,1,2,0.92384,0.51045,0.53509,0.53417,0.07446
125,"Honestly, Farmers never",dua_unemb,0.99,1,3,0.99372,0.55781,1.10084,1.08929,0.07681
125,"Honestly, Farmers never",euc_dmd,0.3,1,1,0.77827,0.12987,0.47621,0.47672,0.06391
125,"Honestly, Farmers never",euc_dmd,0.5,1,1,0.77827,0.12987,0.47621,0.47672,0.06391
125,"Honestly, Farmers never",euc_dmd,0.7,1,1,0.77827,0.12987,0.47621,0.47672,0.06391
125,"Honestly, Farmers never",euc_dmd,0.9,1,2,0.99755,0.39603,1.33895,1.32545,0.08085
125,"Honestly, Farmers never",euc_dmd,0.99,1,2,0.99755,0.39603,1.33895,1.32545,0.08085
125,"Honestly, Farmers never",cau_dmd,0.3,1,7,0.34495,0.1427,0.23973,0.24127,0.03423
125,"Honestly, Farmers never",cau_dmd,0.5,1,9,0.5586,0.13798,0.32784,0.3286,0.03348
125,"Honestly, Farmers never",cau_dmd,0.7,1,11,0.74954,0.15332,0.41857,0.418,0.05142
125,"Honestly, Farmers never",cau_dmd,0.9,1,14,0.91341,0.20659,0.60337,0.59969,0.05027
125,"Honestly, Farmers never",cau_dmd,0.99,1,20,0.99155,0.34315,1.29873,1.28456,0.07399
125,"Honestly, Farmers never",dua_dmd,0.3,1,1,0.58705,0.41623,0.1537,0.1558,0.05911
125,"Honestly, Farmers never",dua_dmd,0.5,1,1,0.58705,0.41623,0.1537,0.1558,0.05911
125,"Honestly, Farmers never",dua_dmd,0.7,1,2,0.9206,0.48732,0.48708,0.48611,0.06971
125,"Honestly, Farmers never",dua_dmd,0.9,1,2,0.9206,0.48732,0.48708,0.48611,0.06971
125,"Honestly, Farmers never",dua_dmd,0.99,1,4,0.99608,0.53466,1.53486,1.51734,0.07106
268,"At home, You usually",euc_ctx,0.3,1,7,0.42295,0.22415,0.82713,0.83879,0.21207
268,"At home, You usually",euc_ctx,0.5,1,8,0.64108,0.2386,0.93462,0.94538,0.20912
268,"At home, You usually",euc_ctx,0.7,1,9,0.81011,0.28181,1.00812,1.01718,0.20055
268,"At home, You usually",euc_ctx,0.9,1,10,0.9088,0.34595,1.09252,1.09906,0.09205
268,"At home, You usually",euc_ctx,0.99,1,13,0.99098,0.54435,1.63071,1.62541,0.081
268,"At home, You usually",cau_ctx,0.3,0,,,,,,
268,"At home, You usually",cau_ctx,0.5,0,,,,,,
268,"At home, You usually",cau_ctx,0.7,0,,,,,,
268,"At home, You usually",cau_ctx,0.9,0,,,,,,
268,"At home, You usually",cau_ctx,0.99,0,,,,,,
268,"At home, You usually",dua_ctx,0.3,1,33,0.30236,0.51297,0.66592,0.65619,0.02081
268,"At home, You usually",dua_ctx,0.5,1,48,0.50344,0.48478,1.36768,1.33571,0.02608
268,"At home, You usually",dua_ctx,0.7,1,63,0.70363,0.46522,2.2962,2.23818,0.03298
268,"At home, You usually",dua_ctx,0.9,1,84,0.90506,0.46565,3.75788,3.66767,0.05753
268,"At home, You usually",dua_ctx,0.99,1,112,0.99132,0.51208,6.13362,6.01549,0.08914
268,"At home, You usually",euc_unemb,0.3,1,2,0.96498,0.36558,1.57034,1.57829,0.22835
268,"At home, You usually",euc_unemb,0.5,1,2,0.96498,0.36558,1.57034,1.57829,0.22835
268,"At home, You usually",euc_unemb,0.7,1,2,0.96498,0.36558,1.57034,1.57829,0.22835
268,"At home, You usually",euc_unemb,0.9,1,2,0.96498,0.36558,1.57034,1.57829,0.22835
268,"At home, You usually",euc_unemb,0.99,1,3,0.99979,0.56083,3.49663,3.47729,0.22352
268,"At home, You usually",cau_unemb,0.3,1,32,0.30829,0.20681,0.72322,0.73415,0.19704
268,"At home, You usually",cau_unemb,0.5,1,37,0.53201,0.20033,0.8593,0.86956,0.2017
268,"At home, You usually",cau_unemb,0.7,1,41,0.70531,0.21517,0.94343,0.95255,0.2121
268,"At home, You usually",cau_unemb,0.9,1,49,0.91282,0.28592,1.1231,1.12824,0.2151
268,"At home, You usually",cau_unemb,0.99,1,62,0.99105,0.41304,1.66694,1.66117,0.1798
268,"At home, You usually",dua_unemb,0.3,1,2,0.62215,0.59212,0.31219,0.31462,0.05282
268,"At home, You usually",dua_unemb,0.5,1,2,0.62215,0.59212,0.31219,0.31462,0.05282
268,"At home, You usually",dua_unemb,0.7,1,3,0.87152,0.6222,0.66305,0.65817,0.06419
268,"At home, You usually",dua_unemb,0.9,1,4,0.96318,0.64157,1.19597,1.17833,0.14623
268,"At home, You usually",dua_unemb,0.99,1,5,0.99365,0.65373,2.0265,1.9913,0.14755
268,"At home, You usually",euc_dmd,0.3,1,2,0.95304,0.27716,1.56466,1.57279,0.22532
268,"At home, You usually",euc_dmd,0.5,1,2,0.95304,0.27716,1.56466,1.57279,0.22532
268,"At home, You usually",euc_dmd,0.7,1,2,0.95304,0.27716,1.56466,1.57279,0.22532
268,"At home, You usually",euc_dmd,0.9,1,2,0.95304,0.27716,1.56466,1.57279,0.22532
268,"At home, You usually",euc_dmd,0.99,1,3,0.99951,0.49571,3.01676,3.00248,0.20122
268,"At home, You usually",cau_dmd,0.3,1,14,0.36693,0.20195,0.91202,0.92428,0.22144
268,"At home, You usually",cau_dmd,0.5,1,16,0.57641,0.20687,1.03593,1.04748,0.21217
268,"At home, You usually",cau_dmd,0.7,1,18,0.75882,0.23485,1.15877,1.1688,0.09783
268,"At home, You usually",cau_dmd,0.9,1,21,0.91496,0.30521,1.40432,1.41047,0.09156
268,"At home, You usually",cau_dmd,0.99,1,27,0.99137,0.42636,2.23846,2.23177,0.08849
268,"At home, You usually",dua_dmd,0.3,1,2,0.68547,0.59059,0.36022,0.36251,0.05103
268,"At home, You usually",dua_dmd,0.5,1,2,0.68547,0.59059,0.36022,0.36251,0.05103
268,"At home, You usually",dua_dmd,0.7,1,3,0.93009,0.60409,0.79793,0.79535,0.07468
268,"At home, You usually",dua_dmd,0.9,1,3,0.93009,0.60409,0.79793,0.79535,0.07468
268,"At home, You usually",dua_dmd,0.99,1,4,0.99353,0.61902,1.52777,1.51583,0.07788
219,"Usually, Both of them usually",euc_ctx,0.3,1,5,0.38002,0.22065,0.4397,0.44862,0.10971
219,"Usually, Both of them usually",euc_ctx,0.5,1,6,0.5821,0.22136,0.55857,0.56751,0.11105
219,"Usually, Both of them usually",euc_ctx,0.7,1,7,0.75799,0.2458,0.66197,0.67031,0.04607
219,"Usually, Both of them usually",euc_ctx,0.9,1,9,0.93828,0.34691,0.9016,0.90689,0.03957
219,"Usually, Both of them usually",euc_ctx,0.99,1,12,0.99301,0.51565,1.53045,1.52723,0.03685
219,"Usually, Both of them usually",cau_ctx,0.3,0,,,,,,
219,"Usually, Both of them usually",cau_ctx,0.5,0,,,,,,
219,"Usually, Both of them usually",cau_ctx,0.7,0,,,,,,
219,"Usually, Both of them usually",cau_ctx,0.9,0,,,,,,
219,"Usually, Both of them usually",cau_ctx,0.99,0,,,,,,
219,"Usually, Both of them usually",dua_ctx,0.3,1,33,0.30307,0.43027,0.70016,0.70088,0.01376
219,"Usually, Both of them usually",dua_ctx,0.5,1,50,0.5024,0.41326,1.63136,1.61614,0.02183
219,"Usually, Both of them usually",dua_ctx,0.7,1,67,0.70754,0.40832,2.91428,2.87739,0.0308
219,"Usually, Both of them usually",dua_ctx,0.9,1,87,0.90687,0.42121,4.7672,4.7031,0.0418
219,"Usually, Both of them usually",dua_ctx,0.99,1,109,0.99016,0.47373,6.93896,6.84864,0.03638
219,"Usually, Both of them usually",euc_unemb,0.3,1,1,0.441,0.1863,0.51041,0.52038,0.1168
219,"Usually, Both of them usually",euc_unemb,0.5,1,2,0.98582,0.34352,1.49566,1.49728,0.15357
219,"Usually, Both of them usually",euc_unemb,0.7,1,2,0.98582,0.34352,1.49566,1.49728,0.15357
219,"Usually, Both of them usually",euc_unemb,0.9,1,2,0.98582,0.34352,1.49566,1.49728,0.15357
219,"Usually, Both of them usually",euc_unemb,0.99,1,3,0.99984,0.41993,3.485,3.46416,0.17075
219,"Usually, Both of them usually",cau_unemb,0.3,1,23,0.31336,0.23329,0.28934,0.29702,0.04461
219,"Usually, Both of them usually",cau_unemb,0.5,1,28,0.51392,0.23041,0.3757,0.38353,0.04684
219,"Usually, Both of them usually",cau_unemb,0.7,1,33,0.70919,0.25265,0.45541,0.46268,0.04707
219,"Usually, Both of them usually",cau_unemb,0.9,1,41,0.90189,0.32978,0.62394,0.62869,0.03997
219,"Usually, Both of them usually",cau_unemb,0.99,1,56,0.9907,0.4852,1.26214,1.25731,0.0426
219,"Usually, Both of them usually",dua_unemb,0.3,1,2,0.71214,0.50115,0.38702,0.39047,0.02437
219,"Usually, Both of them usually",dua_unemb,0.5,1,2,0.71214,0.50115,0.38702,0.39047,0.02437
219,"Usually, Both of them usually",dua_unemb,0.7,1,2,0.71214,0.50115,0.38702,0.39047,0.02437
219,"Usually, Both of them usually",dua_unemb,0.9,1,3,0.91287,0.53709,0.874,0.87116,0.0357
219,"Usually, Both of them usually",dua_unemb,0.99,1,5,0.99635,0.57249,2.42788,2.40257,0.0374
219,"Usually, Both of them usually",euc_dmd,0.3,1,1,0.44709,0.15864,0.61029,0.61836,0.14883
219,"Usually, Both of them usually",euc_dmd,0.5,1,2,0.98386,0.28954,1.39463,1.39493,0.13551
219,"Usually, Both of them usually",euc_dmd,0.7,1,2,0.98386,0.28954,1.39463,1.39493,0.13551
219,"Usually, Both of them usually",euc_dmd,0.9,1,2,0.98386,0.28954,1.39463,1.39493,0.13551
219,"Usually, Both of them usually",euc_dmd,0.99,1,3,0.99973,0.44435,2.85636,2.83833,0.14675
219,"Usually, Both of them usually",cau_dmd,0.3,1,10,0.36365,0.19727,0.45478,0.46184,0.1177
219,"Usually, Both of them usually",cau_dmd,0.5,1,12,0.55837,0.19444,0.56211,0.56887,0.11905
219,"Usually, Both of them usually",cau_dmd,0.7,1,14,0.73421,0.2119,0.6618,0.66767,0.11852
219,"Usually, Both of them usually",cau_dmd,0.9,1,18,0.92688,0.29145,0.91843,0.92072,0.0464
219,"Usually, Both of them usually",cau_dmd,0.99,1,24,0.99121,0.42627,1.58579,1.57868,0.0431
219,"Usually, Both of them usually",dua_dmd,0.3,1,2,0.82199,0.52261,0.46524,0.46729,0.03702
219,"Usually, Both of them usually",dua_dmd,0.5,1,2,0.82199,0.52261,0.46524,0.46729,0.03702
219,"Usually, Both of them usually",dua_dmd,0.7,1,2,0.82199,0.52261,0.46524,0.46729,0.03702
219,"Usually, Both of them usually",dua_dmd,0.9,1,3,0.97629,0.54384,1.06514,1.06172,0.03951
219,"Usually, Both of them usually",dua_dmd,0.99,1,4,0.99826,0.5611,1.93312,1.92181,0.04039
68,"Honestly, We still",euc_ctx,0.3,1,7,0.34259,0.16643,0.91853,0.92767,0.2879
68,"Honestly, We still",euc_ctx,0.5,1,8,0.5654,0.1642,1.0397,1.04799,0.29104
68,"Honestly, We still",euc_ctx,0.7,1,9,0.76299,0.18768,1.0954,1.10228,0.29604
68,"Honestly, We still",euc_ctx,0.9,1,11,0.95019,0.29997,1.1674,1.16965,0.0957
68,"Honestly, We still",euc_ctx,0.99,1,13,0.99073,0.44586,1.39098,1.38605,0.0778
68,"Honestly, We still",cau_ctx,0.3,0,,,,,,
68,"Honestly, We still",cau_ctx,0.5,0,,,,,,
68,"Honestly, We still",cau_ctx,0.7,0,,,,,,
68,"Honestly, We still",cau_ctx,0.9,0,,,,,,
68,"Honestly, We still",cau_ctx,0.99,0,,,,,,
68,"Honestly, We still",dua_ctx,0.3,1,37,0.30587,0.5217,0.63117,0.60419,0.04425
68,"Honestly, We still",dua_ctx,0.5,1,56,0.50091,0.52051,1.28597,1.22423,0.05688
68,"Honestly, We still",dua_ctx,0.7,1,77,0.70039,0.52824,2.06167,1.96953,0.06319
68,"Honestly, We still",dua_ctx,0.9,1,102,0.90345,0.5433,3.17333,3.05778,0.06643
68,"Honestly, We still",dua_ctx,0.99,1,127,0.99219,0.58197,5.17443,5.04653,0.08466
68,"Honestly, We still",euc_unemb,0.3,1,2,0.89088,0.14472,1.74803,1.75357,0.38713
68,"Honestly, We still",euc_unemb,0.5,1,2,0.89088,0.14472,1.74803,1.75357,0.38713
68,"Honestly, We still",euc_unemb,0.7,1,2,0.89088,0.14472,1.74803,1.75357,0.38713
68,"Honestly, We still",euc_unemb,0.9,1,3,0.99901,0.36808,2.9543,2.93946,0.37194
68,"Honestly, We still",euc_unemb,0.99,1,3,0.99901,0.36808,2.9543,2.93946,0.37194
68,"Honestly, We still",cau_unemb,0.3,1,35,0.32027,0.13978,0.96635,0.97364,0.28975
68,"Honestly, We still",cau_unemb,0.5,1,40,0.53698,0.13169,1.0904,1.09651,0.30683
68,"Honestly, We still",cau_unemb,0.7,1,44,0.70359,0.13958,1.14922,1.15398,0.26362
68,"Honestly, We still",cau_unemb,0.9,1,52,0.90769,0.18766,1.23652,1.23749,0.26474
68,"Honestly, We still",cau_unemb,0.99,1,66,0.99134,0.31336,1.57507,1.56562,0.30793
68,"Honestly, We still",dua_unemb,0.3,1,2,0.32061,0.5479,0.15251,0.15663,0.0422
68,"Honestly, We still",dua_unemb,0.5,1,3,0.56156,0.56441,0.36837,0.36415,0.04493
68,"Honestly, We still",dua_unemb,0.7,1,5,0.76185,0.57826,0.84897,0.81622,0.0695
68,"Honestly, We still",dua_unemb,0.9,1,8,0.93448,0.58504,1.89339,1.80642,0.08171
68,"Honestly, We still",dua_unemb,0.99,1,11,0.99457,0.59426,3.50383,3.38139,0.09465
68,"Honestly, We still",euc_dmd,0.3,1,2,0.91137,0.09389,1.87729,1.8806,0.39044
68,"Honestly, We still",euc_dmd,0.5,1,2,0.91137,0.09389,1.87729,1.8806,0.39044
68,"Honestly, We still",euc_dmd,0.7,1,2,0.91137,0.09389,1.87729,1.8806,0.39044
68,"Honestly, We still",euc_dmd,0.9,1,2,0.91137,0.09389,1.87729,1.8806,0.39044
68,"Honestly, We still",euc_dmd,0.99,1,3,0.99898,0.22988,2.65361,2.63983,0.31471
68,"Honestly, We still",cau_dmd,0.3,1,13,0.3037,0.11895,1.1755,1.18493,0.33969
68,"Honestly, We still",cau_dmd,0.5,1,15,0.52789,0.10833,1.34293,1.35132,0.35143
68,"Honestly, We still",cau_dmd,0.7,1,17,0.73853,0.11652,1.45523,1.46203,0.31609
68,"Honestly, We still",cau_dmd,0.9,1,20,0.91679,0.15628,1.60566,1.60896,0.26538
68,"Honestly, We still",cau_dmd,0.99,1,26,0.99343,0.26709,2.14474,2.13675,0.10802
68,"Honestly, We still",dua_dmd,0.3,1,2,0.43282,0.54858,0.19868,0.20263,0.04308
68,"Honestly, We still",dua_dmd,0.5,1,3,0.70622,0.55908,0.45132,0.44809,0.05378
68,"Honestly, We still",dua_dmd,0.7,1,3,0.70622,0.55908,0.45132,0.44809,0.05378
68,"Honestly, We still",dua_dmd,0.9,1,5,0.91321,0.57215,1.02412,0.99547,0.06655
68,"Honestly, We still",dua_dmd,0.99,1,8,0.99404,0.58859,2.87711,2.80243,0.07587
257,"Usually, The workers rarely",euc_ctx,0.3,1,5,0.34563,0.16718,0.59972,0.6064,0.12813
257,"Usually, The workers rarely",euc_ctx,0.5,1,6,0.57384,0.16486,0.72786,0.73401,0.12923
257,"Usually, The workers rarely",euc_ctx,0.7,1,7,0.77148,0.18988,0.80926,0.81433,0.12173
257,"Usually, The workers rarely",euc_ctx,0.9,1,9,0.9522,0.30852,0.96711,0.96817,0.09843
257,"Usually, The workers rarely",euc_ctx,0.99,1,11,0.99067,0.46319,1.29723,1.29173,0.06298
257,"Usually, The workers rarely",cau_ctx,0.3,0,,,,,,
257,"Usually, The workers rarely",cau_ctx,0.5,0,,,,,,
257,"Usually, The workers rarely",cau_ctx,0.7,0,,,,,,
257,"Usually, The workers rarely",cau_ctx,0.9,0,,,,,,
257,"Usually, The workers rarely",cau_ctx,0.99,0,,,,,,
257,"Usually, The workers rarely",dua_ctx,0.3,1,28,0.30669,0.43008,0.59035,0.58803,0.07165
257,"Usually, The workers rarely",dua_ctx,0.5,1,41,0.50771,0.40696,1.2742,1.25726,0.07963
257,"Usually, The workers rarely",dua_ctx,0.7,1,54,0.70332,0.3985,2.22631,2.18942,0.07889
257,"Usually, The workers rarely",dua_ctx,0.9,1,77,0.90484,0.4322,4.49036,4.41723,0.09738
257,"Usually, The workers rarely",dua_ctx,0.99,1,108,0.99047,0.52362,7.02544,6.91671,0.0896
257,"Usually, The workers rarely",euc_unemb,0.3,1,1,0.42302,0.14771,0.65419,0.66306,0.12275
257,"Usually, The workers rarely",euc_unemb,0.5,1,2,0.99313,0.35289,1.65177,1.649,0.11635
257,"Usually, The workers rarely",euc_unemb,0.7,1,2,0.99313,0.35289,1.65177,1.649,0.11635
257,"Usually, The workers rarely",euc_unemb,0.9,1,2,0.99313,0.35289,1.65177,1.649,0.11635
257,"Usually, The workers rarely",euc_unemb,0.99,1,2,0.99313,0.35289,1.65177,1.649,0.11635
257,"Usually, The workers rarely",cau_unemb,0.3,1,25,0.3412,0.19945,0.40293,0.41047,0.1025
257,"Usually, The workers rarely",cau_unemb,0.5,1,29,0.52638,0.20134,0.47423,0.48161,0.11454
257,"Usually, The workers rarely",cau_unemb,0.7,1,33,0.70402,0.22353,0.53821,0.54494,0.11215
257,"Usually, The workers rarely",cau_unemb,0.9,1,41,0.91525,0.31972,0.71351,0.71716,0.0796
257,"Usually, The workers rarely",cau_unemb,0.99,1,53,0.9903,0.48318,1.2699,1.26438,0.08009
257,"Usually, The workers rarely",dua_unemb,0.3,1,2,0.75399,0.53526,0.42571,0.42669,0.05822
257,"Usually, The workers rarely",dua_unemb,0.5,1,2,0.75399,0.53526,0.42571,0.42669,0.05822
257,"Usually, The workers rarely",dua_unemb,0.7,1,2,0.75399,0.53526,0.42571,0.42669,0.05822
257,"Usually, The workers rarely",dua_unemb,0.9,1,3,0.94725,0.5801,0.97216,0.96386,0.06636
257,"Usually, The workers rarely",dua_unemb,0.99,1,4,0.9926,0.60744,1.82277,1.80065,0.07162
257,"Usually, The workers rarely",euc_dmd,0.3,1,1,0.41495,0.11408,0.81639,0.82273,0.13376
257,"Usually, The workers rarely",euc_dmd,0.5,1,2,0.99087,0.26095,1.6006,1.59673,0.1105
257,"Usually, The workers rarely",euc_dmd,0.7,1,2,0.99087,0.26095,1.6006,1.59673,0.1105
257,"Usually, The workers rarely",euc_dmd,0.9,1,2,0.99087,0.26095,1.6006,1.59673,0.1105
257,"Usually, The workers rarely",euc_dmd,0.99,1,2,0.99087,0.26095,1.6006,1.59673,0.1105
257,"Usually, The workers rarely",cau_dmd,0.3,1,11,0.38404,0.15296,0.64925,0.65493,0.12345
257,"Usually, The workers rarely",cau_dmd,0.5,1,13,0.5997,0.15344,0.7801,0.78491,0.12397
257,"Usually, The workers rarely",cau_dmd,0.7,1,15,0.78072,0.17483,0.90436,0.90771,0.11908
257,"Usually, The workers rarely",cau_dmd,0.9,1,18,0.92743,0.2376,1.12471,1.12465,0.0985
257,"Usually, The workers rarely",cau_dmd,0.99,1,23,0.99029,0.36341,1.70096,1.69198,0.0807
257,"Usually, The workers rarely",dua_dmd,0.3,1,2,0.81267,0.54758,0.44165,0.44225,0.08834
257,"Usually, The workers rarely",dua_dmd,0.5,1,2,0.81267,0.54758,0.44165,0.44225,0.08834
257,"Usually, The workers rarely",dua_dmd,0.7,1,2,0.81267,0.54758,0.44165,0.44225,0.08834
257,"Usually, The workers rarely",dua_dmd,0.9,1,3,0.96047,0.56729,0.98375,0.97885,0.09617
257,"Usually, The workers rarely",dua_dmd,0.99,1,4,0.99377,0.58467,1.78379,1.77049,0.09836
