ctx_id,text,method,level,reached,step,P1,cf,kl,kl99,rd,cf0,cf_dev,kl_bin,kl_pair,kl_neu
77,".
Holder Close in Shinfield, Reading consists predominantly of detached houses. Properties on Holder Close typically",euc_ctx,0.3,1,24,0.3093,0.61102,0.48217,0.48352,0.08147,0.82729,0.21627,0.11046,0.24632,0.12538
77,".
Holder Close in Shinfield, Reading consists predominantly of detached houses. Properties on Holder Close typically",euc_ctx,0.5,1,28,0.54263,0.6247,0.50113,0.4995,0.08726,0.82729,0.2026,0.09834,0.22095,0.18185
77,".
Holder Close in Shinfield, Reading consists predominantly of detached houses. Properties on Holder Close typically",euc_ctx,0.7,1,31,0.70899,0.65426,0.50649,0.50147,0.08743,0.82729,0.17303,0.07425,0.19506,0.23718
77,".
Holder Close in Shinfield, Reading consists predominantly of detached houses. Properties on Holder Close typically",euc_ctx,0.9,1,37,0.90924,0.72364,0.62036,0.6059,0.07413,0.82729,0.10365,0.02955,0.20302,0.38779
77,".
Holder Close in Shinfield, Reading consists predominantly of detached houses. Properties on Holder Close typically",euc_ctx,0.99,1,47,0.99011,0.78302,1.08054,1.04617,0.0654,0.82729,0.04427,0.00609,0.33508,0.73937
77,".
Holder Close in Shinfield, Reading consists predominantly of detached houses. Properties on Holder Close typically",cau_ctx,0.3,1,44,0.32715,0.63673,0.66207,0.66268,0.36342,0.82729,0.19057,0.08818,0.40171,0.17218
77,".
Holder Close in Shinfield, Reading consists predominantly of detached houses. Properties on Holder Close typically",cau_ctx,0.5,1,50,0.51307,0.62644,0.77883,0.77648,0.3677,0.82729,0.20086,0.09684,0.4379,0.24409
77,".
Holder Close in Shinfield, Reading consists predominantly of detached houses. Properties on Holder Close typically",cau_ctx,0.7,1,57,0.71798,0.62812,0.89606,0.88872,0.37077,0.82729,0.19917,0.0954,0.44904,0.35162
77,".
Holder Close in Shinfield, Reading consists predominantly of detached houses. Properties on Holder Close typically",cau_ctx,0.9,1,68,0.90811,0.64227,1.12958,1.11178,0.09591,0.82729,0.18502,0.08367,0.4803,0.56561
77,".
Holder Close in Shinfield, Reading consists predominantly of detached houses. Properties on Holder Close typically",cau_ctx,0.99,1,87,0.99017,0.65294,1.7425,1.70281,0.10113,0.82729,0.17436,0.07527,0.65463,1.0126
77,".
Holder Close in Shinfield, Reading consists predominantly of detached houses. Properties on Holder Close typically",dua_ctx,0.3,1,36,0.30855,0.70941,0.29156,0.28626,0.05677,0.82729,0.11789,0.03732,0.07108,0.18316
77,".
Holder Close in Shinfield, Reading consists predominantly of detached houses. Properties on Holder Close typically",dua_ctx,0.5,1,47,0.50623,0.69418,0.47434,0.46067,0.05703,0.82729,0.13312,0.04645,0.11132,0.31657
77,".
Holder Close in Shinfield, Reading consists predominantly of detached houses. Properties on Holder Close typically",dua_ctx,0.7,1,59,0.70947,0.69049,0.70844,0.68313,0.06231,0.82729,0.1368,0.04878,0.14922,0.51045
77,".
Holder Close in Shinfield, Reading consists predominantly of detached houses. Properties on Holder Close typically",dua_ctx,0.9,1,73,0.90014,0.69802,1.04343,1.00124,0.06484,0.82729,0.12927,0.04406,0.18575,0.81362
77,".
Holder Close in Shinfield, Reading consists predominantly of detached houses. Properties on Holder Close typically",dua_ctx,0.99,1,88,0.9916,0.7174,1.50157,1.43673,0.0674,0.82729,0.10989,0.03286,0.22027,1.24844
77,".
Holder Close in Shinfield, Reading consists predominantly of detached houses. Properties on Holder Close typically",euc_unemb,0.3,1,13,0.37272,0.67589,0.20761,0.21245,0.00497,0.82729,0.1514,0.0585,0.06698,0.08213
77,".
Holder Close in Shinfield, Reading consists predominantly of detached houses. Properties on Holder Close typically",euc_unemb,0.5,1,14,0.50152,0.68596,0.25685,0.2605,0.00525,0.82729,0.14133,0.05172,0.09967,0.10545
77,".
Holder Close in Shinfield, Reading consists predominantly of detached houses. Properties on Holder Close typically",euc_unemb,0.7,1,16,0.74319,0.72459,0.43395,0.43353,0.32733,0.82729,0.1027,0.02906,0.23257,0.17232
77,".
Holder Close in Shinfield, Reading consists predominantly of detached houses. Properties on Holder Close typically",euc_unemb,0.9,1,19,0.93405,0.78229,0.86003,0.84987,0.35247,0.82729,0.045,0.00628,0.52073,0.33301
77,".
Holder Close in Shinfield, Reading consists predominantly of detached houses. Properties on Holder Close typically",euc_unemb,0.99,1,23,0.99155,0.81344,1.53856,1.51229,0.36259,0.82729,0.01385,0.00064,0.90483,0.63308
77,".
Holder Close in Shinfield, Reading consists predominantly of detached houses. Properties on Holder Close typically",cau_unemb,0.3,1,14,0.33515,0.65005,0.3099,0.31591,0.33195,0.82729,0.17724,0.0775,0.1596,0.0728
77,".
Holder Close in Shinfield, Reading consists predominantly of detached houses. Properties on Holder Close typically",cau_unemb,0.5,1,16,0.55116,0.6848,0.32586,0.32991,0.3217,0.82729,0.14249,0.05248,0.16943,0.10394
77,".
Holder Close in Shinfield, Reading consists predominantly of detached houses. Properties on Holder Close typically",cau_unemb,0.7,1,18,0.74729,0.74224,0.37164,0.37214,0.32201,0.82729,0.08505,0.02059,0.20268,0.14837
77,".
Holder Close in Shinfield, Reading consists predominantly of detached houses. Properties on Holder Close typically",cau_unemb,0.9,1,21,0.91543,0.82368,0.56333,0.55587,0.33041,0.82729,0.00361,5e-05,0.31258,0.25071
77,".
Holder Close in Shinfield, Reading consists predominantly of detached houses. Properties on Holder Close typically",cau_unemb,0.99,1,27,0.99274,0.89174,1.2604,1.23239,0.36311,0.82729,0.06444,0.0186,0.65418,0.58762
77,".
Holder Close in Shinfield, Reading consists predominantly of detached houses. Properties on Holder Close typically",dua_unemb,0.3,1,15,0.31698,0.7787,0.10318,0.1039,0.00475,0.82729,0.04859,0.00726,0.01515,0.08077
77,".
Holder Close in Shinfield, Reading consists predominantly of detached houses. Properties on Holder Close typically",dua_unemb,0.5,1,20,0.53138,0.80083,0.22647,0.21988,0.00852,0.82729,0.02646,0.00227,0.04365,0.18054
77,".
Holder Close in Shinfield, Reading consists predominantly of detached houses. Properties on Holder Close typically",dua_unemb,0.7,1,26,0.70775,0.81868,0.47018,0.45079,0.01479,0.82729,0.00861,0.00025,0.09279,0.37714
77,".
Holder Close in Shinfield, Reading consists predominantly of detached houses. Properties on Holder Close typically",dua_unemb,0.9,1,35,0.90795,0.81251,1.04432,0.99983,0.038,0.82729,0.01478,0.00073,0.19788,0.8457
77,".
Holder Close in Shinfield, Reading consists predominantly of detached houses. Properties on Holder Close typically",dua_unemb,0.99,1,43,0.99208,0.79552,1.76822,1.69534,0.05131,0.82729,0.03177,0.00323,0.33517,1.42982
77,".
Holder Close in Shinfield, Reading consists predominantly of detached houses. Properties on Holder Close typically",euc_dmd,0.3,1,12,0.40676,0.82775,0.22797,0.2259,0.05213,0.82729,0.00046,0.0,0.14553,0.08244
77,".
Holder Close in Shinfield, Reading consists predominantly of detached houses. Properties on Holder Close typically",euc_dmd,0.5,1,13,0.55608,0.84843,0.29727,0.29286,0.05228,0.82729,0.02114,0.00168,0.18821,0.10738
77,".
Holder Close in Shinfield, Reading consists predominantly of detached houses. Properties on Holder Close typically",euc_dmd,0.7,1,15,0.80765,0.89667,0.52209,0.51061,0.01173,0.82729,0.06938,0.0221,0.32096,0.17903
77,".
Holder Close in Shinfield, Reading consists predominantly of detached houses. Properties on Holder Close typically",euc_dmd,0.9,1,17,0.9339,0.93313,0.85234,0.8314,0.03052,0.82729,0.10584,0.06428,0.50304,0.28502
77,".
Holder Close in Shinfield, Reading consists predominantly of detached houses. Properties on Holder Close typically",euc_dmd,0.99,1,21,0.99383,0.96556,1.65154,1.60905,0.07681,0.82729,0.13826,0.1506,0.91843,0.58252
77,".
Holder Close in Shinfield, Reading consists predominantly of detached houses. Properties on Holder Close typically",cau_dmd,0.3,1,12,0.3309,0.78946,0.13291,0.13468,0.05151,0.82729,0.03783,0.00452,0.07941,0.04898
77,".
Holder Close in Shinfield, Reading consists predominantly of detached houses. Properties on Holder Close typically",cau_dmd,0.5,1,14,0.61159,0.84545,0.21976,0.21771,0.05231,0.82729,0.01815,0.00122,0.14567,0.07287
77,".
Holder Close in Shinfield, Reading consists predominantly of detached houses. Properties on Holder Close typically",cau_dmd,0.7,1,15,0.73746,0.87964,0.31481,0.30971,0.05281,0.82729,0.05234,0.01161,0.21444,0.08877
77,".
Holder Close in Shinfield, Reading consists predominantly of detached houses. Properties on Holder Close typically",cau_dmd,0.9,1,18,0.94064,0.95446,0.80026,0.78252,0.05308,0.82729,0.12717,0.11194,0.52705,0.16127
77,".
Holder Close in Shinfield, Reading consists predominantly of detached houses. Properties on Holder Close typically",cau_dmd,0.99,1,22,0.9936,0.98608,1.62635,1.58841,0.01691,0.82729,0.15879,0.28973,0.99742,0.33921
77,".
Holder Close in Shinfield, Reading consists predominantly of detached houses. Properties on Holder Close typically",dua_dmd,0.3,1,14,0.3404,0.81274,0.11155,0.10895,0.00671,0.82729,0.01455,0.00071,0.03784,0.073
77,".
Holder Close in Shinfield, Reading consists predominantly of detached houses. Properties on Holder Close typically",dua_dmd,0.5,1,17,0.51708,0.83096,0.18895,0.18144,0.00652,0.82729,0.00366,5e-05,0.06881,0.12009
77,".
Holder Close in Shinfield, Reading consists predominantly of detached houses. Properties on Holder Close typically",dua_dmd,0.7,1,21,0.72216,0.85926,0.34193,0.32546,0.01112,0.82729,0.03197,0.00399,0.12742,0.21052
77,".
Holder Close in Shinfield, Reading consists predominantly of detached houses. Properties on Holder Close typically",dua_dmd,0.9,1,27,0.92009,0.89762,0.71029,0.6752,0.02589,0.82729,0.07032,0.02281,0.25053,0.43695
77,".
Holder Close in Shinfield, Reading consists predominantly of detached houses. Properties on Holder Close typically",dua_dmd,0.99,1,35,0.99289,0.91927,1.548,1.48005,0.04463,0.82729,0.09198,0.04413,0.51535,0.98851
134," few friends, make it a date or come solo. Follow our instructor step-by-step to",euc_ctx,0.3,1,27,0.30649,0.4178,0.71157,0.72165,0.05782,0.80166,0.38386,0.30884,0.16325,0.23948
134," few friends, make it a date or come solo. Follow our instructor step-by-step to",euc_ctx,0.5,1,30,0.52527,0.41333,0.87229,0.88084,0.06082,0.80166,0.38832,0.31594,0.255,0.30136
134," few friends, make it a date or come solo. Follow our instructor step-by-step to",euc_ctx,0.7,1,33,0.73453,0.44795,0.99806,1.00401,0.06349,0.80166,0.3537,0.26352,0.36225,0.37229
134," few friends, make it a date or come solo. Follow our instructor step-by-step to",euc_ctx,0.9,1,37,0.90356,0.53496,1.12604,1.1269,0.07752,0.80166,0.2667,0.15525,0.48762,0.48316
134," few friends, make it a date or come solo. Follow our instructor step-by-step to",euc_ctx,0.99,1,45,0.99067,0.70047,1.42275,1.40942,0.06831,0.80166,0.10118,0.0264,0.62786,0.76849
134," few friends, make it a date or come solo. Follow our instructor step-by-step to",cau_ctx,0.3,1,55,0.32717,0.46606,0.91192,0.91663,0.06043,0.80166,0.33559,0.23837,0.219,0.45455
134," few friends, make it a date or come solo. Follow our instructor step-by-step to",cau_ctx,0.5,1,60,0.51394,0.41816,1.20497,1.20683,0.06843,0.80166,0.3835,0.30828,0.3308,0.5659
134," few friends, make it a date or come solo. Follow our instructor step-by-step to",cau_ctx,0.7,1,66,0.72955,0.39097,1.56876,1.56592,0.07615,0.80166,0.41068,0.35311,0.50093,0.71473
134," few friends, make it a date or come solo. Follow our instructor step-by-step to",cau_ctx,0.9,1,74,0.90459,0.39325,2.00029,1.98958,0.37194,0.80166,0.4084,0.34919,0.71775,0.93335
134," few friends, make it a date or come solo. Follow our instructor step-by-step to",cau_ctx,0.99,1,89,0.9904,0.4326,2.6599,2.63192,0.08071,0.80166,0.36905,0.28604,0.99053,1.38333
134," few friends, make it a date or come solo. Follow our instructor step-by-step to",dua_ctx,0.3,1,45,0.30866,0.70667,0.50294,0.49979,0.04655,0.80166,0.09499,0.02349,0.10451,0.37493
134," few friends, make it a date or come solo. Follow our instructor step-by-step to",dua_ctx,0.5,1,58,0.50491,0.69313,0.96753,0.95233,0.0704,0.80166,0.10853,0.03005,0.23534,0.70214
134," few friends, make it a date or come solo. Follow our instructor step-by-step to",dua_ctx,0.7,1,72,0.71417,0.68337,1.59317,1.56137,0.06593,0.80166,0.11828,0.03521,0.42995,1.12802
134," few friends, make it a date or come solo. Follow our instructor step-by-step to",dua_ctx,0.9,1,87,0.90973,0.67851,2.32143,2.26852,0.06724,0.80166,0.12314,0.0379,0.62818,1.65534
134," few friends, make it a date or come solo. Follow our instructor step-by-step to",dua_ctx,0.99,1,100,0.99216,0.68755,3.00598,2.93107,0.06783,0.80166,0.1141,0.03295,0.75848,2.21455
134," few friends, make it a date or come solo. Follow our instructor step-by-step to",euc_unemb,0.3,1,14,0.39227,0.59194,0.22304,0.23219,0.04652,0.80166,0.20971,0.10003,0.05043,0.07257
134," few friends, make it a date or come solo. Follow our instructor step-by-step to",euc_unemb,0.5,1,15,0.54975,0.62667,0.23359,0.24164,0.04971,0.80166,0.17499,0.07197,0.07448,0.08714
134," few friends, make it a date or come solo. Follow our instructor step-by-step to",euc_unemb,0.7,1,17,0.81416,0.73731,0.278,0.28157,0.0567,0.80166,0.06435,0.01135,0.1377,0.12896
134," few friends, make it a date or come solo. Follow our instructor step-by-step to",euc_unemb,0.9,1,19,0.94034,0.83977,0.401,0.39734,0.05444,0.80166,0.03812,0.00509,0.1969,0.19901
134," few friends, make it a date or come solo. Follow our instructor step-by-step to",euc_unemb,0.99,1,22,0.99082,0.91405,0.69219,0.675,0.06081,0.80166,0.1124,0.06069,0.24822,0.38328
134," few friends, make it a date or come solo. Follow our instructor step-by-step to",cau_unemb,0.3,1,15,0.33707,0.40426,0.48012,0.4913,0.06257,0.80166,0.3974,0.3307,0.05119,0.09824
134," few friends, make it a date or come solo. Follow our instructor step-by-step to",cau_unemb,0.5,1,17,0.61554,0.45182,0.47342,0.48335,0.05736,0.80166,0.34983,0.25802,0.09111,0.12429
134," few friends, make it a date or come solo. Follow our instructor step-by-step to",cau_unemb,0.7,1,18,0.73974,0.50317,0.4463,0.45498,0.05818,0.80166,0.29849,0.19125,0.11576,0.13929
134," few friends, make it a date or come solo. Follow our instructor step-by-step to",cau_unemb,0.9,1,21,0.94087,0.70656,0.40179,0.40385,0.06246,0.80166,0.09509,0.02354,0.18057,0.19768
134," few friends, make it a date or come solo. Follow our instructor step-by-step to",cau_unemb,0.99,1,25,0.9937,0.88112,0.57883,0.56719,0.05789,0.80166,0.07947,0.02576,0.21692,0.33614
134," few friends, make it a date or come solo. Follow our instructor step-by-step to",dua_unemb,0.3,1,17,0.33132,0.77361,0.08407,0.08708,0.03102,0.80166,0.02805,0.00232,0.01628,0.06547
134," few friends, make it a date or come solo. Follow our instructor step-by-step to",dua_unemb,0.5,1,21,0.54706,0.79585,0.15463,0.15351,0.03366,0.80166,0.00581,0.0001,0.02792,0.1266
134," few friends, make it a date or come solo. Follow our instructor step-by-step to",dua_unemb,0.7,1,25,0.74066,0.81981,0.26925,0.2615,0.03633,0.80166,0.01816,0.00109,0.03954,0.22862
134," few friends, make it a date or come solo. Follow our instructor step-by-step to",dua_unemb,0.9,1,30,0.92054,0.8467,0.49763,0.47758,0.03829,0.80166,0.04505,0.00727,0.05029,0.44006
134," few friends, make it a date or come solo. Follow our instructor step-by-step to",dua_unemb,0.99,1,35,0.9924,0.86477,0.86336,0.82575,0.04852,0.80166,0.06311,0.01522,0.05762,0.79052
134," few friends, make it a date or come solo. Follow our instructor step-by-step to",euc_dmd,0.3,1,15,0.42922,0.68212,0.37498,0.37833,0.05979,0.80166,0.11954,0.03589,0.24096,0.09812
134," few friends, make it a date or come solo. Follow our instructor step-by-step to",euc_dmd,0.5,1,16,0.58021,0.71957,0.45274,0.45429,0.0476,0.80166,0.08209,0.01791,0.31903,0.1158
134," few friends, make it a date or come solo. Follow our instructor step-by-step to",euc_dmd,0.7,1,17,0.71778,0.76716,0.55047,0.54943,0.04958,0.80166,0.0345,0.00346,0.40974,0.13728
134," few friends, make it a date or come solo. Follow our instructor step-by-step to",euc_dmd,0.9,1,20,0.94103,0.89393,0.96152,0.94863,0.05801,0.80166,0.09227,0.0368,0.68562,0.23909
134," few friends, make it a date or come solo. Follow our instructor step-by-step to",euc_dmd,0.99,1,23,0.99021,0.94675,1.4571,1.4292,0.06167,0.80166,0.1451,0.12747,0.90402,0.42561
134," few friends, make it a date or come solo. Follow our instructor step-by-step to",cau_dmd,0.3,1,17,0.41656,0.4885,0.66456,0.67293,0.07274,0.80166,0.31315,0.20919,0.3497,0.10567
134," few friends, make it a date or come solo. Follow our instructor step-by-step to",cau_dmd,0.5,1,18,0.55797,0.5244,0.75884,0.76621,0.07377,0.80166,0.27726,0.16678,0.47487,0.11718
134," few friends, make it a date or come solo. Follow our instructor step-by-step to",cau_dmd,0.7,1,20,0.80046,0.64824,1.001,1.00469,0.35637,0.80166,0.15342,0.05665,0.80081,0.14355
134," few friends, make it a date or come solo. Follow our instructor step-by-step to",cau_dmd,0.9,1,22,0.92859,0.79003,1.33259,1.33013,0.35739,0.80166,0.01163,0.00041,1.15501,0.17716
134," few friends, make it a date or come solo. Follow our instructor step-by-step to",cau_dmd,0.99,1,26,0.99306,0.94325,2.18931,2.16956,0.34929,0.80166,0.14159,0.1178,1.78075,0.29076
134," few friends, make it a date or come solo. Follow our instructor step-by-step to",dua_dmd,0.3,1,18,0.33579,0.79834,0.18395,0.18344,0.04529,0.80166,0.00332,3e-05,0.12254,0.06138
134," few friends, make it a date or come solo. Follow our instructor step-by-step to",dua_dmd,0.5,1,22,0.51917,0.83554,0.34369,0.33761,0.03584,0.80166,0.03388,0.00397,0.22862,0.1111
134," few friends, make it a date or come solo. Follow our instructor step-by-step to",dua_dmd,0.7,1,27,0.71481,0.88113,0.64817,0.63166,0.04653,0.80166,0.07947,0.02577,0.40416,0.21824
134," few friends, make it a date or come solo. Follow our instructor step-by-step to",dua_dmd,0.9,1,34,0.91804,0.93183,1.29632,1.25737,0.05692,0.80166,0.13017,0.0912,0.70145,0.50367
134," few friends, make it a date or come solo. Follow our instructor step-by-step to",dua_dmd,0.99,1,40,0.99324,0.95457,2.06495,1.99819,0.0614,0.80166,0.15291,0.15237,0.93036,0.98222
569, are 2 in First Class and 4 in the Main Cabin. Although some states don’t,euc_ctx,0.3,1,24,0.36025,0.67586,0.2116,0.21356,0.00838,0.78088,0.10502,0.02699,0.01853,0.16608
569, are 2 in First Class and 4 in the Main Cabin. Although some states don’t,euc_ctx,0.5,1,26,0.50509,0.68077,0.26201,0.26239,0.00956,0.78088,0.10011,0.02468,0.02364,0.21369
569, are 2 in First Class and 4 in the Main Cabin. Although some states don’t,euc_ctx,0.7,1,29,0.7136,0.70132,0.35476,0.35154,0.01102,0.78088,0.07956,0.01604,0.03172,0.30701
569, are 2 in First Class and 4 in the Main Cabin. Although some states don’t,euc_ctx,0.9,1,34,0.917,0.74343,0.56762,0.55567,0.01436,0.78088,0.03745,0.00381,0.04023,0.52359
569, are 2 in First Class and 4 in the Main Cabin. Although some states don’t,euc_ctx,0.99,1,42,0.99175,0.77454,1.02744,0.9983,0.02417,0.78088,0.00635,0.00012,0.04809,0.97923
569, are 2 in First Class and 4 in the Main Cabin. Although some states don’t,cau_ctx,0.3,1,49,0.32007,0.70818,0.4295,0.42687,0.01599,0.78088,0.0727,0.01353,0.08282,0.33315
569, are 2 in First Class and 4 in the Main Cabin. Although some states don’t,cau_ctx,0.5,1,55,0.52207,0.67611,0.55827,0.55247,0.01693,0.78088,0.10477,0.02687,0.06344,0.46796
569, are 2 in First Class and 4 in the Main Cabin. Although some states don’t,cau_ctx,0.7,1,61,0.71717,0.6511,0.71762,0.70725,0.0191,0.78088,0.12978,0.04001,0.04484,0.63278
569, are 2 in First Class and 4 in the Main Cabin. Although some states don’t,cau_ctx,0.9,1,71,0.91188,0.62635,1.05185,1.03147,0.02333,0.78088,0.15453,0.05525,0.04116,0.95543
569, are 2 in First Class and 4 in the Main Cabin. Although some states don’t,cau_ctx,0.99,1,87,0.99008,0.59881,1.68999,1.65084,0.02623,0.78088,0.18207,0.07478,0.08278,1.53244
569, are 2 in First Class and 4 in the Main Cabin. Although some states don’t,dua_ctx,0.3,1,40,0.30157,0.74102,0.31173,0.30524,0.00945,0.78088,0.03986,0.00429,0.01312,0.29431
569, are 2 in First Class and 4 in the Main Cabin. Although some states don’t,dua_ctx,0.5,1,53,0.50099,0.71764,0.67234,0.65562,0.01509,0.78088,0.06324,0.01039,0.02252,0.63943
569, are 2 in First Class and 4 in the Main Cabin. Although some states don’t,dua_ctx,0.7,1,65,0.70191,0.69506,1.1193,1.08961,0.02459,0.78088,0.08582,0.01849,0.03962,1.06119
569, are 2 in First Class and 4 in the Main Cabin. Although some states don’t,dua_ctx,0.9,1,79,0.91182,0.67512,1.74204,1.69313,0.02656,0.78088,0.10576,0.02734,0.06801,1.64669
569, are 2 in First Class and 4 in the Main Cabin. Although some states don’t,dua_ctx,0.99,1,91,0.99167,0.67303,2.39032,2.31997,0.02722,0.78088,0.10785,0.02836,0.09267,2.26929
569, are 2 in First Class and 4 in the Main Cabin. Although some states don’t,euc_unemb,0.3,1,12,0.39732,0.6642,0.13178,0.1358,0.00467,0.78088,0.11669,0.03284,0.01151,0.08743
569, are 2 in First Class and 4 in the Main Cabin. Although some states don’t,euc_unemb,0.5,1,13,0.54767,0.67805,0.18507,0.18754,0.00541,0.78088,0.10283,0.02595,0.03482,0.1243
569, are 2 in First Class and 4 in the Main Cabin. Although some states don’t,euc_unemb,0.7,1,15,0.80333,0.71703,0.38928,0.38647,0.0664,0.78088,0.06385,0.01058,0.13674,0.24196
569, are 2 in First Class and 4 in the Main Cabin. Although some states don’t,euc_unemb,0.9,1,17,0.93234,0.74426,0.69758,0.68725,0.07122,0.78088,0.03662,0.00364,0.2725,0.42144
569, are 2 in First Class and 4 in the Main Cabin. Although some states don’t,euc_unemb,0.99,1,21,0.99366,0.74822,1.36009,1.33213,0.08043,0.78088,0.03266,0.00292,0.46857,0.8886
569, are 2 in First Class and 4 in the Main Cabin. Although some states don’t,cau_unemb,0.3,1,13,0.38521,0.49083,0.27116,0.27988,0.00447,0.78088,0.29005,0.17783,0.00759,0.08574
569, are 2 in First Class and 4 in the Main Cabin. Although some states don’t,cau_unemb,0.5,1,14,0.52087,0.50297,0.2829,0.29093,0.00526,0.78088,0.27791,0.16404,0.01148,0.10738
569, are 2 in First Class and 4 in the Main Cabin. Although some states don’t,cau_unemb,0.7,1,16,0.76552,0.56079,0.32038,0.32568,0.00602,0.78088,0.22009,0.10617,0.04521,0.169
569, are 2 in First Class and 4 in the Main Cabin. Although some states don’t,cau_unemb,0.9,1,18,0.90715,0.63179,0.41033,0.4111,0.07008,0.78088,0.14909,0.05171,0.09445,0.26417
569, are 2 in First Class and 4 in the Main Cabin. Although some states don’t,cau_unemb,0.99,1,23,0.99332,0.71052,0.83841,0.82332,0.07854,0.78088,0.07036,0.01272,0.16606,0.65963
569, are 2 in First Class and 4 in the Main Cabin. Although some states don’t,dua_unemb,0.3,1,15,0.30685,0.75896,0.11129,0.11062,0.0025,0.78088,0.02192,0.00134,0.00631,0.10363
569, are 2 in First Class and 4 in the Main Cabin. Although some states don’t,dua_unemb,0.5,1,20,0.53324,0.75627,0.28771,0.28208,0.00665,0.78088,0.02461,0.00168,0.01968,0.26635
569, are 2 in First Class and 4 in the Main Cabin. Although some states don’t,dua_unemb,0.7,1,24,0.70308,0.75295,0.52848,0.51589,0.01533,0.78088,0.02793,0.00215,0.04044,0.48588
569, are 2 in First Class and 4 in the Main Cabin. Although some states don’t,dua_unemb,0.9,1,31,0.91105,0.74572,1.19869,1.16582,0.0255,0.78088,0.03516,0.00337,0.09236,1.10295
569, are 2 in First Class and 4 in the Main Cabin. Although some states don’t,dua_unemb,0.99,1,38,0.99119,0.73872,2.05603,1.99529,0.08618,0.78088,0.04217,0.00478,0.1429,1.90836
569, are 2 in First Class and 4 in the Main Cabin. Although some states don’t,euc_dmd,0.3,1,11,0.31222,0.80069,0.07502,0.07357,0.0043,0.78088,0.01981,0.0012,0.02014,0.05367
569, are 2 in First Class and 4 in the Main Cabin. Although some states don’t,euc_dmd,0.5,1,13,0.61471,0.84996,0.14322,0.13715,0.00487,0.78088,0.06908,0.01679,0.01872,0.1077
569, are 2 in First Class and 4 in the Main Cabin. Although some states don’t,euc_dmd,0.7,1,14,0.7495,0.8776,0.20993,0.20025,0.00587,0.78088,0.09672,0.03642,0.02159,0.15192
569, are 2 in First Class and 4 in the Main Cabin. Although some states don’t,euc_dmd,0.9,1,16,0.91327,0.91966,0.40992,0.39108,0.00834,0.78088,0.13878,0.09211,0.03233,0.28548
569, are 2 in First Class and 4 in the Main Cabin. Although some states don’t,euc_dmd,0.99,1,20,0.99242,0.95379,0.94852,0.90803,0.01968,0.78088,0.17291,0.18486,0.0635,0.70016
569, are 2 in First Class and 4 in the Main Cabin. Although some states don’t,cau_dmd,0.3,1,12,0.32681,0.63306,0.14833,0.15264,0.32033,0.78088,0.14782,0.0509,0.05677,0.04066
569, are 2 in First Class and 4 in the Main Cabin. Although some states don’t,cau_dmd,0.5,1,14,0.62703,0.70917,0.18631,0.18765,0.32099,0.78088,0.07171,0.01318,0.11,0.06313
569, are 2 in First Class and 4 in the Main Cabin. Although some states don’t,cau_dmd,0.7,1,15,0.75938,0.76633,0.23331,0.23199,0.3215,0.78088,0.01455,0.0006,0.15366,0.07905
569, are 2 in First Class and 4 in the Main Cabin. Although some states don’t,cau_dmd,0.9,1,17,0.91869,0.87267,0.42597,0.41714,0.32228,0.78088,0.09179,0.03216,0.26814,0.12566
569, are 2 in First Class and 4 in the Main Cabin. Although some states don’t,cau_dmd,0.99,1,21,0.99347,0.96603,1.10103,1.07243,0.32517,0.78088,0.18514,0.24229,0.54801,0.31073
569, are 2 in First Class and 4 in the Main Cabin. Although some states don’t,dua_dmd,0.3,1,13,0.30769,0.8115,0.06593,0.0613,0.00499,0.78088,0.03062,0.00295,0.014,0.04899
569, are 2 in First Class and 4 in the Main Cabin. Although some states don’t,dua_dmd,0.5,1,17,0.5513,0.84958,0.162,0.15042,0.00625,0.78088,0.0687,0.01659,0.02616,0.11925
569, are 2 in First Class and 4 in the Main Cabin. Although some states don’t,dua_dmd,0.7,1,20,0.71441,0.87493,0.29189,0.27296,0.00695,0.78088,0.09405,0.03407,0.03817,0.21966
569, are 2 in First Class and 4 in the Main Cabin. Although some states don’t,dua_dmd,0.9,1,25,0.92074,0.90337,0.68584,0.64872,0.0142,0.78088,0.12249,0.06562,0.06426,0.55596
569, are 2 in First Class and 4 in the Main Cabin. Although some states don’t,dua_dmd,0.99,1,30,0.99385,0.91652,1.31136,1.24884,0.02073,0.78088,0.13564,0.08639,0.09373,1.13124
443,". Well, to be more specific I actually had login working fine – but logout just wouldn’t",euc_ctx,0.3,1,30,0.33419,0.38421,0.86588,0.86756,0.43919,0.92583,0.54162,0.65729,0.10333,0.10526
443,". Well, to be more specific I actually had login working fine – but logout just wouldn’t",euc_ctx,0.5,1,33,0.5442,0.3766,0.93085,0.93031,0.43909,0.92583,0.54923,0.6749,0.13343,0.12252
443,". Well, to be more specific I actually had login working fine – but logout just wouldn’t",euc_ctx,0.7,1,36,0.73846,0.41003,0.9006,0.89731,0.43872,0.92583,0.51579,0.60023,0.15977,0.1406
443,". Well, to be more specific I actually had login working fine – but logout just wouldn’t",euc_ctx,0.9,1,41,0.92101,0.53272,0.73961,0.73052,0.02778,0.92583,0.39311,0.37518,0.19154,0.17288
443,". Well, to be more specific I actually had login working fine – but logout just wouldn’t",euc_ctx,0.99,1,49,0.99068,0.74844,0.57102,0.54957,0.02351,0.92583,0.17738,0.10633,0.23119,0.2335
443,". Well, to be more specific I actually had login working fine – but logout just wouldn’t",cau_ctx,0.3,1,49,0.33214,0.36187,1.22757,1.23575,0.02492,0.92583,0.56395,0.71009,0.39649,0.12099
443,". Well, to be more specific I actually had login working fine – but logout just wouldn’t",cau_ctx,0.5,1,54,0.52317,0.33039,1.3032,1.30847,0.02688,0.92583,0.59544,0.79078,0.36177,0.15065
443,". Well, to be more specific I actually had login working fine – but logout just wouldn’t",cau_ctx,0.7,1,59,0.703,0.32644,1.29018,1.29194,0.42796,0.92583,0.59938,0.80147,0.30549,0.18321
443,". Well, to be more specific I actually had login working fine – but logout just wouldn’t",cau_ctx,0.9,1,69,0.91216,0.3705,1.18511,1.17867,0.42789,0.92583,0.55533,0.6893,0.23958,0.25623
443,". Well, to be more specific I actually had login working fine – but logout just wouldn’t",cau_ctx,0.99,1,86,0.99117,0.47318,1.1389,1.11621,0.02933,0.92583,0.45265,0.47602,0.26106,0.40182
443,". Well, to be more specific I actually had login working fine – but logout just wouldn’t",dua_ctx,0.3,1,57,0.30603,0.85202,0.29923,0.27487,0.01964,0.92583,0.07381,0.02569,0.0367,0.23685
443,". Well, to be more specific I actually had login working fine – but logout just wouldn’t",dua_ctx,0.5,1,82,0.50271,0.8564,0.60955,0.55044,0.01762,0.92583,0.06943,0.02317,0.08225,0.50413
443,". Well, to be more specific I actually had login working fine – but logout just wouldn’t",dua_ctx,0.7,1,109,0.70698,0.83656,1.05369,0.95843,0.02305,0.92583,0.08927,0.03527,0.16195,0.85647
443,". Well, to be more specific I actually had login working fine – but logout just wouldn’t",dua_ctx,0.9,1,136,0.90648,0.80334,1.45711,1.34038,0.02463,0.92583,0.12249,0.05906,0.26307,1.13498
443,". Well, to be more specific I actually had login working fine – but logout just wouldn’t",dua_ctx,0.99,1,153,0.99057,0.79018,1.66106,1.53459,0.02594,0.92583,0.13565,0.06955,0.33036,1.26116
443,". Well, to be more specific I actually had login working fine – but logout just wouldn’t",euc_unemb,0.3,1,18,0.37335,0.73742,0.34039,0.34457,0.02123,0.92583,0.18841,0.11689,0.15871,0.06479
443,". Well, to be more specific I actually had login working fine – but logout just wouldn’t",euc_unemb,0.5,1,19,0.50476,0.7454,0.44909,0.45205,0.01067,0.92583,0.18043,0.10921,0.26503,0.07485
443,". Well, to be more specific I actually had login working fine – but logout just wouldn’t",euc_unemb,0.7,1,21,0.75116,0.78139,0.76848,0.7673,0.01085,0.92583,0.14444,0.07686,0.58913,0.10249
443,". Well, to be more specific I actually had login working fine – but logout just wouldn’t",euc_unemb,0.9,1,23,0.90076,0.82002,1.17055,1.16314,0.43122,0.92583,0.10581,0.04661,0.97983,0.14411
443,". Well, to be more specific I actually had login working fine – but logout just wouldn’t",euc_unemb,0.99,1,28,0.99342,0.85061,2.11862,2.09105,0.63526,0.92583,0.07521,0.02651,1.7845,0.3076
443,". Well, to be more specific I actually had login working fine – but logout just wouldn’t",cau_unemb,0.3,1,21,0.37587,0.65784,0.35632,0.35842,0.02232,0.92583,0.26798,0.20297,0.07129,0.08205
443,". Well, to be more specific I actually had login working fine – but logout just wouldn’t",cau_unemb,0.5,1,23,0.59275,0.67961,0.43671,0.43671,0.02266,0.92583,0.24622,0.17771,0.16074,0.09826
443,". Well, to be more specific I actually had login working fine – but logout just wouldn’t",cau_unemb,0.7,1,25,0.7799,0.7261,0.54125,0.53775,0.01351,0.92583,0.19972,0.12808,0.29393,0.11924
443,". Well, to be more specific I actually had login working fine – but logout just wouldn’t",cau_unemb,0.9,1,28,0.93179,0.79561,0.73017,0.71906,0.01435,0.92583,0.13022,0.06515,0.4995,0.16552
443,". Well, to be more specific I actually had login working fine – but logout just wouldn’t",cau_unemb,0.99,1,33,0.99265,0.83498,1.11345,1.08606,0.01641,0.92583,0.09085,0.03631,0.78582,0.29131
443,". Well, to be more specific I actually had login working fine – but logout just wouldn’t",dua_unemb,0.3,1,28,0.30976,0.91546,0.33408,0.31063,0.01589,0.92583,0.01036,0.00072,0.11439,0.21896
443,". Well, to be more specific I actually had login working fine – but logout just wouldn’t",dua_unemb,0.5,1,45,0.50058,0.87745,1.03495,0.95397,0.01889,0.92583,0.04838,0.01244,0.2703,0.7522
443,". Well, to be more specific I actually had login working fine – but logout just wouldn’t",dua_unemb,0.7,1,63,0.71025,0.8059,1.77647,1.64899,0.02761,0.92583,0.11993,0.05709,0.45734,1.26204
443,". Well, to be more specific I actually had login working fine – but logout just wouldn’t",dua_unemb,0.9,1,79,0.90862,0.73852,2.32081,2.1802,0.02824,0.92583,0.1873,0.11582,0.66905,1.53594
443,". Well, to be more specific I actually had login working fine – but logout just wouldn’t",dua_unemb,0.99,1,89,0.9914,0.7022,2.60651,2.46373,0.02851,0.92583,0.22363,0.15286,0.81155,1.64211
443,". Well, to be more specific I actually had login working fine – but logout just wouldn’t",euc_dmd,0.3,1,16,0.31151,0.45537,0.82544,0.82982,0.43517,0.92583,0.47046,0.50908,0.23734,0.07902
443,". Well, to be more specific I actually had login working fine – but logout just wouldn’t",euc_dmd,0.5,1,18,0.61693,0.48,1.23439,1.23564,0.43666,0.92583,0.44583,0.46373,0.67351,0.09715
443,". Well, to be more specific I actually had login working fine – but logout just wouldn’t",euc_dmd,0.7,1,19,0.75347,0.52662,1.50943,1.50838,0.5696,0.92583,0.39921,0.38488,1.01748,0.10707
443,". Well, to be more specific I actually had login working fine – but logout just wouldn’t",euc_dmd,0.9,1,21,0.91745,0.65939,2.2108,2.20355,0.66655,0.92583,0.26644,0.20114,1.88022,0.12944
443,". Well, to be more specific I actually had login working fine – but logout just wouldn’t",euc_dmd,0.99,1,25,0.99345,0.86654,3.99375,3.96929,0.76782,0.92583,0.05929,0.0177,3.78292,0.19313
443,". Well, to be more specific I actually had login working fine – but logout just wouldn’t",cau_dmd,0.3,1,20,0.31719,0.52679,0.65611,0.66342,0.02566,0.92583,0.39904,0.38461,0.20998,0.06152
443,". Well, to be more specific I actually had login working fine – but logout just wouldn’t",cau_dmd,0.5,1,22,0.58006,0.55817,0.98215,0.98712,0.43375,0.92583,0.36766,0.33613,0.57155,0.07447
443,". Well, to be more specific I actually had login working fine – but logout just wouldn’t",cau_dmd,0.7,1,23,0.70673,0.59751,1.21866,1.22174,0.43361,0.92583,0.32832,0.27999,0.85631,0.08236
443,". Well, to be more specific I actually had login working fine – but logout just wouldn’t",cau_dmd,0.9,1,26,0.93043,0.75229,2.25273,2.2469,0.69009,0.92583,0.17354,0.10273,2.03386,0.11614
443,". Well, to be more specific I actually had login working fine – but logout just wouldn’t",cau_dmd,0.99,1,30,0.9931,0.87698,4.1365,4.11348,0.73443,0.92583,0.04885,0.01266,3.92466,0.19918
443,". Well, to be more specific I actually had login working fine – but logout just wouldn’t",dua_dmd,0.3,1,27,0.30599,0.92465,0.37873,0.3537,0.024,0.92583,0.00118,1e-05,0.20941,0.16931
443,". Well, to be more specific I actually had login working fine – but logout just wouldn’t",dua_dmd,0.5,1,43,0.50447,0.95637,1.11116,1.03079,0.02454,0.92583,0.03054,0.00931,0.5502,0.55164
443,". Well, to be more specific I actually had login working fine – but logout just wouldn’t",dua_dmd,0.7,1,61,0.70338,0.94907,2.0254,1.89235,0.02582,0.92583,0.02324,0.00493,0.97099,1.04949
443,". Well, to be more specific I actually had login working fine – but logout just wouldn’t",dua_dmd,0.9,1,80,0.90437,0.9303,3.01002,2.85816,0.42737,0.92583,0.00447,0.00015,1.6403,1.36957
443,". Well, to be more specific I actually had login working fine – but logout just wouldn’t",dua_dmd,0.99,1,92,0.99157,0.91725,3.81377,3.65848,0.62867,0.92583,0.00858,0.0005,2.31675,1.49652
209," Are these habits possible to break? The answer is yes, but its not as simple as you might",euc_ctx,0.3,1,34,0.33382,0.65586,0.6218,0.63658,0.01787,0.95546,0.29959,0.2684,0.26475,0.08865
209," Are these habits possible to break? The answer is yes, but its not as simple as you might",euc_ctx,0.5,1,37,0.54061,0.63952,0.81088,0.82458,0.01785,0.95546,0.31594,0.29045,0.41415,0.10629
209," Are these habits possible to break? The answer is yes, but its not as simple as you might",euc_ctx,0.7,1,40,0.73473,0.6585,0.99299,1.00457,0.45156,0.95546,0.29696,0.26492,0.60282,0.12526
209," Are these habits possible to break? The answer is yes, but its not as simple as you might",euc_ctx,0.9,1,45,0.92033,0.73755,1.24673,1.25273,0.45195,0.95546,0.2179,0.16832,0.91851,0.1599
209," Are these habits possible to break? The answer is yes, but its not as simple as you might",euc_ctx,0.99,1,53,0.99118,0.85388,1.62411,1.6179,0.4523,0.95546,0.10157,0.05447,1.34525,0.22439
209," Are these habits possible to break? The answer is yes, but its not as simple as you might",cau_ctx,0.3,1,62,0.33086,0.64392,0.51859,0.53087,0.00336,0.95546,0.31154,0.28445,0.13849,0.09565
209," Are these habits possible to break? The answer is yes, but its not as simple as you might",cau_ctx,0.5,1,67,0.51732,0.60782,0.67965,0.69058,0.00329,0.95546,0.34764,0.33527,0.22959,0.11479
209," Are these habits possible to break? The answer is yes, but its not as simple as you might",cau_ctx,0.7,1,73,0.7313,0.60055,0.86052,0.86875,0.00494,0.95546,0.35491,0.34595,0.37498,0.13959
209," Are these habits possible to break? The answer is yes, but its not as simple as you might",cau_ctx,0.9,1,81,0.90461,0.63695,1.03893,1.04211,0.00524,0.95546,0.3185,0.29398,0.5695,0.17546
209," Are these habits possible to break? The answer is yes, but its not as simple as you might",cau_ctx,0.99,1,96,0.99011,0.73284,1.27559,1.2667,0.59696,0.95546,0.22262,0.17365,0.85128,0.25066
209," Are these habits possible to break? The answer is yes, but its not as simple as you might",dua_ctx,0.3,1,61,0.30272,0.89339,0.19002,0.18649,0.01613,0.95546,0.06207,0.0253,0.03847,0.12624
209," Are these habits possible to break? The answer is yes, but its not as simple as you might",dua_ctx,0.5,1,83,0.50413,0.88453,0.34148,0.32449,0.01733,0.95546,0.07093,0.03127,0.07868,0.23153
209," Are these habits possible to break? The answer is yes, but its not as simple as you might",dua_ctx,0.7,1,105,0.70583,0.87268,0.53758,0.50254,0.01748,0.95546,0.08278,0.0398,0.13836,0.35942
209," Are these habits possible to break? The answer is yes, but its not as simple as you might",dua_ctx,0.9,1,128,0.90491,0.85736,0.78402,0.72597,0.01675,0.95546,0.09809,0.05166,0.21526,0.5171
209," Are these habits possible to break? The answer is yes, but its not as simple as you might",dua_ctx,0.99,1,145,0.99132,0.85223,0.99226,0.9144,0.01701,0.95546,0.10323,0.05583,0.26902,0.66741
209," Are these habits possible to break? The answer is yes, but its not as simple as you might",euc_unemb,0.3,1,16,0.30391,0.85104,0.11901,0.13153,0.00508,0.95546,0.10442,0.0568,0.03765,0.02456
209," Are these habits possible to break? The answer is yes, but its not as simple as you might",euc_unemb,0.5,1,18,0.58097,0.86919,0.10336,0.11448,0.00099,0.95546,0.08626,0.04242,0.02619,0.03475
209," Are these habits possible to break? The answer is yes, but its not as simple as you might",euc_unemb,0.7,1,19,0.7116,0.8864,0.09216,0.10167,0.0018,0.95546,0.06906,0.02998,0.02072,0.04146
209," Are these habits possible to break? The answer is yes, but its not as simple as you might",euc_unemb,0.9,1,22,0.9325,0.93419,0.10041,0.1021,0.00791,0.95546,0.02126,0.00412,0.02474,0.07154
209," Are these habits possible to break? The answer is yes, but its not as simple as you might",euc_unemb,0.99,1,26,0.99262,0.95794,0.19681,0.18514,0.008,0.95546,0.00248,7e-05,0.05721,0.13953
209," Are these habits possible to break? The answer is yes, but its not as simple as you might",cau_unemb,0.3,1,18,0.37869,0.76811,0.21922,0.23474,0.00662,0.95546,0.18734,0.13504,0.04377,0.04042
209," Are these habits possible to break? The answer is yes, but its not as simple as you might",cau_unemb,0.5,1,19,0.50818,0.77615,0.20923,0.22433,0.00861,0.95546,0.17931,0.12667,0.03692,0.04564
209," Are these habits possible to break? The answer is yes, but its not as simple as you might",cau_unemb,0.7,1,21,0.74723,0.81823,0.16391,0.1768,0.00698,0.95546,0.13723,0.0855,0.02083,0.05759
209," Are these habits possible to break? The answer is yes, but its not as simple as you might",cau_unemb,0.9,1,24,0.93381,0.89427,0.11955,0.12616,0.0062,0.95546,0.06119,0.02473,0.01407,0.08075
209," Are these habits possible to break? The answer is yes, but its not as simple as you might",cau_unemb,0.99,1,28,0.99095,0.94675,0.15834,0.15397,0.00637,0.95546,0.0087,0.00079,0.03085,0.12669
209," Are these habits possible to break? The answer is yes, but its not as simple as you might",dua_unemb,0.3,1,23,0.31588,0.92942,0.05302,0.05608,0.00504,0.95546,0.02603,0.00589,0.01204,0.03509
209," Are these habits possible to break? The answer is yes, but its not as simple as you might",dua_unemb,0.5,1,30,0.52604,0.92962,0.12174,0.11854,0.00248,0.95546,0.02583,0.00581,0.04138,0.07454
209," Are these habits possible to break? The answer is yes, but its not as simple as you might",dua_unemb,0.7,1,37,0.71719,0.92772,0.23564,0.22133,0.00229,0.95546,0.02774,0.00659,0.09099,0.13806
209," Are these habits possible to break? The answer is yes, but its not as simple as you might",dua_unemb,0.9,1,45,0.90627,0.92116,0.40758,0.37567,0.00377,0.95546,0.0343,0.0095,0.15609,0.242
209," Are these habits possible to break? The answer is yes, but its not as simple as you might",dua_unemb,0.99,1,52,0.99264,0.91653,0.59601,0.54313,0.00439,0.95546,0.03892,0.01177,0.21076,0.37348
209," Are these habits possible to break? The answer is yes, but its not as simple as you might",euc_dmd,0.3,1,16,0.38902,0.8325,0.49417,0.50529,0.01468,0.95546,0.12296,0.07262,0.38191,0.03963
209," Are these habits possible to break? The answer is yes, but its not as simple as you might",euc_dmd,0.5,1,17,0.54711,0.84558,0.64378,0.65351,0.44915,0.95546,0.10988,0.06135,0.53563,0.0468
209," Are these habits possible to break? The answer is yes, but its not as simple as you might",euc_dmd,0.7,1,19,0.81407,0.8939,1.01316,1.01771,0.4508,0.95546,0.06155,0.02497,0.924,0.0642
209," Are these habits possible to break? The answer is yes, but its not as simple as you might",euc_dmd,0.9,1,21,0.94095,0.93861,1.40488,1.40182,0.45187,0.95546,0.01685,0.00271,1.31557,0.0866
209," Are these habits possible to break? The answer is yes, but its not as simple as you might",euc_dmd,0.99,1,24,0.99101,0.9726,1.97119,1.95474,0.45287,0.95546,0.01715,0.00465,1.83499,0.13154
209," Are these habits possible to break? The answer is yes, but its not as simple as you might",cau_dmd,0.3,1,17,0.41048,0.7769,0.58147,0.5949,0.01621,0.95546,0.17855,0.12589,0.41604,0.03955
209," Are these habits possible to break? The answer is yes, but its not as simple as you might",cau_dmd,0.5,1,18,0.57093,0.79596,0.78263,0.79469,0.45065,0.95546,0.1595,0.10672,0.63051,0.0454
209," Are these habits possible to break? The answer is yes, but its not as simple as you might",cau_dmd,0.7,1,19,0.71872,0.82731,1.0321,1.04198,0.4514,0.95546,0.12815,0.07724,0.90294,0.05192
209," Are these habits possible to break? The answer is yes, but its not as simple as you might",cau_dmd,0.9,1,21,0.90496,0.89744,1.61178,1.6152,0.45167,0.95546,0.05801,0.0227,1.5216,0.06748
209," Are these habits possible to break? The answer is yes, but its not as simple as you might",cau_dmd,0.99,1,25,0.99261,0.96958,2.6995,2.68584,0.45288,0.95546,0.01412,0.00297,2.58318,0.11335
209," Are these habits possible to break? The answer is yes, but its not as simple as you might",dua_dmd,0.3,1,22,0.32957,0.94734,0.12283,0.11917,0.01469,0.95546,0.00812,0.00069,0.0865,0.03564
209," Are these habits possible to break? The answer is yes, but its not as simple as you might",dua_dmd,0.5,1,28,0.50575,0.96419,0.24862,0.23377,0.0149,0.95546,0.00874,0.00103,0.17904,0.06855
209," Are these habits possible to break? The answer is yes, but its not as simple as you might",dua_dmd,0.7,1,36,0.70957,0.97392,0.47498,0.44013,0.0169,0.95546,0.01847,0.00556,0.32013,0.14929
209," Are these habits possible to break? The answer is yes, but its not as simple as you might",dua_dmd,0.9,1,45,0.90923,0.97742,0.77555,0.7137,0.01644,0.95546,0.02197,0.00855,0.48664,0.28036
209," Are these habits possible to break? The answer is yes, but its not as simple as you might",dua_dmd,0.99,1,52,0.99203,0.9811,1.03655,0.94971,0.01594,0.95546,0.02564,0.01288,0.60641,0.41726
35,"7 of the Minor Arcana in their respective suits, but that's the only similarity I could",euc_ctx,0.3,1,36,0.36938,0.2867,1.59146,1.59959,0.48647,0.90673,0.62003,0.85427,0.59829,0.13891
35,"7 of the Minor Arcana in their respective suits, but that's the only similarity I could",euc_ctx,0.5,1,38,0.53139,0.29488,1.77117,1.77831,0.5165,0.90673,0.61185,0.82984,0.78756,0.15376
35,"7 of the Minor Arcana in their respective suits, but that's the only similarity I could",euc_ctx,0.7,1,41,0.75311,0.34706,1.99294,1.99806,0.54562,0.90673,0.55967,0.68927,1.12585,0.17781
35,"7 of the Minor Arcana in their respective suits, but that's the only similarity I could",euc_ctx,0.9,1,45,0.91926,0.47865,2.1584,2.1595,0.57863,0.90673,0.42808,0.41877,1.52569,0.21394
35,"7 of the Minor Arcana in their respective suits, but that's the only similarity I could",euc_ctx,0.99,1,52,0.99127,0.72766,2.30754,2.29769,0.51762,0.90673,0.17907,0.09955,1.91454,0.29345
35,"7 of the Minor Arcana in their respective suits, but that's the only similarity I could",cau_ctx,0.3,1,68,0.31338,0.18731,2.19117,2.18828,0.50536,0.90673,0.71941,1.22805,0.70822,0.25491
35,"7 of the Minor Arcana in their respective suits, but that's the only similarity I could",cau_ctx,0.5,1,73,0.51414,0.16716,2.59643,2.59061,0.52633,0.90673,0.73957,1.32897,0.97259,0.29488
35,"7 of the Minor Arcana in their respective suits, but that's the only similarity I could",cau_ctx,0.7,1,78,0.70953,0.16758,2.95854,2.9494,0.5455,0.90673,0.73915,1.32676,1.29381,0.33797
35,"7 of the Minor Arcana in their respective suits, but that's the only similarity I could",cau_ctx,0.9,1,86,0.90226,0.19996,3.35422,3.33899,0.53478,0.90673,0.70677,1.17027,1.77081,0.41314
35,"7 of the Minor Arcana in their respective suits, but that's the only similarity I could",cau_ctx,0.99,1,101,0.99088,0.30752,3.63049,3.6015,0.54378,0.90673,0.59921,0.79346,2.26445,0.57258
35,"7 of the Minor Arcana in their respective suits, but that's the only similarity I could",dua_ctx,0.3,1,52,0.3012,0.78323,0.28756,0.28267,0.01231,0.90673,0.1235,0.0541,0.06991,0.16354
35,"7 of the Minor Arcana in their respective suits, but that's the only similarity I could",dua_ctx,0.5,1,64,0.50752,0.78117,0.44536,0.4324,0.01265,0.90673,0.12556,0.05561,0.13571,0.25404
35,"7 of the Minor Arcana in their respective suits, but that's the only similarity I could",dua_ctx,0.7,1,76,0.70612,0.77906,0.64654,0.62255,0.01365,0.90673,0.12767,0.05716,0.21561,0.37376
35,"7 of the Minor Arcana in their respective suits, but that's the only similarity I could",dua_ctx,0.9,1,90,0.90459,0.77711,0.92799,0.88738,0.01419,0.90673,0.12962,0.05862,0.31475,0.55462
35,"7 of the Minor Arcana in their respective suits, but that's the only similarity I could",dua_ctx,0.99,1,103,0.9922,0.78714,1.22875,1.16778,0.01861,0.90673,0.11959,0.05128,0.39214,0.78533
35,"7 of the Minor Arcana in their respective suits, but that's the only similarity I could",euc_unemb,0.3,1,19,0.40701,0.42371,0.89314,0.90645,0.33922,0.90673,0.48302,0.51998,0.30388,0.06927
35,"7 of the Minor Arcana in their respective suits, but that's the only similarity I could",euc_unemb,0.5,1,20,0.56515,0.45216,0.94966,0.96227,0.43251,0.90673,0.45457,0.46578,0.40696,0.07691
35,"7 of the Minor Arcana in their respective suits, but that's the only similarity I could",euc_unemb,0.7,1,21,0.7109,0.50332,0.98369,0.99512,0.4363,0.90673,0.40341,0.37773,0.52049,0.08547
35,"7 of the Minor Arcana in their respective suits, but that's the only similarity I could",euc_unemb,0.9,1,24,0.94307,0.71631,1.0179,1.02241,0.45278,0.90673,0.19042,0.10999,0.78634,0.12158
35,"7 of the Minor Arcana in their respective suits, but that's the only similarity I could",euc_unemb,0.99,1,27,0.99104,0.8477,1.10935,1.10315,0.44892,0.90673,0.05903,0.0153,0.90268,0.19137
35,"7 of the Minor Arcana in their respective suits, but that's the only similarity I could",cau_unemb,0.3,1,21,0.37938,0.25481,1.43585,1.44976,0.50566,0.90673,0.65192,0.9571,0.3922,0.08655
35,"7 of the Minor Arcana in their respective suits, but that's the only similarity I could",cau_unemb,0.5,1,22,0.51378,0.26773,1.44279,1.45635,0.50119,0.90673,0.639,0.91389,0.43523,0.09368
35,"7 of the Minor Arcana in their respective suits, but that's the only similarity I could",cau_unemb,0.7,1,24,0.75688,0.34027,1.32255,1.3348,0.50666,0.90673,0.56645,0.70621,0.50741,0.10894
35,"7 of the Minor Arcana in their respective suits, but that's the only similarity I could",cau_unemb,0.9,1,27,0.93812,0.54451,1.01718,1.02523,0.45411,0.90673,0.36222,0.31448,0.56649,0.13621
35,"7 of the Minor Arcana in their respective suits, but that's the only similarity I could",cau_unemb,0.99,1,31,0.99148,0.78895,0.84336,0.8413,0.41987,0.90673,0.11778,0.05,0.60019,0.19317
35,"7 of the Minor Arcana in their respective suits, but that's the only similarity I could",dua_unemb,0.3,1,22,0.35157,0.84945,0.09372,0.09623,0.00309,0.90673,0.05728,0.01451,0.02593,0.05328
35,"7 of the Minor Arcana in their respective suits, but that's the only similarity I could",dua_unemb,0.5,1,25,0.52988,0.87019,0.13962,0.13797,0.0068,0.90673,0.03654,0.00646,0.05042,0.08274
35,"7 of the Minor Arcana in their respective suits, but that's the only similarity I could",dua_unemb,0.7,1,29,0.73102,0.89123,0.2423,0.23265,0.00739,0.90673,0.0155,0.00129,0.09042,0.15058
35,"7 of the Minor Arcana in their respective suits, but that's the only similarity I could",dua_unemb,0.9,1,34,0.90861,0.90102,0.44307,0.41909,0.00866,0.90673,0.00571,0.00019,0.14207,0.30081
35,"7 of the Minor Arcana in their respective suits, but that's the only similarity I could",dua_unemb,0.99,1,40,0.99139,0.89512,0.76428,0.7173,0.00966,0.90673,0.01161,0.00074,0.19014,0.57339
35,"7 of the Minor Arcana in their respective suits, but that's the only similarity I could",euc_dmd,0.3,1,17,0.42412,0.45723,1.4187,1.43385,0.51659,0.90673,0.4495,0.45654,0.9004,0.06177
35,"7 of the Minor Arcana in their respective suits, but that's the only similarity I could",euc_dmd,0.5,1,18,0.60323,0.50452,1.71675,1.73053,0.50197,0.90673,0.40221,0.3758,1.27024,0.07072
35,"7 of the Minor Arcana in their respective suits, but that's the only similarity I could",euc_dmd,0.7,1,19,0.75797,0.58003,2.08676,2.09837,0.52707,0.90673,0.3267,0.26475,1.74107,0.08094
35,"7 of the Minor Arcana in their respective suits, but that's the only similarity I could",euc_dmd,0.9,1,21,0.92957,0.75759,3.03863,3.04333,0.57984,0.90673,0.14914,0.07386,2.85776,0.107
35,"7 of the Minor Arcana in their respective suits, but that's the only similarity I could",euc_dmd,0.99,1,24,0.99117,0.91492,4.66144,4.65137,0.61043,0.90673,0.0082,0.00042,4.49023,0.17079
35,"7 of the Minor Arcana in their respective suits, but that's the only similarity I could",cau_dmd,0.3,1,19,0.42065,0.35521,2.3103,2.32641,0.58228,0.90673,0.55152,0.66939,1.58192,0.059
35,"7 of the Minor Arcana in their respective suits, but that's the only similarity I could",cau_dmd,0.5,1,20,0.57883,0.40577,2.62608,2.641,0.58772,0.90673,0.50095,0.55634,2.00414,0.06561
35,"7 of the Minor Arcana in their respective suits, but that's the only similarity I could",cau_dmd,0.7,1,21,0.72131,0.48246,2.99475,3.00789,0.60039,0.90673,0.42427,0.41227,2.50945,0.07303
35,"7 of the Minor Arcana in their respective suits, but that's the only similarity I could",cau_dmd,0.9,1,23,0.9005,0.67787,3.91961,3.92696,0.60693,0.90673,0.22885,0.14815,3.67969,0.09177
35,"7 of the Minor Arcana in their respective suits, but that's the only similarity I could",cau_dmd,0.99,1,27,0.99062,0.91667,6.19746,6.18613,0.62338,0.90673,0.00995,0.00063,6.03357,0.16326
35,"7 of the Minor Arcana in their respective suits, but that's the only similarity I could",dua_dmd,0.3,1,22,0.32836,0.8504,0.23489,0.23787,0.00685,0.90673,0.05633,0.01409,0.16645,0.05435
35,"7 of the Minor Arcana in their respective suits, but that's the only similarity I could",dua_dmd,0.5,1,26,0.53219,0.88812,0.39489,0.39073,0.0144,0.90673,0.01861,0.00183,0.29952,0.09353
35,"7 of the Minor Arcana in their respective suits, but that's the only similarity I could",dua_dmd,0.7,1,30,0.70918,0.91671,0.61648,0.60163,0.06587,0.90673,0.00998,0.00063,0.44747,0.16838
35,"7 of the Minor Arcana in their respective suits, but that's the only similarity I could",dua_dmd,0.9,1,36,0.90907,0.93091,1.06331,1.02598,0.06826,0.90673,0.02418,0.00413,0.67883,0.38035
35,"7 of the Minor Arcana in their respective suits, but that's the only similarity I could",dua_dmd,0.99,1,42,0.99261,0.93118,1.57151,1.50648,0.10468,0.90673,0.02445,0.00423,0.88559,0.68169
374, audit their networks for these and other new vulnerabilities by accessing their Qualys subscription. Visit our blog to,euc_ctx,0.3,1,46,0.34126,0.56274,1.86293,1.87317,0.5552,0.9551,0.39236,0.40306,1.3558,0.10407
374, audit their networks for these and other new vulnerabilities by accessing their Qualys subscription. Visit our blog to,euc_ctx,0.5,1,49,0.5444,0.53884,2.2525,2.2622,0.55393,0.9551,0.41626,0.44212,1.685,0.12538
374, audit their networks for these and other new vulnerabilities by accessing their Qualys subscription. Visit our blog to,euc_ctx,0.7,1,52,0.7343,0.54478,2.64087,2.64929,0.55126,0.9551,0.41033,0.43223,2.0595,0.14913
374, audit their networks for these and other new vulnerabilities by accessing their Qualys subscription. Visit our blog to,euc_ctx,0.9,1,57,0.91844,0.59771,3.16929,3.1741,0.55118,0.9551,0.35739,0.34922,2.62623,0.19383
374, audit their networks for these and other new vulnerabilities by accessing their Qualys subscription. Visit our blog to,euc_ctx,0.99,1,65,0.9909,0.69404,3.75207,3.74895,0.61333,0.9551,0.26106,0.21879,3.25704,0.27623
374, audit their networks for these and other new vulnerabilities by accessing their Qualys subscription. Visit our blog to,cau_ctx,0.3,1,81,0.3258,0.19674,2.32286,2.32381,0.55155,0.9551,0.75837,1.37953,0.73423,0.2091
374, audit their networks for these and other new vulnerabilities by accessing their Qualys subscription. Visit our blog to,cau_ctx,0.5,1,86,0.52329,0.15285,2.90088,2.89945,0.55203,0.9551,0.80225,1.6182,1.0433,0.23939
374, audit their networks for these and other new vulnerabilities by accessing their Qualys subscription. Visit our blog to,cau_ctx,0.7,1,91,0.71485,0.13477,3.46676,3.46303,0.55202,0.9551,0.82033,1.73748,1.45903,0.27025
374, audit their networks for these and other new vulnerabilities by accessing their Qualys subscription. Visit our blog to,cau_ctx,0.9,1,99,0.90501,0.1382,4.25569,4.24843,0.55202,0.9551,0.8169,1.71365,2.22152,0.32052
374, audit their networks for these and other new vulnerabilities by accessing their Qualys subscription. Visit our blog to,cau_ctx,0.99,1,113,0.99047,0.19307,5.10916,5.09554,0.55413,0.9551,0.76203,1.39729,3.30126,0.41061
374, audit their networks for these and other new vulnerabilities by accessing their Qualys subscription. Visit our blog to,dua_ctx,0.3,1,69,0.30515,0.85009,0.33733,0.33289,0.00105,0.9551,0.10502,0.05712,0.10913,0.17108
374, audit their networks for these and other new vulnerabilities by accessing their Qualys subscription. Visit our blog to,dua_ctx,0.5,1,85,0.5088,0.82314,0.52159,0.50977,0.00195,0.9551,0.13196,0.08046,0.16841,0.27271
374, audit their networks for these and other new vulnerabilities by accessing their Qualys subscription. Visit our blog to,dua_ctx,0.7,1,101,0.71137,0.79581,0.72566,0.70429,0.00204,0.9551,0.15929,0.10626,0.23143,0.38796
374, audit their networks for these and other new vulnerabilities by accessing their Qualys subscription. Visit our blog to,dua_ctx,0.9,1,119,0.90909,0.77182,0.97204,0.93779,0.00215,0.9551,0.18329,0.13051,0.30709,0.53443
374, audit their networks for these and other new vulnerabilities by accessing their Qualys subscription. Visit our blog to,dua_ctx,0.99,1,133,0.99043,0.76968,1.16334,1.11805,0.00215,0.9551,0.18543,0.13275,0.36056,0.67003
374, audit their networks for these and other new vulnerabilities by accessing their Qualys subscription. Visit our blog to,euc_unemb,0.3,1,25,0.40757,0.75339,0.60873,0.62116,0.42691,0.9551,0.20171,0.15011,0.38452,0.07409
374, audit their networks for these and other new vulnerabilities by accessing their Qualys subscription. Visit our blog to,euc_unemb,0.5,1,26,0.53866,0.72987,0.66645,0.67839,0.42689,0.9551,0.22523,0.1763,0.39983,0.09032
374, audit their networks for these and other new vulnerabilities by accessing their Qualys subscription. Visit our blog to,euc_unemb,0.7,1,28,0.77052,0.68967,0.77924,0.78866,0.0106,0.9551,0.26543,0.22418,0.42544,0.12962
374, audit their networks for these and other new vulnerabilities by accessing their Qualys subscription. Visit our blog to,euc_unemb,0.9,1,30,0.90597,0.66123,0.88971,0.89516,0.0106,0.9551,0.29387,0.26047,0.45429,0.17495
374, audit their networks for these and other new vulnerabilities by accessing their Qualys subscription. Visit our blog to,euc_unemb,0.99,1,35,0.99256,0.61283,1.1565,1.14972,0.01067,0.9551,0.34227,0.32708,0.5315,0.29792
374, audit their networks for these and other new vulnerabilities by accessing their Qualys subscription. Visit our blog to,cau_unemb,0.3,1,27,0.31368,0.66502,0.79312,0.80735,0.44204,0.9551,0.29008,0.25552,0.47502,0.06259
374, audit their networks for these and other new vulnerabilities by accessing their Qualys subscription. Visit our blog to,cau_unemb,0.5,1,29,0.53486,0.65792,0.77422,0.78877,0.44069,0.9551,0.29719,0.26483,0.42984,0.07954
374, audit their networks for these and other new vulnerabilities by accessing their Qualys subscription. Visit our blog to,cau_unemb,0.7,1,31,0.74233,0.66547,0.7354,0.74881,0.01048,0.9551,0.28963,0.25493,0.37756,0.1029
374, audit their networks for these and other new vulnerabilities by accessing their Qualys subscription. Visit our blog to,cau_unemb,0.9,1,34,0.91902,0.67952,0.73113,0.74054,0.01064,0.9551,0.27558,0.23691,0.34419,0.15003
374, audit their networks for these and other new vulnerabilities by accessing their Qualys subscription. Visit our blog to,cau_unemb,0.99,1,39,0.991,0.67289,0.84416,0.84407,0.0106,0.9551,0.28221,0.24535,0.35105,0.24776
374, audit their networks for these and other new vulnerabilities by accessing their Qualys subscription. Visit our blog to,dua_unemb,0.3,1,29,0.31284,0.9115,0.16036,0.1606,0.00119,0.9551,0.0436,0.01416,0.05395,0.09225
374, audit their networks for these and other new vulnerabilities by accessing their Qualys subscription. Visit our blog to,dua_unemb,0.5,1,35,0.53617,0.90138,0.2813,0.2738,0.00988,0.9551,0.05372,0.01996,0.08986,0.17148
374, audit their networks for these and other new vulnerabilities by accessing their Qualys subscription. Visit our blog to,dua_unemb,0.7,1,40,0.71323,0.89065,0.395,0.37944,0.00999,0.9551,0.06445,0.02676,0.11662,0.25162
374, audit their networks for these and other new vulnerabilities by accessing their Qualys subscription. Visit our blog to,dua_unemb,0.9,1,47,0.91875,0.87688,0.56693,0.53802,0.01005,0.9551,0.07822,0.03632,0.14872,0.3819
374, audit their networks for these and other new vulnerabilities by accessing their Qualys subscription. Visit our blog to,dua_unemb,0.99,1,53,0.9931,0.86665,0.73165,0.68926,0.01005,0.9551,0.08846,0.04395,0.16892,0.51879
374, audit their networks for these and other new vulnerabilities by accessing their Qualys subscription. Visit our blog to,euc_dmd,0.3,1,22,0.38716,0.675,1.2826,1.29515,0.44361,0.9551,0.2801,0.24265,0.97949,0.06047
374, audit their networks for these and other new vulnerabilities by accessing their Qualys subscription. Visit our blog to,euc_dmd,0.5,1,23,0.5547,0.68365,1.62759,1.63883,0.44359,0.9551,0.27146,0.23171,1.32446,0.07143
374, audit their networks for these and other new vulnerabilities by accessing their Qualys subscription. Visit our blog to,euc_dmd,0.7,1,24,0.71061,0.70602,2.0596,2.06877,0.44362,0.9551,0.24908,0.20424,1.7708,0.08456
374, audit their networks for these and other new vulnerabilities by accessing their Qualys subscription. Visit our blog to,euc_dmd,0.9,1,26,0.90498,0.7676,3.1221,3.12528,0.44374,0.9551,0.18751,0.13493,2.86955,0.11762
374, audit their networks for these and other new vulnerabilities by accessing their Qualys subscription. Visit our blog to,euc_dmd,0.99,1,30,0.99299,0.85492,5.33446,5.32244,0.44563,0.9551,0.10018,0.05317,5.07671,0.20458
374, audit their networks for these and other new vulnerabilities by accessing their Qualys subscription. Visit our blog to,cau_dmd,0.3,1,24,0.34164,0.52353,1.70872,1.72186,0.62046,0.9551,0.43157,0.46818,1.18182,0.05871
374, audit their networks for these and other new vulnerabilities by accessing their Qualys subscription. Visit our blog to,cau_dmd,0.5,1,26,0.64619,0.57849,2.35073,2.36169,0.65608,0.9551,0.37662,0.37835,1.89984,0.07254
374, audit their networks for these and other new vulnerabilities by accessing their Qualys subscription. Visit our blog to,cau_dmd,0.7,1,27,0.77398,0.62883,2.77256,2.7816,0.65608,0.9551,0.32627,0.30436,2.38686,0.08134
374, audit their networks for these and other new vulnerabilities by accessing their Qualys subscription. Visit our blog to,cau_dmd,0.9,1,29,0.92315,0.73595,3.78922,3.79283,0.67998,0.9551,0.21916,0.16941,3.51579,0.10402
374, audit their networks for these and other new vulnerabilities by accessing their Qualys subscription. Visit our blog to,cau_dmd,0.99,1,33,0.99319,0.86176,6.04616,6.03545,0.60453,0.9551,0.09335,0.04774,5.82729,0.17114
374, audit their networks for these and other new vulnerabilities by accessing their Qualys subscription. Visit our blog to,dua_dmd,0.3,1,30,0.30092,0.90109,0.50419,0.49996,0.0024,0.9551,0.05401,0.02014,0.37165,0.1124
374, audit their networks for these and other new vulnerabilities by accessing their Qualys subscription. Visit our blog to,dua_dmd,0.5,1,37,0.50089,0.89895,0.88687,0.86911,0.01034,0.9551,0.05616,0.02145,0.646,0.21941
374, audit their networks for these and other new vulnerabilities by accessing their Qualys subscription. Visit our blog to,dua_dmd,0.7,1,45,0.72668,0.8934,1.34691,1.31193,0.01065,0.9551,0.06171,0.02497,0.96183,0.36012
374, audit their networks for these and other new vulnerabilities by accessing their Qualys subscription. Visit our blog to,dua_dmd,0.9,1,52,0.90115,0.89221,1.81494,1.76336,0.01065,0.9551,0.0629,0.02574,1.29437,0.49483
374, audit their networks for these and other new vulnerabilities by accessing their Qualys subscription. Visit our blog to,dua_dmd,0.99,1,59,0.9912,0.89722,2.37808,2.3074,0.01074,0.9551,0.05788,0.02253,1.70154,0.65402
41,. Be the apple of everyone’s eyes and dress like a gentleman with what DQT has to,euc_ctx,0.3,1,32,0.34673,0.99496,0.00726,0.00084,0.0,0.99716,0.0022,0.00058,0.00156,0.00513
41,. Be the apple of everyone’s eyes and dress like a gentleman with what DQT has to,euc_ctx,0.5,1,35,0.53796,0.99507,0.00849,0.0017,0.0,0.99716,0.00209,0.00053,0.0017,0.00626
41,. Be the apple of everyone’s eyes and dress like a gentleman with what DQT has to,euc_ctx,0.7,1,38,0.71864,0.9956,0.0099,0.00207,0.0,0.99716,0.00157,0.00032,0.00202,0.00756
41,. Be the apple of everyone’s eyes and dress like a gentleman with what DQT has to,euc_ctx,0.9,1,43,0.90439,0.99674,0.01269,0.00171,0.0,0.99716,0.00042,3e-05,0.00253,0.01013
41,. Be the apple of everyone’s eyes and dress like a gentleman with what DQT has to,euc_ctx,0.99,1,52,0.99008,0.99798,0.01908,0.00045,0.0,0.99716,0.00082,0.00015,0.0031,0.01583
41,. Be the apple of everyone’s eyes and dress like a gentleman with what DQT has to,cau_ctx,0.3,1,63,0.32141,0.98328,0.0182,0.01365,0.0,0.99716,0.01388,0.00895,0.00166,0.00759
41,. Be the apple of everyone’s eyes and dress like a gentleman with what DQT has to,cau_ctx,0.5,1,69,0.50999,0.98018,0.02286,0.0178,0.0,0.99716,0.01698,0.01161,0.00211,0.00914
41,. Be the apple of everyone’s eyes and dress like a gentleman with what DQT has to,cau_ctx,0.7,1,76,0.72281,0.97852,0.02702,0.02065,0.0,0.99716,0.01864,0.01308,0.00279,0.01115
41,. Be the apple of everyone’s eyes and dress like a gentleman with what DQT has to,cau_ctx,0.9,1,86,0.90641,0.97886,0.03082,0.02129,0.0,0.99716,0.0183,0.01278,0.00364,0.01441
41,. Be the apple of everyone’s eyes and dress like a gentleman with what DQT has to,cau_ctx,0.99,1,104,0.99036,0.97827,0.03936,0.02242,0.0,0.99716,0.0189,0.0133,0.00472,0.02133
41,. Be the apple of everyone’s eyes and dress like a gentleman with what DQT has to,dua_ctx,0.3,1,56,0.30116,0.99675,0.01814,-0.00303,0.0,0.99716,0.00041,3e-05,0.00491,0.0132
41,. Be the apple of everyone’s eyes and dress like a gentleman with what DQT has to,dua_ctx,0.5,1,77,0.50585,0.99474,0.02926,-0.00096,0.0,0.99716,0.00242,0.00067,0.00567,0.02292
41,. Be the apple of everyone’s eyes and dress like a gentleman with what DQT has to,dua_ctx,0.7,1,97,0.70027,0.99171,0.04186,0.00204,0.0,0.99716,0.00546,0.00243,0.00704,0.03239
41,. Be the apple of everyone’s eyes and dress like a gentleman with what DQT has to,dua_ctx,0.9,1,120,0.90339,0.98931,0.05519,0.0045,0.0,0.99716,0.00786,0.00412,0.00923,0.04183
41,. Be the apple of everyone’s eyes and dress like a gentleman with what DQT has to,dua_ctx,0.99,1,137,0.99001,0.99328,0.05847,0.00059,0.0,0.99716,0.00388,0.00144,0.01093,0.0461
41,. Be the apple of everyone’s eyes and dress like a gentleman with what DQT has to,euc_unemb,0.3,1,16,0.36553,0.99156,0.00863,0.01281,0.0,0.99716,0.00561,0.00253,0.00328,0.00282
41,. Be the apple of everyone’s eyes and dress like a gentleman with what DQT has to,euc_unemb,0.5,1,18,0.6242,0.98991,0.0167,0.02155,0.0,0.99716,0.00726,0.00368,0.0084,0.00462
41,. Be the apple of everyone’s eyes and dress like a gentleman with what DQT has to,euc_unemb,0.7,1,19,0.73827,0.98915,0.02147,0.02615,0.0,0.99716,0.00802,0.00424,0.01147,0.00575
41,. Be the apple of everyone’s eyes and dress like a gentleman with what DQT has to,euc_unemb,0.9,1,22,0.93254,0.98711,0.03551,0.03806,0.0,0.99716,0.01006,0.00581,0.0199,0.0098
41,. Be the apple of everyone’s eyes and dress like a gentleman with what DQT has to,euc_unemb,0.99,1,26,0.9914,0.98408,0.0535,0.05164,0.0,0.99716,0.01308,0.00827,0.02938,0.01585
41,. Be the apple of everyone’s eyes and dress like a gentleman with what DQT has to,cau_unemb,0.3,1,17,0.34935,0.97945,0.0174,0.02357,0.0,0.99716,0.01771,0.01226,0.00219,0.00295
41,. Be the apple of everyone’s eyes and dress like a gentleman with what DQT has to,cau_unemb,0.5,1,19,0.59048,0.97844,0.02273,0.02985,0.0,0.99716,0.01872,0.01315,0.00565,0.00394
41,. Be the apple of everyone’s eyes and dress like a gentleman with what DQT has to,cau_unemb,0.7,1,20,0.70265,0.97891,0.02507,0.03224,0.0,0.99716,0.01826,0.01273,0.00779,0.00455
41,. Be the apple of everyone’s eyes and dress like a gentleman with what DQT has to,cau_unemb,0.9,1,23,0.91231,0.98146,0.03117,0.03696,0.0,0.99716,0.0157,0.0105,0.01372,0.00695
41,. Be the apple of everyone’s eyes and dress like a gentleman with what DQT has to,cau_unemb,0.99,1,28,0.99195,0.98196,0.04385,0.0452,0.0,0.99716,0.0152,0.01007,0.02129,0.01249
41,. Be the apple of everyone’s eyes and dress like a gentleman with what DQT has to,dua_unemb,0.3,1,24,0.31788,0.99368,0.01231,0.00793,0.0,0.99716,0.00348,0.00121,0.00201,0.00909
41,. Be the apple of everyone’s eyes and dress like a gentleman with what DQT has to,dua_unemb,0.5,1,32,0.5239,0.98661,0.02987,0.02062,0.0,0.99716,0.01056,0.00621,0.00558,0.01807
41,. Be the apple of everyone’s eyes and dress like a gentleman with what DQT has to,dua_unemb,0.7,1,39,0.70172,0.97703,0.04937,0.03423,0.0,0.99716,0.02013,0.0144,0.00867,0.02629
41,. Be the apple of everyone’s eyes and dress like a gentleman with what DQT has to,dua_unemb,0.9,1,48,0.90643,0.96145,0.07839,0.05379,0.0,0.99716,0.03572,0.02897,0.01195,0.03747
41,. Be the apple of everyone’s eyes and dress like a gentleman with what DQT has to,dua_unemb,0.99,1,55,0.99049,0.9506,0.10089,0.06736,0.0,0.99716,0.04656,0.03958,0.01427,0.04705
41,. Be the apple of everyone’s eyes and dress like a gentleman with what DQT has to,euc_dmd,0.3,1,18,0.33424,0.99357,0.0355,0.0415,0.0,0.99716,0.00359,0.00128,0.02976,0.00446
41,. Be the apple of everyone’s eyes and dress like a gentleman with what DQT has to,euc_dmd,0.5,1,20,0.56455,0.99152,0.0813,0.08882,0.0,0.99716,0.00565,0.00255,0.07218,0.00657
41,. Be the apple of everyone’s eyes and dress like a gentleman with what DQT has to,euc_dmd,0.7,1,22,0.77177,0.98967,0.14875,0.15636,0.0,0.99716,0.0075,0.00386,0.13581,0.00908
41,. Be the apple of everyone’s eyes and dress like a gentleman with what DQT has to,euc_dmd,0.9,1,25,0.93582,0.98804,0.2713,0.27699,0.0,0.99716,0.00912,0.00508,0.25296,0.01326
41,. Be the apple of everyone’s eyes and dress like a gentleman with what DQT has to,euc_dmd,0.99,1,29,0.99084,0.98741,0.4702,0.47154,0.0,0.99716,0.00976,0.00558,0.44548,0.01915
41,. Be the apple of everyone’s eyes and dress like a gentleman with what DQT has to,cau_dmd,0.3,1,23,0.34698,0.98776,0.05173,0.05937,0.0,0.99716,0.0094,0.0053,0.0412,0.00523
41,. Be the apple of everyone’s eyes and dress like a gentleman with what DQT has to,cau_dmd,0.5,1,25,0.53241,0.98346,0.10614,0.11526,0.0,0.99716,0.0137,0.0088,0.09031,0.00703
41,. Be the apple of everyone’s eyes and dress like a gentleman with what DQT has to,cau_dmd,0.7,1,27,0.71217,0.9785,0.18816,0.1977,0.0,0.99716,0.01867,0.0131,0.16592,0.00915
41,. Be the apple of everyone’s eyes and dress like a gentleman with what DQT has to,cau_dmd,0.9,1,31,0.92526,0.96932,0.42019,0.42783,0.0,0.99716,0.02784,0.02148,0.38472,0.01398
41,. Be the apple of everyone’s eyes and dress like a gentleman with what DQT has to,cau_dmd,0.99,1,36,0.99084,0.9624,0.83848,0.84078,0.0,0.99716,0.03476,0.02805,0.78993,0.0205
41,. Be the apple of everyone’s eyes and dress like a gentleman with what DQT has to,dua_dmd,0.3,1,29,0.31457,0.99705,0.05133,0.0446,0.0,0.99716,0.00011,0.0,0.03745,0.01388
41,. Be the apple of everyone’s eyes and dress like a gentleman with what DQT has to,dua_dmd,0.5,1,39,0.5182,0.99666,0.10391,0.08815,0.0,0.99716,0.0005,4e-05,0.07922,0.02464
41,. Be the apple of everyone’s eyes and dress like a gentleman with what DQT has to,dua_dmd,0.7,1,49,0.71837,0.99676,0.16154,0.1354,0.0,0.99716,0.0004,3e-05,0.12618,0.03533
41,. Be the apple of everyone’s eyes and dress like a gentleman with what DQT has to,dua_dmd,0.9,1,60,0.91227,0.99716,0.22626,0.18928,0.0,0.99716,0.0,0.0,0.18058,0.04568
41,. Be the apple of everyone’s eyes and dress like a gentleman with what DQT has to,dua_dmd,0.99,1,69,0.99301,0.9977,0.27254,0.23127,0.0,0.99716,0.00054,6e-05,0.22341,0.04907
494,"
""It was talk,"" Rivers told reporters.
""I don't even know what to",euc_ctx,0.3,1,38,0.36236,0.7861,0.30565,0.30569,0.00423,0.9884,0.20229,0.19253,0.08302,0.0301
494,"
""It was talk,"" Rivers told reporters.
""I don't even know what to",euc_ctx,0.5,1,40,0.52236,0.78109,0.36219,0.36163,0.00984,0.9884,0.20731,0.19858,0.13041,0.0332
494,"
""It was talk,"" Rivers told reporters.
""I don't even know what to",euc_ctx,0.7,1,43,0.74514,0.80177,0.42582,0.42321,0.00994,0.9884,0.18663,0.17391,0.21378,0.03813
494,"
""It was talk,"" Rivers told reporters.
""I don't even know what to",euc_ctx,0.9,1,47,0.91582,0.85566,0.46511,0.45789,0.00973,0.9884,0.13274,0.11329,0.30647,0.04535
494,"
""It was talk,"" Rivers told reporters.
""I don't even know what to",euc_ctx,0.99,1,54,0.99094,0.92671,0.50934,0.49145,0.00972,0.9884,0.06169,0.04231,0.4067,0.06033
494,"
""It was talk,"" Rivers told reporters.
""I don't even know what to",cau_ctx,0.3,1,66,0.32611,0.25703,1.39408,1.38683,0.00356,0.9884,0.73137,1.283,0.05043,0.06065
494,"
""It was talk,"" Rivers told reporters.
""I don't even know what to",cau_ctx,0.5,1,70,0.50384,0.20615,1.64526,1.63537,0.00372,0.9884,0.78225,1.50028,0.0779,0.06707
494,"
""It was talk,"" Rivers told reporters.
""I don't even know what to",cau_ctx,0.7,1,75,0.7196,0.17847,1.83592,1.82271,0.00394,0.9884,0.80992,1.64236,0.11837,0.0752
494,"
""It was talk,"" Rivers told reporters.
""I don't even know what to",cau_ctx,0.9,1,82,0.90394,0.17997,1.88598,1.86813,0.00871,0.9884,0.80843,1.63414,0.16512,0.08671
494,"
""It was talk,"" Rivers told reporters.
""I don't even know what to",cau_ctx,0.99,1,95,0.99061,0.23223,1.70809,1.68141,0.00834,0.9884,0.75617,1.38292,0.21665,0.10852
494,"
""It was talk,"" Rivers told reporters.
""I don't even know what to",dua_ctx,0.3,1,65,0.30644,0.95891,0.16208,0.1347,0.00364,0.9884,0.02949,0.01527,0.07945,0.06736
494,"
""It was talk,"" Rivers told reporters.
""I don't even know what to",dua_ctx,0.5,1,87,0.50025,0.96158,0.26158,0.21153,0.00901,0.9884,0.02682,0.0133,0.13131,0.11698
494,"
""It was talk,"" Rivers told reporters.
""I don't even know what to",dua_ctx,0.7,1,110,0.70181,0.94733,0.3965,0.32299,0.01158,0.9884,0.04107,0.0244,0.19753,0.17458
494,"
""It was talk,"" Rivers told reporters.
""I don't even know what to",dua_ctx,0.9,1,134,0.90388,0.92142,0.53685,0.45045,0.01158,0.9884,0.06698,0.04716,0.27289,0.2168
494,"
""It was talk,"" Rivers told reporters.
""I don't even know what to",dua_ctx,0.99,1,150,0.99094,0.90729,0.61399,0.52126,0.01172,0.9884,0.08111,0.06052,0.31695,0.23652
494,"
""It was talk,"" Rivers told reporters.
""I don't even know what to",euc_unemb,0.3,1,20,0.34283,0.92307,0.11887,0.12194,0.01037,0.9884,0.06532,0.04564,0.06189,0.01134
494,"
""It was talk,"" Rivers told reporters.
""I don't even know what to",euc_unemb,0.5,1,22,0.64521,0.93573,0.23767,0.2393,0.01021,0.9884,0.05267,0.03426,0.18875,0.01465
494,"
""It was talk,"" Rivers told reporters.
""I don't even know what to",euc_unemb,0.7,1,23,0.77286,0.94533,0.31072,0.31047,0.00913,0.9884,0.04307,0.02605,0.26763,0.01704
494,"
""It was talk,"" Rivers told reporters.
""I don't even know what to",euc_unemb,0.9,1,25,0.92287,0.96066,0.44416,0.4384,0.00911,0.9884,0.02774,0.01397,0.40622,0.02397
494,"
""It was talk,"" Rivers told reporters.
""I don't even know what to",euc_unemb,0.99,1,29,0.99341,0.96936,0.64805,0.62848,0.00909,0.9884,0.01904,0.00796,0.59376,0.04633
494,"
""It was talk,"" Rivers told reporters.
""I don't even know what to",cau_unemb,0.3,1,22,0.32548,0.7905,0.28,0.28684,0.01396,0.9884,0.1979,0.18726,0.07836,0.01438
494,"
""It was talk,"" Rivers told reporters.
""I don't even know what to",cau_unemb,0.5,1,24,0.5996,0.80836,0.39882,0.4053,0.01288,0.9884,0.18004,0.16621,0.21584,0.01677
494,"
""It was talk,"" Rivers told reporters.
""I don't even know what to",cau_unemb,0.7,1,25,0.72554,0.83121,0.46425,0.46967,0.01048,0.9884,0.15719,0.14013,0.30594,0.01818
494,"
""It was talk,"" Rivers told reporters.
""I don't even know what to",cau_unemb,0.9,1,28,0.93618,0.90455,0.63639,0.63572,0.00898,0.9884,0.08385,0.06317,0.54925,0.02397
494,"
""It was talk,"" Rivers told reporters.
""I don't even know what to",cau_unemb,0.99,1,32,0.99325,0.94671,0.8273,0.81521,0.00885,0.9884,0.04169,0.0249,0.76436,0.03804
494,"
""It was talk,"" Rivers told reporters.
""I don't even know what to",dua_unemb,0.3,1,30,0.30538,0.9856,0.10406,0.08112,0.00372,0.9884,0.00279,0.00029,0.06721,0.03655
494,"
""It was talk,"" Rivers told reporters.
""I don't even know what to",dua_unemb,0.5,1,41,0.50214,0.97873,0.21935,0.16809,0.00369,0.9884,0.00967,0.00269,0.12157,0.09509
494,"
""It was talk,"" Rivers told reporters.
""I don't even know what to",dua_unemb,0.7,1,53,0.71717,0.96748,0.3608,0.28127,0.00384,0.9884,0.02091,0.00918,0.19368,0.15794
494,"
""It was talk,"" Rivers told reporters.
""I don't even know what to",dua_unemb,0.9,1,64,0.90142,0.95753,0.48966,0.39548,0.00386,0.9884,0.03087,0.0163,0.26947,0.20389
494,"
""It was talk,"" Rivers told reporters.
""I don't even know what to",dua_unemb,0.99,1,73,0.99296,0.95209,0.58338,0.48256,0.00443,0.9884,0.03631,0.02054,0.33001,0.23283
494,"
""It was talk,"" Rivers told reporters.
""I don't even know what to",euc_dmd,0.3,1,18,0.32928,0.9549,0.1166,0.11384,0.01006,0.9884,0.0335,0.01833,0.08752,0.01075
494,"
""It was talk,"" Rivers told reporters.
""I don't even know what to",euc_dmd,0.5,1,20,0.66016,0.96363,0.22448,0.21843,0.01027,0.9884,0.02476,0.01182,0.1977,0.01495
494,"
""It was talk,"" Rivers told reporters.
""I don't even know what to",euc_dmd,0.7,1,21,0.7948,0.97022,0.28682,0.27779,0.01037,0.9884,0.01818,0.00741,0.26153,0.01787
494,"
""It was talk,"" Rivers told reporters.
""I don't even know what to",euc_dmd,0.9,1,23,0.93932,0.98078,0.4,0.38327,0.01031,0.9884,0.00762,0.00179,0.37248,0.02573
494,"
""It was talk,"" Rivers told reporters.
""I don't even know what to",euc_dmd,0.99,1,26,0.99209,0.9882,0.54907,0.51907,0.01004,0.9884,0.0002,0.0,0.50705,0.04202
494,"
""It was talk,"" Rivers told reporters.
""I don't even know what to",cau_dmd,0.3,1,21,0.42952,0.9217,0.32891,0.3282,0.01321,0.9884,0.0667,0.0469,0.27031,0.01169
494,"
""It was talk,"" Rivers told reporters.
""I don't even know what to",cau_dmd,0.5,1,22,0.59178,0.92842,0.47502,0.47259,0.01247,0.9884,0.05998,0.04077,0.42063,0.01362
494,"
""It was talk,"" Rivers told reporters.
""I don't even know what to",cau_dmd,0.7,1,23,0.73753,0.93826,0.65169,0.64666,0.01247,0.9884,0.05013,0.03205,0.60356,0.01608
494,"
""It was talk,"" Rivers told reporters.
""I don't even know what to",cau_dmd,0.9,1,25,0.915,0.95759,1.02651,1.01421,0.00998,0.9884,0.03081,0.01626,0.98733,0.02292
494,"
""It was talk,"" Rivers told reporters.
""I don't even know what to",cau_dmd,0.99,1,29,0.99413,0.97669,1.67793,1.64762,0.01019,0.9884,0.01171,0.00369,1.63077,0.04347
494,"
""It was talk,"" Rivers told reporters.
""I don't even know what to",dua_dmd,0.3,1,26,0.30799,0.99417,0.17352,0.14499,0.01019,0.9884,0.00577,0.00222,0.14495,0.02634
494,"
""It was talk,"" Rivers told reporters.
""I don't even know what to",dua_dmd,0.5,1,36,0.52095,0.99717,0.34166,0.27982,0.01006,0.9884,0.00878,0.00765,0.2608,0.07321
494,"
""It was talk,"" Rivers told reporters.
""I don't even know what to",dua_dmd,0.7,1,45,0.70808,0.99806,0.49222,0.40072,0.01001,0.9884,0.00966,0.01112,0.36179,0.11931
494,"
""It was talk,"" Rivers told reporters.
""I don't even know what to",dua_dmd,0.9,1,56,0.91513,0.99885,0.66118,0.54638,0.00986,0.9884,0.01045,0.01641,0.48052,0.16425
494,"
""It was talk,"" Rivers told reporters.
""I don't even know what to",dua_dmd,0.99,1,63,0.99202,0.99924,0.76044,0.63898,0.00984,0.9884,0.01084,0.0208,0.55284,0.1868
257,"<bos>Hmm, what should we",euc_ctx,0.3,1,38,0.33944,0.5217,0.65471,0.65776,0.05952,0.9067,0.385,0.34866,0.12119,0.18486
257,"<bos>Hmm, what should we",euc_ctx,0.5,1,41,0.55128,0.51127,0.75022,0.7506,0.05567,0.9067,0.39542,0.36495,0.16433,0.22094
257,"<bos>Hmm, what should we",euc_ctx,0.7,1,44,0.74613,0.53516,0.80705,0.80372,0.07923,0.9067,0.37154,0.32822,0.21748,0.26136
257,"<bos>Hmm, what should we",euc_ctx,0.9,1,48,0.90395,0.59944,0.84531,0.83558,0.06599,0.9067,0.30726,0.23926,0.28337,0.32268
257,"<bos>Hmm, what should we",euc_ctx,0.99,1,57,0.99233,0.72986,0.97237,0.9445,0.05871,0.9067,0.17684,0.09753,0.38173,0.49311
257,"<bos>Hmm, what should we",cau_ctx,0.3,1,66,0.33313,0.14162,2.04295,2.03704,0.30057,0.9067,0.76508,1.4764,0.24631,0.32024
257,"<bos>Hmm, what should we",cau_ctx,0.5,1,71,0.53071,0.10936,2.36542,2.35482,0.30316,0.9067,0.79734,1.70735,0.28259,0.37547
257,"<bos>Hmm, what should we",cau_ctx,0.7,1,76,0.71891,0.09586,2.58089,2.56535,0.30468,0.9067,0.81084,1.8254,0.32325,0.43224
257,"<bos>Hmm, what should we",cau_ctx,0.9,1,84,0.90409,0.09617,2.74264,2.71891,0.29704,0.9067,0.81053,1.82253,0.3947,0.52541
257,"<bos>Hmm, what should we",cau_ctx,0.99,1,99,0.99091,0.12723,2.80765,2.76798,0.29907,0.9067,0.77947,1.57197,0.52987,0.70581
257,"<bos>Hmm, what should we",dua_ctx,0.3,1,53,0.30625,0.76487,0.41421,0.40829,0.0147,0.9067,0.14183,0.06799,0.15267,0.19354
257,"<bos>Hmm, what should we",dua_ctx,0.5,1,65,0.50027,0.7627,0.57988,0.56368,0.01618,0.9067,0.144,0.06971,0.20967,0.3005
257,"<bos>Hmm, what should we",dua_ctx,0.7,1,81,0.70524,0.77412,0.84888,0.81349,0.02018,0.9067,0.13258,0.06084,0.28904,0.499
257,"<bos>Hmm, what should we",dua_ctx,0.9,1,103,0.90276,0.79133,1.31565,1.24714,0.02214,0.9067,0.11537,0.0483,0.41363,0.85372
257,"<bos>Hmm, what should we",dua_ctx,0.99,1,120,0.99029,0.80509,1.73297,1.63894,0.02243,0.9067,0.10161,0.03903,0.51317,1.18078
257,"<bos>Hmm, what should we",euc_unemb,0.3,1,20,0.38659,0.64479,0.52185,0.53403,0.33824,0.9067,0.26191,0.18435,0.23302,0.10449
257,"<bos>Hmm, what should we",euc_unemb,0.5,1,21,0.52456,0.66359,0.5376,0.5486,0.35168,0.9067,0.24311,0.16337,0.25697,0.11727
257,"<bos>Hmm, what should we",euc_unemb,0.7,1,23,0.77185,0.73218,0.59857,0.60545,0.06864,0.9067,0.17452,0.09545,0.35387,0.14925
257,"<bos>Hmm, what should we",euc_unemb,0.9,1,25,0.91215,0.80501,0.73561,0.73623,0.08868,0.9067,0.10169,0.03908,0.50222,0.1943
257,"<bos>Hmm, what should we",euc_unemb,0.99,1,30,0.99423,0.87951,1.25041,1.23073,0.33368,0.9067,0.02719,0.00374,0.86307,0.3836
257,"<bos>Hmm, what should we",cau_unemb,0.3,1,22,0.37503,0.40386,0.94247,0.9567,0.39374,0.9067,0.50284,0.56024,0.25092,0.13131
257,"<bos>Hmm, what should we",cau_unemb,0.5,1,24,0.62075,0.43773,0.92832,0.94088,0.30932,0.9067,0.46897,0.49268,0.28159,0.15404
257,"<bos>Hmm, what should we",cau_unemb,0.7,1,25,0.72991,0.47468,0.9104,0.92167,0.30937,0.9067,0.43202,0.42555,0.31827,0.16658
257,"<bos>Hmm, what should we",cau_unemb,0.9,1,28,0.92397,0.62823,0.90975,0.91509,0.07946,0.9067,0.27847,0.20369,0.49449,0.21158
257,"<bos>Hmm, what should we",cau_unemb,0.99,1,33,0.99331,0.80934,1.16304,1.15328,0.33401,0.9067,0.09736,0.03632,0.79632,0.33041
257,"<bos>Hmm, what should we",dua_unemb,0.3,1,23,0.30003,0.83876,0.13671,0.1418,0.00794,0.9067,0.06794,0.01958,0.02857,0.08856
257,"<bos>Hmm, what should we",dua_unemb,0.5,1,28,0.54091,0.86522,0.24853,0.24639,0.01167,0.9067,0.04148,0.00814,0.08166,0.15873
257,"<bos>Hmm, what should we",dua_unemb,0.7,1,33,0.73348,0.8905,0.41777,0.40447,0.01492,0.9067,0.0162,0.00141,0.14966,0.2667
257,"<bos>Hmm, what should we",dua_unemb,0.9,1,40,0.90626,0.90535,0.71883,0.68444,0.01632,0.9067,0.00135,1e-05,0.22847,0.49035
257,"<bos>Hmm, what should we",dua_unemb,0.99,1,48,0.9936,0.90124,1.1553,1.09012,0.01664,0.9067,0.00546,0.00017,0.30955,0.84557
257,"<bos>Hmm, what should we",euc_dmd,0.3,1,18,0.41005,0.70185,0.50774,0.51404,0.07148,0.9067,0.20485,0.1238,0.27858,0.10535
257,"<bos>Hmm, what should we",euc_dmd,0.5,1,19,0.56515,0.71656,0.54716,0.55124,0.07087,0.9067,0.19014,0.10972,0.31202,0.12542
257,"<bos>Hmm, what should we",euc_dmd,0.7,1,20,0.70826,0.74179,0.61561,0.61667,0.07023,0.9067,0.16491,0.08704,0.37933,0.14924
257,"<bos>Hmm, what should we",euc_dmd,0.9,1,23,0.94025,0.82805,1.02434,1.01257,0.07211,0.9067,0.07865,0.02523,0.75318,0.24593
257,"<bos>Hmm, what should we",euc_dmd,0.99,1,26,0.99023,0.8792,1.59913,1.57178,0.08355,0.9067,0.0275,0.00382,1.22002,0.37528
257,"<bos>Hmm, what should we",cau_dmd,0.3,1,20,0.39369,0.59543,0.7984,0.80892,0.43871,0.9067,0.31127,0.24442,0.43514,0.11883
257,"<bos>Hmm, what should we",cau_dmd,0.5,1,21,0.53578,0.60636,0.82202,0.83076,0.29869,0.9067,0.30034,0.23048,0.45397,0.13757
257,"<bos>Hmm, what should we",cau_dmd,0.7,1,23,0.78586,0.65539,0.98336,0.98655,0.30728,0.9067,0.25131,0.17239,0.62416,0.18681
257,"<bos>Hmm, what should we",cau_dmd,0.9,1,25,0.9217,0.71284,1.30133,1.29671,0.30671,0.9067,0.19386,0.11322,0.93485,0.25325
257,"<bos>Hmm, what should we",cau_dmd,0.99,1,29,0.992,0.78939,2.17716,2.15364,0.31532,0.9067,0.11731,0.04966,1.70309,0.42442
257,"<bos>Hmm, what should we",dua_dmd,0.3,1,21,0.34365,0.85134,0.22325,0.22409,0.05217,0.9067,0.05536,0.01366,0.12447,0.08512
257,"<bos>Hmm, what should we",dua_dmd,0.5,1,25,0.54829,0.87547,0.35819,0.35289,0.05598,0.9067,0.03123,0.00484,0.22123,0.13212
257,"<bos>Hmm, what should we",dua_dmd,0.7,1,29,0.72155,0.9015,0.54055,0.52639,0.07164,0.9067,0.0052,0.00015,0.33811,0.20228
257,"<bos>Hmm, what should we",dua_dmd,0.9,1,35,0.91361,0.93141,0.93424,0.90133,0.07376,0.9067,0.02471,0.00433,0.56333,0.36658
257,"<bos>Hmm, what should we",dua_dmd,0.99,1,41,0.99002,0.94915,1.52864,1.4697,0.0962,0.9067,0.04245,0.01514,0.8932,0.6203
450, are running a fever. And the color-coded read-out is great... I don't,euc_ctx,0.3,1,34,0.33196,0.62535,0.59689,0.59255,0.09176,0.89516,0.26981,0.18756,0.32454,0.08478
450, are running a fever. And the color-coded read-out is great... I don't,euc_ctx,0.5,1,37,0.55156,0.66355,0.6639,0.65718,0.09659,0.89516,0.2316,0.14576,0.41672,0.10142
450, are running a fever. And the color-coded read-out is great... I don't,euc_ctx,0.7,1,40,0.7518,0.73614,0.76185,0.75163,0.09097,0.89516,0.15902,0.07831,0.56347,0.12007
450, are running a fever. And the color-coded read-out is great... I don't,euc_ctx,0.9,1,44,0.90901,0.84286,0.96621,0.94958,0.09135,0.89516,0.0523,0.01146,0.80633,0.14841
450, are running a fever. And the color-coded read-out is great... I don't,euc_ctx,0.99,1,52,0.9906,0.95863,1.46402,1.43119,0.06473,0.89516,0.06347,0.03617,1.20792,0.21993
450, are running a fever. And the color-coded read-out is great... I don't,cau_ctx,0.3,1,63,0.31664,0.58933,0.79623,0.79001,0.04031,0.89516,0.30583,0.23105,0.34629,0.21889
450, are running a fever. And the color-coded read-out is great... I don't,cau_ctx,0.5,1,68,0.50723,0.57383,0.8976,0.88898,0.04074,0.89516,0.32133,0.25102,0.38366,0.26292
450, are running a fever. And the color-coded read-out is great... I don't,cau_ctx,0.7,1,74,0.72741,0.59398,1.00787,0.99542,0.04078,0.89516,0.30118,0.2252,0.46206,0.3206
450, are running a fever. And the color-coded read-out is great... I don't,cau_ctx,0.9,1,82,0.90407,0.66489,1.15081,1.13175,0.04188,0.89516,0.23027,0.14437,0.60156,0.40488
450, are running a fever. And the color-coded read-out is great... I don't,cau_ctx,0.99,1,98,0.99135,0.8079,1.42862,1.3933,0.0441,0.89516,0.08726,0.02832,0.80538,0.59492
450, are running a fever. And the color-coded read-out is great... I don't,dua_ctx,0.3,1,51,0.30182,0.81576,0.23408,0.22656,0.02507,0.89516,0.07939,0.02403,0.09767,0.11238
450, are running a fever. And the color-coded read-out is great... I don't,dua_ctx,0.5,1,64,0.50085,0.81081,0.38586,0.3721,0.03111,0.89516,0.08435,0.0267,0.16138,0.19778
450, are running a fever. And the color-coded read-out is great... I don't,dua_ctx,0.7,1,78,0.71217,0.80997,0.60814,0.58302,0.02883,0.89516,0.08518,0.02716,0.24743,0.33354
450, are running a fever. And the color-coded read-out is great... I don't,dua_ctx,0.9,1,93,0.90238,0.81218,0.92325,0.88127,0.03237,0.89516,0.08297,0.02595,0.35233,0.54497
450, are running a fever. And the color-coded read-out is great... I don't,dua_ctx,0.99,1,108,0.99056,0.82481,1.31838,1.25526,0.03787,0.89516,0.07035,0.01944,0.46346,0.83548
450, are running a fever. And the color-coded read-out is great... I don't,euc_unemb,0.3,1,21,0.34312,0.51132,0.55217,0.55467,0.09198,0.89516,0.38384,0.33991,0.15141,0.06084
450, are running a fever. And the color-coded read-out is great... I don't,euc_unemb,0.5,1,23,0.5834,0.55673,0.49251,0.49368,0.09081,0.89516,0.33842,0.27397,0.14336,0.07519
450, are running a fever. And the color-coded read-out is great... I don't,euc_unemb,0.7,1,25,0.78905,0.6387,0.43751,0.43579,0.08517,0.89516,0.25646,0.17246,0.16736,0.09768
450, are running a fever. And the color-coded read-out is great... I don't,euc_unemb,0.9,1,27,0.90876,0.71744,0.45509,0.44878,0.0665,0.89516,0.17772,0.09417,0.22509,0.13583
450, are running a fever. And the color-coded read-out is great... I don't,euc_unemb,0.99,1,32,0.99133,0.77213,0.8172,0.79462,0.0783,0.89516,0.12303,0.05096,0.4378,0.32844
450, are running a fever. And the color-coded read-out is great... I don't,cau_unemb,0.3,1,22,0.36598,0.3646,0.88503,0.88834,0.36858,0.89516,0.53056,0.61513,0.21411,0.05579
450, are running a fever. And the color-coded read-out is great... I don't,cau_unemb,0.5,1,24,0.58573,0.40817,0.74321,0.74551,0.37266,0.89516,0.48699,0.52153,0.15717,0.06451
450, are running a fever. And the color-coded read-out is great... I don't,cau_unemb,0.7,1,26,0.7735,0.49727,0.56035,0.56085,0.09109,0.89516,0.39789,0.36188,0.12343,0.07503
450, are running a fever. And the color-coded read-out is great... I don't,cau_unemb,0.9,1,29,0.92598,0.66752,0.36649,0.36228,0.05674,0.89516,0.22764,0.14167,0.12629,0.09853
450, are running a fever. And the color-coded read-out is great... I don't,cau_unemb,0.99,1,34,0.9904,0.83191,0.39998,0.38333,0.04779,0.89516,0.06325,0.0161,0.19158,0.19229
450, are running a fever. And the color-coded read-out is great... I don't,dua_unemb,0.3,1,26,0.33423,0.84502,0.13362,0.12999,0.0157,0.89516,0.05013,0.01062,0.04726,0.07574
450, are running a fever. And the color-coded read-out is great... I don't,dua_unemb,0.5,1,31,0.51664,0.86343,0.23346,0.22297,0.01745,0.89516,0.03172,0.00458,0.09516,0.13371
450, are running a fever. And the color-coded read-out is great... I don't,dua_unemb,0.7,1,37,0.70574,0.8808,0.41606,0.39427,0.02353,0.89516,0.01436,0.00102,0.17862,0.23642
450, are running a fever. And the color-coded read-out is great... I don't,dua_unemb,0.9,1,45,0.90438,0.88915,0.79401,0.75234,0.068,0.89516,0.00601,0.00019,0.34045,0.45338
450, are running a fever. And the color-coded read-out is great... I don't,dua_unemb,0.99,1,53,0.99356,0.87665,1.3349,1.26653,0.08532,0.89516,0.01851,0.00166,0.52351,0.80973
450, are running a fever. And the color-coded read-out is great... I don't,euc_dmd,0.3,1,16,0.37683,0.82371,0.94164,0.93401,0.10659,0.89516,0.07145,0.01998,0.8771,0.04456
450, are running a fever. And the color-coded read-out is great... I don't,euc_dmd,0.5,1,17,0.53933,0.85569,1.09586,1.08545,0.11002,0.89516,0.03947,0.00687,1.03941,0.04958
450, are running a fever. And the color-coded read-out is great... I don't,euc_dmd,0.7,1,19,0.81414,0.92754,1.52032,1.50153,0.11572,0.89516,0.03238,0.00692,1.45243,0.06097
450, are running a fever. And the color-coded read-out is great... I don't,euc_dmd,0.9,1,21,0.94239,0.97221,2.04559,2.01568,0.12018,0.89516,0.07705,0.06528,1.9048,0.07552
450, are running a fever. And the color-coded read-out is great... I don't,euc_dmd,0.99,1,24,0.99158,0.99392,2.81364,2.76539,0.11706,0.89516,0.09876,0.20477,2.49729,0.11158
450, are running a fever. And the color-coded read-out is great... I don't,cau_dmd,0.3,1,16,0.41189,0.65148,0.99069,0.99144,0.1206,0.89516,0.24368,0.1585,0.79753,0.03466
450, are running a fever. And the color-coded read-out is great... I don't,cau_dmd,0.5,1,17,0.57774,0.69873,1.11247,1.11105,0.12148,0.89516,0.19643,0.1111,0.9632,0.03817
450, are running a fever. And the color-coded read-out is great... I don't,cau_dmd,0.7,1,18,0.72751,0.762,1.2671,1.26262,0.12336,0.89516,0.13316,0.05822,1.16706,0.04183
450, are running a fever. And the color-coded read-out is great... I don't,cau_dmd,0.9,1,20,0.9102,0.885,1.69703,1.68395,0.12544,0.89516,0.01016,0.00052,1.64684,0.04967
450, are running a fever. And the color-coded read-out is great... I don't,cau_dmd,0.99,1,24,0.99313,0.98391,2.72908,2.69368,0.12701,0.89516,0.08875,0.11186,2.54735,0.06987
450, are running a fever. And the color-coded read-out is great... I don't,dua_dmd,0.3,1,19,0.30531,0.8402,0.17179,0.17156,0.02634,0.89516,0.05496,0.01253,0.12853,0.03073
450, are running a fever. And the color-coded read-out is great... I don't,dua_dmd,0.5,1,23,0.53694,0.86672,0.30393,0.29791,0.07965,0.89516,0.02843,0.00374,0.24535,0.05484
450, are running a fever. And the color-coded read-out is great... I don't,dua_dmd,0.7,1,27,0.74512,0.90194,0.51061,0.49533,0.0832,0.89516,0.00679,0.00026,0.41589,0.09446
450, are running a fever. And the color-coded read-out is great... I don't,dua_dmd,0.9,1,32,0.92683,0.94346,0.92543,0.89405,0.07971,0.89516,0.04831,0.0177,0.73449,0.17324
450, are running a fever. And the color-coded read-out is great... I don't,dua_dmd,0.99,1,37,0.9932,0.97068,1.47092,1.41835,0.0882,0.89516,0.07553,0.06109,1.099,0.31083
4," Brera.
Satisfy your appetite at the hotel's coffee shop/café, or",euc_ctx,0.3,1,24,0.34151,0.20103,1.54283,1.54574,0.08533,0.91575,0.71472,1.19901,0.12129,0.22253
4," Brera.
Satisfy your appetite at the hotel's coffee shop/café, or",euc_ctx,0.5,1,26,0.54064,0.15044,1.95297,1.95186,0.09913,0.91575,0.76531,1.4593,0.22172,0.27194
4," Brera.
Satisfy your appetite at the hotel's coffee shop/café, or",euc_ctx,0.7,1,28,0.72806,0.1232,2.31329,2.30752,0.08305,0.91575,0.79256,1.63963,0.34853,0.32512
4," Brera.
Satisfy your appetite at the hotel's coffee shop/café, or",euc_ctx,0.9,1,31,0.90224,0.10606,2.70126,2.68774,0.06349,0.91575,0.8097,1.77518,0.51618,0.40991
4," Brera.
Satisfy your appetite at the hotel's coffee shop/café, or",euc_ctx,0.99,1,37,0.99112,0.0968,3.12929,3.09903,0.06007,0.91575,0.81896,1.85797,0.6818,0.58951
4," Brera.
Satisfy your appetite at the hotel's coffee shop/café, or",cau_ctx,0.3,1,42,0.31137,0.16393,1.7704,1.77152,0.45777,0.91575,0.75183,1.38205,0.13742,0.25092
4," Brera.
Satisfy your appetite at the hotel's coffee shop/café, or",cau_ctx,0.5,1,46,0.54043,0.11768,2.26725,2.26388,0.45895,0.91575,0.79807,1.68103,0.27985,0.30637
4," Brera.
Satisfy your appetite at the hotel's coffee shop/café, or",cau_ctx,0.7,1,49,0.70762,0.1017,2.59119,2.58406,0.48546,0.91575,0.81405,1.81318,0.42802,0.35
4," Brera.
Satisfy your appetite at the hotel's coffee shop/café, or",cau_ctx,0.9,1,55,0.91207,0.0949,3.05386,3.0386,0.44477,0.91575,0.82085,1.87588,0.73679,0.4412
4," Brera.
Satisfy your appetite at the hotel's coffee shop/café, or",cau_ctx,0.99,1,65,0.9918,0.10854,3.43469,3.40485,0.44705,0.91575,0.80721,1.75422,1.07926,0.60121
4," Brera.
Satisfy your appetite at the hotel's coffee shop/café, or",dua_ctx,0.3,1,37,0.31327,0.75379,0.45764,0.44399,0.01061,0.91575,0.16196,0.08789,0.08364,0.28612
4," Brera.
Satisfy your appetite at the hotel's coffee shop/café, or",dua_ctx,0.5,1,46,0.52199,0.73514,0.66651,0.6406,0.01244,0.91575,0.18062,0.10468,0.13427,0.42756
4," Brera.
Satisfy your appetite at the hotel's coffee shop/café, or",dua_ctx,0.7,1,54,0.70262,0.72412,0.86924,0.83066,0.01352,0.91575,0.19163,0.11508,0.18495,0.56921
4," Brera.
Satisfy your appetite at the hotel's coffee shop/café, or",dua_ctx,0.9,1,65,0.90753,0.71515,1.17676,1.11759,0.01872,0.91575,0.20061,0.1238,0.25972,0.79324
4," Brera.
Satisfy your appetite at the hotel's coffee shop/café, or",dua_ctx,0.99,1,74,0.99002,0.71507,1.45557,1.37625,0.01869,0.91575,0.20068,0.12387,0.31789,1.01381
4," Brera.
Satisfy your appetite at the hotel's coffee shop/café, or",euc_unemb,0.3,1,12,0.33146,0.60938,0.5132,0.52568,0.00715,0.91575,0.30637,0.24376,0.19247,0.07697
4," Brera.
Satisfy your appetite at the hotel's coffee shop/café, or",euc_unemb,0.5,1,13,0.53614,0.59291,0.79228,0.80299,0.0789,0.91575,0.32284,0.26537,0.42331,0.1036
4," Brera.
Satisfy your appetite at the hotel's coffee shop/café, or",euc_unemb,0.7,1,14,0.73004,0.59531,1.16783,1.17543,0.48327,0.91575,0.32045,0.26217,0.76723,0.13843
4," Brera.
Satisfy your appetite at the hotel's coffee shop/café, or",euc_unemb,0.9,1,16,0.93726,0.62346,2.02282,2.02106,0.48594,0.91575,0.2923,0.22594,1.56531,0.23158
4," Brera.
Satisfy your appetite at the hotel's coffee shop/café, or",euc_unemb,0.99,1,19,0.99496,0.64413,2.99907,2.97994,0.59425,0.91575,0.27162,0.20082,2.39129,0.40696
4," Brera.
Satisfy your appetite at the hotel's coffee shop/café, or",cau_unemb,0.3,1,14,0.41585,0.5124,0.70163,0.7144,0.08163,0.91575,0.40336,0.38382,0.23151,0.0863
4," Brera.
Satisfy your appetite at the hotel's coffee shop/café, or",cau_unemb,0.5,1,15,0.59966,0.52061,0.91634,0.92761,0.10114,0.91575,0.39514,0.37069,0.4412,0.10446
4," Brera.
Satisfy your appetite at the hotel's coffee shop/café, or",cau_unemb,0.7,1,16,0.75949,0.54935,1.16819,1.1771,0.49671,0.91575,0.36641,0.32669,0.71472,0.12678
4," Brera.
Satisfy your appetite at the hotel's coffee shop/café, or",cau_unemb,0.9,1,18,0.93382,0.62811,1.6952,1.6971,0.5115,0.91575,0.28764,0.22017,1.28867,0.18636
4," Brera.
Satisfy your appetite at the hotel's coffee shop/café, or",cau_unemb,0.99,1,21,0.99263,0.70259,2.31889,2.30707,0.54181,0.91575,0.21316,0.13639,1.87175,0.31076
4," Brera.
Satisfy your appetite at the hotel's coffee shop/café, or",dua_unemb,0.3,1,16,0.31897,0.85276,0.23679,0.23261,0.008,0.91575,0.06299,0.01823,0.07615,0.14242
4," Brera.
Satisfy your appetite at the hotel's coffee shop/café, or",dua_unemb,0.5,1,20,0.53292,0.84699,0.43393,0.4164,0.01187,0.91575,0.06877,0.02121,0.1369,0.27582
4," Brera.
Satisfy your appetite at the hotel's coffee shop/café, or",dua_unemb,0.7,1,24,0.72995,0.83295,0.67657,0.64242,0.01302,0.91575,0.0828,0.02912,0.19645,0.451
4," Brera.
Satisfy your appetite at the hotel's coffee shop/café, or",dua_unemb,0.9,1,29,0.91514,0.80984,1.02899,0.97005,0.0139,0.91575,0.10591,0.04397,0.26865,0.71637
4," Brera.
Satisfy your appetite at the hotel's coffee shop/café, or",dua_unemb,0.99,1,34,0.99301,0.78861,1.41195,1.32476,0.01471,0.91575,0.12714,0.05938,0.33286,1.01971
4," Brera.
Satisfy your appetite at the hotel's coffee shop/café, or",euc_dmd,0.3,1,13,0.39837,0.58867,0.83841,0.84806,0.09652,0.91575,0.32708,0.27107,0.46725,0.1001
4," Brera.
Satisfy your appetite at the hotel's coffee shop/café, or",euc_dmd,0.5,1,14,0.62188,0.59415,1.25712,1.26398,0.10533,0.91575,0.3216,0.26371,0.86424,0.12917
4," Brera.
Satisfy your appetite at the hotel's coffee shop/café, or",euc_dmd,0.7,1,15,0.80467,0.6281,1.81739,1.82003,0.39463,0.91575,0.28766,0.22019,1.4325,0.1647
4," Brera.
Satisfy your appetite at the hotel's coffee shop/café, or",euc_dmd,0.9,1,16,0.91224,0.67473,2.49261,2.48984,0.54381,0.91575,0.24102,0.16589,2.11995,0.20677
4," Brera.
Satisfy your appetite at the hotel's coffee shop/café, or",euc_dmd,0.99,1,19,0.99427,0.78568,4.82844,4.80575,0.62228,0.91575,0.13008,0.06163,4.40181,0.36499
4," Brera.
Satisfy your appetite at the hotel's coffee shop/café, or",cau_dmd,0.3,1,16,0.4094,0.60687,0.90456,0.91515,0.09209,0.91575,0.30888,0.247,0.58469,0.07288
4," Brera.
Satisfy your appetite at the hotel's coffee shop/café, or",cau_dmd,0.5,1,17,0.6129,0.63777,1.25498,1.26329,0.10793,0.91575,0.27798,0.20842,0.95687,0.0897
4," Brera.
Satisfy your appetite at the hotel's coffee shop/café, or",cau_dmd,0.7,1,18,0.78563,0.69209,1.73735,1.74206,0.11875,0.91575,0.22366,0.14725,1.47881,0.11128
4," Brera.
Satisfy your appetite at the hotel's coffee shop/café, or",cau_dmd,0.9,1,20,0.953,0.80707,3.03435,3.02851,0.49795,0.91575,0.10868,0.04589,2.81675,0.17172
4," Brera.
Satisfy your appetite at the hotel's coffee shop/café, or",cau_dmd,0.99,1,22,0.99145,0.87827,4.5623,4.54344,0.54933,0.91575,0.03749,0.00727,4.30056,0.25448
4," Brera.
Satisfy your appetite at the hotel's coffee shop/café, or",dua_dmd,0.3,1,20,0.31269,0.8624,0.53515,0.52109,0.01874,0.91575,0.05335,0.01364,0.32039,0.20112
4," Brera.
Satisfy your appetite at the hotel's coffee shop/café, or",dua_dmd,0.5,1,27,0.52042,0.85693,1.16556,1.12288,0.02375,0.91575,0.05882,0.01618,0.67253,0.47686
4," Brera.
Satisfy your appetite at the hotel's coffee shop/café, or",dua_dmd,0.7,1,34,0.70284,0.84118,1.94566,1.86911,0.06796,0.91575,0.07458,0.02437,1.10094,0.82034
4," Brera.
Satisfy your appetite at the hotel's coffee shop/café, or",dua_dmd,0.9,1,44,0.91776,0.82401,3.19673,3.07231,0.10284,0.91575,0.09174,0.03461,1.82766,1.33447
4," Brera.
Satisfy your appetite at the hotel's coffee shop/café, or",dua_dmd,0.99,1,51,0.99279,0.81686,4.19036,4.04223,0.10286,0.91575,0.09889,0.03923,2.47116,1.67996
253," price that is listed on the contract.
From a buyer’s perspective, the first thing to",euc_ctx,0.3,1,29,0.30572,0.77641,0.39448,0.39197,0.03331,0.95562,0.17921,0.12669,0.16986,0.09793
253," price that is listed on the contract.
From a buyer’s perspective, the first thing to",euc_ctx,0.5,1,32,0.54701,0.69718,0.6237,0.61673,0.03555,0.95562,0.25844,0.2161,0.27198,0.13563
253," price that is listed on the contract.
From a buyer’s perspective, the first thing to",euc_ctx,0.7,1,34,0.70279,0.65678,0.79669,0.78573,0.03126,0.95562,0.29883,0.26758,0.36621,0.16291
253," price that is listed on the contract.
From a buyer’s perspective, the first thing to",euc_ctx,0.9,1,38,0.90058,0.61546,1.12482,1.10452,0.03704,0.95562,0.34015,0.32463,0.57994,0.22025
253," price that is listed on the contract.
From a buyer’s perspective, the first thing to",euc_ctx,0.99,1,46,0.9925,0.60317,1.56762,1.52793,0.0487,0.95562,0.35245,0.34252,0.88596,0.33914
253," price that is listed on the contract.
From a buyer’s perspective, the first thing to",cau_ctx,0.3,1,52,0.31412,0.52618,0.65396,0.65417,0.0429,0.95562,0.42944,0.46514,0.08042,0.10839
253," price that is listed on the contract.
From a buyer’s perspective, the first thing to",cau_ctx,0.5,1,57,0.53713,0.40021,0.95251,0.94756,0.04602,0.95562,0.5554,0.71617,0.09086,0.14547
253," price that is listed on the contract.
From a buyer’s perspective, the first thing to",cau_ctx,0.7,1,61,0.70885,0.33081,1.20013,1.19011,0.03974,0.95562,0.62481,0.89331,0.12972,0.17711
253," price that is listed on the contract.
From a buyer’s perspective, the first thing to",cau_ctx,0.9,1,69,0.91406,0.25672,1.66347,1.64241,0.02871,0.95562,0.6989,1.13096,0.28946,0.24304
253," price that is listed on the contract.
From a buyer’s perspective, the first thing to",cau_ctx,0.99,1,82,0.99132,0.2014,2.26937,2.23051,0.03296,0.95562,0.75422,1.35971,0.55653,0.35313
253," price that is listed on the contract.
From a buyer’s perspective, the first thing to",dua_ctx,0.3,1,53,0.30504,0.83827,0.29667,0.28546,0.01101,0.95562,0.11735,0.06781,0.09554,0.13332
253," price that is listed on the contract.
From a buyer’s perspective, the first thing to",dua_ctx,0.5,1,70,0.50689,0.79876,0.57593,0.54672,0.01954,0.95562,0.15685,0.10425,0.20844,0.26325
253," price that is listed on the contract.
From a buyer’s perspective, the first thing to",dua_ctx,0.7,1,88,0.70165,0.77237,0.93101,0.87443,0.02617,0.95562,0.18325,0.13089,0.35642,0.4437
253," price that is listed on the contract.
From a buyer’s perspective, the first thing to",dua_ctx,0.9,1,108,0.90748,0.74878,1.37562,1.28685,0.04688,0.95562,0.20683,0.15615,0.55555,0.66393
253," price that is listed on the contract.
From a buyer’s perspective, the first thing to",dua_ctx,0.99,1,122,0.99181,0.74435,1.70268,1.5979,0.05876,0.95562,0.21127,0.16105,0.71443,0.8272
253," price that is listed on the contract.
From a buyer’s perspective, the first thing to",euc_unemb,0.3,1,15,0.30787,0.82512,0.16259,0.172,0.00639,0.95562,0.1305,0.07945,0.05041,0.03272
253," price that is listed on the contract.
From a buyer’s perspective, the first thing to",euc_unemb,0.5,1,17,0.61893,0.84161,0.17001,0.17619,0.00808,0.95562,0.11401,0.06494,0.05702,0.04804
253," price that is listed on the contract.
From a buyer’s perspective, the first thing to",euc_unemb,0.7,1,18,0.75608,0.86096,0.18986,0.19327,0.01637,0.95562,0.09466,0.049,0.08266,0.0582
253," price that is listed on the contract.
From a buyer’s perspective, the first thing to",euc_unemb,0.9,1,20,0.91845,0.89952,0.26221,0.25845,0.0218,0.95562,0.0561,0.02155,0.15571,0.08495
253," price that is listed on the contract.
From a buyer’s perspective, the first thing to",euc_unemb,0.99,1,24,0.99326,0.93321,0.40286,0.38263,0.02451,0.95562,0.02241,0.00453,0.23271,0.16561
253," price that is listed on the contract.
From a buyer’s perspective, the first thing to",cau_unemb,0.3,1,17,0.39316,0.70741,0.32177,0.33296,0.01955,0.95562,0.24821,0.2037,0.06261,0.05546
253," price that is listed on the contract.
From a buyer’s perspective, the first thing to",cau_unemb,0.5,1,18,0.53934,0.70064,0.34258,0.35232,0.01966,0.95562,0.25498,0.21187,0.06483,0.06588
253," price that is listed on the contract.
From a buyer’s perspective, the first thing to",cau_unemb,0.7,1,20,0.79218,0.7174,0.38778,0.3929,0.0224,0.95562,0.23822,0.19184,0.10465,0.09129
253," price that is listed on the contract.
From a buyer’s perspective, the first thing to",cau_unemb,0.9,1,22,0.92514,0.75261,0.43928,0.4382,0.02543,0.95562,0.20301,0.15196,0.16476,0.12256
253," price that is listed on the contract.
From a buyer’s perspective, the first thing to",cau_unemb,0.99,1,26,0.99226,0.80779,0.51782,0.50289,0.02543,0.95562,0.14782,0.09554,0.22444,0.19784
253," price that is listed on the contract.
From a buyer’s perspective, the first thing to",dua_unemb,0.3,1,21,0.32569,0.91995,0.0989,0.09802,0.00487,0.95562,0.03567,0.01018,0.03812,0.05061
253," price that is listed on the contract.
From a buyer’s perspective, the first thing to",dua_unemb,0.5,1,26,0.53296,0.92707,0.1809,0.17064,0.0069,0.95562,0.02855,0.00694,0.06777,0.10619
253," price that is listed on the contract.
From a buyer’s perspective, the first thing to",dua_unemb,0.7,1,32,0.7107,0.92964,0.31873,0.29217,0.00918,0.95562,0.02598,0.00589,0.10139,0.21145
253," price that is listed on the contract.
From a buyer’s perspective, the first thing to",dua_unemb,0.9,1,42,0.91755,0.91879,0.59198,0.53261,0.01425,0.95562,0.03683,0.01074,0.14823,0.433
253," price that is listed on the contract.
From a buyer’s perspective, the first thing to",dua_unemb,0.99,1,49,0.99406,0.908,0.81267,0.72619,0.01451,0.95562,0.04762,0.01649,0.17953,0.61666
253," price that is listed on the contract.
From a buyer’s perspective, the first thing to",euc_dmd,0.3,1,13,0.35751,0.76973,0.28278,0.28933,0.04692,0.95562,0.18588,0.13364,0.08727,0.06187
253," price that is listed on the contract.
From a buyer’s perspective, the first thing to",euc_dmd,0.5,1,14,0.54558,0.73225,0.39056,0.39433,0.04607,0.95562,0.22337,0.17466,0.13249,0.08341
253," price that is listed on the contract.
From a buyer’s perspective, the first thing to",euc_dmd,0.7,1,15,0.72127,0.70653,0.52903,0.52882,0.0467,0.95562,0.24909,0.20475,0.21619,0.10808
253," price that is listed on the contract.
From a buyer’s perspective, the first thing to",euc_dmd,0.9,1,17,0.92295,0.69131,0.86534,0.85483,0.0522,0.95562,0.26431,0.22332,0.47881,0.16321
253," price that is listed on the contract.
From a buyer’s perspective, the first thing to",euc_dmd,0.99,1,20,0.9916,0.70378,1.35927,1.33143,0.0463,0.95562,0.25183,0.20806,0.8994,0.25181
253," price that is listed on the contract.
From a buyer’s perspective, the first thing to",cau_dmd,0.3,1,14,0.34135,0.61929,0.51151,0.52297,0.04945,0.95562,0.33633,0.31915,0.12001,0.07236
253," price that is listed on the contract.
From a buyer’s perspective, the first thing to",cau_dmd,0.5,1,15,0.50909,0.55558,0.64544,0.6543,0.05229,0.95562,0.40003,0.41602,0.13557,0.09385
253," price that is listed on the contract.
From a buyer’s perspective, the first thing to",cau_dmd,0.7,1,17,0.8039,0.47044,0.97956,0.98048,0.05364,0.95562,0.48517,0.5672,0.26842,0.14394
253," price that is listed on the contract.
From a buyer’s perspective, the first thing to",cau_dmd,0.9,1,19,0.94083,0.4329,1.36156,1.35258,0.04662,0.95562,0.52271,0.64363,0.51887,0.19906
253," price that is listed on the contract.
From a buyer’s perspective, the first thing to",cau_dmd,0.99,1,22,0.9915,0.40666,1.91548,1.89079,0.04961,0.95562,0.54896,0.70138,0.92918,0.28492
253," price that is listed on the contract.
From a buyer’s perspective, the first thing to",dua_dmd,0.3,1,18,0.32581,0.88347,0.17775,0.17763,0.02859,0.95562,0.07215,0.03218,0.08537,0.06021
253," price that is listed on the contract.
From a buyer’s perspective, the first thing to",dua_dmd,0.5,1,22,0.53394,0.88553,0.31881,0.31103,0.04016,0.95562,0.07009,0.03074,0.18964,0.09843
253," price that is listed on the contract.
From a buyer’s perspective, the first thing to",dua_dmd,0.7,1,26,0.7193,0.89275,0.51202,0.49195,0.03215,0.95562,0.06287,0.02587,0.32645,0.1597
253," price that is listed on the contract.
From a buyer’s perspective, the first thing to",dua_dmd,0.9,1,32,0.91044,0.90317,0.83286,0.78815,0.04427,0.95562,0.05245,0.01932,0.52244,0.29111
253," price that is listed on the contract.
From a buyer’s perspective, the first thing to",dua_dmd,0.99,1,38,0.99488,0.91512,1.19451,1.1201,0.04494,0.95562,0.04049,0.0126,0.7246,0.4573
559, the 20-kilometer no-go zone around the Fukushima nuclear power plant have been allowed to,euc_ctx,0.3,1,38,0.34227,0.34914,1.02637,1.03608,0.04306,0.95609,0.60695,0.84475,0.10226,0.07936
559, the 20-kilometer no-go zone around the Fukushima nuclear power plant have been allowed to,euc_ctx,0.5,1,41,0.56849,0.3464,1.11618,1.12463,0.04394,0.95609,0.60969,0.85211,0.17303,0.09104
559, the 20-kilometer no-go zone around the Fukushima nuclear power plant have been allowed to,euc_ctx,0.7,1,43,0.70995,0.36894,1.12538,1.13261,0.04368,0.95609,0.58715,0.79338,0.23259,0.09941
559, the 20-kilometer no-go zone around the Fukushima nuclear power plant have been allowed to,euc_ctx,0.9,1,48,0.91992,0.48863,1.03855,1.04116,0.03547,0.95609,0.46746,0.53398,0.38148,0.12309
559, the 20-kilometer no-go zone around the Fukushima nuclear power plant have been allowed to,euc_ctx,0.99,1,56,0.99252,0.69616,0.9799,0.97071,0.02541,0.95609,0.25993,0.2184,0.58783,0.17367
559, the 20-kilometer no-go zone around the Fukushima nuclear power plant have been allowed to,cau_ctx,0.3,1,62,0.31325,0.273,1.34588,1.35342,0.04061,0.95609,0.68309,1.0751,0.18852,0.08226
559, the 20-kilometer no-go zone around the Fukushima nuclear power plant have been allowed to,cau_ctx,0.5,1,67,0.52903,0.24781,1.46074,1.46605,0.42891,0.95609,0.70828,1.16615,0.19742,0.09717
559, the 20-kilometer no-go zone around the Fukushima nuclear power plant have been allowed to,cau_ctx,0.7,1,72,0.7332,0.25371,1.4592,1.46175,0.04134,0.95609,0.70238,1.14402,0.2014,0.11378
559, the 20-kilometer no-go zone around the Fukushima nuclear power plant have been allowed to,cau_ctx,0.9,1,79,0.90475,0.29858,1.34695,1.34475,0.04052,0.95609,0.65751,0.99103,0.21577,0.14016
559, the 20-kilometer no-go zone around the Fukushima nuclear power plant have been allowed to,cau_ctx,0.99,1,93,0.99084,0.42145,1.16386,1.14941,0.01689,0.95609,0.53464,0.66997,0.28932,0.20457
559, the 20-kilometer no-go zone around the Fukushima nuclear power plant have been allowed to,dua_ctx,0.3,1,52,0.30667,0.81733,0.22932,0.22372,0.00724,0.95609,0.13877,0.08733,0.03719,0.1048
559, the 20-kilometer no-go zone around the Fukushima nuclear power plant have been allowed to,dua_ctx,0.5,1,65,0.50846,0.81841,0.31063,0.29293,0.00733,0.95609,0.13768,0.08632,0.05305,0.17126
559, the 20-kilometer no-go zone around the Fukushima nuclear power plant have been allowed to,dua_ctx,0.7,1,79,0.70411,0.82007,0.42582,0.39141,0.00743,0.95609,0.13602,0.0848,0.08064,0.26039
559, the 20-kilometer no-go zone around the Fukushima nuclear power plant have been allowed to,dua_ctx,0.9,1,96,0.90926,0.82173,0.59302,0.53501,0.00712,0.95609,0.13436,0.08327,0.12223,0.38752
559, the 20-kilometer no-go zone around the Fukushima nuclear power plant have been allowed to,dua_ctx,0.99,1,110,0.99207,0.83666,0.73755,0.65783,0.00724,0.95609,0.11944,0.0699,0.15529,0.51236
559, the 20-kilometer no-go zone around the Fukushima nuclear power plant have been allowed to,euc_unemb,0.3,1,22,0.33969,0.74285,0.38352,0.39616,0.04,0.95609,0.21324,0.16367,0.17705,0.0428
559, the 20-kilometer no-go zone around the Fukushima nuclear power plant have been allowed to,euc_unemb,0.5,1,24,0.63604,0.75913,0.73698,0.7472,0.04554,0.95609,0.19696,0.14581,0.53153,0.05965
559, the 20-kilometer no-go zone around the Fukushima nuclear power plant have been allowed to,euc_unemb,0.7,1,25,0.76474,0.77812,0.99366,1.0015,0.4524,0.95609,0.17797,0.12579,0.79647,0.0714
559, the 20-kilometer no-go zone around the Fukushima nuclear power plant have been allowed to,euc_unemb,0.9,1,27,0.91949,0.81636,1.58708,1.58827,0.45358,0.95609,0.13973,0.08823,1.39618,0.10266
559, the 20-kilometer no-go zone around the Fukushima nuclear power plant have been allowed to,euc_unemb,0.99,1,31,0.99327,0.85358,2.67451,2.65873,0.68807,0.95609,0.10251,0.05555,2.42986,0.1891
559, the 20-kilometer no-go zone around the Fukushima nuclear power plant have been allowed to,cau_unemb,0.3,1,26,0.34047,0.70616,0.45851,0.46978,0.04894,0.95609,0.24993,0.20624,0.19835,0.05392
559, the 20-kilometer no-go zone around the Fukushima nuclear power plant have been allowed to,cau_unemb,0.5,1,28,0.58061,0.72138,0.65126,0.66101,0.04852,0.95609,0.23471,0.18818,0.39674,0.06633
559, the 20-kilometer no-go zone around the Fukushima nuclear power plant have been allowed to,cau_unemb,0.7,1,30,0.79057,0.75899,0.93528,0.9415,0.04849,0.95609,0.19711,0.14597,0.70525,0.08406
559, the 20-kilometer no-go zone around the Fukushima nuclear power plant have been allowed to,cau_unemb,0.9,1,32,0.91267,0.79682,1.26165,1.2626,0.4541,0.95609,0.15927,0.10695,1.04599,0.1087
559, the 20-kilometer no-go zone around the Fukushima nuclear power plant have been allowed to,cau_unemb,0.99,1,37,0.99295,0.8398,2.03196,2.0159,0.45387,0.95609,0.11629,0.06717,1.76852,0.19628
559, the 20-kilometer no-go zone around the Fukushima nuclear power plant have been allowed to,dua_unemb,0.3,1,28,0.32534,0.89586,0.21181,0.2092,0.02357,0.95609,0.06023,0.02429,0.09953,0.08799
559, the 20-kilometer no-go zone around the Fukushima nuclear power plant have been allowed to,dua_unemb,0.5,1,35,0.50348,0.88616,0.45331,0.4331,0.04327,0.95609,0.06993,0.03079,0.22943,0.19309
559, the 20-kilometer no-go zone around the Fukushima nuclear power plant have been allowed to,dua_unemb,0.7,1,44,0.70818,0.85595,0.7811,0.73291,0.04714,0.95609,0.10014,0.05361,0.36546,0.36203
559, the 20-kilometer no-go zone around the Fukushima nuclear power plant have been allowed to,dua_unemb,0.9,1,54,0.91532,0.82017,1.18119,1.09966,0.0483,0.95609,0.13592,0.0847,0.53407,0.56242
559, the 20-kilometer no-go zone around the Fukushima nuclear power plant have been allowed to,dua_unemb,0.99,1,62,0.99342,0.79907,1.51779,1.41107,0.04839,0.95609,0.15702,0.10474,0.69088,0.72217
559, the 20-kilometer no-go zone around the Fukushima nuclear power plant have been allowed to,euc_dmd,0.3,1,22,0.46007,0.75478,0.70019,0.71004,0.04468,0.95609,0.20131,0.15052,0.51177,0.0379
559, the 20-kilometer no-go zone around the Fukushima nuclear power plant have been allowed to,euc_dmd,0.5,1,23,0.6314,0.7867,1.00547,1.01322,0.04768,0.95609,0.16939,0.11704,0.84481,0.04362
559, the 20-kilometer no-go zone around the Fukushima nuclear power plant have been allowed to,euc_dmd,0.7,1,24,0.77529,0.82707,1.41351,1.41816,0.45414,0.95609,0.12902,0.07841,1.28421,0.05089
559, the 20-kilometer no-go zone around the Fukushima nuclear power plant have been allowed to,euc_dmd,0.9,1,26,0.93358,0.89739,2.47167,2.46778,0.64882,0.95609,0.0587,0.02331,2.37637,0.07198
559, the 20-kilometer no-go zone around the Fukushima nuclear power plant have been allowed to,euc_dmd,0.99,1,29,0.99146,0.94618,4.32932,4.30987,0.71468,0.95609,0.00991,0.00103,4.20519,0.1231
559, the 20-kilometer no-go zone around the Fukushima nuclear power plant have been allowed to,cau_dmd,0.3,1,27,0.42319,0.77049,0.79651,0.80322,0.04513,0.95609,0.18561,0.13374,0.61718,0.04559
559, the 20-kilometer no-go zone around the Fukushima nuclear power plant have been allowed to,cau_dmd,0.5,1,28,0.57456,0.80024,1.04614,1.05107,0.04997,0.95609,0.15585,0.10361,0.89315,0.04939
559, the 20-kilometer no-go zone around the Fukushima nuclear power plant have been allowed to,cau_dmd,0.7,1,29,0.71386,0.83788,1.37972,1.38204,0.04417,0.95609,0.11821,0.06883,1.25702,0.05387
559, the 20-kilometer no-go zone around the Fukushima nuclear power plant have been allowed to,cau_dmd,0.9,1,32,0.9411,0.93398,2.80101,2.79143,0.56807,0.95609,0.02211,0.00446,2.72242,0.07413
559, the 20-kilometer no-go zone around the Fukushima nuclear power plant have been allowed to,cau_dmd,0.99,1,35,0.99045,0.97186,4.53113,4.5066,0.6325,0.95609,0.01577,0.0039,4.41667,0.11057
559, the 20-kilometer no-go zone around the Fukushima nuclear power plant have been allowed to,dua_dmd,0.3,1,31,0.31696,0.93551,0.50121,0.48617,0.04312,0.95609,0.02058,0.00393,0.39867,0.09861
559, the 20-kilometer no-go zone around the Fukushima nuclear power plant have been allowed to,dua_dmd,0.5,1,44,0.51335,0.94,1.41724,1.35797,0.04512,0.95609,0.01609,0.00252,1.09655,0.31817
559, the 20-kilometer no-go zone around the Fukushima nuclear power plant have been allowed to,dua_dmd,0.7,1,57,0.71456,0.93607,2.23569,2.13152,0.04698,0.95609,0.02003,0.00374,1.67358,0.55838
559, the 20-kilometer no-go zone around the Fukushima nuclear power plant have been allowed to,dua_dmd,0.9,1,70,0.90117,0.93683,3.03107,2.89539,0.04105,0.95609,0.01926,0.00349,2.27933,0.74826
559, the 20-kilometer no-go zone around the Fukushima nuclear power plant have been allowed to,dua_dmd,0.99,1,81,0.99049,0.9425,3.67114,3.52387,0.04161,0.95609,0.01359,0.00185,2.81843,0.85085
482," until he went to high school. He did excel in Drama and Fine Arts, (as we would",euc_ctx,0.3,1,35,0.34644,0.2598,1.22707,1.22892,0.37224,0.89597,0.63617,0.90507,0.22177,0.10023
482," until he went to high school. He did excel in Drama and Fine Arts, (as we would",euc_ctx,0.5,1,38,0.55927,0.26995,1.30399,1.30404,0.44269,0.89597,0.62602,0.87218,0.31663,0.11518
482," until he went to high school. He did excel in Drama and Fine Arts, (as we would",euc_ctx,0.7,1,41,0.75162,0.31708,1.29693,1.29467,0.48872,0.89597,0.57889,0.73494,0.43072,0.13126
482," until he went to high school. He did excel in Drama and Fine Arts, (as we would",euc_ctx,0.9,1,45,0.90541,0.43237,1.2041,1.19772,0.36636,0.89597,0.4636,0.47631,0.57287,0.15492
482," until he went to high school. He did excel in Drama and Fine Arts, (as we would",euc_ctx,0.99,1,54,0.99195,0.74006,1.11508,1.0946,0.3195,0.89597,0.15591,0.07602,0.81621,0.22285
482," until he went to high school. He did excel in Drama and Fine Arts, (as we would",cau_ctx,0.3,1,60,0.33664,0.16529,1.57404,1.5753,0.44931,0.89597,0.73068,1.29774,0.12408,0.15223
482," until he went to high school. He did excel in Drama and Fine Arts, (as we would",cau_ctx,0.5,1,64,0.50175,0.15328,1.71215,1.71148,0.51667,0.89597,0.74269,1.36384,0.17516,0.17316
482," until he went to high school. He did excel in Drama and Fine Arts, (as we would",cau_ctx,0.7,1,69,0.70351,0.15722,1.80096,1.79754,0.53971,0.89597,0.73875,1.34158,0.25795,0.20143
482," until he went to high school. He did excel in Drama and Fine Arts, (as we would",cau_ctx,0.9,1,77,0.90349,0.20026,1.76729,1.75875,0.51569,0.89597,0.69571,1.13026,0.38534,0.25169
482," until he went to high school. He did excel in Drama and Fine Arts, (as we would",cau_ctx,0.99,1,91,0.99046,0.34074,1.55809,1.53845,0.45433,0.89597,0.55523,0.67413,0.52876,0.3552
482," until he went to high school. He did excel in Drama and Fine Arts, (as we would",dua_ctx,0.3,1,49,0.30483,0.75668,0.25412,0.24759,0.01192,0.89597,0.13929,0.063,0.0829,0.10823
482," until he went to high school. He did excel in Drama and Fine Arts, (as we would",dua_ctx,0.5,1,61,0.50062,0.77306,0.30546,0.29124,0.01158,0.89597,0.12291,0.05106,0.09225,0.16215
482," until he went to high school. He did excel in Drama and Fine Arts, (as we would",dua_ctx,0.7,1,77,0.7041,0.80912,0.41563,0.38711,0.00857,0.89597,0.08685,0.02821,0.12688,0.26053
482," until he went to high school. He did excel in Drama and Fine Arts, (as we would",dua_ctx,0.9,1,101,0.90213,0.85709,0.72605,0.66829,0.01013,0.89597,0.03888,0.00672,0.22054,0.49879
482," until he went to high school. He did excel in Drama and Fine Arts, (as we would",dua_ctx,0.99,1,120,0.9919,0.87542,1.09245,1.0094,0.01127,0.89597,0.02055,0.00204,0.29811,0.7923
482," until he went to high school. He did excel in Drama and Fine Arts, (as we would",euc_unemb,0.3,1,19,0.30888,0.52714,0.58504,0.59344,0.10343,0.89597,0.36883,0.31775,0.19571,0.07159
482," until he went to high school. He did excel in Drama and Fine Arts, (as we would",euc_unemb,0.5,1,21,0.56783,0.56748,0.66373,0.67032,0.11337,0.89597,0.3285,0.26096,0.31471,0.08806
482," until he went to high school. He did excel in Drama and Fine Arts, (as we would",euc_unemb,0.7,1,23,0.79441,0.66052,0.74386,0.74672,0.12569,0.89597,0.23545,0.15013,0.48392,0.10981
482," until he went to high school. He did excel in Drama and Fine Arts, (as we would",euc_unemb,0.9,1,25,0.9191,0.76229,0.85505,0.85219,0.1179,0.89597,0.13369,0.05881,0.65499,0.14126
482," until he went to high school. He did excel in Drama and Fine Arts, (as we would",euc_unemb,0.99,1,30,0.99407,0.8832,1.31459,1.29228,0.37012,0.89597,0.01278,0.00082,1.0195,0.29427
482," until he went to high school. He did excel in Drama and Fine Arts, (as we would",cau_unemb,0.3,1,22,0.4025,0.33573,1.02623,1.03606,0.12686,0.89597,0.56025,0.68663,0.26855,0.07106
482," until he went to high school. He did excel in Drama and Fine Arts, (as we would",cau_unemb,0.5,1,23,0.51726,0.35008,1.05092,1.0602,0.12689,0.89597,0.54589,0.65139,0.32281,0.07672
482," until he went to high school. He did excel in Drama and Fine Arts, (as we would",cau_unemb,0.7,1,25,0.72917,0.4154,1.05114,1.05863,0.12224,0.89597,0.48057,0.50913,0.45274,0.08927
482," until he went to high school. He did excel in Drama and Fine Arts, (as we would",cau_unemb,0.9,1,28,0.91325,0.5796,0.99729,1.00002,0.12934,0.89597,0.31637,0.24498,0.63903,0.11328
482," until he went to high school. He did excel in Drama and Fine Arts, (as we would",cau_unemb,0.99,1,34,0.9934,0.82965,1.14827,1.1347,0.12072,0.89597,0.06632,0.0176,0.922,0.20867
482," until he went to high school. He did excel in Drama and Fine Arts, (as we would",dua_unemb,0.3,1,24,0.33881,0.83625,0.1197,0.11813,0.01542,0.89597,0.05972,0.01461,0.02423,0.08087
482," until he went to high school. He did excel in Drama and Fine Arts, (as we would",dua_unemb,0.5,1,29,0.52719,0.86818,0.19465,0.18517,0.01956,0.89597,0.02779,0.0036,0.05349,0.13757
482," until he went to high school. He did excel in Drama and Fine Arts, (as we would",dua_unemb,0.7,1,35,0.70428,0.89296,0.35724,0.33447,0.02384,0.89597,0.00301,5e-05,0.10321,0.25398
482," until he went to high school. He did excel in Drama and Fine Arts, (as we would",dua_unemb,0.9,1,46,0.90029,0.88965,0.84078,0.78388,0.02606,0.89597,0.00632,0.00021,0.20416,0.63642
482," until he went to high school. He did excel in Drama and Fine Arts, (as we would",dua_unemb,0.99,1,56,0.99284,0.8677,1.38821,1.29574,0.02789,0.89597,0.02828,0.00372,0.2944,1.09009
482," until he went to high school. He did excel in Drama and Fine Arts, (as we would",euc_dmd,0.3,1,17,0.44786,0.65537,0.68821,0.68959,0.06357,0.89597,0.2406,0.15557,0.45707,0.07557
482," until he went to high school. He did excel in Drama and Fine Arts, (as we would",euc_dmd,0.5,1,18,0.61078,0.69438,0.85092,0.85005,0.34219,0.89597,0.20159,0.11626,0.64846,0.08619
482," until he went to high school. He did excel in Drama and Fine Arts, (as we would",euc_dmd,0.7,1,19,0.75241,0.74799,1.05458,1.05066,0.35646,0.89597,0.14798,0.06969,0.88658,0.09831
482," until he went to high school. He did excel in Drama and Fine Arts, (as we would",euc_dmd,0.9,1,21,0.91952,0.85618,1.56097,1.54867,0.38559,0.89597,0.03979,0.00701,1.42513,0.12884
482," until he went to high school. He did excel in Drama and Fine Arts, (as we would",euc_dmd,0.99,1,25,0.99389,0.95794,2.74223,2.70847,0.39908,0.89597,0.06196,0.03428,2.4773,0.23065
482," until he went to high school. He did excel in Drama and Fine Arts, (as we would",cau_dmd,0.3,1,18,0.39969,0.62192,0.64388,0.64941,0.06349,0.89597,0.27406,0.19288,0.3999,0.0511
482," until he went to high school. He did excel in Drama and Fine Arts, (as we would",cau_dmd,0.5,1,19,0.55719,0.65791,0.81436,0.81824,0.31994,0.89597,0.23807,0.15288,0.60387,0.05761
482," until he went to high school. He did excel in Drama and Fine Arts, (as we would",cau_dmd,0.7,1,20,0.70436,0.71082,1.04146,1.04294,0.32036,0.89597,0.18515,0.10105,0.87513,0.06528
482," until he went to high school. He did excel in Drama and Fine Arts, (as we would",cau_dmd,0.9,1,23,0.94222,0.8748,1.99329,1.98323,0.37158,0.89597,0.02118,0.00216,1.89076,0.10038
482," until he went to high school. He did excel in Drama and Fine Arts, (as we would",cau_dmd,0.99,1,26,0.99119,0.94964,3.06076,3.03555,0.38007,0.89597,0.05366,0.02334,2.87012,0.1673
482," until he went to high school. He did excel in Drama and Fine Arts, (as we would",dua_dmd,0.3,1,21,0.3075,0.86589,0.20695,0.20125,0.01077,0.89597,0.03008,0.00418,0.13239,0.07039
482," until he went to high school. He did excel in Drama and Fine Arts, (as we would",dua_dmd,0.5,1,28,0.52815,0.91976,0.39127,0.37216,0.06303,0.89597,0.02379,0.00353,0.24341,0.14432
482," until he went to high school. He did excel in Drama and Fine Arts, (as we would",dua_dmd,0.7,1,35,0.71048,0.95042,0.71644,0.67821,0.06407,0.89597,0.05445,0.02423,0.3986,0.29361
482," until he went to high school. He did excel in Drama and Fine Arts, (as we would",dua_dmd,0.9,1,44,0.90647,0.95939,1.33193,1.26218,0.08859,0.89597,0.06341,0.03657,0.67235,0.62301
482," until he went to high school. He did excel in Drama and Fine Arts, (as we would",dua_dmd,0.99,1,52,0.99362,0.96344,2.03135,1.92939,0.10247,0.89597,0.06746,0.04373,0.99167,0.99595
293, then stick to it. Remember that a goal does not have to be a fixed amount of weight you,euc_ctx,0.3,1,44,0.3422,0.01105,4.15314,4.13183,0.75829,0.91252,0.90148,3.81593,0.21067,0.12654
293, then stick to it. Remember that a goal does not have to be a fixed amount of weight you,euc_ctx,0.5,1,47,0.5289,0.00921,4.39139,4.36755,0.75829,0.91252,0.90331,3.98163,0.27048,0.13928
293, then stick to it. Remember that a goal does not have to be a fixed amount of weight you,euc_ctx,0.7,1,50,0.70858,0.00889,4.51197,4.4857,0.75865,0.91252,0.90364,4.01426,0.3454,0.15232
293, then stick to it. Remember that a goal does not have to be a fixed amount of weight you,euc_ctx,0.9,1,56,0.92023,0.01157,4.47299,4.44197,0.75865,0.91252,0.90096,3.77375,0.51994,0.1793
293, then stick to it. Remember that a goal does not have to be a fixed amount of weight you,euc_ctx,0.99,1,65,0.99192,0.02428,4.1344,4.09609,0.75909,0.91252,0.88824,3.09818,0.81388,0.22235
293, then stick to it. Remember that a goal does not have to be a fixed amount of weight you,cau_ctx,0.3,1,80,0.31423,0.01076,4.41434,4.38881,0.75779,0.91252,0.90176,3.83941,0.41503,0.1599
293, then stick to it. Remember that a goal does not have to be a fixed amount of weight you,cau_ctx,0.5,1,86,0.50245,0.00866,4.69936,4.67073,0.75775,0.91252,0.90386,4.03774,0.4842,0.17741
293, then stick to it. Remember that a goal does not have to be a fixed amount of weight you,cau_ctx,0.7,1,93,0.71597,0.00815,4.85342,4.82131,0.75775,0.91252,0.90438,4.09356,0.56147,0.19839
293, then stick to it. Remember that a goal does not have to be a fixed amount of weight you,cau_ctx,0.9,1,103,0.90197,0.00982,4.82674,4.78968,0.7683,0.91252,0.9027,3.92324,0.67405,0.22945
293, then stick to it. Remember that a goal does not have to be a fixed amount of weight you,cau_ctx,0.99,1,122,0.99055,0.01957,4.52154,4.47467,0.72899,0.91252,0.89296,3.29487,0.93387,0.2928
293, then stick to it. Remember that a goal does not have to be a fixed amount of weight you,dua_ctx,0.3,1,71,0.3053,0.72299,0.29572,0.2734,0.03639,0.91252,0.18953,0.11162,0.07071,0.11339
293, then stick to it. Remember that a goal does not have to be a fixed amount of weight you,dua_ctx,0.5,1,88,0.50279,0.70357,0.37389,0.3414,0.03697,0.91252,0.20896,0.13054,0.08222,0.16113
293, then stick to it. Remember that a goal does not have to be a fixed amount of weight you,dua_ctx,0.7,1,105,0.70932,0.69298,0.48228,0.43746,0.03367,0.91252,0.21955,0.14131,0.12035,0.22062
293, then stick to it. Remember that a goal does not have to be a fixed amount of weight you,dua_ctx,0.9,1,123,0.90602,0.69361,0.64401,0.58358,0.03444,0.91252,0.21891,0.14066,0.20142,0.30194
293, then stick to it. Remember that a goal does not have to be a fixed amount of weight you,dua_ctx,0.99,1,138,0.99001,0.70955,0.81437,0.73898,0.03179,0.91252,0.20297,0.1246,0.29539,0.39438
293, then stick to it. Remember that a goal does not have to be a fixed amount of weight you,euc_unemb,0.3,1,24,0.377,0.10024,1.92521,1.919,0.45409,0.91252,0.81228,1.81155,0.0098,0.10387
293, then stick to it. Remember that a goal does not have to be a fixed amount of weight you,euc_unemb,0.5,1,26,0.61016,0.10002,1.95768,1.95,0.45469,0.91252,0.8125,1.81352,0.02686,0.11729
293, then stick to it. Remember that a goal does not have to be a fixed amount of weight you,euc_unemb,0.7,1,27,0.71578,0.10735,1.91523,1.90675,0.45505,0.91252,0.80518,1.74973,0.04135,0.12415
293, then stick to it. Remember that a goal does not have to be a fixed amount of weight you,euc_unemb,0.9,1,30,0.91312,0.16096,1.63212,1.62085,0.45552,0.91252,0.75156,1.38549,0.10131,0.14532
293, then stick to it. Remember that a goal does not have to be a fixed amount of weight you,euc_unemb,0.99,1,35,0.99133,0.35813,1.06503,1.04718,0.45488,0.91252,0.5544,0.67916,0.2016,0.18427
293, then stick to it. Remember that a goal does not have to be a fixed amount of weight you,cau_unemb,0.3,1,25,0.36636,0.06379,2.33443,2.32776,0.58913,0.91252,0.84874,2.22057,0.02161,0.09225
293, then stick to it. Remember that a goal does not have to be a fixed amount of weight you,cau_unemb,0.5,1,27,0.58648,0.06082,2.38055,2.37242,0.58915,0.91252,0.8517,2.26368,0.01322,0.10365
293, then stick to it. Remember that a goal does not have to be a fixed amount of weight you,cau_unemb,0.7,1,29,0.77662,0.06913,2.27881,2.26917,0.58911,0.91252,0.84339,2.14761,0.01589,0.11531
293, then stick to it. Remember that a goal does not have to be a fixed amount of weight you,cau_unemb,0.9,1,32,0.93019,0.10363,1.95832,1.94621,0.45572,0.91252,0.8089,1.78155,0.04352,0.13324
293, then stick to it. Remember that a goal does not have to be a fixed amount of weight you,cau_unemb,0.99,1,37,0.99203,0.23238,1.3256,1.3084,0.45742,0.91252,0.68015,1.05821,0.10296,0.16443
293, then stick to it. Remember that a goal does not have to be a fixed amount of weight you,dua_unemb,0.3,1,33,0.31304,0.81889,0.17106,0.16259,0.03506,0.91252,0.09364,0.03514,0.06945,0.06647
293, then stick to it. Remember that a goal does not have to be a fixed amount of weight you,dua_unemb,0.5,1,41,0.51482,0.81805,0.30602,0.28752,0.03619,0.91252,0.09447,0.03566,0.15483,0.11552
293, then stick to it. Remember that a goal does not have to be a fixed amount of weight you,dua_unemb,0.7,1,49,0.7082,0.82094,0.50192,0.46949,0.03663,0.91252,0.09158,0.03385,0.2846,0.18347
293, then stick to it. Remember that a goal does not have to be a fixed amount of weight you,dua_unemb,0.9,1,59,0.91384,0.8289,0.81453,0.76048,0.03682,0.91252,0.08362,0.02902,0.48478,0.30074
293, then stick to it. Remember that a goal does not have to be a fixed amount of weight you,dua_unemb,0.99,1,67,0.99223,0.83845,1.13251,1.05748,0.0348,0.91252,0.07408,0.02359,0.66678,0.44214
293, then stick to it. Remember that a goal does not have to be a fixed amount of weight you,euc_dmd,0.3,1,21,0.38545,0.02426,3.61753,3.60329,0.74563,0.91252,0.88826,3.09906,0.41632,0.10215
293, then stick to it. Remember that a goal does not have to be a fixed amount of weight you,euc_dmd,0.5,1,22,0.5393,0.02343,3.83689,3.82117,0.75979,0.91252,0.8891,3.13092,0.59623,0.10974
293, then stick to it. Remember that a goal does not have to be a fixed amount of weight you,euc_dmd,0.7,1,24,0.80567,0.02898,4.15158,4.13299,0.7599,0.91252,0.88354,2.93728,1.08891,0.1254
293, then stick to it. Remember that a goal does not have to be a fixed amount of weight you,euc_dmd,0.9,1,26,0.9371,0.04637,4.28535,4.26385,0.75807,0.91252,0.86615,2.50996,1.63362,0.14177
293, then stick to it. Remember that a goal does not have to be a fixed amount of weight you,euc_dmd,0.99,1,29,0.99033,0.10872,4.27425,4.24791,0.72438,0.91252,0.8038,1.73825,2.36786,0.16814
293, then stick to it. Remember that a goal does not have to be a fixed amount of weight you,cau_dmd,0.3,1,21,0.35843,0.01835,3.96086,3.95038,0.76081,0.91252,0.89417,3.3531,0.50852,0.09923
293, then stick to it. Remember that a goal does not have to be a fixed amount of weight you,cau_dmd,0.5,1,22,0.51188,0.01736,4.2149,4.20286,0.77181,0.91252,0.89516,3.40387,0.70424,0.10679
293, then stick to it. Remember that a goal does not have to be a fixed amount of weight you,cau_dmd,0.7,1,24,0.78928,0.02081,4.61448,4.59946,0.77137,0.91252,0.89171,3.23878,1.25331,0.1224
293, then stick to it. Remember that a goal does not have to be a fixed amount of weight you,cau_dmd,0.9,1,26,0.93103,0.03284,4.8392,4.8213,0.76954,0.91252,0.87968,2.82343,1.87702,0.13874
293, then stick to it. Remember that a goal does not have to be a fixed amount of weight you,cau_dmd,0.99,1,30,0.99428,0.10224,4.93764,4.91357,0.75983,0.91252,0.81028,1.79371,2.96922,0.17471
293, then stick to it. Remember that a goal does not have to be a fixed amount of weight you,dua_dmd,0.3,1,29,0.31398,0.77591,0.35919,0.34842,0.03742,0.91252,0.13661,0.0657,0.22303,0.07046
293, then stick to it. Remember that a goal does not have to be a fixed amount of weight you,dua_dmd,0.5,1,35,0.5117,0.78861,0.58262,0.56195,0.03823,0.91252,0.12391,0.05599,0.41123,0.11539
293, then stick to it. Remember that a goal does not have to be a fixed amount of weight you,dua_dmd,0.7,1,42,0.72534,0.80815,0.9188,0.88291,0.03541,0.91252,0.10438,0.04214,0.68699,0.18967
293, then stick to it. Remember that a goal does not have to be a fixed amount of weight you,dua_dmd,0.9,1,49,0.90201,0.83071,1.32039,1.26593,0.03579,0.91252,0.08182,0.02796,1.00351,0.28892
293, then stick to it. Remember that a goal does not have to be a fixed amount of weight you,dua_dmd,0.99,1,56,0.99023,0.86006,1.75795,1.68175,0.03727,0.91252,0.05246,0.01293,1.32889,0.41613
101," to accomplish daily renewal and rejuvenation.
Meditate for a few moments each day. Meditation does not",euc_ctx,0.3,1,29,0.35241,0.65144,0.29612,0.29137,0.05808,0.90236,0.25092,0.16976,0.02349,0.10287
101," to accomplish daily renewal and rejuvenation.
Meditate for a few moments each day. Meditation does not",euc_ctx,0.5,1,32,0.57503,0.67908,0.28724,0.27982,0.05473,0.90236,0.22328,0.14034,0.02405,0.12285
101," to accomplish daily renewal and rejuvenation.
Meditate for a few moments each day. Meditation does not",euc_ctx,0.7,1,34,0.71346,0.71723,0.27469,0.26483,0.0547,0.90236,0.18513,0.10337,0.03355,0.13776
101," to accomplish daily renewal and rejuvenation.
Meditate for a few moments each day. Meditation does not",euc_ctx,0.9,1,39,0.92008,0.83131,0.29527,0.27703,0.01031,0.90236,0.07105,0.02061,0.09118,0.18348
101," to accomplish daily renewal and rejuvenation.
Meditate for a few moments each day. Meditation does not",euc_ctx,0.99,1,47,0.9926,0.93124,0.52184,0.48619,0.00553,0.90236,0.02888,0.00581,0.21901,0.29702
101," to accomplish daily renewal and rejuvenation.
Meditate for a few moments each day. Meditation does not",cau_ctx,0.3,1,52,0.32559,0.5013,0.61066,0.60492,0.32012,0.90236,0.40106,0.37119,0.10404,0.13543
101," to accomplish daily renewal and rejuvenation.
Meditate for a few moments each day. Meditation does not",cau_ctx,0.5,1,57,0.51499,0.4974,0.63634,0.62819,0.32016,0.90236,0.40496,0.37747,0.09881,0.16006
101," to accomplish daily renewal and rejuvenation.
Meditate for a few moments each day. Meditation does not",cau_ctx,0.7,1,63,0.73145,0.53594,0.59589,0.58408,0.32061,0.90236,0.36642,0.31793,0.08545,0.19252
101," to accomplish daily renewal and rejuvenation.
Meditate for a few moments each day. Meditation does not",cau_ctx,0.9,1,71,0.90471,0.63342,0.50427,0.48618,0.07941,0.90236,0.26894,0.19015,0.07207,0.24205
101," to accomplish daily renewal and rejuvenation.
Meditate for a few moments each day. Meditation does not",cau_ctx,0.99,1,87,0.99114,0.80092,0.48966,0.45537,0.07003,0.90236,0.10144,0.03805,0.07984,0.37178
101," to accomplish daily renewal and rejuvenation.
Meditate for a few moments each day. Meditation does not",dua_ctx,0.3,1,44,0.30576,0.86513,0.13037,0.11602,0.00296,0.90236,0.03723,0.00648,0.01353,0.11036
101," to accomplish daily renewal and rejuvenation.
Meditate for a few moments each day. Meditation does not",dua_ctx,0.5,1,57,0.50535,0.86073,0.22236,0.19888,0.00313,0.90236,0.04163,0.00795,0.01642,0.198
101," to accomplish daily renewal and rejuvenation.
Meditate for a few moments each day. Meditation does not",dua_ctx,0.7,1,70,0.70397,0.84869,0.36744,0.33124,0.00396,0.90236,0.05367,0.01256,0.03118,0.3237
101," to accomplish daily renewal and rejuvenation.
Meditate for a few moments each day. Meditation does not",dua_ctx,0.9,1,85,0.90331,0.83341,0.60176,0.54591,0.00634,0.90236,0.06895,0.01956,0.05928,0.52292
101," to accomplish daily renewal and rejuvenation.
Meditate for a few moments each day. Meditation does not",dua_ctx,0.99,1,98,0.99066,0.82833,0.87471,0.79701,0.00811,0.90236,0.07403,0.02215,0.08486,0.7677
101," to accomplish daily renewal and rejuvenation.
Meditate for a few moments each day. Meditation does not",euc_unemb,0.3,1,16,0.37915,0.59852,0.39422,0.39421,0.03651,0.90236,0.30384,0.23242,0.08635,0.07545
101," to accomplish daily renewal and rejuvenation.
Meditate for a few moments each day. Meditation does not",euc_unemb,0.5,1,17,0.52373,0.60536,0.48447,0.4831,0.3476,0.90236,0.297,0.22384,0.17125,0.08938
101," to accomplish daily renewal and rejuvenation.
Meditate for a few moments each day. Meditation does not",euc_unemb,0.7,1,19,0.78259,0.65105,0.74369,0.73795,0.35259,0.90236,0.25131,0.1702,0.44494,0.12855
101," to accomplish daily renewal and rejuvenation.
Meditate for a few moments each day. Meditation does not",euc_unemb,0.9,1,21,0.92254,0.704,1.07232,1.06013,0.42931,0.90236,0.19836,0.11571,0.7692,0.18741
101," to accomplish daily renewal and rejuvenation.
Meditate for a few moments each day. Meditation does not",euc_unemb,0.99,1,25,0.99258,0.74902,1.7472,1.7188,0.43145,0.90236,0.15333,0.07588,1.31325,0.35808
101," to accomplish daily renewal and rejuvenation.
Meditate for a few moments each day. Meditation does not",cau_unemb,0.3,1,17,0.35131,0.53612,0.46366,0.46598,0.08447,0.90236,0.36624,0.31767,0.06294,0.08305
101," to accomplish daily renewal and rejuvenation.
Meditate for a few moments each day. Meditation does not",cau_unemb,0.5,1,19,0.60524,0.56064,0.50177,0.502,0.06717,0.90236,0.34172,0.28261,0.11453,0.10463
101," to accomplish daily renewal and rejuvenation.
Meditate for a few moments each day. Meditation does not",cau_unemb,0.7,1,20,0.72103,0.59118,0.52005,0.51868,0.03497,0.90236,0.31118,0.24178,0.16041,0.11785
101," to accomplish daily renewal and rejuvenation.
Meditate for a few moments each day. Meditation does not",cau_unemb,0.9,1,23,0.92571,0.70556,0.62709,0.61869,0.34342,0.90236,0.1968,0.11423,0.33987,0.17299
101," to accomplish daily renewal and rejuvenation.
Meditate for a few moments each day. Meditation does not",cau_unemb,0.99,1,27,0.99035,0.79455,0.91884,0.89747,0.42377,0.90236,0.10781,0.04218,0.58246,0.2942
101," to accomplish daily renewal and rejuvenation.
Meditate for a few moments each day. Meditation does not",dua_unemb,0.3,1,21,0.30063,0.84884,0.13105,0.12265,0.00329,0.90236,0.05352,0.0125,0.0238,0.09475
101," to accomplish daily renewal and rejuvenation.
Meditate for a few moments each day. Meditation does not",dua_unemb,0.5,1,28,0.52575,0.83163,0.32673,0.3067,0.02609,0.90236,0.07073,0.02045,0.08205,0.22423
101," to accomplish daily renewal and rejuvenation.
Meditate for a few moments each day. Meditation does not",dua_unemb,0.7,1,34,0.70485,0.80887,0.57871,0.54482,0.02835,0.90236,0.09349,0.03312,0.17042,0.37518
101," to accomplish daily renewal and rejuvenation.
Meditate for a few moments each day. Meditation does not",dua_unemb,0.9,1,42,0.90526,0.77706,1.07038,1.01258,0.03605,0.90236,0.1253,0.05428,0.37886,0.63723
101," to accomplish daily renewal and rejuvenation.
Meditate for a few moments each day. Meditation does not",dua_unemb,0.99,1,49,0.99074,0.75789,1.65959,1.57535,0.04864,0.90236,0.14447,0.06877,0.64452,0.94631
101," to accomplish daily renewal and rejuvenation.
Meditate for a few moments each day. Meditation does not",euc_dmd,0.3,1,14,0.3966,0.86265,0.45022,0.44345,0.03313,0.90236,0.03971,0.00729,0.38946,0.05348
101," to accomplish daily renewal and rejuvenation.
Meditate for a few moments each day. Meditation does not",euc_dmd,0.5,1,15,0.56143,0.88096,0.55552,0.54583,0.047,0.90236,0.0214,0.00231,0.48538,0.06784
101," to accomplish daily renewal and rejuvenation.
Meditate for a few moments each day. Meditation does not",euc_dmd,0.7,1,16,0.71372,0.90231,0.69491,0.68135,0.04708,0.90236,5e-05,0.0,0.60772,0.08719
101," to accomplish daily renewal and rejuvenation.
Meditate for a few moments each day. Meditation does not",euc_dmd,0.9,1,18,0.90431,0.93769,1.05788,1.03435,0.05374,0.90236,0.03533,0.0092,0.90316,0.14552
101," to accomplish daily renewal and rejuvenation.
Meditate for a few moments each day. Meditation does not",euc_dmd,0.99,1,22,0.99267,0.96573,1.88541,1.83854,0.065,0.90236,0.06337,0.04099,1.51029,0.33413
101," to accomplish daily renewal and rejuvenation.
Meditate for a few moments each day. Meditation does not",cau_dmd,0.3,1,14,0.36342,0.78986,0.38068,0.38143,0.01999,0.90236,0.1125,0.04531,0.29822,0.03715
101," to accomplish daily renewal and rejuvenation.
Meditate for a few moments each day. Meditation does not",cau_dmd,0.5,1,15,0.52875,0.81705,0.4531,0.45169,0.02148,0.90236,0.08531,0.02831,0.38076,0.04404
101," to accomplish daily renewal and rejuvenation.
Meditate for a few moments each day. Meditation does not",cau_dmd,0.7,1,17,0.81314,0.89219,0.69491,0.6863,0.04954,0.90236,0.01017,0.00055,0.63125,0.06311
101," to accomplish daily renewal and rejuvenation.
Meditate for a few moments each day. Meditation does not",cau_dmd,0.9,1,19,0.94426,0.94767,1.0634,1.04472,0.05043,0.90236,0.04531,0.01669,0.95264,0.09407
101," to accomplish daily renewal and rejuvenation.
Meditate for a few moments each day. Meditation does not",cau_dmd,0.99,1,22,0.9924,0.9801,1.70892,1.6732,0.0539,0.90236,0.07774,0.08073,1.45271,0.17547
101," to accomplish daily renewal and rejuvenation.
Meditate for a few moments each day. Meditation does not",dua_dmd,0.3,1,16,0.33012,0.88668,0.13449,0.12596,0.00906,0.90236,0.01568,0.00128,0.08357,0.04965
101," to accomplish daily renewal and rejuvenation.
Meditate for a few moments each day. Meditation does not",dua_dmd,0.5,1,19,0.5009,0.89987,0.2582,0.24303,0.01227,0.90236,0.00249,3e-05,0.17165,0.08651
101," to accomplish daily renewal and rejuvenation.
Meditate for a few moments each day. Meditation does not",dua_dmd,0.7,1,24,0.73799,0.91771,0.59632,0.56681,0.03186,0.90236,0.01535,0.00148,0.40881,0.18604
101," to accomplish daily renewal and rejuvenation.
Meditate for a few moments each day. Meditation does not",dua_dmd,0.9,1,29,0.90934,0.9251,1.08398,1.03558,0.03976,0.90236,0.02274,0.00343,0.72573,0.35482
101," to accomplish daily renewal and rejuvenation.
Meditate for a few moments each day. Meditation does not",dua_dmd,0.99,1,34,0.99043,0.92788,1.83123,1.75837,0.06166,0.90236,0.02552,0.00441,1.21772,0.6091
42," the relationship between our conscious, subjective experience—what we see, hear, smell, taste, and",euc_ctx,0.3,1,30,0.33589,0.45606,0.79427,0.80687,0.47616,0.95652,0.50046,0.59861,0.14706,0.0486
42," the relationship between our conscious, subjective experience—what we see, hear, smell, taste, and",euc_ctx,0.5,1,33,0.57525,0.45379,0.75106,0.76266,0.47641,0.95652,0.50273,0.6032,0.08904,0.05882
42," the relationship between our conscious, subjective experience—what we see, hear, smell, taste, and",euc_ctx,0.7,1,35,0.72301,0.48104,0.682,0.69239,0.47663,0.95652,0.47547,0.54964,0.06602,0.06634
42," the relationship between our conscious, subjective experience—what we see, hear, smell, taste, and",euc_ctx,0.9,1,39,0.90646,0.5816,0.51598,0.52259,0.4764,0.95652,0.37492,0.37744,0.05501,0.08352
42," the relationship between our conscious, subjective experience—what we see, hear, smell, taste, and",euc_ctx,0.99,1,47,0.99258,0.7738,0.3484,0.34321,0.47615,0.95652,0.18272,0.13107,0.08688,0.13045
42," the relationship between our conscious, subjective experience—what we see, hear, smell, taste, and",cau_ctx,0.3,1,50,0.30217,0.26453,1.30193,1.31039,0.5641,0.95652,0.69199,1.1065,0.09249,0.10295
42," the relationship between our conscious, subjective experience—what we see, hear, smell, taste, and",cau_ctx,0.5,1,55,0.55204,0.21899,1.56145,1.56722,0.56415,0.95652,0.73753,1.28461,0.15261,0.12423
42," the relationship between our conscious, subjective experience—what we see, hear, smell, taste, and",cau_ctx,0.7,1,59,0.74112,0.2148,1.67022,1.67345,0.56426,0.95652,0.74172,1.30282,0.22527,0.14213
42," the relationship between our conscious, subjective experience—what we see, hear, smell, taste, and",cau_ctx,0.9,1,65,0.91092,0.2469,1.69623,1.69516,0.56428,0.95652,0.70962,1.17144,0.35459,0.1702
42," the relationship between our conscious, subjective experience—what we see, hear, smell, taste, and",cau_ctx,0.99,1,76,0.99081,0.36981,1.60886,1.59861,0.5642,0.95652,0.5867,0.79272,0.59143,0.2247
42," the relationship between our conscious, subjective experience—what we see, hear, smell, taste, and",dua_ctx,0.3,1,43,0.30727,0.88285,0.11309,0.11218,0.00612,0.95652,0.07367,0.03357,0.02877,0.05076
42," the relationship between our conscious, subjective experience—what we see, hear, smell, taste, and",dua_ctx,0.5,1,55,0.51273,0.87534,0.16643,0.16057,0.00606,0.95652,0.08118,0.03903,0.03925,0.08814
42," the relationship between our conscious, subjective experience—what we see, hear, smell, taste, and",dua_ctx,0.7,1,67,0.71422,0.86366,0.23808,0.22485,0.00619,0.95652,0.09286,0.04799,0.04971,0.14038
42," the relationship between our conscious, subjective experience—what we see, hear, smell, taste, and",dua_ctx,0.9,1,81,0.90664,0.85144,0.34583,0.32008,0.00657,0.95652,0.10508,0.05789,0.06416,0.22378
42," the relationship between our conscious, subjective experience—what we see, hear, smell, taste, and",dua_ctx,0.99,1,95,0.99226,0.85089,0.48072,0.43655,0.00661,0.95652,0.10562,0.05834,0.08213,0.34025
42," the relationship between our conscious, subjective experience—what we see, hear, smell, taste, and",euc_unemb,0.3,1,14,0.30479,0.74208,0.18296,0.19367,0.0052,0.95652,0.21444,0.1654,0.00711,0.01045
42," the relationship between our conscious, subjective experience—what we see, hear, smell, taste, and",euc_unemb,0.5,1,16,0.64317,0.79581,0.18954,0.19804,0.00537,0.95652,0.16071,0.10869,0.06709,0.01376
42," the relationship between our conscious, subjective experience—what we see, hear, smell, taste, and",euc_unemb,0.7,1,17,0.78501,0.84273,0.2723,0.27842,0.00454,0.95652,0.11379,0.06525,0.19127,0.01578
42," the relationship between our conscious, subjective experience—what we see, hear, smell, taste, and",euc_unemb,0.9,1,19,0.93732,0.92459,0.60573,0.60503,0.00338,0.95652,0.03193,0.00853,0.57602,0.02117
42," the relationship between our conscious, subjective experience—what we see, hear, smell, taste, and",euc_unemb,0.99,1,22,0.99195,0.97759,1.23647,1.22311,0.07353,0.95652,0.02107,0.00797,1.19122,0.03727
42," the relationship between our conscious, subjective experience—what we see, hear, smell, taste, and",cau_unemb,0.3,1,17,0.41407,0.63081,0.34253,0.35583,0.47588,0.95652,0.3257,0.30518,0.02058,0.01677
42," the relationship between our conscious, subjective experience—what we see, hear, smell, taste, and",cau_unemb,0.5,1,18,0.56071,0.65718,0.29381,0.30648,0.00573,0.95652,0.29934,0.26924,0.00601,0.01856
42," the relationship between our conscious, subjective experience—what we see, hear, smell, taste, and",cau_unemb,0.7,1,20,0.80577,0.7533,0.3287,0.33854,0.00496,0.95652,0.20322,0.15297,0.15318,0.02255
42," the relationship between our conscious, subjective experience—what we see, hear, smell, taste, and",cau_unemb,0.9,1,22,0.93069,0.856,0.5475,0.55256,0.00469,0.95652,0.10052,0.05413,0.46601,0.02736
42," the relationship between our conscious, subjective experience—what we see, hear, smell, taste, and",cau_unemb,0.99,1,26,0.99288,0.96136,1.19156,1.18387,0.07301,0.95652,0.00484,0.0003,1.14874,0.04252
42," the relationship between our conscious, subjective experience—what we see, hear, smell, taste, and",dua_unemb,0.3,1,18,0.3146,0.92722,0.02407,0.02375,0.00351,0.95652,0.0293,0.00736,0.0055,0.01121
42," the relationship between our conscious, subjective experience—what we see, hear, smell, taste, and",dua_unemb,0.5,1,23,0.5402,0.94641,0.03742,0.0325,0.00132,0.95652,0.0101,0.00107,0.01374,0.02262
42," the relationship between our conscious, subjective experience—what we see, hear, smell, taste, and",dua_unemb,0.7,1,28,0.72232,0.96426,0.0868,0.07324,0.00194,0.95652,0.00774,0.00082,0.03512,0.05086
42," the relationship between our conscious, subjective experience—what we see, hear, smell, taste, and",dua_unemb,0.9,1,39,0.91069,0.95983,0.34095,0.29328,0.00264,0.95652,0.00332,0.00014,0.09618,0.24464
42," the relationship between our conscious, subjective experience—what we see, hear, smell, taste, and",dua_unemb,0.99,1,48,0.99275,0.9398,0.60016,0.5182,0.00272,0.95652,0.01672,0.00272,0.14124,0.4562
42," the relationship between our conscious, subjective experience—what we see, hear, smell, taste, and",euc_dmd,0.3,1,16,0.3094,0.57457,0.59008,0.60213,0.47509,0.95652,0.38195,0.38835,0.15891,0.04282
42," the relationship between our conscious, subjective experience—what we see, hear, smell, taste, and",euc_dmd,0.5,1,18,0.61001,0.54892,0.63426,0.64359,0.00468,0.95652,0.4076,0.42949,0.14135,0.06341
42," the relationship between our conscious, subjective experience—what we see, hear, smell, taste, and",euc_dmd,0.7,1,19,0.74679,0.55115,0.7509,0.75784,0.00444,0.95652,0.40537,0.42582,0.24756,0.07752
42," the relationship between our conscious, subjective experience—what we see, hear, smell, taste, and",euc_dmd,0.9,1,21,0.91486,0.56679,1.17563,1.17595,0.00375,0.95652,0.38973,0.4006,0.66129,0.11374
42," the relationship between our conscious, subjective experience—what we see, hear, smell, taste, and",euc_dmd,0.99,1,25,0.99386,0.58947,2.47605,2.459,0.12814,0.95652,0.36705,0.3654,1.90294,0.20771
42," the relationship between our conscious, subjective experience—what we see, hear, smell, taste, and",cau_dmd,0.3,1,20,0.33922,0.49459,0.94449,0.95442,0.47586,0.95652,0.46193,0.52424,0.36038,0.05987
42," the relationship between our conscious, subjective experience—what we see, hear, smell, taste, and",cau_dmd,0.5,1,22,0.6174,0.40343,1.22221,1.22744,0.47571,0.95652,0.55309,0.71189,0.4167,0.09362
42," the relationship between our conscious, subjective experience—what we see, hear, smell, taste, and",cau_dmd,0.7,1,23,0.74622,0.37418,1.46526,1.46716,0.00536,0.95652,0.58234,0.7818,0.56965,0.11381
42," the relationship between our conscious, subjective experience—what we see, hear, smell, taste, and",cau_dmd,0.9,1,25,0.91152,0.34997,2.09627,2.09017,0.00452,0.95652,0.60655,0.84414,1.0939,0.15823
42," the relationship between our conscious, subjective experience—what we see, hear, smell, taste, and",cau_dmd,0.99,1,29,0.99341,0.38019,3.62793,3.60345,0.00356,0.95652,0.57633,0.76698,2.60722,0.25373
42," the relationship between our conscious, subjective experience—what we see, hear, smell, taste, and",dua_dmd,0.3,1,19,0.30903,0.9005,0.08868,0.08851,0.00463,0.95652,0.05601,0.02173,0.02984,0.03712
42," the relationship between our conscious, subjective experience—what we see, hear, smell, taste, and",dua_dmd,0.5,1,24,0.51042,0.91287,0.1702,0.16137,0.00337,0.95652,0.04365,0.01445,0.08275,0.07299
42," the relationship between our conscious, subjective experience—what we see, hear, smell, taste, and",dua_dmd,0.7,1,32,0.70682,0.9288,0.40794,0.37497,0.00378,0.95652,0.02772,0.00668,0.21099,0.19027
42," the relationship between our conscious, subjective experience—what we see, hear, smell, taste, and",dua_dmd,0.9,1,50,0.90313,0.92521,1.2374,1.13778,0.00418,0.95652,0.03131,0.00825,0.66123,0.56792
42," the relationship between our conscious, subjective experience—what we see, hear, smell, taste, and",dua_dmd,0.99,1,62,0.99312,0.92207,2.2226,2.08749,0.00422,0.95652,0.03445,0.00972,1.40659,0.80629
176," you and your insurance provider. We accept most plans, including all major PPOs.
We also",euc_ctx,0.3,1,24,0.30325,0.7727,0.5899,0.58315,0.35617,0.93073,0.15803,0.09088,0.38187,0.11715
176," you and your insurance provider. We accept most plans, including all major PPOs.
We also",euc_ctx,0.5,1,27,0.51474,0.76717,0.72809,0.71748,0.35616,0.93073,0.16357,0.0959,0.48501,0.14718
176," you and your insurance provider. We accept most plans, including all major PPOs.
We also",euc_ctx,0.7,1,30,0.7201,0.79036,0.84257,0.82684,0.35543,0.93073,0.14037,0.07545,0.58781,0.1793
176," you and your insurance provider. We accept most plans, including all major PPOs.
We also",euc_ctx,0.9,1,35,0.91777,0.86055,0.99744,0.97113,0.36147,0.93073,0.07018,0.0245,0.73637,0.23657
176," you and your insurance provider. We accept most plans, including all major PPOs.
We also",euc_ctx,0.99,1,43,0.99136,0.9433,1.26931,1.22364,0.36075,0.93073,0.01257,0.00138,0.93152,0.33641
176," you and your insurance provider. We accept most plans, including all major PPOs.
We also",cau_ctx,0.3,1,48,0.32247,0.68446,0.64952,0.64138,0.35666,0.93073,0.24628,0.18102,0.3138,0.15469
176," you and your insurance provider. We accept most plans, including all major PPOs.
We also",cau_ctx,0.5,1,53,0.50214,0.65944,0.74209,0.73069,0.35931,0.93073,0.27129,0.21039,0.34534,0.18637
176," you and your insurance provider. We accept most plans, including all major PPOs.
We also",cau_ctx,0.7,1,59,0.71247,0.66365,0.81154,0.79528,0.42196,0.93073,0.26708,0.20534,0.37976,0.22644
176," you and your insurance provider. We accept most plans, including all major PPOs.
We also",cau_ctx,0.9,1,68,0.905,0.72077,0.86261,0.83753,0.35809,0.93073,0.20996,0.14137,0.43097,0.29027
176," you and your insurance provider. We accept most plans, including all major PPOs.
We also",cau_ctx,0.99,1,84,0.99065,0.83695,1.01035,0.9668,0.35779,0.93073,0.09378,0.03955,0.55575,0.41505
176," you and your insurance provider. We accept most plans, including all major PPOs.
We also",dua_ctx,0.3,1,37,0.30553,0.84373,0.23139,0.2236,0.01284,0.93073,0.087,0.03498,0.09006,0.10634
176," you and your insurance provider. We accept most plans, including all major PPOs.
We also",dua_ctx,0.5,1,48,0.50945,0.83432,0.36484,0.3492,0.34888,0.93073,0.09641,0.04137,0.15189,0.17159
176," you and your insurance provider. We accept most plans, including all major PPOs.
We also",dua_ctx,0.7,1,59,0.70523,0.83315,0.51324,0.48701,0.34792,0.93073,0.09758,0.04219,0.2134,0.25766
176," you and your insurance provider. We accept most plans, including all major PPOs.
We also",dua_ctx,0.9,1,73,0.9068,0.84287,0.71954,0.67571,0.34152,0.93073,0.08786,0.03555,0.28395,0.40004
176," you and your insurance provider. We accept most plans, including all major PPOs.
We also",dua_ctx,0.99,1,86,0.99095,0.86889,0.93253,0.86692,0.34192,0.93073,0.06184,0.01979,0.33829,0.57444
176," you and your insurance provider. We accept most plans, including all major PPOs.
We also",euc_unemb,0.3,1,13,0.41226,0.80209,0.15444,0.15549,0.02726,0.93073,0.12864,0.06573,0.034,0.05472
176," you and your insurance provider. We accept most plans, including all major PPOs.
We also",euc_unemb,0.5,1,14,0.56347,0.81369,0.17623,0.17535,0.02965,0.93073,0.11704,0.05655,0.05445,0.06524
176," you and your insurance provider. We accept most plans, including all major PPOs.
We also",euc_unemb,0.7,1,15,0.7039,0.83446,0.20499,0.20152,0.02958,0.93073,0.09627,0.04127,0.08642,0.0773
176," you and your insurance provider. We accept most plans, including all major PPOs.
We also",euc_unemb,0.9,1,18,0.93717,0.90499,0.36011,0.3458,0.03698,0.93073,0.02574,0.00421,0.22989,0.12601
176," you and your insurance provider. We accept most plans, including all major PPOs.
We also",euc_unemb,0.99,1,22,0.99429,0.94683,0.63158,0.59997,0.03965,0.93073,0.0161,0.00236,0.39966,0.22956
176," you and your insurance provider. We accept most plans, including all major PPOs.
We also",cau_unemb,0.3,1,14,0.37792,0.69903,0.26789,0.27221,0.02489,0.93073,0.2317,0.16469,0.0384,0.06481
176," you and your insurance provider. We accept most plans, including all major PPOs.
We also",cau_unemb,0.5,1,15,0.51342,0.70321,0.27909,0.28208,0.02361,0.93073,0.22752,0.16011,0.04452,0.07446
176," you and your insurance provider. We accept most plans, including all major PPOs.
We also",cau_unemb,0.7,1,17,0.76101,0.74869,0.28799,0.28693,0.02758,0.93073,0.18204,0.11331,0.07861,0.09608
176," you and your insurance provider. We accept most plans, including all major PPOs.
We also",cau_unemb,0.9,1,19,0.90575,0.81631,0.31291,0.30623,0.02886,0.93073,0.11442,0.05453,0.13703,0.12134
176," you and your insurance provider. We accept most plans, including all major PPOs.
We also",cau_unemb,0.99,1,24,0.99345,0.92553,0.47551,0.45146,0.03731,0.93073,0.0052,0.0002,0.26783,0.20749
176," you and your insurance provider. We accept most plans, including all major PPOs.
We also",dua_unemb,0.3,1,15,0.34996,0.88091,0.08042,0.07897,0.00841,0.93073,0.04983,0.01367,0.02448,0.04227
176," you and your insurance provider. We accept most plans, including all major PPOs.
We also",dua_unemb,0.5,1,18,0.54388,0.88564,0.11434,0.10964,0.01908,0.93073,0.04509,0.01149,0.03578,0.06708
176," you and your insurance provider. We accept most plans, including all major PPOs.
We also",dua_unemb,0.7,1,21,0.72149,0.89215,0.16835,0.15907,0.02179,0.93073,0.03858,0.00873,0.05605,0.10356
176," you and your insurance provider. We accept most plans, including all major PPOs.
We also",dua_unemb,0.9,1,25,0.90246,0.90124,0.2845,0.26624,0.02918,0.93073,0.02949,0.0054,0.10172,0.17737
176," you and your insurance provider. We accept most plans, including all major PPOs.
We also",dua_unemb,0.99,1,30,0.99059,0.90907,0.48648,0.45106,0.03503,0.93073,0.02166,0.00307,0.16127,0.32214
176," you and your insurance provider. We accept most plans, including all major PPOs.
We also",euc_dmd,0.3,1,14,0.42158,0.80916,0.4748,0.46785,0.42576,0.93073,0.12157,0.06008,0.30709,0.10763
176," you and your insurance provider. We accept most plans, including all major PPOs.
We also",euc_dmd,0.5,1,15,0.56731,0.81725,0.55565,0.54606,0.42651,0.93073,0.11348,0.05382,0.3773,0.12454
176," you and your insurance provider. We accept most plans, including all major PPOs.
We also",euc_dmd,0.7,1,16,0.70317,0.83548,0.64487,0.63197,0.30486,0.93073,0.09525,0.04056,0.46184,0.14246
176," you and your insurance provider. We accept most plans, including all major PPOs.
We also",euc_dmd,0.9,1,19,0.93485,0.91027,0.97716,0.95115,0.30533,0.93073,0.02046,0.00276,0.77215,0.20225
176," you and your insurance provider. We accept most plans, including all major PPOs.
We also",euc_dmd,0.99,1,23,0.99407,0.96796,1.55075,1.50359,0.39197,0.93073,0.03723,0.01691,1.23593,0.29791
176," you and your insurance provider. We accept most plans, including all major PPOs.
We also",cau_dmd,0.3,1,16,0.35335,0.7312,0.41694,0.41497,0.35109,0.93073,0.19953,0.13064,0.18513,0.10117
176," you and your insurance provider. We accept most plans, including all major PPOs.
We also",cau_dmd,0.5,1,18,0.61152,0.74359,0.54368,0.53784,0.42081,0.93073,0.18714,0.11827,0.29696,0.12845
176," you and your insurance provider. We accept most plans, including all major PPOs.
We also",cau_dmd,0.7,1,19,0.73034,0.76738,0.63166,0.62311,0.3113,0.93073,0.16335,0.09571,0.39284,0.14311
176," you and your insurance provider. We accept most plans, including all major PPOs.
We also",cau_dmd,0.9,1,22,0.93576,0.86596,1.01392,0.99443,0.40234,0.93073,0.06477,0.02141,0.8014,0.19112
176," you and your insurance provider. We accept most plans, including all major PPOs.
We also",cau_dmd,0.99,1,26,0.99354,0.95256,1.72696,1.68886,0.39742,0.93073,0.02183,0.00465,1.4564,0.26592
176," you and your insurance provider. We accept most plans, including all major PPOs.
We also",dua_dmd,0.3,1,16,0.33895,0.89981,0.17435,0.16728,0.02149,0.93073,0.03092,0.00588,0.1003,0.06818
176," you and your insurance provider. We accept most plans, including all major PPOs.
We also",dua_dmd,0.5,1,19,0.51689,0.91885,0.25938,0.24587,0.02482,0.93073,0.01188,0.00099,0.158,0.10039
176," you and your insurance provider. We accept most plans, including all major PPOs.
We also",dua_dmd,0.7,1,23,0.70897,0.94476,0.4339,0.40909,0.02599,0.93073,0.01403,0.00175,0.27288,0.15926
176," you and your insurance provider. We accept most plans, including all major PPOs.
We also",dua_dmd,0.9,1,29,0.90118,0.97166,0.81443,0.76777,0.01864,0.93073,0.04093,0.02186,0.50897,0.2836
176," you and your insurance provider. We accept most plans, including all major PPOs.
We also",dua_dmd,0.99,1,36,0.99152,0.98575,1.34225,1.26334,0.02982,0.93073,0.05502,0.05607,0.79149,0.49468
425,"ha Dealer so we have the latest and best gear available!
Since we are a school we also",euc_ctx,0.3,1,24,0.32565,0.64745,0.54734,0.54379,0.34938,0.86039,0.21294,0.11532,0.27555,0.15647
425,"ha Dealer so we have the latest and best gear available!
Since we are a school we also",euc_ctx,0.5,1,27,0.54391,0.64753,0.71371,0.70677,0.35189,0.86039,0.21286,0.11524,0.39135,0.20712
425,"ha Dealer so we have the latest and best gear available!
Since we are a school we also",euc_ctx,0.7,1,30,0.74554,0.6808,0.86703,0.85545,0.35132,0.86039,0.17959,0.08598,0.51624,0.26481
425,"ha Dealer so we have the latest and best gear available!
Since we are a school we also",euc_ctx,0.9,1,34,0.90598,0.7528,1.03488,1.01551,0.35206,0.86039,0.10759,0.03517,0.64814,0.35157
425,"ha Dealer so we have the latest and best gear available!
Since we are a school we also",euc_ctx,0.99,1,42,0.99025,0.87234,1.3551,1.31712,0.35845,0.86039,0.01195,0.00062,0.79992,0.55455
425,"ha Dealer so we have the latest and best gear available!
Since we are a school we also",cau_ctx,0.3,1,46,0.304,0.57083,0.73585,0.73215,0.35446,0.86039,0.28956,0.19623,0.2555,0.28412
425,"ha Dealer so we have the latest and best gear available!
Since we are a school we also",cau_ctx,0.5,1,52,0.52432,0.52191,0.95672,0.94919,0.35492,0.86039,0.33848,0.25825,0.32593,0.37254
425,"ha Dealer so we have the latest and best gear available!
Since we are a school we also",cau_ctx,0.7,1,57,0.70358,0.508,1.10598,1.09432,0.35725,0.86039,0.35239,0.27748,0.37491,0.45359
425,"ha Dealer so we have the latest and best gear available!
Since we are a school we also",cau_ctx,0.9,1,66,0.90342,0.5257,1.29544,1.2747,0.35788,0.86039,0.33469,0.25313,0.42726,0.61506
425,"ha Dealer so we have the latest and best gear available!
Since we are a school we also",cau_ctx,0.99,1,82,0.99052,0.57042,1.62304,1.58312,0.36041,0.86039,0.28997,0.19671,0.48097,0.94536
425,"ha Dealer so we have the latest and best gear available!
Since we are a school we also",dua_ctx,0.3,1,38,0.30482,0.75662,0.29737,0.28944,0.0121,0.86039,0.10377,0.03299,0.0829,0.18149
425,"ha Dealer so we have the latest and best gear available!
Since we are a school we also",dua_ctx,0.5,1,50,0.51418,0.74262,0.51105,0.49283,0.02402,0.86039,0.11777,0.04125,0.1231,0.34669
425,"ha Dealer so we have the latest and best gear available!
Since we are a school we also",dua_ctx,0.7,1,62,0.71002,0.73738,0.7947,0.76217,0.03276,0.86039,0.12301,0.04453,0.16366,0.5865
425,"ha Dealer so we have the latest and best gear available!
Since we are a school we also",dua_ctx,0.9,1,77,0.90071,0.74278,1.2337,1.17819,0.03509,0.86039,0.11761,0.04115,0.22286,0.96969
425,"ha Dealer so we have the latest and best gear available!
Since we are a school we also",dua_ctx,0.99,1,91,0.99079,0.76206,1.70108,1.6202,0.04119,0.86039,0.09833,0.02998,0.2855,1.38561
425,"ha Dealer so we have the latest and best gear available!
Since we are a school we also",euc_unemb,0.3,1,13,0.34982,0.64911,0.25301,0.25633,0.02204,0.86039,0.21128,0.11377,0.07257,0.06666
425,"ha Dealer so we have the latest and best gear available!
Since we are a school we also",euc_unemb,0.5,1,15,0.63444,0.68537,0.40967,0.40989,0.3346,0.86039,0.17502,0.08224,0.22697,0.10047
425,"ha Dealer so we have the latest and best gear available!
Since we are a school we also",euc_unemb,0.7,1,16,0.75736,0.7191,0.53315,0.53092,0.33584,0.86039,0.14129,0.05673,0.35303,0.12338
425,"ha Dealer so we have the latest and best gear available!
Since we are a school we also",euc_unemb,0.9,1,18,0.91007,0.78866,0.84452,0.83582,0.43443,0.86039,0.07173,0.01701,0.64147,0.18604
425,"ha Dealer so we have the latest and best gear available!
Since we are a school we also",euc_unemb,0.99,1,22,0.99077,0.8579,1.46285,1.43765,0.52442,0.86039,0.00249,3e-05,1.07173,0.39109
425,"ha Dealer so we have the latest and best gear available!
Since we are a school we also",cau_unemb,0.3,1,14,0.35242,0.47387,0.46251,0.46859,0.05476,0.86039,0.38651,0.32795,0.06065,0.07391
425,"ha Dealer so we have the latest and best gear available!
Since we are a school we also",cau_unemb,0.5,1,16,0.61628,0.49737,0.55296,0.55702,0.02357,0.86039,0.36302,0.29269,0.16135,0.09893
425,"ha Dealer so we have the latest and best gear available!
Since we are a school we also",cau_unemb,0.7,1,17,0.73405,0.53174,0.59493,0.59744,0.34669,0.86039,0.32865,0.24509,0.23617,0.11367
425,"ha Dealer so we have the latest and best gear available!
Since we are a school we also",cau_unemb,0.9,1,20,0.9334,0.67778,0.7159,0.7116,0.42939,0.86039,0.18261,0.08849,0.45709,0.17032
425,"ha Dealer so we have the latest and best gear available!
Since we are a school we also",cau_unemb,0.99,1,24,0.99186,0.82236,0.92562,0.90859,0.43558,0.86039,0.03803,0.00526,0.63087,0.28949
425,"ha Dealer so we have the latest and best gear available!
Since we are a school we also",dua_unemb,0.3,1,15,0.30634,0.7948,0.10023,0.09969,0.00402,0.86039,0.06559,0.01446,0.0222,0.06357
425,"ha Dealer so we have the latest and best gear available!
Since we are a school we also",dua_unemb,0.5,1,19,0.50654,0.81324,0.17442,0.1672,0.0086,0.86039,0.04715,0.00787,0.04175,0.1248
425,"ha Dealer so we have the latest and best gear available!
Since we are a school we also",dua_unemb,0.7,1,26,0.72005,0.8479,0.41537,0.38977,0.01825,0.86039,0.01249,0.00062,0.09352,0.32124
425,"ha Dealer so we have the latest and best gear available!
Since we are a school we also",dua_unemb,0.9,1,36,0.91546,0.85209,1.0273,0.96647,0.02237,0.86039,0.0083,0.00028,0.17816,0.84887
425,"ha Dealer so we have the latest and best gear available!
Since we are a school we also",dua_unemb,0.99,1,44,0.99345,0.83257,1.64971,1.55569,0.02142,0.86039,0.02782,0.00291,0.23902,1.40778
425,"ha Dealer so we have the latest and best gear available!
Since we are a school we also",euc_dmd,0.3,1,13,0.35745,0.78437,0.29593,0.28953,0.03022,0.86039,0.07602,0.0189,0.16119,0.11584
425,"ha Dealer so we have the latest and best gear available!
Since we are a school we also",euc_dmd,0.5,1,14,0.50679,0.79961,0.34471,0.33583,0.03042,0.86039,0.06078,0.01258,0.19249,0.13965
425,"ha Dealer so we have the latest and best gear available!
Since we are a school we also",euc_dmd,0.7,1,16,0.77975,0.85672,0.47041,0.45424,0.06081,0.86039,0.00367,6e-05,0.27469,0.19566
425,"ha Dealer so we have the latest and best gear available!
Since we are a school we also",euc_dmd,0.9,1,18,0.92499,0.91544,0.6542,0.62818,0.06293,0.86039,0.05505,0.01664,0.37409,0.26347
425,"ha Dealer so we have the latest and best gear available!
Since we are a school we also",euc_dmd,0.99,1,22,0.99351,0.9731,1.14818,1.09922,0.06761,0.86039,0.11271,0.12397,0.58586,0.43835
425,"ha Dealer so we have the latest and best gear available!
Since we are a school we also",cau_dmd,0.3,1,14,0.4236,0.68516,0.2554,0.25448,0.02183,0.86039,0.17523,0.08241,0.09182,0.08117
425,"ha Dealer so we have the latest and best gear available!
Since we are a school we also",cau_dmd,0.5,1,15,0.57805,0.71553,0.27926,0.27618,0.02217,0.86039,0.14486,0.05925,0.12475,0.09525
425,"ha Dealer so we have the latest and best gear available!
Since we are a school we also",cau_dmd,0.7,1,16,0.71942,0.76004,0.32203,0.31602,0.0221,0.86039,0.10035,0.03109,0.18006,0.11089
425,"ha Dealer so we have the latest and best gear available!
Since we are a school we also",cau_dmd,0.9,1,18,0.90067,0.85836,0.49651,0.48252,0.0273,0.86039,0.00203,2e-05,0.34925,0.14725
425,"ha Dealer so we have the latest and best gear available!
Since we are a school we also",cau_dmd,0.99,1,22,0.99146,0.96476,1.08183,1.04711,0.06163,0.86039,0.10437,0.09369,0.74396,0.24418
425,"ha Dealer so we have the latest and best gear available!
Since we are a school we also",dua_dmd,0.3,1,15,0.35675,0.83889,0.16485,0.15864,0.01828,0.86039,0.0215,0.00178,0.09625,0.06682
425,"ha Dealer so we have the latest and best gear available!
Since we are a school we also",dua_dmd,0.5,1,18,0.54613,0.86753,0.2485,0.23555,0.0195,0.86039,0.00714,0.00022,0.14601,0.10227
425,"ha Dealer so we have the latest and best gear available!
Since we are a school we also",dua_dmd,0.7,1,21,0.70578,0.89772,0.3614,0.33984,0.0229,0.86039,0.03733,0.00689,0.20124,0.15326
425,"ha Dealer so we have the latest and best gear available!
Since we are a school we also",dua_dmd,0.9,1,27,0.92401,0.94627,0.70906,0.66473,0.03083,0.86039,0.08588,0.05144,0.31856,0.33906
425,"ha Dealer so we have the latest and best gear available!
Since we are a school we also",dua_dmd,0.99,1,32,0.99199,0.96549,1.15091,1.08187,0.06101,0.86039,0.1051,0.09597,0.41969,0.63525
132," social media pages provide the opportunity for you to learn about super, to ask us any question you may",euc_ctx,0.3,1,33,0.31994,0.92394,0.07358,0.07621,0.0,0.99664,0.0727,0.06501,0.00348,0.00509
132," social media pages provide the opportunity for you to learn about super, to ask us any question you may",euc_ctx,0.5,1,36,0.53785,0.92205,0.07643,0.07728,0.0,0.99664,0.07459,0.06697,0.00362,0.00584
132," social media pages provide the opportunity for you to learn about super, to ask us any question you may",euc_ctx,0.7,1,39,0.74218,0.933,0.06622,0.0643,0.0,0.99664,0.06364,0.05571,0.00389,0.00663
132," social media pages provide the opportunity for you to learn about super, to ask us any question you may",euc_ctx,0.9,1,43,0.90589,0.95562,0.04578,0.03919,0.0,0.99664,0.04102,0.03322,0.00485,0.00771
132," social media pages provide the opportunity for you to learn about super, to ask us any question you may",euc_ctx,0.99,1,51,0.99078,0.98532,0.02439,0.00775,0.0,0.99664,0.01132,0.00644,0.00793,0.01003
132," social media pages provide the opportunity for you to learn about super, to ask us any question you may",cau_ctx,0.3,1,61,0.33111,0.88367,0.11836,0.11968,0.0,0.99664,0.11297,0.10799,0.00254,0.00782
132," social media pages provide the opportunity for you to learn about super, to ask us any question you may",cau_ctx,0.5,1,66,0.52941,0.86892,0.13666,0.13633,0.0,0.99664,0.12772,0.12437,0.0033,0.00898
132," social media pages provide the opportunity for you to learn about super, to ask us any question you may",cau_ctx,0.7,1,71,0.71884,0.86998,0.13761,0.13493,0.0,0.99664,0.12666,0.12318,0.00422,0.0102
132," social media pages provide the opportunity for you to learn about super, to ask us any question you may",cau_ctx,0.9,1,79,0.90484,0.8946,0.1141,0.10685,0.0,0.99664,0.10204,0.09608,0.00574,0.01228
132," social media pages provide the opportunity for you to learn about super, to ask us any question you may",cau_ctx,0.99,1,94,0.99112,0.94316,0.06981,0.05389,0.0,0.99664,0.05349,0.04548,0.00777,0.01656
132," social media pages provide the opportunity for you to learn about super, to ask us any question you may",dua_ctx,0.3,1,59,0.30797,0.97958,0.02633,0.014,0.0,0.99664,0.01706,0.01115,0.00607,0.00911
132," social media pages provide the opportunity for you to learn about super, to ask us any question you may",dua_ctx,0.5,1,79,0.50846,0.98293,0.02921,0.0126,0.0,0.99664,0.01372,0.00835,0.00713,0.01374
132," social media pages provide the opportunity for you to learn about super, to ask us any question you may",dua_ctx,0.7,1,99,0.70782,0.98304,0.04168,0.01905,0.0,0.99664,0.0136,0.00826,0.01305,0.02037
132," social media pages provide the opportunity for you to learn about super, to ask us any question you may",dua_ctx,0.9,1,120,0.90217,0.97928,0.06993,0.03654,0.0,0.99664,0.01737,0.01141,0.02832,0.0302
132," social media pages provide the opportunity for you to learn about super, to ask us any question you may",dua_ctx,0.99,1,136,0.99121,0.97994,0.09137,0.04632,0.0,0.99664,0.0167,0.01084,0.0415,0.03903
132," social media pages provide the opportunity for you to learn about super, to ask us any question you may",euc_unemb,0.3,1,21,0.37374,0.95804,0.04006,0.04781,0.0,0.99664,0.0386,0.03088,0.00472,0.00446
132," social media pages provide the opportunity for you to learn about super, to ask us any question you may",euc_unemb,0.5,1,23,0.61172,0.96149,0.0377,0.04478,0.0,0.99664,0.03515,0.02759,0.00489,0.00522
132," social media pages provide the opportunity for you to learn about super, to ask us any question you may",euc_unemb,0.7,1,24,0.71905,0.96575,0.03424,0.04054,0.0,0.99664,0.03089,0.02358,0.00503,0.00563
132," social media pages provide the opportunity for you to learn about super, to ask us any question you may",euc_unemb,0.9,1,27,0.91642,0.98024,0.02395,0.02652,0.0,0.99664,0.0164,0.01059,0.00636,0.007
132," social media pages provide the opportunity for you to learn about super, to ask us any question you may",euc_unemb,0.99,1,32,0.99197,0.99268,0.0232,0.01776,0.0,0.99664,0.00396,0.00135,0.01168,0.01017
132," social media pages provide the opportunity for you to learn about super, to ask us any question you may",cau_unemb,0.3,1,20,0.30683,0.90226,0.10092,0.1124,0.0,0.99664,0.09438,0.08783,0.0094,0.00368
132," social media pages provide the opportunity for you to learn about super, to ask us any question you may",cau_unemb,0.5,1,22,0.54282,0.89988,0.10295,0.11397,0.0,0.99664,0.09676,0.09039,0.0083,0.00426
132," social media pages provide the opportunity for you to learn about super, to ask us any question you may",cau_unemb,0.7,1,24,0.76075,0.91645,0.08352,0.09305,0.0,0.99664,0.0802,0.07281,0.00583,0.00487
132," social media pages provide the opportunity for you to learn about super, to ask us any question you may",cau_unemb,0.9,1,27,0.93279,0.9517,0.04604,0.05187,0.0,0.99664,0.04495,0.03704,0.00317,0.00583
132," social media pages provide the opportunity for you to learn about super, to ask us any question you may",cau_unemb,0.99,1,32,0.99375,0.98481,0.01763,0.01594,0.0,0.99664,0.01183,0.00683,0.00316,0.00763
132," social media pages provide the opportunity for you to learn about super, to ask us any question you may",dua_unemb,0.3,1,33,0.31133,0.98998,0.0276,0.02549,0.0,0.99664,0.00667,0.00302,0.0151,0.00949
132," social media pages provide the opportunity for you to learn about super, to ask us any question you may",dua_unemb,0.5,1,43,0.50876,0.98846,0.07842,0.06632,0.0,0.99664,0.00818,0.00407,0.05512,0.01923
132," social media pages provide the opportunity for you to learn about super, to ask us any question you may",dua_unemb,0.7,1,53,0.70355,0.9797,0.14768,0.12226,0.0,0.99664,0.01694,0.01105,0.10449,0.03214
132," social media pages provide the opportunity for you to learn about super, to ask us any question you may",dua_unemb,0.9,1,64,0.90024,0.96602,0.233,0.19139,0.0,0.99664,0.03062,0.02333,0.16257,0.0471
132," social media pages provide the opportunity for you to learn about super, to ask us any question you may",dua_unemb,0.99,1,73,0.99181,0.95484,0.29315,0.23856,0.0,0.99664,0.0418,0.03398,0.20111,0.05806
132," social media pages provide the opportunity for you to learn about super, to ask us any question you may",euc_dmd,0.3,1,16,0.31325,0.98662,0.01507,0.00673,0.0,0.99664,0.01002,0.00543,0.00536,0.00428
132," social media pages provide the opportunity for you to learn about super, to ask us any question you may",euc_dmd,0.5,1,18,0.61244,0.98932,0.01633,0.00356,0.0,0.99664,0.00732,0.00346,0.00765,0.00523
132," social media pages provide the opportunity for you to learn about super, to ask us any question you may",euc_dmd,0.7,1,19,0.74628,0.99162,0.01689,0.00107,0.0,0.99664,0.00502,0.00197,0.0092,0.00573
132," social media pages provide the opportunity for you to learn about super, to ask us any question you may",euc_dmd,0.9,1,21,0.91064,0.99568,0.01969,-0.00322,0.0,0.99664,0.00096,0.00012,0.01279,0.00679
132," social media pages provide the opportunity for you to learn about super, to ask us any question you may",euc_dmd,0.99,1,25,0.99189,0.99907,0.03119,-0.00672,0.0,0.99664,0.00243,0.00188,0.02004,0.00926
132," social media pages provide the opportunity for you to learn about super, to ask us any question you may",cau_dmd,0.3,1,16,0.36699,0.98391,0.01487,0.0104,0.0,0.99664,0.01274,0.00755,0.00434,0.00298
132," social media pages provide the opportunity for you to learn about super, to ask us any question you may",cau_dmd,0.5,1,17,0.52276,0.98558,0.01479,0.00826,0.0,0.99664,0.01106,0.00623,0.00526,0.00331
132," social media pages provide the opportunity for you to learn about super, to ask us any question you may",cau_dmd,0.7,1,19,0.79635,0.99114,0.01441,0.00185,0.0,0.99664,0.0055,0.00226,0.00812,0.00403
132," social media pages provide the opportunity for you to learn about super, to ask us any question you may",cau_dmd,0.9,1,21,0.93315,0.99569,0.01696,-0.00314,0.0,0.99664,0.00095,0.00011,0.01199,0.00486
132," social media pages provide the opportunity for you to learn about super, to ask us any question you may",cau_dmd,0.99,1,25,0.99441,0.99907,0.0288,-0.00673,0.0,0.99664,0.00243,0.00189,0.01986,0.00706
132," social media pages provide the opportunity for you to learn about super, to ask us any question you may",dua_dmd,0.3,1,24,0.32663,0.99854,0.02581,-0.00616,0.0,0.99664,0.00189,0.00089,0.01702,0.0079
132," social media pages provide the opportunity for you to learn about super, to ask us any question you may",dua_dmd,0.5,1,31,0.52389,0.99966,0.04038,-0.00726,0.0,0.99664,0.00301,0.00464,0.02393,0.01181
132," social media pages provide the opportunity for you to learn about super, to ask us any question you may",dua_dmd,0.7,1,38,0.71558,0.99992,0.05598,-0.00741,0.0,0.99664,0.00327,0.00909,0.03041,0.01648
132," social media pages provide the opportunity for you to learn about super, to ask us any question you may",dua_dmd,0.9,1,46,0.90892,0.99998,0.07568,-0.00717,0.0,0.99664,0.00333,0.01317,0.03872,0.02379
132," social media pages provide the opportunity for you to learn about super, to ask us any question you may",dua_dmd,0.99,1,53,0.99385,0.99999,0.09507,-0.00695,0.0,0.99664,0.00335,0.01532,0.04805,0.0317
155,", and I normally avoid drag and drop, so I'm possibly not not the best person to",euc_ctx,0.3,1,39,0.3551,0.8042,0.37081,0.36936,0.37527,0.89378,0.08959,0.02944,0.20981,0.13156
155,", and I normally avoid drag and drop, so I'm possibly not not the best person to",euc_ctx,0.5,1,42,0.55722,0.81588,0.45258,0.44822,0.37715,0.89378,0.0779,0.02308,0.26325,0.16625
155,", and I normally avoid drag and drop, so I'm possibly not not the best person to",euc_ctx,0.7,1,45,0.74265,0.83944,0.55611,0.54743,0.37738,0.89378,0.05434,0.01218,0.33444,0.20948
155,", and I normally avoid drag and drop, so I'm possibly not not the best person to",euc_ctx,0.9,1,50,0.92058,0.88175,0.77601,0.75755,0.07427,0.89378,0.01203,0.00072,0.47259,0.3027
155,", and I normally avoid drag and drop, so I'm possibly not not the best person to",euc_ctx,0.99,1,58,0.99091,0.92013,1.19908,1.1617,0.3904,0.89378,0.02635,0.00432,0.69614,0.49862
155,", and I normally avoid drag and drop, so I'm possibly not not the best person to",cau_ctx,0.3,1,70,0.32303,0.68368,0.52973,0.52379,0.37969,0.89378,0.2101,0.12359,0.1364,0.26974
155,", and I normally avoid drag and drop, so I'm possibly not not the best person to",cau_ctx,0.5,1,75,0.50002,0.64552,0.67914,0.67014,0.38022,0.89378,0.24826,0.16283,0.18911,0.3272
155,", and I normally avoid drag and drop, so I'm possibly not not the best person to",cau_ctx,0.7,1,81,0.70837,0.62414,0.88215,0.8682,0.38214,0.89378,0.26964,0.18672,0.29247,0.40296
155,", and I normally avoid drag and drop, so I'm possibly not not the best person to",cau_ctx,0.9,1,90,0.90177,0.63349,1.17441,1.15102,0.38049,0.89378,0.26029,0.1761,0.47053,0.52778
155,", and I normally avoid drag and drop, so I'm possibly not not the best person to",cau_ctx,0.99,1,107,0.99119,0.67873,1.60234,1.55801,0.38297,0.89378,0.21506,0.12845,0.68416,0.78973
155,", and I normally avoid drag and drop, so I'm possibly not not the best person to",dua_ctx,0.3,1,51,0.30006,0.86116,0.24506,0.23497,0.00919,0.89378,0.03262,0.00478,0.06776,0.17251
155,", and I normally avoid drag and drop, so I'm possibly not not the best person to",dua_ctx,0.5,1,64,0.5102,0.85812,0.41488,0.39401,0.02252,0.89378,0.03566,0.00564,0.10434,0.30489
155,", and I normally avoid drag and drop, so I'm possibly not not the best person to",dua_ctx,0.7,1,77,0.71056,0.85259,0.64852,0.61309,0.02599,0.89378,0.04119,0.00736,0.15287,0.48828
155,", and I normally avoid drag and drop, so I'm possibly not not the best person to",dua_ctx,0.9,1,92,0.90637,0.84768,0.98556,0.92865,0.02821,0.89378,0.0461,0.00904,0.21683,0.7597
155,", and I normally avoid drag and drop, so I'm possibly not not the best person to",dua_ctx,0.99,1,106,0.99193,0.8528,1.37308,1.2905,0.02987,0.89378,0.04099,0.00729,0.27572,1.09007
155,", and I normally avoid drag and drop, so I'm possibly not not the best person to",euc_unemb,0.3,1,19,0.3443,0.77858,0.18644,0.19157,0.36108,0.89378,0.1152,0.04531,0.08764,0.05349
155,", and I normally avoid drag and drop, so I'm possibly not not the best person to",euc_unemb,0.5,1,21,0.62737,0.82668,0.21767,0.21917,0.00364,0.89378,0.0671,0.01774,0.12531,0.07461
155,", and I normally avoid drag and drop, so I'm possibly not not the best person to",euc_unemb,0.7,1,22,0.7509,0.85678,0.28857,0.28718,0.06343,0.89378,0.037,0.00604,0.19231,0.09021
155,", and I normally avoid drag and drop, so I'm possibly not not the best person to",euc_unemb,0.9,1,24,0.90617,0.90609,0.55453,0.5456,0.09276,0.89378,0.01231,0.00086,0.41651,0.13716
155,", and I normally avoid drag and drop, so I'm possibly not not the best person to",euc_unemb,0.99,1,29,0.99437,0.94677,1.55577,1.52374,0.1447,0.89378,0.05299,0.02191,1.17648,0.35739
155,", and I normally avoid drag and drop, so I'm possibly not not the best person to",cau_unemb,0.3,1,22,0.32559,0.73671,0.28016,0.28751,0.36153,0.89378,0.15707,0.07632,0.11812,0.08572
155,", and I normally avoid drag and drop, so I'm possibly not not the best person to",cau_unemb,0.5,1,24,0.56036,0.77484,0.21062,0.2155,0.00695,0.89378,0.11894,0.04783,0.05575,0.10703
155,", and I normally avoid drag and drop, so I'm possibly not not the best person to",cau_unemb,0.7,1,26,0.77052,0.83184,0.25771,0.25821,0.00798,0.89378,0.06194,0.01539,0.10645,0.13587
155,", and I normally avoid drag and drop, so I'm possibly not not the best person to",cau_unemb,0.9,1,29,0.93462,0.90118,0.57293,0.56395,0.09481,0.89378,0.0074,0.0003,0.37008,0.20254
155,", and I normally avoid drag and drop, so I'm possibly not not the best person to",cau_unemb,0.99,1,34,0.99372,0.94086,1.37884,1.3508,0.14312,0.89378,0.04708,0.01632,0.97139,0.39112
155,", and I normally avoid drag and drop, so I'm possibly not not the best person to",dua_unemb,0.3,1,21,0.3123,0.87264,0.06525,0.06574,0.00292,0.89378,0.02114,0.00211,0.01238,0.05075
155,", and I normally avoid drag and drop, so I'm possibly not not the best person to",dua_unemb,0.5,1,25,0.51078,0.8918,0.12059,0.11561,0.00529,0.89378,0.00199,2e-05,0.02539,0.09518
155,", and I normally avoid drag and drop, so I'm possibly not not the best person to",dua_unemb,0.7,1,30,0.7041,0.90786,0.26076,0.24466,0.00801,0.89378,0.01408,0.00113,0.05478,0.20485
155,", and I normally avoid drag and drop, so I'm possibly not not the best person to",dua_unemb,0.9,1,42,0.90773,0.88359,0.91667,0.85678,0.01035,0.89378,0.0102,0.00052,0.16672,0.74944
155,", and I normally avoid drag and drop, so I'm possibly not not the best person to",dua_unemb,0.99,1,53,0.99067,0.84357,1.69524,1.58964,0.06944,0.89378,0.05021,0.01056,0.33479,1.34989
155,", and I normally avoid drag and drop, so I'm possibly not not the best person to",euc_dmd,0.3,1,19,0.31512,0.84999,0.33759,0.33677,0.3691,0.89378,0.04379,0.00823,0.27523,0.05413
155,", and I normally avoid drag and drop, so I'm possibly not not the best person to",euc_dmd,0.5,1,21,0.60587,0.88385,0.56689,0.56134,0.30679,0.89378,0.00993,0.00049,0.4847,0.08169
155,", and I normally avoid drag and drop, so I'm possibly not not the best person to",euc_dmd,0.7,1,22,0.73792,0.90453,0.74583,0.73666,0.38953,0.89378,0.01075,0.00065,0.64308,0.1021
155,", and I normally avoid drag and drop, so I'm possibly not not the best person to",euc_dmd,0.9,1,24,0.90457,0.93815,1.21292,1.1945,0.41127,0.89378,0.04437,0.01414,1.03815,0.16062
155,", and I normally avoid drag and drop, so I'm possibly not not the best person to",euc_dmd,0.99,1,28,0.99086,0.96721,2.3536,2.31308,0.44013,0.89378,0.07343,0.05429,1.95566,0.34365
155,", and I normally avoid drag and drop, so I'm possibly not not the best person to",cau_dmd,0.3,1,25,0.37654,0.83699,0.60715,0.60411,0.44396,0.89378,0.0568,0.01318,0.46995,0.12403
155,", and I normally avoid drag and drop, so I'm possibly not not the best person to",cau_dmd,0.5,1,27,0.62046,0.84201,0.82716,0.81933,0.44537,0.89378,0.05177,0.01116,0.63693,0.17907
155,", and I normally avoid drag and drop, so I'm possibly not not the best person to",cau_dmd,0.7,1,28,0.73045,0.84691,0.99225,0.98113,0.3028,0.89378,0.04688,0.00932,0.76817,0.21477
155,", and I normally avoid drag and drop, so I'm possibly not not the best person to",cau_dmd,0.9,1,31,0.92701,0.86553,1.67382,1.65008,0.39403,0.89378,0.02826,0.00366,1.32222,0.34794
155,", and I normally avoid drag and drop, so I'm possibly not not the best person to",cau_dmd,0.99,1,35,0.99062,0.89019,2.80938,2.76572,0.45586,0.89378,0.00359,7e-05,2.2528,0.55651
155,", and I normally avoid drag and drop, so I'm possibly not not the best person to",dua_dmd,0.3,1,23,0.34513,0.91563,0.18456,0.17426,0.0147,0.89378,0.02185,0.00288,0.10677,0.07492
155,", and I normally avoid drag and drop, so I'm possibly not not the best person to",dua_dmd,0.5,1,27,0.50946,0.94028,0.32296,0.30256,0.01732,0.89378,0.0465,0.01583,0.1756,0.13152
155,", and I normally avoid drag and drop, so I'm possibly not not the best person to",dua_dmd,0.7,1,34,0.72259,0.96462,0.66996,0.62593,0.02331,0.89378,0.07084,0.0486,0.30792,0.31345
155,", and I normally avoid drag and drop, so I'm possibly not not the best person to",dua_dmd,0.9,1,48,0.9034,0.97296,1.65882,1.55559,0.10019,0.89378,0.07918,0.06946,0.64188,0.94748
155,", and I normally avoid drag and drop, so I'm possibly not not the best person to",dua_dmd,0.99,1,62,0.99158,0.97458,3.16584,3.01871,0.14877,0.89378,0.0808,0.07454,1.45769,1.63361
382, be revealing the 2 Stripper outfits I choose to wear this weekend! watch until the end to,euc_ctx,0.3,1,34,0.35158,0.67497,0.5112,0.52625,0.05081,0.96058,0.28561,0.2558,0.16594,0.08945
382, be revealing the 2 Stripper outfits I choose to wear this weekend! watch until the end to,euc_ctx,0.5,1,37,0.56882,0.64749,0.64497,0.65921,0.01293,0.96058,0.3131,0.29253,0.24373,0.10871
382, be revealing the 2 Stripper outfits I choose to wear this weekend! watch until the end to,euc_ctx,0.7,1,39,0.70499,0.64495,0.7342,0.74717,0.01315,0.96058,0.31563,0.29602,0.31515,0.12303
382, be revealing the 2 Stripper outfits I choose to wear this weekend! watch until the end to,euc_ctx,0.9,1,44,0.91385,0.67212,0.90784,0.91558,0.01352,0.96058,0.28846,0.25952,0.4841,0.16422
382, be revealing the 2 Stripper outfits I choose to wear this weekend! watch until the end to,euc_ctx,0.99,1,52,0.99153,0.71693,1.08228,1.07833,0.05268,0.96058,0.24365,0.20332,0.63537,0.2436
382, be revealing the 2 Stripper outfits I choose to wear this weekend! watch until the end to,cau_ctx,0.3,1,63,0.30877,0.58626,0.71407,0.72274,0.01151,0.96058,0.37432,0.38164,0.21348,0.11895
382, be revealing the 2 Stripper outfits I choose to wear this weekend! watch until the end to,cau_ctx,0.5,1,69,0.53777,0.49861,0.9825,0.98896,0.01185,0.96058,0.46197,0.52962,0.30426,0.14862
382, be revealing the 2 Stripper outfits I choose to wear this weekend! watch until the end to,cau_ctx,0.7,1,74,0.72166,0.45847,1.18434,1.18793,0.0125,0.96058,0.50211,0.60721,0.40225,0.17488
382, be revealing the 2 Stripper outfits I choose to wear this weekend! watch until the end to,cau_ctx,0.9,1,82,0.90394,0.44401,1.40438,1.40207,0.0512,0.96058,0.51657,0.63695,0.54834,0.21909
382, be revealing the 2 Stripper outfits I choose to wear this weekend! watch until the end to,cau_ctx,0.99,1,97,0.99083,0.47379,1.62197,1.60648,0.05138,0.96058,0.48679,0.57676,0.73806,0.30715
382, be revealing the 2 Stripper outfits I choose to wear this weekend! watch until the end to,dua_ctx,0.3,1,51,0.30114,0.88372,0.22512,0.22492,0.01002,0.96058,0.07686,0.03747,0.08473,0.10291
382, be revealing the 2 Stripper outfits I choose to wear this weekend! watch until the end to,dua_ctx,0.5,1,68,0.50908,0.87408,0.37224,0.35946,0.00952,0.96058,0.0865,0.04487,0.1413,0.18607
382, be revealing the 2 Stripper outfits I choose to wear this weekend! watch until the end to,dua_ctx,0.7,1,86,0.70728,0.86175,0.55974,0.52928,0.00993,0.96058,0.09883,0.05483,0.20334,0.30157
382, be revealing the 2 Stripper outfits I choose to wear this weekend! watch until the end to,dua_ctx,0.9,1,105,0.9001,0.84445,0.7887,0.73676,0.0101,0.96058,0.11613,0.06967,0.27597,0.44306
382, be revealing the 2 Stripper outfits I choose to wear this weekend! watch until the end to,dua_ctx,0.99,1,120,0.99044,0.83727,0.98474,0.91528,0.01014,0.96058,0.12331,0.07609,0.33091,0.57775
382, be revealing the 2 Stripper outfits I choose to wear this weekend! watch until the end to,euc_unemb,0.3,1,17,0.35997,0.82958,0.24829,0.26251,0.00912,0.96058,0.131,0.08313,0.09322,0.07194
382, be revealing the 2 Stripper outfits I choose to wear this weekend! watch until the end to,euc_unemb,0.5,1,18,0.50525,0.80104,0.36356,0.37703,0.00943,0.96058,0.15954,0.11065,0.16374,0.08916
382, be revealing the 2 Stripper outfits I choose to wear this weekend! watch until the end to,euc_unemb,0.7,1,20,0.77129,0.75137,0.68769,0.69747,0.45725,0.96058,0.20921,0.16336,0.3942,0.13013
382, be revealing the 2 Stripper outfits I choose to wear this weekend! watch until the end to,euc_unemb,0.9,1,22,0.91777,0.71815,1.01206,1.01612,0.45934,0.96058,0.24243,0.20186,0.63374,0.17647
382, be revealing the 2 Stripper outfits I choose to wear this weekend! watch until the end to,euc_unemb,0.99,1,26,0.99194,0.67356,1.42636,1.41682,0.45985,0.96058,0.28702,0.25764,0.89365,0.27507
382, be revealing the 2 Stripper outfits I choose to wear this weekend! watch until the end to,cau_unemb,0.3,1,18,0.30129,0.7691,0.29286,0.31063,0.00832,0.96058,0.19148,0.14387,0.08173,0.06726
382, be revealing the 2 Stripper outfits I choose to wear this weekend! watch until the end to,cau_unemb,0.5,1,20,0.55976,0.73401,0.45436,0.47141,0.0107,0.96058,0.22658,0.18316,0.18056,0.09063
382, be revealing the 2 Stripper outfits I choose to wear this weekend! watch until the end to,cau_unemb,0.7,1,22,0.78912,0.71815,0.67883,0.693,0.45845,0.96058,0.24244,0.20186,0.3563,0.12067
382, be revealing the 2 Stripper outfits I choose to wear this weekend! watch until the end to,cau_unemb,0.9,1,24,0.91659,0.71176,0.88329,0.89299,0.45923,0.96058,0.24882,0.20955,0.51725,0.15648
382, be revealing the 2 Stripper outfits I choose to wear this weekend! watch until the end to,cau_unemb,0.99,1,29,0.9938,0.6858,1.19473,1.19058,0.45898,0.96058,0.27479,0.24185,0.69331,0.25957
382, be revealing the 2 Stripper outfits I choose to wear this weekend! watch until the end to,dua_unemb,0.3,1,21,0.33238,0.91663,0.16916,0.16992,0.00944,0.96058,0.04396,0.01547,0.04574,0.10796
382, be revealing the 2 Stripper outfits I choose to wear this weekend! watch until the end to,dua_unemb,0.5,1,26,0.50273,0.90468,0.30022,0.29062,0.01301,0.96058,0.0559,0.02279,0.08691,0.19052
382, be revealing the 2 Stripper outfits I choose to wear this weekend! watch until the end to,dua_unemb,0.7,1,34,0.70877,0.88768,0.50659,0.47749,0.01214,0.96058,0.07291,0.03454,0.13628,0.33576
382, be revealing the 2 Stripper outfits I choose to wear this weekend! watch until the end to,dua_unemb,0.9,1,43,0.91177,0.87028,0.73972,0.68639,0.01276,0.96058,0.0903,0.04788,0.18268,0.50916
382, be revealing the 2 Stripper outfits I choose to wear this weekend! watch until the end to,dua_unemb,0.99,1,50,0.99274,0.85958,0.93736,0.86222,0.01216,0.96058,0.10101,0.05664,0.21427,0.66645
382, be revealing the 2 Stripper outfits I choose to wear this weekend! watch until the end to,euc_dmd,0.3,1,16,0.4143,0.58406,0.97389,0.99355,0.05109,0.96058,0.37652,0.38505,0.52429,0.06455
382, be revealing the 2 Stripper outfits I choose to wear this weekend! watch until the end to,euc_dmd,0.5,1,17,0.59918,0.57294,1.33652,1.35471,0.3994,0.96058,0.38764,0.40247,0.85651,0.07755
382, be revealing the 2 Stripper outfits I choose to wear this weekend! watch until the end to,euc_dmd,0.7,1,18,0.76079,0.58343,1.77572,1.79155,0.39976,0.96058,0.37715,0.38601,1.29713,0.09258
382, be revealing the 2 Stripper outfits I choose to wear this weekend! watch until the end to,euc_dmd,0.9,1,20,0.93586,0.63878,2.77392,2.78293,0.61771,0.96058,0.32181,0.30458,2.3409,0.12844
382, be revealing the 2 Stripper outfits I choose to wear this weekend! watch until the end to,euc_dmd,0.99,1,23,0.99315,0.71956,4.15703,4.1532,0.65623,0.96058,0.24102,0.20017,3.76384,0.19302
382, be revealing the 2 Stripper outfits I choose to wear this weekend! watch until the end to,cau_dmd,0.3,1,17,0.37661,0.53434,1.30293,1.3267,0.50877,0.96058,0.42624,0.46606,0.77845,0.05842
382, be revealing the 2 Stripper outfits I choose to wear this weekend! watch until the end to,cau_dmd,0.5,1,18,0.54844,0.54151,1.65178,1.67449,0.50915,0.96058,0.41907,0.45387,1.13056,0.06735
382, be revealing the 2 Stripper outfits I choose to wear this weekend! watch until the end to,cau_dmd,0.7,1,19,0.70932,0.57231,2.07229,2.09318,0.50985,0.96058,0.38828,0.40347,1.59125,0.07756
382, be revealing the 2 Stripper outfits I choose to wear this weekend! watch until the end to,cau_dmd,0.9,1,21,0.90696,0.67196,3.08213,3.09728,0.51041,0.96058,0.28862,0.25973,2.71989,0.1025
382, be revealing the 2 Stripper outfits I choose to wear this weekend! watch until the end to,cau_dmd,0.99,1,25,0.9931,0.82559,5.15805,5.15683,0.66858,0.96058,0.135,0.08685,4.90027,0.17094
382, be revealing the 2 Stripper outfits I choose to wear this weekend! watch until the end to,dua_dmd,0.3,1,22,0.32313,0.88259,0.35775,0.36013,0.01237,0.96058,0.07799,0.03832,0.20453,0.1149
382, be revealing the 2 Stripper outfits I choose to wear this weekend! watch until the end to,dua_dmd,0.5,1,27,0.51444,0.87551,0.60726,0.5982,0.01341,0.96058,0.08507,0.04375,0.37325,0.19027
382, be revealing the 2 Stripper outfits I choose to wear this weekend! watch until the end to,dua_dmd,0.7,1,33,0.71282,0.8672,0.92305,0.89714,0.05335,0.96058,0.09338,0.05036,0.5775,0.29519
382, be revealing the 2 Stripper outfits I choose to wear this weekend! watch until the end to,dua_dmd,0.9,1,41,0.9172,0.86186,1.3467,1.29546,0.05375,0.96058,0.09873,0.05474,0.83989,0.45206
382, be revealing the 2 Stripper outfits I choose to wear this weekend! watch until the end to,dua_dmd,0.99,1,47,0.99171,0.86263,1.67579,1.60304,0.05379,0.96058,0.09795,0.0541,1.03325,0.58844
174," non-refundable and non-transferable. If you paid during intent to return, you do not",euc_ctx,0.3,1,36,0.35981,0.72435,0.58872,0.58963,0.03214,0.81736,0.09301,0.02356,0.09447,0.47069
174," non-refundable and non-transferable. If you paid during intent to return, you do not",euc_ctx,0.5,1,38,0.50867,0.72868,0.65478,0.65406,0.03281,0.81736,0.08868,0.02159,0.10069,0.5325
174," non-refundable and non-transferable. If you paid during intent to return, you do not",euc_ctx,0.7,1,41,0.72137,0.76125,0.78297,0.77879,0.02772,0.81736,0.05611,0.0092,0.1427,0.63107
174," non-refundable and non-transferable. If you paid during intent to return, you do not",euc_ctx,0.9,1,46,0.92269,0.8446,1.11615,1.10377,0.07233,0.81736,0.02724,0.0027,0.30143,0.81202
174," non-refundable and non-transferable. If you paid during intent to return, you do not",euc_ctx,0.99,1,53,0.99024,0.92423,1.73551,1.70889,0.0732,0.81736,0.10686,0.06024,0.57044,1.10482
174," non-refundable and non-transferable. If you paid during intent to return, you do not",cau_ctx,0.3,1,68,0.30469,0.3824,1.32491,1.31659,0.33538,0.81736,0.43497,0.39837,0.17947,0.74707
174," non-refundable and non-transferable. If you paid during intent to return, you do not",cau_ctx,0.5,1,74,0.52405,0.32256,1.56573,1.55307,0.33689,0.81736,0.49481,0.52058,0.14554,0.89961
174," non-refundable and non-transferable. If you paid during intent to return, you do not",cau_ctx,0.7,1,79,0.7029,0.3055,1.73688,1.72017,0.33747,0.81736,0.51187,0.56046,0.14605,1.03037
174," non-refundable and non-transferable. If you paid during intent to return, you do not",cau_ctx,0.9,1,88,0.90308,0.32826,2.00889,1.9842,0.33768,0.81736,0.4891,0.5078,0.22929,1.27179
174," non-refundable and non-transferable. If you paid during intent to return, you do not",cau_ctx,0.99,1,104,0.99056,0.44013,2.43299,2.39268,0.06555,0.81736,0.37723,0.30136,0.41694,1.71469
174," non-refundable and non-transferable. If you paid during intent to return, you do not",dua_ctx,0.3,1,54,0.30466,0.78142,0.36998,0.36284,0.01104,0.81736,0.03595,0.00395,0.04019,0.32585
174," non-refundable and non-transferable. If you paid during intent to return, you do not",dua_ctx,0.5,1,69,0.50433,0.78279,0.72124,0.70253,0.02459,0.81736,0.03458,0.00366,0.05898,0.65859
174," non-refundable and non-transferable. If you paid during intent to return, you do not",dua_ctx,0.7,1,84,0.70952,0.77994,1.22465,1.18984,0.03027,0.81736,0.03742,0.00426,0.09277,1.12762
174," non-refundable and non-transferable. If you paid during intent to return, you do not",dua_ctx,0.9,1,100,0.90564,0.77545,1.88451,1.82867,0.0742,0.81736,0.04192,0.00529,0.1461,1.73311
174," non-refundable and non-transferable. If you paid during intent to return, you do not",dua_ctx,0.99,1,114,0.99006,0.7829,2.61377,2.53719,0.07407,0.81736,0.03446,0.00364,0.2008,2.40932
174," non-refundable and non-transferable. If you paid during intent to return, you do not",euc_unemb,0.3,1,20,0.36727,0.67728,0.48075,0.48764,0.05586,0.81736,0.14008,0.04969,0.08998,0.34108
174," non-refundable and non-transferable. If you paid during intent to return, you do not",euc_unemb,0.5,1,21,0.50996,0.66493,0.63771,0.64331,0.05718,0.81736,0.15243,0.05787,0.17565,0.40419
174," non-refundable and non-transferable. If you paid during intent to return, you do not",euc_unemb,0.7,1,23,0.77127,0.65614,1.07662,1.07769,0.36967,0.81736,0.16122,0.06402,0.4496,0.563
174," non-refundable and non-transferable. If you paid during intent to return, you do not",euc_unemb,0.9,1,25,0.91689,0.65851,1.60437,1.59883,0.38773,0.81736,0.15885,0.06234,0.78347,0.75856
174," non-refundable and non-transferable. If you paid during intent to return, you do not",euc_unemb,0.99,1,29,0.9918,0.65905,2.64225,2.62089,0.41733,0.81736,0.15831,0.06196,1.37377,1.20652
174," non-refundable and non-transferable. If you paid during intent to return, you do not",cau_unemb,0.3,1,21,0.34602,0.5996,0.54764,0.55905,0.01803,0.81736,0.21776,0.10987,0.07847,0.35931
174," non-refundable and non-transferable. If you paid during intent to return, you do not",cau_unemb,0.5,1,23,0.60232,0.59808,0.71934,0.72879,0.06242,0.81736,0.21928,0.11126,0.14576,0.46232
174," non-refundable and non-transferable. If you paid during intent to return, you do not",cau_unemb,0.7,1,24,0.7195,0.60853,0.8294,0.83719,0.37111,0.81736,0.20884,0.10191,0.20366,0.52383
174," non-refundable and non-transferable. If you paid during intent to return, you do not",cau_unemb,0.9,1,27,0.92596,0.6507,1.25607,1.25649,0.37622,0.81736,0.16666,0.06796,0.43597,0.75215
174," non-refundable and non-transferable. If you paid during intent to return, you do not",cau_unemb,0.99,1,31,0.9905,0.6728,1.93147,1.91909,0.41065,0.81736,0.14457,0.0526,0.7436,1.13527
174," non-refundable and non-transferable. If you paid during intent to return, you do not",dua_unemb,0.3,1,26,0.31367,0.77075,0.52412,0.51938,0.06266,0.81736,0.04661,0.00648,0.02567,0.49197
174," non-refundable and non-transferable. If you paid during intent to return, you do not",dua_unemb,0.5,1,34,0.52609,0.74724,1.17935,1.15805,0.06941,0.81736,0.07012,0.01397,0.08225,1.08313
174," non-refundable and non-transferable. If you paid during intent to return, you do not",dua_unemb,0.7,1,41,0.71991,0.72176,1.87229,1.83243,0.07294,0.81736,0.0956,0.02479,0.16202,1.68548
174," non-refundable and non-transferable. If you paid during intent to return, you do not",dua_unemb,0.9,1,49,0.91575,0.69542,2.75326,2.68872,0.08865,0.81736,0.12195,0.03865,0.27916,2.43545
174," non-refundable and non-transferable. If you paid during intent to return, you do not",dua_unemb,0.99,1,56,0.99273,0.67803,3.60862,3.52019,0.10218,0.81736,0.13933,0.04921,0.37334,3.18607
174," non-refundable and non-transferable. If you paid during intent to return, you do not",euc_dmd,0.3,1,17,0.35663,0.91882,0.90159,0.89752,0.08452,0.81736,0.10146,0.05245,0.63811,0.21103
174," non-refundable and non-transferable. If you paid during intent to return, you do not",euc_dmd,0.5,1,18,0.51312,0.92927,1.06712,1.06046,0.08816,0.81736,0.1119,0.06837,0.74292,0.25582
174," non-refundable and non-transferable. If you paid during intent to return, you do not",euc_dmd,0.7,1,20,0.79196,0.95368,1.50786,1.49348,0.09419,0.81736,0.13632,0.1245,1.01173,0.37162
174," non-refundable and non-transferable. If you paid during intent to return, you do not",euc_dmd,0.9,1,22,0.93215,0.97164,2.05111,2.02664,0.10271,0.81736,0.15427,0.19882,1.32607,0.52621
174," non-refundable and non-transferable. If you paid during intent to return, you do not",euc_dmd,0.99,1,26,0.99443,0.98669,3.18713,3.14041,0.11147,0.81736,0.16933,0.32448,1.93426,0.92839
174," non-refundable and non-transferable. If you paid during intent to return, you do not",cau_dmd,0.3,1,17,0.40709,0.84851,0.76962,0.77496,0.09765,0.81736,0.03114,0.00358,0.5761,0.18994
174," non-refundable and non-transferable. If you paid during intent to return, you do not",cau_dmd,0.5,1,18,0.57048,0.87415,0.92943,0.93244,0.10666,0.81736,0.05679,0.01312,0.6959,0.22041
174," non-refundable and non-transferable. If you paid during intent to return, you do not",cau_dmd,0.7,1,19,0.71976,0.90348,1.13237,1.13208,0.09833,0.81736,0.08612,0.0346,0.84283,0.25493
174," non-refundable and non-transferable. If you paid during intent to return, you do not",cau_dmd,0.9,1,21,0.90562,0.95177,1.64819,1.63903,0.10495,0.81736,0.1344,0.11874,1.18964,0.33981
174," non-refundable and non-transferable. If you paid during intent to return, you do not",cau_dmd,0.99,1,25,0.99257,0.98723,2.8228,2.79239,0.09671,0.81736,0.16987,0.3316,1.89123,0.59998
174," non-refundable and non-transferable. If you paid during intent to return, you do not",dua_dmd,0.3,1,20,0.33031,0.79999,0.25555,0.25652,0.05437,0.81736,0.01737,0.00096,0.07618,0.17841
174," non-refundable and non-transferable. If you paid during intent to return, you do not",dua_dmd,0.5,1,24,0.55108,0.81514,0.55132,0.54537,0.07085,0.81736,0.00223,2e-05,0.19625,0.35504
174," non-refundable and non-transferable. If you paid during intent to return, you do not",dua_dmd,0.7,1,28,0.73859,0.83696,1.00446,0.98808,0.08487,0.81736,0.01959,0.00136,0.41152,0.59157
174," non-refundable and non-transferable. If you paid during intent to return, you do not",dua_dmd,0.9,1,33,0.90216,0.8619,1.8559,1.82124,0.09949,0.81736,0.04454,0.00769,0.86252,0.98569
174," non-refundable and non-transferable. If you paid during intent to return, you do not",dua_dmd,0.99,1,39,0.99131,0.88098,3.02525,2.96313,0.09132,0.81736,0.06362,0.01695,1.38719,1.62112
210, (vs commercial). The new site is www.safetydrone.org so if you are (or,euc_ctx,0.3,1,22,0.3392,0.14139,1.40767,1.4108,0.56535,0.80561,0.66422,1.11306,0.18685,0.10776
210, (vs commercial). The new site is www.safetydrone.org so if you are (or,euc_ctx,0.5,1,25,0.57998,0.12678,1.70442,1.70562,0.58783,0.80561,0.67883,1.19766,0.36485,0.14191
210, (vs commercial). The new site is www.safetydrone.org so if you are (or,euc_ctx,0.7,1,27,0.72806,0.13077,1.86039,1.86011,0.60319,0.80561,0.67484,1.17359,0.51892,0.16787
210, (vs commercial). The new site is www.safetydrone.org so if you are (or,euc_ctx,0.9,1,31,0.90998,0.1652,2.04945,2.0457,0.6075,0.80561,0.64042,0.99318,0.82831,0.22797
210, (vs commercial). The new site is www.safetydrone.org so if you are (or,euc_ctx,0.99,1,38,0.99046,0.28067,2.18943,2.17772,0.58596,0.80561,0.52494,0.59511,1.2329,0.36142
210, (vs commercial). The new site is www.safetydrone.org so if you are (or,cau_ctx,0.3,1,38,0.30601,0.12847,1.48801,1.49143,0.56681,0.80561,0.67714,1.18736,0.1579,0.14274
210, (vs commercial). The new site is www.safetydrone.org so if you are (or,cau_ctx,0.5,1,43,0.52243,0.107,1.79098,1.79228,0.59107,0.80561,0.69861,1.32995,0.2766,0.18442
210, (vs commercial). The new site is www.safetydrone.org so if you are (or,cau_ctx,0.7,1,48,0.73036,0.10379,2.01562,2.01445,0.60167,0.80561,0.70183,1.35384,0.42944,0.23235
210, (vs commercial). The new site is www.safetydrone.org so if you are (or,cau_ctx,0.9,1,55,0.90563,0.11941,2.18421,2.17904,0.59718,0.80561,0.6862,1.24427,0.62934,0.3106
210, (vs commercial). The new site is www.safetydrone.org so if you are (or,cau_ctx,0.99,1,69,0.99158,0.17814,2.35136,2.33621,0.55625,0.80561,0.62747,0.93543,0.90659,0.50934
210, (vs commercial). The new site is www.safetydrone.org so if you are (or,dua_ctx,0.3,1,41,0.31324,0.66702,0.21887,0.21544,0.03154,0.80561,0.13859,0.04746,0.03161,0.1398
210, (vs commercial). The new site is www.safetydrone.org so if you are (or,dua_ctx,0.5,1,54,0.51176,0.67331,0.33778,0.3284,0.04853,0.80561,0.1323,0.04361,0.05517,0.23901
210, (vs commercial). The new site is www.safetydrone.org so if you are (or,dua_ctx,0.7,1,68,0.71147,0.68324,0.53393,0.51477,0.05158,0.80561,0.12237,0.03781,0.09874,0.39738
210, (vs commercial). The new site is www.safetydrone.org so if you are (or,dua_ctx,0.9,1,84,0.90742,0.69269,0.86536,0.83051,0.05215,0.80561,0.11292,0.03263,0.16655,0.66617
210, (vs commercial). The new site is www.safetydrone.org so if you are (or,dua_ctx,0.99,1,97,0.99012,0.70879,1.22813,1.17686,0.05455,0.80561,0.09682,0.02458,0.22422,0.97932
210, (vs commercial). The new site is www.safetydrone.org so if you are (or,euc_unemb,0.3,1,13,0.42346,0.31598,0.62226,0.62642,0.0498,0.80561,0.48963,0.50943,0.03218,0.08066
210, (vs commercial). The new site is www.safetydrone.org so if you are (or,euc_unemb,0.5,1,14,0.56732,0.32442,0.61896,0.62236,0.04993,0.80561,0.48119,0.4906,0.0335,0.09485
210, (vs commercial). The new site is www.safetydrone.org so if you are (or,euc_unemb,0.7,1,15,0.70077,0.3497,0.58145,0.58383,0.04569,0.80561,0.45592,0.43758,0.03326,0.11061
210, (vs commercial). The new site is www.safetydrone.org so if you are (or,euc_unemb,0.9,1,18,0.93044,0.50394,0.3962,0.39357,0.04128,0.80561,0.30167,0.19584,0.03076,0.1696
210, (vs commercial). The new site is www.safetydrone.org so if you are (or,euc_unemb,0.99,1,22,0.99275,0.72476,0.34533,0.33173,0.01846,0.80561,0.08085,0.0176,0.03627,0.29147
210, (vs commercial). The new site is www.safetydrone.org so if you are (or,cau_unemb,0.3,1,13,0.30178,0.27126,0.71447,0.72038,0.05634,0.80561,0.53436,0.62007,0.03749,0.05692
210, (vs commercial). The new site is www.safetydrone.org so if you are (or,cau_unemb,0.5,1,15,0.55592,0.26609,0.76516,0.77015,0.05341,0.80561,0.53953,0.63419,0.05342,0.07754
210, (vs commercial). The new site is www.safetydrone.org so if you are (or,cau_unemb,0.7,1,17,0.78366,0.31125,0.68475,0.68812,0.05291,0.80561,0.49436,0.52023,0.06187,0.10266
210, (vs commercial). The new site is www.safetydrone.org so if you are (or,cau_unemb,0.9,1,19,0.91279,0.3991,0.54056,0.54143,0.04392,0.80561,0.40651,0.34647,0.06088,0.13321
210, (vs commercial). The new site is www.safetydrone.org so if you are (or,cau_unemb,0.99,1,24,0.99325,0.66506,0.34041,0.33108,0.0374,0.80561,0.14055,0.04869,0.04863,0.2431
210, (vs commercial). The new site is www.safetydrone.org so if you are (or,dua_unemb,0.3,1,17,0.31506,0.73556,0.0847,0.08306,0.01397,0.80561,0.07005,0.01346,0.01052,0.06072
210, (vs commercial). The new site is www.safetydrone.org so if you are (or,dua_unemb,0.5,1,22,0.53309,0.75647,0.13038,0.12486,0.01637,0.80561,0.04915,0.00689,0.01767,0.10581
210, (vs commercial). The new site is www.safetydrone.org so if you are (or,dua_unemb,0.7,1,27,0.72351,0.78539,0.21685,0.2047,0.01544,0.80561,0.02023,0.00124,0.03659,0.17902
210, (vs commercial). The new site is www.safetydrone.org so if you are (or,dua_unemb,0.9,1,34,0.92054,0.82624,0.43577,0.40918,0.01891,0.80561,0.02063,0.00144,0.07323,0.3611
210, (vs commercial). The new site is www.safetydrone.org so if you are (or,dua_unemb,0.99,1,40,0.99265,0.84931,0.76307,0.71804,0.02254,0.80561,0.0437,0.00694,0.10255,0.65357
210, (vs commercial). The new site is www.safetydrone.org so if you are (or,euc_dmd,0.3,1,10,0.30533,0.19771,1.3383,1.34027,0.58756,0.80561,0.6079,0.85617,0.40298,0.07916
210, (vs commercial). The new site is www.safetydrone.org so if you are (or,euc_dmd,0.5,1,12,0.65424,0.20433,1.76806,1.76658,0.5998,0.80561,0.60128,0.83124,0.81564,0.12118
210, (vs commercial). The new site is www.safetydrone.org so if you are (or,euc_dmd,0.7,1,13,0.79648,0.23742,1.93918,1.93543,0.62637,0.80561,0.5682,0.71858,1.07323,0.14737
210, (vs commercial). The new site is www.safetydrone.org so if you are (or,euc_dmd,0.9,1,15,0.94295,0.35398,2.21162,2.20205,0.62698,0.80561,0.45163,0.42905,1.57005,0.21251
210, (vs commercial). The new site is www.safetydrone.org so if you are (or,euc_dmd,0.99,1,18,0.9928,0.57156,2.67049,2.649,0.6032,0.80561,0.23406,0.12289,2.19934,0.34825
210, (vs commercial). The new site is www.safetydrone.org so if you are (or,cau_dmd,0.3,1,11,0.41838,0.17882,1.4971,1.50164,0.59933,0.80561,0.6268,0.93255,0.49222,0.07233
210, (vs commercial). The new site is www.safetydrone.org so if you are (or,cau_dmd,0.5,1,12,0.59989,0.18483,1.7278,1.73091,0.61012,0.80561,0.62079,0.90735,0.73021,0.09024
210, (vs commercial). The new site is www.safetydrone.org so if you are (or,cau_dmd,0.7,1,13,0.75771,0.20994,1.9444,1.94569,0.62881,0.80561,0.59568,0.81081,1.02203,0.11156
210, (vs commercial). The new site is www.safetydrone.org so if you are (or,cau_dmd,0.9,1,15,0.93126,0.31177,2.32264,2.31906,0.63655,0.80561,0.49385,0.51905,1.63673,0.16687
210, (vs commercial). The new site is www.safetydrone.org so if you are (or,cau_dmd,0.99,1,18,0.99167,0.52017,2.87478,2.86063,0.63779,0.80561,0.28545,0.17677,2.40797,0.29004
210, (vs commercial). The new site is www.safetydrone.org so if you are (or,dua_dmd,0.3,1,14,0.31195,0.70424,0.13997,0.13717,0.02871,0.80561,0.10138,0.02676,0.04751,0.0657
210, (vs commercial). The new site is www.safetydrone.org so if you are (or,dua_dmd,0.5,1,18,0.54836,0.7189,0.23568,0.22839,0.03192,0.80561,0.08672,0.02005,0.10083,0.1148
210, (vs commercial). The new site is www.safetydrone.org so if you are (or,dua_dmd,0.7,1,21,0.70337,0.73742,0.33088,0.31884,0.04226,0.80561,0.06819,0.0128,0.1501,0.16799
210, (vs commercial). The new site is www.safetydrone.org so if you are (or,dua_dmd,0.9,1,26,0.90053,0.77574,0.55301,0.52965,0.04379,0.80561,0.02988,0.00265,0.24456,0.3058
210, (vs commercial). The new site is www.safetydrone.org so if you are (or,dua_dmd,0.99,1,32,0.9945,0.82016,0.97927,0.93512,0.0469,0.80561,0.01455,0.0007,0.36893,0.60963
183,"Ask Jovie” question, awesome! Keep it light, and keep it clean. You do not",euc_ctx,0.3,1,41,0.33108,0.63188,0.47831,0.47672,0.47835,0.98734,0.35546,0.39801,0.05417,0.02613
183,"Ask Jovie” question, awesome! Keep it light, and keep it clean. You do not",euc_ctx,0.5,1,44,0.54435,0.63311,0.54276,0.5395,0.55778,0.98734,0.35423,0.39613,0.11764,0.02898
183,"Ask Jovie” question, awesome! Keep it light, and keep it clean. You do not",euc_ctx,0.7,1,47,0.74286,0.67582,0.62449,0.61876,0.55778,0.98734,0.31152,0.33324,0.25936,0.03189
183,"Ask Jovie” question, awesome! Keep it light, and keep it clean. You do not",euc_ctx,0.9,1,51,0.90384,0.76859,0.77128,0.76094,0.55778,0.98734,0.21876,0.21051,0.52489,0.03588
183,"Ask Jovie” question, awesome! Keep it light, and keep it clean. You do not",euc_ctx,0.99,1,59,0.99011,0.91739,1.07091,1.04818,0.55778,0.98734,0.06996,0.04881,0.97784,0.04426
183,"Ask Jovie” question, awesome! Keep it light, and keep it clean. You do not",cau_ctx,0.3,1,79,0.32062,0.21246,1.68273,1.66698,0.00548,0.98734,0.77488,1.46452,0.16692,0.0513
183,"Ask Jovie” question, awesome! Keep it light, and keep it clean. You do not",cau_ctx,0.5,1,85,0.52711,0.17145,1.84055,1.82123,0.00548,0.98734,0.81589,1.67564,0.10726,0.05765
183,"Ask Jovie” question, awesome! Keep it light, and keep it clean. You do not",cau_ctx,0.7,1,91,0.72436,0.15847,1.9062,1.88318,0.00548,0.98734,0.82888,1.7532,0.08889,0.06411
183,"Ask Jovie” question, awesome! Keep it light, and keep it clean. You do not",cau_ctx,0.9,1,100,0.90464,0.17254,1.85749,1.82872,0.47835,0.98734,0.81481,1.66942,0.11411,0.07396
183,"Ask Jovie” question, awesome! Keep it light, and keep it clean. You do not",cau_ctx,0.99,1,117,0.99069,0.25561,1.545,1.50477,0.47835,0.98734,0.73173,1.28267,0.16947,0.09285
183,"Ask Jovie” question, awesome! Keep it light, and keep it clean. You do not",dua_ctx,0.3,1,64,0.31047,0.93336,0.10816,0.09685,0.47835,0.98734,0.05399,0.03449,0.04717,0.0265
183,"Ask Jovie” question, awesome! Keep it light, and keep it clean. You do not",dua_ctx,0.5,1,81,0.50202,0.93582,0.13621,0.11784,0.47835,0.98734,0.05153,0.03237,0.06422,0.03961
183,"Ask Jovie” question, awesome! Keep it light, and keep it clean. You do not",dua_ctx,0.7,1,102,0.7052,0.93644,0.19602,0.162,0.47655,0.98734,0.05091,0.03184,0.09801,0.06617
183,"Ask Jovie” question, awesome! Keep it light, and keep it clean. You do not",dua_ctx,0.9,1,133,0.90194,0.93225,0.34173,0.27438,0.47312,0.98734,0.05509,0.03546,0.182,0.12427
183,"Ask Jovie” question, awesome! Keep it light, and keep it clean. You do not",dua_ctx,0.99,1,155,0.99117,0.92879,0.45562,0.36415,0.47312,0.98734,0.05855,0.0385,0.25351,0.16361
183,"Ask Jovie” question, awesome! Keep it light, and keep it clean. You do not",euc_unemb,0.3,1,25,0.35605,0.82222,0.18109,0.19107,0.00344,0.98734,0.16512,0.14725,0.01772,0.01612
183,"Ask Jovie” question, awesome! Keep it light, and keep it clean. You do not",euc_unemb,0.5,1,27,0.59052,0.82461,0.2118,0.22122,0.47631,0.98734,0.16273,0.14455,0.04758,0.01967
183,"Ask Jovie” question, awesome! Keep it light, and keep it clean. You do not",euc_unemb,0.7,1,29,0.79064,0.83826,0.2664,0.27347,0.47287,0.98734,0.14909,0.12937,0.11208,0.02495
183,"Ask Jovie” question, awesome! Keep it light, and keep it clean. You do not",euc_unemb,0.9,1,31,0.90854,0.84752,0.34185,0.3451,0.47287,0.98734,0.13982,0.11927,0.19001,0.03257
183,"Ask Jovie” question, awesome! Keep it light, and keep it clean. You do not",euc_unemb,0.99,1,36,0.99132,0.81868,0.57419,0.56475,0.47287,0.98734,0.16866,0.15126,0.36282,0.06011
183,"Ask Jovie” question, awesome! Keep it light, and keep it clean. You do not",cau_unemb,0.3,1,26,0.38971,0.69313,0.37106,0.38146,0.00548,0.98734,0.29421,0.30896,0.04434,0.01775
183,"Ask Jovie” question, awesome! Keep it light, and keep it clean. You do not",cau_unemb,0.5,1,27,0.50096,0.69802,0.34417,0.35446,0.00548,0.98734,0.28932,0.30222,0.02312,0.01883
183,"Ask Jovie” question, awesome! Keep it light, and keep it clean. You do not",cau_unemb,0.7,1,29,0.71255,0.73483,0.28183,0.29099,0.00548,0.98734,0.25251,0.25313,0.00753,0.02117
183,"Ask Jovie” question, awesome! Keep it light, and keep it clean. You do not",cau_unemb,0.9,1,32,0.90566,0.81951,0.20871,0.21397,0.47655,0.98734,0.16783,0.15032,0.03284,0.02555
183,"Ask Jovie” question, awesome! Keep it light, and keep it clean. You do not",cau_unemb,0.99,1,38,0.99307,0.90993,0.18279,0.17575,0.47312,0.98734,0.07741,0.05578,0.08535,0.04166
183,"Ask Jovie” question, awesome! Keep it light, and keep it clean. You do not",dua_unemb,0.3,1,34,0.31947,0.94402,0.09208,0.08951,0.47287,0.98734,0.04332,0.02548,0.03577,0.03083
183,"Ask Jovie” question, awesome! Keep it light, and keep it clean. You do not",dua_unemb,0.5,1,42,0.51548,0.92908,0.18882,0.17569,0.47287,0.98734,0.05826,0.03824,0.0933,0.05728
183,"Ask Jovie” question, awesome! Keep it light, and keep it clean. You do not",dua_unemb,0.7,1,50,0.70034,0.90806,0.31225,0.28505,0.47287,0.98734,0.07929,0.05755,0.1648,0.08991
183,"Ask Jovie” question, awesome! Keep it light, and keep it clean. You do not",dua_unemb,0.9,1,63,0.90916,0.87272,0.5349,0.47842,0.47287,0.98734,0.11462,0.09262,0.2931,0.14918
183,"Ask Jovie” question, awesome! Keep it light, and keep it clean. You do not",dua_unemb,0.99,1,73,0.99106,0.84801,0.69888,0.61876,0.47287,0.98734,0.13933,0.11874,0.38759,0.19254
183,"Ask Jovie” question, awesome! Keep it light, and keep it clean. You do not",euc_dmd,0.3,1,19,0.39265,0.90764,1.65942,1.6534,0.55778,0.98734,0.07971,0.05795,1.58203,0.01944
183,"Ask Jovie” question, awesome! Keep it light, and keep it clean. You do not",euc_dmd,0.5,1,20,0.54911,0.91893,1.8947,1.88637,0.55778,0.98734,0.06841,0.04739,1.82616,0.02114
183,"Ask Jovie” question, awesome! Keep it light, and keep it clean. You do not",euc_dmd,0.7,1,22,0.81185,0.95173,2.47914,2.46418,0.59751,0.98734,0.03561,0.01933,2.43512,0.0247
183,"Ask Jovie” question, awesome! Keep it light, and keep it clean. You do not",euc_dmd,0.9,1,24,0.93851,0.97727,3.1415,3.11797,0.59751,0.98734,0.01007,0.00271,3.11027,0.02851
183,"Ask Jovie” question, awesome! Keep it light, and keep it clean. You do not",euc_dmd,0.99,1,27,0.99023,0.99351,4.05279,4.01511,0.61929,0.98734,0.00617,0.00231,4.01545,0.03504
183,"Ask Jovie” question, awesome! Keep it light, and keep it clean. You do not",cau_dmd,0.3,1,18,0.309,0.88814,1.38976,1.39305,0.55778,0.98734,0.09921,0.07697,1.30138,0.01141
183,"Ask Jovie” question, awesome! Keep it light, and keep it clean. You do not",cau_dmd,0.5,1,20,0.62122,0.91507,1.84602,1.84483,0.59751,0.98734,0.07227,0.05096,1.78152,0.01355
183,"Ask Jovie” question, awesome! Keep it light, and keep it clean. You do not",cau_dmd,0.7,1,21,0.75831,0.93549,2.13837,2.1338,0.59751,0.98734,0.05185,0.03265,2.09104,0.01469
183,"Ask Jovie” question, awesome! Keep it light, and keep it clean. You do not",cau_dmd,0.9,1,23,0.91977,0.96948,2.80686,2.79397,0.59751,0.98734,0.01786,0.00688,2.78281,0.01717
183,"Ask Jovie” question, awesome! Keep it light, and keep it clean. You do not",cau_dmd,0.99,1,27,0.99348,0.99456,4.08569,4.05401,0.59751,0.98734,0.00721,0.00349,4.05843,0.02376
183,"Ask Jovie” question, awesome! Keep it light, and keep it clean. You do not",dua_dmd,0.3,1,25,0.33851,0.96089,0.08723,0.08105,0.47312,0.98734,0.02645,0.01253,0.05859,0.01611
183,"Ask Jovie” question, awesome! Keep it light, and keep it clean. You do not",dua_dmd,0.5,1,29,0.50137,0.97264,0.1435,0.13198,0.47312,0.98734,0.0147,0.00505,0.11691,0.02154
183,"Ask Jovie” question, awesome! Keep it light, and keep it clean. You do not",dua_dmd,0.7,1,35,0.72734,0.98683,0.27853,0.25479,0.47312,0.98734,0.00051,1e-05,0.24474,0.03378
183,"Ask Jovie” question, awesome! Keep it light, and keep it clean. You do not",dua_dmd,0.9,1,42,0.9015,0.99284,0.52012,0.47656,0.47312,0.98734,0.0055,0.00173,0.45756,0.06083
183,"Ask Jovie” question, awesome! Keep it light, and keep it clean. You do not",dua_dmd,0.99,1,51,0.99328,0.99448,0.95023,0.87627,0.47312,0.98734,0.00714,0.00339,0.83657,0.11026
479, re-create the pre-payment in the Bank Account where the funds were deposited. You only really,euc_ctx,0.3,1,28,0.33525,0.77494,0.25815,0.2587,0.01097,0.97892,0.20398,0.17881,0.05108,0.02826
479, re-create the pre-payment in the Bank Account where the funds were deposited. You only really,euc_ctx,0.5,1,31,0.51643,0.7544,0.3401,0.33945,0.01076,0.97892,0.22452,0.20327,0.10316,0.03367
479, re-create the pre-payment in the Bank Account where the funds were deposited. You only really,euc_ctx,0.7,1,35,0.74536,0.76152,0.45281,0.44921,0.00967,0.97892,0.2174,0.19469,0.21667,0.04146
479, re-create the pre-payment in the Bank Account where the funds were deposited. You only really,euc_ctx,0.9,1,40,0.91277,0.80803,0.57382,0.56461,0.01001,0.97892,0.17089,0.14123,0.38051,0.05209
479, re-create the pre-payment in the Bank Account where the funds were deposited. You only really,euc_ctx,0.99,1,49,0.99081,0.89381,0.7781,0.75578,0.46311,0.97892,0.08511,0.05495,0.64923,0.07392
479, re-create the pre-payment in the Bank Account where the funds were deposited. You only really,cau_ctx,0.3,1,50,0.30813,0.81368,0.23032,0.22481,0.02348,0.97892,0.16523,0.13503,0.05738,0.0379
479, re-create the pre-payment in the Bank Account where the funds were deposited. You only really,cau_ctx,0.5,1,57,0.53068,0.78653,0.26917,0.2613,0.01949,0.97892,0.19239,0.1654,0.05665,0.04712
479, re-create the pre-payment in the Bank Account where the funds were deposited. You only really,cau_ctx,0.7,1,63,0.71531,0.78622,0.28442,0.2735,0.01043,0.97892,0.1927,0.16575,0.06314,0.05552
479, re-create the pre-payment in the Bank Account where the funds were deposited. You only really,cau_ctx,0.9,1,73,0.90481,0.81997,0.27871,0.26084,0.00939,0.97892,0.15894,0.12822,0.07997,0.07052
479, re-create the pre-payment in the Bank Account where the funds were deposited. You only really,cau_ctx,0.99,1,91,0.99051,0.88987,0.26772,0.23435,0.00882,0.97892,0.08904,0.0585,0.10859,0.10063
479, re-create the pre-payment in the Bank Account where the funds were deposited. You only really,dua_ctx,0.3,1,60,0.30363,0.9348,0.14911,0.12134,0.01091,0.97892,0.04411,0.02134,0.0578,0.06997
479, re-create the pre-payment in the Bank Account where the funds were deposited. You only really,dua_ctx,0.5,1,90,0.50437,0.94807,0.27318,0.21462,0.01055,0.97892,0.03085,0.01234,0.12372,0.13712
479, re-create the pre-payment in the Bank Account where the funds were deposited. You only really,dua_ctx,0.7,1,120,0.70215,0.94942,0.43659,0.35546,0.00979,0.97892,0.02949,0.0115,0.22348,0.20161
479, re-create the pre-payment in the Bank Account where the funds were deposited. You only really,dua_ctx,0.9,1,152,0.90028,0.93969,0.62732,0.52962,0.00869,0.97892,0.03923,0.01787,0.35055,0.2589
479, re-create the pre-payment in the Bank Account where the funds were deposited. You only really,dua_ctx,0.99,1,174,0.99021,0.93243,0.75844,0.6497,0.00893,0.97892,0.04649,0.02307,0.43516,0.3002
479, re-create the pre-payment in the Bank Account where the funds were deposited. You only really,euc_unemb,0.3,1,15,0.3057,0.86452,0.13513,0.14021,0.00999,0.97892,0.11439,0.08243,0.0327,0.02
479, re-create the pre-payment in the Bank Account where the funds were deposited. You only really,euc_unemb,0.5,1,17,0.52564,0.85325,0.21865,0.22312,0.00976,0.97892,0.12566,0.09359,0.09897,0.0261
479, re-create the pre-payment in the Bank Account where the funds were deposited. You only really,euc_unemb,0.7,1,19,0.73828,0.85877,0.33283,0.33497,0.01751,0.97892,0.12014,0.08808,0.21094,0.0338
479, re-create the pre-payment in the Bank Account where the funds were deposited. You only really,euc_unemb,0.9,1,22,0.92153,0.87887,0.53048,0.52637,0.01761,0.97892,0.10005,0.06867,0.41215,0.04965
479, re-create the pre-payment in the Bank Account where the funds were deposited. You only really,euc_unemb,0.99,1,27,0.99274,0.88642,0.90539,0.88714,0.0241,0.97892,0.09249,0.06165,0.75511,0.08862
479, re-create the pre-payment in the Bank Account where the funds were deposited. You only really,cau_unemb,0.3,1,16,0.32764,0.85826,0.11394,0.12031,0.00916,0.97892,0.12065,0.08859,0.01048,0.01488
479, re-create the pre-payment in the Bank Account where the funds were deposited. You only really,cau_unemb,0.5,1,18,0.5331,0.85368,0.13823,0.1441,0.01001,0.97892,0.12523,0.09316,0.02619,0.01888
479, re-create the pre-payment in the Bank Account where the funds were deposited. You only really,cau_unemb,0.7,1,20,0.72822,0.86568,0.16147,0.16551,0.00837,0.97892,0.11323,0.08129,0.05645,0.02373
479, re-create the pre-payment in the Bank Account where the funds were deposited. You only really,cau_unemb,0.9,1,23,0.90625,0.89633,0.19398,0.19311,0.00734,0.97892,0.08259,0.0527,0.10798,0.0333
479, re-create the pre-payment in the Bank Account where the funds were deposited. You only really,cau_unemb,0.99,1,29,0.99225,0.9276,0.28944,0.27513,0.0078,0.97892,0.05132,0.0267,0.19847,0.06427
479, re-create the pre-payment in the Bank Account where the funds were deposited. You only really,dua_unemb,0.3,1,27,0.30702,0.95265,0.1485,0.12795,0.01443,0.97892,0.02627,0.00957,0.07233,0.0666
479, re-create the pre-payment in the Bank Account where the funds were deposited. You only really,dua_unemb,0.5,1,42,0.50867,0.9412,0.35839,0.3011,0.02342,0.97892,0.03771,0.01684,0.17727,0.16428
479, re-create the pre-payment in the Bank Account where the funds were deposited. You only really,dua_unemb,0.7,1,57,0.70911,0.91345,0.61459,0.52497,0.02353,0.97892,0.06547,0.03798,0.31602,0.26058
479, re-create the pre-payment in the Bank Account where the funds were deposited. You only really,dua_unemb,0.9,1,72,0.90288,0.88357,0.88647,0.78099,0.02437,0.97892,0.09535,0.06429,0.4908,0.33138
479, re-create the pre-payment in the Bank Account where the funds were deposited. You only really,dua_unemb,0.99,1,83,0.99179,0.86364,1.07285,0.96038,0.02437,0.97892,0.11527,0.08328,0.62403,0.36553
479, re-create the pre-payment in the Bank Account where the funds were deposited. You only really,euc_dmd,0.3,1,12,0.41812,0.76631,0.86472,0.87508,0.46155,0.97892,0.21261,0.18898,0.65639,0.01935
479, re-create the pre-payment in the Bank Account where the funds were deposited. You only really,euc_dmd,0.5,1,13,0.5865,0.77168,1.17511,1.18369,0.46155,0.97892,0.20723,0.18263,0.96956,0.02292
479, re-create the pre-payment in the Bank Account where the funds were deposited. You only really,euc_dmd,0.7,1,14,0.73667,0.79455,1.54926,1.55522,0.46279,0.97892,0.18437,0.15627,1.36618,0.02681
479, re-create the pre-payment in the Bank Account where the funds were deposited. You only really,euc_dmd,0.9,1,16,0.91506,0.86222,2.40536,2.40411,0.67994,0.97892,0.1167,0.08468,2.28511,0.03556
479, re-create the pre-payment in the Bank Account where the funds were deposited. You only really,euc_dmd,0.99,1,20,0.99336,0.95168,4.02593,4.00657,0.72285,0.97892,0.02724,0.01014,3.95824,0.05756
479, re-create the pre-payment in the Bank Account where the funds were deposited. You only really,cau_dmd,0.3,1,12,0.39185,0.71021,0.87308,0.88852,0.4615,0.97892,0.26871,0.25887,0.60156,0.01265
479, re-create the pre-payment in the Bank Account where the funds were deposited. You only really,cau_dmd,0.5,1,13,0.56019,0.71378,1.16387,1.17793,0.46272,0.97892,0.26514,0.25422,0.89461,0.01504
479, re-create the pre-payment in the Bank Account where the funds were deposited. You only really,cau_dmd,0.7,1,14,0.71611,0.73912,1.5148,1.52664,0.46257,0.97892,0.2398,0.22203,1.27508,0.01769
479, re-create the pre-payment in the Bank Account where the funds were deposited. You only really,cau_dmd,0.9,1,16,0.90791,0.82228,2.3336,2.33888,0.46421,0.97892,0.15663,0.12574,2.18397,0.02389
479, re-create the pre-payment in the Bank Account where the funds were deposited. You only really,cau_dmd,0.99,1,20,0.99306,0.93923,3.94933,3.9373,0.72522,0.97892,0.03968,0.01819,3.89031,0.04083
479, re-create the pre-payment in the Bank Account where the funds were deposited. You only really,dua_dmd,0.3,1,19,0.30638,0.94746,0.18156,0.16921,0.01024,0.97892,0.03146,0.01272,0.13341,0.03543
479, re-create the pre-payment in the Bank Account where the funds were deposited. You only really,dua_dmd,0.5,1,29,0.51073,0.97249,0.39491,0.35648,0.00914,0.97892,0.00643,0.00084,0.31382,0.08025
479, re-create the pre-payment in the Bank Account where the funds were deposited. You only really,dua_dmd,0.7,1,40,0.70973,0.98361,0.69364,0.62333,0.00953,0.97892,0.00469,0.00063,0.54987,0.14315
479, re-create the pre-payment in the Bank Account where the funds were deposited. You only really,dua_dmd,0.9,1,52,0.90555,0.98708,1.10001,0.99907,0.00871,0.97892,0.00816,0.0022,0.88291,0.21491
479, re-create the pre-payment in the Bank Account where the funds were deposited. You only really,dua_dmd,0.99,1,61,0.99277,0.98902,1.42842,1.31167,0.58344,0.97892,0.01011,0.00371,1.15993,0.26478
62,". More importantly, Dish doesn't try to bloat your bill with channels you'll never",euc_ctx,0.3,1,35,0.31598,0.24408,1.63555,1.64329,0.4018,0.96885,0.72476,1.23629,0.29657,0.10269
62,". More importantly, Dish doesn't try to bloat your bill with channels you'll never",euc_ctx,0.5,1,38,0.59458,0.22611,2.07746,2.08371,0.53973,0.96885,0.74274,1.30968,0.64967,0.1181
62,". More importantly, Dish doesn't try to bloat your bill with channels you'll never",euc_ctx,0.7,1,40,0.76052,0.24469,2.35144,2.35643,0.58091,0.96885,0.72415,1.23391,0.98884,0.12869
62,". More importantly, Dish doesn't try to bloat your bill with channels you'll never",euc_ctx,0.9,1,43,0.9103,0.31177,2.70019,2.70284,0.5808,0.96885,0.65707,1.00208,1.55305,0.14507
62,". More importantly, Dish doesn't try to bloat your bill with channels you'll never",euc_ctx,0.99,1,49,0.9905,0.52664,3.09492,3.09086,0.61664,0.96885,0.44221,0.50583,2.40906,0.18003
62,". More importantly, Dish doesn't try to bloat your bill with channels you'll never",cau_ctx,0.3,1,59,0.3137,0.09211,3.02853,3.02518,0.54297,0.96885,0.87674,2.17478,0.72655,0.12719
62,". More importantly, Dish doesn't try to bloat your bill with channels you'll never",cau_ctx,0.5,1,63,0.51104,0.07162,3.55344,3.54663,0.58018,0.96885,0.89723,2.41782,0.99114,0.14447
62,". More importantly, Dish doesn't try to bloat your bill with channels you'll never",cau_ctx,0.7,1,67,0.70208,0.06434,3.9666,3.95638,0.61598,0.96885,0.90451,2.52149,1.28289,0.16221
62,". More importantly, Dish doesn't try to bloat your bill with channels you'll never",cau_ctx,0.9,1,74,0.90419,0.06936,4.33097,4.31495,0.63455,0.96885,0.89948,2.44878,1.68809,0.1941
62,". More importantly, Dish doesn't try to bloat your bill with channels you'll never",cau_ctx,0.99,1,87,0.99104,0.10784,4.35444,4.32763,0.63458,0.96885,0.86101,2.02258,2.07642,0.25545
62,". More importantly, Dish doesn't try to bloat your bill with channels you'll never",dua_ctx,0.3,1,51,0.30887,0.8666,0.24962,0.24669,0.00674,0.96885,0.10225,0.06275,0.05821,0.12866
62,". More importantly, Dish doesn't try to bloat your bill with channels you'll never",dua_ctx,0.5,1,62,0.51816,0.86656,0.35092,0.34042,0.00669,0.96885,0.10228,0.06277,0.09999,0.18816
62,". More importantly, Dish doesn't try to bloat your bill with channels you'll never",dua_ctx,0.7,1,74,0.71301,0.87196,0.4744,0.45218,0.007,0.96885,0.09689,0.05805,0.14971,0.26665
62,". More importantly, Dish doesn't try to bloat your bill with channels you'll never",dua_ctx,0.9,1,89,0.90735,0.88014,0.64341,0.60308,0.00561,0.96885,0.08871,0.05106,0.2127,0.37965
62,". More importantly, Dish doesn't try to bloat your bill with channels you'll never",dua_ctx,0.99,1,101,0.99052,0.88891,0.78199,0.72468,0.00561,0.96885,0.07993,0.04382,0.25504,0.48314
62,". More importantly, Dish doesn't try to bloat your bill with channels you'll never",euc_unemb,0.3,1,21,0.36978,0.54356,0.81157,0.82063,0.0079,0.96885,0.42528,0.47632,0.22308,0.11216
62,". More importantly, Dish doesn't try to bloat your bill with channels you'll never",euc_unemb,0.5,1,22,0.53427,0.48292,1.12495,1.13228,0.00783,0.96885,0.48593,0.58704,0.40891,0.12899
62,". More importantly, Dish doesn't try to bloat your bill with channels you'll never",euc_unemb,0.7,1,24,0.81562,0.40036,1.96621,1.96769,0.47474,0.96885,0.56849,0.76408,1.03415,0.16798
62,". More importantly, Dish doesn't try to bloat your bill with channels you'll never",euc_unemb,0.9,1,26,0.94523,0.35745,2.97822,2.97201,0.59433,0.96885,0.6114,0.87176,1.89531,0.21115
62,". More importantly, Dish doesn't try to bloat your bill with channels you'll never",euc_unemb,0.99,1,29,0.99269,0.31884,4.5983,4.57948,0.75182,0.96885,0.65,0.98067,3.33882,0.27881
62,". More importantly, Dish doesn't try to bloat your bill with channels you'll never",cau_unemb,0.3,1,23,0.312,0.54128,0.71479,0.72639,0.00816,0.96885,0.42756,0.48023,0.12585,0.10871
62,". More importantly, Dish doesn't try to bloat your bill with channels you'll never",cau_unemb,0.5,1,25,0.59424,0.47158,1.15716,1.1667,0.47496,0.96885,0.49726,0.60938,0.41426,0.13351
62,". More importantly, Dish doesn't try to bloat your bill with channels you'll never",cau_unemb,0.7,1,26,0.72494,0.44874,1.46326,1.47084,0.47456,0.96885,0.52011,0.65617,0.65876,0.14832
62,". More importantly, Dish doesn't try to bloat your bill with channels you'll never",cau_unemb,0.9,1,29,0.93919,0.407,2.63657,2.63571,0.59423,0.96885,0.56185,0.74849,1.68791,0.20016
62,". More importantly, Dish doesn't try to bloat your bill with channels you'll never",cau_unemb,0.99,1,33,0.99399,0.36081,4.46109,4.44657,0.76645,0.96885,0.60804,0.86286,3.32052,0.27772
62,". More importantly, Dish doesn't try to bloat your bill with channels you'll never",dua_unemb,0.3,1,30,0.31859,0.89263,0.36082,0.34989,0.00552,0.96885,0.07621,0.04083,0.09235,0.22764
62,". More importantly, Dish doesn't try to bloat your bill with channels you'll never",dua_unemb,0.5,1,40,0.51452,0.86258,0.67083,0.63411,0.00366,0.96885,0.10627,0.06633,0.19104,0.41346
62,". More importantly, Dish doesn't try to bloat your bill with channels you'll never",dua_unemb,0.7,1,51,0.71793,0.82464,1.00254,0.93356,0.00359,0.96885,0.14421,0.10231,0.32139,0.57885
62,". More importantly, Dish doesn't try to bloat your bill with channels you'll never",dua_unemb,0.9,1,61,0.90074,0.79011,1.25996,1.16441,0.00366,0.96885,0.17873,0.13814,0.4668,0.65502
62,". More importantly, Dish doesn't try to bloat your bill with channels you'll never",dua_unemb,0.99,1,70,0.9918,0.75981,1.47515,1.36518,0.00383,0.96885,0.20903,0.17183,0.59887,0.70445
62,". More importantly, Dish doesn't try to bloat your bill with channels you'll never",euc_dmd,0.3,1,18,0.47758,0.61557,1.10228,1.10777,0.42172,0.96885,0.35327,0.36113,0.6622,0.07894
62,". More importantly, Dish doesn't try to bloat your bill with channels you'll never",euc_dmd,0.5,1,19,0.6878,0.64949,1.55112,1.5539,0.44029,0.96885,0.31936,0.31205,1.15033,0.08875
62,". More importantly, Dish doesn't try to bloat your bill with channels you'll never",euc_dmd,0.7,1,20,0.84161,0.70735,2.12339,2.12231,0.55975,0.96885,0.2615,0.23499,1.78844,0.09996
62,". More importantly, Dish doesn't try to bloat your bill with channels you'll never",euc_dmd,0.9,1,21,0.92763,0.76857,2.79013,2.78425,0.55969,0.96885,0.20027,0.16188,2.51539,0.11286
62,". More importantly, Dish doesn't try to bloat your bill with channels you'll never",euc_dmd,0.99,1,24,0.99445,0.8844,5.01135,4.98833,0.55963,0.96885,0.08444,0.0475,4.80149,0.16236
62,". More importantly, Dish doesn't try to bloat your bill with channels you'll never",cau_dmd,0.3,1,20,0.45332,0.79684,0.95726,0.96384,0.07537,0.96885,0.172,0.13094,0.75435,0.07196
62,". More importantly, Dish doesn't try to bloat your bill with channels you'll never",cau_dmd,0.5,1,21,0.64769,0.83019,1.35782,1.36188,0.43388,0.96885,0.13865,0.09681,1.18257,0.07844
62,". More importantly, Dish doesn't try to bloat your bill with channels you'll never",cau_dmd,0.7,1,22,0.80304,0.87322,1.88714,1.88752,0.44123,0.96885,0.09563,0.05696,1.74464,0.08554
62,". More importantly, Dish doesn't try to bloat your bill with channels you'll never",cau_dmd,0.9,1,23,0.90044,0.91265,2.51804,2.5138,0.44654,0.96885,0.05619,0.02577,2.39878,0.09349
62,". More importantly, Dish doesn't try to bloat your bill with channels you'll never",cau_dmd,0.99,1,27,0.99545,0.98131,5.40625,5.37961,0.44668,0.96885,0.01246,0.00353,5.26453,0.13819
62,". More importantly, Dish doesn't try to bloat your bill with channels you'll never",dua_dmd,0.3,1,28,0.32423,0.93063,0.55963,0.5408,0.04554,0.96885,0.03822,0.01405,0.3573,0.18828
62,". More importantly, Dish doesn't try to bloat your bill with channels you'll never",dua_dmd,0.5,1,38,0.50516,0.92649,0.995,0.94588,0.0452,0.96885,0.04235,0.01656,0.61349,0.36495
62,". More importantly, Dish doesn't try to bloat your bill with channels you'll never",dua_dmd,0.7,1,55,0.70826,0.8966,1.81593,1.71173,0.04448,0.96885,0.07224,0.0377,1.17281,0.60542
62,". More importantly, Dish doesn't try to bloat your bill with channels you'll never",dua_dmd,0.9,1,71,0.90919,0.86995,2.9774,2.84332,0.40283,0.96885,0.09889,0.05979,2.22485,0.69276
62,". More importantly, Dish doesn't try to bloat your bill with channels you'll never",dua_dmd,0.99,1,81,0.99335,0.86362,4.66754,4.52685,0.40283,0.96885,0.10523,0.06539,3.88441,0.71774
67,<bos>Do you want to educate yourself and learn more about what a plant-based diet can,euc_ctx,0.3,1,31,0.32176,0.60361,0.6865,0.68822,0.02365,0.93936,0.33575,0.30161,0.27382,0.11107
67,<bos>Do you want to educate yourself and learn more about what a plant-based diet can,euc_ctx,0.5,1,34,0.52656,0.60537,0.77217,0.77186,0.0237,0.93936,0.33399,0.29913,0.34327,0.12977
67,<bos>Do you want to educate yourself and learn more about what a plant-based diet can,euc_ctx,0.7,1,37,0.72228,0.64565,0.80071,0.7975,0.01201,0.93936,0.29371,0.24515,0.40599,0.14956
67,<bos>Do you want to educate yourself and learn more about what a plant-based diet can,euc_ctx,0.9,1,42,0.91405,0.7572,0.79288,0.78287,0.44673,0.93936,0.18215,0.11837,0.48872,0.1858
67,<bos>Do you want to educate yourself and learn more about what a plant-based diet can,euc_ctx,0.99,1,50,0.99,0.89098,0.88861,0.86421,0.4485,0.93936,0.04838,0.0141,0.61732,0.2572
67,<bos>Do you want to educate yourself and learn more about what a plant-based diet can,cau_ctx,0.3,1,55,0.32628,0.42006,1.29241,1.29861,0.43888,0.93936,0.5193,0.61908,0.54771,0.12562
67,<bos>Do you want to educate yourself and learn more about what a plant-based diet can,cau_ctx,0.5,1,61,0.53306,0.35722,1.51231,1.5152,0.43907,0.93936,0.58214,0.76506,0.5861,0.16116
67,<bos>Do you want to educate yourself and learn more about what a plant-based diet can,cau_ctx,0.7,1,67,0.72576,0.32932,1.61427,1.61321,0.0046,0.93936,0.61004,0.83886,0.57609,0.19933
67,<bos>Do you want to educate yourself and learn more about what a plant-based diet can,cau_ctx,0.9,1,76,0.90103,0.33154,1.63692,1.62923,0.02462,0.93936,0.60782,0.83277,0.54422,0.25993
67,<bos>Do you want to educate yourself and learn more about what a plant-based diet can,cau_ctx,0.99,1,94,0.99024,0.38759,1.62204,1.59976,0.02516,0.93936,0.55176,0.69133,0.54163,0.38909
67,<bos>Do you want to educate yourself and learn more about what a plant-based diet can,dua_ctx,0.3,1,52,0.30624,0.91852,0.16855,0.15388,0.00497,0.93936,0.02084,0.00316,0.02028,0.14511
67,<bos>Do you want to educate yourself and learn more about what a plant-based diet can,dua_ctx,0.5,1,73,0.50812,0.93345,0.33738,0.30333,0.00583,0.93936,0.00591,0.00029,0.04188,0.29521
67,<bos>Do you want to educate yourself and learn more about what a plant-based diet can,dua_ctx,0.7,1,97,0.70658,0.9398,0.58852,0.52765,0.00487,0.93936,0.00044,0.0,0.07728,0.51124
67,<bos>Do you want to educate yourself and learn more about what a plant-based diet can,dua_ctx,0.9,1,123,0.90624,0.93366,0.90788,0.8191,0.0049,0.93936,0.0057,0.00027,0.12605,0.78156
67,<bos>Do you want to educate yourself and learn more about what a plant-based diet can,dua_ctx,0.99,1,140,0.99062,0.93065,1.10261,0.99823,0.00877,0.93936,0.00871,0.00061,0.15976,0.94224
67,<bos>Do you want to educate yourself and learn more about what a plant-based diet can,euc_unemb,0.3,1,16,0.38937,0.54811,0.64725,0.65561,0.02889,0.93936,0.39125,0.38426,0.19594,0.06704
67,<bos>Do you want to educate yourself and learn more about what a plant-based diet can,euc_unemb,0.5,1,17,0.53554,0.55085,0.689,0.69638,0.02979,0.93936,0.3885,0.37993,0.23256,0.0765
67,<bos>Do you want to educate yourself and learn more about what a plant-based diet can,euc_unemb,0.7,1,19,0.79058,0.59747,0.72051,0.72445,0.0305,0.93936,0.34189,0.31028,0.30956,0.10067
67,<bos>Do you want to educate yourself and learn more about what a plant-based diet can,euc_unemb,0.9,1,21,0.92518,0.6591,0.74948,0.74806,0.01659,0.93936,0.28026,0.22813,0.38637,0.13499
67,<bos>Do you want to educate yourself and learn more about what a plant-based diet can,euc_unemb,0.99,1,25,0.99251,0.70858,0.95192,0.93635,0.03193,0.93936,0.23077,0.16964,0.5443,0.23798
67,<bos>Do you want to educate yourself and learn more about what a plant-based diet can,cau_unemb,0.3,1,17,0.32618,0.35005,1.04083,1.0507,0.43678,0.93936,0.58931,0.78343,0.16995,0.08745
67,<bos>Do you want to educate yourself and learn more about what a plant-based diet can,cau_unemb,0.5,1,19,0.58094,0.33811,1.12741,1.13586,0.43671,0.93936,0.60125,0.81492,0.2076,0.10489
67,<bos>Do you want to educate yourself and learn more about what a plant-based diet can,cau_unemb,0.7,1,20,0.701,0.35334,1.1114,1.11886,0.43676,0.93936,0.58601,0.77493,0.22228,0.11419
67,<bos>Do you want to educate yourself and learn more about what a plant-based diet can,cau_unemb,0.9,1,23,0.91861,0.46054,0.94244,0.94557,0.42983,0.93936,0.47882,0.53703,0.2598,0.1456
67,<bos>Do you want to educate yourself and learn more about what a plant-based diet can,cau_unemb,0.99,1,28,0.99344,0.65184,0.79537,0.7871,0.03072,0.93936,0.28751,0.23725,0.33856,0.21956
67,<bos>Do you want to educate yourself and learn more about what a plant-based diet can,dua_unemb,0.3,1,22,0.30165,0.88874,0.12657,0.12135,0.00964,0.93936,0.05062,0.01523,0.01586,0.09548
67,<bos>Do you want to educate yourself and learn more about what a plant-based diet can,dua_unemb,0.5,1,30,0.50674,0.89093,0.28793,0.26785,0.01472,0.93936,0.04843,0.01412,0.06048,0.21333
67,<bos>Do you want to educate yourself and learn more about what a plant-based diet can,dua_unemb,0.7,1,40,0.7193,0.88476,0.55529,0.51081,0.01508,0.93936,0.0546,0.01732,0.12972,0.40826
67,<bos>Do you want to educate yourself and learn more about what a plant-based diet can,dua_unemb,0.9,1,50,0.91113,0.8675,0.89081,0.81734,0.01515,0.93936,0.07186,0.02736,0.21638,0.64706
67,<bos>Do you want to educate yourself and learn more about what a plant-based diet can,dua_unemb,0.99,1,57,0.99071,0.85527,1.1723,1.07598,0.01583,0.93936,0.08409,0.03534,0.29195,0.84502
67,<bos>Do you want to educate yourself and learn more about what a plant-based diet can,euc_dmd,0.3,1,14,0.31479,0.53585,0.79951,0.80433,0.43016,0.93936,0.40351,0.40389,0.31272,0.0829
67,<bos>Do you want to educate yourself and learn more about what a plant-based diet can,euc_dmd,0.5,1,16,0.61971,0.55511,0.80494,0.80629,0.43024,0.93936,0.38424,0.37328,0.32571,0.10596
67,<bos>Do you want to educate yourself and learn more about what a plant-based diet can,euc_dmd,0.7,1,17,0.75297,0.59701,0.76954,0.76841,0.038,0.93936,0.34235,0.31093,0.34023,0.11838
67,<bos>Do you want to educate yourself and learn more about what a plant-based diet can,euc_dmd,0.9,1,19,0.91321,0.71172,0.72739,0.7199,0.04283,0.93936,0.22764,0.16615,0.41588,0.14536
67,<bos>Do you want to educate yourself and learn more about what a plant-based diet can,euc_dmd,0.99,1,23,0.99172,0.88521,0.88346,0.85947,0.04286,0.93936,0.05415,0.01707,0.65437,0.21201
67,<bos>Do you want to educate yourself and learn more about what a plant-based diet can,cau_dmd,0.3,1,16,0.4015,0.55026,0.86469,0.87381,0.42952,0.93936,0.3891,0.38088,0.41112,0.07269
67,<bos>Do you want to educate yourself and learn more about what a plant-based diet can,cau_dmd,0.5,1,17,0.54303,0.56758,0.82298,0.83071,0.42966,0.93936,0.37178,0.35414,0.38737,0.08146
67,<bos>Do you want to educate yourself and learn more about what a plant-based diet can,cau_dmd,0.7,1,19,0.78751,0.65048,0.72782,0.73135,0.03635,0.93936,0.28888,0.23899,0.38768,0.10115
67,<bos>Do you want to educate yourself and learn more about what a plant-based diet can,cau_dmd,0.9,1,21,0.92,0.75667,0.73078,0.72824,0.03593,0.93936,0.18269,0.1189,0.48694,0.12493
67,<bos>Do you want to educate yourself and learn more about what a plant-based diet can,cau_dmd,0.99,1,25,0.99105,0.89252,1.04605,1.02789,0.43789,0.93936,0.04684,0.01334,0.84034,0.19236
67,<bos>Do you want to educate yourself and learn more about what a plant-based diet can,dua_dmd,0.3,1,19,0.31034,0.91227,0.14674,0.13971,0.01334,0.93936,0.02709,0.00509,0.06827,0.07337
67,<bos>Do you want to educate yourself and learn more about what a plant-based diet can,dua_dmd,0.5,1,24,0.50812,0.92776,0.28978,0.27271,0.0143,0.93936,0.0116,0.00106,0.15231,0.13641
67,<bos>Do you want to educate yourself and learn more about what a plant-based diet can,dua_dmd,0.7,1,30,0.70295,0.94729,0.5147,0.48128,0.03549,0.93936,0.00793,0.0006,0.27755,0.23654
67,<bos>Do you want to educate yourself and learn more about what a plant-based diet can,dua_dmd,0.9,1,39,0.91979,0.97191,0.88791,0.82471,0.03653,0.93936,0.03255,0.01467,0.4578,0.41544
67,<bos>Do you want to educate yourself and learn more about what a plant-based diet can,dua_dmd,0.99,1,45,0.99308,0.98335,1.18677,1.0993,0.03654,0.93936,0.04399,0.0354,0.5852,0.56617
338," on...never to stop!!!! Now i use from Canon, cameras, normal lenses, in studio i",euc_ctx,0.3,1,24,0.3395,0.30493,0.863,0.86571,0.40516,0.87135,0.56642,0.69785,0.10377,0.06139
338," on...never to stop!!!! Now i use from Canon, cameras, normal lenses, in studio i",euc_ctx,0.5,1,27,0.51749,0.2802,1.00842,1.00959,0.39774,0.87135,0.59115,0.76706,0.16585,0.07551
338," on...never to stop!!!! Now i use from Canon, cameras, normal lenses, in studio i",euc_ctx,0.7,1,31,0.74076,0.28701,1.10525,1.10383,0.39782,0.87135,0.58434,0.74736,0.26167,0.09621
338," on...never to stop!!!! Now i use from Canon, cameras, normal lenses, in studio i",euc_ctx,0.9,1,36,0.90661,0.34564,1.08283,1.07741,0.38691,0.87135,0.52571,0.59643,0.3613,0.1251
338," on...never to stop!!!! Now i use from Canon, cameras, normal lenses, in studio i",euc_ctx,0.99,1,46,0.99106,0.54006,0.93769,0.92199,0.52633,0.87135,0.33128,0.25291,0.49113,0.19365
338," on...never to stop!!!! Now i use from Canon, cameras, normal lenses, in studio i",cau_ctx,0.3,1,42,0.32894,0.24274,1.0909,1.09364,0.52071,0.87135,0.62861,0.88558,0.11326,0.09206
338," on...never to stop!!!! Now i use from Canon, cameras, normal lenses, in studio i",cau_ctx,0.5,1,48,0.52795,0.20734,1.31951,1.32018,0.52008,0.87135,0.66401,1.01706,0.18679,0.11566
338," on...never to stop!!!! Now i use from Canon, cameras, normal lenses, in studio i",cau_ctx,0.7,1,54,0.71787,0.19965,1.45865,1.45692,0.51909,0.87135,0.67169,1.04873,0.26901,0.14091
338," on...never to stop!!!! Now i use from Canon, cameras, normal lenses, in studio i",cau_ctx,0.9,1,64,0.90863,0.22971,1.49518,1.48891,0.51835,0.87135,0.64164,0.93147,0.37737,0.18635
338," on...never to stop!!!! Now i use from Canon, cameras, normal lenses, in studio i",cau_ctx,0.99,1,82,0.99124,0.35236,1.35958,1.34362,0.5696,0.87135,0.51899,0.58097,0.49975,0.27886
338," on...never to stop!!!! Now i use from Canon, cameras, normal lenses, in studio i",dua_ctx,0.3,1,47,0.30913,0.76451,0.15077,0.14135,0.01296,0.87135,0.10683,0.0362,0.02521,0.08935
338," on...never to stop!!!! Now i use from Canon, cameras, normal lenses, in studio i",dua_ctx,0.5,1,66,0.50315,0.78614,0.22634,0.20616,0.01084,0.87135,0.08521,0.02429,0.03456,0.1675
338," on...never to stop!!!! Now i use from Canon, cameras, normal lenses, in studio i",dua_ctx,0.7,1,88,0.70002,0.81451,0.37379,0.33728,0.00702,0.87135,0.05684,0.01171,0.06797,0.29412
338," on...never to stop!!!! Now i use from Canon, cameras, normal lenses, in studio i",dua_ctx,0.9,1,115,0.90636,0.84188,0.63827,0.57787,0.00831,0.87135,0.02947,0.00344,0.12839,0.50643
338," on...never to stop!!!! Now i use from Canon, cameras, normal lenses, in studio i",dua_ctx,0.99,1,134,0.99027,0.86382,0.87827,0.80033,0.01056,0.87135,0.00752,0.00024,0.17081,0.70722
338," on...never to stop!!!! Now i use from Canon, cameras, normal lenses, in studio i",euc_unemb,0.3,1,14,0.34841,0.54708,0.32615,0.32976,0.03335,0.87135,0.32427,0.24365,0.03698,0.04552
338," on...never to stop!!!! Now i use from Canon, cameras, normal lenses, in studio i",euc_unemb,0.5,1,16,0.56092,0.5559,0.36769,0.36981,0.03312,0.87135,0.31545,0.23224,0.0764,0.05906
338," on...never to stop!!!! Now i use from Canon, cameras, normal lenses, in studio i",euc_unemb,0.7,1,18,0.75428,0.60577,0.3728,0.37236,0.03098,0.87135,0.26558,0.1727,0.12529,0.07481
338," on...never to stop!!!! Now i use from Canon, cameras, normal lenses, in studio i",euc_unemb,0.9,1,21,0.92033,0.72117,0.36302,0.35681,0.03924,0.87135,0.15018,0.06532,0.19357,0.10413
338," on...never to stop!!!! Now i use from Canon, cameras, normal lenses, in studio i",euc_unemb,0.99,1,26,0.99082,0.86962,0.47496,0.45539,0.03408,0.87135,0.00173,1e-05,0.29491,0.18003
338," on...never to stop!!!! Now i use from Canon, cameras, normal lenses, in studio i",cau_unemb,0.3,1,15,0.34637,0.48995,0.40977,0.41504,0.04819,0.87135,0.38139,0.32446,0.04488,0.04044
338," on...never to stop!!!! Now i use from Canon, cameras, normal lenses, in studio i",cau_unemb,0.5,1,17,0.5402,0.48931,0.4507,0.45488,0.04604,0.87135,0.38203,0.32544,0.07399,0.05127
338," on...never to stop!!!! Now i use from Canon, cameras, normal lenses, in studio i",cau_unemb,0.7,1,19,0.72287,0.52493,0.44288,0.44524,0.0398,0.87135,0.34641,0.27351,0.10588,0.06349
338," on...never to stop!!!! Now i use from Canon, cameras, normal lenses, in studio i",cau_unemb,0.9,1,23,0.92811,0.66524,0.35554,0.35203,0.0389,0.87135,0.20611,0.11215,0.15043,0.09296
338," on...never to stop!!!! Now i use from Canon, cameras, normal lenses, in studio i",cau_unemb,0.99,1,29,0.99307,0.85089,0.34721,0.3308,0.03364,0.87135,0.02046,0.00172,0.18864,0.15685
338," on...never to stop!!!! Now i use from Canon, cameras, normal lenses, in studio i",dua_unemb,0.3,1,21,0.31004,0.83774,0.09765,0.09089,0.01043,0.87135,0.03361,0.00442,0.03284,0.0604
338," on...never to stop!!!! Now i use from Canon, cameras, normal lenses, in studio i",dua_unemb,0.5,1,29,0.50593,0.8822,0.21057,0.19212,0.01143,0.87135,0.01085,0.00055,0.07679,0.13323
338," on...never to stop!!!! Now i use from Canon, cameras, normal lenses, in studio i",dua_unemb,0.7,1,40,0.70332,0.9222,0.47881,0.43773,0.01902,0.87135,0.05085,0.01529,0.1377,0.32582
338," on...never to stop!!!! Now i use from Canon, cameras, normal lenses, in studio i",dua_unemb,0.9,1,54,0.90493,0.92459,0.98249,0.90643,0.02171,0.87135,0.05324,0.01705,0.21527,0.75017
338," on...never to stop!!!! Now i use from Canon, cameras, normal lenses, in studio i",dua_unemb,0.99,1,64,0.99041,0.91191,1.43252,1.33038,0.04936,0.87135,0.04056,0.00908,0.27834,1.1451
338," on...never to stop!!!! Now i use from Canon, cameras, normal lenses, in studio i",euc_dmd,0.3,1,13,0.38617,0.42964,0.82799,0.82836,0.53245,0.87135,0.44171,0.42455,0.32677,0.07667
338," on...never to stop!!!! Now i use from Canon, cameras, normal lenses, in studio i",euc_dmd,0.5,1,14,0.51749,0.42902,0.9849,0.98379,0.53259,0.87135,0.44233,0.42567,0.46979,0.08944
338," on...never to stop!!!! Now i use from Canon, cameras, normal lenses, in studio i",euc_dmd,0.7,1,16,0.75901,0.47574,1.33551,1.33038,0.53405,0.87135,0.39561,0.34657,0.87037,0.11856
338," on...never to stop!!!! Now i use from Canon, cameras, normal lenses, in studio i",euc_dmd,0.9,1,18,0.90308,0.56953,1.71739,1.70683,0.62807,0.87135,0.30182,0.21515,1.34936,0.15288
338," on...never to stop!!!! Now i use from Canon, cameras, normal lenses, in studio i",euc_dmd,0.99,1,23,0.99291,0.80418,2.69729,2.66852,0.62865,0.87135,0.06717,0.01585,2.41699,0.26445
338," on...never to stop!!!! Now i use from Canon, cameras, normal lenses, in studio i",cau_dmd,0.3,1,14,0.41149,0.41972,0.8235,0.82741,0.49171,0.87135,0.45163,0.44268,0.31431,0.06651
338," on...never to stop!!!! Now i use from Canon, cameras, normal lenses, in studio i",cau_dmd,0.5,1,15,0.54292,0.42349,0.98642,0.9891,0.52994,0.87135,0.44786,0.43572,0.47333,0.07736
338," on...never to stop!!!! Now i use from Canon, cameras, normal lenses, in studio i",cau_dmd,0.7,1,17,0.77647,0.47761,1.38025,1.37944,0.53183,0.87135,0.39374,0.34361,0.93427,0.10237
338," on...never to stop!!!! Now i use from Canon, cameras, normal lenses, in studio i",cau_dmd,0.9,1,19,0.91129,0.5756,1.85557,1.84988,0.59137,0.87135,0.29575,0.20773,1.5155,0.13234
338," on...never to stop!!!! Now i use from Canon, cameras, normal lenses, in studio i",cau_dmd,0.99,1,24,0.99366,0.8087,3.17331,3.15088,0.62838,0.87135,0.06265,0.01398,2.92593,0.23341
338," on...never to stop!!!! Now i use from Canon, cameras, normal lenses, in studio i",dua_dmd,0.3,1,19,0.31475,0.82934,0.15609,0.14492,0.01597,0.87135,0.04201,0.0067,0.07094,0.07845
338," on...never to stop!!!! Now i use from Canon, cameras, normal lenses, in studio i",dua_dmd,0.5,1,27,0.50766,0.88359,0.35991,0.33279,0.0183,0.87135,0.01224,0.00071,0.18618,0.17303
338," on...never to stop!!!! Now i use from Canon, cameras, normal lenses, in studio i",dua_dmd,0.7,1,39,0.71512,0.93372,0.84131,0.78263,0.02345,0.87135,0.06237,0.02509,0.38735,0.42887
338," on...never to stop!!!! Now i use from Canon, cameras, normal lenses, in studio i",dua_dmd,0.9,1,53,0.91106,0.95064,1.57776,1.47744,0.0254,0.87135,0.07929,0.04735,0.64238,0.88803
338," on...never to stop!!!! Now i use from Canon, cameras, normal lenses, in studio i",dua_dmd,0.99,1,63,0.99135,0.9552,2.16219,2.03638,0.02699,0.87135,0.08385,0.05566,0.82866,1.27787
37, insurance? Did you just purchase your first home and understand the value of insuring it but don't,euc_ctx,0.3,1,34,0.31761,0.37643,1.10694,1.12036,0.56384,0.93643,0.56,0.70827,0.38089,0.01778
37, insurance? Did you just purchase your first home and understand the value of insuring it but don't,euc_ctx,0.5,1,37,0.53452,0.3919,1.31847,1.33129,0.59267,0.93643,0.54454,0.67216,0.62497,0.02134
37, insurance? Did you just purchase your first home and understand the value of insuring it but don't,euc_ctx,0.7,1,40,0.73892,0.45408,1.51801,1.52955,0.59267,0.93643,0.48235,0.5411,0.95119,0.02571
37, insurance? Did you just purchase your first home and understand the value of insuring it but don't,euc_ctx,0.9,1,44,0.90376,0.58983,1.74778,1.75622,0.59246,0.93643,0.34661,0.31435,1.39993,0.0335
37, insurance? Did you just purchase your first home and understand the value of insuring it but don't,euc_ctx,0.99,1,52,0.99022,0.83032,2.16034,2.15815,0.45387,0.93643,0.10611,0.05021,2.04821,0.06192
37, insurance? Did you just purchase your first home and understand the value of insuring it but don't,cau_ctx,0.3,1,61,0.31324,0.28528,1.41378,1.42291,0.56346,0.93643,0.65116,0.95924,0.40544,0.0491
37, insurance? Did you just purchase your first home and understand the value of insuring it but don't,cau_ctx,0.5,1,66,0.50654,0.26594,1.65527,1.66273,0.56321,0.93643,0.67049,1.02326,0.57016,0.06185
37, insurance? Did you just purchase your first home and understand the value of insuring it but don't,cau_ctx,0.7,1,72,0.73026,0.27522,1.87803,1.88281,0.5919,0.93643,0.66121,0.99195,0.80554,0.08053
37, insurance? Did you just purchase your first home and understand the value of insuring it but don't,cau_ctx,0.9,1,80,0.90737,0.32714,2.04031,2.0404,0.59183,0.93643,0.6093,0.83486,1.09399,0.11146
37, insurance? Did you just purchase your first home and understand the value of insuring it but don't,cau_ctx,0.99,1,95,0.99071,0.45547,2.20901,2.19772,0.45114,0.93643,0.48097,0.53841,1.48443,0.18618
37, insurance? Did you just purchase your first home and understand the value of insuring it but don't,dua_ctx,0.3,1,59,0.30169,0.86108,0.131,0.12927,0.00984,0.93643,0.07536,0.02886,0.04817,0.05397
37, insurance? Did you just purchase your first home and understand the value of insuring it but don't,dua_ctx,0.5,1,78,0.5083,0.86596,0.23138,0.21971,0.00669,0.93643,0.07047,0.02584,0.09137,0.11417
37, insurance? Did you just purchase your first home and understand the value of insuring it but don't,dua_ctx,0.7,1,97,0.70922,0.86329,0.41152,0.38345,0.00378,0.93643,0.07315,0.02748,0.15691,0.22713
37, insurance? Did you just purchase your first home and understand the value of insuring it but don't,dua_ctx,0.9,1,117,0.90261,0.84993,0.67471,0.62406,0.00579,0.93643,0.0865,0.03616,0.23329,0.40526
37, insurance? Did you just purchase your first home and understand the value of insuring it but don't,dua_ctx,0.99,1,133,0.99039,0.85029,0.89895,0.82834,0.00744,0.93643,0.08615,0.03592,0.28856,0.57447
37, insurance? Did you just purchase your first home and understand the value of insuring it but don't,euc_unemb,0.3,1,19,0.31487,0.51951,0.46528,0.47724,0.03238,0.93643,0.41693,0.42316,0.03158,0.01053
37, insurance? Did you just purchase your first home and understand the value of insuring it but don't,euc_unemb,0.5,1,21,0.5687,0.55382,0.41632,0.42779,0.03135,0.93643,0.38262,0.36799,0.0357,0.01264
37, insurance? Did you just purchase your first home and understand the value of insuring it but don't,euc_unemb,0.7,1,23,0.79092,0.64786,0.28951,0.29909,0.03131,0.93643,0.28857,0.23616,0.03815,0.0152
37, insurance? Did you just purchase your first home and understand the value of insuring it but don't,euc_unemb,0.9,1,25,0.91561,0.76385,0.16675,0.17287,0.00695,0.93643,0.17259,0.10734,0.04074,0.01868
37, insurance? Did you just purchase your first home and understand the value of insuring it but don't,euc_unemb,0.99,1,30,0.9934,0.93595,0.09073,0.08364,0.0036,0.93643,0.00048,0.0,0.0511,0.03963
37, insurance? Did you just purchase your first home and understand the value of insuring it but don't,cau_unemb,0.3,1,21,0.36402,0.39933,0.68494,0.69857,0.03722,0.93643,0.53711,0.65535,0.01911,0.01047
37, insurance? Did you just purchase your first home and understand the value of insuring it but don't,cau_unemb,0.5,1,23,0.60193,0.42896,0.63553,0.64892,0.03722,0.93643,0.50747,0.59153,0.03183,0.01217
37, insurance? Did you just purchase your first home and understand the value of insuring it but don't,cau_unemb,0.7,1,24,0.71076,0.46484,0.57163,0.58458,0.03685,0.93643,0.47159,0.52044,0.03809,0.01311
37, insurance? Did you just purchase your first home and understand the value of insuring it but don't,cau_unemb,0.9,1,27,0.91331,0.63048,0.3237,0.33373,0.03129,0.93643,0.30595,0.25856,0.04863,0.01651
37, insurance? Did you just purchase your first home and understand the value of insuring it but don't,cau_unemb,0.99,1,32,0.99163,0.87238,0.09801,0.09844,0.00298,0.93643,0.06406,0.02205,0.04894,0.02702
37, insurance? Did you just purchase your first home and understand the value of insuring it but don't,dua_unemb,0.3,1,26,0.31648,0.90191,0.03332,0.03496,0.00714,0.93643,0.03452,0.0076,0.01098,0.01475
37, insurance? Did you just purchase your first home and understand the value of insuring it but don't,dua_unemb,0.5,1,32,0.50096,0.92101,0.0554,0.05348,0.0017,0.93643,0.01542,0.00174,0.02812,0.02553
37, insurance? Did you just purchase your first home and understand the value of insuring it but don't,dua_unemb,0.7,1,40,0.72275,0.94794,0.12643,0.11525,0.00303,0.93643,0.0115,0.00126,0.06775,0.05742
37, insurance? Did you just purchase your first home and understand the value of insuring it but don't,dua_unemb,0.9,1,48,0.90356,0.96338,0.25831,0.23227,0.00379,0.93643,0.02694,0.00849,0.11226,0.13756
37, insurance? Did you just purchase your first home and understand the value of insuring it but don't,dua_unemb,0.99,1,56,0.99346,0.96377,0.46531,0.41696,0.02164,0.93643,0.02733,0.00879,0.15099,0.30553
37, insurance? Did you just purchase your first home and understand the value of insuring it but don't,euc_dmd,0.3,1,16,0.38734,0.54344,1.57403,1.5854,0.661,0.93643,0.393,0.38424,1.17922,0.01057
37, insurance? Did you just purchase your first home and understand the value of insuring it but don't,euc_dmd,0.5,1,17,0.53979,0.58407,1.79471,1.80485,0.661,0.93643,0.35236,0.32264,1.45983,0.01223
37, insurance? Did you just purchase your first home and understand the value of insuring it but don't,euc_dmd,0.7,1,19,0.79908,0.717,2.26266,2.26845,0.66115,0.93643,0.21943,0.1551,2.09075,0.01681
37, insurance? Did you just purchase your first home and understand the value of insuring it but don't,euc_dmd,0.9,1,21,0.92989,0.84825,2.72641,2.72531,0.66115,0.93643,0.08819,0.03731,2.66473,0.02437
37, insurance? Did you just purchase your first home and understand the value of insuring it but don't,euc_dmd,0.99,1,25,0.99303,0.96234,3.59694,3.57809,0.45301,0.93643,0.02591,0.00772,3.52978,0.05944
37, insurance? Did you just purchase your first home and understand the value of insuring it but don't,cau_dmd,0.3,1,16,0.38007,0.39891,1.54156,1.55627,0.70215,0.93643,0.53752,0.65629,0.87767,0.0076
37, insurance? Did you just purchase your first home and understand the value of insuring it but don't,cau_dmd,0.5,1,17,0.53962,0.42796,1.77168,1.78556,0.70231,0.93643,0.50847,0.5936,1.1694,0.00868
37, insurance? Did you just purchase your first home and understand the value of insuring it but don't,cau_dmd,0.7,1,19,0.80868,0.55994,2.29395,2.30463,0.70255,0.93643,0.37649,0.35857,1.92379,0.0116
37, insurance? Did you just purchase your first home and understand the value of insuring it but don't,cau_dmd,0.9,1,21,0.93739,0.73227,2.86314,2.86825,0.70255,0.93643,0.20417,0.1389,2.70788,0.01636
37, insurance? Did you just purchase your first home and understand the value of insuring it but don't,cau_dmd,0.99,1,25,0.99445,0.92888,3.9066,3.89571,0.70231,0.93643,0.00756,0.00045,3.86663,0.03953
37, insurance? Did you just purchase your first home and understand the value of insuring it but don't,dua_dmd,0.3,1,21,0.31054,0.90022,0.08669,0.08657,0.009,0.93643,0.03622,0.00827,0.06308,0.01534
37, insurance? Did you just purchase your first home and understand the value of insuring it but don't,dua_dmd,0.5,1,26,0.51937,0.92352,0.1398,0.13418,0.00795,0.93643,0.01291,0.00125,0.1128,0.02575
37, insurance? Did you just purchase your first home and understand the value of insuring it but don't,dua_dmd,0.7,1,32,0.73166,0.95315,0.23111,0.21545,0.00606,0.93643,0.01672,0.00283,0.17794,0.05034
37, insurance? Did you just purchase your first home and understand the value of insuring it but don't,dua_dmd,0.9,1,38,0.90067,0.97371,0.37596,0.34538,0.00206,0.93643,0.03728,0.01957,0.24725,0.10913
37, insurance? Did you just purchase your first home and understand the value of insuring it but don't,dua_dmd,0.99,1,45,0.99389,0.98372,0.61565,0.56043,0.002,0.93643,0.04729,0.04046,0.31913,0.25606
349,<bos>I am not much interested in what someone has to,euc_ctx,0.3,1,34,0.33055,0.8948,0.29442,0.2974,0.0114,0.98813,0.09333,0.07214,0.19605,0.02623
349,<bos>I am not much interested in what someone has to,euc_ctx,0.5,1,37,0.5343,0.88966,0.44274,0.44435,0.01066,0.98813,0.09847,0.07726,0.33467,0.0308
349,<bos>I am not much interested in what someone has to,euc_ctx,0.7,1,40,0.72757,0.89824,0.61543,0.6144,0.0108,0.98813,0.08989,0.06874,0.51093,0.03576
349,<bos>I am not much interested in what someone has to,euc_ctx,0.9,1,45,0.91632,0.92706,0.87445,0.86666,0.47472,0.98813,0.06107,0.04149,0.78799,0.04497
349,<bos>I am not much interested in what someone has to,euc_ctx,0.99,1,53,0.99056,0.96109,1.17372,1.15224,0.47478,0.98813,0.02703,0.01332,1.09791,0.06249
349,<bos>I am not much interested in what someone has to,cau_ctx,0.3,1,61,0.31934,0.38148,1.09984,1.09748,0.46266,0.98813,0.60665,0.89352,0.15527,0.05104
349,<bos>I am not much interested in what someone has to,cau_ctx,0.5,1,66,0.50027,0.3114,1.36846,1.36336,0.4627,0.98813,0.67673,1.09283,0.21803,0.05761
349,<bos>I am not much interested in what someone has to,cau_ctx,0.7,1,72,0.71259,0.27176,1.59356,1.58472,0.46269,0.98813,0.71637,1.2267,0.3013,0.06556
349,<bos>I am not much interested in what someone has to,cau_ctx,0.9,1,81,0.90575,0.27124,1.70867,1.69369,0.46273,0.98813,0.71689,1.22859,0.40246,0.07762
349,<bos>I am not much interested in what someone has to,cau_ctx,0.99,1,97,0.99057,0.34086,1.63001,1.60328,0.46366,0.98813,0.64727,1.00403,0.52663,0.09935
349,<bos>I am not much interested in what someone has to,dua_ctx,0.3,1,66,0.30327,0.96065,0.16777,0.13902,0.01072,0.98813,0.02748,0.01364,0.0815,0.07262
349,<bos>I am not much interested in what someone has to,dua_ctx,0.5,1,94,0.50318,0.95622,0.2857,0.22771,0.0108,0.98813,0.03191,0.01694,0.13803,0.13073
349,<bos>I am not much interested in what someone has to,dua_ctx,0.7,1,122,0.70586,0.94422,0.41736,0.33452,0.00815,0.98813,0.04391,0.02655,0.20783,0.18298
349,<bos>I am not much interested in what someone has to,dua_ctx,0.9,1,151,0.90612,0.92646,0.54087,0.44493,0.00822,0.98813,0.06167,0.04202,0.28726,0.21159
349,<bos>I am not much interested in what someone has to,dua_ctx,0.99,1,170,0.99068,0.92004,0.60554,0.50212,0.00823,0.98813,0.06808,0.0479,0.33561,0.22203
349,<bos>I am not much interested in what someone has to,euc_unemb,0.3,1,19,0.38179,0.96495,0.11342,0.11751,0.01116,0.98813,0.02317,0.0106,0.08659,0.01623
349,<bos>I am not much interested in what someone has to,euc_unemb,0.5,1,20,0.50794,0.96166,0.17088,0.17411,0.01126,0.98813,0.02647,0.01291,0.13805,0.01992
349,<bos>I am not much interested in what someone has to,euc_unemb,0.7,1,22,0.74314,0.95594,0.31572,0.31555,0.01138,0.98813,0.03219,0.01716,0.26944,0.02912
349,<bos>I am not much interested in what someone has to,euc_unemb,0.9,1,25,0.93191,0.94957,0.51401,0.50561,0.01232,0.98813,0.03855,0.02216,0.44566,0.0462
349,<bos>I am not much interested in what someone has to,euc_unemb,0.99,1,29,0.99103,0.94145,0.70122,0.67966,0.01269,0.98813,0.04668,0.02887,0.60068,0.07166
349,<bos>I am not much interested in what someone has to,cau_unemb,0.3,1,21,0.37019,0.91666,0.15397,0.1647,0.01304,0.98813,0.07147,0.05105,0.08663,0.01629
349,<bos>I am not much interested in what someone has to,cau_unemb,0.5,1,23,0.59703,0.91533,0.26705,0.27671,0.01172,0.98813,0.0728,0.0523,0.19418,0.02057
349,<bos>I am not much interested in what someone has to,cau_unemb,0.7,1,24,0.70196,0.91779,0.33361,0.34207,0.01175,0.98813,0.07034,0.04999,0.26047,0.02316
349,<bos>I am not much interested in what someone has to,cau_unemb,0.9,1,27,0.90488,0.92896,0.51879,0.52153,0.01224,0.98813,0.05917,0.03977,0.44601,0.03301
349,<bos>I am not much interested in what someone has to,cau_unemb,0.99,1,32,0.99004,0.93602,0.73662,0.72663,0.01229,0.98813,0.05211,0.03353,0.64766,0.05543
349,<bos>I am not much interested in what someone has to,dua_unemb,0.3,1,30,0.3028,0.98185,0.12228,0.09787,0.01241,0.98813,0.00628,0.00126,0.06288,0.05815
349,<bos>I am not much interested in what someone has to,dua_unemb,0.5,1,44,0.51067,0.97222,0.26635,0.20682,0.01296,0.98813,0.01591,0.00595,0.13134,0.12906
349,<bos>I am not much interested in what someone has to,dua_unemb,0.7,1,57,0.70593,0.96188,0.41561,0.32523,0.01529,0.98813,0.02625,0.01276,0.21048,0.19238
349,<bos>I am not much interested in what someone has to,dua_unemb,0.9,1,71,0.90307,0.95016,0.56024,0.45055,0.01698,0.98813,0.03797,0.02169,0.3066,0.23196
349,<bos>I am not much interested in what someone has to,dua_unemb,0.99,1,81,0.99104,0.94229,0.63868,0.52299,0.01779,0.98813,0.04584,0.02816,0.37212,0.2384
349,<bos>I am not much interested in what someone has to,euc_dmd,0.3,1,17,0.32989,0.97122,0.09299,0.09243,0.01025,0.98813,0.0169,0.00654,0.07128,0.01517
349,<bos>I am not much interested in what someone has to,euc_dmd,0.5,1,19,0.6029,0.97125,0.17296,0.16902,0.01057,0.98813,0.01687,0.00652,0.14506,0.02137
349,<bos>I am not much interested in what someone has to,euc_dmd,0.7,1,20,0.72759,0.97286,0.22166,0.21504,0.00951,0.98813,0.01527,0.00557,0.19094,0.02515
349,<bos>I am not much interested in what someone has to,euc_dmd,0.9,1,23,0.93612,0.97936,0.35679,0.33929,0.00957,0.98813,0.00877,0.00224,0.31548,0.03907
349,<bos>I am not much interested in what someone has to,euc_dmd,0.99,1,27,0.99313,0.98487,0.50666,0.47223,0.00967,0.98813,0.00325,0.00038,0.44445,0.06183
349,<bos>I am not much interested in what someone has to,cau_dmd,0.3,1,20,0.40548,0.95342,0.21666,0.21968,0.01041,0.98813,0.03471,0.0191,0.18144,0.01611
349,<bos>I am not much interested in what someone has to,cau_dmd,0.5,1,21,0.53528,0.953,0.30494,0.30651,0.00801,0.98813,0.03512,0.01943,0.26668,0.01883
349,<bos>I am not much interested in what someone has to,cau_dmd,0.7,1,23,0.7692,0.95641,0.53491,0.53172,0.00174,0.98813,0.03172,0.0168,0.49253,0.02558
349,<bos>I am not much interested in what someone has to,cau_dmd,0.9,1,25,0.90768,0.96236,0.78658,0.77672,0.00435,0.98813,0.02577,0.01241,0.74016,0.03401
349,<bos>I am not much interested in what someone has to,cau_dmd,0.99,1,30,0.99376,0.97389,1.36823,1.33812,0.00443,0.98813,0.01423,0.00498,1.30329,0.05996
349,<bos>I am not much interested in what someone has to,dua_dmd,0.3,1,26,0.3017,0.99195,0.15583,0.12808,0.00171,0.98813,0.00382,0.0008,0.11453,0.0405
349,<bos>I am not much interested in what someone has to,dua_dmd,0.5,1,38,0.51239,0.9946,0.29822,0.23371,0.00449,0.98813,0.00647,0.0029,0.20034,0.09499
349,<bos>I am not much interested in what someone has to,dua_dmd,0.7,1,49,0.70159,0.99598,0.43541,0.33796,0.00451,0.98813,0.00785,0.00503,0.28415,0.14623
349,<bos>I am not much interested in what someone has to,dua_dmd,0.9,1,62,0.90655,0.99742,0.59098,0.46699,0.0055,0.98813,0.00929,0.00886,0.39348,0.18864
349,<bos>I am not much interested in what someone has to,dua_dmd,0.99,1,71,0.99196,0.99826,0.68005,0.54663,0.00622,0.98813,0.01013,0.01269,0.47216,0.1952
544, fond of quality steak and that sublime moment when it literally just melts in your mouth? How would you,euc_ctx,0.3,1,50,0.3374,0.84297,0.3642,0.34545,0.008,0.92468,0.08171,0.03021,0.08068,0.25331
544, fond of quality steak and that sublime moment when it literally just melts in your mouth? How would you,euc_ctx,0.5,1,54,0.54637,0.81266,0.43019,0.40735,0.00863,0.92468,0.11201,0.05077,0.0661,0.31332
544, fond of quality steak and that sublime moment when it literally just melts in your mouth? How would you,euc_ctx,0.7,1,58,0.74117,0.78993,0.60227,0.57366,0.00906,0.92468,0.13474,0.06838,0.15208,0.38181
544, fond of quality steak and that sublime moment when it literally just melts in your mouth? How would you,euc_ctx,0.9,1,64,0.91393,0.76857,0.93814,0.89849,0.42492,0.92468,0.15611,0.08644,0.35439,0.49731
544, fond of quality steak and that sublime moment when it literally just melts in your mouth? How would you,euc_ctx,0.99,1,75,0.9919,0.73426,1.50084,1.43773,0.52324,0.92468,0.19042,0.11825,0.65096,0.73162
544, fond of quality steak and that sublime moment when it literally just melts in your mouth? How would you,cau_ctx,0.3,1,72,0.30217,0.47867,0.83774,0.83132,0.0168,0.92468,0.44601,0.46312,0.13622,0.2384
544, fond of quality steak and that sublime moment when it literally just melts in your mouth? How would you,cau_ctx,0.5,1,78,0.51364,0.40215,1.01158,1.00109,0.0172,0.92468,0.52252,0.61386,0.10598,0.29174
544, fond of quality steak and that sublime moment when it literally just melts in your mouth? How would you,cau_ctx,0.7,1,84,0.72059,0.36623,1.1378,1.12231,0.0201,0.92468,0.55845,0.69599,0.09405,0.34776
544, fond of quality steak and that sublime moment when it literally just melts in your mouth? How would you,cau_ctx,0.9,1,93,0.90805,0.36754,1.23428,1.21012,0.02101,0.92468,0.55714,0.69284,0.10597,0.43547
544, fond of quality steak and that sublime moment when it literally just melts in your mouth? How would you,cau_ctx,0.99,1,109,0.99094,0.42808,1.3255,1.28418,0.01469,0.92468,0.4966,0.55944,0.16681,0.59925
544, fond of quality steak and that sublime moment when it literally just melts in your mouth? How would you,dua_ctx,0.3,1,59,0.3071,0.85091,0.28723,0.26852,0.00762,0.92468,0.07377,0.02545,0.03546,0.22633
544, fond of quality steak and that sublime moment when it literally just melts in your mouth? How would you,dua_ctx,0.5,1,91,0.50263,0.85479,0.82394,0.75617,0.01555,0.92468,0.06988,0.02323,0.09593,0.70478
544, fond of quality steak and that sublime moment when it literally just melts in your mouth? How would you,dua_ctx,0.7,1,132,0.7023,0.81501,1.68187,1.56702,0.01943,0.92468,0.10967,0.04906,0.25454,1.37827
544, fond of quality steak and that sublime moment when it literally just melts in your mouth? How would you,dua_ctx,0.9,1,171,0.9008,0.76664,2.24558,2.11622,0.02181,0.92468,0.15804,0.08814,0.47125,1.68619
544, fond of quality steak and that sublime moment when it literally just melts in your mouth? How would you,dua_ctx,0.99,1,196,0.99044,0.74116,2.45092,2.31652,0.02192,0.92468,0.18352,0.11158,0.6301,1.70924
544, fond of quality steak and that sublime moment when it literally just melts in your mouth? How would you,euc_unemb,0.3,1,22,0.32136,0.92942,0.13261,0.12348,0.0032,0.92468,0.00474,0.00017,0.02886,0.10358
544, fond of quality steak and that sublime moment when it literally just melts in your mouth? How would you,euc_unemb,0.5,1,24,0.56543,0.91765,0.27265,0.25927,0.00603,0.92468,0.00703,0.00034,0.11279,0.15952
544, fond of quality steak and that sublime moment when it literally just melts in your mouth? How would you,euc_unemb,0.7,1,26,0.78168,0.90838,0.64403,0.62418,0.52635,0.92468,0.0163,0.00169,0.41228,0.23006
544, fond of quality steak and that sublime moment when it literally just melts in your mouth? How would you,euc_unemb,0.9,1,28,0.90799,0.90399,1.18077,1.15287,0.52786,0.92468,0.02068,0.00264,0.86914,0.30898
544, fond of quality steak and that sublime moment when it literally just melts in your mouth? How would you,euc_unemb,0.99,1,33,0.99208,0.90375,2.76801,2.71744,0.60741,0.92468,0.02093,0.0027,2.2463,0.51902
544, fond of quality steak and that sublime moment when it literally just melts in your mouth? How would you,cau_unemb,0.3,1,26,0.34397,0.89148,0.15119,0.14325,0.00372,0.92468,0.03319,0.0063,0.01174,0.13315
544, fond of quality steak and that sublime moment when it literally just melts in your mouth? How would you,cau_unemb,0.5,1,28,0.54944,0.87767,0.25689,0.24554,0.00557,0.92468,0.04701,0.01172,0.06558,0.17959
544, fond of quality steak and that sublime moment when it literally just melts in your mouth? How would you,cau_unemb,0.7,1,30,0.73963,0.86537,0.52346,0.50711,0.41783,0.92468,0.05931,0.01755,0.26876,0.23714
544, fond of quality steak and that sublime moment when it literally just melts in your mouth? How would you,cau_unemb,0.9,1,33,0.91011,0.853,1.1256,1.09953,0.52743,0.92468,0.07168,0.02424,0.7644,0.33695
544, fond of quality steak and that sublime moment when it literally just melts in your mouth? How would you,cau_unemb,0.99,1,39,0.99234,0.83907,2.40105,2.35256,0.60766,0.92468,0.08561,0.03265,1.81379,0.55461
544, fond of quality steak and that sublime moment when it literally just melts in your mouth? How would you,dua_unemb,0.3,1,23,0.3286,0.91402,0.1025,0.09631,0.00282,0.92468,0.01066,0.00075,0.01522,0.08653
544, fond of quality steak and that sublime moment when it literally just melts in your mouth? How would you,dua_unemb,0.5,1,35,0.50164,0.91196,0.51001,0.46608,0.0101,0.92468,0.01272,0.00106,0.06471,0.44424
544, fond of quality steak and that sublime moment when it literally just melts in your mouth? How would you,dua_unemb,0.7,1,61,0.70008,0.83899,1.67799,1.55335,0.42035,0.92468,0.08569,0.0327,0.26739,1.3779
544, fond of quality steak and that sublime moment when it literally just melts in your mouth? How would you,dua_unemb,0.9,1,85,0.90522,0.76812,2.5086,2.36988,0.5286,0.92468,0.15656,0.08683,0.7137,1.70808
544, fond of quality steak and that sublime moment when it literally just melts in your mouth? How would you,dua_unemb,0.99,1,99,0.99198,0.73206,3.1221,2.98101,0.5782,0.92468,0.19262,0.1204,1.27925,1.72244
544, fond of quality steak and that sublime moment when it literally just melts in your mouth? How would you,euc_dmd,0.3,1,20,0.32748,0.92514,0.62718,0.61984,0.05431,0.92468,0.00047,0.0,0.54456,0.08262
544, fond of quality steak and that sublime moment when it literally just melts in your mouth? How would you,euc_dmd,0.5,1,22,0.62836,0.93946,0.93791,0.92474,0.40056,0.92468,0.01479,0.00179,0.8183,0.11781
544, fond of quality steak and that sublime moment when it literally just melts in your mouth? How would you,euc_dmd,0.7,1,23,0.75959,0.94949,1.21659,1.19922,0.40144,0.92468,0.02481,0.00561,1.07093,0.14005
544, fond of quality steak and that sublime moment when it literally just melts in your mouth? How would you,euc_dmd,0.9,1,25,0.91723,0.96716,1.9614,1.93374,0.40264,0.92468,0.04248,0.02099,1.74612,0.19429
544, fond of quality steak and that sublime moment when it literally just melts in your mouth? How would you,euc_dmd,0.99,1,29,0.9928,0.98476,3.76592,3.71475,0.56056,0.92468,0.06008,0.06214,3.36915,0.33463
544, fond of quality steak and that sublime moment when it literally just melts in your mouth? How would you,cau_dmd,0.3,1,24,0.35872,0.8701,0.69044,0.68802,0.08502,0.92468,0.05458,0.01521,0.58812,0.08712
544, fond of quality steak and that sublime moment when it literally just melts in your mouth? How would you,cau_dmd,0.5,1,26,0.62236,0.89055,0.95707,0.95001,0.41015,0.92468,0.03413,0.00663,0.83536,0.11508
544, fond of quality steak and that sublime moment when it literally just melts in your mouth? How would you,cau_dmd,0.7,1,27,0.73987,0.90444,1.18782,1.17744,0.49753,0.92468,0.02024,0.00254,1.05213,0.13314
544, fond of quality steak and that sublime moment when it literally just melts in your mouth? How would you,cau_dmd,0.9,1,30,0.93714,0.94042,2.17783,2.15453,0.49925,0.92468,0.01574,0.00205,1.97,0.20578
544, fond of quality steak and that sublime moment when it literally just melts in your mouth? How would you,cau_dmd,0.99,1,34,0.99297,0.96397,3.80876,3.7652,0.52845,0.92468,0.03929,0.01706,3.45498,0.33672
544, fond of quality steak and that sublime moment when it literally just melts in your mouth? How would you,dua_dmd,0.3,1,22,0.31009,0.92174,0.14684,0.13943,0.00411,0.92468,0.00294,6e-05,0.07211,0.07467
544, fond of quality steak and that sublime moment when it literally just melts in your mouth? How would you,dua_dmd,0.5,1,30,0.50575,0.95908,0.43592,0.40168,0.00807,0.92468,0.0344,0.01218,0.18641,0.23733
544, fond of quality steak and that sublime moment when it literally just melts in your mouth? How would you,dua_dmd,0.7,1,52,0.70103,0.96096,1.6115,1.48966,0.05928,0.92468,0.03628,0.01391,0.55185,1.04574
544, fond of quality steak and that sublime moment when it literally just melts in your mouth? How would you,dua_dmd,0.9,1,76,0.90178,0.94839,2.89634,2.7463,0.5314,0.92468,0.02371,0.00506,1.31071,1.58056
544, fond of quality steak and that sublime moment when it literally just melts in your mouth? How would you,dua_dmd,0.99,1,90,0.9907,0.9416,4.38335,4.22995,0.63294,0.92468,0.01693,0.0024,2.77428,1.60667
5,"<bos>This is part 2 (the final part) of a series, be sure to",euc_ctx,0.3,1,43,0.35286,0.55357,0.71576,0.7229,0.05379,0.94492,0.39135,0.39001,0.22002,0.10573
5,"<bos>This is part 2 (the final part) of a series, be sure to",euc_ctx,0.5,1,46,0.54805,0.55936,0.90116,0.90708,0.35618,0.94492,0.38556,0.3809,0.39995,0.12031
5,"<bos>This is part 2 (the final part) of a series, be sure to",euc_ctx,0.7,1,49,0.73015,0.59748,1.10587,1.10975,0.35573,0.94492,0.34744,0.32359,0.64599,0.13629
5,"<bos>This is part 2 (the final part) of a series, be sure to",euc_ctx,0.9,1,54,0.91212,0.69976,1.42535,1.4239,0.46545,0.94492,0.24516,0.19042,1.06777,0.16716
5,"<bos>This is part 2 (the final part) of a series, be sure to",euc_ctx,0.99,1,63,0.99164,0.84156,1.81743,1.8022,0.5147,0.94492,0.10336,0.05127,1.52459,0.24157
5,"<bos>This is part 2 (the final part) of a series, be sure to",cau_ctx,0.3,1,71,0.31897,0.11991,2.26497,2.25566,0.34838,0.94492,0.82501,1.79802,0.2269,0.24005
5,"<bos>This is part 2 (the final part) of a series, be sure to",cau_ctx,0.5,1,76,0.51994,0.09274,2.71475,2.70121,0.34717,0.94492,0.85218,2.0391,0.40342,0.27224
5,"<bos>This is part 2 (the final part) of a series, be sure to",cau_ctx,0.7,1,81,0.71779,0.0839,3.09639,3.07856,0.34688,0.94492,0.86103,2.13329,0.65838,0.30472
5,"<bos>This is part 2 (the final part) of a series, be sure to",cau_ctx,0.9,1,89,0.91158,0.09444,3.49299,3.4683,0.36659,0.94492,0.85048,2.02205,1.11382,0.35711
5,"<bos>This is part 2 (the final part) of a series, be sure to",cau_ctx,0.99,1,102,0.99093,0.15951,3.67967,3.64376,0.36655,0.94492,0.78542,1.53094,1.70582,0.44291
5,"<bos>This is part 2 (the final part) of a series, be sure to",dua_ctx,0.3,1,59,0.30571,0.87373,0.26001,0.2538,0.01603,0.94492,0.07119,0.02832,0.11351,0.11817
5,"<bos>This is part 2 (the final part) of a series, be sure to",dua_ctx,0.5,1,74,0.51292,0.88985,0.38876,0.37069,0.01352,0.94492,0.05507,0.01857,0.17338,0.19682
5,"<bos>This is part 2 (the final part) of a series, be sure to",dua_ctx,0.7,1,89,0.70464,0.89918,0.54181,0.50916,0.01299,0.94492,0.04575,0.01359,0.22992,0.2983
5,"<bos>This is part 2 (the final part) of a series, be sure to",dua_ctx,0.9,1,109,0.90815,0.90588,0.788,0.73176,0.0122,0.94492,0.03905,0.01036,0.30777,0.46987
5,"<bos>This is part 2 (the final part) of a series, be sure to",dua_ctx,0.99,1,125,0.99094,0.91243,1.01531,0.93746,0.0161,0.94492,0.0325,0.00753,0.36787,0.63991
5,"<bos>This is part 2 (the final part) of a series, be sure to",euc_unemb,0.3,1,23,0.34701,0.67791,0.5619,0.56889,0.41689,0.94492,0.26701,0.21653,0.27079,0.07458
5,"<bos>This is part 2 (the final part) of a series, be sure to",euc_unemb,0.5,1,25,0.59573,0.70447,0.86855,0.87382,0.41993,0.94492,0.24045,0.18495,0.59442,0.08919
5,"<bos>This is part 2 (the final part) of a series, be sure to",euc_unemb,0.7,1,26,0.71113,0.73276,1.0786,1.08233,0.56871,0.94492,0.21217,0.1533,0.82774,0.09756
5,"<bos>This is part 2 (the final part) of a series, be sure to",euc_unemb,0.9,1,29,0.92077,0.83096,1.91222,1.90877,0.55792,0.94492,0.11397,0.05968,1.72298,0.12956
5,"<bos>This is part 2 (the final part) of a series, be sure to",euc_unemb,0.99,1,34,0.9938,0.91158,3.62864,3.60833,0.58622,0.94492,0.03334,0.00787,3.40277,0.21799
5,"<bos>This is part 2 (the final part) of a series, be sure to",cau_unemb,0.3,1,27,0.39764,0.61226,0.62229,0.63142,0.35278,0.94492,0.33267,0.30256,0.2352,0.08453
5,"<bos>This is part 2 (the final part) of a series, be sure to",cau_unemb,0.5,1,28,0.50491,0.62155,0.73112,0.7398,0.3531,0.94492,0.32337,0.28966,0.35088,0.09058
5,"<bos>This is part 2 (the final part) of a series, be sure to",cau_unemb,0.7,1,30,0.7095,0.66723,1.01802,1.02494,0.4194,0.94492,0.2777,0.22974,0.68447,0.10381
5,"<bos>This is part 2 (the final part) of a series, be sure to",cau_unemb,0.9,1,33,0.90129,0.76816,1.62561,1.62759,0.63361,0.94492,0.17676,0.11653,1.3811,0.12797
5,"<bos>This is part 2 (the final part) of a series, be sure to",cau_unemb,0.99,1,39,0.99246,0.89176,3.22189,3.20871,0.5886,0.94492,0.05316,0.01751,2.99978,0.20461
5,"<bos>This is part 2 (the final part) of a series, be sure to",dua_unemb,0.3,1,30,0.32009,0.92641,0.18695,0.18148,0.0165,0.94492,0.01851,0.00274,0.10197,0.08225
5,"<bos>This is part 2 (the final part) of a series, be sure to",dua_unemb,0.5,1,38,0.50065,0.93693,0.40115,0.37965,0.01735,0.94492,0.00799,0.00056,0.21272,0.18787
5,"<bos>This is part 2 (the final part) of a series, be sure to",dua_unemb,0.7,1,50,0.70428,0.9174,0.84371,0.79064,0.02129,0.94492,0.02752,0.00561,0.41239,0.42571
5,"<bos>This is part 2 (the final part) of a series, be sure to",dua_unemb,0.9,1,64,0.90615,0.87049,1.39929,1.30677,0.02204,0.94492,0.07443,0.03043,0.63426,0.7346
5,"<bos>This is part 2 (the final part) of a series, be sure to",dua_unemb,0.99,1,74,0.99022,0.83555,1.78749,1.67132,0.02242,0.94492,0.10937,0.05599,0.78664,0.94486
5,"<bos>This is part 2 (the final part) of a series, be sure to",euc_dmd,0.3,1,21,0.37376,0.53788,0.92688,0.93184,0.37281,0.94492,0.40705,0.41529,0.41595,0.09564
5,"<bos>This is part 2 (the final part) of a series, be sure to",euc_dmd,0.5,1,22,0.52824,0.55225,1.15832,1.16178,0.37433,0.94492,0.39268,0.39211,0.66167,0.10453
5,"<bos>This is part 2 (the final part) of a series, be sure to",euc_dmd,0.7,1,24,0.7992,0.6422,1.80058,1.79934,0.49213,0.94492,0.30272,0.26187,1.41476,0.12395
5,"<bos>This is part 2 (the final part) of a series, be sure to",euc_dmd,0.9,1,26,0.9346,0.76345,2.67533,2.66716,0.61336,0.94492,0.18147,0.12124,2.40751,0.14658
5,"<bos>This is part 2 (the final part) of a series, be sure to",euc_dmd,0.99,1,30,0.9947,0.91074,4.81773,4.79179,0.64455,0.94492,0.03419,0.00823,4.60115,0.20835
5,"<bos>This is part 2 (the final part) of a series, be sure to",cau_dmd,0.3,1,24,0.36586,0.6527,0.78881,0.79598,0.07042,0.94492,0.29223,0.24819,0.47329,0.06733
5,"<bos>This is part 2 (the final part) of a series, be sure to",cau_dmd,0.5,1,25,0.50742,0.67028,0.99799,1.0038,0.36694,0.94492,0.27465,0.22594,0.69824,0.07381
5,"<bos>This is part 2 (the final part) of a series, be sure to",cau_dmd,0.7,1,27,0.76813,0.74425,1.60465,1.60591,0.47874,0.94492,0.20067,0.14101,1.37426,0.08938
5,"<bos>This is part 2 (the final part) of a series, be sure to",cau_dmd,0.9,1,29,0.91486,0.82985,2.44565,2.44006,0.49137,0.94492,0.11507,0.06058,2.27506,0.11001
5,"<bos>This is part 2 (the final part) of a series, be sure to",cau_dmd,0.99,1,33,0.99137,0.92546,4.49882,4.47596,0.60294,0.94492,0.01946,0.003,4.32317,0.17265
5,"<bos>This is part 2 (the final part) of a series, be sure to",dua_dmd,0.3,1,31,0.31761,0.93437,0.47141,0.45897,0.0186,0.94492,0.01055,0.00096,0.37581,0.09464
5,"<bos>This is part 2 (the final part) of a series, be sure to",dua_dmd,0.5,1,42,0.50158,0.94595,1.01298,0.97483,0.05379,0.94492,0.00103,1e-05,0.76211,0.25086
5,"<bos>This is part 2 (the final part) of a series, be sure to",dua_dmd,0.7,1,59,0.70257,0.92067,2.07258,1.98666,0.09003,0.94492,0.02425,0.00447,1.46825,0.59986
5,"<bos>This is part 2 (the final part) of a series, be sure to",dua_dmd,0.9,1,80,0.90832,0.87626,3.76642,3.63034,0.49719,0.94492,0.06866,0.0267,2.73754,1.00217
5,"<bos>This is part 2 (the final part) of a series, be sure to",dua_dmd,0.99,1,92,0.99105,0.85799,5.33917,5.19189,0.58475,0.94492,0.08693,0.03903,4.15637,1.14377
33,"'s just an image. None of us are perfect.
So it's always refreshing to",euc_ctx,0.3,1,35,0.3204,0.79094,0.46893,0.47554,0.06257,0.93787,0.14693,0.08442,0.29271,0.0918
33,"'s just an image. None of us are perfect.
So it's always refreshing to",euc_ctx,0.5,1,38,0.54434,0.79512,0.68996,0.69469,0.37649,0.93787,0.14276,0.08073,0.49492,0.11431
33,"'s just an image. None of us are perfect.
So it's always refreshing to",euc_ctx,0.7,1,41,0.75175,0.82081,0.97367,0.97505,0.37777,0.93787,0.11706,0.05923,0.77332,0.14112
33,"'s just an image. None of us are perfect.
So it's always refreshing to",euc_ctx,0.9,1,45,0.91283,0.86524,1.34961,1.34462,0.46842,0.93787,0.07263,0.02749,1.1376,0.18452
33,"'s just an image. None of us are perfect.
So it's always refreshing to",euc_ctx,0.99,1,53,0.99209,0.91934,1.83968,1.81893,0.47313,0.93787,0.01853,0.0025,1.53981,0.29737
33,"'s just an image. None of us are perfect.
So it's always refreshing to",cau_ctx,0.3,1,66,0.30539,0.74854,0.7517,0.75241,0.38232,0.93787,0.18934,0.12462,0.49957,0.12751
33,"'s just an image. None of us are perfect.
So it's always refreshing to",cau_ctx,0.5,1,72,0.53299,0.7062,1.03428,1.03217,0.38448,0.93787,0.23168,0.16956,0.69661,0.16811
33,"'s just an image. None of us are perfect.
So it's always refreshing to",cau_ctx,0.7,1,77,0.71592,0.69134,1.28892,1.28332,0.38333,0.93787,0.24654,0.18644,0.89661,0.20586
33,"'s just an image. None of us are perfect.
So it's always refreshing to",cau_ctx,0.9,1,86,0.9125,0.70435,1.66313,1.64928,0.37784,0.93787,0.23352,0.17163,1.21126,0.28025
33,"'s just an image. None of us are perfect.
So it's always refreshing to",cau_ctx,0.99,1,101,0.99098,0.75371,2.00472,1.97453,0.47388,0.93787,0.18416,0.11945,1.46934,0.41593
33,"'s just an image. None of us are perfect.
So it's always refreshing to",dua_ctx,0.3,1,51,0.30427,0.8572,0.24389,0.2395,0.04079,0.93787,0.08067,0.03265,0.078,0.13324
33,"'s just an image. None of us are perfect.
So it's always refreshing to",dua_ctx,0.5,1,65,0.50991,0.8399,0.4253,0.40808,0.04563,0.93787,0.09798,0.04467,0.13474,0.24589
33,"'s just an image. None of us are perfect.
So it's always refreshing to",dua_ctx,0.7,1,81,0.70795,0.82617,0.68497,0.64729,0.04771,0.93787,0.11171,0.05502,0.20998,0.41997
33,"'s just an image. None of us are perfect.
So it's always refreshing to",dua_ctx,0.9,1,100,0.90856,0.8092,1.04557,0.97916,0.06057,0.93787,0.12868,0.06869,0.30997,0.6669
33,"'s just an image. None of us are perfect.
So it's always refreshing to",dua_ctx,0.99,1,114,0.9913,0.80527,1.33982,1.25125,0.05081,0.93787,0.1326,0.07199,0.38686,0.88097
33,"'s just an image. None of us are perfect.
So it's always refreshing to",euc_unemb,0.3,1,19,0.36694,0.8489,0.32252,0.33138,0.05812,0.93787,0.08897,0.03827,0.20789,0.07636
33,"'s just an image. None of us are perfect.
So it's always refreshing to",euc_unemb,0.5,1,20,0.5096,0.85054,0.45042,0.45809,0.37038,0.93787,0.08733,0.03713,0.32224,0.09105
33,"'s just an image. None of us are perfect.
So it's always refreshing to",euc_unemb,0.7,1,22,0.76971,0.86181,0.80887,0.81211,0.37199,0.93787,0.07606,0.02965,0.64753,0.13169
33,"'s just an image. None of us are perfect.
So it's always refreshing to",euc_unemb,0.9,1,24,0.91498,0.87097,1.18733,1.18404,0.37998,0.93787,0.06691,0.024,0.97512,0.1882
33,"'s just an image. None of us are perfect.
So it's always refreshing to",euc_unemb,0.99,1,28,0.99115,0.86595,1.70152,1.68269,0.39458,0.93787,0.07193,0.02705,1.34347,0.33099
33,"'s just an image. None of us are perfect.
So it's always refreshing to",cau_unemb,0.3,1,21,0.33747,0.77437,0.35673,0.36952,0.05837,0.93787,0.1635,0.09953,0.17261,0.08458
33,"'s just an image. None of us are perfect.
So it's always refreshing to",cau_unemb,0.5,1,23,0.58795,0.78313,0.51992,0.53094,0.37272,0.93787,0.15474,0.09144,0.31942,0.10906
33,"'s just an image. None of us are perfect.
So it's always refreshing to",cau_unemb,0.7,1,24,0.70473,0.79484,0.62243,0.63183,0.37223,0.93787,0.14303,0.08097,0.41691,0.12455
33,"'s just an image. None of us are perfect.
So it's always refreshing to",cau_unemb,0.9,1,27,0.91765,0.8297,0.92236,0.92439,0.39048,0.93787,0.10818,0.05229,0.68253,0.18754
33,"'s just an image. None of us are perfect.
So it's always refreshing to",cau_unemb,0.99,1,32,0.99312,0.83509,1.26986,1.25586,0.39853,0.93787,0.10279,0.04822,0.88443,0.33722
33,"'s just an image. None of us are perfect.
So it's always refreshing to",dua_unemb,0.3,1,23,0.34104,0.90908,0.14742,0.14721,0.04031,0.93787,0.02879,0.00559,0.0369,0.10493
33,"'s just an image. None of us are perfect.
So it's always refreshing to",dua_unemb,0.5,1,27,0.51091,0.9134,0.25658,0.24848,0.04147,0.93787,0.02448,0.00417,0.07163,0.18079
33,"'s just an image. None of us are perfect.
So it's always refreshing to",dua_unemb,0.7,1,33,0.71808,0.91055,0.46069,0.43667,0.04738,0.93787,0.02732,0.00508,0.12509,0.33052
33,"'s just an image. None of us are perfect.
So it's always refreshing to",dua_unemb,0.9,1,41,0.91207,0.89829,0.76292,0.71323,0.04755,0.93787,0.03958,0.00982,0.18479,0.56832
33,"'s just an image. None of us are perfect.
So it's always refreshing to",dua_unemb,0.99,1,48,0.99271,0.88526,1.06401,0.9881,0.0479,0.93787,0.05261,0.01603,0.23425,0.81373
33,"'s just an image. None of us are perfect.
So it's always refreshing to",euc_dmd,0.3,1,16,0.31521,0.81499,0.95453,0.96718,0.46833,0.93787,0.12288,0.06392,0.84867,0.04194
33,"'s just an image. None of us are perfect.
So it's always refreshing to",euc_dmd,0.5,1,18,0.63848,0.85916,1.60645,1.61492,0.49267,0.93787,0.07871,0.03136,1.51408,0.061
33,"'s just an image. None of us are perfect.
So it's always refreshing to",euc_dmd,0.7,1,19,0.77521,0.88865,2.06516,2.07009,0.51611,0.93787,0.04923,0.01431,1.97661,0.07424
33,"'s just an image. None of us are perfect.
So it's always refreshing to",euc_dmd,0.9,1,21,0.92893,0.93478,3.15351,3.14923,0.52338,0.93787,0.00309,8e-05,3.04209,0.11135
33,"'s just an image. None of us are perfect.
So it's always refreshing to",euc_dmd,0.99,1,25,0.99459,0.9693,5.28219,5.25617,0.5895,0.93787,0.03142,0.01288,5.03902,0.23029
33,"'s just an image. None of us are perfect.
So it's always refreshing to",cau_dmd,0.3,1,18,0.39034,0.72951,1.45847,1.47564,0.48824,0.93787,0.20836,0.14424,1.25386,0.06036
33,"'s just an image. None of us are perfect.
So it's always refreshing to",cau_dmd,0.5,1,19,0.55279,0.76085,1.78596,1.80146,0.52097,0.93787,0.17703,0.11244,1.6051,0.06841
33,"'s just an image. None of us are perfect.
So it's always refreshing to",cau_dmd,0.7,1,20,0.70504,0.80463,2.198,2.21092,0.53523,0.93787,0.13324,0.07253,2.04789,0.07758
33,"'s just an image. None of us are perfect.
So it's always refreshing to",cau_dmd,0.9,1,23,0.94553,0.92286,3.82864,3.82916,0.56623,0.93787,0.01502,0.00169,3.71098,0.11597
33,"'s just an image. None of us are perfect.
So it's always refreshing to",cau_dmd,0.99,1,26,0.9921,0.96811,5.57404,5.5589,0.61345,0.93787,0.03024,0.01167,5.38232,0.18005
33,"'s just an image. None of us are perfect.
So it's always refreshing to",dua_dmd,0.3,1,21,0.32285,0.90583,0.24899,0.25321,0.05856,0.93787,0.03204,0.00676,0.17601,0.06622
33,"'s just an image. None of us are perfect.
So it's always refreshing to",dua_dmd,0.5,1,25,0.50463,0.92139,0.44633,0.4435,0.05189,0.93787,0.01648,0.00201,0.32319,0.12112
33,"'s just an image. None of us are perfect.
So it's always refreshing to",dua_dmd,0.7,1,31,0.72453,0.93288,0.84517,0.82582,0.06142,0.93787,0.005,0.0002,0.59314,0.25183
33,"'s just an image. None of us are perfect.
So it's always refreshing to",dua_dmd,0.9,1,38,0.91515,0.9345,1.48745,1.44218,0.07243,0.93787,0.00337,9e-05,1.02649,0.46087
33,"'s just an image. None of us are perfect.
So it's always refreshing to",dua_dmd,0.99,1,44,0.99124,0.93656,2.12113,2.04918,0.075,0.93787,0.00131,1e-05,1.44245,0.67866
60," and the London Eye, this city’s food, culture and attractions are as diverse as those who",euc_ctx,0.3,1,22,0.31426,0.5404,0.58876,0.59402,0.07384,0.88851,0.34811,0.28388,0.13302,0.17186
60," and the London Eye, this city’s food, culture and attractions are as diverse as those who",euc_ctx,0.5,1,25,0.54446,0.5004,0.84476,0.8479,0.08967,0.88851,0.3881,0.34289,0.27702,0.22485
60," and the London Eye, this city’s food, culture and attractions are as diverse as those who",euc_ctx,0.7,1,28,0.75787,0.50657,1.09646,1.09628,0.32766,0.88851,0.38194,0.3334,0.48072,0.28233
60," and the London Eye, this city’s food, culture and attractions are as diverse as those who",euc_ctx,0.9,1,32,0.91909,0.5653,1.36809,1.36202,0.15389,0.88851,0.32321,0.25007,0.7531,0.36492
60," and the London Eye, this city’s food, culture and attractions are as diverse as those who",euc_ctx,0.99,1,39,0.99096,0.69324,1.71028,1.69133,0.17324,0.88851,0.19526,0.10765,1.07699,0.52564
60," and the London Eye, this city’s food, culture and attractions are as diverse as those who",cau_ctx,0.3,1,38,0.32897,0.48396,0.70772,0.71439,0.07704,0.88851,0.40455,0.36897,0.17296,0.16578
60," and the London Eye, this city’s food, culture and attractions are as diverse as those who",cau_ctx,0.5,1,42,0.50593,0.44547,0.86081,0.86584,0.0841,0.88851,0.44303,0.43458,0.21949,0.20675
60," and the London Eye, this city’s food, culture and attractions are as diverse as those who",cau_ctx,0.7,1,47,0.72006,0.43426,0.99198,0.99401,0.28594,0.88851,0.45425,0.455,0.27436,0.26262
60," and the London Eye, this city’s food, culture and attractions are as diverse as those who",cau_ctx,0.9,1,54,0.90323,0.46989,1.07749,1.07391,0.09945,0.88851,0.41862,0.39219,0.33695,0.34835
60," and the London Eye, this city’s food, culture and attractions are as diverse as those who",cau_ctx,0.99,1,67,0.99025,0.57573,1.19601,1.17929,0.10318,0.88851,0.31278,0.23653,0.43077,0.52872
60," and the London Eye, this city’s food, culture and attractions are as diverse as those who",dua_ctx,0.3,1,37,0.31444,0.79826,0.23266,0.22637,0.00898,0.88851,0.09024,0.02905,0.03281,0.1708
60," and the London Eye, this city’s food, culture and attractions are as diverse as those who",dua_ctx,0.5,1,49,0.51404,0.7858,0.42599,0.40907,0.0138,0.88851,0.10271,0.03635,0.07252,0.31713
60," and the London Eye, this city’s food, culture and attractions are as diverse as those who",dua_ctx,0.7,1,61,0.70383,0.77242,0.69684,0.66623,0.01922,0.88851,0.11609,0.04485,0.132,0.51999
60," and the London Eye, this city’s food, culture and attractions are as diverse as those who",dua_ctx,0.9,1,80,0.90431,0.75633,1.24352,1.18479,0.03074,0.88851,0.13217,0.05593,0.26152,0.92606
60," and the London Eye, this city’s food, culture and attractions are as diverse as those who",dua_ctx,0.99,1,98,0.99081,0.74013,1.86056,1.77398,0.03682,0.88851,0.14838,0.068,0.41207,1.3805
60," and the London Eye, this city’s food, culture and attractions are as diverse as those who",euc_unemb,0.3,1,12,0.32502,0.63093,0.39681,0.40449,0.02827,0.88851,0.25758,0.17072,0.16495,0.06115
60," and the London Eye, this city’s food, culture and attractions are as diverse as those who",euc_unemb,0.5,1,14,0.62801,0.63448,0.78044,0.78576,0.28337,0.88851,0.25403,0.16681,0.51306,0.10057
60," and the London Eye, this city’s food, culture and attractions are as diverse as those who",euc_unemb,0.7,1,15,0.76106,0.65394,1.04768,1.05074,0.28632,0.88851,0.23456,0.14606,0.77377,0.12785
60," and the London Eye, this city’s food, culture and attractions are as diverse as those who",euc_unemb,0.9,1,17,0.91987,0.70156,1.67947,1.67612,0.35835,0.88851,0.18695,0.10012,1.37914,0.20021
60," and the London Eye, this city’s food, culture and attractions are as diverse as those who",euc_unemb,0.99,1,21,0.99358,0.74907,3.0165,2.99639,0.53008,0.88851,0.13943,0.06123,2.55001,0.40526
60," and the London Eye, this city’s food, culture and attractions are as diverse as those who",cau_unemb,0.3,1,14,0.38429,0.59518,0.50482,0.51262,0.38016,0.88851,0.29332,0.21223,0.20782,0.08477
60," and the London Eye, this city’s food, culture and attractions are as diverse as those who",cau_unemb,0.5,1,15,0.5185,0.59466,0.65511,0.66207,0.44724,0.88851,0.29384,0.21287,0.34062,0.10163
60," and the London Eye, this city’s food, culture and attractions are as diverse as those who",cau_unemb,0.7,1,17,0.76398,0.62878,1.04323,1.047,0.37721,0.88851,0.25973,0.1731,0.72643,0.1437
60," and the London Eye, this city’s food, culture and attractions are as diverse as those who",cau_unemb,0.9,1,19,0.90773,0.68566,1.50686,1.50556,0.39007,0.88851,0.20284,0.1147,1.19307,0.19908
60," and the London Eye, this city’s food, culture and attractions are as diverse as those who",cau_unemb,0.99,1,24,0.99393,0.77832,2.66187,2.6434,0.52369,0.88851,0.11018,0.04101,2.22294,0.39791
60," and the London Eye, this city’s food, culture and attractions are as diverse as those who",dua_unemb,0.3,1,17,0.31385,0.82124,0.18066,0.17473,0.00425,0.88851,0.06727,0.01732,0.0578,0.10554
60," and the London Eye, this city’s food, culture and attractions are as diverse as those who",dua_unemb,0.5,1,23,0.52638,0.80402,0.40046,0.38036,0.00921,0.88851,0.08449,0.02589,0.13763,0.23694
60," and the London Eye, this city’s food, culture and attractions are as diverse as those who",dua_unemb,0.7,1,29,0.71041,0.77314,0.69903,0.66148,0.02845,0.88851,0.11537,0.04438,0.23265,0.42201
60," and the London Eye, this city’s food, culture and attractions are as diverse as those who",dua_unemb,0.9,1,40,0.90021,0.70084,1.48895,1.41355,0.04118,0.88851,0.18767,0.10077,0.49462,0.89356
60," and the London Eye, this city’s food, culture and attractions are as diverse as those who",dua_unemb,0.99,1,51,0.99268,0.63679,2.72844,2.61923,0.18584,0.88851,0.25171,0.16429,1.13276,1.4314
60," and the London Eye, this city’s food, culture and attractions are as diverse as those who",euc_dmd,0.3,1,12,0.42996,0.63412,0.6921,0.69578,0.11669,0.88851,0.25438,0.1672,0.40978,0.11513
60," and the London Eye, this city’s food, culture and attractions are as diverse as those who",euc_dmd,0.5,1,13,0.6084,0.64774,1.00532,1.00688,0.3922,0.88851,0.24077,0.15255,0.71163,0.14114
60," and the London Eye, this city’s food, culture and attractions are as diverse as those who",euc_dmd,0.7,1,14,0.76294,0.68274,1.40948,1.408,0.43227,0.88851,0.20577,0.11747,1.12158,0.17043
60," and the London Eye, this city’s food, culture and attractions are as diverse as those who",euc_dmd,0.9,1,16,0.93328,0.77836,2.44112,2.43128,0.48313,0.88851,0.11015,0.04099,2.16085,0.23928
60," and the London Eye, this city’s food, culture and attractions are as diverse as those who",euc_dmd,0.99,1,19,0.99234,0.8832,4.26242,4.23682,0.546,0.88851,0.00531,0.00014,3.89299,0.36929
60," and the London Eye, this city’s food, culture and attractions are as diverse as those who",cau_dmd,0.3,1,13,0.30439,0.65618,0.48132,0.48615,0.02905,0.88851,0.23232,0.14375,0.2459,0.09167
60," and the London Eye, this city’s food, culture and attractions are as diverse as those who",cau_dmd,0.5,1,15,0.62521,0.68403,0.99188,0.99332,0.36975,0.88851,0.20447,0.11624,0.74493,0.13071
60," and the London Eye, this city’s food, culture and attractions are as diverse as those who",cau_dmd,0.7,1,16,0.76708,0.72567,1.37238,1.3709,0.37103,0.88851,0.16284,0.07949,1.13931,0.15359
60," and the London Eye, this city’s food, culture and attractions are as diverse as those who",cau_dmd,0.9,1,18,0.92871,0.82404,2.35214,2.34263,0.42863,0.88851,0.06447,0.01605,2.12951,0.20658
60," and the London Eye, this city’s food, culture and attractions are as diverse as those who",cau_dmd,0.99,1,21,0.99054,0.92247,4.12857,4.10388,0.50631,0.88851,0.03397,0.00718,3.8156,0.30579
60," and the London Eye, this city’s food, culture and attractions are as diverse as those who",dua_dmd,0.3,1,19,0.30084,0.84203,0.32219,0.3098,0.01876,0.88851,0.04648,0.00889,0.1816,0.1317
60," and the London Eye, this city’s food, culture and attractions are as diverse as those who",dua_dmd,0.5,1,27,0.50636,0.83453,0.76842,0.73548,0.03833,0.88851,0.05398,0.01167,0.44519,0.31156
60," and the London Eye, this city’s food, culture and attractions are as diverse as those who",dua_dmd,0.7,1,35,0.7029,0.81526,1.50631,1.44798,0.10434,0.88851,0.07325,0.02014,0.89967,0.5865
60," and the London Eye, this city’s food, culture and attractions are as diverse as those who",dua_dmd,0.9,1,45,0.91058,0.78946,2.808,2.71436,0.34508,0.88851,0.09904,0.03414,1.74028,1.03359
60," and the London Eye, this city’s food, culture and attractions are as diverse as those who",dua_dmd,0.99,1,53,0.99124,0.78087,4.36492,4.24699,0.37524,0.88851,0.10764,0.0394,2.8886,1.43691
178," cake decorated with fresh flowers or a more modern design, a professional wedding cake baker in Washington DC can",euc_ctx,0.3,1,33,0.31186,0.64381,0.5132,0.51674,0.05812,0.83779,0.19398,0.09306,0.19503,0.22512
178," cake decorated with fresh flowers or a more modern design, a professional wedding cake baker in Washington DC can",euc_ctx,0.5,1,36,0.52437,0.64644,0.64466,0.64566,0.06574,0.83779,0.19135,0.09084,0.26792,0.2859
178," cake decorated with fresh flowers or a more modern design, a professional wedding cake baker in Washington DC can",euc_ctx,0.7,1,39,0.72872,0.67392,0.80864,0.80566,0.0659,0.83779,0.16387,0.06909,0.3792,0.36035
178," cake decorated with fresh flowers or a more modern design, a professional wedding cake baker in Washington DC can",euc_ctx,0.9,1,44,0.92243,0.73834,1.13129,1.11888,0.3251,0.83779,0.09945,0.02831,0.58349,0.51949
178," cake decorated with fresh flowers or a more modern design, a professional wedding cake baker in Washington DC can",euc_ctx,0.99,1,52,0.99234,0.7977,1.68635,1.65512,0.33467,0.83779,0.04009,0.00526,0.82671,0.85438
178," cake decorated with fresh flowers or a more modern design, a professional wedding cake baker in Washington DC can",cau_ctx,0.3,1,63,0.32476,0.36763,1.0736,1.07499,0.0777,0.83779,0.47016,0.46939,0.26785,0.33636
178," cake decorated with fresh flowers or a more modern design, a professional wedding cake baker in Washington DC can",cau_ctx,0.5,1,68,0.51155,0.33074,1.32623,1.32459,0.08418,0.83779,0.50706,0.54879,0.36371,0.41374
178," cake decorated with fresh flowers or a more modern design, a professional wedding cake baker in Washington DC can",cau_ctx,0.7,1,74,0.72679,0.31101,1.62008,1.61356,0.08656,0.83779,0.52678,0.59559,0.50224,0.52225
178," cake decorated with fresh flowers or a more modern design, a professional wedding cake baker in Washington DC can",cau_ctx,0.9,1,82,0.90182,0.30888,1.97183,1.95705,0.4135,0.83779,0.52891,0.60086,0.67911,0.69186
178," cake decorated with fresh flowers or a more modern design, a professional wedding cake baker in Washington DC can",cau_ctx,0.99,1,98,0.99083,0.30094,2.68463,2.64957,0.44004,0.83779,0.53685,0.62081,0.96801,1.0958
178," cake decorated with fresh flowers or a more modern design, a professional wedding cake baker in Washington DC can",dua_ctx,0.3,1,51,0.31143,0.76176,0.39664,0.38952,0.05839,0.83779,0.07603,0.01735,0.08124,0.29805
178," cake decorated with fresh flowers or a more modern design, a professional wedding cake baker in Washington DC can",dua_ctx,0.5,1,66,0.50317,0.74075,0.75743,0.73583,0.05883,0.83779,0.09704,0.02708,0.12206,0.6083
178," cake decorated with fresh flowers or a more modern design, a professional wedding cake baker in Washington DC can",dua_ctx,0.7,1,86,0.70774,0.71286,1.48014,1.42858,0.05995,0.83779,0.12494,0.04266,0.19403,1.24346
178," cake decorated with fresh flowers or a more modern design, a professional wedding cake baker in Washington DC can",dua_ctx,0.9,1,106,0.90103,0.6767,2.34814,2.26177,0.07003,0.83779,0.16109,0.06703,0.2857,1.99542
178," cake decorated with fresh flowers or a more modern design, a professional wedding cake baker in Washington DC can",dua_ctx,0.99,1,122,0.99111,0.66243,3.09293,2.98257,0.08059,0.83779,0.17536,0.07788,0.36051,2.65454
178," cake decorated with fresh flowers or a more modern design, a professional wedding cake baker in Washington DC can",euc_unemb,0.3,1,16,0.31297,0.7133,0.22707,0.2329,0.05748,0.83779,0.1245,0.04239,0.05593,0.12875
178," cake decorated with fresh flowers or a more modern design, a professional wedding cake baker in Washington DC can",euc_unemb,0.5,1,18,0.60533,0.74622,0.27053,0.27294,0.05898,0.83779,0.09158,0.02437,0.05818,0.18797
178," cake decorated with fresh flowers or a more modern design, a professional wedding cake baker in Washington DC can",euc_unemb,0.7,1,19,0.7378,0.77282,0.3151,0.31465,0.06029,0.83779,0.06497,0.01299,0.07308,0.22903
178," cake decorated with fresh flowers or a more modern design, a professional wedding cake baker in Washington DC can",euc_unemb,0.9,1,21,0.90448,0.82208,0.45549,0.4474,0.06143,0.83779,0.01571,0.00086,0.11444,0.34019
178," cake decorated with fresh flowers or a more modern design, a professional wedding cake baker in Washington DC can",euc_unemb,0.99,1,25,0.99076,0.86434,0.84575,0.81865,0.02267,0.83779,0.02655,0.00286,0.18088,0.66202
178," cake decorated with fresh flowers or a more modern design, a professional wedding cake baker in Washington DC can",cau_unemb,0.3,1,19,0.41451,0.6183,0.34713,0.35527,0.05867,0.83779,0.21949,0.11571,0.03812,0.19331
178," cake decorated with fresh flowers or a more modern design, a professional wedding cake baker in Washington DC can",cau_unemb,0.5,1,20,0.54649,0.63902,0.35329,0.36018,0.05782,0.83779,0.19877,0.09714,0.03854,0.21761
178," cake decorated with fresh flowers or a more modern design, a professional wedding cake baker in Washington DC can",cau_unemb,0.7,1,22,0.77727,0.70727,0.39749,0.40032,0.06038,0.83779,0.13052,0.04613,0.07401,0.27736
178," cake decorated with fresh flowers or a more modern design, a professional wedding cake baker in Washington DC can",cau_unemb,0.9,1,24,0.90994,0.77958,0.49404,0.49086,0.06129,0.83779,0.05821,0.01059,0.12576,0.35768
178," cake decorated with fresh flowers or a more modern design, a professional wedding cake baker in Washington DC can",cau_unemb,0.99,1,29,0.99311,0.86737,0.88197,0.85954,0.0627,0.83779,0.02958,0.00359,0.2138,0.66458
178," cake decorated with fresh flowers or a more modern design, a professional wedding cake baker in Washington DC can",dua_unemb,0.3,1,19,0.32409,0.79993,0.12742,0.12978,0.01362,0.83779,0.03787,0.00472,0.01629,0.10641
178," cake decorated with fresh flowers or a more modern design, a professional wedding cake baker in Washington DC can",dua_unemb,0.5,1,23,0.50848,0.81105,0.23699,0.23489,0.01691,0.83779,0.02674,0.00242,0.02821,0.20635
178," cake decorated with fresh flowers or a more modern design, a professional wedding cake baker in Washington DC can",dua_unemb,0.7,1,30,0.71808,0.8294,0.58532,0.56852,0.01873,0.83779,0.0084,0.00025,0.05281,0.53225
178," cake decorated with fresh flowers or a more modern design, a professional wedding cake baker in Washington DC can",dua_unemb,0.9,1,39,0.90354,0.83077,1.22659,1.18164,0.01869,0.83779,0.00702,0.00018,0.08661,1.13981
178," cake decorated with fresh flowers or a more modern design, a professional wedding cake baker in Washington DC can",dua_unemb,0.99,1,47,0.99309,0.82857,1.9316,1.85401,0.01998,0.83779,0.00922,0.0003,0.12253,1.80876
178," cake decorated with fresh flowers or a more modern design, a professional wedding cake baker in Washington DC can",euc_dmd,0.3,1,16,0.36927,0.78873,0.3045,0.30674,0.05184,0.83779,0.04907,0.00769,0.20645,0.09035
178," cake decorated with fresh flowers or a more modern design, a professional wedding cake baker in Washington DC can",euc_dmd,0.5,1,17,0.5247,0.8107,0.40592,0.4061,0.06946,0.83779,0.02709,0.00249,0.2897,0.11373
178," cake decorated with fresh flowers or a more modern design, a professional wedding cake baker in Washington DC can",euc_dmd,0.7,1,19,0.79725,0.86706,0.69676,0.69011,0.07281,0.83779,0.02926,0.00351,0.50904,0.18421
178," cake decorated with fresh flowers or a more modern design, a professional wedding cake baker in Washington DC can",euc_dmd,0.9,1,21,0.93347,0.91042,1.04818,1.03191,0.33365,0.83779,0.07262,0.02666,0.72657,0.29495
178," cake decorated with fresh flowers or a more modern design, a professional wedding cake baker in Washington DC can",euc_dmd,0.99,1,25,0.99443,0.94694,1.77783,1.73908,0.42305,0.83779,0.10915,0.07867,1.08444,0.61472
178," cake decorated with fresh flowers or a more modern design, a professional wedding cake baker in Washington DC can",cau_dmd,0.3,1,19,0.42185,0.67804,0.53548,0.54226,0.06092,0.83779,0.15975,0.06604,0.34875,0.12068
178," cake decorated with fresh flowers or a more modern design, a professional wedding cake baker in Washington DC can",cau_dmd,0.5,1,20,0.57015,0.70881,0.69364,0.69869,0.07363,0.83779,0.12898,0.04516,0.50752,0.14096
178," cake decorated with fresh flowers or a more modern design, a professional wedding cake baker in Washington DC can",cau_dmd,0.7,1,21,0.70789,0.74935,0.9022,0.90473,0.32514,0.83779,0.08844,0.02288,0.71313,0.16619
178," cake decorated with fresh flowers or a more modern design, a professional wedding cake baker in Washington DC can",cau_dmd,0.9,1,24,0.93807,0.86438,1.75121,1.74206,0.32771,0.83779,0.02659,0.00286,1.46409,0.28426
178," cake decorated with fresh flowers or a more modern design, a professional wedding cake baker in Washington DC can",cau_dmd,0.99,1,28,0.99449,0.92973,2.95328,2.92374,0.46094,0.83779,0.09194,0.04846,2.35635,0.54846
178," cake decorated with fresh flowers or a more modern design, a professional wedding cake baker in Washington DC can",dua_dmd,0.3,1,19,0.3238,0.85441,0.1852,0.1826,0.01368,0.83779,0.01661,0.00108,0.10864,0.07548
178," cake decorated with fresh flowers or a more modern design, a professional wedding cake baker in Washington DC can",dua_dmd,0.5,1,23,0.50902,0.88943,0.34681,0.33778,0.01671,0.83779,0.05163,0.01205,0.19884,0.13592
178," cake decorated with fresh flowers or a more modern design, a professional wedding cake baker in Washington DC can",dua_dmd,0.7,1,29,0.71145,0.93278,0.73317,0.70886,0.05706,0.83779,0.09499,0.05291,0.35554,0.32472
178," cake decorated with fresh flowers or a more modern design, a professional wedding cake baker in Washington DC can",dua_dmd,0.9,1,39,0.90932,0.96092,1.67535,1.61306,0.07635,0.83779,0.12313,0.116,0.6186,0.94076
178," cake decorated with fresh flowers or a more modern design, a professional wedding cake baker in Washington DC can",dua_dmd,0.99,1,47,0.993,0.97143,2.56259,2.46256,0.07719,0.83779,0.13364,0.15768,0.80861,1.59631
365,<bos>Beef - The one thing about beef is that you can eat it any way you,euc_ctx,0.3,1,47,0.33818,0.21321,2.02709,2.02129,0.50947,0.95057,0.73737,1.28413,0.60123,0.14173
365,<bos>Beef - The one thing about beef is that you can eat it any way you,euc_ctx,0.5,1,51,0.51069,0.19469,1.97665,1.96995,0.54298,0.95057,0.75588,1.36933,0.44869,0.15862
365,<bos>Beef - The one thing about beef is that you can eat it any way you,euc_ctx,0.7,1,56,0.71792,0.1991,1.84965,1.84156,0.54323,0.95057,0.75148,1.34833,0.32122,0.18009
365,<bos>Beef - The one thing about beef is that you can eat it any way you,euc_ctx,0.9,1,64,0.91389,0.25859,1.5801,1.56905,0.48994,0.95057,0.69198,1.10362,0.26119,0.21529
365,<bos>Beef - The one thing about beef is that you can eat it any way you,euc_ctx,0.99,1,77,0.99101,0.44327,1.20633,1.18834,0.40924,0.95057,0.5073,0.60548,0.32519,0.27565
365,<bos>Beef - The one thing about beef is that you can eat it any way you,cau_ctx,0.3,1,67,0.32536,0.11718,2.20663,2.20101,0.57202,0.95057,0.83339,1.84739,0.24684,0.11241
365,<bos>Beef - The one thing about beef is that you can eat it any way you,cau_ctx,0.5,1,73,0.52126,0.0975,2.4506,2.44298,0.57197,0.95057,0.85308,2.02112,0.30254,0.12695
365,<bos>Beef - The one thing about beef is that you can eat it any way you,cau_ctx,0.7,1,79,0.71062,0.09355,2.56207,2.55267,0.57201,0.95057,0.85702,2.06019,0.36023,0.14165
365,<bos>Beef - The one thing about beef is that you can eat it any way you,cau_ctx,0.9,1,89,0.90482,0.11162,2.50881,2.49672,0.57201,0.95057,0.83895,1.89331,0.44903,0.16647
365,<bos>Beef - The one thing about beef is that you can eat it any way you,cau_ctx,0.99,1,107,0.99083,0.20032,2.15005,2.13292,0.49161,0.95057,0.75025,1.34259,0.59526,0.21221
365,<bos>Beef - The one thing about beef is that you can eat it any way you,dua_ctx,0.3,1,64,0.30191,0.81814,0.22162,0.21313,0.01008,0.95057,0.13243,0.07822,0.02694,0.11645
365,<bos>Beef - The one thing about beef is that you can eat it any way you,dua_ctx,0.5,1,83,0.50891,0.79521,0.31272,0.29866,0.00972,0.95057,0.15536,0.09937,0.02749,0.18585
365,<bos>Beef - The one thing about beef is that you can eat it any way you,dua_ctx,0.7,1,102,0.70623,0.78117,0.43076,0.40808,0.00989,0.95057,0.1694,0.11303,0.05199,0.26574
365,<bos>Beef - The one thing about beef is that you can eat it any way you,dua_ctx,0.9,1,137,0.90007,0.78971,0.71661,0.6691,0.00728,0.95057,0.16087,0.10467,0.1545,0.45744
365,<bos>Beef - The one thing about beef is that you can eat it any way you,dua_ctx,0.99,1,167,0.99036,0.79575,1.02355,0.95117,0.00494,0.95057,0.15482,0.09886,0.26103,0.66365
365,<bos>Beef - The one thing about beef is that you can eat it any way you,euc_unemb,0.3,1,23,0.3416,0.64837,0.44191,0.44464,0.4631,0.95057,0.3022,0.26671,0.0975,0.07771
365,<bos>Beef - The one thing about beef is that you can eat it any way you,euc_unemb,0.5,1,25,0.5398,0.65342,0.39446,0.39675,0.00804,0.95057,0.29715,0.26005,0.04319,0.09123
365,<bos>Beef - The one thing about beef is that you can eat it any way you,euc_unemb,0.7,1,27,0.72641,0.68895,0.39084,0.39168,0.00875,0.95057,0.26163,0.21507,0.06967,0.10611
365,<bos>Beef - The one thing about beef is that you can eat it any way you,euc_unemb,0.9,1,30,0.90071,0.77026,0.51882,0.51559,0.08849,0.95057,0.18031,0.12399,0.26303,0.13179
365,<bos>Beef - The one thing about beef is that you can eat it any way you,euc_unemb,0.99,1,36,0.99081,0.8871,1.07211,1.05649,0.10398,0.95057,0.06347,0.02486,0.8467,0.20054
365,<bos>Beef - The one thing about beef is that you can eat it any way you,cau_unemb,0.3,1,25,0.3352,0.54113,0.68634,0.69023,0.46513,0.95057,0.40945,0.42542,0.18165,0.07926
365,<bos>Beef - The one thing about beef is that you can eat it any way you,cau_unemb,0.5,1,27,0.50643,0.54184,0.58764,0.59149,0.46456,0.95057,0.40874,0.42426,0.07313,0.09025
365,<bos>Beef - The one thing about beef is that you can eat it any way you,cau_unemb,0.7,1,30,0.7485,0.59461,0.48193,0.48454,0.00887,0.95057,0.35596,0.34195,0.03205,0.10793
365,<bos>Beef - The one thing about beef is that you can eat it any way you,cau_unemb,0.9,1,34,0.92497,0.71711,0.48428,0.48288,0.06214,0.95057,0.23346,0.18168,0.16809,0.13452
365,<bos>Beef - The one thing about beef is that you can eat it any way you,cau_unemb,0.99,1,40,0.99057,0.85916,0.66984,0.65885,0.06165,0.95057,0.09141,0.04436,0.44036,0.18512
365,<bos>Beef - The one thing about beef is that you can eat it any way you,dua_unemb,0.3,1,30,0.3209,0.90416,0.12446,0.11822,0.00495,0.95057,0.04641,0.01485,0.02316,0.08645
365,<bos>Beef - The one thing about beef is that you can eat it any way you,dua_unemb,0.5,1,38,0.51317,0.90963,0.23973,0.22647,0.00553,0.95057,0.04094,0.01203,0.07162,0.15608
365,<bos>Beef - The one thing about beef is that you can eat it any way you,dua_unemb,0.7,1,47,0.70832,0.91714,0.4119,0.38712,0.00524,0.95057,0.03343,0.0085,0.15072,0.25268
365,<bos>Beef - The one thing about beef is that you can eat it any way you,dua_unemb,0.9,1,68,0.90464,0.91919,0.99329,0.9304,0.06152,0.95057,0.03139,0.00762,0.4219,0.56377
365,<bos>Beef - The one thing about beef is that you can eat it any way you,dua_unemb,0.99,1,85,0.99003,0.89769,1.80085,1.70754,0.08755,0.95057,0.05288,0.01845,0.92154,0.86086
365,<bos>Beef - The one thing about beef is that you can eat it any way you,euc_dmd,0.3,1,24,0.38709,0.22067,1.68516,1.67829,0.51276,0.95057,0.72991,1.25191,0.30495,0.12831
365,<bos>Beef - The one thing about beef is that you can eat it any way you,euc_dmd,0.5,1,26,0.60214,0.2177,1.71352,1.70502,0.51291,0.95057,0.73288,1.26461,0.30378,0.14513
365,<bos>Beef - The one thing about beef is that you can eat it any way you,euc_dmd,0.7,1,27,0.70347,0.22927,1.73275,1.72329,0.4896,0.95057,0.7213,1.2161,0.36291,0.15374
365,<bos>Beef - The one thing about beef is that you can eat it any way you,euc_dmd,0.9,1,30,0.90617,0.31857,1.86223,1.84905,0.4893,0.95057,0.632,0.90951,0.77208,0.18064
365,<bos>Beef - The one thing about beef is that you can eat it any way you,euc_dmd,0.99,1,35,0.99175,0.59453,2.49199,2.4684,0.51362,0.95057,0.35605,0.34208,1.91775,0.23216
365,<bos>Beef - The one thing about beef is that you can eat it any way you,cau_dmd,0.3,1,26,0.33095,0.19973,2.04237,2.03666,0.54291,0.95057,0.75085,1.34538,0.58147,0.11552
365,<bos>Beef - The one thing about beef is that you can eat it any way you,cau_dmd,0.5,1,28,0.53626,0.19388,2.06669,2.05948,0.51277,0.95057,0.7567,1.37327,0.5634,0.13002
365,<bos>Beef - The one thing about beef is that you can eat it any way you,cau_dmd,0.7,1,30,0.74011,0.2212,2.12101,2.11194,0.51276,0.95057,0.72937,1.24963,0.72631,0.14507
365,<bos>Beef - The one thing about beef is that you can eat it any way you,cau_dmd,0.9,1,33,0.92306,0.33465,2.31622,2.30319,0.4896,0.95057,0.61592,0.86388,1.28324,0.1691
365,<bos>Beef - The one thing about beef is that you can eat it any way you,cau_dmd,0.99,1,38,0.99357,0.64099,3.09699,3.07267,0.4893,0.95057,0.30959,0.27657,2.60415,0.21626
365,<bos>Beef - The one thing about beef is that you can eat it any way you,dua_dmd,0.3,1,27,0.3024,0.85113,0.19226,0.18067,0.00941,0.95057,0.09944,0.05054,0.05949,0.08223
365,<bos>Beef - The one thing about beef is that you can eat it any way you,dua_dmd,0.5,1,34,0.52829,0.85878,0.35268,0.33025,0.00907,0.95057,0.09179,0.04464,0.15811,0.14993
365,<bos>Beef - The one thing about beef is that you can eat it any way you,dua_dmd,0.7,1,41,0.72287,0.87248,0.56672,0.52976,0.00914,0.95057,0.07809,0.03464,0.29417,0.23791
365,<bos>Beef - The one thing about beef is that you can eat it any way you,dua_dmd,0.9,1,57,0.9,0.90273,1.15642,1.08184,0.00553,0.95057,0.04784,0.01563,0.66109,0.47971
365,<bos>Beef - The one thing about beef is that you can eat it any way you,dua_dmd,0.99,1,73,0.99114,0.90324,2.31441,2.20395,0.00524,0.95057,0.04733,0.01535,1.52713,0.77193
466, my dearest friend's birthday was last week. She lives in another state and we only get to,euc_ctx,0.3,1,34,0.35863,0.76055,0.31091,0.32348,0.01535,0.9604,0.19985,0.1528,0.08201,0.0761
466, my dearest friend's birthday was last week. She lives in another state and we only get to,euc_ctx,0.5,1,36,0.51237,0.74805,0.38395,0.39635,0.0157,0.9604,0.21235,0.1667,0.12886,0.08839
466, my dearest friend's birthday was last week. She lives in another state and we only get to,euc_ctx,0.7,1,39,0.73077,0.75067,0.48817,0.4992,0.01349,0.9604,0.20973,0.16376,0.21488,0.10953
466, my dearest friend's birthday was last week. She lives in another state and we only get to,euc_ctx,0.9,1,43,0.9063,0.77804,0.59585,0.60324,0.01326,0.9604,0.18235,0.13397,0.31899,0.14289
466, my dearest friend's birthday was last week. She lives in another state and we only get to,euc_ctx,0.99,1,51,0.99207,0.82532,0.77501,0.77208,0.01456,0.9604,0.13508,0.0868,0.46405,0.22417
466, my dearest friend's birthday was last week. She lives in another state and we only get to,cau_ctx,0.3,1,63,0.33476,0.63088,0.48918,0.49533,0.01513,0.9604,0.32952,0.31519,0.06356,0.11043
466, my dearest friend's birthday was last week. She lives in another state and we only get to,cau_ctx,0.5,1,68,0.53756,0.5786,0.62323,0.62849,0.01655,0.9604,0.3818,0.39302,0.09744,0.13276
466, my dearest friend's birthday was last week. She lives in another state and we only get to,cau_ctx,0.7,1,73,0.72894,0.55732,0.72253,0.72605,0.01639,0.9604,0.40307,0.42704,0.13886,0.15662
466, my dearest friend's birthday was last week. She lives in another state and we only get to,cau_ctx,0.9,1,81,0.91168,0.57213,0.79604,0.79534,0.01705,0.9604,0.38827,0.40322,0.19532,0.1975
466, my dearest friend's birthday was last week. She lives in another state and we only get to,cau_ctx,0.99,1,95,0.99097,0.635,0.84725,0.83691,0.01716,0.9604,0.32539,0.30937,0.2624,0.27548
466, my dearest friend's birthday was last week. She lives in another state and we only get to,dua_ctx,0.3,1,54,0.30569,0.91043,0.24376,0.2385,0.01302,0.9604,0.04997,0.01899,0.07055,0.15422
466, my dearest friend's birthday was last week. She lives in another state and we only get to,dua_ctx,0.5,1,72,0.50738,0.90563,0.42103,0.40132,0.0156,0.9604,0.05477,0.022,0.11787,0.28116
466, my dearest friend's birthday was last week. She lives in another state and we only get to,dua_ctx,0.7,1,90,0.71073,0.8902,0.64648,0.60862,0.01672,0.9604,0.0702,0.03251,0.18514,0.42883
466, my dearest friend's birthday was last week. She lives in another state and we only get to,dua_ctx,0.9,1,108,0.90128,0.87355,0.90757,0.85004,0.02011,0.9604,0.08685,0.04505,0.27154,0.59098
466, my dearest friend's birthday was last week. She lives in another state and we only get to,dua_ctx,0.99,1,123,0.99215,0.86972,1.13728,1.06426,0.02123,0.9604,0.09067,0.04809,0.34875,0.74044
466, my dearest friend's birthday was last week. She lives in another state and we only get to,euc_unemb,0.3,1,18,0.38089,0.78847,0.26877,0.28286,0.00533,0.9604,0.17192,0.12308,0.08539,0.0603
466, my dearest friend's birthday was last week. She lives in another state and we only get to,euc_unemb,0.5,1,19,0.52871,0.76086,0.35745,0.37107,0.00562,0.9604,0.19953,0.15246,0.12938,0.07561
466, my dearest friend's birthday was last week. She lives in another state and we only get to,euc_unemb,0.7,1,21,0.78919,0.71407,0.55308,0.56372,0.00741,0.9604,0.24632,0.20634,0.23317,0.11357
466, my dearest friend's birthday was last week. She lives in another state and we only get to,euc_unemb,0.9,1,23,0.92621,0.68068,0.72948,0.73528,0.00766,0.9604,0.27971,0.24795,0.32357,0.15797
466, my dearest friend's birthday was last week. She lives in another state and we only get to,euc_unemb,0.99,1,27,0.99307,0.62851,1.03014,1.02436,0.00766,0.9604,0.33189,0.31855,0.45756,0.25403
466, my dearest friend's birthday was last week. She lives in another state and we only get to,cau_unemb,0.3,1,19,0.33724,0.73319,0.3081,0.32455,0.00782,0.9604,0.22721,0.1837,0.06581,0.05859
466, my dearest friend's birthday was last week. She lives in another state and we only get to,cau_unemb,0.5,1,21,0.60623,0.72195,0.40324,0.41941,0.00779,0.9604,0.23844,0.1969,0.12934,0.07701
466, my dearest friend's birthday was last week. She lives in another state and we only get to,cau_unemb,0.7,1,22,0.72818,0.72695,0.44464,0.45993,0.00645,0.9604,0.23345,0.191,0.16515,0.08849
466, my dearest friend's birthday was last week. She lives in another state and we only get to,cau_unemb,0.9,1,25,0.93392,0.75222,0.54653,0.5569,0.00686,0.9604,0.20818,0.16202,0.25175,0.13275
466, my dearest friend's birthday was last week. She lives in another state and we only get to,cau_unemb,0.99,1,29,0.99237,0.75868,0.68555,0.6869,0.00668,0.9604,0.20172,0.15486,0.32235,0.20833
466, my dearest friend's birthday was last week. She lives in another state and we only get to,dua_unemb,0.3,1,24,0.32445,0.92616,0.1922,0.1912,0.00562,0.9604,0.03424,0.01019,0.05919,0.12281
466, my dearest friend's birthday was last week. She lives in another state and we only get to,dua_unemb,0.5,1,31,0.51685,0.92079,0.35808,0.34394,0.00709,0.9604,0.0396,0.01299,0.10661,0.23848
466, my dearest friend's birthday was last week. She lives in another state and we only get to,dua_unemb,0.7,1,38,0.70153,0.91243,0.53102,0.50197,0.00802,0.9604,0.04797,0.01778,0.15009,0.36315
466, my dearest friend's birthday was last week. She lives in another state and we only get to,dua_unemb,0.9,1,47,0.91404,0.90292,0.77044,0.72033,0.0086,0.9604,0.05748,0.02376,0.2125,0.53418
466, my dearest friend's birthday was last week. She lives in another state and we only get to,dua_unemb,0.99,1,54,0.994,0.89706,0.98048,0.91201,0.01434,0.9604,0.06333,0.02769,0.26528,0.68751
466, my dearest friend's birthday was last week. She lives in another state and we only get to,euc_dmd,0.3,1,16,0.43215,0.7266,1.01218,1.03079,0.45189,0.9604,0.2338,0.19141,0.78576,0.03501
466, my dearest friend's birthday was last week. She lives in another state and we only get to,euc_dmd,0.5,1,17,0.6237,0.74759,1.39088,1.40804,0.45297,0.9604,0.21281,0.16722,1.17971,0.04394
466, my dearest friend's birthday was last week. She lives in another state and we only get to,euc_dmd,0.7,1,18,0.78309,0.78235,1.86455,1.87919,0.45335,0.9604,0.17805,0.12944,1.6798,0.05531
466, my dearest friend's birthday was last week. She lives in another state and we only get to,euc_dmd,0.9,1,20,0.9445,0.85219,2.94053,2.94769,0.45632,0.9604,0.10821,0.06265,2.79199,0.0859
466, my dearest friend's birthday was last week. She lives in another state and we only get to,euc_dmd,0.99,1,23,0.9941,0.91136,4.36926,4.36267,0.60474,0.9604,0.04903,0.01842,4.20377,0.14707
466, my dearest friend's birthday was last week. She lives in another state and we only get to,cau_dmd,0.3,1,17,0.42582,0.61183,1.67474,1.69492,0.45255,0.9604,0.34857,0.34264,1.29336,0.03875
466, my dearest friend's birthday was last week. She lives in another state and we only get to,cau_dmd,0.5,1,18,0.60221,0.65103,2.05657,2.07543,0.5929,0.9604,0.30936,0.28721,1.72504,0.04433
466, my dearest friend's birthday was last week. She lives in another state and we only get to,cau_dmd,0.7,1,19,0.75491,0.70983,2.51537,2.53207,0.66594,0.9604,0.25057,0.21148,2.25306,0.05083
466, my dearest friend's birthday was last week. She lives in another state and we only get to,cau_dmd,0.9,1,21,0.92647,0.83144,3.58985,3.59996,0.74502,0.9604,0.12896,0.08112,3.44099,0.06774
466, my dearest friend's birthday was last week. She lives in another state and we only get to,cau_dmd,0.99,1,24,0.9902,0.92852,5.17072,5.1679,0.76685,0.9604,0.03188,0.00903,5.05512,0.10657
466, my dearest friend's birthday was last week. She lives in another state and we only get to,dua_dmd,0.3,1,22,0.30156,0.92988,0.26593,0.26711,0.01474,0.9604,0.03052,0.00839,0.17104,0.0865
466, my dearest friend's birthday was last week. She lives in another state and we only get to,dua_dmd,0.5,1,29,0.52736,0.93831,0.58365,0.56821,0.02005,0.9604,0.02208,0.00479,0.38332,0.19554
466, my dearest friend's birthday was last week. She lives in another state and we only get to,dua_dmd,0.7,1,35,0.70002,0.94256,0.89388,0.86101,0.02128,0.9604,0.01783,0.00328,0.58512,0.30549
466, my dearest friend's birthday was last week. She lives in another state and we only get to,dua_dmd,0.9,1,43,0.90245,0.94978,1.3284,1.27036,0.02131,0.9604,0.01062,0.00127,0.86378,0.46335
466, my dearest friend's birthday was last week. She lives in another state and we only get to,dua_dmd,0.99,1,50,0.99299,0.95696,1.71137,1.6296,0.02109,0.9604,0.00343,0.00015,1.08968,0.62154
562, from Jeff Bezos’s garage. Since then it’s gotten slightly bigger. How well do you,euc_ctx,0.3,1,37,0.30902,0.21558,1.50204,1.50447,0.59749,0.94589,0.73031,1.25407,0.16323,0.08473
562, from Jeff Bezos’s garage. Since then it’s gotten slightly bigger. How well do you,euc_ctx,0.5,1,41,0.56432,0.19513,1.65484,1.6555,0.5981,0.94589,0.75076,1.34696,0.20555,0.10233
562, from Jeff Bezos’s garage. Since then it’s gotten slightly bigger. How well do you,euc_ctx,0.7,1,44,0.73909,0.20716,1.63565,1.63492,0.53807,0.94589,0.73873,1.2912,0.22811,0.11635
562, from Jeff Bezos’s garage. Since then it’s gotten slightly bigger. How well do you,euc_ctx,0.9,1,49,0.90975,0.26915,1.44495,1.44151,0.52346,0.94589,0.67674,1.04799,0.25569,0.14126
562, from Jeff Bezos’s garage. Since then it’s gotten slightly bigger. How well do you,euc_ctx,0.99,1,59,0.99097,0.47841,1.0535,1.0423,0.02143,0.94589,0.46747,0.52216,0.33325,0.1981
562, from Jeff Bezos’s garage. Since then it’s gotten slightly bigger. How well do you,cau_ctx,0.3,1,64,0.32454,0.11632,2.17148,2.16748,0.58535,0.94589,0.82956,1.8312,0.20468,0.1356
562, from Jeff Bezos’s garage. Since then it’s gotten slightly bigger. How well do you,cau_ctx,0.5,1,69,0.51631,0.08648,2.50164,2.49416,0.58532,0.94589,0.85941,2.10988,0.23075,0.161
562, from Jeff Bezos’s garage. Since then it’s gotten slightly bigger. How well do you,cau_ctx,0.7,1,74,0.70353,0.0725,2.72011,2.70908,0.52524,0.94589,0.87339,2.27586,0.2567,0.18756
562, from Jeff Bezos’s garage. Since then it’s gotten slightly bigger. How well do you,cau_ctx,0.9,1,83,0.90958,0.06823,2.88673,2.86936,0.51878,0.94589,0.87766,2.33293,0.31645,0.23735
562, from Jeff Bezos’s garage. Since then it’s gotten slightly bigger. How well do you,cau_ctx,0.99,1,97,0.99003,0.08428,2.93067,2.90344,0.38879,0.94589,0.86161,2.1341,0.47873,0.31783
562, from Jeff Bezos’s garage. Since then it’s gotten slightly bigger. How well do you,dua_ctx,0.3,1,57,0.31113,0.82633,0.19016,0.17912,0.00387,0.94589,0.11955,0.06471,0.02604,0.09941
562, from Jeff Bezos’s garage. Since then it’s gotten slightly bigger. How well do you,dua_ctx,0.5,1,71,0.5018,0.80281,0.30883,0.28879,0.00541,0.94589,0.14307,0.08515,0.06083,0.16284
562, from Jeff Bezos’s garage. Since then it’s gotten slightly bigger. How well do you,dua_ctx,0.7,1,87,0.70948,0.78117,0.50145,0.46664,0.01736,0.94589,0.16472,0.10537,0.13027,0.26581
562, from Jeff Bezos’s garage. Since then it’s gotten slightly bigger. How well do you,dua_ctx,0.9,1,104,0.90009,0.76449,0.75104,0.69703,0.02368,0.94589,0.18139,0.12181,0.2233,0.40593
562, from Jeff Bezos’s garage. Since then it’s gotten slightly bigger. How well do you,dua_ctx,0.99,1,119,0.99085,0.76482,0.97395,0.90216,0.02511,0.94589,0.18107,0.12148,0.30359,0.54888
562, from Jeff Bezos’s garage. Since then it’s gotten slightly bigger. How well do you,euc_unemb,0.3,1,19,0.39584,0.5618,0.4607,0.46498,0.04429,0.94589,0.38409,0.37961,0.05282,0.02827
562, from Jeff Bezos’s garage. Since then it’s gotten slightly bigger. How well do you,euc_unemb,0.5,1,20,0.53368,0.58169,0.43227,0.43575,0.04023,0.94589,0.3642,0.34922,0.05215,0.03091
562, from Jeff Bezos’s garage. Since then it’s gotten slightly bigger. How well do you,euc_unemb,0.7,1,22,0.7769,0.66853,0.32009,0.32084,0.04029,0.94589,0.27736,0.23019,0.05296,0.03694
562, from Jeff Bezos’s garage. Since then it’s gotten slightly bigger. How well do you,euc_unemb,0.9,1,24,0.91342,0.77812,0.21148,0.2079,0.00243,0.94589,0.16777,0.10832,0.05836,0.04479
562, from Jeff Bezos’s garage. Since then it’s gotten slightly bigger. How well do you,euc_unemb,0.99,1,29,0.99395,0.92695,0.17449,0.15585,0.0406,0.94589,0.01894,0.00289,0.08426,0.08734
562, from Jeff Bezos’s garage. Since then it’s gotten slightly bigger. How well do you,cau_unemb,0.3,1,20,0.30558,0.4183,0.71876,0.72509,0.4077,0.94589,0.52759,0.64327,0.03966,0.03582
562, from Jeff Bezos’s garage. Since then it’s gotten slightly bigger. How well do you,cau_unemb,0.5,1,22,0.54923,0.43128,0.69326,0.69861,0.40502,0.94589,0.51461,0.61559,0.03618,0.04149
562, from Jeff Bezos’s garage. Since then it’s gotten slightly bigger. How well do you,cau_unemb,0.7,1,24,0.77056,0.50466,0.55582,0.55944,0.04473,0.94589,0.44123,0.47444,0.03386,0.04752
562, from Jeff Bezos’s garage. Since then it’s gotten slightly bigger. How well do you,cau_unemb,0.9,1,26,0.902,0.61922,0.38373,0.38461,0.04069,0.94589,0.32667,0.29516,0.0345,0.05408
562, from Jeff Bezos’s garage. Since then it’s gotten slightly bigger. How well do you,cau_unemb,0.99,1,31,0.99103,0.86525,0.15733,0.14739,0.0406,0.94589,0.08064,0.03492,0.04655,0.07586
562, from Jeff Bezos’s garage. Since then it’s gotten slightly bigger. How well do you,dua_unemb,0.3,1,24,0.32696,0.90882,0.04291,0.03662,0.00214,0.94589,0.03707,0.00958,0.00503,0.0283
562, from Jeff Bezos’s garage. Since then it’s gotten slightly bigger. How well do you,dua_unemb,0.5,1,29,0.50794,0.91864,0.06305,0.05218,0.00246,0.94589,0.02725,0.00558,0.00787,0.04959
562, from Jeff Bezos’s garage. Since then it’s gotten slightly bigger. How well do you,dua_unemb,0.7,1,35,0.70276,0.93017,0.11124,0.09246,0.00256,0.94589,0.01572,0.00205,0.02056,0.08863
562, from Jeff Bezos’s garage. Since then it’s gotten slightly bigger. How well do you,dua_unemb,0.9,1,43,0.9046,0.94007,0.22187,0.18737,0.00527,0.94589,0.00581,0.00031,0.04442,0.17714
562, from Jeff Bezos’s garage. Since then it’s gotten slightly bigger. How well do you,dua_unemb,0.99,1,50,0.99156,0.93818,0.37752,0.32261,0.00653,0.94589,0.00771,0.00053,0.06185,0.31514
562, from Jeff Bezos’s garage. Since then it’s gotten slightly bigger. How well do you,euc_dmd,0.3,1,18,0.33657,0.20367,1.63928,1.64471,0.53493,0.94589,0.74222,1.30704,0.27734,0.0549
562, from Jeff Bezos’s garage. Since then it’s gotten slightly bigger. How well do you,euc_dmd,0.5,1,20,0.61233,0.19946,1.66879,1.67166,0.54012,0.94589,0.74643,1.3265,0.27448,0.06781
562, from Jeff Bezos’s garage. Since then it’s gotten slightly bigger. How well do you,euc_dmd,0.7,1,21,0.73594,0.21611,1.6132,1.61464,0.5401,0.94589,0.72977,1.25178,0.28665,0.07478
562, from Jeff Bezos’s garage. Since then it’s gotten slightly bigger. How well do you,euc_dmd,0.9,1,24,0.93898,0.33757,1.35285,1.34906,0.41898,0.94589,0.60832,0.83905,0.41603,0.09776
562, from Jeff Bezos’s garage. Since then it’s gotten slightly bigger. How well do you,euc_dmd,0.99,1,28,0.99356,0.60477,1.19509,1.1812,0.42265,0.94589,0.34112,0.31548,0.7454,0.1342
562, from Jeff Bezos’s garage. Since then it’s gotten slightly bigger. How well do you,cau_dmd,0.3,1,20,0.35063,0.18135,1.81066,1.82209,0.54022,0.94589,0.76454,1.41531,0.35801,0.03734
562, from Jeff Bezos’s garage. Since then it’s gotten slightly bigger. How well do you,cau_dmd,0.5,1,22,0.60067,0.18985,1.77453,1.78449,0.54779,0.94589,0.75604,1.37254,0.35814,0.04385
562, from Jeff Bezos’s garage. Since then it’s gotten slightly bigger. How well do you,cau_dmd,0.7,1,23,0.71579,0.2109,1.69908,1.70818,0.54772,0.94589,0.73499,1.27452,0.37726,0.0473
562, from Jeff Bezos’s garage. Since then it’s gotten slightly bigger. How well do you,cau_dmd,0.9,1,26,0.92366,0.35249,1.41692,1.42249,0.55123,0.94589,0.5934,0.79939,0.55878,0.05875
562, from Jeff Bezos’s garage. Since then it’s gotten slightly bigger. How well do you,cau_dmd,0.99,1,30,0.99066,0.669,1.34456,1.34123,0.41859,0.94589,0.27689,0.2296,1.03623,0.07873
562, from Jeff Bezos’s garage. Since then it’s gotten slightly bigger. How well do you,dua_dmd,0.3,1,22,0.32318,0.85796,0.09834,0.09488,0.00362,0.94589,0.08793,0.04007,0.02303,0.03525
562, from Jeff Bezos’s garage. Since then it’s gotten slightly bigger. How well do you,dua_dmd,0.5,1,26,0.5173,0.86727,0.15097,0.14194,0.00371,0.94589,0.07862,0.03352,0.06445,0.05299
562, from Jeff Bezos’s garage. Since then it’s gotten slightly bigger. How well do you,dua_dmd,0.7,1,30,0.70226,0.88571,0.22777,0.21079,0.00524,0.94589,0.06017,0.02172,0.12886,0.07719
562, from Jeff Bezos’s garage. Since then it’s gotten slightly bigger. How well do you,dua_dmd,0.9,1,36,0.91646,0.91916,0.3804,0.34724,0.01183,0.94589,0.02673,0.00539,0.24232,0.13268
562, from Jeff Bezos’s garage. Since then it’s gotten slightly bigger. How well do you,dua_dmd,0.99,1,41,0.99084,0.94522,0.54082,0.48975,0.03801,0.94589,0.00067,0.0,0.33204,0.20877
356,"This is from Paula Deen. It's a great recipe.
Just like Grandma used to",euc_ctx,0.3,1,23,0.3362,0.73816,0.23578,0.24765,0.01584,0.96607,0.22791,0.19061,0.01623,0.02894
356,"This is from Paula Deen. It's a great recipe.
Just like Grandma used to",euc_ctx,0.5,1,26,0.5552,0.73401,0.25956,0.27057,0.01741,0.96607,0.23206,0.19552,0.02903,0.03501
356,"This is from Paula Deen. It's a great recipe.
Just like Grandma used to",euc_ctx,0.7,1,29,0.75468,0.76481,0.24666,0.25569,0.01796,0.96607,0.20126,0.15998,0.04528,0.04139
356,"This is from Paula Deen. It's a great recipe.
Just like Grandma used to",euc_ctx,0.9,1,33,0.91105,0.83239,0.20759,0.21252,0.01532,0.96607,0.13367,0.08968,0.06743,0.05049
356,"This is from Paula Deen. It's a great recipe.
Just like Grandma used to",euc_ctx,0.99,1,41,0.99127,0.93401,0.182,0.17617,0.00702,0.96607,0.03206,0.01003,0.10013,0.07184
356,"This is from Paula Deen. It's a great recipe.
Just like Grandma used to",cau_ctx,0.3,1,47,0.31199,0.69302,0.33698,0.34975,0.01818,0.96607,0.27305,0.24617,0.03006,0.06074
356,"This is from Paula Deen. It's a great recipe.
Just like Grandma used to",cau_ctx,0.5,1,53,0.52083,0.64671,0.44524,0.45732,0.01785,0.96607,0.31936,0.30822,0.06167,0.07535
356,"This is from Paula Deen. It's a great recipe.
Just like Grandma used to",cau_ctx,0.7,1,59,0.72303,0.63442,0.52352,0.53392,0.01825,0.96607,0.33165,0.32559,0.10695,0.09098
356,"This is from Paula Deen. It's a great recipe.
Just like Grandma used to",cau_ctx,0.9,1,68,0.90703,0.66498,0.57503,0.58144,0.01366,0.96607,0.30109,0.28311,0.1756,0.11632
356,"This is from Paula Deen. It's a great recipe.
Just like Grandma used to",cau_ctx,0.99,1,84,0.9904,0.74564,0.62373,0.62075,0.0116,0.96607,0.22043,0.18186,0.27442,0.16745
356,"This is from Paula Deen. It's a great recipe.
Just like Grandma used to",dua_ctx,0.3,1,44,0.30976,0.9195,0.08587,0.08688,0.00583,0.96607,0.04657,0.01841,0.01761,0.04984
356,"This is from Paula Deen. It's a great recipe.
Just like Grandma used to",dua_ctx,0.5,1,61,0.50897,0.91775,0.136,0.13088,0.00483,0.96607,0.04831,0.01952,0.02437,0.0921
356,"This is from Paula Deen. It's a great recipe.
Just like Grandma used to",dua_ctx,0.7,1,78,0.70171,0.91399,0.20583,0.19157,0.0023,0.96607,0.05208,0.02198,0.03652,0.14734
356,"This is from Paula Deen. It's a great recipe.
Just like Grandma used to",dua_ctx,0.9,1,98,0.90656,0.90629,0.31548,0.28626,0.0024,0.96607,0.05978,0.02724,0.05801,0.23023
356,"This is from Paula Deen. It's a great recipe.
Just like Grandma used to",dua_ctx,0.99,1,113,0.99169,0.90631,0.41694,0.37159,0.00527,0.96607,0.05976,0.02722,0.07681,0.31291
356,"This is from Paula Deen. It's a great recipe.
Just like Grandma used to",euc_unemb,0.3,1,11,0.3696,0.88094,0.068,0.07668,0.01126,0.96607,0.08513,0.04652,0.01486,0.00662
356,"This is from Paula Deen. It's a great recipe.
Just like Grandma used to",euc_unemb,0.5,1,12,0.52678,0.89164,0.06157,0.06911,0.01141,0.96607,0.07443,0.03805,0.01564,0.00787
356,"This is from Paula Deen. It's a great recipe.
Just like Grandma used to",euc_unemb,0.7,1,14,0.8003,0.93065,0.04536,0.04829,0.01575,0.96607,0.03541,0.01183,0.02265,0.01088
356,"This is from Paula Deen. It's a great recipe.
Just like Grandma used to",euc_unemb,0.9,1,16,0.93504,0.96503,0.05679,0.05291,0.01093,0.96607,0.00104,2e-05,0.04182,0.01495
356,"This is from Paula Deen. It's a great recipe.
Just like Grandma used to",euc_unemb,0.99,1,20,0.99459,0.99157,0.15248,0.13302,0.01206,0.96607,0.02551,0.02209,0.09904,0.03135
356,"This is from Paula Deen. It's a great recipe.
Just like Grandma used to",cau_unemb,0.3,1,12,0.35658,0.79728,0.16258,0.17426,0.01591,0.96607,0.16879,0.12486,0.02854,0.00918
356,"This is from Paula Deen. It's a great recipe.
Just like Grandma used to",cau_unemb,0.5,1,14,0.63773,0.82052,0.1347,0.14453,0.01556,0.96607,0.14554,0.10123,0.02149,0.01198
356,"This is from Paula Deen. It's a great recipe.
Just like Grandma used to",cau_unemb,0.7,1,15,0.75786,0.84687,0.10859,0.11666,0.01599,0.96607,0.1192,0.07609,0.019,0.0135
356,"This is from Paula Deen. It's a great recipe.
Just like Grandma used to",cau_unemb,0.9,1,17,0.90773,0.90452,0.06932,0.07255,0.01342,0.96607,0.06155,0.02849,0.02404,0.01679
356,"This is from Paula Deen. It's a great recipe.
Just like Grandma used to",cau_unemb,0.99,1,22,0.99398,0.97972,0.10963,0.09754,0.0128,0.96607,0.01365,0.00391,0.07799,0.02773
356,"This is from Paula Deen. It's a great recipe.
Just like Grandma used to",dua_unemb,0.3,1,16,0.33767,0.95578,0.02391,0.02447,0.01062,0.96607,0.01029,0.00136,0.01585,0.00671
356,"This is from Paula Deen. It's a great recipe.
Just like Grandma used to",dua_unemb,0.5,1,21,0.5349,0.96698,0.04313,0.04018,0.00958,0.96607,0.00091,1e-05,0.03062,0.01249
356,"This is from Paula Deen. It's a great recipe.
Just like Grandma used to",dua_unemb,0.7,1,26,0.71856,0.97713,0.08056,0.07211,0.00985,0.96607,0.01106,0.00239,0.05239,0.02578
356,"This is from Paula Deen. It's a great recipe.
Just like Grandma used to",dua_unemb,0.9,1,32,0.90306,0.98371,0.15797,0.13858,0.01196,0.96607,0.01764,0.00742,0.08546,0.0651
356,"This is from Paula Deen. It's a great recipe.
Just like Grandma used to",dua_unemb,0.99,1,38,0.99239,0.98418,0.27593,0.23865,0.01325,0.96607,0.01811,0.00794,0.12299,0.145
356,"This is from Paula Deen. It's a great recipe.
Just like Grandma used to",euc_dmd,0.3,1,11,0.33852,0.84195,0.11606,0.12415,0.01157,0.96607,0.12411,0.08064,0.0226,0.01282
356,"This is from Paula Deen. It's a great recipe.
Just like Grandma used to",euc_dmd,0.5,1,13,0.64349,0.86387,0.12625,0.13162,0.01571,0.96607,0.1022,0.06088,0.04795,0.01743
356,"This is from Paula Deen. It's a great recipe.
Just like Grandma used to",euc_dmd,0.7,1,14,0.77218,0.88766,0.1271,0.13,0.01671,0.96607,0.0784,0.04115,0.06596,0.01999
356,"This is from Paula Deen. It's a great recipe.
Just like Grandma used to",euc_dmd,0.9,1,16,0.92278,0.93549,0.14219,0.13851,0.01188,0.96607,0.03057,0.00927,0.10717,0.02575
356,"This is from Paula Deen. It's a great recipe.
Just like Grandma used to",euc_dmd,0.99,1,20,0.99331,0.98279,0.24463,0.22513,0.01342,0.96607,0.01672,0.00645,0.19646,0.04172
356,"This is from Paula Deen. It's a great recipe.
Just like Grandma used to",cau_dmd,0.3,1,13,0.34234,0.78877,0.22836,0.24105,0.0142,0.96607,0.1773,0.13384,0.08806,0.00647
356,"This is from Paula Deen. It's a great recipe.
Just like Grandma used to",cau_dmd,0.5,1,15,0.59831,0.80775,0.24495,0.25616,0.01122,0.96607,0.15832,0.11405,0.12229,0.0086
356,"This is from Paula Deen. It's a great recipe.
Just like Grandma used to",cau_dmd,0.7,1,16,0.71533,0.83093,0.24516,0.25485,0.01243,0.96607,0.13513,0.09108,0.14421,0.00986
356,"This is from Paula Deen. It's a great recipe.
Just like Grandma used to",cau_dmd,0.9,1,19,0.92268,0.9105,0.27148,0.27405,0.005,0.96607,0.05556,0.02432,0.23219,0.01497
356,"This is from Paula Deen. It's a great recipe.
Just like Grandma used to",cau_dmd,0.99,1,24,0.99361,0.97388,0.49992,0.48645,0.00517,0.96607,0.00781,0.0011,0.46401,0.03482
356,"This is from Paula Deen. It's a great recipe.
Just like Grandma used to",dua_dmd,0.3,1,16,0.32922,0.95651,0.04718,0.04287,0.00489,0.96607,0.00955,0.00118,0.03305,0.01295
356,"This is from Paula Deen. It's a great recipe.
Just like Grandma used to",dua_dmd,0.5,1,21,0.5202,0.97317,0.1145,0.10046,0.00591,0.96607,0.0071,0.00089,0.08844,0.02517
356,"This is from Paula Deen. It's a great recipe.
Just like Grandma used to",dua_dmd,0.7,1,27,0.72607,0.98843,0.25415,0.22433,0.01277,0.96607,0.02236,0.01439,0.18942,0.05034
356,"This is from Paula Deen. It's a great recipe.
Just like Grandma used to",dua_dmd,0.9,1,34,0.92138,0.9957,0.47143,0.41838,0.01381,0.96607,0.02963,0.04088,0.32575,0.10481
356,"This is from Paula Deen. It's a great recipe.
Just like Grandma used to",dua_dmd,0.99,1,39,0.99016,0.99719,0.65124,0.57793,0.01431,0.96607,0.03112,0.05385,0.42611,0.17128
360,"
If you know a prophetic justice worker, a local church, or a grass roots organization that you",euc_ctx,0.3,1,35,0.34814,0.01413,3.3361,3.31774,0.61165,0.85421,0.84008,3.22499,0.02366,0.08744
360,"
If you know a prophetic justice worker, a local church, or a grass roots organization that you",euc_ctx,0.5,1,38,0.55188,0.0117,3.52399,3.50315,0.61307,0.85421,0.84252,3.3861,0.04038,0.09751
360,"
If you know a prophetic justice worker, a local church, or a grass roots organization that you",euc_ctx,0.7,1,41,0.73977,0.01144,3.5779,3.55471,0.61122,0.85421,0.84278,3.4055,0.0646,0.1078
360,"
If you know a prophetic justice worker, a local church, or a grass roots organization that you",euc_ctx,0.9,1,46,0.9199,0.01441,3.44416,3.41721,0.60507,0.85421,0.8398,3.20832,0.11042,0.12542
360,"
If you know a prophetic justice worker, a local church, or a grass roots organization that you",euc_ctx,0.99,1,54,0.99079,0.02745,2.99789,2.96509,0.60554,0.85421,0.82676,2.65989,0.18305,0.15495
360,"
If you know a prophetic justice worker, a local church, or a grass roots organization that you",cau_ctx,0.3,1,64,0.32987,0.02312,2.94882,2.92914,0.60737,0.85421,0.83109,2.80594,0.01485,0.12803
360,"
If you know a prophetic justice worker, a local church, or a grass roots organization that you",cau_ctx,0.5,1,69,0.51039,0.01924,3.12707,3.10494,0.60739,0.85421,0.83497,2.96216,0.02092,0.14399
360,"
If you know a prophetic justice worker, a local church, or a grass roots organization that you",cau_ctx,0.7,1,75,0.71958,0.01834,3.19867,3.17372,0.60743,0.85421,0.83588,3.00332,0.03146,0.16389
360,"
If you know a prophetic justice worker, a local church, or a grass roots organization that you",cau_ctx,0.9,1,84,0.90842,0.0223,3.08057,3.05145,0.60529,0.85421,0.83192,2.83683,0.0485,0.19525
360,"
If you know a prophetic justice worker, a local church, or a grass roots organization that you",cau_ctx,0.99,1,100,0.991,0.04213,2.62651,2.58984,0.57334,0.85421,0.81208,2.29619,0.07479,0.25553
360,"
If you know a prophetic justice worker, a local church, or a grass roots organization that you",dua_ctx,0.3,1,55,0.30025,0.67959,0.2509,0.23943,0.07442,0.85421,0.17462,0.08055,0.08989,0.08046
360,"
If you know a prophetic justice worker, a local church, or a grass roots organization that you",dua_ctx,0.5,1,71,0.51135,0.65838,0.3519,0.33054,0.07539,0.85421,0.19584,0.09829,0.12595,0.12765
360,"
If you know a prophetic justice worker, a local church, or a grass roots organization that you",dua_ctx,0.7,1,87,0.70798,0.64738,0.46223,0.42796,0.07749,0.85421,0.20683,0.10806,0.16934,0.18482
360,"
If you know a prophetic justice worker, a local church, or a grass roots organization that you",dua_ctx,0.9,1,105,0.90237,0.64576,0.61494,0.56333,0.07733,0.85421,0.20846,0.10954,0.24441,0.261
360,"
If you know a prophetic justice worker, a local church, or a grass roots organization that you",dua_ctx,0.99,1,121,0.99166,0.66292,0.75744,0.68733,0.06563,0.85421,0.19129,0.09437,0.31992,0.34316
360,"
If you know a prophetic justice worker, a local church, or a grass roots organization that you",euc_unemb,0.3,1,16,0.30167,0.1453,1.38555,1.38204,0.49045,0.85421,0.70892,1.25531,0.04774,0.08251
360,"
If you know a prophetic justice worker, a local church, or a grass roots organization that you",euc_unemb,0.5,1,18,0.58072,0.14297,1.39296,1.38701,0.49103,0.85421,0.71125,1.26874,0.02247,0.10175
360,"
If you know a prophetic justice worker, a local church, or a grass roots organization that you",euc_unemb,0.7,1,19,0.71229,0.15704,1.31745,1.31018,0.48876,0.85421,0.69717,1.19095,0.01463,0.11187
360,"
If you know a prophetic justice worker, a local church, or a grass roots organization that you",euc_unemb,0.9,1,22,0.93352,0.26527,0.9309,0.91898,0.37718,0.85421,0.58895,0.76316,0.02371,0.14403
360,"
If you know a prophetic justice worker, a local church, or a grass roots organization that you",euc_unemb,0.99,1,26,0.99289,0.53393,0.47189,0.45131,0.35952,0.85421,0.32028,0.23198,0.04903,0.19089
360,"
If you know a prophetic justice worker, a local church, or a grass roots organization that you",cau_unemb,0.3,1,18,0.39211,0.07825,1.87496,1.86955,0.50124,0.85421,0.77597,1.77299,0.03512,0.06685
360,"
If you know a prophetic justice worker, a local church, or a grass roots organization that you",cau_unemb,0.5,1,19,0.5255,0.07649,1.88969,1.88317,0.49987,0.85421,0.77772,1.79209,0.02451,0.07309
360,"
If you know a prophetic justice worker, a local church, or a grass roots organization that you",cau_unemb,0.7,1,21,0.765,0.08837,1.76873,1.75994,0.50015,0.85421,0.76585,1.67072,0.01188,0.08613
360,"
If you know a prophetic justice worker, a local church, or a grass roots organization that you",cau_unemb,0.9,1,23,0.90504,0.12199,1.51542,1.50426,0.49627,0.85421,0.73223,1.40076,0.0148,0.09986
360,"
If you know a prophetic justice worker, a local church, or a grass roots organization that you",cau_unemb,0.99,1,28,0.99276,0.31758,0.79096,0.77265,0.37776,0.85421,0.53663,0.62018,0.03376,0.13702
360,"
If you know a prophetic justice worker, a local church, or a grass roots organization that you",dua_unemb,0.3,1,21,0.32748,0.78765,0.06028,0.05678,0.01971,0.85421,0.06656,0.01447,0.02522,0.02059
360,"
If you know a prophetic justice worker, a local church, or a grass roots organization that you",dua_unemb,0.5,1,26,0.53726,0.7974,0.09072,0.08238,0.00803,0.85421,0.05681,0.01081,0.04558,0.03432
360,"
If you know a prophetic justice worker, a local church, or a grass roots organization that you",dua_unemb,0.7,1,31,0.71945,0.81057,0.13427,0.11921,0.04691,0.85421,0.04365,0.00662,0.07217,0.05548
360,"
If you know a prophetic justice worker, a local church, or a grass roots organization that you",dua_unemb,0.9,1,38,0.91604,0.83286,0.20866,0.18093,0.04716,0.85421,0.02135,0.0017,0.10551,0.10145
360,"
If you know a prophetic justice worker, a local church, or a grass roots organization that you",dua_unemb,0.99,1,44,0.99146,0.85756,0.29262,0.24987,0.04682,0.85421,0.00334,5e-05,0.12563,0.16694
360,"
If you know a prophetic justice worker, a local church, or a grass roots organization that you",euc_dmd,0.3,1,17,0.40662,0.0328,2.7095,2.69519,0.55122,0.85421,0.82142,2.50871,0.08749,0.1133
360,"
If you know a prophetic justice worker, a local church, or a grass roots organization that you",euc_dmd,0.5,1,18,0.55196,0.03051,2.79672,2.78051,0.55123,0.85421,0.8237,2.57012,0.10217,0.12442
360,"
If you know a prophetic justice worker, a local church, or a grass roots organization that you",euc_dmd,0.7,1,20,0.79968,0.03335,2.78605,2.76608,0.55199,0.85421,0.82086,2.49453,0.14399,0.14754
360,"
If you know a prophetic justice worker, a local church, or a grass roots organization that you",euc_dmd,0.9,1,22,0.92856,0.04523,2.60829,2.58456,0.55201,0.85421,0.80898,2.23603,0.20053,0.17172
360,"
If you know a prophetic justice worker, a local church, or a grass roots organization that you",euc_dmd,0.99,1,26,0.99294,0.10353,2.10754,2.07613,0.4925,0.85421,0.75068,1.53785,0.34674,0.22295
360,"
If you know a prophetic justice worker, a local church, or a grass roots organization that you",cau_dmd,0.3,1,18,0.30576,0.02278,3.00887,2.9965,0.56125,0.85421,0.83144,2.81868,0.07504,0.11515
360,"
If you know a prophetic justice worker, a local church, or a grass roots organization that you",cau_dmd,0.5,1,20,0.56633,0.01812,3.27764,3.26176,0.55968,0.85421,0.83609,3.01325,0.1275,0.13689
360,"
If you know a prophetic justice worker, a local church, or a grass roots organization that you",cau_dmd,0.7,1,22,0.79784,0.01915,3.33998,3.32062,0.55647,0.85421,0.83506,2.96621,0.21408,0.15969
360,"
If you know a prophetic justice worker, a local church, or a grass roots organization that you",cau_dmd,0.9,1,24,0.9244,0.02507,3.25026,3.22747,0.55966,0.85421,0.82915,2.7371,0.32974,0.18342
360,"
If you know a prophetic justice worker, a local church, or a grass roots organization that you",cau_dmd,0.99,1,28,0.99232,0.05791,2.90614,2.87644,0.58361,0.85421,0.7963,2.0269,0.6458,0.23345
360,"
If you know a prophetic justice worker, a local church, or a grass roots organization that you",dua_dmd,0.3,1,21,0.31672,0.73367,0.17255,0.16507,0.02294,0.85421,0.12054,0.04209,0.09167,0.03879
360,"
If you know a prophetic justice worker, a local church, or a grass roots organization that you",dua_dmd,0.5,1,26,0.53702,0.74159,0.26844,0.25213,0.02345,0.85421,0.11262,0.03732,0.16637,0.06475
360,"
If you know a prophetic justice worker, a local church, or a grass roots organization that you",dua_dmd,0.7,1,31,0.72376,0.76297,0.38288,0.35491,0.02667,0.85421,0.09125,0.02564,0.25699,0.10026
360,"
If you know a prophetic justice worker, a local church, or a grass roots organization that you",dua_dmd,0.9,1,38,0.91571,0.8022,0.57195,0.52436,0.02709,0.85421,0.05201,0.00918,0.39508,0.1677
360,"
If you know a prophetic justice worker, a local church, or a grass roots organization that you",dua_dmd,0.99,1,44,0.99121,0.84272,0.76104,0.69329,0.04839,0.85421,0.0115,0.00051,0.50975,0.25078
46,<bos>Lots of people ask me for advice on getting published. All I can,euc_ctx,0.3,1,31,0.32706,0.46736,0.74399,0.74354,0.01983,0.92922,0.46186,0.49574,0.13356,0.11469
46,<bos>Lots of people ask me for advice on getting published. All I can,euc_ctx,0.5,1,34,0.54288,0.38268,1.1025,1.09844,0.40387,0.92922,0.54654,0.67105,0.2739,0.15754
46,<bos>Lots of people ask me for advice on getting published. All I can,euc_ctx,0.7,1,37,0.74312,0.33198,1.47462,1.46618,0.39782,0.92922,0.59724,0.79753,0.47194,0.20515
46,<bos>Lots of people ask me for advice on getting published. All I can,euc_ctx,0.9,1,41,0.9041,0.30371,1.87123,1.85645,0.38868,0.92922,0.62551,0.8773,0.72105,0.27287
46,<bos>Lots of people ask me for advice on getting published. All I can,euc_ctx,0.99,1,50,0.9924,0.29659,2.31288,2.28368,0.39159,0.92922,0.63263,0.89863,0.98225,0.432
46,<bos>Lots of people ask me for advice on getting published. All I can,cau_ctx,0.3,1,57,0.33343,0.24456,1.37251,1.36823,0.04301,0.92922,0.68466,1.07282,0.12627,0.17342
46,<bos>Lots of people ask me for advice on getting published. All I can,cau_ctx,0.5,1,62,0.52669,0.16772,1.85912,1.84983,0.01423,0.92922,0.7615,1.41643,0.22012,0.22256
46,<bos>Lots of people ask me for advice on getting published. All I can,cau_ctx,0.7,1,67,0.71124,0.12404,2.30801,2.29337,0.39803,0.92922,0.80518,1.69315,0.3406,0.27425
46,<bos>Lots of people ask me for advice on getting published. All I can,cau_ctx,0.9,1,76,0.91032,0.08786,2.88914,2.86492,0.38558,0.92922,0.84135,2.01068,0.50801,0.37045
46,<bos>Lots of people ask me for advice on getting published. All I can,cau_ctx,0.99,1,91,0.99037,0.06305,3.44205,3.40252,0.3913,0.92922,0.86617,2.31711,0.59097,0.53397
46,<bos>Lots of people ask me for advice on getting published. All I can,dua_ctx,0.3,1,54,0.30456,0.85294,0.19612,0.18325,0.00499,0.92922,0.07628,0.02783,0.0482,0.12009
46,<bos>Lots of people ask me for advice on getting published. All I can,dua_ctx,0.5,1,74,0.50365,0.84805,0.37162,0.34441,0.0057,0.92922,0.08117,0.03086,0.09066,0.25011
46,<bos>Lots of people ask me for advice on getting published. All I can,dua_ctx,0.7,1,98,0.70494,0.8313,0.71591,0.66361,0.0081,0.92922,0.09792,0.042,0.14691,0.527
46,<bos>Lots of people ask me for advice on getting published. All I can,dua_ctx,0.9,1,122,0.90096,0.80395,1.13201,1.05513,0.00997,0.92922,0.12527,0.06245,0.21015,0.85941
46,<bos>Lots of people ask me for advice on getting published. All I can,dua_ctx,0.99,1,139,0.99063,0.79268,1.42864,1.33749,0.0205,0.92922,0.13654,0.07161,0.25102,1.10601
46,<bos>Lots of people ask me for advice on getting published. All I can,euc_unemb,0.3,1,17,0.37656,0.60029,0.33835,0.34306,0.04356,0.92922,0.32893,0.28347,0.03024,0.02463
46,<bos>Lots of people ask me for advice on getting published. All I can,euc_unemb,0.5,1,18,0.51577,0.61664,0.36904,0.37325,0.04422,0.92922,0.31258,0.26146,0.07899,0.02858
46,<bos>Lots of people ask me for advice on getting published. All I can,euc_unemb,0.7,1,20,0.76881,0.69377,0.46772,0.46974,0.01531,0.92922,0.23545,0.16784,0.26126,0.03861
46,<bos>Lots of people ask me for advice on getting published. All I can,euc_unemb,0.9,1,22,0.9126,0.79265,0.58552,0.58369,0.38676,0.92922,0.13657,0.07164,0.46139,0.05249
46,<bos>Lots of people ask me for advice on getting published. All I can,euc_unemb,0.99,1,26,0.99056,0.919,0.79073,0.77812,0.51508,0.92922,0.01022,0.00073,0.69261,0.09739
46,<bos>Lots of people ask me for advice on getting published. All I can,cau_unemb,0.3,1,19,0.39951,0.38534,0.75154,0.75604,0.39495,0.92922,0.54388,0.66493,0.04244,0.04417
46,<bos>Lots of people ask me for advice on getting published. All I can,cau_unemb,0.5,1,20,0.52489,0.38228,0.81434,0.81826,0.38985,0.92922,0.54694,0.67198,0.0911,0.05125
46,<bos>Lots of people ask me for advice on getting published. All I can,cau_unemb,0.7,1,22,0.7531,0.40918,0.93885,0.94102,0.47566,0.92922,0.52003,0.61193,0.25804,0.06888
46,<bos>Lots of people ask me for advice on getting published. All I can,cau_unemb,0.9,1,25,0.93354,0.49907,1.06716,1.06512,0.51449,0.92922,0.43015,0.4391,0.52294,0.10512
46,<bos>Lots of people ask me for advice on getting published. All I can,cau_unemb,0.99,1,29,0.99088,0.61775,1.13246,1.12269,0.51348,0.92922,0.31147,0.25999,0.70193,0.17053
46,<bos>Lots of people ask me for advice on getting published. All I can,dua_unemb,0.3,1,22,0.32637,0.89501,0.04747,0.0456,0.00249,0.92922,0.03421,0.00695,0.01465,0.02587
46,<bos>Lots of people ask me for advice on getting published. All I can,dua_unemb,0.5,1,30,0.5074,0.92983,0.0956,0.08398,0.03995,0.92922,0.00061,0.0,0.03581,0.0598
46,<bos>Lots of people ask me for advice on getting published. All I can,dua_unemb,0.7,1,42,0.70596,0.95455,0.28702,0.25369,0.04601,0.92922,0.02533,0.00636,0.09234,0.18832
46,<bos>Lots of people ask me for advice on getting published. All I can,dua_unemb,0.9,1,55,0.90053,0.94142,0.6692,0.60567,0.04671,0.92922,0.0122,0.00127,0.16539,0.50255
46,<bos>Lots of people ask me for advice on getting published. All I can,dua_unemb,0.99,1,65,0.99298,0.92513,1.02652,0.94127,0.04792,0.92922,0.00409,0.00012,0.21964,0.80675
46,<bos>Lots of people ask me for advice on getting published. All I can,euc_dmd,0.3,1,15,0.33627,0.56169,0.5014,0.49951,0.01286,0.92922,0.36753,0.33871,0.06117,0.10153
46,<bos>Lots of people ask me for advice on getting published. All I can,euc_dmd,0.5,1,17,0.63592,0.46191,0.90508,0.8975,0.01479,0.92922,0.46731,0.50592,0.23794,0.16122
46,<bos>Lots of people ask me for advice on getting published. All I can,euc_dmd,0.7,1,18,0.76424,0.4346,1.11504,1.1039,0.39857,0.92922,0.49461,0.55904,0.36173,0.19427
46,<bos>Lots of people ask me for advice on getting published. All I can,euc_dmd,0.9,1,20,0.91774,0.41442,1.44341,1.42448,0.39138,0.92922,0.5148,0.60075,0.57898,0.26369
46,<bos>Lots of people ask me for advice on getting published. All I can,euc_dmd,0.99,1,24,0.99248,0.42724,1.75067,1.71574,0.40078,0.92922,0.50198,0.57401,0.76894,0.40773
46,<bos>Lots of people ask me for advice on getting published. All I can,cau_dmd,0.3,1,17,0.31408,0.34777,0.95129,0.94695,0.04205,0.92922,0.58145,0.75605,0.06416,0.13108
46,<bos>Lots of people ask me for advice on getting published. All I can,cau_dmd,0.5,1,19,0.57459,0.23304,1.54907,1.538,0.01304,0.92922,0.69618,1.11656,0.24098,0.19153
46,<bos>Lots of people ask me for advice on getting published. All I can,cau_dmd,0.7,1,21,0.79946,0.17574,2.15277,2.13385,0.39886,0.92922,0.75348,1.37371,0.52227,0.25679
46,<bos>Lots of people ask me for advice on getting published. All I can,cau_dmd,0.9,1,23,0.92175,0.14944,2.63045,2.6034,0.39886,0.92922,0.77978,1.52213,0.78416,0.32417
46,<bos>Lots of people ask me for advice on getting published. All I can,cau_dmd,0.99,1,27,0.99043,0.12647,3.21779,3.1748,0.39161,0.92922,0.80275,1.67533,1.08146,0.461
46,<bos>Lots of people ask me for advice on getting published. All I can,dua_dmd,0.3,1,20,0.32559,0.88153,0.1201,0.10758,0.00249,0.92922,0.04769,0.0125,0.03388,0.07373
46,<bos>Lots of people ask me for advice on getting published. All I can,dua_dmd,0.5,1,27,0.52138,0.89786,0.2293,0.20131,0.00762,0.92922,0.03136,0.00594,0.07036,0.153
46,<bos>Lots of people ask me for advice on getting published. All I can,dua_dmd,0.7,1,36,0.7072,0.90965,0.4625,0.40979,0.00817,0.92922,0.01957,0.0025,0.11482,0.34518
46,<bos>Lots of people ask me for advice on getting published. All I can,dua_dmd,0.9,1,47,0.90709,0.91546,0.85274,0.76653,0.00961,0.92922,0.01376,0.00129,0.1827,0.66875
46,<bos>Lots of people ask me for advice on getting published. All I can,dua_dmd,0.99,1,55,0.99213,0.92413,1.17749,1.06888,0.00966,0.92922,0.00508,0.00019,0.24174,0.93555
391, (not just other bloggers) find and keep track of new posts from bloggers/writers you want to,euc_ctx,0.3,1,33,0.34084,0.46898,0.8119,0.81734,0.39957,0.95708,0.4881,0.57475,0.14426,0.09289
391, (not just other bloggers) find and keep track of new posts from bloggers/writers you want to,euc_ctx,0.5,1,36,0.55119,0.45153,0.82471,0.82832,0.06516,0.95708,0.50555,0.60965,0.10659,0.10847
391, (not just other bloggers) find and keep track of new posts from bloggers/writers you want to,euc_ctx,0.7,1,39,0.74406,0.47474,0.81367,0.81494,0.08471,0.95708,0.48234,0.56353,0.12522,0.12493
391, (not just other bloggers) find and keep track of new posts from bloggers/writers you want to,euc_ctx,0.9,1,43,0.90131,0.54962,0.80337,0.80069,0.10248,0.95708,0.40746,0.42995,0.22487,0.14854
391, (not just other bloggers) find and keep track of new posts from bloggers/writers you want to,euc_ctx,0.99,1,52,0.99163,0.73014,0.83991,0.82519,0.08552,0.95708,0.22694,0.18012,0.44748,0.2123
391, (not just other bloggers) find and keep track of new posts from bloggers/writers you want to,cau_ctx,0.3,1,55,0.33519,0.42888,0.84848,0.85347,0.01612,0.95708,0.5282,0.65716,0.10175,0.08957
391, (not just other bloggers) find and keep track of new posts from bloggers/writers you want to,cau_ctx,0.5,1,59,0.50049,0.37765,0.94515,0.94771,0.01991,0.95708,0.57943,0.77522,0.06291,0.10701
391, (not just other bloggers) find and keep track of new posts from bloggers/writers you want to,cau_ctx,0.7,1,64,0.70197,0.34514,1.07076,1.06969,0.05168,0.95708,0.61194,0.8592,0.0811,0.13047
391, (not just other bloggers) find and keep track of new posts from bloggers/writers you want to,cau_ctx,0.9,1,72,0.90177,0.34522,1.26146,1.2538,0.05489,0.95708,0.61186,0.85898,0.23157,0.17091
391, (not just other bloggers) find and keep track of new posts from bloggers/writers you want to,cau_ctx,0.99,1,87,0.99144,0.40162,1.44082,1.4198,0.0803,0.95708,0.55546,0.71802,0.46973,0.25307
391, (not just other bloggers) find and keep track of new posts from bloggers/writers you want to,dua_ctx,0.3,1,46,0.30039,0.85387,0.16266,0.16167,0.00574,0.95708,0.10321,0.05663,0.03511,0.07093
391, (not just other bloggers) find and keep track of new posts from bloggers/writers you want to,dua_ctx,0.5,1,58,0.51266,0.84048,0.25093,0.24384,0.00718,0.95708,0.1166,0.06799,0.07212,0.11082
391, (not just other bloggers) find and keep track of new posts from bloggers/writers you want to,dua_ctx,0.7,1,69,0.70383,0.83461,0.35124,0.33612,0.00729,0.95708,0.12247,0.07314,0.11719,0.16091
391, (not just other bloggers) find and keep track of new posts from bloggers/writers you want to,dua_ctx,0.9,1,83,0.90656,0.83775,0.49349,0.4647,0.01269,0.95708,0.11933,0.07037,0.1781,0.24502
391, (not just other bloggers) find and keep track of new posts from bloggers/writers you want to,dua_ctx,0.99,1,96,0.99164,0.85876,0.63791,0.59194,0.02034,0.95708,0.09832,0.05262,0.23554,0.34975
391, (not just other bloggers) find and keep track of new posts from bloggers/writers you want to,euc_unemb,0.3,1,18,0.33856,0.86053,0.17671,0.18557,0.00887,0.95708,0.09655,0.05119,0.06535,0.06017
391, (not just other bloggers) find and keep track of new posts from bloggers/writers you want to,euc_unemb,0.5,1,20,0.60744,0.86356,0.24376,0.25057,0.01257,0.95708,0.09352,0.04877,0.11403,0.08096
391, (not just other bloggers) find and keep track of new posts from bloggers/writers you want to,euc_unemb,0.7,1,21,0.72937,0.86937,0.30833,0.31326,0.06203,0.95708,0.08771,0.04422,0.16953,0.09459
391, (not just other bloggers) find and keep track of new posts from bloggers/writers you want to,euc_unemb,0.9,1,24,0.93486,0.88224,0.58283,0.5795,0.06225,0.95708,0.07484,0.03461,0.39785,0.15037
391, (not just other bloggers) find and keep track of new posts from bloggers/writers you want to,euc_unemb,0.99,1,28,0.99271,0.87288,0.94871,0.93177,0.39994,0.95708,0.0842,0.04153,0.65872,0.24846
391, (not just other bloggers) find and keep track of new posts from bloggers/writers you want to,cau_unemb,0.3,1,20,0.36429,0.76773,0.2788,0.28832,0.01855,0.95708,0.18935,0.13851,0.06224,0.07805
391, (not just other bloggers) find and keep track of new posts from bloggers/writers you want to,cau_unemb,0.5,1,22,0.60505,0.78019,0.29011,0.29806,0.01165,0.95708,0.17689,0.12547,0.07055,0.0941
391, (not just other bloggers) find and keep track of new posts from bloggers/writers you want to,cau_unemb,0.7,1,23,0.71457,0.7967,0.30908,0.31568,0.01169,0.95708,0.16038,0.10878,0.09711,0.10319
391, (not just other bloggers) find and keep track of new posts from bloggers/writers you want to,cau_unemb,0.9,1,26,0.916,0.85385,0.43032,0.4309,0.06249,0.95708,0.10323,0.05664,0.23665,0.13703
391, (not just other bloggers) find and keep track of new posts from bloggers/writers you want to,cau_unemb,0.99,1,31,0.99213,0.89232,0.68481,0.67203,0.09253,0.95708,0.06475,0.02757,0.43522,0.22203
391, (not just other bloggers) find and keep track of new posts from bloggers/writers you want to,dua_unemb,0.3,1,21,0.31619,0.92675,0.10049,0.10326,0.00303,0.95708,0.03033,0.00788,0.03076,0.06185
391, (not just other bloggers) find and keep track of new posts from bloggers/writers you want to,dua_unemb,0.5,1,26,0.53454,0.92927,0.20208,0.19724,0.00874,0.95708,0.02781,0.00678,0.07243,0.12287
391, (not just other bloggers) find and keep track of new posts from bloggers/writers you want to,dua_unemb,0.7,1,31,0.71747,0.92632,0.32875,0.31307,0.01088,0.95708,0.03076,0.00807,0.11209,0.20859
391, (not just other bloggers) find and keep track of new posts from bloggers/writers you want to,dua_unemb,0.9,1,38,0.91265,0.91513,0.53454,0.49973,0.01105,0.95708,0.04195,0.01363,0.16455,0.35636
391, (not just other bloggers) find and keep track of new posts from bloggers/writers you want to,dua_unemb,0.99,1,45,0.99298,0.90234,0.76711,0.70872,0.00983,0.95708,0.05474,0.02108,0.21597,0.53006
391, (not just other bloggers) find and keep track of new posts from bloggers/writers you want to,euc_dmd,0.3,1,18,0.43114,0.66348,0.66265,0.66988,0.08233,0.95708,0.2936,0.26227,0.31594,0.08443
391, (not just other bloggers) find and keep track of new posts from bloggers/writers you want to,euc_dmd,0.5,1,19,0.58974,0.66887,0.8175,0.82298,0.08252,0.95708,0.28821,0.25523,0.46692,0.09535
391, (not just other bloggers) find and keep track of new posts from bloggers/writers you want to,euc_dmd,0.7,1,20,0.73392,0.69107,1.00844,1.01143,0.08938,0.95708,0.26601,0.22695,0.67397,0.10752
391, (not just other bloggers) find and keep track of new posts from bloggers/writers you want to,euc_dmd,0.9,1,22,0.91306,0.76068,1.4897,1.48577,0.3572,0.95708,0.1964,0.14605,1.20714,0.13651
391, (not just other bloggers) find and keep track of new posts from bloggers/writers you want to,euc_dmd,0.99,1,26,0.99416,0.86492,2.6771,2.65482,0.37079,0.95708,0.09216,0.04769,2.41433,0.21508
391, (not just other bloggers) find and keep track of new posts from bloggers/writers you want to,cau_dmd,0.3,1,20,0.39547,0.73165,0.72994,0.73967,0.06772,0.95708,0.22543,0.17839,0.47119,0.08036
391, (not just other bloggers) find and keep track of new posts from bloggers/writers you want to,cau_dmd,0.5,1,21,0.54749,0.73373,0.92135,0.92947,0.0675,0.95708,0.22335,0.176,0.65425,0.09111
391, (not just other bloggers) find and keep track of new posts from bloggers/writers you want to,cau_dmd,0.7,1,23,0.81132,0.76948,1.46231,1.46485,0.35238,0.95708,0.1876,0.13666,1.20762,0.11803
391, (not just other bloggers) find and keep track of new posts from bloggers/writers you want to,cau_dmd,0.9,1,25,0.94094,0.81765,2.14693,2.14138,0.35801,0.95708,0.13942,0.0886,1.90541,0.15292
391, (not just other bloggers) find and keep track of new posts from bloggers/writers you want to,cau_dmd,0.99,1,28,0.99172,0.86925,3.24566,3.22581,0.35623,0.95708,0.08783,0.04431,2.98428,0.21707
391, (not just other bloggers) find and keep track of new posts from bloggers/writers you want to,dua_dmd,0.3,1,21,0.31538,0.89943,0.26732,0.26948,0.01265,0.95708,0.05765,0.02291,0.17845,0.06596
391, (not just other bloggers) find and keep track of new posts from bloggers/writers you want to,dua_dmd,0.5,1,27,0.53081,0.91372,0.57642,0.56634,0.02345,0.95708,0.04336,0.0144,0.42179,0.14023
391, (not just other bloggers) find and keep track of new posts from bloggers/writers you want to,dua_dmd,0.7,1,33,0.7077,0.92082,0.90571,0.88015,0.05946,0.95708,0.03626,0.01068,0.65499,0.24004
391, (not just other bloggers) find and keep track of new posts from bloggers/writers you want to,dua_dmd,0.9,1,41,0.90979,0.92217,1.41082,1.36123,0.06957,0.95708,0.03491,0.01002,1.00131,0.39949
391, (not just other bloggers) find and keep track of new posts from bloggers/writers you want to,dua_dmd,0.99,1,48,0.99276,0.92395,1.94981,1.87442,0.08045,0.95708,0.03313,0.00916,1.37314,0.56751
131," luxury—it’s a necessity.
First of all, you can carry it around wherever you",euc_ctx,0.3,1,34,0.30069,0.08198,2.41913,2.41164,0.67955,0.92658,0.8446,2.06157,0.27051,0.08705
131," luxury—it’s a necessity.
First of all, you can carry it around wherever you",euc_ctx,0.5,1,38,0.567,0.07251,2.48014,2.46974,0.67943,0.92658,0.85407,2.17452,0.20159,0.10403
131," luxury—it’s a necessity.
First of all, you can carry it around wherever you",euc_ctx,0.7,1,41,0.74865,0.0791,2.35397,2.34145,0.65281,0.92658,0.84748,2.09445,0.14205,0.11747
131," luxury—it’s a necessity.
First of all, you can carry it around wherever you",euc_ctx,0.9,1,46,0.9195,0.11396,2.00164,1.98541,0.62991,0.92658,0.81262,1.75892,0.10135,0.14137
131," luxury—it’s a necessity.
First of all, you can carry it around wherever you",euc_ctx,0.99,1,55,0.99171,0.25179,1.37394,1.34958,0.09477,0.92658,0.67479,1.0368,0.14648,0.19065
131," luxury—it’s a necessity.
First of all, you can carry it around wherever you",cau_ctx,0.3,1,61,0.31857,0.07789,2.81427,2.80381,0.68289,0.92658,0.84869,2.10862,0.61018,0.09547
131," luxury—it’s a necessity.
First of all, you can carry it around wherever you",cau_ctx,0.5,1,67,0.53332,0.06739,2.9753,2.96176,0.67992,0.92658,0.85919,2.24201,0.61989,0.1134
131," luxury—it’s a necessity.
First of all, you can carry it around wherever you",cau_ctx,0.7,1,72,0.70399,0.06794,2.96002,2.94394,0.68033,0.92658,0.85864,2.23446,0.5961,0.12945
131," luxury—it’s a necessity.
First of all, you can carry it around wherever you",cau_ctx,0.9,1,82,0.90924,0.08774,2.72707,2.70564,0.68006,0.92658,0.83884,1.9991,0.56307,0.16491
131," luxury—it’s a necessity.
First of all, you can carry it around wherever you",cau_ctx,0.99,1,99,0.99088,0.15633,2.31772,2.28543,0.64832,0.92658,0.77025,1.46961,0.60971,0.23839
131," luxury—it’s a necessity.
First of all, you can carry it around wherever you",dua_ctx,0.3,1,55,0.31137,0.75096,0.22028,0.20941,0.01057,0.92658,0.17561,0.10504,0.02958,0.08567
131," luxury—it’s a necessity.
First of all, you can carry it around wherever you",dua_ctx,0.5,1,69,0.50675,0.73778,0.2777,0.26034,0.01041,0.92658,0.1888,0.11766,0.0329,0.12713
131," luxury—it’s a necessity.
First of all, you can carry it around wherever you",dua_ctx,0.7,1,85,0.70859,0.73467,0.35808,0.33023,0.01001,0.92658,0.19191,0.12071,0.04672,0.19065
131," luxury—it’s a necessity.
First of all, you can carry it around wherever you",dua_ctx,0.9,1,104,0.90624,0.7394,0.48433,0.44005,0.0124,0.92658,0.18718,0.11609,0.07784,0.29041
131," luxury—it’s a necessity.
First of all, you can carry it around wherever you",dua_ctx,0.99,1,119,0.99211,0.75275,0.60262,0.5421,0.01257,0.92658,0.17383,0.10337,0.10654,0.39271
131," luxury—it’s a necessity.
First of all, you can carry it around wherever you",euc_unemb,0.3,1,17,0.39104,0.36889,0.98455,0.98866,0.38835,0.92658,0.55769,0.69543,0.24371,0.04542
131," luxury—it’s a necessity.
First of all, you can carry it around wherever you",euc_unemb,0.5,1,18,0.53718,0.3855,0.87456,0.87755,0.06808,0.92658,0.54108,0.65659,0.16681,0.05117
131," luxury—it’s a necessity.
First of all, you can carry it around wherever you",euc_unemb,0.7,1,20,0.79001,0.47879,0.61268,0.61255,0.04852,0.92658,0.44779,0.46787,0.08096,0.06386
131," luxury—it’s a necessity.
First of all, you can carry it around wherever you",euc_unemb,0.9,1,22,0.92348,0.62492,0.41575,0.41108,0.01844,0.92658,0.30166,0.24521,0.09228,0.07826
131," luxury—it’s a necessity.
First of all, you can carry it around wherever you",euc_unemb,0.99,1,26,0.99177,0.86658,0.34224,0.32466,0.02209,0.92658,0.05999,0.01817,0.21045,0.11362
131," luxury—it’s a necessity.
First of all, you can carry it around wherever you",cau_unemb,0.3,1,19,0.41561,0.23939,1.44483,1.4502,0.59004,0.92658,0.68719,1.08237,0.31537,0.04709
131," luxury—it’s a necessity.
First of all, you can carry it around wherever you",cau_unemb,0.5,1,20,0.5422,0.24847,1.33777,1.34234,0.5358,0.92658,0.67811,1.04877,0.23725,0.05175
131," luxury—it’s a necessity.
First of all, you can carry it around wherever you",cau_unemb,0.7,1,22,0.7644,0.30486,1.04192,1.04459,0.42047,0.92658,0.62172,0.86498,0.11523,0.06171
131," luxury—it’s a necessity.
First of all, you can carry it around wherever you",cau_unemb,0.9,1,25,0.93465,0.47498,0.61035,0.60887,0.05409,0.92658,0.4516,0.47473,0.05722,0.0784
131," luxury—it’s a necessity.
First of all, you can carry it around wherever you",cau_unemb,0.99,1,30,0.99376,0.78871,0.28574,0.27299,0.02037,0.92658,0.13787,0.07167,0.10152,0.11255
131," luxury—it’s a necessity.
First of all, you can carry it around wherever you",dua_unemb,0.3,1,21,0.33014,0.8491,0.08082,0.07803,0.00304,0.92658,0.07748,0.02802,0.01616,0.03664
131," luxury—it’s a necessity.
First of all, you can carry it around wherever you",dua_unemb,0.5,1,25,0.51613,0.86237,0.0974,0.0918,0.00375,0.92658,0.06421,0.02041,0.0283,0.04869
131," luxury—it’s a necessity.
First of all, you can carry it around wherever you",dua_unemb,0.7,1,30,0.72877,0.88472,0.13104,0.12075,0.00514,0.92658,0.04186,0.00971,0.05252,0.06881
131," luxury—it’s a necessity.
First of all, you can carry it around wherever you",dua_unemb,0.9,1,36,0.91915,0.91834,0.20066,0.18181,0.01249,0.92658,0.00824,0.00047,0.09472,0.10546
131," luxury—it’s a necessity.
First of all, you can carry it around wherever you",dua_unemb,0.99,1,41,0.99067,0.94828,0.29766,0.26715,0.01737,0.92658,0.0217,0.00427,0.13363,0.15976
131," luxury—it’s a necessity.
First of all, you can carry it around wherever you",euc_dmd,0.3,1,16,0.32311,0.17559,1.57861,1.57831,0.54732,0.92658,0.75099,1.36366,0.15838,0.05657
131," luxury—it’s a necessity.
First of all, you can carry it around wherever you",euc_dmd,0.5,1,18,0.63904,0.17857,1.60266,1.59883,0.43457,0.92658,0.74801,1.34832,0.18272,0.07162
131," luxury—it’s a necessity.
First of all, you can carry it around wherever you",euc_dmd,0.7,1,19,0.77257,0.2018,1.53075,1.52486,0.43463,0.92658,0.72478,1.23714,0.21339,0.08022
131," luxury—it’s a necessity.
First of all, you can carry it around wherever you",euc_dmd,0.9,1,21,0.92526,0.28778,1.33121,1.32048,0.0969,0.92658,0.6388,0.91663,0.3143,0.10028
131," luxury—it’s a necessity.
First of all, you can carry it around wherever you",euc_dmd,0.99,1,25,0.99365,0.5284,1.10897,1.0853,0.09612,0.92658,0.39818,0.38386,0.56796,0.15716
131," luxury—it’s a necessity.
First of all, you can carry it around wherever you",cau_dmd,0.3,1,19,0.37726,0.13223,1.98994,1.9916,0.65052,0.92658,0.79435,1.62265,0.29876,0.06853
131," luxury—it’s a necessity.
First of all, you can carry it around wherever you",cau_dmd,0.5,1,20,0.51352,0.12739,2.04217,2.04223,0.65042,0.92658,0.79919,1.65683,0.30799,0.07735
131," luxury—it’s a necessity.
First of all, you can carry it around wherever you",cau_dmd,0.7,1,22,0.76136,0.13898,2.0145,2.01079,0.63081,0.92658,0.7876,1.5771,0.33885,0.09854
131," luxury—it’s a necessity.
First of all, you can carry it around wherever you",cau_dmd,0.9,1,24,0.90547,0.17199,1.92057,1.9122,0.10108,0.92658,0.75459,1.38251,0.41212,0.12593
131," luxury—it’s a necessity.
First of all, you can carry it around wherever you",cau_dmd,0.99,1,29,0.9932,0.26987,1.94877,1.92464,0.0971,0.92658,0.65671,0.97433,0.74589,0.22855
131," luxury—it’s a necessity.
First of all, you can carry it around wherever you",dua_dmd,0.3,1,21,0.34808,0.77732,0.24217,0.23491,0.02038,0.92658,0.14926,0.08129,0.0978,0.06308
131," luxury—it’s a necessity.
First of all, you can carry it around wherever you",dua_dmd,0.5,1,24,0.50056,0.77868,0.33324,0.32058,0.02114,0.92658,0.1479,0.08012,0.16728,0.08585
131," luxury—it’s a necessity.
First of all, you can carry it around wherever you",dua_dmd,0.7,1,29,0.71202,0.79843,0.51591,0.49223,0.02167,0.92658,0.12815,0.06377,0.31721,0.13493
131," luxury—it’s a necessity.
First of all, you can carry it around wherever you",dua_dmd,0.9,1,36,0.9102,0.84161,0.79131,0.74899,0.02225,0.92658,0.08497,0.03267,0.5274,0.23124
131," luxury—it’s a necessity.
First of all, you can carry it around wherever you",dua_dmd,0.99,1,42,0.99223,0.87713,1.085,1.02189,0.02489,0.92658,0.04945,0.01301,0.71505,0.35694
421,"68 to learn more.
Lowering costs is a valuable part of the task. You still",euc_ctx,0.3,1,26,0.34078,0.17369,1.33384,1.32031,0.45424,0.84677,0.67308,1.0832,0.09024,0.1604
421,"68 to learn more.
Lowering costs is a valuable part of the task. You still",euc_ctx,0.5,1,29,0.52498,0.1552,1.49592,1.47957,0.4604,0.84677,0.69157,1.17513,0.13448,0.18631
421,"68 to learn more.
Lowering costs is a valuable part of the task. You still",euc_ctx,0.7,1,32,0.70343,0.1562,1.58884,1.5697,0.46031,0.84677,0.69057,1.16989,0.20629,0.21266
421,"68 to learn more.
Lowering costs is a valuable part of the task. You still",euc_ctx,0.9,1,38,0.91696,0.2069,1.60445,1.57954,0.42916,0.84677,0.63987,0.94136,0.39655,0.26654
421,"68 to learn more.
Lowering costs is a valuable part of the task. You still",euc_ctx,0.99,1,47,0.99127,0.3783,1.48373,1.44897,0.4828,0.84677,0.46847,0.46767,0.6655,0.35056
421,"68 to learn more.
Lowering costs is a valuable part of the task. You still",cau_ctx,0.3,1,48,0.31903,0.16392,1.45734,1.43941,0.44506,0.84677,0.68285,1.13042,0.14502,0.1819
421,"68 to learn more.
Lowering costs is a valuable part of the task. You still",cau_ctx,0.5,1,54,0.5043,0.14123,1.62404,1.60255,0.46258,0.84677,0.70554,1.25248,0.15833,0.21323
421,"68 to learn more.
Lowering costs is a valuable part of the task. You still",cau_ctx,0.7,1,61,0.71478,0.13868,1.69867,1.6731,0.47493,0.84677,0.70809,1.26745,0.18081,0.25042
421,"68 to learn more.
Lowering costs is a valuable part of the task. You still",cau_ctx,0.9,1,71,0.90039,0.16913,1.63763,1.60618,0.46206,0.84677,0.67764,1.10491,0.22808,0.30464
421,"68 to learn more.
Lowering costs is a valuable part of the task. You still",cau_ctx,0.99,1,90,0.99031,0.30629,1.37161,1.32804,0.41354,0.84677,0.54048,0.62968,0.33016,0.41177
421,"68 to learn more.
Lowering costs is a valuable part of the task. You still",dua_ctx,0.3,1,47,0.30045,0.72756,0.20467,0.18653,0.01023,0.84677,0.11921,0.0403,0.03135,0.13302
421,"68 to learn more.
Lowering costs is a valuable part of the task. You still",dua_ctx,0.5,1,64,0.51085,0.71792,0.31958,0.29006,0.01051,0.84677,0.12885,0.04627,0.04137,0.23195
421,"68 to learn more.
Lowering costs is a valuable part of the task. You still",dua_ctx,0.7,1,84,0.70677,0.72107,0.50878,0.46019,0.01035,0.84677,0.1257,0.04428,0.07271,0.39179
421,"68 to learn more.
Lowering costs is a valuable part of the task. You still",dua_ctx,0.9,1,113,0.90136,0.74297,0.86732,0.78741,0.30491,0.84677,0.1038,0.03147,0.15295,0.6829
421,"68 to learn more.
Lowering costs is a valuable part of the task. You still",dua_ctx,0.99,1,136,0.99022,0.77302,1.16863,1.07257,0.30326,0.84677,0.07375,0.01695,0.22852,0.92316
421,"68 to learn more.
Lowering costs is a valuable part of the task. You still",euc_unemb,0.3,1,15,0.38016,0.31783,0.74521,0.74053,0.39392,0.84677,0.52894,0.60093,0.02658,0.1177
421,"68 to learn more.
Lowering costs is a valuable part of the task. You still",euc_unemb,0.5,1,17,0.60157,0.314,0.82534,0.81876,0.39344,0.84677,0.53277,0.61033,0.07113,0.14388
421,"68 to learn more.
Lowering costs is a valuable part of the task. You still",euc_unemb,0.7,1,18,0.70361,0.32669,0.84222,0.83452,0.4185,0.84677,0.52007,0.57964,0.1044,0.15818
421,"68 to learn more.
Lowering costs is a valuable part of the task. You still",euc_unemb,0.9,1,21,0.90294,0.40909,0.84259,0.83054,0.49192,0.84677,0.43767,0.40919,0.2248,0.2086
421,"68 to learn more.
Lowering costs is a valuable part of the task. You still",euc_unemb,0.99,1,27,0.9933,0.58846,0.98286,0.95735,0.453,0.84677,0.25831,0.15677,0.45071,0.37538
421,"68 to learn more.
Lowering costs is a valuable part of the task. You still",cau_unemb,0.3,1,15,0.31741,0.29361,0.79346,0.78965,0.13725,0.84677,0.55316,0.66271,0.02292,0.10783
421,"68 to learn more.
Lowering costs is a valuable part of the task. You still",cau_unemb,0.5,1,17,0.51803,0.27517,0.86631,0.86078,0.39439,0.84677,0.5716,0.71367,0.02239,0.13025
421,"68 to learn more.
Lowering costs is a valuable part of the task. You still",cau_unemb,0.7,1,19,0.71283,0.2897,0.86037,0.85288,0.41927,0.84677,0.55707,0.67322,0.03302,0.15413
421,"68 to learn more.
Lowering costs is a valuable part of the task. You still",cau_unemb,0.9,1,23,0.92962,0.39639,0.71893,0.70639,0.07342,0.84677,0.45037,0.43263,0.07769,0.20861
421,"68 to learn more.
Lowering costs is a valuable part of the task. You still",cau_unemb,0.99,1,28,0.99068,0.57112,0.60585,0.58439,0.38037,0.84677,0.27565,0.17577,0.12817,0.3019
421,"68 to learn more.
Lowering costs is a valuable part of the task. You still",dua_unemb,0.3,1,22,0.31434,0.76683,0.18821,0.17488,0.0744,0.84677,0.07994,0.01964,0.02585,0.14273
421,"68 to learn more.
Lowering costs is a valuable part of the task. You still",dua_unemb,0.5,1,29,0.51002,0.76541,0.34376,0.31922,0.07494,0.84677,0.08136,0.02028,0.06561,0.25788
421,"68 to learn more.
Lowering costs is a valuable part of the task. You still",dua_unemb,0.7,1,38,0.71903,0.76682,0.60058,0.55761,0.07529,0.84677,0.07995,0.01964,0.13621,0.44473
421,"68 to learn more.
Lowering costs is a valuable part of the task. You still",dua_unemb,0.9,1,52,0.91026,0.76947,1.1143,1.03715,0.35545,0.84677,0.0773,0.01847,0.26687,0.82896
421,"68 to learn more.
Lowering costs is a valuable part of the task. You still",dua_unemb,0.99,1,63,0.99109,0.75883,1.59072,1.49136,0.38161,0.84677,0.08793,0.02335,0.37402,1.19335
421,"68 to learn more.
Lowering costs is a valuable part of the task. You still",euc_dmd,0.3,1,12,0.39021,0.34634,1.22592,1.2192,0.49458,0.84677,0.50042,0.53472,0.57377,0.11742
421,"68 to learn more.
Lowering costs is a valuable part of the task. You still",euc_dmd,0.5,1,13,0.53421,0.35339,1.39438,1.38568,0.50285,0.84677,0.49337,0.51932,0.74164,0.13342
421,"68 to learn more.
Lowering costs is a valuable part of the task. You still",euc_dmd,0.7,1,15,0.78621,0.42481,1.71726,1.70375,0.50903,0.84677,0.42196,0.3814,1.16838,0.16747
421,"68 to learn more.
Lowering costs is a valuable part of the task. You still",euc_dmd,0.9,1,17,0.92152,0.55352,2.03877,2.0192,0.50849,0.84677,0.29325,0.19611,1.63798,0.20468
421,"68 to learn more.
Lowering costs is a valuable part of the task. You still",euc_dmd,0.99,1,21,0.9916,0.80521,2.7669,2.73171,0.51467,0.84677,0.04156,0.00584,2.46772,0.29334
421,"68 to learn more.
Lowering costs is a valuable part of the task. You still",cau_dmd,0.3,1,12,0.4008,0.30907,1.27293,1.2706,0.49956,0.84677,0.5377,0.62264,0.54765,0.10265
421,"68 to learn more.
Lowering costs is a valuable part of the task. You still",cau_dmd,0.5,1,13,0.54834,0.31555,1.44462,1.44056,0.50787,0.84677,0.53122,0.60651,0.72144,0.11666
421,"68 to learn more.
Lowering costs is a valuable part of the task. You still",cau_dmd,0.7,1,15,0.8,0.38619,1.76976,1.7614,0.51419,0.84677,0.46058,0.45216,1.17128,0.14632
421,"68 to learn more.
Lowering costs is a valuable part of the task. You still",cau_dmd,0.9,1,17,0.92932,0.5179,2.08869,2.07479,0.51776,0.84677,0.32887,0.24067,1.66975,0.17826
421,"68 to learn more.
Lowering costs is a valuable part of the task. You still",cau_dmd,0.99,1,21,0.99292,0.79169,2.81042,2.78189,0.51387,0.84677,0.05508,0.0099,2.54933,0.25119
421,"68 to learn more.
Lowering costs is a valuable part of the task. You still",dua_dmd,0.3,1,16,0.31301,0.77089,0.16465,0.15203,0.29986,0.84677,0.07588,0.01786,0.05432,0.09246
421,"68 to learn more.
Lowering costs is a valuable part of the task. You still",dua_dmd,0.5,1,20,0.50427,0.78161,0.27373,0.25266,0.30014,0.84677,0.06516,0.01351,0.10872,0.15149
421,"68 to learn more.
Lowering costs is a valuable part of the task. You still",dua_dmd,0.7,1,25,0.71041,0.8008,0.45541,0.42209,0.30072,0.84677,0.04597,0.00706,0.20679,0.24156
421,"68 to learn more.
Lowering costs is a valuable part of the task. You still",dua_dmd,0.9,1,33,0.90673,0.83694,0.86271,0.80687,0.40097,0.84677,0.00983,0.00036,0.44165,0.4207
421,"68 to learn more.
Lowering costs is a valuable part of the task. You still",dua_dmd,0.99,1,42,0.9923,0.88072,1.52514,1.44089,0.40214,0.84677,0.03395,0.00509,0.84006,0.67999
187," It was absolutely crazy from the moment I got up until now!
Hmmm. I don’t",euc_ctx,0.3,1,35,0.32702,0.18615,2.09068,2.0887,0.54377,0.87455,0.6884,1.11849,0.8179,0.15429
187," It was absolutely crazy from the moment I got up until now!
Hmmm. I don’t",euc_ctx,0.5,1,38,0.54626,0.19867,2.34919,2.3457,0.56597,0.87455,0.67587,1.06348,1.10517,0.18054
187," It was absolutely crazy from the moment I got up until now!
Hmmm. I don’t",euc_ctx,0.7,1,41,0.74624,0.2459,2.52135,2.51608,0.57195,0.87455,0.62865,0.8846,1.42824,0.20851
187," It was absolutely crazy from the moment I got up until now!
Hmmm. I don’t",euc_ctx,0.9,1,45,0.90457,0.36718,2.62027,2.61179,0.56201,0.87455,0.50737,0.55597,1.81595,0.24835
187," It was absolutely crazy from the moment I got up until now!
Hmmm. I don’t",euc_ctx,0.99,1,54,0.99196,0.73658,2.85747,2.83659,0.47286,0.87455,0.13797,0.05709,2.45124,0.34915
187," It was absolutely crazy from the moment I got up until now!
Hmmm. I don’t",cau_ctx,0.3,1,62,0.3375,0.0984,2.44667,2.43988,0.53919,0.87455,0.77615,1.66319,0.53981,0.24367
187," It was absolutely crazy from the moment I got up until now!
Hmmm. I don’t",cau_ctx,0.5,1,66,0.51117,0.08911,2.7095,2.70062,0.5463,0.87455,0.78544,1.74863,0.68217,0.27871
187," It was absolutely crazy from the moment I got up until now!
Hmmm. I don’t",cau_ctx,0.7,1,71,0.71941,0.09058,2.95032,2.93868,0.55676,0.87455,0.78397,1.73451,0.89002,0.32579
187," It was absolutely crazy from the moment I got up until now!
Hmmm. I don’t",cau_ctx,0.9,1,79,0.91464,0.11705,3.12408,3.10757,0.5629,0.87455,0.7575,1.51399,1.20171,0.40838
187," It was absolutely crazy from the moment I got up until now!
Hmmm. I don’t",cau_ctx,0.99,1,92,0.99083,0.20383,3.16313,3.13731,0.52487,0.87455,0.67072,1.0419,1.56154,0.5597
187," It was absolutely crazy from the moment I got up until now!
Hmmm. I don’t",dua_ctx,0.3,1,52,0.31316,0.75314,0.24523,0.24103,0.0101,0.87455,0.12141,0.04579,0.06786,0.13158
187," It was absolutely crazy from the moment I got up until now!
Hmmm. I don’t",dua_ctx,0.5,1,64,0.51509,0.75699,0.34844,0.33853,0.01039,0.87455,0.11756,0.0433,0.10578,0.19936
187," It was absolutely crazy from the moment I got up until now!
Hmmm. I don’t",dua_ctx,0.7,1,76,0.7075,0.76607,0.50268,0.48392,0.05727,0.87455,0.10848,0.03765,0.17077,0.29426
187," It was absolutely crazy from the moment I got up until now!
Hmmm. I don’t",dua_ctx,0.9,1,91,0.90513,0.77973,0.77727,0.74312,0.06163,0.87455,0.09481,0.02974,0.2732,0.47433
187," It was absolutely crazy from the moment I got up until now!
Hmmm. I don’t",dua_ctx,0.99,1,105,0.99172,0.80138,1.10597,1.05306,0.06514,0.87455,0.07317,0.01877,0.35459,0.7326
187," It was absolutely crazy from the moment I got up until now!
Hmmm. I don’t",euc_unemb,0.3,1,19,0.34489,0.28744,1.01034,1.01211,0.46162,0.87455,0.58711,0.75521,0.18275,0.07238
187," It was absolutely crazy from the moment I got up until now!
Hmmm. I don’t",euc_unemb,0.5,1,21,0.62505,0.33903,0.87335,0.87395,0.36632,0.87455,0.53552,0.62026,0.1673,0.08579
187," It was absolutely crazy from the moment I got up until now!
Hmmm. I don’t",euc_unemb,0.7,1,22,0.74675,0.39218,0.76144,0.761,0.34928,0.87455,0.48236,0.50341,0.16407,0.09397
187," It was absolutely crazy from the moment I got up until now!
Hmmm. I don’t",euc_unemb,0.9,1,24,0.90107,0.53622,0.55667,0.55284,0.39529,0.87455,0.33833,0.26377,0.1767,0.1162
187," It was absolutely crazy from the moment I got up until now!
Hmmm. I don’t",euc_unemb,0.99,1,29,0.993,0.78972,0.5578,0.53827,0.36787,0.87455,0.08483,0.02443,0.27755,0.25582
187," It was absolutely crazy from the moment I got up until now!
Hmmm. I don’t",cau_unemb,0.3,1,21,0.3631,0.20158,1.34637,1.34916,0.51386,0.87455,0.67297,1.05124,0.22067,0.07446
187," It was absolutely crazy from the moment I got up until now!
Hmmm. I don’t",cau_unemb,0.5,1,23,0.61026,0.23517,1.18734,1.18947,0.46299,0.87455,0.63937,0.92183,0.18039,0.08512
187," It was absolutely crazy from the moment I got up until now!
Hmmm. I don’t",cau_unemb,0.7,1,24,0.72027,0.27078,1.05573,1.05732,0.37702,0.87455,0.60377,0.80453,0.16016,0.09104
187," It was absolutely crazy from the moment I got up until now!
Hmmm. I don’t",cau_unemb,0.9,1,27,0.91738,0.4486,0.643,0.64151,0.34546,0.87455,0.42595,0.39809,0.13107,0.11384
187," It was absolutely crazy from the moment I got up until now!
Hmmm. I don’t",cau_unemb,0.99,1,32,0.99144,0.74008,0.41785,0.40507,0.36632,0.87455,0.13447,0.05462,0.1624,0.20083
187," It was absolutely crazy from the moment I got up until now!
Hmmm. I don’t",dua_unemb,0.3,1,22,0.30211,0.80294,0.10425,0.10293,0.01652,0.87455,0.07161,0.01806,0.02348,0.06271
187," It was absolutely crazy from the moment I got up until now!
Hmmm. I don’t",dua_unemb,0.5,1,27,0.54205,0.81522,0.17523,0.16936,0.01659,0.87455,0.05933,0.01286,0.0554,0.10697
187," It was absolutely crazy from the moment I got up until now!
Hmmm. I don’t",dua_unemb,0.7,1,31,0.71003,0.83129,0.25256,0.24107,0.01808,0.87455,0.04326,0.0072,0.092,0.15337
187," It was absolutely crazy from the moment I got up until now!
Hmmm. I don’t",dua_unemb,0.9,1,38,0.91877,0.86413,0.44097,0.41529,0.0232,0.87455,0.01042,0.00047,0.17055,0.26995
187," It was absolutely crazy from the moment I got up until now!
Hmmm. I don’t",dua_unemb,0.99,1,44,0.99246,0.88739,0.695,0.65167,0.02735,0.87455,0.01285,0.0008,0.25217,0.44203
187," It was absolutely crazy from the moment I got up until now!
Hmmm. I don’t",euc_dmd,0.3,1,16,0.37668,0.41279,1.82045,1.82284,0.57505,0.87455,0.46176,0.46296,1.30663,0.05086
187," It was absolutely crazy from the moment I got up until now!
Hmmm. I don’t",euc_dmd,0.5,1,17,0.54914,0.46605,2.02737,2.02817,0.58565,0.87455,0.4085,0.36875,1.60237,0.05625
187," It was absolutely crazy from the moment I got up until now!
Hmmm. I don’t",euc_dmd,0.7,1,18,0.70976,0.5498,2.24471,2.24323,0.58951,0.87455,0.32475,0.24563,1.93701,0.06206
187," It was absolutely crazy from the moment I got up until now!
Hmmm. I don’t",euc_dmd,0.9,1,20,0.90707,0.75554,2.72092,2.71233,0.58935,0.87455,0.11901,0.04423,2.60091,0.07578
187," It was absolutely crazy from the moment I got up until now!
Hmmm. I don’t",euc_dmd,0.99,1,24,0.99342,0.96146,3.81411,3.78409,0.53614,0.87455,0.08691,0.0652,3.62279,0.12612
187," It was absolutely crazy from the moment I got up until now!
Hmmm. I don’t",cau_dmd,0.3,1,16,0.32388,0.28176,1.87369,1.88046,0.5761,0.87455,0.59279,0.77166,1.05705,0.04498
187," It was absolutely crazy from the moment I got up until now!
Hmmm. I don’t",cau_dmd,0.5,1,18,0.66185,0.3711,2.31658,2.32079,0.58833,0.87455,0.50345,0.54745,1.71577,0.05335
187," It was absolutely crazy from the moment I got up until now!
Hmmm. I don’t",cau_dmd,0.7,1,19,0.79714,0.46232,2.56543,2.56753,0.60396,0.87455,0.41222,0.3749,2.13278,0.05775
187," It was absolutely crazy from the moment I got up until now!
Hmmm. I don’t",cau_dmd,0.9,1,21,0.93989,0.69154,3.12682,3.12244,0.60698,0.87455,0.18301,0.09246,2.96713,0.06722
187," It was absolutely crazy from the moment I got up until now!
Hmmm. I don’t",cau_dmd,0.99,1,24,0.99178,0.91783,4.05377,4.03495,0.57997,0.87455,0.04328,0.01084,3.95766,0.08527
187," It was absolutely crazy from the moment I got up until now!
Hmmm. I don’t",dua_dmd,0.3,1,19,0.30523,0.8073,0.16362,0.1634,0.00716,0.87455,0.06725,0.01613,0.102,0.04549
187," It was absolutely crazy from the moment I got up until now!
Hmmm. I don’t",dua_dmd,0.5,1,22,0.50095,0.82464,0.24772,0.24366,0.0508,0.87455,0.04991,0.00937,0.17244,0.06591
187," It was absolutely crazy from the moment I got up until now!
Hmmm. I don’t",dua_dmd,0.7,1,26,0.72897,0.85684,0.39042,0.3792,0.05248,0.87455,0.01771,0.00133,0.28917,0.09992
187," It was absolutely crazy from the moment I got up until now!
Hmmm. I don’t",dua_dmd,0.9,1,31,0.92705,0.90366,0.61121,0.58733,0.0535,0.87455,0.02911,0.00449,0.4474,0.15932
187," It was absolutely crazy from the moment I got up until now!
Hmmm. I don’t",dua_dmd,0.99,1,35,0.99002,0.93794,0.83674,0.79869,0.05781,0.87455,0.06339,0.02709,0.57071,0.23894
254," the contract.
From a buyer’s perspective, the first thing to remember is that you always",euc_ctx,0.3,1,31,0.35052,0.12018,2.17149,2.15111,0.51054,0.89148,0.7713,1.55932,0.13895,0.47322
254," the contract.
From a buyer’s perspective, the first thing to remember is that you always",euc_ctx,0.5,1,33,0.51659,0.11037,2.32089,2.29767,0.5112,0.89148,0.78112,1.63408,0.17146,0.51535
254," the contract.
From a buyer’s perspective, the first thing to remember is that you always",euc_ctx,0.7,1,36,0.74879,0.11701,2.40415,2.37684,0.51231,0.89148,0.77447,1.58276,0.2426,0.57879
254," the contract.
From a buyer’s perspective, the first thing to remember is that you always",euc_ctx,0.9,1,40,0.92138,0.16168,2.32354,2.29092,0.51318,0.89148,0.7298,1.30013,0.35963,0.66377
254," the contract.
From a buyer’s perspective, the first thing to remember is that you always",euc_ctx,0.99,1,47,0.9923,0.33127,2.04015,1.99766,0.40882,0.89148,0.56021,0.68519,0.54147,0.81348
254," the contract.
From a buyer’s perspective, the first thing to remember is that you always",cau_ctx,0.3,1,57,0.30851,0.05941,2.88905,2.85961,0.56362,0.89148,0.83207,2.18013,0.1747,0.53422
254," the contract.
From a buyer’s perspective, the first thing to remember is that you always",cau_ctx,0.5,1,62,0.51996,0.04784,3.15451,3.12054,0.56512,0.89148,0.84364,2.37188,0.18393,0.59871
254," the contract.
From a buyer’s perspective, the first thing to remember is that you always",cau_ctx,0.7,1,67,0.72384,0.04607,3.26957,3.23135,0.56558,0.89148,0.84541,2.40536,0.2006,0.66361
254," the contract.
From a buyer’s perspective, the first thing to remember is that you always",cau_ctx,0.9,1,75,0.91451,0.05718,3.23401,3.18932,0.56627,0.89148,0.8343,2.21393,0.25183,0.76825
254," the contract.
From a buyer’s perspective, the first thing to remember is that you always",cau_ctx,0.99,1,88,0.99038,0.10488,2.96718,2.91197,0.51629,0.89148,0.78661,1.67888,0.34796,0.94034
254," the contract.
From a buyer’s perspective, the first thing to remember is that you always",dua_ctx,0.3,1,50,0.30316,0.76011,0.44709,0.42423,0.02391,0.89148,0.13137,0.05604,0.03797,0.35308
254," the contract.
From a buyer’s perspective, the first thing to remember is that you always",dua_ctx,0.5,1,63,0.5129,0.74774,0.66157,0.62622,0.02628,0.89148,0.14375,0.06521,0.04958,0.54677
254," the contract.
From a buyer’s perspective, the first thing to remember is that you always",dua_ctx,0.7,1,75,0.70569,0.74015,0.89651,0.84682,0.02686,0.89148,0.15133,0.07109,0.07485,0.75057
254," the contract.
From a buyer’s perspective, the first thing to remember is that you always",dua_ctx,0.9,1,90,0.91116,0.74316,1.23505,1.16446,0.02936,0.89148,0.14833,0.06874,0.12246,1.04385
254," the contract.
From a buyer’s perspective, the first thing to remember is that you always",dua_ctx,0.99,1,102,0.99142,0.76341,1.54379,1.45605,0.02933,0.89148,0.12807,0.05368,0.15877,1.33134
254," the contract.
From a buyer’s perspective, the first thing to remember is that you always",euc_unemb,0.3,1,18,0.34131,0.27264,1.30057,1.29561,0.48583,0.89148,0.61884,0.8497,0.07,0.38087
254," the contract.
From a buyer’s perspective, the first thing to remember is that you always",euc_unemb,0.5,1,20,0.62804,0.25219,1.55459,1.54621,0.48949,0.89148,0.6393,0.91623,0.18362,0.45474
254," the contract.
From a buyer’s perspective, the first thing to remember is that you always",euc_unemb,0.7,1,21,0.75357,0.25854,1.65083,1.64026,0.48973,0.89148,0.63294,0.89495,0.25987,0.49601
254," the contract.
From a buyer’s perspective, the first thing to remember is that you always",euc_unemb,0.9,1,23,0.90992,0.28663,1.81107,1.79502,0.44944,0.89148,0.60486,0.80722,0.41354,0.59031
254," the contract.
From a buyer’s perspective, the first thing to remember is that you always",euc_unemb,0.99,1,27,0.99128,0.31466,2.21953,2.18862,0.53554,0.89148,0.57682,0.72839,0.66079,0.83035
254," the contract.
From a buyer’s perspective, the first thing to remember is that you always",cau_unemb,0.3,1,19,0.41829,0.18524,1.63503,1.63158,0.48798,0.89148,0.70625,1.18198,0.07767,0.37538
254," the contract.
From a buyer’s perspective, the first thing to remember is that you always",cau_unemb,0.5,1,20,0.55736,0.17989,1.70754,1.70268,0.48876,0.89148,0.7116,1.2074,0.09439,0.40576
254," the contract.
From a buyer’s perspective, the first thing to remember is that you always",cau_unemb,0.7,1,22,0.79421,0.19836,1.72982,1.72179,0.49136,0.89148,0.69312,1.12271,0.1374,0.4697
254," the contract.
From a buyer’s perspective, the first thing to remember is that you always",cau_unemb,0.9,1,24,0.922,0.2448,1.66504,1.6532,0.4931,0.89148,0.64668,0.94164,0.18345,0.53994
254," the contract.
From a buyer’s perspective, the first thing to remember is that you always",cau_unemb,0.99,1,28,0.99105,0.34612,1.61908,1.59704,0.07862,0.89148,0.54536,0.64853,0.25926,0.71128
254," the contract.
From a buyer’s perspective, the first thing to remember is that you always",dua_unemb,0.3,1,25,0.32319,0.78354,0.609,0.58907,0.02328,0.89148,0.10794,0.04013,0.05654,0.51233
254," the contract.
From a buyer’s perspective, the first thing to remember is that you always",dua_unemb,0.5,1,31,0.52478,0.77458,0.96872,0.9326,0.02936,0.89148,0.1169,0.04598,0.1232,0.79954
254," the contract.
From a buyer’s perspective, the first thing to remember is that you always",dua_unemb,0.7,1,37,0.70593,0.76839,1.38315,1.32848,0.03426,0.89148,0.12309,0.05019,0.226,1.10695
254," the contract.
From a buyer’s perspective, the first thing to remember is that you always",dua_unemb,0.9,1,45,0.90064,0.75794,1.97619,1.89383,0.03751,0.89148,0.13354,0.05761,0.36125,1.55734
254," the contract.
From a buyer’s perspective, the first thing to remember is that you always",dua_unemb,0.99,1,52,0.9907,0.7412,2.51371,2.40812,0.03905,0.89148,0.15028,0.07026,0.45678,1.98667
254," the contract.
From a buyer’s perspective, the first thing to remember is that you always",euc_dmd,0.3,1,15,0.3666,0.55698,1.11915,1.10522,0.09113,0.89148,0.3345,0.26666,0.5239,0.32858
254," the contract.
From a buyer’s perspective, the first thing to remember is that you always",euc_dmd,0.5,1,16,0.54133,0.57468,1.2306,1.21358,0.09279,0.89148,0.3168,0.24319,0.62469,0.36271
254," the contract.
From a buyer’s perspective, the first thing to remember is that you always",euc_dmd,0.7,1,17,0.70643,0.62059,1.32935,1.30857,0.09312,0.89148,0.27089,0.18708,0.74486,0.39741
254," the contract.
From a buyer’s perspective, the first thing to remember is that you always",euc_dmd,0.9,1,19,0.90909,0.75719,1.53419,1.50386,0.09957,0.89148,0.1343,0.05816,1.00722,0.46881
254," the contract.
From a buyer’s perspective, the first thing to remember is that you always",euc_dmd,0.99,1,23,0.99423,0.93831,2.0955,2.04113,0.10508,0.89148,0.04683,0.01565,1.45478,0.62508
254," the contract.
From a buyer’s perspective, the first thing to remember is that you always",cau_dmd,0.3,1,15,0.4198,0.4955,1.14848,1.14411,0.09082,0.89148,0.39599,0.35684,0.50924,0.28241
254," the contract.
From a buyer’s perspective, the first thing to remember is that you always",cau_dmd,0.5,1,16,0.60025,0.52179,1.25421,1.24705,0.09099,0.89148,0.36969,0.31654,0.62493,0.31273
254," the contract.
From a buyer’s perspective, the first thing to remember is that you always",cau_dmd,0.7,1,17,0.75701,0.57791,1.346,1.33536,0.09384,0.89148,0.31358,0.23903,0.76344,0.34352
254," the contract.
From a buyer’s perspective, the first thing to remember is that you always",cau_dmd,0.9,1,19,0.93054,0.73401,1.54535,1.5257,0.09548,0.89148,0.15748,0.07598,1.06297,0.4064
254," the contract.
From a buyer’s perspective, the first thing to remember is that you always",cau_dmd,0.99,1,22,0.99168,0.90756,1.9572,1.92064,0.10147,0.89148,0.01608,0.00147,1.45179,0.50395
254," the contract.
From a buyer’s perspective, the first thing to remember is that you always",dua_dmd,0.3,1,18,0.30196,0.81733,0.38323,0.37009,0.02722,0.89148,0.07415,0.0209,0.13631,0.22602
254," the contract.
From a buyer’s perspective, the first thing to remember is that you always",dua_dmd,0.5,1,22,0.51357,0.83633,0.68056,0.65379,0.03316,0.89148,0.05515,0.01234,0.27701,0.39122
254," the contract.
From a buyer’s perspective, the first thing to remember is that you always",dua_dmd,0.7,1,26,0.7014,0.86215,1.03583,0.99305,0.03525,0.89148,0.02933,0.00386,0.45689,0.57508
254," the contract.
From a buyer’s perspective, the first thing to remember is that you always",dua_dmd,0.9,1,32,0.91066,0.90276,1.60964,1.53978,0.0361,0.89148,0.01127,0.0007,0.72654,0.8824
254," the contract.
From a buyer’s perspective, the first thing to remember is that you always",dua_dmd,0.99,1,37,0.99015,0.92873,2.10387,2.00852,0.03684,0.89148,0.03725,0.00913,0.90426,1.19048
538,"MechanicCoupon.net and while we endeavor to keep the information up to date and correct, we",euc_ctx,0.3,1,20,0.31822,0.95521,0.04592,0.046,0.0,0.99999,0.04478,0.04576,0.00016,1e-05
538,"MechanicCoupon.net and while we endeavor to keep the information up to date and correct, we",euc_ctx,0.5,1,22,0.63774,0.93818,0.06409,0.06417,0.0,0.99999,0.06182,0.06375,0.00033,1e-05
538,"MechanicCoupon.net and while we endeavor to keep the information up to date and correct, we",euc_ctx,0.7,1,23,0.7737,0.93721,0.06521,0.06529,0.0,0.99999,0.06278,0.06478,0.00041,2e-05
538,"MechanicCoupon.net and while we endeavor to keep the information up to date and correct, we",euc_ctx,0.9,1,25,0.92803,0.94651,0.05546,0.05554,0.0,0.99999,0.05348,0.0549,0.00054,2e-05
538,"MechanicCoupon.net and while we endeavor to keep the information up to date and correct, we",euc_ctx,0.99,1,29,0.99458,0.9708,0.03029,0.03037,0.0,0.99999,0.02919,0.02957,0.00071,2e-05
538,"MechanicCoupon.net and while we endeavor to keep the information up to date and correct, we",cau_ctx,0.3,1,43,0.33979,0.82131,0.19724,0.19732,0.0,0.99999,0.17869,0.19678,0.00044,2e-05
538,"MechanicCoupon.net and while we endeavor to keep the information up to date and correct, we",cau_ctx,0.5,1,46,0.5668,0.76102,0.27383,0.27391,0.0,0.99999,0.23897,0.27301,0.0008,2e-05
538,"MechanicCoupon.net and while we endeavor to keep the information up to date and correct, we",cau_ctx,0.7,1,48,0.70907,0.73699,0.30619,0.30628,0.0,0.99999,0.26301,0.3051,0.00107,2e-05
538,"MechanicCoupon.net and while we endeavor to keep the information up to date and correct, we",cau_ctx,0.9,1,53,0.92027,0.73265,0.31271,0.3128,0.0,0.99999,0.26734,0.311,0.00169,2e-05
538,"MechanicCoupon.net and while we endeavor to keep the information up to date and correct, we",cau_ctx,0.99,1,60,0.99028,0.7799,0.25098,0.25107,0.0,0.99999,0.2201,0.24851,0.00244,2e-05
538,"MechanicCoupon.net and while we endeavor to keep the information up to date and correct, we",dua_ctx,0.3,1,31,0.32039,0.97862,0.02169,0.02175,0.0,0.99999,0.02138,0.02155,0.00012,2e-05
538,"MechanicCoupon.net and while we endeavor to keep the information up to date and correct, we",dua_ctx,0.5,1,39,0.50998,0.97284,0.02775,0.02781,0.0,0.99999,0.02715,0.02747,0.00026,2e-05
538,"MechanicCoupon.net and while we endeavor to keep the information up to date and correct, we",dua_ctx,0.7,1,48,0.72084,0.96753,0.03351,0.03357,0.0,0.99999,0.03247,0.03295,0.00053,3e-05
538,"MechanicCoupon.net and while we endeavor to keep the information up to date and correct, we",dua_ctx,0.9,1,57,0.90897,0.96461,0.03703,0.0371,0.0,0.99999,0.03539,0.03597,0.00104,3e-05
538,"MechanicCoupon.net and while we endeavor to keep the information up to date and correct, we",dua_ctx,0.99,1,64,0.99132,0.96794,0.03445,0.03451,0.0,0.99999,0.03205,0.03252,0.0019,4e-05
538,"MechanicCoupon.net and while we endeavor to keep the information up to date and correct, we",euc_unemb,0.3,1,10,0.57709,0.99562,0.00438,0.00443,0.0,0.99999,0.00438,0.00434,3e-05,1e-05
538,"MechanicCoupon.net and while we endeavor to keep the information up to date and correct, we",euc_unemb,0.5,1,10,0.57709,0.99562,0.00438,0.00443,0.0,0.99999,0.00438,0.00434,3e-05,1e-05
538,"MechanicCoupon.net and while we endeavor to keep the information up to date and correct, we",euc_unemb,0.7,1,11,0.8514,0.99662,0.00339,0.00343,0.0,0.99999,0.00337,0.00333,5e-05,1e-05
538,"MechanicCoupon.net and while we endeavor to keep the information up to date and correct, we",euc_unemb,0.9,1,12,0.96009,0.998,0.00201,0.00206,0.0,0.99999,0.00199,0.00196,5e-05,1e-05
538,"MechanicCoupon.net and while we endeavor to keep the information up to date and correct, we",euc_unemb,0.99,1,13,0.9902,0.99891,0.00111,0.00114,0.0,0.99999,0.00108,0.00105,5e-05,1e-05
538,"MechanicCoupon.net and while we endeavor to keep the information up to date and correct, we",cau_unemb,0.3,1,11,0.6028,0.99415,0.00584,0.00589,0.0,0.99999,0.00584,0.00581,3e-05,1e-05
538,"MechanicCoupon.net and while we endeavor to keep the information up to date and correct, we",cau_unemb,0.5,1,11,0.6028,0.99415,0.00584,0.00589,0.0,0.99999,0.00584,0.00581,3e-05,1e-05
538,"MechanicCoupon.net and while we endeavor to keep the information up to date and correct, we",cau_unemb,0.7,1,12,0.84956,0.99537,0.00463,0.00468,0.0,0.99999,0.00462,0.00459,3e-05,1e-05
538,"MechanicCoupon.net and while we endeavor to keep the information up to date and correct, we",cau_unemb,0.9,1,13,0.95457,0.99707,0.00294,0.00298,0.0,0.99999,0.00293,0.00289,4e-05,1e-05
538,"MechanicCoupon.net and while we endeavor to keep the information up to date and correct, we",cau_unemb,0.99,1,15,0.99658,0.99902,0.00099,0.00102,0.0,0.99999,0.00098,0.00094,4e-05,1e-05
538,"MechanicCoupon.net and while we endeavor to keep the information up to date and correct, we",dua_unemb,0.3,1,12,0.36045,0.99853,0.00145,0.00149,0.0,0.99999,0.00147,0.00143,1e-05,1e-05
538,"MechanicCoupon.net and while we endeavor to keep the information up to date and correct, we",dua_unemb,0.5,1,14,0.51792,0.99902,0.00097,0.001,0.0,0.99999,0.00097,0.00094,2e-05,1e-05
538,"MechanicCoupon.net and while we endeavor to keep the information up to date and correct, we",dua_unemb,0.7,1,17,0.7393,0.99955,0.00046,0.00048,0.0,0.99999,0.00044,0.00041,4e-05,1e-05
538,"MechanicCoupon.net and while we endeavor to keep the information up to date and correct, we",dua_unemb,0.9,1,20,0.91957,0.99981,0.00024,0.00025,0.0,0.99999,0.00018,0.00016,7e-05,1e-05
538,"MechanicCoupon.net and while we endeavor to keep the information up to date and correct, we",dua_unemb,0.99,1,23,0.9955,0.99991,0.00019,0.00018,0.0,0.99999,9e-05,7e-05,0.0001,2e-05
538,"MechanicCoupon.net and while we endeavor to keep the information up to date and correct, we",euc_dmd,0.3,1,10,0.45239,0.98901,0.01135,0.01142,0.0,0.99999,0.01098,0.01099,0.00034,1e-05
538,"MechanicCoupon.net and while we endeavor to keep the information up to date and correct, we",euc_dmd,0.5,1,11,0.76738,0.98916,0.01145,0.01152,0.0,0.99999,0.01084,0.01084,0.00059,1e-05
538,"MechanicCoupon.net and while we endeavor to keep the information up to date and correct, we",euc_dmd,0.7,1,11,0.76738,0.98916,0.01145,0.01152,0.0,0.99999,0.01084,0.01084,0.00059,1e-05
538,"MechanicCoupon.net and while we endeavor to keep the information up to date and correct, we",euc_dmd,0.9,1,12,0.92945,0.99233,0.00844,0.00852,0.0,0.99999,0.00767,0.00765,0.00079,1e-05
538,"MechanicCoupon.net and while we endeavor to keep the information up to date and correct, we",euc_dmd,0.99,1,14,0.99526,0.99719,0.00389,0.00395,0.0,0.99999,0.0028,0.00276,0.00111,2e-05
538,"MechanicCoupon.net and while we endeavor to keep the information up to date and correct, we",cau_dmd,0.3,1,12,0.53473,0.97351,0.0278,0.02788,0.0,0.99999,0.02648,0.02678,0.00102,1e-05
538,"MechanicCoupon.net and while we endeavor to keep the information up to date and correct, we",cau_dmd,0.5,1,12,0.53473,0.97351,0.0278,0.02788,0.0,0.99999,0.02648,0.02678,0.00102,1e-05
538,"MechanicCoupon.net and while we endeavor to keep the information up to date and correct, we",cau_dmd,0.7,1,13,0.7893,0.97352,0.02857,0.02865,0.0,0.99999,0.02647,0.02677,0.00179,1e-05
538,"MechanicCoupon.net and while we endeavor to keep the information up to date and correct, we",cau_dmd,0.9,1,14,0.92431,0.97886,0.02383,0.02391,0.0,0.99999,0.02113,0.0213,0.00251,1e-05
538,"MechanicCoupon.net and while we endeavor to keep the information up to date and correct, we",cau_dmd,0.99,1,16,0.99235,0.98941,0.01453,0.01461,0.0,0.99999,0.01058,0.01058,0.00393,2e-05
538,"MechanicCoupon.net and while we endeavor to keep the information up to date and correct, we",dua_dmd,0.3,1,12,0.30639,0.99481,0.00549,0.00556,0.0,0.99999,0.00519,0.00515,0.00033,1e-05
538,"MechanicCoupon.net and while we endeavor to keep the information up to date and correct, we",dua_dmd,0.5,1,15,0.52291,0.9952,0.00581,0.00588,0.0,0.99999,0.00479,0.00476,0.00104,2e-05
538,"MechanicCoupon.net and while we endeavor to keep the information up to date and correct, we",dua_dmd,0.7,1,18,0.72693,0.99621,0.00666,0.00673,0.0,0.99999,0.00378,0.00374,0.0029,2e-05
538,"MechanicCoupon.net and while we endeavor to keep the information up to date and correct, we",dua_dmd,0.9,1,22,0.94294,0.99816,0.01099,0.01106,0.0,0.99999,0.00183,0.00179,0.00917,2e-05
538,"MechanicCoupon.net and while we endeavor to keep the information up to date and correct, we",dua_dmd,0.99,1,24,0.9907,0.99914,0.01473,0.01479,0.0,0.99999,0.00086,0.00082,0.01388,3e-05
39,<bos>Badly damaged car in field taped off by officers - did you,euc_ctx,0.3,1,35,0.35756,0.43829,0.78445,0.792,0.05079,0.87154,0.43324,0.40954,0.17827,0.19664
39,<bos>Badly damaged car in field taped off by officers - did you,euc_ctx,0.5,1,37,0.51163,0.4335,0.88802,0.89406,0.05331,0.87154,0.43804,0.41804,0.24235,0.22764
39,<bos>Badly damaged car in field taped off by officers - did you,euc_ctx,0.7,1,40,0.73057,0.46101,1.0078,1.01066,0.05529,0.87154,0.41053,0.3708,0.357,0.28
39,<bos>Badly damaged car in field taped off by officers - did you,euc_ctx,0.9,1,44,0.90628,0.54305,1.1086,1.10558,0.37916,0.87154,0.32849,0.24928,0.49818,0.36114
39,<bos>Badly damaged car in field taped off by officers - did you,euc_ctx,0.99,1,52,0.99199,0.71314,1.33676,1.31808,0.37366,0.87154,0.1584,0.07161,0.70428,0.56087
39,<bos>Badly damaged car in field taped off by officers - did you,cau_ctx,0.3,1,64,0.32714,0.43929,0.90534,0.9088,0.04485,0.87154,0.43224,0.40778,0.15109,0.34647
39,<bos>Badly damaged car in field taped off by officers - did you,cau_ctx,0.5,1,69,0.53162,0.3876,1.1262,1.12642,0.04865,0.87154,0.48394,0.50557,0.1969,0.42373
39,<bos>Badly damaged car in field taped off by officers - did you,cau_ctx,0.7,1,74,0.72654,0.36869,1.31746,1.31355,0.04898,0.87154,0.50285,0.54525,0.26546,0.50676
39,<bos>Badly damaged car in field taped off by officers - did you,cau_ctx,0.9,1,82,0.91249,0.38806,1.53036,1.5185,0.05041,0.87154,0.48347,0.50462,0.37692,0.64882
39,<bos>Badly damaged car in field taped off by officers - did you,cau_ctx,0.99,1,96,0.99153,0.47431,1.80451,1.77654,0.05689,0.87154,0.39723,0.34923,0.53884,0.91644
39,<bos>Badly damaged car in field taped off by officers - did you,dua_ctx,0.3,1,49,0.30386,0.75597,0.39608,0.38986,0.01808,0.87154,0.11557,0.04155,0.07832,0.2762
39,<bos>Badly damaged car in field taped off by officers - did you,dua_ctx,0.5,1,62,0.50305,0.76115,0.68582,0.66511,0.04296,0.87154,0.11038,0.03836,0.13231,0.51516
39,<bos>Badly damaged car in field taped off by officers - did you,dua_ctx,0.7,1,77,0.70552,0.76966,1.11765,1.07508,0.04467,0.87154,0.10188,0.03333,0.21899,0.86533
39,<bos>Badly damaged car in field taped off by officers - did you,dua_ctx,0.9,1,94,0.90431,0.77372,1.69411,1.62329,0.05235,0.87154,0.09782,0.03103,0.34656,1.31652
39,<bos>Badly damaged car in field taped off by officers - did you,dua_ctx,0.99,1,108,0.99193,0.78292,2.22036,2.12622,0.05748,0.87154,0.08862,0.02606,0.45587,1.73843
39,<bos>Badly damaged car in field taped off by officers - did you,euc_unemb,0.3,1,19,0.42876,0.58189,0.4029,0.41365,0.01455,0.87154,0.28964,0.20048,0.1121,0.09031
39,<bos>Badly damaged car in field taped off by officers - did you,euc_unemb,0.5,1,20,0.5792,0.60957,0.43686,0.44634,0.01385,0.87154,0.26197,0.16878,0.16233,0.10575
39,<bos>Badly damaged car in field taped off by officers - did you,euc_unemb,0.7,1,21,0.71643,0.64938,0.47695,0.48448,0.01875,0.87154,0.22216,0.12746,0.22396,0.12554
39,<bos>Badly damaged car in field taped off by officers - did you,euc_unemb,0.9,1,24,0.94015,0.76633,0.67496,0.67292,0.0256,0.87154,0.10521,0.03526,0.41411,0.22559
39,<bos>Badly damaged car in field taped off by officers - did you,euc_unemb,0.99,1,28,0.99452,0.81091,1.10016,1.08088,0.03215,0.87154,0.06062,0.01318,0.62244,0.46455
39,<bos>Badly damaged car in field taped off by officers - did you,cau_unemb,0.3,1,20,0.32239,0.3921,0.70333,0.71632,0.0433,0.87154,0.47943,0.49645,0.1146,0.09228
39,<bos>Badly damaged car in field taped off by officers - did you,cau_unemb,0.5,1,22,0.58251,0.43007,0.6816,0.69342,0.03395,0.87154,0.44147,0.42419,0.1457,0.11171
39,<bos>Badly damaged car in field taped off by officers - did you,cau_unemb,0.7,1,23,0.70468,0.47223,0.64335,0.65406,0.01593,0.87154,0.39931,0.35255,0.16752,0.12329
39,<bos>Badly damaged car in field taped off by officers - did you,cau_unemb,0.9,1,26,0.92224,0.6454,0.55041,0.55523,0.02321,0.87154,0.22614,0.13136,0.24725,0.17179
39,<bos>Badly damaged car in field taped off by officers - did you,cau_unemb,0.99,1,31,0.99407,0.81337,0.74155,0.73035,0.03031,0.87154,0.05816,0.01222,0.38725,0.34208
39,<bos>Badly damaged car in field taped off by officers - did you,dua_unemb,0.3,1,22,0.32075,0.81495,0.16295,0.16377,0.00893,0.87154,0.05659,0.01162,0.04347,0.10786
39,<bos>Badly damaged car in field taped off by officers - did you,dua_unemb,0.5,1,27,0.53251,0.84425,0.29355,0.28585,0.01943,0.87154,0.02728,0.00298,0.08669,0.20387
39,<bos>Badly damaged car in field taped off by officers - did you,dua_unemb,0.7,1,33,0.72708,0.87161,0.53488,0.5118,0.02515,0.87154,7e-05,0.0,0.13982,0.39506
39,<bos>Badly damaged car in field taped off by officers - did you,dua_unemb,0.9,1,41,0.91953,0.8766,1.01525,0.96447,0.03112,0.87154,0.00507,0.00012,0.21435,0.80078
39,<bos>Badly damaged car in field taped off by officers - did you,dua_unemb,0.99,1,47,0.99143,0.86917,1.48184,1.40579,0.03206,0.87154,0.00237,3e-05,0.28578,1.19604
39,<bos>Badly damaged car in field taped off by officers - did you,euc_dmd,0.3,1,16,0.32295,0.52177,1.39455,1.40696,0.48889,0.87154,0.34977,0.27827,1.03176,0.08451
39,<bos>Badly damaged car in field taped off by officers - did you,euc_dmd,0.5,1,18,0.66394,0.62138,1.98075,1.98923,0.57784,0.87154,0.25016,0.156,1.70728,0.11747
39,<bos>Badly damaged car in field taped off by officers - did you,euc_dmd,0.7,1,19,0.8001,0.69908,2.37107,2.37614,0.59365,0.87154,0.17246,0.08282,2.14963,0.13861
39,<bos>Badly damaged car in field taped off by officers - did you,euc_dmd,0.9,1,21,0.94212,0.83919,3.28276,3.27842,0.64062,0.87154,0.03235,0.00411,3.08442,0.19423
39,<bos>Badly damaged car in field taped off by officers - did you,euc_dmd,0.99,1,24,0.99241,0.93882,4.63092,4.60896,0.66594,0.87154,0.06728,0.03048,4.27877,0.32166
39,<bos>Badly damaged car in field taped off by officers - did you,cau_dmd,0.3,1,18,0.39539,0.43964,2.36167,2.37522,0.64965,0.87154,0.4319,0.40718,1.87337,0.08112
39,<bos>Badly damaged car in field taped off by officers - did you,cau_dmd,0.5,1,19,0.55367,0.49418,2.64316,2.65534,0.66491,0.87154,0.37736,0.31841,2.23455,0.09019
39,<bos>Badly damaged car in field taped off by officers - did you,cau_dmd,0.7,1,20,0.70137,0.57218,2.97095,2.98105,0.66991,0.87154,0.29936,0.2122,2.65843,0.10032
39,<bos>Badly damaged car in field taped off by officers - did you,cau_dmd,0.9,1,23,0.94041,0.82849,4.22748,4.22651,0.67715,0.87154,0.04305,0.00702,4.0788,0.14167
39,<bos>Badly damaged car in field taped off by officers - did you,cau_dmd,0.99,1,26,0.99055,0.94565,5.58003,5.56327,0.66821,0.87154,0.07412,0.03938,5.32499,0.21566
39,<bos>Badly damaged car in field taped off by officers - did you,dua_dmd,0.3,1,20,0.3286,0.81753,0.24573,0.24726,0.03604,0.87154,0.054,0.01067,0.14827,0.08679
39,<bos>Badly damaged car in field taped off by officers - did you,dua_dmd,0.5,1,24,0.52752,0.86216,0.4334,0.42726,0.04804,0.87154,0.00937,0.00038,0.2901,0.14293
39,<bos>Badly damaged car in field taped off by officers - did you,dua_dmd,0.7,1,29,0.71721,0.91276,0.76532,0.74539,0.05364,0.87154,0.04122,0.00943,0.50316,0.25272
39,<bos>Badly damaged car in field taped off by officers - did you,dua_dmd,0.9,1,36,0.91077,0.94881,1.47266,1.42487,0.06434,0.87154,0.07727,0.04416,0.87144,0.55706
39,<bos>Badly damaged car in field taped off by officers - did you,dua_dmd,0.99,1,42,0.99092,0.95918,2.23424,2.15643,0.06896,0.87154,0.08765,0.06378,1.21167,0.95879
256, when buying one and these steps. This post has been written with you in mind. Read on to,euc_ctx,0.3,1,32,0.30379,0.48421,1.0025,1.014,0.40667,0.91183,0.42762,0.42138,0.41392,0.16719
256, when buying one and these steps. This post has been written with you in mind. Read on to,euc_ctx,0.5,1,35,0.54346,0.46473,1.36093,1.37129,0.40654,0.91183,0.4471,0.45555,0.69881,0.20657
256, when buying one and these steps. This post has been written with you in mind. Read on to,euc_ctx,0.7,1,38,0.76533,0.49469,1.74587,1.7541,0.42169,0.91183,0.41714,0.40368,1.09175,0.25044
256, when buying one and these steps. This post has been written with you in mind. Read on to,euc_ctx,0.9,1,42,0.92632,0.58124,2.22504,2.22895,0.43011,0.91183,0.33059,0.27322,1.63485,0.31697
256, when buying one and these steps. This post has been written with you in mind. Read on to,euc_ctx,0.99,1,49,0.99263,0.72216,2.86876,2.8623,0.4591,0.91183,0.18967,0.11145,2.29872,0.45859
256, when buying one and these steps. This post has been written with you in mind. Read on to,cau_ctx,0.3,1,60,0.30649,0.26267,1.50335,1.50813,0.45494,0.91183,0.64916,0.94758,0.3142,0.24157
256, when buying one and these steps. This post has been written with you in mind. Read on to,cau_ctx,0.5,1,65,0.52021,0.20083,2.0322,2.03361,0.50812,0.91183,0.711,1.18524,0.54783,0.29913
256, when buying one and these steps. This post has been written with you in mind. Read on to,cau_ctx,0.7,1,70,0.72768,0.17376,2.56934,2.56702,0.40609,0.91183,0.73807,1.31432,0.8956,0.35942
256, when buying one and these steps. This post has been written with you in mind. Read on to,cau_ctx,0.9,1,77,0.90496,0.17139,3.24696,3.23916,0.42199,0.91183,0.74044,1.32661,1.47353,0.44682
256, when buying one and these steps. This post has been written with you in mind. Read on to,cau_ctx,0.99,1,90,0.99043,0.21309,4.08228,4.06398,0.44543,0.91183,0.69875,1.1326,2.33494,0.61474
256, when buying one and these steps. This post has been written with you in mind. Read on to,dua_ctx,0.3,1,52,0.30167,0.81301,0.24245,0.2396,0.00754,0.91183,0.09882,0.03831,0.0646,0.13954
256, when buying one and these steps. This post has been written with you in mind. Read on to,dua_ctx,0.5,1,66,0.51036,0.78316,0.41287,0.40108,0.00854,0.91183,0.12867,0.05936,0.12057,0.23295
256, when buying one and these steps. This post has been written with you in mind. Read on to,dua_ctx,0.7,1,79,0.70629,0.75486,0.61662,0.59412,0.01128,0.91183,0.15697,0.08211,0.18234,0.35217
256, when buying one and these steps. This post has been written with you in mind. Read on to,dua_ctx,0.9,1,94,0.90178,0.72765,0.91535,0.87729,0.36407,0.91183,0.18418,0.1063,0.2595,0.54955
256, when buying one and these steps. This post has been written with you in mind. Read on to,dua_ctx,0.99,1,107,0.99071,0.71791,1.24267,1.18732,0.37834,0.91183,0.19392,0.11549,0.31925,0.80793
256, when buying one and these steps. This post has been written with you in mind. Read on to,euc_unemb,0.3,1,17,0.30704,0.80738,0.2882,0.30134,0.36842,0.91183,0.10446,0.04204,0.1433,0.10286
256, when buying one and these steps. This post has been written with you in mind. Read on to,euc_unemb,0.5,1,19,0.60374,0.77291,0.52009,0.53182,0.38451,0.91183,0.13893,0.06731,0.28246,0.17032
256, when buying one and these steps. This post has been written with you in mind. Read on to,euc_unemb,0.7,1,20,0.73858,0.75837,0.65799,0.6679,0.38424,0.91183,0.15346,0.07915,0.36471,0.21413
256, when buying one and these steps. This post has been written with you in mind. Read on to,euc_unemb,0.9,1,22,0.90666,0.73566,0.91018,0.91486,0.38597,0.91183,0.17617,0.09895,0.49554,0.31569
256, when buying one and these steps. This post has been written with you in mind. Read on to,euc_unemb,0.99,1,26,0.99136,0.69793,1.26419,1.25593,0.38682,0.91183,0.2139,0.1352,0.58606,0.54293
256, when buying one and these steps. This post has been written with you in mind. Read on to,cau_unemb,0.3,1,19,0.37655,0.68147,0.50071,0.51505,0.36835,0.91183,0.23036,0.15228,0.20898,0.13945
256, when buying one and these steps. This post has been written with you in mind. Read on to,cau_unemb,0.5,1,20,0.51448,0.67568,0.58723,0.6012,0.37071,0.91183,0.23615,0.15847,0.26633,0.16243
256, when buying one and these steps. This post has been written with you in mind. Read on to,cau_unemb,0.7,1,22,0.76497,0.68591,0.76254,0.77418,0.38577,0.91183,0.22592,0.1476,0.39525,0.21969
256, when buying one and these steps. This post has been written with you in mind. Read on to,cau_unemb,0.9,1,24,0.90881,0.70539,0.91151,0.9191,0.38703,0.91183,0.20644,0.12771,0.49095,0.29286
256, when buying one and these steps. This post has been written with you in mind. Read on to,cau_unemb,0.99,1,29,0.99383,0.71174,1.19522,1.18942,0.38813,0.91183,0.20009,0.12145,0.54997,0.52379
256, when buying one and these steps. This post has been written with you in mind. Read on to,dua_unemb,0.3,1,21,0.34115,0.8747,0.17514,0.17816,0.00801,0.91183,0.03714,0.00692,0.0338,0.13442
256, when buying one and these steps. This post has been written with you in mind. Read on to,dua_unemb,0.5,1,25,0.5504,0.86569,0.30903,0.30601,0.0105,0.91183,0.04614,0.01024,0.06344,0.23536
256, when buying one and these steps. This post has been written with you in mind. Read on to,dua_unemb,0.7,1,29,0.73772,0.85569,0.47395,0.46283,0.01188,0.91183,0.05614,0.0145,0.09742,0.36203
256, when buying one and these steps. This post has been written with you in mind. Read on to,dua_unemb,0.9,1,34,0.9081,0.84468,0.71648,0.69264,0.01303,0.91183,0.06715,0.01983,0.13557,0.56109
256, when buying one and these steps. This post has been written with you in mind. Read on to,dua_unemb,0.99,1,40,0.99337,0.83443,1.0586,1.01576,0.01362,0.91183,0.0774,0.02533,0.16224,0.87104
256, when buying one and these steps. This post has been written with you in mind. Read on to,euc_dmd,0.3,1,16,0.47473,0.64636,0.87236,0.88726,0.38166,0.91183,0.26547,0.19129,0.56816,0.11291
256, when buying one and these steps. This post has been written with you in mind. Read on to,euc_dmd,0.5,1,17,0.66274,0.67166,1.225,1.2381,0.38212,0.91183,0.24017,0.16283,0.92463,0.13755
256, when buying one and these steps. This post has been written with you in mind. Read on to,euc_dmd,0.7,1,18,0.81064,0.7136,1.67099,1.6813,0.40729,0.91183,0.19823,0.11965,1.38442,0.16693
256, when buying one and these steps. This post has been written with you in mind. Read on to,euc_dmd,0.9,1,19,0.90319,0.75954,2.18971,2.1964,0.42066,0.91183,0.1523,0.07817,1.91006,0.20147
256, when buying one and these steps. This post has been written with you in mind. Read on to,euc_dmd,0.99,1,23,0.99515,0.87537,4.41825,4.40663,0.46497,0.91183,0.03646,0.0067,4.02575,0.3858
256, when buying one and these steps. This post has been written with you in mind. Read on to,cau_dmd,0.3,1,16,0.32278,0.58171,0.76298,0.78135,0.37485,0.91183,0.33012,0.27258,0.39172,0.09868
256, when buying one and these steps. This post has been written with you in mind. Read on to,cau_dmd,0.5,1,17,0.50393,0.59485,1.02869,1.04609,0.37485,0.91183,0.31698,0.25503,0.65803,0.11563
256, when buying one and these steps. This post has been written with you in mind. Read on to,cau_dmd,0.7,1,19,0.82288,0.69655,1.818,1.83085,0.37518,0.91183,0.21528,0.1366,1.52485,0.15655
256, when buying one and these steps. This post has been written with you in mind. Read on to,cau_dmd,0.9,1,20,0.90859,0.76078,2.33177,2.34112,0.40229,0.91183,0.15105,0.07714,2.07321,0.18142
256, when buying one and these steps. This post has been written with you in mind. Read on to,cau_dmd,0.99,1,24,0.9951,0.91379,4.72763,4.71903,0.43832,0.91183,0.00196,2e-05,4.40852,0.31909
256, when buying one and these steps. This post has been written with you in mind. Read on to,dua_dmd,0.3,1,20,0.3081,0.8588,0.28671,0.29221,0.00942,0.91183,0.05303,0.01312,0.16195,0.11164
256, when buying one and these steps. This post has been written with you in mind. Read on to,dua_dmd,0.5,1,25,0.50848,0.8572,0.56979,0.56616,0.01059,0.91183,0.05463,0.01382,0.31952,0.23644
256, when buying one and these steps. This post has been written with you in mind. Read on to,dua_dmd,0.7,1,31,0.71117,0.84633,0.96121,0.94278,0.02587,0.91183,0.06551,0.01899,0.51332,0.4289
256, when buying one and these steps. This post has been written with you in mind. Read on to,dua_dmd,0.9,1,38,0.91371,0.83323,1.46695,1.42795,0.27793,0.91183,0.0786,0.026,0.74108,0.69987
256, when buying one and these steps. This post has been written with you in mind. Read on to,dua_dmd,0.99,1,44,0.99263,0.83081,1.94651,1.8866,0.29007,0.91183,0.08103,0.02739,0.91912,1.00001
484," Click Add Current View to add a snapshot of the current view to the reply.
Click Save to",euc_ctx,0.3,1,39,0.30934,0.61035,2.20864,2.20681,0.60736,0.88688,0.27653,0.1915,1.6872,0.32993
484," Click Add Current View to add a snapshot of the current view to the reply.
Click Save to",euc_ctx,0.5,1,43,0.53483,0.62364,2.51949,2.51296,0.63525,0.88688,0.26324,0.17633,1.93327,0.40989
484," Click Add Current View to add a snapshot of the current view to the reply.
Click Save to",euc_ctx,0.7,1,47,0.74626,0.65763,2.78203,2.76893,0.64908,0.88688,0.22925,0.13996,2.13672,0.50534
484," Click Add Current View to add a snapshot of the current view to the reply.
Click Save to",euc_ctx,0.9,1,52,0.90495,0.70723,3.13978,3.11621,0.62477,0.88688,0.17965,0.09318,2.39992,0.64668
484," Click Add Current View to add a snapshot of the current view to the reply.
Click Save to",euc_ctx,0.99,1,62,0.9902,0.77581,4.04765,3.99935,0.65013,0.88688,0.11107,0.04129,3.02825,0.97811
484," Click Add Current View to add a snapshot of the current view to the reply.
Click Save to",cau_ctx,0.3,1,68,0.33034,0.28899,2.95407,2.94666,0.54259,0.88688,0.59789,0.78652,1.70977,0.45778
484," Click Add Current View to add a snapshot of the current view to the reply.
Click Save to",cau_ctx,0.5,1,73,0.50278,0.26402,3.48185,3.47011,0.63522,0.88688,0.62286,0.86276,2.08772,0.53137
484," Click Add Current View to add a snapshot of the current view to the reply.
Click Save to",cau_ctx,0.7,1,79,0.7037,0.26053,4.084,4.06635,0.66506,0.88688,0.62635,0.87405,2.58525,0.6247
484," Click Add Current View to add a snapshot of the current view to the reply.
Click Save to",cau_ctx,0.9,1,89,0.90701,0.3016,4.9131,4.88422,0.69627,0.88688,0.58528,0.75067,3.37222,0.79021
484," Click Add Current View to add a snapshot of the current view to the reply.
Click Save to",cau_ctx,0.99,1,106,0.99072,0.42233,5.98742,5.93675,0.71615,0.88688,0.46455,0.47355,4.42055,1.09332
484," Click Add Current View to add a snapshot of the current view to the reply.
Click Save to",dua_ctx,0.3,1,57,0.30562,0.81029,0.59723,0.57633,0.02903,0.88688,0.07659,0.02161,0.07138,0.50424
484," Click Add Current View to add a snapshot of the current view to the reply.
Click Save to",dua_ctx,0.5,1,74,0.50808,0.79022,1.02448,0.97996,0.02917,0.88688,0.09666,0.03248,0.11447,0.87754
484," Click Add Current View to add a snapshot of the current view to the reply.
Click Save to",dua_ctx,0.7,1,90,0.70264,0.76605,1.4788,1.4089,0.02896,0.88688,0.12083,0.04769,0.16388,1.26722
484," Click Add Current View to add a snapshot of the current view to the reply.
Click Save to",dua_ctx,0.9,1,108,0.90377,0.74235,2.03392,1.93489,0.03438,0.88688,0.14453,0.06465,0.22782,1.74145
484," Click Add Current View to add a snapshot of the current view to the reply.
Click Save to",dua_ctx,0.99,1,122,0.99053,0.73552,2.46523,2.34835,0.02856,0.88688,0.15136,0.06989,0.27652,2.11882
484," Click Add Current View to add a snapshot of the current view to the reply.
Click Save to",euc_unemb,0.3,1,18,0.30223,0.73548,0.26571,0.27358,0.03217,0.88688,0.1514,0.06992,0.09737,0.09842
484," Click Add Current View to add a snapshot of the current view to the reply.
Click Save to",euc_unemb,0.5,1,20,0.59671,0.74862,0.38585,0.39067,0.02787,0.88688,0.13826,0.05998,0.17753,0.14834
484," Click Add Current View to add a snapshot of the current view to the reply.
Click Save to",euc_unemb,0.7,1,21,0.73255,0.76256,0.46888,0.47095,0.02817,0.88688,0.12432,0.05007,0.23448,0.18433
484," Click Add Current View to add a snapshot of the current view to the reply.
Click Save to",euc_unemb,0.9,1,23,0.90397,0.78791,0.66351,0.65807,0.0125,0.88688,0.09897,0.03384,0.34928,0.28039
484," Click Add Current View to add a snapshot of the current view to the reply.
Click Save to",euc_unemb,0.99,1,27,0.99117,0.80284,1.10196,1.07763,0.01769,0.88688,0.08404,0.02545,0.54087,0.53563
484," Click Add Current View to add a snapshot of the current view to the reply.
Click Save to",cau_unemb,0.3,1,21,0.31894,0.67747,0.45019,0.45772,0.03278,0.88688,0.20941,0.12036,0.19,0.13983
484," Click Add Current View to add a snapshot of the current view to the reply.
Click Save to",cau_unemb,0.5,1,23,0.56545,0.69874,0.5172,0.52232,0.02805,0.88688,0.18814,0.10066,0.23675,0.17979
484," Click Add Current View to add a snapshot of the current view to the reply.
Click Save to",cau_unemb,0.7,1,25,0.78229,0.74024,0.59956,0.6001,0.02922,0.88688,0.14664,0.06626,0.29696,0.23634
484," Click Add Current View to add a snapshot of the current view to the reply.
Click Save to",cau_unemb,0.9,1,27,0.90788,0.77738,0.70991,0.70406,0.02952,0.88688,0.1095,0.04029,0.35596,0.31367
484," Click Add Current View to add a snapshot of the current view to the reply.
Click Save to",cau_unemb,0.99,1,32,0.99167,0.80853,1.09696,1.07137,0.03002,0.88688,0.07835,0.0225,0.49681,0.57765
484," Click Add Current View to add a snapshot of the current view to the reply.
Click Save to",dua_unemb,0.3,1,22,0.30936,0.87609,0.18004,0.17664,0.01143,0.88688,0.01079,0.00055,0.02417,0.15531
484," Click Add Current View to add a snapshot of the current view to the reply.
Click Save to",dua_unemb,0.5,1,28,0.50546,0.88948,0.43471,0.41534,0.01276,0.88688,0.0026,3e-05,0.05514,0.37953
484," Click Add Current View to add a snapshot of the current view to the reply.
Click Save to",dua_unemb,0.7,1,36,0.72448,0.88549,0.87129,0.82403,0.01774,0.88688,0.00139,1e-05,0.09278,0.7785
484," Click Add Current View to add a snapshot of the current view to the reply.
Click Save to",dua_unemb,0.9,1,44,0.91106,0.87627,1.36388,1.28482,0.01823,0.88688,0.01061,0.00053,0.13268,1.23066
484," Click Add Current View to add a snapshot of the current view to the reply.
Click Save to",dua_unemb,0.99,1,51,0.99336,0.87123,1.85612,1.74629,0.01841,0.88688,0.01565,0.00113,0.17017,1.68482
484," Click Add Current View to add a snapshot of the current view to the reply.
Click Save to",euc_dmd,0.3,1,20,0.41603,0.71694,0.6889,0.69435,0.02964,0.88688,0.16994,0.0849,0.46185,0.14216
484," Click Add Current View to add a snapshot of the current view to the reply.
Click Save to",euc_dmd,0.5,1,21,0.58453,0.72498,0.96701,0.97006,0.39492,0.88688,0.1619,0.07827,0.71328,0.17547
484," Click Add Current View to add a snapshot of the current view to the reply.
Click Save to",euc_dmd,0.7,1,22,0.73652,0.7414,1.33082,1.33044,0.39505,0.88688,0.14548,0.06537,1.04841,0.21704
484," Click Add Current View to add a snapshot of the current view to the reply.
Click Save to",euc_dmd,0.9,1,24,0.91799,0.78195,2.23611,2.22643,0.40185,0.88688,0.10493,0.03744,1.87506,0.32361
484," Click Add Current View to add a snapshot of the current view to the reply.
Click Save to",euc_dmd,0.99,1,28,0.99465,0.8402,4.07117,4.0385,0.68638,0.88688,0.04668,0.00887,3.47027,0.59202
484," Click Add Current View to add a snapshot of the current view to the reply.
Click Save to",cau_dmd,0.3,1,23,0.31853,0.77881,0.66548,0.66851,0.03282,0.88688,0.10807,0.03939,0.49951,0.12658
484," Click Add Current View to add a snapshot of the current view to the reply.
Click Save to",cau_dmd,0.5,1,25,0.62047,0.82411,1.18749,1.18616,0.40012,0.88688,0.06277,0.01517,1.00777,0.16455
484," Click Add Current View to add a snapshot of the current view to the reply.
Click Save to",cau_dmd,0.7,1,26,0.75423,0.85497,1.57448,1.56963,0.40028,0.88688,0.03191,0.00439,1.37992,0.19017
484," Click Add Current View to add a snapshot of the current view to the reply.
Click Save to",cau_dmd,0.9,1,28,0.91555,0.90821,2.54562,2.5316,0.39495,0.88688,0.02133,0.00256,2.28486,0.2582
484," Click Add Current View to add a snapshot of the current view to the reply.
Click Save to",cau_dmd,0.99,1,32,0.99262,0.95786,4.77315,4.73693,0.61631,0.88688,0.07098,0.04342,4.27482,0.45491
484," Click Add Current View to add a snapshot of the current view to the reply.
Click Save to",dua_dmd,0.3,1,27,0.32012,0.89716,0.47008,0.45367,0.02549,0.88688,0.01028,0.00056,0.17982,0.2897
484," Click Add Current View to add a snapshot of the current view to the reply.
Click Save to",dua_dmd,0.5,1,36,0.50955,0.89823,1.08439,1.03518,0.03058,0.88688,0.01135,0.00068,0.35631,0.7274
484," Click Add Current View to add a snapshot of the current view to the reply.
Click Save to",dua_dmd,0.7,1,46,0.70535,0.89201,1.81807,1.72838,0.03154,0.88688,0.00513,0.00013,0.54758,1.27035
484," Click Add Current View to add a snapshot of the current view to the reply.
Click Save to",dua_dmd,0.9,1,57,0.90355,0.88833,2.65711,2.52681,0.03681,0.88688,0.00145,1e-05,0.77646,1.88064
484," Click Add Current View to add a snapshot of the current view to the reply.
Click Save to",dua_dmd,0.99,1,66,0.99237,0.88813,3.25333,3.10417,0.03815,0.88688,0.00125,1e-05,0.9741,2.27923
460,<bos>Fear and anxiety are two different things. Some of us fear investing because we don’t,euc_ctx,0.3,1,37,0.31978,0.46295,1.20409,1.20868,0.49676,0.9445,0.48156,0.54751,0.60539,0.05119
460,<bos>Fear and anxiety are two different things. Some of us fear investing because we don’t,euc_ctx,0.5,1,40,0.52581,0.48612,1.34568,1.34907,0.49673,0.9445,0.45838,0.50382,0.78286,0.059
460,<bos>Fear and anxiety are two different things. Some of us fear investing because we don’t,euc_ctx,0.7,1,43,0.72191,0.55084,1.44234,1.44391,0.46438,0.9445,0.39366,0.39324,0.98122,0.06788
460,<bos>Fear and anxiety are two different things. Some of us fear investing because we don’t,euc_ctx,0.9,1,48,0.91321,0.7059,1.56014,1.55685,0.46387,0.9445,0.2386,0.18248,1.29135,0.08631
460,<bos>Fear and anxiety are two different things. Some of us fear investing because we don’t,euc_ctx,0.99,1,57,0.99194,0.89033,1.91038,1.89379,0.37841,0.9445,0.05417,0.01798,1.75307,0.13933
460,<bos>Fear and anxiety are two different things. Some of us fear investing because we don’t,cau_ctx,0.3,1,68,0.3112,0.21403,1.76021,1.7543,0.3926,0.9445,0.73047,1.25503,0.37659,0.12858
460,<bos>Fear and anxiety are two different things. Some of us fear investing because we don’t,cau_ctx,0.5,1,73,0.50023,0.17454,2.05188,2.04281,0.44129,0.9445,0.76996,1.44498,0.45416,0.15274
460,<bos>Fear and anxiety are two different things. Some of us fear investing because we don’t,cau_ctx,0.7,1,79,0.72248,0.15609,2.30067,2.28757,0.43319,0.9445,0.78841,1.54926,0.56766,0.18375
460,<bos>Fear and anxiety are two different things. Some of us fear investing because we don’t,cau_ctx,0.9,1,87,0.90323,0.16288,2.46106,2.44241,0.3885,0.9445,0.78162,1.50949,0.72399,0.22758
460,<bos>Fear and anxiety are two different things. Some of us fear investing because we don’t,cau_ctx,0.99,1,102,0.99039,0.21783,2.5297,2.50024,0.37046,0.9445,0.72668,1.23871,0.97654,0.31444
460,<bos>Fear and anxiety are two different things. Some of us fear investing because we don’t,dua_ctx,0.3,1,55,0.30454,0.83021,0.18368,0.17886,0.0095,0.9445,0.11429,0.05976,0.04667,0.07724
460,<bos>Fear and anxiety are two different things. Some of us fear investing because we don’t,dua_ctx,0.5,1,68,0.50278,0.81152,0.27789,0.2684,0.0099,0.9445,0.13299,0.07548,0.07953,0.12287
460,<bos>Fear and anxiety are two different things. Some of us fear investing because we don’t,dua_ctx,0.7,1,81,0.70139,0.79765,0.39961,0.38278,0.01034,0.9445,0.14685,0.08782,0.12992,0.18188
460,<bos>Fear and anxiety are two different things. Some of us fear investing because we don’t,dua_ctx,0.9,1,97,0.90692,0.79117,0.58361,0.55351,0.00953,0.9445,0.15333,0.09377,0.21042,0.27942
460,<bos>Fear and anxiety are two different things. Some of us fear investing because we don’t,dua_ctx,0.99,1,111,0.99104,0.80167,0.7625,0.71631,0.00924,0.9445,0.14284,0.08418,0.27634,0.40198
460,<bos>Fear and anxiety are two different things. Some of us fear investing because we don’t,euc_unemb,0.3,1,20,0.32265,0.65743,0.36243,0.37027,0.00858,0.9445,0.28707,0.2412,0.08545,0.03578
460,<bos>Fear and anxiety are two different things. Some of us fear investing because we don’t,euc_unemb,0.5,1,22,0.5827,0.6964,0.32685,0.33366,0.00758,0.9445,0.2481,0.19351,0.08987,0.04347
460,<bos>Fear and anxiety are two different things. Some of us fear investing because we don’t,euc_unemb,0.7,1,23,0.70466,0.73261,0.29755,0.30321,0.00748,0.9445,0.21189,0.15268,0.09656,0.04831
460,<bos>Fear and anxiety are two different things. Some of us fear investing because we don’t,euc_unemb,0.9,1,26,0.92177,0.84629,0.25573,0.25549,0.00564,0.9445,0.09822,0.04717,0.13796,0.07061
460,<bos>Fear and anxiety are two different things. Some of us fear investing because we don’t,euc_unemb,0.99,1,31,0.99385,0.91838,0.38462,0.37031,0.02094,0.9445,0.02612,0.00508,0.22566,0.15388
460,<bos>Fear and anxiety are two different things. Some of us fear investing because we don’t,cau_unemb,0.3,1,22,0.392,0.48966,0.63431,0.64366,0.09059,0.9445,0.45484,0.49736,0.09855,0.03841
460,<bos>Fear and anxiety are two different things. Some of us fear investing because we don’t,cau_unemb,0.5,1,23,0.51308,0.50616,0.60274,0.61182,0.03057,0.9445,0.43835,0.46788,0.09348,0.04137
460,<bos>Fear and anxiety are two different things. Some of us fear investing because we don’t,cau_unemb,0.7,1,25,0.73612,0.57966,0.47669,0.4845,0.02976,0.9445,0.36484,0.34875,0.07988,0.04806
460,<bos>Fear and anxiety are two different things. Some of us fear investing because we don’t,cau_unemb,0.9,1,28,0.92133,0.73541,0.28263,0.28637,0.00686,0.9445,0.2091,0.14967,0.07135,0.06161
460,<bos>Fear and anxiety are two different things. Some of us fear investing because we don’t,cau_unemb,0.99,1,33,0.9916,0.88894,0.21903,0.21195,0.00628,0.9445,0.05556,0.01876,0.09296,0.1073
460,<bos>Fear and anxiety are two different things. Some of us fear investing because we don’t,dua_unemb,0.3,1,24,0.30899,0.89938,0.07218,0.07251,0.00627,0.9445,0.04512,0.01321,0.01986,0.03911
460,<bos>Fear and anxiety are two different things. Some of us fear investing because we don’t,dua_unemb,0.5,1,29,0.52155,0.90669,0.12232,0.11965,0.00398,0.9445,0.03781,0.00975,0.04586,0.06671
460,<bos>Fear and anxiety are two different things. Some of us fear investing because we don’t,dua_unemb,0.7,1,34,0.7203,0.91308,0.20329,0.19569,0.00714,0.9445,0.03143,0.00706,0.08818,0.10805
460,<bos>Fear and anxiety are two different things. Some of us fear investing because we don’t,dua_unemb,0.9,1,40,0.91146,0.91691,0.34735,0.33035,0.00738,0.9445,0.02759,0.0056,0.15549,0.18626
460,<bos>Fear and anxiety are two different things. Some of us fear investing because we don’t,dua_unemb,0.99,1,46,0.99182,0.91458,0.54572,0.51345,0.00755,0.9445,0.02992,0.00647,0.22363,0.31562
460,<bos>Fear and anxiety are two different things. Some of us fear investing because we don’t,euc_dmd,0.3,1,18,0.39009,0.75447,1.41164,1.41312,0.48356,0.9445,0.19004,0.12965,1.24713,0.03486
460,<bos>Fear and anxiety are two different things. Some of us fear investing because we don’t,euc_dmd,0.5,1,19,0.54386,0.78734,1.60436,1.6037,0.48375,0.9445,0.15717,0.09735,1.46804,0.03897
460,<bos>Fear and anxiety are two different things. Some of us fear investing because we don’t,euc_dmd,0.7,1,21,0.80494,0.87239,2.054,2.04686,0.47612,0.9445,0.07212,0.02881,1.97585,0.04933
460,<bos>Fear and anxiety are two different things. Some of us fear investing because we don’t,euc_dmd,0.9,1,23,0.93425,0.93686,2.53728,2.52134,0.39787,0.9445,0.00764,0.00051,2.47219,0.06457
460,<bos>Fear and anxiety are two different things. Some of us fear investing because we don’t,euc_dmd,0.99,1,27,0.99402,0.98235,3.42964,3.3939,0.37682,0.9445,0.03785,0.02648,3.2817,0.12145
460,<bos>Fear and anxiety are two different things. Some of us fear investing because we don’t,cau_dmd,0.3,1,18,0.3877,0.58615,1.37728,1.38403,0.49069,0.9445,0.35835,0.3391,1.01086,0.02732
460,<bos>Fear and anxiety are two different things. Some of us fear investing because we don’t,cau_dmd,0.5,1,19,0.54583,0.62334,1.58388,1.58894,0.52283,0.9445,0.32116,0.28622,1.26754,0.03011
460,<bos>Fear and anxiety are two different things. Some of us fear investing because we don’t,cau_dmd,0.7,1,21,0.8115,0.74817,2.09619,2.09579,0.52314,0.9445,0.19634,0.13616,1.92326,0.03677
460,<bos>Fear and anxiety are two different things. Some of us fear investing because we don’t,cau_dmd,0.9,1,23,0.93862,0.86802,2.69124,2.68287,0.52287,0.9445,0.07648,0.03168,2.61355,0.04601
460,<bos>Fear and anxiety are two different things. Some of us fear investing because we don’t,cau_dmd,0.99,1,26,0.99018,0.9554,3.53833,3.51568,0.508,0.9445,0.0109,0.0013,3.46707,0.06996
460,<bos>Fear and anxiety are two different things. Some of us fear investing because we don’t,dua_dmd,0.3,1,21,0.32095,0.90021,0.13049,0.12727,0.00979,0.9445,0.04429,0.0128,0.08571,0.03198
460,<bos>Fear and anxiety are two different things. Some of us fear investing because we don’t,dua_dmd,0.5,1,25,0.54938,0.92104,0.20537,0.19572,0.0099,0.9445,0.02346,0.00419,0.15073,0.05046
460,<bos>Fear and anxiety are two different things. Some of us fear investing because we don’t,dua_dmd,0.7,1,28,0.70174,0.93907,0.27945,0.26353,0.08969,0.9445,0.00543,0.00027,0.20999,0.0692
460,<bos>Fear and anxiety are two different things. Some of us fear investing because we don’t,dua_dmd,0.9,1,34,0.91213,0.96879,0.47364,0.4414,0.08994,0.9445,0.02429,0.00796,0.33629,0.12939
460,<bos>Fear and anxiety are two different things. Some of us fear investing because we don’t,dua_dmd,0.99,1,40,0.99111,0.98117,0.72429,0.6708,0.34951,0.9445,0.03667,0.02401,0.45177,0.24852
199,"s a studio which messes with design theory only to improve it, leaving the rest of us scrambling to",euc_ctx,0.3,1,33,0.31508,0.35261,0.94395,0.9536,0.37253,0.87325,0.52064,0.58521,0.16046,0.19828
199,"s a studio which messes with design theory only to improve it, leaving the rest of us scrambling to",euc_ctx,0.5,1,36,0.54236,0.34786,1.05316,1.06058,0.02598,0.87325,0.5254,0.59615,0.21657,0.24044
199,"s a studio which messes with design theory only to improve it, leaving the rest of us scrambling to",euc_ctx,0.7,1,39,0.75197,0.38367,1.09383,1.09802,0.02583,0.87325,0.48958,0.51774,0.28788,0.28821
199,"s a studio which messes with design theory only to improve it, leaving the rest of us scrambling to",euc_ctx,0.9,1,43,0.91271,0.47336,1.09137,1.08966,0.02639,0.87325,0.3999,0.35423,0.37432,0.36282
199,"s a studio which messes with design theory only to improve it, leaving the rest of us scrambling to",euc_ctx,0.99,1,51,0.99145,0.63871,1.1916,1.17377,0.02451,0.87325,0.23455,0.14037,0.4905,0.56073
199,"s a studio which messes with design theory only to improve it, leaving the rest of us scrambling to",cau_ctx,0.3,1,61,0.33217,0.28275,1.29288,1.29874,0.29323,0.87325,0.5905,0.76504,0.2554,0.27244
199,"s a studio which messes with design theory only to improve it, leaving the rest of us scrambling to",cau_ctx,0.5,1,65,0.50085,0.26062,1.4654,1.46881,0.29353,0.87325,0.61263,0.83236,0.31525,0.31779
199,"s a studio which messes with design theory only to improve it, leaving the rest of us scrambling to",cau_ctx,0.7,1,70,0.70707,0.25765,1.63858,1.63813,0.2937,0.87325,0.6156,0.84186,0.41564,0.38108
199,"s a studio which messes with design theory only to improve it, leaving the rest of us scrambling to",cau_ctx,0.9,1,78,0.90783,0.29123,1.84398,1.83562,0.36287,0.87325,0.58203,0.74077,0.6044,0.49882
199,"s a studio which messes with design theory only to improve it, leaving the rest of us scrambling to",cau_ctx,0.99,1,92,0.99147,0.36657,2.23576,2.20957,0.36061,0.87325,0.50669,0.55409,0.92818,0.75349
199,"s a studio which messes with design theory only to improve it, leaving the rest of us scrambling to",dua_ctx,0.3,1,46,0.30512,0.73878,0.33288,0.33064,0.0126,0.87325,0.13447,0.05437,0.07308,0.20543
199,"s a studio which messes with design theory only to improve it, leaving the rest of us scrambling to",dua_ctx,0.5,1,56,0.50451,0.72565,0.50206,0.49162,0.01447,0.87325,0.1476,0.06381,0.11619,0.32206
199,"s a studio which messes with design theory only to improve it, leaving the rest of us scrambling to",dua_ctx,0.7,1,66,0.70208,0.71498,0.71713,0.69589,0.01703,0.87325,0.15827,0.07191,0.16928,0.47594
199,"s a studio which messes with design theory only to improve it, leaving the rest of us scrambling to",dua_ctx,0.9,1,78,0.90323,0.70796,1.03111,0.99328,0.01858,0.87325,0.16529,0.07745,0.23871,0.71496
199,"s a studio which messes with design theory only to improve it, leaving the rest of us scrambling to",dua_ctx,0.99,1,90,0.99197,0.7174,1.41594,1.35571,0.01944,0.87325,0.15585,0.07004,0.3056,1.0403
199,"s a studio which messes with design theory only to improve it, leaving the rest of us scrambling to",euc_unemb,0.3,1,18,0.38774,0.63455,0.29008,0.30207,0.01887,0.87325,0.23871,0.14462,0.04167,0.10379
199,"s a studio which messes with design theory only to improve it, leaving the rest of us scrambling to",euc_unemb,0.5,1,19,0.53828,0.65307,0.31088,0.32151,0.02018,0.87325,0.22018,0.12609,0.06172,0.12308
199,"s a studio which messes with design theory only to improve it, leaving the rest of us scrambling to",euc_unemb,0.7,1,21,0.79801,0.71553,0.45509,0.46073,0.02156,0.87325,0.15773,0.07149,0.20461,0.179
199,"s a studio which messes with design theory only to improve it, leaving the rest of us scrambling to",euc_unemb,0.9,1,23,0.93049,0.77081,0.73,0.72811,0.02639,0.87325,0.10244,0.03389,0.43042,0.26568
199,"s a studio which messes with design theory only to improve it, leaving the rest of us scrambling to",euc_unemb,0.99,1,27,0.99353,0.80469,1.32732,1.30691,0.12641,0.87325,0.06856,0.0166,0.79201,0.51871
199,"s a studio which messes with design theory only to improve it, leaving the rest of us scrambling to",cau_unemb,0.3,1,20,0.31489,0.5507,0.46819,0.48116,0.37093,0.87325,0.32255,0.2422,0.09612,0.12987
199,"s a studio which messes with design theory only to improve it, leaving the rest of us scrambling to",cau_unemb,0.5,1,22,0.56397,0.5823,0.41642,0.42743,0.02256,0.87325,0.29096,0.20272,0.0515,0.1622
199,"s a studio which messes with design theory only to improve it, leaving the rest of us scrambling to",cau_unemb,0.7,1,24,0.784,0.6522,0.4496,0.45674,0.01978,0.87325,0.22106,0.12694,0.11703,0.20563
199,"s a studio which messes with design theory only to improve it, leaving the rest of us scrambling to",cau_unemb,0.9,1,26,0.91039,0.72573,0.58964,0.59106,0.02031,0.87325,0.14752,0.06375,0.25984,0.26605
199,"s a studio which messes with design theory only to improve it, leaving the rest of us scrambling to",cau_unemb,0.99,1,31,0.99249,0.80815,1.08342,1.0661,0.07856,0.87325,0.06511,0.01512,0.5636,0.5047
199,"s a studio which messes with design theory only to improve it, leaving the rest of us scrambling to",dua_unemb,0.3,1,20,0.31703,0.81294,0.12159,0.12647,0.00699,0.87325,0.06031,0.01316,0.01998,0.08845
199,"s a studio which messes with design theory only to improve it, leaving the rest of us scrambling to",dua_unemb,0.5,1,23,0.50112,0.8252,0.19398,0.19446,0.00829,0.87325,0.04805,0.00868,0.0353,0.15
199,"s a studio which messes with design theory only to improve it, leaving the rest of us scrambling to",dua_unemb,0.7,1,27,0.71749,0.83922,0.34869,0.33956,0.0161,0.87325,0.03403,0.00457,0.06071,0.28342
199,"s a studio which messes with design theory only to improve it, leaving the rest of us scrambling to",dua_unemb,0.9,1,33,0.91081,0.83626,0.71009,0.6791,0.02274,0.87325,0.03699,0.00534,0.09274,0.61201
199,"s a studio which messes with design theory only to improve it, leaving the rest of us scrambling to",dua_unemb,0.99,1,40,0.99115,0.81406,1.23527,1.17271,0.02572,0.87325,0.0592,0.01272,0.12356,1.09898
199,"s a studio which messes with design theory only to improve it, leaving the rest of us scrambling to",euc_dmd,0.3,1,18,0.37656,0.62335,0.51765,0.52852,0.37195,0.87325,0.24991,0.15635,0.25908,0.10222
199,"s a studio which messes with design theory only to improve it, leaving the rest of us scrambling to",euc_dmd,0.5,1,19,0.53629,0.64425,0.62806,0.63731,0.02829,0.87325,0.229,0.13478,0.3708,0.12248
199,"s a studio which messes with design theory only to improve it, leaving the rest of us scrambling to",euc_dmd,0.7,1,21,0.81119,0.71974,1.00141,1.00481,0.0829,0.87325,0.15352,0.06826,0.75199,0.18117
199,"s a studio which messes with design theory only to improve it, leaving the rest of us scrambling to",euc_dmd,0.9,1,23,0.94193,0.7911,1.57975,1.57429,0.32672,0.87325,0.08215,0.02295,1.28524,0.27157
199,"s a studio which messes with design theory only to improve it, leaving the rest of us scrambling to",euc_dmd,0.99,1,26,0.99187,0.84641,2.64684,2.62526,0.35802,0.87325,0.02684,0.00292,2.18306,0.46086
199,"s a studio which messes with design theory only to improve it, leaving the rest of us scrambling to",cau_dmd,0.3,1,22,0.42545,0.62447,0.93067,0.9416,0.44004,0.87325,0.24878,0.15515,0.63572,0.1398
199,"s a studio which messes with design theory only to improve it, leaving the rest of us scrambling to",cau_dmd,0.5,1,23,0.57093,0.65668,1.04978,1.05901,0.2819,0.87325,0.21658,0.1226,0.76963,0.15755
199,"s a studio which messes with design theory only to improve it, leaving the rest of us scrambling to",cau_dmd,0.7,1,24,0.70652,0.70035,1.2187,1.22548,0.28089,0.87325,0.1729,0.08362,0.95608,0.179
199,"s a studio which messes with design theory only to improve it, leaving the rest of us scrambling to",cau_dmd,0.9,1,27,0.93642,0.83217,2.04591,2.04121,0.27218,0.87325,0.04108,0.0065,1.76429,0.27513
199,"s a studio which messes with design theory only to improve it, leaving the rest of us scrambling to",cau_dmd,0.99,1,31,0.99423,0.9131,3.56492,3.5397,0.32684,0.87325,0.03985,0.00887,3.07144,0.4846
199,"s a studio which messes with design theory only to improve it, leaving the rest of us scrambling to",dua_dmd,0.3,1,21,0.32582,0.82317,0.28566,0.28815,0.01957,0.87325,0.05009,0.00937,0.18234,0.09394
199,"s a studio which messes with design theory only to improve it, leaving the rest of us scrambling to",dua_dmd,0.5,1,25,0.51823,0.85246,0.50877,0.50457,0.02483,0.87325,0.02079,0.00179,0.33689,0.17009
199,"s a studio which messes with design theory only to improve it, leaving the rest of us scrambling to",dua_dmd,0.7,1,30,0.70396,0.87576,0.89355,0.87581,0.0286,0.87325,0.00251,3e-05,0.55047,0.34305
199,"s a studio which messes with design theory only to improve it, leaving the rest of us scrambling to",dua_dmd,0.9,1,44,0.91018,0.86334,2.37632,2.30046,0.08473,0.87325,0.00991,0.00043,1.17377,1.20212
199,"s a studio which messes with design theory only to improve it, leaving the rest of us scrambling to",dua_dmd,0.99,1,54,0.99021,0.8504,3.64734,3.52653,0.12771,0.87325,0.02285,0.00215,1.74629,1.8989
347,<bos>It seems as though every other person you,euc_ctx,0.3,1,30,0.31342,0.12822,1.95438,1.95329,0.46428,0.89891,0.77069,1.53278,0.16202,0.25957
347,<bos>It seems as though every other person you,euc_ctx,0.5,1,33,0.53186,0.10565,2.26397,2.26001,0.48254,0.89891,0.79327,1.70426,0.25686,0.30285
347,<bos>It seems as though every other person you,euc_ctx,0.7,1,36,0.73894,0.10337,2.45488,2.44807,0.4928,0.89891,0.79554,1.72356,0.38416,0.34716
347,<bos>It seems as though every other person you,euc_ctx,0.9,1,40,0.9054,0.12315,2.53295,2.52238,0.48884,0.89891,0.77576,1.56845,0.55689,0.40761
347,<bos>It seems as though every other person you,euc_ctx,0.99,1,48,0.99095,0.21984,2.39499,2.37649,0.47939,0.89891,0.67908,1.05937,0.80292,0.5327
347,<bos>It seems as though every other person you,cau_ctx,0.3,1,55,0.30459,0.12794,2.23567,2.22931,0.46876,0.89891,0.77098,1.53474,0.35652,0.34441
347,<bos>It seems as though every other person you,cau_ctx,0.5,1,61,0.53043,0.10124,2.58748,2.57728,0.47814,0.89891,0.79767,1.74209,0.44087,0.40452
347,<bos>It seems as though every other person you,cau_ctx,0.7,1,66,0.71214,0.09603,2.75268,2.73931,0.48954,0.89891,0.80289,1.789,0.5081,0.45558
347,<bos>It seems as though every other person you,cau_ctx,0.9,1,75,0.90923,0.11181,2.81187,2.79283,0.48885,0.89891,0.78711,1.65402,0.6085,0.54935
347,<bos>It seems as though every other person you,cau_ctx,0.99,1,90,0.99006,0.18334,2.6818,2.65286,0.46718,0.89891,0.71557,1.21792,0.7532,0.71067
347,<bos>It seems as though every other person you,dua_ctx,0.3,1,45,0.30435,0.69455,0.31172,0.31101,0.01209,0.89891,0.20436,0.12007,0.01627,0.17539
347,<bos>It seems as though every other person you,dua_ctx,0.5,1,55,0.51371,0.66774,0.43687,0.43172,0.01786,0.89891,0.23117,0.14695,0.02631,0.26361
347,<bos>It seems as though every other person you,dua_ctx,0.7,1,64,0.70418,0.65293,0.56656,0.55569,0.01838,0.89891,0.24598,0.1627,0.04097,0.36289
347,<bos>It seems as though every other person you,dua_ctx,0.9,1,76,0.9074,0.65489,0.75404,0.73269,0.0185,0.89891,0.24402,0.16058,0.0689,0.52456
347,<bos>It seems as though every other person you,dua_ctx,0.99,1,88,0.99054,0.68609,0.95964,0.92411,0.01606,0.89891,0.21282,0.12832,0.10397,0.72734
347,<bos>It seems as though every other person you,euc_unemb,0.3,1,16,0.35702,0.48558,0.57506,0.58256,0.02042,0.89891,0.41333,0.38911,0.07972,0.10624
347,<bos>It seems as though every other person you,euc_unemb,0.5,1,18,0.64251,0.50792,0.67646,0.68173,0.34684,0.89891,0.391,0.35317,0.18632,0.13696
347,<bos>It seems as though every other person you,euc_unemb,0.7,1,19,0.76417,0.54524,0.72579,0.72934,0.36499,0.89891,0.35367,0.29741,0.27422,0.15416
347,<bos>It seems as though every other person you,euc_unemb,0.9,1,21,0.91363,0.64784,0.85572,0.85466,0.45012,0.89891,0.25107,0.16826,0.49426,0.1932
347,<bos>It seems as though every other person you,euc_unemb,0.99,1,25,0.99137,0.81699,1.27801,1.26429,0.45472,0.89891,0.08192,0.0259,0.9535,0.29861
347,<bos>It seems as though every other person you,cau_unemb,0.3,1,18,0.40954,0.38083,0.75626,0.76382,0.28571,0.89891,0.51808,0.5888,0.0521,0.11536
347,<bos>It seems as though every other person you,cau_unemb,0.5,1,19,0.53908,0.3839,0.77258,0.7793,0.28749,0.89891,0.51502,0.5821,0.06209,0.12839
347,<bos>It seems as though every other person you,cau_unemb,0.7,1,21,0.7687,0.4331,0.77005,0.77444,0.08492,0.89891,0.46581,0.48211,0.1316,0.15635
347,<bos>It seems as though every other person you,cau_unemb,0.9,1,23,0.90418,0.52551,0.7755,0.77661,0.11452,0.89891,0.3734,0.32624,0.26214,0.18712
347,<bos>It seems as though every other person you,cau_unemb,0.99,1,28,0.99224,0.76518,0.97771,0.96711,0.12564,0.89891,0.13374,0.0596,0.63634,0.28178
347,<bos>It seems as though every other person you,dua_unemb,0.3,1,19,0.35766,0.80392,0.12088,0.12305,0.00701,0.89891,0.095,0.03342,0.01685,0.07061
347,<bos>It seems as though every other person you,dua_unemb,0.5,1,22,0.53856,0.81855,0.16204,0.16125,0.0618,0.89891,0.08037,0.02505,0.03372,0.10327
347,<bos>It seems as though every other person you,dua_unemb,0.7,1,26,0.73858,0.84251,0.25193,0.24497,0.0622,0.89891,0.0564,0.01343,0.06672,0.17178
347,<bos>It seems as though every other person you,dua_unemb,0.9,1,31,0.90532,0.86744,0.43062,0.41245,0.08354,0.89891,0.03147,0.00464,0.12163,0.30435
347,<bos>It seems as though every other person you,dua_unemb,0.99,1,38,0.99175,0.88484,0.78816,0.74863,0.08547,0.89891,0.01407,0.00101,0.20818,0.57897
347,<bos>It seems as though every other person you,euc_dmd,0.3,1,16,0.32921,0.31969,1.27461,1.27632,0.37195,0.89891,0.57922,0.73659,0.37152,0.1665
347,<bos>It seems as though every other person you,euc_dmd,0.5,1,18,0.62577,0.31735,1.59532,1.59332,0.46524,0.89891,0.58156,0.74286,0.64242,0.21005
347,<bos>It seems as though every other person you,euc_dmd,0.7,1,19,0.75654,0.34444,1.75694,1.75263,0.48442,0.89891,0.55447,0.67332,0.85043,0.23319
347,<bos>It seems as though every other person you,euc_dmd,0.9,1,21,0.91572,0.44547,2.09212,2.08229,0.48726,0.89891,0.45344,0.45902,1.35087,0.28223
347,<bos>It seems as though every other person you,euc_dmd,0.99,1,25,0.99285,0.70393,2.91688,2.89232,0.50054,0.89891,0.19498,0.11116,2.41215,0.39357
347,<bos>It seems as though every other person you,cau_dmd,0.3,1,19,0.3296,0.33146,1.41541,1.41771,0.39867,0.89891,0.56745,0.70585,0.56663,0.14293
347,<bos>It seems as though every other person you,cau_dmd,0.5,1,21,0.59772,0.34173,1.67946,1.67859,0.43622,0.89891,0.55719,0.68001,0.82302,0.17644
347,<bos>It seems as though every other person you,cau_dmd,0.7,1,22,0.72367,0.37203,1.82484,1.82193,0.45891,0.89891,0.52688,0.60839,1.02185,0.1946
347,<bos>It seems as though every other person you,cau_dmd,0.9,1,25,0.93758,0.54432,2.36152,2.35027,0.48571,0.89891,0.35459,0.29872,1.80701,0.25579
347,<bos>It seems as though every other person you,cau_dmd,0.99,1,29,0.99404,0.78296,3.39566,3.36846,0.48783,0.89891,0.11596,0.0469,2.98971,0.35904
347,<bos>It seems as though every other person you,dua_dmd,0.3,1,19,0.33783,0.78589,0.22929,0.22842,0.01233,0.89891,0.11303,0.04492,0.11005,0.07432
347,<bos>It seems as though every other person you,dua_dmd,0.5,1,23,0.52935,0.81803,0.36058,0.35346,0.01358,0.89891,0.08089,0.02533,0.22467,0.11057
347,<bos>It seems as though every other person you,dua_dmd,0.7,1,28,0.70776,0.85843,0.57535,0.55787,0.01805,0.89891,0.04048,0.00738,0.38463,0.18335
347,<bos>It seems as though every other person you,dua_dmd,0.9,1,36,0.91012,0.89682,1.11492,1.0752,0.09577,0.89891,0.00209,2e-05,0.72265,0.39224
347,<bos>It seems as though every other person you,dua_dmd,0.99,1,44,0.99175,0.90863,2.02342,1.95444,0.11179,0.89891,0.00972,0.00055,1.29478,0.72809
280, when you talking to someone and hook up later. I don&apos;t know how else to,euc_ctx,0.3,1,32,0.33733,0.60476,0.38271,0.39039,0.05613,0.92372,0.31896,0.26579,0.05024,0.06669
280, when you talking to someone and hook up later. I don&apos;t know how else to,euc_ctx,0.5,1,35,0.52594,0.61254,0.36894,0.37519,0.05618,0.92372,0.31118,0.25549,0.03385,0.0796
280, when you talking to someone and hook up later. I don&apos;t know how else to,euc_ctx,0.7,1,38,0.7069,0.64866,0.33332,0.33724,0.05603,0.92372,0.27507,0.21004,0.02876,0.09452
280, when you talking to someone and hook up later. I don&apos;t know how else to,euc_ctx,0.9,1,44,0.91877,0.75649,0.27433,0.27104,0.00808,0.92372,0.16723,0.09595,0.04484,0.13355
280, when you talking to someone and hook up later. I don&apos;t know how else to,euc_ctx,0.99,1,53,0.99121,0.85404,0.31526,0.29724,0.00391,0.92372,0.06969,0.02295,0.06447,0.22784
280, when you talking to someone and hook up later. I don&apos;t know how else to,cau_ctx,0.3,1,60,0.30293,0.44885,0.66494,0.67168,0.06586,0.92372,0.47488,0.51584,0.03381,0.11529
280, when you talking to someone and hook up later. I don&apos;t know how else to,cau_ctx,0.5,1,66,0.50123,0.41519,0.75893,0.76385,0.32755,0.92372,0.50854,0.58332,0.03559,0.14002
280, when you talking to someone and hook up later. I don&apos;t know how else to,cau_ctx,0.7,1,73,0.72828,0.41519,0.8123,0.81404,0.06876,0.92372,0.50854,0.58332,0.05569,0.17329
280, when you talking to someone and hook up later. I don&apos;t know how else to,cau_ctx,0.9,1,82,0.90488,0.45592,0.82517,0.82128,0.06655,0.92372,0.4678,0.50237,0.09874,0.22407
280, when you talking to someone and hook up later. I don&apos;t know how else to,cau_ctx,0.99,1,99,0.99069,0.53588,0.90006,0.88216,0.05649,0.92372,0.38784,0.36523,0.18901,0.34582
280, when you talking to someone and hook up later. I don&apos;t know how else to,dua_ctx,0.3,1,50,0.30624,0.81618,0.17272,0.17081,0.0028,0.92372,0.10754,0.04725,0.01978,0.1057
280, when you talking to someone and hook up later. I don&apos;t know how else to,dua_ctx,0.5,1,65,0.50945,0.77775,0.30089,0.29118,0.00384,0.92372,0.14597,0.07731,0.03558,0.18799
280, when you talking to someone and hook up later. I don&apos;t know how else to,dua_ctx,0.7,1,80,0.70962,0.75068,0.46637,0.44451,0.00428,0.92372,0.17305,0.10127,0.06923,0.29586
280, when you talking to someone and hook up later. I don&apos;t know how else to,dua_ctx,0.9,1,98,0.90533,0.7396,0.69508,0.65309,0.00672,0.92372,0.18413,0.11169,0.12087,0.46251
280, when you talking to someone and hook up later. I don&apos;t know how else to,dua_ctx,0.99,1,114,0.99091,0.75097,0.91776,0.85309,0.02187,0.92372,0.17276,0.10101,0.15884,0.65792
280, when you talking to someone and hook up later. I don&apos;t know how else to,euc_unemb,0.3,1,16,0.37325,0.85125,0.07134,0.07405,0.00145,0.92372,0.07247,0.02453,0.02024,0.02657
280, when you talking to someone and hook up later. I don&apos;t know how else to,euc_unemb,0.5,1,17,0.50624,0.86562,0.09062,0.09183,0.00152,0.92372,0.05811,0.01682,0.04211,0.03169
280, when you talking to someone and hook up later. I don&apos;t know how else to,euc_unemb,0.7,1,19,0.75261,0.90489,0.17,0.16635,0.35782,0.92372,0.01883,0.0022,0.12123,0.04658
280, when you talking to someone and hook up later. I don&apos;t know how else to,euc_unemb,0.9,1,21,0.9004,0.9389,0.28795,0.27734,0.35864,0.92372,0.01518,0.00187,0.21471,0.07137
280, when you talking to someone and hook up later. I don&apos;t know how else to,euc_unemb,0.99,1,26,0.99282,0.97073,0.58788,0.55616,0.36162,0.92372,0.047,0.0272,0.36728,0.1934
280, when you talking to someone and hook up later. I don&apos;t know how else to,cau_unemb,0.3,1,18,0.39417,0.65539,0.25676,0.26545,0.01875,0.92372,0.26833,0.20198,0.01654,0.03824
280, when you talking to someone and hook up later. I don&apos;t know how else to,cau_unemb,0.5,1,19,0.51314,0.66988,0.25176,0.2596,0.01864,0.92372,0.25384,0.18505,0.02418,0.04253
280, when you talking to someone and hook up later. I don&apos;t know how else to,cau_unemb,0.7,1,21,0.73427,0.72826,0.24242,0.24739,0.01862,0.92372,0.19547,0.12272,0.06694,0.05277
280, when you talking to someone and hook up later. I don&apos;t know how else to,cau_unemb,0.9,1,24,0.92127,0.8351,0.26948,0.26736,0.37363,0.92372,0.08862,0.03436,0.15986,0.07525
280, when you talking to someone and hook up later. I don&apos;t know how else to,cau_unemb,0.99,1,29,0.99229,0.92448,0.41345,0.39556,0.36031,0.92372,0.00075,0.0,0.26353,0.14991
280, when you talking to someone and hook up later. I don&apos;t know how else to,dua_unemb,0.3,1,20,0.30527,0.90335,0.04906,0.04775,0.00101,0.92372,0.02037,0.00254,0.01309,0.03342
280, when you talking to someone and hook up later. I don&apos;t know how else to,dua_unemb,0.5,1,26,0.53028,0.90865,0.10182,0.09402,0.00176,0.92372,0.01507,0.00144,0.02252,0.07786
280, when you talking to someone and hook up later. I don&apos;t know how else to,dua_unemb,0.7,1,32,0.7236,0.91227,0.20425,0.1859,0.01888,0.92372,0.01145,0.00085,0.04867,0.15473
280, when you talking to someone and hook up later. I don&apos;t know how else to,dua_unemb,0.9,1,40,0.91248,0.91162,0.43881,0.39941,0.02176,0.92372,0.0121,0.00095,0.11488,0.32298
280, when you talking to someone and hook up later. I don&apos;t know how else to,dua_unemb,0.99,1,47,0.99121,0.90862,0.72101,0.65574,0.02794,0.92372,0.0151,0.00145,0.17345,0.5461
280, when you talking to someone and hook up later. I don&apos;t know how else to,euc_dmd,0.3,1,16,0.35621,0.94202,0.10993,0.10357,0.00133,0.92372,0.01829,0.0028,0.08612,0.02101
280, when you talking to someone and hook up later. I don&apos;t know how else to,euc_dmd,0.5,1,18,0.62158,0.95996,0.23635,0.22497,0.3578,0.92372,0.03624,0.01362,0.18923,0.0335
280, when you talking to someone and hook up later. I don&apos;t know how else to,euc_dmd,0.7,1,19,0.73918,0.96883,0.33253,0.31763,0.35787,0.92372,0.0451,0.02422,0.26537,0.04295
280, when you talking to someone and hook up later. I don&apos;t know how else to,euc_dmd,0.9,1,22,0.93605,0.98591,0.67408,0.64574,0.36062,0.92372,0.06218,0.06863,0.51455,0.09089
280, when you talking to someone and hook up later. I don&apos;t know how else to,euc_dmd,0.99,1,26,0.99249,0.99308,1.09249,1.04363,0.36539,0.92372,0.06936,0.11622,0.77317,0.20311
280, when you talking to someone and hook up later. I don&apos;t know how else to,cau_dmd,0.3,1,19,0.34887,0.85982,0.12929,0.12949,0.01682,0.92372,0.06391,0.0198,0.08226,0.02722
280, when you talking to someone and hook up later. I don&apos;t know how else to,cau_dmd,0.5,1,21,0.5727,0.88559,0.20868,0.20581,0.35849,0.92372,0.03813,0.00802,0.16477,0.03589
280, when you talking to someone and hook up later. I don&apos;t know how else to,cau_dmd,0.7,1,23,0.77085,0.91862,0.34632,0.33852,0.35835,0.92372,0.00511,0.00018,0.29715,0.04899
280, when you talking to someone and hook up later. I don&apos;t know how else to,cau_dmd,0.9,1,26,0.93083,0.95535,0.61861,0.60075,0.35871,0.92372,0.03163,0.00975,0.52572,0.08314
280, when you talking to someone and hook up later. I don&apos;t know how else to,cau_dmd,0.99,1,31,0.99279,0.97623,1.07971,1.04217,0.36407,0.92372,0.05251,0.03787,0.84983,0.19201
280, when you talking to someone and hook up later. I don&apos;t know how else to,dua_dmd,0.3,1,21,0.32902,0.94299,0.07828,0.06807,0.00136,0.92372,0.01927,0.00314,0.0428,0.03234
280, when you talking to someone and hook up later. I don&apos;t know how else to,dua_dmd,0.5,1,26,0.50146,0.95798,0.15587,0.13661,0.00277,0.92372,0.03426,0.01184,0.07754,0.06648
280, when you talking to someone and hook up later. I don&apos;t know how else to,dua_dmd,0.7,1,33,0.70916,0.97151,0.34452,0.30693,0.00527,0.92372,0.04779,0.02853,0.14666,0.16934
280, when you talking to someone and hook up later. I don&apos;t know how else to,dua_dmd,0.9,1,43,0.9122,0.97922,0.74244,0.66818,0.00659,0.92372,0.0555,0.0453,0.25553,0.44161
280, when you talking to someone and hook up later. I don&apos;t know how else to,dua_dmd,0.99,1,51,0.99155,0.98458,1.11536,1.00675,0.01142,0.92372,0.06085,0.063,0.33953,0.71283
197," and Augmented Realities. Now, to put that in layman’s terms, it would be to",euc_ctx,0.3,1,37,0.30469,0.60945,0.51236,0.51595,0.03206,0.91248,0.30303,0.23738,0.10806,0.16692
197," and Augmented Realities. Now, to put that in layman’s terms, it would be to",euc_ctx,0.5,1,41,0.54722,0.6015,0.61475,0.61535,0.03163,0.91248,0.31098,0.24759,0.1623,0.20486
197," and Augmented Realities. Now, to put that in layman’s terms, it would be to",euc_ctx,0.7,1,44,0.7217,0.62635,0.66556,0.66284,0.03146,0.91248,0.28613,0.2163,0.21277,0.2365
197," and Augmented Realities. Now, to put that in layman’s terms, it would be to",euc_ctx,0.9,1,49,0.90294,0.70163,0.71651,0.70638,0.02981,0.91248,0.21084,0.13241,0.28778,0.29631
197," and Augmented Realities. Now, to put that in layman’s terms, it would be to",euc_ctx,0.99,1,59,0.99186,0.82761,0.87102,0.84184,0.03042,0.91248,0.08486,0.02975,0.39507,0.44621
197," and Augmented Realities. Now, to put that in layman’s terms, it would be to",cau_ctx,0.3,1,65,0.31765,0.43107,0.89008,0.89295,0.03191,0.91248,0.48141,0.52044,0.16563,0.20401
197," and Augmented Realities. Now, to put that in layman’s terms, it would be to",cau_ctx,0.5,1,71,0.52211,0.37749,1.12466,1.12406,0.40028,0.91248,0.53499,0.63367,0.24043,0.25056
197," and Augmented Realities. Now, to put that in layman’s terms, it would be to",cau_ctx,0.7,1,77,0.71916,0.35698,1.3048,1.2998,0.40032,0.91248,0.55549,0.68179,0.32197,0.30104
197," and Augmented Realities. Now, to put that in layman’s terms, it would be to",cau_ctx,0.9,1,86,0.90159,0.37043,1.45347,1.44059,0.40015,0.91248,0.54204,0.64989,0.42077,0.3828
197," and Augmented Realities. Now, to put that in layman’s terms, it would be to",cau_ctx,0.99,1,103,0.99015,0.44043,1.58549,1.55541,0.39929,0.91248,0.47205,0.50228,0.53085,0.55236
197," and Augmented Realities. Now, to put that in layman’s terms, it would be to",dua_ctx,0.3,1,61,0.30414,0.82427,0.50642,0.48874,0.03021,0.91248,0.08821,0.03176,0.16227,0.31239
197," and Augmented Realities. Now, to put that in layman’s terms, it would be to",dua_ctx,0.5,1,85,0.50064,0.83176,0.94614,0.89555,0.03155,0.91248,0.08071,0.02732,0.2623,0.65652
197," and Augmented Realities. Now, to put that in layman’s terms, it would be to",dua_ctx,0.7,1,111,0.70469,0.81932,1.53124,1.44128,0.03323,0.91248,0.09315,0.03482,0.40288,1.09355
197," and Augmented Realities. Now, to put that in layman’s terms, it would be to",dua_ctx,0.9,1,138,0.90458,0.80034,2.09327,1.97578,0.03414,0.91248,0.11214,0.04747,0.5716,1.4742
197," and Augmented Realities. Now, to put that in layman’s terms, it would be to",dua_ctx,0.99,1,157,0.99057,0.7933,2.34965,2.2196,0.03499,0.91248,0.11918,0.0525,0.67588,1.62127
197," and Augmented Realities. Now, to put that in layman’s terms, it would be to",euc_unemb,0.3,1,20,0.36847,0.80228,0.19014,0.1956,0.0129,0.91248,0.11019,0.04611,0.06021,0.08382
197," and Augmented Realities. Now, to put that in layman’s terms, it would be to",euc_unemb,0.5,1,22,0.61539,0.81006,0.30598,0.30792,0.01565,0.91248,0.10242,0.04082,0.14587,0.11929
197," and Augmented Realities. Now, to put that in layman’s terms, it would be to",euc_unemb,0.7,1,23,0.72648,0.8182,0.3836,0.38294,0.01612,0.91248,0.09428,0.03553,0.20543,0.14264
197," and Augmented Realities. Now, to put that in layman’s terms, it would be to",euc_unemb,0.9,1,26,0.92459,0.8417,0.64337,0.63234,0.01576,0.91248,0.07077,0.02181,0.38602,0.23554
197," and Augmented Realities. Now, to put that in layman’s terms, it would be to",euc_unemb,0.99,1,31,0.99385,0.85408,1.06535,1.03337,0.39793,0.91248,0.05839,0.01561,0.6119,0.43785
197," and Augmented Realities. Now, to put that in layman’s terms, it would be to",cau_unemb,0.3,1,22,0.33174,0.63299,0.34668,0.35793,0.02115,0.91248,0.27949,0.20824,0.03179,0.10665
197," and Augmented Realities. Now, to put that in layman’s terms, it would be to",cau_unemb,0.5,1,24,0.547,0.64572,0.40304,0.41251,0.01232,0.91248,0.26675,0.19315,0.08146,0.12843
197," and Augmented Realities. Now, to put that in layman’s terms, it would be to",cau_unemb,0.7,1,26,0.74686,0.68821,0.46742,0.47367,0.01259,0.91248,0.22427,0.14619,0.16597,0.15526
197," and Augmented Realities. Now, to put that in layman’s terms, it would be to",cau_unemb,0.9,1,29,0.91909,0.76652,0.58072,0.57971,0.00758,0.91248,0.14595,0.07317,0.29813,0.20943
197," and Augmented Realities. Now, to put that in layman’s terms, it would be to",cau_unemb,0.99,1,34,0.99096,0.83683,0.83008,0.81328,0.00968,0.91248,0.07564,0.02445,0.46132,0.34431
197," and Augmented Realities. Now, to put that in layman’s terms, it would be to",dua_unemb,0.3,1,26,0.30812,0.88985,0.17965,0.17408,0.00393,0.91248,0.02263,0.00279,0.02269,0.15417
197," and Augmented Realities. Now, to put that in layman’s terms, it would be to",dua_unemb,0.5,1,38,0.50579,0.8976,0.56616,0.52611,0.00857,0.91248,0.01488,0.00126,0.05091,0.51399
197," and Augmented Realities. Now, to put that in layman’s terms, it would be to",dua_unemb,0.7,1,52,0.71278,0.87558,1.12621,1.03946,0.00997,0.91248,0.03689,0.00688,0.10365,1.01569
197," and Augmented Realities. Now, to put that in layman’s terms, it would be to",dua_unemb,0.9,1,66,0.91031,0.85276,1.68209,1.55477,0.01202,0.91248,0.05972,0.01624,0.17495,1.49091
197," and Augmented Realities. Now, to put that in layman’s terms, it would be to",dua_unemb,0.99,1,76,0.9927,0.84226,1.9426,1.8,0.01289,0.91248,0.07021,0.02151,0.23184,1.68925
197," and Augmented Realities. Now, to put that in layman’s terms, it would be to",euc_dmd,0.3,1,18,0.32873,0.85872,0.23788,0.23703,0.01749,0.91248,0.05376,0.0135,0.14949,0.0749
197," and Augmented Realities. Now, to put that in layman’s terms, it would be to",euc_dmd,0.5,1,20,0.5941,0.87749,0.37024,0.36501,0.01723,0.91248,0.03499,0.00624,0.25931,0.10469
197," and Augmented Realities. Now, to put that in layman’s terms, it would be to",euc_dmd,0.7,1,21,0.71703,0.89162,0.45437,0.44591,0.01731,0.91248,0.02086,0.00239,0.32769,0.12429
197," and Augmented Realities. Now, to put that in layman’s terms, it would be to",euc_dmd,0.9,1,24,0.92968,0.92925,0.73482,0.71357,0.01721,0.91248,0.01677,0.002,0.5269,0.20592
197," and Augmented Realities. Now, to put that in layman’s terms, it would be to",euc_dmd,0.99,1,28,0.9918,0.95234,1.11183,1.07036,0.01713,0.91248,0.03986,0.01418,0.73859,0.35907
197," and Augmented Realities. Now, to put that in layman’s terms, it would be to",cau_dmd,0.3,1,21,0.35522,0.80036,0.32122,0.3266,0.02322,0.91248,0.11212,0.04746,0.19288,0.08088
197," and Augmented Realities. Now, to put that in layman’s terms, it would be to",cau_dmd,0.5,1,23,0.59682,0.82723,0.48104,0.48313,0.0225,0.91248,0.08525,0.02998,0.34788,0.10319
197," and Augmented Realities. Now, to put that in layman’s terms, it would be to",cau_dmd,0.7,1,24,0.70917,0.84752,0.58351,0.58313,0.02296,0.91248,0.06496,0.0188,0.44758,0.11714
197," and Augmented Realities. Now, to put that in layman’s terms, it would be to",cau_dmd,0.9,1,27,0.9175,0.90621,0.94381,0.93316,0.3928,0.91248,0.00627,0.00024,0.76911,0.17446
197," and Augmented Realities. Now, to put that in layman’s terms, it would be to",cau_dmd,0.99,1,32,0.99333,0.95162,1.59343,1.56098,0.39317,0.91248,0.03914,0.01356,1.25445,0.32542
197," and Augmented Realities. Now, to put that in layman’s terms, it would be to",dua_dmd,0.3,1,23,0.31517,0.92879,0.27447,0.26441,0.01471,0.91248,0.01631,0.00188,0.16748,0.1051
197," and Augmented Realities. Now, to put that in layman’s terms, it would be to",dua_dmd,0.5,1,31,0.50826,0.9636,0.63756,0.60155,0.01535,0.91248,0.05112,0.02705,0.31748,0.29303
197," and Augmented Realities. Now, to put that in layman’s terms, it would be to",dua_dmd,0.7,1,43,0.71345,0.97686,1.25843,1.17518,0.01637,0.91248,0.06438,0.05422,0.49949,0.70472
197," and Augmented Realities. Now, to put that in layman’s terms, it would be to",dua_dmd,0.9,1,56,0.9101,0.98442,1.95813,1.82736,0.02308,0.91248,0.07194,0.0818,0.70379,1.17254
197," and Augmented Realities. Now, to put that in layman’s terms, it would be to",dua_dmd,0.99,1,65,0.99156,0.98891,2.3824,2.23364,0.02334,0.91248,0.07643,0.10741,0.85302,1.42197
206,. Tell us what problem you're writing them about and we can give tailored advice on what to,euc_ctx,0.3,1,36,0.30015,0.81326,0.25524,0.2574,0.02087,0.96612,0.15286,0.10857,0.08963,0.05704
206,. Tell us what problem you're writing them about and we can give tailored advice on what to,euc_ctx,0.5,1,39,0.51475,0.80183,0.31549,0.31541,0.02115,0.96612,0.16429,0.12023,0.12474,0.07052
206,. Tell us what problem you're writing them about and we can give tailored advice on what to,euc_ctx,0.7,1,42,0.72407,0.80867,0.36583,0.36216,0.02373,0.96612,0.15745,0.11322,0.16585,0.08677
206,. Tell us what problem you're writing them about and we can give tailored advice on what to,euc_ctx,0.9,1,47,0.92233,0.83931,0.42564,0.41363,0.02367,0.96612,0.12681,0.0832,0.2222,0.12025
206,. Tell us what problem you're writing them about and we can give tailored advice on what to,euc_ctx,0.99,1,55,0.99253,0.87293,0.50665,0.47883,0.02337,0.96612,0.09318,0.0532,0.26668,0.18676
206,. Tell us what problem you're writing them about and we can give tailored advice on what to,cau_ctx,0.3,1,63,0.31765,0.47826,0.87125,0.87503,0.02028,0.96612,0.48786,0.58666,0.18918,0.09541
206,. Tell us what problem you're writing them about and we can give tailored advice on what to,cau_ctx,0.5,1,68,0.52043,0.40496,1.06661,1.06685,0.02061,0.96612,0.56116,0.74295,0.208,0.11567
206,. Tell us what problem you're writing them about and we can give tailored advice on what to,cau_ctx,0.7,1,73,0.71587,0.36648,1.19932,1.19522,0.02096,0.96612,0.59964,0.83729,0.22473,0.13731
206,. Tell us what problem you're writing them about and we can give tailored advice on what to,cau_ctx,0.9,1,81,0.90579,0.35535,1.29979,1.28789,0.0205,0.96612,0.61076,0.86647,0.25911,0.17421
206,. Tell us what problem you're writing them about and we can give tailored advice on what to,cau_ctx,0.99,1,96,0.99141,0.38277,1.3792,1.35164,0.022,0.96612,0.58335,0.79616,0.33421,0.24883
206,. Tell us what problem you're writing them about and we can give tailored advice on what to,dua_ctx,0.3,1,62,0.30368,0.88977,0.33443,0.314,0.0235,0.96612,0.07635,0.03956,0.14846,0.14641
206,. Tell us what problem you're writing them about and we can give tailored advice on what to,dua_ctx,0.5,1,85,0.50504,0.87285,0.56902,0.51946,0.02445,0.96612,0.09327,0.05328,0.2197,0.29604
206,. Tell us what problem you're writing them about and we can give tailored advice on what to,dua_ctx,0.7,1,107,0.70309,0.8514,0.84305,0.7623,0.02446,0.96612,0.11472,0.07203,0.31744,0.45357
206,. Tell us what problem you're writing them about and we can give tailored advice on what to,dua_ctx,0.9,1,130,0.90334,0.83222,1.12024,1.01593,0.0215,0.96612,0.1339,0.08993,0.44522,0.58509
206,. Tell us what problem you're writing them about and we can give tailored advice on what to,dua_ctx,0.99,1,146,0.99011,0.83202,1.27884,1.16509,0.02152,0.96612,0.1341,0.09012,0.53491,0.65381
206,. Tell us what problem you're writing them about and we can give tailored advice on what to,euc_unemb,0.3,1,19,0.43269,0.81175,0.34897,0.36201,0.0163,0.96612,0.15437,0.11009,0.21782,0.02106
206,. Tell us what problem you're writing them about and we can give tailored advice on what to,euc_unemb,0.5,1,20,0.57959,0.82757,0.3613,0.3731,0.01938,0.96612,0.13855,0.09442,0.24198,0.0249
206,. Tell us what problem you're writing them about and we can give tailored advice on what to,euc_unemb,0.7,1,21,0.71338,0.84961,0.37012,0.38001,0.01946,0.96612,0.11651,0.07366,0.26672,0.02974
206,. Tell us what problem you're writing them about and we can give tailored advice on what to,euc_unemb,0.9,1,24,0.93569,0.90941,0.42165,0.42276,0.0203,0.96612,0.05671,0.02512,0.34304,0.05349
206,. Tell us what problem you're writing them about and we can give tailored advice on what to,euc_unemb,0.99,1,28,0.99342,0.93278,0.56314,0.54961,0.02028,0.96612,0.03334,0.01072,0.44149,0.11093
206,. Tell us what problem you're writing them about and we can give tailored advice on what to,cau_unemb,0.3,1,20,0.30672,0.60543,0.61467,0.63144,0.01526,0.96612,0.36069,0.36834,0.22042,0.02591
206,. Tell us what problem you're writing them about and we can give tailored advice on what to,cau_unemb,0.5,1,22,0.55908,0.62222,0.60359,0.61933,0.02154,0.96612,0.3439,0.34339,0.2284,0.0318
206,. Tell us what problem you're writing them about and we can give tailored advice on what to,cau_unemb,0.7,1,24,0.78278,0.68826,0.5224,0.53561,0.02189,0.96612,0.27786,0.25244,0.23077,0.03918
206,. Tell us what problem you're writing them about and we can give tailored advice on what to,cau_unemb,0.9,1,26,0.91035,0.76925,0.44736,0.45659,0.02244,0.96612,0.19687,0.15515,0.24331,0.0489
206,. Tell us what problem you're writing them about and we can give tailored advice on what to,cau_unemb,0.99,1,31,0.9924,0.88504,0.43662,0.43236,0.02154,0.96612,0.08108,0.04329,0.30334,0.09
206,. Tell us what problem you're writing them about and we can give tailored advice on what to,dua_unemb,0.3,1,25,0.30457,0.94282,0.08629,0.0853,0.01874,0.96612,0.0233,0.00585,0.0386,0.04183
206,. Tell us what problem you're writing them about and we can give tailored advice on what to,dua_unemb,0.5,1,33,0.51209,0.94908,0.20874,0.19097,0.018,0.96612,0.01703,0.00339,0.08322,0.12213
206,. Tell us what problem you're writing them about and we can give tailored advice on what to,dua_unemb,0.7,1,43,0.71939,0.93702,0.41038,0.36477,0.02369,0.96612,0.0291,0.00854,0.13557,0.26627
206,. Tell us what problem you're writing them about and we can give tailored advice on what to,dua_unemb,0.9,1,53,0.90802,0.92283,0.63693,0.56101,0.02457,0.96612,0.04328,0.0164,0.19903,0.4215
206,. Tell us what problem you're writing them about and we can give tailored advice on what to,dua_unemb,0.99,1,61,0.99365,0.91393,0.83124,0.73044,0.0282,0.96612,0.05219,0.02206,0.25494,0.55424
206,. Tell us what problem you're writing them about and we can give tailored advice on what to,euc_dmd,0.3,1,16,0.34345,0.82844,0.26377,0.27435,0.01555,0.96612,0.13768,0.09358,0.14625,0.02393
206,. Tell us what problem you're writing them about and we can give tailored advice on what to,euc_dmd,0.5,1,17,0.50791,0.83343,0.273,0.28181,0.01882,0.96612,0.13269,0.08877,0.15428,0.02995
206,. Tell us what problem you're writing them about and we can give tailored advice on what to,euc_dmd,0.7,1,19,0.79954,0.86582,0.29431,0.29678,0.02132,0.96612,0.1003,0.05926,0.18808,0.04697
206,. Tell us what problem you're writing them about and we can give tailored advice on what to,euc_dmd,0.9,1,21,0.93846,0.89937,0.36559,0.35915,0.02198,0.96612,0.06675,0.03229,0.26171,0.07159
206,. Tell us what problem you're writing them about and we can give tailored advice on what to,euc_dmd,0.99,1,24,0.99112,0.92598,0.52729,0.50594,0.0226,0.96612,0.04014,0.01452,0.39264,0.12013
206,. Tell us what problem you're writing them about and we can give tailored advice on what to,cau_dmd,0.3,1,18,0.38548,0.66603,0.61927,0.63489,0.01844,0.96612,0.30009,0.28182,0.3139,0.02354
206,. Tell us what problem you're writing them about and we can give tailored advice on what to,cau_dmd,0.5,1,19,0.52994,0.67383,0.57624,0.59027,0.02058,0.96612,0.29228,0.27137,0.27632,0.02855
206,. Tell us what problem you're writing them about and we can give tailored advice on what to,cau_dmd,0.7,1,21,0.78226,0.71397,0.4999,0.50871,0.02225,0.96612,0.25215,0.21992,0.23688,0.04309
206,. Tell us what problem you're writing them about and we can give tailored advice on what to,cau_dmd,0.9,1,23,0.91847,0.75547,0.51785,0.51932,0.01948,0.96612,0.21064,0.17064,0.28237,0.06484
206,. Tell us what problem you're writing them about and we can give tailored advice on what to,cau_dmd,0.99,1,27,0.99072,0.79123,0.75593,0.74003,0.02013,0.96612,0.17489,0.13132,0.49948,0.12513
206,. Tell us what problem you're writing them about and we can give tailored advice on what to,dua_dmd,0.3,1,21,0.31516,0.94033,0.15078,0.14713,0.01993,0.96612,0.02579,0.00696,0.1032,0.04062
206,. Tell us what problem you're writing them about and we can give tailored advice on what to,dua_dmd,0.5,1,26,0.50397,0.95521,0.31547,0.30008,0.02215,0.96612,0.01091,0.00151,0.23585,0.07811
206,. Tell us what problem you're writing them about and we can give tailored advice on what to,dua_dmd,0.7,1,33,0.70946,0.96887,0.57895,0.54001,0.02315,0.96612,0.00276,0.00012,0.41375,0.16507
206,. Tell us what problem you're writing them about and we can give tailored advice on what to,dua_dmd,0.9,1,41,0.90213,0.97677,0.87588,0.80609,0.01937,0.96612,0.01065,0.00219,0.58485,0.28884
206,. Tell us what problem you're writing them about and we can give tailored advice on what to,dua_dmd,0.99,1,48,0.99402,0.98284,1.16244,1.06156,0.01991,0.96612,0.01672,0.00647,0.74003,0.41594
585,"ion!
Online petitions have been around for a very long time. However, that doesn't",euc_ctx,0.3,1,29,0.30203,0.59543,0.35154,0.35388,0.04119,0.92505,0.32962,0.28119,0.03136,0.03899
585,"ion!
Online petitions have been around for a very long time. However, that doesn't",euc_ctx,0.5,1,33,0.54843,0.60597,0.40496,0.40588,0.0424,0.92505,0.31908,0.26693,0.08957,0.04845
585,"ion!
Online petitions have been around for a very long time. However, that doesn't",euc_ctx,0.7,1,36,0.72561,0.6508,0.43409,0.43308,0.04261,0.92505,0.27425,0.20996,0.16758,0.05654
585,"ion!
Online petitions have been around for a very long time. However, that doesn't",euc_ctx,0.9,1,41,0.907,0.76046,0.4819,0.47581,0.01526,0.92505,0.16459,0.09416,0.31466,0.07308
585,"ion!
Online petitions have been around for a very long time. However, that doesn't",euc_ctx,0.99,1,50,0.99055,0.90005,0.6626,0.64321,0.43997,0.92505,0.025,0.00377,0.53644,0.12239
585,"ion!
Online petitions have been around for a very long time. However, that doesn't",cau_ctx,0.3,1,49,0.32072,0.35608,0.79799,0.79715,0.42746,0.92505,0.56898,0.72195,0.02686,0.04917
585,"ion!
Online petitions have been around for a very long time. However, that doesn't",cau_ctx,0.5,1,54,0.50106,0.33685,0.86577,0.86331,0.42968,0.92505,0.58821,0.77111,0.03742,0.05725
585,"ion!
Online petitions have been around for a very long time. However, that doesn't",cau_ctx,0.7,1,60,0.71282,0.35346,0.84979,0.845,0.42989,0.92505,0.57159,0.72847,0.05379,0.06753
585,"ion!
Online petitions have been around for a very long time. However, that doesn't",cau_ctx,0.9,1,69,0.90587,0.4441,0.6913,0.68213,0.43021,0.92505,0.48095,0.52863,0.07812,0.08455
585,"ion!
Online petitions have been around for a very long time. However, that doesn't",cau_ctx,0.99,1,85,0.99066,0.6634,0.42431,0.40457,0.04032,0.92505,0.26165,0.19498,0.10616,0.12317
585,"ion!
Online petitions have been around for a very long time. However, that doesn't",dua_ctx,0.3,1,49,0.30001,0.87933,0.10503,0.09617,0.01012,0.92505,0.04573,0.0112,0.01989,0.07395
585,"ion!
Online petitions have been around for a very long time. However, that doesn't",dua_ctx,0.5,1,77,0.50538,0.90225,0.27913,0.24184,0.00458,0.92505,0.02281,0.00318,0.05537,0.22058
585,"ion!
Online petitions have been around for a very long time. However, that doesn't",dua_ctx,0.7,1,108,0.70635,0.87406,0.69156,0.61506,0.01009,0.92505,0.051,0.01356,0.12782,0.55019
585,"ion!
Online petitions have been around for a very long time. However, that doesn't",dua_ctx,0.9,1,138,0.90347,0.81626,1.18173,1.08116,0.01548,0.92505,0.10879,0.04853,0.21429,0.91891
585,"ion!
Online petitions have been around for a very long time. However, that doesn't",dua_ctx,0.99,1,158,0.9915,0.78316,1.50345,1.39182,0.01558,0.92505,0.1419,0.07442,0.27331,1.15573
585,"ion!
Online petitions have been around for a very long time. However, that doesn't",euc_unemb,0.3,1,15,0.34624,0.5983,0.43849,0.44262,0.04242,0.92505,0.32675,0.27727,0.13759,0.02363
585,"ion!
Online petitions have been around for a very long time. However, that doesn't",euc_unemb,0.5,1,17,0.63273,0.64377,0.73852,0.7406,0.56973,0.92505,0.28129,0.21852,0.48948,0.03052
585,"ion!
Online petitions have been around for a very long time. However, that doesn't",euc_unemb,0.7,1,18,0.75744,0.69055,0.96565,0.96591,0.57028,0.92505,0.2345,0.16417,0.76656,0.03491
585,"ion!
Online petitions have been around for a very long time. However, that doesn't",euc_unemb,0.9,1,20,0.91171,0.79605,1.56067,1.55567,0.57072,0.92505,0.12901,0.06391,1.44973,0.04703
585,"ion!
Online petitions have been around for a very long time. However, that doesn't",euc_unemb,0.99,1,24,0.99135,0.91933,2.98559,2.96602,0.69401,0.92505,0.00572,0.00023,2.88775,0.09762
585,"ion!
Online petitions have been around for a very long time. However, that doesn't",cau_unemb,0.3,1,17,0.3413,0.63464,0.3532,0.35767,0.04241,0.92505,0.29042,0.22984,0.09753,0.02584
585,"ion!
Online petitions have been around for a very long time. However, that doesn't",cau_unemb,0.5,1,19,0.58824,0.6706,0.56753,0.57051,0.43923,0.92505,0.25446,0.18662,0.34916,0.03176
585,"ion!
Online petitions have been around for a very long time. However, that doesn't",cau_unemb,0.7,1,20,0.70451,0.7069,0.7294,0.73101,0.43939,0.92505,0.21816,0.1466,0.54754,0.03525
585,"ion!
Online petitions have been around for a very long time. However, that doesn't",cau_unemb,0.9,1,23,0.91833,0.83597,1.4053,1.40024,0.44192,0.92505,0.08908,0.03497,1.32068,0.04965
585,"ion!
Online petitions have been around for a very long time. However, that doesn't",cau_unemb,0.99,1,28,0.99353,0.94729,2.69364,2.67239,0.4405,0.92505,0.02223,0.0044,2.58689,0.10235
585,"ion!
Online petitions have been around for a very long time. However, that doesn't",dua_unemb,0.3,1,23,0.30475,0.88585,0.13002,0.12187,0.01046,0.92505,0.0392,0.00852,0.06624,0.05526
585,"ion!
Online petitions have been around for a very long time. However, that doesn't",dua_unemb,0.5,1,42,0.50726,0.8443,0.60766,0.55174,0.01415,0.92505,0.08075,0.0297,0.22551,0.35245
585,"ion!
Online petitions have been around for a very long time. However, that doesn't",dua_unemb,0.7,1,61,0.71179,0.74007,1.41545,1.31047,0.02164,0.92505,0.18499,0.11318,0.45365,0.84861
585,"ion!
Online petitions have been around for a very long time. However, that doesn't",dua_unemb,0.9,1,77,0.90853,0.65136,2.21387,2.08982,0.44596,0.92505,0.27369,0.20928,0.78459,1.22
585,"ion!
Online petitions have been around for a very long time. However, that doesn't",dua_unemb,0.99,1,87,0.9905,0.60803,2.7899,2.66037,0.44723,0.92505,0.31702,0.26419,1.0845,1.44121
585,"ion!
Online petitions have been around for a very long time. However, that doesn't",euc_dmd,0.3,1,15,0.41252,0.70238,0.43016,0.43696,0.01471,0.92505,0.22267,0.15138,0.25942,0.01935
585,"ion!
Online petitions have been around for a very long time. However, that doesn't",euc_dmd,0.5,1,16,0.56668,0.7268,0.61417,0.61981,0.44064,0.92505,0.19825,0.12618,0.4643,0.02369
585,"ion!
Online petitions have been around for a very long time. However, that doesn't",euc_dmd,0.7,1,17,0.70966,0.7642,0.87038,0.87415,0.44189,0.92505,0.16086,0.0908,0.75014,0.02944
585,"ion!
Online petitions have been around for a very long time. However, that doesn't",euc_dmd,0.9,1,20,0.94189,0.87859,2.0146,2.00893,0.62408,0.92505,0.04646,0.01152,1.9415,0.06157
585,"ion!
Online petitions have been around for a very long time. However, that doesn't",euc_dmd,0.99,1,23,0.99094,0.92938,3.40367,3.38553,0.71972,0.92505,0.00433,0.00014,3.27542,0.12811
585,"ion!
Online petitions have been around for a very long time. However, that doesn't",cau_dmd,0.3,1,18,0.34393,0.66883,0.38528,0.39391,0.01249,0.92505,0.25623,0.18866,0.176,0.02063
585,"ion!
Online petitions have been around for a very long time. However, that doesn't",cau_dmd,0.5,1,20,0.59874,0.70426,0.68212,0.68907,0.43974,0.92505,0.2208,0.14939,0.50314,0.02959
585,"ion!
Online petitions have been around for a very long time. However, that doesn't",cau_dmd,0.7,1,21,0.71821,0.73693,0.91206,0.91736,0.43767,0.92505,0.18812,0.11621,0.75964,0.03622
585,"ion!
Online petitions have been around for a very long time. However, that doesn't",cau_dmd,0.9,1,24,0.93033,0.8406,1.91691,1.914,0.62406,0.92505,0.08445,0.032,1.81413,0.07077
585,"ion!
Online petitions have been around for a very long time. However, that doesn't",cau_dmd,0.99,1,28,0.99273,0.90952,3.65673,3.63817,0.66166,0.92505,0.01553,0.00155,3.49292,0.16226
585,"ion!
Online petitions have been around for a very long time. However, that doesn't",dua_dmd,0.3,1,22,0.31073,0.90485,0.19783,0.18963,0.01709,0.92505,0.02021,0.00254,0.1394,0.05589
585,"ion!
Online petitions have been around for a very long time. However, that doesn't",dua_dmd,0.5,1,37,0.50894,0.89692,1.01812,0.96603,0.02384,0.92505,0.02814,0.00468,0.66465,0.34878
585,"ion!
Online petitions have been around for a very long time. However, that doesn't",dua_dmd,0.7,1,54,0.70218,0.83418,2.20147,2.09446,0.02525,0.92505,0.09088,0.03614,1.26565,0.89968
585,"ion!
Online petitions have been around for a very long time. However, that doesn't",dua_dmd,0.9,1,71,0.9062,0.76834,3.64254,3.50899,0.59356,0.92505,0.15672,0.08713,2.16508,1.39032
585,"ion!
Online petitions have been around for a very long time. However, that doesn't",dua_dmd,0.99,1,81,0.99031,0.73837,4.95176,4.81216,0.63021,0.92505,0.18668,0.11482,3.18992,1.64703
287, found the last bit of this beautiful tapestry styled fabric and decided to combine it with a distressed leather to,euc_ctx,0.3,1,33,0.3612,0.58697,0.5122,0.52054,0.39632,0.90298,0.31601,0.24839,0.13376,0.13005
287, found the last bit of this beautiful tapestry styled fabric and decided to combine it with a distressed leather to,euc_ctx,0.5,1,35,0.50487,0.59345,0.54655,0.55358,0.39711,0.90298,0.30953,0.24002,0.15929,0.14725
287, found the last bit of this beautiful tapestry styled fabric and decided to combine it with a distressed leather to,euc_ctx,0.7,1,38,0.71147,0.63419,0.56216,0.56623,0.39767,0.90298,0.2688,0.19031,0.19601,0.17584
287, found the last bit of this beautiful tapestry styled fabric and decided to combine it with a distressed leather to,euc_ctx,0.9,1,43,0.91452,0.7438,0.55536,0.552,0.39702,0.90298,0.15918,0.08091,0.24177,0.23269
287, found the last bit of this beautiful tapestry styled fabric and decided to combine it with a distressed leather to,euc_ctx,0.99,1,51,0.99102,0.86865,0.65405,0.63496,0.4818,0.90298,0.03434,0.00561,0.29261,0.35583
287, found the last bit of this beautiful tapestry styled fabric and decided to combine it with a distressed leather to,cau_ctx,0.3,1,67,0.31303,0.51937,0.66536,0.66678,0.01584,0.90298,0.38362,0.34419,0.09818,0.223
287, found the last bit of this beautiful tapestry styled fabric and decided to combine it with a distressed leather to,cau_ctx,0.5,1,73,0.52497,0.46547,0.86451,0.8626,0.07123,0.90298,0.43751,0.4328,0.15314,0.27858
287, found the last bit of this beautiful tapestry styled fabric and decided to combine it with a distressed leather to,cau_ctx,0.7,1,79,0.7297,0.44312,1.04266,1.03616,0.07286,0.90298,0.45986,0.47326,0.22832,0.34107
287, found the last bit of this beautiful tapestry styled fabric and decided to combine it with a distressed leather to,cau_ctx,0.9,1,87,0.90002,0.44939,1.23625,1.2221,0.29531,0.90298,0.4536,0.46168,0.34043,0.43413
287, found the last bit of this beautiful tapestry styled fabric and decided to combine it with a distressed leather to,cau_ctx,0.99,1,103,0.99069,0.49005,1.62828,1.5956,0.12445,0.90298,0.41293,0.39091,0.58935,0.64802
287, found the last bit of this beautiful tapestry styled fabric and decided to combine it with a distressed leather to,dua_ctx,0.3,1,52,0.30526,0.8266,0.27234,0.26409,0.0086,0.90298,0.07639,0.02347,0.05397,0.19489
287, found the last bit of this beautiful tapestry styled fabric and decided to combine it with a distressed leather to,dua_ctx,0.5,1,67,0.50635,0.81049,0.47489,0.45363,0.01267,0.90298,0.0925,0.03262,0.09591,0.34636
287, found the last bit of this beautiful tapestry styled fabric and decided to combine it with a distressed leather to,dua_ctx,0.7,1,82,0.70919,0.79233,0.73687,0.6986,0.01342,0.90298,0.11065,0.04421,0.14651,0.54615
287, found the last bit of this beautiful tapestry styled fabric and decided to combine it with a distressed leather to,dua_ctx,0.9,1,98,0.9026,0.77887,1.06025,1.00004,0.01876,0.90298,0.12411,0.05359,0.20387,0.80279
287, found the last bit of this beautiful tapestry styled fabric and decided to combine it with a distressed leather to,dua_ctx,0.99,1,112,0.99031,0.78622,1.38014,1.29676,0.01906,0.90298,0.11677,0.04839,0.24756,1.08419
287, found the last bit of this beautiful tapestry styled fabric and decided to combine it with a distressed leather to,euc_unemb,0.3,1,16,0.39711,0.76677,0.13275,0.14355,0.0062,0.90298,0.13621,0.06255,0.02037,0.04983
287, found the last bit of this beautiful tapestry styled fabric and decided to combine it with a distressed leather to,euc_unemb,0.5,1,17,0.5524,0.79136,0.12861,0.13794,0.00652,0.90298,0.11163,0.04486,0.02496,0.05879
287, found the last bit of this beautiful tapestry styled fabric and decided to combine it with a distressed leather to,euc_unemb,0.7,1,19,0.81267,0.86111,0.13038,0.13432,0.00484,0.90298,0.04187,0.00806,0.03875,0.08357
287, found the last bit of this beautiful tapestry styled fabric and decided to combine it with a distressed leather to,euc_unemb,0.9,1,21,0.93855,0.91751,0.1801,0.17616,0.00686,0.90298,0.01452,0.00132,0.05569,0.12309
287, found the last bit of this beautiful tapestry styled fabric and decided to combine it with a distressed leather to,euc_unemb,0.99,1,24,0.99021,0.95466,0.32648,0.30873,0.00861,0.90298,0.05168,0.02355,0.0812,0.22173
287, found the last bit of this beautiful tapestry styled fabric and decided to combine it with a distressed leather to,cau_unemb,0.3,1,17,0.31684,0.60757,0.30683,0.32212,0.0144,0.90298,0.29541,0.22221,0.01822,0.0664
287, found the last bit of this beautiful tapestry styled fabric and decided to combine it with a distressed leather to,cau_unemb,0.5,1,19,0.59013,0.6491,0.27341,0.2871,0.01471,0.90298,0.25388,0.17336,0.01769,0.08237
287, found the last bit of this beautiful tapestry styled fabric and decided to combine it with a distressed leather to,cau_unemb,0.7,1,20,0.71724,0.6921,0.2383,0.25039,0.0087,0.90298,0.21088,0.12813,0.01878,0.09139
287, found the last bit of this beautiful tapestry styled fabric and decided to combine it with a distressed leather to,cau_unemb,0.9,1,23,0.93268,0.83893,0.1697,0.17391,0.00805,0.90298,0.06405,0.01725,0.02726,0.12519
287, found the last bit of this beautiful tapestry styled fabric and decided to combine it with a distressed leather to,cau_unemb,0.99,1,27,0.99252,0.94047,0.25187,0.2416,0.00705,0.90298,0.03749,0.01065,0.04141,0.19981
287, found the last bit of this beautiful tapestry styled fabric and decided to combine it with a distressed leather to,dua_unemb,0.3,1,19,0.31195,0.88182,0.05725,0.06055,0.00341,0.90298,0.02116,0.00227,0.01121,0.04377
287, found the last bit of this beautiful tapestry styled fabric and decided to combine it with a distressed leather to,dua_unemb,0.5,1,23,0.5049,0.89819,0.08663,0.08647,0.00377,0.90298,0.00479,0.00013,0.01415,0.07235
287, found the last bit of this beautiful tapestry styled fabric and decided to combine it with a distressed leather to,dua_unemb,0.7,1,28,0.72576,0.91821,0.15827,0.15083,0.0068,0.90298,0.01523,0.00146,0.0185,0.1383
287, found the last bit of this beautiful tapestry styled fabric and decided to combine it with a distressed leather to,dua_unemb,0.9,1,33,0.9022,0.93149,0.2928,0.27334,0.00909,0.90298,0.02851,0.00569,0.02486,0.26224
287, found the last bit of this beautiful tapestry styled fabric and decided to combine it with a distressed leather to,dua_unemb,0.99,1,39,0.99351,0.93763,0.56564,0.52339,0.00976,0.90298,0.03465,0.00886,0.03578,0.521
287, found the last bit of this beautiful tapestry styled fabric and decided to combine it with a distressed leather to,euc_dmd,0.3,1,17,0.43193,0.85217,0.19847,0.20258,0.0067,0.90298,0.05081,0.01144,0.13584,0.0512
287, found the last bit of this beautiful tapestry styled fabric and decided to combine it with a distressed leather to,euc_dmd,0.5,1,18,0.58121,0.87191,0.24676,0.2487,0.00651,0.90298,0.03107,0.00466,0.17976,0.06234
287, found the last bit of this beautiful tapestry styled fabric and decided to combine it with a distressed leather to,euc_dmd,0.7,1,19,0.71711,0.89466,0.30934,0.30826,0.0068,0.90298,0.00832,0.00038,0.23226,0.0767
287, found the last bit of this beautiful tapestry styled fabric and decided to combine it with a distressed leather to,euc_dmd,0.9,1,22,0.93943,0.94715,0.55213,0.53827,0.32458,0.90298,0.04417,0.01581,0.38876,0.14756
287, found the last bit of this beautiful tapestry styled fabric and decided to combine it with a distressed leather to,euc_dmd,0.99,1,26,0.99432,0.97058,0.91638,0.88197,0.32596,0.90298,0.0676,0.05057,0.55491,0.31089
287, found the last bit of this beautiful tapestry styled fabric and decided to combine it with a distressed leather to,cau_dmd,0.3,1,19,0.33272,0.66098,0.42134,0.43363,0.00848,0.90298,0.242,0.16032,0.19466,0.06636
287, found the last bit of this beautiful tapestry styled fabric and decided to combine it with a distressed leather to,cau_dmd,0.5,1,21,0.59621,0.7048,0.54136,0.55129,0.06791,0.90298,0.19818,0.11579,0.34147,0.0841
287, found the last bit of this beautiful tapestry styled fabric and decided to combine it with a distressed leather to,cau_dmd,0.7,1,22,0.71905,0.74226,0.62256,0.6304,0.06792,0.90298,0.16073,0.0822,0.44478,0.09557
287, found the last bit of this beautiful tapestry styled fabric and decided to combine it with a distressed leather to,cau_dmd,0.9,1,25,0.93211,0.85521,0.95912,0.95726,0.3139,0.90298,0.04777,0.01024,0.80117,0.14772
287, found the last bit of this beautiful tapestry styled fabric and decided to combine it with a distressed leather to,cau_dmd,0.99,1,29,0.99278,0.92541,1.54242,1.52304,0.39996,0.90298,0.02243,0.00335,1.26551,0.27355
287, found the last bit of this beautiful tapestry styled fabric and decided to combine it with a distressed leather to,dua_dmd,0.3,1,20,0.30813,0.91641,0.13356,0.13041,0.00588,0.90298,0.01343,0.00112,0.08505,0.04738
287, found the last bit of this beautiful tapestry styled fabric and decided to combine it with a distressed leather to,dua_dmd,0.5,1,25,0.52043,0.94638,0.2729,0.26011,0.00704,0.90298,0.0434,0.01514,0.16396,0.0938
287, found the last bit of this beautiful tapestry styled fabric and decided to combine it with a distressed leather to,dua_dmd,0.7,1,30,0.70829,0.96466,0.48003,0.45271,0.01417,0.90298,0.06168,0.03832,0.25059,0.19112
287, found the last bit of this beautiful tapestry styled fabric and decided to combine it with a distressed leather to,dua_dmd,0.9,1,37,0.91497,0.97438,0.86677,0.81191,0.01598,0.90298,0.07139,0.06045,0.37399,0.43232
287, found the last bit of this beautiful tapestry styled fabric and decided to combine it with a distressed leather to,dua_dmd,0.99,1,43,0.99287,0.97997,1.2709,1.18653,0.01668,0.90298,0.07699,0.07917,0.47209,0.71964
