ctx_id,text,method,level,reached,step,P1,cf,kl,kl99,rd,cf0,cf_dev,kl_bin,kl_pair,kl_neu
184,"Over time, Students always",euc_ctx,0.3,1,5,0.42541,0.15522,0.63205,0.63877,0.12939,0.44315,0.28793,0.23281,0.03,0.36923
184,"Over time, Students always",euc_ctx,0.5,1,6,0.652,0.15849,0.76172,0.76783,0.12771,0.44315,0.28466,0.22573,0.03305,0.50294
184,"Over time, Students always",euc_ctx,0.7,1,7,0.82365,0.18612,0.85686,0.86182,0.11601,0.44315,0.25703,0.17311,0.0327,0.65105
184,"Over time, Students always",euc_ctx,0.9,1,8,0.91958,0.23435,0.95189,0.95514,0.11105,0.44315,0.2088,0.10501,0.03212,0.81477
184,"Over time, Students always",euc_ctx,0.99,1,11,0.99321,0.43386,1.46766,1.46236,0.03813,0.44315,0.00928,0.00018,0.03785,1.42963
184,"Over time, Students always",cau_ctx,0.3,0,,,,,,,,,,,
184,"Over time, Students always",cau_ctx,0.5,0,,,,,,,,,,,
184,"Over time, Students always",cau_ctx,0.7,0,,,,,,,,,,,
184,"Over time, Students always",cau_ctx,0.9,0,,,,,,,,,,,
184,"Over time, Students always",cau_ctx,0.99,0,,,,,,,,,,,
184,"Over time, Students always",dua_ctx,0.3,1,104,0.3011,0.38659,3.01664,2.94811,0.02505,0.44315,0.05656,0.00664,0.23403,2.77597
184,"Over time, Students always",dua_ctx,0.5,1,147,0.5017,0.35236,5.05689,4.95623,0.03005,0.44315,0.09079,0.01749,0.46405,4.57535
184,"Over time, Students always",dua_ctx,0.7,1,192,0.70356,0.33756,6.67407,6.55567,0.04708,0.44315,0.10559,0.02392,0.77988,5.87027
184,"Over time, Students always",dua_ctx,0.9,1,288,0.90076,0.37786,9.68649,9.55442,0.06082,0.44315,0.06529,0.00889,1.60104,8.07655
184,"Over time, Students always",dua_ctx,0.99,1,379,0.99004,0.44123,11.74487,11.60842,0.06128,0.44315,0.00192,1e-05,2.2746,9.47026
184,"Over time, Students always",euc_unemb,0.3,1,1,0.42395,0.15306,0.58793,0.59552,0.12518,0.44315,0.29009,0.2376,0.05047,0.29987
184,"Over time, Students always",euc_unemb,0.5,1,2,0.98934,0.34092,1.50411,1.50113,0.12026,0.44315,0.10222,0.02236,0.24355,1.23819
184,"Over time, Students always",euc_unemb,0.7,1,2,0.98934,0.34092,1.50411,1.50113,0.12026,0.44315,0.10222,0.02236,0.24355,1.23819
184,"Over time, Students always",euc_unemb,0.9,1,2,0.98934,0.34092,1.50411,1.50113,0.12026,0.44315,0.10222,0.02236,0.24355,1.23819
184,"Over time, Students always",euc_unemb,0.99,1,3,0.99992,0.46168,3.61417,3.58474,0.12916,0.44315,0.01854,0.00069,0.52539,3.08808
184,"Over time, Students always",cau_unemb,0.3,1,23,0.30165,0.19681,0.33627,0.34342,0.11068,0.44315,0.24634,0.15571,0.01684,0.16372
184,"Over time, Students always",cau_unemb,0.5,1,28,0.51933,0.19392,0.42333,0.43051,0.12126,0.44315,0.24923,0.16027,0.02127,0.24178
184,"Over time, Students always",cau_unemb,0.7,1,33,0.72926,0.21934,0.49185,0.49837,0.11786,0.44315,0.22381,0.12353,0.02983,0.33849
184,"Over time, Students always",cau_unemb,0.9,1,40,0.9058,0.29685,0.61277,0.61704,0.07323,0.44315,0.1463,0.04766,0.05013,0.51498
184,"Over time, Students always",cau_unemb,0.99,1,53,0.99009,0.47197,1.12367,1.11947,0.07195,0.44315,0.02882,0.00167,0.09305,1.02895
184,"Over time, Students always",dua_unemb,0.3,1,2,0.41238,0.45983,0.16082,0.16437,0.01584,0.44315,0.01668,0.00056,0.00976,0.15049
184,"Over time, Students always",dua_unemb,0.5,1,3,0.62636,0.47705,0.32489,0.32564,0.02535,0.44315,0.0339,0.00231,0.02533,0.29725
184,"Over time, Students always",dua_unemb,0.7,1,4,0.7611,0.49082,0.5385,0.53434,0.02597,0.44315,0.04767,0.00456,0.0407,0.49324
184,"Over time, Students always",dua_unemb,0.9,1,7,0.92837,0.51226,1.64813,1.61878,0.03432,0.44315,0.06911,0.00957,0.07261,1.56596
184,"Over time, Students always",dua_unemb,0.99,1,11,0.99665,0.52527,4.3933,4.31797,0.03636,0.44315,0.08212,0.01351,0.09532,4.28448
184,"Over time, Students always",euc_dmd,0.3,1,1,0.42391,0.10519,0.80803,0.81321,0.13293,0.44315,0.33796,0.3732,0.04402,0.39081
184,"Over time, Students always",euc_dmd,0.5,1,2,0.98656,0.1971,1.53957,1.53562,0.1173,0.44315,0.24605,0.15527,0.12975,1.25455
184,"Over time, Students always",euc_dmd,0.7,1,2,0.98656,0.1971,1.53957,1.53562,0.1173,0.44315,0.24605,0.15527,0.12975,1.25455
184,"Over time, Students always",euc_dmd,0.9,1,2,0.98656,0.1971,1.53957,1.53562,0.1173,0.44315,0.24605,0.15527,0.12975,1.25455
184,"Over time, Students always",euc_dmd,0.99,1,3,0.99983,0.38519,2.76849,2.74661,0.1135,0.44315,0.05796,0.00698,0.24135,2.52016
184,"Over time, Students always",cau_dmd,0.3,1,9,0.31088,0.1374,0.58067,0.58656,0.13499,0.44315,0.30574,0.27521,0.04525,0.26021
184,"Over time, Students always",cau_dmd,0.5,1,11,0.5294,0.12581,0.73084,0.73621,0.13444,0.44315,0.31734,0.30685,0.05125,0.37275
184,"Over time, Students always",cau_dmd,0.7,1,13,0.7338,0.13486,0.84775,0.85209,0.12263,0.44315,0.30829,0.28185,0.06472,0.50118
184,"Over time, Students always",cau_dmd,0.9,1,16,0.9108,0.18033,1.01005,1.0119,0.11718,0.44315,0.26282,0.18316,0.10212,0.72477
184,"Over time, Students always",cau_dmd,0.99,1,22,0.99194,0.33085,1.52603,1.51949,0.07909,0.44315,0.1123,0.02721,0.19004,1.30878
184,"Over time, Students always",dua_dmd,0.3,1,2,0.5122,0.46176,0.18033,0.18433,0.01752,0.44315,0.01861,0.0007,0.01235,0.16728
184,"Over time, Students always",dua_dmd,0.5,1,2,0.5122,0.46176,0.18033,0.18433,0.01752,0.44315,0.01861,0.0007,0.01235,0.16728
184,"Over time, Students always",dua_dmd,0.7,1,3,0.77235,0.46381,0.40646,0.40859,0.0279,0.44315,0.02066,0.00086,0.03276,0.37284
184,"Over time, Students always",dua_dmd,0.9,1,4,0.9006,0.46346,0.69,0.68858,0.03255,0.44315,0.02031,0.00083,0.05043,0.63874
184,"Over time, Students always",dua_dmd,0.99,1,6,0.99072,0.46748,1.58894,1.57722,0.03793,0.44315,0.02433,0.00119,0.07568,1.51206
111,"Over time, Many people usually",euc_ctx,0.3,1,6,0.50308,0.16155,0.9667,0.97866,0.09213,0.44908,0.28753,0.22776,0.05754,0.6814
111,"Over time, Many people usually",euc_ctx,0.5,1,6,0.50308,0.16155,0.9667,0.97866,0.09213,0.44908,0.28753,0.22776,0.05754,0.6814
111,"Over time, Many people usually",euc_ctx,0.7,1,7,0.73429,0.18232,1.14753,1.15862,0.09071,0.44908,0.26675,0.18726,0.06004,0.90022
111,"Over time, Many people usually",euc_ctx,0.9,1,9,0.9496,0.30081,1.52426,1.53115,0.08296,0.44908,0.14827,0.04866,0.05989,1.41572
111,"Over time, Many people usually",euc_ctx,0.99,1,11,0.99118,0.45196,2.12465,2.12416,0.07795,0.44908,0.00288,2e-05,0.06655,2.05809
111,"Over time, Many people usually",cau_ctx,0.3,0,,,,,,,,,,,
111,"Over time, Many people usually",cau_ctx,0.5,0,,,,,,,,,,,
111,"Over time, Many people usually",cau_ctx,0.7,0,,,,,,,,,,,
111,"Over time, Many people usually",cau_ctx,0.9,0,,,,,,,,,,,
111,"Over time, Many people usually",cau_ctx,0.99,0,,,,,,,,,,,
111,"Over time, Many people usually",dua_ctx,0.3,1,109,0.30063,0.40652,4.13999,4.06165,0.03382,0.44908,0.04256,0.00372,0.34148,3.79479
111,"Over time, Many people usually",dua_ctx,0.5,1,150,0.50238,0.38231,6.67806,6.56865,0.05539,0.44908,0.06677,0.00926,0.65128,6.01752
111,"Over time, Many people usually",dua_ctx,0.7,1,190,0.70313,0.3785,8.43131,8.30747,0.067,0.44908,0.07058,0.01037,1.04286,7.37807
111,"Over time, Many people usually",dua_ctx,0.9,1,288,0.90058,0.43001,12.11881,11.98345,0.08526,0.44908,0.01907,0.00074,2.13113,9.98695
111,"Over time, Many people usually",dua_ctx,0.99,1,384,0.99043,0.50351,14.04849,13.90917,0.08993,0.44908,0.05443,0.00593,2.98363,11.05893
111,"Over time, Many people usually",euc_unemb,0.3,1,2,0.98981,0.32545,1.83994,1.84098,0.0856,0.44908,0.12363,0.03307,0.22423,1.58265
111,"Over time, Many people usually",euc_unemb,0.5,1,2,0.98981,0.32545,1.83994,1.84098,0.0856,0.44908,0.12363,0.03307,0.22423,1.58265
111,"Over time, Many people usually",euc_unemb,0.7,1,2,0.98981,0.32545,1.83994,1.84098,0.0856,0.44908,0.12363,0.03307,0.22423,1.58265
111,"Over time, Many people usually",euc_unemb,0.9,1,2,0.98981,0.32545,1.83994,1.84098,0.0856,0.44908,0.12363,0.03307,0.22423,1.58265
111,"Over time, Many people usually",euc_unemb,0.99,1,3,0.99996,0.41825,4.48107,4.45087,0.09245,0.44908,0.03083,0.00194,0.49179,3.98734
111,"Over time, Many people usually",cau_unemb,0.3,1,28,0.32932,0.18161,0.5069,0.51786,0.08036,0.44908,0.26746,0.18853,0.02338,0.29499
111,"Over time, Many people usually",cau_unemb,0.5,1,32,0.52448,0.18418,0.60505,0.61597,0.08232,0.44908,0.2649,0.18397,0.0281,0.39298
111,"Over time, Many people usually",cau_unemb,0.7,1,36,0.71208,0.20683,0.69837,0.70863,0.08127,0.44908,0.24224,0.14738,0.04043,0.51055
111,"Over time, Many people usually",cau_unemb,0.9,1,43,0.90997,0.28814,0.91231,0.91976,0.07417,0.44908,0.16094,0.05808,0.07787,0.77636
111,"Over time, Many people usually",cau_unemb,0.99,1,55,0.99103,0.44571,1.60914,1.60693,0.07371,0.44908,0.00337,2e-05,0.14622,1.4629
111,"Over time, Many people usually",dua_unemb,0.3,1,2,0.43695,0.47388,0.17862,0.18177,0.0624,0.44908,0.0248,0.00124,0.00954,0.16784
111,"Over time, Many people usually",dua_unemb,0.5,1,3,0.68388,0.4967,0.36344,0.36383,0.06942,0.44908,0.04762,0.00454,0.02318,0.33572
111,"Over time, Many people usually",dua_unemb,0.7,1,4,0.83302,0.51521,0.60793,0.60329,0.07529,0.44908,0.06613,0.00876,0.03652,0.56265
111,"Over time, Many people usually",dua_unemb,0.9,1,5,0.91795,0.52863,0.94011,0.92848,0.07473,0.44908,0.07955,0.01267,0.04761,0.87983
111,"Over time, Many people usually",dua_unemb,0.99,1,8,0.99715,0.54635,2.8352,2.79252,0.06716,0.44908,0.09727,0.01898,0.06873,2.7475
111,"Over time, Many people usually",euc_dmd,0.3,1,2,0.98448,0.21049,1.9331,1.93681,0.08788,0.44908,0.23859,0.14206,0.14641,1.64463
111,"Over time, Many people usually",euc_dmd,0.5,1,2,0.98448,0.21049,1.9331,1.93681,0.08788,0.44908,0.23859,0.14206,0.14641,1.64463
111,"Over time, Many people usually",euc_dmd,0.7,1,2,0.98448,0.21049,1.9331,1.93681,0.08788,0.44908,0.23859,0.14206,0.14641,1.64463
111,"Over time, Many people usually",euc_dmd,0.9,1,2,0.98448,0.21049,1.9331,1.93681,0.08788,0.44908,0.23859,0.14206,0.14641,1.64463
111,"Over time, Many people usually",euc_dmd,0.99,1,3,0.99989,0.39849,3.80095,3.78305,0.09248,0.44908,0.05059,0.00527,0.28393,3.51175
111,"Over time, Many people usually",cau_dmd,0.3,1,12,0.39611,0.1355,0.8906,0.90174,0.08953,0.44908,0.31358,0.28988,0.07718,0.52354
111,"Over time, Many people usually",cau_dmd,0.5,1,13,0.51277,0.13483,0.98301,0.99394,0.08956,0.44908,0.31425,0.29166,0.08178,0.60956
111,"Over time, Many people usually",cau_dmd,0.7,1,15,0.72785,0.14975,1.15953,1.1695,0.08672,0.44908,0.29933,0.25412,0.10386,0.80156
111,"Over time, Many people usually",cau_dmd,0.9,1,18,0.91292,0.20585,1.45975,1.4668,0.0812,0.44908,0.24323,0.14885,0.16374,1.14716
111,"Over time, Many people usually",cau_dmd,0.99,1,24,0.99308,0.34161,2.42263,2.4186,0.07473,0.44908,0.10747,0.02466,0.29872,2.09924
111,"Over time, Many people usually",dua_dmd,0.3,1,2,0.47658,0.47258,0.20035,0.20451,0.05843,0.44908,0.02351,0.00111,0.01553,0.18371
111,"Over time, Many people usually",dua_dmd,0.5,1,3,0.73576,0.47069,0.47529,0.47927,0.07021,0.44908,0.02161,0.00094,0.04128,0.43306
111,"Over time, Many people usually",dua_dmd,0.7,1,3,0.73576,0.47069,0.47529,0.47927,0.07021,0.44908,0.02161,0.00094,0.04128,0.43306
111,"Over time, Many people usually",dua_dmd,0.9,1,5,0.92613,0.46878,1.22265,1.22162,0.08115,0.44908,0.0197,0.00078,0.07983,1.14204
111,"Over time, Many people usually",dua_dmd,0.99,1,8,0.9947,0.47577,3.46337,3.44913,0.08349,0.44908,0.02669,0.00143,0.11305,3.34889
222,"Honestly, Most doctors generally",euc_ctx,0.3,1,6,0.40843,0.17106,0.9636,0.97481,0.17206,0.44699,0.27592,0.20549,0.07412,0.68399
222,"Honestly, Most doctors generally",euc_ctx,0.5,1,7,0.65638,0.18083,1.19956,1.2096,0.19793,0.44699,0.26616,0.18722,0.09007,0.92227
222,"Honestly, Most doctors generally",euc_ctx,0.7,1,8,0.83716,0.21997,1.41653,1.42447,0.1877,0.44699,0.22702,0.12672,0.09847,1.19134
222,"Honestly, Most doctors generally",euc_ctx,0.9,1,9,0.93056,0.28051,1.6594,1.66431,0.17126,0.44699,0.16648,0.06273,0.10284,1.49383
222,"Honestly, Most doctors generally",euc_ctx,0.99,1,12,0.99482,0.46979,2.7489,2.73999,0.16849,0.44699,0.02281,0.00105,0.11809,2.62976
222,"Honestly, Most doctors generally",cau_ctx,0.3,0,,,,,,,,,,,
222,"Honestly, Most doctors generally",cau_ctx,0.5,0,,,,,,,,,,,
222,"Honestly, Most doctors generally",cau_ctx,0.7,0,,,,,,,,,,,
222,"Honestly, Most doctors generally",cau_ctx,0.9,0,,,,,,,,,,,
222,"Honestly, Most doctors generally",cau_ctx,0.99,0,,,,,,,,,,,
222,"Honestly, Most doctors generally",dua_ctx,0.3,1,124,0.30349,0.39543,4.23003,4.12143,0.03026,0.44699,0.05156,0.00549,0.45402,3.77053
222,"Honestly, Most doctors generally",dua_ctx,0.5,1,171,0.50116,0.38399,6.55319,6.42594,0.03825,0.44699,0.063,0.00824,0.83611,5.70884
222,"Honestly, Most doctors generally",dua_ctx,0.7,1,221,0.70208,0.38197,8.56111,8.42632,0.14188,0.44699,0.06502,0.00879,1.26022,7.29209
222,"Honestly, Most doctors generally",dua_ctx,0.9,1,278,0.90066,0.39252,10.47224,10.33351,0.17094,0.44699,0.05447,0.00613,1.70303,8.76308
222,"Honestly, Most doctors generally",dua_ctx,0.99,1,363,0.99014,0.44407,13.08463,12.94314,0.213,0.44699,0.00291,2e-05,2.19417,10.89045
222,"Honestly, Most doctors generally",euc_unemb,0.3,1,2,0.97648,0.31255,1.70587,1.70686,0.2295,0.44699,0.13443,0.03957,0.24848,1.41782
222,"Honestly, Most doctors generally",euc_unemb,0.5,1,2,0.97648,0.31255,1.70587,1.70686,0.2295,0.44699,0.13443,0.03957,0.24848,1.41782
222,"Honestly, Most doctors generally",euc_unemb,0.7,1,2,0.97648,0.31255,1.70587,1.70686,0.2295,0.44699,0.13443,0.03957,0.24848,1.41782
222,"Honestly, Most doctors generally",euc_unemb,0.9,1,2,0.97648,0.31255,1.70587,1.70686,0.2295,0.44699,0.13443,0.03957,0.24848,1.41782
222,"Honestly, Most doctors generally",euc_unemb,0.99,1,3,0.99989,0.42924,4.29863,4.26723,0.2396,0.44699,0.01775,0.00064,0.51485,3.78314
222,"Honestly, Most doctors generally",cau_unemb,0.3,1,30,0.331,0.1723,0.60136,0.61154,0.1601,0.44699,0.27469,0.2031,0.02782,0.37044
222,"Honestly, Most doctors generally",cau_unemb,0.5,1,34,0.52536,0.17172,0.72714,0.73681,0.18623,0.44699,0.27526,0.20421,0.02942,0.49351
222,"Honestly, Most doctors generally",cau_unemb,0.7,1,38,0.71163,0.18833,0.85096,0.85948,0.19425,0.44699,0.25865,0.17414,0.03604,0.64078
222,"Honestly, Most doctors generally",cau_unemb,0.9,1,45,0.90866,0.25027,1.11462,1.11944,0.18812,0.44699,0.19671,0.09094,0.05648,0.9672
222,"Honestly, Most doctors generally",cau_unemb,0.99,1,57,0.99059,0.36664,1.85854,1.85253,0.16978,0.44699,0.08034,0.01355,0.08762,1.75737
222,"Honestly, Most doctors generally",dua_unemb,0.3,1,2,0.33532,0.46212,0.14395,0.14708,0.02682,0.44699,0.01513,0.00046,0.02251,0.12098
222,"Honestly, Most doctors generally",dua_unemb,0.5,1,3,0.53487,0.47727,0.28348,0.28287,0.02821,0.44699,0.03029,0.00184,0.04442,0.23722
222,"Honestly, Most doctors generally",dua_unemb,0.7,1,5,0.72066,0.49371,0.65957,0.64362,0.0321,0.44699,0.04672,0.00438,0.07476,0.58043
222,"Honestly, Most doctors generally",dua_unemb,0.9,1,11,0.91967,0.50221,2.7098,2.62376,0.02481,0.44699,0.05522,0.00611,0.15373,2.54996
222,"Honestly, Most doctors generally",dua_unemb,0.99,1,19,0.99197,0.50865,5.78496,5.65266,0.14802,0.44699,0.06166,0.00762,0.28418,5.49317
222,"Honestly, Most doctors generally",euc_dmd,0.3,1,2,0.97673,0.2079,1.9182,1.92174,0.2032,0.44699,0.23909,0.14345,0.13913,1.63561
222,"Honestly, Most doctors generally",euc_dmd,0.5,1,2,0.97673,0.2079,1.9182,1.92174,0.2032,0.44699,0.23909,0.14345,0.13913,1.63561
222,"Honestly, Most doctors generally",euc_dmd,0.7,1,2,0.97673,0.2079,1.9182,1.92174,0.2032,0.44699,0.23909,0.14345,0.13913,1.63561
222,"Honestly, Most doctors generally",euc_dmd,0.9,1,2,0.97673,0.2079,1.9182,1.92174,0.2032,0.44699,0.23909,0.14345,0.13913,1.63561
222,"Honestly, Most doctors generally",euc_dmd,0.99,1,3,0.99983,0.38752,3.88646,3.86623,0.20123,0.44699,0.05946,0.00733,0.25376,3.62537
222,"Honestly, Most doctors generally",cau_dmd,0.3,1,12,0.39425,0.1297,1.0442,1.05623,0.21004,0.44699,0.31728,0.30229,0.08202,0.65988
222,"Honestly, Most doctors generally",cau_dmd,0.5,1,13,0.51721,0.12689,1.17172,1.1833,0.212,0.44699,0.3201,0.31031,0.08543,0.77598
222,"Honestly, Most doctors generally",cau_dmd,0.7,1,15,0.73995,0.13596,1.42753,1.43748,0.21092,0.44699,0.31102,0.2852,0.1025,1.03983
222,"Honestly, Most doctors generally",cau_dmd,0.9,1,18,0.9213,0.1725,1.87196,1.87756,0.20217,0.44699,0.27449,0.20272,0.14428,1.52497
222,"Honestly, Most doctors generally",cau_dmd,0.99,1,23,0.99088,0.22446,2.91174,2.90572,0.19775,0.44699,0.22253,0.12088,0.21096,2.57989
222,"Honestly, Most doctors generally",dua_dmd,0.3,1,2,0.43984,0.46938,0.19808,0.20251,0.00669,0.44699,0.02239,0.00101,0.03332,0.16376
222,"Honestly, Most doctors generally",dua_dmd,0.5,1,3,0.70774,0.46691,0.46242,0.46525,0.02257,0.44699,0.01992,0.0008,0.06999,0.39163
222,"Honestly, Most doctors generally",dua_dmd,0.7,1,3,0.70774,0.46691,0.46242,0.46525,0.02257,0.44699,0.01992,0.0008,0.06999,0.39163
222,"Honestly, Most doctors generally",dua_dmd,0.9,1,6,0.92558,0.46428,1.519,1.50024,0.15795,0.44699,0.01729,0.0006,0.13819,1.38021
222,"Honestly, Most doctors generally",dua_dmd,0.99,1,12,0.9962,0.46767,5.35528,5.28095,0.16703,0.44699,0.02069,0.00086,0.24907,5.10535
298,"At work, These kids typically",euc_ctx,0.3,1,6,0.30765,0.19051,0.80777,0.81764,0.15121,0.54209,0.35158,0.30599,0.06971,0.43207
298,"At work, These kids typically",euc_ctx,0.5,1,7,0.52032,0.18327,0.96452,0.97384,0.15627,0.54209,0.35883,0.32293,0.07613,0.56546
298,"At work, These kids typically",euc_ctx,0.7,1,8,0.72236,0.20275,1.06523,1.07339,0.14026,0.54209,0.33934,0.27921,0.07471,0.71131
298,"At work, These kids typically",euc_ctx,0.9,1,10,0.93369,0.3097,1.23217,1.23615,0.11487,0.54209,0.23239,0.11553,0.07229,1.04435
298,"At work, These kids typically",euc_ctx,0.99,1,13,0.99339,0.52224,1.77462,1.76778,0.10172,0.54209,0.01985,0.00079,0.09083,1.683
298,"At work, These kids typically",cau_ctx,0.3,0,,,,,,,,,,,
298,"At work, These kids typically",cau_ctx,0.5,0,,,,,,,,,,,
298,"At work, These kids typically",cau_ctx,0.7,0,,,,,,,,,,,
298,"At work, These kids typically",cau_ctx,0.9,0,,,,,,,,,,,
298,"At work, These kids typically",cau_ctx,0.99,0,,,,,,,,,,,
298,"At work, These kids typically",dua_ctx,0.3,1,113,0.30238,0.50087,3.31691,3.23345,0.04176,0.54209,0.04122,0.0034,0.38551,2.928
298,"At work, These kids typically",dua_ctx,0.5,1,163,0.5019,0.47577,5.50882,5.39259,0.04176,0.54209,0.06633,0.00881,0.84826,4.65176
298,"At work, These kids typically",dua_ctx,0.7,1,219,0.70293,0.46485,7.41535,7.28611,0.04878,0.54209,0.07725,0.01195,1.51095,5.89245
298,"At work, These kids typically",dua_ctx,0.9,1,310,0.90029,0.48386,10.03256,9.89565,0.05766,0.54209,0.05823,0.00679,2.45378,7.57199
298,"At work, These kids typically",dua_ctx,0.99,1,399,0.99046,0.53423,11.79497,11.65524,0.05896,0.54209,0.00786,0.00012,2.98439,8.81046
298,"At work, These kids typically",euc_unemb,0.3,1,2,0.96183,0.28915,1.45674,1.46299,0.17819,0.54209,0.25294,0.13931,0.34138,0.97604
298,"At work, These kids typically",euc_unemb,0.5,1,2,0.96183,0.28915,1.45674,1.46299,0.17819,0.54209,0.25294,0.13931,0.34138,0.97604
298,"At work, These kids typically",euc_unemb,0.7,1,2,0.96183,0.28915,1.45674,1.46299,0.17819,0.54209,0.25294,0.13931,0.34138,0.97604
298,"At work, These kids typically",euc_unemb,0.9,1,2,0.96183,0.28915,1.45674,1.46299,0.17819,0.54209,0.25294,0.13931,0.34138,0.97604
298,"At work, These kids typically",euc_unemb,0.99,1,3,0.99972,0.5158,3.1254,3.10819,0.18377,0.54209,0.02629,0.00139,0.7179,2.40612
298,"At work, These kids typically",cau_unemb,0.3,1,32,0.31115,0.21695,0.54945,0.55953,0.13975,0.54209,0.32514,0.25074,0.04508,0.25362
298,"At work, These kids typically",cau_unemb,0.5,1,37,0.51754,0.21642,0.6381,0.6479,0.14175,0.54209,0.32567,0.25177,0.0456,0.34074
298,"At work, These kids typically",cau_unemb,0.7,1,42,0.71723,0.24209,0.70655,0.71534,0.14293,0.54209,0.3,0.20625,0.0552,0.4451
298,"At work, These kids typically",cau_unemb,0.9,1,50,0.90871,0.32759,0.84861,0.85409,0.10215,0.54209,0.21451,0.09711,0.09222,0.65928
298,"At work, These kids typically",cau_unemb,0.99,1,64,0.99062,0.48781,1.39653,1.39144,0.10485,0.54209,0.05428,0.0059,0.16643,1.2242
298,"At work, These kids typically",dua_unemb,0.3,1,2,0.32731,0.54653,0.12426,0.12745,0.01475,0.54209,0.00444,4e-05,0.01225,0.11197
298,"At work, These kids typically",dua_unemb,0.5,1,3,0.53603,0.55692,0.25432,0.25556,0.01641,0.54209,0.01483,0.00044,0.02714,0.22674
298,"At work, These kids typically",dua_unemb,0.7,1,5,0.7703,0.5763,0.63127,0.62333,0.02014,0.54209,0.0342,0.00238,0.05829,0.5706
298,"At work, These kids typically",dua_unemb,0.9,1,8,0.921,0.58961,1.67491,1.64329,0.03616,0.54209,0.04752,0.00462,0.09737,1.57292
298,"At work, These kids typically",dua_unemb,0.99,1,12,0.99342,0.60216,4.20894,4.1346,0.04388,0.54209,0.06006,0.00742,0.1263,4.07522
298,"At work, These kids typically",euc_dmd,0.3,1,2,0.93683,0.15044,1.69819,1.70229,0.1697,0.54209,0.39165,0.41187,0.17959,1.10673
298,"At work, These kids typically",euc_dmd,0.5,1,2,0.93683,0.15044,1.69819,1.70229,0.1697,0.54209,0.39165,0.41187,0.17959,1.10673
298,"At work, These kids typically",euc_dmd,0.7,1,2,0.93683,0.15044,1.69819,1.70229,0.1697,0.54209,0.39165,0.41187,0.17959,1.10673
298,"At work, These kids typically",euc_dmd,0.9,1,2,0.93683,0.15044,1.69819,1.70229,0.1697,0.54209,0.39165,0.41187,0.17959,1.10673
298,"At work, These kids typically",euc_dmd,0.99,1,3,0.99907,0.37114,2.63241,2.62068,0.1627,0.54209,0.17095,0.06011,0.37263,2.19967
298,"At work, These kids typically",cau_dmd,0.3,1,13,0.30492,0.16284,0.91862,0.92735,0.15752,0.54209,0.37926,0.37569,0.101,0.44194
298,"At work, These kids typically",cau_dmd,0.5,1,16,0.59383,0.15485,1.11507,1.1224,0.16295,0.54209,0.38724,0.39859,0.07559,0.64089
298,"At work, These kids typically",cau_dmd,0.7,1,18,0.7625,0.17045,1.23175,1.23745,0.1499,0.54209,0.37165,0.35511,0.08279,0.79384
298,"At work, These kids typically",cau_dmd,0.9,1,21,0.91082,0.21611,1.43698,1.43914,0.13117,0.54209,0.32598,0.25236,0.1243,1.06032
298,"At work, These kids typically",cau_dmd,0.99,1,28,0.99279,0.32948,2.23124,2.22032,0.1057,0.54209,0.21261,0.09528,0.24349,1.89247
298,"At work, These kids typically",dua_dmd,0.3,1,2,0.37562,0.54371,0.13849,0.14147,0.0159,0.54209,0.00162,1e-05,0.00873,0.12976
298,"At work, These kids typically",dua_dmd,0.5,1,3,0.57345,0.53265,0.28964,0.29137,0.02281,0.54209,0.00944,0.00018,0.01954,0.26992
298,"At work, These kids typically",dua_dmd,0.7,1,4,0.70116,0.52529,0.47553,0.47415,0.02548,0.54209,0.0168,0.00057,0.0328,0.44217
298,"At work, These kids typically",dua_dmd,0.9,1,7,0.90394,0.51447,1.41423,1.39818,0.03867,0.54209,0.02762,0.00153,0.08489,1.32781
298,"At work, These kids typically",dua_dmd,0.99,1,12,0.99229,0.51994,4.74292,4.69794,0.04319,0.54209,0.02215,0.00098,0.15038,4.59155
177,"At work, Farmers generally",euc_ctx,0.3,1,5,0.32589,0.17011,0.64863,0.65758,0.10878,0.43755,0.26744,0.19458,0.04054,0.41351
177,"At work, Farmers generally",euc_ctx,0.5,1,6,0.54323,0.16476,0.81843,0.82715,0.10971,0.43755,0.27279,0.20495,0.04359,0.56988
177,"At work, Farmers generally",euc_ctx,0.7,1,7,0.7413,0.1839,0.95374,0.96162,0.10544,0.43755,0.25365,0.16991,0.04012,0.74371
177,"At work, Farmers generally",euc_ctx,0.9,1,9,0.93925,0.28288,1.23693,1.24132,0.04685,0.43755,0.15467,0.0542,0.03603,1.14669
177,"At work, Farmers generally",euc_ctx,0.99,1,12,0.99377,0.47833,1.97905,1.97384,0.02739,0.43755,0.04078,0.00334,0.04887,1.92684
177,"At work, Farmers generally",cau_ctx,0.3,0,,,,,,,,,,,
177,"At work, Farmers generally",cau_ctx,0.5,0,,,,,,,,,,,
177,"At work, Farmers generally",cau_ctx,0.7,0,,,,,,,,,,,
177,"At work, Farmers generally",cau_ctx,0.9,0,,,,,,,,,,,
177,"At work, Farmers generally",cau_ctx,0.99,0,,,,,,,,,,,
177,"At work, Farmers generally",dua_ctx,0.3,1,109,0.30312,0.40691,3.64605,3.57738,0.08635,0.43755,0.03064,0.00193,0.34172,3.3024
177,"At work, Farmers generally",dua_ctx,0.5,1,152,0.50014,0.3892,6.28296,6.18185,0.10615,0.43755,0.04835,0.00485,0.71166,5.56645
177,"At work, Farmers generally",dua_ctx,0.7,1,203,0.70067,0.38967,8.71941,8.60009,0.10734,0.43755,0.04788,0.00476,1.1787,7.53596
177,"At work, Farmers generally",dua_ctx,0.9,1,282,0.901,0.41919,11.24391,11.11329,0.11011,0.43755,0.01836,0.00069,1.88005,9.36318
177,"At work, Farmers generally",dua_ctx,0.99,1,365,0.99001,0.47126,12.75221,12.61651,0.10844,0.43755,0.03371,0.00229,2.47044,10.27949
177,"At work, Farmers generally",euc_unemb,0.3,1,1,0.33668,0.15423,0.54059,0.55069,0.10752,0.43755,0.28332,0.22681,0.04311,0.27068
177,"At work, Farmers generally",euc_unemb,0.5,1,2,0.98517,0.29898,1.56198,1.56351,0.12581,0.43755,0.13857,0.04276,0.26277,1.25645
177,"At work, Farmers generally",euc_unemb,0.7,1,2,0.98517,0.29898,1.56198,1.56351,0.12581,0.43755,0.13857,0.04276,0.26277,1.25645
177,"At work, Farmers generally",euc_unemb,0.9,1,2,0.98517,0.29898,1.56198,1.56351,0.12581,0.43755,0.13857,0.04276,0.26277,1.25645
177,"At work, Farmers generally",euc_unemb,0.99,1,3,0.99989,0.38211,3.77823,3.75425,0.12675,0.43755,0.05544,0.00641,0.54137,3.23046
177,"At work, Farmers generally",cau_unemb,0.3,1,27,0.32946,0.20109,0.37582,0.38429,0.05239,0.43755,0.23646,0.14277,0.02265,0.21039
177,"At work, Farmers generally",cau_unemb,0.5,1,32,0.53882,0.20495,0.46204,0.47046,0.09486,0.43755,0.2326,0.13718,0.02404,0.30082
177,"At work, Farmers generally",cau_unemb,0.7,1,37,0.73469,0.23391,0.54642,0.55408,0.05156,0.43755,0.20364,0.10022,0.03235,0.41384
177,"At work, Farmers generally",cau_unemb,0.9,1,44,0.90211,0.30943,0.71529,0.72048,0.02599,0.43755,0.12812,0.03617,0.05756,0.62157
177,"At work, Farmers generally",cau_unemb,0.99,1,58,0.9901,0.47207,1.38999,1.3855,0.07464,0.43755,0.03452,0.0024,0.11883,1.26877
177,"At work, Farmers generally",dua_unemb,0.3,1,2,0.44749,0.46376,0.18367,0.1875,0.01065,0.43755,0.02621,0.00139,0.01721,0.16507
177,"At work, Farmers generally",dua_unemb,0.5,1,3,0.66666,0.48496,0.35862,0.36015,0.01362,0.43755,0.04741,0.00451,0.0351,0.319
177,"At work, Farmers generally",dua_unemb,0.7,1,4,0.78841,0.50099,0.57937,0.57703,0.01434,0.43755,0.06344,0.00807,0.05082,0.52048
177,"At work, Farmers generally",dua_unemb,0.9,1,6,0.90294,0.51877,1.24936,1.23563,0.01846,0.43755,0.08122,0.01322,0.07416,1.16198
177,"At work, Farmers generally",dua_unemb,0.99,1,12,0.99074,0.54314,5.71087,5.64338,0.08068,0.43755,0.10559,0.02236,0.13189,5.55662
177,"At work, Farmers generally",euc_dmd,0.3,1,1,0.30334,0.11923,0.72931,0.73707,0.11482,0.43755,0.31832,0.31662,0.04087,0.37182
177,"At work, Farmers generally",euc_dmd,0.5,1,2,0.97435,0.1836,1.59691,1.59747,0.12215,0.43755,0.25395,0.17042,0.13548,1.29102
177,"At work, Farmers generally",euc_dmd,0.7,1,2,0.97435,0.1836,1.59691,1.59747,0.12215,0.43755,0.25395,0.17042,0.13548,1.29102
177,"At work, Farmers generally",euc_dmd,0.9,1,2,0.97435,0.1836,1.59691,1.59747,0.12215,0.43755,0.25395,0.17042,0.13548,1.29102
177,"At work, Farmers generally",euc_dmd,0.99,1,3,0.99964,0.35737,2.99975,2.98273,0.12304,0.43755,0.08018,0.01361,0.28495,2.70118
177,"At work, Farmers generally",cau_dmd,0.3,1,11,0.32469,0.15277,0.67014,0.677,0.11614,0.43755,0.28478,0.23,0.05877,0.38137
177,"At work, Farmers generally",cau_dmd,0.5,1,13,0.51822,0.14529,0.81723,0.82343,0.12071,0.43755,0.29226,0.24702,0.04905,0.52116
177,"At work, Farmers generally",cau_dmd,0.7,1,15,0.70361,0.15367,0.95909,0.96403,0.10824,0.43755,0.28388,0.22802,0.0475,0.68356
177,"At work, Farmers generally",cau_dmd,0.9,1,19,0.91761,0.20353,1.30675,1.30733,0.10656,0.43755,0.23402,0.13922,0.07757,1.08996
177,"At work, Farmers generally",cau_dmd,0.99,1,25,0.9905,0.28093,2.1447,2.13435,0.08356,0.43755,0.15662,0.0557,0.14845,1.94055
177,"At work, Farmers generally",dua_dmd,0.3,1,2,0.49131,0.45726,0.19716,0.20117,0.07131,0.43755,0.01971,0.00078,0.01119,0.18518
177,"At work, Farmers generally",dua_dmd,0.5,1,3,0.69733,0.45513,0.40132,0.40375,0.07535,0.43755,0.01758,0.00062,0.02489,0.37581
177,"At work, Farmers generally",dua_dmd,0.7,1,4,0.81177,0.4532,0.66549,0.66489,0.07832,0.43755,0.01565,0.0005,0.03912,0.62588
177,"At work, Farmers generally",dua_dmd,0.9,1,6,0.91729,0.45064,1.47516,1.46652,0.08028,0.43755,0.01309,0.00035,0.0697,1.40512
177,"At work, Farmers generally",dua_dmd,0.99,1,12,0.99151,0.46553,5.9684,5.92581,0.08327,0.43755,0.02798,0.00158,0.14872,5.8181
35,"Usually, Our customers rarely",euc_ctx,0.3,1,6,0.5415,0.30421,0.76838,0.7799,0.12311,0.61419,0.30999,0.20402,0.08391,0.48046
35,"Usually, Our customers rarely",euc_ctx,0.5,1,6,0.5415,0.30421,0.76838,0.7799,0.12311,0.61419,0.30999,0.20402,0.08391,0.48046
35,"Usually, Our customers rarely",euc_ctx,0.7,1,7,0.76739,0.34236,0.89992,0.90961,0.12303,0.61419,0.27183,0.1532,0.10106,0.64566
35,"Usually, Our customers rarely",euc_ctx,0.9,1,9,0.95928,0.49608,1.19097,1.19352,0.09628,0.61419,0.11811,0.02813,0.11223,1.05061
35,"Usually, Our customers rarely",euc_ctx,0.99,1,11,0.99318,0.62786,1.68981,1.68191,0.09127,0.61419,0.01367,0.0004,0.11957,1.56985
35,"Usually, Our customers rarely",cau_ctx,0.3,0,,,,,,,,,,,
35,"Usually, Our customers rarely",cau_ctx,0.5,0,,,,,,,,,,,
35,"Usually, Our customers rarely",cau_ctx,0.7,0,,,,,,,,,,,
35,"Usually, Our customers rarely",cau_ctx,0.9,0,,,,,,,,,,,
35,"Usually, Our customers rarely",cau_ctx,0.99,0,,,,,,,,,,,
35,"Usually, Our customers rarely",dua_ctx,0.3,1,113,0.30035,0.54366,3.76646,3.67007,0.03701,0.61419,0.07054,0.01015,0.39296,3.36336
35,"Usually, Our customers rarely",dua_ctx,0.5,1,162,0.50338,0.50422,6.60544,6.48188,0.06788,0.61419,0.10997,0.02442,0.92638,5.65464
35,"Usually, Our customers rarely",dua_ctx,0.7,1,218,0.70199,0.48857,7.98776,7.85407,0.08029,0.61419,0.12562,0.03179,1.6026,6.35337
35,"Usually, Our customers rarely",dua_ctx,0.9,1,297,0.90108,0.48373,9.85619,9.71684,0.11364,0.61419,0.13046,0.03427,2.4974,7.32452
35,"Usually, Our customers rarely",dua_ctx,0.99,1,382,0.99059,0.53392,11.36992,11.22781,0.11775,0.61419,0.08027,0.0131,3.40508,7.95175
35,"Usually, Our customers rarely",euc_unemb,0.3,1,1,0.30614,0.33131,0.39454,0.40903,0.09878,0.61419,0.28288,0.16692,0.05374,0.17388
35,"Usually, Our customers rarely",euc_unemb,0.5,1,2,0.99182,0.57981,1.48844,1.4866,0.07033,0.61419,0.03438,0.00245,0.34024,1.14575
35,"Usually, Our customers rarely",euc_unemb,0.7,1,2,0.99182,0.57981,1.48844,1.4866,0.07033,0.61419,0.03438,0.00245,0.34024,1.14575
35,"Usually, Our customers rarely",euc_unemb,0.9,1,2,0.99182,0.57981,1.48844,1.4866,0.07033,0.61419,0.03438,0.00245,0.34024,1.14575
35,"Usually, Our customers rarely",euc_unemb,0.99,1,2,0.99182,0.57981,1.48844,1.4866,0.07033,0.61419,0.03438,0.00245,0.34024,1.14575
35,"Usually, Our customers rarely",cau_unemb,0.3,1,27,0.32785,0.32678,0.3552,0.36724,0.0936,0.61419,0.28741,0.17278,0.03485,0.14757
35,"Usually, Our customers rarely",cau_unemb,0.5,1,31,0.5269,0.33672,0.41662,0.4286,0.09907,0.61419,0.27747,0.16011,0.05351,0.203
35,"Usually, Our customers rarely",cau_unemb,0.7,1,35,0.71736,0.37621,0.47763,0.48868,0.09701,0.61419,0.23799,0.11569,0.08784,0.27411
35,"Usually, Our customers rarely",cau_unemb,0.9,1,42,0.91432,0.48997,0.64975,0.65685,0.10372,0.61419,0.12422,0.03109,0.16681,0.45185
35,"Usually, Our customers rarely",cau_unemb,0.99,1,53,0.99013,0.63084,1.18239,1.17852,0.1058,0.61419,0.01665,0.00059,0.26998,0.91181
35,"Usually, Our customers rarely",dua_unemb,0.3,1,2,0.34048,0.60861,0.13021,0.13309,0.02292,0.61419,0.00558,7e-05,0.01153,0.11862
35,"Usually, Our customers rarely",dua_unemb,0.5,1,3,0.54538,0.61718,0.26885,0.26838,0.03082,0.61419,0.00298,2e-05,0.02842,0.24042
35,"Usually, Our customers rarely",dua_unemb,0.7,1,5,0.77579,0.63268,0.6781,0.66399,0.03543,0.61419,0.01849,0.00073,0.06014,0.61723
35,"Usually, Our customers rarely",dua_unemb,0.9,1,8,0.92868,0.64336,1.79778,1.75087,0.02849,0.61419,0.02917,0.00183,0.0975,1.69845
35,"Usually, Our customers rarely",dua_unemb,0.99,1,11,0.99285,0.65806,3.6489,3.56308,0.02696,0.61419,0.04387,0.0042,0.12775,3.51695
35,"Usually, Our customers rarely",euc_dmd,0.3,1,2,0.98897,0.50848,1.33991,1.34349,0.10379,0.61419,0.10571,0.02258,0.26162,1.05571
35,"Usually, Our customers rarely",euc_dmd,0.5,1,2,0.98897,0.50848,1.33991,1.34349,0.10379,0.61419,0.10571,0.02258,0.26162,1.05571
35,"Usually, Our customers rarely",euc_dmd,0.7,1,2,0.98897,0.50848,1.33991,1.34349,0.10379,0.61419,0.10571,0.02258,0.26162,1.05571
35,"Usually, Our customers rarely",euc_dmd,0.9,1,2,0.98897,0.50848,1.33991,1.34349,0.10379,0.61419,0.10571,0.02258,0.26162,1.05571
35,"Usually, Our customers rarely",euc_dmd,0.99,1,3,0.99993,0.61938,3.06763,3.04256,0.10971,0.61419,0.00519,6e-05,0.45484,2.61273
35,"Usually, Our customers rarely",cau_dmd,0.3,1,11,0.35345,0.25928,0.61684,0.62985,0.12424,0.61419,0.35491,0.27802,0.10314,0.23568
35,"Usually, Our customers rarely",cau_dmd,0.5,1,13,0.59617,0.26851,0.73375,0.74647,0.12498,0.61419,0.34568,0.26137,0.14169,0.33069
35,"Usually, Our customers rarely",cau_dmd,0.7,1,14,0.70685,0.28782,0.78722,0.79938,0.12047,0.61419,0.32637,0.22904,0.17208,0.38611
35,"Usually, Our customers rarely",cau_dmd,0.9,1,17,0.91106,0.3872,0.98588,0.99462,0.12125,0.61419,0.22699,0.10485,0.28795,0.59309
35,"Usually, Our customers rarely",cau_dmd,0.99,1,22,0.99055,0.54599,1.59681,1.59473,0.11773,0.61419,0.06821,0.00949,0.47168,1.11564
35,"Usually, Our customers rarely",dua_dmd,0.3,1,2,0.42075,0.59881,0.17753,0.18244,0.00935,0.61419,0.01539,0.00049,0.02266,0.15438
35,"Usually, Our customers rarely",dua_dmd,0.5,1,3,0.68375,0.58069,0.44524,0.44907,0.06427,0.61419,0.0335,0.00232,0.06076,0.38216
35,"Usually, Our customers rarely",dua_dmd,0.7,1,4,0.81068,0.57464,0.72384,0.72461,0.07452,0.61419,0.03955,0.00323,0.08709,0.63352
35,"Usually, Our customers rarely",dua_dmd,0.9,1,6,0.92447,0.57375,1.39098,1.38316,0.08708,0.61419,0.04044,0.00337,0.12206,1.26555
35,"Usually, Our customers rarely",dua_dmd,0.99,1,9,0.99497,0.58529,2.9216,2.89386,0.08244,0.61419,0.0289,0.00173,0.16227,2.75759
10,"Lately, These kids usually",euc_ctx,0.3,1,6,0.34657,0.25918,0.65387,0.6656,0.1115,0.54036,0.28118,0.17761,0.06351,0.41276
10,"Lately, These kids usually",euc_ctx,0.5,1,7,0.55622,0.25773,0.80907,0.82037,0.13019,0.54036,0.28263,0.17976,0.07372,0.5556
10,"Lately, These kids usually",euc_ctx,0.7,1,8,0.7451,0.28444,0.93775,0.94782,0.1302,0.54036,0.25591,0.1433,0.07748,0.71697
10,"Lately, These kids usually",euc_ctx,0.9,1,10,0.93817,0.39657,1.22101,1.22637,0.14817,0.54036,0.14379,0.04207,0.07962,1.09932
10,"Lately, These kids usually",euc_ctx,0.99,1,13,0.99365,0.56791,1.93803,1.93187,0.11832,0.54036,0.02755,0.00154,0.09464,1.84185
10,"Lately, These kids usually",cau_ctx,0.3,0,,,,,,,,,,,
10,"Lately, These kids usually",cau_ctx,0.5,0,,,,,,,,,,,
10,"Lately, These kids usually",cau_ctx,0.7,0,,,,,,,,,,,
10,"Lately, These kids usually",cau_ctx,0.9,0,,,,,,,,,,,
10,"Lately, These kids usually",cau_ctx,0.99,0,,,,,,,,,,,
10,"Lately, These kids usually",dua_ctx,0.3,1,124,0.30263,0.47034,3.30715,3.22021,0.0386,0.54036,0.07002,0.00982,0.36945,2.92788
10,"Lately, These kids usually",dua_ctx,0.5,1,178,0.50126,0.43896,5.25111,5.13479,0.04152,0.54036,0.1014,0.02067,0.81251,4.41793
10,"Lately, These kids usually",dua_ctx,0.7,1,239,0.70262,0.42755,6.96621,6.8374,0.03933,0.54036,0.11281,0.02565,1.48467,5.45589
10,"Lately, These kids usually",dua_ctx,0.9,1,345,0.90159,0.43746,9.64103,9.50445,0.07686,0.54036,0.1029,0.02129,2.91639,6.70334
10,"Lately, These kids usually",dua_ctx,0.99,1,420,0.99047,0.47086,12.89309,12.75428,0.07924,0.54036,0.0695,0.00967,3.62012,9.2633
10,"Lately, These kids usually",euc_unemb,0.3,1,2,0.95468,0.37793,1.38117,1.38893,0.1782,0.54036,0.16243,0.0541,0.29994,1.02713
10,"Lately, These kids usually",euc_unemb,0.5,1,2,0.95468,0.37793,1.38117,1.38893,0.1782,0.54036,0.16243,0.0541,0.29994,1.02713
10,"Lately, These kids usually",euc_unemb,0.7,1,2,0.95468,0.37793,1.38117,1.38893,0.1782,0.54036,0.16243,0.0541,0.29994,1.02713
10,"Lately, These kids usually",euc_unemb,0.9,1,2,0.95468,0.37793,1.38117,1.38893,0.1782,0.54036,0.16243,0.0541,0.29994,1.02713
10,"Lately, These kids usually",euc_unemb,0.99,1,3,0.99948,0.55024,3.15525,3.14003,0.18412,0.54036,0.00988,0.0002,0.59714,2.55792
10,"Lately, These kids usually",cau_unemb,0.3,1,31,0.33021,0.27742,0.43178,0.44327,0.12,0.54036,0.26294,0.15233,0.0443,0.23515
10,"Lately, These kids usually",cau_unemb,0.5,1,36,0.5324,0.28051,0.53019,0.54151,0.1116,0.54036,0.25985,0.14831,0.05122,0.33066
10,"Lately, These kids usually",cau_unemb,0.7,1,41,0.72353,0.30843,0.63052,0.64077,0.13154,0.54036,0.23193,0.11523,0.06394,0.45136
10,"Lately, These kids usually",cau_unemb,0.9,1,49,0.90745,0.38561,0.85633,0.86287,0.13639,0.54036,0.15475,0.04894,0.09697,0.71042
10,"Lately, These kids usually",cau_unemb,0.99,1,64,0.99117,0.49949,1.60363,1.5981,0.14934,0.54036,0.04087,0.00334,0.16034,1.43995
10,"Lately, These kids usually",dua_unemb,0.3,1,2,0.30956,0.54208,0.11114,0.1147,0.00331,0.54036,0.00172,1e-05,0.00953,0.1016
10,"Lately, These kids usually",dua_unemb,0.5,1,3,0.51579,0.54964,0.2286,0.23034,0.00564,0.54036,0.00928,0.00017,0.02079,0.20763
10,"Lately, These kids usually",dua_unemb,0.7,1,5,0.76491,0.56564,0.57467,0.56694,0.02072,0.54036,0.02528,0.0013,0.04681,0.52656
10,"Lately, These kids usually",dua_unemb,0.9,1,8,0.90854,0.57464,1.47975,1.44798,0.04047,0.54036,0.03428,0.00239,0.07755,1.39982
10,"Lately, These kids usually",dua_unemb,0.99,1,13,0.9909,0.57961,4.06065,3.97617,0.06088,0.54036,0.03925,0.00314,0.10563,3.95188
10,"Lately, These kids usually",euc_dmd,0.3,1,2,0.94183,0.26416,1.51599,1.52348,0.17362,0.54036,0.2762,0.17043,0.19249,1.15307
10,"Lately, These kids usually",euc_dmd,0.5,1,2,0.94183,0.26416,1.51599,1.52348,0.17362,0.54036,0.2762,0.17043,0.19249,1.15307
10,"Lately, These kids usually",euc_dmd,0.7,1,2,0.94183,0.26416,1.51599,1.52348,0.17362,0.54036,0.2762,0.17043,0.19249,1.15307
10,"Lately, These kids usually",euc_dmd,0.9,1,2,0.94183,0.26416,1.51599,1.52348,0.17362,0.54036,0.2762,0.17043,0.19249,1.15307
10,"Lately, These kids usually",euc_dmd,0.99,1,3,0.99899,0.47595,2.7994,2.78939,0.18043,0.54036,0.0644,0.0083,0.34897,2.44213
10,"Lately, These kids usually",cau_dmd,0.3,1,12,0.30388,0.23456,0.71456,0.72639,0.16843,0.54036,0.3058,0.21653,0.09559,0.40244
10,"Lately, These kids usually",cau_dmd,0.5,1,15,0.59454,0.22741,0.93507,0.94612,0.16102,0.54036,0.31295,0.22898,0.08482,0.62127
10,"Lately, These kids usually",cau_dmd,0.7,1,17,0.76385,0.24788,1.08513,1.0947,0.07661,0.54036,0.29248,0.19474,0.09496,0.79543
10,"Lately, These kids usually",cau_dmd,0.9,1,20,0.91183,0.30139,1.36692,1.37289,0.07515,0.54036,0.23897,0.12306,0.13888,1.10498
10,"Lately, These kids usually",cau_dmd,0.99,1,27,0.99289,0.40802,2.35855,2.35108,0.12407,0.54036,0.13234,0.0355,0.26088,2.06217
10,"Lately, These kids usually",dua_dmd,0.3,1,2,0.41474,0.54202,0.1557,0.15931,0.00558,0.54036,0.00166,1e-05,0.00996,0.14574
10,"Lately, These kids usually",dua_dmd,0.5,1,3,0.66397,0.5261,0.36303,0.36537,0.03761,0.54036,0.01426,0.00041,0.02425,0.33837
10,"Lately, These kids usually",dua_dmd,0.7,1,4,0.80693,0.51749,0.60146,0.60021,0.05016,0.54036,0.02287,0.00105,0.04018,0.56023
10,"Lately, These kids usually",dua_dmd,0.9,1,6,0.93972,0.50999,1.21158,1.20018,0.0647,0.54036,0.03037,0.00185,0.07291,1.13683
10,"Lately, These kids usually",dua_dmd,0.99,1,9,0.99607,0.50376,3.01983,2.98895,0.07228,0.54036,0.0366,0.00268,0.11551,2.90164
97,"Every day, I really",euc_ctx,0.3,1,6,0.31276,0.08073,1.12417,1.12585,0.22018,0.50428,0.42355,0.61773,0.09349,0.41295
97,"Every day, I really",euc_ctx,0.5,1,7,0.55243,0.0757,1.29275,1.29279,0.22161,0.50428,0.42858,0.64744,0.11637,0.52895
97,"Every day, I really",euc_ctx,0.7,1,8,0.76534,0.08742,1.36825,1.3663,0.22069,0.50428,0.41686,0.58121,0.13293,0.65412
97,"Every day, I really",euc_ctx,0.9,1,10,0.95423,0.15986,1.40748,1.40033,0.19197,0.50428,0.34442,0.31782,0.15354,0.93613
97,"Every day, I really",euc_ctx,0.99,1,12,0.99159,0.2896,1.54553,1.53119,0.17438,0.50428,0.21468,0.10132,0.16973,1.27448
97,"Every day, I really",cau_ctx,0.3,0,,,,,,,,,,,
97,"Every day, I really",cau_ctx,0.5,0,,,,,,,,,,,
97,"Every day, I really",cau_ctx,0.7,0,,,,,,,,,,,
97,"Every day, I really",cau_ctx,0.9,0,,,,,,,,,,,
97,"Every day, I really",cau_ctx,0.99,0,,,,,,,,,,,
97,"Every day, I really",dua_ctx,0.3,1,84,0.30157,0.45029,1.46385,1.3775,0.02078,0.50428,0.05399,0.00586,0.13907,1.31893
97,"Every day, I really",dua_ctx,0.5,1,127,0.5035,0.42039,2.58324,2.4632,0.12399,0.50428,0.08389,0.01425,0.28921,2.27978
97,"Every day, I really",dua_ctx,0.7,1,168,0.70103,0.39973,3.74004,3.60639,0.13569,0.50428,0.10455,0.0223,0.45665,3.26109
97,"Every day, I really",dua_ctx,0.9,1,211,0.90392,0.38656,4.97297,4.83359,0.15521,0.50428,0.11772,0.02844,0.65199,4.29254
97,"Every day, I really",dua_ctx,0.99,1,271,0.99025,0.41953,6.66088,6.51777,0.18546,0.50428,0.08475,0.01455,1.03243,5.61391
97,"Every day, I really",euc_unemb,0.3,1,2,0.95679,0.19225,1.45699,1.45359,0.18818,0.50428,0.31203,0.24427,0.23958,0.97314
97,"Every day, I really",euc_unemb,0.5,1,2,0.95679,0.19225,1.45699,1.45359,0.18818,0.50428,0.31203,0.24427,0.23958,0.97314
97,"Every day, I really",euc_unemb,0.7,1,2,0.95679,0.19225,1.45699,1.45359,0.18818,0.50428,0.31203,0.24427,0.23958,0.97314
97,"Every day, I really",euc_unemb,0.9,1,2,0.95679,0.19225,1.45699,1.45359,0.18818,0.50428,0.31203,0.24427,0.23958,0.97314
97,"Every day, I really",euc_unemb,0.99,1,3,0.99979,0.60246,2.72007,2.69178,0.18766,0.50428,0.09818,0.01971,0.55973,2.14063
97,"Every day, I really",cau_unemb,0.3,1,33,0.32956,0.12115,0.83614,0.83955,0.18169,0.50428,0.38313,0.4353,0.04835,0.35248
97,"Every day, I really",cau_unemb,0.5,1,37,0.51366,0.11697,0.94909,0.95132,0.18608,0.50428,0.38731,0.45067,0.05559,0.44283
97,"Every day, I really",cau_unemb,0.7,1,42,0.73226,0.12971,1.05774,1.05794,0.17685,0.50428,0.37457,0.40573,0.0787,0.57331
97,"Every day, I really",cau_unemb,0.9,1,49,0.9113,0.17779,1.19848,1.1947,0.17608,0.50428,0.32649,0.2749,0.12989,0.79368
97,"Every day, I really",cau_unemb,0.99,1,62,0.99152,0.31377,1.63953,1.62483,0.16891,0.50428,0.19051,0.07806,0.21998,1.34149
97,"Every day, I really",dua_unemb,0.3,1,3,0.36601,0.51351,0.17492,0.17164,0.01151,0.50428,0.00923,0.00017,0.03474,0.14001
97,"Every day, I really",dua_unemb,0.5,1,5,0.53074,0.51809,0.41407,0.39336,0.01542,0.50428,0.01381,0.00038,0.06231,0.35138
97,"Every day, I really",dua_unemb,0.7,1,9,0.71804,0.52201,1.20427,1.13621,0.03746,0.50428,0.01773,0.00063,0.10305,1.10058
97,"Every day, I really",dua_unemb,0.9,1,17,0.90315,0.53885,3.22364,3.09884,0.06252,0.50428,0.03457,0.0024,0.19029,3.03094
97,"Every day, I really",dua_unemb,0.99,1,24,0.99262,0.56164,4.96226,4.82104,0.05941,0.50428,0.05736,0.00663,0.2974,4.65823
97,"Every day, I really",euc_dmd,0.3,1,2,0.94988,0.05779,2.18322,2.1759,0.19471,0.50428,0.44649,0.77408,0.20238,1.20676
97,"Every day, I really",euc_dmd,0.5,1,2,0.94988,0.05779,2.18322,2.1759,0.19471,0.50428,0.44649,0.77408,0.20238,1.20676
97,"Every day, I really",euc_dmd,0.7,1,2,0.94988,0.05779,2.18322,2.1759,0.19471,0.50428,0.44649,0.77408,0.20238,1.20676
97,"Every day, I really",euc_dmd,0.9,1,2,0.94988,0.05779,2.18322,2.1759,0.19471,0.50428,0.44649,0.77408,0.20238,1.20676
97,"Every day, I really",euc_dmd,0.99,1,3,0.99952,0.18803,2.97848,2.95275,0.18803,0.50428,0.31625,0.25288,0.41406,2.31155
97,"Every day, I really",cau_dmd,0.3,1,13,0.3999,0.03776,1.9206,1.91896,0.19375,0.50428,0.46652,0.97827,0.17144,0.7709
97,"Every day, I really",cau_dmd,0.5,1,14,0.51778,0.03218,2.14808,2.14442,0.19394,0.50428,0.4721,1.05598,0.19026,0.90184
97,"Every day, I really",cau_dmd,0.7,1,16,0.73232,0.02595,2.59014,2.58175,0.19637,0.50428,0.47833,1.16126,0.23366,1.19522
97,"Every day, I really",cau_dmd,0.9,1,19,0.91408,0.02233,3.24912,3.23233,0.19395,0.50428,0.48195,1.23525,0.31551,1.69836
97,"Every day, I really",cau_dmd,0.99,1,25,0.99289,0.01886,4.63564,4.59952,0.18874,0.50428,0.48542,1.31861,0.48998,2.82705
97,"Every day, I really",dua_dmd,0.3,1,3,0.46138,0.50454,0.20986,0.20779,0.03426,0.50428,0.00026,0.0,0.04363,0.16624
97,"Every day, I really",dua_dmd,0.5,1,4,0.57841,0.49829,0.34386,0.33556,0.03407,0.50428,0.00599,7e-05,0.06517,0.27862
97,"Every day, I really",dua_dmd,0.7,1,6,0.72639,0.4884,0.70152,0.67637,0.05056,0.50428,0.01588,0.0005,0.1005,0.60052
97,"Every day, I really",dua_dmd,0.9,1,11,0.91608,0.47845,1.97705,1.90708,0.0484,0.50428,0.02583,0.00134,0.17467,1.80105
97,"Every day, I really",dua_dmd,0.99,1,17,0.99184,0.49522,4.23564,4.13771,0.05792,0.50428,0.00906,0.00016,0.26223,3.97324
218,"Over time, I always",euc_ctx,0.3,1,6,0.39092,0.02132,0.60926,0.60439,0.01666,0.21623,0.19491,0.3269,0.04887,0.23349
218,"Over time, I always",euc_ctx,0.5,1,7,0.62364,0.02232,0.66841,0.66206,0.01639,0.21623,0.19391,0.31774,0.05581,0.29486
218,"Over time, I always",euc_ctx,0.7,1,8,0.80491,0.02862,0.68812,0.68018,0.01736,0.21623,0.18761,0.26905,0.05817,0.3609
218,"Over time, I always",euc_ctx,0.9,1,9,0.90834,0.04149,0.69048,0.68081,0.01886,0.21623,0.17474,0.19922,0.05893,0.43232
218,"Over time, I always",euc_ctx,0.99,1,12,0.99132,0.14682,0.77574,0.75951,0.03998,0.21623,0.06941,0.0172,0.06359,0.69494
218,"Over time, I always",cau_ctx,0.3,0,,,,,,,,,,,
218,"Over time, I always",cau_ctx,0.5,0,,,,,,,,,,,
218,"Over time, I always",cau_ctx,0.7,0,,,,,,,,,,,
218,"Over time, I always",cau_ctx,0.9,0,,,,,,,,,,,
218,"Over time, I always",cau_ctx,0.99,0,,,,,,,,,,,
218,"Over time, I always",dua_ctx,0.3,1,44,0.30231,0.19351,0.49432,0.46566,0.08816,0.21623,0.02272,0.00161,0.04923,0.44348
218,"Over time, I always",dua_ctx,0.5,1,65,0.50218,0.18012,1.05013,0.98998,0.01048,0.21623,0.03611,0.00421,0.10078,0.94515
218,"Over time, I always",dua_ctx,0.7,1,87,0.70594,0.17569,1.71841,1.6318,0.01688,0.21623,0.04054,0.00537,0.17068,1.54236
218,"Over time, I always",dua_ctx,0.9,1,129,0.90189,0.20061,2.94632,2.82818,0.02153,0.21623,0.01562,0.00075,0.29616,2.64942
218,"Over time, I always",dua_ctx,0.99,1,183,0.99041,0.24652,4.14142,4.00503,0.03109,0.21623,0.03029,0.00254,0.45621,3.68267
218,"Over time, I always",euc_unemb,0.3,1,2,0.98063,0.06139,1.03106,1.02371,0.15678,0.21623,0.15484,0.13096,0.0869,0.8132
218,"Over time, I always",euc_unemb,0.5,1,2,0.98063,0.06139,1.03106,1.02371,0.15678,0.21623,0.15484,0.13096,0.0869,0.8132
218,"Over time, I always",euc_unemb,0.7,1,2,0.98063,0.06139,1.03106,1.02371,0.15678,0.21623,0.15484,0.13096,0.0869,0.8132
218,"Over time, I always",euc_unemb,0.9,1,2,0.98063,0.06139,1.03106,1.02371,0.15678,0.21623,0.15484,0.13096,0.0869,0.8132
218,"Over time, I always",euc_unemb,0.99,1,3,0.99991,0.33499,2.14897,2.12436,0.19537,0.21623,0.11876,0.03413,0.17089,1.94396
218,"Over time, I always",cau_unemb,0.3,1,29,0.31663,0.03587,0.4038,0.40454,0.02843,0.21623,0.18036,0.22614,0.02243,0.15523
218,"Over time, I always",cau_unemb,0.5,1,33,0.50762,0.03575,0.45544,0.45571,0.04569,0.21623,0.18048,0.22674,0.02964,0.19906
218,"Over time, I always",cau_unemb,0.7,1,38,0.73555,0.04354,0.49683,0.49631,0.06059,0.21623,0.17269,0.19046,0.04293,0.26343
218,"Over time, I always",cau_unemb,0.9,1,44,0.9005,0.06789,0.53366,0.53181,0.10014,0.21623,0.14834,0.11463,0.06061,0.35842
218,"Over time, I always",cau_unemb,0.99,1,57,0.99114,0.20068,0.76083,0.75375,0.13435,0.21623,0.01555,0.00074,0.08931,0.67078
218,"Over time, I always",dua_unemb,0.3,1,2,0.5338,0.2924,0.12737,0.12853,0.01233,0.21623,0.07617,0.01487,0.01426,0.09823
218,"Over time, I always",dua_unemb,0.5,1,2,0.5338,0.2924,0.12737,0.12853,0.01233,0.21623,0.07617,0.01487,0.01426,0.09823
218,"Over time, I always",dua_unemb,0.7,1,3,0.75784,0.32175,0.26182,0.25812,0.01481,0.21623,0.10552,0.02739,0.02667,0.20775
218,"Over time, I always",dua_unemb,0.9,1,5,0.93515,0.34799,0.62994,0.60728,0.01681,0.21623,0.13176,0.04137,0.04201,0.54656
218,"Over time, I always",dua_unemb,0.99,1,7,0.99213,0.36651,1.19592,1.14704,0.01728,0.21623,0.15028,0.05274,0.04995,1.09322
218,"Over time, I always",euc_dmd,0.3,1,2,0.97518,0.02387,1.19292,1.18072,0.0822,0.21623,0.19236,0.30447,0.1051,0.78336
218,"Over time, I always",euc_dmd,0.5,1,2,0.97518,0.02387,1.19292,1.18072,0.0822,0.21623,0.19236,0.30447,0.1051,0.78336
218,"Over time, I always",euc_dmd,0.7,1,2,0.97518,0.02387,1.19292,1.18072,0.0822,0.21623,0.19236,0.30447,0.1051,0.78336
218,"Over time, I always",euc_dmd,0.9,1,2,0.97518,0.02387,1.19292,1.18072,0.0822,0.21623,0.19236,0.30447,0.1051,0.78336
218,"Over time, I always",euc_dmd,0.99,1,3,0.99975,0.12617,1.75223,1.72686,0.16357,0.21623,0.09007,0.03124,0.16348,1.55751
218,"Over time, I always",cau_dmd,0.3,1,12,0.40191,0.01724,0.78148,0.77812,0.09253,0.21623,0.19899,0.36955,0.06946,0.34247
218,"Over time, I always",cau_dmd,0.5,1,13,0.52109,0.01638,0.87355,0.86921,0.115,0.21623,0.19985,0.37992,0.08165,0.41198
218,"Over time, I always",cau_dmd,0.7,1,15,0.73618,0.01684,1.07084,1.06407,0.1214,0.21623,0.19939,0.37428,0.11097,0.58559
218,"Over time, I always",cau_dmd,0.9,1,18,0.91573,0.02072,1.44213,1.43032,0.13206,0.21623,0.19551,0.33254,0.1564,0.95319
218,"Over time, I always",cau_dmd,0.99,1,24,0.99289,0.02719,2.60479,2.57774,0.1394,0.21623,0.18904,0.27897,0.23238,2.09344
218,"Over time, I always",dua_dmd,0.3,1,2,0.63552,0.31492,0.15005,0.15085,0.01585,0.21623,0.09869,0.02418,0.01657,0.1093
218,"Over time, I always",dua_dmd,0.5,1,2,0.63552,0.31492,0.15005,0.15085,0.01585,0.21623,0.09869,0.02418,0.01657,0.1093
218,"Over time, I always",dua_dmd,0.7,1,3,0.85822,0.33732,0.30003,0.29695,0.02359,0.21623,0.12109,0.03538,0.03251,0.23215
218,"Over time, I always",dua_dmd,0.9,1,4,0.94741,0.34674,0.47892,0.46978,0.0261,0.21623,0.13051,0.04064,0.04285,0.39543
218,"Over time, I always",dua_dmd,0.99,1,6,0.99833,0.36349,1.01501,0.98756,0.02884,0.21623,0.14726,0.0508,0.05175,0.91245
213,"Every day, Voters typically",euc_ctx,0.3,1,4,0.36012,0.31661,0.36475,0.37648,0.11006,0.41823,0.10162,0.02276,0.02974,0.31225
213,"Every day, Voters typically",euc_ctx,0.5,1,5,0.61576,0.34012,0.57815,0.58983,0.14333,0.41823,0.07811,0.01317,0.04527,0.51971
213,"Every day, Voters typically",euc_ctx,0.7,1,6,0.81698,0.39807,0.85268,0.86261,0.182,0.41823,0.02016,0.00084,0.05865,0.79318
213,"Every day, Voters typically",euc_ctx,0.9,1,7,0.92364,0.46994,1.20825,1.2149,0.1932,0.41823,0.05171,0.0054,0.06727,1.13558
213,"Every day, Voters typically",euc_ctx,0.99,1,10,0.9949,0.61524,2.67236,2.66381,0.21636,0.41823,0.19701,0.0791,0.08336,2.5099
213,"Every day, Voters typically",cau_ctx,0.3,0,,,,,,,,,,,
213,"Every day, Voters typically",cau_ctx,0.5,0,,,,,,,,,,,
213,"Every day, Voters typically",cau_ctx,0.7,0,,,,,,,,,,,
213,"Every day, Voters typically",cau_ctx,0.9,0,,,,,,,,,,,
213,"Every day, Voters typically",cau_ctx,0.99,0,,,,,,,,,,,
213,"Every day, Voters typically",dua_ctx,0.3,1,99,0.3025,0.37767,3.29537,3.22059,0.02456,0.41823,0.04056,0.00345,0.31917,2.97275
213,"Every day, Voters typically",dua_ctx,0.5,1,144,0.5023,0.35635,5.99244,5.88245,0.03888,0.41823,0.06189,0.00816,0.66331,5.32096
213,"Every day, Voters typically",dua_ctx,0.7,1,189,0.70189,0.34292,7.64411,7.51906,0.04302,0.41823,0.07531,0.01221,1.08905,6.54285
213,"Every day, Voters typically",dua_ctx,0.9,1,264,0.90113,0.36428,9.57642,9.44245,0.18723,0.41823,0.05395,0.00617,1.84325,7.72701
213,"Every day, Voters typically",dua_ctx,0.99,1,368,0.99031,0.4267,14.87663,14.73822,0.21918,0.41823,0.00847,0.00015,2.80249,12.07399
213,"Every day, Voters typically",euc_unemb,0.3,1,1,0.64782,0.30114,0.41142,0.42273,0.03545,0.41823,0.11709,0.03069,0.06109,0.31965
213,"Every day, Voters typically",euc_unemb,0.5,1,1,0.64782,0.30114,0.41142,0.42273,0.03545,0.41823,0.11709,0.03069,0.06109,0.31965
213,"Every day, Voters typically",euc_unemb,0.7,1,2,0.99789,0.55777,2.54634,2.53525,0.21353,0.41823,0.13954,0.03913,0.27903,2.22818
213,"Every day, Voters typically",euc_unemb,0.9,1,2,0.99789,0.55777,2.54634,2.53525,0.21353,0.41823,0.13954,0.03913,0.27903,2.22818
213,"Every day, Voters typically",euc_unemb,0.99,1,2,0.99789,0.55777,2.54634,2.53525,0.21353,0.41823,0.13954,0.03913,0.27903,2.22818
213,"Every day, Voters typically",cau_unemb,0.3,1,20,0.30517,0.271,0.1831,0.19203,0.02997,0.41823,0.14723,0.05023,0.01425,0.11862
213,"Every day, Voters typically",cau_unemb,0.5,1,25,0.54676,0.29024,0.26803,0.27738,0.03136,0.41823,0.12799,0.0371,0.02566,0.20527
213,"Every day, Voters typically",cau_unemb,0.7,1,29,0.72965,0.33476,0.36399,0.37275,0.03674,0.41823,0.08347,0.01511,0.04533,0.30355
213,"Every day, Voters typically",cau_unemb,0.9,1,36,0.91638,0.45281,0.65816,0.66358,0.14868,0.41823,0.03458,0.00243,0.09385,0.56188
213,"Every day, Voters typically",cau_unemb,0.99,1,48,0.99159,0.60927,1.56829,1.56251,0.20785,0.41823,0.19104,0.07423,0.17202,1.32204
213,"Every day, Voters typically",dua_unemb,0.3,1,2,0.54908,0.46684,0.19255,0.1949,0.02217,0.41823,0.04861,0.00478,0.01227,0.17551
213,"Every day, Voters typically",dua_unemb,0.5,1,2,0.54908,0.46684,0.19255,0.1949,0.02217,0.41823,0.04861,0.00478,0.01227,0.17551
213,"Every day, Voters typically",dua_unemb,0.7,1,3,0.74528,0.48524,0.35254,0.35156,0.02567,0.41823,0.067,0.00904,0.02305,0.32045
213,"Every day, Voters typically",dua_unemb,0.9,1,5,0.94115,0.5135,0.84975,0.83638,0.03457,0.41823,0.09527,0.01821,0.04369,0.78784
213,"Every day, Voters typically",dua_unemb,0.99,1,7,0.99453,0.52873,1.80683,1.77591,0.03744,0.41823,0.1105,0.0245,0.05951,1.72282
213,"Every day, Voters typically",euc_dmd,0.3,1,1,0.61219,0.27439,0.40283,0.41526,0.03159,0.41823,0.14384,0.04774,0.04027,0.31482
213,"Every day, Voters typically",euc_dmd,0.5,1,1,0.61219,0.27439,0.40283,0.41526,0.03159,0.41823,0.14384,0.04774,0.04027,0.31482
213,"Every day, Voters typically",euc_dmd,0.7,1,2,0.9965,0.56145,2.14453,2.14013,0.21062,0.41823,0.14322,0.04124,0.19238,1.91091
213,"Every day, Voters typically",euc_dmd,0.9,1,2,0.9965,0.56145,2.14453,2.14013,0.21062,0.41823,0.14322,0.04124,0.19238,1.91091
213,"Every day, Voters typically",euc_dmd,0.99,1,2,0.9965,0.56145,2.14453,2.14013,0.21062,0.41823,0.14322,0.04124,0.19238,1.91091
213,"Every day, Voters typically",cau_dmd,0.3,1,9,0.39401,0.25279,0.28354,0.29397,0.02029,0.41823,0.16544,0.06497,0.03798,0.18059
213,"Every day, Voters typically",cau_dmd,0.5,1,10,0.51145,0.26355,0.32856,0.33925,0.02232,0.41823,0.15468,0.05597,0.04366,0.22893
213,"Every day, Voters typically",cau_dmd,0.7,1,12,0.72806,0.31249,0.4449,0.45523,0.0232,0.41823,0.10574,0.02474,0.06778,0.35237
213,"Every day, Voters typically",cau_dmd,0.9,1,15,0.91359,0.43217,0.75683,0.7642,0.132,0.41823,0.01393,0.0004,0.12875,0.62768
213,"Every day, Voters typically",cau_dmd,0.99,1,21,0.99317,0.60489,1.93239,1.92674,0.21526,0.41823,0.18666,0.07076,0.25856,1.60307
213,"Every day, Voters typically",dua_dmd,0.3,1,1,0.31878,0.45633,0.08232,0.08529,0.02124,0.41823,0.0381,0.00294,0.00794,0.07144
213,"Every day, Voters typically",dua_dmd,0.5,1,2,0.59174,0.45439,0.25722,0.2625,0.03272,0.41823,0.03616,0.00265,0.0202,0.23437
213,"Every day, Voters typically",dua_dmd,0.7,1,3,0.75966,0.45153,0.48347,0.48774,0.0402,0.41823,0.0333,0.00225,0.0371,0.44413
213,"Every day, Voters typically",dua_dmd,0.9,1,5,0.90559,0.45004,1.02301,1.02131,0.04188,0.41823,0.03181,0.00205,0.06547,0.95549
213,"Every day, Voters typically",dua_dmd,0.99,1,9,0.99132,0.4611,3.09307,3.07079,0.04551,0.41823,0.04287,0.00372,0.11583,2.97352
146,Students also,euc_ctx,0.3,1,6,0.4771,0.06833,0.75963,0.76381,0.14932,0.31567,0.24734,0.27195,0.0256,0.46209
146,Students also,euc_ctx,0.5,1,7,0.68907,0.07269,0.87742,0.88097,0.14256,0.31567,0.24298,0.25563,0.03044,0.59135
146,Students also,euc_ctx,0.7,1,8,0.84125,0.0892,0.96799,0.97064,0.13131,0.31567,0.22647,0.20331,0.03462,0.73007
146,Students also,euc_ctx,0.9,1,9,0.92555,0.11819,1.0541,1.05556,0.13027,0.31567,0.19748,0.13661,0.03865,0.87884
146,Students also,euc_ctx,0.99,1,12,0.99285,0.27691,1.46134,1.45703,0.10956,0.31567,0.03876,0.00365,0.05192,1.40577
146,Students also,cau_ctx,0.3,0,,,,,,,,,,,
146,Students also,cau_ctx,0.5,0,,,,,,,,,,,
146,Students also,cau_ctx,0.7,0,,,,,,,,,,,
146,Students also,cau_ctx,0.9,0,,,,,,,,,,,
146,Students also,cau_ctx,0.99,0,,,,,,,,,,,
146,Students also,dua_ctx,0.3,1,89,0.30325,0.2928,1.92926,1.88119,0.04374,0.31567,0.02287,0.00124,0.14476,1.78325
146,Students also,dua_ctx,0.5,1,131,0.50418,0.28348,3.86352,3.77802,0.05532,0.31567,0.03219,0.0025,0.29456,3.56646
146,Students also,dua_ctx,0.7,1,168,0.7038,0.28467,5.43281,5.32638,0.05922,0.31567,0.031,0.00231,0.46794,4.96256
146,Students also,dua_ctx,0.9,1,207,0.90131,0.28799,7.04452,6.92552,0.05963,0.31567,0.02768,0.00183,0.69469,6.348
146,Students also,dua_ctx,0.99,1,278,0.99037,0.32565,10.00525,9.8756,0.06076,0.31567,0.00997,0.00023,1.01761,8.98742
146,Students also,euc_unemb,0.3,1,2,0.96859,0.17115,1.20756,1.20855,0.12786,0.31567,0.14452,0.06212,0.20445,0.94098
146,Students also,euc_unemb,0.5,1,2,0.96859,0.17115,1.20756,1.20855,0.12786,0.31567,0.14452,0.06212,0.20445,0.94098
146,Students also,euc_unemb,0.7,1,2,0.96859,0.17115,1.20756,1.20855,0.12786,0.31567,0.14452,0.06212,0.20445,0.94098
146,Students also,euc_unemb,0.9,1,2,0.96859,0.17115,1.20756,1.20855,0.12786,0.31567,0.14452,0.06212,0.20445,0.94098
146,Students also,euc_unemb,0.99,1,3,0.99971,0.41424,2.9347,2.91628,0.15087,0.31567,0.09857,0.02065,0.44318,2.47087
146,Students also,cau_unemb,0.3,1,28,0.30117,0.09247,0.41737,0.42165,0.13912,0.31567,0.2232,0.19441,0.01811,0.20485
146,Students also,cau_unemb,0.5,1,34,0.54128,0.09116,0.51252,0.51644,0.13921,0.31567,0.22451,0.19792,0.0182,0.29639
146,Students also,cau_unemb,0.7,1,39,0.73081,0.10522,0.57182,0.57506,0.1417,0.31567,0.21045,0.16331,0.02209,0.38642
146,Students also,cau_unemb,0.9,1,47,0.91037,0.15898,0.6783,0.67962,0.13932,0.31567,0.15669,0.07543,0.04025,0.56262
146,Students also,cau_unemb,0.99,1,62,0.99132,0.33922,1.14476,1.13886,0.09295,0.31567,0.02355,0.00125,0.08864,1.05486
146,Students also,dua_unemb,0.3,1,2,0.39251,0.34838,0.12038,0.12417,0.00715,0.31567,0.03271,0.00239,0.01038,0.10761
146,Students also,dua_unemb,0.5,1,3,0.61508,0.371,0.25264,0.25407,0.00857,0.31567,0.05533,0.00671,0.02444,0.22149
146,Students also,dua_unemb,0.7,1,4,0.74518,0.38714,0.41495,0.41212,0.00889,0.31567,0.07147,0.01106,0.03631,0.36758
146,Students also,dua_unemb,0.9,1,7,0.91806,0.41499,1.20593,1.18193,0.0097,0.31567,0.09932,0.02096,0.06166,1.12331
146,Students also,dua_unemb,0.99,1,11,0.99725,0.44061,2.96086,2.89686,0.01841,0.31567,0.12494,0.03269,0.07824,2.84994
146,Students also,euc_dmd,0.3,1,2,0.96367,0.07426,1.41692,1.41392,0.15458,0.31567,0.24141,0.25003,0.10803,1.05886
146,Students also,euc_dmd,0.5,1,2,0.96367,0.07426,1.41692,1.41392,0.15458,0.31567,0.24141,0.25003,0.10803,1.05886
146,Students also,euc_dmd,0.7,1,2,0.96367,0.07426,1.41692,1.41392,0.15458,0.31567,0.24141,0.25003,0.10803,1.05886
146,Students also,euc_dmd,0.9,1,2,0.96367,0.07426,1.41692,1.41392,0.15458,0.31567,0.24141,0.25003,0.10803,1.05886
146,Students also,euc_dmd,0.99,1,3,0.99947,0.24045,2.33398,2.31876,0.13356,0.31567,0.07522,0.01455,0.23614,2.08329
146,Students also,cau_dmd,0.3,1,11,0.32479,0.06,0.73853,0.74143,0.15143,0.31567,0.25567,0.30689,0.05179,0.37984
146,Students also,cau_dmd,0.5,1,13,0.52238,0.05532,0.88637,0.88841,0.1514,0.31567,0.26035,0.32915,0.04985,0.50737
146,Students also,cau_dmd,0.7,1,15,0.70866,0.05879,1.01623,1.0171,0.14262,0.31567,0.25688,0.31246,0.05282,0.65096
146,Students also,cau_dmd,0.9,1,19,0.91858,0.08552,1.29219,1.28963,0.13691,0.31567,0.23015,0.21386,0.08119,0.99714
146,Students also,cau_dmd,0.99,1,26,0.99281,0.16001,2.10614,2.09327,0.10602,0.31567,0.15566,0.07424,0.15743,1.87447
146,Students also,dua_dmd,0.3,1,2,0.51967,0.36546,0.15573,0.15985,0.00836,0.31567,0.04979,0.00546,0.01246,0.13781
146,Students also,dua_dmd,0.5,1,2,0.51967,0.36546,0.15573,0.15985,0.00836,0.31567,0.04979,0.00546,0.01246,0.13781
146,Students also,dua_dmd,0.7,1,3,0.79454,0.37985,0.34744,0.35053,0.01086,0.31567,0.06418,0.00897,0.03009,0.30839
146,Students also,dua_dmd,0.9,1,4,0.92463,0.38745,0.58762,0.5874,0.02869,0.31567,0.07178,0.01115,0.04342,0.53304
146,Students also,dua_dmd,0.99,1,6,0.99698,0.40076,1.33807,1.32641,0.0426,0.31567,0.08508,0.01552,0.05936,1.26319
17,"Lately, Voters also",euc_ctx,0.3,1,6,0.50535,0.13183,0.73285,0.73705,0.05078,0.46933,0.3375,0.33473,0.04247,0.35565
17,"Lately, Voters also",euc_ctx,0.5,1,6,0.50535,0.13183,0.73285,0.73705,0.05078,0.46933,0.3375,0.33473,0.04247,0.35565
17,"Lately, Voters also",euc_ctx,0.7,1,7,0.71003,0.14189,0.8078,0.81102,0.04925,0.46933,0.32744,0.30639,0.04694,0.45447
17,"Lately, Voters also",euc_ctx,0.9,1,9,0.93089,0.22147,0.87196,0.87207,0.04396,0.46933,0.24787,0.1491,0.04907,0.67379
17,"Lately, Voters also",euc_ctx,0.99,1,12,0.99344,0.44275,1.13172,1.1239,0.03499,0.46933,0.02659,0.00143,0.05482,1.07547
17,"Lately, Voters also",cau_ctx,0.3,0,,,,,,,,,,,
17,"Lately, Voters also",cau_ctx,0.5,0,,,,,,,,,,,
17,"Lately, Voters also",cau_ctx,0.7,0,,,,,,,,,,,
17,"Lately, Voters also",cau_ctx,0.9,0,,,,,,,,,,,
17,"Lately, Voters also",cau_ctx,0.99,0,,,,,,,,,,,
17,"Lately, Voters also",dua_ctx,0.3,1,114,0.30298,0.42456,2.88863,2.80237,0.02418,0.46933,0.04478,0.00407,0.16301,2.72155
17,"Lately, Voters also",dua_ctx,0.5,1,164,0.50068,0.40736,4.53598,4.4241,0.02881,0.46933,0.06197,0.00785,0.33034,4.19779
17,"Lately, Voters also",dua_ctx,0.7,1,216,0.701,0.40505,5.99607,5.87158,0.03123,0.46933,0.06429,0.00846,0.56758,5.42003
17,"Lately, Voters also",dua_ctx,0.9,1,273,0.90244,0.40843,7.69861,7.5678,0.03218,0.46933,0.0609,0.00758,0.80375,6.88728
17,"Lately, Voters also",dua_ctx,0.99,1,314,0.99113,0.42692,8.71219,8.57906,0.03168,0.46933,0.04241,0.00365,0.91505,7.79349
17,"Lately, Voters also",euc_unemb,0.3,1,2,0.94463,0.21556,1.0497,1.04981,0.21334,0.46933,0.25377,0.15777,0.23005,0.66187
17,"Lately, Voters also",euc_unemb,0.5,1,2,0.94463,0.21556,1.0497,1.04981,0.21334,0.46933,0.25377,0.15777,0.23005,0.66187
17,"Lately, Voters also",euc_unemb,0.7,1,2,0.94463,0.21556,1.0497,1.04981,0.21334,0.46933,0.25377,0.15777,0.23005,0.66187
17,"Lately, Voters also",euc_unemb,0.9,1,2,0.94463,0.21556,1.0497,1.04981,0.21334,0.46933,0.25377,0.15777,0.23005,0.66187
17,"Lately, Voters also",euc_unemb,0.99,1,3,0.99906,0.42191,2.13669,2.1187,0.1711,0.46933,0.04742,0.00457,0.44112,1.691
17,"Lately, Voters also",cau_unemb,0.3,1,27,0.30655,0.18356,0.36228,0.36822,0.13662,0.46933,0.28577,0.21198,0.03201,0.1183
17,"Lately, Voters also",cau_unemb,0.5,1,32,0.50414,0.18253,0.4134,0.41919,0.14022,0.46933,0.2868,0.21394,0.03497,0.16449
17,"Lately, Voters also",cau_unemb,0.7,1,38,0.73252,0.2134,0.43128,0.43628,0.14183,0.46933,0.25593,0.16104,0.03851,0.23173
17,"Lately, Voters also",cau_unemb,0.9,1,46,0.91003,0.30759,0.45374,0.45641,0.0303,0.46933,0.16174,0.05713,0.04835,0.34826
17,"Lately, Voters also",cau_unemb,0.99,1,61,0.99115,0.54287,0.79087,0.78471,0.03224,0.46933,0.07354,0.01084,0.06949,0.71054
17,"Lately, Voters also",dua_unemb,0.3,1,3,0.36222,0.47814,0.18815,0.18778,0.00563,0.46933,0.00881,0.00016,0.02614,0.16184
17,"Lately, Voters also",dua_unemb,0.5,1,5,0.50337,0.48748,0.4626,0.45048,0.00756,0.46933,0.01815,0.00066,0.04864,0.4133
17,"Lately, Voters also",dua_unemb,0.7,1,11,0.71945,0.49658,1.95441,1.88592,0.01153,0.46933,0.02725,0.00149,0.09375,1.85917
17,"Lately, Voters also",dua_unemb,0.9,1,19,0.91325,0.50201,3.86395,3.7484,0.04202,0.46933,0.03267,0.00214,0.15374,3.70807
17,"Lately, Voters also",dua_unemb,0.99,1,25,0.99263,0.52265,4.88154,4.75533,0.04623,0.46933,0.05332,0.00569,0.21016,4.66569
17,"Lately, Voters also",euc_dmd,0.3,1,2,0.95805,0.13403,1.311,1.30692,0.18697,0.46933,0.3353,0.32831,0.1801,0.8026
17,"Lately, Voters also",euc_dmd,0.5,1,2,0.95805,0.13403,1.311,1.30692,0.18697,0.46933,0.3353,0.32831,0.1801,0.8026
17,"Lately, Voters also",euc_dmd,0.7,1,2,0.95805,0.13403,1.311,1.30692,0.18697,0.46933,0.3353,0.32831,0.1801,0.8026
17,"Lately, Voters also",euc_dmd,0.9,1,2,0.95805,0.13403,1.311,1.30692,0.18697,0.46933,0.3353,0.32831,0.1801,0.8026
17,"Lately, Voters also",euc_dmd,0.99,1,3,0.99921,0.3507,1.86883,1.85104,0.20807,0.46933,0.11863,0.02968,0.29879,1.54036
17,"Lately, Voters also",cau_dmd,0.3,1,10,0.34577,0.11902,0.6882,0.69333,0.17385,0.46933,0.35031,0.37492,0.07721,0.23606
17,"Lately, Voters also",cau_dmd,0.5,1,12,0.56476,0.11301,0.8063,0.81076,0.17455,0.46933,0.35633,0.39566,0.08728,0.32335
17,"Lately, Voters also",cau_dmd,0.7,1,14,0.7572,0.12582,0.87479,0.87817,0.14861,0.46933,0.34351,0.35296,0.10068,0.42115
17,"Lately, Voters also",cau_dmd,0.9,1,17,0.91785,0.17604,0.9488,0.94977,0.14768,0.46933,0.29329,0.22674,0.13274,0.58932
17,"Lately, Voters also",cau_dmd,0.99,1,23,0.99215,0.3477,1.27026,1.26329,0.04792,0.46933,0.12163,0.03127,0.20827,1.03071
17,"Lately, Voters also",dua_dmd,0.3,1,2,0.31272,0.4725,0.10027,0.10335,0.00528,0.46933,0.00317,2e-05,0.01244,0.08781
17,"Lately, Voters also",dua_dmd,0.5,1,3,0.5003,0.47181,0.23522,0.23557,0.00694,0.46933,0.00248,1e-05,0.0327,0.20251
17,"Lately, Voters also",dua_dmd,0.7,1,6,0.737,0.47201,0.80046,0.78233,0.01289,0.46933,0.00268,1e-05,0.06468,0.73577
17,"Lately, Voters also",dua_dmd,0.9,1,11,0.91015,0.47983,2.27152,2.21038,0.01654,0.46933,0.0105,0.00022,0.10329,2.168
17,"Lately, Voters also",dua_dmd,0.99,1,17,0.99495,0.49356,3.82268,3.72222,0.02804,0.46933,0.02423,0.00117,0.16291,3.65859
116,"In this case, Voters sometimes",euc_ctx,0.3,1,5,0.42439,0.24559,0.58519,0.59719,0.03962,0.46683,0.22124,0.11478,0.03819,0.43222
116,"In this case, Voters sometimes",euc_ctx,0.5,1,6,0.65794,0.25794,0.76843,0.78011,0.08926,0.46683,0.20889,0.10068,0.05018,0.61758
116,"In this case, Voters sometimes",euc_ctx,0.7,1,7,0.83128,0.30124,0.95174,0.96209,0.09109,0.46683,0.16558,0.06029,0.05786,0.83358
116,"In this case, Voters sometimes",euc_ctx,0.9,1,8,0.925,0.36436,1.16521,1.1733,0.09001,0.46683,0.10247,0.02196,0.06173,1.08152
116,"In this case, Voters sometimes",euc_ctx,0.99,1,11,0.99388,0.54536,2.10903,2.10602,0.08832,0.46683,0.07853,0.01237,0.0693,2.02736
116,"In this case, Voters sometimes",cau_ctx,0.3,0,,,,,,,,,,,
116,"In this case, Voters sometimes",cau_ctx,0.5,0,,,,,,,,,,,
116,"In this case, Voters sometimes",cau_ctx,0.7,0,,,,,,,,,,,
116,"In this case, Voters sometimes",cau_ctx,0.9,0,,,,,,,,,,,
116,"In this case, Voters sometimes",cau_ctx,0.99,0,,,,,,,,,,,
116,"In this case, Voters sometimes",dua_ctx,0.3,1,130,0.302,0.42867,5.30276,5.21337,0.03399,0.46683,0.03815,0.00295,0.41686,4.88295
116,"In this case, Voters sometimes",dua_ctx,0.5,1,178,0.50316,0.4078,8.2395,8.12397,0.06345,0.46683,0.05903,0.00712,0.75445,7.47793
116,"In this case, Voters sometimes",dua_ctx,0.7,1,229,0.70002,0.41028,10.08784,9.9608,0.08174,0.46683,0.05655,0.00653,1.10853,8.97278
116,"In this case, Voters sometimes",dua_ctx,0.9,1,303,0.9007,0.43255,11.9217,11.78788,0.10534,0.46683,0.03428,0.00238,1.58136,10.33795
116,"In this case, Voters sometimes",dua_ctx,0.99,1,402,0.99061,0.48704,12.81359,12.67598,0.10825,0.46683,0.02021,0.00082,2.0745,10.73827
116,"In this case, Voters sometimes",euc_unemb,0.3,1,1,0.42171,0.21301,0.48748,0.4986,0.06878,0.46683,0.25382,0.15868,0.04709,0.2817
116,"In this case, Voters sometimes",euc_unemb,0.5,1,2,0.99082,0.42476,1.66903,1.66783,0.07652,0.46683,0.04207,0.00359,0.22574,1.43969
116,"In this case, Voters sometimes",euc_unemb,0.7,1,2,0.99082,0.42476,1.66903,1.66783,0.07652,0.46683,0.04207,0.00359,0.22574,1.43969
116,"In this case, Voters sometimes",euc_unemb,0.9,1,2,0.99082,0.42476,1.66903,1.66783,0.07652,0.46683,0.04207,0.00359,0.22574,1.43969
116,"In this case, Voters sometimes",euc_unemb,0.99,1,2,0.99082,0.42476,1.66903,1.66783,0.07652,0.46683,0.04207,0.00359,0.22574,1.43969
116,"In this case, Voters sometimes",cau_unemb,0.3,1,24,0.33168,0.24506,0.31668,0.32637,0.05768,0.46683,0.22177,0.11541,0.01989,0.18137
116,"In this case, Voters sometimes",cau_unemb,0.5,1,28,0.51343,0.24753,0.39953,0.40938,0.06945,0.46683,0.2193,0.11248,0.03039,0.25666
116,"In this case, Voters sometimes",cau_unemb,0.7,1,33,0.72994,0.27908,0.5106,0.51976,0.07832,0.46683,0.18774,0.07931,0.05334,0.37795
116,"In this case, Voters sometimes",cau_unemb,0.9,1,40,0.90935,0.36248,0.73159,0.73793,0.07296,0.46683,0.10435,0.0228,0.09648,0.61231
116,"In this case, Voters sometimes",cau_unemb,0.99,1,53,0.99118,0.50688,1.46407,1.46033,0.07268,0.46683,0.04005,0.00321,0.17,1.29086
116,"In this case, Voters sometimes",dua_unemb,0.3,1,2,0.39011,0.47855,0.16033,0.16484,0.0095,0.46683,0.01173,0.00028,0.01115,0.1489
116,"In this case, Voters sometimes",dua_unemb,0.5,1,3,0.59743,0.49131,0.32349,0.32598,0.01113,0.46683,0.02448,0.0012,0.02707,0.29522
116,"In this case, Voters sometimes",dua_unemb,0.7,1,4,0.73125,0.5018,0.53474,0.5332,0.01436,0.46683,0.03498,0.00245,0.04254,0.48975
116,"In this case, Voters sometimes",dua_unemb,0.9,1,7,0.91122,0.51449,1.58492,1.56287,0.02401,0.46683,0.04767,0.00455,0.07969,1.50069
116,"In this case, Voters sometimes",dua_unemb,0.99,1,11,0.99359,0.52178,4.17901,4.11617,0.02783,0.46683,0.05495,0.00604,0.12171,4.05126
116,"In this case, Voters sometimes",euc_dmd,0.3,1,1,0.42689,0.18206,0.59298,0.60463,0.08655,0.46683,0.28477,0.21141,0.03956,0.342
116,"In this case, Voters sometimes",euc_dmd,0.5,1,2,0.98936,0.36421,1.61099,1.61369,0.067,0.46683,0.10262,0.02203,0.16918,1.41978
116,"In this case, Voters sometimes",euc_dmd,0.7,1,2,0.98936,0.36421,1.61099,1.61369,0.067,0.46683,0.10262,0.02203,0.16918,1.41978
116,"In this case, Voters sometimes",euc_dmd,0.9,1,2,0.98936,0.36421,1.61099,1.61369,0.067,0.46683,0.10262,0.02203,0.16918,1.41978
116,"In this case, Voters sometimes",euc_dmd,0.99,1,3,0.99989,0.49309,3.50348,3.4841,0.06785,0.46683,0.02627,0.00138,0.29019,3.21191
116,"In this case, Voters sometimes",cau_dmd,0.3,1,10,0.40014,0.20179,0.53859,0.5494,0.08047,0.46683,0.26503,0.17639,0.05682,0.30538
116,"In this case, Voters sometimes",cau_dmd,0.5,1,11,0.5153,0.20169,0.61521,0.62605,0.08421,0.46683,0.26514,0.17656,0.06799,0.37066
116,"In this case, Voters sometimes",cau_dmd,0.7,1,13,0.72722,0.22198,0.77059,0.78081,0.08537,0.46683,0.24485,0.14554,0.10138,0.52367
116,"In this case, Voters sometimes",cau_dmd,0.9,1,16,0.9109,0.29001,1.05859,1.06611,0.08767,0.46683,0.17681,0.06952,0.17019,0.81888
116,"In this case, Voters sometimes",cau_dmd,0.99,1,22,0.99247,0.42279,2.0052,2.00184,0.08767,0.46683,0.04404,0.00394,0.31278,1.68847
116,"In this case, Voters sometimes",dua_dmd,0.3,1,2,0.50496,0.47674,0.23028,0.23614,0.02616,0.46683,0.00991,0.0002,0.02389,0.2062
116,"In this case, Voters sometimes",dua_dmd,0.5,1,2,0.50496,0.47674,0.23028,0.23614,0.02616,0.46683,0.00991,0.0002,0.02389,0.2062
116,"In this case, Voters sometimes",dua_dmd,0.7,1,3,0.77634,0.47098,0.56667,0.57226,0.06858,0.46683,0.00415,3e-05,0.05683,0.5098
116,"In this case, Voters sometimes",dua_dmd,0.9,1,5,0.94574,0.46831,1.42659,1.42703,0.08845,0.46683,0.00148,0.0,0.09671,1.32987
116,"In this case, Voters sometimes",dua_dmd,0.99,1,7,0.99268,0.47262,2.78151,2.77345,0.0953,0.46683,0.0058,7e-05,0.12183,2.65961
208,"Usually, They still",euc_ctx,0.3,1,6,0.49073,0.16639,0.70974,0.71868,0.15621,0.46482,0.29843,0.24034,0.04683,0.42256
208,"Usually, They still",euc_ctx,0.5,1,7,0.69873,0.17871,0.82613,0.83448,0.15967,0.46482,0.28611,0.21511,0.05478,0.55624
208,"Usually, They still",euc_ctx,0.7,1,8,0.84627,0.21342,0.92129,0.92848,0.159,0.46482,0.2514,0.15571,0.05967,0.7059
208,"Usually, They still",euc_ctx,0.9,1,9,0.92777,0.26597,1.02783,1.03327,0.06422,0.46482,0.19885,0.09041,0.06392,0.87351
208,"Usually, They still",euc_ctx,0.99,1,12,0.99307,0.45565,1.59399,1.59071,0.05802,0.46482,0.00917,0.00017,0.08231,1.5115
208,"Usually, They still",cau_ctx,0.3,0,,,,,,,,,,,
208,"Usually, They still",cau_ctx,0.5,0,,,,,,,,,,,
208,"Usually, They still",cau_ctx,0.7,0,,,,,,,,,,,
208,"Usually, They still",cau_ctx,0.9,0,,,,,,,,,,,
208,"Usually, They still",cau_ctx,0.99,0,,,,,,,,,,,
208,"Usually, They still",dua_ctx,0.3,1,113,0.30135,0.43124,3.05927,2.97466,0.02233,0.46482,0.03358,0.00229,0.26243,2.79456
208,"Usually, They still",dua_ctx,0.5,1,171,0.50199,0.42949,5.16723,5.05308,0.03217,0.46482,0.03533,0.00253,0.57234,4.59236
208,"Usually, They still",dua_ctx,0.7,1,227,0.70214,0.42971,6.98877,6.86367,0.03483,0.46482,0.03511,0.0025,0.93845,6.04782
208,"Usually, They still",dua_ctx,0.9,1,287,0.90165,0.43164,8.66821,8.53829,0.05286,0.46482,0.03318,0.00223,1.36904,7.29694
208,"Usually, They still",dua_ctx,0.99,1,347,0.9902,0.45167,9.9514,9.81946,0.06857,0.46482,0.01314,0.00035,1.81174,8.13931
208,"Usually, They still",euc_unemb,0.3,1,2,0.96348,0.22972,1.40754,1.41189,0.22576,0.46482,0.2351,0.13272,0.33578,0.93904
208,"Usually, They still",euc_unemb,0.5,1,2,0.96348,0.22972,1.40754,1.41189,0.22576,0.46482,0.2351,0.13272,0.33578,0.93904
208,"Usually, They still",euc_unemb,0.7,1,2,0.96348,0.22972,1.40754,1.41189,0.22576,0.46482,0.2351,0.13272,0.33578,0.93904
208,"Usually, They still",euc_unemb,0.9,1,2,0.96348,0.22972,1.40754,1.41189,0.22576,0.46482,0.2351,0.13272,0.33578,0.93904
208,"Usually, They still",euc_unemb,0.99,1,3,0.99955,0.37193,3.08111,3.06535,0.23311,0.46482,0.09289,0.01797,0.66804,2.39511
208,"Usually, They still",cau_unemb,0.3,1,28,0.33067,0.16559,0.51302,0.52012,0.21021,0.46482,0.29922,0.24206,0.03477,0.23619
208,"Usually, They still",cau_unemb,0.5,1,33,0.53365,0.15988,0.6228,0.62953,0.21175,0.46482,0.30494,0.25474,0.04067,0.3274
208,"Usually, They still",cau_unemb,0.7,1,38,0.72524,0.17402,0.70806,0.71386,0.20422,0.46482,0.29079,0.22442,0.04834,0.43531
208,"Usually, They still",cau_unemb,0.9,1,46,0.90876,0.23133,0.84847,0.85157,0.16033,0.46482,0.23349,0.13059,0.06849,0.64939
208,"Usually, They still",cau_unemb,0.99,1,61,0.99147,0.37375,1.3611,1.35507,0.14195,0.46482,0.09107,0.01726,0.11245,1.2314
208,"Usually, They still",dua_unemb,0.3,1,2,0.32229,0.47086,0.13902,0.14351,0.02053,0.46482,0.00604,7e-05,0.01839,0.12056
208,"Usually, They still",dua_unemb,0.5,1,3,0.51219,0.48339,0.28545,0.28746,0.02517,0.46482,0.01857,0.00069,0.03899,0.24577
208,"Usually, They still",dua_unemb,0.7,1,6,0.72587,0.50212,0.99778,0.98095,0.02889,0.46482,0.0373,0.00279,0.07548,0.91951
208,"Usually, They still",dua_unemb,0.9,1,14,0.91171,0.50525,3.86845,3.77283,0.05024,0.46482,0.04043,0.00327,0.14235,3.72284
208,"Usually, They still",dua_unemb,0.99,1,20,0.99028,0.51191,5.39465,5.27414,0.05864,0.46482,0.04709,0.00444,0.2056,5.18461
208,"Usually, They still",euc_dmd,0.3,1,2,0.96391,0.15143,1.49507,1.49799,0.23037,0.46482,0.31339,0.27461,0.17956,1.0409
208,"Usually, They still",euc_dmd,0.5,1,2,0.96391,0.15143,1.49507,1.49799,0.23037,0.46482,0.31339,0.27461,0.17956,1.0409
208,"Usually, They still",euc_dmd,0.7,1,2,0.96391,0.15143,1.49507,1.49799,0.23037,0.46482,0.31339,0.27461,0.17956,1.0409
208,"Usually, They still",euc_dmd,0.9,1,2,0.96391,0.15143,1.49507,1.49799,0.23037,0.46482,0.31339,0.27461,0.17956,1.0409
208,"Usually, They still",euc_dmd,0.99,1,3,0.99937,0.30707,2.58674,2.57495,0.17883,0.46482,0.15775,0.05445,0.33772,2.19457
208,"Usually, They still",cau_dmd,0.3,1,11,0.39748,0.1251,0.79497,0.80288,0.21903,0.46482,0.33972,0.34706,0.07403,0.37388
208,"Usually, They still",cau_dmd,0.5,1,12,0.50429,0.12139,0.86828,0.87595,0.21999,0.46482,0.34343,0.35878,0.07253,0.43697
208,"Usually, They still",cau_dmd,0.7,1,14,0.70434,0.12711,0.98772,0.99455,0.19381,0.46482,0.33771,0.34088,0.07082,0.57602
208,"Usually, They still",cau_dmd,0.9,1,18,0.92468,0.17884,1.22249,1.22604,0.16384,0.46482,0.28598,0.21486,0.09445,0.91318
208,"Usually, They still",cau_dmd,0.99,1,24,0.99199,0.28562,1.84041,1.83498,0.06532,0.46482,0.1792,0.07179,0.1578,1.61083
208,"Usually, They still",dua_dmd,0.3,1,2,0.47837,0.48061,0.21028,0.21474,0.02566,0.46482,0.0158,0.0005,0.02776,0.18202
208,"Usually, They still",dua_dmd,0.5,1,3,0.71787,0.47531,0.45501,0.45739,0.03584,0.46482,0.01049,0.00022,0.05301,0.40178
208,"Usually, They still",dua_dmd,0.7,1,3,0.71787,0.47531,0.45501,0.45739,0.03584,0.46482,0.01049,0.00022,0.05301,0.40178
208,"Usually, They still",dua_dmd,0.9,1,6,0.92526,0.47257,1.41376,1.39816,0.04146,0.46482,0.00775,0.00012,0.08838,1.32526
208,"Usually, They still",dua_dmd,0.99,1,10,0.99264,0.47615,3.41015,3.36085,0.05658,0.46482,0.01133,0.00026,0.12456,3.28533
228,"Honestly, Most doctors really",euc_ctx,0.3,1,6,0.50468,0.18769,0.82277,0.82904,0.25443,0.47186,0.28417,0.20762,0.06697,0.54818
228,"Honestly, Most doctors really",euc_ctx,0.5,1,6,0.50468,0.18769,0.82277,0.82904,0.25443,0.47186,0.28417,0.20762,0.06697,0.54818
228,"Honestly, Most doctors really",euc_ctx,0.7,1,7,0.72858,0.21033,0.96932,0.97395,0.25916,0.47186,0.26153,0.16882,0.07173,0.72876
228,"Honestly, Most doctors really",euc_ctx,0.9,1,9,0.94654,0.33003,1.28629,1.28509,0.22534,0.47186,0.14183,0.04306,0.07561,1.16762
228,"Honestly, Most doctors really",euc_ctx,0.99,1,11,0.99086,0.47146,1.81892,1.80874,0.21933,0.47186,0.0004,0.0,0.08387,1.73505
228,"Honestly, Most doctors really",cau_ctx,0.3,0,,,,,,,,,,,
228,"Honestly, Most doctors really",cau_ctx,0.5,0,,,,,,,,,,,
228,"Honestly, Most doctors really",cau_ctx,0.7,0,,,,,,,,,,,
228,"Honestly, Most doctors really",cau_ctx,0.9,0,,,,,,,,,,,
228,"Honestly, Most doctors really",cau_ctx,0.99,0,,,,,,,,,,,
228,"Honestly, Most doctors really",dua_ctx,0.3,1,94,0.30217,0.4211,1.83511,1.74241,0.0217,0.47186,0.05076,0.00524,0.20488,1.62499
228,"Honestly, Most doctors really",dua_ctx,0.5,1,138,0.5016,0.39462,3.18372,3.0628,0.03272,0.47186,0.07724,0.01226,0.4138,2.75765
228,"Honestly, Most doctors really",dua_ctx,0.7,1,181,0.70232,0.37669,4.63681,4.50469,0.03983,0.47186,0.09517,0.01879,0.64082,3.97721
228,"Honestly, Most doctors really",dua_ctx,0.9,1,230,0.90132,0.36595,6.07177,5.93423,0.04977,0.47186,0.10591,0.02341,0.9217,5.12666
228,"Honestly, Most doctors really",dua_ctx,0.99,1,266,0.99003,0.3681,6.86589,6.7263,0.05158,0.47186,0.10376,0.02244,1.17696,5.66648
228,"Honestly, Most doctors really",euc_unemb,0.3,1,2,0.97901,0.39756,1.69361,1.68921,0.2752,0.47186,0.0743,0.01133,0.23652,1.44575
228,"Honestly, Most doctors really",euc_unemb,0.5,1,2,0.97901,0.39756,1.69361,1.68921,0.2752,0.47186,0.0743,0.01133,0.23652,1.44575
228,"Honestly, Most doctors really",euc_unemb,0.7,1,2,0.97901,0.39756,1.69361,1.68921,0.2752,0.47186,0.0743,0.01133,0.23652,1.44575
228,"Honestly, Most doctors really",euc_unemb,0.9,1,2,0.97901,0.39756,1.69361,1.68921,0.2752,0.47186,0.0743,0.01133,0.23652,1.44575
228,"Honestly, Most doctors really",euc_unemb,0.99,1,3,0.99986,0.62275,3.9628,3.92759,0.30435,0.47186,0.15089,0.04677,0.51587,3.40016
228,"Honestly, Most doctors really",cau_unemb,0.3,1,28,0.31442,0.20744,0.54647,0.55255,0.21871,0.47186,0.26442,0.17342,0.03665,0.33641
228,"Honestly, Most doctors really",cau_unemb,0.5,1,33,0.5351,0.20319,0.69787,0.70274,0.24929,0.47186,0.26867,0.18036,0.03515,0.48236
228,"Honestly, Most doctors really",cau_unemb,0.7,1,37,0.70505,0.21697,0.82107,0.82429,0.26089,0.47186,0.25489,0.15861,0.03813,0.62433
228,"Honestly, Most doctors really",cau_unemb,0.9,1,45,0.91048,0.27562,1.13057,1.12853,0.24981,0.47186,0.19624,0.08683,0.05617,0.98757
228,"Honestly, Most doctors really",cau_unemb,0.99,1,58,0.99041,0.36413,1.9286,1.91348,0.23878,0.47186,0.10773,0.02425,0.08815,1.8162
228,"Honestly, Most doctors really",dua_unemb,0.3,1,3,0.37685,0.48379,0.19701,0.19378,0.00367,0.47186,0.01193,0.00029,0.04009,0.15663
228,"Honestly, Most doctors really",dua_unemb,0.5,1,5,0.51036,0.48825,0.43843,0.41646,0.00634,0.47186,0.01639,0.00054,0.06533,0.37256
228,"Honestly, Most doctors really",dua_unemb,0.7,1,10,0.71341,0.48832,1.23901,1.16087,0.01111,0.47186,0.01646,0.00054,0.12139,1.11708
228,"Honestly, Most doctors really",dua_unemb,0.9,1,18,0.90521,0.49876,2.39686,2.26943,0.02694,0.47186,0.0269,0.00145,0.21977,2.17564
228,"Honestly, Most doctors really",dua_unemb,0.99,1,32,0.9901,0.52959,5.21546,5.07393,0.21037,0.47186,0.05773,0.00667,0.47526,4.73353
228,"Honestly, Most doctors really",euc_dmd,0.3,1,2,0.97164,0.22104,1.88428,1.8819,0.27633,0.47186,0.25082,0.1526,0.13283,1.59885
228,"Honestly, Most doctors really",euc_dmd,0.5,1,2,0.97164,0.22104,1.88428,1.8819,0.27633,0.47186,0.25082,0.1526,0.13283,1.59885
228,"Honestly, Most doctors really",euc_dmd,0.7,1,2,0.97164,0.22104,1.88428,1.8819,0.27633,0.47186,0.25082,0.1526,0.13283,1.59885
228,"Honestly, Most doctors really",euc_dmd,0.9,1,2,0.97164,0.22104,1.88428,1.8819,0.27633,0.47186,0.25082,0.1526,0.13283,1.59885
228,"Honestly, Most doctors really",euc_dmd,0.99,1,3,0.99967,0.39721,3.61354,3.58773,0.27164,0.47186,0.07464,0.01144,0.26604,3.33606
228,"Honestly, Most doctors really",cau_dmd,0.3,1,11,0.35893,0.14414,1.02762,1.03549,0.28242,0.47186,0.32772,0.30461,0.09662,0.62639
228,"Honestly, Most doctors really",cau_dmd,0.5,1,13,0.58465,0.13386,1.2907,1.29701,0.28883,0.47186,0.338,0.33322,0.09855,0.85893
228,"Honestly, Most doctors really",cau_dmd,0.7,1,15,0.77603,0.13933,1.55687,1.56066,0.27545,0.47186,0.33253,0.31767,0.10768,1.13152
228,"Honestly, Most doctors really",cau_dmd,0.9,1,18,0.92821,0.15991,2.02812,2.02641,0.27046,0.47186,0.31195,0.26545,0.13809,1.62459
228,"Honestly, Most doctors really",cau_dmd,0.99,1,23,0.99082,0.17744,3.07872,3.06412,0.26311,0.47186,0.29442,0.2275,0.19771,2.65351
228,"Honestly, Most doctors really",dua_dmd,0.3,1,3,0.48057,0.46573,0.27996,0.27955,0.0069,0.47186,0.00613,8e-05,0.05721,0.22267
228,"Honestly, Most doctors really",dua_dmd,0.5,1,4,0.56909,0.46087,0.4253,0.41768,0.00878,0.47186,0.01099,0.00024,0.07582,0.34924
228,"Honestly, Most doctors really",dua_dmd,0.7,1,7,0.73585,0.4467,0.92471,0.88974,0.02368,0.47186,0.02516,0.00128,0.12392,0.79951
228,"Honestly, Most doctors really",dua_dmd,0.9,1,12,0.91234,0.43338,1.86969,1.79565,0.02823,0.47186,0.03848,0.003,0.20774,1.65896
228,"Honestly, Most doctors really",dua_dmd,0.99,1,26,0.99189,0.45232,7.79171,7.66742,0.21744,0.47186,0.01954,0.00077,0.4088,7.38215
86,"At work, They never",euc_ctx,0.3,1,5,0.46763,0.05518,0.27585,0.27226,0.02206,0.18093,0.12575,0.09786,0.02046,0.15753
86,"At work, They never",euc_ctx,0.5,1,6,0.6608,0.06271,0.31108,0.30613,0.02277,0.18093,0.11822,0.08128,0.01745,0.21235
86,"At work, They never",euc_ctx,0.7,1,7,0.80783,0.08099,0.34323,0.33671,0.02307,0.18093,0.09993,0.05112,0.01806,0.27405
86,"At work, They never",euc_ctx,0.9,1,9,0.94839,0.15975,0.45877,0.44827,0.02714,0.18093,0.02118,0.00161,0.03205,0.42511
86,"At work, They never",euc_ctx,0.99,1,12,0.99354,0.39106,0.94125,0.92134,0.08149,0.18093,0.21013,0.10336,0.05763,0.78025
86,"At work, They never",cau_ctx,0.3,0,,,,,,,,,,,
86,"At work, They never",cau_ctx,0.5,0,,,,,,,,,,,
86,"At work, They never",cau_ctx,0.7,0,,,,,,,,,,,
86,"At work, They never",cau_ctx,0.9,0,,,,,,,,,,,
86,"At work, They never",cau_ctx,0.99,0,,,,,,,,,,,
86,"At work, They never",dua_ctx,0.3,1,36,0.30731,0.17101,0.3477,0.33183,0.0198,0.18093,0.00992,0.00034,0.03288,0.31449
86,"At work, They never",dua_ctx,0.5,1,57,0.50048,0.16225,0.87316,0.83031,0.02643,0.18093,0.01868,0.00125,0.08499,0.78693
86,"At work, They never",dua_ctx,0.7,1,88,0.70197,0.17064,1.98308,1.90251,0.03001,0.18093,0.01029,0.00037,0.1698,1.81291
86,"At work, They never",dua_ctx,0.9,1,151,0.90153,0.22037,3.93813,3.81585,0.06239,0.18093,0.03945,0.00474,0.34771,3.58567
86,"At work, They never",dua_ctx,0.99,1,222,0.99048,0.27943,6.16575,6.02926,0.08207,0.18093,0.0985,0.02631,0.57952,5.55992
86,"At work, They never",euc_unemb,0.3,1,1,0.5878,0.04596,0.37683,0.37684,0.07746,0.18093,0.13496,0.12298,0.0218,0.23205
86,"At work, They never",euc_unemb,0.5,1,1,0.5878,0.04596,0.37683,0.37684,0.07746,0.18093,0.13496,0.12298,0.0218,0.23205
86,"At work, They never",euc_unemb,0.7,1,2,0.99516,0.21351,1.07085,1.06173,0.09939,0.18093,0.03258,0.00329,0.13649,0.93108
86,"At work, They never",euc_unemb,0.9,1,2,0.99516,0.21351,1.07085,1.06173,0.09939,0.18093,0.03258,0.00329,0.13649,0.93108
86,"At work, They never",euc_unemb,0.99,1,2,0.99516,0.21351,1.07085,1.06173,0.09939,0.18093,0.03258,0.00329,0.13649,0.93108
86,"At work, They never",cau_unemb,0.3,1,21,0.33293,0.06173,0.16384,0.16452,0.02003,0.18093,0.1192,0.08327,0.00623,0.07433
86,"At work, They never",cau_unemb,0.5,1,25,0.51008,0.0618,0.19801,0.19838,0.0242,0.18093,0.11913,0.08313,0.01087,0.10401
86,"At work, They never",cau_unemb,0.7,1,30,0.72217,0.07317,0.23682,0.23657,0.03236,0.18093,0.10776,0.06256,0.02485,0.14941
86,"At work, They never",cau_unemb,0.9,1,37,0.90268,0.11506,0.30894,0.30728,0.03881,0.18093,0.06587,0.01854,0.05669,0.23371
86,"At work, They never",cau_unemb,0.99,1,51,0.9913,0.30239,0.69603,0.68841,0.0835,0.18093,0.12146,0.03854,0.11807,0.53942
86,"At work, They never",dua_unemb,0.3,1,2,0.70033,0.27367,0.16493,0.1661,0.01366,0.18093,0.09274,0.02355,0.01327,0.12812
86,"At work, They never",dua_unemb,0.5,1,2,0.70033,0.27367,0.16493,0.1661,0.01366,0.18093,0.09274,0.02355,0.01327,0.12812
86,"At work, They never",dua_unemb,0.7,1,2,0.70033,0.27367,0.16493,0.1661,0.01366,0.18093,0.09274,0.02355,0.01327,0.12812
86,"At work, They never",dua_unemb,0.9,1,4,0.95928,0.33398,0.55688,0.54437,0.02459,0.18093,0.15306,0.05852,0.02814,0.47022
86,"At work, They never",dua_unemb,0.99,1,7,0.99574,0.36475,1.41401,1.36936,0.02826,0.18093,0.18382,0.08132,0.03508,1.29761
86,"At work, They never",euc_dmd,0.3,1,1,0.53601,0.02916,0.46173,0.45724,0.0727,0.18093,0.15177,0.19101,0.01801,0.25271
86,"At work, They never",euc_dmd,0.5,1,1,0.53601,0.02916,0.46173,0.45724,0.0727,0.18093,0.15177,0.19101,0.01801,0.25271
86,"At work, They never",euc_dmd,0.7,1,2,0.98972,0.08465,0.97794,0.96282,0.09371,0.18093,0.09628,0.04641,0.11131,0.82023
86,"At work, They never",euc_dmd,0.9,1,2,0.98972,0.08465,0.97794,0.96282,0.09371,0.18093,0.09628,0.04641,0.11131,0.82023
86,"At work, They never",euc_dmd,0.99,1,3,0.99983,0.28753,1.92367,1.89223,0.11006,0.18093,0.1066,0.03039,0.19587,1.69741
86,"At work, They never",cau_dmd,0.3,1,9,0.35777,0.042,0.31111,0.30818,0.03612,0.18093,0.13893,0.13591,0.01754,0.15766
86,"At work, They never",cau_dmd,0.5,1,11,0.563,0.04021,0.39638,0.39201,0.03876,0.18093,0.14072,0.14226,0.02329,0.23084
86,"At work, They never",cau_dmd,0.7,1,13,0.74533,0.04478,0.48667,0.48058,0.03759,0.18093,0.13615,0.1267,0.03904,0.32093
86,"At work, They never",cau_dmd,0.9,1,16,0.90665,0.06246,0.65804,0.64875,0.07558,0.18093,0.11847,0.08178,0.07869,0.49757
86,"At work, They never",cau_dmd,0.99,1,23,0.99295,0.13447,1.40329,1.38246,0.08358,0.18093,0.04645,0.0085,0.17989,1.2149
86,"At work, They never",dua_dmd,0.3,1,2,0.69368,0.25496,0.14743,0.1481,0.01296,0.18093,0.07403,0.01554,0.01075,0.12115
86,"At work, They never",dua_dmd,0.5,1,2,0.69368,0.25496,0.14743,0.1481,0.01296,0.18093,0.07403,0.01554,0.01075,0.12115
86,"At work, They never",dua_dmd,0.7,1,3,0.84668,0.2699,0.28389,0.28088,0.0216,0.18093,0.08897,0.02182,0.01813,0.24395
86,"At work, They never",dua_dmd,0.9,1,4,0.91561,0.27909,0.46236,0.45415,0.02668,0.18093,0.09816,0.02614,0.02452,0.4117
86,"At work, They never",dua_dmd,0.99,1,9,0.99301,0.31262,1.71197,1.66404,0.03653,0.18093,0.1317,0.04463,0.04507,1.62227
123,Students always,euc_ctx,0.3,1,5,0.50227,0.16632,0.56099,0.56782,0.10635,0.43471,0.2684,0.19805,0.02565,0.33729
123,Students always,euc_ctx,0.5,1,5,0.50227,0.16632,0.56099,0.56782,0.10635,0.43471,0.2684,0.19805,0.02565,0.33729
123,Students always,euc_ctx,0.7,1,6,0.71534,0.17885,0.66257,0.66886,0.10615,0.43471,0.25586,0.17502,0.02752,0.46003
123,Students always,euc_ctx,0.9,1,8,0.93678,0.27216,0.83788,0.84141,0.08381,0.43471,0.16255,0.0607,0.02734,0.74984
123,Students always,euc_ctx,0.99,1,11,0.99444,0.48109,1.37148,1.36666,0.01774,0.43471,0.04638,0.00432,0.03457,1.33259
123,Students always,cau_ctx,0.3,0,,,,,,,,,,,
123,Students always,cau_ctx,0.5,0,,,,,,,,,,,
123,Students always,cau_ctx,0.7,0,,,,,,,,,,,
123,Students always,cau_ctx,0.9,0,,,,,,,,,,,
123,Students always,cau_ctx,0.99,0,,,,,,,,,,,
123,Students always,dua_ctx,0.3,1,105,0.30248,0.38282,3.16119,3.09223,0.02847,0.43471,0.0519,0.00561,0.27621,2.87936
123,Students always,dua_ctx,0.5,1,150,0.50372,0.35685,5.41001,5.3074,0.03759,0.43471,0.07787,0.01285,0.56055,4.83661
123,Students always,dua_ctx,0.7,1,194,0.70025,0.34915,7.08485,6.96583,0.04326,0.43471,0.08556,0.01561,0.91857,6.15068
123,Students always,dua_ctx,0.9,1,260,0.90029,0.37744,9.007,8.87803,0.04787,0.43471,0.05727,0.00686,1.50128,7.49886
123,Students always,dua_ctx,0.99,1,368,0.99038,0.47326,11.35754,11.22311,0.04531,0.43471,0.03854,0.00299,2.38021,8.97434
123,Students always,euc_unemb,0.3,1,1,0.48871,0.17383,0.48545,0.49363,0.11649,0.43471,0.26089,0.18396,0.04782,0.25367
123,Students always,euc_unemb,0.5,1,2,0.99081,0.39277,1.37954,1.37758,0.12602,0.43471,0.04195,0.00365,0.22129,1.15461
123,Students always,euc_unemb,0.7,1,2,0.99081,0.39277,1.37954,1.37758,0.12602,0.43471,0.04195,0.00365,0.22129,1.15461
123,Students always,euc_unemb,0.9,1,2,0.99081,0.39277,1.37954,1.37758,0.12602,0.43471,0.04195,0.00365,0.22129,1.15461
123,Students always,euc_unemb,0.99,1,2,0.99081,0.39277,1.37954,1.37758,0.12602,0.43471,0.04195,0.00365,0.22129,1.15461
123,Students always,cau_unemb,0.3,1,22,0.31691,0.21018,0.26734,0.274,0.10119,0.43471,0.22454,0.12685,0.01529,0.1252
123,Students always,cau_unemb,0.5,1,27,0.52961,0.2105,0.33479,0.34156,0.08809,0.43471,0.22422,0.12641,0.01898,0.1894
123,Students always,cau_unemb,0.7,1,32,0.73132,0.23951,0.38815,0.39438,0.08743,0.43471,0.19521,0.09145,0.02636,0.27034
123,Students always,cau_unemb,0.9,1,39,0.90289,0.32279,0.4924,0.49656,0.03407,0.43471,0.11192,0.02729,0.04472,0.42039
123,Students always,cau_unemb,0.99,1,53,0.99058,0.52389,1.01579,1.01128,0.03384,0.43471,0.08918,0.01594,0.08895,0.9109
123,Students always,dua_unemb,0.3,1,2,0.49029,0.46531,0.1866,0.19027,0.00981,0.43471,0.03059,0.00189,0.01452,0.1702
123,Students always,dua_unemb,0.5,1,3,0.69993,0.48588,0.3694,0.37034,0.01245,0.43471,0.05116,0.00526,0.02985,0.33429
123,Students always,dua_unemb,0.7,1,4,0.81549,0.50102,0.61167,0.60787,0.01504,0.43471,0.0663,0.00882,0.04267,0.56017
123,Students always,dua_unemb,0.9,1,6,0.92017,0.51655,1.34591,1.32802,0.01658,0.43471,0.08183,0.01342,0.06003,1.27246
123,Students always,dua_unemb,0.99,1,10,0.99706,0.53637,3.62941,3.57189,0.01715,0.43471,0.10165,0.02072,0.07879,3.52991
123,Students always,euc_dmd,0.3,1,1,0.49176,0.12132,0.66229,0.66809,0.12635,0.43471,0.31339,0.30546,0.03421,0.32263
123,Students always,euc_dmd,0.5,1,2,0.98903,0.25521,1.29336,1.29082,0.11856,0.43471,0.17951,0.07564,0.1168,1.10092
123,Students always,euc_dmd,0.7,1,2,0.98903,0.25521,1.29336,1.29082,0.11856,0.43471,0.17951,0.07564,0.1168,1.10092
123,Students always,euc_dmd,0.9,1,2,0.98903,0.25521,1.29336,1.29082,0.11856,0.43471,0.17951,0.07564,0.1168,1.10092
123,Students always,euc_dmd,0.99,1,3,0.99986,0.46086,2.56974,2.54933,0.11001,0.43471,0.02615,0.00138,0.23914,2.32923
123,Students always,cau_dmd,0.3,1,9,0.36939,0.14526,0.50683,0.51234,0.11421,0.43471,0.28945,0.24279,0.03643,0.22761
123,Students always,cau_dmd,0.5,1,11,0.58624,0.13955,0.62498,0.62996,0.1136,0.43471,0.29517,0.25646,0.03952,0.329
123,Students always,cau_dmd,0.7,1,13,0.77096,0.15388,0.7227,0.7266,0.11262,0.43471,0.28084,0.22347,0.05128,0.44796
123,Students always,cau_dmd,0.9,1,16,0.92249,0.20406,0.88455,0.88582,0.09537,0.43471,0.23066,0.13533,0.08493,0.66429
123,Students always,cau_dmd,0.99,1,22,0.99244,0.33603,1.46146,1.45372,0.07094,0.43471,0.09868,0.02097,0.16607,1.27442
123,Students always,dua_dmd,0.3,1,2,0.68865,0.4864,0.2857,0.28891,0.01614,0.43471,0.05169,0.00537,0.02841,0.25193
123,Students always,dua_dmd,0.5,1,2,0.68865,0.4864,0.2857,0.28891,0.01614,0.43471,0.05169,0.00537,0.02841,0.25193
123,Students always,dua_dmd,0.7,1,3,0.92104,0.48955,0.63765,0.63814,0.0279,0.43471,0.05483,0.00604,0.04904,0.58257
123,Students always,dua_dmd,0.9,1,3,0.92104,0.48955,0.63765,0.63814,0.0279,0.43471,0.05483,0.00604,0.04904,0.58257
123,Students always,dua_dmd,0.99,1,5,0.99844,0.50148,1.7522,1.74291,0.03026,0.43471,0.06676,0.00894,0.06585,1.67741
127,Voters rarely,euc_ctx,0.3,1,6,0.51625,0.20229,0.91107,0.92115,0.15604,0.47162,0.26933,0.18156,0.07805,0.65146
127,Voters rarely,euc_ctx,0.5,1,6,0.51625,0.20229,0.91107,0.92115,0.15604,0.47162,0.26933,0.18156,0.07805,0.65146
127,Voters rarely,euc_ctx,0.7,1,7,0.73986,0.23021,1.1033,1.11209,0.16141,0.47162,0.24141,0.1394,0.10245,0.86145
127,Voters rarely,euc_ctx,0.9,1,9,0.94872,0.3688,1.50649,1.51007,0.15816,0.47162,0.10282,0.02203,0.1301,1.35436
127,Voters rarely,euc_ctx,0.99,1,11,0.99061,0.5294,2.11959,2.11473,0.15397,0.47162,0.05779,0.00669,0.14472,1.96819
127,Voters rarely,cau_ctx,0.3,0,,,,,,,,,,,
127,Voters rarely,cau_ctx,0.5,0,,,,,,,,,,,
127,Voters rarely,cau_ctx,0.7,0,,,,,,,,,,,
127,Voters rarely,cau_ctx,0.9,0,,,,,,,,,,,
127,Voters rarely,cau_ctx,0.99,0,,,,,,,,,,,
127,Voters rarely,dua_ctx,0.3,1,108,0.30147,0.41791,3.30885,3.22562,0.02376,0.47162,0.05371,0.00587,0.37028,2.9327
127,Voters rarely,dua_ctx,0.5,1,156,0.50336,0.39968,5.82789,5.71047,0.09109,0.47162,0.07194,0.01061,0.72554,5.09174
127,Voters rarely,dua_ctx,0.7,1,208,0.70163,0.39251,7.55064,7.41877,0.13899,0.47162,0.07911,0.01288,1.16117,6.3766
127,Voters rarely,dua_ctx,0.9,1,300,0.90031,0.42616,12.44682,12.30717,0.16914,0.47162,0.04546,0.00419,1.85466,10.58797
127,Voters rarely,dua_ctx,0.99,1,408,0.99042,0.49515,14.05384,13.9107,0.17011,0.47162,0.02353,0.00111,2.78803,11.2647
127,Voters rarely,euc_unemb,0.3,1,2,0.98871,0.44119,1.64096,1.64115,0.1546,0.47162,0.03043,0.00187,0.25835,1.38074
127,Voters rarely,euc_unemb,0.5,1,2,0.98871,0.44119,1.64096,1.64115,0.1546,0.47162,0.03043,0.00187,0.25835,1.38074
127,Voters rarely,euc_unemb,0.7,1,2,0.98871,0.44119,1.64096,1.64115,0.1546,0.47162,0.03043,0.00187,0.25835,1.38074
127,Voters rarely,euc_unemb,0.9,1,2,0.98871,0.44119,1.64096,1.64115,0.1546,0.47162,0.03043,0.00187,0.25835,1.38074
127,Voters rarely,euc_unemb,0.99,1,3,0.99995,0.54055,4.109,4.0778,0.15807,0.47162,0.06893,0.00953,0.48173,3.61775
127,Voters rarely,cau_unemb,0.3,1,27,0.31683,0.22131,0.3822,0.39237,0.05753,0.47162,0.25031,0.15192,0.03145,0.19882
127,Voters rarely,cau_unemb,0.5,1,31,0.50574,0.22805,0.45903,0.46928,0.05566,0.47162,0.24357,0.14237,0.0475,0.26915
127,Voters rarely,cau_unemb,0.7,1,36,0.73256,0.26939,0.55619,0.56566,0.05305,0.47162,0.20223,0.09288,0.08331,0.38
127,Voters rarely,cau_unemb,0.9,1,43,0.91504,0.37788,0.75841,0.76482,0.13159,0.47162,0.09374,0.01822,0.14582,0.59437
127,Voters rarely,cau_unemb,0.99,1,55,0.99095,0.55785,1.44201,1.43816,0.15307,0.47162,0.08623,0.01495,0.2341,1.19296
127,Voters rarely,dua_unemb,0.3,1,2,0.37482,0.48642,0.142,0.14463,0.02492,0.47162,0.0148,0.00044,0.01106,0.1305
127,Voters rarely,dua_unemb,0.5,1,3,0.60232,0.50232,0.28764,0.28737,0.02978,0.47162,0.03071,0.00189,0.02406,0.2617
127,Voters rarely,dua_unemb,0.7,1,4,0.75271,0.5163,0.47602,0.47075,0.03222,0.47162,0.04468,0.00399,0.03782,0.4342
127,Voters rarely,dua_unemb,0.9,1,6,0.90488,0.5347,1.05656,1.03674,0.03252,0.47162,0.06308,0.00797,0.06159,0.98699
127,Voters rarely,dua_unemb,0.99,1,10,0.99542,0.55843,3.43504,3.37404,0.03632,0.47162,0.08681,0.01515,0.09337,3.32652
127,Voters rarely,euc_dmd,0.3,1,2,0.98588,0.30128,1.77233,1.77433,0.16196,0.47162,0.17034,0.0637,0.25898,1.44965
127,Voters rarely,euc_dmd,0.5,1,2,0.98588,0.30128,1.77233,1.77433,0.16196,0.47162,0.17034,0.0637,0.25898,1.44965
127,Voters rarely,euc_dmd,0.7,1,2,0.98588,0.30128,1.77233,1.77433,0.16196,0.47162,0.17034,0.0637,0.25898,1.44965
127,Voters rarely,euc_dmd,0.9,1,2,0.98588,0.30128,1.77233,1.77433,0.16196,0.47162,0.17034,0.0637,0.25898,1.44965
127,Voters rarely,euc_dmd,0.99,1,3,0.9999,0.55614,3.60053,3.57926,0.1607,0.47162,0.08452,0.01436,0.44159,3.14458
127,Voters rarely,cau_dmd,0.3,1,11,0.33965,0.1647,0.68108,0.69128,0.06331,0.47162,0.30692,0.25418,0.10368,0.32321
127,Voters rarely,cau_dmd,0.5,1,13,0.56944,0.16737,0.8415,0.85134,0.06091,0.47162,0.30425,0.24829,0.13987,0.45334
127,Voters rarely,cau_dmd,0.7,1,15,0.76957,0.19546,0.99726,1.00593,0.10683,0.47162,0.27616,0.19325,0.19402,0.60999
127,Voters rarely,cau_dmd,0.9,1,18,0.92846,0.27414,1.28652,1.29177,0.14862,0.47162,0.19748,0.08809,0.29247,0.90596
127,Voters rarely,cau_dmd,0.99,1,23,0.99141,0.41181,2.06079,2.05609,0.15269,0.47162,0.05981,0.0073,0.45089,1.6026
127,Voters rarely,dua_dmd,0.3,1,2,0.44488,0.4886,0.16291,0.16666,0.02967,0.47162,0.01698,0.00058,0.01723,0.1451
127,Voters rarely,dua_dmd,0.5,1,3,0.69791,0.48502,0.38103,0.38422,0.03951,0.47162,0.0134,0.00036,0.04364,0.33703
127,Voters rarely,dua_dmd,0.7,1,4,0.82639,0.4818,0.61863,0.61979,0.0395,0.47162,0.01018,0.00021,0.06504,0.55338
127,Voters rarely,dua_dmd,0.9,1,5,0.90553,0.48079,0.91909,0.9172,0.04461,0.47162,0.00917,0.00017,0.08432,0.8346
127,Voters rarely,dua_dmd,0.99,1,8,0.99416,0.49091,2.40442,2.38924,0.04543,0.47162,0.01929,0.00075,0.11686,2.28681
33,"Lately, Most doctors now",euc_ctx,0.3,1,6,0.43818,0.30509,0.68965,0.70341,0.12592,0.54593,0.24084,0.12445,0.04584,0.51936
33,"Lately, Most doctors now",euc_ctx,0.5,1,7,0.67309,0.31898,0.88457,0.89726,0.13915,0.54593,0.22695,0.10931,0.05762,0.71764
33,"Lately, Most doctors now",euc_ctx,0.7,1,8,0.84264,0.36482,1.07957,1.09001,0.14406,0.54593,0.18111,0.06765,0.06553,0.94639
33,"Lately, Most doctors now",euc_ctx,0.9,1,9,0.93183,0.42751,1.30411,1.3113,0.14514,0.54593,0.11843,0.02826,0.07019,1.20566
33,"Lately, Most doctors now",euc_ctx,0.99,1,12,0.99491,0.58899,2.24307,2.23648,0.14751,0.54593,0.04306,0.00379,0.08237,2.1569
33,"Lately, Most doctors now",cau_ctx,0.3,0,,,,,,,,,,,
33,"Lately, Most doctors now",cau_ctx,0.5,0,,,,,,,,,,,
33,"Lately, Most doctors now",cau_ctx,0.7,0,,,,,,,,,,,
33,"Lately, Most doctors now",cau_ctx,0.9,0,,,,,,,,,,,
33,"Lately, Most doctors now",cau_ctx,0.99,0,,,,,,,,,,,
33,"Lately, Most doctors now",dua_ctx,0.3,1,154,0.30057,0.48121,5.0236,4.90738,0.06231,0.54593,0.06472,0.00839,0.53405,4.48116
33,"Lately, Most doctors now",dua_ctx,0.5,1,214,0.50192,0.45068,7.05157,6.92055,0.06987,0.54593,0.09525,0.01821,0.98142,6.05194
33,"Lately, Most doctors now",dua_ctx,0.7,1,271,0.70361,0.4296,9.11912,8.983,0.06825,0.54593,0.11633,0.02726,1.51693,7.57493
33,"Lately, Most doctors now",dua_ctx,0.9,1,325,0.90139,0.42201,11.39142,11.25279,0.07245,0.54593,0.12393,0.03099,2.1077,9.25273
33,"Lately, Most doctors now",dua_ctx,0.99,1,404,0.99002,0.47,12.56383,12.42286,0.08248,0.54593,0.07593,0.01155,2.72367,9.82862
33,"Lately, Most doctors now",euc_unemb,0.3,1,2,0.97034,0.37358,1.22578,1.2271,0.1324,0.54593,0.17236,0.061,0.2179,0.94688
33,"Lately, Most doctors now",euc_unemb,0.5,1,2,0.97034,0.37358,1.22578,1.2271,0.1324,0.54593,0.17236,0.061,0.2179,0.94688
33,"Lately, Most doctors now",euc_unemb,0.7,1,2,0.97034,0.37358,1.22578,1.2271,0.1324,0.54593,0.17236,0.061,0.2179,0.94688
33,"Lately, Most doctors now",euc_unemb,0.9,1,2,0.97034,0.37358,1.22578,1.2271,0.1324,0.54593,0.17236,0.061,0.2179,0.94688
33,"Lately, Most doctors now",euc_unemb,0.99,1,3,0.99977,0.40909,3.21649,3.18762,0.14842,0.54593,0.13684,0.03792,0.45613,2.72243
33,"Lately, Most doctors now",cau_unemb,0.3,1,29,0.30991,0.28802,0.35054,0.36223,0.11803,0.54593,0.25791,0.14486,0.02531,0.18037
33,"Lately, Most doctors now",cau_unemb,0.5,1,34,0.53235,0.29538,0.43102,0.44265,0.1301,0.54593,0.25056,0.13581,0.02927,0.26594
33,"Lately, Most doctors now",cau_unemb,0.7,1,38,0.70501,0.32494,0.49479,0.50558,0.13823,0.54593,0.22099,0.10319,0.03725,0.35435
33,"Lately, Most doctors now",cau_unemb,0.9,1,46,0.91271,0.42599,0.69325,0.70009,0.09844,0.54593,0.11994,0.029,0.06423,0.60002
33,"Lately, Most doctors now",cau_unemb,0.99,1,59,0.99116,0.56502,1.33265,1.32802,0.10578,0.54593,0.01908,0.00074,0.10922,1.2227
33,"Lately, Most doctors now",dua_unemb,0.3,1,3,0.42231,0.54894,0.20182,0.20269,0.03255,0.54593,0.00301,2e-05,0.02828,0.17351
33,"Lately, Most doctors now",dua_unemb,0.5,1,4,0.53871,0.55395,0.32806,0.32358,0.03382,0.54593,0.00802,0.00013,0.04301,0.28492
33,"Lately, Most doctors now",dua_unemb,0.7,1,7,0.721,0.55936,0.87143,0.84137,0.04298,0.54593,0.01343,0.00037,0.07567,0.79539
33,"Lately, Most doctors now",dua_unemb,0.9,1,14,0.91784,0.56059,3.4255,3.31908,0.11791,0.54593,0.01466,0.00044,0.15607,3.26899
33,"Lately, Most doctors now",dua_unemb,0.99,1,21,0.99171,0.57176,6.09021,5.95651,0.15105,0.54593,0.02583,0.00136,0.25105,5.83781
33,"Lately, Most doctors now",euc_dmd,0.3,1,2,0.97307,0.39922,1.1488,1.1557,0.1416,0.54593,0.14671,0.04373,0.14522,0.95984
33,"Lately, Most doctors now",euc_dmd,0.5,1,2,0.97307,0.39922,1.1488,1.1557,0.1416,0.54593,0.14671,0.04373,0.14522,0.95984
33,"Lately, Most doctors now",euc_dmd,0.7,1,2,0.97307,0.39922,1.1488,1.1557,0.1416,0.54593,0.14671,0.04373,0.14522,0.95984
33,"Lately, Most doctors now",euc_dmd,0.9,1,2,0.97307,0.39922,1.1488,1.1557,0.1416,0.54593,0.14671,0.04373,0.14522,0.95984
33,"Lately, Most doctors now",euc_dmd,0.99,1,3,0.99975,0.52669,2.79467,2.77725,0.15129,0.54593,0.01925,0.00074,0.26395,2.52997
33,"Lately, Most doctors now",cau_dmd,0.3,1,11,0.3072,0.24829,0.54087,0.55487,0.12068,0.54593,0.29764,0.20124,0.07584,0.26379
33,"Lately, Most doctors now",cau_dmd,0.5,1,13,0.53075,0.24811,0.66563,0.67975,0.14059,0.54593,0.29783,0.20154,0.08375,0.38035
33,"Lately, Most doctors now",cau_dmd,0.7,1,15,0.739,0.27786,0.78613,0.79933,0.102,0.54593,0.26807,0.15803,0.10218,0.52592
33,"Lately, Most doctors now",cau_dmd,0.9,1,18,0.91533,0.35806,1.0305,1.04027,0.1094,0.54593,0.18787,0.07305,0.14673,0.81072
33,"Lately, Most doctors now",cau_dmd,0.99,1,24,0.99281,0.48328,1.89748,1.89473,0.1174,0.54593,0.06265,0.00786,0.24278,1.64684
33,"Lately, Most doctors now",dua_dmd,0.3,1,2,0.34149,0.53959,0.14196,0.14754,0.02946,0.54593,0.00635,8e-05,0.01898,0.1229
33,"Lately, Most doctors now",dua_dmd,0.5,1,3,0.59788,0.52628,0.35659,0.36146,0.04193,0.54593,0.01965,0.00078,0.05264,0.30318
33,"Lately, Most doctors now",dua_dmd,0.7,1,4,0.76067,0.5185,0.60311,0.60409,0.0443,0.54593,0.02743,0.00151,0.08318,0.51842
33,"Lately, Most doctors now",dua_dmd,0.9,1,6,0.90392,0.51272,1.20846,1.19753,0.05591,0.54593,0.03321,0.00221,0.12604,1.08021
33,"Lately, Most doctors now",dua_dmd,0.99,1,10,0.99067,0.5167,3.16065,3.11755,0.06606,0.54593,0.02924,0.00171,0.18552,2.97342
176,"At work, They usually",euc_ctx,0.3,1,6,0.41691,0.22323,0.73018,0.73998,0.12525,0.55078,0.32755,0.25142,0.07057,0.40819
176,"At work, They usually",euc_ctx,0.5,1,7,0.62642,0.23167,0.83854,0.84764,0.12424,0.55078,0.31911,0.23588,0.06757,0.53509
176,"At work, They usually",euc_ctx,0.7,1,8,0.79347,0.26749,0.91268,0.92041,0.109,0.55078,0.28329,0.17815,0.05923,0.6753
176,"At work, They usually",euc_ctx,0.9,1,10,0.9493,0.39521,1.10422,1.10725,0.10177,0.55078,0.15557,0.04923,0.05367,1.00132
176,"At work, They usually",euc_ctx,0.99,1,13,0.99414,0.58962,1.71033,1.70206,0.09857,0.55078,0.03884,0.00309,0.07084,1.6364
176,"At work, They usually",cau_ctx,0.3,0,,,,,,,,,,,
176,"At work, They usually",cau_ctx,0.5,0,,,,,,,,,,,
176,"At work, They usually",cau_ctx,0.7,0,,,,,,,,,,,
176,"At work, They usually",cau_ctx,0.9,0,,,,,,,,,,,
176,"At work, They usually",cau_ctx,0.99,0,,,,,,,,,,,
176,"At work, They usually",dua_ctx,0.3,1,111,0.30246,0.51812,3.27589,3.19773,0.02066,0.55078,0.03266,0.00214,0.36359,2.91015
176,"At work, They usually",dua_ctx,0.5,1,164,0.50144,0.49381,5.75587,5.64179,0.04594,0.55078,0.05697,0.0065,0.85597,4.8934
176,"At work, They usually",dua_ctx,0.7,1,226,0.70275,0.48864,7.86833,7.74005,0.04934,0.55078,0.06214,0.00773,1.61253,6.24807
176,"At work, They usually",dua_ctx,0.9,1,320,0.90103,0.51014,10.30132,10.16566,0.05428,0.55078,0.04064,0.00331,2.52036,7.77764
176,"At work, They usually",dua_ctx,0.99,1,410,0.99043,0.56105,11.60047,11.46223,0.03852,0.55078,0.01027,0.00021,3.05473,8.54553
176,"At work, They usually",euc_unemb,0.3,1,2,0.97563,0.36083,1.34475,1.35074,0.15094,0.55078,0.18995,0.07452,0.32781,0.94242
176,"At work, They usually",euc_unemb,0.5,1,2,0.97563,0.36083,1.34475,1.35074,0.15094,0.55078,0.18995,0.07452,0.32781,0.94242
176,"At work, They usually",euc_unemb,0.7,1,2,0.97563,0.36083,1.34475,1.35074,0.15094,0.55078,0.18995,0.07452,0.32781,0.94242
176,"At work, They usually",euc_unemb,0.9,1,2,0.97563,0.36083,1.34475,1.35074,0.15094,0.55078,0.18995,0.07452,0.32781,0.94242
176,"At work, They usually",euc_unemb,0.99,1,3,0.9998,0.50491,3.09111,3.07345,0.16303,0.55078,0.04587,0.00422,0.67031,2.41658
176,"At work, They usually",cau_unemb,0.3,1,29,0.31441,0.25938,0.41175,0.42175,0.13346,0.55078,0.2914,0.19016,0.03551,0.18608
176,"At work, They usually",cau_unemb,0.5,1,34,0.51809,0.261,0.48363,0.49355,0.1343,0.55078,0.28978,0.18771,0.03682,0.25909
176,"At work, They usually",cau_unemb,0.7,1,39,0.71499,0.29128,0.54321,0.55229,0.13204,0.55078,0.2595,0.14605,0.04817,0.34898
176,"At work, They usually",cau_unemb,0.9,1,47,0.90598,0.38574,0.68558,0.69151,0.07993,0.55078,0.16504,0.05561,0.09051,0.53945
176,"At work, They usually",cau_unemb,0.99,1,62,0.99147,0.55801,1.28867,1.2834,0.09067,0.55078,0.00723,0.00011,0.18127,1.10729
176,"At work, They usually",dua_unemb,0.3,1,2,0.3806,0.55926,0.14158,0.1455,0.00863,0.55078,0.00847,0.00015,0.01379,0.12764
176,"At work, They usually",dua_unemb,0.5,1,3,0.59609,0.5717,0.28637,0.28841,0.01273,0.55078,0.02092,0.00089,0.02956,0.25592
176,"At work, They usually",dua_unemb,0.7,1,4,0.73331,0.58391,0.47088,0.46926,0.01314,0.55078,0.03313,0.00224,0.04544,0.4232
176,"At work, They usually",dua_unemb,0.9,1,7,0.91678,0.6064,1.42416,1.40355,0.01814,0.55078,0.05562,0.00639,0.08191,1.33586
176,"At work, They usually",dua_unemb,0.99,1,13,0.99412,0.62999,5.18826,5.11165,0.02149,0.55078,0.07921,0.01313,0.12922,5.0459
176,"At work, They usually",euc_dmd,0.3,1,2,0.95788,0.22788,1.43971,1.4439,0.14845,0.55078,0.3229,0.24277,0.19362,1.00332
176,"At work, They usually",euc_dmd,0.5,1,2,0.95788,0.22788,1.43971,1.4439,0.14845,0.55078,0.3229,0.24277,0.19362,1.00332
176,"At work, They usually",euc_dmd,0.7,1,2,0.95788,0.22788,1.43971,1.4439,0.14845,0.55078,0.3229,0.24277,0.19362,1.00332
176,"At work, They usually",euc_dmd,0.9,1,2,0.95788,0.22788,1.43971,1.4439,0.14845,0.55078,0.3229,0.24277,0.19362,1.00332
176,"At work, They usually",euc_dmd,0.99,1,3,0.9993,0.45968,2.48428,2.47164,0.16061,0.55078,0.0911,0.01663,0.39432,2.07333
176,"At work, They usually",cau_dmd,0.3,1,12,0.32362,0.20415,0.70829,0.71676,0.12532,0.55078,0.34663,0.28973,0.0891,0.32946
176,"At work, They usually",cau_dmd,0.5,1,14,0.51246,0.19708,0.81746,0.82528,0.12274,0.55078,0.3537,0.30517,0.07413,0.43817
176,"At work, They usually",cau_dmd,0.7,1,17,0.76925,0.22273,0.96594,0.97163,0.13202,0.55078,0.32805,0.25236,0.08137,0.63221
176,"At work, They usually",cau_dmd,0.9,1,20,0.91128,0.27848,1.15881,1.16096,0.11446,0.55078,0.2723,0.16276,0.12461,0.87143
176,"At work, They usually",cau_dmd,0.99,1,27,0.9923,0.40127,1.94125,1.93025,0.09411,0.55078,0.14951,0.04537,0.25311,1.64277
176,"At work, They usually",dua_dmd,0.3,1,2,0.41676,0.55417,0.14803,0.15172,0.00909,0.55078,0.00339,2e-05,0.00844,0.13956
176,"At work, They usually",dua_dmd,0.5,1,3,0.60482,0.54446,0.30346,0.30565,0.01155,0.55078,0.00632,8e-05,0.01958,0.2838
176,"At work, They usually",dua_dmd,0.7,1,4,0.72657,0.5387,0.49664,0.49572,0.01225,0.55078,0.01208,0.00029,0.03379,0.46255
176,"At work, They usually",dua_dmd,0.9,1,7,0.90926,0.53341,1.46171,1.4472,0.01558,0.55078,0.01737,0.00061,0.08762,1.37348
176,"At work, They usually",dua_dmd,0.99,1,14,0.99419,0.55052,5.34872,5.29494,0.02029,0.55078,0.00026,0.0,0.1804,5.16832
144,"Today, Most doctors always",euc_ctx,0.3,1,6,0.5471,0.24465,0.91023,0.92194,0.1131,0.5301,0.28545,0.18685,0.04707,0.67631
144,"Today, Most doctors always",euc_ctx,0.5,1,6,0.5471,0.24465,0.91023,0.92194,0.1131,0.5301,0.28545,0.18685,0.04707,0.67631
144,"Today, Most doctors always",euc_ctx,0.7,1,7,0.77116,0.27341,1.1009,1.11099,0.11692,0.5301,0.25669,0.14617,0.05311,0.90162
144,"Today, Most doctors always",euc_ctx,0.9,1,8,0.9019,0.33374,1.28818,1.29565,0.06434,0.5301,0.19636,0.08121,0.05538,1.1516
144,"Today, Most doctors always",euc_ctx,0.99,1,11,0.9936,0.55046,2.12794,2.12271,0.06271,0.5301,0.02037,0.00084,0.06162,2.06549
144,"Today, Most doctors always",cau_ctx,0.3,0,,,,,,,,,,,
144,"Today, Most doctors always",cau_ctx,0.5,0,,,,,,,,,,,
144,"Today, Most doctors always",cau_ctx,0.7,0,,,,,,,,,,,
144,"Today, Most doctors always",cau_ctx,0.9,0,,,,,,,,,,,
144,"Today, Most doctors always",cau_ctx,0.99,0,,,,,,,,,,,
144,"Today, Most doctors always",dua_ctx,0.3,1,149,0.30083,0.46487,5.75616,5.63946,0.04207,0.5301,0.06522,0.00852,0.62685,5.12078
144,"Today, Most doctors always",dua_ctx,0.5,1,205,0.50325,0.44073,8.50354,8.37215,0.05976,0.5301,0.08937,0.01606,1.05848,7.429
144,"Today, Most doctors always",dua_ctx,0.7,1,260,0.70304,0.42657,10.13191,9.99505,0.06813,0.5301,0.10353,0.02162,1.55928,8.55101
144,"Today, Most doctors always",dua_ctx,0.9,1,323,0.90052,0.43333,11.8214,11.6816,0.08123,0.5301,0.09677,0.01886,2.16508,9.63746
144,"Today, Most doctors always",dua_ctx,0.99,1,405,0.9905,0.48123,12.68524,12.54346,0.14919,0.5301,0.04887,0.00478,2.75554,9.92492
144,"Today, Most doctors always",euc_unemb,0.3,1,2,0.98811,0.37502,1.52428,1.52275,0.1378,0.5301,0.15508,0.04945,0.22084,1.25399
144,"Today, Most doctors always",euc_unemb,0.5,1,2,0.98811,0.37502,1.52428,1.52275,0.1378,0.5301,0.15508,0.04945,0.22084,1.25399
144,"Today, Most doctors always",euc_unemb,0.7,1,2,0.98811,0.37502,1.52428,1.52275,0.1378,0.5301,0.15508,0.04945,0.22084,1.25399
144,"Today, Most doctors always",euc_unemb,0.9,1,2,0.98811,0.37502,1.52428,1.52275,0.1378,0.5301,0.15508,0.04945,0.22084,1.25399
144,"Today, Most doctors always",euc_unemb,0.99,1,3,0.99994,0.3875,3.81525,3.78099,0.15068,0.5301,0.1426,0.04157,0.46629,3.3074
144,"Today, Most doctors always",cau_unemb,0.3,1,27,0.33254,0.26425,0.3941,0.40606,0.03038,0.5301,0.26585,0.15834,0.02746,0.2083
144,"Today, Most doctors always",cau_unemb,0.5,1,31,0.52808,0.27153,0.46679,0.47878,0.04276,0.5301,0.25857,0.14862,0.03312,0.28505
144,"Today, Most doctors always",cau_unemb,0.7,1,35,0.71475,0.30462,0.53392,0.5452,0.04391,0.5301,0.22548,0.1095,0.04498,0.37943
144,"Today, Most doctors always",cau_unemb,0.9,1,42,0.91058,0.40972,0.70657,0.71465,0.06167,0.5301,0.12038,0.02937,0.07871,0.59849
144,"Today, Most doctors always",cau_unemb,0.99,1,54,0.99093,0.5834,1.32287,1.32046,0.06302,0.5301,0.0533,0.00578,0.14079,1.17629
144,"Today, Most doctors always",dua_unemb,0.3,1,2,0.31853,0.53167,0.13376,0.13733,0.00883,0.5301,0.00157,0.0,0.0151,0.11866
144,"Today, Most doctors always",dua_unemb,0.5,1,3,0.51615,0.54118,0.28265,0.28301,0.00997,0.5301,0.01108,0.00025,0.03733,0.24507
144,"Today, Most doctors always",dua_unemb,0.7,1,5,0.71639,0.55127,0.69384,0.68044,0.01208,0.5301,0.02117,0.0009,0.06983,0.62311
144,"Today, Most doctors always",dua_unemb,0.9,1,11,0.91773,0.55237,3.25533,3.17167,0.03542,0.5301,0.02227,0.001,0.14457,3.10975
144,"Today, Most doctors always",dua_unemb,0.99,1,19,0.99501,0.56593,7.00787,6.87888,0.06356,0.5301,0.03583,0.0026,0.28037,6.7249
144,"Today, Most doctors always",euc_dmd,0.3,1,1,0.30674,0.18237,0.66484,0.67727,0.10859,0.5301,0.34773,0.30536,0.04069,0.31879
144,"Today, Most doctors always",euc_dmd,0.5,1,2,0.98832,0.33766,1.5835,1.58549,0.07032,0.5301,0.19244,0.07779,0.15209,1.35362
144,"Today, Most doctors always",euc_dmd,0.7,1,2,0.98832,0.33766,1.5835,1.58549,0.07032,0.5301,0.19244,0.07779,0.15209,1.35362
144,"Today, Most doctors always",euc_dmd,0.9,1,2,0.98832,0.33766,1.5835,1.58549,0.07032,0.5301,0.19244,0.07779,0.15209,1.35362
144,"Today, Most doctors always",euc_dmd,0.99,1,3,0.99992,0.50276,3.32338,3.30025,0.13702,0.5301,0.02734,0.0015,0.27959,3.04229
144,"Today, Most doctors always",cau_dmd,0.3,1,11,0.4016,0.19234,0.7513,0.76362,0.12408,0.5301,0.33776,0.28291,0.07093,0.39746
144,"Today, Most doctors always",cau_dmd,0.5,1,12,0.5255,0.19116,0.8356,0.8477,0.12883,0.5301,0.33894,0.28548,0.07627,0.47385
144,"Today, Most doctors always",cau_dmd,0.7,1,14,0.74753,0.21218,0.98661,0.99757,0.11767,0.5301,0.31792,0.24255,0.09766,0.64639
144,"Today, Most doctors always",cau_dmd,0.9,1,17,0.92496,0.28782,1.23704,1.24456,0.13241,0.5301,0.24227,0.12835,0.1511,0.95759
144,"Today, Most doctors always",cau_dmd,0.99,1,22,0.99148,0.43276,1.90436,1.90216,0.1163,0.5301,0.09734,0.01908,0.24942,1.63586
144,"Today, Most doctors always",dua_dmd,0.3,1,2,0.4078,0.5341,0.16498,0.16966,0.01373,0.5301,0.004,3e-05,0.02382,0.14113
144,"Today, Most doctors always",dua_dmd,0.5,1,3,0.66347,0.52677,0.39907,0.40274,0.03534,0.5301,0.00333,2e-05,0.06043,0.33862
144,"Today, Most doctors always",dua_dmd,0.7,1,4,0.7889,0.5221,0.66008,0.66045,0.0403,0.5301,0.008,0.00013,0.08815,0.5718
144,"Today, Most doctors always",dua_dmd,0.9,1,7,0.91677,0.51663,1.75506,1.73831,0.04837,0.5301,0.01347,0.00036,0.14258,1.61211
144,"Today, Most doctors always",dua_dmd,0.99,1,12,0.99256,0.52449,4.94346,4.88303,0.06149,0.5301,0.00561,6e-05,0.22195,4.72145
296,"At home, Both of them",euc_ctx,0.3,1,6,0.38034,0.05674,0.61521,0.61834,0.14663,0.24208,0.18534,0.18541,0.02913,0.40068
296,"At home, Both of them",euc_ctx,0.5,1,7,0.5739,0.05652,0.73529,0.73796,0.16383,0.24208,0.18556,0.18615,0.03469,0.51445
296,"At home, Both of them",euc_ctx,0.7,1,8,0.74455,0.06436,0.83571,0.83772,0.16788,0.24208,0.17773,0.16106,0.03827,0.63638
296,"At home, Both of them",euc_ctx,0.9,1,10,0.92869,0.10637,1.02331,1.02339,0.16664,0.24208,0.13572,0.07424,0.04393,0.90514
296,"At home, Both of them",euc_ctx,0.99,1,13,0.99085,0.24356,1.44577,1.4409,0.14914,0.24208,0.00148,1e-05,0.05579,1.38997
296,"At home, Both of them",cau_ctx,0.3,0,,,,,,,,,,,
296,"At home, Both of them",cau_ctx,0.5,0,,,,,,,,,,,
296,"At home, Both of them",cau_ctx,0.7,0,,,,,,,,,,,
296,"At home, Both of them",cau_ctx,0.9,0,,,,,,,,,,,
296,"At home, Both of them",cau_ctx,0.99,0,,,,,,,,,,,
296,"At home, Both of them",dua_ctx,0.3,1,69,0.30426,0.23578,1.01102,0.98431,0.10353,0.24208,0.00631,0.00011,0.07849,0.93242
296,"At home, Both of them",dua_ctx,0.5,1,107,0.50025,0.22773,2.37716,2.31251,0.11566,0.24208,0.01435,0.00058,0.1798,2.19679
296,"At home, Both of them",dua_ctx,0.7,1,146,0.70025,0.23075,3.79046,3.69711,0.13074,0.24208,0.01133,0.00036,0.31884,3.47126
296,"At home, Both of them",dua_ctx,0.9,1,191,0.90185,0.23808,5.50732,5.39499,0.13368,0.24208,0.00401,4e-05,0.47664,5.03063
296,"At home, Both of them",dua_ctx,0.99,1,263,0.99015,0.273,8.4603,8.33388,0.13264,0.24208,0.03091,0.00247,0.69682,7.76101
296,"At home, Both of them",euc_unemb,0.3,1,2,0.94293,0.09301,1.10622,1.10748,0.15009,0.24208,0.14908,0.09549,0.15011,0.86062
296,"At home, Both of them",euc_unemb,0.5,1,2,0.94293,0.09301,1.10622,1.10748,0.15009,0.24208,0.14908,0.09549,0.15011,0.86062
296,"At home, Both of them",euc_unemb,0.7,1,2,0.94293,0.09301,1.10622,1.10748,0.15009,0.24208,0.14908,0.09549,0.15011,0.86062
296,"At home, Both of them",euc_unemb,0.9,1,2,0.94293,0.09301,1.10622,1.10748,0.15009,0.24208,0.14908,0.09549,0.15011,0.86062
296,"At home, Both of them",euc_unemb,0.99,1,3,0.99908,0.32387,2.24552,2.23518,0.16053,0.24208,0.08178,0.01608,0.30161,1.92783
296,"At home, Both of them",cau_unemb,0.3,1,31,0.31977,0.07182,0.36969,0.37368,0.13154,0.24208,0.17026,0.14056,0.02021,0.20892
296,"At home, Both of them",cau_unemb,0.5,1,37,0.53457,0.07228,0.45359,0.45739,0.15017,0.24208,0.1698,0.1394,0.02191,0.29229
296,"At home, Both of them",cau_unemb,0.7,1,42,0.7066,0.0826,0.51298,0.51637,0.15677,0.24208,0.15949,0.11557,0.02457,0.37284
296,"At home, Both of them",cau_unemb,0.9,1,51,0.90035,0.12796,0.63288,0.63482,0.15305,0.24208,0.11412,0.04804,0.03655,0.5483
296,"At home, Both of them",cau_unemb,0.99,1,68,0.9906,0.30503,1.12128,1.11702,0.13207,0.24208,0.06295,0.00976,0.06932,1.0422
296,"At home, Both of them",dua_unemb,0.3,1,2,0.45224,0.28949,0.10744,0.11158,0.02715,0.24208,0.04741,0.00566,0.01115,0.09064
296,"At home, Both of them",dua_unemb,0.5,1,3,0.71597,0.32334,0.24327,0.24554,0.02925,0.24208,0.08125,0.01589,0.02374,0.20364
296,"At home, Both of them",dua_unemb,0.7,1,3,0.71597,0.32334,0.24327,0.24554,0.02925,0.24208,0.08125,0.01589,0.02374,0.20364
296,"At home, Both of them",dua_unemb,0.9,1,5,0.91735,0.3593,0.62557,0.61885,0.00939,0.24208,0.11721,0.03175,0.04009,0.55374
296,"At home, Both of them",dua_unemb,0.99,1,8,0.9953,0.38548,1.49302,1.46472,0.10477,0.24208,0.1434,0.04634,0.04905,1.39763
296,"At home, Both of them",euc_dmd,0.3,1,2,0.92007,0.04067,1.31587,1.31174,0.17596,0.24208,0.20141,0.2532,0.0767,0.98598
296,"At home, Both of them",euc_dmd,0.5,1,2,0.92007,0.04067,1.31587,1.31174,0.17596,0.24208,0.20141,0.2532,0.0767,0.98598
296,"At home, Both of them",euc_dmd,0.7,1,2,0.92007,0.04067,1.31587,1.31174,0.17596,0.24208,0.20141,0.2532,0.0767,0.98598
296,"At home, Both of them",euc_dmd,0.9,1,2,0.92007,0.04067,1.31587,1.31174,0.17596,0.24208,0.20141,0.2532,0.0767,0.98598
296,"At home, Both of them",euc_dmd,0.99,1,3,0.99799,0.13015,2.06445,2.05098,0.1557,0.24208,0.11193,0.04583,0.1528,1.86581
296,"At home, Both of them",cau_dmd,0.3,1,13,0.3653,0.04631,0.75986,0.76107,0.16693,0.24208,0.19577,0.22623,0.04168,0.49196
296,"At home, Both of them",cau_dmd,0.5,1,15,0.53711,0.04393,0.90032,0.90056,0.16853,0.24208,0.19815,0.23712,0.03322,0.62998
296,"At home, Both of them",cau_dmd,0.7,1,18,0.76483,0.04868,1.11385,1.11214,0.14867,0.24208,0.19341,0.21606,0.02916,0.86863
296,"At home, Both of them",cau_dmd,0.9,1,22,0.92537,0.06682,1.46034,1.45491,0.14644,0.24208,0.17526,0.15397,0.04413,1.26225
296,"At home, Both of them",cau_dmd,0.99,1,29,0.99162,0.1067,2.38798,2.37228,0.13006,0.24208,0.13538,0.07376,0.08661,2.2276
296,"At home, Both of them",dua_dmd,0.3,1,2,0.50432,0.29108,0.11028,0.11402,0.09511,0.24208,0.049,0.00603,0.00743,0.09682
296,"At home, Both of them",dua_dmd,0.5,1,2,0.50432,0.29108,0.11028,0.11402,0.09511,0.24208,0.049,0.00603,0.00743,0.09682
296,"At home, Both of them",dua_dmd,0.7,1,3,0.77898,0.31304,0.24492,0.24692,0.09778,0.24208,0.07096,0.01227,0.01401,0.21864
296,"At home, Both of them",dua_dmd,0.9,1,4,0.91114,0.32501,0.41529,0.41397,0.1008,0.24208,0.08293,0.01651,0.02031,0.37847
296,"At home, Both of them",dua_dmd,0.99,1,6,0.99043,0.34021,0.91119,0.9008,0.11159,0.24208,0.09812,0.02271,0.03053,0.85795
180,"Honestly, Students generally",euc_ctx,0.3,1,6,0.49276,0.1987,0.84874,0.86005,0.16815,0.4693,0.2706,0.18467,0.06516,0.59892
180,"Honestly, Students generally",euc_ctx,0.5,1,7,0.71522,0.21771,1.02475,1.03515,0.17262,0.4693,0.25159,0.15453,0.07228,0.79794
180,"Honestly, Students generally",euc_ctx,0.7,1,7,0.71522,0.21771,1.02475,1.03515,0.17262,0.4693,0.25159,0.15453,0.07228,0.79794
180,"Honestly, Students generally",euc_ctx,0.9,1,9,0.94069,0.32828,1.39129,1.39737,0.16395,0.4693,0.14102,0.04266,0.07601,1.27262
180,"Honestly, Students generally",euc_ctx,0.99,1,12,0.99532,0.51767,2.3037,2.29804,0.16159,0.4693,0.04837,0.00468,0.08835,2.21067
180,"Honestly, Students generally",cau_ctx,0.3,0,,,,,,,,,,,
180,"Honestly, Students generally",cau_ctx,0.5,0,,,,,,,,,,,
180,"Honestly, Students generally",cau_ctx,0.7,0,,,,,,,,,,,
180,"Honestly, Students generally",cau_ctx,0.9,0,,,,,,,,,,,
180,"Honestly, Students generally",cau_ctx,0.99,0,,,,,,,,,,,
180,"Honestly, Students generally",dua_ctx,0.3,1,119,0.30006,0.40268,4.0951,4.00429,0.11612,0.4693,0.06661,0.00909,0.38419,3.70182
180,"Honestly, Students generally",dua_ctx,0.5,1,166,0.50211,0.37973,6.40967,6.29407,0.11979,0.4693,0.08957,0.01662,0.73939,5.65366
180,"Honestly, Students generally",dua_ctx,0.7,1,213,0.70343,0.37915,8.27213,8.14588,0.12414,0.4693,0.09014,0.01684,1.22204,7.03325
180,"Honestly, Students generally",dua_ctx,0.9,1,276,0.90015,0.39635,10.26217,10.12979,0.131,0.4693,0.07294,0.01093,1.86071,8.39053
180,"Honestly, Students generally",dua_ctx,0.99,1,346,0.99032,0.43496,12.33681,12.20171,0.14871,0.4693,0.03434,0.00239,2.41979,9.91464
180,"Honestly, Students generally",euc_unemb,0.3,1,2,0.97869,0.34407,1.64085,1.64341,0.15302,0.4693,0.12523,0.03324,0.2711,1.33652
180,"Honestly, Students generally",euc_unemb,0.5,1,2,0.97869,0.34407,1.64085,1.64341,0.15302,0.4693,0.12523,0.03324,0.2711,1.33652
180,"Honestly, Students generally",euc_unemb,0.7,1,2,0.97869,0.34407,1.64085,1.64341,0.15302,0.4693,0.12523,0.03324,0.2711,1.33652
180,"Honestly, Students generally",euc_unemb,0.9,1,2,0.97869,0.34407,1.64085,1.64341,0.15302,0.4693,0.12523,0.03324,0.2711,1.33652
180,"Honestly, Students generally",euc_unemb,0.99,1,3,0.99985,0.43515,4.03489,4.0088,0.16145,0.4693,0.03414,0.00236,0.57519,3.45734
180,"Honestly, Students generally",cau_unemb,0.3,1,28,0.31708,0.21266,0.46829,0.4782,0.11513,0.4693,0.25664,0.16213,0.03929,0.26687
180,"Honestly, Students generally",cau_unemb,0.5,1,33,0.53607,0.21354,0.58551,0.59513,0.12558,0.4693,0.25576,0.16079,0.03909,0.38563
180,"Honestly, Students generally",cau_unemb,0.7,1,37,0.70447,0.23283,0.67567,0.6844,0.13088,0.4693,0.23647,0.13338,0.03937,0.50292
180,"Honestly, Students generally",cau_unemb,0.9,1,45,0.90909,0.30757,0.91732,0.92236,0.12644,0.4693,0.16173,0.05713,0.04918,0.81101
180,"Honestly, Students generally",cau_unemb,0.99,1,59,0.99155,0.43036,1.70304,1.69635,0.11605,0.4693,0.03893,0.00307,0.07869,1.62127
180,"Honestly, Students generally",dua_unemb,0.3,1,2,0.36139,0.4783,0.16289,0.16656,0.09386,0.4693,0.009,0.00016,0.02156,0.14117
180,"Honestly, Students generally",dua_unemb,0.5,1,3,0.56698,0.49356,0.32228,0.32275,0.09697,0.4693,0.02427,0.00118,0.04208,0.27902
180,"Honestly, Students generally",dua_unemb,0.7,1,5,0.75785,0.51199,0.78188,0.76998,0.09844,0.4693,0.0427,0.00365,0.07315,0.70508
180,"Honestly, Students generally",dua_unemb,0.9,1,9,0.90937,0.52141,2.41258,2.36213,0.11009,0.4693,0.05211,0.00543,0.11671,2.29043
180,"Honestly, Students generally",dua_unemb,0.99,1,16,0.99134,0.53145,5.45409,5.34276,0.10808,0.4693,0.06216,0.00774,0.18543,5.26092
180,"Honestly, Students generally",euc_dmd,0.3,1,2,0.97298,0.23177,1.71345,1.71782,0.13955,0.4693,0.23753,0.13479,0.13072,1.44794
180,"Honestly, Students generally",euc_dmd,0.5,1,2,0.97298,0.23177,1.71345,1.71782,0.13955,0.4693,0.23753,0.13479,0.13072,1.44794
180,"Honestly, Students generally",euc_dmd,0.7,1,2,0.97298,0.23177,1.71345,1.71782,0.13955,0.4693,0.23753,0.13479,0.13072,1.44794
180,"Honestly, Students generally",euc_dmd,0.9,1,2,0.97298,0.23177,1.71345,1.71782,0.13955,0.4693,0.23753,0.13479,0.13072,1.44794
180,"Honestly, Students generally",euc_dmd,0.99,1,3,0.99969,0.39391,3.41966,3.40357,0.14829,0.4693,0.07539,0.01169,0.25787,3.1501
180,"Honestly, Students generally",cau_dmd,0.3,1,11,0.34009,0.16546,0.82897,0.84004,0.15291,0.4693,0.30383,0.249,0.08977,0.4902
180,"Honestly, Students generally",cau_dmd,0.5,1,13,0.55916,0.15951,1.02467,1.03518,0.15162,0.4693,0.30979,0.26243,0.08631,0.67594
180,"Honestly, Students generally",cau_dmd,0.7,1,15,0.75354,0.17334,1.21353,1.22265,0.14239,0.4693,0.29596,0.23221,0.08835,0.89297
180,"Honestly, Students generally",cau_dmd,0.9,1,18,0.91689,0.21703,1.55232,1.55779,0.13001,0.4693,0.25227,0.15554,0.11033,1.28645
180,"Honestly, Students generally",cau_dmd,0.99,1,24,0.99227,0.2912,2.58355,2.57684,0.12891,0.4693,0.17809,0.07039,0.17589,2.33727
180,"Honestly, Students generally",dua_dmd,0.3,1,2,0.51343,0.48778,0.2459,0.25017,0.09978,0.4693,0.01848,0.00068,0.03404,0.21118
180,"Honestly, Students generally",dua_dmd,0.5,1,2,0.51343,0.48778,0.2459,0.25017,0.09978,0.4693,0.01848,0.00068,0.03404,0.21118
180,"Honestly, Students generally",dua_dmd,0.7,1,3,0.79556,0.48059,0.58671,0.58928,0.11914,0.4693,0.01129,0.00026,0.06948,0.51697
180,"Honestly, Students generally",dua_dmd,0.9,1,4,0.9114,0.47864,0.99527,0.99303,0.12857,0.4693,0.00934,0.00017,0.09362,0.90147
180,"Honestly, Students generally",dua_dmd,0.99,1,9,0.99278,0.48263,4.48191,4.43913,0.10067,0.4693,0.01333,0.00036,0.15233,4.32922
1,"At work, Many people still",euc_ctx,0.3,1,6,0.4214,0.22533,0.79288,0.8051,0.09282,0.55827,0.33294,0.25837,0.05314,0.48137
1,"At work, Many people still",euc_ctx,0.5,1,7,0.65541,0.23401,0.93962,0.95115,0.09912,0.55827,0.32427,0.24226,0.06185,0.63551
1,"At work, Many people still",euc_ctx,0.7,1,8,0.83061,0.27559,1.0476,1.05764,0.09963,0.55827,0.28269,0.1756,0.06627,0.80573
1,"At work, Many people still",euc_ctx,0.9,1,9,0.92563,0.34179,1.16032,1.16808,0.10055,0.55827,0.21649,0.09774,0.06949,0.99309
1,"At work, Many people still",euc_ctx,0.99,1,12,0.9945,0.56438,1.76665,1.76347,0.09925,0.55827,0.0061,8e-05,0.08576,1.68082
1,"At work, Many people still",cau_ctx,0.3,0,,,,,,,,,,,
1,"At work, Many people still",cau_ctx,0.5,0,,,,,,,,,,,
1,"At work, Many people still",cau_ctx,0.7,0,,,,,,,,,,,
1,"At work, Many people still",cau_ctx,0.9,0,,,,,,,,,,,
1,"At work, Many people still",cau_ctx,0.99,0,,,,,,,,,,,
1,"At work, Many people still",dua_ctx,0.3,1,124,0.30256,0.50538,4.24078,4.1514,0.07675,0.55827,0.05289,0.00561,0.41937,3.81581
1,"At work, Many people still",dua_ctx,0.5,1,177,0.50379,0.47815,6.75985,6.64138,0.09292,0.55827,0.08013,0.01286,0.8277,5.91929
1,"At work, Many people still",dua_ctx,0.7,1,232,0.7019,0.46586,8.26286,8.13299,0.08667,0.55827,0.09241,0.01711,1.31687,6.92888
1,"At work, Many people still",dua_ctx,0.9,1,299,0.9013,0.4645,9.76455,9.62889,0.11085,0.55827,0.09377,0.01762,1.9713,7.77563
1,"At work, Many people still",dua_ctx,0.99,1,402,0.99051,0.52742,11.39348,11.25419,0.11337,0.55827,0.03086,0.00192,2.59355,8.79801
1,"At work, Many people still",euc_unemb,0.3,1,2,0.9768,0.42826,1.27939,1.28332,0.08718,0.55827,0.13002,0.03405,0.32255,0.92279
1,"At work, Many people still",euc_unemb,0.5,1,2,0.9768,0.42826,1.27939,1.28332,0.08718,0.55827,0.13002,0.03405,0.32255,0.92279
1,"At work, Many people still",euc_unemb,0.7,1,2,0.9768,0.42826,1.27939,1.28332,0.08718,0.55827,0.13002,0.03405,0.32255,0.92279
1,"At work, Many people still",euc_unemb,0.9,1,2,0.9768,0.42826,1.27939,1.28332,0.08718,0.55827,0.13002,0.03405,0.32255,0.92279
1,"At work, Many people still",euc_unemb,0.99,1,3,0.99985,0.62277,3.06118,3.03822,0.09478,0.55827,0.06449,0.00868,0.63428,2.41821
1,"At work, Many people still",cau_unemb,0.3,1,30,0.32997,0.25946,0.46072,0.47159,0.07718,0.55827,0.29881,0.19953,0.04593,0.21526
1,"At work, Many people still",cau_unemb,0.5,1,34,0.50731,0.26297,0.53287,0.54364,0.08845,0.55827,0.2953,0.19414,0.05857,0.28016
1,"At work, Many people still",cau_unemb,0.7,1,39,0.72099,0.29871,0.60759,0.61743,0.09105,0.55827,0.25957,0.14495,0.0855,0.37714
1,"At work, Many people still",cau_unemb,0.9,1,46,0.90319,0.39758,0.74387,0.75075,0.0823,0.55827,0.16069,0.05245,0.14145,0.54996
1,"At work, Many people still",cau_unemb,0.99,1,59,0.99004,0.59617,1.27946,1.27613,0.08099,0.55827,0.0379,0.00296,0.2494,1.02711
1,"At work, Many people still",dua_unemb,0.3,1,2,0.33358,0.56191,0.12975,0.13299,0.00716,0.55827,0.00363,3e-05,0.01545,0.11428
1,"At work, Many people still",dua_unemb,0.5,1,3,0.53461,0.56652,0.27317,0.27439,0.01593,0.55827,0.00825,0.00014,0.03263,0.24041
1,"At work, Many people still",dua_unemb,0.7,1,5,0.75708,0.57725,0.69116,0.68207,0.02775,0.55827,0.01898,0.00074,0.0643,0.62612
1,"At work, Many people still",dua_unemb,0.9,1,9,0.91909,0.58689,2.19347,2.14928,0.03361,0.55827,0.02862,0.00168,0.10954,2.08225
1,"At work, Many people still",dua_unemb,0.99,1,15,0.99359,0.59738,5.55591,5.45319,0.03437,0.55827,0.0391,0.00315,0.16251,5.39025
1,"At work, Many people still",euc_dmd,0.3,1,2,0.9705,0.27113,1.4576,1.46313,0.10172,0.55827,0.28714,0.182,0.21774,1.05786
1,"At work, Many people still",euc_dmd,0.5,1,2,0.9705,0.27113,1.4576,1.46313,0.10172,0.55827,0.28714,0.182,0.21774,1.05786
1,"At work, Many people still",euc_dmd,0.7,1,2,0.9705,0.27113,1.4576,1.46313,0.10172,0.55827,0.28714,0.182,0.21774,1.05786
1,"At work, Many people still",euc_dmd,0.9,1,2,0.9705,0.27113,1.4576,1.46313,0.10172,0.55827,0.28714,0.182,0.21774,1.05786
1,"At work, Many people still",euc_dmd,0.99,1,3,0.99973,0.5437,2.68348,2.66946,0.10792,0.55827,0.01457,0.00043,0.42794,2.25511
1,"At work, Many people still",cau_dmd,0.3,1,12,0.33162,0.19586,0.79659,0.80803,0.11431,0.55827,0.36241,0.32013,0.10064,0.37582
1,"At work, Many people still",cau_dmd,0.5,1,14,0.54485,0.19003,0.94279,0.95375,0.10879,0.55827,0.36824,0.33381,0.10671,0.50226
1,"At work, Many people still",cau_dmd,0.7,1,16,0.74026,0.20825,1.06669,1.07647,0.10878,0.55827,0.35003,0.29276,0.12649,0.64744
1,"At work, Many people still",cau_dmd,0.9,1,19,0.91085,0.26911,1.27786,1.28446,0.10319,0.55827,0.28917,0.18495,0.18612,0.90679
1,"At work, Many people still",cau_dmd,0.99,1,25,0.99179,0.40211,1.99119,1.98681,0.09362,0.55827,0.15616,0.04946,0.33069,1.61104
1,"At work, Many people still",dua_dmd,0.3,1,2,0.46354,0.56817,0.19071,0.19388,0.03255,0.55827,0.0099,0.0002,0.02128,0.16922
1,"At work, Many people still",dua_dmd,0.5,1,3,0.73629,0.54694,0.4863,0.48917,0.08414,0.55827,0.01133,0.00026,0.05023,0.43581
1,"At work, Many people still",dua_dmd,0.7,1,3,0.73629,0.54694,0.4863,0.48917,0.08414,0.55827,0.01133,0.00026,0.05023,0.43581
1,"At work, Many people still",dua_dmd,0.9,1,5,0.9278,0.53623,1.27011,1.26693,0.1087,0.55827,0.02204,0.00098,0.09085,1.17829
1,"At work, Many people still",dua_dmd,0.99,1,8,0.99715,0.5414,3.21026,3.19133,0.10995,0.55827,0.01687,0.00057,0.12083,3.08886
249,"Today, The engineers typically",euc_ctx,0.3,1,6,0.43728,0.25517,0.73439,0.74716,0.04895,0.55029,0.29513,0.19601,0.06218,0.4762
249,"Today, The engineers typically",euc_ctx,0.5,1,7,0.65982,0.27163,0.866,0.87804,0.04704,0.55029,0.27866,0.17165,0.05849,0.63585
249,"Today, The engineers typically",euc_ctx,0.7,1,8,0.82495,0.31912,0.98092,0.99133,0.0319,0.55029,0.23117,0.11331,0.05116,0.81645
249,"Today, The engineers typically",euc_ctx,0.9,1,9,0.91747,0.38679,1.12141,1.12929,0.02031,0.55029,0.1635,0.05456,0.04696,1.01989
249,"Today, The engineers typically",euc_ctx,0.99,1,12,0.99188,0.58367,1.84348,1.83962,0.01899,0.55029,0.03338,0.00228,0.05553,1.78568
249,"Today, The engineers typically",cau_ctx,0.3,0,,,,,,,,,,,
249,"Today, The engineers typically",cau_ctx,0.5,0,,,,,,,,,,,
249,"Today, The engineers typically",cau_ctx,0.7,0,,,,,,,,,,,
249,"Today, The engineers typically",cau_ctx,0.9,0,,,,,,,,,,,
249,"Today, The engineers typically",cau_ctx,0.99,0,,,,,,,,,,,
249,"Today, The engineers typically",dua_ctx,0.3,1,119,0.30332,0.5069,4.51733,4.43182,0.09055,0.55029,0.0434,0.00377,0.43756,4.07599
249,"Today, The engineers typically",dua_ctx,0.5,1,169,0.50406,0.49296,7.25386,7.13797,0.12366,0.55029,0.05733,0.00658,0.92576,6.32152
249,"Today, The engineers typically",dua_ctx,0.7,1,219,0.70133,0.48121,9.05043,8.92275,0.10789,0.55029,0.06908,0.00956,1.5621,7.47877
249,"Today, The engineers typically",dua_ctx,0.9,1,296,0.90016,0.48825,11.00974,10.87515,0.13321,0.55029,0.06204,0.00771,2.42836,8.57368
249,"Today, The engineers typically",dua_ctx,0.99,1,376,0.99005,0.52976,11.78411,11.64648,0.13008,0.55029,0.02053,0.00085,2.95958,8.82368
249,"Today, The engineers typically",euc_unemb,0.3,1,2,0.98155,0.3716,1.44647,1.45177,0.14679,0.55029,0.17869,0.0656,0.27644,1.10444
249,"Today, The engineers typically",euc_unemb,0.5,1,2,0.98155,0.3716,1.44647,1.45177,0.14679,0.55029,0.17869,0.0656,0.27644,1.10444
249,"Today, The engineers typically",euc_unemb,0.7,1,2,0.98155,0.3716,1.44647,1.45177,0.14679,0.55029,0.17869,0.0656,0.27644,1.10444
249,"Today, The engineers typically",euc_unemb,0.9,1,2,0.98155,0.3716,1.44647,1.45177,0.14679,0.55029,0.17869,0.0656,0.27644,1.10444
249,"Today, The engineers typically",euc_unemb,0.99,1,3,0.99989,0.40893,3.57725,3.55431,0.14819,0.55029,0.14136,0.04046,0.59342,2.94336
249,"Today, The engineers typically",cau_unemb,0.3,1,30,0.33795,0.27694,0.39492,0.40645,0.0317,0.55029,0.27335,0.1643,0.0262,0.20442
249,"Today, The engineers typically",cau_unemb,0.5,1,34,0.51094,0.28184,0.45623,0.46771,0.03076,0.55029,0.26845,0.1577,0.02689,0.27164
249,"Today, The engineers typically",cau_unemb,0.7,1,39,0.71819,0.31554,0.53652,0.54705,0.02388,0.55029,0.23475,0.11715,0.04182,0.37755
249,"Today, The engineers typically",cau_unemb,0.9,1,47,0.91321,0.41218,0.7464,0.75317,0.0897,0.55029,0.13811,0.03859,0.09368,0.61414
249,"Today, The engineers typically",cau_unemb,0.99,1,60,0.99036,0.54319,1.39434,1.39017,0.12137,0.55029,0.0071,0.0001,0.18089,1.21334
249,"Today, The engineers typically",dua_unemb,0.3,1,2,0.36588,0.55003,0.15458,0.15886,0.00399,0.55029,0.00026,0.0,0.01396,0.14061
249,"Today, The engineers typically",dua_unemb,0.5,1,3,0.58406,0.56287,0.31649,0.31894,0.00629,0.55029,0.01258,0.00032,0.03251,0.28366
249,"Today, The engineers typically",dua_unemb,0.7,1,4,0.72081,0.57563,0.52158,0.52034,0.00771,0.55029,0.02534,0.00131,0.04958,0.47069
249,"Today, The engineers typically",dua_unemb,0.9,1,8,0.92215,0.59841,2.13471,2.10721,0.0827,0.55029,0.04812,0.00476,0.09506,2.03489
249,"Today, The engineers typically",dua_unemb,0.99,1,15,0.99429,0.6208,6.9831,6.89155,0.10555,0.55029,0.07051,0.01035,0.16499,6.80776
249,"Today, The engineers typically",euc_dmd,0.3,1,2,0.96621,0.29292,1.38304,1.39016,0.08882,0.55029,0.25737,0.14347,0.16183,1.07775
249,"Today, The engineers typically",euc_dmd,0.5,1,2,0.96621,0.29292,1.38304,1.39016,0.08882,0.55029,0.25737,0.14347,0.16183,1.07775
249,"Today, The engineers typically",euc_dmd,0.7,1,2,0.96621,0.29292,1.38304,1.39016,0.08882,0.55029,0.25737,0.14347,0.16183,1.07775
249,"Today, The engineers typically",euc_dmd,0.9,1,2,0.96621,0.29292,1.38304,1.39016,0.08882,0.55029,0.25737,0.14347,0.16183,1.07775
249,"Today, The engineers typically",euc_dmd,0.99,1,3,0.99959,0.45069,2.86842,2.85457,0.14819,0.55029,0.09961,0.01991,0.34426,2.50424
249,"Today, The engineers typically",cau_dmd,0.3,1,13,0.38946,0.23466,0.67864,0.68962,0.05899,0.55029,0.31564,0.22991,0.07211,0.37662
249,"Today, The engineers typically",cau_dmd,0.5,1,15,0.59063,0.24061,0.78783,0.7981,0.05541,0.55029,0.30968,0.21963,0.06603,0.50217
249,"Today, The engineers typically",cau_dmd,0.7,1,17,0.76306,0.26726,0.91162,0.92035,0.08988,0.55029,0.28303,0.17789,0.08097,0.65276
249,"Today, The engineers typically",cau_dmd,0.9,1,20,0.91299,0.32849,1.17357,1.17836,0.09976,0.55029,0.2218,0.10361,0.13371,0.93625
249,"Today, The engineers typically",cau_dmd,0.99,1,26,0.9904,0.41785,2.0221,2.01436,0.10018,0.55029,0.13244,0.03543,0.25935,1.72733
249,"Today, The engineers typically",dua_dmd,0.3,1,2,0.41276,0.54089,0.18385,0.18909,0.00621,0.55029,0.0094,0.00018,0.01306,0.17061
249,"Today, The engineers typically",dua_dmd,0.5,1,3,0.61479,0.52607,0.40652,0.41151,0.0099,0.55029,0.02423,0.00118,0.03067,0.37467
249,"Today, The engineers typically",dua_dmd,0.7,1,4,0.72146,0.5177,0.66753,0.67019,0.03085,0.55029,0.03259,0.00213,0.04679,0.61861
249,"Today, The engineers typically",dua_dmd,0.9,1,8,0.90602,0.51159,2.43542,2.42192,0.09101,0.55029,0.0387,0.003,0.10985,2.32257
249,"Today, The engineers typically",dua_dmd,0.99,1,15,0.99367,0.52813,6.06096,6.00838,0.09552,0.55029,0.02216,0.00099,0.22236,5.83761
3,"In this case, They sometimes",euc_ctx,0.3,1,5,0.45683,0.13854,0.49217,0.49852,0.08692,0.34456,0.20603,0.13479,0.02374,0.33364
3,"In this case, They sometimes",euc_ctx,0.5,1,6,0.65417,0.14495,0.6068,0.61293,0.08686,0.34456,0.19961,0.12409,0.0256,0.45711
3,"In this case, They sometimes",euc_ctx,0.7,1,7,0.80676,0.16902,0.71058,0.71606,0.08392,0.34456,0.17554,0.08988,0.02554,0.59516
3,"In this case, They sometimes",euc_ctx,0.9,1,8,0.90021,0.20887,0.82359,0.82798,0.07672,0.34456,0.1357,0.04915,0.02576,0.74868
3,"In this case, They sometimes",euc_ctx,0.99,1,12,0.99364,0.44122,1.62044,1.61587,0.02974,0.34456,0.09665,0.01937,0.03617,1.5649
3,"In this case, They sometimes",cau_ctx,0.3,0,,,,,,,,,,,
3,"In this case, They sometimes",cau_ctx,0.5,0,,,,,,,,,,,
3,"In this case, They sometimes",cau_ctx,0.7,0,,,,,,,,,,,
3,"In this case, They sometimes",cau_ctx,0.9,0,,,,,,,,,,,
3,"In this case, They sometimes",cau_ctx,0.99,0,,,,,,,,,,,
3,"In this case, They sometimes",dua_ctx,0.3,1,99,0.30319,0.32797,2.70736,2.66073,0.03037,0.34456,0.0166,0.00062,0.19067,2.51607
3,"In this case, They sometimes",dua_ctx,0.5,1,142,0.50153,0.30697,5.11756,5.03386,0.03556,0.34456,0.03759,0.00325,0.40164,4.71267
3,"In this case, They sometimes",dua_ctx,0.7,1,190,0.702,0.30608,7.39499,7.28794,0.04007,0.34456,0.03849,0.00341,0.68795,6.70363
3,"In this case, They sometimes",dua_ctx,0.9,1,285,0.90082,0.36331,10.38987,10.2633,0.04304,0.34456,0.01875,0.00077,1.26945,9.11965
3,"In this case, They sometimes",dua_ctx,0.99,1,389,0.99016,0.42935,12.525,12.39111,0.0442,0.34456,0.08479,0.01499,1.86443,10.64558
3,"In this case, They sometimes",euc_unemb,0.3,1,1,0.47421,0.12739,0.4436,0.4509,0.08573,0.34456,0.21718,0.15528,0.02885,0.25947
3,"In this case, They sometimes",euc_unemb,0.5,1,2,0.98547,0.27083,1.28598,1.28661,0.07124,0.34456,0.07374,0.01309,0.14274,1.13015
3,"In this case, They sometimes",euc_unemb,0.7,1,2,0.98547,0.27083,1.28598,1.28661,0.07124,0.34456,0.07374,0.01309,0.14274,1.13015
3,"In this case, They sometimes",euc_unemb,0.9,1,2,0.98547,0.27083,1.28598,1.28661,0.07124,0.34456,0.07374,0.01309,0.14274,1.13015
3,"In this case, They sometimes",euc_unemb,0.99,1,3,0.9998,0.37264,3.17246,3.15321,0.07787,0.34456,0.02807,0.0017,0.28538,2.88537
3,"In this case, They sometimes",cau_unemb,0.3,1,22,0.30862,0.1668,0.22934,0.23527,0.07489,0.34456,0.17777,0.09269,0.00939,0.12725
3,"In this case, They sometimes",cau_unemb,0.5,1,27,0.502,0.16483,0.30304,0.30923,0.08079,0.34456,0.17974,0.09524,0.01477,0.19303
3,"In this case, They sometimes",cau_unemb,0.7,1,33,0.72744,0.18876,0.3918,0.39765,0.06498,0.34456,0.15581,0.06758,0.02938,0.29484
3,"In this case, They sometimes",cau_unemb,0.9,1,41,0.90655,0.26192,0.55864,0.56268,0.04871,0.34456,0.08264,0.01666,0.06054,0.48144
3,"In this case, They sometimes",cau_unemb,0.99,1,56,0.99066,0.43696,1.1948,1.19105,0.05893,0.34456,0.09239,0.01774,0.11766,1.0594
3,"In this case, They sometimes",dua_unemb,0.3,1,2,0.51284,0.38483,0.17808,0.1835,0.01536,0.34456,0.04027,0.00347,0.00926,0.16534
3,"In this case, They sometimes",dua_unemb,0.5,1,2,0.51284,0.38483,0.17808,0.1835,0.01536,0.34456,0.04027,0.00347,0.00926,0.16534
3,"In this case, They sometimes",dua_unemb,0.7,1,3,0.74127,0.41012,0.3592,0.36303,0.01676,0.34456,0.06556,0.00906,0.02138,0.32876
3,"In this case, They sometimes",dua_unemb,0.9,1,5,0.93867,0.4439,0.93812,0.93399,0.02392,0.34456,0.09934,0.02044,0.04181,0.87587
3,"In this case, They sometimes",dua_unemb,0.99,1,7,0.99273,0.45908,1.93949,1.92268,0.04239,0.34456,0.11451,0.02699,0.05174,1.86075
3,"In this case, They sometimes",euc_dmd,0.3,1,1,0.46388,0.0977,0.58172,0.58634,0.08981,0.34456,0.24687,0.22478,0.0287,0.32824
3,"In this case, They sometimes",euc_dmd,0.5,1,2,0.981,0.18478,1.30688,1.30488,0.0791,0.34456,0.15978,0.07171,0.11752,1.11765
3,"In this case, They sometimes",euc_dmd,0.7,1,2,0.981,0.18478,1.30688,1.30488,0.0791,0.34456,0.15978,0.07171,0.11752,1.11765
3,"In this case, They sometimes",euc_dmd,0.9,1,2,0.981,0.18478,1.30688,1.30488,0.0791,0.34456,0.15978,0.07171,0.11752,1.11765
3,"In this case, They sometimes",euc_dmd,0.99,1,3,0.99958,0.36359,2.53895,2.52251,0.07824,0.34456,0.01903,0.00079,0.21393,2.32423
3,"In this case, They sometimes",cau_dmd,0.3,1,9,0.33361,0.12868,0.40404,0.40855,0.08735,0.34456,0.21588,0.15277,0.02761,0.22366
3,"In this case, They sometimes",cau_dmd,0.5,1,11,0.52478,0.1221,0.5236,0.52778,0.08417,0.34456,0.22246,0.16592,0.03336,0.32431
3,"In this case, They sometimes",cau_dmd,0.7,1,13,0.70585,0.13019,0.63919,0.6426,0.07865,0.34456,0.21438,0.14989,0.04659,0.44271
3,"In this case, They sometimes",cau_dmd,0.9,1,17,0.91538,0.18194,0.91214,0.91264,0.07132,0.34456,0.16263,0.07477,0.09646,0.74091
3,"In this case, They sometimes",cau_dmd,0.99,1,24,0.9924,0.30974,1.71915,1.71003,0.06182,0.34456,0.03483,0.00278,0.197,1.51937
3,"In this case, They sometimes",dua_dmd,0.3,1,2,0.6242,0.39317,0.22096,0.22597,0.0143,0.34456,0.04861,0.00503,0.00848,0.20745
3,"In this case, They sometimes",dua_dmd,0.5,1,2,0.6242,0.39317,0.22096,0.22597,0.0143,0.34456,0.04861,0.00503,0.00848,0.20745
3,"In this case, They sometimes",dua_dmd,0.7,1,3,0.83487,0.40013,0.45714,0.46084,0.01767,0.34456,0.05556,0.00655,0.01838,0.43222
3,"In this case, They sometimes",dua_dmd,0.9,1,4,0.92952,0.40348,0.76368,0.76507,0.02295,0.34456,0.05892,0.00735,0.02763,0.7287
3,"In this case, They sometimes",dua_dmd,0.99,1,7,0.99494,0.41773,2.3939,2.38544,0.02518,0.34456,0.07317,0.01123,0.04754,2.33513
280,"Over time, People now",euc_ctx,0.3,1,2,0.30295,0.50288,0.07608,0.08087,0.00634,0.55741,0.05453,0.00596,0.00471,0.06541
280,"Over time, People now",euc_ctx,0.5,1,3,0.51176,0.4993,0.16972,0.17517,0.01003,0.55741,0.05811,0.00677,0.01069,0.15226
280,"Over time, People now",euc_ctx,0.7,1,4,0.71581,0.5219,0.29727,0.30199,0.01619,0.55741,0.03551,0.00253,0.01772,0.27701
280,"Over time, People now",euc_ctx,0.9,1,6,0.93469,0.60759,0.66712,0.66694,0.01766,0.55741,0.05018,0.00521,0.02898,0.63293
280,"Over time, People now",euc_ctx,0.99,1,9,0.99451,0.70189,1.45623,1.44435,0.01895,0.55741,0.14449,0.04644,0.04163,1.36817
280,"Over time, People now",cau_ctx,0.3,0,,,,,,,,,,,
280,"Over time, People now",cau_ctx,0.5,0,,,,,,,,,,,
280,"Over time, People now",cau_ctx,0.7,0,,,,,,,,,,,
280,"Over time, People now",cau_ctx,0.9,0,,,,,,,,,,,
280,"Over time, People now",cau_ctx,0.99,0,,,,,,,,,,,
280,"Over time, People now",dua_ctx,0.3,1,121,0.30281,0.51521,3.45051,3.36654,0.01988,0.55741,0.0422,0.00358,0.24726,3.19968
280,"Over time, People now",dua_ctx,0.5,1,186,0.50069,0.48255,6.51476,6.3986,0.03311,0.55741,0.07486,0.01122,0.66188,5.84165
280,"Over time, People now",dua_ctx,0.7,1,245,0.70185,0.46658,8.43589,8.3096,0.03815,0.55741,0.09082,0.01653,1.20488,7.21448
280,"Over time, People now",dua_ctx,0.9,1,307,0.90057,0.45402,9.91902,9.78872,0.04836,0.55741,0.10339,0.02144,1.8064,8.09117
280,"Over time, People now",dua_ctx,0.99,1,391,0.99008,0.49529,10.84306,10.71036,0.0518,0.55741,0.06212,0.00773,2.38914,8.44618
280,"Over time, People now",euc_unemb,0.3,1,1,0.84484,0.51134,0.40849,0.41134,0.08536,0.55741,0.04606,0.00426,0.06213,0.3421
280,"Over time, People now",euc_unemb,0.5,1,1,0.84484,0.51134,0.40849,0.41134,0.08536,0.55741,0.04606,0.00426,0.06213,0.3421
280,"Over time, People now",euc_unemb,0.7,1,1,0.84484,0.51134,0.40849,0.41134,0.08536,0.55741,0.04606,0.00426,0.06213,0.3421
280,"Over time, People now",euc_unemb,0.9,1,2,0.99762,0.55539,1.88777,1.86967,0.12552,0.55741,0.00202,1e-05,0.23496,1.6528
280,"Over time, People now",euc_unemb,0.99,1,2,0.99762,0.55539,1.88777,1.86967,0.12552,0.55741,0.00202,1e-05,0.23496,1.6528
280,"Over time, People now",cau_unemb,0.3,1,11,0.31646,0.48858,0.05125,0.05497,0.01096,0.55741,0.06882,0.00949,0.00435,0.03741
280,"Over time, People now",cau_unemb,0.5,1,16,0.51517,0.49134,0.10504,0.10901,0.01302,0.55741,0.06607,0.00874,0.00952,0.08678
280,"Over time, People now",cau_unemb,0.7,1,21,0.70883,0.52093,0.18489,0.18793,0.01592,0.55741,0.03648,0.00267,0.01796,0.16425
280,"Over time, People now",cau_unemb,0.9,1,29,0.90126,0.59552,0.40082,0.40001,0.02237,0.55741,0.03812,0.00299,0.03809,0.35974
280,"Over time, People now",cau_unemb,0.99,1,44,0.9907,0.68804,1.08172,1.06896,0.02362,0.55741,0.13064,0.03745,0.08182,0.96246
280,"Over time, People now",dua_unemb,0.3,1,2,0.43007,0.55598,0.14504,0.14689,0.00493,0.55741,0.00142,0.0,0.01741,0.12763
280,"Over time, People now",dua_unemb,0.5,1,3,0.57109,0.56295,0.27969,0.27863,0.00678,0.55741,0.00554,6e-05,0.03211,0.24752
280,"Over time, People now",dua_unemb,0.7,1,5,0.72204,0.57424,0.66443,0.65333,0.00872,0.55741,0.01683,0.00058,0.05732,0.60653
280,"Over time, People now",dua_unemb,0.9,1,11,0.90341,0.58076,2.82165,2.76003,0.02447,0.55741,0.02335,0.00111,0.11498,2.70555
280,"Over time, People now",dua_unemb,0.99,1,17,0.9928,0.58503,5.59948,5.49116,0.03778,0.55741,0.02763,0.00156,0.16472,5.4332
280,"Over time, People now",euc_dmd,0.3,1,1,0.85014,0.49823,0.37772,0.38181,0.0293,0.55741,0.05918,0.00702,0.04148,0.32921
280,"Over time, People now",euc_dmd,0.5,1,1,0.85014,0.49823,0.37772,0.38181,0.0293,0.55741,0.05918,0.00702,0.04148,0.32921
280,"Over time, People now",euc_dmd,0.7,1,1,0.85014,0.49823,0.37772,0.38181,0.0293,0.55741,0.05918,0.00702,0.04148,0.32921
280,"Over time, People now",euc_dmd,0.9,1,2,0.99744,0.60457,1.56779,1.5547,0.03243,0.55741,0.04716,0.0046,0.12403,1.43916
280,"Over time, People now",euc_dmd,0.99,1,2,0.99744,0.60457,1.56779,1.5547,0.03243,0.55741,0.04716,0.0046,0.12403,1.43916
280,"Over time, People now",cau_dmd,0.3,1,4,0.30319,0.46575,0.06884,0.07338,0.00615,0.55741,0.09166,0.01683,0.00951,0.04249
280,"Over time, People now",cau_dmd,0.5,1,6,0.50928,0.45696,0.13727,0.14252,0.01415,0.55741,0.10044,0.02023,0.0181,0.09894
280,"Over time, People now",cau_dmd,0.7,1,8,0.70981,0.48063,0.22554,0.23027,0.0315,0.55741,0.07678,0.01181,0.03166,0.18207
280,"Over time, People now",cau_dmd,0.9,1,12,0.92886,0.57908,0.51447,0.51497,0.03717,0.55741,0.02167,0.00096,0.07687,0.43664
280,"Over time, People now",cau_dmd,0.99,1,18,0.99312,0.68729,1.22867,1.21815,0.0466,0.55741,0.12989,0.03699,0.15802,1.03366
280,"Over time, People now",dua_dmd,0.3,1,1,0.33749,0.55513,0.07242,0.0753,0.00618,0.55741,0.00228,1e-05,0.01113,0.06127
280,"Over time, People now",dua_dmd,0.5,1,2,0.60678,0.53624,0.25876,0.26252,0.01436,0.55741,0.02117,0.0009,0.03844,0.21942
280,"Over time, People now",dua_dmd,0.7,1,3,0.79319,0.52495,0.51214,0.5141,0.0192,0.55741,0.03246,0.00212,0.06787,0.44216
280,"Over time, People now",dua_dmd,0.9,1,5,0.94879,0.52031,1.19951,1.1933,0.04334,0.55741,0.03709,0.00276,0.11099,1.08576
280,"Over time, People now",dua_dmd,0.99,1,7,0.99147,0.5234,2.17813,2.1611,0.04716,0.55741,0.034,0.00232,0.1352,2.04061
13,"At home, You really",euc_ctx,0.3,1,7,0.4674,0.09931,1.0326,1.03568,0.26295,0.47844,0.37913,0.46729,0.0936,0.47171
13,"At home, You really",euc_ctx,0.5,1,8,0.68393,0.10944,1.11891,1.12062,0.26274,0.47844,0.369,0.42673,0.10487,0.58731
13,"At home, You really",euc_ctx,0.7,1,9,0.83904,0.13819,1.16106,1.16098,0.23038,0.47844,0.34025,0.33223,0.11517,0.71366
13,"At home, You really",euc_ctx,0.9,1,10,0.9245,0.1854,1.1993,1.19694,0.21737,0.47844,0.29304,0.22101,0.12509,0.8532
13,"At home, You really",euc_ctx,0.99,1,13,0.99269,0.39529,1.55961,1.54685,0.24709,0.47844,0.08315,0.01419,0.1553,1.39012
13,"At home, You really",cau_ctx,0.3,0,,,,,,,,,,,
13,"At home, You really",cau_ctx,0.5,0,,,,,,,,,,,
13,"At home, You really",cau_ctx,0.7,0,,,,,,,,,,,
13,"At home, You really",cau_ctx,0.9,0,,,,,,,,,,,
13,"At home, You really",cau_ctx,0.99,0,,,,,,,,,,,
13,"At home, You really",dua_ctx,0.3,1,96,0.30038,0.43465,1.57034,1.47394,0.06119,0.47844,0.04379,0.00388,0.18255,1.38392
13,"At home, You really",dua_ctx,0.5,1,143,0.50007,0.42566,2.8738,2.74878,0.06338,0.47844,0.05279,0.00565,0.38989,2.47827
13,"At home, You really",dua_ctx,0.7,1,193,0.70033,0.43021,4.26059,4.1252,0.06851,0.47844,0.04823,0.00471,0.66434,3.59154
13,"At home, You really",dua_ctx,0.9,1,320,0.90041,0.48676,7.11514,6.97329,0.22188,0.47844,0.00831,0.00014,1.3056,5.8094
13,"At home, You really",dua_ctx,0.99,1,383,0.99103,0.51144,10.49782,10.35491,0.2249,0.47844,0.033,0.00218,1.54225,8.95339
13,"At home, You really",euc_unemb,0.3,1,2,0.90967,0.11019,1.60994,1.60819,0.22295,0.47844,0.36825,0.4239,0.23193,0.95411
13,"At home, You really",euc_unemb,0.5,1,2,0.90967,0.11019,1.60994,1.60819,0.22295,0.47844,0.36825,0.4239,0.23193,0.95411
13,"At home, You really",euc_unemb,0.7,1,2,0.90967,0.11019,1.60994,1.60819,0.22295,0.47844,0.36825,0.4239,0.23193,0.95411
13,"At home, You really",euc_unemb,0.9,1,2,0.90967,0.11019,1.60994,1.60819,0.22295,0.47844,0.36825,0.4239,0.23193,0.95411
13,"At home, You really",euc_unemb,0.99,1,3,0.99919,0.34796,2.70371,2.68252,0.21499,0.47844,0.13048,0.0359,0.5686,2.0992
13,"At home, You really",cau_unemb,0.3,1,34,0.31398,0.09484,0.9075,0.90896,0.24986,0.47844,0.3836,0.48675,0.04157,0.37919
13,"At home, You really",cau_unemb,0.5,1,39,0.5246,0.08909,1.0416,1.0416,0.25731,0.47844,0.38936,0.5134,0.04514,0.48307
13,"At home, You really",cau_unemb,0.7,1,44,0.72593,0.09746,1.1389,1.13706,0.25709,0.47844,0.38098,0.47523,0.06456,0.59911
13,"At home, You really",cau_unemb,0.9,1,52,0.91421,0.13776,1.26625,1.26053,0.25202,0.47844,0.34068,0.33347,0.1159,0.81687
13,"At home, You really",cau_unemb,0.99,1,65,0.9901,0.24466,1.60853,1.59356,0.22726,0.47844,0.23378,0.12771,0.18576,1.29507
13,"At home, You really",dua_unemb,0.3,1,3,0.33414,0.48214,0.16618,0.16377,0.00423,0.47844,0.0037,3e-05,0.0317,0.13445
13,"At home, You really",dua_unemb,0.5,1,6,0.5317,0.48747,0.53534,0.50394,0.01306,0.47844,0.00903,0.00016,0.06423,0.47094
13,"At home, You really",dua_unemb,0.7,1,11,0.71176,0.49174,1.54195,1.45231,0.0306,0.47844,0.0133,0.00035,0.10269,1.43891
13,"At home, You really",dua_unemb,0.9,1,23,0.90066,0.51285,3.75747,3.61821,0.17547,0.47844,0.03441,0.00237,0.22213,3.53297
13,"At home, You really",dua_unemb,0.99,1,36,0.99246,0.53554,7.23094,7.08713,0.18617,0.47844,0.0571,0.00653,0.37906,6.84535
13,"At home, You really",euc_dmd,0.3,1,2,0.90963,0.05784,1.9604,1.95739,0.24212,0.47844,0.4206,0.70246,0.19508,1.06286
13,"At home, You really",euc_dmd,0.5,1,2,0.90963,0.05784,1.9604,1.95739,0.24212,0.47844,0.4206,0.70246,0.19508,1.06286
13,"At home, You really",euc_dmd,0.7,1,2,0.90963,0.05784,1.9604,1.95739,0.24212,0.47844,0.4206,0.70246,0.19508,1.06286
13,"At home, You really",euc_dmd,0.9,1,2,0.90963,0.05784,1.9604,1.95739,0.24212,0.47844,0.4206,0.70246,0.19508,1.06286
13,"At home, You really",euc_dmd,0.99,1,3,0.99847,0.17886,2.69123,2.67336,0.23009,0.47844,0.29958,0.23403,0.39157,2.06562
13,"At home, You really",cau_dmd,0.3,1,13,0.38387,0.06182,1.38416,1.38782,0.26008,0.47844,0.41662,0.67282,0.15558,0.55576
13,"At home, You really",cau_dmd,0.5,1,15,0.6025,0.05818,1.60193,1.60386,0.25574,0.47844,0.42026,0.69983,0.18611,0.71599
13,"At home, You really",cau_dmd,0.7,1,16,0.7005,0.05963,1.69915,1.69999,0.22782,0.47844,0.41881,0.68884,0.20479,0.80551
13,"At home, You really",cau_dmd,0.9,1,20,0.92546,0.07799,2.10489,2.09975,0.2138,0.47844,0.40045,0.5707,0.29133,1.24286
13,"At home, You really",cau_dmd,0.99,1,26,0.99231,0.1026,3.04197,3.02282,0.20156,0.47844,0.37584,0.4536,0.4252,2.16317
13,"At home, You really",dua_dmd,0.3,1,3,0.40932,0.4656,0.19928,0.1976,0.02033,0.47844,0.01284,0.00033,0.0345,0.16445
13,"At home, You really",dua_dmd,0.5,1,4,0.52168,0.4597,0.3223,0.31351,0.01881,0.47844,0.01874,0.00071,0.05186,0.26973
13,"At home, You really",dua_dmd,0.7,1,7,0.71584,0.44824,0.86059,0.82215,0.05688,0.47844,0.0302,0.00184,0.08976,0.76899
13,"At home, You really",dua_dmd,0.9,1,16,0.90425,0.43852,3.40964,3.30993,0.13608,0.47844,0.03992,0.00322,0.19618,3.21024
13,"At home, You really",dua_dmd,0.99,1,24,0.99006,0.44669,5.74405,5.62079,0.14983,0.47844,0.03175,0.00203,0.31341,5.42861
270,"Lately, These kids",euc_ctx,0.3,1,6,0.3365,0.16382,0.68061,0.69014,0.32878,0.39845,0.23463,0.15603,0.02858,0.496
270,"Lately, These kids",euc_ctx,0.5,1,7,0.53495,0.15895,0.86492,0.87416,0.32904,0.39845,0.2395,0.16456,0.03764,0.66271
270,"Lately, These kids",euc_ctx,0.7,1,8,0.7214,0.17298,1.0315,1.03994,0.42839,0.39845,0.22547,0.14098,0.0442,0.84633
270,"Lately, These kids",euc_ctx,0.9,1,10,0.92723,0.25179,1.36243,1.36782,0.46985,0.39845,0.14666,0.05164,0.05078,1.26001
270,"Lately, These kids",euc_ctx,0.99,1,13,0.99209,0.43457,2.0652,2.0627,0.48417,0.39845,0.03612,0.00267,0.05945,2.00307
270,"Lately, These kids",cau_ctx,0.3,0,,,,,,,,,,,
270,"Lately, These kids",cau_ctx,0.5,0,,,,,,,,,,,
270,"Lately, These kids",cau_ctx,0.7,0,,,,,,,,,,,
270,"Lately, These kids",cau_ctx,0.9,0,,,,,,,,,,,
270,"Lately, These kids",cau_ctx,0.99,0,,,,,,,,,,,
270,"Lately, These kids",dua_ctx,0.3,1,109,0.30185,0.38345,1.08327,0.99266,0.31804,0.39845,0.015,0.00047,0.12294,0.95985
270,"Lately, These kids",dua_ctx,0.5,1,183,0.50109,0.39054,2.29423,2.16856,0.32114,0.39845,0.00791,0.00013,0.2943,1.9998
270,"Lately, These kids",dua_ctx,0.7,1,260,0.70237,0.40461,3.59766,3.46316,0.32212,0.39845,0.00616,8e-05,0.56147,3.03611
270,"Lately, These kids",dua_ctx,0.9,1,343,0.90138,0.41794,4.72589,4.58847,0.3222,0.39845,0.01949,0.00078,0.94124,3.78387
270,"Lately, These kids",dua_ctx,0.99,1,393,0.9902,0.42588,5.28212,5.14397,0.32249,0.39845,0.02743,0.00155,1.19607,4.0845
270,"Lately, These kids",euc_unemb,0.3,1,2,0.88349,0.24223,1.09383,1.10578,0.01992,0.39845,0.15622,0.05942,0.28588,0.74852
270,"Lately, These kids",euc_unemb,0.5,1,2,0.88349,0.24223,1.09383,1.10578,0.01992,0.39845,0.15622,0.05942,0.28588,0.74852
270,"Lately, These kids",euc_unemb,0.7,1,2,0.88349,0.24223,1.09383,1.10578,0.01992,0.39845,0.15622,0.05942,0.28588,0.74852
270,"Lately, These kids",euc_unemb,0.9,1,3,0.9971,0.5219,2.59007,2.58805,0.40264,0.39845,0.12345,0.03063,0.58144,1.978
270,"Lately, These kids",euc_unemb,0.99,1,3,0.9971,0.5219,2.59007,2.58805,0.40264,0.39845,0.12345,0.03063,0.58144,1.978
270,"Lately, These kids",cau_unemb,0.3,1,31,0.31174,0.16586,0.36194,0.37044,0.01857,0.39845,0.23259,0.15257,0.0322,0.17717
270,"Lately, These kids",cau_unemb,0.5,1,37,0.53338,0.16744,0.45868,0.46716,0.02079,0.39845,0.23101,0.14994,0.03613,0.27261
270,"Lately, These kids",cau_unemb,0.7,1,42,0.71046,0.18654,0.53284,0.54069,0.06791,0.39845,0.21191,0.12086,0.03555,0.37644
270,"Lately, These kids",cau_unemb,0.9,1,51,0.90498,0.2543,0.7165,0.72158,0.23891,0.39845,0.14415,0.04971,0.03367,0.63311
270,"Lately, These kids",cau_unemb,0.99,1,67,0.99006,0.38793,1.38876,1.38419,0.31217,0.39845,0.01052,0.00023,0.03841,1.35012
270,"Lately, These kids",dua_unemb,0.3,1,4,0.3537,0.41976,0.16076,0.15336,0.00433,0.39845,0.02131,0.00094,0.02604,0.13378
270,"Lately, These kids",dua_unemb,0.5,1,8,0.51173,0.43109,0.47554,0.43393,0.00636,0.39845,0.03264,0.00219,0.04555,0.4278
270,"Lately, These kids",dua_unemb,0.7,1,15,0.70815,0.44403,1.17349,1.07507,0.01069,0.39845,0.04558,0.00424,0.07883,1.09041
270,"Lately, These kids",dua_unemb,0.9,1,25,0.91698,0.45983,2.36065,2.22947,0.01443,0.39845,0.06138,0.00766,0.13425,2.21874
270,"Lately, These kids",dua_unemb,0.99,1,30,0.99103,0.46665,3.16337,3.02782,0.01494,0.39845,0.0682,0.00943,0.16402,2.98993
270,"Lately, These kids",euc_dmd,0.3,1,2,0.90185,0.16334,1.30309,1.31239,0.42716,0.39845,0.2351,0.15685,0.11886,1.02737
270,"Lately, These kids",euc_dmd,0.5,1,2,0.90185,0.16334,1.30309,1.31239,0.42716,0.39845,0.2351,0.15685,0.11886,1.02737
270,"Lately, These kids",euc_dmd,0.7,1,2,0.90185,0.16334,1.30309,1.31239,0.42716,0.39845,0.2351,0.15685,0.11886,1.02737
270,"Lately, These kids",euc_dmd,0.9,1,2,0.90185,0.16334,1.30309,1.31239,0.42716,0.39845,0.2351,0.15685,0.11886,1.02737
270,"Lately, These kids",euc_dmd,0.99,1,3,0.997,0.35352,2.44444,2.44252,0.48965,0.39845,0.04493,0.00434,0.1973,2.2428
270,"Lately, These kids",cau_dmd,0.3,1,11,0.32779,0.13634,0.73332,0.74385,0.02323,0.39845,0.2621,0.20974,0.05355,0.47003
270,"Lately, These kids",cau_dmd,0.5,1,13,0.53298,0.12802,0.93318,0.94337,0.24227,0.39845,0.27043,0.22907,0.04738,0.65672
270,"Lately, These kids",cau_dmd,0.7,1,15,0.72325,0.13512,1.11938,1.12859,0.2985,0.39845,0.26333,0.21247,0.03441,0.8725
270,"Lately, These kids",cau_dmd,0.9,1,19,0.92758,0.18007,1.54794,1.55328,0.32651,0.39845,0.21838,0.13015,0.02263,1.39516
270,"Lately, These kids",cau_dmd,0.99,1,25,0.99163,0.25351,2.49847,2.49395,0.34405,0.39845,0.14494,0.05031,0.03254,2.41562
270,"Lately, These kids",dua_dmd,0.3,1,3,0.36297,0.40604,0.12056,0.11901,0.00308,0.39845,0.00759,0.00012,0.01822,0.10222
270,"Lately, These kids",dua_dmd,0.5,1,5,0.50437,0.40855,0.25867,0.24455,0.00473,0.39845,0.01011,0.00021,0.03084,0.22762
270,"Lately, These kids",dua_dmd,0.7,1,10,0.73338,0.41345,0.69737,0.64356,0.00741,0.39845,0.015,0.00047,0.05696,0.63995
270,"Lately, These kids",dua_dmd,0.9,1,15,0.90848,0.42002,1.15997,1.07318,0.00977,0.39845,0.02157,0.00096,0.08602,1.07299
270,"Lately, These kids",dua_dmd,0.99,1,19,0.99455,0.43213,1.54483,1.44008,0.31581,0.39845,0.03368,0.00233,0.11114,1.43136
126,"Today, Many people generally",euc_ctx,0.3,1,6,0.31972,0.17899,0.96251,0.9747,0.11461,0.53896,0.35997,0.32806,0.07134,0.5631
126,"Today, Many people generally",euc_ctx,0.5,1,7,0.56557,0.17382,1.17333,1.18481,0.126,0.53896,0.36514,0.34096,0.08985,0.74252
126,"Today, Many people generally",euc_ctx,0.7,1,8,0.77959,0.201,1.31744,1.32743,0.15129,0.53896,0.33797,0.27809,0.10035,0.93901
126,"Today, Many people generally",euc_ctx,0.9,1,9,0.90374,0.25619,1.43894,1.44666,0.14186,0.53896,0.28277,0.18032,0.10492,1.15369
126,"Today, Many people generally",euc_ctx,0.99,1,12,0.99329,0.48293,2.06177,2.05817,0.13101,0.53896,0.05603,0.00628,0.11735,1.93813
126,"Today, Many people generally",cau_ctx,0.3,0,,,,,,,,,,,
126,"Today, Many people generally",cau_ctx,0.5,0,,,,,,,,,,,
126,"Today, Many people generally",cau_ctx,0.7,0,,,,,,,,,,,
126,"Today, Many people generally",cau_ctx,0.9,0,,,,,,,,,,,
126,"Today, Many people generally",cau_ctx,0.99,0,,,,,,,,,,,
126,"Today, Many people generally",dua_ctx,0.3,1,134,0.30154,0.47751,5.20306,5.09524,0.105,0.53896,0.06145,0.00756,0.50971,4.68578
126,"Today, Many people generally",dua_ctx,0.5,1,185,0.50294,0.45972,7.51087,7.38368,0.12222,0.53896,0.07925,0.01259,0.93463,6.56365
126,"Today, Many people generally",dua_ctx,0.7,1,234,0.70054,0.4539,8.81878,8.68455,0.12326,0.53896,0.08507,0.01451,1.40545,7.39881
126,"Today, Many people generally",dua_ctx,0.9,1,289,0.90007,0.45507,9.74015,9.60217,0.12853,0.53896,0.08389,0.01411,1.88853,7.8375
126,"Today, Many people generally",dua_ctx,0.99,1,355,0.99023,0.49547,11.69789,11.55746,0.13301,0.53896,0.04349,0.00379,2.33636,9.35774
126,"Today, Many people generally",euc_unemb,0.3,1,2,0.96324,0.33959,1.3335,1.33746,0.07891,0.53896,0.19937,0.08326,0.19318,1.05706
126,"Today, Many people generally",euc_unemb,0.5,1,2,0.96324,0.33959,1.3335,1.33746,0.07891,0.53896,0.19937,0.08326,0.19318,1.05706
126,"Today, Many people generally",euc_unemb,0.7,1,2,0.96324,0.33959,1.3335,1.33746,0.07891,0.53896,0.19937,0.08326,0.19318,1.05706
126,"Today, Many people generally",euc_unemb,0.9,1,2,0.96324,0.33959,1.3335,1.33746,0.07891,0.53896,0.19937,0.08326,0.19318,1.05706
126,"Today, Many people generally",euc_unemb,0.99,1,3,0.99981,0.49503,3.30567,3.27923,0.07713,0.53896,0.04393,0.00386,0.42911,2.87269
126,"Today, Many people generally",cau_unemb,0.3,1,32,0.32276,0.21147,0.57877,0.59015,0.12302,0.53896,0.32749,0.25679,0.0351,0.28687
126,"Today, Many people generally",cau_unemb,0.5,1,36,0.51151,0.21273,0.66255,0.67362,0.12245,0.53896,0.32623,0.25434,0.03719,0.37103
126,"Today, Many people generally",cau_unemb,0.7,1,41,0.73615,0.24377,0.74266,0.75249,0.12234,0.53896,0.29519,0.19946,0.04537,0.49783
126,"Today, Many people generally",cau_unemb,0.9,1,48,0.91605,0.33168,0.88094,0.88726,0.10016,0.53896,0.20728,0.09048,0.06399,0.72648
126,"Today, Many people generally",cau_unemb,0.99,1,60,0.991,0.49017,1.39448,1.39033,0.09491,0.53896,0.04879,0.00476,0.09374,1.29597
126,"Today, Many people generally",dua_unemb,0.3,1,3,0.46026,0.54467,0.25562,0.25566,0.01276,0.53896,0.00571,7e-05,0.03847,0.21709
126,"Today, Many people generally",dua_unemb,0.5,1,4,0.57949,0.55229,0.42413,0.41825,0.01371,0.53896,0.01333,0.00036,0.05804,0.36574
126,"Today, Many people generally",dua_unemb,0.7,1,6,0.70567,0.56096,0.88957,0.86683,0.0183,0.53896,0.022,0.00098,0.088,0.80059
126,"Today, Many people generally",dua_unemb,0.9,1,14,0.90718,0.57097,4.14386,4.03892,0.11437,0.53896,0.03201,0.00208,0.19107,3.95072
126,"Today, Many people generally",dua_unemb,0.99,1,21,0.99467,0.57741,6.93739,6.80393,0.13948,0.53896,0.03844,0.00301,0.29553,6.63885
126,"Today, Many people generally",euc_dmd,0.3,1,2,0.96199,0.19234,1.62847,1.63479,0.1218,0.53896,0.34662,0.29684,0.10769,1.22394
126,"Today, Many people generally",euc_dmd,0.5,1,2,0.96199,0.19234,1.62847,1.63479,0.1218,0.53896,0.34662,0.29684,0.10769,1.22394
126,"Today, Many people generally",euc_dmd,0.7,1,2,0.96199,0.19234,1.62847,1.63479,0.1218,0.53896,0.34662,0.29684,0.10769,1.22394
126,"Today, Many people generally",euc_dmd,0.9,1,2,0.96199,0.19234,1.62847,1.63479,0.1218,0.53896,0.34662,0.29684,0.10769,1.22394
126,"Today, Many people generally",euc_dmd,0.99,1,3,0.99971,0.41383,2.89969,2.88531,0.0622,0.53896,0.12513,0.03168,0.2091,2.65891
126,"Today, Many people generally",cau_dmd,0.3,1,13,0.40053,0.13499,1.10436,1.11684,0.15384,0.53896,0.40397,0.45604,0.10691,0.54141
126,"Today, Many people generally",cau_dmd,0.5,1,14,0.52033,0.13245,1.20354,1.21565,0.14764,0.53896,0.40651,0.46494,0.11483,0.62377
126,"Today, Many people generally",cau_dmd,0.7,1,16,0.7377,0.1432,1.3758,1.38654,0.14649,0.53896,0.39577,0.42864,0.13924,0.80792
126,"Today, Many people generally",cau_dmd,0.9,1,19,0.9184,0.1871,1.63878,1.6459,0.13028,0.53896,0.35186,0.30875,0.18805,1.14198
126,"Today, Many people generally",cau_dmd,0.99,1,24,0.99028,0.2629,2.31925,2.31623,0.12683,0.53896,0.27606,0.17057,0.26657,1.88211
126,"Today, Many people generally",dua_dmd,0.3,1,2,0.35192,0.53958,0.159,0.16315,0.07425,0.53896,0.00062,0.0,0.02598,0.13302
126,"Today, Many people generally",dua_dmd,0.5,1,3,0.60963,0.52618,0.40864,0.41208,0.08133,0.53896,0.01279,0.00033,0.06586,0.34245
126,"Today, Many people generally",dua_dmd,0.7,1,4,0.75397,0.51914,0.71883,0.71835,0.08583,0.53896,0.01982,0.00079,0.10022,0.61782
126,"Today, Many people generally",dua_dmd,0.9,1,7,0.90142,0.51589,2.00706,1.98607,0.13313,0.53896,0.02307,0.00107,0.17221,1.83378
126,"Today, Many people generally",dua_dmd,0.99,1,12,0.99729,0.51819,5.6423,5.57837,0.1316,0.53896,0.02077,0.00086,0.27181,5.36962
12,"Lately, You never",euc_ctx,0.3,1,6,0.46866,0.09113,0.73942,0.73922,0.24656,0.45308,0.36195,0.44886,0.09057,0.19999
12,"Lately, You never",euc_ctx,0.5,1,7,0.68462,0.09851,0.80663,0.80504,0.24699,0.45308,0.35457,0.41805,0.13195,0.25663
12,"Lately, You never",euc_ctx,0.7,1,8,0.83854,0.12343,0.81492,0.81165,0.24512,0.45308,0.32965,0.3312,0.16462,0.31911
12,"Lately, You never",euc_ctx,0.9,1,9,0.92327,0.16647,0.7953,0.78998,0.2387,0.45308,0.28661,0.2232,0.1835,0.3886
12,"Lately, You never",euc_ctx,0.99,1,12,0.9919,0.38927,0.87838,0.86415,0.22186,0.45308,0.06381,0.00842,0.2077,0.66226
12,"Lately, You never",cau_ctx,0.3,0,,,,,,,,,,,
12,"Lately, You never",cau_ctx,0.5,0,,,,,,,,,,,
12,"Lately, You never",cau_ctx,0.7,0,,,,,,,,,,,
12,"Lately, You never",cau_ctx,0.9,0,,,,,,,,,,,
12,"Lately, You never",cau_ctx,0.99,0,,,,,,,,,,,
12,"Lately, You never",dua_ctx,0.3,1,80,0.30078,0.41659,1.08545,1.00919,0.01642,0.45308,0.03649,0.00272,0.14488,0.93785
12,"Lately, You never",dua_ctx,0.5,1,134,0.50195,0.40842,2.29538,2.17597,0.03189,0.45308,0.04466,0.00409,0.35343,1.93787
12,"Lately, You never",dua_ctx,0.7,1,199,0.70233,0.42777,4.08517,3.94885,0.05309,0.45308,0.02531,0.0013,0.67357,3.4103
12,"Lately, You never",dua_ctx,0.9,1,277,0.90053,0.45528,5.8297,5.6881,0.06093,0.45308,0.0022,1e-05,1.05004,4.77965
12,"Lately, You never",dua_ctx,0.99,1,325,0.99044,0.47473,6.57804,6.4352,0.17116,0.45308,0.02165,0.00094,1.27405,5.30305
12,"Lately, You never",euc_unemb,0.3,1,2,0.97658,0.23188,1.00363,0.99825,0.17514,0.45308,0.2212,0.11774,0.17556,0.71034
12,"Lately, You never",euc_unemb,0.5,1,2,0.97658,0.23188,1.00363,0.99825,0.17514,0.45308,0.2212,0.11774,0.17556,0.71034
12,"Lately, You never",euc_unemb,0.7,1,2,0.97658,0.23188,1.00363,0.99825,0.17514,0.45308,0.2212,0.11774,0.17556,0.71034
12,"Lately, You never",euc_unemb,0.9,1,2,0.97658,0.23188,1.00363,0.99825,0.17514,0.45308,0.2212,0.11774,0.17556,0.71034
12,"Lately, You never",euc_unemb,0.99,1,3,0.99981,0.56981,2.08324,2.05537,0.0602,0.45308,0.11673,0.02744,0.31554,1.74026
12,"Lately, You never",cau_unemb,0.3,1,27,0.31856,0.12517,0.49383,0.49696,0.1951,0.45308,0.32791,0.32593,0.03209,0.13581
12,"Lately, You never",cau_unemb,0.5,1,32,0.54494,0.12242,0.58233,0.58473,0.21838,0.45308,0.33066,0.33428,0.06137,0.18668
12,"Lately, You never",cau_unemb,0.7,1,36,0.71717,0.13635,0.62073,0.62223,0.21812,0.45308,0.31673,0.2942,0.09246,0.23406
12,"Lately, You never",cau_unemb,0.9,1,43,0.90358,0.19623,0.64486,0.64403,0.20889,0.45308,0.25685,0.16855,0.14118,0.33513
12,"Lately, You never",cau_unemb,0.99,1,56,0.99044,0.3941,0.81091,0.80251,0.1693,0.45308,0.05897,0.00718,0.18456,0.61916
12,"Lately, You never",dua_unemb,0.3,1,3,0.44653,0.4911,0.16893,0.16609,0.014,0.45308,0.03802,0.0029,0.03207,0.13396
12,"Lately, You never",dua_unemb,0.5,1,4,0.54174,0.50083,0.2741,0.26352,0.01621,0.45308,0.04775,0.00457,0.04431,0.22522
12,"Lately, You never",dua_unemb,0.7,1,8,0.71324,0.51264,0.9589,0.90267,0.01975,0.45308,0.05956,0.0071,0.07456,0.87723
12,"Lately, You never",dua_unemb,0.9,1,18,0.91009,0.5459,3.00121,2.87832,0.03832,0.45308,0.09282,0.01728,0.15362,2.83031
12,"Lately, You never",dua_unemb,0.99,1,26,0.99471,0.57539,3.90492,3.76776,0.04634,0.45308,0.12231,0.03017,0.22729,3.64747
12,"Lately, You never",euc_dmd,0.3,1,2,0.9789,0.11954,1.34792,1.34012,0.25554,0.45308,0.33354,0.34329,0.28832,0.71631
12,"Lately, You never",euc_dmd,0.5,1,2,0.9789,0.11954,1.34792,1.34012,0.25554,0.45308,0.33354,0.34329,0.28832,0.71631
12,"Lately, You never",euc_dmd,0.7,1,2,0.9789,0.11954,1.34792,1.34012,0.25554,0.45308,0.33354,0.34329,0.28832,0.71631
12,"Lately, You never",euc_dmd,0.9,1,2,0.9789,0.11954,1.34792,1.34012,0.25554,0.45308,0.33354,0.34329,0.28832,0.71631
12,"Lately, You never",euc_dmd,0.99,1,3,0.99971,0.36906,1.84596,1.82204,0.22392,0.45308,0.08402,0.01477,0.39924,1.43195
12,"Lately, You never",cau_dmd,0.3,1,10,0.33304,0.07102,0.87319,0.8751,0.23805,0.45308,0.38206,0.54984,0.12052,0.20283
12,"Lately, You never",cau_dmd,0.5,1,12,0.56833,0.06278,1.08977,1.0902,0.24586,0.45308,0.3903,0.60091,0.19601,0.29285
12,"Lately, You never",cau_dmd,0.7,1,14,0.77117,0.06623,1.26922,1.2676,0.21936,0.45308,0.38685,0.57869,0.28386,0.40667
12,"Lately, You never",cau_dmd,0.9,1,17,0.92867,0.08425,1.51536,1.50949,0.22376,0.45308,0.36883,0.48033,0.40095,0.63409
12,"Lately, You never",cau_dmd,0.99,1,22,0.9907,0.11739,2.08769,2.07146,0.22498,0.45308,0.33569,0.35017,0.54735,1.19018
12,"Lately, You never",dua_dmd,0.3,1,2,0.33137,0.47015,0.08597,0.08747,0.01142,0.45308,0.01707,0.00059,0.01595,0.06943
12,"Lately, You never",dua_dmd,0.5,1,3,0.52524,0.47497,0.18712,0.18435,0.01487,0.45308,0.02189,0.00096,0.03608,0.15007
12,"Lately, You never",dua_dmd,0.7,1,6,0.74294,0.47781,0.63483,0.60767,0.02844,0.45308,0.02473,0.00123,0.07941,0.55419
12,"Lately, You never",dua_dmd,0.9,1,13,0.90921,0.49255,2.38957,2.30425,0.03785,0.45308,0.03947,0.00312,0.15644,2.23001
12,"Lately, You never",dua_dmd,0.99,1,19,0.99112,0.50658,2.99912,2.8873,0.04475,0.45308,0.0535,0.00573,0.22752,2.76587
188,"In this case, You really",euc_ctx,0.3,1,7,0.38269,0.06063,0.90351,0.90538,0.29322,0.40192,0.34129,0.49018,0.0484,0.36493
188,"In this case, You really",euc_ctx,0.5,1,8,0.60638,0.06221,0.99802,0.99892,0.29596,0.40192,0.33971,0.48087,0.06453,0.45262
188,"In this case, You really",euc_ctx,0.7,1,9,0.79048,0.0758,1.04509,1.04478,0.29303,0.40192,0.32612,0.41016,0.08727,0.54765
188,"In this case, You really",euc_ctx,0.9,1,10,0.90075,0.1028,1.06707,1.06526,0.28236,0.40192,0.29912,0.30545,0.11031,0.6513
188,"In this case, You really",euc_ctx,0.99,1,13,0.99097,0.27149,1.23671,1.2279,0.25381,0.40192,0.13043,0.0397,0.15693,1.04008
188,"In this case, You really",cau_ctx,0.3,0,,,,,,,,,,,
188,"In this case, You really",cau_ctx,0.5,0,,,,,,,,,,,
188,"In this case, You really",cau_ctx,0.7,0,,,,,,,,,,,
188,"In this case, You really",cau_ctx,0.9,0,,,,,,,,,,,
188,"In this case, You really",cau_ctx,0.99,0,,,,,,,,,,,
188,"In this case, You really",dua_ctx,0.3,1,89,0.30015,0.38436,0.94212,0.84989,0.01433,0.40192,0.01756,0.00065,0.09076,0.85071
188,"In this case, You really",dua_ctx,0.5,1,139,0.50145,0.39223,1.85321,1.72751,0.0179,0.40192,0.00969,0.0002,0.19668,1.65634
188,"In this case, You really",dua_ctx,0.7,1,223,0.70013,0.42228,3.92253,3.78293,0.03558,0.40192,0.02036,0.00085,0.43541,3.48627
188,"In this case, You really",dua_ctx,0.9,1,353,0.90131,0.49492,7.71381,7.57021,0.20982,0.40192,0.093,0.01742,0.83107,6.86532
188,"In this case, You really",dua_ctx,0.99,1,416,0.99032,0.51998,9.34744,9.20334,0.25714,0.40192,0.11806,0.02801,0.98176,8.33767
188,"In this case, You really",euc_unemb,0.3,1,2,0.81266,0.03536,1.68527,1.68036,0.25761,0.40192,0.36656,0.69104,0.16671,0.82752
188,"In this case, You really",euc_unemb,0.5,1,2,0.81266,0.03536,1.68527,1.68036,0.25761,0.40192,0.36656,0.69104,0.16671,0.82752
188,"In this case, You really",euc_unemb,0.7,1,2,0.81266,0.03536,1.68527,1.68036,0.25761,0.40192,0.36656,0.69104,0.16671,0.82752
188,"In this case, You really",euc_unemb,0.9,1,3,0.99746,0.12247,2.49181,2.47251,0.26958,0.40192,0.27945,0.24835,0.48007,1.76339
188,"In this case, You really",euc_unemb,0.99,1,3,0.99746,0.12247,2.49181,2.47251,0.26958,0.40192,0.27945,0.24835,0.48007,1.76339
188,"In this case, You really",cau_unemb,0.3,1,36,0.30474,0.04887,0.92113,0.9185,0.29361,0.40192,0.35305,0.5694,0.02141,0.33032
188,"In this case, You really",cau_unemb,0.5,1,41,0.50831,0.04455,1.04064,1.03647,0.29364,0.40192,0.35737,0.60393,0.02556,0.41115
188,"In this case, You really",cau_unemb,0.7,1,46,0.70877,0.04774,1.12747,1.12157,0.29471,0.40192,0.35418,0.57812,0.05009,0.49926
188,"In this case, You really",cau_unemb,0.9,1,54,0.90511,0.06818,1.22216,1.21302,0.29459,0.40192,0.33374,0.44785,0.11576,0.65855
188,"In this case, You really",cau_unemb,0.99,1,68,0.99037,0.14908,1.41535,1.39864,0.28575,0.40192,0.25284,0.18773,0.20656,1.02107
188,"In this case, You really",dua_unemb,0.3,1,5,0.35174,0.41014,0.22263,0.20071,0.01186,0.40192,0.00822,0.00014,0.0323,0.19019
188,"In this case, You really",dua_unemb,0.5,1,9,0.51886,0.41251,0.56424,0.49618,0.0151,0.40192,0.01059,0.00023,0.05737,0.50663
188,"In this case, You really",dua_unemb,0.7,1,17,0.71033,0.42906,1.35199,1.22839,0.04132,0.40192,0.02714,0.00151,0.10608,1.2444
188,"In this case, You really",dua_unemb,0.9,1,37,0.90195,0.46734,5.46005,5.31586,0.25054,0.40192,0.06543,0.00867,0.26169,5.18968
188,"In this case, You really",dua_unemb,0.99,1,50,0.99294,0.48081,6.80412,6.65949,0.20947,0.40192,0.07889,0.01257,0.39304,6.39851
188,"In this case, You really",euc_dmd,0.3,1,2,0.87123,0.02359,1.82441,1.81993,0.30522,0.40192,0.37833,0.84643,0.15283,0.82515
188,"In this case, You really",euc_dmd,0.5,1,2,0.87123,0.02359,1.82441,1.81993,0.30522,0.40192,0.37833,0.84643,0.15283,0.82515
188,"In this case, You really",euc_dmd,0.7,1,2,0.87123,0.02359,1.82441,1.81993,0.30522,0.40192,0.37833,0.84643,0.15283,0.82515
188,"In this case, You really",euc_dmd,0.9,1,3,0.99769,0.0788,2.34269,2.32704,0.2814,0.40192,0.32312,0.39653,0.34843,1.59773
188,"In this case, You really",euc_dmd,0.99,1,3,0.99769,0.0788,2.34269,2.32704,0.2814,0.40192,0.32312,0.39653,0.34843,1.59773
188,"In this case, You really",cau_dmd,0.3,1,13,0.39437,0.03002,1.28734,1.28836,0.29782,0.40192,0.3719,0.75359,0.08095,0.45281
188,"In this case, You really",cau_dmd,0.5,1,14,0.51342,0.02843,1.38491,1.38526,0.29913,0.40192,0.37349,0.77446,0.09939,0.51105
188,"In this case, You really",cau_dmd,0.7,1,16,0.73043,0.0298,1.5492,1.548,0.30231,0.40192,0.37212,0.7563,0.15442,0.63848
188,"In this case, You really",cau_dmd,0.9,1,19,0.91276,0.04088,1.75102,1.74679,0.2954,0.40192,0.36104,0.6362,0.24893,0.86589
188,"In this case, You really",cau_dmd,0.99,1,25,0.99187,0.07906,2.31233,2.29846,0.23824,0.40192,0.32286,0.39536,0.39087,1.5261
188,"In this case, You really",dua_dmd,0.3,1,4,0.36749,0.39346,0.17357,0.16321,0.01171,0.40192,0.00846,0.00015,0.02573,0.1477
188,"In this case, You really",dua_dmd,0.5,1,7,0.54979,0.3878,0.40968,0.36989,0.01733,0.40192,0.01412,0.00042,0.04831,0.36095
188,"In this case, You really",dua_dmd,0.7,1,12,0.70624,0.38677,0.91582,0.83592,0.0199,0.40192,0.01515,0.00048,0.08517,0.83017
188,"In this case, You really",dua_dmd,0.9,1,29,0.90977,0.39116,4.70251,4.57256,0.23592,0.40192,0.01076,0.00024,0.2478,4.45447
188,"In this case, You really",dua_dmd,0.99,1,38,0.99455,0.40096,5.73014,5.59235,0.2042,0.40192,0.00096,0.0,0.36723,5.36291
54,"At work, Both of them often",euc_ctx,0.3,1,6,0.4638,0.05622,0.63155,0.63291,0.07553,0.27334,0.21711,0.24227,0.02807,0.3612
54,"At work, Both of them often",euc_ctx,0.5,1,7,0.66758,0.06042,0.71159,0.71217,0.07598,0.27334,0.21291,0.22583,0.02631,0.45945
54,"At work, Both of them often",euc_ctx,0.7,1,8,0.82029,0.07466,0.76834,0.76794,0.07495,0.27334,0.19867,0.17908,0.02435,0.56491
54,"At work, Both of them often",euc_ctx,0.9,1,9,0.91028,0.09999,0.82258,0.82097,0.07313,0.27334,0.17335,0.11941,0.02473,0.67844
54,"At work, Both of them often",euc_ctx,0.99,1,13,0.99503,0.32125,1.30894,1.29895,0.05535,0.27334,0.04791,0.00542,0.04109,1.26243
54,"At work, Both of them often",cau_ctx,0.3,0,,,,,,,,,,,
54,"At work, Both of them often",cau_ctx,0.5,0,,,,,,,,,,,
54,"At work, Both of them often",cau_ctx,0.7,0,,,,,,,,,,,
54,"At work, Both of them often",cau_ctx,0.9,0,,,,,,,,,,,
54,"At work, Both of them often",cau_ctx,0.99,0,,,,,,,,,,,
54,"At work, Both of them often",dua_ctx,0.3,1,68,0.30569,0.25525,1.2801,1.25059,0.05402,0.27334,0.01809,0.00085,0.09647,1.18278
54,"At work, Both of them often",dua_ctx,0.5,1,100,0.50557,0.23494,2.78372,2.71786,0.07465,0.27334,0.0384,0.00396,0.22238,2.55738
54,"At work, Both of them often",dua_ctx,0.7,1,135,0.7034,0.23027,4.61745,4.52156,0.07809,0.27334,0.04307,0.00503,0.39461,4.21781
54,"At work, Both of them often",dua_ctx,0.9,1,212,0.90068,0.2818,7.39319,7.26906,0.08023,0.27334,0.00847,0.00018,0.7902,6.60282
54,"At work, Both of them often",dua_ctx,0.99,1,310,0.99039,0.36046,9.67652,9.54142,0.08481,0.27334,0.08712,0.01718,1.19646,8.46288
54,"At work, Both of them often",euc_unemb,0.3,1,2,0.97749,0.12245,1.10903,1.10752,0.09199,0.27334,0.15089,0.08239,0.13682,0.88982
54,"At work, Both of them often",euc_unemb,0.5,1,2,0.97749,0.12245,1.10903,1.10752,0.09199,0.27334,0.15089,0.08239,0.13682,0.88982
54,"At work, Both of them often",euc_unemb,0.7,1,2,0.97749,0.12245,1.10903,1.10752,0.09199,0.27334,0.15089,0.08239,0.13682,0.88982
54,"At work, Both of them often",euc_unemb,0.9,1,2,0.97749,0.12245,1.10903,1.10752,0.09199,0.27334,0.15089,0.08239,0.13682,0.88982
54,"At work, Both of them often",euc_unemb,0.99,1,3,0.99979,0.36704,2.46186,2.44409,0.08453,0.27334,0.09371,0.01975,0.28734,2.15477
54,"At work, Both of them often",cau_unemb,0.3,1,28,0.30298,0.0823,0.32185,0.32587,0.06792,0.27334,0.19103,0.15848,0.01282,0.15055
54,"At work, Both of them often",cau_unemb,0.5,1,34,0.54141,0.08367,0.38563,0.38955,0.07132,0.27334,0.18967,0.15507,0.01476,0.21579
54,"At work, Both of them often",cau_unemb,0.7,1,39,0.73022,0.09946,0.42473,0.42826,0.0709,0.27334,0.17388,0.12045,0.02412,0.28016
54,"At work, Both of them often",cau_unemb,0.9,1,47,0.9103,0.15866,0.50386,0.50602,0.07361,0.27334,0.11468,0.0422,0.05288,0.40877
54,"At work, Both of them often",cau_unemb,0.99,1,61,0.99015,0.35525,0.89193,0.88836,0.0637,0.27334,0.08191,0.01526,0.10797,0.7687
54,"At work, Both of them often",dua_unemb,0.3,1,2,0.58245,0.35132,0.18459,0.18804,0.01036,0.27334,0.07799,0.01389,0.01311,0.15759
54,"At work, Both of them often",dua_unemb,0.5,1,2,0.58245,0.35132,0.18459,0.18804,0.01036,0.27334,0.07799,0.01389,0.01311,0.15759
54,"At work, Both of them often",dua_unemb,0.7,1,3,0.80487,0.38218,0.36178,0.36306,0.01577,0.27334,0.10885,0.0263,0.0233,0.31218
54,"At work, Both of them often",dua_unemb,0.9,1,4,0.91669,0.40645,0.60808,0.60529,0.02223,0.27334,0.13311,0.03858,0.03271,0.53679
54,"At work, Both of them often",dua_unemb,0.99,1,7,0.99019,0.44087,1.89663,1.87556,0.04634,0.27334,0.16754,0.05978,0.05064,1.78621
54,"At work, Both of them often",euc_dmd,0.3,1,2,0.96111,0.05076,1.29355,1.28609,0.09016,0.27334,0.22257,0.26601,0.09191,0.93563
54,"At work, Both of them often",euc_dmd,0.5,1,2,0.96111,0.05076,1.29355,1.28609,0.09016,0.27334,0.22257,0.26601,0.09191,0.93563
54,"At work, Both of them often",euc_dmd,0.7,1,2,0.96111,0.05076,1.29355,1.28609,0.09016,0.27334,0.22257,0.26601,0.09191,0.93563
54,"At work, Both of them often",euc_dmd,0.9,1,2,0.96111,0.05076,1.29355,1.28609,0.09016,0.27334,0.22257,0.26601,0.09191,0.93563
54,"At work, Both of them often",euc_dmd,0.99,1,3,0.99935,0.18239,1.99285,1.97377,0.09203,0.27334,0.09095,0.02489,0.19692,1.77104
54,"At work, Both of them often",cau_dmd,0.3,1,12,0.33442,0.05282,0.59122,0.59158,0.0748,0.27334,0.22052,0.25675,0.03518,0.29929
54,"At work, Both of them often",cau_dmd,0.5,1,14,0.52028,0.0501,0.69404,0.69348,0.07477,0.27334,0.22324,0.26911,0.03395,0.39098
54,"At work, Both of them often",cau_dmd,0.7,1,17,0.77141,0.05849,0.83233,0.82994,0.07404,0.27334,0.21485,0.23322,0.04872,0.55039
54,"At work, Both of them often",cau_dmd,0.9,1,20,0.9113,0.08133,0.9854,0.98058,0.06447,0.27334,0.19201,0.16096,0.08172,0.74272
54,"At work, Both of them often",cau_dmd,0.99,1,27,0.99223,0.17583,1.5935,1.57973,0.06261,0.27334,0.09751,0.0291,0.17141,1.39299
54,"At work, Both of them often",dua_dmd,0.3,1,2,0.58068,0.34042,0.16739,0.17034,0.02207,0.27334,0.06708,0.01039,0.00827,0.14872
54,"At work, Both of them often",dua_dmd,0.5,1,2,0.58068,0.34042,0.16739,0.17034,0.02207,0.27334,0.06708,0.01039,0.00827,0.14872
54,"At work, Both of them often",dua_dmd,0.7,1,3,0.77242,0.35088,0.32657,0.32775,0.05517,0.27334,0.07754,0.01374,0.01487,0.29796
54,"At work, Both of them often",dua_dmd,0.9,1,5,0.91657,0.35823,0.80721,0.80246,0.06255,0.27334,0.0849,0.01635,0.02808,0.76278
54,"At work, Both of them often",dua_dmd,0.99,1,9,0.99237,0.37587,2.44599,2.42272,0.06628,0.27334,0.10253,0.02346,0.05257,2.36996
181,"At home, I sometimes",euc_ctx,0.3,1,6,0.40867,0.13708,0.94201,0.94922,0.12727,0.48841,0.35133,0.35311,0.08648,0.50241
181,"At home, I sometimes",euc_ctx,0.5,1,7,0.63554,0.14376,1.0779,1.08413,0.125,0.48841,0.34464,0.33383,0.09459,0.64948
181,"At home, I sometimes",euc_ctx,0.7,1,8,0.81046,0.1747,1.16435,1.16906,0.11516,0.48841,0.31371,0.25747,0.09776,0.80911
181,"At home, I sometimes",euc_ctx,0.9,1,9,0.91059,0.22812,1.2453,1.24793,0.10309,0.48841,0.26029,0.16139,0.10134,0.98257
181,"At home, I sometimes",euc_ctx,0.99,1,12,0.99156,0.46062,1.74025,1.73283,0.11677,0.48841,0.02778,0.00155,0.12347,1.61522
181,"At home, I sometimes",cau_ctx,0.3,0,,,,,,,,,,,
181,"At home, I sometimes",cau_ctx,0.5,0,,,,,,,,,,,
181,"At home, I sometimes",cau_ctx,0.7,0,,,,,,,,,,,
181,"At home, I sometimes",cau_ctx,0.9,0,,,,,,,,,,,
181,"At home, I sometimes",cau_ctx,0.99,0,,,,,,,,,,,
181,"At home, I sometimes",dua_ctx,0.3,1,96,0.3028,0.44968,2.61687,2.5441,0.02781,0.48841,0.03873,0.00302,0.25137,2.36249
181,"At home, I sometimes",dua_ctx,0.5,1,144,0.5,0.41966,4.96334,4.85053,0.04085,0.48841,0.06874,0.00959,0.61209,4.34167
181,"At home, I sometimes",dua_ctx,0.7,1,192,0.70206,0.4006,6.76994,6.64207,0.09914,0.48841,0.08781,0.01576,1.06157,5.69261
181,"At home, I sometimes",dua_ctx,0.9,1,309,0.9001,0.45019,10.99251,10.85364,0.12137,0.48841,0.03822,0.00294,1.93083,9.05874
181,"At home, I sometimes",dua_ctx,0.99,1,447,0.99032,0.5485,12.53415,12.39249,0.117,0.48841,0.0601,0.00725,2.57482,9.95208
181,"At home, I sometimes",euc_unemb,0.3,1,2,0.98284,0.3088,1.39389,1.39611,0.11057,0.48841,0.17961,0.06997,0.24022,1.08369
181,"At home, I sometimes",euc_unemb,0.5,1,2,0.98284,0.3088,1.39389,1.39611,0.11057,0.48841,0.17961,0.06997,0.24022,1.08369
181,"At home, I sometimes",euc_unemb,0.7,1,2,0.98284,0.3088,1.39389,1.39611,0.11057,0.48841,0.17961,0.06997,0.24022,1.08369
181,"At home, I sometimes",euc_unemb,0.9,1,2,0.98284,0.3088,1.39389,1.39611,0.11057,0.48841,0.17961,0.06997,0.24022,1.08369
181,"At home, I sometimes",euc_unemb,0.99,1,3,0.99991,0.58395,3.13166,3.10875,0.10698,0.48841,0.09554,0.0185,0.48055,2.63262
181,"At home, I sometimes",cau_unemb,0.3,1,29,0.32483,0.17189,0.53249,0.54108,0.10926,0.48841,0.31651,0.26364,0.03587,0.23298
181,"At home, I sometimes",cau_unemb,0.5,1,33,0.50875,0.17235,0.61426,0.62266,0.10827,0.48841,0.31606,0.26263,0.0498,0.30183
181,"At home, I sometimes",cau_unemb,0.7,1,38,0.72877,0.19893,0.69808,0.70558,0.10677,0.48841,0.28948,0.20928,0.08444,0.40436
181,"At home, I sometimes",cau_unemb,0.9,1,45,0.90996,0.28126,0.83679,0.84163,0.0982,0.48841,0.20715,0.09561,0.15347,0.58771
181,"At home, I sometimes",cau_unemb,0.99,1,58,0.99133,0.47492,1.37648,1.37181,0.09671,0.48841,0.01348,0.00036,0.27031,1.10581
181,"At home, I sometimes",dua_unemb,0.3,1,2,0.40808,0.51727,0.13867,0.14112,0.05571,0.48841,0.02886,0.00167,0.01171,0.12529
181,"At home, I sometimes",dua_unemb,0.5,1,3,0.64118,0.53322,0.28932,0.28977,0.0727,0.48841,0.04481,0.00402,0.02434,0.26096
181,"At home, I sometimes",dua_unemb,0.7,1,4,0.79171,0.54758,0.49249,0.4887,0.0786,0.48841,0.05917,0.00703,0.03833,0.44713
181,"At home, I sometimes",dua_unemb,0.9,1,6,0.93825,0.56784,1.10835,1.09126,0.05991,0.48841,0.07943,0.01272,0.06277,1.03286
181,"At home, I sometimes",dua_unemb,0.99,1,9,0.99808,0.58969,2.85792,2.81271,0.06991,0.48841,0.10128,0.02083,0.08433,2.75276
181,"At home, I sometimes",euc_dmd,0.3,1,2,0.97336,0.1649,1.7298,1.73066,0.11903,0.48841,0.32351,0.27963,0.24109,1.20908
181,"At home, I sometimes",euc_dmd,0.5,1,2,0.97336,0.1649,1.7298,1.73066,0.11903,0.48841,0.32351,0.27963,0.24109,1.20908
181,"At home, I sometimes",euc_dmd,0.7,1,2,0.97336,0.1649,1.7298,1.73066,0.11903,0.48841,0.32351,0.27963,0.24109,1.20908
181,"At home, I sometimes",euc_dmd,0.9,1,2,0.97336,0.1649,1.7298,1.73066,0.11903,0.48841,0.32351,0.27963,0.24109,1.20908
181,"At home, I sometimes",euc_dmd,0.99,1,3,0.99973,0.45174,2.83748,2.82079,0.12524,0.48841,0.03666,0.0027,0.44117,2.3936
181,"At home, I sometimes",cau_dmd,0.3,1,12,0.34951,0.11175,0.99489,1.00132,0.11894,0.48841,0.37666,0.43809,0.11592,0.44088
181,"At home, I sometimes",cau_dmd,0.5,1,14,0.5685,0.10157,1.24021,1.24501,0.11799,0.48841,0.38683,0.47889,0.14987,0.61146
181,"At home, I sometimes",cau_dmd,0.7,1,16,0.7605,0.10298,1.50036,1.50262,0.1121,0.48841,0.38543,0.47298,0.20567,0.8217
181,"At home, I sometimes",cau_dmd,0.9,1,19,0.92015,0.11463,1.95965,1.95645,0.10917,0.48841,0.37378,0.42733,0.31573,1.2166
181,"At home, I sometimes",cau_dmd,0.99,1,25,0.99278,0.12753,3.15112,3.13267,0.10374,0.48841,0.36087,0.38273,0.53455,2.23384
181,"At home, I sometimes",dua_dmd,0.3,1,2,0.47758,0.52657,0.15393,0.15579,0.07191,0.48841,0.03816,0.00292,0.01677,0.13424
181,"At home, I sometimes",dua_dmd,0.5,1,3,0.69562,0.52585,0.33488,0.33529,0.08394,0.48841,0.03744,0.00281,0.03891,0.29316
181,"At home, I sometimes",dua_dmd,0.7,1,4,0.79998,0.52459,0.52896,0.52687,0.09201,0.48841,0.03618,0.00262,0.05497,0.47138
181,"At home, I sometimes",dua_dmd,0.9,1,6,0.91825,0.52633,1.06858,1.05889,0.1056,0.48841,0.03793,0.00288,0.08361,0.98209
181,"At home, I sometimes",dua_dmd,0.99,1,10,0.99087,0.54035,3.13024,3.10028,0.10969,0.48841,0.05195,0.00541,0.12448,3.00034
272,"Honestly, Parents typically",euc_ctx,0.3,1,6,0.50365,0.25071,0.79526,0.80899,0.05724,0.49041,0.2397,0.13259,0.06704,0.59563
272,"Honestly, Parents typically",euc_ctx,0.5,1,6,0.50365,0.25071,0.79526,0.80899,0.05724,0.49041,0.2397,0.13259,0.06704,0.59563
272,"Honestly, Parents typically",euc_ctx,0.7,1,7,0.72774,0.27906,0.98225,0.99481,0.15056,0.49041,0.21135,0.0997,0.06392,0.81863
272,"Honestly, Parents typically",euc_ctx,0.9,1,9,0.94376,0.40205,1.44886,1.45576,0.14199,0.49041,0.08837,0.01595,0.05489,1.37802
272,"Honestly, Parents typically",euc_ctx,0.99,1,12,0.99514,0.55732,2.57264,2.56531,0.14348,0.49041,0.06691,0.00901,0.06394,2.49969
272,"Honestly, Parents typically",cau_ctx,0.3,0,,,,,,,,,,,
272,"Honestly, Parents typically",cau_ctx,0.5,0,,,,,,,,,,,
272,"Honestly, Parents typically",cau_ctx,0.7,0,,,,,,,,,,,
272,"Honestly, Parents typically",cau_ctx,0.9,0,,,,,,,,,,,
272,"Honestly, Parents typically",cau_ctx,0.99,0,,,,,,,,,,,
272,"Honestly, Parents typically",dua_ctx,0.3,1,109,0.30006,0.42593,4.14358,4.05757,0.0183,0.49041,0.06448,0.00842,0.39368,3.74148
272,"Honestly, Parents typically",dua_ctx,0.5,1,154,0.50274,0.40895,6.60932,6.49434,0.03883,0.49041,0.08147,0.01352,0.86744,5.72837
272,"Honestly, Parents typically",dua_ctx,0.7,1,204,0.70132,0.40657,8.1074,7.98009,0.02767,0.49041,0.08385,0.01433,1.44025,6.65282
272,"Honestly, Parents typically",dua_ctx,0.9,1,275,0.90162,0.41942,9.75333,9.62,0.14721,0.49041,0.07099,0.01022,2.35656,7.38655
272,"Honestly, Parents typically",dua_ctx,0.99,1,385,0.99014,0.48413,14.43007,14.29363,0.17848,0.49041,0.00628,8e-05,3.66447,10.76553
272,"Honestly, Parents typically",euc_unemb,0.3,1,2,0.98894,0.40772,1.85724,1.85929,0.18511,0.49041,0.08269,0.01393,0.26972,1.57359
272,"Honestly, Parents typically",euc_unemb,0.5,1,2,0.98894,0.40772,1.85724,1.85929,0.18511,0.49041,0.08269,0.01393,0.26972,1.57359
272,"Honestly, Parents typically",euc_unemb,0.7,1,2,0.98894,0.40772,1.85724,1.85929,0.18511,0.49041,0.08269,0.01393,0.26972,1.57359
272,"Honestly, Parents typically",euc_unemb,0.9,1,2,0.98894,0.40772,1.85724,1.85929,0.18511,0.49041,0.08269,0.01393,0.26972,1.57359
272,"Honestly, Parents typically",euc_unemb,0.99,1,3,0.99995,0.45497,4.52292,4.49317,0.19175,0.49041,0.03544,0.00252,0.56743,3.95297
272,"Honestly, Parents typically",cau_unemb,0.3,1,27,0.31353,0.2339,0.44455,0.45662,0.05305,0.49041,0.25651,0.15531,0.03022,0.25902
272,"Honestly, Parents typically",cau_unemb,0.5,1,31,0.50313,0.23309,0.54887,0.56089,0.11636,0.49041,0.25732,0.15647,0.032,0.36039
272,"Honestly, Parents typically",cau_unemb,0.7,1,36,0.73151,0.25935,0.68765,0.69853,0.15014,0.49041,0.23106,0.12187,0.04157,0.52421
272,"Honestly, Parents typically",cau_unemb,0.9,1,43,0.91502,0.32893,0.96522,0.97233,0.16106,0.49041,0.16148,0.05559,0.07085,0.83877
272,"Honestly, Parents typically",cau_unemb,0.99,1,55,0.99097,0.42576,1.75857,1.75457,0.1608,0.49041,0.06465,0.00846,0.12801,1.6221
272,"Honestly, Parents typically",dua_unemb,0.3,1,2,0.4249,0.50622,0.17994,0.18435,0.00765,0.49041,0.0158,0.0005,0.02047,0.15896
272,"Honestly, Parents typically",dua_unemb,0.5,1,3,0.65499,0.5233,0.34916,0.35099,0.00895,0.49041,0.03289,0.00216,0.03814,0.30885
272,"Honestly, Parents typically",dua_unemb,0.7,1,4,0.79007,0.53684,0.56626,0.5632,0.01117,0.49041,0.04643,0.00432,0.05375,0.50819
272,"Honestly, Parents typically",dua_unemb,0.9,1,6,0.92052,0.55027,1.24976,1.23106,0.01194,0.49041,0.05986,0.0072,0.0775,1.16506
272,"Honestly, Parents typically",dua_unemb,0.99,1,9,0.9911,0.55607,3.03955,2.98503,0.03378,0.49041,0.06566,0.00867,0.10229,2.92858
272,"Honestly, Parents typically",euc_dmd,0.3,1,2,0.98451,0.34722,1.80054,1.80632,0.18533,0.49041,0.14319,0.04314,0.16258,1.59482
272,"Honestly, Parents typically",euc_dmd,0.5,1,2,0.98451,0.34722,1.80054,1.80632,0.18533,0.49041,0.14319,0.04314,0.16258,1.59482
272,"Honestly, Parents typically",euc_dmd,0.7,1,2,0.98451,0.34722,1.80054,1.80632,0.18533,0.49041,0.14319,0.04314,0.16258,1.59482
272,"Honestly, Parents typically",euc_dmd,0.9,1,2,0.98451,0.34722,1.80054,1.80632,0.18533,0.49041,0.14319,0.04314,0.16258,1.59482
272,"Honestly, Parents typically",euc_dmd,0.99,1,3,0.99987,0.46967,3.99128,3.97167,0.18837,0.49041,0.02074,0.00086,0.32562,3.66479
272,"Honestly, Parents typically",cau_dmd,0.3,1,11,0.34329,0.20678,0.76512,0.77883,0.16982,0.49041,0.28363,0.19802,0.08466,0.48244
272,"Honestly, Parents typically",cau_dmd,0.5,1,13,0.57351,0.20568,0.95933,0.97261,0.17415,0.49041,0.28473,0.19992,0.0808,0.67861
272,"Honestly, Parents typically",cau_dmd,0.7,1,15,0.77159,0.22787,1.1719,1.18363,0.16436,0.49041,0.26254,0.16412,0.09056,0.91722
272,"Honestly, Parents typically",cau_dmd,0.9,1,18,0.92795,0.28102,1.59938,1.60665,0.16047,0.49041,0.20939,0.09766,0.13348,1.36824
272,"Honestly, Parents typically",cau_dmd,0.99,1,23,0.99083,0.33635,2.63452,2.63011,0.16514,0.49041,0.15406,0.05032,0.22661,2.35759
272,"Honestly, Parents typically",dua_dmd,0.3,1,2,0.54302,0.50424,0.26362,0.26994,0.01161,0.49041,0.01382,0.00038,0.02492,0.23832
272,"Honestly, Parents typically",dua_dmd,0.5,1,2,0.54302,0.50424,0.26362,0.26994,0.01161,0.49041,0.01382,0.00038,0.02492,0.23832
272,"Honestly, Parents typically",dua_dmd,0.7,1,3,0.83869,0.49141,0.66132,0.6671,0.10588,0.49041,0.001,0.0,0.05595,0.60537
272,"Honestly, Parents typically",dua_dmd,0.9,1,4,0.95374,0.48944,1.14938,1.15165,0.11192,0.49041,0.00097,0.0,0.08065,1.06872
272,"Honestly, Parents typically",dua_dmd,0.99,1,6,0.99745,0.49354,2.58474,2.57496,0.13912,0.49041,0.00313,2e-05,0.11326,2.47146
233,"Every day, These kids just",euc_ctx,0.3,1,6,0.46876,0.15498,0.7974,0.80239,0.19544,0.51318,0.3582,0.34599,0.07888,0.37253
233,"Every day, These kids just",euc_ctx,0.5,1,7,0.68231,0.16624,0.88694,0.89072,0.19253,0.51318,0.34694,0.31652,0.08778,0.48264
233,"Every day, These kids just",euc_ctx,0.7,1,8,0.83624,0.20156,0.93514,0.9372,0.17675,0.51318,0.31162,0.23873,0.09285,0.60356
233,"Every day, These kids just",euc_ctx,0.9,1,9,0.92209,0.25771,0.98357,0.98335,0.14351,0.51318,0.25547,0.14811,0.09854,0.73692
233,"Every day, These kids just",euc_ctx,0.99,1,12,0.99213,0.47927,1.37052,1.35993,0.06303,0.51318,0.03391,0.0023,0.12586,1.24236
233,"Every day, These kids just",cau_ctx,0.3,0,,,,,,,,,,,
233,"Every day, These kids just",cau_ctx,0.5,0,,,,,,,,,,,
233,"Every day, These kids just",cau_ctx,0.7,0,,,,,,,,,,,
233,"Every day, These kids just",cau_ctx,0.9,0,,,,,,,,,,,
233,"Every day, These kids just",cau_ctx,0.99,0,,,,,,,,,,,
233,"Every day, These kids just",dua_ctx,0.3,1,95,0.30334,0.46032,2.00839,1.93188,0.03965,0.51318,0.05286,0.0056,0.25716,1.74562
233,"Every day, These kids just",dua_ctx,0.5,1,144,0.50101,0.43381,3.90859,3.7975,0.05143,0.51318,0.07937,0.0127,0.58996,3.30594
233,"Every day, These kids just",dua_ctx,0.7,1,197,0.70222,0.42181,5.73166,5.60515,0.05995,0.51318,0.09137,0.01688,1.03255,4.68222
233,"Every day, These kids just",dua_ctx,0.9,1,267,0.90043,0.42881,7.99188,7.85766,0.07218,0.51318,0.08436,0.01436,1.61011,6.36741
233,"Every day, These kids just",dua_ctx,0.99,1,363,0.99016,0.49823,10.84945,10.71118,0.15091,0.51318,0.01495,0.00045,2.11132,8.73768
233,"Every day, These kids just",euc_unemb,0.3,1,2,0.97109,0.29443,1.23187,1.23052,0.06035,0.51318,0.21874,0.10444,0.20321,0.92422
233,"Every day, These kids just",euc_unemb,0.5,1,2,0.97109,0.29443,1.23187,1.23052,0.06035,0.51318,0.21874,0.10444,0.20321,0.92422
233,"Every day, These kids just",euc_unemb,0.7,1,2,0.97109,0.29443,1.23187,1.23052,0.06035,0.51318,0.21874,0.10444,0.20321,0.92422
233,"Every day, These kids just",euc_unemb,0.9,1,2,0.97109,0.29443,1.23187,1.23052,0.06035,0.51318,0.21874,0.10444,0.20321,0.92422
233,"Every day, These kids just",euc_unemb,0.99,1,3,0.99974,0.5657,2.57542,2.55114,0.06868,0.51318,0.05253,0.00557,0.42651,2.14333
233,"Every day, These kids just",cau_unemb,0.3,1,29,0.33372,0.19171,0.50673,0.51261,0.16161,0.51318,0.32147,0.25846,0.02778,0.22049
233,"Every day, These kids just",cau_unemb,0.5,1,33,0.50217,0.18911,0.57842,0.5838,0.16341,0.51318,0.32407,0.26392,0.0326,0.2819
233,"Every day, These kids just",cau_unemb,0.7,1,38,0.7072,0.20921,0.64413,0.64836,0.16234,0.51318,0.30397,0.22429,0.04911,0.37073
233,"Every day, These kids just",cau_unemb,0.9,1,46,0.90668,0.29034,0.75046,0.75143,0.13166,0.51318,0.22284,0.10881,0.09338,0.54827
233,"Every day, These kids just",cau_unemb,0.99,1,60,0.99092,0.47831,1.18392,1.1748,0.11888,0.51318,0.03487,0.00243,0.166,1.01549
233,"Every day, These kids just",dua_unemb,0.3,1,2,0.31827,0.52365,0.10457,0.10739,0.03384,0.51318,0.01047,0.00022,0.01222,0.09213
233,"Every day, These kids just",dua_unemb,0.5,1,3,0.51309,0.53516,0.21161,0.21187,0.03394,0.51318,0.02198,0.00097,0.02633,0.18431
233,"Every day, These kids just",dua_unemb,0.7,1,5,0.74136,0.55151,0.52564,0.5144,0.03516,0.51318,0.03833,0.00296,0.05333,0.46935
233,"Every day, These kids just",dua_unemb,0.9,1,10,0.90326,0.56793,2.35405,2.29507,0.0513,0.51318,0.05475,0.00606,0.08838,2.25961
233,"Every day, These kids just",dua_unemb,0.99,1,18,0.99527,0.58461,5.20715,5.09014,0.05673,0.51318,0.07143,0.01037,0.16901,5.02777
233,"Every day, These kids just",euc_dmd,0.3,1,2,0.96695,0.14349,1.60763,1.6035,0.19418,0.51318,0.36969,0.37893,0.18706,1.04165
233,"Every day, These kids just",euc_dmd,0.5,1,2,0.96695,0.14349,1.60763,1.6035,0.19418,0.51318,0.36969,0.37893,0.18706,1.04165
233,"Every day, These kids just",euc_dmd,0.7,1,2,0.96695,0.14349,1.60763,1.6035,0.19418,0.51318,0.36969,0.37893,0.18706,1.04165
233,"Every day, These kids just",euc_dmd,0.9,1,2,0.96695,0.14349,1.60763,1.6035,0.19418,0.51318,0.36969,0.37893,0.18706,1.04165
233,"Every day, These kids just",euc_dmd,0.99,1,3,0.99951,0.36843,2.39988,2.37892,0.20001,0.51318,0.14475,0.04333,0.36156,1.99499
233,"Every day, These kids just",cau_dmd,0.3,1,11,0.30187,0.12755,0.85655,0.86203,0.2052,0.51318,0.38563,0.4304,0.09903,0.32713
233,"Every day, These kids just",cau_dmd,0.5,1,13,0.50266,0.1158,1.0151,1.01965,0.20996,0.51318,0.39738,0.47348,0.10614,0.43548
233,"Every day, These kids just",cau_dmd,0.7,1,16,0.7776,0.12935,1.17921,1.18151,0.20621,0.51318,0.38383,0.42419,0.1333,0.62172
233,"Every day, These kids just",cau_dmd,0.9,1,19,0.92093,0.17216,1.33507,1.33409,0.20175,0.51318,0.34102,0.30203,0.19132,0.84172
233,"Every day, These kids just",cau_dmd,0.99,1,25,0.99149,0.29151,1.85644,1.84548,0.17439,0.51318,0.22167,0.10755,0.32767,1.42122
233,"Every day, These kids just",dua_dmd,0.3,1,2,0.35063,0.51414,0.11205,0.11386,0.03666,0.51318,0.00096,0.0,0.011,0.10105
233,"Every day, These kids just",dua_dmd,0.5,1,3,0.55006,0.50677,0.24019,0.23897,0.04343,0.51318,0.00641,8e-05,0.02568,0.21443
233,"Every day, These kids just",dua_dmd,0.7,1,5,0.77369,0.49209,0.59703,0.58583,0.05755,0.51318,0.02109,0.00089,0.05759,0.53855
233,"Every day, These kids just",dua_dmd,0.9,1,8,0.93563,0.48253,1.59561,1.56511,0.0584,0.51318,0.03065,0.00188,0.10832,1.48541
233,"Every day, These kids just",dua_dmd,0.99,1,11,0.99051,0.48949,3.16329,3.11291,0.06157,0.51318,0.02369,0.00112,0.14988,3.01229
98,"Honestly, Many people still",euc_ctx,0.3,1,6,0.44549,0.27316,0.71878,0.73179,0.02443,0.58716,0.31401,0.21581,0.05645,0.44652
98,"Honestly, Many people still",euc_ctx,0.5,1,7,0.68218,0.28807,0.86263,0.87468,0.04426,0.58716,0.29909,0.19315,0.06701,0.60247
98,"Honestly, Many people still",euc_ctx,0.7,1,8,0.84976,0.33752,0.98257,0.99264,0.05495,0.58716,0.24964,0.12985,0.073,0.77972
98,"Honestly, Many people still",euc_ctx,0.9,1,9,0.93615,0.40738,1.12224,1.12937,0.06794,0.58716,0.17978,0.0654,0.07701,0.97982
98,"Honestly, Many people still",euc_ctx,0.99,1,12,0.99558,0.59742,1.82543,1.81956,0.06846,0.58716,0.01026,0.00022,0.09304,1.73217
98,"Honestly, Many people still",cau_ctx,0.3,0,,,,,,,,,,,
98,"Honestly, Many people still",cau_ctx,0.5,0,,,,,,,,,,,
98,"Honestly, Many people still",cau_ctx,0.7,0,,,,,,,,,,,
98,"Honestly, Many people still",cau_ctx,0.9,0,,,,,,,,,,,
98,"Honestly, Many people still",cau_ctx,0.99,0,,,,,,,,,,,
98,"Honestly, Many people still",dua_ctx,0.3,1,123,0.30156,0.50973,3.9448,3.84815,0.01408,0.58716,0.07743,0.01207,0.40513,3.5276
98,"Honestly, Many people still",dua_ctx,0.5,1,180,0.50217,0.48875,6.11261,5.98961,0.01696,0.58716,0.09841,0.01945,0.8759,5.21726
98,"Honestly, Many people still",dua_ctx,0.7,1,241,0.70029,0.47797,7.3369,7.20428,0.04862,0.58716,0.10919,0.02393,1.47508,5.8379
98,"Honestly, Many people still",dua_ctx,0.9,1,331,0.90122,0.48589,8.69041,8.55304,0.07923,0.58716,0.10127,0.02059,2.33971,6.33011
98,"Honestly, Many people still",dua_ctx,0.99,1,383,0.99122,0.49503,10.19493,10.05637,0.08833,0.58716,0.09213,0.01705,2.80604,7.37183
98,"Honestly, Many people still",euc_unemb,0.3,1,2,0.97502,0.48268,1.22837,1.2309,0.09138,0.58716,0.10448,0.02191,0.21123,0.99523
98,"Honestly, Many people still",euc_unemb,0.5,1,2,0.97502,0.48268,1.22837,1.2309,0.09138,0.58716,0.10448,0.02191,0.21123,0.99523
98,"Honestly, Many people still",euc_unemb,0.7,1,2,0.97502,0.48268,1.22837,1.2309,0.09138,0.58716,0.10448,0.02191,0.21123,0.99523
98,"Honestly, Many people still",euc_unemb,0.9,1,2,0.97502,0.48268,1.22837,1.2309,0.09138,0.58716,0.10448,0.02191,0.21123,0.99523
98,"Honestly, Many people still",euc_unemb,0.99,1,3,0.99982,0.61305,3.01401,2.98753,0.0946,0.58716,0.02589,0.0014,0.43666,2.57595
98,"Honestly, Many people still",cau_unemb,0.3,1,29,0.30861,0.3036,0.42477,0.43605,0.05039,0.58716,0.28356,0.17142,0.03756,0.21579
98,"Honestly, Many people still",cau_unemb,0.5,1,34,0.53271,0.30521,0.52293,0.53383,0.05582,0.58716,0.28196,0.16928,0.04305,0.3106
98,"Honestly, Many people still",cau_unemb,0.7,1,38,0.70644,0.33093,0.59431,0.60411,0.06096,0.58716,0.25623,0.13734,0.0523,0.40467
98,"Honestly, Many people still",cau_unemb,0.9,1,46,0.91399,0.42544,0.79032,0.79569,0.07093,0.58716,0.16172,0.05271,0.08443,0.65319
98,"Honestly, Many people still",cau_unemb,0.99,1,59,0.9914,0.55809,1.39443,1.38772,0.06342,0.58716,0.02907,0.00172,0.14051,1.25219
98,"Honestly, Many people still",dua_unemb,0.3,1,3,0.45664,0.58566,0.2457,0.2461,0.00564,0.58716,0.00151,0.0,0.03948,0.20621
98,"Honestly, Many people still",dua_unemb,0.5,1,4,0.57226,0.5902,0.40667,0.40155,0.01055,0.58716,0.00304,2e-05,0.05826,0.34839
98,"Honestly, Many people still",dua_unemb,0.7,1,7,0.73079,0.59645,1.12781,1.09717,0.04505,0.58716,0.00929,0.00018,0.09718,1.03045
98,"Honestly, Many people still",dua_unemb,0.9,1,17,0.90805,0.6014,4.56319,4.44233,0.07277,0.58716,0.01424,0.00042,0.20813,4.35465
98,"Honestly, Many people still",dua_unemb,0.99,1,25,0.99392,0.60419,6.64582,6.5098,0.1241,0.58716,0.01703,0.0006,0.34073,6.30449
98,"Honestly, Many people still",euc_dmd,0.3,1,2,0.97231,0.33342,1.37404,1.37971,0.08239,0.58716,0.25374,0.13448,0.12803,1.11153
98,"Honestly, Many people still",euc_dmd,0.5,1,2,0.97231,0.33342,1.37404,1.37971,0.08239,0.58716,0.25374,0.13448,0.12803,1.11153
98,"Honestly, Many people still",euc_dmd,0.7,1,2,0.97231,0.33342,1.37404,1.37971,0.08239,0.58716,0.25374,0.13448,0.12803,1.11153
98,"Honestly, Many people still",euc_dmd,0.9,1,2,0.97231,0.33342,1.37404,1.37971,0.08239,0.58716,0.25374,0.13448,0.12803,1.11153
98,"Honestly, Many people still",euc_dmd,0.99,1,3,0.99973,0.52084,2.72968,2.71298,0.08476,0.58716,0.06632,0.00887,0.24799,2.47282
98,"Honestly, Many people still",cau_dmd,0.3,1,12,0.39482,0.22648,0.82001,0.83324,0.08577,0.58716,0.36068,0.30014,0.09049,0.42937
98,"Honestly, Many people still",cau_dmd,0.5,1,13,0.50949,0.22257,0.90333,0.91629,0.09153,0.58716,0.36459,0.30828,0.09268,0.50236
98,"Honestly, Many people still",cau_dmd,0.7,1,15,0.72219,0.23544,1.05322,1.06491,0.1403,0.58716,0.35172,0.28216,0.1038,0.66726
98,"Honestly, Many people still",cau_dmd,0.9,1,18,0.90882,0.28892,1.30364,1.31164,0.14155,0.58716,0.29824,0.19191,0.14293,0.96879
98,"Honestly, Many people still",cau_dmd,0.99,1,24,0.99244,0.38278,2.11445,2.1099,0.16663,0.58716,0.20439,0.08518,0.24242,1.78684
98,"Honestly, Many people still",dua_dmd,0.3,1,2,0.39575,0.58005,0.18378,0.1877,0.00612,0.58716,0.00711,0.0001,0.03361,0.15007
98,"Honestly, Many people still",dua_dmd,0.5,1,3,0.6508,0.55895,0.45835,0.46068,0.03879,0.58716,0.02821,0.00162,0.073,0.38373
98,"Honestly, Many people still",dua_dmd,0.7,1,4,0.7748,0.55124,0.7669,0.76483,0.05226,0.58716,0.03592,0.00262,0.10297,0.6613
98,"Honestly, Many people still",dua_dmd,0.9,1,8,0.90731,0.54433,2.49943,2.46912,0.05849,0.58716,0.04283,0.00372,0.17072,2.32499
98,"Honestly, Many people still",dua_dmd,0.99,1,14,0.99629,0.54746,5.76302,5.68662,0.11889,0.58716,0.03971,0.0032,0.26312,5.4967
150,"Honestly, Our customers really",euc_ctx,0.3,1,5,0.36469,0.1953,0.75108,0.75688,0.28099,0.42122,0.22592,0.13302,0.05579,0.56228
150,"Honestly, Our customers really",euc_ctx,0.5,1,6,0.60551,0.19916,0.97783,0.98229,0.2922,0.42122,0.22206,0.12756,0.067,0.78327
150,"Honestly, Our customers really",euc_ctx,0.7,1,7,0.80142,0.23505,1.1826,1.18493,0.30503,0.42122,0.18617,0.08431,0.06989,1.0284
150,"Honestly, Our customers really",euc_ctx,0.9,1,8,0.9124,0.29792,1.40123,1.40062,0.33835,0.42122,0.12331,0.03411,0.06966,1.29747
150,"Honestly, Our customers really",euc_ctx,0.99,1,11,0.9937,0.53125,2.37786,2.36402,0.32153,0.42122,0.11003,0.02428,0.07522,2.27836
150,"Honestly, Our customers really",cau_ctx,0.3,0,,,,,,,,,,,
150,"Honestly, Our customers really",cau_ctx,0.5,0,,,,,,,,,,,
150,"Honestly, Our customers really",cau_ctx,0.7,0,,,,,,,,,,,
150,"Honestly, Our customers really",cau_ctx,0.9,0,,,,,,,,,,,
150,"Honestly, Our customers really",cau_ctx,0.99,0,,,,,,,,,,,
150,"Honestly, Our customers really",dua_ctx,0.3,1,91,0.30362,0.36634,1.5015,1.40809,0.02955,0.42122,0.05489,0.00637,0.16447,1.33066
150,"Honestly, Our customers really",dua_ctx,0.5,1,137,0.50397,0.34053,2.57713,2.45447,0.03289,0.42122,0.0807,0.01404,0.34196,2.22113
150,"Honestly, Our customers really",dua_ctx,0.7,1,183,0.70191,0.32884,3.941,3.80568,0.04821,0.42122,0.09239,0.01858,0.57152,3.3509
150,"Honestly, Our customers really",dua_ctx,0.9,1,267,0.90066,0.34755,6.02961,5.88569,0.0605,0.42122,0.07367,0.01163,1.05875,4.95923
150,"Honestly, Our customers really",dua_ctx,0.99,1,315,0.9907,0.36146,6.93526,6.78975,0.22617,0.42122,0.05976,0.00758,1.31695,5.61074
150,"Honestly, Our customers really",euc_unemb,0.3,1,1,0.30126,0.18103,0.46007,0.46435,0.08457,0.42122,0.2402,0.15482,0.03101,0.27425
150,"Honestly, Our customers really",euc_unemb,0.5,1,2,0.98461,0.4041,1.42328,1.41312,0.25521,0.42122,0.01713,0.00061,0.14362,1.27906
150,"Honestly, Our customers really",euc_unemb,0.7,1,2,0.98461,0.4041,1.42328,1.41312,0.25521,0.42122,0.01713,0.00061,0.14362,1.27906
150,"Honestly, Our customers really",euc_unemb,0.9,1,2,0.98461,0.4041,1.42328,1.41312,0.25521,0.42122,0.01713,0.00061,0.14362,1.27906
150,"Honestly, Our customers really",euc_unemb,0.99,1,3,0.99991,0.60125,3.67174,3.62933,0.29515,0.42122,0.18003,0.06575,0.33184,3.27415
150,"Honestly, Our customers really",cau_unemb,0.3,1,27,0.31034,0.25976,0.36762,0.37341,0.20328,0.42122,0.16147,0.06121,0.02665,0.27976
150,"Honestly, Our customers really",cau_unemb,0.5,1,32,0.52273,0.27175,0.48226,0.48728,0.25279,0.42122,0.14947,0.05165,0.02556,0.40505
150,"Honestly, Our customers really",cau_unemb,0.7,1,37,0.72668,0.31373,0.61317,0.61648,0.30314,0.42122,0.10749,0.02551,0.02612,0.56155
150,"Honestly, Our customers really",cau_unemb,0.9,1,44,0.90163,0.41078,0.87793,0.87704,0.30447,0.42122,0.01045,0.00023,0.03146,0.84624
150,"Honestly, Our customers really",cau_unemb,0.99,1,58,0.99081,0.58642,1.79968,1.78505,0.30867,0.42122,0.1652,0.05514,0.04588,1.69867
150,"Honestly, Our customers really",dua_unemb,0.3,1,3,0.37972,0.44802,0.15867,0.15329,0.00749,0.42122,0.02679,0.00146,0.03842,0.1188
150,"Honestly, Our customers really",dua_unemb,0.5,1,5,0.50609,0.45618,0.33134,0.30725,0.00905,0.42122,0.03495,0.00247,0.06242,0.26644
150,"Honestly, Our customers really",dua_unemb,0.7,1,12,0.70984,0.477,1.22668,1.13006,0.01605,0.42122,0.05578,0.00627,0.13139,1.08902
150,"Honestly, Our customers really",dua_unemb,0.9,1,28,0.90329,0.51549,4.59038,4.44677,0.04014,0.42122,0.09426,0.01783,0.34936,4.22319
150,"Honestly, Our customers really",dua_unemb,0.99,1,41,0.99006,0.53828,7.08923,6.94315,0.27776,0.42122,0.11705,0.02749,0.65817,6.40357
150,"Honestly, Our customers really",euc_dmd,0.3,1,2,0.9766,0.21752,1.83883,1.83174,0.3132,0.42122,0.2037,0.10384,0.08378,1.65121
150,"Honestly, Our customers really",euc_dmd,0.5,1,2,0.9766,0.21752,1.83883,1.83174,0.3132,0.42122,0.2037,0.10384,0.08378,1.65121
150,"Honestly, Our customers really",euc_dmd,0.7,1,2,0.9766,0.21752,1.83883,1.83174,0.3132,0.42122,0.2037,0.10384,0.08378,1.65121
150,"Honestly, Our customers really",euc_dmd,0.9,1,2,0.9766,0.21752,1.83883,1.83174,0.3132,0.42122,0.2037,0.10384,0.08378,1.65121
150,"Honestly, Our customers really",euc_dmd,0.99,1,3,0.99975,0.4394,3.52025,3.49024,0.29689,0.42122,0.01818,0.00067,0.17778,3.3418
150,"Honestly, Our customers really",cau_dmd,0.3,1,11,0.36462,0.16298,0.87823,0.8846,0.28143,0.42122,0.25825,0.18644,0.07721,0.61457
150,"Honestly, Our customers really",cau_dmd,0.5,1,13,0.57975,0.15719,1.11537,1.12034,0.29809,0.42122,0.26403,0.19768,0.07514,0.84255
150,"Honestly, Our customers really",cau_dmd,0.7,1,15,0.76621,0.16933,1.35437,1.35716,0.30291,0.42122,0.25189,0.17474,0.07599,1.10364
150,"Honestly, Our customers really",cau_dmd,0.9,1,18,0.92169,0.20786,1.76983,1.7679,0.30036,0.42122,0.21336,0.11587,0.08814,1.56582
150,"Honestly, Our customers really",cau_dmd,0.99,1,24,0.99306,0.26906,2.95339,2.93735,0.28178,0.42122,0.15216,0.05371,0.12778,2.7719
150,"Honestly, Our customers really",dua_dmd,0.3,1,2,0.31403,0.43438,0.09978,0.10107,0.00697,0.42122,0.01316,0.00035,0.02314,0.07629
150,"Honestly, Our customers really",dua_dmd,0.5,1,4,0.52739,0.43368,0.28653,0.27497,0.00997,0.42122,0.01246,0.00032,0.05631,0.2299
150,"Honestly, Our customers really",dua_dmd,0.7,1,9,0.71276,0.43434,0.94272,0.88596,0.01753,0.42122,0.01312,0.00035,0.117,0.82536
150,"Honestly, Our customers really",dua_dmd,0.9,1,25,0.9015,0.4746,4.50118,4.37196,0.20038,0.42122,0.05337,0.00574,0.41213,4.08331
150,"Honestly, Our customers really",dua_dmd,0.99,1,37,0.99081,0.49939,6.45665,6.31538,0.30378,0.42122,0.07817,0.01227,0.75356,5.69082
24,"At work, The workers now",euc_ctx,0.3,1,6,0.35689,0.27154,0.62364,0.63638,0.12997,0.57676,0.30521,0.20466,0.04596,0.37302
24,"At work, The workers now",euc_ctx,0.5,1,7,0.5675,0.27016,0.75321,0.76572,0.13204,0.57676,0.3066,0.2068,0.04883,0.49759
24,"At work, The workers now",euc_ctx,0.7,1,8,0.75413,0.29835,0.8513,0.8628,0.12996,0.57676,0.2784,0.16622,0.04761,0.63747
24,"At work, The workers now",euc_ctx,0.9,1,10,0.94137,0.41537,1.06614,1.0734,0.12657,0.57676,0.16139,0.0526,0.04648,0.96706
24,"At work, The workers now",euc_ctx,0.99,1,13,0.99409,0.59469,1.66594,1.66253,0.12675,0.57676,0.01793,0.00066,0.06005,1.60523
24,"At work, The workers now",cau_ctx,0.3,0,,,,,,,,,,,
24,"At work, The workers now",cau_ctx,0.5,0,,,,,,,,,,,
24,"At work, The workers now",cau_ctx,0.7,0,,,,,,,,,,,
24,"At work, The workers now",cau_ctx,0.9,0,,,,,,,,,,,
24,"At work, The workers now",cau_ctx,0.99,0,,,,,,,,,,,
24,"At work, The workers now",dua_ctx,0.3,1,133,0.30111,0.52036,4.15536,4.06897,0.02902,0.57676,0.05639,0.0064,0.42414,3.72482
24,"At work, The workers now",dua_ctx,0.5,1,189,0.50353,0.49423,6.74984,6.63341,0.03227,0.57676,0.08252,0.01367,0.96703,5.76914
24,"At work, The workers now",dua_ctx,0.7,1,242,0.70358,0.4808,8.77385,8.64591,0.04869,0.57676,0.09595,0.01846,1.69247,7.06292
24,"At work, The workers now",dua_ctx,0.9,1,313,0.90203,0.48084,10.34394,10.21004,0.05179,0.57676,0.09591,0.01845,2.47916,7.84633
24,"At work, The workers now",dua_ctx,0.99,1,389,0.99023,0.51297,11.27892,11.14235,0.05102,0.57676,0.06378,0.00818,3.02358,8.24716
24,"At work, The workers now",euc_unemb,0.3,1,2,0.95089,0.35566,1.20091,1.20986,0.17286,0.57676,0.2211,0.10095,0.30499,0.79497
24,"At work, The workers now",euc_unemb,0.5,1,2,0.95089,0.35566,1.20091,1.20986,0.17286,0.57676,0.2211,0.10095,0.30499,0.79497
24,"At work, The workers now",euc_unemb,0.7,1,2,0.95089,0.35566,1.20091,1.20986,0.17286,0.57676,0.2211,0.10095,0.30499,0.79497
24,"At work, The workers now",euc_unemb,0.9,1,2,0.95089,0.35566,1.20091,1.20986,0.17286,0.57676,0.2211,0.10095,0.30499,0.79497
24,"At work, The workers now",euc_unemb,0.99,1,3,0.99948,0.4532,2.90483,2.89054,0.18782,0.57676,0.12356,0.03064,0.6671,2.20709
24,"At work, The workers now",cau_unemb,0.3,1,32,0.33445,0.29385,0.3924,0.40359,0.12502,0.57676,0.2829,0.17228,0.03455,0.18557
24,"At work, The workers now",cau_unemb,0.5,1,37,0.52953,0.29806,0.45684,0.4679,0.12804,0.57676,0.2787,0.16661,0.03271,0.25751
24,"At work, The workers now",cau_unemb,0.7,1,42,0.71546,0.32797,0.51673,0.52687,0.02628,0.57676,0.24879,0.12989,0.03921,0.34764
24,"At work, The workers now",cau_unemb,0.9,1,50,0.9005,0.41316,0.66567,0.67251,0.04088,0.57676,0.16359,0.05408,0.07136,0.54023
24,"At work, The workers now",cau_unemb,0.99,1,66,0.99138,0.56446,1.29276,1.28766,0.04589,0.57676,0.01229,0.00031,0.15161,1.14084
24,"At work, The workers now",dua_unemb,0.3,1,2,0.3067,0.57205,0.1216,0.12576,0.00503,0.57676,0.0047,5e-05,0.01302,0.10853
24,"At work, The workers now",dua_unemb,0.5,1,3,0.50761,0.57958,0.25003,0.2528,0.00649,0.57676,0.00283,2e-05,0.02841,0.22161
24,"At work, The workers now",dua_unemb,0.7,1,5,0.73218,0.59781,0.61852,0.61362,0.01037,0.57676,0.02106,0.00092,0.05842,0.55918
24,"At work, The workers now",dua_unemb,0.9,1,10,0.9163,0.61287,2.54993,2.50706,0.0168,0.57676,0.03611,0.00272,0.10836,2.43885
24,"At work, The workers now",dua_unemb,0.99,1,18,0.99229,0.63753,6.21201,6.10091,0.02974,0.57676,0.06078,0.00783,0.18124,6.02295
24,"At work, The workers now",euc_dmd,0.3,1,2,0.93227,0.28039,1.14589,1.15546,0.10347,0.57676,0.29636,0.19133,0.14539,0.80917
24,"At work, The workers now",euc_dmd,0.5,1,2,0.93227,0.28039,1.14589,1.15546,0.10347,0.57676,0.29636,0.19133,0.14539,0.80917
24,"At work, The workers now",euc_dmd,0.7,1,2,0.93227,0.28039,1.14589,1.15546,0.10347,0.57676,0.29636,0.19133,0.14539,0.80917
24,"At work, The workers now",euc_dmd,0.9,1,2,0.93227,0.28039,1.14589,1.15546,0.10347,0.57676,0.29636,0.19133,0.14539,0.80917
24,"At work, The workers now",euc_dmd,0.99,1,3,0.99889,0.46526,2.26238,2.25475,0.17498,0.57676,0.11149,0.02493,0.33123,1.90621
24,"At work, The workers now",cau_dmd,0.3,1,13,0.34528,0.2568,0.61294,0.62431,0.15564,0.57676,0.31996,0.22837,0.07959,0.30498
24,"At work, The workers now",cau_dmd,0.5,1,15,0.53075,0.25655,0.6933,0.70435,0.13571,0.57676,0.3202,0.22878,0.06108,0.40344
24,"At work, The workers now",cau_dmd,0.7,1,17,0.70614,0.2775,0.77277,0.7828,0.03283,0.57676,0.29926,0.19562,0.05859,0.51857
24,"At work, The workers now",cau_dmd,0.9,1,21,0.91361,0.36173,1.0066,1.01246,0.04345,0.57676,0.21503,0.0952,0.10032,0.81108
24,"At work, The workers now",cau_dmd,0.99,1,28,0.99248,0.48632,1.77963,1.77262,0.04769,0.57676,0.09043,0.0164,0.20389,1.55934
24,"At work, The workers now",dua_dmd,0.3,1,2,0.40061,0.57292,0.151,0.15526,0.0125,0.57676,0.00383,3e-05,0.01131,0.13966
24,"At work, The workers now",dua_dmd,0.5,1,3,0.59877,0.55896,0.31156,0.31538,0.01709,0.57676,0.0178,0.00064,0.02328,0.28763
24,"At work, The workers now",dua_dmd,0.7,1,4,0.73024,0.5511,0.50673,0.50819,0.01956,0.57676,0.02565,0.00134,0.03708,0.46831
24,"At work, The workers now",dua_dmd,0.9,1,7,0.91074,0.54232,1.4688,1.45732,0.02747,0.57676,0.03444,0.0024,0.08539,1.381
24,"At work, The workers now",dua_dmd,0.99,1,15,0.99064,0.5561,5.85157,5.7947,0.02894,0.57676,0.02066,0.00087,0.18191,5.6688
250,"At work, We typically",euc_ctx,0.3,1,7,0.39722,0.26205,0.94046,0.95501,0.12826,0.5903,0.32825,0.2383,0.14017,0.56199
250,"At work, We typically",euc_ctx,0.5,1,8,0.61154,0.27505,1.07064,1.08421,0.12283,0.5903,0.31526,0.217,0.12771,0.72593
250,"At work, We typically",euc_ctx,0.7,1,9,0.78482,0.31737,1.1728,1.1845,0.13774,0.5903,0.27294,0.15716,0.10641,0.90923
250,"At work, We typically",euc_ctx,0.9,1,11,0.94726,0.44992,1.46773,1.47312,0.11175,0.5903,0.14039,0.03959,0.08704,1.3411
250,"At work, We typically",euc_ctx,0.99,1,14,0.99404,0.61384,2.26987,2.26117,0.11136,0.5903,0.02353,0.00116,0.10199,2.16672
250,"At work, We typically",cau_ctx,0.3,0,,,,,,,,,,,
250,"At work, We typically",cau_ctx,0.5,0,,,,,,,,,,,
250,"At work, We typically",cau_ctx,0.7,0,,,,,,,,,,,
250,"At work, We typically",cau_ctx,0.9,0,,,,,,,,,,,
250,"At work, We typically",cau_ctx,0.99,0,,,,,,,,,,,
250,"At work, We typically",dua_ctx,0.3,1,118,0.30278,0.53855,4.24897,4.1594,0.04344,0.5903,0.05175,0.00543,0.46074,3.7828
250,"At work, We typically",dua_ctx,0.5,1,168,0.50033,0.50895,6.85449,6.7348,0.04225,0.5903,0.08135,0.01333,1.02261,5.81856
250,"At work, We typically",dua_ctx,0.7,1,224,0.70043,0.48921,8.69245,8.56132,0.04734,0.5903,0.10109,0.02053,1.81649,6.85542
250,"At work, We typically",dua_ctx,0.9,1,306,0.90125,0.49556,10.51882,10.38211,0.05941,0.5903,0.09474,0.01804,2.85484,7.64593
250,"At work, We typically",dua_ctx,0.99,1,387,0.9903,0.54649,11.5309,11.39162,0.05687,0.5903,0.04381,0.0039,3.30813,8.21887
250,"At work, We typically",euc_unemb,0.3,1,2,0.95382,0.33984,1.42709,1.43869,0.17519,0.5903,0.25047,0.1305,0.39924,0.89735
250,"At work, We typically",euc_unemb,0.5,1,2,0.95382,0.33984,1.42709,1.43869,0.17519,0.5903,0.25047,0.1305,0.39924,0.89735
250,"At work, We typically",euc_unemb,0.7,1,2,0.95382,0.33984,1.42709,1.43869,0.17519,0.5903,0.25047,0.1305,0.39924,0.89735
250,"At work, We typically",euc_unemb,0.9,1,2,0.95382,0.33984,1.42709,1.43869,0.17519,0.5903,0.25047,0.1305,0.39924,0.89735
250,"At work, We typically",euc_unemb,0.99,1,3,0.99974,0.4481,3.42163,3.40538,0.19026,0.5903,0.1422,0.04063,0.82777,2.55322
250,"At work, We typically",cau_unemb,0.3,1,35,0.32224,0.26257,0.54988,0.56375,0.14025,0.5903,0.32773,0.23741,0.06356,0.24892
250,"At work, We typically",cau_unemb,0.5,1,40,0.54004,0.27056,0.62268,0.63632,0.10516,0.5903,0.31975,0.22419,0.06209,0.3364
250,"At work, We typically",cau_unemb,0.7,1,44,0.70682,0.2991,0.67529,0.68804,0.10553,0.5903,0.2912,0.18133,0.07163,0.42233
250,"At work, We typically",cau_unemb,0.9,1,52,0.90961,0.397,0.8494,0.85828,0.09646,0.5903,0.1933,0.07583,0.12244,0.65113
250,"At work, We typically",cau_unemb,0.99,1,65,0.99007,0.53496,1.45118,1.44874,0.10371,0.5903,0.05534,0.0062,0.22245,1.22253
250,"At work, We typically",dua_unemb,0.3,1,2,0.33085,0.58347,0.14177,0.14518,0.0104,0.5903,0.00684,0.0001,0.01326,0.12842
250,"At work, We typically",dua_unemb,0.5,1,3,0.54608,0.58921,0.28172,0.28351,0.01349,0.5903,0.0011,0.0,0.02793,0.25378
250,"At work, We typically",dua_unemb,0.7,1,5,0.78989,0.60667,0.69145,0.68447,0.0151,0.5903,0.01637,0.00056,0.0583,0.63259
250,"At work, We typically",dua_unemb,0.9,1,8,0.93236,0.6198,1.91588,1.88632,0.03188,0.5903,0.02949,0.00183,0.09306,1.821
250,"At work, We typically",dua_unemb,0.99,1,12,0.9902,0.63262,5.20156,5.12826,0.04255,0.5903,0.04232,0.0038,0.12769,5.07008
250,"At work, We typically",euc_dmd,0.3,1,2,0.90961,0.25079,1.40819,1.42102,0.1596,0.5903,0.33952,0.25802,0.22315,0.92701
250,"At work, We typically",euc_dmd,0.5,1,2,0.90961,0.25079,1.40819,1.42102,0.1596,0.5903,0.33952,0.25802,0.22315,0.92701
250,"At work, We typically",euc_dmd,0.7,1,2,0.90961,0.25079,1.40819,1.42102,0.1596,0.5903,0.33952,0.25802,0.22315,0.92701
250,"At work, We typically",euc_dmd,0.9,1,2,0.90961,0.25079,1.40819,1.42102,0.1596,0.5903,0.33952,0.25802,0.22315,0.92701
250,"At work, We typically",euc_dmd,0.99,1,3,0.99874,0.46276,2.71173,2.70457,0.17856,0.5903,0.12754,0.03266,0.4663,2.21277
250,"At work, We typically",cau_dmd,0.3,1,15,0.36,0.22628,0.88685,0.90018,0.12957,0.5903,0.36403,0.30554,0.15586,0.42545
250,"At work, We typically",cau_dmd,0.5,1,17,0.55637,0.23158,0.97665,0.98918,0.13334,0.5903,0.35872,0.29468,0.13197,0.55
250,"At work, We typically",cau_dmd,0.7,1,19,0.73356,0.25588,1.08056,1.09145,0.12405,0.5903,0.33443,0.24896,0.13235,0.69925
250,"At work, We typically",cau_dmd,0.9,1,23,0.92717,0.33065,1.4277,1.43259,0.10519,0.5903,0.25966,0.14101,0.19528,1.09141
250,"At work, We typically",cau_dmd,0.99,1,29,0.99147,0.39461,2.32203,2.31282,0.10473,0.5903,0.1957,0.07777,0.33194,1.91232
250,"At work, We typically",dua_dmd,0.3,1,2,0.38289,0.58506,0.15891,0.16298,0.01187,0.5903,0.00524,6e-05,0.01145,0.14741
250,"At work, We typically",dua_dmd,0.5,1,3,0.5837,0.56613,0.33593,0.34022,0.01449,0.5903,0.02418,0.0012,0.0252,0.30953
250,"At work, We typically",dua_dmd,0.7,1,4,0.72193,0.55668,0.55395,0.55591,0.01568,0.5903,0.03362,0.0023,0.04281,0.50883
250,"At work, We typically",dua_dmd,0.9,1,7,0.91419,0.54851,1.59991,1.58946,0.02333,0.5903,0.04179,0.00355,0.10301,1.49335
250,"At work, We typically",dua_dmd,0.99,1,13,0.99317,0.56188,5.431,5.38799,0.03556,0.5903,0.02843,0.00165,0.19081,5.23854
198,"Lately, These kids sometimes",euc_ctx,0.3,1,6,0.38673,0.21095,0.7076,0.71767,0.11725,0.51277,0.30182,0.22055,0.05304,0.43401
198,"Lately, These kids sometimes",euc_ctx,0.5,1,7,0.59482,0.21228,0.85018,0.85969,0.12748,0.51277,0.30049,0.21816,0.05659,0.57543
198,"Lately, These kids sometimes",euc_ctx,0.7,1,8,0.77076,0.23824,0.9635,0.97182,0.12587,0.51277,0.27454,0.17533,0.05532,0.73285
198,"Lately, These kids sometimes",euc_ctx,0.9,1,10,0.94334,0.34319,1.21511,1.21912,0.10148,0.51277,0.16959,0.06039,0.05455,1.10017
198,"Lately, These kids sometimes",euc_ctx,0.99,1,13,0.99364,0.51607,1.87943,1.87291,0.10013,0.51277,0.00329,2e-05,0.06967,1.80974
198,"Lately, These kids sometimes",cau_ctx,0.3,0,,,,,,,,,,,
198,"Lately, These kids sometimes",cau_ctx,0.5,0,,,,,,,,,,,
198,"Lately, These kids sometimes",cau_ctx,0.7,0,,,,,,,,,,,
198,"Lately, These kids sometimes",cau_ctx,0.9,0,,,,,,,,,,,
198,"Lately, These kids sometimes",cau_ctx,0.99,0,,,,,,,,,,,
198,"Lately, These kids sometimes",dua_ctx,0.3,1,123,0.30272,0.45834,3.45641,3.37194,0.09436,0.51277,0.05443,0.00594,0.34781,3.10266
198,"Lately, These kids sometimes",dua_ctx,0.5,1,178,0.50287,0.42612,5.80584,5.6907,0.10117,0.51277,0.08666,0.01517,0.76203,5.02864
198,"Lately, These kids sometimes",dua_ctx,0.7,1,238,0.70207,0.41183,7.43654,7.30862,0.10772,0.51277,0.10095,0.02067,1.26769,6.14818
198,"Lately, These kids sometimes",dua_ctx,0.9,1,350,0.90105,0.41611,10.43232,10.29623,0.14939,0.51277,0.09666,0.01893,2.26874,8.14465
198,"Lately, These kids sometimes",dua_ctx,0.99,1,447,0.99027,0.4636,12.77535,12.63683,0.1508,0.51277,0.04918,0.00485,3.13295,9.63755
198,"Lately, These kids sometimes",euc_unemb,0.3,1,2,0.95646,0.33913,1.32039,1.32678,0.13704,0.51277,0.17364,0.06349,0.2105,1.0464
198,"Lately, These kids sometimes",euc_unemb,0.5,1,2,0.95646,0.33913,1.32039,1.32678,0.13704,0.51277,0.17364,0.06349,0.2105,1.0464
198,"Lately, These kids sometimes",euc_unemb,0.7,1,2,0.95646,0.33913,1.32039,1.32678,0.13704,0.51277,0.17364,0.06349,0.2105,1.0464
198,"Lately, These kids sometimes",euc_unemb,0.9,1,2,0.95646,0.33913,1.32039,1.32678,0.13704,0.51277,0.17364,0.06349,0.2105,1.0464
198,"Lately, These kids sometimes",euc_unemb,0.99,1,3,0.99944,0.52744,2.96648,2.95161,0.14497,0.51277,0.01467,0.00043,0.44228,2.52377
198,"Lately, These kids sometimes",cau_unemb,0.3,1,29,0.30001,0.24663,0.40391,0.41403,0.08432,0.51277,0.26614,0.16297,0.02859,0.21235
198,"Lately, These kids sometimes",cau_unemb,0.5,1,35,0.53882,0.24795,0.51092,0.521,0.11269,0.51277,0.26483,0.1611,0.03412,0.3157
198,"Lately, These kids sometimes",cau_unemb,0.7,1,40,0.72847,0.27691,0.59534,0.60454,0.11178,0.51277,0.23587,0.12359,0.04771,0.42405
198,"Lately, These kids sometimes",cau_unemb,0.9,1,48,0.9095,0.36158,0.78716,0.79322,0.11012,0.51277,0.15119,0.04746,0.08678,0.65292
198,"Lately, These kids sometimes",cau_unemb,0.99,1,63,0.99142,0.50651,1.48112,1.47618,0.11429,0.51277,0.00626,8e-05,0.16285,1.3182
198,"Lately, These kids sometimes",dua_unemb,0.3,1,2,0.32646,0.51809,0.11805,0.12186,0.07933,0.51277,0.00532,6e-05,0.00804,0.10996
198,"Lately, These kids sometimes",dua_unemb,0.5,1,3,0.53228,0.52599,0.23949,0.24189,0.08468,0.51277,0.01322,0.00035,0.01816,0.22099
198,"Lately, These kids sometimes",dua_unemb,0.7,1,5,0.78633,0.54131,0.59455,0.58874,0.10217,0.51277,0.02854,0.00164,0.04218,0.55073
198,"Lately, These kids sometimes",dua_unemb,0.9,1,7,0.90615,0.54871,1.16,1.14097,0.08577,0.51277,0.03593,0.0026,0.06302,1.09438
198,"Lately, These kids sometimes",dua_unemb,0.99,1,12,0.99675,0.55722,4.15862,4.09236,0.09737,0.51277,0.04444,0.00398,0.09028,4.06436
198,"Lately, These kids sometimes",euc_dmd,0.3,1,2,0.94789,0.22554,1.51608,1.52103,0.13653,0.51277,0.28724,0.19537,0.15782,1.16289
198,"Lately, These kids sometimes",euc_dmd,0.5,1,2,0.94789,0.22554,1.51608,1.52103,0.13653,0.51277,0.28724,0.19537,0.15782,1.16289
198,"Lately, These kids sometimes",euc_dmd,0.7,1,2,0.94789,0.22554,1.51608,1.52103,0.13653,0.51277,0.28724,0.19537,0.15782,1.16289
198,"Lately, These kids sometimes",euc_dmd,0.9,1,2,0.94789,0.22554,1.51608,1.52103,0.13653,0.51277,0.28724,0.19537,0.15782,1.16289
198,"Lately, These kids sometimes",euc_dmd,0.99,1,3,0.999,0.45077,2.66459,2.65362,0.13354,0.51277,0.062,0.00772,0.2965,2.36036
198,"Lately, These kids sometimes",cau_dmd,0.3,1,12,0.35025,0.1897,0.71409,0.72372,0.13694,0.51277,0.32308,0.26207,0.07647,0.37555
198,"Lately, These kids sometimes",cau_dmd,0.5,1,14,0.54737,0.18566,0.84897,0.85811,0.13749,0.51277,0.32711,0.27067,0.07658,0.50173
198,"Lately, These kids sometimes",cau_dmd,0.7,1,16,0.72778,0.20144,0.97562,0.98363,0.13438,0.51277,0.31134,0.23838,0.09106,0.64618
198,"Lately, These kids sometimes",cau_dmd,0.9,1,20,0.92597,0.27535,1.28884,1.29273,0.11849,0.51277,0.23742,0.12543,0.16475,0.99866
198,"Lately, These kids sometimes",cau_dmd,0.99,1,26,0.99131,0.39494,2.03758,2.0311,0.12324,0.51277,0.11784,0.02835,0.2941,1.71513
198,"Lately, These kids sometimes",dua_dmd,0.3,1,2,0.43451,0.52389,0.15205,0.15516,0.08062,0.51277,0.01112,0.00025,0.0094,0.1424
198,"Lately, These kids sometimes",dua_dmd,0.5,1,3,0.69609,0.51377,0.36136,0.36285,0.10175,0.51277,0.00099,0.0,0.02501,0.33635
198,"Lately, These kids sometimes",dua_dmd,0.7,1,4,0.84119,0.50724,0.61888,0.61688,0.11171,0.51277,0.00553,6e-05,0.04158,0.57724
198,"Lately, These kids sometimes",dua_dmd,0.9,1,5,0.91726,0.5031,0.92895,0.92281,0.12756,0.51277,0.00967,0.00019,0.05718,0.87159
198,"Lately, These kids sometimes",dua_dmd,0.99,1,8,0.99358,0.49979,2.46805,2.44766,0.13695,0.51277,0.01298,0.00034,0.0956,2.37212
41,"Over time, The engineers generally",euc_ctx,0.3,1,6,0.4842,0.04706,0.793,0.79458,0.09235,0.27617,0.22911,0.28964,0.04628,0.45707
41,"Over time, The engineers generally",euc_ctx,0.5,1,7,0.69913,0.05252,0.88746,0.88817,0.09239,0.27617,0.22365,0.2635,0.04591,0.57805
41,"Over time, The engineers generally",euc_ctx,0.7,1,8,0.84762,0.06841,0.95283,0.95244,0.09505,0.27617,0.20777,0.20276,0.04286,0.70721
41,"Over time, The engineers generally",euc_ctx,0.9,1,9,0.92788,0.0963,1.01784,1.01609,0.09269,0.27617,0.17987,0.13031,0.04159,0.84594
41,"Over time, The engineers generally",euc_ctx,0.99,1,12,0.9925,0.26331,1.40215,1.39394,0.06443,0.27617,0.01286,0.00042,0.04942,1.3523
41,"Over time, The engineers generally",cau_ctx,0.3,0,,,,,,,,,,,
41,"Over time, The engineers generally",cau_ctx,0.5,0,,,,,,,,,,,
41,"Over time, The engineers generally",cau_ctx,0.7,0,,,,,,,,,,,
41,"Over time, The engineers generally",cau_ctx,0.9,0,,,,,,,,,,,
41,"Over time, The engineers generally",cau_ctx,0.99,0,,,,,,,,,,,
41,"Over time, The engineers generally",dua_ctx,0.3,1,68,0.30083,0.24769,1.50263,1.46871,0.01543,0.27617,0.02848,0.00212,0.10818,1.39232
41,"Over time, The engineers generally",dua_ctx,0.5,1,97,0.50103,0.22353,3.00784,2.94003,0.02534,0.27617,0.05265,0.00759,0.22256,2.7777
41,"Over time, The engineers generally",dua_ctx,0.7,1,126,0.70026,0.21887,4.51629,4.42327,0.02789,0.27617,0.0573,0.00908,0.35635,4.15087
41,"Over time, The engineers generally",dua_ctx,0.9,1,195,0.90182,0.27235,7.32132,7.1992,0.03551,0.27617,0.00382,4e-05,0.72043,6.60085
41,"Over time, The engineers generally",dua_ctx,0.99,1,264,0.9906,0.34163,9.31637,9.18299,0.03668,0.27617,0.06545,0.00987,1.13696,8.16955
41,"Over time, The engineers generally",euc_unemb,0.3,1,2,0.98432,0.12316,1.3233,1.32046,0.09795,0.27617,0.15302,0.08422,0.17249,1.06659
41,"Over time, The engineers generally",euc_unemb,0.5,1,2,0.98432,0.12316,1.3233,1.32046,0.09795,0.27617,0.15302,0.08422,0.17249,1.06659
41,"Over time, The engineers generally",euc_unemb,0.7,1,2,0.98432,0.12316,1.3233,1.32046,0.09795,0.27617,0.15302,0.08422,0.17249,1.06659
41,"Over time, The engineers generally",euc_unemb,0.9,1,2,0.98432,0.12316,1.3233,1.32046,0.09795,0.27617,0.15302,0.08422,0.17249,1.06659
41,"Over time, The engineers generally",euc_unemb,0.99,1,3,0.99991,0.32049,3.21956,3.19454,0.09414,0.27617,0.04431,0.00463,0.36608,2.84886
41,"Over time, The engineers generally",cau_unemb,0.3,1,28,0.32488,0.06636,0.43976,0.44372,0.09473,0.27617,0.20981,0.20955,0.01756,0.21265
41,"Over time, The engineers generally",cau_unemb,0.5,1,32,0.50443,0.06613,0.49857,0.50236,0.09579,0.27617,0.21005,0.21035,0.0175,0.27072
41,"Over time, The engineers generally",cau_unemb,0.7,1,37,0.72126,0.07796,0.54869,0.55198,0.0946,0.27617,0.19821,0.17411,0.0208,0.35377
41,"Over time, The engineers generally",cau_unemb,0.9,1,44,0.90461,0.12165,0.61727,0.6192,0.09189,0.27617,0.15452,0.08637,0.03489,0.49601
41,"Over time, The engineers generally",cau_unemb,0.99,1,57,0.99039,0.28657,0.97429,0.97052,0.06159,0.27617,0.0104,0.00027,0.06922,0.9048
41,"Over time, The engineers generally",dua_unemb,0.3,1,2,0.5735,0.35199,0.20783,0.21042,0.02852,0.27617,0.07582,0.0131,0.01443,0.1803
41,"Over time, The engineers generally",dua_unemb,0.5,1,2,0.5735,0.35199,0.20783,0.21042,0.02852,0.27617,0.07582,0.0131,0.01443,0.1803
41,"Over time, The engineers generally",dua_unemb,0.7,1,3,0.79423,0.38446,0.39936,0.39886,0.03052,0.27617,0.10828,0.02594,0.02663,0.34679
41,"Over time, The engineers generally",dua_unemb,0.9,1,4,0.90323,0.40621,0.65693,0.65081,0.03243,0.27617,0.13003,0.03678,0.03677,0.58338
41,"Over time, The engineers generally",dua_unemb,0.99,1,7,0.99739,0.43728,2.11096,2.07637,0.03581,0.27617,0.16111,0.05533,0.05144,2.0042
41,"Over time, The engineers generally",euc_dmd,0.3,1,2,0.97446,0.04521,1.52447,1.51647,0.10111,0.27617,0.23096,0.29934,0.08793,1.13719
41,"Over time, The engineers generally",euc_dmd,0.5,1,2,0.97446,0.04521,1.52447,1.51647,0.10111,0.27617,0.23096,0.29934,0.08793,1.13719
41,"Over time, The engineers generally",euc_dmd,0.7,1,2,0.97446,0.04521,1.52447,1.51647,0.10111,0.27617,0.23096,0.29934,0.08793,1.13719
41,"Over time, The engineers generally",euc_dmd,0.9,1,2,0.97446,0.04521,1.52447,1.51647,0.10111,0.27617,0.23096,0.29934,0.08793,1.13719
41,"Over time, The engineers generally",euc_dmd,0.99,1,3,0.99968,0.16922,2.40285,2.38136,0.10178,0.27617,0.10695,0.03552,0.17544,2.19189
41,"Over time, The engineers generally",cau_dmd,0.3,1,12,0.39548,0.04003,0.78046,0.78128,0.09826,0.27617,0.23614,0.329,0.05143,0.40002
41,"Over time, The engineers generally",cau_dmd,0.5,1,13,0.50247,0.03926,0.83965,0.83999,0.0989,0.27617,0.23692,0.33384,0.04922,0.45659
41,"Over time, The engineers generally",cau_dmd,0.7,1,15,0.70343,0.04292,0.94076,0.93997,0.09896,0.27617,0.23325,0.31194,0.05044,0.57838
41,"Over time, The engineers generally",cau_dmd,0.9,1,19,0.92525,0.07148,1.1343,1.13045,0.08839,0.27617,0.20469,0.19302,0.07822,0.86307
41,"Over time, The engineers generally",cau_dmd,0.99,1,25,0.99243,0.1658,1.63059,1.61927,0.06451,0.27617,0.11037,0.03819,0.13874,1.45366
41,"Over time, The engineers generally",dua_dmd,0.3,1,2,0.63105,0.36026,0.21203,0.21476,0.02716,0.27617,0.08408,0.01598,0.0093,0.18675
41,"Over time, The engineers generally",dua_dmd,0.5,1,2,0.63105,0.36026,0.21203,0.21476,0.02716,0.27617,0.08408,0.01598,0.0093,0.18675
41,"Over time, The engineers generally",dua_dmd,0.7,1,3,0.86088,0.37519,0.43988,0.4405,0.02949,0.27617,0.09901,0.02186,0.02129,0.39673
41,"Over time, The engineers generally",dua_dmd,0.9,1,4,0.95363,0.38301,0.75472,0.75113,0.03027,0.27617,0.10684,0.02528,0.03148,0.69795
41,"Over time, The engineers generally",dua_dmd,0.99,1,6,0.9961,0.39457,1.79104,1.77581,0.03173,0.27617,0.1184,0.03076,0.04462,1.71566
194,"In this case, Our customers usually",euc_ctx,0.3,1,6,0.47649,0.23636,0.85868,0.87067,0.12379,0.57935,0.34299,0.26859,0.08505,0.50504
194,"In this case, Our customers usually",euc_ctx,0.5,1,7,0.71627,0.25651,1.00863,1.01935,0.12381,0.57935,0.32284,0.23244,0.10293,0.67326
194,"In this case, Our customers usually",euc_ctx,0.7,1,7,0.71627,0.25651,1.00863,1.01935,0.12381,0.57935,0.32284,0.23244,0.10293,0.67326
194,"In this case, Our customers usually",euc_ctx,0.9,1,9,0.94758,0.38651,1.26975,1.27498,0.06252,0.57935,0.19283,0.07575,0.11749,1.07651
194,"In this case, Our customers usually",euc_ctx,0.99,1,11,0.99132,0.53363,1.71919,1.7156,0.05877,0.57935,0.04572,0.00422,0.12977,1.58521
194,"In this case, Our customers usually",cau_ctx,0.3,0,,,,,,,,,,,
194,"In this case, Our customers usually",cau_ctx,0.5,0,,,,,,,,,,,
194,"In this case, Our customers usually",cau_ctx,0.7,0,,,,,,,,,,,
194,"In this case, Our customers usually",cau_ctx,0.9,0,,,,,,,,,,,
194,"In this case, Our customers usually",cau_ctx,0.99,0,,,,,,,,,,,
194,"In this case, Our customers usually",dua_ctx,0.3,1,111,0.30072,0.5129,3.83129,3.73989,0.03052,0.57935,0.06644,0.00888,0.33608,3.48633
194,"In this case, Our customers usually",dua_ctx,0.5,1,156,0.50076,0.47624,6.32791,6.20878,0.05235,0.57935,0.10311,0.02132,0.79802,5.50857
194,"In this case, Our customers usually",dua_ctx,0.7,1,205,0.70339,0.45831,7.95848,7.82813,0.05887,0.57935,0.12104,0.0294,1.45731,6.47178
194,"In this case, Our customers usually",dua_ctx,0.9,1,284,0.90132,0.47326,10.30573,10.16908,0.05905,0.57935,0.10608,0.02257,2.50201,7.78114
194,"In this case, Our customers usually",dua_ctx,0.99,1,355,0.9902,0.51947,11.6743,11.53482,0.07148,0.57935,0.05987,0.00722,3.11806,8.54902
194,"In this case, Our customers usually",euc_unemb,0.3,1,2,0.98578,0.45428,1.52244,1.52357,0.14525,0.57935,0.12506,0.03139,0.33363,1.15742
194,"In this case, Our customers usually",euc_unemb,0.5,1,2,0.98578,0.45428,1.52244,1.52357,0.14525,0.57935,0.12506,0.03139,0.33363,1.15742
194,"In this case, Our customers usually",euc_unemb,0.7,1,2,0.98578,0.45428,1.52244,1.52357,0.14525,0.57935,0.12506,0.03139,0.33363,1.15742
194,"In this case, Our customers usually",euc_unemb,0.9,1,2,0.98578,0.45428,1.52244,1.52357,0.14525,0.57935,0.12506,0.03139,0.33363,1.15742
194,"In this case, Our customers usually",euc_unemb,0.99,1,3,0.99994,0.53751,3.69103,3.65945,0.1444,0.57935,0.04184,0.00354,0.67624,3.01125
194,"In this case, Our customers usually",cau_unemb,0.3,1,29,0.3419,0.26434,0.48594,0.49743,0.104,0.57935,0.31501,0.21946,0.0382,0.22827
194,"In this case, Our customers usually",cau_unemb,0.5,1,33,0.53562,0.26836,0.55894,0.57015,0.10766,0.57935,0.31099,0.21303,0.04294,0.30297
194,"In this case, Our customers usually",cau_unemb,0.7,1,37,0.71882,0.29698,0.61672,0.62696,0.10813,0.57935,0.28237,0.17111,0.05251,0.3931
194,"In this case, Our customers usually",cau_unemb,0.9,1,44,0.91106,0.39085,0.7487,0.75536,0.10592,0.57935,0.18849,0.07226,0.07817,0.59826
194,"In this case, Our customers usually",cau_unemb,0.99,1,56,0.99089,0.54613,1.25155,1.24734,0.09271,0.57935,0.03322,0.00224,0.12055,1.12877
194,"In this case, Our customers usually",dua_unemb,0.3,1,2,0.34044,0.57569,0.14265,0.14558,0.01515,0.57935,0.00365,3e-05,0.01575,0.12688
194,"In this case, Our customers usually",dua_unemb,0.5,1,3,0.54416,0.58592,0.28781,0.28755,0.01753,0.57935,0.00657,9e-05,0.03672,0.251
194,"In this case, Our customers usually",dua_unemb,0.7,1,5,0.76169,0.60266,0.70636,0.69296,0.0183,0.57935,0.02332,0.00113,0.07361,0.63162
194,"In this case, Our customers usually",dua_unemb,0.9,1,8,0.90763,0.60969,1.88845,1.84301,0.02166,0.57935,0.03034,0.00192,0.11453,1.772
194,"In this case, Our customers usually",dua_unemb,0.99,1,12,0.99294,0.61596,4.52113,4.42709,0.02697,0.57935,0.03661,0.0028,0.15046,4.36787
194,"In this case, Our customers usually",euc_dmd,0.3,1,2,0.98167,0.31502,1.51263,1.51702,0.14603,0.57935,0.26433,0.14787,0.17345,1.1913
194,"In this case, Our customers usually",euc_dmd,0.5,1,2,0.98167,0.31502,1.51263,1.51702,0.14603,0.57935,0.26433,0.14787,0.17345,1.1913
194,"In this case, Our customers usually",euc_dmd,0.7,1,2,0.98167,0.31502,1.51263,1.51702,0.14603,0.57935,0.26433,0.14787,0.17345,1.1913
194,"In this case, Our customers usually",euc_dmd,0.9,1,2,0.98167,0.31502,1.51263,1.51702,0.14603,0.57935,0.26433,0.14787,0.17345,1.1913
194,"In this case, Our customers usually",euc_dmd,0.99,1,3,0.99987,0.49727,3.00824,2.98827,0.13024,0.57935,0.08208,0.01353,0.323,2.67172
194,"In this case, Our customers usually",cau_dmd,0.3,1,12,0.40162,0.20169,0.82907,0.84158,0.1218,0.57935,0.37766,0.34181,0.10376,0.3835
194,"In this case, Our customers usually",cau_dmd,0.5,1,13,0.52022,0.20122,0.89251,0.90478,0.13004,0.57935,0.37813,0.34291,0.10233,0.44727
194,"In this case, Our customers usually",cau_dmd,0.7,1,15,0.73637,0.22258,0.99985,1.01096,0.10385,0.57935,0.35677,0.29586,0.11248,0.59152
194,"In this case, Our customers usually",cau_dmd,0.9,1,18,0.91785,0.2953,1.18762,1.19522,0.10189,0.57935,0.28404,0.17338,0.15586,0.85838
194,"In this case, Our customers usually",cau_dmd,0.99,1,23,0.9904,0.41908,1.76232,1.75975,0.09921,0.57935,0.16027,0.05183,0.23867,1.47182
194,"In this case, Our customers usually",dua_dmd,0.3,1,2,0.4652,0.57703,0.20274,0.20698,0.02152,0.57935,0.00232,1e-05,0.02248,0.18025
194,"In this case, Our customers usually",dua_dmd,0.5,1,3,0.75204,0.55342,0.52853,0.53173,0.02838,0.57935,0.02593,0.00137,0.06053,0.46663
194,"In this case, Our customers usually",dua_dmd,0.7,1,3,0.75204,0.55342,0.52853,0.53173,0.02838,0.57935,0.02593,0.00137,0.06053,0.46663
194,"In this case, Our customers usually",dua_dmd,0.9,1,5,0.95966,0.54156,1.54744,1.53945,0.04172,0.57935,0.03779,0.00289,0.1135,1.43105
194,"In this case, Our customers usually",dua_dmd,0.99,1,7,0.99171,0.54847,3.09792,3.07538,0.054,0.57935,0.03087,0.00193,0.1395,2.95649
62,"In this case, They just",euc_ctx,0.3,1,5,0.42412,0.06019,0.342,0.34075,0.07667,0.22411,0.16392,0.14592,0.02547,0.17062
62,"In this case, They just",euc_ctx,0.5,1,6,0.61521,0.06204,0.39751,0.39529,0.07791,0.22411,0.16207,0.14065,0.02688,0.22998
62,"In this case, They just",euc_ctx,0.7,1,7,0.77153,0.07285,0.43591,0.43253,0.07777,0.22411,0.15127,0.11366,0.02665,0.2956
62,"In this case, They just",euc_ctx,0.9,1,9,0.93276,0.12371,0.51848,0.51218,0.07473,0.22411,0.1004,0.03875,0.03105,0.44868
62,"In this case, They just",euc_ctx,0.99,1,13,0.99448,0.34546,0.99449,0.97861,0.07614,0.22411,0.12134,0.03498,0.05335,0.90617
62,"In this case, They just",cau_ctx,0.3,0,,,,,,,,,,,
62,"In this case, They just",cau_ctx,0.5,0,,,,,,,,,,,
62,"In this case, They just",cau_ctx,0.7,0,,,,,,,,,,,
62,"In this case, They just",cau_ctx,0.9,0,,,,,,,,,,,
62,"In this case, They just",cau_ctx,0.99,0,,,,,,,,,,,
62,"In this case, They just",dua_ctx,0.3,1,48,0.30184,0.20924,0.48345,0.45642,0.03009,0.22411,0.01488,0.00066,0.04473,0.43807
62,"In this case, They just",dua_ctx,0.5,1,78,0.50502,0.19951,1.17863,1.11522,0.04024,0.22411,0.0246,0.00184,0.09887,1.07791
62,"In this case, They just",dua_ctx,0.7,1,109,0.7016,0.19681,2.00447,1.91361,0.05123,0.22411,0.0273,0.00228,0.16337,1.83881
62,"In this case, They just",dua_ctx,0.9,1,167,0.90049,0.2101,4.06102,3.94216,0.06029,0.22411,0.01401,0.00058,0.3183,3.74214
62,"In this case, They just",dua_ctx,0.99,1,204,0.9902,0.22572,5.87054,5.74345,0.05753,0.22411,0.00161,1e-05,0.43093,5.4396
62,"In this case, They just",euc_unemb,0.3,1,1,0.40059,0.06036,0.34458,0.34566,0.11877,0.22411,0.16375,0.14542,0.01832,0.18084
62,"In this case, They just",euc_unemb,0.5,1,2,0.97702,0.14711,0.80974,0.80495,0.11073,0.22411,0.077,0.02093,0.11033,0.67849
62,"In this case, They just",euc_unemb,0.7,1,2,0.97702,0.14711,0.80974,0.80495,0.11073,0.22411,0.077,0.02093,0.11033,0.67849
62,"In this case, They just",euc_unemb,0.9,1,2,0.97702,0.14711,0.80974,0.80495,0.11073,0.22411,0.077,0.02093,0.11033,0.67849
62,"In this case, They just",euc_unemb,0.99,1,3,0.99965,0.38236,2.01037,1.9901,0.12742,0.22411,0.15825,0.05726,0.20731,1.7458
62,"In this case, They just",cau_unemb,0.3,1,23,0.31062,0.08071,0.20655,0.20748,0.1157,0.22411,0.1434,0.0973,0.00744,0.10181
62,"In this case, They just",cau_unemb,0.5,1,28,0.50112,0.07831,0.26368,0.26415,0.11727,0.22411,0.1458,0.10204,0.01195,0.14969
62,"In this case, They just",cau_unemb,0.7,1,34,0.72406,0.09003,0.326,0.32555,0.11939,0.22411,0.13408,0.08071,0.02342,0.22187
62,"In this case, They just",cau_unemb,0.9,1,42,0.9039,0.13272,0.4289,0.42649,0.13368,0.22411,0.09139,0.03101,0.04657,0.35131
62,"In this case, They just",cau_unemb,0.99,1,57,0.99026,0.28154,0.86422,0.85495,0.09293,0.22411,0.05742,0.00854,0.08962,0.76606
62,"In this case, They just",dua_unemb,0.3,1,2,0.45297,0.26601,0.10521,0.1075,0.06363,0.22411,0.0419,0.00466,0.0159,0.08465
62,"In this case, They just",dua_unemb,0.5,1,3,0.64849,0.28891,0.21848,0.21575,0.07005,0.22411,0.06479,0.01075,0.03013,0.17761
62,"In this case, They just",dua_unemb,0.7,1,4,0.73675,0.29875,0.34191,0.33188,0.07178,0.22411,0.07464,0.01405,0.03846,0.2894
62,"In this case, They just",dua_unemb,0.9,1,10,0.91817,0.32035,1.41973,1.3537,0.08258,0.22411,0.09624,0.02268,0.07399,1.32306
62,"In this case, They just",dua_unemb,0.99,1,16,0.99268,0.33481,2.90101,2.7944,0.0979,0.22411,0.1107,0.02948,0.12963,2.7419
62,"In this case, They just",euc_dmd,0.3,1,1,0.42159,0.03669,0.48771,0.48521,0.12551,0.22411,0.18742,0.23766,0.02212,0.22793
62,"In this case, They just",euc_dmd,0.5,1,2,0.97541,0.06298,0.97709,0.96605,0.14405,0.22411,0.16113,0.13807,0.10362,0.7354
62,"In this case, They just",euc_dmd,0.7,1,2,0.97541,0.06298,0.97709,0.96605,0.14405,0.22411,0.16113,0.13807,0.10362,0.7354
62,"In this case, They just",euc_dmd,0.9,1,2,0.97541,0.06298,0.97709,0.96605,0.14405,0.22411,0.16113,0.13807,0.10362,0.7354
62,"In this case, They just",euc_dmd,0.99,1,3,0.99939,0.17632,1.70193,1.67801,0.12811,0.22411,0.04779,0.00737,0.19288,1.50168
62,"In this case, They just",cau_dmd,0.3,1,9,0.35191,0.04709,0.41919,0.41829,0.12509,0.22411,0.17702,0.19018,0.03285,0.19616
62,"In this case, They just",cau_dmd,0.5,1,11,0.54807,0.04283,0.52963,0.52759,0.14338,0.22411,0.18128,0.20797,0.04152,0.28014
62,"In this case, They just",cau_dmd,0.7,1,13,0.72508,0.04496,0.62974,0.62631,0.14459,0.22411,0.17915,0.19883,0.05204,0.37887
62,"In this case, They just",cau_dmd,0.9,1,17,0.92025,0.06366,0.85174,0.84467,0.1281,0.22411,0.16045,0.13622,0.08394,0.63158
62,"In this case, They just",cau_dmd,0.99,1,24,0.99206,0.11995,1.53243,1.51538,0.11676,0.22411,0.10416,0.04235,0.1576,1.33249
62,"In this case, They just",dua_dmd,0.3,1,2,0.53048,0.26472,0.11611,0.11773,0.06856,0.22411,0.0406,0.00439,0.01594,0.09579
62,"In this case, They just",dua_dmd,0.5,1,2,0.53048,0.26472,0.11611,0.11773,0.06856,0.22411,0.0406,0.00439,0.01594,0.09579
62,"In this case, They just",dua_dmd,0.7,1,3,0.72807,0.27667,0.23441,0.23096,0.07405,0.22411,0.05255,0.00721,0.02838,0.19883
62,"In this case, They just",dua_dmd,0.9,1,7,0.92565,0.28272,0.92118,0.88672,0.07997,0.22411,0.0586,0.00887,0.0591,0.85321
62,"In this case, They just",dua_dmd,0.99,1,12,0.99649,0.29421,2.36328,2.29054,0.06904,0.22411,0.0701,0.01248,0.09601,2.2548
21,"At work, Students really",euc_ctx,0.3,1,5,0.30592,0.13262,0.66141,0.66558,0.16963,0.42781,0.2952,0.26303,0.05183,0.34656
21,"At work, Students really",euc_ctx,0.5,1,6,0.51886,0.12553,0.81269,0.81604,0.17125,0.42781,0.30228,0.28186,0.06309,0.46774
21,"At work, Students really",euc_ctx,0.7,1,7,0.72102,0.13921,0.91518,0.91728,0.16944,0.42781,0.2886,0.24664,0.06853,0.60001
21,"At work, Students really",euc_ctx,0.9,1,9,0.93257,0.22422,1.0802,1.0784,0.15319,0.42781,0.2036,0.10222,0.07609,0.90189
21,"At work, Students really",euc_ctx,0.99,1,12,0.99301,0.43117,1.59248,1.58086,0.14807,0.42781,0.00335,2e-05,0.09705,1.49541
21,"At work, Students really",cau_ctx,0.3,0,,,,,,,,,,,
21,"At work, Students really",cau_ctx,0.5,0,,,,,,,,,,,
21,"At work, Students really",cau_ctx,0.7,0,,,,,,,,,,,
21,"At work, Students really",cau_ctx,0.9,0,,,,,,,,,,,
21,"At work, Students really",cau_ctx,0.99,0,,,,,,,,,,,
21,"At work, Students really",dua_ctx,0.3,1,94,0.30228,0.37526,2.08304,2.00563,0.1173,0.42781,0.05256,0.00579,0.18329,1.89395
21,"At work, Students really",dua_ctx,0.5,1,140,0.50074,0.35339,3.75609,3.64566,0.12808,0.42781,0.07443,0.0118,0.39819,3.3461
21,"At work, Students really",dua_ctx,0.7,1,186,0.70211,0.34666,5.49839,5.3728,0.15325,0.42781,0.08116,0.0141,0.66387,4.82042
21,"At work, Students really",dua_ctx,0.9,1,239,0.90023,0.348,7.41948,7.28657,0.15083,0.42781,0.07982,0.01362,0.98313,6.42272
21,"At work, Students really",dua_ctx,0.99,1,283,0.9902,0.37202,8.9545,8.81863,0.15424,0.42781,0.05579,0.00654,1.21781,7.73015
21,"At work, Students really",euc_unemb,0.3,1,2,0.97606,0.26075,1.37375,1.37092,0.15457,0.42781,0.16706,0.06524,0.22184,1.08667
21,"At work, Students really",euc_unemb,0.5,1,2,0.97606,0.26075,1.37375,1.37092,0.15457,0.42781,0.16706,0.06524,0.22184,1.08667
21,"At work, Students really",euc_unemb,0.7,1,2,0.97606,0.26075,1.37375,1.37092,0.15457,0.42781,0.16706,0.06524,0.22184,1.08667
21,"At work, Students really",euc_unemb,0.9,1,2,0.97606,0.26075,1.37375,1.37092,0.15457,0.42781,0.16706,0.06524,0.22184,1.08667
21,"At work, Students really",euc_unemb,0.99,1,3,0.99981,0.49008,3.17721,3.14996,0.15864,0.42781,0.06226,0.00779,0.50855,2.66087
21,"At work, Students really",cau_unemb,0.3,1,27,0.3107,0.16836,0.42714,0.43232,0.15608,0.42781,0.25945,0.18501,0.02327,0.21887
21,"At work, Students really",cau_unemb,0.5,1,32,0.51644,0.16657,0.51928,0.52393,0.15821,0.42781,0.26124,0.18835,0.02508,0.30585
21,"At work, Students really",cau_unemb,0.7,1,37,0.71602,0.18685,0.59753,0.60107,0.15973,0.42781,0.24096,0.15329,0.03264,0.4116
21,"At work, Students really",cau_unemb,0.9,1,45,0.90817,0.25988,0.75568,0.75596,0.11344,0.42781,0.16794,0.066,0.05635,0.63334
21,"At work, Students really",cau_unemb,0.99,1,59,0.99062,0.41412,1.34667,1.33665,0.10712,0.42781,0.01369,0.00038,0.10071,1.24558
21,"At work, Students really",dua_unemb,0.3,1,2,0.33659,0.44586,0.12819,0.13062,0.02597,0.42781,0.01804,0.00066,0.02035,0.10718
21,"At work, Students really",dua_unemb,0.5,1,3,0.51357,0.45897,0.25543,0.25385,0.0284,0.42781,0.03116,0.00196,0.03957,0.2139
21,"At work, Students really",dua_unemb,0.7,1,6,0.73263,0.47318,0.82686,0.80176,0.03689,0.42781,0.04536,0.00415,0.07577,0.74695
21,"At work, Students really",dua_unemb,0.9,1,13,0.90736,0.4905,3.20844,3.1175,0.04709,0.42781,0.06268,0.00789,0.12865,3.07189
21,"At work, Students really",dua_unemb,0.99,1,21,0.99413,0.50777,5.32496,5.19965,0.07144,0.42781,0.07995,0.01282,0.22362,5.08852
21,"At work, Students really",euc_dmd,0.3,1,2,0.9681,0.11556,1.64534,1.6401,0.16412,0.42781,0.31225,0.31077,0.14092,1.19365
21,"At work, Students really",euc_dmd,0.5,1,2,0.9681,0.11556,1.64534,1.6401,0.16412,0.42781,0.31225,0.31077,0.14092,1.19365
21,"At work, Students really",euc_dmd,0.7,1,2,0.9681,0.11556,1.64534,1.6401,0.16412,0.42781,0.31225,0.31077,0.14092,1.19365
21,"At work, Students really",euc_dmd,0.9,1,2,0.9681,0.11556,1.64534,1.6401,0.16412,0.42781,0.31225,0.31077,0.14092,1.19365
21,"At work, Students really",euc_dmd,0.99,1,3,0.99945,0.28812,2.66318,2.64158,0.15276,0.42781,0.13969,0.04413,0.29063,2.32842
21,"At work, Students really",cau_dmd,0.3,1,11,0.38441,0.09462,0.91202,0.91576,0.17327,0.42781,0.33319,0.38292,0.08758,0.44152
21,"At work, Students really",cau_dmd,0.5,1,13,0.59223,0.08903,1.09366,1.09606,0.16942,0.42781,0.33879,0.40547,0.09548,0.59271
21,"At work, Students really",cau_dmd,0.7,1,15,0.76737,0.09495,1.25444,1.25499,0.15624,0.42781,0.33286,0.38163,0.10619,0.76662
21,"At work, Students really",cau_dmd,0.9,1,18,0.91546,0.11729,1.51907,1.51577,0.1496,0.42781,0.31053,0.30555,0.13427,1.07924
21,"At work, Students really",cau_dmd,0.99,1,24,0.99035,0.16307,2.33373,2.31883,0.13217,0.42781,0.26474,0.19504,0.21151,1.92718
21,"At work, Students really",dua_dmd,0.3,1,2,0.3982,0.43759,0.14542,0.14804,0.02945,0.42781,0.00978,0.00019,0.01901,0.12622
21,"At work, Students really",dua_dmd,0.5,1,3,0.59898,0.43269,0.29922,0.29841,0.03532,0.42781,0.00488,5e-05,0.03892,0.26025
21,"At work, Students really",dua_dmd,0.7,1,4,0.72464,0.42755,0.49054,0.48404,0.1006,0.42781,0.00026,0.0,0.05652,0.43402
21,"At work, Students really",dua_dmd,0.9,1,8,0.9201,0.42065,1.85003,1.81115,0.11388,0.42781,0.00716,0.00011,0.10691,1.74302
21,"At work, Students really",dua_dmd,0.99,1,14,0.99156,0.42495,4.55384,4.4734,0.0563,0.42781,0.00287,2e-05,0.17717,4.37665
152,"At work, People still",euc_ctx,0.3,1,3,0.4216,0.28083,0.17956,0.18367,0.06589,0.41267,0.13184,0.0399,0.00933,0.13033
152,"At work, People still",euc_ctx,0.5,1,4,0.63362,0.28591,0.27508,0.27895,0.06798,0.41267,0.12676,0.03666,0.01441,0.224
152,"At work, People still",euc_ctx,0.7,1,5,0.8028,0.3196,0.37784,0.3807,0.06803,0.41267,0.09307,0.01908,0.01877,0.34
152,"At work, People still",euc_ctx,0.9,1,6,0.90468,0.37393,0.50437,0.50547,0.06698,0.41267,0.03874,0.00316,0.02253,0.47868
152,"At work, People still",euc_ctx,0.99,1,9,0.99109,0.55694,1.12145,1.11376,0.03683,0.41267,0.14427,0.04184,0.03475,1.04486
152,"At work, People still",cau_ctx,0.3,0,,,,,,,,,,,
152,"At work, People still",cau_ctx,0.5,0,,,,,,,,,,,
152,"At work, People still",cau_ctx,0.7,0,,,,,,,,,,,
152,"At work, People still",cau_ctx,0.9,0,,,,,,,,,,,
152,"At work, People still",cau_ctx,0.99,0,,,,,,,,,,,
152,"At work, People still",dua_ctx,0.3,1,89,0.30206,0.38714,2.02237,1.97479,0.02013,0.41267,0.02553,0.00136,0.15437,1.86663
152,"At work, People still",dua_ctx,0.5,1,136,0.50417,0.35256,4.24392,4.15349,0.03392,0.41267,0.06011,0.00774,0.35845,3.87773
152,"At work, People still",dua_ctx,0.7,1,182,0.70354,0.33335,6.06341,5.95031,0.04262,0.41267,0.07932,0.01368,0.6288,5.42093
152,"At work, People still",dua_ctx,0.9,1,257,0.90056,0.3541,8.46986,8.34195,0.04637,0.41267,0.05857,0.00734,1.16516,7.29737
152,"At work, People still",dua_ctx,0.99,1,370,0.99014,0.44908,10.84419,10.70909,0.05178,0.41267,0.03641,0.0027,1.87048,8.97102
152,"At work, People still",euc_unemb,0.3,1,1,0.80341,0.30578,0.37089,0.37462,0.07133,0.41267,0.10689,0.02551,0.06146,0.28391
152,"At work, People still",euc_unemb,0.5,1,1,0.80341,0.30578,0.37089,0.37462,0.07133,0.41267,0.10689,0.02551,0.06146,0.28391
152,"At work, People still",euc_unemb,0.7,1,1,0.80341,0.30578,0.37089,0.37462,0.07133,0.41267,0.10689,0.02551,0.06146,0.28391
152,"At work, People still",euc_unemb,0.9,1,2,0.99703,0.53417,1.63168,1.61982,0.10505,0.41267,0.1215,0.02963,0.23104,1.37101
152,"At work, People still",euc_unemb,0.99,1,2,0.99703,0.53417,1.63168,1.61982,0.10505,0.41267,0.1215,0.02963,0.23104,1.37101
152,"At work, People still",cau_unemb,0.3,1,13,0.303,0.3052,0.08084,0.08412,0.06052,0.41267,0.10746,0.0258,0.00621,0.04883
152,"At work, People still",cau_unemb,0.5,1,19,0.53479,0.30377,0.14914,0.15253,0.06546,0.41267,0.1089,0.02653,0.01379,0.10882
152,"At work, People still",cau_unemb,0.7,1,24,0.72079,0.33293,0.22088,0.22353,0.06717,0.41267,0.07974,0.01384,0.02495,0.1821
152,"At work, People still",cau_unemb,0.9,1,32,0.9037,0.42123,0.40895,0.40871,0.0216,0.41267,0.00856,0.00015,0.05232,0.35648
152,"At work, People still",cau_unemb,0.99,1,47,0.99045,0.58061,1.09894,1.08851,0.04179,0.41267,0.16794,0.05691,0.11215,0.92987
152,"At work, People still",dua_unemb,0.3,1,1,0.35469,0.44287,0.07023,0.0728,0.01052,0.41267,0.0302,0.00186,0.00542,0.06296
152,"At work, People still",dua_unemb,0.5,1,2,0.59999,0.45742,0.1951,0.1972,0.01373,0.41267,0.04475,0.00406,0.01517,0.17587
152,"At work, People still",dua_unemb,0.7,1,3,0.76437,0.47081,0.36433,0.36382,0.01463,0.41267,0.05814,0.00683,0.02615,0.33135
152,"At work, People still",dua_unemb,0.9,1,5,0.92742,0.48876,0.88667,0.87657,0.01928,0.41267,0.07609,0.01166,0.04401,0.831
152,"At work, People still",dua_unemb,0.99,1,8,0.99684,0.50403,2.21517,2.18287,0.02021,0.41267,0.09136,0.01677,0.05712,2.14128
152,"At work, People still",euc_dmd,0.3,1,1,0.78931,0.24118,0.42639,0.42873,0.07416,0.41267,0.17149,0.07118,0.04075,0.31446
152,"At work, People still",euc_dmd,0.5,1,1,0.78931,0.24118,0.42639,0.42873,0.07416,0.41267,0.17149,0.07118,0.04075,0.31446
152,"At work, People still",euc_dmd,0.7,1,1,0.78931,0.24118,0.42639,0.42873,0.07416,0.41267,0.17149,0.07118,0.04075,0.31446
152,"At work, People still",euc_dmd,0.9,1,2,0.99591,0.45126,1.31242,1.30217,0.08924,0.41267,0.03859,0.00303,0.14491,1.16448
152,"At work, People still",euc_dmd,0.99,1,2,0.99591,0.45126,1.31242,1.30217,0.08924,0.41267,0.03859,0.00303,0.14491,1.16448
152,"At work, People still",cau_dmd,0.3,1,6,0.38303,0.25765,0.17887,0.18199,0.0695,0.41267,0.15502,0.05681,0.01387,0.10818
152,"At work, People still",cau_dmd,0.5,1,8,0.58049,0.25085,0.27019,0.27292,0.07161,0.41267,0.16182,0.0625,0.01941,0.18829
152,"At work, People still",cau_dmd,0.7,1,10,0.75317,0.26764,0.36979,0.37144,0.07086,0.41267,0.14502,0.04907,0.03064,0.29008
152,"At work, People still",cau_dmd,0.9,1,13,0.90734,0.32342,0.56519,0.56401,0.0694,0.41267,0.08925,0.01748,0.06079,0.48692
152,"At work, People still",cau_dmd,0.99,1,20,0.99268,0.46476,1.33994,1.32761,0.03872,0.41267,0.05209,0.00549,0.15047,1.18398
152,"At work, People still",dua_dmd,0.3,1,1,0.49868,0.46743,0.11585,0.11713,0.01325,0.41267,0.05476,0.00606,0.00592,0.10386
152,"At work, People still",dua_dmd,0.5,1,2,0.80927,0.47019,0.34857,0.34896,0.01801,0.41267,0.05752,0.00669,0.01825,0.32362
152,"At work, People still",dua_dmd,0.7,1,2,0.80927,0.47019,0.34857,0.34896,0.01801,0.41267,0.05752,0.00669,0.01825,0.32362
152,"At work, People still",dua_dmd,0.9,1,3,0.94001,0.47039,0.6801,0.67748,0.02615,0.41267,0.05772,0.00673,0.02973,0.64364
152,"At work, People still",dua_dmd,0.99,1,5,0.99509,0.47615,1.63443,1.62429,0.02716,0.41267,0.06348,0.00813,0.04303,1.58327
37,"Over time, They often",euc_ctx,0.3,1,6,0.48265,0.09052,0.73051,0.73722,0.08393,0.32063,0.23011,0.20733,0.03249,0.49069
37,"Over time, They often",euc_ctx,0.5,1,7,0.6813,0.09765,0.85362,0.86,0.08346,0.32063,0.22298,0.18836,0.03238,0.63288
37,"Over time, They often",euc_ctx,0.7,1,8,0.82743,0.11861,0.96011,0.96581,0.08132,0.32063,0.20202,0.14199,0.03079,0.78733
37,"Over time, They often",euc_ctx,0.9,1,9,0.91308,0.15319,1.07267,1.07734,0.07874,0.32063,0.16744,0.08715,0.03031,0.95521
37,"Over time, They often",euc_ctx,0.99,1,13,0.99479,0.38234,1.86583,1.862,0.03241,0.32063,0.06172,0.00826,0.04041,1.81716
37,"Over time, They often",cau_ctx,0.3,0,,,,,,,,,,,
37,"Over time, They often",cau_ctx,0.5,0,,,,,,,,,,,
37,"Over time, They often",cau_ctx,0.7,0,,,,,,,,,,,
37,"Over time, They often",cau_ctx,0.9,0,,,,,,,,,,,
37,"Over time, They often",cau_ctx,0.99,0,,,,,,,,,,,
37,"Over time, They often",dua_ctx,0.3,1,92,0.30275,0.29737,2.47288,2.43475,0.02253,0.32063,0.02326,0.00128,0.15148,2.32013
37,"Over time, They often",dua_ctx,0.5,1,129,0.50265,0.27146,4.75429,4.68093,0.02736,0.32063,0.04916,0.0059,0.31386,4.43453
37,"Over time, They often",dua_ctx,0.7,1,172,0.70321,0.27061,7.17606,7.07606,0.02993,0.32063,0.05002,0.00612,0.56027,6.60968
37,"Over time, They often",dua_ctx,0.9,1,269,0.90017,0.32867,10.33783,10.21303,0.03879,0.32063,0.00804,0.00015,1.24915,9.08853
37,"Over time, They often",dua_ctx,0.99,1,369,0.99043,0.40117,13.00482,12.87146,0.0404,0.32063,0.08054,0.01388,1.9106,11.08034
37,"Over time, They often",euc_unemb,0.3,1,1,0.30149,0.08637,0.52643,0.53344,0.07991,0.32063,0.23426,0.2193,0.02604,0.2811
37,"Over time, They often",euc_unemb,0.5,1,2,0.97583,0.17293,1.30534,1.30744,0.07895,0.32063,0.1477,0.06431,0.13857,1.10246
37,"Over time, They often",euc_unemb,0.7,1,2,0.97583,0.17293,1.30534,1.30744,0.07895,0.32063,0.1477,0.06431,0.13857,1.10246
37,"Over time, They often",euc_unemb,0.9,1,2,0.97583,0.17293,1.30534,1.30744,0.07895,0.32063,0.1477,0.06431,0.13857,1.10246
37,"Over time, They often",euc_unemb,0.99,1,3,0.99974,0.33764,3.05768,3.04123,0.07169,0.32063,0.01702,0.00065,0.28943,2.7676
37,"Over time, They often",cau_unemb,0.3,1,27,0.31071,0.11475,0.36402,0.37067,0.0778,0.32063,0.20588,0.14963,0.01356,0.20084
37,"Over time, They often",cau_unemb,0.5,1,32,0.50985,0.11405,0.44706,0.45385,0.07763,0.32063,0.20658,0.15105,0.01675,0.27926
37,"Over time, They often",cau_unemb,0.7,1,37,0.70518,0.12959,0.52039,0.52692,0.07677,0.32063,0.19104,0.12212,0.02579,0.37248
37,"Over time, They often",cau_unemb,0.9,1,46,0.91377,0.20063,0.68487,0.68969,0.07105,0.32063,0.12,0.03981,0.05632,0.58873
37,"Over time, They often",cau_unemb,0.99,1,60,0.99049,0.37423,1.22994,1.22814,0.05687,0.32063,0.0536,0.00627,0.10672,1.11696
37,"Over time, They often",dua_unemb,0.3,1,2,0.49076,0.36382,0.17475,0.18003,0.02324,0.32063,0.04319,0.00411,0.0076,0.16305
37,"Over time, They often",dua_unemb,0.5,1,3,0.74639,0.39496,0.35814,0.36177,0.02612,0.32063,0.07433,0.01187,0.0182,0.32807
37,"Over time, They often",dua_unemb,0.7,1,3,0.74639,0.39496,0.35814,0.36177,0.02612,0.32063,0.07433,0.01187,0.0182,0.32807
37,"Over time, They often",dua_unemb,0.9,1,5,0.95586,0.43864,0.93925,0.93501,0.02613,0.32063,0.11801,0.02914,0.03724,0.87287
37,"Over time, They often",dua_unemb,0.99,1,7,0.99808,0.46032,2.07395,2.05663,0.0283,0.32063,0.1397,0.04044,0.04619,1.98733
37,"Over time, They often",euc_dmd,0.3,1,2,0.96513,0.09269,1.50201,1.50035,0.08292,0.32063,0.22794,0.20135,0.10428,1.19637
37,"Over time, They often",euc_dmd,0.5,1,2,0.96513,0.09269,1.50201,1.50035,0.08292,0.32063,0.22794,0.20135,0.10428,1.19637
37,"Over time, They often",euc_dmd,0.7,1,2,0.96513,0.09269,1.50201,1.50035,0.08292,0.32063,0.22794,0.20135,0.10428,1.19637
37,"Over time, They often",euc_dmd,0.9,1,2,0.96513,0.09269,1.50201,1.50035,0.08292,0.32063,0.22794,0.20135,0.10428,1.19637
37,"Over time, They often",euc_dmd,0.99,1,3,0.99934,0.24938,2.57044,2.55631,0.08289,0.32063,0.07125,0.01282,0.19902,2.3586
37,"Over time, They often",cau_dmd,0.3,1,11,0.31843,0.08355,0.60185,0.60656,0.08107,0.32063,0.23708,0.22783,0.04197,0.33205
37,"Over time, They often",cau_dmd,0.5,1,13,0.5076,0.079,0.73422,0.73849,0.082,0.32063,0.24163,0.24242,0.04509,0.4467
37,"Over time, They often",cau_dmd,0.7,1,16,0.76672,0.09178,0.91467,0.91768,0.08068,0.32063,0.22885,0.20385,0.06541,0.64541
37,"Over time, They often",cau_dmd,0.9,1,19,0.91023,0.12646,1.11126,1.11223,0.07671,0.32063,0.19417,0.12752,0.1035,0.88023
37,"Over time, They often",cau_dmd,0.99,1,26,0.99205,0.26105,1.83402,1.82661,0.05953,0.32063,0.05958,0.0088,0.20311,1.62211
37,"Over time, They often",dua_dmd,0.3,1,2,0.52725,0.36431,0.17376,0.17888,0.02467,0.32063,0.04368,0.0042,0.0061,0.16346
37,"Over time, They often",dua_dmd,0.5,1,2,0.52725,0.36431,0.17376,0.17888,0.02467,0.32063,0.04368,0.0042,0.0061,0.16346
37,"Over time, They often",dua_dmd,0.7,1,3,0.7678,0.37577,0.37186,0.3761,0.02415,0.32063,0.05514,0.00663,0.01521,0.35002
37,"Over time, They often",dua_dmd,0.9,1,5,0.93953,0.38482,0.95838,0.95797,0.02774,0.32063,0.06419,0.00892,0.03301,0.91645
37,"Over time, They often",dua_dmd,0.99,1,8,0.99277,0.39961,2.59462,2.58344,0.03024,0.32063,0.07899,0.01336,0.0566,2.52466
29,"In this case, They usually",euc_ctx,0.3,1,5,0.3106,0.19739,0.54471,0.55482,0.10339,0.45041,0.25302,0.16345,0.04158,0.33968
29,"In this case, They usually",euc_ctx,0.5,1,6,0.51133,0.18984,0.69941,0.70967,0.12154,0.45041,0.26058,0.17588,0.04993,0.4736
29,"In this case, They usually",euc_ctx,0.7,1,7,0.70482,0.20577,0.82673,0.83655,0.12096,0.45041,0.24464,0.15049,0.05148,0.62476
29,"In this case, They usually",euc_ctx,0.9,1,9,0.92103,0.29613,1.08224,1.08937,0.04347,0.45041,0.15429,0.05291,0.04839,0.98094
29,"In this case, They usually",euc_ctx,0.99,1,12,0.99057,0.4781,1.73422,1.73318,0.03335,0.45041,0.02769,0.00154,0.05546,1.67722
29,"In this case, They usually",cau_ctx,0.3,0,,,,,,,,,,,
29,"In this case, They usually",cau_ctx,0.5,0,,,,,,,,,,,
29,"In this case, They usually",cau_ctx,0.7,0,,,,,,,,,,,
29,"In this case, They usually",cau_ctx,0.9,0,,,,,,,,,,,
29,"In this case, They usually",cau_ctx,0.99,0,,,,,,,,,,,
29,"In this case, They usually",dua_ctx,0.3,1,119,0.30297,0.42756,3.77475,3.70474,0.0235,0.45041,0.02285,0.00106,0.33889,3.4348
29,"In this case, They usually",dua_ctx,0.5,1,171,0.50181,0.4154,6.32288,6.21857,0.03099,0.45041,0.03501,0.00251,0.72887,5.5915
29,"In this case, They usually",dua_ctx,0.7,1,233,0.70215,0.42126,8.48009,8.35789,0.03832,0.45041,0.02916,0.00173,1.31369,7.16466
29,"In this case, They usually",dua_ctx,0.9,1,309,0.90046,0.44073,10.9305,10.79927,0.04,0.45041,0.00968,0.00019,2.01537,8.91494
29,"In this case, They usually",dua_ctx,0.99,1,406,0.99003,0.50365,12.96186,12.82628,0.03963,0.45041,0.05323,0.00568,2.6259,10.33029
29,"In this case, They usually",euc_unemb,0.3,1,1,0.32618,0.17172,0.49908,0.51045,0.12239,0.45041,0.27869,0.2089,0.04679,0.24339
29,"In this case, They usually",euc_unemb,0.5,1,2,0.97738,0.29108,1.42196,1.42748,0.13462,0.45041,0.15933,0.05673,0.24352,1.12171
29,"In this case, They usually",euc_unemb,0.7,1,2,0.97738,0.29108,1.42196,1.42748,0.13462,0.45041,0.15933,0.05673,0.24352,1.12171
29,"In this case, They usually",euc_unemb,0.9,1,2,0.97738,0.29108,1.42196,1.42748,0.13462,0.45041,0.15933,0.05673,0.24352,1.12171
29,"In this case, They usually",euc_unemb,0.99,1,3,0.99974,0.38015,3.34566,3.33,0.14313,0.45041,0.07026,0.01027,0.48079,2.8546
29,"In this case, They usually",cau_unemb,0.3,1,26,0.3127,0.20965,0.34847,0.35747,0.09446,0.45041,0.24076,0.14477,0.02346,0.18024
29,"In this case, They usually",cau_unemb,0.5,1,31,0.51207,0.20772,0.43968,0.44887,0.11409,0.45041,0.24269,0.1476,0.02998,0.2621
29,"In this case, They usually",cau_unemb,0.7,1,36,0.70688,0.22899,0.52355,0.53227,0.09643,0.45041,0.22143,0.11865,0.04029,0.36461
29,"In this case, They usually",cau_unemb,0.9,1,44,0.90045,0.30279,0.69675,0.70316,0.04601,0.45041,0.14762,0.04811,0.06554,0.5831
29,"In this case, They usually",cau_unemb,0.99,1,59,0.99048,0.45692,1.34313,1.34031,0.08593,0.45041,0.0065,9e-05,0.11594,1.22711
29,"In this case, They usually",dua_unemb,0.3,1,2,0.40024,0.46614,0.15576,0.16115,0.01021,0.45041,0.01573,0.0005,0.01155,0.14371
29,"In this case, They usually",dua_unemb,0.5,1,3,0.62884,0.48575,0.31814,0.32208,0.01532,0.45041,0.03533,0.0025,0.02687,0.28877
29,"In this case, They usually",dua_unemb,0.7,1,4,0.76493,0.50214,0.52553,0.52637,0.01813,0.45041,0.05173,0.00536,0.04154,0.47864
29,"In this case, They usually",dua_unemb,0.9,1,7,0.9248,0.52403,1.5961,1.58033,0.0219,0.45041,0.07362,0.01085,0.07122,1.51402
29,"In this case, They usually",dua_unemb,0.99,1,11,0.99524,0.53261,4.10483,4.05365,0.02482,0.45041,0.0822,0.01354,0.09228,3.99902
29,"In this case, They usually",euc_dmd,0.3,1,1,0.31571,0.13931,0.65401,0.66351,0.14345,0.45041,0.3111,0.28201,0.04904,0.32296
29,"In this case, They usually",euc_dmd,0.5,1,2,0.96888,0.2052,1.47398,1.47812,0.14228,0.45041,0.24521,0.15135,0.15027,1.17236
29,"In this case, They usually",euc_dmd,0.7,1,2,0.96888,0.2052,1.47398,1.47812,0.14228,0.45041,0.24521,0.15135,0.15027,1.17236
29,"In this case, They usually",euc_dmd,0.9,1,2,0.96888,0.2052,1.47398,1.47812,0.14228,0.45041,0.24521,0.15135,0.15027,1.17236
29,"In this case, They usually",euc_dmd,0.99,1,3,0.99937,0.37457,2.76657,2.75549,0.14308,0.45041,0.07584,0.012,0.27926,2.4753
29,"In this case, They usually",cau_dmd,0.3,1,11,0.37818,0.1625,0.63594,0.64421,0.13873,0.45041,0.28791,0.22767,0.06234,0.34593
29,"In this case, They usually",cau_dmd,0.5,1,13,0.57421,0.16017,0.76641,0.77426,0.13948,0.45041,0.29025,0.23266,0.05954,0.47421
29,"In this case, They usually",cau_dmd,0.7,1,15,0.74599,0.17479,0.89058,0.89743,0.13456,0.45041,0.27562,0.20296,0.06451,0.62312
29,"In this case, They usually",cau_dmd,0.9,1,18,0.90127,0.22012,1.11141,1.11564,0.11336,0.45041,0.23029,0.13015,0.09069,0.89057
29,"In this case, They usually",cau_dmd,0.99,1,25,0.99111,0.3393,1.96124,1.95463,0.08922,0.45041,0.11111,0.0264,0.17739,1.75745
29,"In this case, They usually",dua_dmd,0.3,1,2,0.48666,0.46707,0.18917,0.19461,0.01762,0.45041,0.01666,0.00056,0.01002,0.17859
29,"In this case, They usually",dua_dmd,0.5,1,3,0.71673,0.46371,0.40333,0.40781,0.02319,0.45041,0.0133,0.00036,0.02355,0.37942
29,"In this case, They usually",dua_dmd,0.7,1,3,0.71673,0.46371,0.40333,0.40781,0.02319,0.45041,0.0133,0.00036,0.02355,0.37942
29,"In this case, They usually",dua_dmd,0.9,1,5,0.92861,0.46214,1.0256,1.02385,0.02694,0.45041,0.01172,0.00028,0.05554,0.96978
29,"In this case, They usually",dua_dmd,0.99,1,7,0.9907,0.46751,2.20349,2.19278,0.02906,0.45041,0.01709,0.00059,0.08658,2.11633
128,"At home, Many people typically",euc_ctx,0.3,1,6,0.32609,0.23044,0.83155,0.84609,0.09394,0.55961,0.32917,0.25071,0.07417,0.50668
128,"At home, Many people typically",euc_ctx,0.5,1,7,0.56679,0.22917,1.00919,1.02329,0.10093,0.55961,0.33044,0.25307,0.07944,0.67668
128,"At home, Many people typically",euc_ctx,0.7,1,8,0.77635,0.26427,1.1373,1.15003,0.10173,0.55961,0.29534,0.19385,0.07697,0.86648
128,"At home, Many people typically",euc_ctx,0.9,1,9,0.90011,0.32892,1.2645,1.27494,0.08752,0.55961,0.2307,0.11189,0.07517,1.07744
128,"At home, Many people typically",euc_ctx,0.99,1,12,0.99269,0.55884,1.95583,1.95446,0.10081,0.55961,0.00077,0.0,0.09275,1.86308
128,"At home, Many people typically",cau_ctx,0.3,0,,,,,,,,,,,
128,"At home, Many people typically",cau_ctx,0.5,0,,,,,,,,,,,
128,"At home, Many people typically",cau_ctx,0.7,0,,,,,,,,,,,
128,"At home, Many people typically",cau_ctx,0.9,0,,,,,,,,,,,
128,"At home, Many people typically",cau_ctx,0.99,0,,,,,,,,,,,
128,"At home, Many people typically",dua_ctx,0.3,1,115,0.30034,0.50822,4.31487,4.22876,0.04503,0.55961,0.05139,0.0053,0.44035,3.86921
128,"At home, Many people typically",dua_ctx,0.5,1,166,0.50291,0.47447,7.01769,6.89881,0.04641,0.55961,0.08514,0.01452,0.97448,6.02869
128,"At home, Many people typically",dua_ctx,0.7,1,221,0.70176,0.46677,8.82432,8.69386,0.07737,0.55961,0.09284,0.01727,1.68046,7.12659
128,"At home, Many people typically",dua_ctx,0.9,1,291,0.90078,0.47793,10.78193,10.64551,0.05092,0.55961,0.08168,0.01336,2.43865,8.32991
128,"At home, Many people typically",dua_ctx,0.99,1,378,0.99032,0.53182,11.99631,11.85667,0.0546,0.55961,0.02779,0.00156,3.20695,8.7878
128,"At home, Many people typically",euc_unemb,0.3,1,2,0.9752,0.3693,1.48197,1.48974,0.12567,0.55961,0.19031,0.07441,0.33989,1.06767
128,"At home, Many people typically",euc_unemb,0.5,1,2,0.9752,0.3693,1.48197,1.48974,0.12567,0.55961,0.19031,0.07441,0.33989,1.06767
128,"At home, Many people typically",euc_unemb,0.7,1,2,0.9752,0.3693,1.48197,1.48974,0.12567,0.55961,0.19031,0.07441,0.33989,1.06767
128,"At home, Many people typically",euc_unemb,0.9,1,2,0.9752,0.3693,1.48197,1.48974,0.12567,0.55961,0.19031,0.07441,0.33989,1.06767
128,"At home, Many people typically",euc_unemb,0.99,1,3,0.99988,0.50172,3.60601,3.58442,0.13119,0.55961,0.05789,0.00672,0.71665,2.88264
128,"At home, Many people typically",cau_unemb,0.3,1,32,0.31287,0.24525,0.52387,0.53726,0.09245,0.55961,0.31436,0.22441,0.05094,0.24852
128,"At home, Many people typically",cau_unemb,0.5,1,37,0.54102,0.25227,0.60936,0.62264,0.09276,0.55961,0.30734,0.21273,0.05321,0.34342
128,"At home, Many people typically",cau_unemb,0.7,1,41,0.71537,0.28215,0.67087,0.68334,0.08908,0.55961,0.27746,0.16805,0.06619,0.43663
128,"At home, Many people typically",cau_unemb,0.9,1,48,0.90357,0.37379,0.83436,0.84364,0.07216,0.55961,0.18582,0.0708,0.1151,0.64846
128,"At home, Many people typically",cau_unemb,0.99,1,61,0.9905,0.53547,1.47495,1.47309,0.08693,0.55961,0.02414,0.00117,0.2218,1.25198
128,"At home, Many people typically",dua_unemb,0.3,1,2,0.43602,0.57966,0.17273,0.17497,0.0302,0.55961,0.02005,0.00082,0.01846,0.15345
128,"At home, Many people typically",dua_unemb,0.5,1,3,0.66139,0.59185,0.34336,0.34305,0.03286,0.55961,0.03224,0.00214,0.03315,0.30808
128,"At home, Many people typically",dua_unemb,0.7,1,4,0.80274,0.60514,0.57094,0.56592,0.03433,0.55961,0.04553,0.00429,0.04903,0.51763
128,"At home, Many people typically",dua_unemb,0.9,1,6,0.93943,0.62293,1.27522,1.2557,0.03954,0.55961,0.06332,0.00837,0.07582,1.19102
128,"At home, Many people typically",dua_unemb,0.99,1,8,0.99037,0.63085,2.52597,2.48592,0.04224,0.55961,0.07124,0.01065,0.09244,2.42288
128,"At home, Many people typically",euc_dmd,0.3,1,2,0.95885,0.24615,1.57813,1.58797,0.11087,0.55961,0.31346,0.22289,0.20209,1.15314
128,"At home, Many people typically",euc_dmd,0.5,1,2,0.95885,0.24615,1.57813,1.58797,0.11087,0.55961,0.31346,0.22289,0.20209,1.15314
128,"At home, Many people typically",euc_dmd,0.7,1,2,0.95885,0.24615,1.57813,1.58797,0.11087,0.55961,0.31346,0.22289,0.20209,1.15314
128,"At home, Many people typically",euc_dmd,0.9,1,2,0.95885,0.24615,1.57813,1.58797,0.11087,0.55961,0.31346,0.22289,0.20209,1.15314
128,"At home, Many people typically",euc_dmd,0.99,1,3,0.99966,0.4742,3.04267,3.0315,0.13188,0.55961,0.08541,0.01461,0.43299,2.59507
128,"At home, Many people typically",cau_dmd,0.3,1,13,0.30575,0.19906,0.85213,0.86581,0.10895,0.55961,0.36055,0.31503,0.11501,0.42209
128,"At home, Many people typically",cau_dmd,0.5,1,15,0.51747,0.19509,0.99104,1.00435,0.10425,0.55961,0.36452,0.32412,0.10924,0.55768
128,"At home, Many people typically",cau_dmd,0.7,1,17,0.7202,0.21521,1.12378,1.13589,0.08965,0.55961,0.3444,0.28034,0.12731,0.71612
128,"At home, Many people typically",cau_dmd,0.9,1,20,0.9031,0.27846,1.37652,1.38518,0.07717,0.55961,0.28115,0.17315,0.19632,1.00704
128,"At home, Many people typically",cau_dmd,0.99,1,26,0.99112,0.39958,2.23693,2.2333,0.08551,0.55961,0.16003,0.05198,0.36613,1.81882
128,"At home, Many people typically",dua_dmd,0.3,1,2,0.54873,0.58761,0.23653,0.23886,0.03671,0.55961,0.028,0.00161,0.01864,0.21628
128,"At home, Many people typically",dua_dmd,0.5,1,2,0.54873,0.58761,0.23653,0.23886,0.03671,0.55961,0.028,0.00161,0.01864,0.21628
128,"At home, Many people typically",dua_dmd,0.7,1,3,0.7792,0.5612,0.54328,0.54592,0.04187,0.55961,0.00159,1e-05,0.03718,0.50609
128,"At home, Many people typically",dua_dmd,0.9,1,5,0.94012,0.55061,1.41503,1.41197,0.04095,0.55961,0.009,0.00016,0.06625,1.34862
128,"At home, Many people typically",dua_dmd,0.99,1,8,0.99619,0.55673,3.70696,3.69004,0.0416,0.55961,0.00288,2e-05,0.09779,3.60916
65,"Today, We still",euc_ctx,0.3,1,7,0.34842,0.23413,0.82366,0.83721,0.27294,0.64009,0.40596,0.37198,0.05815,0.39354
65,"Today, We still",euc_ctx,0.5,1,8,0.57615,0.23113,0.956,0.96884,0.2276,0.64009,0.40897,0.37883,0.06979,0.50738
65,"Today, We still",euc_ctx,0.7,1,9,0.77409,0.26027,1.0324,1.04376,0.08102,0.64009,0.37982,0.31672,0.08179,0.63389
65,"Today, We still",euc_ctx,0.9,1,11,0.95463,0.38593,1.16701,1.17311,0.09206,0.64009,0.25416,0.13157,0.10501,0.93043
65,"Today, We still",euc_ctx,0.99,1,13,0.99182,0.52416,1.45182,1.44999,0.08815,0.64009,0.11593,0.0274,0.12638,1.29803
65,"Today, We still",cau_ctx,0.3,0,,,,,,,,,,,
65,"Today, We still",cau_ctx,0.5,0,,,,,,,,,,,
65,"Today, We still",cau_ctx,0.7,0,,,,,,,,,,,
65,"Today, We still",cau_ctx,0.9,0,,,,,,,,,,,
65,"Today, We still",cau_ctx,0.99,0,,,,,,,,,,,
65,"Today, We still",dua_ctx,0.3,1,128,0.30026,0.58742,2.64368,2.53428,0.0123,0.64009,0.05267,0.00581,0.32072,2.31715
65,"Today, We still",dua_ctx,0.5,1,203,0.50182,0.56894,4.07387,3.94343,0.01998,0.64009,0.07115,0.0105,0.71784,3.34553
65,"Today, We still",dua_ctx,0.7,1,277,0.70144,0.55963,5.49755,5.36178,0.02318,0.64009,0.08046,0.01337,1.12771,4.35648
65,"Today, We still",dua_ctx,0.9,1,352,0.9012,0.5513,6.57214,6.43432,0.03492,0.64009,0.08879,0.01622,1.52042,5.0355
65,"Today, We still",dua_ctx,0.99,1,405,0.9904,0.55526,7.06615,6.92756,0.04395,0.64009,0.08483,0.01483,1.81483,5.23648
65,"Today, We still",euc_unemb,0.3,1,2,0.8293,0.186,1.54648,1.55721,0.35587,0.64009,0.45409,0.49734,0.3965,0.65264
65,"Today, We still",euc_unemb,0.5,1,2,0.8293,0.186,1.54648,1.55721,0.35587,0.64009,0.45409,0.49734,0.3965,0.65264
65,"Today, We still",euc_unemb,0.7,1,2,0.8293,0.186,1.54648,1.55721,0.35587,0.64009,0.45409,0.49734,0.3965,0.65264
65,"Today, We still",euc_unemb,0.9,1,3,0.99789,0.39434,2.66962,2.66108,0.38477,0.64009,0.24576,0.12274,0.93377,1.61311
65,"Today, We still",euc_unemb,0.99,1,3,0.99789,0.39434,2.66962,2.66108,0.38477,0.64009,0.24576,0.12274,0.93377,1.61311
65,"Today, We still",cau_unemb,0.3,1,37,0.31837,0.19483,0.8656,0.87632,0.27786,0.64009,0.44526,0.47157,0.067,0.32703
65,"Today, We still",cau_unemb,0.5,1,42,0.52565,0.18418,0.98366,0.99346,0.28921,0.64009,0.45592,0.50285,0.05867,0.42214
65,"Today, We still",cau_unemb,0.7,1,47,0.72344,0.19679,1.05175,1.06,0.29937,0.64009,0.4433,0.46605,0.05651,0.52919
65,"Today, We still",cau_unemb,0.9,1,55,0.91095,0.25594,1.13272,1.13722,0.30364,0.64009,0.38416,0.32537,0.07921,0.72814
65,"Today, We still",cau_unemb,0.99,1,69,0.99082,0.39542,1.43911,1.43348,0.09853,0.64009,0.24467,0.12163,0.13936,1.17812
65,"Today, We still",dua_unemb,0.3,1,4,0.36966,0.62215,0.25718,0.25219,0.00535,0.64009,0.01794,0.00069,0.04633,0.21017
65,"Today, We still",dua_unemb,0.5,1,7,0.51084,0.62558,0.70558,0.67268,0.00671,0.64009,0.01451,0.00045,0.08068,0.62445
65,"Today, We still",dua_unemb,0.7,1,15,0.7017,0.62076,2.29898,2.18193,0.01519,0.64009,0.01933,0.0008,0.1482,2.14998
65,"Today, We still",dua_unemb,0.9,1,27,0.90052,0.59608,3.4168,3.27921,0.06812,0.64009,0.04401,0.00408,0.29903,3.11369
65,"Today, We still",dua_unemb,0.99,1,35,0.99252,0.58257,4.56092,4.42211,0.09573,0.64009,0.05752,0.00691,0.45272,4.1013
65,"Today, We still",euc_dmd,0.3,1,2,0.86084,0.1303,1.6654,1.67632,0.36786,0.64009,0.50979,0.70134,0.17478,0.78928
65,"Today, We still",euc_dmd,0.5,1,2,0.86084,0.1303,1.6654,1.67632,0.36786,0.64009,0.50979,0.70134,0.17478,0.78928
65,"Today, We still",euc_dmd,0.7,1,2,0.86084,0.1303,1.6654,1.67632,0.36786,0.64009,0.50979,0.70134,0.17478,0.78928
65,"Today, We still",euc_dmd,0.9,1,3,0.99799,0.28981,2.33083,2.32688,0.2986,0.64009,0.35028,0.26257,0.38441,1.68385
65,"Today, We still",euc_dmd,0.99,1,3,0.99799,0.28981,2.33083,2.32688,0.2986,0.64009,0.35028,0.26257,0.38441,1.68385
65,"Today, We still",cau_dmd,0.3,1,14,0.40169,0.16605,1.15141,1.16631,0.29705,0.64009,0.47404,0.56126,0.12354,0.46661
65,"Today, We still",cau_dmd,0.5,1,15,0.51524,0.16282,1.21741,1.23198,0.30703,0.64009,0.47727,0.57243,0.11495,0.53003
65,"Today, We still",cau_dmd,0.7,1,17,0.72394,0.17433,1.31614,1.32951,0.26059,0.64009,0.46576,0.5337,0.11428,0.66817
65,"Today, We still",cau_dmd,0.9,1,20,0.90723,0.22573,1.45503,1.46526,0.10963,0.64009,0.41436,0.39143,0.15546,0.90813
65,"Today, We still",cau_dmd,0.99,1,26,0.99171,0.34998,1.98179,1.98116,0.10116,0.64009,0.29011,0.17368,0.27187,1.53624
65,"Today, We still",dua_dmd,0.3,1,3,0.40542,0.59907,0.24467,0.24822,0.00527,0.64009,0.04102,0.00355,0.04629,0.19483
65,"Today, We still",dua_dmd,0.5,1,4,0.53392,0.58811,0.41726,0.4158,0.00701,0.64009,0.05198,0.00566,0.07304,0.33856
65,"Today, We still",dua_dmd,0.7,1,7,0.71074,0.57496,0.99265,0.9659,0.0091,0.64009,0.06513,0.00882,0.11857,0.86526
65,"Today, We still",dua_dmd,0.9,1,13,0.9079,0.5579,2.2553,2.17261,0.04584,0.64009,0.08219,0.01394,0.1852,2.05617
65,"Today, We still",dua_dmd,0.99,1,20,0.99316,0.55437,3.62894,3.51363,0.08821,0.64009,0.08572,0.01514,0.27421,3.33959
246,"At work, Farmers just",euc_ctx,0.3,1,3,0.47954,0.17578,0.12363,0.12466,0.03714,0.27132,0.09553,0.02799,0.01203,0.08362
246,"At work, Farmers just",euc_ctx,0.5,1,4,0.67272,0.18721,0.18409,0.18448,0.03556,0.27132,0.0841,0.02108,0.02035,0.14267
246,"At work, Farmers just",euc_ctx,0.7,1,5,0.8182,0.21983,0.25387,0.25315,0.03039,0.27132,0.05149,0.00735,0.02998,0.21655
246,"At work, Farmers just",euc_ctx,0.9,1,6,0.90616,0.27056,0.34682,0.3445,0.02369,0.27132,0.00076,0.0,0.03998,0.30684
246,"At work, Farmers just",euc_ctx,0.99,1,10,0.99402,0.53289,1.10701,1.09341,0.07345,0.27132,0.26157,0.14088,0.07034,0.89579
246,"At work, Farmers just",cau_ctx,0.3,0,,,,,,,,,,,
246,"At work, Farmers just",cau_ctx,0.5,0,,,,,,,,,,,
246,"At work, Farmers just",cau_ctx,0.7,0,,,,,,,,,,,
246,"At work, Farmers just",cau_ctx,0.9,0,,,,,,,,,,,
246,"At work, Farmers just",cau_ctx,0.99,0,,,,,,,,,,,
246,"At work, Farmers just",dua_ctx,0.3,1,44,0.30026,0.26183,0.48281,0.4647,0.03461,0.27132,0.00949,0.00023,0.04155,0.44103
246,"At work, Farmers just",dua_ctx,0.5,1,75,0.50049,0.24437,1.39529,1.34406,0.03908,0.27132,0.02695,0.00192,0.13129,1.26209
246,"At work, Farmers just",dua_ctx,0.7,1,107,0.70204,0.23522,2.65169,2.56818,0.04466,0.27132,0.0361,0.0035,0.24253,2.40565
246,"At work, Farmers just",dua_ctx,0.9,1,164,0.90169,0.25022,5.03511,4.92093,0.09021,0.27132,0.02109,0.00116,0.47421,4.55974
246,"At work, Farmers just",dua_ctx,0.99,1,241,0.99015,0.3042,7.86727,7.73885,0.09495,0.27132,0.03288,0.00261,0.84597,7.01868
246,"At work, Farmers just",euc_unemb,0.3,1,1,0.83394,0.22698,0.29857,0.30028,0.05396,0.27132,0.04434,0.00537,0.04777,0.24543
246,"At work, Farmers just",euc_unemb,0.5,1,1,0.83394,0.22698,0.29857,0.30028,0.05396,0.27132,0.04434,0.00537,0.04777,0.24543
246,"At work, Farmers just",euc_unemb,0.7,1,1,0.83394,0.22698,0.29857,0.30028,0.05396,0.27132,0.04434,0.00537,0.04777,0.24543
246,"At work, Farmers just",euc_unemb,0.9,1,2,0.99709,0.51278,1.44629,1.43508,0.07964,0.27132,0.24146,0.1206,0.14801,1.17768
246,"At work, Farmers just",euc_unemb,0.99,1,2,0.99709,0.51278,1.44629,1.43508,0.07964,0.27132,0.24146,0.1206,0.14801,1.17768
246,"At work, Farmers just",cau_unemb,0.3,1,12,0.33384,0.20025,0.05109,0.0525,0.03018,0.27132,0.07106,0.01459,0.00472,0.03177
246,"At work, Farmers just",cau_unemb,0.5,1,17,0.52327,0.20242,0.09125,0.09256,0.03116,0.27132,0.0689,0.01365,0.01234,0.06527
246,"At work, Farmers just",cau_unemb,0.7,1,22,0.70575,0.22726,0.14505,0.14576,0.02814,0.27132,0.04405,0.0053,0.02619,0.11357
246,"At work, Farmers just",cau_unemb,0.9,1,31,0.90681,0.32493,0.31995,0.31811,0.06382,0.27132,0.05362,0.00676,0.06205,0.25113
246,"At work, Farmers just",cau_unemb,0.99,1,47,0.99135,0.54222,1.02802,1.0166,0.0806,0.27132,0.27091,0.15088,0.12203,0.75512
246,"At work, Farmers just",dua_unemb,0.3,1,1,0.41492,0.31135,0.06242,0.06454,0.04446,0.27132,0.04004,0.00383,0.00637,0.05222
246,"At work, Farmers just",dua_unemb,0.5,1,2,0.70205,0.34469,0.18616,0.18699,0.04596,0.27132,0.07337,0.01239,0.01882,0.15495
246,"At work, Farmers just",dua_unemb,0.7,1,2,0.70205,0.34469,0.18616,0.18699,0.04596,0.27132,0.07337,0.01239,0.01882,0.15495
246,"At work, Farmers just",dua_unemb,0.9,1,4,0.92218,0.38405,0.57196,0.56403,0.04886,0.27132,0.11273,0.02819,0.03704,0.50673
246,"At work, Farmers just",dua_unemb,0.99,1,10,0.99002,0.42,2.54701,2.49806,0.06244,0.27132,0.14868,0.04774,0.06768,2.43159
246,"At work, Farmers just",euc_dmd,0.3,1,1,0.81748,0.16238,0.33519,0.33419,0.03817,0.27132,0.10894,0.03775,0.04313,0.25431
246,"At work, Farmers just",euc_dmd,0.5,1,1,0.81748,0.16238,0.33519,0.33419,0.03817,0.27132,0.10894,0.03775,0.04313,0.25431
246,"At work, Farmers just",euc_dmd,0.7,1,1,0.81748,0.16238,0.33519,0.33419,0.03817,0.27132,0.10894,0.03775,0.04313,0.25431
246,"At work, Farmers just",euc_dmd,0.9,1,2,0.99557,0.37643,1.10032,1.08814,0.08324,0.27132,0.10511,0.02467,0.14132,0.93433
246,"At work, Farmers just",euc_dmd,0.99,1,2,0.99557,0.37643,1.10032,1.08814,0.08324,0.27132,0.10511,0.02467,0.14132,0.93433
246,"At work, Farmers just",cau_dmd,0.3,1,5,0.35419,0.16744,0.09916,0.09997,0.04172,0.27132,0.10388,0.03385,0.01012,0.0552
246,"At work, Farmers just",cau_dmd,0.5,1,7,0.54137,0.16026,0.16347,0.16378,0.04212,0.27132,0.11105,0.03948,0.01896,0.10503
246,"At work, Farmers just",cau_dmd,0.7,1,9,0.71453,0.17096,0.23544,0.23481,0.03724,0.27132,0.10036,0.03129,0.0332,0.17095
246,"At work, Farmers just",cau_dmd,0.9,1,13,0.91507,0.23468,0.44123,0.43738,0.0337,0.27132,0.03664,0.00361,0.07676,0.36086
246,"At work, Farmers just",cau_dmd,0.99,1,20,0.99189,0.38599,1.14746,1.13351,0.07662,0.27132,0.11468,0.02913,0.15848,0.95985
246,"At work, Farmers just",dua_dmd,0.3,1,1,0.48868,0.32196,0.07523,0.07634,0.04545,0.27132,0.05064,0.00606,0.00726,0.06192
246,"At work, Farmers just",dua_dmd,0.5,1,2,0.75164,0.33514,0.20552,0.2047,0.04618,0.27132,0.06383,0.00948,0.01807,0.17798
246,"At work, Farmers just",dua_dmd,0.7,1,2,0.75164,0.33514,0.20552,0.2047,0.04618,0.27132,0.06383,0.00948,0.01807,0.17798
246,"At work, Farmers just",dua_dmd,0.9,1,4,0.94351,0.34669,0.61662,0.60857,0.04937,0.27132,0.07537,0.01305,0.03696,0.56661
246,"At work, Farmers just",dua_dmd,0.99,1,8,0.99187,0.36664,1.91038,1.88224,0.06236,0.27132,0.09532,0.02047,0.05842,1.83149
168,"At home, People usually",euc_ctx,0.3,1,5,0.42002,0.32926,0.50476,0.51727,0.07235,0.5632,0.23394,0.11497,0.04957,0.34022
168,"At home, People usually",euc_ctx,0.5,1,6,0.64897,0.34302,0.64437,0.6565,0.07523,0.5632,0.22019,0.10097,0.05532,0.48807
168,"At home, People usually",euc_ctx,0.7,1,7,0.82254,0.39034,0.77798,0.78859,0.0921,0.5632,0.17287,0.06084,0.05574,0.6614
168,"At home, People usually",euc_ctx,0.9,1,8,0.91924,0.45662,0.93981,0.9479,0.09169,0.5632,0.10658,0.02278,0.05587,0.86116
168,"At home, People usually",euc_ctx,0.99,1,11,0.9932,0.63202,1.70245,1.6988,0.09144,0.5632,0.06881,0.00996,0.06917,1.62332
168,"At home, People usually",cau_ctx,0.3,0,,,,,,,,,,,
168,"At home, People usually",cau_ctx,0.5,0,,,,,,,,,,,
168,"At home, People usually",cau_ctx,0.7,0,,,,,,,,,,,
168,"At home, People usually",cau_ctx,0.9,0,,,,,,,,,,,
168,"At home, People usually",cau_ctx,0.99,0,,,,,,,,,,,
168,"At home, People usually",dua_ctx,0.3,1,113,0.30278,0.51366,3.78145,3.70324,0.02047,0.5632,0.04955,0.00493,0.38765,3.38887
168,"At home, People usually",dua_ctx,0.5,1,167,0.50263,0.47888,6.34208,6.22965,0.03461,0.5632,0.08432,0.01425,0.91743,5.4104
168,"At home, People usually",dua_ctx,0.7,1,227,0.70054,0.47405,8.28396,8.15771,0.04383,0.5632,0.08915,0.01593,1.67429,6.59375
168,"At home, People usually",dua_ctx,0.9,1,316,0.90019,0.48196,10.75484,10.62076,0.05933,0.5632,0.08124,0.01323,2.76089,7.98073
168,"At home, People usually",dua_ctx,0.99,1,404,0.99055,0.53211,12.10766,11.97091,0.05929,0.5632,0.03109,0.00195,3.55567,8.55004
168,"At home, People usually",euc_unemb,0.3,1,1,0.45148,0.30899,0.44477,0.45872,0.09351,0.5632,0.25421,0.13775,0.06261,0.24441
168,"At home, People usually",euc_unemb,0.5,1,2,0.99224,0.53961,1.61982,1.62047,0.12212,0.5632,0.02359,0.00112,0.317,1.3017
168,"At home, People usually",euc_unemb,0.7,1,2,0.99224,0.53961,1.61982,1.62047,0.12212,0.5632,0.02359,0.00112,0.317,1.3017
168,"At home, People usually",euc_unemb,0.9,1,2,0.99224,0.53961,1.61982,1.62047,0.12212,0.5632,0.02359,0.00112,0.317,1.3017
168,"At home, People usually",euc_unemb,0.99,1,2,0.99224,0.53961,1.61982,1.62047,0.12212,0.5632,0.02359,0.00112,0.317,1.3017
168,"At home, People usually",cau_unemb,0.3,1,24,0.31404,0.34328,0.27831,0.28912,0.03839,0.5632,0.21992,0.10072,0.029,0.14859
168,"At home, People usually",cau_unemb,0.5,1,29,0.53204,0.34972,0.35947,0.37047,0.0427,0.5632,0.21348,0.09455,0.03647,0.22845
168,"At home, People usually",cau_unemb,0.7,1,33,0.70114,0.37928,0.43031,0.44063,0.06588,0.5632,0.18393,0.06918,0.04967,0.31146
168,"At home, People usually",cau_unemb,0.9,1,41,0.90818,0.47736,0.65728,0.66392,0.07983,0.5632,0.08584,0.01476,0.09802,0.5445
168,"At home, People usually",cau_unemb,0.99,1,54,0.99003,0.59966,1.33659,1.3323,0.08558,0.5632,0.03646,0.00274,0.18812,1.14573
168,"At home, People usually",dua_unemb,0.3,1,2,0.46612,0.57552,0.16813,0.1724,0.02102,0.5632,0.01232,0.00031,0.01105,0.15677
168,"At home, People usually",dua_unemb,0.5,1,3,0.68431,0.58973,0.33582,0.33768,0.03416,0.5632,0.02652,0.00145,0.02436,0.31002
168,"At home, People usually",dua_unemb,0.7,1,4,0.81969,0.60382,0.55463,0.55226,0.03452,0.5632,0.04062,0.00341,0.0386,0.51262
168,"At home, People usually",dua_unemb,0.9,1,5,0.90253,0.61538,0.84141,0.83333,0.0325,0.5632,0.05218,0.00567,0.05167,0.78407
168,"At home, People usually",dua_unemb,0.99,1,8,0.99688,0.6369,2.43947,2.40642,0.03732,0.5632,0.0737,0.01146,0.07505,2.35295
168,"At home, People usually",euc_dmd,0.3,1,1,0.41316,0.26786,0.54273,0.55606,0.0904,0.5632,0.29534,0.19295,0.05502,0.29476
168,"At home, People usually",euc_dmd,0.5,1,2,0.98687,0.46567,1.45102,1.45476,0.1194,0.5632,0.09754,0.01907,0.20422,1.22773
168,"At home, People usually",euc_dmd,0.7,1,2,0.98687,0.46567,1.45102,1.45476,0.1194,0.5632,0.09754,0.01907,0.20422,1.22773
168,"At home, People usually",euc_dmd,0.9,1,2,0.98687,0.46567,1.45102,1.45476,0.1194,0.5632,0.09754,0.01907,0.20422,1.22773
168,"At home, People usually",euc_dmd,0.99,1,3,0.99985,0.5975,3.13188,3.11321,0.12575,0.5632,0.03429,0.00242,0.39464,2.73482
168,"At home, People usually",cau_dmd,0.3,1,10,0.33508,0.30114,0.46085,0.47192,0.08998,0.5632,0.26206,0.14731,0.06312,0.25041
168,"At home, People usually",cau_dmd,0.5,1,12,0.54358,0.30109,0.57333,0.5843,0.07632,0.5632,0.26211,0.14737,0.06566,0.36029
168,"At home, People usually",cau_dmd,0.7,1,14,0.73505,0.32967,0.69322,0.70315,0.04868,0.5632,0.23353,0.11454,0.08482,0.49387
168,"At home, People usually",cau_dmd,0.9,1,17,0.90568,0.40606,0.9427,0.94925,0.04653,0.5632,0.15714,0.05001,0.14554,0.74715
168,"At home, People usually",cau_dmd,0.99,1,23,0.99056,0.53451,1.76492,1.75978,0.04544,0.5632,0.0287,0.00166,0.2946,1.46866
168,"At home, People usually",dua_dmd,0.3,1,2,0.56402,0.5608,0.24935,0.25431,0.03445,0.5632,0.0024,1e-05,0.01525,0.23409
168,"At home, People usually",dua_dmd,0.5,1,2,0.56402,0.5608,0.24935,0.25431,0.03445,0.5632,0.0024,1e-05,0.01525,0.23409
168,"At home, People usually",dua_dmd,0.7,1,3,0.76066,0.54745,0.52561,0.5291,0.03618,0.5632,0.01576,0.0005,0.03347,0.49164
168,"At home, People usually",dua_dmd,0.9,1,5,0.90822,0.54175,1.20643,1.20381,0.03409,0.5632,0.02145,0.00093,0.0642,1.1413
168,"At home, People usually",dua_dmd,0.99,1,9,0.99565,0.55221,3.65454,3.63493,0.03546,0.5632,0.01099,0.00024,0.11674,3.53756
187,"Lately, Students still",euc_ctx,0.3,1,6,0.48007,0.2717,0.63496,0.6476,0.04233,0.50666,0.23496,0.12355,0.04228,0.46912
187,"Lately, Students still",euc_ctx,0.5,1,7,0.68853,0.28613,0.79834,0.81036,0.05339,0.50666,0.22053,0.10721,0.05071,0.64043
187,"Lately, Students still",euc_ctx,0.7,1,8,0.8399,0.3251,0.96306,0.97357,0.05487,0.50666,0.18156,0.07021,0.05568,0.83717
187,"Lately, Students still",euc_ctx,0.9,1,9,0.92492,0.3787,1.1524,1.16061,0.05724,0.50666,0.12796,0.03372,0.05887,1.05982
187,"Lately, Students still",euc_ctx,0.99,1,12,0.99324,0.53126,1.95426,1.95211,0.05848,0.50666,0.0246,0.00121,0.07034,1.88271
187,"Lately, Students still",cau_ctx,0.3,0,,,,,,,,,,,
187,"Lately, Students still",cau_ctx,0.5,0,,,,,,,,,,,
187,"Lately, Students still",cau_ctx,0.7,0,,,,,,,,,,,
187,"Lately, Students still",cau_ctx,0.9,0,,,,,,,,,,,
187,"Lately, Students still",cau_ctx,0.99,0,,,,,,,,,,,
187,"Lately, Students still",dua_ctx,0.3,1,146,0.30184,0.44281,4.88005,4.78389,0.02876,0.50666,0.06385,0.0082,0.42219,4.44966
187,"Lately, Students still",dua_ctx,0.5,1,202,0.5015,0.41527,7.65967,7.54232,0.03436,0.50666,0.09139,0.01693,0.75667,6.88606
187,"Lately, Students still",dua_ctx,0.7,1,252,0.7003,0.39694,9.13376,9.00798,0.04783,0.50666,0.10972,0.02458,1.14166,7.96751
187,"Lately, Students still",dua_ctx,0.9,1,306,0.90055,0.39073,10.22463,10.09423,0.05384,0.50666,0.11593,0.02752,1.67202,8.52509
187,"Lately, Students still",dua_ctx,0.99,1,387,0.99025,0.43147,11.91205,11.77857,0.06542,0.50666,0.07519,0.01141,2.22044,9.6802
187,"Lately, Students still",euc_unemb,0.3,1,2,0.96004,0.37798,1.23173,1.23784,0.16504,0.50666,0.12868,0.03411,0.23053,0.96709
187,"Lately, Students still",euc_unemb,0.5,1,2,0.96004,0.37798,1.23173,1.23784,0.16504,0.50666,0.12868,0.03411,0.23053,0.96709
187,"Lately, Students still",euc_unemb,0.7,1,2,0.96004,0.37798,1.23173,1.23784,0.16504,0.50666,0.12868,0.03411,0.23053,0.96709
187,"Lately, Students still",euc_unemb,0.9,1,2,0.96004,0.37798,1.23173,1.23784,0.16504,0.50666,0.12868,0.03411,0.23053,0.96709
187,"Lately, Students still",euc_unemb,0.99,1,3,0.99946,0.46489,3.08919,3.07226,0.15742,0.50666,0.04177,0.0035,0.47868,2.60702
187,"Lately, Students still",cau_unemb,0.3,1,28,0.3119,0.27854,0.31965,0.33019,0.03011,0.50666,0.22812,0.11562,0.03235,0.17169
187,"Lately, Students still",cau_unemb,0.5,1,33,0.50684,0.28088,0.40191,0.41259,0.09306,0.50666,0.22578,0.11298,0.0364,0.25253
187,"Lately, Students still",cau_unemb,0.7,1,39,0.73186,0.31577,0.50299,0.51274,0.04704,0.50666,0.19089,0.07819,0.04278,0.38202
187,"Lately, Students still",cau_unemb,0.9,1,47,0.90854,0.39767,0.70893,0.7154,0.05111,0.50666,0.10899,0.02425,0.05933,0.62535
187,"Lately, Students still",cau_unemb,0.99,1,62,0.99083,0.52113,1.42967,1.42502,0.05357,0.50666,0.01447,0.00042,0.09839,1.33086
187,"Lately, Students still",dua_unemb,0.3,1,2,0.30001,0.5055,0.12257,0.12664,0.01812,0.50666,0.00116,0.0,0.01242,0.11014
187,"Lately, Students still",dua_unemb,0.5,1,4,0.60489,0.51869,0.40617,0.4047,0.02293,0.50666,0.01203,0.00029,0.04288,0.363
187,"Lately, Students still",dua_unemb,0.7,1,6,0.7431,0.52848,0.84271,0.82971,0.02768,0.50666,0.02183,0.00095,0.0665,0.77525
187,"Lately, Students still",dua_unemb,0.9,1,12,0.91363,0.53572,3.11522,3.04952,0.04608,0.50666,0.02906,0.00169,0.12081,2.99272
187,"Lately, Students still",dua_unemb,0.99,1,18,0.99454,0.53993,5.86287,5.75303,0.04854,0.50666,0.03327,0.00222,0.17525,5.6854
187,"Lately, Students still",euc_dmd,0.3,1,2,0.95945,0.31976,1.26469,1.27236,0.14591,0.50666,0.1869,0.07472,0.14484,1.04513
187,"Lately, Students still",euc_dmd,0.5,1,2,0.95945,0.31976,1.26469,1.27236,0.14591,0.50666,0.1869,0.07472,0.14484,1.04513
187,"Lately, Students still",euc_dmd,0.7,1,2,0.95945,0.31976,1.26469,1.27236,0.14591,0.50666,0.1869,0.07472,0.14484,1.04513
187,"Lately, Students still",euc_dmd,0.9,1,2,0.95945,0.31976,1.26469,1.27236,0.14591,0.50666,0.1869,0.07472,0.14484,1.04513
187,"Lately, Students still",euc_dmd,0.99,1,3,0.9993,0.46816,2.72283,2.71236,0.15954,0.50666,0.0385,0.00297,0.26839,2.45147
187,"Lately, Students still",cau_dmd,0.3,1,11,0.35366,0.23242,0.55239,0.56436,0.05974,0.50666,0.27424,0.17675,0.07379,0.30185
187,"Lately, Students still",cau_dmd,0.5,1,13,0.5576,0.23193,0.6827,0.69464,0.06168,0.50666,0.27473,0.17752,0.07919,0.42599
187,"Lately, Students still",cau_dmd,0.7,1,15,0.74095,0.25406,0.81209,0.8232,0.06363,0.50666,0.25259,0.14576,0.09085,0.57548
187,"Lately, Students still",cau_dmd,0.9,1,18,0.90484,0.31541,1.057,1.06533,0.06377,0.50666,0.19125,0.07851,0.12399,0.8545
187,"Lately, Students still",cau_dmd,0.99,1,25,0.99283,0.43994,2.01593,2.01208,0.06146,0.50666,0.06672,0.00896,0.22135,1.78562
187,"Lately, Students still",dua_dmd,0.3,1,2,0.49494,0.51447,0.22335,0.22748,0.02795,0.50666,0.00781,0.00012,0.02716,0.19607
187,"Lately, Students still",dua_dmd,0.5,1,3,0.77111,0.50154,0.52802,0.53085,0.04553,0.50666,0.00512,5e-05,0.05908,0.46889
187,"Lately, Students still",dua_dmd,0.7,1,3,0.77111,0.50154,0.52802,0.53085,0.04553,0.50666,0.00512,5e-05,0.05908,0.46889
187,"Lately, Students still",dua_dmd,0.9,1,4,0.90541,0.49828,0.88607,0.88511,0.04309,0.50666,0.00838,0.00014,0.08344,0.80249
187,"Lately, Students still",dua_dmd,0.99,1,7,0.996,0.50066,2.38846,2.37073,0.05005,0.50666,0.006,7e-05,0.11757,2.27082
169,"Usually, I always",euc_ctx,0.3,1,6,0.34455,0.07363,1.08518,1.08793,0.11864,0.45777,0.38414,0.54609,0.09713,0.44196
169,"Usually, I always",euc_ctx,0.5,1,7,0.58079,0.07339,1.21365,1.21518,0.11843,0.45777,0.38438,0.54745,0.10821,0.55799
169,"Usually, I always",euc_ctx,0.7,1,8,0.77922,0.08937,1.25582,1.25584,0.1164,0.45777,0.3684,0.46669,0.1082,0.68093
169,"Usually, I always",euc_ctx,0.9,1,10,0.95383,0.17567,1.26712,1.263,0.09057,0.45777,0.2821,0.2113,0.10388,0.95195
169,"Usually, I always",euc_ctx,0.99,1,12,0.99077,0.33386,1.41475,1.4044,0.07326,0.45777,0.12391,0.0329,0.10781,1.27404
169,"Usually, I always",cau_ctx,0.3,0,,,,,,,,,,,
169,"Usually, I always",cau_ctx,0.5,0,,,,,,,,,,,
169,"Usually, I always",cau_ctx,0.7,0,,,,,,,,,,,
169,"Usually, I always",cau_ctx,0.9,0,,,,,,,,,,,
169,"Usually, I always",cau_ctx,0.99,0,,,,,,,,,,,
169,"Usually, I always",dua_ctx,0.3,1,91,0.3002,0.3929,2.41254,2.33281,0.03241,0.45777,0.06486,0.00868,0.26678,2.13709
169,"Usually, I always",dua_ctx,0.5,1,132,0.5041,0.36536,4.18034,4.06647,0.04198,0.45777,0.09241,0.01789,0.5546,3.60785
169,"Usually, I always",dua_ctx,0.7,1,170,0.70003,0.35963,5.55149,5.42321,0.04574,0.45777,0.09814,0.02025,0.86774,4.66351
169,"Usually, I always",dua_ctx,0.9,1,241,0.90095,0.40552,7.80495,7.66708,0.05008,0.45777,0.05225,0.0056,1.43046,6.36889
169,"Usually, I always",dua_ctx,0.99,1,333,0.99026,0.48646,9.85061,9.70834,0.05097,0.45777,0.02869,0.00165,2.04511,7.80385
169,"Usually, I always",euc_unemb,0.3,1,2,0.97777,0.18281,1.31324,1.31327,0.10382,0.45777,0.27496,0.19779,0.19836,0.9171
169,"Usually, I always",euc_unemb,0.5,1,2,0.97777,0.18281,1.31324,1.31327,0.10382,0.45777,0.27496,0.19779,0.19836,0.9171
169,"Usually, I always",euc_unemb,0.7,1,2,0.97777,0.18281,1.31324,1.31327,0.10382,0.45777,0.27496,0.19779,0.19836,0.9171
169,"Usually, I always",euc_unemb,0.9,1,2,0.97777,0.18281,1.31324,1.31327,0.10382,0.45777,0.27496,0.19779,0.19836,0.9171
169,"Usually, I always",euc_unemb,0.99,1,3,0.99989,0.44975,2.76312,2.7388,0.12122,0.45777,0.00802,0.00013,0.39184,2.37116
169,"Usually, I always",cau_unemb,0.3,1,30,0.30718,0.11202,0.65518,0.66179,0.1197,0.45777,0.34575,0.37694,0.04743,0.2308
169,"Usually, I always",cau_unemb,0.5,1,35,0.54683,0.11273,0.74824,0.75437,0.09954,0.45777,0.34504,0.37447,0.06372,0.31005
169,"Usually, I always",cau_unemb,0.7,1,39,0.7277,0.13025,0.78875,0.79412,0.09564,0.45777,0.32752,0.31915,0.08577,0.38383
169,"Usually, I always",cau_unemb,0.9,1,46,0.91383,0.19983,0.84181,0.84481,0.08705,0.45777,0.25794,0.16845,0.13163,0.54173
169,"Usually, I always",cau_unemb,0.99,1,58,0.99085,0.39518,1.14244,1.13767,0.08125,0.45777,0.06258,0.00807,0.19379,0.94058
169,"Usually, I always",dua_unemb,0.3,1,2,0.40574,0.49309,0.1411,0.14302,0.0526,0.45777,0.03532,0.0025,0.0159,0.12271
169,"Usually, I always",dua_unemb,0.5,1,3,0.64477,0.51169,0.30356,0.3025,0.059,0.45777,0.05393,0.00582,0.03327,0.26447
169,"Usually, I always",dua_unemb,0.7,1,4,0.78336,0.52467,0.51444,0.50731,0.07095,0.45777,0.06691,0.00896,0.04884,0.45664
169,"Usually, I always",dua_unemb,0.9,1,6,0.91621,0.53603,1.12534,1.09912,0.07669,0.45777,0.07826,0.01227,0.07139,1.04168
169,"Usually, I always",dua_unemb,0.99,1,9,0.99254,0.54906,2.57576,2.51128,0.08455,0.45777,0.09129,0.01672,0.09191,2.46713
169,"Usually, I always",euc_dmd,0.3,1,2,0.97132,0.07941,1.76705,1.76308,0.10815,0.45777,0.37836,0.51487,0.21038,1.04181
169,"Usually, I always",euc_dmd,0.5,1,2,0.97132,0.07941,1.76705,1.76308,0.10815,0.45777,0.37836,0.51487,0.21038,1.04181
169,"Usually, I always",euc_dmd,0.7,1,2,0.97132,0.07941,1.76705,1.76308,0.10815,0.45777,0.37836,0.51487,0.21038,1.04181
169,"Usually, I always",euc_dmd,0.9,1,2,0.97132,0.07941,1.76705,1.76308,0.10815,0.45777,0.37836,0.51487,0.21038,1.04181
169,"Usually, I always",euc_dmd,0.99,1,3,0.99974,0.30185,2.43389,2.41389,0.1074,0.45777,0.15592,0.05358,0.34877,2.03154
169,"Usually, I always",cau_dmd,0.3,1,12,0.32897,0.05586,1.24857,1.25133,0.10196,0.45777,0.40191,0.6622,0.12539,0.46098
169,"Usually, I always",cau_dmd,0.5,1,14,0.56081,0.0476,1.52649,1.52703,0.10109,0.45777,0.41016,0.7307,0.15829,0.6375
169,"Usually, I always",cau_dmd,0.7,1,16,0.76416,0.04671,1.80293,1.80039,0.1016,0.45777,0.41105,0.73883,0.20736,0.85674
169,"Usually, I always",cau_dmd,0.9,1,19,0.92593,0.05089,2.26506,2.25626,0.10109,0.45777,0.40688,0.70202,0.29151,1.27154
169,"Usually, I always",cau_dmd,0.99,1,24,0.99069,0.05456,3.23762,3.21499,0.09288,0.45777,0.40321,0.67227,0.41647,2.14889
169,"Usually, I always",dua_dmd,0.3,1,2,0.51251,0.51335,0.16553,0.16704,0.02307,0.45777,0.05558,0.00618,0.0204,0.13894
169,"Usually, I always",dua_dmd,0.5,1,2,0.51251,0.51335,0.16553,0.16704,0.02307,0.45777,0.05558,0.00618,0.0204,0.13894
169,"Usually, I always",dua_dmd,0.7,1,3,0.77159,0.51364,0.37105,0.3708,0.02711,0.45777,0.05587,0.00625,0.04757,0.31723
169,"Usually, I always",dua_dmd,0.9,1,5,0.95868,0.51587,0.97373,0.96451,0.05061,0.45777,0.0581,0.00676,0.08612,0.88085
169,"Usually, I always",dua_dmd,0.99,1,7,0.99673,0.52556,1.99416,1.9706,0.05439,0.45777,0.06779,0.0092,0.10232,1.88264
151,"Lately, Most doctors typically",euc_ctx,0.3,1,6,0.35744,0.20558,0.86673,0.88071,0.13544,0.4116,0.20602,0.1091,0.05141,0.70622
151,"Lately, Most doctors typically",euc_ctx,0.5,1,7,0.60011,0.2114,1.13523,1.14836,0.15971,0.4116,0.20019,0.10193,0.05628,0.97701
151,"Lately, Most doctors typically",euc_ctx,0.7,1,8,0.79761,0.2477,1.40656,1.4178,0.17886,0.4116,0.1639,0.06444,0.05579,1.28634
151,"Lately, Most doctors typically",euc_ctx,0.9,1,9,0.90934,0.30672,1.71362,1.72196,0.19123,0.4116,0.10488,0.02454,0.05477,1.6343
151,"Lately, Most doctors typically",euc_ctx,0.99,1,12,0.99261,0.4955,2.99444,2.98929,0.21501,0.4116,0.08391,0.01416,0.06272,2.91756
151,"Lately, Most doctors typically",cau_ctx,0.3,0,,,,,,,,,,,
151,"Lately, Most doctors typically",cau_ctx,0.5,0,,,,,,,,,,,
151,"Lately, Most doctors typically",cau_ctx,0.7,0,,,,,,,,,,,
151,"Lately, Most doctors typically",cau_ctx,0.9,0,,,,,,,,,,,
151,"Lately, Most doctors typically",cau_ctx,0.99,0,,,,,,,,,,,
151,"Lately, Most doctors typically",dua_ctx,0.3,1,122,0.30291,0.36237,4.09649,3.99281,0.0495,0.4116,0.04923,0.00515,0.42232,3.66902
151,"Lately, Most doctors typically",dua_ctx,0.5,1,174,0.50043,0.35243,6.08683,5.96001,0.12839,0.4116,0.05917,0.0075,0.89563,5.1837
151,"Lately, Most doctors typically",dua_ctx,0.7,1,237,0.70258,0.35086,7.79636,7.66076,0.18784,0.4116,0.06073,0.00791,1.44891,6.33954
151,"Lately, Most doctors typically",dua_ctx,0.9,1,302,0.90002,0.36413,11.45532,11.31603,0.2217,0.4116,0.04747,0.00479,2.00839,9.44215
151,"Lately, Most doctors typically",dua_ctx,0.99,1,399,0.99011,0.43457,15.75868,15.6161,0.22552,0.4116,0.02297,0.00108,2.67794,13.07966
151,"Lately, Most doctors typically",euc_unemb,0.3,1,2,0.97627,0.25512,1.48956,1.49327,0.08634,0.4116,0.15648,0.05812,0.22887,1.20258
151,"Lately, Most doctors typically",euc_unemb,0.5,1,2,0.97627,0.25512,1.48956,1.49327,0.08634,0.4116,0.15648,0.05812,0.22887,1.20258
151,"Lately, Most doctors typically",euc_unemb,0.7,1,2,0.97627,0.25512,1.48956,1.49327,0.08634,0.4116,0.15648,0.05812,0.22887,1.20258
151,"Lately, Most doctors typically",euc_unemb,0.9,1,2,0.97627,0.25512,1.48956,1.49327,0.08634,0.4116,0.15648,0.05812,0.22887,1.20258
151,"Lately, Most doctors typically",euc_unemb,0.99,1,3,0.99988,0.34635,4.0218,3.99534,0.19817,0.4116,0.06524,0.00916,0.47001,3.54263
151,"Lately, Most doctors typically",cau_unemb,0.3,1,31,0.34035,0.17431,0.46085,0.47294,0.04025,0.4116,0.23728,0.15428,0.02514,0.28143
151,"Lately, Most doctors typically",cau_unemb,0.5,1,35,0.53231,0.18226,0.54604,0.55814,0.05459,0.4116,0.22933,0.14163,0.02697,0.37744
151,"Lately, Most doctors typically",cau_unemb,0.7,1,39,0.71445,0.2087,0.63699,0.64847,0.06719,0.4116,0.20289,0.10521,0.03441,0.49737
151,"Lately, Most doctors typically",cau_unemb,0.9,1,46,0.9077,0.29182,0.87527,0.88384,0.06319,0.4116,0.11977,0.03253,0.0602,0.78254
151,"Lately, Most doctors typically",cau_unemb,0.99,1,58,0.99003,0.43613,1.65776,1.65628,0.1591,0.4116,0.02453,0.00123,0.10905,1.54749
151,"Lately, Most doctors typically",dua_unemb,0.3,1,2,0.37747,0.43792,0.14325,0.14626,0.00586,0.4116,0.02632,0.00141,0.01604,0.1258
151,"Lately, Most doctors typically",dua_unemb,0.5,1,3,0.59585,0.45388,0.28068,0.28078,0.00935,0.4116,0.04228,0.00363,0.03206,0.24499
151,"Lately, Most doctors typically",dua_unemb,0.7,1,4,0.73464,0.46585,0.45034,0.44493,0.01441,0.4116,0.05426,0.00596,0.04644,0.39795
151,"Lately, Most doctors typically",dua_unemb,0.9,1,7,0.91784,0.48137,1.25547,1.22247,0.0233,0.4116,0.06977,0.00982,0.07894,1.16671
151,"Lately, Most doctors typically",dua_unemb,0.99,1,11,0.9951,0.48781,3.08337,2.99887,0.05211,0.4116,0.07621,0.0117,0.1235,2.94816
151,"Lately, Most doctors typically",euc_dmd,0.3,1,2,0.97148,0.24531,1.57449,1.58272,0.08901,0.4116,0.16628,0.06656,0.13999,1.36794
151,"Lately, Most doctors typically",euc_dmd,0.5,1,2,0.97148,0.24531,1.57449,1.58272,0.08901,0.4116,0.16628,0.06656,0.13999,1.36794
151,"Lately, Most doctors typically",euc_dmd,0.7,1,2,0.97148,0.24531,1.57449,1.58272,0.08901,0.4116,0.16628,0.06656,0.13999,1.36794
151,"Lately, Most doctors typically",euc_dmd,0.9,1,2,0.97148,0.24531,1.57449,1.58272,0.08901,0.4116,0.16628,0.06656,0.13999,1.36794
151,"Lately, Most doctors typically",euc_dmd,0.99,1,3,0.99977,0.41475,3.74932,3.73371,0.19509,0.4116,0.00316,2e-05,0.27481,3.47449
151,"Lately, Most doctors typically",cau_dmd,0.3,1,12,0.31762,0.15647,0.71493,0.72905,0.06447,0.4116,0.25512,0.18615,0.07275,0.45604
151,"Lately, Most doctors typically",cau_dmd,0.5,1,14,0.54611,0.15902,0.89235,0.90632,0.07679,0.4116,0.25258,0.18129,0.06822,0.64285
151,"Lately, Most doctors typically",cau_dmd,0.7,1,16,0.75249,0.18276,1.09273,1.10551,0.07436,0.4116,0.22883,0.14086,0.07736,0.87451
151,"Lately, Most doctors typically",cau_dmd,0.9,1,19,0.92124,0.24354,1.50593,1.51489,0.15838,0.4116,0.16805,0.06816,0.11482,1.32295
151,"Lately, Most doctors typically",cau_dmd,0.99,1,25,0.99335,0.33326,2.81428,2.80952,0.16893,0.4116,0.07834,0.01335,0.20716,2.59376
151,"Lately, Most doctors typically",dua_dmd,0.3,1,2,0.4974,0.45259,0.20307,0.20727,0.03451,0.4116,0.041,0.00341,0.0202,0.17945
151,"Lately, Most doctors typically",dua_dmd,0.5,1,3,0.7729,0.45005,0.47515,0.47889,0.04442,0.4116,0.03845,0.00301,0.04624,0.4259
151,"Lately, Most doctors typically",dua_dmd,0.7,1,3,0.7729,0.45005,0.47515,0.47889,0.04442,0.4116,0.03845,0.00301,0.04624,0.4259
151,"Lately, Most doctors typically",dua_dmd,0.9,1,4,0.91603,0.44997,0.81106,0.81097,0.12854,0.4116,0.03837,0.00299,0.06906,0.73901
151,"Lately, Most doctors typically",dua_dmd,0.99,1,6,0.99412,0.45291,1.7641,1.752,0.15007,0.4116,0.04131,0.00347,0.09896,1.66168
43,"In this case, Most doctors still",euc_ctx,0.3,1,5,0.38001,0.19437,0.64534,0.65465,0.07266,0.44184,0.24747,0.158,0.01958,0.46776
43,"In this case, Most doctors still",euc_ctx,0.5,1,6,0.62221,0.19502,0.84417,0.85283,0.08134,0.44184,0.24682,0.15698,0.02673,0.66046
43,"In this case, Most doctors still",euc_ctx,0.7,1,7,0.81426,0.22521,1.027,1.03416,0.06969,0.44184,0.21663,0.11471,0.03264,0.87965
43,"In this case, Most doctors still",euc_ctx,0.9,1,8,0.92014,0.27817,1.22383,1.22867,0.0819,0.44184,0.16366,0.06091,0.03712,1.12579
43,"In this case, Most doctors still",euc_ctx,0.99,1,11,0.99465,0.46579,2.09684,2.0906,0.08019,0.44184,0.02396,0.00116,0.04899,2.04669
43,"In this case, Most doctors still",cau_ctx,0.3,0,,,,,,,,,,,
43,"In this case, Most doctors still",cau_ctx,0.5,0,,,,,,,,,,,
43,"In this case, Most doctors still",cau_ctx,0.7,0,,,,,,,,,,,
43,"In this case, Most doctors still",cau_ctx,0.9,0,,,,,,,,,,,
43,"In this case, Most doctors still",cau_ctx,0.99,0,,,,,,,,,,,
43,"In this case, Most doctors still",dua_ctx,0.3,1,136,0.30134,0.40527,4.64329,4.53923,0.05313,0.44184,0.03656,0.00275,0.36577,4.27477
43,"In this case, Most doctors still",dua_ctx,0.5,1,188,0.50351,0.39468,7.3004,7.17608,0.06178,0.44184,0.04716,0.0046,0.71875,6.57706
43,"In this case, Most doctors still",dua_ctx,0.7,1,244,0.70233,0.39803,8.7154,8.5824,0.07373,0.44184,0.04381,0.00396,1.18561,7.52583
43,"In this case, Most doctors still",dua_ctx,0.9,1,312,0.90207,0.41169,10.58866,10.45119,0.08777,0.44184,0.03015,0.00186,1.84463,8.74217
43,"In this case, Most doctors still",dua_ctx,0.99,1,375,0.99033,0.4507,13.68683,13.5471,0.08993,0.44184,0.00887,0.00016,2.21717,11.4695
43,"In this case, Most doctors still",euc_unemb,0.3,1,1,0.34211,0.18249,0.47623,0.48454,0.04778,0.44184,0.25935,0.1777,0.04994,0.24859
43,"In this case, Most doctors still",euc_unemb,0.5,1,2,0.98556,0.3624,1.50958,1.5059,0.09045,0.44184,0.07944,0.0133,0.21689,1.27939
43,"In this case, Most doctors still",euc_unemb,0.7,1,2,0.98556,0.3624,1.50958,1.5059,0.09045,0.44184,0.07944,0.0133,0.21689,1.27939
43,"In this case, Most doctors still",euc_unemb,0.9,1,2,0.98556,0.3624,1.50958,1.5059,0.09045,0.44184,0.07944,0.0133,0.21689,1.27939
43,"In this case, Most doctors still",euc_unemb,0.99,1,3,0.99989,0.43669,3.73705,3.70461,0.14983,0.44184,0.00515,5e-05,0.42065,3.31635
43,"In this case, Most doctors still",cau_unemb,0.3,1,25,0.31322,0.2109,0.37657,0.38439,0.06102,0.44184,0.23094,0.1335,0.01396,0.22911
43,"In this case, Most doctors still",cau_unemb,0.5,1,30,0.53855,0.21135,0.4908,0.49832,0.11975,0.44184,0.23048,0.13288,0.01809,0.33983
43,"In this case, Most doctors still",cau_unemb,0.7,1,34,0.71189,0.23263,0.57857,0.58524,0.13026,0.44184,0.20921,0.10577,0.02479,0.44801
43,"In this case, Most doctors still",cau_unemb,0.9,1,41,0.90142,0.30779,0.76887,0.7726,0.07985,0.44184,0.13404,0.03959,0.04278,0.68649
43,"In this case, Most doctors still",cau_unemb,0.99,1,54,0.99031,0.47405,1.40861,1.40248,0.07895,0.44184,0.03222,0.00209,0.07667,1.32985
43,"In this case, Most doctors still",dua_unemb,0.3,1,3,0.43942,0.45973,0.23109,0.23128,0.00474,0.44184,0.0179,0.00065,0.03257,0.19787
43,"In this case, Most doctors still",dua_unemb,0.5,1,4,0.53895,0.46727,0.37176,0.36635,0.00627,0.44184,0.02543,0.0013,0.04814,0.32232
43,"In this case, Most doctors still",dua_unemb,0.7,1,8,0.73139,0.47687,1.26818,1.227,0.01015,0.44184,0.03504,0.00247,0.09456,1.17115
43,"In this case, Most doctors still",dua_unemb,0.9,1,18,0.90892,0.48486,4.8318,4.71466,0.05675,0.44184,0.04303,0.00372,0.20814,4.61995
43,"In this case, Most doctors still",dua_unemb,0.99,1,27,0.99414,0.50186,8.01,7.87571,0.08514,0.44184,0.06003,0.00722,0.35188,7.6509
43,"In this case, Most doctors still",euc_dmd,0.3,1,1,0.36997,0.1332,0.68233,0.69097,0.14522,0.44184,0.30864,0.28413,0.02748,0.37071
43,"In this case, Most doctors still",euc_dmd,0.5,1,2,0.98731,0.24795,1.61456,1.61385,0.08703,0.44184,0.19388,0.08883,0.10394,1.42178
43,"In this case, Most doctors still",euc_dmd,0.7,1,2,0.98731,0.24795,1.61456,1.61385,0.08703,0.44184,0.19388,0.08883,0.10394,1.42178
43,"In this case, Most doctors still",euc_dmd,0.9,1,2,0.98731,0.24795,1.61456,1.61385,0.08703,0.44184,0.19388,0.08883,0.10394,1.42178
43,"In this case, Most doctors still",euc_dmd,0.99,1,3,0.99989,0.40316,3.27752,3.2557,0.0872,0.44184,0.03868,0.00308,0.194,3.08044
43,"In this case, Most doctors still",cau_dmd,0.3,1,10,0.38602,0.1488,0.68,0.68922,0.16359,0.44184,0.29304,0.24533,0.0364,0.39827
43,"In this case, Most doctors still",cau_dmd,0.5,1,11,0.50554,0.14435,0.77442,0.78345,0.16425,0.44184,0.29748,0.25582,0.03865,0.47995
43,"In this case, Most doctors still",cau_dmd,0.7,1,13,0.72729,0.15296,0.94784,0.95588,0.17794,0.44184,0.28888,0.23588,0.04708,0.66487
43,"In this case, Most doctors still",cau_dmd,0.9,1,16,0.91529,0.19908,1.22025,1.22537,0.16824,0.44184,0.24275,0.15068,0.07002,0.99954
43,"In this case, Most doctors still",cau_dmd,0.99,1,22,0.99341,0.31338,2.06397,2.05862,0.15816,0.44184,0.12846,0.03617,0.12231,1.90549
43,"In this case, Most doctors still",dua_dmd,0.3,1,2,0.39423,0.45273,0.16446,0.169,0.00448,0.44184,0.01089,0.00024,0.02699,0.13722
43,"In this case, Most doctors still",dua_dmd,0.5,1,3,0.62991,0.45475,0.37141,0.37414,0.01487,0.44184,0.01291,0.00034,0.06173,0.30934
43,"In this case, Most doctors still",dua_dmd,0.7,1,4,0.7482,0.45445,0.59948,0.59769,0.02109,0.44184,0.01261,0.00032,0.08592,0.51324
43,"In this case, Most doctors still",dua_dmd,0.9,1,8,0.90003,0.45406,2.08279,2.05078,0.02931,0.44184,0.01222,0.0003,0.14653,1.93596
43,"In this case, Most doctors still",dua_dmd,0.99,1,15,0.99428,0.46508,6.3086,6.2242,0.07475,0.44184,0.02324,0.00109,0.2287,6.07881
219,"At home, Most doctors really",euc_ctx,0.3,1,6,0.34547,0.12673,0.96367,0.96911,0.18568,0.47334,0.34661,0.35742,0.08522,0.52103
219,"At home, Most doctors really",euc_ctx,0.5,1,7,0.57499,0.12679,1.1183,1.12258,0.18944,0.47334,0.34654,0.35722,0.08911,0.67197
219,"At home, Most doctors really",euc_ctx,0.7,1,8,0.77258,0.14978,1.21435,1.21697,0.18846,0.47334,0.32356,0.29241,0.0866,0.83534
219,"At home, Most doctors really",euc_ctx,0.9,1,10,0.95254,0.25942,1.39978,1.39737,0.20001,0.47334,0.21392,0.10512,0.0869,1.20775
219,"At home, Most doctors really",euc_ctx,0.99,1,12,0.99089,0.41304,1.77266,1.7626,0.18677,0.47334,0.06029,0.00741,0.09688,1.66837
219,"At home, Most doctors really",cau_ctx,0.3,0,,,,,,,,,,,
219,"At home, Most doctors really",cau_ctx,0.5,0,,,,,,,,,,,
219,"At home, Most doctors really",cau_ctx,0.7,0,,,,,,,,,,,
219,"At home, Most doctors really",cau_ctx,0.9,0,,,,,,,,,,,
219,"At home, Most doctors really",cau_ctx,0.99,0,,,,,,,,,,,
219,"At home, Most doctors really",dua_ctx,0.3,1,98,0.30314,0.41202,2.44734,2.35942,0.05071,0.47334,0.06131,0.00766,0.22241,2.21726
219,"At home, Most doctors really",dua_ctx,0.5,1,139,0.50144,0.38471,4.04449,3.92833,0.0608,0.47334,0.08863,0.01622,0.43971,3.58857
219,"At home, Most doctors really",dua_ctx,0.7,1,179,0.70286,0.36663,5.39339,5.26447,0.06417,0.47334,0.1067,0.02375,0.70721,4.66244
219,"At home, Most doctors really",dua_ctx,0.9,1,228,0.90257,0.35991,7.15495,7.01922,0.14778,0.47334,0.11343,0.02695,1.11644,6.01156
219,"At home, Most doctors really",dua_ctx,0.99,1,296,0.99009,0.3795,9.06518,8.92533,0.19535,0.47334,0.09384,0.01823,1.67263,7.37432
219,"At home, Most doctors really",euc_unemb,0.3,1,2,0.96223,0.24758,1.51254,1.51161,0.18289,0.47334,0.22576,0.11888,0.23109,1.16257
219,"At home, Most doctors really",euc_unemb,0.5,1,2,0.96223,0.24758,1.51254,1.51161,0.18289,0.47334,0.22576,0.11888,0.23109,1.16257
219,"At home, Most doctors really",euc_unemb,0.7,1,2,0.96223,0.24758,1.51254,1.51161,0.18289,0.47334,0.22576,0.11888,0.23109,1.16257
219,"At home, Most doctors really",euc_unemb,0.9,1,2,0.96223,0.24758,1.51254,1.51161,0.18289,0.47334,0.22576,0.11888,0.23109,1.16257
219,"At home, Most doctors really",euc_unemb,0.99,1,3,0.99976,0.55733,3.23454,3.20785,0.18301,0.47334,0.084,0.01418,0.51705,2.70331
219,"At home, Most doctors really",cau_unemb,0.3,1,32,0.33298,0.1623,0.6441,0.65004,0.16273,0.47334,0.31104,0.26222,0.04282,0.33905
219,"At home, Most doctors really",cau_unemb,0.5,1,36,0.50755,0.16196,0.73423,0.73942,0.17586,0.47334,0.31138,0.263,0.04151,0.42971
219,"At home, Most doctors really",cau_unemb,0.7,1,41,0.71731,0.18248,0.83128,0.83492,0.17646,0.47334,0.29085,0.21958,0.04932,0.56238
219,"At home, Most doctors really",cau_unemb,0.9,1,49,0.91382,0.25717,1.02023,1.01971,0.16652,0.47334,0.21616,0.10764,0.08026,0.83233
219,"At home, Most doctors really",cau_unemb,0.99,1,62,0.9906,0.39904,1.61762,1.60589,0.14304,0.47334,0.0743,0.01132,0.12989,1.47641
219,"At home, Most doctors really",dua_unemb,0.3,1,3,0.46234,0.4921,0.2461,0.24415,0.00897,0.47334,0.01877,0.00071,0.04556,0.19983
219,"At home, Most doctors really",dua_unemb,0.5,1,4,0.56495,0.49741,0.39487,0.38584,0.01035,0.47334,0.02407,0.00116,0.06255,0.33117
219,"At home, Most doctors really",dua_unemb,0.7,1,7,0.72328,0.50248,1.03465,0.99553,0.01631,0.47334,0.02914,0.0017,0.0981,0.93485
219,"At home, Most doctors really",dua_unemb,0.9,1,16,0.91324,0.51218,3.32658,3.21077,0.10371,0.47334,0.03884,0.00302,0.20489,3.11867
219,"At home, Most doctors really",dua_unemb,0.99,1,28,0.99045,0.54505,8.10677,7.96646,0.12927,0.47334,0.07172,0.01032,0.35139,7.74506
219,"At home, Most doctors really",euc_dmd,0.3,1,2,0.94704,0.10615,1.93937,1.93718,0.19708,0.47334,0.36719,0.42904,0.1562,1.35413
219,"At home, Most doctors really",euc_dmd,0.5,1,2,0.94704,0.10615,1.93937,1.93718,0.19708,0.47334,0.36719,0.42904,0.1562,1.35413
219,"At home, Most doctors really",euc_dmd,0.7,1,2,0.94704,0.10615,1.93937,1.93718,0.19708,0.47334,0.36719,0.42904,0.1562,1.35413
219,"At home, Most doctors really",euc_dmd,0.9,1,2,0.94704,0.10615,1.93937,1.93718,0.19708,0.47334,0.36719,0.42904,0.1562,1.35413
219,"At home, Most doctors really",euc_dmd,0.99,1,3,0.99935,0.31006,2.9881,2.9685,0.18315,0.47334,0.16327,0.05802,0.3153,2.61479
219,"At home, Most doctors really",cau_dmd,0.3,1,13,0.40056,0.09067,1.2913,1.29671,0.18809,0.47334,0.38266,0.49457,0.13293,0.66379
219,"At home, Most doctors really",cau_dmd,0.5,1,14,0.50936,0.08714,1.40283,1.40745,0.18974,0.47334,0.3862,0.51136,0.13311,0.75836
219,"At home, Most doctors really",cau_dmd,0.7,1,16,0.71195,0.08883,1.61284,1.61538,0.18296,0.47334,0.38451,0.50325,0.14078,0.96882
219,"At home, Most doctors really",cau_dmd,0.9,1,20,0.93032,0.1121,2.0944,2.09058,0.17527,0.47334,0.36123,0.40671,0.19409,1.4936
219,"At home, Most doctors really",cau_dmd,0.99,1,25,0.9903,0.13507,2.97173,2.95601,0.16846,0.47334,0.33826,0.33229,0.27835,2.36109
219,"At home, Most doctors really",dua_dmd,0.3,1,2,0.37336,0.48438,0.15515,0.15766,0.02514,0.47334,0.01104,0.00024,0.03044,0.12446
219,"At home, Most doctors really",dua_dmd,0.5,1,3,0.6068,0.47862,0.35265,0.35224,0.03363,0.47334,0.00529,6e-05,0.06635,0.28625
219,"At home, Most doctors really",dua_dmd,0.7,1,4,0.72598,0.4732,0.57229,0.5657,0.10906,0.47334,0.00014,-0.0,0.09113,0.48116
219,"At home, Most doctors really",dua_dmd,0.9,1,9,0.91562,0.45993,2.12972,2.07929,0.12414,0.47334,0.0134,0.00036,0.1718,1.95756
219,"At home, Most doctors really",dua_dmd,0.99,1,22,0.99255,0.49573,7.48448,7.36962,0.12661,0.47334,0.02239,0.001,0.32941,7.15407
285,"Usually, Voters always",euc_ctx,0.3,1,5,0.41488,0.24412,0.6065,0.61808,0.09308,0.48138,0.23726,0.13148,0.04412,0.4309
285,"Usually, Voters always",euc_ctx,0.5,1,6,0.65971,0.25873,0.78354,0.7946,0.06576,0.48138,0.22265,0.11363,0.05556,0.61435
285,"Usually, Voters always",euc_ctx,0.7,1,7,0.83871,0.30838,0.95522,0.96469,0.06808,0.48138,0.173,0.06508,0.06183,0.82832
285,"Usually, Voters always",euc_ctx,0.9,1,8,0.93163,0.38015,1.16116,1.168,0.06244,0.48138,0.10123,0.02118,0.06485,1.07513
285,"Usually, Voters always",euc_ctx,0.99,1,11,0.99515,0.57634,2.12776,2.12197,0.05939,0.48138,0.09496,0.01822,0.07501,2.03453
285,"Usually, Voters always",cau_ctx,0.3,0,,,,,,,,,,,
285,"Usually, Voters always",cau_ctx,0.5,0,,,,,,,,,,,
285,"Usually, Voters always",cau_ctx,0.7,0,,,,,,,,,,,
285,"Usually, Voters always",cau_ctx,0.9,0,,,,,,,,,,,
285,"Usually, Voters always",cau_ctx,0.99,0,,,,,,,,,,,
285,"Usually, Voters always",dua_ctx,0.3,1,116,0.30125,0.43789,4.36861,4.27258,0.04724,0.48138,0.04349,0.00382,0.35869,4.00611
285,"Usually, Voters always",dua_ctx,0.5,1,164,0.50161,0.40911,6.79489,6.67638,0.05991,0.48138,0.07227,0.01065,0.67355,6.11069
285,"Usually, Voters always",dua_ctx,0.7,1,206,0.70299,0.38632,9.02928,8.90321,0.06984,0.48138,0.09505,0.01861,1.04908,7.96159
285,"Usually, Voters always",dua_ctx,0.9,1,268,0.90184,0.39651,11.58303,11.45222,0.06885,0.48138,0.08487,0.01477,1.73674,9.83152
285,"Usually, Voters always",dua_ctx,0.99,1,356,0.99055,0.47068,12.98018,12.84654,0.0708,0.48138,0.0107,0.00023,2.44177,10.53817
285,"Usually, Voters always",euc_unemb,0.3,1,1,0.39529,0.22163,0.49579,0.50756,0.1048,0.48138,0.25975,0.16281,0.06397,0.26902
285,"Usually, Voters always",euc_unemb,0.5,1,2,0.99167,0.44866,1.76137,1.75946,0.15183,0.48138,0.03272,0.00216,0.29019,1.46903
285,"Usually, Voters always",euc_unemb,0.7,1,2,0.99167,0.44866,1.76137,1.75946,0.15183,0.48138,0.03272,0.00216,0.29019,1.46903
285,"Usually, Voters always",euc_unemb,0.9,1,2,0.99167,0.44866,1.76137,1.75946,0.15183,0.48138,0.03272,0.00216,0.29019,1.46903
285,"Usually, Voters always",euc_unemb,0.99,1,2,0.99167,0.44866,1.76137,1.75946,0.15183,0.48138,0.03272,0.00216,0.29019,1.46903
285,"Usually, Voters always",cau_unemb,0.3,1,24,0.30056,0.24547,0.32651,0.33643,0.10152,0.48138,0.23591,0.12976,0.02405,0.17271
285,"Usually, Voters always",cau_unemb,0.5,1,29,0.53111,0.24999,0.41822,0.42832,0.07461,0.48138,0.23139,0.12409,0.03131,0.26283
285,"Usually, Voters always",cau_unemb,0.7,1,33,0.71038,0.2787,0.49011,0.49962,0.07589,0.48138,0.20268,0.092,0.04309,0.35502
285,"Usually, Voters always",cau_unemb,0.9,1,40,0.90403,0.37056,0.67199,0.67869,0.08815,0.48138,0.11082,0.02551,0.07303,0.57344
285,"Usually, Voters always",cau_unemb,0.99,1,53,0.99115,0.53234,1.36418,1.36031,0.08917,0.48138,0.05096,0.0052,0.12429,1.23468
285,"Usually, Voters always",dua_unemb,0.3,1,2,0.38867,0.48973,0.16,0.16362,0.00758,0.48138,0.00835,0.00014,0.0122,0.14766
285,"Usually, Voters always",dua_unemb,0.5,1,3,0.59189,0.50226,0.31917,0.32022,0.02882,0.48138,0.02089,0.00087,0.02758,0.29072
285,"Usually, Voters always",dua_unemb,0.7,1,4,0.72516,0.51319,0.52665,0.52295,0.03045,0.48138,0.03181,0.00202,0.04268,0.48194
285,"Usually, Voters always",dua_unemb,0.9,1,7,0.90718,0.52877,1.59881,1.57225,0.09833,0.48138,0.0474,0.0045,0.07743,1.51688
285,"Usually, Voters always",dua_unemb,0.99,1,11,0.99079,0.5417,4.05109,3.9818,0.11504,0.48138,0.06032,0.0073,0.11076,3.93303
285,"Usually, Voters always",euc_dmd,0.3,1,1,0.39363,0.17677,0.6201,0.63205,0.1122,0.48138,0.3046,0.2426,0.04476,0.33274
285,"Usually, Voters always",euc_dmd,0.5,1,2,0.98947,0.35998,1.57633,1.57907,0.12598,0.48138,0.1214,0.03081,0.15343,1.39209
285,"Usually, Voters always",euc_dmd,0.7,1,2,0.98947,0.35998,1.57633,1.57907,0.12598,0.48138,0.1214,0.03081,0.15343,1.39209
285,"Usually, Voters always",euc_dmd,0.9,1,2,0.98947,0.35998,1.57633,1.57907,0.12598,0.48138,0.1214,0.03081,0.15343,1.39209
285,"Usually, Voters always",euc_dmd,0.99,1,3,0.99991,0.47846,3.50044,3.47958,0.12831,0.48138,0.00292,2e-05,0.27735,3.22307
285,"Usually, Voters always",cau_dmd,0.3,1,10,0.36968,0.19213,0.56126,0.57228,0.12752,0.48138,0.28925,0.21227,0.0674,0.28159
285,"Usually, Voters always",cau_dmd,0.5,1,12,0.60191,0.19896,0.68398,0.69498,0.12521,0.48138,0.28242,0.19985,0.08064,0.40349
285,"Usually, Voters always",cau_dmd,0.7,1,13,0.70668,0.21357,0.74174,0.7524,0.09311,0.48138,0.26781,0.17529,0.09277,0.47367
285,"Usually, Voters always",cau_dmd,0.9,1,16,0.90434,0.29355,0.95258,0.96087,0.07318,0.48138,0.18783,0.0778,0.14655,0.72823
285,"Usually, Voters always",cau_dmd,0.99,1,22,0.99225,0.47657,1.76132,1.75905,0.07297,0.48138,0.00481,5e-05,0.26639,1.49487
285,"Usually, Voters always",dua_dmd,0.3,1,2,0.50033,0.48847,0.21056,0.2155,0.01183,0.48138,0.00709,0.0001,0.023,0.18746
285,"Usually, Voters always",dua_dmd,0.5,1,2,0.50033,0.48847,0.21056,0.2155,0.01183,0.48138,0.00709,0.0001,0.023,0.18746
285,"Usually, Voters always",dua_dmd,0.7,1,3,0.78363,0.48317,0.51475,0.51861,0.03755,0.48138,0.0018,1e-05,0.05494,0.45981
285,"Usually, Voters always",dua_dmd,0.9,1,4,0.91919,0.48311,0.91375,0.91403,0.05084,0.48138,0.00174,1e-05,0.07838,0.83537
285,"Usually, Voters always",dua_dmd,0.99,1,7,0.99517,0.49056,2.7789,2.76405,0.05321,0.48138,0.00918,0.00017,0.10675,2.67198
274,"Every day, Both of them often",euc_ctx,0.3,1,5,0.34862,0.17141,0.60286,0.61059,0.09042,0.45927,0.28786,0.22186,0.03493,0.34607
274,"Every day, Both of them often",euc_ctx,0.5,1,6,0.56966,0.16817,0.74201,0.74938,0.09137,0.45927,0.2911,0.22851,0.03961,0.47389
274,"Every day, Both of them often",euc_ctx,0.7,1,7,0.76316,0.19049,0.84304,0.84949,0.09007,0.45927,0.26878,0.18598,0.04138,0.61568
274,"Every day, Both of them often",euc_ctx,0.9,1,9,0.94745,0.2987,1.04975,1.0526,0.04562,0.45927,0.16056,0.05698,0.0475,0.94527
274,"Every day, Both of them often",euc_ctx,0.99,1,12,0.99508,0.50946,1.66869,1.66185,0.03768,0.45927,0.05019,0.00504,0.0673,1.59636
274,"Every day, Both of them often",cau_ctx,0.3,0,,,,,,,,,,,
274,"Every day, Both of them often",cau_ctx,0.5,0,,,,,,,,,,,
274,"Every day, Both of them often",cau_ctx,0.7,0,,,,,,,,,,,
274,"Every day, Both of them often",cau_ctx,0.9,0,,,,,,,,,,,
274,"Every day, Both of them often",cau_ctx,0.99,0,,,,,,,,,,,
274,"Every day, Both of them often",dua_ctx,0.3,1,101,0.30121,0.42395,2.79042,2.7272,0.01509,0.45927,0.03532,0.00254,0.25295,2.53493
274,"Every day, Both of them often",dua_ctx,0.5,1,151,0.50277,0.39991,5.45544,5.35191,0.02273,0.45927,0.05935,0.00724,0.57671,4.87149
274,"Every day, Both of them often",dua_ctx,0.7,1,209,0.70095,0.39998,7.75162,7.62896,0.07131,0.45927,0.05928,0.00722,1.07957,6.66482
274,"Every day, Both of them often",dua_ctx,0.9,1,304,0.90017,0.43478,10.67379,10.53991,0.07834,0.45927,0.02449,0.00122,2.03632,8.63625
274,"Every day, Both of them often",dua_ctx,0.99,1,431,0.99015,0.52963,12.92254,12.78428,0.07037,0.45927,0.07036,0.00991,2.91618,9.99644
274,"Every day, Both of them often",euc_unemb,0.3,1,1,0.37733,0.15688,0.5657,0.57448,0.09382,0.45927,0.30239,0.25314,0.03758,0.27498
274,"Every day, Both of them often",euc_unemb,0.5,1,2,0.98682,0.34943,1.33126,1.33163,0.05204,0.45927,0.10984,0.02554,0.20595,1.09978
274,"Every day, Both of them often",euc_unemb,0.7,1,2,0.98682,0.34943,1.33126,1.33163,0.05204,0.45927,0.10984,0.02554,0.20595,1.09978
274,"Every day, Both of them often",euc_unemb,0.9,1,2,0.98682,0.34943,1.33126,1.33163,0.05204,0.45927,0.10984,0.02554,0.20595,1.09978
274,"Every day, Both of them often",euc_unemb,0.99,1,3,0.99989,0.53099,3.13831,3.11521,0.07596,0.45927,0.07172,0.0103,0.42613,2.70188
274,"Every day, Both of them often",cau_unemb,0.3,1,26,0.3275,0.20584,0.34996,0.35784,0.08329,0.45927,0.25343,0.16074,0.02092,0.16831
274,"Every day, Both of them often",cau_unemb,0.5,1,31,0.53897,0.21027,0.41886,0.42674,0.07601,0.45927,0.249,0.15399,0.02562,0.23925
274,"Every day, Both of them often",cau_unemb,0.7,1,35,0.70135,0.23423,0.46559,0.473,0.07407,0.45927,0.22504,0.12108,0.03726,0.30724
274,"Every day, Both of them often",cau_unemb,0.9,1,43,0.90376,0.3318,0.59823,0.60324,0.03848,0.45927,0.12746,0.03485,0.08085,0.48253
274,"Every day, Both of them often",cau_unemb,0.99,1,57,0.99037,0.54144,1.15989,1.15579,0.03594,0.45927,0.08217,0.01354,0.16667,0.97968
274,"Every day, Both of them often",dua_unemb,0.3,1,2,0.45347,0.48867,0.15318,0.15676,0.01477,0.45927,0.0294,0.00173,0.00849,0.14296
274,"Every day, Both of them often",dua_unemb,0.5,1,3,0.67965,0.50814,0.31166,0.31323,0.01816,0.45927,0.04887,0.00478,0.02011,0.28677
274,"Every day, Both of them often",dua_unemb,0.7,1,4,0.82471,0.52597,0.52285,0.52065,0.01925,0.45927,0.0667,0.00891,0.03356,0.48039
274,"Every day, Both of them often",dua_unemb,0.9,1,5,0.91223,0.54055,0.80711,0.79976,0.02562,0.45927,0.08129,0.01324,0.04642,0.74745
274,"Every day, Both of them often",dua_unemb,0.99,1,8,0.9986,0.56848,2.45617,2.42671,0.02966,0.45927,0.10921,0.02402,0.07139,2.36075
274,"Every day, Both of them often",euc_dmd,0.3,1,1,0.34436,0.11805,0.74771,0.7542,0.10424,0.45927,0.34122,0.3594,0.03686,0.35145
274,"Every day, Both of them often",euc_dmd,0.5,1,2,0.9795,0.20679,1.46682,1.46558,0.0811,0.45927,0.25248,0.15928,0.15753,1.15001
274,"Every day, Both of them often",euc_dmd,0.7,1,2,0.9795,0.20679,1.46682,1.46558,0.0811,0.45927,0.25248,0.15928,0.15753,1.15001
274,"Every day, Both of them often",euc_dmd,0.9,1,2,0.9795,0.20679,1.46682,1.46558,0.0811,0.45927,0.25248,0.15928,0.15753,1.15001
274,"Every day, Both of them often",euc_dmd,0.99,1,3,0.99971,0.459,2.59097,2.57309,0.05194,0.45927,0.00027,0.0,0.30989,2.28109
274,"Every day, Both of them often",cau_dmd,0.3,1,11,0.35799,0.15131,0.62323,0.62952,0.09681,0.45927,0.30796,0.26619,0.05536,0.30169
274,"Every day, Both of them often",cau_dmd,0.5,1,13,0.55949,0.14865,0.7402,0.7459,0.09426,0.45927,0.31062,0.27264,0.05988,0.40768
274,"Every day, Both of them often",cau_dmd,0.7,1,15,0.74073,0.16504,0.84295,0.84757,0.09176,0.45927,0.29422,0.2351,0.0801,0.52775
274,"Every day, Both of them often",cau_dmd,0.9,1,18,0.90403,0.22103,1.01407,1.01613,0.07541,0.45927,0.23824,0.13849,0.13812,0.73747
274,"Every day, Both of them often",cau_dmd,0.99,1,25,0.9928,0.41197,1.7163,1.70776,0.03876,0.45927,0.04729,0.00457,0.29982,1.41191
274,"Every day, Both of them often",dua_dmd,0.3,1,2,0.46736,0.48161,0.15236,0.15548,0.01456,0.45927,0.02235,0.001,0.00773,0.14362
274,"Every day, Both of them often",dua_dmd,0.5,1,3,0.67022,0.48151,0.33004,0.3317,0.05306,0.45927,0.02225,0.00099,0.01932,0.30972
274,"Every day, Both of them often",dua_dmd,0.7,1,4,0.76824,0.4794,0.53209,0.53133,0.05438,0.45927,0.02013,0.00081,0.02887,0.50241
274,"Every day, Both of them often",dua_dmd,0.9,1,7,0.93238,0.47616,1.44738,1.43553,0.05772,0.45927,0.01689,0.00057,0.06229,1.38451
274,"Every day, Both of them often",dua_dmd,0.99,1,10,0.99213,0.48621,3.02356,2.99758,0.06066,0.45927,0.02694,0.00145,0.0971,2.925
23,People generally,euc_ctx,0.3,1,6,0.41196,0.15783,0.90906,0.91985,0.13209,0.48384,0.32601,0.28933,0.06354,0.5562
23,People generally,euc_ctx,0.5,1,7,0.64514,0.16325,1.08103,1.09121,0.13482,0.48384,0.32059,0.27631,0.07672,0.728
23,People generally,euc_ctx,0.7,1,8,0.82253,0.19494,1.21025,1.21917,0.12799,0.48384,0.2889,0.21041,0.08356,0.91628
23,People generally,euc_ctx,0.9,1,9,0.92045,0.24886,1.33755,1.34456,0.14548,0.48384,0.23498,0.12804,0.08696,1.12255
23,People generally,euc_ctx,0.99,1,12,0.99358,0.45985,1.98026,1.97764,0.12779,0.48384,0.02399,0.00116,0.09897,1.88013
23,People generally,cau_ctx,0.3,0,,,,,,,,,,,
23,People generally,cau_ctx,0.5,0,,,,,,,,,,,
23,People generally,cau_ctx,0.7,0,,,,,,,,,,,
23,People generally,cau_ctx,0.9,0,,,,,,,,,,,
23,People generally,cau_ctx,0.99,0,,,,,,,,,,,
23,People generally,dua_ctx,0.3,1,124,0.30092,0.41878,4.38537,4.29671,0.04624,0.48384,0.06506,0.0086,0.37606,4.00071
23,People generally,dua_ctx,0.5,1,172,0.50152,0.40655,6.63157,6.51589,0.05101,0.48384,0.07728,0.01219,0.71612,5.90326
23,People generally,dua_ctx,0.7,1,218,0.70352,0.40306,8.16744,8.04035,0.11233,0.48384,0.08078,0.01333,1.1069,7.04721
23,People generally,dua_ctx,0.9,1,273,0.9011,0.4108,9.52538,9.39199,0.06513,0.48384,0.07303,0.01086,1.62571,7.88881
23,People generally,dua_ctx,0.99,1,344,0.99032,0.45811,11.59181,11.45478,0.07718,0.48384,0.02573,0.00133,2.16757,9.42291
23,People generally,euc_unemb,0.3,1,2,0.96724,0.308,1.38529,1.38951,0.15037,0.48384,0.17584,0.06721,0.21465,1.10344
23,People generally,euc_unemb,0.5,1,2,0.96724,0.308,1.38529,1.38951,0.15037,0.48384,0.17584,0.06721,0.21465,1.10344
23,People generally,euc_unemb,0.7,1,2,0.96724,0.308,1.38529,1.38951,0.15037,0.48384,0.17584,0.06721,0.21465,1.10344
23,People generally,euc_unemb,0.9,1,2,0.96724,0.308,1.38529,1.38951,0.15037,0.48384,0.17584,0.06721,0.21465,1.10344
23,People generally,euc_unemb,0.99,1,3,0.99976,0.44682,3.42813,3.40556,0.15279,0.48384,0.03701,0.00276,0.46968,2.95569
23,People generally,cau_unemb,0.3,1,30,0.3236,0.19044,0.52195,0.5316,0.11234,0.48384,0.2934,0.21883,0.0322,0.27092
23,People generally,cau_unemb,0.5,1,35,0.54456,0.19163,0.62728,0.63659,0.12388,0.48384,0.29221,0.21657,0.03387,0.37683
23,People generally,cau_unemb,0.7,1,39,0.7126,0.21138,0.69851,0.70699,0.12522,0.48384,0.27246,0.18188,0.03804,0.47858
23,People generally,cau_unemb,0.9,1,47,0.91346,0.29174,0.87615,0.88128,0.1111,0.48384,0.1921,0.08146,0.05531,0.73937
23,People generally,cau_unemb,0.99,1,60,0.99079,0.43696,1.4632,1.45833,0.09881,0.48384,0.04687,0.00444,0.08868,1.37008
23,People generally,dua_unemb,0.3,1,2,0.32406,0.49048,0.13905,0.14263,0.03146,0.48384,0.00665,9e-05,0.01756,0.12141
23,People generally,dua_unemb,0.5,1,3,0.53301,0.50467,0.29038,0.29094,0.10447,0.48384,0.02084,0.00087,0.03919,0.25033
23,People generally,dua_unemb,0.7,1,5,0.72479,0.52115,0.70764,0.69604,0.10797,0.48384,0.03732,0.00279,0.07041,0.63444
23,People generally,dua_unemb,0.9,1,10,0.90206,0.53165,2.61568,2.55489,0.11711,0.48384,0.04782,0.00458,0.12308,2.48802
23,People generally,dua_unemb,0.99,1,16,0.99066,0.53886,5.07222,4.96333,0.10189,0.48384,0.05502,0.00607,0.18646,4.87969
23,People generally,euc_dmd,0.3,1,2,0.96468,0.17384,1.63473,1.63938,0.13624,0.48384,0.31,0.25248,0.12075,1.26151
23,People generally,euc_dmd,0.5,1,2,0.96468,0.17384,1.63473,1.63938,0.13624,0.48384,0.31,0.25248,0.12075,1.26151
23,People generally,euc_dmd,0.7,1,2,0.96468,0.17384,1.63473,1.63938,0.13624,0.48384,0.31,0.25248,0.12075,1.26151
23,People generally,euc_dmd,0.9,1,2,0.96468,0.17384,1.63473,1.63938,0.13624,0.48384,0.31,0.25248,0.12075,1.26151
23,People generally,euc_dmd,0.99,1,3,0.99961,0.36811,2.93947,2.92623,0.11906,0.48384,0.11572,0.02785,0.23529,2.67633
23,People generally,cau_dmd,0.3,1,12,0.37737,0.12645,0.98495,0.99492,0.13882,0.48384,0.35739,0.37769,0.08877,0.51849
23,People generally,cau_dmd,0.5,1,14,0.59957,0.12253,1.17904,1.18818,0.13712,0.48384,0.3613,0.3906,0.09787,0.69057
23,People generally,cau_dmd,0.7,1,15,0.70017,0.12707,1.26766,1.27612,0.13793,0.48384,0.35677,0.37568,0.10596,0.78601
23,People generally,cau_dmd,0.9,1,19,0.92917,0.17365,1.6515,1.65549,0.12678,0.48384,0.31018,0.25288,0.15628,1.24234
23,People generally,cau_dmd,0.99,1,24,0.99027,0.23647,2.37892,2.37346,0.11471,0.48384,0.24737,0.1443,0.22734,2.00728
23,People generally,dua_dmd,0.3,1,2,0.45788,0.50129,0.20363,0.20774,0.03487,0.48384,0.01745,0.00061,0.03023,0.17279
23,People generally,dua_dmd,0.5,1,3,0.75133,0.49375,0.51427,0.51733,0.04527,0.48384,0.00991,0.0002,0.07048,0.44359
23,People generally,dua_dmd,0.7,1,3,0.75133,0.49375,0.51427,0.51733,0.04527,0.48384,0.00991,0.0002,0.07048,0.44359
23,People generally,dua_dmd,0.9,1,5,0.9291,0.48932,1.32816,1.3207,0.06138,0.48384,0.00548,6e-05,0.11731,1.21079
23,People generally,dua_dmd,0.99,1,9,0.99563,0.4912,4.13952,4.09899,0.09095,0.48384,0.00736,0.00011,0.17032,3.96909
