ctx_id,text,method,level,reached,step,P1,cf,kl,kl99,rd
151,"Lately, Most doctors typically",euc_ctx,0.3,1,10,0.38409,0.31241,0.3319,0.33992,0.01778
151,"Lately, Most doctors typically",euc_ctx,0.5,1,12,0.59738,0.33094,0.56223,0.56921,0.01851
151,"Lately, Most doctors typically",euc_ctx,0.7,1,14,0.77929,0.36176,0.88292,0.88741,0.27817
151,"Lately, Most doctors typically",euc_ctx,0.9,1,17,0.92836,0.41269,1.52087,1.51937,0.30953
151,"Lately, Most doctors typically",euc_ctx,0.99,1,22,0.99121,0.46885,2.83788,2.82314,0.33287
151,"Lately, Most doctors typically",cau_ctx,0.3,1,19,0.342,0.24892,0.42539,0.43352,0.02186
151,"Lately, Most doctors typically",cau_ctx,0.5,1,22,0.50261,0.24099,0.64739,0.6546,0.03638
151,"Lately, Most doctors typically",cau_ctx,0.7,1,26,0.71151,0.23186,1.07066,1.07491,0.20049
151,"Lately, Most doctors typically",cau_ctx,0.9,1,32,0.90511,0.21095,1.97809,1.97441,0.28984
151,"Lately, Most doctors typically",cau_ctx,0.99,1,43,0.99176,0.14819,4.18121,4.15651,0.33806
151,"Lately, Most doctors typically",dua_ctx,0.3,1,30,0.30396,0.29532,0.48876,0.48309,0.02343
151,"Lately, Most doctors typically",dua_ctx,0.5,1,45,0.50347,0.27567,1.11859,1.09347,0.03195
151,"Lately, Most doctors typically",dua_ctx,0.7,1,64,0.70769,0.24583,2.28989,2.23199,0.04036
151,"Lately, Most doctors typically",dua_ctx,0.9,1,87,0.90152,0.2047,4.14824,4.05451,0.23805
151,"Lately, Most doctors typically",dua_ctx,0.99,1,108,0.99184,0.17805,6.37326,6.25812,0.33083
151,"Lately, Most doctors typically",euc_unemb,0.3,1,4,0.39895,0.27191,0.20848,0.21312,0.01263
151,"Lately, Most doctors typically",euc_unemb,0.5,1,5,0.66586,0.30883,0.42579,0.4286,0.01968
151,"Lately, Most doctors typically",euc_unemb,0.7,1,6,0.85685,0.36185,0.79868,0.79735,0.24736
151,"Lately, Most doctors typically",euc_unemb,0.9,1,7,0.94732,0.40525,1.3224,1.31492,0.29558
151,"Lately, Most doctors typically",euc_unemb,0.99,1,9,0.99388,0.44036,2.61852,2.59572,0.33239
151,"Lately, Most doctors typically",cau_unemb,0.3,1,4,0.31108,0.25852,0.18236,0.1894,0.01334
151,"Lately, Most doctors typically",cau_unemb,0.5,1,5,0.5501,0.27936,0.33508,0.34177,0.0206
151,"Lately, Most doctors typically",cau_unemb,0.7,1,6,0.76767,0.32393,0.58461,0.5893,0.17274
151,"Lately, Most doctors typically",cau_unemb,0.9,1,8,0.95994,0.41905,1.42954,1.42536,0.31543
151,"Lately, Most doctors typically",cau_unemb,0.99,1,10,0.99422,0.46185,2.56501,2.54842,0.32186
151,"Lately, Most doctors typically",dua_unemb,0.3,1,6,0.3623,0.31454,0.12349,0.12639,0.0086
151,"Lately, Most doctors typically",dua_unemb,0.5,1,8,0.53836,0.32258,0.22096,0.22158,0.01136
151,"Lately, Most doctors typically",dua_unemb,0.7,1,11,0.73552,0.336,0.42775,0.42207,0.01744
151,"Lately, Most doctors typically",dua_unemb,0.9,1,16,0.90973,0.35296,0.92906,0.90744,0.03006
151,"Lately, Most doctors typically",dua_unemb,0.99,1,23,0.99158,0.36631,2.00045,1.94935,0.23157
151,"Lately, Most doctors typically",euc_dmd,0.3,1,4,0.42978,0.27366,0.26381,0.2705,0.20612
151,"Lately, Most doctors typically",euc_dmd,0.5,1,5,0.6975,0.31987,0.49398,0.49915,0.21425
151,"Lately, Most doctors typically",euc_dmd,0.7,1,6,0.87527,0.38923,0.86906,0.87052,0.25994
151,"Lately, Most doctors typically",euc_dmd,0.9,1,7,0.95504,0.45354,1.38665,1.38254,0.343
151,"Lately, Most doctors typically",euc_dmd,0.99,1,9,0.9948,0.52691,2.67094,2.65272,0.35449
151,"Lately, Most doctors typically",cau_dmd,0.3,1,4,0.30001,0.24065,0.23679,0.24558,0.0224
151,"Lately, Most doctors typically",cau_dmd,0.5,1,5,0.52788,0.25737,0.38428,0.39324,0.01645
151,"Lately, Most doctors typically",cau_dmd,0.7,1,6,0.7426,0.29949,0.6082,0.6159,0.02362
151,"Lately, Most doctors typically",cau_dmd,0.9,1,8,0.94895,0.41023,1.36748,1.36834,0.34069
151,"Lately, Most doctors typically",cau_dmd,0.99,1,10,0.99135,0.47693,2.43767,2.42794,0.32292
151,"Lately, Most doctors typically",dua_dmd,0.3,1,5,0.36465,0.30459,0.12467,0.12947,0.00956
151,"Lately, Most doctors typically",dua_dmd,0.5,1,7,0.58085,0.30735,0.23625,0.24057,0.01212
151,"Lately, Most doctors typically",dua_dmd,0.7,1,9,0.7369,0.31173,0.37258,0.37534,0.01494
151,"Lately, Most doctors typically",dua_dmd,0.9,1,13,0.91293,0.32457,0.74166,0.73866,0.03418
151,"Lately, Most doctors typically",dua_dmd,0.99,1,20,0.99062,0.34797,1.70242,1.6825,0.21777
224,"Today, Both of them generally",euc_ctx,0.3,1,6,0.3747,0.38522,0.22256,0.22651,0.05156
224,"Today, Both of them generally",euc_ctx,0.5,1,8,0.60834,0.38107,0.3566,0.3596,0.06586
224,"Today, Both of them generally",euc_ctx,0.7,1,9,0.71439,0.39351,0.42482,0.42689,0.06939
224,"Today, Both of them generally",euc_ctx,0.9,1,12,0.91267,0.47139,0.65058,0.64829,0.06822
224,"Today, Both of them generally",euc_ctx,0.99,1,17,0.99124,0.62099,1.19572,1.1825,0.06741
224,"Today, Both of them generally",cau_ctx,0.3,1,11,0.34273,0.39914,0.29335,0.29847,0.06512
224,"Today, Both of them generally",cau_ctx,0.5,1,14,0.52326,0.38314,0.45066,0.45522,0.13396
224,"Today, Both of them generally",cau_ctx,0.7,1,18,0.74828,0.39448,0.6912,0.69358,0.15525
224,"Today, Both of them generally",cau_ctx,0.9,1,23,0.91229,0.44074,1.06502,1.06261,0.16249
224,"Today, Both of them generally",cau_ctx,0.99,1,32,0.99019,0.49939,2.02253,2.00706,0.16983
224,"Today, Both of them generally",dua_ctx,0.3,1,21,0.30592,0.49747,0.21891,0.21891,0.03252
224,"Today, Both of them generally",dua_ctx,0.5,1,34,0.51145,0.47269,0.62224,0.61135,0.04899
224,"Today, Both of them generally",dua_ctx,0.7,1,48,0.71054,0.4541,1.33881,1.30941,0.05483
224,"Today, Both of them generally",dua_ctx,0.9,1,65,0.903,0.44891,2.51114,2.45491,0.06465
224,"Today, Both of them generally",dua_ctx,0.99,1,79,0.99083,0.45889,3.74021,3.66424,0.06716
224,"Today, Both of them generally",euc_unemb,0.3,1,3,0.47812,0.42385,0.19026,0.19254,0.02691
224,"Today, Both of them generally",euc_unemb,0.5,1,4,0.73551,0.46079,0.35734,0.35716,0.0383
224,"Today, Both of them generally",euc_unemb,0.7,1,4,0.73551,0.46079,0.35734,0.35716,0.0383
224,"Today, Both of them generally",euc_unemb,0.9,1,6,0.96315,0.58508,0.95927,0.94857,0.1629
224,"Today, Both of them generally",euc_unemb,0.99,1,8,0.99602,0.64621,1.82243,1.79703,0.17631
224,"Today, Both of them generally",cau_unemb,0.3,1,3,0.41443,0.40898,0.15678,0.16042,0.11338
224,"Today, Both of them generally",cau_unemb,0.5,1,4,0.65928,0.43051,0.26681,0.2692,0.03542
224,"Today, Both of them generally",cau_unemb,0.7,1,5,0.84085,0.48626,0.42706,0.42662,0.03451
224,"Today, Both of them generally",cau_unemb,0.9,1,6,0.93506,0.55094,0.65485,0.65018,0.06314
224,"Today, Both of them generally",cau_unemb,0.99,1,8,0.99065,0.63914,1.28356,1.26769,0.14433
224,"Today, Both of them generally",dua_unemb,0.3,1,4,0.33154,0.53415,0.06875,0.07099,0.01561
224,"Today, Both of them generally",dua_unemb,0.5,1,6,0.55109,0.54887,0.1698,0.16999,0.02312
224,"Today, Both of them generally",dua_unemb,0.7,1,8,0.72292,0.56699,0.32702,0.32312,0.0274
224,"Today, Both of them generally",dua_unemb,0.9,1,13,0.92022,0.60968,0.93821,0.91858,0.03075
224,"Today, Both of them generally",dua_unemb,0.99,1,20,0.99315,0.66292,2.169,2.11915,0.03742
224,"Today, Both of them generally",euc_dmd,0.3,1,3,0.51206,0.38092,0.26655,0.26896,0.03633
224,"Today, Both of them generally",euc_dmd,0.5,1,3,0.51206,0.38092,0.26655,0.26896,0.03633
224,"Today, Both of them generally",euc_dmd,0.7,1,4,0.76598,0.41074,0.45058,0.45037,0.06203
224,"Today, Both of them generally",euc_dmd,0.9,1,5,0.91048,0.47326,0.70567,0.70109,0.07159
224,"Today, Both of them generally",euc_dmd,0.99,1,8,0.99662,0.62523,1.84757,1.82365,0.08356
224,"Today, Both of them generally",cau_dmd,0.3,1,3,0.41208,0.37114,0.23928,0.24346,0.03752
224,"Today, Both of them generally",cau_dmd,0.5,1,4,0.64905,0.37509,0.37918,0.38208,0.05725
224,"Today, Both of them generally",cau_dmd,0.7,1,5,0.82768,0.40948,0.56766,0.56787,0.11986
224,"Today, Both of them generally",cau_dmd,0.9,1,6,0.92475,0.45474,0.82011,0.8164,0.12205
224,"Today, Both of them generally",cau_dmd,0.99,1,9,0.99477,0.53454,1.87008,1.85021,0.12584
224,"Today, Both of them generally",dua_dmd,0.3,1,3,0.34572,0.51196,0.08179,0.08387,0.01229
224,"Today, Both of them generally",dua_dmd,0.5,1,4,0.50368,0.5098,0.14833,0.15002,0.01774
224,"Today, Both of them generally",dua_dmd,0.7,1,6,0.76352,0.51295,0.33343,0.33304,0.04385
224,"Today, Both of them generally",dua_dmd,0.9,1,8,0.90445,0.52259,0.58726,0.58342,0.05692
224,"Today, Both of them generally",dua_dmd,0.99,1,13,0.99033,0.55434,1.44244,1.42579,0.06181
208,"Usually, They still",euc_ctx,0.3,1,10,0.38718,0.39364,0.385,0.39018,0.05965
208,"Usually, They still",euc_ctx,0.5,1,11,0.50112,0.38987,0.4444,0.44891,0.054
208,"Usually, They still",euc_ctx,0.7,1,13,0.71728,0.41093,0.54869,0.55098,0.06479
208,"Usually, They still",euc_ctx,0.9,1,16,0.91033,0.49234,0.70365,0.70062,0.07212
208,"Usually, They still",euc_ctx,0.99,1,21,0.99018,0.63184,1.10962,1.09397,0.07227
208,"Usually, They still",cau_ctx,0.3,1,18,0.3233,0.40604,0.54137,0.54865,0.06515
208,"Usually, They still",cau_ctx,0.5,1,22,0.56069,0.36055,0.83665,0.84158,0.21474
208,"Usually, They still",cau_ctx,0.7,1,25,0.72818,0.3411,1.10194,1.10376,0.236
208,"Usually, They still",cau_ctx,0.9,1,30,0.90287,0.32013,1.63149,1.62592,0.24779
208,"Usually, They still",cau_ctx,0.99,1,40,0.99135,0.26247,2.98437,2.95867,0.26121
208,"Usually, They still",dua_ctx,0.3,1,30,0.30902,0.57251,0.34006,0.3327,0.00818
208,"Usually, They still",dua_ctx,0.5,1,46,0.50945,0.54584,0.81578,0.78689,0.01515
208,"Usually, They still",dua_ctx,0.7,1,64,0.70334,0.52767,1.54218,1.4817,0.04573
208,"Usually, They still",dua_ctx,0.9,1,88,0.90314,0.51499,2.75352,2.65741,0.05892
208,"Usually, They still",dua_ctx,0.99,1,105,0.99228,0.51287,3.80301,3.68879,0.07362
208,"Usually, They still",euc_unemb,0.3,1,5,0.52889,0.41806,0.45115,0.45266,0.06913
208,"Usually, They still",euc_unemb,0.5,1,5,0.52889,0.41806,0.45115,0.45266,0.06913
208,"Usually, They still",euc_unemb,0.7,1,6,0.76413,0.44095,0.66505,0.66273,0.17491
208,"Usually, They still",euc_unemb,0.9,1,7,0.90379,0.48318,0.93542,0.92756,0.17798
208,"Usually, They still",euc_unemb,0.99,1,10,0.99576,0.55304,2.01034,1.97984,0.23537
208,"Usually, They still",cau_unemb,0.3,1,5,0.43326,0.38579,0.41783,0.42233,0.18719
208,"Usually, They still",cau_unemb,0.5,1,6,0.6664,0.39313,0.55629,0.55856,0.18771
208,"Usually, They still",cau_unemb,0.7,1,7,0.83888,0.43058,0.71054,0.70926,0.1902
208,"Usually, They still",cau_unemb,0.9,1,8,0.93119,0.47888,0.89751,0.89152,0.17858
208,"Usually, They still",cau_unemb,0.99,1,11,0.99572,0.56767,1.67981,1.65546,0.18072
208,"Usually, They still",dua_unemb,0.3,1,7,0.33795,0.63231,0.11014,0.1113,0.01617
208,"Usually, They still",dua_unemb,0.5,1,10,0.54735,0.65172,0.25967,0.25429,0.01883
208,"Usually, They still",dua_unemb,0.7,1,14,0.71042,0.67603,0.56777,0.54884,0.04274
208,"Usually, They still",dua_unemb,0.9,1,25,0.90612,0.71619,1.87606,1.80314,0.06663
208,"Usually, They still",dua_unemb,0.99,1,35,0.99255,0.73082,3.73844,3.61957,0.07861
208,"Usually, They still",euc_dmd,0.3,1,4,0.37992,0.36142,0.48164,0.48628,0.18805
208,"Usually, They still",euc_dmd,0.5,1,5,0.65742,0.35631,0.68432,0.68638,0.08379
208,"Usually, They still",euc_dmd,0.7,1,6,0.85632,0.3963,0.90762,0.9054,0.08286
208,"Usually, They still",euc_dmd,0.9,1,7,0.94826,0.45331,1.17572,1.16783,0.17793
208,"Usually, They still",euc_dmd,0.99,1,9,0.99407,0.53721,1.84827,1.82634,0.1784
208,"Usually, They still",cau_dmd,0.3,1,5,0.51516,0.328,0.68112,0.68736,0.19744
208,"Usually, They still",cau_dmd,0.5,1,5,0.51516,0.328,0.68112,0.68736,0.19744
208,"Usually, They still",cau_dmd,0.7,1,6,0.73647,0.34107,0.84941,0.85317,0.08701
208,"Usually, They still",cau_dmd,0.9,1,8,0.94792,0.4256,1.28836,1.28383,0.07848
208,"Usually, They still",cau_dmd,0.99,1,10,0.99105,0.49064,1.88824,1.87242,0.07789
208,"Usually, They still",dua_dmd,0.3,1,5,0.33285,0.59618,0.13171,0.13532,0.03524
208,"Usually, They still",dua_dmd,0.5,1,7,0.61179,0.59037,0.29193,0.29357,0.04858
208,"Usually, They still",dua_dmd,0.7,1,8,0.72679,0.59198,0.39093,0.39076,0.0575
208,"Usually, They still",dua_dmd,0.9,1,11,0.93138,0.60943,0.74387,0.73573,0.05689
208,"Usually, They still",dua_dmd,0.99,1,14,0.99153,0.63365,1.22445,1.20552,0.06083
271,"Over time, The workers usually",euc_ctx,0.3,1,11,0.34894,0.23387,0.58355,0.58837,0.14023
271,"Over time, The workers usually",euc_ctx,0.5,1,13,0.56603,0.22932,0.74836,0.75181,0.15374
271,"Over time, The workers usually",euc_ctx,0.7,1,15,0.7598,0.2522,0.89433,0.89565,0.13857
271,"Over time, The workers usually",euc_ctx,0.9,1,18,0.92217,0.32606,1.12288,1.11961,0.08194
271,"Over time, The workers usually",euc_ctx,0.99,1,23,0.99047,0.47681,1.68082,1.6668,0.07654
271,"Over time, The workers usually",cau_ctx,0.3,1,21,0.30457,0.26565,0.64905,0.65594,0.1601
271,"Over time, The workers usually",cau_ctx,0.5,1,25,0.52128,0.24025,0.93669,0.94167,0.14371
271,"Over time, The workers usually",cau_ctx,0.7,1,29,0.73144,0.22689,1.30643,1.30775,0.13563
271,"Over time, The workers usually",cau_ctx,0.9,1,35,0.91603,0.20726,2.05643,2.04902,0.15573
271,"Over time, The workers usually",cau_ctx,0.99,1,45,0.9913,0.1507,3.71947,3.69183,0.1674
271,"Over time, The workers usually",dua_ctx,0.3,1,30,0.31124,0.43423,0.43066,0.42829,0.0235
271,"Over time, The workers usually",dua_ctx,0.5,1,43,0.5097,0.41016,0.94058,0.92465,0.02892
271,"Over time, The workers usually",dua_ctx,0.7,1,57,0.70697,0.39051,1.7336,1.69731,0.03495
271,"Over time, The workers usually",dua_ctx,0.9,1,74,0.9035,0.37824,3.02815,2.96403,0.04293
271,"Over time, The workers usually",dua_ctx,0.99,1,90,0.99144,0.38065,4.59029,4.50363,0.07296
271,"Over time, The workers usually",euc_unemb,0.3,1,5,0.46846,0.253,0.56125,0.56342,0.13386
271,"Over time, The workers usually",euc_unemb,0.5,1,6,0.72684,0.27615,0.78789,0.78718,0.16521
271,"Over time, The workers usually",euc_unemb,0.7,1,6,0.72684,0.27615,0.78789,0.78718,0.16521
271,"Over time, The workers usually",euc_unemb,0.9,1,8,0.96084,0.39227,1.42453,1.41358,0.16563
271,"Over time, The workers usually",euc_unemb,0.99,1,10,0.99564,0.47701,2.32275,2.29731,0.17339
271,"Over time, The workers usually",cau_unemb,0.3,1,5,0.35579,0.24674,0.47545,0.48017,0.14852
271,"Over time, The workers usually",cau_unemb,0.5,1,6,0.59806,0.25108,0.64088,0.64408,0.15643
271,"Over time, The workers usually",cau_unemb,0.7,1,7,0.80011,0.28706,0.82737,0.82787,0.16405
271,"Over time, The workers usually",cau_unemb,0.9,1,8,0.91487,0.34245,1.06047,1.05707,0.16837
271,"Over time, The workers usually",cau_unemb,0.99,1,11,0.99514,0.47763,2.10641,2.0859,0.15768
271,"Over time, The workers usually",dua_unemb,0.3,1,7,0.37058,0.47117,0.15095,0.15371,0.02484
271,"Over time, The workers usually",dua_unemb,0.5,1,9,0.57423,0.48576,0.27774,0.27779,0.03024
271,"Over time, The workers usually",dua_unemb,0.7,1,11,0.731,0.5035,0.46437,0.45987,0.05472
271,"Over time, The workers usually",dua_unemb,0.9,1,16,0.91084,0.54235,1.26645,1.24418,0.06903
271,"Over time, The workers usually",dua_unemb,0.99,1,24,0.99386,0.5861,3.34711,3.2847,0.12322
271,"Over time, The workers usually",euc_dmd,0.3,1,5,0.50008,0.1988,0.78264,0.78461,0.16426
271,"Over time, The workers usually",euc_dmd,0.5,1,5,0.50008,0.1988,0.78264,0.78461,0.16426
271,"Over time, The workers usually",euc_dmd,0.7,1,6,0.74958,0.2155,1.02063,1.01968,0.1632
271,"Over time, The workers usually",euc_dmd,0.9,1,8,0.96307,0.32547,1.59834,1.58829,0.13188
271,"Over time, The workers usually",euc_dmd,0.99,1,10,0.99544,0.44123,2.38791,2.36531,0.15838
271,"Over time, The workers usually",cau_dmd,0.3,1,5,0.31839,0.20978,0.67315,0.67857,0.16061
271,"Over time, The workers usually",cau_dmd,0.5,1,6,0.53592,0.20215,0.85728,0.8613,0.15923
271,"Over time, The workers usually",cau_dmd,0.7,1,7,0.73744,0.21942,1.05327,1.055,0.16295
271,"Over time, The workers usually",cau_dmd,0.9,1,9,0.94088,0.29996,1.56654,1.56113,0.13176
271,"Over time, The workers usually",cau_dmd,0.99,1,12,0.99495,0.40228,2.68733,2.66613,0.12821
271,"Over time, The workers usually",dua_dmd,0.3,1,6,0.3835,0.43936,0.1829,0.18699,0.04097
271,"Over time, The workers usually",dua_dmd,0.5,1,7,0.51203,0.43812,0.2606,0.2644,0.03795
271,"Over time, The workers usually",dua_dmd,0.7,1,9,0.72623,0.44118,0.46185,0.46425,0.05528
271,"Over time, The workers usually",dua_dmd,0.9,1,13,0.92668,0.45658,1.10029,1.09688,0.07265
271,"Over time, The workers usually",dua_dmd,0.99,1,19,0.99338,0.48856,2.57297,2.55261,0.07542
58,"Over time, Our customers typically",euc_ctx,0.3,1,13,0.33863,0.43595,0.42707,0.43387,0.09436
58,"Over time, Our customers typically",euc_ctx,0.5,1,15,0.55984,0.43847,0.58716,0.59208,0.10106
58,"Over time, Our customers typically",euc_ctx,0.7,1,17,0.75927,0.46859,0.76745,0.76912,0.12985
58,"Over time, Our customers typically",euc_ctx,0.9,1,20,0.92462,0.53909,1.09863,1.0932,0.07011
58,"Over time, Our customers typically",euc_ctx,0.99,1,25,0.99146,0.63307,1.82376,1.80311,0.07208
58,"Over time, Our customers typically",cau_ctx,0.3,1,26,0.31576,0.25382,1.16884,1.1687,0.1094
58,"Over time, Our customers typically",cau_ctx,0.5,1,30,0.52906,0.15064,1.89463,1.88713,0.11211
58,"Over time, Our customers typically",cau_ctx,0.7,1,34,0.73227,0.08944,2.721,2.70413,0.11957
58,"Over time, Our customers typically",cau_ctx,0.9,1,40,0.9124,0.04633,3.97532,3.94277,0.1402
58,"Over time, Our customers typically",cau_ctx,0.99,1,51,0.99194,0.0179,6.19847,6.13579,0.1566
58,"Over time, Our customers typically",dua_ctx,0.3,1,37,0.30586,0.53337,0.72457,0.71739,0.03403
58,"Over time, Our customers typically",dua_ctx,0.5,1,52,0.50913,0.48458,1.59455,1.56733,0.03834
58,"Over time, Our customers typically",dua_ctx,0.7,1,66,0.71462,0.43829,2.70139,2.64982,0.05023
58,"Over time, Our customers typically",dua_ctx,0.9,1,80,0.90595,0.40051,4.05795,3.9803,0.06134
58,"Over time, Our customers typically",dua_ctx,0.99,1,93,0.99172,0.38801,5.54953,5.45005,0.06391
58,"Over time, Our customers typically",euc_unemb,0.3,1,6,0.50143,0.41488,0.45333,0.45708,0.0937
58,"Over time, Our customers typically",euc_unemb,0.5,1,6,0.50143,0.41488,0.45333,0.45708,0.0937
58,"Over time, Our customers typically",euc_unemb,0.7,1,7,0.75535,0.45419,0.67588,0.67574,0.14108
58,"Over time, Our customers typically",euc_unemb,0.9,1,8,0.90481,0.51293,0.98453,0.97846,0.15799
58,"Over time, Our customers typically",euc_unemb,0.99,1,11,0.99644,0.61085,2.25936,2.22892,0.18057
58,"Over time, Our customers typically",cau_unemb,0.3,1,6,0.36193,0.36582,0.41418,0.42079,0.09805
58,"Over time, Our customers typically",cau_unemb,0.5,1,7,0.60783,0.38066,0.54856,0.55323,0.123
58,"Over time, Our customers typically",cau_unemb,0.7,1,8,0.8087,0.42899,0.71505,0.71621,0.13749
58,"Over time, Our customers typically",cau_unemb,0.9,1,9,0.92001,0.49054,0.93828,0.9345,0.1532
58,"Over time, Our customers typically",cau_unemb,0.99,1,12,0.99561,0.60405,1.91936,1.89556,0.17923
58,"Over time, Our customers typically",dua_unemb,0.3,1,7,0.31992,0.56925,0.13014,0.13399,0.02607
58,"Over time, Our customers typically",dua_unemb,0.5,1,9,0.52127,0.57581,0.24824,0.24958,0.0377
58,"Over time, Our customers typically",dua_unemb,0.7,1,12,0.76034,0.5905,0.54231,0.53621,0.04571
58,"Over time, Our customers typically",dua_unemb,0.9,1,16,0.91498,0.60802,1.24335,1.22027,0.12433
58,"Over time, Our customers typically",dua_unemb,0.99,1,22,0.99093,0.62393,2.92577,2.86581,0.1512
58,"Over time, Our customers typically",euc_dmd,0.3,1,6,0.5045,0.32921,0.61602,0.62144,0.1025
58,"Over time, Our customers typically",euc_dmd,0.5,1,6,0.5045,0.32921,0.61602,0.62144,0.1025
58,"Over time, Our customers typically",euc_dmd,0.7,1,7,0.7547,0.36363,0.8085,0.81062,0.12305
58,"Over time, Our customers typically",euc_dmd,0.9,1,8,0.90256,0.4272,1.05722,1.05437,0.13539
58,"Over time, Our customers typically",euc_dmd,0.99,1,11,0.99593,0.57773,2.19298,2.16869,0.1195
58,"Over time, Our customers typically",cau_dmd,0.3,1,7,0.48355,0.29096,0.69912,0.7065,0.14357
58,"Over time, Our customers typically",cau_dmd,0.5,1,8,0.69546,0.31661,0.81276,0.81801,0.13094
58,"Over time, Our customers typically",cau_dmd,0.7,1,9,0.84652,0.36621,0.96306,0.96506,0.13515
58,"Over time, Our customers typically",cau_dmd,0.9,1,10,0.92957,0.42543,1.17125,1.16898,0.13701
58,"Over time, Our customers typically",cau_dmd,0.99,1,13,0.99422,0.55194,2.10801,2.08866,0.08089
58,"Over time, Our customers typically",dua_dmd,0.3,1,7,0.39557,0.54066,0.18034,0.18629,0.02916
58,"Over time, Our customers typically",dua_dmd,0.5,1,8,0.51321,0.53756,0.24381,0.24953,0.03361
58,"Over time, Our customers typically",dua_dmd,0.7,1,10,0.70334,0.53595,0.39166,0.39615,0.04449
58,"Over time, Our customers typically",dua_dmd,0.9,1,15,0.91583,0.54749,0.87747,0.87527,0.0546
58,"Over time, Our customers typically",dua_dmd,0.99,1,22,0.99184,0.58287,2.04854,2.02654,0.05587
236,"At home, People often",euc_ctx,0.3,1,15,0.37244,0.62143,0.38714,0.39502,0.0281
236,"At home, People often",euc_ctx,0.5,1,17,0.5907,0.62297,0.50679,0.51219,0.0304
236,"At home, People often",euc_ctx,0.7,1,19,0.77753,0.64938,0.63294,0.63438,0.0535
236,"At home, People often",euc_ctx,0.9,1,22,0.9288,0.70786,0.85566,0.84902,0.12533
236,"At home, People often",euc_ctx,0.99,1,27,0.99126,0.78021,1.33307,1.3101,0.13063
236,"At home, People often",cau_ctx,0.3,1,29,0.32713,0.42191,1.08221,1.08372,0.1303
236,"At home, People often",cau_ctx,0.5,1,33,0.54535,0.27904,1.66029,1.65482,0.13241
236,"At home, People often",cau_ctx,0.7,1,36,0.70315,0.20466,2.14765,2.13555,0.13478
236,"At home, People often",cau_ctx,0.9,1,42,0.90328,0.12224,3.14367,3.11646,0.16067
236,"At home, People often",cau_ctx,0.99,1,53,0.99182,0.06237,4.91559,4.85855,0.1693
236,"At home, People often",dua_ctx,0.3,1,39,0.30373,0.6832,0.70496,0.69292,0.00993
236,"At home, People often",dua_ctx,0.5,1,56,0.51231,0.63031,1.58093,1.54042,0.01607
236,"At home, People often",dua_ctx,0.7,1,71,0.70309,0.58082,2.57199,2.50152,0.0218
236,"At home, People often",dua_ctx,0.9,1,90,0.90009,0.53442,4.03019,3.92641,0.05183
236,"At home, People often",dua_ctx,0.99,1,108,0.99216,0.51643,5.25937,5.13498,0.1419
236,"At home, People often",euc_unemb,0.3,1,6,0.31504,0.61001,0.23683,0.2442,0.02489
236,"At home, People often",euc_unemb,0.5,1,7,0.5755,0.62529,0.3566,0.36142,0.04859
236,"At home, People often",euc_unemb,0.7,1,8,0.79936,0.6629,0.5593,0.55913,0.06134
236,"At home, People often",euc_unemb,0.9,1,9,0.92102,0.69859,0.83967,0.83253,0.08672
236,"At home, People often",euc_unemb,0.99,1,12,0.99648,0.73186,1.84825,1.81541,0.09295
236,"At home, People often",cau_unemb,0.3,1,7,0.39616,0.58101,0.30142,0.311,0.1271
236,"At home, People often",cau_unemb,0.5,1,8,0.63081,0.60832,0.38454,0.39177,0.0329
236,"At home, People often",cau_unemb,0.7,1,9,0.81534,0.65498,0.52008,0.52314,0.03607
236,"At home, People often",cau_unemb,0.9,1,10,0.91879,0.69935,0.71495,0.71236,0.03889
236,"At home, People often",cau_unemb,0.99,1,13,0.99447,0.75511,1.49037,1.46667,0.07798
236,"At home, People often",dua_unemb,0.3,1,9,0.37662,0.71942,0.14406,0.14675,0.00612
236,"At home, People often",dua_unemb,0.5,1,11,0.53939,0.72757,0.24638,0.24562,0.00876
236,"At home, People often",dua_unemb,0.7,1,14,0.73302,0.74263,0.48415,0.4748,0.01162
236,"At home, People often",dua_unemb,0.9,1,19,0.91677,0.76408,1.09892,1.06756,0.03591
236,"At home, People often",dua_unemb,0.99,1,24,0.99103,0.77533,2.02104,1.95849,0.03866
236,"At home, People often",euc_dmd,0.3,1,6,0.31035,0.55138,0.38955,0.39961,0.06168
236,"At home, People often",euc_dmd,0.5,1,7,0.56467,0.5576,0.52698,0.5349,0.13532
236,"At home, People often",euc_dmd,0.7,1,8,0.78755,0.5951,0.72593,0.72952,0.15438
236,"At home, People often",euc_dmd,0.9,1,9,0.91304,0.6399,0.99973,0.99717,0.17726
236,"At home, People often",euc_dmd,0.99,1,12,0.9956,0.70211,2.06038,2.03425,0.16641
236,"At home, People often",cau_dmd,0.3,1,8,0.50192,0.51434,0.61246,0.62433,0.06741
236,"At home, People often",cau_dmd,0.5,1,8,0.50192,0.51434,0.61246,0.62433,0.06741
236,"At home, People often",cau_dmd,0.7,1,9,0.70293,0.54507,0.7342,0.74346,0.15868
236,"At home, People often",cau_dmd,0.9,1,11,0.92644,0.63174,1.14647,1.14669,0.18502
236,"At home, People often",cau_dmd,0.99,1,14,0.99308,0.69224,2.05133,2.0329,0.21107
236,"At home, People often",dua_dmd,0.3,1,7,0.30467,0.69013,0.1505,0.15712,0.00703
236,"At home, People often",dua_dmd,0.5,1,9,0.50631,0.68168,0.27702,0.28322,0.0127
236,"At home, People often",dua_dmd,0.7,1,13,0.7419,0.67867,0.58187,0.58475,0.04257
236,"At home, People often",dua_dmd,0.9,1,18,0.90929,0.68794,1.09823,1.0922,0.049
236,"At home, People often",dua_dmd,0.99,1,24,0.99028,0.71128,2.01096,1.98459,0.05416
107,"Over time, Students often",euc_ctx,0.3,1,12,0.35584,0.54654,0.31376,0.32091,0.14054
107,"Over time, Students often",euc_ctx,0.5,1,14,0.58857,0.55299,0.49271,0.49769,0.14483
107,"Over time, Students often",euc_ctx,0.7,1,16,0.78713,0.57618,0.72373,0.72479,0.15026
107,"Over time, Students often",euc_ctx,0.9,1,18,0.9051,0.60518,1.00239,0.99813,0.15405
107,"Over time, Students often",euc_ctx,0.99,1,23,0.99017,0.65777,1.83412,1.81362,0.15772
107,"Over time, Students often",cau_ctx,0.3,1,24,0.31978,0.53356,0.65088,0.65596,0.20185
107,"Over time, Students often",cau_ctx,0.5,1,28,0.54274,0.46158,1.04646,1.04779,0.20796
107,"Over time, Students often",cau_ctx,0.7,1,31,0.70397,0.40215,1.43877,1.4356,0.21373
107,"Over time, Students often",cau_ctx,0.9,1,37,0.90537,0.29073,2.39571,2.38031,0.21462
107,"Over time, Students often",cau_ctx,0.99,1,48,0.99206,0.14415,4.43966,4.39642,0.21117
107,"Over time, Students often",dua_ctx,0.3,1,38,0.30326,0.5561,0.82972,0.81834,0.03201
107,"Over time, Students often",dua_ctx,0.5,1,54,0.51169,0.49819,1.96253,1.92553,0.03162
107,"Over time, Students often",dua_ctx,0.7,1,67,0.70932,0.44914,3.13741,3.07534,0.03466
107,"Over time, Students often",dua_ctx,0.9,1,81,0.90658,0.40802,4.59335,4.50589,0.12494
107,"Over time, Students often",dua_ctx,0.99,1,94,0.99187,0.39158,6.07086,5.96378,0.13708
107,"Over time, Students often",euc_unemb,0.3,1,5,0.35651,0.49593,0.24232,0.24851,0.15316
107,"Over time, Students often",euc_unemb,0.5,1,6,0.6397,0.5178,0.42637,0.4298,0.13954
107,"Over time, Students often",euc_unemb,0.7,1,7,0.85088,0.5543,0.73311,0.73102,0.17112
107,"Over time, Students often",euc_unemb,0.9,1,8,0.94839,0.5801,1.14366,1.13405,0.17976
107,"Over time, Students often",euc_unemb,0.99,1,10,0.9948,0.58968,2.09498,2.06781,0.19462
107,"Over time, Students often",cau_unemb,0.3,1,6,0.50689,0.46561,0.34147,0.34865,0.17912
107,"Over time, Students often",cau_unemb,0.5,1,6,0.50689,0.46561,0.34147,0.34865,0.17912
107,"Over time, Students often",cau_unemb,0.7,1,7,0.74738,0.50425,0.51127,0.51536,0.16215
107,"Over time, Students often",cau_unemb,0.9,1,9,0.96058,0.58127,1.10344,1.09592,0.17618
107,"Over time, Students often",cau_unemb,0.99,1,11,0.99499,0.60036,1.89278,1.87036,0.18489
107,"Over time, Students often",dua_unemb,0.3,1,7,0.35426,0.59324,0.14428,0.14732,0.03424
107,"Over time, Students often",dua_unemb,0.5,1,9,0.53383,0.60099,0.25902,0.25922,0.04243
107,"Over time, Students often",dua_unemb,0.7,1,12,0.75147,0.61441,0.53945,0.53188,0.04247
107,"Over time, Students often",dua_unemb,0.9,1,16,0.90922,0.62914,1.24347,1.21804,0.08134
107,"Over time, Students often",dua_unemb,0.99,1,23,0.99374,0.6403,3.36029,3.28863,0.09263
107,"Over time, Students often",euc_dmd,0.3,1,5,0.36919,0.44175,0.34149,0.35019,0.2033
107,"Over time, Students often",euc_dmd,0.5,1,6,0.65305,0.46505,0.53478,0.54118,0.177
107,"Over time, Students often",euc_dmd,0.7,1,7,0.85804,0.51224,0.82681,0.82834,0.16879
107,"Over time, Students often",euc_dmd,0.9,1,8,0.95086,0.55268,1.21812,1.21283,0.17244
107,"Over time, Students often",euc_dmd,0.99,1,10,0.99491,0.58473,2.16395,2.14236,0.17969
107,"Over time, Students often",cau_dmd,0.3,1,6,0.42172,0.40835,0.4713,0.48197,0.20924
107,"Over time, Students often",cau_dmd,0.5,1,7,0.65855,0.4364,0.62215,0.63104,0.15892
107,"Over time, Students often",cau_dmd,0.7,1,8,0.83471,0.48479,0.84332,0.84868,0.17941
107,"Over time, Students often",cau_dmd,0.9,1,9,0.92903,0.53189,1.14411,1.14448,0.18383
107,"Over time, Students often",cau_dmd,0.99,1,12,0.99537,0.5949,2.34074,2.32172,0.19133
107,"Over time, Students often",dua_dmd,0.3,1,6,0.32012,0.56801,0.15662,0.16336,0.02917
107,"Over time, Students often",dua_dmd,0.5,1,8,0.53771,0.56272,0.29415,0.30057,0.03952
107,"Over time, Students often",dua_dmd,0.7,1,10,0.70031,0.56112,0.46306,0.46814,0.12494
107,"Over time, Students often",dua_dmd,0.9,1,15,0.92243,0.56803,1.05091,1.04872,0.13323
107,"Over time, Students often",dua_dmd,0.99,1,20,0.99149,0.58957,2.05261,2.03453,0.13771
233,"Every day, These kids just",euc_ctx,0.3,1,10,0.37541,0.35418,0.4419,0.44784,0.05888
233,"Every day, These kids just",euc_ctx,0.5,1,12,0.6081,0.35224,0.55188,0.5564,0.05997
233,"Every day, These kids just",euc_ctx,0.7,1,13,0.7135,0.36651,0.59457,0.59799,0.06155
233,"Every day, These kids just",euc_ctx,0.9,1,16,0.91104,0.45134,0.71736,0.71599,0.06982
233,"Every day, These kids just",euc_ctx,0.99,1,21,0.99059,0.60196,1.07918,1.06587,0.06436
233,"Every day, These kids just",cau_ctx,0.3,1,18,0.3243,0.34771,0.63175,0.63874,0.0621
233,"Every day, These kids just",cau_ctx,0.5,1,21,0.50181,0.3022,0.87267,0.87775,0.17759
233,"Every day, These kids just",cau_ctx,0.7,1,25,0.72945,0.25495,1.25962,1.26011,0.22051
233,"Every day, These kids just",cau_ctx,0.9,1,30,0.902,0.20532,1.85806,1.84995,0.21904
233,"Every day, These kids just",cau_ctx,0.99,1,40,0.99082,0.12331,3.34338,3.31284,0.23885
233,"Every day, These kids just",dua_ctx,0.3,1,31,0.31308,0.53068,0.51836,0.50737,0.02719
233,"Every day, These kids just",dua_ctx,0.5,1,45,0.50252,0.50054,1.07095,1.03931,0.01588
233,"Every day, These kids just",dua_ctx,0.7,1,63,0.70698,0.48577,1.97127,1.90774,0.03054
233,"Every day, These kids just",dua_ctx,0.9,1,85,0.90376,0.47273,3.34207,3.24738,0.05069
233,"Every day, These kids just",dua_ctx,0.99,1,100,0.99057,0.47147,4.34456,4.23404,0.05662
233,"Every day, These kids just",euc_unemb,0.3,1,5,0.55367,0.46572,0.39379,0.39552,0.05786
233,"Every day, These kids just",euc_unemb,0.5,1,5,0.55367,0.46572,0.39379,0.39552,0.05786
233,"Every day, These kids just",euc_unemb,0.7,1,6,0.78711,0.52483,0.54025,0.53813,0.06517
233,"Every day, These kids just",euc_unemb,0.9,1,7,0.91659,0.60549,0.75936,0.75155,0.06887
233,"Every day, These kids just",euc_unemb,0.99,1,10,0.99648,0.73374,1.81062,1.77915,0.07005
233,"Every day, These kids just",cau_unemb,0.3,1,5,0.44564,0.43636,0.34293,0.3482,0.06301
233,"Every day, These kids just",cau_unemb,0.5,1,6,0.68284,0.47353,0.42114,0.42434,0.05529
233,"Every day, These kids just",cau_unemb,0.7,1,7,0.85094,0.54571,0.53197,0.5316,0.0559
233,"Every day, These kids just",cau_unemb,0.9,1,8,0.93742,0.62374,0.70599,0.70071,0.05978
233,"Every day, These kids just",cau_unemb,0.99,1,10,0.9901,0.72272,1.22988,1.21205,0.06121
233,"Every day, These kids just",dua_unemb,0.3,1,7,0.37668,0.64046,0.11019,0.11169,0.04154
233,"Every day, These kids just",dua_unemb,0.5,1,9,0.53838,0.65465,0.2086,0.20687,0.0471
233,"Every day, These kids just",dua_unemb,0.7,1,13,0.7297,0.68909,0.54519,0.53197,0.05022
233,"Every day, These kids just",dua_unemb,0.9,1,22,0.90633,0.74597,1.77703,1.72483,0.06419
233,"Every day, These kids just",dua_unemb,0.99,1,30,0.99199,0.77413,3.40209,3.30821,0.06891
233,"Every day, These kids just",euc_dmd,0.3,1,4,0.3267,0.34001,0.50849,0.5136,0.06382
233,"Every day, These kids just",euc_dmd,0.5,1,5,0.59953,0.33191,0.67481,0.67788,0.06995
233,"Every day, These kids just",euc_dmd,0.7,1,6,0.82089,0.37984,0.83413,0.83366,0.06426
233,"Every day, These kids just",euc_dmd,0.9,1,7,0.93295,0.46242,1.03927,1.03386,0.06962
233,"Every day, These kids just",euc_dmd,0.99,1,9,0.99207,0.62287,1.66049,1.64193,0.23647
233,"Every day, These kids just",cau_dmd,0.3,1,5,0.42634,0.31173,0.64402,0.65155,0.18569
233,"Every day, These kids just",cau_dmd,0.5,1,6,0.65538,0.32531,0.73911,0.74517,0.18754
233,"Every day, These kids just",cau_dmd,0.7,1,7,0.82754,0.37771,0.83803,0.84163,0.06698
233,"Every day, These kids just",cau_dmd,0.9,1,8,0.9229,0.45429,0.98268,0.98283,0.06874
233,"Every day, These kids just",cau_dmd,0.99,1,11,0.9944,0.66016,1.77128,1.75619,0.27711
233,"Every day, These kids just",dua_dmd,0.3,1,6,0.36622,0.59925,0.13136,0.13398,0.03824
233,"Every day, These kids just",dua_dmd,0.5,1,8,0.54856,0.59118,0.23673,0.23824,0.04346
233,"Every day, These kids just",dua_dmd,0.7,1,10,0.70064,0.58903,0.37738,0.37693,0.04689
233,"Every day, These kids just",dua_dmd,0.9,1,15,0.91894,0.61057,0.90739,0.89818,0.05387
233,"Every day, These kids just",dua_dmd,0.99,1,22,0.99225,0.67244,1.93755,1.90732,0.05835
298,"At work, These kids typically",euc_ctx,0.3,1,13,0.30699,0.31392,0.61294,0.62011,0.07061
298,"At work, These kids typically",euc_ctx,0.5,1,15,0.51442,0.30223,0.76867,0.77447,0.08073
298,"At work, These kids typically",euc_ctx,0.7,1,17,0.71653,0.32139,0.89859,0.90213,0.08194
298,"At work, These kids typically",euc_ctx,0.9,1,20,0.90252,0.39461,1.08438,1.08296,0.07846
298,"At work, These kids typically",euc_ctx,0.99,1,26,0.99173,0.56415,1.65714,1.6414,0.08294
298,"At work, These kids typically",cau_ctx,0.3,1,25,0.30106,0.26573,1.14205,1.14769,0.18222
298,"At work, These kids typically",cau_ctx,0.5,1,29,0.51901,0.18655,1.70403,1.70468,0.18589
298,"At work, These kids typically",cau_ctx,0.7,1,33,0.73083,0.13375,2.36078,2.35443,0.21477
298,"At work, These kids typically",cau_ctx,0.9,1,39,0.91604,0.08971,3.41931,3.40018,0.22878
298,"At work, These kids typically",cau_ctx,0.99,1,49,0.99112,0.05412,5.22578,5.18302,0.23105
298,"At work, These kids typically",dua_ctx,0.3,1,35,0.30399,0.50586,0.51435,0.50601,0.0505
298,"At work, These kids typically",dua_ctx,0.5,1,50,0.50332,0.47167,1.10908,1.08005,0.05581
298,"At work, These kids typically",dua_ctx,0.7,1,68,0.70837,0.45002,2.13244,2.07146,0.05934
298,"At work, These kids typically",dua_ctx,0.9,1,90,0.90696,0.437,3.64591,3.55208,0.07481
298,"At work, These kids typically",dua_ctx,0.99,1,105,0.99033,0.43484,4.88249,4.77283,0.08134
298,"At work, These kids typically",euc_unemb,0.3,1,6,0.39196,0.31732,0.55397,0.55714,0.18882
298,"At work, These kids typically",euc_unemb,0.5,1,7,0.64363,0.33273,0.72622,0.72679,0.19395
298,"At work, These kids typically",euc_unemb,0.7,1,8,0.83553,0.38354,0.93952,0.936,0.18081
298,"At work, These kids typically",euc_unemb,0.9,1,9,0.93478,0.44764,1.21211,1.20305,0.20484
298,"At work, These kids typically",euc_unemb,0.99,1,11,0.99137,0.53842,1.92352,1.90027,0.22276
298,"At work, These kids typically",cau_unemb,0.3,1,7,0.48909,0.28929,0.65187,0.65658,0.19105
298,"At work, These kids typically",cau_unemb,0.5,1,8,0.705,0.31418,0.77021,0.77266,0.19436
298,"At work, These kids typically",cau_unemb,0.7,1,8,0.705,0.31418,0.77021,0.77266,0.19436
298,"At work, These kids typically",cau_unemb,0.9,1,10,0.93656,0.42781,1.08644,1.08119,0.18377
298,"At work, These kids typically",cau_unemb,0.99,1,13,0.99549,0.55617,1.89709,1.87427,0.19743
298,"At work, These kids typically",dua_unemb,0.3,1,8,0.30058,0.56833,0.12246,0.12587,0.02206
298,"At work, These kids typically",dua_unemb,0.5,1,11,0.55712,0.58445,0.28415,0.28261,0.02831
298,"At work, These kids typically",dua_unemb,0.7,1,14,0.72414,0.60318,0.55674,0.54606,0.03329
298,"At work, These kids typically",dua_unemb,0.9,1,22,0.9142,0.64006,1.69226,1.64583,0.04701
298,"At work, These kids typically",dua_unemb,0.99,1,31,0.99359,0.66235,3.57763,3.47942,0.06366
298,"At work, These kids typically",euc_dmd,0.3,1,6,0.47662,0.27148,0.80032,0.80442,0.18414
298,"At work, These kids typically",euc_dmd,0.5,1,7,0.7221,0.28984,0.99724,0.99831,0.16778
298,"At work, These kids typically",euc_dmd,0.7,1,7,0.7221,0.28984,0.99724,0.99831,0.16778
298,"At work, These kids typically",euc_dmd,0.9,1,9,0.95382,0.4071,1.51514,1.50655,0.09147
298,"At work, These kids typically",euc_dmd,0.99,1,11,0.99375,0.51932,2.22155,2.19983,0.09036
298,"At work, These kids typically",cau_dmd,0.3,1,7,0.48417,0.25924,0.95482,0.96123,0.20579
298,"At work, These kids typically",cau_dmd,0.5,1,8,0.68853,0.26535,1.14218,1.146,0.18663
298,"At work, These kids typically",cau_dmd,0.7,1,9,0.8374,0.28812,1.37841,1.37863,0.16517
298,"At work, These kids typically",cau_dmd,0.9,1,10,0.92239,0.3163,1.66886,1.66457,0.16545
298,"At work, These kids typically",cau_dmd,0.99,1,13,0.99288,0.36271,2.77405,2.75249,0.16667
298,"At work, These kids typically",dua_dmd,0.3,1,7,0.37609,0.53488,0.19803,0.20277,0.02937
298,"At work, These kids typically",dua_dmd,0.5,1,8,0.50432,0.53205,0.27697,0.28119,0.03693
298,"At work, These kids typically",dua_dmd,0.7,1,10,0.72531,0.53361,0.4764,0.47843,0.06117
298,"At work, These kids typically",dua_dmd,0.9,1,13,0.90879,0.54781,0.90397,0.9,0.07265
298,"At work, These kids typically",dua_dmd,0.99,1,20,0.99174,0.58785,2.32884,2.30219,0.07527
290,"Honestly, Our customers always",euc_ctx,0.3,1,7,0.33159,0.66434,0.15332,0.15907,0.03002
290,"Honestly, Our customers always",euc_ctx,0.5,1,9,0.55628,0.65881,0.24949,0.25424,0.03521
290,"Honestly, Our customers always",euc_ctx,0.7,1,11,0.75979,0.68037,0.35539,0.35751,0.03659
290,"Honestly, Our customers always",euc_ctx,0.9,1,14,0.92664,0.73617,0.54124,0.53709,0.03715
290,"Honestly, Our customers always",euc_ctx,0.99,1,19,0.99209,0.80364,0.94793,0.93021,0.05935
290,"Honestly, Our customers always",cau_ctx,0.3,1,14,0.3216,0.6782,0.22367,0.22927,0.02939
290,"Honestly, Our customers always",cau_ctx,0.5,1,18,0.54,0.65883,0.36138,0.36559,0.03647
290,"Honestly, Our customers always",cau_ctx,0.7,1,22,0.74399,0.65408,0.54495,0.54596,0.06559
290,"Honestly, Our customers always",cau_ctx,0.9,1,27,0.90052,0.65154,0.84869,0.84348,0.06868
290,"Honestly, Our customers always",cau_ctx,0.99,1,38,0.99128,0.57507,1.78507,1.761,0.2104
290,"Honestly, Our customers always",dua_ctx,0.3,1,31,0.30587,0.68195,0.51669,0.50783,0.0082
290,"Honestly, Our customers always",dua_ctx,0.5,1,48,0.50021,0.62975,1.19244,1.16131,0.03535
290,"Honestly, Our customers always",dua_ctx,0.7,1,65,0.70256,0.58293,2.06514,2.007,0.04682
290,"Honestly, Our customers always",dua_ctx,0.9,1,86,0.90491,0.5464,3.36241,3.27397,0.0522
290,"Honestly, Our customers always",dua_ctx,0.99,1,103,0.99216,0.53601,4.34945,4.24164,0.0572
290,"Honestly, Our customers always",euc_unemb,0.3,1,3,0.35024,0.6952,0.09153,0.09532,0.02521
290,"Honestly, Our customers always",euc_unemb,0.5,1,4,0.62269,0.72033,0.17657,0.17818,0.03936
290,"Honestly, Our customers always",euc_unemb,0.7,1,5,0.8349,0.76765,0.3249,0.32177,0.04347
290,"Honestly, Our customers always",euc_unemb,0.9,1,6,0.93936,0.80785,0.53881,0.52903,0.0718
290,"Honestly, Our customers always",euc_unemb,0.99,1,8,0.99314,0.83993,1.07241,1.04676,0.07625
290,"Honestly, Our customers always",cau_unemb,0.3,1,4,0.53066,0.68476,0.14007,0.14482,0.03168
290,"Honestly, Our customers always",cau_unemb,0.5,1,4,0.53066,0.68476,0.14007,0.14482,0.03168
290,"Honestly, Our customers always",cau_unemb,0.7,1,5,0.75663,0.72499,0.22347,0.22542,0.03541
290,"Honestly, Our customers always",cau_unemb,0.9,1,7,0.95848,0.80536,0.52946,0.52093,0.04406
290,"Honestly, Our customers always",cau_unemb,0.99,1,9,0.99402,0.83087,0.96,0.93818,0.07495
290,"Honestly, Our customers always",dua_unemb,0.3,1,5,0.30016,0.75449,0.06004,0.06179,0.00471
290,"Honestly, Our customers always",dua_unemb,0.5,1,8,0.5149,0.76538,0.17325,0.17116,0.01756
290,"Honestly, Our customers always",dua_unemb,0.7,1,12,0.73086,0.78071,0.43736,0.42522,0.03634
290,"Honestly, Our customers always",dua_unemb,0.9,1,17,0.90581,0.79686,0.94723,0.91636,0.03647
290,"Honestly, Our customers always",dua_unemb,0.99,1,23,0.99313,0.81302,1.90935,1.84555,0.04039
290,"Honestly, Our customers always",euc_dmd,0.3,1,3,0.37351,0.65422,0.15284,0.15805,0.04284
290,"Honestly, Our customers always",euc_dmd,0.5,1,4,0.65302,0.6746,0.26649,0.26971,0.04399
290,"Honestly, Our customers always",euc_dmd,0.7,1,5,0.85571,0.72993,0.42472,0.42348,0.16615
290,"Honestly, Our customers always",euc_dmd,0.9,1,6,0.94905,0.78606,0.63729,0.62983,0.16719
290,"Honestly, Our customers always",euc_dmd,0.99,1,8,0.99451,0.84985,1.17326,1.15093,0.20498
290,"Honestly, Our customers always",cau_dmd,0.3,1,4,0.51705,0.62372,0.22991,0.23673,0.04591
290,"Honestly, Our customers always",cau_dmd,0.5,1,4,0.51705,0.62372,0.22991,0.23673,0.04591
290,"Honestly, Our customers always",cau_dmd,0.7,1,5,0.74256,0.65684,0.32616,0.33088,0.14679
290,"Honestly, Our customers always",cau_dmd,0.9,1,7,0.9535,0.76035,0.63001,0.6261,0.1551
290,"Honestly, Our customers always",cau_dmd,0.99,1,9,0.99298,0.81892,1.0679,1.05239,0.19816
290,"Honestly, Our customers always",dua_dmd,0.3,1,4,0.32703,0.72411,0.07504,0.07854,0.01367
290,"Honestly, Our customers always",dua_dmd,0.5,1,6,0.54003,0.71343,0.1731,0.17613,0.01668
290,"Honestly, Our customers always",dua_dmd,0.7,1,9,0.75478,0.70861,0.37339,0.37349,0.02633
290,"Honestly, Our customers always",dua_dmd,0.9,1,13,0.90357,0.71583,0.72684,0.71974,0.03069
290,"Honestly, Our customers always",dua_dmd,0.99,1,19,0.99507,0.74381,1.49017,1.46353,0.03131
35,"Usually, Our customers rarely",euc_ctx,0.3,1,8,0.31452,0.60884,0.17772,0.18403,0.01674
35,"Usually, Our customers rarely",euc_ctx,0.5,1,10,0.5315,0.60824,0.29546,0.30071,0.03897
35,"Usually, Our customers rarely",euc_ctx,0.7,1,12,0.73683,0.62963,0.44386,0.44644,0.05117
35,"Usually, Our customers rarely",euc_ctx,0.9,1,15,0.91528,0.68047,0.72467,0.72076,0.05241
35,"Usually, Our customers rarely",euc_ctx,0.99,1,20,0.99015,0.74129,1.318,1.29994,0.05226
35,"Usually, Our customers rarely",cau_ctx,0.3,1,16,0.30526,0.65456,0.27027,0.27704,0.13137
35,"Usually, Our customers rarely",cau_ctx,0.5,1,20,0.51862,0.63884,0.45798,0.46325,0.14163
35,"Usually, Our customers rarely",cau_ctx,0.7,1,24,0.72557,0.62753,0.71804,0.71983,0.1617
35,"Usually, Our customers rarely",cau_ctx,0.9,1,30,0.91062,0.60573,1.24266,1.2361,0.15273
35,"Usually, Our customers rarely",cau_ctx,0.99,1,41,0.99185,0.51146,2.51007,2.48286,0.18796
35,"Usually, Our customers rarely",dua_ctx,0.3,1,29,0.30167,0.63903,0.41447,0.41077,0.01825
35,"Usually, Our customers rarely",dua_ctx,0.5,1,45,0.50298,0.59404,1.07609,1.05432,0.03747
35,"Usually, Our customers rarely",dua_ctx,0.7,1,61,0.70477,0.54891,2.07581,2.02851,0.04518
35,"Usually, Our customers rarely",dua_ctx,0.9,1,79,0.90569,0.51443,3.55331,3.47507,0.05488
35,"Usually, Our customers rarely",dua_ctx,0.99,1,95,0.99075,0.50293,4.94538,4.84472,0.06545
35,"Usually, Our customers rarely",euc_unemb,0.3,1,4,0.49735,0.62395,0.21492,0.21893,0.03285
35,"Usually, Our customers rarely",euc_unemb,0.5,1,5,0.7521,0.66359,0.42988,0.43033,0.15951
35,"Usually, Our customers rarely",euc_unemb,0.7,1,5,0.7521,0.66359,0.42988,0.43033,0.15951
35,"Usually, Our customers rarely",euc_unemb,0.9,1,6,0.9034,0.70843,0.74892,0.74347,0.17313
35,"Usually, Our customers rarely",euc_unemb,0.99,1,9,0.99643,0.75898,1.95919,1.92985,0.19366
35,"Usually, Our customers rarely",cau_unemb,0.3,1,4,0.40183,0.59025,0.16097,0.16707,0.02
35,"Usually, Our customers rarely",cau_unemb,0.5,1,5,0.64741,0.61662,0.28382,0.28814,0.03899
35,"Usually, Our customers rarely",cau_unemb,0.7,1,6,0.83376,0.66193,0.47797,0.47851,0.14745
35,"Usually, Our customers rarely",cau_unemb,0.9,1,7,0.93187,0.7026,0.73849,0.73369,0.15916
35,"Usually, Our customers rarely",cau_unemb,0.99,1,9,0.99019,0.73982,1.3672,1.34931,0.1726
35,"Usually, Our customers rarely",dua_unemb,0.3,1,5,0.32128,0.67509,0.08319,0.08592,0.01398
35,"Usually, Our customers rarely",dua_unemb,0.5,1,7,0.52033,0.68727,0.17863,0.17896,0.01686
35,"Usually, Our customers rarely",dua_unemb,0.7,1,10,0.75231,0.70951,0.41861,0.41174,0.0342
35,"Usually, Our customers rarely",dua_unemb,0.9,1,14,0.90668,0.73288,0.98237,0.96,0.13833
35,"Usually, Our customers rarely",dua_unemb,0.99,1,21,0.99143,0.74822,2.61906,2.55721,0.16241
35,"Usually, Our customers rarely",euc_dmd,0.3,1,4,0.52477,0.57775,0.27326,0.27873,0.04381
35,"Usually, Our customers rarely",euc_dmd,0.5,1,4,0.52477,0.57775,0.27326,0.27873,0.04381
35,"Usually, Our customers rarely",euc_dmd,0.7,1,5,0.77474,0.62744,0.47557,0.47781,0.08664
35,"Usually, Our customers rarely",euc_dmd,0.9,1,6,0.91448,0.6923,0.7713,0.76816,0.15948
35,"Usually, Our customers rarely",euc_dmd,0.99,1,8,0.9903,0.77704,1.53979,1.52235,0.16657
35,"Usually, Our customers rarely",cau_dmd,0.3,1,4,0.37462,0.53792,0.23467,0.24241,0.03081
35,"Usually, Our customers rarely",cau_dmd,0.5,1,5,0.60745,0.55895,0.33568,0.34236,0.06898
35,"Usually, Our customers rarely",cau_dmd,0.7,1,6,0.79799,0.61083,0.49014,0.49408,0.08922
35,"Usually, Our customers rarely",cau_dmd,0.9,1,7,0.90877,0.67087,0.7142,0.71397,0.09728
35,"Usually, Our customers rarely",cau_dmd,0.99,1,10,0.99332,0.77585,1.65803,1.64067,0.10848
35,"Usually, Our customers rarely",dua_dmd,0.3,1,4,0.30735,0.64949,0.08191,0.08592,0.017
35,"Usually, Our customers rarely",dua_dmd,0.5,1,6,0.56102,0.64292,0.19283,0.19652,0.02426
35,"Usually, Our customers rarely",dua_dmd,0.7,1,8,0.75446,0.64326,0.34319,0.3452,0.03863
35,"Usually, Our customers rarely",dua_dmd,0.9,1,12,0.92273,0.65514,0.72873,0.72461,0.0519
35,"Usually, Our customers rarely",dua_dmd,0.99,1,18,0.9929,0.68605,1.6488,1.62765,0.05733
10,"Lately, These kids usually",euc_ctx,0.3,1,8,0.3837,0.49974,0.24661,0.2526,0.05507
10,"Lately, These kids usually",euc_ctx,0.5,1,10,0.6113,0.50885,0.38979,0.39442,0.0842
10,"Lately, These kids usually",euc_ctx,0.7,1,11,0.71423,0.524,0.47205,0.47541,0.08514
10,"Lately, These kids usually",euc_ctx,0.9,1,14,0.90925,0.59141,0.7737,0.7713,0.08029
10,"Lately, These kids usually",euc_ctx,0.99,1,19,0.99015,0.68512,1.46163,1.44574,0.08649
10,"Lately, These kids usually",cau_ctx,0.3,1,15,0.34306,0.53541,0.37027,0.37757,0.07511
10,"Lately, These kids usually",cau_ctx,0.5,1,18,0.51615,0.52057,0.55945,0.56567,0.08678
10,"Lately, These kids usually",cau_ctx,0.7,1,22,0.7356,0.51161,0.89028,0.89316,0.15429
10,"Lately, These kids usually",cau_ctx,0.9,1,27,0.90305,0.5044,1.43058,1.42663,0.19908
10,"Lately, These kids usually",cau_ctx,0.99,1,37,0.99076,0.45098,2.82911,2.80638,0.21205
10,"Lately, These kids usually",dua_ctx,0.3,1,26,0.30004,0.54147,0.32747,0.32291,0.04675
10,"Lately, These kids usually",dua_ctx,0.5,1,42,0.50688,0.50394,0.90509,0.87939,0.05722
10,"Lately, These kids usually",dua_ctx,0.7,1,60,0.71002,0.47546,1.91483,1.85656,0.06782
10,"Lately, These kids usually",dua_ctx,0.9,1,80,0.90578,0.45155,3.33264,3.24355,0.0728
10,"Lately, These kids usually",dua_ctx,0.99,1,97,0.99122,0.43964,4.78272,4.67523,0.09126
10,"Lately, These kids usually",euc_unemb,0.3,1,4,0.5504,0.49797,0.30905,0.31161,0.14708
10,"Lately, These kids usually",euc_unemb,0.5,1,4,0.5504,0.49797,0.30905,0.31161,0.14708
10,"Lately, These kids usually",euc_unemb,0.7,1,5,0.78648,0.53894,0.54316,0.54192,0.13642
10,"Lately, These kids usually",euc_unemb,0.9,1,6,0.91728,0.58696,0.87244,0.86536,0.19466
10,"Lately, These kids usually",euc_unemb,0.99,1,8,0.99013,0.63508,1.71199,1.68973,0.21195
10,"Lately, These kids usually",cau_unemb,0.3,1,4,0.46145,0.46616,0.2553,0.26024,0.14145
10,"Lately, These kids usually",cau_unemb,0.5,1,5,0.69907,0.49397,0.40564,0.40848,0.15049
10,"Lately, These kids usually",cau_unemb,0.7,1,6,0.86235,0.54294,0.6175,0.61649,0.12782
10,"Lately, These kids usually",cau_unemb,0.9,1,7,0.94378,0.5889,0.89405,0.88782,0.17257
10,"Lately, These kids usually",cau_unemb,0.99,1,9,0.99159,0.63576,1.58158,1.56256,0.20061
10,"Lately, These kids usually",dua_unemb,0.3,1,5,0.33592,0.59155,0.08657,0.08921,0.01294
10,"Lately, These kids usually",dua_unemb,0.5,1,7,0.54241,0.60516,0.18627,0.18611,0.02496
10,"Lately, These kids usually",dua_unemb,0.7,1,10,0.75646,0.62857,0.4298,0.42118,0.02676
10,"Lately, These kids usually",dua_unemb,0.9,1,15,0.90149,0.65986,1.11873,1.0883,0.05586
10,"Lately, These kids usually",dua_unemb,0.99,1,24,0.99331,0.69272,3.01374,2.93236,0.06654
10,"Lately, These kids usually",euc_dmd,0.3,1,3,0.32358,0.47494,0.22538,0.23072,0.13656
10,"Lately, These kids usually",euc_dmd,0.5,1,4,0.59953,0.47991,0.40511,0.40883,0.0523
10,"Lately, These kids usually",euc_dmd,0.7,1,5,0.82306,0.5238,0.6643,0.66409,0.0893
10,"Lately, These kids usually",euc_dmd,0.9,1,6,0.93477,0.57823,1.0134,1.0074,0.09584
10,"Lately, These kids usually",euc_dmd,0.99,1,8,0.99249,0.64911,1.87653,1.85601,0.10065
10,"Lately, These kids usually",cau_dmd,0.3,1,4,0.46195,0.45547,0.36974,0.37656,0.04644
10,"Lately, These kids usually",cau_dmd,0.5,1,5,0.69165,0.47058,0.55348,0.55831,0.07825
10,"Lately, These kids usually",cau_dmd,0.7,1,6,0.85207,0.50426,0.81149,0.81267,0.15187
10,"Lately, These kids usually",cau_dmd,0.9,1,7,0.93572,0.5378,1.14241,1.1387,0.15645
10,"Lately, These kids usually",cau_dmd,0.99,1,10,0.9954,0.57609,2.35989,2.33783,0.16263
10,"Lately, These kids usually",dua_dmd,0.3,1,4,0.35431,0.5654,0.11582,0.11945,0.02013
10,"Lately, These kids usually",dua_dmd,0.5,1,6,0.62693,0.56285,0.26751,0.27013,0.03597
10,"Lately, These kids usually",dua_dmd,0.7,1,7,0.73525,0.56454,0.36377,0.36525,0.05822
10,"Lately, These kids usually",dua_dmd,0.9,1,10,0.92744,0.5769,0.76137,0.75734,0.07813
10,"Lately, These kids usually",dua_dmd,0.99,1,14,0.99277,0.60286,1.59249,1.57647,0.08074
94,"Lately, People just",euc_ctx,0.3,1,8,0.31049,0.27127,0.27126,0.27578,0.18405
94,"Lately, People just",euc_ctx,0.5,1,10,0.52804,0.27295,0.38528,0.38933,0.23436
94,"Lately, People just",euc_ctx,0.7,1,12,0.73485,0.30832,0.4968,0.49954,0.25015
94,"Lately, People just",euc_ctx,0.9,1,15,0.91481,0.41214,0.7005,0.69959,0.28057
94,"Lately, People just",euc_ctx,0.99,1,20,0.99016,0.59891,1.28421,1.27323,0.29408
94,"Lately, People just",cau_ctx,0.3,1,16,0.34513,0.37028,0.44423,0.45379,0.20254
94,"Lately, People just",cau_ctx,0.5,1,19,0.51065,0.37208,0.62385,0.63303,0.27692
94,"Lately, People just",cau_ctx,0.7,1,23,0.71912,0.38502,0.92876,0.93586,0.28524
94,"Lately, People just",cau_ctx,0.9,1,29,0.90578,0.38822,1.5981,1.59867,0.26595
94,"Lately, People just",cau_ctx,0.99,1,40,0.99052,0.27228,3.46939,3.45015,0.27667
94,"Lately, People just",dua_ctx,0.3,1,24,0.30367,0.39702,0.1802,0.17586,0.01063
94,"Lately, People just",dua_ctx,0.5,1,36,0.51262,0.38302,0.43273,0.41482,0.01909
94,"Lately, People just",dua_ctx,0.7,1,48,0.70435,0.37622,0.79139,0.75464,0.02076
94,"Lately, People just",dua_ctx,0.9,1,67,0.90685,0.37933,1.53499,1.46504,0.02482
94,"Lately, People just",dua_ctx,0.99,1,83,0.9902,0.38586,2.3138,2.22153,0.02879
94,"Lately, People just",euc_unemb,0.3,1,4,0.39809,0.27698,0.33107,0.33023,0.25235
94,"Lately, People just",euc_unemb,0.5,1,5,0.64186,0.29798,0.47496,0.47171,0.2606
94,"Lately, People just",euc_unemb,0.7,1,6,0.82843,0.35584,0.65691,0.65003,0.28203
94,"Lately, People just",euc_unemb,0.9,1,7,0.92826,0.43266,0.90665,0.89488,0.28804
94,"Lately, People just",euc_unemb,0.99,1,10,0.99588,0.57892,2.10406,2.0718,0.27158
94,"Lately, People just",cau_unemb,0.3,1,4,0.31776,0.2401,0.36856,0.36958,0.22702
94,"Lately, People just",cau_unemb,0.5,1,5,0.53392,0.2352,0.50475,0.5042,0.26458
94,"Lately, People just",cau_unemb,0.7,1,6,0.73607,0.26067,0.63786,0.63497,0.26138
94,"Lately, People just",cau_unemb,0.9,1,8,0.94133,0.37896,0.98066,0.97074,0.28086
94,"Lately, People just",cau_unemb,0.99,1,11,0.9952,0.54888,1.87725,1.85153,0.24372
94,"Lately, People just",dua_unemb,0.3,1,6,0.31033,0.44046,0.05183,0.05132,0.00373
94,"Lately, People just",dua_unemb,0.5,1,9,0.51229,0.45875,0.12188,0.11622,0.01098
94,"Lately, People just",dua_unemb,0.7,1,14,0.7234,0.49241,0.32488,0.30503,0.17146
94,"Lately, People just",dua_unemb,0.9,1,22,0.90817,0.53639,0.82564,0.77485,0.2176
94,"Lately, People just",dua_unemb,0.99,1,32,0.99019,0.57576,1.84259,1.74707,0.21957
94,"Lately, People just",euc_dmd,0.3,1,4,0.49461,0.22484,0.60634,0.60682,0.29332
94,"Lately, People just",euc_dmd,0.5,1,5,0.74133,0.24795,0.84006,0.83785,0.29942
94,"Lately, People just",euc_dmd,0.7,1,5,0.74133,0.24795,0.84006,0.83785,0.29942
94,"Lately, People just",euc_dmd,0.9,1,7,0.95918,0.38011,1.42841,1.41748,0.30969
94,"Lately, People just",euc_dmd,0.99,1,9,0.99456,0.49846,2.29925,2.27571,0.29192
94,"Lately, People just",cau_dmd,0.3,1,4,0.39112,0.20275,0.65398,0.65766,0.28558
94,"Lately, People just",cau_dmd,0.5,1,5,0.62578,0.20075,0.88315,0.88539,0.30337
94,"Lately, People just",cau_dmd,0.7,1,6,0.81066,0.22862,1.10739,1.10745,0.30671
94,"Lately, People just",cau_dmd,0.9,1,7,0.91529,0.27848,1.35435,1.35148,0.3136
94,"Lately, People just",cau_dmd,0.99,1,10,0.99389,0.4427,2.39462,2.3787,0.26774
94,"Lately, People just",dua_dmd,0.3,1,5,0.3671,0.41581,0.09354,0.09531,0.01405
94,"Lately, People just",dua_dmd,0.5,1,7,0.56902,0.41661,0.17461,0.17456,0.17409
94,"Lately, People just",dua_dmd,0.7,1,9,0.70954,0.42242,0.26913,0.26603,0.22673
94,"Lately, People just",dua_dmd,0.9,1,15,0.9106,0.44953,0.65224,0.63591,0.25894
94,"Lately, People just",dua_dmd,0.99,1,25,0.99116,0.50051,2.06019,2.011,0.19547
255,They now,euc_ctx,0.3,1,14,0.39419,0.49797,0.49433,0.49888,0.05523
255,They now,euc_ctx,0.5,1,15,0.51827,0.49601,0.54487,0.54812,0.05738
255,They now,euc_ctx,0.7,1,17,0.74614,0.52754,0.62091,0.6205,0.05992
255,They now,euc_ctx,0.9,1,20,0.92975,0.62426,0.72215,0.71384,0.06304
255,They now,euc_ctx,0.99,1,25,0.99379,0.7504,1.01484,0.98947,0.05647
255,They now,cau_ctx,0.3,1,26,0.30005,0.4309,0.84756,0.85096,0.04813
255,They now,cau_ctx,0.5,1,30,0.54835,0.30026,1.36298,1.35998,0.05818
255,They now,cau_ctx,0.7,1,33,0.72716,0.22868,1.81992,1.81023,0.06201
255,They now,cau_ctx,0.9,1,38,0.90893,0.15687,2.61339,2.59052,0.26662
255,They now,cau_ctx,0.99,1,47,0.99099,0.09708,4.0311,3.98209,0.27528
255,They now,dua_ctx,0.3,1,41,0.30306,0.70688,0.75214,0.73044,0.0124
255,They now,dua_ctx,0.5,1,60,0.50574,0.65849,1.70902,1.64902,0.01823
255,They now,dua_ctx,0.7,1,82,0.7071,0.63049,3.09136,2.98843,0.03266
255,They now,dua_ctx,0.9,1,108,0.9027,0.60615,4.34708,4.21812,0.04615
255,They now,dua_ctx,0.99,1,124,0.99259,0.59361,4.90311,4.76437,0.05569
255,They now,euc_unemb,0.3,1,7,0.54057,0.53068,0.50993,0.51158,0.05544
255,They now,euc_unemb,0.5,1,7,0.54057,0.53068,0.50993,0.51158,0.05544
255,They now,euc_unemb,0.7,1,8,0.78328,0.55197,0.71985,0.71642,0.05915
255,They now,euc_unemb,0.9,1,9,0.91808,0.58443,0.97785,0.96735,0.06031
255,They now,euc_unemb,0.99,1,11,0.99106,0.6074,1.59708,1.56907,0.0713
255,They now,cau_unemb,0.3,1,7,0.43948,0.45419,0.49149,0.49722,0.0537
255,They now,cau_unemb,0.5,1,8,0.68804,0.47129,0.58031,0.58302,0.05835
255,They now,cau_unemb,0.7,1,9,0.86131,0.52204,0.67697,0.67509,0.06285
255,They now,cau_unemb,0.9,1,10,0.94596,0.57765,0.80858,0.80078,0.05813
255,They now,cau_unemb,0.99,1,12,0.99288,0.63868,1.18133,1.15925,0.06287
255,They now,dua_unemb,0.3,1,10,0.34535,0.76024,0.18987,0.18838,0.0094
255,They now,dua_unemb,0.5,1,14,0.5259,0.77573,0.44895,0.43336,0.0138
255,They now,dua_unemb,0.7,1,21,0.70093,0.79298,1.1996,1.14585,0.02285
255,They now,dua_unemb,0.9,1,36,0.90835,0.78336,3.34374,3.20993,0.04687
255,They now,dua_unemb,0.99,1,45,0.9943,0.76239,4.21712,4.06937,0.04729
255,They now,euc_dmd,0.3,1,6,0.50017,0.43679,0.56193,0.56817,0.05926
255,They now,euc_dmd,0.5,1,6,0.50017,0.43679,0.56193,0.56817,0.05926
255,They now,euc_dmd,0.7,1,7,0.77155,0.48153,0.64734,0.64956,0.06595
255,They now,euc_dmd,0.9,1,8,0.91864,0.56547,0.77909,0.77535,0.07213
255,They now,euc_dmd,0.99,1,10,0.99192,0.69979,1.20937,1.18992,0.0788
255,They now,cau_dmd,0.3,1,6,0.34784,0.38605,0.65946,0.66984,0.06058
255,They now,cau_dmd,0.5,1,7,0.60509,0.39584,0.67474,0.68305,0.06297
255,They now,cau_dmd,0.7,1,8,0.81174,0.4518,0.71964,0.72434,0.06898
255,They now,cau_dmd,0.9,1,9,0.92254,0.52735,0.83128,0.83094,0.07431
255,They now,cau_dmd,0.99,1,12,0.99564,0.66403,1.47066,1.44977,0.07967
255,They now,dua_dmd,0.3,1,8,0.36507,0.72216,0.18911,0.19233,0.00825
255,They now,dua_dmd,0.5,1,10,0.53468,0.71427,0.29891,0.29868,0.01086
255,They now,dua_dmd,0.7,1,13,0.72911,0.71612,0.49216,0.48374,0.01609
255,They now,dua_dmd,0.9,1,18,0.92538,0.73374,0.9371,0.9079,0.02304
255,They now,dua_dmd,0.99,1,22,0.99379,0.75184,1.44563,1.39382,0.02449
228,"Honestly, Most doctors really",euc_ctx,0.3,1,11,0.38217,0.17739,0.4881,0.49448,0.04591
228,"Honestly, Most doctors really",euc_ctx,0.5,1,13,0.6138,0.18949,0.72147,0.72711,0.06344
228,"Honestly, Most doctors really",euc_ctx,0.7,1,14,0.71802,0.20291,0.86147,0.86639,0.06313
228,"Honestly, Most doctors really",euc_ctx,0.9,1,17,0.91265,0.26212,1.39973,1.40092,0.34281
228,"Honestly, Most doctors really",euc_ctx,0.99,1,22,0.99087,0.34949,2.67199,2.66267,0.46323
228,"Honestly, Most doctors really",cau_ctx,0.3,1,19,0.32121,0.24642,0.67651,0.68832,0.04222
228,"Honestly, Most doctors really",cau_ctx,0.5,1,22,0.50395,0.23493,1.0225,1.03346,0.06246
228,"Honestly, Most doctors really",cau_ctx,0.7,1,26,0.7363,0.22058,1.65305,1.66085,0.40311
228,"Honestly, Most doctors really",cau_ctx,0.9,1,31,0.90688,0.19566,2.68707,2.68805,0.49428
228,"Honestly, Most doctors really",cau_ctx,0.99,1,41,0.99106,0.12261,5.25261,5.23446,0.51458
228,"Honestly, Most doctors really",dua_ctx,0.3,1,27,0.3073,0.22241,0.25952,0.2542,0.01918
228,"Honestly, Most doctors really",dua_ctx,0.5,1,39,0.50838,0.21482,0.55758,0.53708,0.03182
228,"Honestly, Most doctors really",dua_ctx,0.7,1,52,0.70258,0.21437,1.03483,0.99315,0.0335
228,"Honestly, Most doctors really",dua_ctx,0.9,1,72,0.90311,0.21933,2.28523,2.21194,0.03914
228,"Honestly, Most doctors really",dua_ctx,0.99,1,91,0.99128,0.21565,3.8142,3.71811,0.04177
228,"Honestly, Most doctors really",euc_unemb,0.3,1,5,0.44615,0.14815,0.55014,0.55162,0.07135
228,"Honestly, Most doctors really",euc_unemb,0.5,1,6,0.70294,0.16165,0.8558,0.85473,0.29773
228,"Honestly, Most doctors really",euc_unemb,0.7,1,6,0.70294,0.16165,0.8558,0.85473,0.29773
228,"Honestly, Most doctors really",euc_unemb,0.9,1,8,0.95233,0.21134,1.85455,1.84372,0.43963
228,"Honestly, Most doctors really",euc_unemb,0.99,1,10,0.99392,0.2275,3.26679,3.24176,0.48273
228,"Honestly, Most doctors really",cau_unemb,0.3,1,5,0.35136,0.13957,0.5368,0.5408,0.07576
228,"Honestly, Most doctors really",cau_unemb,0.5,1,6,0.59053,0.14427,0.78398,0.78662,0.29903
228,"Honestly, Most doctors really",cau_unemb,0.7,1,7,0.79113,0.16549,1.09683,1.09708,0.4124
228,"Honestly, Most doctors really",cau_unemb,0.9,1,8,0.90748,0.19563,1.49982,1.49655,0.44229
228,"Honestly, Most doctors really",cau_unemb,0.99,1,11,0.99366,0.25532,3.21058,3.19146,0.48556
228,"Honestly, Most doctors really",dua_unemb,0.3,1,8,0.37396,0.25577,0.08604,0.08425,0.00572
228,"Honestly, Most doctors really",dua_unemb,0.5,1,10,0.51529,0.26441,0.13468,0.12929,0.00652
228,"Honestly, Most doctors really",dua_unemb,0.7,1,14,0.72889,0.28346,0.27231,0.25631,0.01688
228,"Honestly, Most doctors really",dua_unemb,0.9,1,20,0.91125,0.31489,0.57124,0.53324,0.03753
228,"Honestly, Most doctors really",dua_unemb,0.99,1,28,0.99295,0.3539,1.13421,1.06159,0.04447
228,"Honestly, Most doctors really",euc_dmd,0.3,1,4,0.31284,0.13313,0.63514,0.64043,0.08011
228,"Honestly, Most doctors really",euc_dmd,0.5,1,5,0.60137,0.12888,1.01832,1.02157,0.42015
228,"Honestly, Most doctors really",euc_dmd,0.7,1,6,0.83044,0.14583,1.50065,1.50022,0.4505
228,"Honestly, Most doctors really",euc_dmd,0.9,1,7,0.93952,0.17141,2.1044,2.0988,0.46899
228,"Honestly, Most doctors really",euc_dmd,0.99,1,9,0.99316,0.2027,3.62641,3.60724,0.48294
228,"Honestly, Most doctors really",cau_dmd,0.3,1,5,0.49195,0.1139,1.16128,1.16847,0.45938
228,"Honestly, Most doctors really",cau_dmd,0.5,1,6,0.73487,0.11931,1.61686,1.62174,0.49652
228,"Honestly, Most doctors really",cau_dmd,0.7,1,6,0.73487,0.11931,1.61686,1.62174,0.49652
228,"Honestly, Most doctors really",cau_dmd,0.9,1,8,0.95405,0.16057,2.7597,2.75679,0.48245
228,"Honestly, Most doctors really",cau_dmd,0.99,1,10,0.99294,0.1905,4.21704,4.20307,0.48559
228,"Honestly, Most doctors really",dua_dmd,0.3,1,6,0.34812,0.23287,0.10212,0.10508,0.00816
228,"Honestly, Most doctors really",dua_dmd,0.5,1,8,0.57106,0.23774,0.16356,0.1646,0.01391
228,"Honestly, Most doctors really",dua_dmd,0.7,1,10,0.72684,0.24672,0.23179,0.22976,0.01534
228,"Honestly, Most doctors really",dua_dmd,0.9,1,15,0.91739,0.27384,0.44686,0.43366,0.04557
228,"Honestly, Most doctors really",dua_dmd,0.99,1,21,0.99224,0.30616,0.8363,0.80498,0.05484
223,"In this case, I rarely",euc_ctx,0.3,1,18,0.35296,0.09182,1.80039,1.79423,0.26928
223,"In this case, I rarely",euc_ctx,0.5,1,20,0.5813,0.0853,2.01769,2.0081,0.27312
223,"In this case, I rarely",euc_ctx,0.7,1,22,0.77742,0.09298,2.14796,2.13444,0.27208
223,"In this case, I rarely",euc_ctx,0.9,1,25,0.93146,0.12435,2.22667,2.20626,0.26131
223,"In this case, I rarely",euc_ctx,0.99,1,30,0.99182,0.20256,2.34345,2.30908,0.23941
223,"In this case, I rarely",cau_ctx,0.3,1,35,0.30839,0.07327,2.57586,2.56431,0.26257
223,"In this case, I rarely",cau_ctx,0.5,1,39,0.53546,0.04185,3.37241,3.35172,0.26632
223,"In this case, I rarely",cau_ctx,0.7,1,42,0.70052,0.02924,3.97063,3.9421,0.26711
223,"In this case, I rarely",cau_ctx,0.9,1,48,0.90499,0.01723,5.09186,5.04633,0.26404
223,"In this case, I rarely",cau_ctx,0.99,1,59,0.99184,0.00922,6.98548,6.90771,0.26343
223,"In this case, I rarely",dua_ctx,0.3,1,39,0.30578,0.56583,0.60034,0.58142,0.02372
223,"In this case, I rarely",dua_ctx,0.5,1,52,0.50083,0.53572,1.11219,1.07006,0.02804
223,"In this case, I rarely",dua_ctx,0.7,1,67,0.71085,0.51073,1.86881,1.79586,0.0217
223,"In this case, I rarely",dua_ctx,0.9,1,85,0.90738,0.49786,2.91252,2.81038,0.0306
223,"In this case, I rarely",dua_ctx,0.99,1,100,0.99191,0.49999,3.77846,3.66055,0.03713
223,"In this case, I rarely",euc_unemb,0.3,1,8,0.52926,0.19244,1.25627,1.25534,0.25805
223,"In this case, I rarely",euc_unemb,0.5,1,8,0.52926,0.19244,1.25627,1.25534,0.25805
223,"In this case, I rarely",euc_unemb,0.7,1,9,0.78948,0.23607,1.45848,1.45379,0.26315
223,"In this case, I rarely",euc_unemb,0.9,1,10,0.92623,0.32493,1.66051,1.65074,0.26902
223,"In this case, I rarely",euc_unemb,0.99,1,12,0.99299,0.52864,2.17191,2.14771,0.28032
223,"In this case, I rarely",cau_unemb,0.3,1,9,0.54522,0.17873,1.26887,1.26998,0.2599
223,"In this case, I rarely",cau_unemb,0.5,1,9,0.54522,0.17873,1.26887,1.26998,0.2599
223,"In this case, I rarely",cau_unemb,0.7,1,10,0.77354,0.21451,1.38446,1.38262,0.25728
223,"In this case, I rarely",cau_unemb,0.9,1,11,0.90663,0.28392,1.48989,1.48411,0.25228
223,"In this case, I rarely",cau_unemb,0.99,1,14,0.99545,0.52466,1.99943,1.97544,0.25824
223,"In this case, I rarely",dua_unemb,0.3,1,11,0.36544,0.64659,0.1864,0.1873,0.01541
223,"In this case, I rarely",dua_unemb,0.5,1,13,0.53047,0.66064,0.3047,0.30114,0.027
223,"In this case, I rarely",dua_unemb,0.7,1,16,0.71208,0.68439,0.59179,0.57751,0.03076
223,"In this case, I rarely",dua_unemb,0.9,1,23,0.91741,0.73539,1.55504,1.50579,0.04123
223,"In this case, I rarely",dua_unemb,0.99,1,30,0.99146,0.77379,2.86982,2.77757,0.04237
223,"In this case, I rarely",euc_dmd,0.3,1,7,0.31993,0.10345,1.72256,1.72125,0.2743
223,"In this case, I rarely",euc_dmd,0.5,1,8,0.60738,0.09604,2.07,2.065,0.27123
223,"In this case, I rarely",euc_dmd,0.7,1,9,0.83427,0.11469,2.39105,2.38158,0.26935
223,"In this case, I rarely",euc_dmd,0.9,1,10,0.94187,0.15485,2.68484,2.67012,0.25823
223,"In this case, I rarely",euc_dmd,0.99,1,12,0.99389,0.27488,3.21973,3.19226,0.25717
223,"In this case, I rarely",cau_dmd,0.3,1,9,0.49397,0.08292,2.26915,2.26664,0.27163
223,"In this case, I rarely",cau_dmd,0.5,1,10,0.71505,0.07978,2.65093,2.64406,0.26955
223,"In this case, I rarely",cau_dmd,0.7,1,10,0.71505,0.07978,2.65093,2.64406,0.26955
223,"In this case, I rarely",cau_dmd,0.9,1,12,0.94079,0.09304,3.43058,3.41261,0.25287
223,"In this case, I rarely",cau_dmd,0.99,1,15,0.99571,0.11512,4.55597,4.51744,0.26017
223,"In this case, I rarely",dua_dmd,0.3,1,9,0.32207,0.59321,0.20399,0.20754,0.02063
223,"In this case, I rarely",dua_dmd,0.5,1,12,0.55503,0.58982,0.39812,0.39866,0.02907
223,"In this case, I rarely",dua_dmd,0.7,1,15,0.70939,0.59466,0.6593,0.65468,0.03039
223,"In this case, I rarely",dua_dmd,0.9,1,21,0.9038,0.6181,1.37936,1.35799,0.0304
223,"In this case, I rarely",dua_dmd,0.99,1,29,0.9944,0.6651,2.65337,2.5974,0.03191
140,"At home, Many people rarely",euc_ctx,0.3,1,15,0.37218,0.58042,0.4593,0.46637,0.12244
140,"At home, Many people rarely",euc_ctx,0.5,1,17,0.59333,0.58277,0.55095,0.55543,0.11956
140,"At home, Many people rarely",euc_ctx,0.7,1,19,0.78058,0.61664,0.62745,0.62792,0.11401
140,"At home, Many people rarely",euc_ctx,0.9,1,22,0.92994,0.69037,0.75835,0.75071,0.15574
140,"At home, Many people rarely",euc_ctx,0.99,1,27,0.99116,0.77758,1.09319,1.06889,0.15701
140,"At home, Many people rarely",cau_ctx,0.3,1,28,0.3166,0.43296,1.0453,1.04775,0.15502
140,"At home, Many people rarely",cau_ctx,0.5,1,32,0.54606,0.30379,1.57659,1.5724,0.16452
140,"At home, Many people rarely",cau_ctx,0.7,1,35,0.71077,0.23582,2.01756,2.00692,0.17276
140,"At home, Many people rarely",cau_ctx,0.9,1,41,0.91077,0.15895,2.90371,2.87814,0.18002
140,"At home, Many people rarely",cau_ctx,0.99,1,51,0.99077,0.10158,4.32317,4.2706,0.18926
140,"At home, Many people rarely",dua_ctx,0.3,1,36,0.30778,0.7029,0.56678,0.55524,0.00923
140,"At home, Many people rarely",dua_ctx,0.5,1,51,0.50745,0.64618,1.21374,1.17842,0.01421
140,"At home, Many people rarely",dua_ctx,0.7,1,66,0.70126,0.59678,2.04857,1.98352,0.10127
140,"At home, Many people rarely",dua_ctx,0.9,1,84,0.90019,0.5526,3.17867,3.08082,0.12736
140,"At home, Many people rarely",dua_ctx,0.99,1,100,0.99175,0.53725,4.05966,3.94191,0.13331
140,"At home, Many people rarely",euc_unemb,0.3,1,6,0.33064,0.65428,0.23095,0.23881,0.10107
140,"At home, Many people rarely",euc_unemb,0.5,1,7,0.60785,0.67881,0.34985,0.3549,0.14452
140,"At home, Many people rarely",euc_unemb,0.7,1,8,0.82975,0.73146,0.5745,0.57406,0.18782
140,"At home, Many people rarely",euc_unemb,0.9,1,9,0.9388,0.77883,0.88044,0.87245,0.17645
140,"At home, Many people rarely",euc_unemb,0.99,1,11,0.99346,0.82071,1.55996,1.53407,0.18043
140,"At home, Many people rarely",cau_unemb,0.3,1,7,0.40157,0.60893,0.31086,0.31988,0.02541
140,"At home, Many people rarely",cau_unemb,0.5,1,8,0.64397,0.64358,0.37722,0.38365,0.14277
140,"At home, Many people rarely",cau_unemb,0.7,1,9,0.82887,0.70275,0.50635,0.50828,0.16654
140,"At home, Many people rarely",cau_unemb,0.9,1,10,0.92796,0.75862,0.69681,0.6927,0.16651
140,"At home, Many people rarely",cau_unemb,0.99,1,13,0.99571,0.82951,1.43049,1.40399,0.16979
140,"At home, Many people rarely",dua_unemb,0.3,1,9,0.38532,0.77486,0.12462,0.12731,0.02884
140,"At home, Many people rarely",dua_unemb,0.5,1,11,0.56927,0.78222,0.21586,0.21466,0.03154
140,"At home, Many people rarely",dua_unemb,0.7,1,13,0.72666,0.79199,0.34779,0.34068,0.04373
140,"At home, Many people rarely",dua_unemb,0.9,1,17,0.91862,0.81112,0.74324,0.71863,0.04822
140,"At home, Many people rarely",dua_unemb,0.99,1,22,0.99252,0.82326,1.47672,1.42082,0.05089
140,"At home, Many people rarely",euc_dmd,0.3,1,6,0.32348,0.58453,0.39786,0.40684,0.13109
140,"At home, Many people rarely",euc_dmd,0.5,1,7,0.58865,0.60724,0.51074,0.51723,0.16089
140,"At home, Many people rarely",euc_dmd,0.7,1,8,0.80915,0.6722,0.71342,0.7152,0.17594
140,"At home, Many people rarely",euc_dmd,0.9,1,9,0.92558,0.74474,1.00755,1.00273,0.18021
140,"At home, Many people rarely",euc_dmd,0.99,1,11,0.99049,0.83438,1.71411,1.693,0.18851
140,"At home, Many people rarely",cau_dmd,0.3,1,8,0.48369,0.57686,0.61387,0.62276,0.18029
140,"At home, Many people rarely",cau_dmd,0.5,1,9,0.68498,0.62151,0.71879,0.72474,0.18454
140,"At home, Many people rarely",cau_dmd,0.7,1,10,0.83272,0.68037,0.89564,0.89724,0.18194
140,"At home, Many people rarely",cau_dmd,0.9,1,11,0.91845,0.73388,1.1349,1.13099,0.18229
140,"At home, Many people rarely",cau_dmd,0.99,1,14,0.99197,0.80705,2.02527,2.00119,0.18358
140,"At home, Many people rarely",dua_dmd,0.3,1,7,0.30113,0.74875,0.12131,0.12665,0.00643
140,"At home, Many people rarely",dua_dmd,0.5,1,10,0.54544,0.74086,0.25119,0.25472,0.09211
140,"At home, Many people rarely",dua_dmd,0.7,1,13,0.70254,0.74031,0.40216,0.40222,0.09496
140,"At home, Many people rarely",dua_dmd,0.9,1,20,0.91357,0.75457,0.90372,0.88888,0.11439
140,"At home, Many people rarely",dua_dmd,0.99,1,29,0.99272,0.78847,1.93069,1.88104,0.14343
166,"Lately, Most doctors also",euc_ctx,0.3,1,9,0.39363,0.36982,0.33051,0.33843,0.01382
166,"Lately, Most doctors also",euc_ctx,0.5,1,10,0.50196,0.37189,0.42403,0.43166,0.04775
166,"Lately, Most doctors also",euc_ctx,0.7,1,12,0.70848,0.39191,0.65108,0.65714,0.2316
166,"Lately, Most doctors also",euc_ctx,0.9,1,15,0.90105,0.44737,1.09407,1.09556,0.25795
166,"Lately, Most doctors also",euc_ctx,0.99,1,21,0.99224,0.54268,2.2687,2.25639,0.27641
166,"Lately, Most doctors also",cau_ctx,0.3,1,16,0.31048,0.32531,0.36796,0.3765,0.14491
166,"Lately, Most doctors also",cau_ctx,0.5,1,20,0.5274,0.30823,0.61809,0.62597,0.1625
166,"Lately, Most doctors also",cau_ctx,0.7,1,24,0.7353,0.3055,0.95304,0.95863,0.17404
166,"Lately, Most doctors also",cau_ctx,0.9,1,30,0.91667,0.30887,1.62183,1.6212,0.22699
166,"Lately, Most doctors also",cau_ctx,0.99,1,40,0.99113,0.27576,3.10339,3.08741,0.24881
166,"Lately, Most doctors also",dua_ctx,0.3,1,32,0.31198,0.39767,0.53315,0.52735,0.01697
166,"Lately, Most doctors also",dua_ctx,0.5,1,47,0.50551,0.36638,1.21172,1.18928,0.02084
166,"Lately, Most doctors also",dua_ctx,0.7,1,63,0.71155,0.33129,2.2162,2.17052,0.05844
166,"Lately, Most doctors also",dua_ctx,0.9,1,82,0.90303,0.29154,3.78323,3.70916,0.20269
166,"Lately, Most doctors also",dua_ctx,0.99,1,100,0.99182,0.26766,6.00219,5.90455,0.23912
166,"Lately, Most doctors also",euc_unemb,0.3,1,4,0.45196,0.37944,0.23369,0.23774,0.02605
166,"Lately, Most doctors also",euc_unemb,0.5,1,5,0.70294,0.41577,0.44665,0.44831,0.16502
166,"Lately, Most doctors also",euc_unemb,0.7,1,5,0.70294,0.41577,0.44665,0.44831,0.16502
166,"Lately, Most doctors also",euc_unemb,0.9,1,7,0.95137,0.49951,1.22074,1.21174,0.24288
166,"Lately, Most doctors also",euc_unemb,0.99,1,9,0.99387,0.52579,2.27731,2.25358,0.25527
166,"Lately, Most doctors also",cau_unemb,0.3,1,4,0.37016,0.36244,0.19421,0.20074,0.02294
166,"Lately, Most doctors also",cau_unemb,0.5,1,5,0.60518,0.38784,0.3357,0.34141,0.05503
166,"Lately, Most doctors also",cau_unemb,0.7,1,6,0.79946,0.43607,0.5522,0.55545,0.18969
166,"Lately, Most doctors also",cau_unemb,0.9,1,7,0.91176,0.4878,0.85783,0.85709,0.2118
166,"Lately, Most doctors also",cau_unemb,0.99,1,10,0.99432,0.56512,2.13974,2.12197,0.24225
166,"Lately, Most doctors also",dua_unemb,0.3,1,6,0.34095,0.43466,0.11309,0.11547,0.00341
166,"Lately, Most doctors also",dua_unemb,0.5,1,9,0.55828,0.44634,0.25888,0.25786,0.00813
166,"Lately, Most doctors also",dua_unemb,0.7,1,12,0.716,0.45781,0.47503,0.46811,0.01394
166,"Lately, Most doctors also",dua_unemb,0.9,1,18,0.90453,0.47566,1.13772,1.11344,0.16577
166,"Lately, Most doctors also",dua_unemb,0.99,1,26,0.99355,0.48947,2.92343,2.86377,0.23504
166,"Lately, Most doctors also",euc_dmd,0.3,1,4,0.50976,0.36038,0.30559,0.31137,0.02758
166,"Lately, Most doctors also",euc_dmd,0.5,1,4,0.50976,0.36038,0.30559,0.31137,0.02758
166,"Lately, Most doctors also",euc_dmd,0.7,1,5,0.75691,0.40994,0.52378,0.52735,0.21303
166,"Lately, Most doctors also",euc_dmd,0.9,1,6,0.90268,0.47977,0.84447,0.8439,0.22527
166,"Lately, Most doctors also",euc_dmd,0.99,1,9,0.99578,0.6194,2.27302,2.25341,0.28856
166,"Lately, Most doctors also",cau_dmd,0.3,1,4,0.3892,0.32283,0.25756,0.26593,0.0255
166,"Lately, Most doctors also",cau_dmd,0.5,1,5,0.62401,0.34672,0.39559,0.40355,0.05224
166,"Lately, Most doctors also",cau_dmd,0.7,1,6,0.81052,0.39881,0.59489,0.60097,0.2324
166,"Lately, Most doctors also",cau_dmd,0.9,1,7,0.91604,0.46169,0.87467,0.87753,0.25939
166,"Lately, Most doctors also",cau_dmd,0.99,1,10,0.99414,0.58466,2.09197,2.08011,0.28013
166,"Lately, Most doctors also",dua_dmd,0.3,1,5,0.42285,0.42028,0.13342,0.13729,0.00765
166,"Lately, Most doctors also",dua_dmd,0.5,1,6,0.54723,0.42138,0.19154,0.19516,0.009
166,"Lately, Most doctors also",dua_dmd,0.7,1,8,0.74674,0.42667,0.33425,0.33647,0.01188
166,"Lately, Most doctors also",dua_dmd,0.9,1,11,0.90483,0.43717,0.62101,0.61939,0.0492
166,"Lately, Most doctors also",dua_dmd,0.99,1,17,0.99011,0.45877,1.46827,1.454,0.22645
17,"Lately, Voters also",euc_ctx,0.3,1,7,0.39671,0.31231,0.23917,0.24141,0.03126
17,"Lately, Voters also",euc_ctx,0.5,1,8,0.50752,0.30593,0.28027,0.28206,0.04737
17,"Lately, Voters also",euc_ctx,0.7,1,10,0.71666,0.32162,0.34034,0.34065,0.03072
17,"Lately, Voters also",euc_ctx,0.9,1,13,0.90656,0.40355,0.40845,0.40526,0.02762
17,"Lately, Voters also",euc_ctx,0.99,1,19,0.99295,0.63268,0.72181,0.7077,0.02709
17,"Lately, Voters also",cau_ctx,0.3,1,12,0.30198,0.34832,0.23564,0.24063,0.0287
17,"Lately, Voters also",cau_ctx,0.5,1,16,0.51648,0.32696,0.36117,0.36595,0.04389
17,"Lately, Voters also",cau_ctx,0.7,1,20,0.72431,0.34034,0.47985,0.48342,0.04098
17,"Lately, Voters also",cau_ctx,0.9,1,26,0.90949,0.40174,0.6938,0.69371,0.02911
17,"Lately, Voters also",cau_ctx,0.99,1,37,0.99129,0.46456,1.45121,1.43895,0.18452
17,"Lately, Voters also",dua_ctx,0.3,1,28,0.30535,0.50732,0.35294,0.34612,0.0215
17,"Lately, Voters also",dua_ctx,0.5,1,46,0.50515,0.50603,0.95051,0.92233,0.02712
17,"Lately, Voters also",dua_ctx,0.7,1,65,0.70197,0.51004,1.80626,1.75021,0.0335
17,"Lately, Voters also",dua_ctx,0.9,1,89,0.90646,0.52385,3.01914,2.93432,0.03502
17,"Lately, Voters also",dua_ctx,0.99,1,105,0.99112,0.54036,3.89896,3.79937,0.03561
17,"Lately, Voters also",euc_unemb,0.3,1,3,0.33029,0.35447,0.14597,0.14682,0.01586
17,"Lately, Voters also",euc_unemb,0.5,1,4,0.5627,0.35335,0.20675,0.20622,0.02263
17,"Lately, Voters also",euc_unemb,0.7,1,5,0.77099,0.39651,0.25942,0.25647,0.02541
17,"Lately, Voters also",euc_unemb,0.9,1,7,0.95877,0.55492,0.46778,0.45678,0.02792
17,"Lately, Voters also",euc_unemb,0.99,1,9,0.99389,0.67336,0.92177,0.89921,0.03436
17,"Lately, Voters also",cau_unemb,0.3,1,3,0.3117,0.35469,0.12255,0.12527,0.01311
17,"Lately, Voters also",cau_unemb,0.5,1,4,0.53259,0.35105,0.16353,0.16571,0.01421
17,"Lately, Voters also",cau_unemb,0.7,1,5,0.74103,0.39002,0.18604,0.18677,0.01556
17,"Lately, Voters also",cau_unemb,0.9,1,7,0.94708,0.54879,0.2967,0.29164,0.02069
17,"Lately, Voters also",cau_unemb,0.99,1,9,0.99101,0.6878,0.62046,0.60639,0.02504
17,"Lately, Voters also",dua_unemb,0.3,1,6,0.31426,0.53841,0.08543,0.08513,0.0043
17,"Lately, Voters also",dua_unemb,0.5,1,10,0.51223,0.56415,0.28238,0.27407,0.0076
17,"Lately, Voters also",dua_unemb,0.7,1,17,0.71177,0.6072,0.81023,0.77995,0.01323
17,"Lately, Voters also",dua_unemb,0.9,1,29,0.91089,0.66895,2.11696,2.03984,0.02842
17,"Lately, Voters also",dua_unemb,0.99,1,38,0.99065,0.70508,3.26388,3.15907,0.03351
17,"Lately, Voters also",euc_dmd,0.3,1,3,0.46636,0.27432,0.27906,0.28005,0.06177
17,"Lately, Voters also",euc_dmd,0.5,1,4,0.73198,0.28506,0.35578,0.35468,0.06457
17,"Lately, Voters also",euc_dmd,0.7,1,4,0.73198,0.28506,0.35578,0.35468,0.06457
17,"Lately, Voters also",euc_dmd,0.9,1,6,0.96299,0.43338,0.48889,0.48061,0.06616
17,"Lately, Voters also",euc_dmd,0.99,1,8,0.99578,0.61846,0.80766,0.78901,0.05894
17,"Lately, Voters also",cau_dmd,0.3,1,3,0.43491,0.26431,0.26924,0.2727,0.0578
17,"Lately, Voters also",cau_dmd,0.5,1,4,0.69273,0.26706,0.33024,0.33264,0.06422
17,"Lately, Voters also",cau_dmd,0.7,1,5,0.86622,0.31505,0.36416,0.36458,0.06076
17,"Lately, Voters also",cau_dmd,0.9,1,6,0.94786,0.3918,0.41878,0.41636,0.05747
17,"Lately, Voters also",cau_dmd,0.99,1,8,0.99255,0.55853,0.68249,0.67213,0.05403
17,"Lately, Voters also",dua_dmd,0.3,1,4,0.32474,0.5139,0.06027,0.06188,0.00884
17,"Lately, Voters also",dua_dmd,0.5,1,6,0.53365,0.51429,0.15218,0.15189,0.01383
17,"Lately, Voters also",dua_dmd,0.7,1,9,0.74588,0.52691,0.3353,0.32913,0.01869
17,"Lately, Voters also",dua_dmd,0.9,1,13,0.91243,0.55266,0.64367,0.6262,0.02601
17,"Lately, Voters also",dua_dmd,0.99,1,18,0.99544,0.59019,1.13516,1.10017,0.03114
112,"Every day, These kids usually",euc_ctx,0.3,1,9,0.31662,0.55944,0.23338,0.24071,0.13317
112,"Every day, These kids usually",euc_ctx,0.5,1,11,0.54657,0.55698,0.36494,0.37098,0.14231
112,"Every day, These kids usually",euc_ctx,0.7,1,13,0.75822,0.58223,0.52066,0.52369,0.14726
112,"Every day, These kids usually",euc_ctx,0.9,1,16,0.92931,0.64227,0.81087,0.80677,0.15342
112,"Every day, These kids usually",euc_ctx,0.99,1,21,0.99302,0.71295,1.44043,1.421,0.18317
112,"Every day, These kids usually",cau_ctx,0.3,1,17,0.31511,0.57097,0.39774,0.40501,0.13827
112,"Every day, These kids usually",cau_ctx,0.5,1,20,0.50198,0.53416,0.62874,0.6342,0.16362
112,"Every day, These kids usually",cau_ctx,0.7,1,24,0.74369,0.49454,1.04732,1.04797,0.18192
112,"Every day, These kids usually",cau_ctx,0.9,1,29,0.91698,0.45904,1.69267,1.68437,0.19605
112,"Every day, These kids usually",cau_ctx,0.99,1,38,0.99208,0.40104,3.00025,2.97199,0.2036
112,"Every day, These kids usually",dua_ctx,0.3,1,29,0.30019,0.60003,0.44547,0.44013,0.11846
112,"Every day, These kids usually",dua_ctx,0.5,1,43,0.50045,0.55471,1.03939,1.01595,0.12283
112,"Every day, These kids usually",dua_ctx,0.7,1,59,0.70065,0.52263,1.96797,1.91512,0.12235
112,"Every day, These kids usually",dua_ctx,0.9,1,86,0.90304,0.49214,3.88723,3.78891,0.03515
112,"Every day, These kids usually",dua_ctx,0.99,1,108,0.99045,0.47344,5.35825,5.23813,0.05518
112,"Every day, These kids usually",euc_unemb,0.3,1,4,0.36769,0.56167,0.23963,0.24527,0.04313
112,"Every day, These kids usually",euc_unemb,0.5,1,5,0.64697,0.57644,0.43377,0.43671,0.17392
112,"Every day, These kids usually",euc_unemb,0.7,1,6,0.85297,0.61391,0.73645,0.73408,0.19656
112,"Every day, These kids usually",euc_unemb,0.9,1,7,0.94852,0.64713,1.12003,1.11044,0.20517
112,"Every day, These kids usually",euc_unemb,0.99,1,9,0.99468,0.67414,1.9838,1.95722,0.21662
112,"Every day, These kids usually",cau_unemb,0.3,1,5,0.513,0.53379,0.34045,0.34675,0.1477
112,"Every day, These kids usually",cau_unemb,0.5,1,5,0.513,0.53379,0.34045,0.34675,0.1477
112,"Every day, These kids usually",cau_unemb,0.7,1,6,0.74362,0.56217,0.51492,0.51821,0.12587
112,"Every day, These kids usually",cau_unemb,0.9,1,8,0.95581,0.6347,1.04884,1.0412,0.14181
112,"Every day, These kids usually",cau_unemb,0.99,1,10,0.99368,0.66239,1.72458,1.7029,0.15196
112,"Every day, These kids usually",dua_unemb,0.3,1,6,0.34557,0.6606,0.1106,0.11352,0.11842
112,"Every day, These kids usually",dua_unemb,0.5,1,8,0.53633,0.67185,0.21005,0.21007,0.12806
112,"Every day, These kids usually",dua_unemb,0.7,1,11,0.75074,0.69187,0.43946,0.43163,0.13626
112,"Every day, These kids usually",dua_unemb,0.9,1,15,0.90831,0.71719,0.93316,0.90921,0.14314
112,"Every day, These kids usually",dua_unemb,0.99,1,21,0.99172,0.74543,2.13192,2.07391,0.16898
112,"Every day, These kids usually",euc_dmd,0.3,1,4,0.37558,0.54507,0.30559,0.31247,0.14578
112,"Every day, These kids usually",euc_dmd,0.5,1,5,0.65236,0.56005,0.4991,0.50346,0.17002
112,"Every day, These kids usually",euc_dmd,0.7,1,6,0.85346,0.60474,0.79396,0.79338,0.18097
112,"Every day, These kids usually",euc_dmd,0.9,1,7,0.94726,0.65068,1.17829,1.17099,0.18455
112,"Every day, These kids usually",euc_dmd,0.99,1,9,0.99405,0.70428,2.06137,2.03816,0.20034
112,"Every day, These kids usually",cau_dmd,0.3,1,5,0.43919,0.52597,0.43759,0.4457,0.15258
112,"Every day, These kids usually",cau_dmd,0.5,1,6,0.66095,0.54007,0.59834,0.60418,0.1546
112,"Every day, These kids usually",cau_dmd,0.7,1,7,0.82705,0.57054,0.83908,0.84102,0.16147
112,"Every day, These kids usually",cau_dmd,0.9,1,8,0.92049,0.60129,1.15348,1.15028,0.16558
112,"Every day, These kids usually",cau_dmd,0.99,1,11,0.99355,0.64049,2.29561,2.27332,0.18732
112,"Every day, These kids usually",dua_dmd,0.3,1,5,0.31918,0.63606,0.136,0.14052,0.12867
112,"Every day, These kids usually",dua_dmd,0.5,1,7,0.52786,0.6339,0.26882,0.27253,0.03051
112,"Every day, These kids usually",dua_dmd,0.7,1,10,0.74157,0.63755,0.55154,0.55213,0.03704
112,"Every day, These kids usually",dua_dmd,0.9,1,15,0.91317,0.65383,1.26634,1.25852,0.04924
112,"Every day, These kids usually",dua_dmd,0.99,1,21,0.99071,0.68486,2.51558,2.48964,0.05344
217,People sometimes,euc_ctx,0.3,1,18,0.30153,0.50487,0.60853,0.61271,0.03727
217,People sometimes,euc_ctx,0.5,1,20,0.54149,0.48673,0.78663,0.78785,0.04208
217,People sometimes,euc_ctx,0.7,1,22,0.76354,0.51027,0.95632,0.95317,0.04815
217,People sometimes,euc_ctx,0.9,1,25,0.9358,0.58878,1.21217,1.20024,0.05004
217,People sometimes,euc_ctx,0.99,1,29,0.99085,0.68395,1.62405,1.59792,0.27009
217,People sometimes,cau_ctx,0.3,1,38,0.32141,0.06674,3.27269,3.24688,0.04111
217,People sometimes,cau_ctx,0.5,1,41,0.50135,0.03504,4.07455,4.03956,0.0431
217,People sometimes,cau_ctx,0.7,1,45,0.73614,0.0179,5.09705,5.0495,0.04713
217,People sometimes,cau_ctx,0.9,1,50,0.91159,0.01021,6.26916,6.20574,0.26809
217,People sometimes,cau_ctx,0.99,1,59,0.99169,0.00549,8.12667,8.03509,0.31574
217,People sometimes,dua_ctx,0.3,1,46,0.30061,0.64551,1.06079,1.02709,0.03354
217,People sometimes,dua_ctx,0.5,1,67,0.50634,0.60522,2.65219,2.5678,0.03969
217,People sometimes,dua_ctx,0.7,1,91,0.70713,0.56828,4.7925,4.66964,0.04787
217,People sometimes,dua_ctx,0.9,1,115,0.90383,0.53316,6.24681,6.10939,0.0501
217,People sometimes,dua_ctx,0.99,1,130,0.99269,0.51938,6.76949,6.62643,0.05214
217,People sometimes,euc_unemb,0.3,1,8,0.5228,0.46792,0.54083,0.54471,0.02328
217,People sometimes,euc_unemb,0.5,1,8,0.5228,0.46792,0.54083,0.54471,0.02328
217,People sometimes,euc_unemb,0.7,1,9,0.79158,0.52248,0.67043,0.6692,0.03379
217,People sometimes,euc_unemb,0.9,1,10,0.92903,0.58552,0.88598,0.87721,0.04313
217,People sometimes,euc_unemb,0.99,1,12,0.99347,0.64277,1.51611,1.48854,0.06485
217,People sometimes,cau_unemb,0.3,1,9,0.56094,0.39342,0.68708,0.6939,0.04856
217,People sometimes,cau_unemb,0.5,1,9,0.56094,0.39342,0.68708,0.6939,0.04856
217,People sometimes,cau_unemb,0.7,1,10,0.79362,0.44765,0.753,0.75585,0.04734
217,People sometimes,cau_unemb,0.9,1,11,0.91967,0.51752,0.87593,0.87303,0.03742
217,People sometimes,cau_unemb,0.99,1,14,0.99642,0.61724,1.61524,1.58909,0.07327
217,People sometimes,dua_unemb,0.3,1,11,0.326,0.697,0.19849,0.19799,0.02175
217,People sometimes,dua_unemb,0.5,1,14,0.50539,0.70879,0.38246,0.37486,0.02755
217,People sometimes,dua_unemb,0.7,1,19,0.71763,0.73048,0.88317,0.85616,0.03206
217,People sometimes,dua_unemb,0.9,1,26,0.91412,0.75022,1.89544,1.83127,0.06706
217,People sometimes,dua_unemb,0.99,1,31,0.99102,0.75764,2.92915,2.83073,0.07013
217,People sometimes,euc_dmd,0.3,1,8,0.53241,0.40136,0.84201,0.84899,0.03697
217,People sometimes,euc_dmd,0.5,1,8,0.53241,0.40136,0.84201,0.84899,0.03697
217,People sometimes,euc_dmd,0.7,1,9,0.79633,0.45179,1.04376,1.04606,0.04795
217,People sometimes,euc_dmd,0.9,1,10,0.93015,0.52214,1.29175,1.2872,0.26887
217,People sometimes,euc_dmd,0.99,1,12,0.99339,0.60665,1.96803,1.94596,0.27034
217,People sometimes,cau_dmd,0.3,1,9,0.43386,0.3167,1.05927,1.07079,0.06475
217,People sometimes,cau_dmd,0.5,1,10,0.68292,0.33974,1.231,1.23985,0.06438
217,People sometimes,cau_dmd,0.7,1,11,0.85685,0.39391,1.4093,1.414,0.26969
217,People sometimes,cau_dmd,0.9,1,12,0.94266,0.45448,1.62814,1.6273,0.33735
217,People sometimes,cau_dmd,0.99,1,14,0.99171,0.52885,2.22529,2.21059,0.36792
217,People sometimes,dua_dmd,0.3,1,10,0.32155,0.6624,0.29206,0.29677,0.02366
217,People sometimes,dua_dmd,0.5,1,14,0.50948,0.6635,0.60247,0.60195,0.03248
217,People sometimes,dua_dmd,0.7,1,20,0.7138,0.676,1.24614,1.23104,0.03861
217,People sometimes,dua_dmd,0.9,1,27,0.90377,0.69469,2.2324,2.19246,0.04388
217,People sometimes,dua_dmd,0.99,1,33,0.99488,0.71451,3.38958,3.31976,0.04869
239,"In this case, They",euc_ctx,0.3,1,16,0.35434,0.03176,1.0417,1.03942,0.33553
239,"In this case, They",euc_ctx,0.5,1,18,0.54119,0.03063,1.22239,1.2188,0.3457
239,"In this case, They",euc_ctx,0.7,1,20,0.71623,0.03358,1.39073,1.3857,0.35294
239,"In this case, They",euc_ctx,0.9,1,24,0.91912,0.05248,1.71767,1.70927,0.35469
239,"In this case, They",euc_ctx,0.99,1,30,0.99035,0.11832,2.31313,2.29808,0.3224
239,"In this case, They",cau_ctx,0.3,1,30,0.32705,0.0462,1.46628,1.46979,0.34124
239,"In this case, They",cau_ctx,0.5,1,34,0.52342,0.04032,1.88207,1.88339,0.32893
239,"In this case, They",cau_ctx,0.7,1,38,0.71327,0.03729,2.38891,2.38689,0.32951
239,"In this case, They",cau_ctx,0.9,1,45,0.91273,0.03308,3.54421,3.5331,0.33535
239,"In this case, They",cau_ctx,0.99,1,56,0.99017,0.02374,5.87501,5.84383,0.33521
239,"In this case, They",dua_ctx,0.3,1,30,0.31263,0.15313,0.1416,0.13524,0.00542
239,"In this case, They",dua_ctx,0.5,1,39,0.51481,0.1627,0.23658,0.22312,0.0071
239,"In this case, They",dua_ctx,0.7,1,50,0.70879,0.18232,0.39432,0.36922,0.01195
239,"In this case, They",dua_ctx,0.9,1,68,0.90463,0.22069,0.76266,0.7141,0.19006
239,"In this case, They",dua_ctx,0.99,1,87,0.99063,0.26271,1.33293,1.2615,0.24128
239,"In this case, They",euc_unemb,0.3,1,7,0.32011,0.03568,0.43769,0.43153,0.07258
239,"In this case, They",euc_unemb,0.5,1,8,0.53417,0.03603,0.51926,0.51156,0.21013
239,"In this case, They",euc_unemb,0.7,1,9,0.73755,0.04346,0.59171,0.58229,0.21099
239,"In this case, They",euc_unemb,0.9,1,11,0.94501,0.0894,0.73563,0.72212,0.23313
239,"In this case, They",euc_unemb,0.99,1,13,0.99078,0.19893,0.97383,0.95478,0.31624
239,"In this case, They",cau_unemb,0.3,1,8,0.4206,0.02849,0.48426,0.47957,0.08082
239,"In this case, They",cau_unemb,0.5,1,9,0.62123,0.0302,0.54308,0.53719,0.21916
239,"In this case, They",cau_unemb,0.7,1,10,0.78763,0.03688,0.5889,0.58169,0.22759
239,"In this case, They",cau_unemb,0.9,1,12,0.95001,0.07032,0.67549,0.66517,0.27318
239,"In this case, They",cau_unemb,0.99,1,15,0.9955,0.19717,0.945,0.9281,0.31149
239,"In this case, They",dua_unemb,0.3,1,10,0.38266,0.17352,0.06379,0.06134,0.00361
239,"In this case, They",dua_unemb,0.5,1,12,0.55079,0.18802,0.10022,0.09444,0.0041
239,"In this case, They",dua_unemb,0.7,1,15,0.73839,0.21368,0.17682,0.16457,0.00703
239,"In this case, They",dua_unemb,0.9,1,20,0.91818,0.26087,0.3639,0.33799,0.00947
239,"In this case, They",dua_unemb,0.99,1,26,0.99236,0.31861,0.68284,0.63663,0.0144
239,"In this case, They",euc_dmd,0.3,1,7,0.51402,0.02107,0.87691,0.87035,0.32118
239,"In this case, They",euc_dmd,0.5,1,7,0.51402,0.02107,0.87691,0.87035,0.32118
239,"In this case, They",euc_dmd,0.7,1,8,0.73424,0.02329,1.02293,1.01424,0.34926
239,"In this case, They",euc_dmd,0.9,1,10,0.94815,0.04244,1.30289,1.28929,0.35453
239,"In this case, They",euc_dmd,0.99,1,12,0.99143,0.08692,1.64451,1.62499,0.35274
239,"In this case, They",cau_dmd,0.3,1,7,0.36858,0.01935,0.8785,0.87609,0.32604
239,"In this case, They",cau_dmd,0.5,1,8,0.5707,0.01866,1.02803,1.02413,0.34579
239,"In this case, They",cau_dmd,0.7,1,9,0.74774,0.02083,1.17388,1.16824,0.34798
239,"In this case, They",cau_dmd,0.9,1,11,0.93272,0.03294,1.50663,1.49661,0.34331
239,"In this case, They",cau_dmd,0.99,1,14,0.99193,0.06375,2.27528,2.25561,0.3101
239,"In this case, They",dua_dmd,0.3,1,8,0.38677,0.1437,0.08665,0.08622,0.00795
239,"In this case, They",dua_dmd,0.5,1,9,0.5362,0.14743,0.11173,0.11002,0.00819
239,"In this case, They",dua_dmd,0.7,1,11,0.77733,0.15998,0.17237,0.16719,0.00865
239,"In this case, They",dua_dmd,0.9,1,13,0.91708,0.17608,0.2447,0.23521,0.00867
239,"In this case, They",dua_dmd,0.99,1,17,0.99402,0.20917,0.41308,0.3937,0.01076
82,"Every day, These kids still",euc_ctx,0.3,1,10,0.33985,0.49224,0.3375,0.34564,0.03126
82,"Every day, These kids still",euc_ctx,0.5,1,12,0.57061,0.48748,0.46783,0.47467,0.05649
82,"Every day, These kids still",euc_ctx,0.7,1,14,0.77424,0.51896,0.59474,0.59885,0.05774
82,"Every day, These kids still",euc_ctx,0.9,1,17,0.9342,0.5979,0.81006,0.8078,0.16101
82,"Every day, These kids still",euc_ctx,0.99,1,22,0.99339,0.69298,1.31912,1.3027,0.17197
82,"Every day, These kids still",cau_ctx,0.3,1,18,0.34372,0.45619,0.56494,0.57307,0.14398
82,"Every day, These kids still",cau_ctx,0.5,1,21,0.54734,0.41358,0.86062,0.86663,0.20798
82,"Every day, These kids still",cau_ctx,0.7,1,24,0.73851,0.38836,1.22825,1.23066,0.21273
82,"Every day, These kids still",cau_ctx,0.9,1,29,0.92223,0.3702,1.93716,1.93098,0.23794
82,"Every day, These kids still",cau_ctx,0.99,1,37,0.99183,0.34896,3.1474,3.12404,0.2546
82,"Every day, These kids still",dua_ctx,0.3,1,33,0.30456,0.59988,0.63103,0.62287,0.01425
82,"Every day, These kids still",dua_ctx,0.5,1,49,0.5023,0.55364,1.44699,1.4171,0.03047
82,"Every day, These kids still",dua_ctx,0.7,1,67,0.7106,0.51852,2.62304,2.56205,0.03583
82,"Every day, These kids still",dua_ctx,0.9,1,86,0.90785,0.49,4.02048,3.93124,0.04169
82,"Every day, These kids still",dua_ctx,0.99,1,101,0.99141,0.48177,4.96037,4.8534,0.04512
82,"Every day, These kids still",euc_unemb,0.3,1,5,0.47426,0.53802,0.3038,0.30883,0.02722
82,"Every day, These kids still",euc_unemb,0.5,1,6,0.72899,0.57111,0.46365,0.4653,0.03798
82,"Every day, These kids still",euc_unemb,0.7,1,6,0.72899,0.57111,0.46365,0.4653,0.03798
82,"Every day, These kids still",euc_unemb,0.9,1,8,0.9608,0.66078,1.01998,1.00891,0.20477
82,"Every day, These kids still",euc_unemb,0.99,1,10,0.99566,0.687,1.76467,1.73696,0.24022
82,"Every day, These kids still",cau_unemb,0.3,1,5,0.37802,0.50167,0.27863,0.28663,0.04713
82,"Every day, These kids still",cau_unemb,0.5,1,6,0.61823,0.52131,0.35759,0.36409,0.0267
82,"Every day, These kids still",cau_unemb,0.7,1,7,0.8117,0.57245,0.46456,0.46783,0.03624
82,"Every day, These kids still",cau_unemb,0.9,1,8,0.91975,0.62935,0.62698,0.62551,0.03777
82,"Every day, These kids still",cau_unemb,0.99,1,11,0.99533,0.70552,1.38966,1.36893,0.20194
82,"Every day, These kids still",dua_unemb,0.3,1,7,0.36787,0.6798,0.13121,0.13297,0.0132
82,"Every day, These kids still",dua_unemb,0.5,1,9,0.53285,0.69134,0.24102,0.23954,0.01889
82,"Every day, These kids still",dua_unemb,0.7,1,12,0.70885,0.71246,0.48139,0.47232,0.02288
82,"Every day, These kids still",dua_unemb,0.9,1,20,0.91432,0.75725,1.63066,1.58725,0.03836
82,"Every day, These kids still",dua_unemb,0.99,1,28,0.99138,0.7732,3.32054,3.2299,0.04339
82,"Every day, These kids still",euc_dmd,0.3,1,5,0.54922,0.46239,0.43472,0.44106,0.06026
82,"Every day, These kids still",euc_dmd,0.5,1,5,0.54922,0.46239,0.43472,0.44106,0.06026
82,"Every day, These kids still",euc_dmd,0.7,1,6,0.78964,0.51252,0.56614,0.56911,0.04801
82,"Every day, These kids still",euc_dmd,0.9,1,7,0.92003,0.58977,0.76359,0.76136,0.05075
82,"Every day, These kids still",euc_dmd,0.99,1,9,0.99063,0.71083,1.35575,1.33959,0.05309
82,"Every day, These kids still",cau_dmd,0.3,1,5,0.38182,0.43014,0.44571,0.4554,0.063
82,"Every day, These kids still",cau_dmd,0.5,1,6,0.60986,0.4496,0.4957,0.50419,0.06179
82,"Every day, These kids still",cau_dmd,0.7,1,7,0.79546,0.50657,0.56667,0.57261,0.04835
82,"Every day, These kids still",cau_dmd,0.9,1,8,0.90504,0.58032,0.69861,0.70071,0.04991
82,"Every day, These kids still",cau_dmd,0.99,1,11,0.99241,0.73462,1.42506,1.41063,0.05328
82,"Every day, These kids still",dua_dmd,0.3,1,5,0.30278,0.65305,0.10348,0.10757,0.00926
82,"Every day, These kids still",dua_dmd,0.5,1,7,0.55988,0.64476,0.2301,0.23336,0.0207
82,"Every day, These kids still",dua_dmd,0.7,1,9,0.77108,0.64534,0.39969,0.40077,0.02779
82,"Every day, These kids still",dua_dmd,0.9,1,12,0.93185,0.66089,0.71109,0.7071,0.03385
82,"Every day, These kids still",dua_dmd,0.99,1,17,0.9905,0.69606,1.35225,1.33595,0.03455
118,Farmers always,euc_ctx,0.3,1,13,0.38826,0.34863,0.75064,0.75679,0.15381
118,Farmers always,euc_ctx,0.5,1,14,0.50933,0.34289,0.8438,0.84894,0.15361
118,Farmers always,euc_ctx,0.7,1,16,0.73489,0.365,0.99399,0.99631,0.1535
118,Farmers always,euc_ctx,0.9,1,19,0.92327,0.46105,1.1773,1.17363,0.07801
118,Farmers always,euc_ctx,0.99,1,24,0.99271,0.64513,1.62251,1.60525,0.06625
118,Farmers always,cau_ctx,0.3,1,24,0.3126,0.30992,1.06764,1.07318,0.19465
118,Farmers always,cau_ctx,0.5,1,28,0.55652,0.24874,1.48803,1.48957,0.20444
118,Farmers always,cau_ctx,0.7,1,31,0.72923,0.21753,1.84968,1.84684,0.20551
118,Farmers always,cau_ctx,0.9,1,36,0.90643,0.17673,2.55205,2.53955,0.20989
118,Farmers always,cau_ctx,0.99,1,45,0.99015,0.1118,4.06899,4.03443,0.20748
118,Farmers always,dua_ctx,0.3,1,37,0.30939,0.57233,0.82524,0.81425,0.02564
118,Farmers always,dua_ctx,0.5,1,52,0.51147,0.52544,1.88654,1.85167,0.02851
118,Farmers always,dua_ctx,0.7,1,65,0.70961,0.49054,3.03678,2.97725,0.05273
118,Farmers always,dua_ctx,0.9,1,79,0.90073,0.46896,4.45292,4.36867,0.05866
118,Farmers always,dua_ctx,0.99,1,91,0.99087,0.47002,5.7534,5.65219,0.05849
118,Farmers always,euc_unemb,0.3,1,6,0.45761,0.44584,0.45254,0.45683,0.05215
118,Farmers always,euc_unemb,0.5,1,7,0.72272,0.48553,0.64373,0.64442,0.07608
118,Farmers always,euc_unemb,0.7,1,7,0.72272,0.48553,0.64373,0.64442,0.07608
118,Farmers always,euc_unemb,0.9,1,9,0.96147,0.5934,1.27533,1.2627,0.21794
118,Farmers always,euc_unemb,0.99,1,11,0.99582,0.61425,2.14002,2.10967,0.22251
118,Farmers always,cau_unemb,0.3,1,6,0.3326,0.41024,0.39329,0.40075,0.06723
118,Farmers always,cau_unemb,0.5,1,7,0.5792,0.43237,0.48027,0.48612,0.0643
118,Farmers always,cau_unemb,0.7,1,8,0.79077,0.49347,0.58962,0.5922,0.06397
118,Farmers always,cau_unemb,0.9,1,9,0.91158,0.566,0.76495,0.7626,0.07447
118,Farmers always,cau_unemb,0.99,1,12,0.99502,0.66264,1.66781,1.64457,0.06939
118,Farmers always,dua_unemb,0.3,1,8,0.32733,0.63563,0.14036,0.14185,0.0077
118,Farmers always,dua_unemb,0.5,1,11,0.54231,0.64838,0.32327,0.31839,0.01387
118,Farmers always,dua_unemb,0.7,1,15,0.73265,0.66656,0.71729,0.69864,0.02207
118,Farmers always,dua_unemb,0.9,1,22,0.90861,0.6929,1.83218,1.77935,0.03255
118,Farmers always,dua_unemb,0.99,1,29,0.99237,0.70979,3.48606,3.39147,0.06224
118,Farmers always,euc_dmd,0.3,1,6,0.57482,0.3313,0.7663,0.77171,0.15484
118,Farmers always,euc_dmd,0.5,1,6,0.57482,0.3313,0.7663,0.77171,0.15484
118,Farmers always,euc_dmd,0.7,1,7,0.81315,0.38917,0.93421,0.93597,0.16673
118,Farmers always,euc_dmd,0.9,1,8,0.93261,0.483,1.14354,1.14007,0.09189
118,Farmers always,euc_dmd,0.99,1,10,0.99263,0.65085,1.76628,1.74878,0.10074
118,Farmers always,cau_dmd,0.3,1,6,0.37471,0.28983,0.73677,0.7465,0.19135
118,Farmers always,cau_dmd,0.5,1,7,0.619,0.30729,0.82993,0.83818,0.1639
118,Farmers always,cau_dmd,0.7,1,8,0.81235,0.36772,0.92459,0.93023,0.16112
118,Farmers always,cau_dmd,0.9,1,9,0.91906,0.45676,1.06176,1.06362,0.08776
118,Farmers always,cau_dmd,0.99,1,12,0.99476,0.69128,1.83584,1.82087,0.09514
118,Farmers always,dua_dmd,0.3,1,6,0.31132,0.60855,0.12635,0.13134,0.00667
118,Farmers always,dua_dmd,0.5,1,8,0.5734,0.59995,0.26559,0.26947,0.01373
118,Farmers always,dua_dmd,0.7,1,10,0.78395,0.60047,0.44934,0.45034,0.01897
118,Farmers always,dua_dmd,0.9,1,12,0.90729,0.60843,0.67036,0.66697,0.02389
118,Farmers always,dua_dmd,0.99,1,17,0.99192,0.63994,1.38596,1.36676,0.03102
121,"Today, People often",euc_ctx,0.3,1,11,0.39419,0.65432,0.25855,0.26651,0.03002
121,"Today, People often",euc_ctx,0.5,1,12,0.50914,0.65705,0.3356,0.3427,0.03392
121,"Today, People often",euc_ctx,0.7,1,14,0.72501,0.67344,0.52851,0.5325,0.03921
121,"Today, People often",euc_ctx,0.9,1,17,0.91445,0.71162,0.89771,0.89423,0.12711
121,"Today, People often",euc_ctx,0.99,1,22,0.99101,0.76206,1.63557,1.61625,0.1349
121,"Today, People often",cau_ctx,0.3,1,21,0.34626,0.70309,0.4296,0.43716,0.05205
121,"Today, People often",cau_ctx,0.5,1,24,0.51883,0.68977,0.6124,0.61816,0.03521
121,"Today, People often",cau_ctx,0.7,1,28,0.7371,0.67562,0.9401,0.94149,0.06412
121,"Today, People often",cau_ctx,0.9,1,33,0.9039,0.66196,1.46902,1.46238,0.13189
121,"Today, People often",cau_ctx,0.99,1,43,0.99123,0.61717,2.77045,2.74322,0.15653
121,"Today, People often",dua_ctx,0.3,1,34,0.30294,0.65021,0.62595,0.62071,0.02382
121,"Today, People often",dua_ctx,0.5,1,51,0.50683,0.61124,1.57202,1.54276,0.02901
121,"Today, People often",dua_ctx,0.7,1,67,0.70765,0.56784,2.90076,2.84139,0.03282
121,"Today, People often",dua_ctx,0.9,1,87,0.90424,0.52964,4.94822,4.8527,0.06808
121,"Today, People often",dua_ctx,0.99,1,104,0.99159,0.51619,6.60248,6.48638,0.07971
121,"Today, People often",euc_unemb,0.3,1,5,0.50979,0.58464,0.25466,0.26004,0.02369
121,"Today, People often",euc_unemb,0.5,1,5,0.50979,0.58464,0.25466,0.26004,0.02369
121,"Today, People often",euc_unemb,0.7,1,6,0.76279,0.61228,0.48399,0.48531,0.05311
121,"Today, People often",euc_unemb,0.9,1,7,0.90875,0.63837,0.81955,0.81446,0.06164
121,"Today, People often",euc_unemb,0.99,1,10,0.99664,0.65201,2.06388,2.03388,0.08031
121,"Today, People often",cau_unemb,0.3,1,5,0.38756,0.55958,0.19476,0.20298,0.11057
121,"Today, People often",cau_unemb,0.5,1,6,0.63621,0.58337,0.32232,0.32866,0.02491
121,"Today, People often",cau_unemb,0.7,1,7,0.82828,0.62109,0.53037,0.53269,0.03859
121,"Today, People often",cau_unemb,0.9,1,8,0.92992,0.65223,0.81363,0.8103,0.05661
121,"Today, People often",cau_unemb,0.99,1,10,0.99004,0.67624,1.49267,1.47564,0.06529
121,"Today, People often",dua_unemb,0.3,1,7,0.38767,0.65407,0.15293,0.15543,0.01354
121,"Today, People often",dua_unemb,0.5,1,9,0.56055,0.66271,0.27815,0.27732,0.01845
121,"Today, People often",dua_unemb,0.7,1,11,0.70533,0.6723,0.45594,0.45012,0.02228
121,"Today, People often",dua_unemb,0.9,1,15,0.90131,0.68966,0.99548,0.97504,0.02957
121,"Today, People often",dua_unemb,0.99,1,20,0.9943,0.70665,2.11905,2.07039,0.05608
121,"Today, People often",euc_dmd,0.3,1,5,0.48933,0.5588,0.31693,0.3249,0.03956
121,"Today, People often",euc_dmd,0.5,1,6,0.74289,0.58108,0.55574,0.56031,0.07157
121,"Today, People often",euc_dmd,0.7,1,6,0.74289,0.58108,0.55574,0.56031,0.07157
121,"Today, People often",euc_dmd,0.9,1,8,0.9631,0.62479,1.32143,1.3132,0.15525
121,"Today, People often",euc_dmd,0.99,1,10,0.99572,0.63268,2.24019,2.216,0.16188
121,"Today, People often",cau_dmd,0.3,1,5,0.30172,0.53001,0.2784,0.28935,0.05011
121,"Today, People often",cau_dmd,0.5,1,6,0.5202,0.53445,0.40426,0.41449,0.06887
121,"Today, People often",cau_dmd,0.7,1,7,0.72957,0.55852,0.59446,0.6022,0.08096
121,"Today, People often",cau_dmd,0.9,1,9,0.94216,0.61165,1.19365,1.19204,0.18604
121,"Today, People often",cau_dmd,0.99,1,12,0.99563,0.63337,2.36185,2.34147,0.20363
121,"Today, People often",dua_dmd,0.3,1,6,0.36318,0.62913,0.18326,0.19,0.01931
121,"Today, People often",dua_dmd,0.5,1,8,0.52229,0.6233,0.32849,0.33485,0.02287
121,"Today, People often",dua_dmd,0.7,1,12,0.7393,0.61984,0.70254,0.70547,0.02927
121,"Today, People often",dua_dmd,0.9,1,17,0.9081,0.62887,1.37345,1.36718,0.04126
121,"Today, People often",dua_dmd,0.99,1,25,0.99288,0.65881,3.06768,3.03187,0.06829
33,"Lately, Most doctors now",euc_ctx,0.3,1,8,0.39833,0.28386,0.29018,0.29649,0.03723
33,"Lately, Most doctors now",euc_ctx,0.5,1,9,0.50847,0.29168,0.38858,0.39468,0.04258
33,"Lately, Most doctors now",euc_ctx,0.7,1,11,0.71636,0.3216,0.64459,0.64926,0.23409
33,"Lately, Most doctors now",euc_ctx,0.9,1,14,0.90595,0.38767,1.18422,1.18439,0.33855
33,"Lately, Most doctors now",euc_ctx,0.99,1,20,0.99289,0.49329,2.66587,2.65194,0.36753
33,"Lately, Most doctors now",cau_ctx,0.3,1,14,0.31632,0.24824,0.29854,0.30532,0.0395
33,"Lately, Most doctors now",cau_ctx,0.5,1,18,0.5389,0.24841,0.53646,0.54288,0.04738
33,"Lately, Most doctors now",cau_ctx,0.7,1,21,0.70131,0.25761,0.78293,0.78804,0.07435
33,"Lately, Most doctors now",cau_ctx,0.9,1,27,0.90518,0.2805,1.47776,1.47751,0.2868
33,"Lately, Most doctors now",cau_ctx,0.99,1,37,0.99025,0.26563,3.13745,3.12228,0.32688
33,"Lately, Most doctors now",dua_ctx,0.3,1,26,0.30534,0.28777,0.31419,0.31223,0.02397
33,"Lately, Most doctors now",dua_ctx,0.5,1,40,0.50343,0.268,0.78294,0.76805,0.0411
33,"Lately, Most doctors now",dua_ctx,0.7,1,54,0.7126,0.24352,1.5397,1.50639,0.0456
33,"Lately, Most doctors now",dua_ctx,0.9,1,70,0.90794,0.21805,2.77219,2.71399,0.07814
33,"Lately, Most doctors now",dua_ctx,0.99,1,87,0.99115,0.19765,4.48122,4.3978,0.24943
33,"Lately, Most doctors now",euc_unemb,0.3,1,4,0.54409,0.29445,0.24617,0.24862,0.05007
33,"Lately, Most doctors now",euc_unemb,0.5,1,4,0.54409,0.29445,0.24617,0.24862,0.05007
33,"Lately, Most doctors now",euc_unemb,0.7,1,5,0.7731,0.3414,0.51119,0.51085,0.17701
33,"Lately, Most doctors now",euc_unemb,0.9,1,6,0.9071,0.38888,0.93331,0.92808,0.27968
33,"Lately, Most doctors now",euc_unemb,0.99,1,9,0.99576,0.43173,2.7758,2.74897,0.33597
33,"Lately, Most doctors now",cau_unemb,0.3,1,4,0.46769,0.26795,0.21557,0.22035,0.05076
33,"Lately, Most doctors now",cau_unemb,0.5,1,5,0.69715,0.30519,0.39497,0.39852,0.21624
33,"Lately, Most doctors now",cau_unemb,0.7,1,6,0.85777,0.35878,0.67856,0.67929,0.26321
33,"Lately, Most doctors now",cau_unemb,0.9,1,7,0.94048,0.40939,1.0733,1.06976,0.29726
33,"Lately, Most doctors now",cau_unemb,0.99,1,9,0.99085,0.46574,2.09347,2.07871,0.32243
33,"Lately, Most doctors now",dua_unemb,0.3,1,5,0.32056,0.30752,0.08685,0.08861,0.00875
33,"Lately, Most doctors now",dua_unemb,0.5,1,8,0.55485,0.32022,0.20909,0.2078,0.01315
33,"Lately, Most doctors now",dua_unemb,0.7,1,11,0.72808,0.33439,0.38994,0.38306,0.01875
33,"Lately, Most doctors now",dua_unemb,0.9,1,16,0.90299,0.35604,0.8319,0.8115,0.06997
33,"Lately, Most doctors now",dua_unemb,0.99,1,24,0.99317,0.3826,2.06349,2.01223,0.26416
33,"Lately, Most doctors now",euc_dmd,0.3,1,3,0.3376,0.26326,0.13908,0.14431,0.01541
33,"Lately, Most doctors now",euc_dmd,0.5,1,4,0.60505,0.2959,0.29536,0.30013,0.01559
33,"Lately, Most doctors now",euc_dmd,0.7,1,5,0.8213,0.35909,0.57599,0.57826,0.23059
33,"Lately, Most doctors now",euc_dmd,0.9,1,6,0.93222,0.42668,1.00662,1.00437,0.29617
33,"Lately, Most doctors now",euc_dmd,0.99,1,8,0.99187,0.50808,2.17769,2.16275,0.33809
33,"Lately, Most doctors now",cau_dmd,0.3,1,4,0.49165,0.24534,0.25364,0.26074,0.0167
33,"Lately, Most doctors now",cau_dmd,0.5,1,5,0.71801,0.27951,0.44696,0.45323,0.15918
33,"Lately, Most doctors now",cau_dmd,0.7,1,5,0.71801,0.27951,0.44696,0.45323,0.15918
33,"Lately, Most doctors now",cau_dmd,0.9,1,7,0.94513,0.37214,1.16522,1.16517,0.29368
33,"Lately, Most doctors now",cau_dmd,0.99,1,9,0.99118,0.41344,2.23458,2.22403,0.33312
33,"Lately, Most doctors now",dua_dmd,0.3,1,4,0.35207,0.30005,0.08589,0.08953,0.0024
33,"Lately, Most doctors now",dua_dmd,0.5,1,6,0.59807,0.30624,0.18067,0.18401,0.02447
33,"Lately, Most doctors now",dua_dmd,0.7,1,8,0.77999,0.31528,0.30142,0.30333,0.02704
33,"Lately, Most doctors now",dua_dmd,0.9,1,11,0.92511,0.33007,0.54126,0.53939,0.03299
33,"Lately, Most doctors now",dua_dmd,0.99,1,16,0.99186,0.3547,1.15539,1.14358,0.09045
221,"Over time, Parents just",euc_ctx,0.3,1,12,0.33147,0.22029,0.59172,0.59561,0.24447
221,"Over time, Parents just",euc_ctx,0.5,1,14,0.55109,0.21696,0.73416,0.7367,0.26132
221,"Over time, Parents just",euc_ctx,0.7,1,16,0.75204,0.24195,0.85085,0.85133,0.28233
221,"Over time, Parents just",euc_ctx,0.9,1,19,0.92134,0.32121,1.02843,1.02439,0.11002
221,"Over time, Parents just",euc_ctx,0.99,1,24,0.99091,0.47481,1.50339,1.48831,0.11507
221,"Over time, Parents just",cau_ctx,0.3,1,22,0.31336,0.2922,0.75492,0.76362,0.10263
221,"Over time, Parents just",cau_ctx,0.5,1,26,0.53895,0.26575,1.06494,1.0716,0.25765
221,"Over time, Parents just",cau_ctx,0.7,1,29,0.70113,0.25264,1.33874,1.34262,0.26368
221,"Over time, Parents just",cau_ctx,0.9,1,35,0.9022,0.21769,2.05987,2.05484,0.26919
221,"Over time, Parents just",cau_ctx,0.99,1,46,0.99053,0.11722,3.95691,3.92785,0.27211
221,"Over time, Parents just",dua_ctx,0.3,1,36,0.31078,0.45527,0.42729,0.40829,0.0107
221,"Over time, Parents just",dua_ctx,0.5,1,54,0.50835,0.44329,0.98063,0.92964,0.02289
221,"Over time, Parents just",dua_ctx,0.7,1,77,0.70553,0.43389,1.95209,1.86199,0.02922
221,"Over time, Parents just",dua_ctx,0.9,1,102,0.90181,0.41823,3.26305,3.14684,0.04758
221,"Over time, Parents just",dua_ctx,0.99,1,119,0.99073,0.41319,4.27836,4.15013,0.10852
221,"Over time, Parents just",euc_unemb,0.3,1,6,0.46971,0.23518,0.77699,0.77426,0.32537
221,"Over time, Parents just",euc_unemb,0.5,1,7,0.70783,0.24942,0.99125,0.98492,0.33325
221,"Over time, Parents just",euc_unemb,0.7,1,7,0.70783,0.24942,0.99125,0.98492,0.33325
221,"Over time, Parents just",euc_unemb,0.9,1,9,0.94744,0.33306,1.54521,1.52799,0.3161
221,"Over time, Parents just",euc_unemb,0.99,1,11,0.99253,0.3899,2.36701,2.33489,0.30118
221,"Over time, Parents just",cau_unemb,0.3,1,6,0.36162,0.20305,0.80117,0.80172,0.31147
221,"Over time, Parents just",cau_unemb,0.5,1,7,0.5844,0.19991,0.97714,0.97538,0.32416
221,"Over time, Parents just",cau_unemb,0.7,1,8,0.77581,0.22215,1.13615,1.1313,0.33301
221,"Over time, Parents just",cau_unemb,0.9,1,10,0.95328,0.31,1.53193,1.51845,0.33928
221,"Over time, Parents just",cau_unemb,0.99,1,12,0.99147,0.38475,2.14666,2.12158,0.29954
221,"Over time, Parents just",dua_unemb,0.3,1,10,0.34732,0.51578,0.22043,0.21424,0.01665
221,"Over time, Parents just",dua_unemb,0.5,1,15,0.52661,0.54213,0.59217,0.5701,0.02301
221,"Over time, Parents just",dua_unemb,0.7,1,23,0.71657,0.57468,1.40462,1.34918,0.07596
221,"Over time, Parents just",dua_unemb,0.9,1,34,0.91532,0.59727,2.89453,2.79156,0.1041
221,"Over time, Parents just",dua_unemb,0.99,1,41,0.99387,0.60578,4.30538,4.18054,0.11775
221,"Over time, Parents just",euc_dmd,0.3,1,5,0.34234,0.15404,1.04637,1.0479,0.35361
221,"Over time, Parents just",euc_dmd,0.5,1,6,0.60254,0.14469,1.34068,1.3395,0.38797
221,"Over time, Parents just",euc_dmd,0.7,1,7,0.81292,0.16358,1.60179,1.59699,0.3974
221,"Over time, Parents just",euc_dmd,0.9,1,8,0.92459,0.20137,1.8758,1.86644,0.39913
221,"Over time, Parents just",euc_dmd,0.99,1,11,0.99609,0.31138,3.08084,3.05236,0.35625
221,"Over time, Parents just",cau_dmd,0.3,1,6,0.4555,0.12353,1.39868,1.40286,0.38852
221,"Over time, Parents just",cau_dmd,0.5,1,7,0.6791,0.12469,1.63824,1.64039,0.39327
221,"Over time, Parents just",cau_dmd,0.7,1,8,0.8404,0.1441,1.84943,1.84896,0.39992
221,"Over time, Parents just",cau_dmd,0.9,1,9,0.92821,0.17639,2.07618,2.07248,0.40422
221,"Over time, Parents just",cau_dmd,0.99,1,12,0.99453,0.28131,3.06527,3.0478,0.36332
221,"Over time, Parents just",dua_dmd,0.3,1,7,0.30616,0.46619,0.20902,0.21079,0.01901
221,"Over time, Parents just",dua_dmd,0.5,1,10,0.50665,0.46289,0.44218,0.43956,0.02457
221,"Over time, Parents just",dua_dmd,0.7,1,15,0.71902,0.47442,0.96079,0.94619,0.07301
221,"Over time, Parents just",dua_dmd,0.9,1,21,0.90314,0.49161,1.80689,1.77333,0.09785
221,"Over time, Parents just",dua_dmd,0.99,1,28,0.99226,0.52404,3.56498,3.50323,0.1084
138,"Honestly, People generally",euc_ctx,0.3,1,8,0.30056,0.4226,0.241,0.24677,0.01677
138,"Honestly, People generally",euc_ctx,0.5,1,10,0.54641,0.43184,0.40464,0.40917,0.02886
138,"Honestly, People generally",euc_ctx,0.7,1,12,0.77114,0.47219,0.62435,0.62587,0.21537
138,"Honestly, People generally",euc_ctx,0.9,1,14,0.90386,0.52675,0.91225,0.90917,0.2362
138,"Honestly, People generally",euc_ctx,0.99,1,19,0.99178,0.62657,1.87548,1.8569,0.2626
138,"Honestly, People generally",cau_ctx,0.3,1,16,0.35777,0.49503,0.47856,0.48689,0.21148
138,"Honestly, People generally",cau_ctx,0.5,1,19,0.55628,0.46476,0.77653,0.78282,0.25225
138,"Honestly, People generally",cau_ctx,0.7,1,22,0.73764,0.42725,1.18173,1.1842,0.27727
138,"Honestly, People generally",cau_ctx,0.9,1,27,0.91479,0.35196,2.05329,2.04624,0.28235
138,"Honestly, People generally",cau_ctx,0.99,1,36,0.99161,0.21083,3.98268,3.95338,0.29541
138,"Honestly, People generally",dua_ctx,0.3,1,25,0.31184,0.47637,0.30808,0.30442,0.01461
138,"Honestly, People generally",dua_ctx,0.5,1,37,0.51048,0.45574,0.76676,0.74601,0.01778
138,"Honestly, People generally",dua_ctx,0.7,1,50,0.70428,0.43984,1.50937,1.46289,0.01987
138,"Honestly, People generally",dua_ctx,0.9,1,68,0.90094,0.42621,2.87559,2.79138,0.02405
138,"Honestly, People generally",dua_ctx,0.99,1,90,0.99015,0.41693,4.73586,4.62229,0.05386
138,"Honestly, People generally",euc_unemb,0.3,1,4,0.44701,0.42557,0.32012,0.32283,0.05416
138,"Honestly, People generally",euc_unemb,0.5,1,5,0.7246,0.45047,0.60211,0.60083,0.21589
138,"Honestly, People generally",euc_unemb,0.7,1,5,0.7246,0.45047,0.60211,0.60083,0.21589
138,"Honestly, People generally",euc_unemb,0.9,1,7,0.96451,0.49577,1.57406,1.5578,0.29327
138,"Honestly, People generally",euc_unemb,0.99,1,9,0.99631,0.49152,2.79178,2.7568,0.31383
138,"Honestly, People generally",cau_unemb,0.3,1,4,0.35703,0.40472,0.30052,0.30588,0.06546
138,"Honestly, People generally",cau_unemb,0.5,1,5,0.6175,0.42068,0.49962,0.50289,0.21647
138,"Honestly, People generally",cau_unemb,0.7,1,6,0.8221,0.45731,0.79375,0.79277,0.25303
138,"Honestly, People generally",cau_unemb,0.9,1,7,0.92866,0.4919,1.18942,1.18244,0.28517
138,"Honestly, People generally",cau_unemb,0.99,1,10,0.99624,0.52031,2.69967,2.67007,0.30605
138,"Honestly, People generally",dua_unemb,0.3,1,6,0.34031,0.5033,0.10798,0.10875,0.04143
138,"Honestly, People generally",dua_unemb,0.5,1,8,0.50531,0.51468,0.20475,0.20164,0.04375
138,"Honestly, People generally",dua_unemb,0.7,1,12,0.73196,0.53742,0.51183,0.49535,0.04726
138,"Honestly, People generally",dua_unemb,0.9,1,18,0.91829,0.56414,1.21398,1.16816,0.05728
138,"Honestly, People generally",dua_unemb,0.99,1,25,0.993,0.5873,2.33094,2.24371,0.05692
138,"Honestly, People generally",euc_dmd,0.3,1,4,0.50269,0.39577,0.5187,0.5239,0.15453
138,"Honestly, People generally",euc_dmd,0.5,1,4,0.50269,0.39577,0.5187,0.5239,0.15453
138,"Honestly, People generally",euc_dmd,0.7,1,5,0.77288,0.40652,0.89958,0.9004,0.24574
138,"Honestly, People generally",euc_dmd,0.9,1,6,0.91836,0.42449,1.42129,1.41529,0.2661
138,"Honestly, People generally",euc_dmd,0.99,1,8,0.9915,0.42874,2.70489,2.68168,0.27613
138,"Honestly, People generally",cau_dmd,0.3,1,4,0.38311,0.37719,0.56138,0.57031,0.16941
138,"Honestly, People generally",cau_dmd,0.5,1,5,0.64451,0.36812,0.88567,0.89234,0.26391
138,"Honestly, People generally",cau_dmd,0.7,1,6,0.8383,0.37875,1.31438,1.31671,0.2639
138,"Honestly, People generally",cau_dmd,0.9,1,7,0.93573,0.39158,1.83783,1.83429,0.26872
138,"Honestly, People generally",cau_dmd,0.99,1,9,0.99098,0.39311,3.04735,3.0297,0.27684
138,"Honestly, People generally",dua_dmd,0.3,1,5,0.41276,0.47924,0.1756,0.18041,0.02253
138,"Honestly, People generally",dua_dmd,0.5,1,6,0.54617,0.47941,0.25727,0.26149,0.0256
138,"Honestly, People generally",dua_dmd,0.7,1,8,0.74334,0.48458,0.45278,0.45413,0.01992
138,"Honestly, People generally",dua_dmd,0.9,1,12,0.9274,0.50261,0.95458,0.9454,0.047
138,"Honestly, People generally",dua_dmd,0.99,1,17,0.99196,0.5303,1.80259,1.77386,0.16228
296,"At home, Both of them",euc_ctx,0.3,1,7,0.37186,0.10675,0.32603,0.32811,0.27111
296,"At home, Both of them",euc_ctx,0.5,1,9,0.60246,0.10823,0.50462,0.50586,0.24518
296,"At home, Both of them",euc_ctx,0.7,1,10,0.70793,0.11532,0.60262,0.60321,0.28069
296,"At home, Both of them",euc_ctx,0.9,1,13,0.9082,0.16091,0.9453,0.94299,0.28758
296,"At home, Both of them",euc_ctx,0.99,1,18,0.99028,0.29062,1.75476,1.74461,0.31095
296,"At home, Both of them",cau_ctx,0.3,1,12,0.31538,0.13375,0.42496,0.42986,0.28983
296,"At home, Both of them",cau_ctx,0.5,1,15,0.50059,0.12883,0.67762,0.6819,0.31707
296,"At home, Both of them",cau_ctx,0.7,1,19,0.74086,0.13418,1.13611,1.13799,0.28734
296,"At home, Both of them",cau_ctx,0.9,1,24,0.91506,0.14766,1.93566,1.93182,0.32334
296,"At home, Both of them",cau_ctx,0.99,1,33,0.99179,0.14696,3.89333,3.8734,0.34653
296,"At home, Both of them",dua_ctx,0.3,1,14,0.33214,0.16478,0.07011,0.06962,0.20649
296,"At home, Both of them",dua_ctx,0.5,1,20,0.52751,0.16567,0.13887,0.13418,0.2094
296,"At home, Both of them",dua_ctx,0.7,1,27,0.70007,0.17531,0.24466,0.23251,0.21033
296,"At home, Both of them",dua_ctx,0.9,1,42,0.90273,0.20988,0.56144,0.52745,0.22179
296,"At home, Both of them",dua_ctx,0.99,1,59,0.99143,0.25196,1.09528,1.03373,0.26132
296,"At home, Both of them",euc_unemb,0.3,1,3,0.31515,0.10108,0.10386,0.10254,0.024
296,"At home, Both of them",euc_unemb,0.5,1,4,0.56466,0.10568,0.15814,0.15564,0.02441
296,"At home, Both of them",euc_unemb,0.7,1,5,0.78673,0.13666,0.22538,0.2212,0.22667
296,"At home, Both of them",euc_unemb,0.9,1,6,0.91357,0.20008,0.33234,0.32577,0.22765
296,"At home, Both of them",euc_unemb,0.99,1,9,0.99612,0.52281,1.18507,1.16525,0.30958
296,"At home, Both of them",cau_unemb,0.3,1,4,0.4916,0.09929,0.14075,0.14013,0.02496
296,"At home, Both of them",cau_unemb,0.5,1,5,0.71347,0.11729,0.1912,0.18957,0.02613
296,"At home, Both of them",cau_unemb,0.7,1,5,0.71347,0.11729,0.1912,0.18957,0.02613
296,"At home, Both of them",cau_unemb,0.9,1,7,0.94252,0.22402,0.37952,0.37416,0.02586
296,"At home, Both of them",cau_unemb,0.99,1,9,0.99069,0.40407,0.8296,0.81743,0.28012
296,"At home, Both of them",dua_unemb,0.3,1,4,0.34583,0.18783,0.02381,0.02456,0.00209
296,"At home, Both of them",dua_unemb,0.5,1,5,0.50233,0.19762,0.04153,0.04131,0.00256
296,"At home, Both of them",dua_unemb,0.7,1,7,0.74225,0.22334,0.09409,0.09024,0.00446
296,"At home, Both of them",dua_unemb,0.9,1,10,0.9095,0.26338,0.20601,0.19384,0.00724
296,"At home, Both of them",dua_unemb,0.99,1,15,0.99084,0.32605,0.46837,0.4382,0.00957
296,"At home, Both of them",euc_dmd,0.3,1,3,0.3562,0.08804,0.22748,0.22656,0.23134
296,"At home, Both of them",euc_dmd,0.5,1,4,0.61991,0.08872,0.36826,0.36565,0.20385
296,"At home, Both of them",euc_dmd,0.7,1,5,0.8275,0.10936,0.54239,0.53734,0.27817
296,"At home, Both of them",euc_dmd,0.9,1,6,0.93356,0.14876,0.77054,0.76227,0.27677
296,"At home, Both of them",euc_dmd,0.99,1,8,0.99163,0.26592,1.4323,1.41518,0.30144
296,"At home, Both of them",cau_dmd,0.3,1,4,0.49751,0.08455,0.37686,0.37684,0.20539
296,"At home, Both of them",cau_dmd,0.5,1,5,0.71074,0.09009,0.56468,0.56284,0.27129
296,"At home, Both of them",cau_dmd,0.7,1,5,0.71074,0.09009,0.56468,0.56284,0.27129
296,"At home, Both of them",cau_dmd,0.9,1,7,0.93557,0.12533,1.13658,1.12858,0.28958
296,"At home, Both of them",cau_dmd,0.99,1,10,0.99483,0.17118,2.51138,2.48838,0.30966
296,"At home, Both of them",dua_dmd,0.3,1,4,0.45259,0.1755,0.04588,0.04644,0.00375
296,"At home, Both of them",dua_dmd,0.5,1,5,0.63465,0.18266,0.0729,0.07238,0.00439
296,"At home, Both of them",dua_dmd,0.7,1,6,0.77494,0.19198,0.10409,0.10202,0.00565
296,"At home, Both of them",dua_dmd,0.9,1,8,0.92898,0.21315,0.1763,0.17015,0.20955
296,"At home, Both of them",dua_dmd,0.99,1,12,0.99425,0.25404,0.35449,0.3378,0.2128
181,"At home, I sometimes",euc_ctx,0.3,1,20,0.34141,0.21827,1.61048,1.60905,0.20127
181,"At home, I sometimes",euc_ctx,0.5,1,22,0.56586,0.20954,1.77954,1.77419,0.19388
181,"At home, I sometimes",euc_ctx,0.7,1,24,0.76297,0.22675,1.88328,1.87313,0.1745
181,"At home, I sometimes",euc_ctx,0.9,1,27,0.92371,0.28378,1.99768,1.9788,0.15444
181,"At home, I sometimes",euc_ctx,0.99,1,32,0.99037,0.39308,2.2748,2.23824,0.15237
181,"At home, I sometimes",cau_ctx,0.3,1,40,0.35071,0.00669,5.94703,5.90416,0.20834
181,"At home, I sometimes",cau_ctx,0.5,1,43,0.52603,0.00361,6.75916,6.7063,0.20947
181,"At home, I sometimes",cau_ctx,0.7,1,47,0.74266,0.00196,7.71775,7.65155,0.21155
181,"At home, I sometimes",cau_ctx,0.9,1,52,0.90466,0.00119,8.77314,8.69045,0.21924
181,"At home, I sometimes",cau_ctx,0.99,1,62,0.99034,0.00064,10.65881,10.54653,0.22029
181,"At home, I sometimes",dua_ctx,0.3,1,39,0.30624,0.59304,0.77468,0.75485,0.04084
181,"At home, I sometimes",dua_ctx,0.5,1,51,0.5106,0.53963,1.38857,1.34311,0.044
181,"At home, I sometimes",dua_ctx,0.7,1,62,0.70029,0.49847,2.05207,1.97987,0.05302
181,"At home, I sometimes",dua_ctx,0.9,1,75,0.90319,0.46261,2.92011,2.81991,0.03787
181,"At home, I sometimes",dua_ctx,0.99,1,88,0.99208,0.45506,3.73006,3.61036,0.05344
181,"At home, I sometimes",euc_unemb,0.3,1,9,0.5831,0.36174,1.23903,1.239,0.19431
181,"At home, I sometimes",euc_unemb,0.5,1,9,0.5831,0.36174,1.23903,1.239,0.19431
181,"At home, I sometimes",euc_unemb,0.7,1,10,0.82138,0.43231,1.50718,1.50149,0.20801
181,"At home, I sometimes",euc_unemb,0.9,1,11,0.93729,0.52599,1.83668,1.82335,0.22032
181,"At home, I sometimes",euc_unemb,0.99,1,13,0.9935,0.64819,2.63808,2.60546,0.21623
181,"At home, I sometimes",cau_unemb,0.3,1,10,0.53688,0.29997,1.35046,1.35353,0.18928
181,"At home, I sometimes",cau_unemb,0.5,1,10,0.53688,0.29997,1.35046,1.35353,0.18928
181,"At home, I sometimes",cau_unemb,0.7,1,11,0.76187,0.34831,1.47978,1.47876,0.19536
181,"At home, I sometimes",cau_unemb,0.9,1,13,0.95936,0.50948,1.85645,1.84328,0.20522
181,"At home, I sometimes",cau_unemb,0.99,1,15,0.9941,0.61647,2.43828,2.40899,0.2041
181,"At home, I sometimes",dua_unemb,0.3,1,11,0.35054,0.69314,0.19416,0.19781,0.03855
181,"At home, I sometimes",dua_unemb,0.5,1,13,0.54241,0.70696,0.29999,0.3001,0.04137
181,"At home, I sometimes",dua_unemb,0.7,1,15,0.7043,0.72476,0.46439,0.45859,0.13398
181,"At home, I sometimes",dua_unemb,0.9,1,20,0.90846,0.7667,1.15109,1.12066,0.17754
181,"At home, I sometimes",dua_unemb,0.99,1,28,0.99034,0.8021,2.80924,2.7199,0.18883
181,"At home, I sometimes",euc_dmd,0.3,1,8,0.33473,0.2398,1.5502,1.55345,0.19867
181,"At home, I sometimes",euc_dmd,0.5,1,9,0.62009,0.24267,1.82096,1.82009,0.19355
181,"At home, I sometimes",euc_dmd,0.7,1,10,0.83945,0.29271,2.12515,2.11878,0.20302
181,"At home, I sometimes",euc_dmd,0.9,1,11,0.94311,0.37227,2.47302,2.45978,0.18556
181,"At home, I sometimes",euc_dmd,0.99,1,13,0.99389,0.53045,3.26607,3.23597,0.18824
181,"At home, I sometimes",cau_dmd,0.3,1,10,0.45041,0.18964,2.06772,2.07116,0.19304
181,"At home, I sometimes",cau_dmd,0.5,1,11,0.6795,0.18226,2.40267,2.40147,0.19063
181,"At home, I sometimes",cau_dmd,0.7,1,12,0.84447,0.18975,2.79104,2.78406,0.15968
181,"At home, I sometimes",cau_dmd,0.9,1,13,0.93235,0.20316,3.21475,3.20106,0.16406
181,"At home, I sometimes",cau_dmd,0.99,1,16,0.99538,0.23364,4.53741,4.5006,0.16679
181,"At home, I sometimes",dua_dmd,0.3,1,10,0.40752,0.63721,0.30665,0.31212,0.04633
181,"At home, I sometimes",dua_dmd,0.5,1,11,0.51384,0.63367,0.38385,0.38859,0.0492
181,"At home, I sometimes",dua_dmd,0.7,1,14,0.73074,0.63427,0.64831,0.64956,0.06336
181,"At home, I sometimes",dua_dmd,0.9,1,19,0.90588,0.65568,1.21233,1.20329,0.06955
181,"At home, I sometimes",dua_dmd,0.99,1,26,0.99058,0.69755,2.33642,2.29944,0.07549
205,"Honestly, Our customers rarely",euc_ctx,0.3,1,8,0.33265,0.50124,0.26043,0.26477,0.2057
205,"Honestly, Our customers rarely",euc_ctx,0.5,1,10,0.56402,0.50119,0.42333,0.42594,0.18286
205,"Honestly, Our customers rarely",euc_ctx,0.7,1,12,0.76996,0.52803,0.62351,0.62279,0.2513
205,"Honestly, Our customers rarely",euc_ctx,0.9,1,15,0.93251,0.58871,1.00254,0.9944,0.18592
205,"Honestly, Our customers rarely",euc_ctx,0.99,1,20,0.99301,0.65678,1.81034,1.78649,0.1881
205,"Honestly, Our customers rarely",cau_ctx,0.3,1,16,0.31035,0.56397,0.39229,0.39642,0.22589
205,"Honestly, Our customers rarely",cau_ctx,0.5,1,20,0.53412,0.54722,0.64704,0.64882,0.25762
205,"Honestly, Our customers rarely",cau_ctx,0.7,1,24,0.74532,0.54465,0.98394,0.98142,0.27198
205,"Honestly, Our customers rarely",cau_ctx,0.9,1,29,0.90447,0.54668,1.52283,1.51259,0.24219
205,"Honestly, Our customers rarely",cau_ctx,0.99,1,39,0.99006,0.50121,2.90453,2.87406,0.25751
205,"Honestly, Our customers rarely",dua_ctx,0.3,1,28,0.30924,0.55127,0.3896,0.38214,0.16002
205,"Honestly, Our customers rarely",dua_ctx,0.5,1,43,0.50378,0.51266,0.98981,0.96203,0.1652
205,"Honestly, Our customers rarely",dua_ctx,0.7,1,61,0.70389,0.46973,2.05131,1.991,0.21989
205,"Honestly, Our customers rarely",dua_ctx,0.9,1,83,0.90628,0.43888,4.27393,4.1771,0.20572
205,"Honestly, Our customers rarely",dua_ctx,0.99,1,97,0.99139,0.43458,6.05486,5.94161,0.209
205,"Honestly, Our customers rarely",euc_unemb,0.3,1,4,0.55065,0.54096,0.21851,0.22123,0.0245
205,"Honestly, Our customers rarely",euc_unemb,0.5,1,4,0.55065,0.54096,0.21851,0.22123,0.0245
205,"Honestly, Our customers rarely",euc_unemb,0.7,1,5,0.80346,0.60725,0.45173,0.45031,0.23491
205,"Honestly, Our customers rarely",euc_unemb,0.9,1,6,0.93203,0.67174,0.81583,0.80776,0.25809
205,"Honestly, Our customers rarely",euc_unemb,0.99,1,8,0.99363,0.73119,1.74678,1.72177,0.28029
205,"Honestly, Our customers rarely",cau_unemb,0.3,1,4,0.44477,0.48777,0.18243,0.18752,0.02486
205,"Honestly, Our customers rarely",cau_unemb,0.5,1,5,0.70244,0.53337,0.31522,0.31819,0.18004
205,"Honestly, Our customers rarely",cau_unemb,0.7,1,5,0.70244,0.53337,0.31522,0.31819,0.18004
205,"Honestly, Our customers rarely",cau_unemb,0.9,1,7,0.95342,0.65869,0.84438,0.83732,0.26111
205,"Honestly, Our customers rarely",cau_unemb,0.99,1,9,0.99435,0.71186,1.60744,1.58627,0.27221
205,"Honestly, Our customers rarely",dua_unemb,0.3,1,5,0.34537,0.59183,0.09148,0.09346,0.00686
205,"Honestly, Our customers rarely",dua_unemb,0.5,1,7,0.55373,0.60598,0.18852,0.18764,0.15968
205,"Honestly, Our customers rarely",dua_unemb,0.7,1,9,0.72493,0.62288,0.32621,0.32053,0.16882
205,"Honestly, Our customers rarely",dua_unemb,0.9,1,13,0.92247,0.65357,0.72914,0.70929,0.20136
205,"Honestly, Our customers rarely",dua_unemb,0.99,1,17,0.99028,0.67378,1.35738,1.31773,0.23446
205,"Honestly, Our customers rarely",euc_dmd,0.3,1,4,0.5582,0.50641,0.26522,0.26932,0.02796
205,"Honestly, Our customers rarely",euc_dmd,0.5,1,4,0.5582,0.50641,0.26522,0.26932,0.02796
205,"Honestly, Our customers rarely",euc_dmd,0.7,1,5,0.80757,0.58164,0.47984,0.48035,0.24203
205,"Honestly, Our customers rarely",euc_dmd,0.9,1,6,0.93301,0.66825,0.81698,0.8116,0.24328
205,"Honestly, Our customers rarely",euc_dmd,0.99,1,8,0.99346,0.77189,1.72385,1.70292,0.26828
205,"Honestly, Our customers rarely",cau_dmd,0.3,1,4,0.39123,0.44727,0.2365,0.24293,0.02936
205,"Honestly, Our customers rarely",cau_dmd,0.5,1,5,0.6366,0.47958,0.34987,0.35501,0.02819
205,"Honestly, Our customers rarely",cau_dmd,0.7,1,6,0.82545,0.54693,0.53051,0.53268,0.23899
205,"Honestly, Our customers rarely",cau_dmd,0.9,1,7,0.92667,0.62163,0.79709,0.79477,0.26615
205,"Honestly, Our customers rarely",cau_dmd,0.99,1,10,0.9956,0.74285,1.93629,1.91543,0.29249
205,"Honestly, Our customers rarely",dua_dmd,0.3,1,4,0.31508,0.57023,0.08405,0.08745,0.00843
205,"Honestly, Our customers rarely",dua_dmd,0.5,1,6,0.54695,0.56944,0.18568,0.18825,0.01164
205,"Honestly, Our customers rarely",dua_dmd,0.7,1,9,0.75292,0.57511,0.36327,0.36262,0.16387
205,"Honestly, Our customers rarely",dua_dmd,0.9,1,13,0.90175,0.58888,0.66596,0.65825,0.20859
205,"Honestly, Our customers rarely",dua_dmd,0.99,1,19,0.99036,0.6193,1.36257,1.33766,0.23945
1,"At work, Many people still",euc_ctx,0.3,1,13,0.36301,0.53174,0.36477,0.37455,0.0517
1,"At work, Many people still",euc_ctx,0.5,1,15,0.59022,0.537,0.48071,0.48874,0.07337
1,"At work, Many people still",euc_ctx,0.7,1,17,0.78432,0.57245,0.60316,0.60794,0.07906
1,"At work, Many people still",euc_ctx,0.9,1,19,0.90166,0.62269,0.74882,0.74909,0.08142
1,"At work, Many people still",euc_ctx,0.99,1,25,0.99316,0.73853,1.37104,1.35362,0.08754
1,"At work, Many people still",cau_ctx,0.3,1,24,0.33236,0.40113,0.91269,0.91962,0.1679
1,"At work, Many people still",cau_ctx,0.5,1,27,0.51239,0.30347,1.32946,1.33229,0.18215
1,"At work, Many people still",cau_ctx,0.7,1,31,0.74105,0.21108,1.96798,1.96321,0.18286
1,"At work, Many people still",cau_ctx,0.9,1,36,0.91002,0.14646,2.8014,2.78515,0.19709
1,"At work, Many people still",cau_ctx,0.99,1,45,0.99019,0.09006,4.29912,4.26021,0.20805
1,"At work, Many people still",dua_ctx,0.3,1,36,0.3007,0.6374,0.57206,0.5621,0.01619
1,"At work, Many people still",dua_ctx,0.5,1,53,0.5064,0.59149,1.29356,1.25682,0.05018
1,"At work, Many people still",dua_ctx,0.7,1,69,0.71115,0.54731,2.19128,2.12491,0.05272
1,"At work, Many people still",dua_ctx,0.9,1,86,0.90783,0.51142,3.30232,3.20927,0.17509
1,"At work, Many people still",dua_ctx,0.99,1,102,0.99183,0.50314,4.21357,4.10155,0.18266
1,"At work, Many people still",euc_unemb,0.3,1,6,0.44919,0.51816,0.36994,0.37519,0.21876
1,"At work, Many people still",euc_unemb,0.5,1,7,0.70368,0.52984,0.548,0.54949,0.23874
1,"At work, Many people still",euc_unemb,0.7,1,7,0.70368,0.52984,0.548,0.54949,0.23874
1,"At work, Many people still",euc_unemb,0.9,1,9,0.95255,0.58452,1.08663,1.07506,0.19336
1,"At work, Many people still",euc_unemb,0.99,1,11,0.9941,0.60227,1.76241,1.73436,0.19625
1,"At work, Many people still",cau_unemb,0.3,1,6,0.32694,0.4926,0.35343,0.3622,0.07169
1,"At work, Many people still",cau_unemb,0.5,1,7,0.56124,0.49082,0.46507,0.47204,0.13943
1,"At work, Many people still",cau_unemb,0.7,1,8,0.77026,0.51958,0.60027,0.60377,0.22701
1,"At work, Many people still",cau_unemb,0.9,1,10,0.95772,0.59999,0.99433,0.98698,0.22921
1,"At work, Many people still",cau_unemb,0.99,1,12,0.99334,0.64152,1.51712,1.49627,0.23018
1,"At work, Many people still",dua_unemb,0.3,1,9,0.35483,0.67888,0.14015,0.14156,0.07089
1,"At work, Many people still",dua_unemb,0.5,1,12,0.54355,0.69045,0.28816,0.28318,0.07388
1,"At work, Many people still",dua_unemb,0.7,1,16,0.71477,0.705,0.57664,0.55877,0.07731
1,"At work, Many people still",dua_unemb,0.9,1,23,0.91187,0.71868,1.30165,1.25226,0.08021
1,"At work, Many people still",dua_unemb,0.99,1,29,0.99173,0.72354,2.18408,2.09983,0.09277
1,"At work, Many people still",euc_dmd,0.3,1,6,0.5124,0.44855,0.59447,0.60252,0.15298
1,"At work, Many people still",euc_dmd,0.5,1,6,0.5124,0.44855,0.59447,0.60252,0.15298
1,"At work, Many people still",euc_dmd,0.7,1,7,0.75674,0.45956,0.81505,0.81925,0.18487
1,"At work, Many people still",euc_dmd,0.9,1,8,0.90122,0.48959,1.09293,1.09148,0.18419
1,"At work, Many people still",euc_dmd,0.99,1,11,0.99542,0.52953,2.17799,2.15397,0.19085
1,"At work, Many people still",cau_dmd,0.3,1,6,0.32343,0.43619,0.62325,0.63584,0.12287
1,"At work, Many people still",cau_dmd,0.5,1,7,0.54626,0.42401,0.77845,0.78959,0.16511
1,"At work, Many people still",cau_dmd,0.7,1,8,0.74918,0.44228,0.96256,0.97082,0.18809
1,"At work, Many people still",cau_dmd,0.9,1,10,0.94639,0.51033,1.46582,1.46481,0.18603
1,"At work, Many people still",cau_dmd,0.99,1,12,0.99007,0.54708,2.11518,2.10211,0.18893
1,"At work, Many people still",dua_dmd,0.3,1,7,0.35324,0.64665,0.18242,0.18835,0.06104
1,"At work, Many people still",dua_dmd,0.5,1,9,0.55713,0.64165,0.3212,0.32587,0.06435
1,"At work, Many people still",dua_dmd,0.7,1,11,0.7023,0.64183,0.47842,0.48076,0.07293
1,"At work, Many people still",dua_dmd,0.9,1,16,0.91357,0.65247,0.98267,0.97536,0.08107
1,"At work, Many people still",dua_dmd,0.99,1,21,0.99189,0.6763,1.85165,1.82719,0.18565
260,"Usually, Our customers typically",euc_ctx,0.3,1,10,0.38448,0.56302,0.23101,0.23787,0.10312
260,"Usually, Our customers typically",euc_ctx,0.5,1,12,0.59522,0.58085,0.36168,0.36718,0.11115
260,"Usually, Our customers typically",euc_ctx,0.7,1,14,0.77577,0.61746,0.53035,0.53306,0.1362
260,"Usually, Our customers typically",euc_ctx,0.9,1,17,0.92572,0.68141,0.85475,0.85112,0.14023
260,"Usually, Our customers typically",euc_ctx,0.99,1,22,0.99052,0.75321,1.5332,1.51602,0.12176
260,"Usually, Our customers typically",cau_ctx,0.3,1,19,0.33221,0.58974,0.40602,0.41374,0.13326
260,"Usually, Our customers typically",cau_ctx,0.5,1,23,0.5361,0.54545,0.68285,0.68842,0.10895
260,"Usually, Our customers typically",cau_ctx,0.7,1,27,0.72823,0.48885,1.07035,1.07165,0.10916
260,"Usually, Our customers typically",cau_ctx,0.9,1,33,0.90434,0.3941,1.82386,1.81561,0.13087
260,"Usually, Our customers typically",cau_ctx,0.99,1,45,0.9917,0.22433,3.67562,3.64259,0.13681
260,"Usually, Our customers typically",dua_ctx,0.3,1,33,0.30791,0.59115,0.55677,0.55323,0.10994
260,"Usually, Our customers typically",dua_ctx,0.5,1,49,0.5042,0.5539,1.39215,1.37087,0.0393
260,"Usually, Our customers typically",dua_ctx,0.7,1,64,0.71085,0.50958,2.58393,2.53968,0.0489
260,"Usually, Our customers typically",dua_ctx,0.9,1,80,0.90862,0.47254,4.14327,4.07165,0.06498
260,"Usually, Our customers typically",dua_ctx,0.99,1,95,0.9917,0.46448,5.80416,5.70998,0.06877
260,"Usually, Our customers typically",euc_unemb,0.3,1,4,0.34229,0.53667,0.16199,0.1666,0.09674
260,"Usually, Our customers typically",euc_unemb,0.5,1,5,0.59425,0.56526,0.2968,0.29959,0.13244
260,"Usually, Our customers typically",euc_unemb,0.7,1,6,0.80515,0.61977,0.51575,0.5146,0.13974
260,"Usually, Our customers typically",euc_unemb,0.9,1,7,0.92112,0.67246,0.81837,0.81143,0.16415
260,"Usually, Our customers typically",euc_unemb,0.99,1,10,0.99623,0.72959,1.98275,1.95324,0.15734
260,"Usually, Our customers typically",cau_unemb,0.3,1,5,0.48454,0.49592,0.2277,0.23292,0.11419
260,"Usually, Our customers typically",cau_unemb,0.5,1,6,0.70511,0.53796,0.34159,0.34473,0.12733
260,"Usually, Our customers typically",cau_unemb,0.7,1,6,0.70511,0.53796,0.34159,0.34473,0.12733
260,"Usually, Our customers typically",cau_unemb,0.9,1,8,0.93878,0.65299,0.73221,0.72677,0.14751
260,"Usually, Our customers typically",cau_unemb,0.99,1,11,0.99587,0.72202,1.62856,1.60444,0.13166
260,"Usually, Our customers typically",dua_unemb,0.3,1,6,0.34739,0.61553,0.09377,0.09674,0.08825
260,"Usually, Our customers typically",dua_unemb,0.5,1,8,0.52457,0.62631,0.18165,0.18211,0.09883
260,"Usually, Our customers typically",dua_unemb,0.7,1,11,0.73041,0.64549,0.38638,0.38001,0.10502
260,"Usually, Our customers typically",dua_unemb,0.9,1,16,0.91079,0.67542,0.9543,0.93029,0.12897
260,"Usually, Our customers typically",dua_unemb,0.99,1,23,0.99413,0.70888,2.20745,2.14927,0.14655
260,"Usually, Our customers typically",euc_dmd,0.3,1,4,0.3655,0.47435,0.23108,0.23717,0.13254
260,"Usually, Our customers typically",euc_dmd,0.5,1,5,0.62302,0.50128,0.37139,0.37594,0.12376
260,"Usually, Our customers typically",euc_dmd,0.7,1,6,0.8256,0.56437,0.57838,0.57944,0.1509
260,"Usually, Our customers typically",euc_dmd,0.9,1,7,0.93113,0.63338,0.86449,0.86034,0.14987
260,"Usually, Our customers typically",euc_dmd,0.99,1,9,0.99088,0.71866,1.60238,1.58483,0.1704
260,"Usually, Our customers typically",cau_dmd,0.3,1,5,0.44948,0.41734,0.33596,0.34314,0.15568
260,"Usually, Our customers typically",cau_dmd,0.5,1,6,0.66397,0.44559,0.43799,0.44385,0.13664
260,"Usually, Our customers typically",cau_dmd,0.7,1,7,0.82575,0.50005,0.58157,0.58482,0.1482
260,"Usually, Our customers typically",cau_dmd,0.9,1,8,0.91844,0.56122,0.78306,0.78255,0.146
260,"Usually, Our customers typically",cau_dmd,0.99,1,11,0.99305,0.6684,1.66119,1.64497,0.15534
260,"Usually, Our customers typically",dua_dmd,0.3,1,5,0.35468,0.58627,0.11491,0.11986,0.01188
260,"Usually, Our customers typically",dua_dmd,0.5,1,7,0.59934,0.57928,0.24966,0.25405,0.02631
260,"Usually, Our customers typically",dua_dmd,0.7,1,9,0.7732,0.5782,0.42144,0.42393,0.02945
260,"Usually, Our customers typically",dua_dmd,0.9,1,12,0.90564,0.58616,0.71339,0.71129,0.03312
260,"Usually, Our customers typically",dua_dmd,0.99,1,18,0.9901,0.62485,1.43474,1.41786,0.04084
3,"In this case, They sometimes",euc_ctx,0.3,1,11,0.37609,0.25262,0.6356,0.63739,0.15984
3,"In this case, They sometimes",euc_ctx,0.5,1,13,0.59469,0.24569,0.78705,0.78685,0.17354
3,"In this case, They sometimes",euc_ctx,0.7,1,15,0.78077,0.26922,0.89498,0.8921,0.16304
3,"In this case, They sometimes",euc_ctx,0.9,1,18,0.93039,0.3474,1.02362,1.01552,0.14077
3,"In this case, They sometimes",euc_ctx,0.99,1,23,0.99156,0.51385,1.35137,1.33181,0.13465
3,"In this case, They sometimes",cau_ctx,0.3,1,21,0.32978,0.24357,0.93043,0.93251,0.16997
3,"In this case, They sometimes",cau_ctx,0.5,1,25,0.54726,0.19904,1.31113,1.30964,0.17694
3,"In this case, They sometimes",cau_ctx,0.7,1,28,0.70339,0.17709,1.62643,1.6212,0.16668
3,"In this case, They sometimes",cau_ctx,0.9,1,34,0.90108,0.14473,2.36105,2.34577,0.16866
3,"In this case, They sometimes",cau_ctx,0.99,1,45,0.99061,0.08978,4.0679,4.02831,0.17268
3,"In this case, They sometimes",dua_ctx,0.3,1,31,0.31464,0.51839,0.42944,0.42198,0.02268
3,"In this case, They sometimes",dua_ctx,0.5,1,44,0.50771,0.4904,0.92449,0.90041,0.02769
3,"In this case, They sometimes",dua_ctx,0.7,1,58,0.71211,0.46379,1.63202,1.58475,0.0465
3,"In this case, They sometimes",dua_ctx,0.9,1,74,0.90278,0.44715,2.61059,2.53561,0.03889
3,"In this case, They sometimes",dua_ctx,0.99,1,89,0.99011,0.45029,3.6972,3.60196,0.06065
3,"In this case, They sometimes",euc_unemb,0.3,1,5,0.50976,0.33953,0.47144,0.47271,0.17092
3,"In this case, They sometimes",euc_unemb,0.5,1,5,0.50976,0.33953,0.47144,0.47271,0.17092
3,"In this case, They sometimes",euc_unemb,0.7,1,6,0.75877,0.38576,0.65883,0.65692,0.19138
3,"In this case, They sometimes",euc_unemb,0.9,1,7,0.90515,0.46724,0.90243,0.89569,0.18785
3,"In this case, They sometimes",euc_unemb,0.99,1,10,0.9963,0.65145,1.98134,1.95294,0.19368
3,"In this case, They sometimes",cau_unemb,0.3,1,5,0.38808,0.30511,0.43351,0.43715,0.16375
3,"In this case, They sometimes",cau_unemb,0.5,1,6,0.63106,0.3196,0.56314,0.56502,0.17199
3,"In this case, They sometimes",cau_unemb,0.7,1,7,0.82166,0.37403,0.70328,0.70224,0.18033
3,"In this case, They sometimes",cau_unemb,0.9,1,8,0.92529,0.45172,0.87706,0.8719,0.18199
3,"In this case, They sometimes",cau_unemb,0.99,1,11,0.99579,0.63501,1.68373,1.66088,0.18394
3,"In this case, They sometimes",dua_unemb,0.3,1,7,0.37124,0.56687,0.11621,0.11813,0.02428
3,"In this case, They sometimes",dua_unemb,0.5,1,9,0.56905,0.58244,0.22457,0.22309,0.02058
3,"In this case, They sometimes",dua_unemb,0.7,1,11,0.71838,0.60053,0.38435,0.37734,0.03274
3,"In this case, They sometimes",dua_unemb,0.9,1,16,0.90082,0.64183,0.97362,0.94737,0.04281
3,"In this case, They sometimes",dua_unemb,0.99,1,24,0.99376,0.6995,2.36759,2.30047,0.12748
3,"In this case, They sometimes",euc_dmd,0.3,1,5,0.56669,0.26025,0.72924,0.73025,0.18718
3,"In this case, They sometimes",euc_dmd,0.5,1,5,0.56669,0.26025,0.72924,0.73025,0.18718
3,"In this case, They sometimes",euc_dmd,0.7,1,6,0.8014,0.29914,0.92772,0.92544,0.19414
3,"In this case, They sometimes",euc_dmd,0.9,1,7,0.92513,0.37456,1.14793,1.14113,0.1877
3,"In this case, They sometimes",euc_dmd,0.99,1,9,0.99121,0.54099,1.73833,1.71935,0.1719
3,"In this case, They sometimes",cau_dmd,0.3,1,5,0.38502,0.2428,0.69593,0.70032,0.1922
3,"In this case, They sometimes",cau_dmd,0.5,1,6,0.61658,0.24354,0.8575,0.86013,0.19331
3,"In this case, They sometimes",cau_dmd,0.7,1,7,0.80259,0.27601,1.01785,1.01782,0.1918
3,"In this case, They sometimes",cau_dmd,0.9,1,8,0.9101,0.32958,1.20452,1.20094,0.16753
3,"In this case, They sometimes",cau_dmd,0.99,1,11,0.99309,0.4825,2.03467,2.01581,0.15355
3,"In this case, They sometimes",dua_dmd,0.3,1,6,0.43741,0.52647,0.17728,0.18028,0.03583
3,"In this case, They sometimes",dua_dmd,0.5,1,7,0.58768,0.52473,0.26356,0.26581,0.03877
3,"In this case, They sometimes",dua_dmd,0.7,1,8,0.71977,0.52586,0.37027,0.3713,0.03986
3,"In this case, They sometimes",dua_dmd,0.9,1,11,0.92789,0.53915,0.79403,0.78917,0.04266
3,"In this case, They sometimes",dua_dmd,0.99,1,15,0.9903,0.56608,1.50469,1.48793,0.04154
280,"Over time, People now",euc_ctx,0.3,1,8,0.38613,0.4847,0.27364,0.27888,0.07739
280,"Over time, People now",euc_ctx,0.5,1,10,0.61004,0.49008,0.43446,0.43828,0.07527
280,"Over time, People now",euc_ctx,0.7,1,11,0.71158,0.50354,0.52626,0.52884,0.07761
280,"Over time, People now",euc_ctx,0.9,1,14,0.90636,0.56927,0.84825,0.84535,0.08264
280,"Over time, People now",euc_ctx,0.99,1,20,0.99332,0.68757,1.68649,1.66812,0.08442
280,"Over time, People now",cau_ctx,0.3,1,15,0.34834,0.52161,0.35163,0.3587,0.07698
280,"Over time, People now",cau_ctx,0.5,1,18,0.51883,0.50932,0.522,0.52818,0.08014
280,"Over time, People now",cau_ctx,0.7,1,22,0.7345,0.50804,0.81329,0.81664,0.08549
280,"Over time, People now",cau_ctx,0.9,1,27,0.90113,0.51525,1.28837,1.28583,0.08694
280,"Over time, People now",cau_ctx,0.99,1,37,0.99065,0.48456,2.56386,2.54438,0.21877
280,"Over time, People now",dua_ctx,0.3,1,31,0.31061,0.55884,0.40008,0.39391,0.02861
280,"Over time, People now",dua_ctx,0.5,1,49,0.50232,0.54317,1.05202,1.02404,0.0684
280,"Over time, People now",dua_ctx,0.7,1,69,0.70063,0.52248,2.27418,2.21384,0.08065
280,"Over time, People now",dua_ctx,0.9,1,92,0.90759,0.51204,4.24995,4.1561,0.08963
280,"Over time, People now",dua_ctx,0.99,1,107,0.99176,0.51532,5.79802,5.68752,0.08911
280,"Over time, People now",euc_unemb,0.3,1,4,0.46658,0.47043,0.2321,0.23446,0.04235
280,"Over time, People now",euc_unemb,0.5,1,5,0.7043,0.48666,0.40331,0.40278,0.06722
280,"Over time, People now",euc_unemb,0.7,1,5,0.7043,0.48666,0.40331,0.40278,0.06722
280,"Over time, People now",euc_unemb,0.9,1,7,0.94695,0.53018,0.97787,0.96629,0.07503
280,"Over time, People now",euc_unemb,0.99,1,9,0.99268,0.52601,1.76472,1.73844,0.17853
280,"Over time, People now",cau_unemb,0.3,1,4,0.41752,0.4296,0.22608,0.23006,0.05136
280,"Over time, People now",cau_unemb,0.5,1,5,0.64705,0.43935,0.34724,0.34948,0.06745
280,"Over time, People now",cau_unemb,0.7,1,6,0.8239,0.47143,0.50794,0.50694,0.0572
280,"Over time, People now",cau_unemb,0.9,1,7,0.92254,0.50724,0.72136,0.71586,0.0762
280,"Over time, People now",cau_unemb,0.99,1,10,0.99483,0.54922,1.60854,1.58536,0.08465
280,"Over time, People now",dua_unemb,0.3,1,7,0.36709,0.57576,0.15586,0.15592,0.03028
280,"Over time, People now",dua_unemb,0.5,1,10,0.54006,0.58801,0.33326,0.32746,0.04519
280,"Over time, People now",dua_unemb,0.7,1,15,0.72862,0.60839,0.7867,0.76594,0.05412
280,"Over time, People now",dua_unemb,0.9,1,24,0.90462,0.635,2.20153,2.13974,0.05824
280,"Over time, People now",dua_unemb,0.99,1,33,0.99075,0.64588,4.32335,4.2164,0.05955
280,"Over time, People now",euc_dmd,0.3,1,3,0.32274,0.44698,0.18918,0.19432,0.05195
280,"Over time, People now",euc_dmd,0.5,1,4,0.5929,0.44804,0.34703,0.35084,0.05157
280,"Over time, People now",euc_dmd,0.7,1,5,0.81584,0.48637,0.57791,0.57827,0.07741
280,"Over time, People now",euc_dmd,0.9,1,6,0.93051,0.53569,0.88657,0.88171,0.0828
280,"Over time, People now",euc_dmd,0.99,1,8,0.9917,0.60004,1.65537,1.63721,0.09382
280,"Over time, People now",cau_dmd,0.3,1,4,0.50757,0.39918,0.35407,0.36027,0.05839
280,"Over time, People now",cau_dmd,0.5,1,4,0.50757,0.39918,0.35407,0.36027,0.05839
280,"Over time, People now",cau_dmd,0.7,1,5,0.73682,0.41067,0.55971,0.56371,0.07001
280,"Over time, People now",cau_dmd,0.9,1,7,0.95178,0.46199,1.17475,1.16994,0.0903
280,"Over time, People now",cau_dmd,0.99,1,9,0.99244,0.47734,1.95686,1.94014,0.19412
280,"Over time, People now",dua_dmd,0.3,1,5,0.40696,0.54694,0.16914,0.17329,0.0093
280,"Over time, People now",dua_dmd,0.5,1,6,0.52442,0.5434,0.24722,0.2509,0.01104
280,"Over time, People now",dua_dmd,0.7,1,8,0.72564,0.5427,0.43522,0.43667,0.06202
280,"Over time, People now",dua_dmd,0.9,1,11,0.91276,0.55372,0.78687,0.78222,0.0705
280,"Over time, People now",dua_dmd,0.99,1,15,0.99017,0.57668,1.42313,1.40666,0.08339
13,"At home, You really",euc_ctx,0.3,1,13,0.33607,0.14783,0.49228,0.49373,0.22719
13,"At home, You really",euc_ctx,0.5,1,15,0.53742,0.14964,0.55873,0.55949,0.23573
13,"At home, You really",euc_ctx,0.7,1,17,0.72693,0.17186,0.59319,0.59294,0.2336
13,"At home, You really",euc_ctx,0.9,1,20,0.90194,0.24386,0.63363,0.63105,0.2342
13,"At home, You really",euc_ctx,0.99,1,26,0.99079,0.45613,0.97051,0.95926,0.18083
13,"At home, You really",cau_ctx,0.3,1,24,0.34608,0.19878,0.78098,0.78763,0.28841
13,"At home, You really",cau_ctx,0.5,1,27,0.50925,0.16535,1.10274,1.10712,0.24654
13,"At home, You really",cau_ctx,0.7,1,31,0.71707,0.12599,1.66395,1.6634,0.2427
13,"At home, You really",cau_ctx,0.9,1,37,0.90516,0.08121,2.70533,2.69432,0.24957
13,"At home, You really",cau_ctx,0.99,1,48,0.99022,0.03496,4.85268,4.81869,0.2737
13,"At home, You really",dua_ctx,0.3,1,36,0.3075,0.38686,0.28306,0.27208,0.0064
13,"At home, You really",dua_ctx,0.5,1,52,0.50272,0.382,0.58841,0.55666,0.0113
13,"At home, You really",dua_ctx,0.7,1,72,0.70807,0.38489,1.08492,1.02342,0.01451
13,"At home, You really",dua_ctx,0.9,1,105,0.90188,0.39417,2.31154,2.21476,0.02604
13,"At home, You really",dua_ctx,0.99,1,126,0.99072,0.40203,3.46485,3.35075,0.08812
13,"At home, You really",euc_unemb,0.3,1,7,0.50312,0.10018,0.74169,0.73208,0.26197
13,"At home, You really",euc_unemb,0.5,1,7,0.50312,0.10018,0.74169,0.73208,0.26197
13,"At home, You really",euc_unemb,0.7,1,8,0.7098,0.11195,0.80243,0.79037,0.27141
13,"At home, You really",euc_unemb,0.9,1,10,0.93472,0.18911,0.90556,0.88742,0.25301
13,"At home, You really",euc_unemb,0.99,1,13,0.99511,0.36989,1.42088,1.38856,0.23762
13,"At home, You really",cau_unemb,0.3,1,7,0.40686,0.08465,0.80986,0.80215,0.27013
13,"At home, You really",cau_unemb,0.5,1,8,0.60277,0.0851,0.87356,0.86381,0.26917
13,"At home, You really",cau_unemb,0.7,1,9,0.76938,0.09744,0.89866,0.88673,0.26893
13,"At home, You really",cau_unemb,0.9,1,11,0.9406,0.15846,0.91664,0.89969,0.258
13,"At home, You really",cau_unemb,0.99,1,14,0.99367,0.32032,1.13128,1.10401,0.25129
13,"At home, You really",dua_unemb,0.3,1,11,0.34311,0.43164,0.11917,0.1119,0.00324
13,"At home, You really",dua_unemb,0.5,1,16,0.52888,0.45076,0.27124,0.24919,0.00612
13,"At home, You really",dua_unemb,0.7,1,23,0.70564,0.47146,0.58844,0.53915,0.01893
13,"At home, You really",dua_unemb,0.9,1,38,0.90292,0.50243,1.92964,1.82041,0.23728
13,"At home, You really",dua_unemb,0.99,1,50,0.99123,0.52215,3.31918,3.18648,0.25487
13,"At home, You really",euc_dmd,0.3,1,6,0.48437,0.06388,1.02198,1.01572,0.29
13,"At home, You really",euc_dmd,0.5,1,7,0.7164,0.06873,1.1352,1.12649,0.29218
13,"At home, You really",euc_dmd,0.7,1,7,0.7164,0.06873,1.1352,1.12649,0.29218
13,"At home, You really",euc_dmd,0.9,1,9,0.94591,0.1216,1.28123,1.26668,0.28401
13,"At home, You really",euc_dmd,0.99,1,11,0.9913,0.22426,1.54143,1.51905,0.28145
13,"At home, You really",cau_dmd,0.3,1,6,0.40199,0.05223,1.1355,1.13266,0.29851
13,"At home, You really",cau_dmd,0.5,1,7,0.62403,0.04981,1.2797,1.27495,0.30022
13,"At home, You really",cau_dmd,0.7,1,8,0.80088,0.05637,1.37994,1.37305,0.29857
13,"At home, You really",cau_dmd,0.9,1,9,0.90539,0.07052,1.46572,1.45638,0.29248
13,"At home, You really",cau_dmd,0.99,1,12,0.99154,0.13855,1.915,1.89538,0.18555
13,"At home, You really",dua_dmd,0.3,1,8,0.36139,0.39414,0.13918,0.14016,0.16163
13,"At home, You really",dua_dmd,0.5,1,10,0.51673,0.39663,0.21544,0.21306,0.16253
13,"At home, You really",dua_dmd,0.7,1,14,0.70729,0.40975,0.4107,0.39855,0.22436
13,"At home, You really",dua_dmd,0.9,1,24,0.90312,0.44037,1.4541,1.40765,0.23366
13,"At home, You really",dua_dmd,0.99,1,33,0.99313,0.46953,2.72152,2.64112,0.23531
186,"Over time, Both of them still",euc_ctx,0.3,1,5,0.30659,0.25248,0.13469,0.13627,0.15177
186,"Over time, Both of them still",euc_ctx,0.5,1,7,0.52883,0.23411,0.21017,0.21113,0.15545
186,"Over time, Both of them still",euc_ctx,0.7,1,9,0.74008,0.25016,0.26679,0.26643,0.15255
186,"Over time, Both of them still",euc_ctx,0.9,1,12,0.91987,0.32637,0.35103,0.34748,0.1514
186,"Over time, Both of them still",euc_ctx,0.99,1,17,0.99145,0.5059,0.6658,0.6539,0.0271
186,"Over time, Both of them still",cau_ctx,0.3,1,10,0.34307,0.26022,0.17835,0.18163,0.15043
186,"Over time, Both of them still",cau_ctx,0.5,1,13,0.52548,0.25033,0.26567,0.26869,0.15539
186,"Over time, Both of them still",cau_ctx,0.7,1,16,0.70205,0.2629,0.3608,0.36295,0.15723
186,"Over time, Both of them still",cau_ctx,0.9,1,22,0.91536,0.33993,0.62711,0.62553,0.14444
186,"Over time, Both of them still",cau_ctx,0.99,1,31,0.99102,0.47118,1.38837,1.37618,0.20137
186,"Over time, Both of them still",dua_ctx,0.3,1,18,0.31293,0.38049,0.13584,0.13486,0.00811
186,"Over time, Both of them still",dua_ctx,0.5,1,29,0.51493,0.36449,0.36077,0.35166,0.01366
186,"Over time, Both of them still",dua_ctx,0.7,1,42,0.70903,0.36176,0.75571,0.73133,0.01803
186,"Over time, Both of them still",dua_ctx,0.9,1,61,0.90676,0.37904,1.56377,1.51129,0.02464
186,"Over time, Both of them still",dua_ctx,0.99,1,75,0.99065,0.3999,2.3227,2.25136,0.02617
186,"Over time, Both of them still",euc_unemb,0.3,1,3,0.453,0.28951,0.14395,0.14366,0.14237
186,"Over time, Both of them still",euc_unemb,0.5,1,4,0.69165,0.31472,0.22968,0.22746,0.14485
186,"Over time, Both of them still",euc_unemb,0.7,1,5,0.85923,0.37722,0.35584,0.35052,0.14759
186,"Over time, Both of them still",euc_unemb,0.9,1,6,0.94345,0.45661,0.55252,0.54287,0.02228
186,"Over time, Both of them still",euc_unemb,0.99,1,8,0.99214,0.5768,1.18738,1.16596,0.07178
186,"Over time, Both of them still",cau_unemb,0.3,1,3,0.41197,0.2875,0.11879,0.12011,0.1426
186,"Over time, Both of them still",cau_unemb,0.5,1,4,0.63835,0.30436,0.17395,0.17422,0.14325
186,"Over time, Both of them still",cau_unemb,0.7,1,5,0.81588,0.35711,0.2463,0.24458,0.14427
186,"Over time, Both of them still",cau_unemb,0.9,1,6,0.91723,0.43277,0.36513,0.36043,0.01913
186,"Over time, Both of them still",cau_unemb,0.99,1,9,0.99412,0.61981,1.10636,1.08761,0.07279
186,"Over time, Both of them still",dua_unemb,0.3,1,4,0.31664,0.4261,0.0503,0.05097,0.00819
186,"Over time, Both of them still",dua_unemb,0.5,1,7,0.56687,0.45208,0.17689,0.17347,0.01228
186,"Over time, Both of them still",dua_unemb,0.7,1,10,0.71485,0.47982,0.37391,0.3636,0.01619
186,"Over time, Both of them still",dua_unemb,0.9,1,18,0.91489,0.54419,1.12909,1.09317,0.02217
186,"Over time, Both of them still",dua_unemb,0.99,1,26,0.99366,0.59684,2.25636,2.18702,0.0241
186,"Over time, Both of them still",euc_dmd,0.3,1,3,0.52976,0.23023,0.23507,0.23418,0.15401
186,"Over time, Both of them still",euc_dmd,0.5,1,3,0.52976,0.23023,0.23507,0.23418,0.15401
186,"Over time, Both of them still",euc_dmd,0.7,1,4,0.76937,0.25169,0.32776,0.3245,0.1588
186,"Over time, Both of them still",euc_dmd,0.9,1,5,0.90765,0.31051,0.43992,0.43333,0.1586
186,"Over time, Both of them still",euc_dmd,0.99,1,8,0.99587,0.54418,1.11561,1.09394,0.04312
186,"Over time, Both of them still",cau_dmd,0.3,1,3,0.46205,0.22576,0.2147,0.2159,0.15262
186,"Over time, Both of them still",cau_dmd,0.5,1,4,0.69137,0.23405,0.28174,0.28162,0.15361
186,"Over time, Both of them still",cau_dmd,0.7,1,5,0.85149,0.2751,0.35428,0.35207,0.15271
186,"Over time, Both of them still",cau_dmd,0.9,1,6,0.93517,0.33853,0.46171,0.45667,0.15683
186,"Over time, Both of them still",cau_dmd,0.99,1,9,0.99529,0.5379,1.09651,1.0789,0.05549
186,"Over time, Both of them still",dua_dmd,0.3,1,3,0.34508,0.40803,0.05409,0.05501,0.00824
186,"Over time, Both of them still",dua_dmd,0.5,1,5,0.62238,0.41348,0.16117,0.16019,0.01284
186,"Over time, Both of them still",dua_dmd,0.7,1,6,0.72521,0.41912,0.22884,0.22631,0.01376
186,"Over time, Both of them still",dua_dmd,0.9,1,9,0.90977,0.44175,0.47531,0.46655,0.01664
186,"Over time, Both of them still",dua_dmd,0.99,1,14,0.99103,0.48205,1.01874,0.99674,0.02119
272,"Honestly, Parents typically",euc_ctx,0.3,1,12,0.35597,0.35182,0.50889,0.51356,0.03249
272,"Honestly, Parents typically",euc_ctx,0.5,1,14,0.59684,0.36554,0.67742,0.67984,0.22221
272,"Honestly, Parents typically",euc_ctx,0.7,1,15,0.7072,0.38591,0.76753,0.76829,0.237
272,"Honestly, Parents typically",euc_ctx,0.9,1,18,0.91176,0.47813,1.10506,1.09884,0.26404
272,"Honestly, Parents typically",euc_ctx,0.99,1,23,0.99093,0.60671,1.94913,1.92666,0.26563
272,"Honestly, Parents typically",cau_ctx,0.3,1,23,0.31478,0.38331,0.9638,0.97022,0.20714
272,"Honestly, Parents typically",cau_ctx,0.5,1,27,0.55018,0.28082,1.5749,1.57576,0.22762
272,"Honestly, Parents typically",cau_ctx,0.7,1,30,0.71671,0.21456,2.15383,2.14854,0.23352
272,"Honestly, Parents typically",cau_ctx,0.9,1,36,0.91389,0.12584,3.48582,3.46518,0.24404
272,"Honestly, Parents typically",cau_ctx,0.99,1,46,0.99099,0.05603,5.88458,5.83493,0.25509
272,"Honestly, Parents typically",dua_ctx,0.3,1,32,0.31409,0.47827,0.60452,0.59197,0.01437
272,"Honestly, Parents typically",dua_ctx,0.5,1,45,0.50818,0.44534,1.32348,1.28607,0.01498
272,"Honestly, Parents typically",dua_ctx,0.7,1,59,0.71255,0.41663,2.30689,2.2372,0.02196
272,"Honestly, Parents typically",dua_ctx,0.9,1,77,0.9013,0.39633,3.76198,3.65771,0.05646
272,"Honestly, Parents typically",dua_ctx,0.99,1,99,0.99154,0.38389,5.43386,5.3066,0.06053
272,"Honestly, Parents typically",euc_unemb,0.3,1,5,0.35745,0.33073,0.42668,0.43014,0.07621
272,"Honestly, Parents typically",euc_unemb,0.5,1,6,0.65077,0.35352,0.62297,0.62333,0.22028
272,"Honestly, Parents typically",euc_unemb,0.7,1,7,0.86183,0.41323,0.90954,0.90445,0.2375
272,"Honestly, Parents typically",euc_unemb,0.9,1,8,0.95422,0.47376,1.31036,1.29778,0.25891
272,"Honestly, Parents typically",euc_unemb,0.99,1,10,0.99568,0.53057,2.34633,2.31536,0.2742
272,"Honestly, Parents typically",cau_unemb,0.3,1,6,0.51191,0.28696,0.62635,0.63096,0.26023
272,"Honestly, Parents typically",cau_unemb,0.5,1,6,0.51191,0.28696,0.62635,0.63096,0.26023
272,"Honestly, Parents typically",cau_unemb,0.7,1,7,0.75694,0.32332,0.80195,0.80345,0.24201
272,"Honestly, Parents typically",cau_unemb,0.9,1,8,0.90161,0.38623,1.03334,1.03012,0.25448
272,"Honestly, Parents typically",cau_unemb,0.99,1,11,0.99545,0.52497,2.17036,2.14629,0.2673
272,"Honestly, Parents typically",dua_unemb,0.3,1,7,0.32845,0.51669,0.10411,0.1065,0.00622
272,"Honestly, Parents typically",dua_unemb,0.5,1,9,0.51898,0.53173,0.19658,0.19517,0.0096
272,"Honestly, Parents typically",dua_unemb,0.7,1,12,0.71633,0.55523,0.4285,0.41667,0.01081
272,"Honestly, Parents typically",dua_unemb,0.9,1,19,0.91452,0.59186,1.29081,1.24144,0.01771
272,"Honestly, Parents typically",dua_unemb,0.99,1,26,0.99188,0.61752,2.45345,2.35875,0.04381
272,"Honestly, Parents typically",euc_dmd,0.3,1,5,0.44985,0.28812,0.70611,0.71178,0.2434
272,"Honestly, Parents typically",euc_dmd,0.5,1,6,0.73985,0.31245,0.98159,0.98356,0.24539
272,"Honestly, Parents typically",euc_dmd,0.7,1,6,0.73985,0.31245,0.98159,0.98356,0.24539
272,"Honestly, Parents typically",euc_dmd,0.9,1,7,0.90665,0.36948,1.34223,1.33838,0.24663
272,"Honestly, Parents typically",euc_dmd,0.99,1,9,0.99073,0.46167,2.3439,2.32399,0.25186
272,"Honestly, Parents typically",cau_dmd,0.3,1,6,0.54301,0.24569,1.10318,1.11079,0.27087
272,"Honestly, Parents typically",cau_dmd,0.5,1,6,0.54301,0.24569,1.10318,1.11079,0.27087
272,"Honestly, Parents typically",cau_dmd,0.7,1,7,0.7708,0.26418,1.40159,1.40577,0.26729
272,"Honestly, Parents typically",cau_dmd,0.9,1,8,0.90277,0.29957,1.77003,1.76935,0.25254
272,"Honestly, Parents typically",cau_dmd,0.99,1,11,0.99422,0.36344,3.27618,3.25513,0.24594
272,"Honestly, Parents typically",dua_dmd,0.3,1,6,0.3795,0.49278,0.1614,0.16711,0.01047
272,"Honestly, Parents typically",dua_dmd,0.5,1,7,0.53041,0.494,0.23747,0.24278,0.01227
272,"Honestly, Parents typically",dua_dmd,0.7,1,9,0.77563,0.50309,0.43448,0.43714,0.04815
272,"Honestly, Parents typically",dua_dmd,0.9,1,12,0.9317,0.52283,0.80127,0.79605,0.05508
272,"Honestly, Parents typically",dua_dmd,0.99,1,17,0.99342,0.55583,1.60779,1.58247,0.19954
120,"Over time, Farmers also",euc_ctx,0.3,1,8,0.39819,0.22261,0.34032,0.34242,0.15322
120,"Over time, Farmers also",euc_ctx,0.5,1,9,0.50872,0.21917,0.40243,0.40403,0.15654
120,"Over time, Farmers also",euc_ctx,0.7,1,11,0.71716,0.23382,0.51647,0.51654,0.13866
120,"Over time, Farmers also",euc_ctx,0.9,1,14,0.90657,0.30158,0.69094,0.68748,0.07195
120,"Over time, Farmers also",euc_ctx,0.99,1,20,0.99296,0.49472,1.2719,1.25734,0.05487
120,"Over time, Farmers also",cau_ctx,0.3,1,15,0.33968,0.26163,0.29995,0.30448,0.12841
120,"Over time, Farmers also",cau_ctx,0.5,1,18,0.50097,0.25772,0.40355,0.4077,0.12932
120,"Over time, Farmers also",cau_ctx,0.7,1,22,0.71048,0.27571,0.55955,0.56232,0.11169
120,"Over time, Farmers also",cau_ctx,0.9,1,28,0.90432,0.33146,0.89592,0.89441,0.11155
120,"Over time, Farmers also",cau_ctx,0.99,1,39,0.9915,0.3621,2.04842,2.03219,0.12297
120,"Over time, Farmers also",dua_ctx,0.3,1,24,0.30462,0.3832,0.27955,0.27859,0.02707
120,"Over time, Farmers also",dua_ctx,0.5,1,36,0.51156,0.36073,0.64718,0.63597,0.03699
120,"Over time, Farmers also",dua_ctx,0.7,1,47,0.70578,0.34234,1.11315,1.08872,0.05274
120,"Over time, Farmers also",dua_ctx,0.9,1,60,0.90058,0.33119,1.83327,1.78982,0.05235
120,"Over time, Farmers also",dua_ctx,0.99,1,73,0.99025,0.33901,2.7739,2.71083,0.06704
120,"Over time, Farmers also",euc_unemb,0.3,1,3,0.3007,0.25968,0.22064,0.22181,0.14158
120,"Over time, Farmers also",euc_unemb,0.5,1,4,0.55556,0.25567,0.36052,0.36012,0.15058
120,"Over time, Farmers also",euc_unemb,0.7,1,5,0.78527,0.29183,0.53257,0.5293,0.15395
120,"Over time, Farmers also",euc_unemb,0.9,1,6,0.91493,0.3552,0.76836,0.76085,0.15978
120,"Over time, Farmers also",euc_unemb,0.99,1,9,0.99643,0.50864,1.94699,1.92029,0.15847
120,"Over time, Farmers also",cau_unemb,0.3,1,4,0.47545,0.26391,0.27159,0.27394,0.14562
120,"Over time, Farmers also",cau_unemb,0.5,1,5,0.70638,0.29076,0.38751,0.38828,0.14878
120,"Over time, Farmers also",cau_unemb,0.7,1,5,0.70638,0.29076,0.38751,0.38828,0.14878
120,"Over time, Farmers also",cau_unemb,0.9,1,7,0.94418,0.41608,0.77027,0.76437,0.1094
120,"Over time, Farmers also",cau_unemb,0.99,1,9,0.99161,0.52109,1.43691,1.42044,0.13226
120,"Over time, Farmers also",dua_unemb,0.3,1,5,0.36594,0.42322,0.10732,0.10896,0.02826
120,"Over time, Farmers also",dua_unemb,0.5,1,7,0.56296,0.43749,0.22465,0.2239,0.04102
120,"Over time, Farmers also",dua_unemb,0.7,1,9,0.71386,0.45363,0.39817,0.39333,0.0524
120,"Over time, Farmers also",dua_unemb,0.9,1,14,0.90062,0.49001,1.11385,1.09299,0.06336
120,"Over time, Farmers also",dua_unemb,0.99,1,21,0.99093,0.53383,2.58791,2.53695,0.07443
120,"Over time, Farmers also",euc_dmd,0.3,1,3,0.33296,0.20321,0.33863,0.33951,0.16213
120,"Over time, Farmers also",euc_dmd,0.5,1,4,0.60143,0.19114,0.51766,0.51664,0.1687
120,"Over time, Farmers also",euc_dmd,0.7,1,5,0.82004,0.21723,0.69402,0.69011,0.17124
120,"Over time, Farmers also",euc_dmd,0.9,1,6,0.93207,0.27153,0.89456,0.8868,0.16202
120,"Over time, Farmers also",euc_dmd,0.99,1,8,0.99191,0.40755,1.45912,1.44113,0.08157
120,"Over time, Farmers also",cau_dmd,0.3,1,4,0.47178,0.19909,0.40089,0.40335,0.17116
120,"Over time, Farmers also",cau_dmd,0.5,1,5,0.69619,0.21062,0.52536,0.52642,0.16084
120,"Over time, Farmers also",cau_dmd,0.7,1,6,0.85311,0.25013,0.66001,0.6589,0.1424
120,"Over time, Farmers also",cau_dmd,0.9,1,7,0.93566,0.30935,0.8289,0.82486,0.08275
120,"Over time, Farmers also",cau_dmd,0.99,1,10,0.99534,0.49754,1.64202,1.62515,0.07501
120,"Over time, Farmers also",dua_dmd,0.3,1,4,0.34989,0.39952,0.08972,0.09247,0.01564
120,"Over time, Farmers also",dua_dmd,0.5,1,6,0.61845,0.39992,0.21103,0.21302,0.04608
120,"Over time, Farmers also",dua_dmd,0.7,1,7,0.72837,0.40262,0.29033,0.29147,0.05527
120,"Over time, Farmers also",dua_dmd,0.9,1,10,0.91666,0.41585,0.604,0.60105,0.05808
120,"Over time, Farmers also",dua_dmd,0.99,1,15,0.99243,0.44615,1.4111,1.39576,0.06409
12,"Lately, You never",euc_ctx,0.3,1,15,0.3385,0.13572,0.87922,0.87961,0.35343
12,"Lately, You never",euc_ctx,0.5,1,17,0.53689,0.13009,0.98525,0.98434,0.36505
12,"Lately, You never",euc_ctx,0.7,1,19,0.72378,0.14235,1.03295,1.03047,0.36175
12,"Lately, You never",euc_ctx,0.9,1,23,0.92982,0.21757,1.00777,1.00115,0.34711
12,"Lately, You never",euc_ctx,0.99,1,29,0.99312,0.40967,1.04384,1.0278,0.05658
12,"Lately, You never",cau_ctx,0.3,1,30,0.34473,0.11943,1.22752,1.22527,0.32783
12,"Lately, You never",cau_ctx,0.5,1,34,0.5474,0.09533,1.54671,1.54086,0.34242
12,"Lately, You never",cau_ctx,0.7,1,38,0.73554,0.07956,1.89897,1.88824,0.32938
12,"Lately, You never",cau_ctx,0.9,1,44,0.90638,0.06155,2.51805,2.49768,0.30448
12,"Lately, You never",cau_ctx,0.99,1,56,0.99134,0.03268,4.05772,4.01288,0.30286
12,"Lately, You never",dua_ctx,0.3,1,42,0.30844,0.52349,0.47361,0.45474,0.01716
12,"Lately, You never",dua_ctx,0.5,1,61,0.50729,0.52032,1.00415,0.95917,0.02387
12,"Lately, You never",dua_ctx,0.7,1,85,0.70282,0.5269,1.90154,1.82389,0.02769
12,"Lately, You never",dua_ctx,0.9,1,114,0.90188,0.52654,3.30574,3.20118,0.03082
12,"Lately, You never",dua_ctx,0.99,1,134,0.9906,0.53234,4.38972,4.26966,0.03881
12,"Lately, You never",euc_unemb,0.3,1,7,0.49996,0.19042,0.73989,0.73952,0.24509
12,"Lately, You never",euc_unemb,0.5,1,8,0.72882,0.21413,0.79646,0.79386,0.25016
12,"Lately, You never",euc_unemb,0.7,1,8,0.72882,0.21413,0.79646,0.79386,0.25016
12,"Lately, You never",euc_unemb,0.9,1,10,0.95136,0.341,0.87543,0.86574,0.07705
12,"Lately, You never",euc_unemb,0.99,1,12,0.99308,0.47574,1.16615,1.14564,0.06789
12,"Lately, You never",cau_unemb,0.3,1,7,0.35921,0.17716,0.68453,0.68722,0.24345
12,"Lately, You never",cau_unemb,0.5,1,8,0.57929,0.17885,0.75047,0.75192,0.24198
12,"Lately, You never",cau_unemb,0.7,1,9,0.77186,0.20664,0.76251,0.76216,0.23878
12,"Lately, You never",cau_unemb,0.9,1,11,0.95331,0.32296,0.76744,0.76145,0.0651
12,"Lately, You never",cau_unemb,0.99,1,13,0.99192,0.44839,0.94939,0.93478,0.05606
12,"Lately, You never",dua_unemb,0.3,1,11,0.34301,0.58023,0.2069,0.2032,0.01572
12,"Lately, You never",dua_unemb,0.5,1,15,0.51795,0.60361,0.43074,0.41779,0.02348
12,"Lately, You never",dua_unemb,0.7,1,21,0.7083,0.64228,0.85848,0.8279,0.03347
12,"Lately, You never",dua_unemb,0.9,1,31,0.91155,0.70806,1.75537,1.6901,0.04207
12,"Lately, You never",dua_unemb,0.99,1,39,0.99439,0.75686,2.71755,2.62515,0.04968
12,"Lately, You never",euc_dmd,0.3,1,6,0.37948,0.11723,1.0127,1.01344,0.36802
12,"Lately, You never",euc_dmd,0.5,1,7,0.63845,0.11578,1.16486,1.16369,0.36724
12,"Lately, You never",euc_dmd,0.7,1,8,0.83555,0.14037,1.22833,1.22478,0.35634
12,"Lately, You never",euc_dmd,0.9,1,9,0.93566,0.18915,1.24106,1.23461,0.30047
12,"Lately, You never",euc_dmd,0.99,1,11,0.9915,0.34149,1.30528,1.29124,0.07755
12,"Lately, You never",cau_dmd,0.3,1,7,0.44061,0.10419,1.10488,1.10751,0.37157
12,"Lately, You never",cau_dmd,0.5,1,8,0.66359,0.10732,1.20194,1.20318,0.37077
12,"Lately, You never",cau_dmd,0.7,1,9,0.82998,0.12872,1.22805,1.22755,0.34318
12,"Lately, You never",cau_dmd,0.9,1,10,0.92259,0.16728,1.21832,1.21569,0.32603
12,"Lately, You never",cau_dmd,0.99,1,13,0.99371,0.35375,1.29784,1.28596,0.07455
12,"Lately, You never",dua_dmd,0.3,1,9,0.35429,0.52877,0.18173,0.18288,0.01466
12,"Lately, You never",dua_dmd,0.5,1,12,0.53586,0.52806,0.3407,0.3383,0.02007
12,"Lately, You never",dua_dmd,0.7,1,16,0.70033,0.54059,0.5835,0.57413,0.04102
12,"Lately, You never",dua_dmd,0.9,1,24,0.90827,0.57993,1.15987,1.13166,0.04683
12,"Lately, You never",dua_dmd,0.99,1,30,0.99103,0.61583,1.69329,1.64769,0.04974
213,"Every day, Voters typically",euc_ctx,0.3,1,11,0.3839,0.44585,0.3098,0.31561,0.02951
213,"Every day, Voters typically",euc_ctx,0.5,1,13,0.60934,0.4727,0.46178,0.46575,0.03721
213,"Every day, Voters typically",euc_ctx,0.7,1,14,0.71137,0.49507,0.55691,0.55935,0.04183
213,"Every day, Voters typically",euc_ctx,0.9,1,17,0.90623,0.57272,0.93704,0.93273,0.14072
213,"Every day, Voters typically",euc_ctx,0.99,1,23,0.99306,0.66406,2.02367,2.00034,0.19397
213,"Every day, Voters typically",cau_ctx,0.3,1,21,0.30288,0.47912,0.51071,0.51646,0.07446
213,"Every day, Voters typically",cau_ctx,0.5,1,25,0.51785,0.44488,0.83506,0.83797,0.07425
213,"Every day, Voters typically",cau_ctx,0.7,1,29,0.72704,0.40184,1.30084,1.29847,0.15242
213,"Every day, Voters typically",cau_ctx,0.9,1,35,0.91284,0.32982,2.2216,2.20769,0.17294
213,"Every day, Voters typically",cau_ctx,0.99,1,45,0.99052,0.22312,4.06251,4.02469,0.19879
213,"Every day, Voters typically",dua_ctx,0.3,1,31,0.31112,0.51663,0.60373,0.60007,0.03292
213,"Every day, Voters typically",dua_ctx,0.5,1,45,0.50968,0.48528,1.40487,1.38289,0.03439
213,"Every day, Voters typically",dua_ctx,0.7,1,59,0.713,0.44762,2.62621,2.57849,0.13689
213,"Every day, Voters typically",dua_ctx,0.9,1,76,0.90558,0.41322,4.53949,4.45677,0.18502
213,"Every day, Voters typically",dua_ctx,0.99,1,92,0.992,0.40193,6.60364,6.49502,0.16705
213,"Every day, Voters typically",euc_unemb,0.3,1,5,0.54256,0.46238,0.27052,0.27469,0.04889
213,"Every day, Voters typically",euc_unemb,0.5,1,5,0.54256,0.46238,0.27052,0.27469,0.04889
213,"Every day, Voters typically",euc_unemb,0.7,1,6,0.79161,0.54124,0.51033,0.51078,0.15121
213,"Every day, Voters typically",euc_unemb,0.9,1,7,0.92428,0.62321,0.89301,0.88729,0.20497
213,"Every day, Voters typically",euc_unemb,0.99,1,9,0.99218,0.70355,1.91147,1.88925,0.22269
213,"Every day, Voters typically",cau_unemb,0.3,1,5,0.4184,0.36735,0.23911,0.24501,0.05859
213,"Every day, Voters typically",cau_unemb,0.5,1,6,0.67238,0.41659,0.34664,0.35093,0.06804
213,"Every day, Voters typically",cau_unemb,0.7,1,7,0.85404,0.50117,0.53003,0.53089,0.07054
213,"Every day, Voters typically",cau_unemb,0.9,1,8,0.94338,0.58686,0.81163,0.80737,0.18571
213,"Every day, Voters typically",cau_unemb,0.99,1,10,0.99261,0.68501,1.59014,1.57245,0.21444
213,"Every day, Voters typically",dua_unemb,0.3,1,6,0.36103,0.52494,0.10847,0.11247,0.00834
213,"Every day, Voters typically",dua_unemb,0.5,1,8,0.59018,0.54239,0.22257,0.22402,0.01084
213,"Every day, Voters typically",dua_unemb,0.7,1,10,0.77443,0.56291,0.39509,0.39176,0.02226
213,"Every day, Voters typically",dua_unemb,0.9,1,13,0.93066,0.59103,0.7946,0.78006,0.03262
213,"Every day, Voters typically",dua_unemb,0.99,1,17,0.99092,0.61513,1.57968,1.54458,0.16933
213,"Every day, Voters typically",euc_dmd,0.3,1,5,0.53273,0.38374,0.32138,0.32676,0.05296
213,"Every day, Voters typically",euc_dmd,0.5,1,5,0.53273,0.38374,0.32138,0.32676,0.05296
213,"Every day, Voters typically",euc_dmd,0.7,1,6,0.78001,0.45831,0.49827,0.50082,0.07314
213,"Every day, Voters typically",euc_dmd,0.9,1,7,0.91646,0.55397,0.79949,0.79706,0.16299
213,"Every day, Voters typically",euc_dmd,0.99,1,9,0.99038,0.67821,1.70187,1.6851,0.21519
213,"Every day, Voters typically",cau_dmd,0.3,1,5,0.32959,0.30016,0.35383,0.36064,0.05198
213,"Every day, Voters typically",cau_dmd,0.5,1,6,0.55574,0.3193,0.43212,0.43813,0.05317
213,"Every day, Voters typically",cau_dmd,0.7,1,7,0.75865,0.37376,0.54904,0.55303,0.05808
213,"Every day, Voters typically",cau_dmd,0.9,1,9,0.95036,0.51972,1.03161,1.02759,0.15572
213,"Every day, Voters typically",cau_dmd,0.99,1,11,0.99112,0.60109,1.80152,1.78566,0.17349
213,"Every day, Voters typically",dua_dmd,0.3,1,6,0.406,0.5079,0.14857,0.15451,0.01002
213,"Every day, Voters typically",dua_dmd,0.5,1,7,0.51724,0.50996,0.20567,0.21146,0.01117
213,"Every day, Voters typically",dua_dmd,0.7,1,10,0.75602,0.51901,0.41402,0.41784,0.02373
213,"Every day, Voters typically",dua_dmd,0.9,1,14,0.91254,0.53617,0.7929,0.79103,0.03367
213,"Every day, Voters typically",dua_dmd,0.99,1,21,0.99141,0.57531,1.78361,1.76264,0.04085
53,"At work, Farmers typically",euc_ctx,0.3,1,13,0.33655,0.53986,0.36071,0.36887,0.0177
53,"At work, Farmers typically",euc_ctx,0.5,1,15,0.56031,0.54123,0.49387,0.50008,0.0279
53,"At work, Farmers typically",euc_ctx,0.7,1,17,0.76171,0.57076,0.64238,0.64508,0.03158
53,"At work, Farmers typically",euc_ctx,0.9,1,20,0.92672,0.63841,0.91591,0.91097,0.03567
53,"At work, Farmers typically",euc_ctx,0.99,1,25,0.99193,0.72402,1.51782,1.49679,0.05231
53,"At work, Farmers typically",cau_ctx,0.3,1,25,0.34414,0.32165,1.13464,1.13774,0.1656
53,"At work, Farmers typically",cau_ctx,0.5,1,28,0.52247,0.22559,1.64168,1.63948,0.16225
53,"At work, Farmers typically",cau_ctx,0.7,1,32,0.74539,0.14481,2.38809,2.37691,0.18207
53,"At work, Farmers typically",cau_ctx,0.9,1,37,0.90977,0.0944,3.3213,3.29742,0.18636
53,"At work, Farmers typically",cau_ctx,0.99,1,47,0.99183,0.05178,5.10948,5.05873,0.20059
53,"At work, Farmers typically",dua_ctx,0.3,1,36,0.30807,0.6158,0.72313,0.71367,0.01096
53,"At work, Farmers typically",dua_ctx,0.5,1,51,0.50867,0.56545,1.56372,1.5305,0.0154
53,"At work, Farmers typically",dua_ctx,0.7,1,66,0.71162,0.52335,2.66381,2.60043,0.01686
53,"At work, Farmers typically",dua_ctx,0.9,1,83,0.90105,0.49601,4.10891,4.01341,0.0222
53,"At work, Farmers typically",dua_ctx,0.99,1,97,0.99072,0.48923,5.31803,5.2041,0.02775
53,"At work, Farmers typically",euc_unemb,0.3,1,6,0.43797,0.49149,0.42036,0.42525,0.05603
53,"At work, Farmers typically",euc_unemb,0.5,1,7,0.69967,0.50426,0.66949,0.67055,0.07587
53,"At work, Farmers typically",euc_unemb,0.7,1,8,0.87497,0.53444,1.00844,1.00346,0.15942
53,"At work, Farmers typically",euc_unemb,0.9,1,9,0.95476,0.55996,1.40359,1.391,0.21093
53,"At work, Farmers typically",euc_unemb,0.99,1,11,0.99485,0.57712,2.25609,2.22611,0.22239
53,"At work, Farmers typically",cau_unemb,0.3,1,7,0.52871,0.46484,0.50377,0.51001,0.05476
53,"At work, Farmers typically",cau_unemb,0.5,1,7,0.52871,0.46484,0.50377,0.51001,0.05476
53,"At work, Farmers typically",cau_unemb,0.7,1,8,0.74636,0.49251,0.67781,0.68066,0.07713
53,"At work, Farmers typically",cau_unemb,0.9,1,10,0.95267,0.56976,1.17849,1.17028,0.15467
53,"At work, Farmers typically",cau_unemb,0.99,1,12,0.99272,0.60566,1.81048,1.78815,0.19027
53,"At work, Farmers typically",dua_unemb,0.3,1,8,0.34035,0.6492,0.16332,0.16726,0.00853
53,"At work, Farmers typically",dua_unemb,0.5,1,10,0.51463,0.65832,0.29794,0.29873,0.01129
53,"At work, Farmers typically",dua_unemb,0.7,1,14,0.73331,0.6797,0.75461,0.74266,0.03863
53,"At work, Farmers typically",dua_unemb,0.9,1,21,0.91016,0.69794,1.97126,1.9232,0.04608
53,"At work, Farmers typically",dua_unemb,0.99,1,28,0.9908,0.7032,3.60496,3.51083,0.05915
53,"At work, Farmers typically",euc_dmd,0.3,1,6,0.48249,0.4662,0.53323,0.54,0.04066
53,"At work, Farmers typically",euc_dmd,0.5,1,7,0.73296,0.48771,0.75959,0.76257,0.0735
53,"At work, Farmers typically",euc_dmd,0.7,1,7,0.73296,0.48771,0.75959,0.76257,0.0735
53,"At work, Farmers typically",euc_dmd,0.9,1,9,0.95885,0.56829,1.45711,1.44731,0.09025
53,"At work, Farmers typically",euc_dmd,0.99,1,11,0.99484,0.60987,2.28871,2.26282,0.093
53,"At work, Farmers typically",cau_dmd,0.3,1,7,0.46434,0.44188,0.659,0.66779,0.04147
53,"At work, Farmers typically",cau_dmd,0.5,1,8,0.67457,0.45048,0.8334,0.83934,0.0581
53,"At work, Farmers typically",cau_dmd,0.7,1,9,0.8309,0.47235,1.08717,1.08884,0.07542
53,"At work, Farmers typically",cau_dmd,0.9,1,10,0.92041,0.49439,1.4044,1.40069,0.0809
53,"At work, Farmers typically",cau_dmd,0.99,1,13,0.99318,0.51389,2.51682,2.49352,0.16668
53,"At work, Farmers typically",dua_dmd,0.3,1,7,0.40144,0.61996,0.24032,0.24624,0.01165
53,"At work, Farmers typically",dua_dmd,0.5,1,8,0.51857,0.61677,0.33174,0.3372,0.01793
53,"At work, Farmers typically",dua_dmd,0.7,1,10,0.71403,0.6171,0.55964,0.56307,0.02188
53,"At work, Farmers typically",dua_dmd,0.9,1,15,0.91326,0.63821,1.37759,1.37056,0.02067
53,"At work, Farmers typically",dua_dmd,0.99,1,25,0.99128,0.68063,3.6308,3.58301,0.02143
174,"At work, Farmers sometimes",euc_ctx,0.3,1,11,0.3764,0.5735,0.30925,0.31577,0.04524
174,"At work, Farmers sometimes",euc_ctx,0.5,1,13,0.60423,0.57518,0.4384,0.44274,0.05421
174,"At work, Farmers sometimes",euc_ctx,0.7,1,14,0.7081,0.58645,0.50749,0.51013,0.05778
174,"At work, Farmers sometimes",euc_ctx,0.9,1,17,0.90641,0.64233,0.74533,0.74088,0.04894
174,"At work, Farmers sometimes",euc_ctx,0.99,1,23,0.99335,0.73229,1.38566,1.36233,0.05021
174,"At work, Farmers sometimes",cau_ctx,0.3,1,21,0.32403,0.54367,0.53431,0.54002,0.13247
174,"At work, Farmers sometimes",cau_ctx,0.5,1,25,0.55093,0.44705,0.90056,0.90219,0.16158
174,"At work, Farmers sometimes",cau_ctx,0.7,1,28,0.7135,0.37628,1.25624,1.25303,0.16905
174,"At work, Farmers sometimes",cau_ctx,0.9,1,34,0.91202,0.26473,2.10215,2.08611,0.18478
174,"At work, Farmers sometimes",cau_ctx,0.99,1,44,0.99141,0.15361,3.68816,3.64664,0.22205
174,"At work, Farmers sometimes",dua_ctx,0.3,1,33,0.30753,0.6411,0.56956,0.55888,0.00806
174,"At work, Farmers sometimes",dua_ctx,0.5,1,48,0.5018,0.59639,1.25026,1.2145,0.01396
174,"At work, Farmers sometimes",dua_ctx,0.7,1,64,0.7083,0.55173,2.18847,2.12008,0.01999
174,"At work, Farmers sometimes",dua_ctx,0.9,1,81,0.90695,0.5136,3.3028,3.20581,0.02927
174,"At work, Farmers sometimes",dua_ctx,0.99,1,94,0.9903,0.49868,4.12016,4.00819,0.07183
174,"At work, Farmers sometimes",euc_unemb,0.3,1,5,0.47443,0.56766,0.38783,0.39164,0.04825
174,"At work, Farmers sometimes",euc_unemb,0.5,1,6,0.73529,0.57319,0.66615,0.66554,0.15363
174,"At work, Farmers sometimes",euc_unemb,0.7,1,6,0.73529,0.57319,0.66615,0.66554,0.15363
174,"At work, Farmers sometimes",euc_unemb,0.9,1,8,0.9637,0.60603,1.43982,1.42444,0.23042
174,"At work, Farmers sometimes",euc_unemb,0.99,1,10,0.99609,0.61021,2.28941,2.25609,0.2421
174,"At work, Farmers sometimes",cau_unemb,0.3,1,5,0.35881,0.54473,0.31388,0.32105,0.05977
174,"At work, Farmers sometimes",cau_unemb,0.5,1,6,0.60472,0.54111,0.48058,0.4855,0.14011
174,"At work, Farmers sometimes",cau_unemb,0.7,1,7,0.80658,0.56083,0.70376,0.70447,0.14951
174,"At work, Farmers sometimes",cau_unemb,0.9,1,8,0.91888,0.58553,0.97673,0.97167,0.15543
174,"At work, Farmers sometimes",cau_unemb,0.99,1,11,0.99549,0.60788,1.94656,1.91992,0.21276
174,"At work, Farmers sometimes",dua_unemb,0.3,1,7,0.35446,0.68384,0.14391,0.14651,0.04712
174,"At work, Farmers sometimes",dua_unemb,0.5,1,9,0.53941,0.69532,0.27032,0.26923,0.0472
174,"At work, Farmers sometimes",dua_unemb,0.7,1,12,0.73422,0.71466,0.59865,0.58726,0.04652
174,"At work, Farmers sometimes",dua_unemb,0.9,1,19,0.90623,0.74028,1.96205,1.91184,0.06157
174,"At work, Farmers sometimes",dua_unemb,0.99,1,27,0.99227,0.74744,3.94869,3.84473,0.06939
174,"At work, Farmers sometimes",euc_dmd,0.3,1,5,0.54285,0.51634,0.51208,0.51776,0.07492
174,"At work, Farmers sometimes",euc_dmd,0.5,1,5,0.54285,0.51634,0.51208,0.51776,0.07492
174,"At work, Farmers sometimes",euc_dmd,0.7,1,6,0.78927,0.54384,0.76775,0.76912,0.08789
174,"At work, Farmers sometimes",euc_dmd,0.9,1,7,0.92133,0.58877,1.09642,1.0915,0.09081
174,"At work, Farmers sometimes",euc_dmd,0.99,1,9,0.99109,0.65061,1.88347,1.86287,0.1759
174,"At work, Farmers sometimes",cau_dmd,0.3,1,5,0.36307,0.49331,0.45853,0.46836,0.06996
174,"At work, Farmers sometimes",cau_dmd,0.5,1,6,0.59907,0.49664,0.5977,0.60581,0.08042
174,"At work, Farmers sometimes",cau_dmd,0.7,1,7,0.79397,0.53028,0.78703,0.79177,0.08799
174,"At work, Farmers sometimes",cau_dmd,0.9,1,8,0.90732,0.57498,1.03945,1.03944,0.0913
174,"At work, Farmers sometimes",cau_dmd,0.99,1,11,0.99331,0.65814,2.03471,2.01604,0.09229
174,"At work, Farmers sometimes",dua_dmd,0.3,1,6,0.41813,0.64863,0.20082,0.20563,0.04905
174,"At work, Farmers sometimes",dua_dmd,0.5,1,7,0.55039,0.64416,0.28629,0.29067,0.05103
174,"At work, Farmers sometimes",dua_dmd,0.7,1,9,0.77683,0.64218,0.51432,0.5166,0.04773
174,"At work, Farmers sometimes",dua_dmd,0.9,1,11,0.90597,0.64833,0.81466,0.81329,0.05106
174,"At work, Farmers sometimes",dua_dmd,0.99,1,16,0.99158,0.67782,1.76266,1.74588,0.05468
189,"Honestly, They just",euc_ctx,0.3,1,12,0.39656,0.11175,0.94104,0.94135,0.2817
189,"Honestly, They just",euc_ctx,0.5,1,13,0.51259,0.10856,1.03493,1.03435,0.28869
189,"Honestly, They just",euc_ctx,0.7,1,15,0.72763,0.11679,1.1805,1.17785,0.29637
189,"Honestly, They just",euc_ctx,0.9,1,18,0.91348,0.16206,1.33222,1.32568,0.27559
189,"Honestly, They just",euc_ctx,0.99,1,24,0.99327,0.32723,1.76613,1.74854,0.20172
189,"Honestly, They just",cau_ctx,0.3,1,22,0.31158,0.14744,1.12902,1.13322,0.23763
189,"Honestly, They just",cau_ctx,0.5,1,26,0.5373,0.12643,1.49958,1.50116,0.24414
189,"Honestly, They just",cau_ctx,0.7,1,30,0.74486,0.11644,1.925,1.92237,0.24507
189,"Honestly, They just",cau_ctx,0.9,1,36,0.9177,0.0999,2.77272,2.7604,0.24272
189,"Honestly, They just",cau_ctx,0.99,1,47,0.99143,0.05392,4.94691,4.90927,0.24065
189,"Honestly, They just",dua_ctx,0.3,1,31,0.30444,0.37592,0.38876,0.37396,0.01009
189,"Honestly, They just",dua_ctx,0.5,1,44,0.51068,0.36177,0.79873,0.76452,0.01467
189,"Honestly, They just",dua_ctx,0.7,1,59,0.70341,0.35713,1.41317,1.35274,0.01968
189,"Honestly, They just",dua_ctx,0.9,1,85,0.90428,0.36156,2.73496,2.64161,0.17899
189,"Honestly, They just",dua_ctx,0.99,1,104,0.99031,0.36564,3.84764,3.73645,0.15505
189,"Honestly, They just",euc_unemb,0.3,1,5,0.35595,0.15626,0.66232,0.6605,0.25624
189,"Honestly, They just",euc_unemb,0.5,1,6,0.63369,0.16069,0.86761,0.86299,0.27078
189,"Honestly, They just",euc_unemb,0.7,1,7,0.84502,0.2,1.0914,1.0829,0.27306
189,"Honestly, They just",euc_unemb,0.9,1,8,0.94534,0.26404,1.36175,1.34811,0.27768
189,"Honestly, They just",euc_unemb,0.99,1,10,0.99438,0.38681,2.13741,2.10975,0.27829
189,"Honestly, They just",cau_unemb,0.3,1,6,0.49392,0.16429,0.70974,0.71084,0.25149
189,"Honestly, They just",cau_unemb,0.5,1,7,0.73099,0.18743,0.85578,0.85471,0.26436
189,"Honestly, They just",cau_unemb,0.7,1,7,0.73099,0.18743,0.85578,0.85471,0.26436
189,"Honestly, They just",cau_unemb,0.9,1,9,0.95461,0.30879,1.22068,1.21229,0.24899
189,"Honestly, They just",cau_unemb,0.99,1,11,0.99388,0.43208,1.85474,1.83492,0.23606
189,"Honestly, They just",dua_unemb,0.3,1,8,0.35765,0.43595,0.10318,0.10073,0.00915
189,"Honestly, They just",dua_unemb,0.5,1,11,0.54997,0.45795,0.21,0.20076,0.1642
189,"Honestly, They just",dua_unemb,0.7,1,16,0.72268,0.4997,0.49498,0.46878,0.172
189,"Honestly, They just",dua_unemb,0.9,1,29,0.90166,0.58855,1.72419,1.64128,0.15872
189,"Honestly, They just",dua_unemb,0.99,1,42,0.99323,0.63518,4.4993,4.37437,0.22445
189,"Honestly, They just",euc_dmd,0.3,1,5,0.50093,0.08262,1.30005,1.29751,0.30114
189,"Honestly, They just",euc_dmd,0.5,1,5,0.50093,0.08262,1.30005,1.29751,0.30114
189,"Honestly, They just",euc_dmd,0.7,1,6,0.77487,0.0891,1.61489,1.60894,0.30436
189,"Honestly, They just",euc_dmd,0.9,1,7,0.92093,0.11795,1.8847,1.87465,0.30104
189,"Honestly, They just",euc_dmd,0.99,1,9,0.99217,0.21835,2.48738,2.46671,0.29273
189,"Honestly, They just",cau_dmd,0.3,1,5,0.34475,0.08826,1.24992,1.25294,0.30353
189,"Honestly, They just",cau_dmd,0.5,1,6,0.59986,0.08216,1.54342,1.54462,0.30796
189,"Honestly, They just",cau_dmd,0.7,1,7,0.80585,0.09506,1.77271,1.77159,0.30611
189,"Honestly, They just",cau_dmd,0.9,1,8,0.91778,0.12384,1.97829,1.97431,0.29366
189,"Honestly, They just",cau_dmd,0.99,1,11,0.99465,0.2567,2.84646,2.82978,0.29074
189,"Honestly, They just",dua_dmd,0.3,1,6,0.30021,0.3956,0.11902,0.11954,0.16279
189,"Honestly, They just",dua_dmd,0.5,1,8,0.51703,0.39269,0.20819,0.20626,0.1668
189,"Honestly, They just",dua_dmd,0.7,1,11,0.71894,0.40232,0.37003,0.36227,0.17544
189,"Honestly, They just",dua_dmd,0.9,1,19,0.91095,0.44309,1.0995,1.06829,0.15844
189,"Honestly, They just",dua_dmd,0.99,1,26,0.99079,0.47924,2.56013,2.50194,0.17699
56,"Every day, People now",euc_ctx,0.3,1,6,0.39293,0.41553,0.22538,0.22873,0.06608
56,"Every day, People now",euc_ctx,0.5,1,8,0.60411,0.40506,0.4013,0.40346,0.15142
56,"Every day, People now",euc_ctx,0.7,1,9,0.70093,0.40859,0.50274,0.50385,0.1552
56,"Every day, People now",euc_ctx,0.9,1,13,0.92883,0.45965,0.9702,0.96478,0.16062
56,"Every day, People now",euc_ctx,0.99,1,18,0.99112,0.53384,1.66486,1.64832,0.16164
56,"Every day, People now",cau_ctx,0.3,1,10,0.30812,0.44783,0.22862,0.23405,0.07014
56,"Every day, People now",cau_ctx,0.5,1,14,0.52009,0.42068,0.45298,0.45803,0.1594
56,"Every day, People now",cau_ctx,0.7,1,18,0.72706,0.41475,0.74209,0.74517,0.16914
56,"Every day, People now",cau_ctx,0.9,1,24,0.91313,0.43777,1.27968,1.27736,0.17283
56,"Every day, People now",cau_ctx,0.99,1,34,0.99112,0.48811,2.41734,2.40191,0.22318
56,"Every day, People now",dua_ctx,0.3,1,24,0.30811,0.50504,0.27762,0.2778,0.0234
56,"Every day, People now",dua_ctx,0.5,1,40,0.51087,0.48935,0.78282,0.76904,0.06172
56,"Every day, People now",dua_ctx,0.7,1,57,0.70967,0.47412,1.62802,1.59142,0.08431
56,"Every day, People now",dua_ctx,0.9,1,78,0.90455,0.47022,3.29569,3.22524,0.09347
56,"Every day, People now",dua_ctx,0.99,1,94,0.99217,0.47744,4.88641,4.79419,0.09654
56,"Every day, People now",euc_unemb,0.3,1,3,0.44298,0.43557,0.14989,0.15158,0.02281
56,"Every day, People now",euc_unemb,0.5,1,4,0.6695,0.45358,0.29017,0.28995,0.04893
56,"Every day, People now",euc_unemb,0.7,1,5,0.83842,0.48973,0.49903,0.49529,0.0597
56,"Every day, People now",euc_unemb,0.9,1,6,0.93039,0.52453,0.78043,0.77181,0.07941
56,"Every day, People now",euc_unemb,0.99,1,9,0.99579,0.54725,1.92248,1.89465,0.09758
56,"Every day, People now",cau_unemb,0.3,1,3,0.40726,0.39679,0.15086,0.15341,0.03027
56,"Every day, People now",cau_unemb,0.5,1,4,0.62259,0.39885,0.26585,0.26722,0.05297
56,"Every day, People now",cau_unemb,0.7,1,5,0.79842,0.42455,0.41768,0.41665,0.0582
56,"Every day, People now",cau_unemb,0.9,1,6,0.90485,0.46066,0.61211,0.6076,0.05695
56,"Every day, People now",cau_unemb,0.99,1,9,0.99245,0.53543,1.41581,1.39689,0.09353
56,"Every day, People now",dua_unemb,0.3,1,5,0.3778,0.51863,0.09349,0.09506,0.00621
56,"Every day, People now",dua_unemb,0.5,1,7,0.54597,0.53058,0.19139,0.19059,0.01416
56,"Every day, People now",dua_unemb,0.7,1,10,0.72499,0.55138,0.40796,0.40105,0.01713
56,"Every day, People now",dua_unemb,0.9,1,16,0.903,0.58789,1.06275,1.03721,0.02739
56,"Every day, People now",dua_unemb,0.99,1,24,0.99381,0.62979,2.32114,2.26123,0.03195
56,"Every day, People now",euc_dmd,0.3,1,3,0.51886,0.39564,0.25371,0.25563,0.13272
56,"Every day, People now",euc_dmd,0.5,1,3,0.51886,0.39564,0.25371,0.25563,0.13272
56,"Every day, People now",euc_dmd,0.7,1,4,0.75064,0.40517,0.4883,0.48757,0.13584
56,"Every day, People now",euc_dmd,0.9,1,6,0.95884,0.45778,1.17418,1.16374,0.16899
56,"Every day, People now",euc_dmd,0.99,1,8,0.9944,0.49086,2.00009,1.97714,0.18068
56,"Every day, People now",cau_dmd,0.3,1,3,0.45081,0.35749,0.27199,0.27514,0.13359
56,"Every day, People now",cau_dmd,0.5,1,4,0.67141,0.33699,0.51115,0.51232,0.13659
56,"Every day, People now",cau_dmd,0.7,1,5,0.83407,0.32955,0.83216,0.82986,0.14192
56,"Every day, People now",cau_dmd,0.9,1,6,0.92438,0.32497,1.21282,1.20593,0.16671
56,"Every day, People now",cau_dmd,0.99,1,9,0.99397,0.29479,2.50912,2.48525,0.18174
56,"Every day, People now",dua_dmd,0.3,1,4,0.41867,0.49748,0.11214,0.11587,0.01852
56,"Every day, People now",dua_dmd,0.5,1,5,0.5443,0.49656,0.1778,0.18148,0.0205
56,"Every day, People now",dua_dmd,0.7,1,7,0.75687,0.50037,0.34686,0.34937,0.02411
56,"Every day, People now",dua_dmd,0.9,1,10,0.92339,0.51641,0.67588,0.67446,0.05029
56,"Every day, People now",dua_dmd,0.99,1,17,0.99017,0.5589,1.66547,1.64839,0.0869
245,"In this case, Many people really",euc_ctx,0.3,1,9,0.36506,0.41912,0.30846,0.31356,0.16829
245,"In this case, Many people really",euc_ctx,0.5,1,11,0.57518,0.41334,0.41483,0.4189,0.1807
245,"In this case, Many people really",euc_ctx,0.7,1,13,0.76101,0.44079,0.5087,0.51082,0.18567
245,"In this case, Many people really",euc_ctx,0.9,1,16,0.91969,0.52088,0.6528,0.65043,0.18882
245,"In this case, Many people really",euc_ctx,0.99,1,22,0.99321,0.67213,1.09468,1.07953,0.18776
245,"In this case, Many people really",cau_ctx,0.3,1,16,0.34654,0.44011,0.37792,0.38549,0.07344
245,"In this case, Many people really",cau_ctx,0.5,1,19,0.51528,0.42164,0.49489,0.50185,0.07591
245,"In this case, Many people really",cau_ctx,0.7,1,23,0.72757,0.42435,0.6539,0.65887,0.18704
245,"In this case, Many people really",cau_ctx,0.9,1,29,0.91303,0.456,0.94212,0.94183,0.18982
245,"In this case, Many people really",cau_ctx,0.99,1,39,0.99,0.4482,1.67293,1.65941,0.16683
245,"In this case, Many people really",dua_ctx,0.3,1,36,0.30948,0.56696,0.47397,0.46489,0.03854
245,"In this case, Many people really",dua_ctx,0.5,1,53,0.5031,0.52862,1.02265,0.99335,0.04303
245,"In this case, Many people really",dua_ctx,0.7,1,71,0.70483,0.49972,1.74873,1.69414,0.04508
245,"In this case, Many people really",dua_ctx,0.9,1,94,0.90645,0.4821,2.82934,2.74745,0.05933
245,"In this case, Many people really",dua_ctx,0.99,1,111,0.99095,0.48151,3.75447,3.65597,0.06855
245,"In this case, Many people really",euc_unemb,0.3,1,4,0.324,0.47572,0.19628,0.19806,0.02815
245,"In this case, Many people really",euc_unemb,0.5,1,5,0.5438,0.48132,0.27017,0.27011,0.06201
245,"In this case, Many people really",euc_unemb,0.7,1,6,0.7468,0.5215,0.37169,0.36846,0.17867
245,"In this case, Many people really",euc_unemb,0.9,1,8,0.94672,0.63234,0.74776,0.73445,0.19833
245,"In this case, Many people really",euc_unemb,0.99,1,10,0.99056,0.68911,1.32001,1.29349,0.18742
245,"In this case, Many people really",cau_unemb,0.3,1,5,0.45419,0.45782,0.2609,0.26325,0.14242
245,"In this case, Many people really",cau_unemb,0.5,1,6,0.65269,0.48083,0.31944,0.31978,0.03512
245,"In this case, Many people really",cau_unemb,0.7,1,7,0.80763,0.52817,0.40147,0.39876,0.06028
245,"In this case, Many people really",cau_unemb,0.9,1,8,0.90275,0.58432,0.52594,0.51922,0.07748
245,"In this case, Many people really",cau_unemb,0.99,1,12,0.99511,0.71152,1.37776,1.34927,0.08119
245,"In this case, Many people really",dua_unemb,0.3,1,9,0.33904,0.64659,0.10315,0.09981,0.00547
245,"In this case, Many people really",dua_unemb,0.5,1,13,0.50099,0.66182,0.23644,0.22495,0.00867
245,"In this case, Many people really",dua_unemb,0.7,1,20,0.70654,0.68834,0.5971,0.56493,0.05095
245,"In this case, Many people really",dua_unemb,0.9,1,32,0.90175,0.7263,1.58853,1.51089,0.06321
245,"In this case, Many people really",dua_unemb,0.99,1,48,0.99147,0.74531,4.05661,3.93065,0.10055
245,"In this case, Many people really",euc_dmd,0.3,1,4,0.41388,0.38504,0.40095,0.40421,0.20317
245,"In this case, Many people really",euc_dmd,0.5,1,5,0.65498,0.38818,0.55615,0.55713,0.20955
245,"In this case, Many people really",euc_dmd,0.7,1,6,0.83395,0.42876,0.73378,0.73116,0.24661
245,"In this case, Many people really",euc_dmd,0.9,1,7,0.92895,0.48568,0.95583,0.94847,0.24491
245,"In this case, Many people really",euc_dmd,0.99,1,10,0.9953,0.60401,1.89336,1.86746,0.25383
245,"In this case, Many people really",cau_dmd,0.3,1,4,0.34438,0.3597,0.43312,0.43892,0.21003
245,"In this case, Many people really",cau_dmd,0.5,1,5,0.56408,0.3397,0.5943,0.59881,0.2175
245,"In this case, Many people really",cau_dmd,0.7,1,6,0.758,0.35162,0.76238,0.7645,0.24994
245,"In this case, Many people really",cau_dmd,0.9,1,8,0.94598,0.4143,1.19413,1.18857,0.21068
245,"In this case, Many people really",cau_dmd,0.99,1,11,0.99532,0.45338,2.12273,2.10097,0.21056
245,"In this case, Many people really",dua_dmd,0.3,1,6,0.33676,0.60062,0.11586,0.11806,0.03969
245,"In this case, Many people really",dua_dmd,0.5,1,9,0.55135,0.59171,0.2569,0.25611,0.04642
245,"In this case, Many people really",dua_dmd,0.7,1,12,0.70731,0.59126,0.43913,0.43334,0.05293
245,"In this case, Many people really",dua_dmd,0.9,1,20,0.91263,0.60929,1.26929,1.24291,0.07222
245,"In this case, Many people really",dua_dmd,0.99,1,36,0.99175,0.66468,3.91889,3.83833,0.08779
95,"Over time, Parents rarely",euc_ctx,0.3,1,11,0.33144,0.5058,0.39984,0.40647,0.05057
95,"Over time, Parents rarely",euc_ctx,0.5,1,13,0.5695,0.50238,0.54606,0.55053,0.06134
95,"Over time, Parents rarely",euc_ctx,0.7,1,15,0.77792,0.53496,0.69228,0.69299,0.05979
95,"Over time, Parents rarely",euc_ctx,0.9,1,17,0.90185,0.58681,0.85917,0.85475,0.06373
95,"Over time, Parents rarely",euc_ctx,0.99,1,23,0.99355,0.71019,1.56473,1.54041,0.0662
95,"Over time, Parents rarely",cau_ctx,0.3,1,22,0.31455,0.53038,0.59063,0.59563,0.12374
95,"Over time, Parents rarely",cau_ctx,0.5,1,26,0.55019,0.46549,0.92044,0.92143,0.143
95,"Over time, Parents rarely",cau_ctx,0.7,1,29,0.71832,0.41882,1.24138,1.23762,0.15942
95,"Over time, Parents rarely",cau_ctx,0.9,1,35,0.9171,0.33515,2.04105,2.02442,0.16472
95,"Over time, Parents rarely",cau_ctx,0.99,1,44,0.99004,0.23342,3.46508,3.42494,0.17614
95,"Over time, Parents rarely",dua_ctx,0.3,1,31,0.30879,0.62971,0.52087,0.51143,0.01044
95,"Over time, Parents rarely",dua_ctx,0.5,1,44,0.50309,0.59116,1.10676,1.07771,0.01548
95,"Over time, Parents rarely",dua_ctx,0.7,1,58,0.70547,0.55078,1.96662,1.91016,0.02208
95,"Over time, Parents rarely",dua_ctx,0.9,1,74,0.90204,0.51639,3.19693,3.10871,0.04
95,"Over time, Parents rarely",dua_ctx,0.99,1,91,0.99144,0.50198,4.51872,4.40561,0.07037
95,"Over time, Parents rarely",euc_unemb,0.3,1,5,0.49978,0.56699,0.36856,0.37391,0.10004
95,"Over time, Parents rarely",euc_unemb,0.5,1,6,0.77876,0.59506,0.6739,0.67435,0.13986
95,"Over time, Parents rarely",euc_unemb,0.7,1,6,0.77876,0.59506,0.6739,0.67435,0.13986
95,"Over time, Parents rarely",euc_unemb,0.9,1,7,0.92566,0.62954,1.10062,1.09345,0.15098
95,"Over time, Parents rarely",euc_unemb,0.99,1,9,0.99367,0.65821,2.07707,2.05107,0.16723
95,"Over time, Parents rarely",cau_unemb,0.3,1,5,0.36341,0.51113,0.31574,0.32405,0.05225
95,"Over time, Parents rarely",cau_unemb,0.5,1,6,0.63853,0.52286,0.48771,0.49362,0.12793
95,"Over time, Parents rarely",cau_unemb,0.7,1,7,0.84526,0.56317,0.74227,0.74343,0.14164
95,"Over time, Parents rarely",cau_unemb,0.9,1,8,0.94403,0.60238,1.07301,1.0676,0.14296
95,"Over time, Parents rarely",cau_unemb,0.99,1,10,0.99377,0.63538,1.84571,1.82456,0.15508
95,"Over time, Parents rarely",dua_unemb,0.3,1,7,0.39481,0.66837,0.15727,0.15943,0.02624
95,"Over time, Parents rarely",dua_unemb,0.5,1,8,0.50249,0.67507,0.21712,0.21755,0.03792
95,"Over time, Parents rarely",dua_unemb,0.7,1,11,0.76642,0.69868,0.49886,0.49025,0.04081
95,"Over time, Parents rarely",dua_unemb,0.9,1,14,0.90644,0.71781,0.9981,0.97473,0.09562
95,"Over time, Parents rarely",dua_unemb,0.99,1,20,0.99083,0.73393,2.61861,2.55395,0.09942
95,"Over time, Parents rarely",euc_dmd,0.3,1,5,0.50288,0.50193,0.49097,0.49812,0.15178
95,"Over time, Parents rarely",euc_dmd,0.5,1,5,0.50288,0.50193,0.49097,0.49812,0.15178
95,"Over time, Parents rarely",euc_dmd,0.7,1,6,0.77734,0.54429,0.74743,0.75044,0.15085
95,"Over time, Parents rarely",euc_dmd,0.9,1,7,0.92291,0.60847,1.10967,1.10613,0.15463
95,"Over time, Parents rarely",euc_dmd,0.99,1,9,0.99277,0.69298,2.03523,2.01477,0.15672
95,"Over time, Parents rarely",cau_dmd,0.3,1,6,0.52655,0.46449,0.59261,0.60155,0.11775
95,"Over time, Parents rarely",cau_dmd,0.5,1,6,0.52655,0.46449,0.59261,0.60155,0.11775
95,"Over time, Parents rarely",cau_dmd,0.7,1,7,0.75151,0.50403,0.76113,0.76705,0.07104
95,"Over time, Parents rarely",cau_dmd,0.9,1,9,0.95545,0.61729,1.32954,1.32494,0.0816
95,"Over time, Parents rarely",cau_dmd,0.99,1,11,0.99313,0.68045,2.10452,2.08618,0.08285
95,"Over time, Parents rarely",dua_dmd,0.3,1,6,0.36362,0.63214,0.16744,0.17225,0.02974
95,"Over time, Parents rarely",dua_dmd,0.5,1,8,0.57669,0.62771,0.29388,0.29778,0.04623
95,"Over time, Parents rarely",dua_dmd,0.7,1,10,0.72614,0.62822,0.44581,0.44788,0.04623
95,"Over time, Parents rarely",dua_dmd,0.9,1,15,0.92224,0.63853,1.08729,1.07999,0.05938
95,"Over time, Parents rarely",dua_dmd,0.99,1,21,0.99235,0.66305,2.40127,2.37084,0.06811
144,"Today, Most doctors always",euc_ctx,0.3,1,9,0.38863,0.42101,0.28096,0.28817,0.02874
144,"Today, Most doctors always",euc_ctx,0.5,1,11,0.61078,0.43794,0.49964,0.50547,0.04931
144,"Today, Most doctors always",euc_ctx,0.7,1,12,0.71144,0.45117,0.64117,0.64567,0.16836
144,"Today, Most doctors always",euc_ctx,0.9,1,15,0.9053,0.49656,1.1823,1.18072,0.254
144,"Today, Most doctors always",euc_ctx,0.99,1,21,0.99306,0.55641,2.57134,2.55275,0.27544
144,"Today, Most doctors always",cau_ctx,0.3,1,17,0.32082,0.38351,0.33667,0.34367,0.03527
144,"Today, Most doctors always",cau_ctx,0.5,1,21,0.53858,0.37631,0.59622,0.60181,0.18965
144,"Today, Most doctors always",cau_ctx,0.7,1,25,0.74456,0.37611,0.9734,0.97564,0.23083
144,"Today, Most doctors always",cau_ctx,0.9,1,30,0.90306,0.37742,1.60091,1.5966,0.26339
144,"Today, Most doctors always",cau_ctx,0.99,1,40,0.99033,0.35669,3.20061,3.17847,0.28985
144,"Today, Most doctors always",dua_ctx,0.3,1,29,0.30515,0.39484,0.41668,0.41189,0.02345
144,"Today, Most doctors always",dua_ctx,0.5,1,44,0.50461,0.36206,0.97819,0.95455,0.0377
144,"Today, Most doctors always",dua_ctx,0.7,1,60,0.70601,0.32385,1.85734,1.8073,0.03919
144,"Today, Most doctors always",dua_ctx,0.9,1,81,0.90074,0.27516,3.45659,3.37182,0.18616
144,"Today, Most doctors always",dua_ctx,0.99,1,100,0.99095,0.24102,5.45459,5.34617,0.28304
144,"Today, Most doctors always",euc_unemb,0.3,1,4,0.5099,0.39732,0.24407,0.24773,0.02721
144,"Today, Most doctors always",euc_unemb,0.5,1,4,0.5099,0.39732,0.24407,0.24773,0.02721
144,"Today, Most doctors always",euc_unemb,0.7,1,5,0.76542,0.44429,0.52704,0.5273,0.16696
144,"Today, Most doctors always",euc_unemb,0.9,1,6,0.91101,0.49029,0.96827,0.96265,0.26309
144,"Today, Most doctors always",euc_unemb,0.99,1,8,0.99016,0.53067,2.1142,2.09289,0.29379
144,"Today, Most doctors always",cau_unemb,0.3,1,4,0.4069,0.3854,0.17927,0.18578,0.01666
144,"Today, Most doctors always",cau_unemb,0.5,1,5,0.65799,0.4238,0.3595,0.36458,0.0527
144,"Today, Most doctors always",cau_unemb,0.7,1,6,0.84332,0.47677,0.66057,0.66213,0.22415
144,"Today, Most doctors always",cau_unemb,0.9,1,7,0.93755,0.52141,1.07357,1.06989,0.27514
144,"Today, Most doctors always",cau_unemb,0.99,1,9,0.99142,0.56521,2.08184,2.06507,0.29332
144,"Today, Most doctors always",dua_unemb,0.3,1,5,0.32145,0.42971,0.09345,0.0966,0.00436
144,"Today, Most doctors always",dua_unemb,0.5,1,7,0.51481,0.43866,0.18151,0.1828,0.00803
144,"Today, Most doctors always",dua_unemb,0.7,1,10,0.74778,0.45377,0.38066,0.37586,0.02521
144,"Today, Most doctors always",dua_unemb,0.9,1,14,0.91567,0.46673,0.78541,0.76755,0.0525
144,"Today, Most doctors always",dua_unemb,0.99,1,20,0.99253,0.47097,1.75554,1.71065,0.21076
144,"Today, Most doctors always",euc_dmd,0.3,1,4,0.51975,0.39849,0.27699,0.28287,0.0259
144,"Today, Most doctors always",euc_dmd,0.5,1,4,0.51975,0.39849,0.27699,0.28287,0.0259
144,"Today, Most doctors always",euc_dmd,0.7,1,5,0.77281,0.45917,0.54809,0.55122,0.17881
144,"Today, Most doctors always",euc_dmd,0.9,1,6,0.91419,0.52771,0.96472,0.96275,0.26495
144,"Today, Most doctors always",euc_dmd,0.99,1,8,0.99039,0.61291,2.07615,2.06001,0.29908
144,"Today, Most doctors always",cau_dmd,0.3,1,4,0.36378,0.36125,0.20566,0.21418,0.0184
144,"Today, Most doctors always",cau_dmd,0.5,1,5,0.60064,0.39492,0.35015,0.35829,0.02375
144,"Today, Most doctors always",cau_dmd,0.7,1,6,0.79663,0.45437,0.58179,0.58781,0.179
144,"Today, Most doctors always",cau_dmd,0.9,1,7,0.90988,0.51928,0.91524,0.91756,0.2743
144,"Today, Most doctors always",cau_dmd,0.99,1,10,0.99386,0.63714,2.30548,2.29144,0.30102
144,"Today, Most doctors always",dua_dmd,0.3,1,5,0.39991,0.41604,0.12205,0.12699,0.0104
144,"Today, Most doctors always",dua_dmd,0.5,1,6,0.51195,0.41681,0.16928,0.17414,0.01392
144,"Today, Most doctors always",dua_dmd,0.7,1,9,0.74557,0.42066,0.33277,0.33591,0.01597
144,"Today, Most doctors always",dua_dmd,0.9,1,13,0.91296,0.42944,0.64025,0.63798,0.03079
144,"Today, Most doctors always",dua_dmd,0.99,1,19,0.99133,0.44728,1.37371,1.35654,0.17688
24,"At work, The workers now",euc_ctx,0.3,1,9,0.31631,0.41601,0.3181,0.32393,0.05646
24,"At work, The workers now",euc_ctx,0.5,1,11,0.52898,0.40214,0.41981,0.4247,0.06173
24,"At work, The workers now",euc_ctx,0.7,1,13,0.73151,0.42593,0.49786,0.5008,0.06239
24,"At work, The workers now",euc_ctx,0.9,1,16,0.91132,0.51167,0.60725,0.60555,0.05455
24,"At work, The workers now",euc_ctx,0.99,1,22,0.99312,0.6907,1.00249,0.98716,0.05398
24,"At work, The workers now",cau_ctx,0.3,1,18,0.33113,0.38589,0.56431,0.57111,0.05521
24,"At work, The workers now",cau_ctx,0.5,1,22,0.55396,0.31421,0.89568,0.89977,0.21067
24,"At work, The workers now",cau_ctx,0.7,1,25,0.71361,0.27119,1.19746,1.19813,0.26117
24,"At work, The workers now",cau_ctx,0.9,1,31,0.91093,0.20557,1.91662,1.90766,0.28642
24,"At work, The workers now",cau_ctx,0.99,1,41,0.99135,0.12995,3.33784,3.3084,0.28863
24,"At work, The workers now",dua_ctx,0.3,1,34,0.30206,0.59519,0.50956,0.50026,0.03851
24,"At work, The workers now",dua_ctx,0.5,1,54,0.50676,0.56662,1.33949,1.30185,0.04358
24,"At work, The workers now",dua_ctx,0.7,1,77,0.70607,0.55764,2.62238,2.54768,0.04798
24,"At work, The workers now",dua_ctx,0.9,1,104,0.90209,0.55456,4.15447,4.0485,0.06033
24,"At work, The workers now",dua_ctx,0.99,1,121,0.99113,0.55221,5.14507,5.02445,0.06365
24,"At work, The workers now",euc_unemb,0.3,1,5,0.51362,0.46583,0.27056,0.27322,0.02905
24,"At work, The workers now",euc_unemb,0.5,1,5,0.51362,0.46583,0.27056,0.27322,0.02905
24,"At work, The workers now",euc_unemb,0.7,1,6,0.73799,0.5052,0.36877,0.36868,0.02914
24,"At work, The workers now",euc_unemb,0.9,1,8,0.95338,0.62508,0.71061,0.70057,0.04908
24,"At work, The workers now",euc_unemb,0.99,1,10,0.99349,0.68198,1.2583,1.23455,0.05545
24,"At work, The workers now",cau_unemb,0.3,1,5,0.45027,0.41889,0.26408,0.26872,0.03179
24,"At work, The workers now",cau_unemb,0.5,1,6,0.67045,0.44272,0.31289,0.3159,0.03325
24,"At work, The workers now",cau_unemb,0.7,1,7,0.83466,0.49869,0.36871,0.36891,0.03168
24,"At work, The workers now",cau_unemb,0.9,1,8,0.92598,0.56645,0.45878,0.45506,0.04162
24,"At work, The workers now",cau_unemb,0.99,1,11,0.99474,0.69612,0.98069,0.96086,0.04984
24,"At work, The workers now",dua_unemb,0.3,1,7,0.30709,0.64771,0.10699,0.1087,0.00545
24,"At work, The workers now",dua_unemb,0.5,1,11,0.54118,0.67241,0.32246,0.31589,0.00768
24,"At work, The workers now",dua_unemb,0.7,1,17,0.72137,0.71195,0.82675,0.79917,0.01389
24,"At work, The workers now",dua_unemb,0.9,1,31,0.91001,0.75951,2.66566,2.56964,0.02501
24,"At work, The workers now",dua_unemb,0.99,1,41,0.99109,0.76309,3.94957,3.82274,0.05835
24,"At work, The workers now",euc_dmd,0.3,1,4,0.42016,0.3887,0.33292,0.33763,0.04818
24,"At work, The workers now",euc_dmd,0.5,1,5,0.68346,0.40568,0.42573,0.42839,0.05499
24,"At work, The workers now",euc_dmd,0.7,1,6,0.86425,0.46917,0.53215,0.53122,0.06121
24,"At work, The workers now",euc_dmd,0.9,1,7,0.94888,0.55031,0.68523,0.67942,0.06158
24,"At work, The workers now",euc_dmd,0.99,1,9,0.99347,0.6793,1.13101,1.11286,0.06592
24,"At work, The workers now",cau_dmd,0.3,1,4,0.34008,0.36448,0.36759,0.37442,0.04719
24,"At work, The workers now",cau_dmd,0.5,1,5,0.57397,0.35801,0.44682,0.4526,0.06003
24,"At work, The workers now",cau_dmd,0.7,1,6,0.77426,0.3895,0.52777,0.53123,0.05941
24,"At work, The workers now",cau_dmd,0.9,1,8,0.95387,0.4926,0.82307,0.81859,0.06012
24,"At work, The workers now",cau_dmd,0.99,1,10,0.9914,0.55426,1.29533,1.27995,0.06117
24,"At work, The workers now",dua_dmd,0.3,1,5,0.30877,0.61905,0.1041,0.10755,0.01007
24,"At work, The workers now",dua_dmd,0.5,1,7,0.53517,0.61461,0.22637,0.22831,0.03153
24,"At work, The workers now",dua_dmd,0.7,1,9,0.70443,0.61967,0.37219,0.37096,0.03289
24,"At work, The workers now",dua_dmd,0.9,1,14,0.92641,0.65059,0.80199,0.78758,0.0513
24,"At work, The workers now",dua_dmd,0.99,1,18,0.99121,0.67984,1.23986,1.21092,0.05396
253,"Usually, Many people often",euc_ctx,0.3,1,10,0.40391,0.58756,0.27601,0.2836,0.0965
253,"Usually, Many people often",euc_ctx,0.5,1,11,0.51904,0.59119,0.35649,0.36333,0.10368
253,"Usually, Many people often",euc_ctx,0.7,1,13,0.73225,0.6124,0.55402,0.55803,0.109
253,"Usually, Many people often",euc_ctx,0.9,1,16,0.91667,0.66026,0.93148,0.92855,0.1294
253,"Usually, Many people often",euc_ctx,0.99,1,21,0.99105,0.71983,1.7014,1.6835,0.13948
253,"Usually, Many people often",cau_ctx,0.3,1,19,0.33819,0.62447,0.43067,0.439,0.09606
253,"Usually, Many people often",cau_ctx,0.5,1,22,0.50431,0.60711,0.62058,0.62754,0.10455
253,"Usually, Many people often",cau_ctx,0.7,1,26,0.71827,0.58745,0.94615,0.94948,0.12261
253,"Usually, Many people often",cau_ctx,0.9,1,32,0.91037,0.5561,1.57799,1.57265,0.1067
253,"Usually, Many people often",cau_ctx,0.99,1,42,0.99052,0.45984,2.92625,2.90154,0.11575
253,"Usually, Many people often",dua_ctx,0.3,1,34,0.30801,0.59615,0.66948,0.66179,0.03197
253,"Usually, Many people often",dua_ctx,0.5,1,50,0.50583,0.56049,1.61253,1.58192,0.02634
253,"Usually, Many people often",dua_ctx,0.7,1,65,0.70522,0.522,2.8521,2.79408,0.04756
253,"Usually, Many people often",dua_ctx,0.9,1,82,0.90185,0.48595,4.53259,4.44486,0.05546
253,"Usually, Many people often",dua_ctx,0.99,1,97,0.99167,0.47148,6.07878,5.97127,0.13373
253,"Usually, Many people often",euc_unemb,0.3,1,4,0.37568,0.55066,0.17679,0.18249,0.02305
253,"Usually, Many people often",euc_unemb,0.5,1,5,0.65305,0.58065,0.3465,0.34969,0.0408
253,"Usually, Many people often",euc_unemb,0.7,1,6,0.85475,0.62449,0.63129,0.62931,0.10548
253,"Usually, Many people often",euc_unemb,0.9,1,7,0.94837,0.65605,1.00868,0.99959,0.11168
253,"Usually, Many people often",euc_unemb,0.99,1,9,0.9944,0.67446,1.87882,1.85309,0.11733
253,"Usually, Many people often",cau_unemb,0.3,1,5,0.53835,0.54026,0.25996,0.2669,0.03201
253,"Usually, Many people often",cau_unemb,0.5,1,5,0.53835,0.54026,0.25996,0.2669,0.03201
253,"Usually, Many people often",cau_unemb,0.7,1,6,0.76613,0.58263,0.43617,0.44014,0.09662
253,"Usually, Many people often",cau_unemb,0.9,1,7,0.90154,0.62729,0.69602,0.69508,0.10437
253,"Usually, Many people often",cau_unemb,0.99,1,10,0.99482,0.67602,1.75854,1.73737,0.11702
253,"Usually, Many people often",dua_unemb,0.3,1,6,0.33416,0.61949,0.1181,0.1203,0.01478
253,"Usually, Many people often",dua_unemb,0.5,1,8,0.50208,0.62845,0.22428,0.22371,0.02475
253,"Usually, Many people often",dua_unemb,0.7,1,11,0.71054,0.64439,0.47814,0.47038,0.03485
253,"Usually, Many people often",dua_unemb,0.9,1,16,0.91736,0.66852,1.24838,1.22121,0.04952
253,"Usually, Many people often",dua_unemb,0.99,1,21,0.99188,0.68779,2.47417,2.41875,0.05492
253,"Usually, Many people often",euc_dmd,0.3,1,4,0.39172,0.51761,0.24238,0.25054,0.10489
253,"Usually, Many people often",euc_dmd,0.5,1,5,0.67062,0.54781,0.42801,0.43414,0.09449
253,"Usually, Many people often",euc_dmd,0.7,1,6,0.86498,0.59979,0.71614,0.71768,0.12661
253,"Usually, Many people often",euc_dmd,0.9,1,7,0.95245,0.64319,1.09598,1.09108,0.13651
253,"Usually, Many people often",euc_dmd,0.99,1,9,0.99479,0.6811,1.99345,1.97318,0.16039
253,"Usually, Many people often",cau_dmd,0.3,1,5,0.49292,0.49176,0.35406,0.36447,0.09755
253,"Usually, Many people often",cau_dmd,0.5,1,6,0.72022,0.52842,0.51926,0.52785,0.12381
253,"Usually, Many people often",cau_dmd,0.7,1,6,0.72022,0.52842,0.51926,0.52785,0.12381
253,"Usually, Many people often",cau_dmd,0.9,1,8,0.94558,0.62423,1.07245,1.0726,0.1531
253,"Usually, Many people often",cau_dmd,0.99,1,10,0.9911,0.67167,1.82507,1.81338,0.16091
253,"Usually, Many people often",dua_dmd,0.3,1,5,0.3557,0.59852,0.14575,0.15151,0.03692
253,"Usually, Many people often",dua_dmd,0.5,1,7,0.57953,0.5955,0.30154,0.30718,0.04611
253,"Usually, Many people often",dua_dmd,0.7,1,9,0.72948,0.59534,0.49128,0.49574,0.05204
253,"Usually, Many people often",dua_dmd,0.9,1,13,0.90844,0.60284,1.01421,1.01332,0.13318
253,"Usually, Many people often",dua_dmd,0.99,1,18,0.99088,0.62881,2.014,1.9992,0.13721
207,"Lately, Both of them usually",euc_ctx,0.3,1,4,0.39504,0.51412,0.0915,0.09408,0.08858
207,"Lately, Both of them usually",euc_ctx,0.5,1,5,0.51563,0.51163,0.14087,0.14319,0.10016
207,"Lately, Both of them usually",euc_ctx,0.7,1,7,0.739,0.53217,0.26574,0.26626,0.10414
207,"Lately, Both of them usually",euc_ctx,0.9,1,10,0.92482,0.59727,0.52413,0.5193,0.12387
207,"Lately, Both of them usually",euc_ctx,0.99,1,15,0.99303,0.67914,1.13921,1.12167,0.13382
207,"Lately, Both of them usually",cau_ctx,0.3,1,7,0.34754,0.53971,0.09541,0.09885,0.01621
207,"Lately, Both of them usually",cau_ctx,0.5,1,10,0.53192,0.53672,0.19923,0.20246,0.1061
207,"Lately, Both of them usually",cau_ctx,0.7,1,13,0.70912,0.54868,0.346,0.34777,0.10473
207,"Lately, Both of them usually",cau_ctx,0.9,1,19,0.91937,0.59103,0.78067,0.77629,0.14977
207,"Lately, Both of them usually",cau_ctx,0.99,1,28,0.99169,0.61855,1.71868,1.70026,0.1668
207,"Lately, Both of them usually",dua_ctx,0.3,1,16,0.30915,0.55851,0.15304,0.15252,0.00654
207,"Lately, Both of them usually",dua_ctx,0.5,1,29,0.51559,0.53023,0.52148,0.51072,0.02257
207,"Lately, Both of them usually",dua_ctx,0.7,1,42,0.70698,0.50681,1.09675,1.06933,0.02706
207,"Lately, Both of them usually",dua_ctx,0.9,1,60,0.90038,0.49572,2.21806,2.16137,0.04046
207,"Lately, Both of them usually",dua_ctx,0.99,1,80,0.99183,0.50336,3.87896,3.79375,0.0469
207,"Lately, Both of them usually",euc_unemb,0.3,1,2,0.4739,0.5265,0.11396,0.11503,0.09917
207,"Lately, Both of them usually",euc_unemb,0.5,1,3,0.73987,0.55725,0.28805,0.28638,0.12521
207,"Lately, Both of them usually",euc_unemb,0.7,1,3,0.73987,0.55725,0.28805,0.28638,0.12521
207,"Lately, Both of them usually",euc_unemb,0.9,1,4,0.90042,0.61182,0.56393,0.55725,0.14495
207,"Lately, Both of them usually",euc_unemb,0.99,1,7,0.99667,0.70559,1.76611,1.73742,0.16529
207,"Lately, Both of them usually",cau_unemb,0.3,1,2,0.42576,0.52152,0.08669,0.08889,0.09148
207,"Lately, Both of them usually",cau_unemb,0.5,1,3,0.6769,0.54229,0.20638,0.20711,0.10825
207,"Lately, Both of them usually",cau_unemb,0.7,1,4,0.85526,0.59116,0.39727,0.39461,0.1285
207,"Lately, Both of them usually",cau_unemb,0.9,1,5,0.94324,0.6414,0.65752,0.65,0.14112
207,"Lately, Both of them usually",cau_unemb,0.99,1,7,0.99235,0.69999,1.31549,1.29581,0.15439
207,"Lately, Both of them usually",dua_unemb,0.3,1,3,0.37929,0.59147,0.05067,0.05114,0.00827
207,"Lately, Both of them usually",dua_unemb,0.5,1,5,0.59737,0.60824,0.14138,0.13952,0.01795
207,"Lately, Both of them usually",dua_unemb,0.7,1,7,0.76737,0.62761,0.2805,0.27464,0.09609
207,"Lately, Both of them usually",dua_unemb,0.9,1,10,0.91972,0.65804,0.59814,0.58345,0.09983
207,"Lately, Both of them usually",dua_unemb,0.99,1,15,0.9922,0.70147,1.46473,1.42874,0.10421
207,"Lately, Both of them usually",euc_dmd,0.3,1,2,0.47357,0.50128,0.13847,0.1398,0.10419
207,"Lately, Both of them usually",euc_dmd,0.5,1,3,0.73877,0.52315,0.31662,0.31535,0.1198
207,"Lately, Both of them usually",euc_dmd,0.7,1,3,0.73877,0.52315,0.31662,0.31535,0.1198
207,"Lately, Both of them usually",euc_dmd,0.9,1,5,0.9655,0.63541,0.92732,0.91523,0.15062
207,"Lately, Both of them usually",euc_dmd,0.99,1,7,0.99635,0.70971,1.75285,1.72625,0.15593
207,"Lately, Both of them usually",cau_dmd,0.3,1,2,0.39801,0.50083,0.11259,0.11517,0.09616
207,"Lately, Both of them usually",cau_dmd,0.5,1,3,0.63352,0.5061,0.23173,0.23319,0.11826
207,"Lately, Both of them usually",cau_dmd,0.7,1,4,0.81671,0.54303,0.40779,0.4065,0.12302
207,"Lately, Both of them usually",cau_dmd,0.9,1,5,0.9189,0.5914,0.65222,0.64686,0.1235
207,"Lately, Both of them usually",cau_dmd,0.99,1,8,0.99426,0.68624,1.65829,1.63638,0.13121
207,"Lately, Both of them usually",dua_dmd,0.3,1,3,0.41231,0.56908,0.07414,0.07444,0.01174
207,"Lately, Both of them usually",dua_dmd,0.5,1,4,0.52969,0.56887,0.12624,0.1259,0.01514
207,"Lately, Both of them usually",dua_dmd,0.7,1,6,0.71569,0.57226,0.26898,0.26671,0.01692
207,"Lately, Both of them usually",dua_dmd,0.9,1,10,0.90235,0.58676,0.69496,0.68731,0.02405
207,"Lately, Both of them usually",dua_dmd,0.99,1,17,0.99289,0.62988,1.83797,1.81343,0.03089
41,"Over time, The engineers generally",euc_ctx,0.3,1,12,0.3424,0.19796,0.73029,0.73463,0.15829
41,"Over time, The engineers generally",euc_ctx,0.5,1,14,0.5594,0.1925,0.89663,0.8996,0.15737
41,"Over time, The engineers generally",euc_ctx,0.7,1,16,0.75538,0.21375,1.02524,1.02625,0.14573
41,"Over time, The engineers generally",euc_ctx,0.9,1,19,0.92089,0.28889,1.19402,1.19101,0.0701
41,"Over time, The engineers generally",euc_ctx,0.99,1,24,0.99046,0.46676,1.61784,1.60523,0.05096
41,"Over time, The engineers generally",cau_ctx,0.3,1,24,0.34573,0.18374,1.04437,1.04832,0.13601
41,"Over time, The engineers generally",cau_ctx,0.5,1,27,0.50971,0.15068,1.38631,1.38742,0.13955
41,"Over time, The engineers generally",cau_ctx,0.7,1,31,0.71956,0.11568,1.9505,1.94598,0.14135
41,"Over time, The engineers generally",cau_ctx,0.9,1,37,0.90879,0.0777,2.97827,2.96221,0.13328
41,"Over time, The engineers generally",cau_ctx,0.99,1,48,0.99169,0.03714,5.09836,5.05687,0.1355
41,"Over time, The engineers generally",dua_ctx,0.3,1,33,0.31318,0.44963,0.50941,0.50621,0.02316
41,"Over time, The engineers generally",dua_ctx,0.5,1,46,0.50237,0.42863,1.04468,1.02844,0.03298
41,"Over time, The engineers generally",dua_ctx,0.7,1,60,0.70511,0.40743,1.84615,1.81108,0.0355
41,"Over time, The engineers generally",dua_ctx,0.9,1,76,0.90907,0.39282,3.11564,3.05609,0.03894
41,"Over time, The engineers generally",dua_ctx,0.99,1,90,0.99161,0.40246,4.58626,4.50664,0.04201
41,"Over time, The engineers generally",euc_unemb,0.3,1,5,0.34437,0.24822,0.48879,0.49238,0.1179
41,"Over time, The engineers generally",euc_unemb,0.5,1,6,0.61105,0.25648,0.67096,0.67256,0.14284
41,"Over time, The engineers generally",euc_unemb,0.7,1,7,0.82509,0.30355,0.8845,0.88265,0.14876
41,"Over time, The engineers generally",euc_unemb,0.9,1,8,0.93423,0.37123,1.15996,1.15318,0.16187
41,"Over time, The engineers generally",euc_unemb,0.99,1,10,0.99234,0.48023,1.9316,1.91145,0.17593
41,"Over time, The engineers generally",cau_unemb,0.3,1,6,0.46692,0.23809,0.56829,0.57322,0.13228
41,"Over time, The engineers generally",cau_unemb,0.5,1,7,0.69997,0.26237,0.70602,0.70911,0.13932
41,"Over time, The engineers generally",cau_unemb,0.7,1,8,0.86112,0.31576,0.86521,0.86533,0.14572
41,"Over time, The engineers generally",cau_unemb,0.9,1,9,0.94265,0.38246,1.07712,1.07314,0.15214
41,"Over time, The engineers generally",cau_unemb,0.99,1,11,0.99133,0.49149,1.69103,1.67611,0.16238
41,"Over time, The engineers generally",dua_unemb,0.3,1,7,0.31055,0.47559,0.14045,0.14351,0.01363
41,"Over time, The engineers generally",dua_unemb,0.5,1,9,0.50293,0.48352,0.26324,0.26426,0.02712
41,"Over time, The engineers generally",dua_unemb,0.7,1,12,0.7334,0.50274,0.5587,0.55371,0.03745
41,"Over time, The engineers generally",dua_unemb,0.9,1,17,0.91616,0.53527,1.40434,1.38281,0.11362
41,"Over time, The engineers generally",dua_unemb,0.99,1,23,0.99033,0.57311,2.89077,2.84171,0.11516
41,"Over time, The engineers generally",euc_dmd,0.3,1,5,0.38215,0.18493,0.73958,0.74292,0.16289
41,"Over time, The engineers generally",euc_dmd,0.5,1,6,0.64996,0.18889,0.95156,0.95274,0.16198
41,"Over time, The engineers generally",euc_dmd,0.7,1,7,0.84695,0.22888,1.15874,1.15676,0.14876
41,"Over time, The engineers generally",euc_dmd,0.9,1,8,0.94238,0.29493,1.39212,1.38598,0.13718
41,"Over time, The engineers generally",euc_dmd,0.99,1,10,0.99286,0.4421,2.01975,2.00252,0.08812
41,"Over time, The engineers generally",cau_dmd,0.3,1,6,0.42539,0.18402,0.81019,0.81576,0.16367
41,"Over time, The engineers generally",cau_dmd,0.5,1,7,0.64592,0.19392,0.96792,0.97199,0.15773
41,"Over time, The engineers generally",cau_dmd,0.7,1,8,0.81582,0.22894,1.1315,1.13333,0.13369
41,"Over time, The engineers generally",cau_dmd,0.9,1,9,0.91384,0.28287,1.32173,1.32054,0.08759
41,"Over time, The engineers generally",cau_dmd,0.99,1,12,0.99265,0.45463,2.17086,2.1563,0.08065
41,"Over time, The engineers generally",dua_dmd,0.3,1,6,0.33424,0.44911,0.1565,0.16058,0.02211
41,"Over time, The engineers generally",dua_dmd,0.5,1,8,0.58605,0.44431,0.31813,0.32161,0.03679
41,"Over time, The engineers generally",dua_dmd,0.7,1,10,0.76404,0.44613,0.52909,0.53114,0.04306
41,"Over time, The engineers generally",dua_dmd,0.9,1,13,0.90078,0.45468,0.9463,0.94468,0.04391
41,"Over time, The engineers generally",dua_dmd,0.99,1,19,0.99003,0.48489,2.21216,2.19573,0.04455
187,"Lately, Students still",euc_ctx,0.3,1,8,0.34215,0.42648,0.25847,0.26487,0.04833
187,"Lately, Students still",euc_ctx,0.5,1,10,0.57382,0.43219,0.3848,0.39035,0.05798
187,"Lately, Students still",euc_ctx,0.7,1,12,0.777,0.47296,0.52819,0.53153,0.0506
187,"Lately, Students still",euc_ctx,0.9,1,14,0.90011,0.53357,0.70774,0.70761,0.0486
187,"Lately, Students still",euc_ctx,0.99,1,20,0.9936,0.67675,1.51421,1.499,0.0623
187,"Lately, Students still",cau_ctx,0.3,1,15,0.30242,0.45176,0.40133,0.41048,0.04359
187,"Lately, Students still",cau_ctx,0.5,1,19,0.53588,0.42969,0.65321,0.66166,0.05271
187,"Lately, Students still",cau_ctx,0.7,1,22,0.70786,0.43344,0.877,0.8838,0.05503
187,"Lately, Students still",cau_ctx,0.9,1,28,0.9161,0.47166,1.42995,1.43074,0.07112
187,"Lately, Students still",cau_ctx,0.99,1,37,0.99122,0.50739,2.55901,2.54599,0.2565
187,"Lately, Students still",dua_ctx,0.3,1,34,0.30419,0.53812,0.74197,0.73241,0.02757
187,"Lately, Students still",dua_ctx,0.5,1,53,0.51023,0.51785,2.00979,1.9725,0.03788
187,"Lately, Students still",dua_ctx,0.7,1,73,0.70897,0.50464,3.71121,3.63988,0.05568
187,"Lately, Students still",dua_ctx,0.9,1,95,0.90214,0.49388,5.73662,5.63617,0.0688
187,"Lately, Students still",dua_ctx,0.99,1,110,0.9919,0.49353,6.93633,6.82035,0.07733
187,"Lately, Students still",euc_unemb,0.3,1,4,0.4104,0.41542,0.23219,0.2355,0.05367
187,"Lately, Students still",euc_unemb,0.5,1,5,0.66229,0.43723,0.35995,0.36106,0.0616
187,"Lately, Students still",euc_unemb,0.7,1,6,0.84749,0.48681,0.55069,0.54777,0.06866
187,"Lately, Students still",euc_unemb,0.9,1,7,0.94063,0.53674,0.82448,0.81593,0.07566
187,"Lately, Students still",euc_unemb,0.99,1,9,0.99244,0.58238,1.5724,1.54962,0.07974
187,"Lately, Students still",cau_unemb,0.3,1,4,0.37272,0.37603,0.24106,0.24605,0.04719
187,"Lately, Students still",cau_unemb,0.5,1,5,0.61281,0.38684,0.33153,0.33532,0.05727
187,"Lately, Students still",cau_unemb,0.7,1,6,0.80794,0.43344,0.43719,0.43841,0.06328
187,"Lately, Students still",cau_unemb,0.9,1,7,0.91774,0.49646,0.59059,0.58795,0.07008
187,"Lately, Students still",cau_unemb,0.99,1,10,0.99515,0.61951,1.38414,1.36485,0.07259
187,"Lately, Students still",dua_unemb,0.3,1,7,0.35563,0.5657,0.13335,0.13262,0.00664
187,"Lately, Students still",dua_unemb,0.5,1,10,0.51302,0.58473,0.31211,0.30463,0.0186
187,"Lately, Students still",dua_unemb,0.7,1,18,0.71581,0.62474,1.14198,1.106,0.05176
187,"Lately, Students still",dua_unemb,0.9,1,30,0.90578,0.65073,3.5149,3.42023,0.07698
187,"Lately, Students still",dua_unemb,0.99,1,39,0.99238,0.66097,5.61653,5.4913,0.08468
187,"Lately, Students still",euc_dmd,0.3,1,3,0.30961,0.37009,0.22914,0.23488,0.05789
187,"Lately, Students still",euc_dmd,0.5,1,4,0.60327,0.37333,0.35836,0.36308,0.06558
187,"Lately, Students still",euc_dmd,0.7,1,5,0.837,0.43438,0.5136,0.51528,0.07629
187,"Lately, Students still",euc_dmd,0.9,1,6,0.94513,0.5191,0.74236,0.73917,0.07929
187,"Lately, Students still",euc_dmd,0.99,1,8,0.99471,0.63831,1.42818,1.41176,0.07801
187,"Lately, Students still",cau_dmd,0.3,1,4,0.54426,0.32022,0.39549,0.40296,0.06643
187,"Lately, Students still",cau_dmd,0.5,1,4,0.54426,0.32022,0.39549,0.40296,0.06643
187,"Lately, Students still",cau_dmd,0.7,1,5,0.78531,0.35986,0.51438,0.52019,0.07339
187,"Lately, Students still",cau_dmd,0.9,1,6,0.91625,0.43273,0.67782,0.68048,0.07909
187,"Lately, Students still",cau_dmd,0.99,1,9,0.996,0.60578,1.55856,1.54563,0.07509
187,"Lately, Students still",dua_dmd,0.3,1,5,0.39525,0.53695,0.13319,0.13693,0.01816
187,"Lately, Students still",dua_dmd,0.5,1,6,0.52348,0.53776,0.20368,0.20671,0.0233
187,"Lately, Students still",dua_dmd,0.7,1,8,0.72077,0.54627,0.37878,0.37883,0.02401
187,"Lately, Students still",dua_dmd,0.9,1,12,0.91993,0.57512,0.86121,0.85117,0.05479
187,"Lately, Students still",dua_dmd,0.99,1,16,0.99308,0.60812,1.5761,1.55246,0.06292
60,"Over time, People never",euc_ctx,0.3,1,8,0.3706,0.40675,0.27946,0.28236,0.06154
60,"Over time, People never",euc_ctx,0.5,1,10,0.60388,0.40789,0.39388,0.39499,0.06691
60,"Over time, People never",euc_ctx,0.7,1,11,0.71011,0.42243,0.45059,0.45034,0.06881
60,"Over time, People never",euc_ctx,0.9,1,14,0.90984,0.50024,0.65091,0.6448,0.04262
60,"Over time, People never",euc_ctx,0.99,1,19,0.99042,0.62444,1.17311,1.15335,0.06649
60,"Over time, People never",cau_ctx,0.3,1,15,0.33321,0.42193,0.29103,0.29528,0.05496
60,"Over time, People never",cau_ctx,0.5,1,18,0.50861,0.4122,0.40118,0.40436,0.06059
60,"Over time, People never",cau_ctx,0.7,1,22,0.73126,0.4283,0.56789,0.56825,0.07092
60,"Over time, People never",cau_ctx,0.9,1,27,0.90023,0.47343,0.84166,0.83642,0.06742
60,"Over time, People never",cau_ctx,0.99,1,38,0.99167,0.52347,1.7803,1.75723,0.20512
60,"Over time, People never",dua_ctx,0.3,1,25,0.31235,0.5509,0.25256,0.24753,0.00738
60,"Over time, People never",dua_ctx,0.5,1,37,0.51669,0.52649,0.55536,0.53895,0.0111
60,"Over time, People never",dua_ctx,0.7,1,48,0.70846,0.50547,0.94282,0.91217,0.04177
60,"Over time, People never",dua_ctx,0.9,1,61,0.90621,0.49148,1.55504,1.5036,0.02105
60,"Over time, People never",dua_ctx,0.99,1,73,0.99091,0.50193,2.27495,2.20228,0.03212
60,"Over time, People never",euc_unemb,0.3,1,4,0.49102,0.42053,0.37844,0.37978,0.18177
60,"Over time, People never",euc_unemb,0.5,1,5,0.74422,0.43043,0.61935,0.61684,0.18803
60,"Over time, People never",euc_unemb,0.7,1,5,0.74422,0.43043,0.61935,0.61684,0.18803
60,"Over time, People never",euc_unemb,0.9,1,7,0.96409,0.47942,1.34037,1.32476,0.21759
60,"Over time, People never",euc_unemb,0.99,1,9,0.99601,0.49036,2.26017,2.22799,0.22957
60,"Over time, People never",cau_unemb,0.3,1,4,0.38648,0.41827,0.29237,0.2958,0.17654
60,"Over time, People never",cau_unemb,0.5,1,5,0.62838,0.41669,0.45409,0.45537,0.18356
60,"Over time, People never",cau_unemb,0.7,1,6,0.81992,0.44079,0.66836,0.6658,0.19003
60,"Over time, People never",cau_unemb,0.9,1,7,0.92472,0.47116,0.94733,0.93953,0.2034
60,"Over time, People never",cau_unemb,0.99,1,10,0.99586,0.50685,2.0578,2.02972,0.22968
60,"Over time, People never",dua_unemb,0.3,1,5,0.31992,0.58688,0.10436,0.10506,0.01964
60,"Over time, People never",dua_unemb,0.5,1,7,0.51628,0.59794,0.20397,0.20215,0.02882
60,"Over time, People never",dua_unemb,0.7,1,10,0.75824,0.62056,0.44583,0.43718,0.03436
60,"Over time, People never",dua_unemb,0.9,1,13,0.9072,0.64364,0.86309,0.844,0.05676
60,"Over time, People never",dua_unemb,0.99,1,18,0.99452,0.67825,1.94575,1.90201,0.06711
60,"Over time, People never",euc_dmd,0.3,1,4,0.42325,0.37037,0.45413,0.45617,0.18602
60,"Over time, People never",euc_dmd,0.5,1,5,0.67786,0.36561,0.70115,0.70018,0.26521
60,"Over time, People never",euc_dmd,0.7,1,6,0.85917,0.39332,1.01281,1.00716,0.23222
60,"Over time, People never",euc_dmd,0.9,1,7,0.94691,0.43217,1.39003,1.37838,0.24357
60,"Over time, People never",euc_dmd,0.99,1,9,0.99359,0.49026,2.28431,2.25823,0.26087
60,"Over time, People never",cau_dmd,0.3,1,5,0.45187,0.36918,0.50223,0.50515,0.18575
60,"Over time, People never",cau_dmd,0.5,1,6,0.65875,0.36963,0.69338,0.69403,0.20403
60,"Over time, People never",cau_dmd,0.7,1,7,0.81951,0.39316,0.93433,0.9316,0.23154
60,"Over time, People never",cau_dmd,0.9,1,8,0.91466,0.42766,1.22831,1.22124,0.23426
60,"Over time, People never",cau_dmd,0.99,1,11,0.99305,0.50953,2.33532,2.31149,0.26434
60,"Over time, People never",dua_dmd,0.3,1,6,0.34156,0.55222,0.17436,0.17603,0.03044
60,"Over time, People never",dua_dmd,0.5,1,9,0.51616,0.5474,0.36768,0.36676,0.03191
60,"Over time, People never",dua_dmd,0.7,1,14,0.70076,0.55165,0.9303,0.92049,0.0572
60,"Over time, People never",dua_dmd,0.9,1,23,0.91489,0.56688,2.44269,2.40587,0.06998
60,"Over time, People never",dua_dmd,0.99,1,30,0.99316,0.58094,3.9704,3.9049,0.07192
21,"At work, Students really",euc_ctx,0.3,1,9,0.33762,0.29,0.4525,0.45644,0.21738
21,"At work, Students really",euc_ctx,0.5,1,11,0.55929,0.27992,0.58609,0.58883,0.21934
21,"At work, Students really",euc_ctx,0.7,1,13,0.75868,0.304,0.68635,0.68711,0.21906
21,"At work, Students really",euc_ctx,0.9,1,16,0.92386,0.38643,0.83025,0.82663,0.17595
21,"At work, Students really",euc_ctx,0.99,1,21,0.99113,0.54316,1.24165,1.22754,0.19148
21,"At work, Students really",cau_ctx,0.3,1,16,0.30116,0.32138,0.46674,0.47235,0.1802
21,"At work, Students really",cau_ctx,0.5,1,20,0.53242,0.30148,0.64207,0.64648,0.18134
21,"At work, Students really",cau_ctx,0.7,1,23,0.70124,0.3065,0.78001,0.78266,0.18509
21,"At work, Students really",cau_ctx,0.9,1,29,0.90775,0.33455,1.14832,1.14501,0.15146
21,"At work, Students really",cau_ctx,0.99,1,39,0.99033,0.29491,2.21589,2.19624,0.1739
21,"At work, Students really",dua_ctx,0.3,1,33,0.30947,0.47845,0.67606,0.66476,0.01699
21,"At work, Students really",dua_ctx,0.5,1,48,0.51312,0.43327,1.41245,1.38017,0.03337
21,"At work, Students really",dua_ctx,0.7,1,62,0.71239,0.40071,2.23491,2.1801,0.06385
21,"At work, Students really",dua_ctx,0.9,1,77,0.90501,0.37907,3.28367,3.2079,0.06517
21,"At work, Students really",dua_ctx,0.99,1,91,0.99133,0.38482,4.33006,4.23905,0.0679
21,"At work, Students really",euc_unemb,0.3,1,4,0.31485,0.35886,0.28681,0.28812,0.19975
21,"At work, Students really",euc_unemb,0.5,1,5,0.55791,0.36638,0.39232,0.3916,0.1669
21,"At work, Students really",euc_unemb,0.7,1,6,0.77536,0.4146,0.53445,0.53023,0.07823
21,"At work, Students really",euc_unemb,0.9,1,7,0.9038,0.48276,0.75765,0.7484,0.08486
21,"At work, Students really",euc_unemb,0.99,1,10,0.99459,0.60015,1.88319,1.85242,0.10703
21,"At work, Students really",cau_unemb,0.3,1,5,0.44849,0.36889,0.33022,0.33271,0.20206
21,"At work, Students really",cau_unemb,0.5,1,6,0.6635,0.40056,0.406,0.40646,0.16536
21,"At work, Students really",cau_unemb,0.7,1,7,0.82533,0.45838,0.52505,0.52225,0.0667
21,"At work, Students really",cau_unemb,0.9,1,8,0.91805,0.52199,0.71468,0.70743,0.05866
21,"At work, Students really",cau_unemb,0.99,1,11,0.99301,0.62038,1.63309,1.60772,0.09735
21,"At work, Students really",dua_unemb,0.3,1,7,0.32947,0.55655,0.13058,0.12932,0.01065
21,"At work, Students really",dua_unemb,0.5,1,11,0.53539,0.57,0.37128,0.36079,0.01615
21,"At work, Students really",dua_unemb,0.7,1,16,0.71934,0.5826,0.84551,0.81821,0.03323
21,"At work, Students really",dua_unemb,0.9,1,26,0.90878,0.61463,2.41822,2.34657,0.06498
21,"At work, Students really",dua_unemb,0.99,1,39,0.99043,0.64594,4.87434,4.75972,0.0585
21,"At work, Students really",euc_dmd,0.3,1,4,0.35258,0.27433,0.49422,0.49697,0.23271
21,"At work, Students really",euc_dmd,0.5,1,5,0.60444,0.27126,0.65327,0.65399,0.22913
21,"At work, Students really",euc_dmd,0.7,1,6,0.8089,0.30805,0.81914,0.81664,0.20689
21,"At work, Students really",euc_dmd,0.9,1,7,0.92053,0.36935,1.03558,1.02869,0.1145
21,"At work, Students really",euc_dmd,0.99,1,10,0.99556,0.52408,2.08695,2.06135,0.20834
21,"At work, Students really",cau_dmd,0.3,1,5,0.48048,0.25252,0.60441,0.60922,0.23693
21,"At work, Students really",cau_dmd,0.5,1,6,0.69464,0.26556,0.72686,0.73,0.22856
21,"At work, Students really",cau_dmd,0.7,1,7,0.84659,0.30405,0.86697,0.86753,0.21024
21,"At work, Students really",cau_dmd,0.9,1,8,0.92975,0.35476,1.0559,1.05295,0.17249
21,"At work, Students really",cau_dmd,0.99,1,11,0.9943,0.4619,1.95803,1.94006,0.2054
21,"At work, Students really",dua_dmd,0.3,1,6,0.38676,0.51615,0.1778,0.1801,0.0099
21,"At work, Students really",dua_dmd,0.5,1,8,0.54963,0.50876,0.33,0.3303,0.02664
21,"At work, Students really",dua_dmd,0.7,1,11,0.7227,0.50518,0.63862,0.63377,0.05655
21,"At work, Students really",dua_dmd,0.9,1,17,0.90295,0.51621,1.51143,1.49025,0.06328
21,"At work, Students really",dua_dmd,0.99,1,31,0.99227,0.55396,4.16705,4.09265,0.0803
146,Students also,euc_ctx,0.3,1,15,0.33199,0.04111,1.33564,1.331,0.25498
146,Students also,euc_ctx,0.5,1,17,0.56037,0.03816,1.48485,1.47834,0.25609
146,Students also,euc_ctx,0.7,1,19,0.76512,0.04323,1.55211,1.54361,0.25376
146,Students also,euc_ctx,0.9,1,22,0.92956,0.06675,1.55144,1.5397,0.24212
146,Students also,euc_ctx,0.99,1,27,0.99247,0.16183,1.52806,1.50987,0.20982
146,Students also,cau_ctx,0.3,1,29,0.31316,0.06906,1.27841,1.2771,0.24876
146,Students also,cau_ctx,0.5,1,33,0.54837,0.06151,1.56947,1.56536,0.2512
146,Students also,cau_ctx,0.7,1,36,0.71686,0.06088,1.82029,1.81323,0.25155
146,Students also,cau_ctx,0.9,1,42,0.91662,0.06158,2.49188,2.47608,0.23267
146,Students also,cau_ctx,0.99,1,52,0.99208,0.04694,4.13694,4.09949,0.21643
146,Students also,dua_ctx,0.3,1,32,0.31324,0.37201,0.38414,0.3773,0.00891
146,Students also,dua_ctx,0.5,1,43,0.51001,0.3639,0.72495,0.70597,0.03611
146,Students also,dua_ctx,0.7,1,55,0.71233,0.36006,1.20678,1.17104,0.04868
146,Students also,dua_ctx,0.9,1,69,0.90088,0.36423,1.89571,1.83895,0.05313
146,Students also,dua_ctx,0.99,1,83,0.99133,0.38058,2.73383,2.65906,0.06063
146,Students also,euc_unemb,0.3,1,7,0.42545,0.06286,1.15117,1.14517,0.2351
146,Students also,euc_unemb,0.5,1,8,0.69118,0.07056,1.26782,1.25936,0.23747
146,Students also,euc_unemb,0.7,1,9,0.87167,0.09864,1.33891,1.32758,0.23472
146,Students also,euc_unemb,0.9,1,10,0.95386,0.15071,1.40893,1.39414,0.22932
146,Students also,euc_unemb,0.99,1,12,0.99482,0.3131,1.73567,1.71121,0.20736
146,Students also,cau_unemb,0.3,1,8,0.51277,0.0681,1.11401,1.11024,0.2403
146,Students also,cau_unemb,0.5,1,8,0.51277,0.0681,1.11401,1.11024,0.2403
146,Students also,cau_unemb,0.7,1,9,0.73523,0.08115,1.15199,1.1463,0.23937
146,Students also,cau_unemb,0.9,1,11,0.95009,0.16358,1.17396,1.1632,0.21533
146,Students also,cau_unemb,0.99,1,13,0.99223,0.3145,1.38178,1.36321,0.18186
146,Students also,dua_unemb,0.3,1,9,0.31083,0.41894,0.14077,0.14038,0.01988
146,Students also,dua_unemb,0.5,1,12,0.54937,0.43641,0.32872,0.32289,0.02845
146,Students also,dua_unemb,0.7,1,15,0.72043,0.45596,0.64567,0.63121,0.03194
146,Students also,dua_unemb,0.9,1,22,0.90708,0.50121,1.71667,1.67559,0.03637
146,Students also,dua_unemb,0.99,1,29,0.99107,0.5455,3.00298,2.93136,0.043
146,Students also,euc_dmd,0.3,1,7,0.5609,0.03035,1.67945,1.67095,0.25756
146,Students also,euc_dmd,0.5,1,7,0.5609,0.03035,1.67945,1.67095,0.25756
146,Students also,euc_dmd,0.7,1,8,0.79688,0.03606,1.79682,1.78543,0.24498
146,Students also,euc_dmd,0.9,1,9,0.92234,0.05176,1.85772,1.84322,0.23738
146,Students also,euc_dmd,0.99,1,11,0.99052,0.12364,1.96243,1.94087,0.21235
146,Students also,cau_dmd,0.3,1,7,0.31914,0.03756,1.46477,1.46206,0.25827
146,Students also,cau_dmd,0.5,1,8,0.5415,0.03627,1.58012,1.57561,0.25636
146,Students also,cau_dmd,0.7,1,9,0.74474,0.04278,1.64005,1.63358,0.25082
146,Students also,cau_dmd,0.9,1,11,0.94435,0.08505,1.68375,1.67279,0.22639
146,Students also,cau_dmd,0.99,1,14,0.99546,0.2579,1.87445,1.8543,0.09187
146,Students also,dua_dmd,0.3,1,8,0.38929,0.38281,0.15576,0.15686,0.02344
146,Students also,dua_dmd,0.5,1,9,0.5258,0.38376,0.21966,0.21965,0.02572
146,Students also,dua_dmd,0.7,1,11,0.76016,0.39101,0.3906,0.38724,0.03289
146,Students also,dua_dmd,0.9,1,13,0.90787,0.40386,0.62645,0.61825,0.03422
146,Students also,dua_dmd,0.99,1,17,0.99047,0.43219,1.22609,1.20555,0.04001
37,"Over time, They often",euc_ctx,0.3,1,11,0.31435,0.2982,0.48833,0.4938,0.12982
37,"Over time, They often",euc_ctx,0.5,1,13,0.51867,0.2883,0.65246,0.6567,0.06745
37,"Over time, They often",euc_ctx,0.7,1,15,0.71652,0.30614,0.80603,0.80817,0.08686
37,"Over time, They often",euc_ctx,0.9,1,18,0.90029,0.37318,1.03703,1.03451,0.13614
37,"Over time, They often",euc_ctx,0.99,1,24,0.99111,0.53228,1.68498,1.66895,0.13514
37,"Over time, They often",cau_ctx,0.3,1,23,0.34548,0.27595,0.7308,0.73607,0.12495
37,"Over time, They often",cau_ctx,0.5,1,27,0.55061,0.24657,1.03677,1.03955,0.14741
37,"Over time, They often",cau_ctx,0.7,1,31,0.73963,0.22774,1.40809,1.40686,0.15769
37,"Over time, They often",cau_ctx,0.9,1,37,0.90907,0.2015,2.1043,2.09435,0.16995
37,"Over time, They often",cau_ctx,0.99,1,49,0.99183,0.13063,3.91563,3.88191,0.18139
37,"Over time, They often",dua_ctx,0.3,1,32,0.31152,0.47441,0.43841,0.43344,0.03692
37,"Over time, They often",dua_ctx,0.5,1,46,0.50962,0.44275,0.9427,0.92153,0.04463
37,"Over time, They often",dua_ctx,0.7,1,60,0.7042,0.41094,1.6581,1.61527,0.05629
37,"Over time, They often",dua_ctx,0.9,1,76,0.90147,0.38299,2.71655,2.64694,0.06766
37,"Over time, They often",dua_ctx,0.99,1,92,0.99052,0.37322,4.01322,3.92113,0.0773
37,"Over time, They often",euc_unemb,0.3,1,5,0.41894,0.33212,0.46815,0.47213,0.11704
37,"Over time, They often",euc_unemb,0.5,1,6,0.67468,0.34836,0.693,0.69438,0.14733
37,"Over time, They often",euc_unemb,0.7,1,7,0.85696,0.39509,0.97633,0.97345,0.16689
37,"Over time, They often",euc_unemb,0.9,1,8,0.94555,0.44942,1.32376,1.31517,0.17073
37,"Over time, They often",euc_unemb,0.99,1,10,0.99324,0.52246,2.17023,2.14748,0.17727
37,"Over time, They often",cau_unemb,0.3,1,5,0.31622,0.31877,0.39685,0.40356,0.11361
37,"Over time, They often",cau_unemb,0.5,1,6,0.54546,0.31679,0.56115,0.56672,0.12476
37,"Over time, They often",cau_unemb,0.7,1,7,0.75713,0.34629,0.75087,0.75403,0.16088
37,"Over time, They often",cau_unemb,0.9,1,9,0.95465,0.44675,1.26345,1.25814,0.16844
37,"Over time, They often",cau_unemb,0.99,1,11,0.99299,0.51645,1.96266,1.94567,0.17462
37,"Over time, They often",dua_unemb,0.3,1,7,0.34185,0.5144,0.13381,0.13692,0.01547
37,"Over time, They often",dua_unemb,0.5,1,9,0.53919,0.5268,0.23904,0.23989,0.02231
37,"Over time, They often",dua_unemb,0.7,1,11,0.70272,0.54317,0.38962,0.38648,0.04855
37,"Over time, They often",dua_unemb,0.9,1,16,0.90158,0.5819,1.06306,1.04318,0.06314
37,"Over time, They often",dua_unemb,0.99,1,25,0.99162,0.62176,3.29247,3.22781,0.15163
37,"Over time, They often",euc_dmd,0.3,1,5,0.45613,0.27176,0.66907,0.67323,0.15131
37,"Over time, They often",euc_dmd,0.5,1,6,0.7093,0.28515,0.92076,0.92225,0.16965
37,"Over time, They often",euc_dmd,0.7,1,6,0.7093,0.28515,0.92076,0.92225,0.16965
37,"Over time, They often",euc_dmd,0.9,1,8,0.95328,0.39382,1.52322,1.51557,0.16445
37,"Over time, They often",euc_dmd,0.99,1,10,0.99404,0.50168,2.30684,2.28653,0.18123
37,"Over time, They often",cau_dmd,0.3,1,6,0.49622,0.2677,0.75336,0.75986,0.15479
37,"Over time, They often",cau_dmd,0.5,1,7,0.70326,0.28336,0.95372,0.95824,0.16422
37,"Over time, They often",cau_dmd,0.7,1,7,0.70326,0.28336,0.95372,0.95824,0.16422
37,"Over time, They often",cau_dmd,0.9,1,9,0.93001,0.36655,1.46319,1.46085,0.15557
37,"Over time, They often",cau_dmd,0.99,1,12,0.99394,0.47221,2.53134,2.51361,0.15592
37,"Over time, They often",dua_dmd,0.3,1,6,0.33774,0.48443,0.16315,0.16743,0.01043
37,"Over time, They often",dua_dmd,0.5,1,8,0.56709,0.48146,0.30526,0.30895,0.02817
37,"Over time, They often",dua_dmd,0.7,1,10,0.73771,0.48433,0.4856,0.48785,0.0494
37,"Over time, They often",dua_dmd,0.9,1,14,0.90567,0.49589,0.98455,0.98185,0.06488
37,"Over time, They often",dua_dmd,0.99,1,21,0.99179,0.52615,2.42222,2.40153,0.0825
30,"In this case, Most doctors rarely",euc_ctx,0.3,1,10,0.35094,0.32013,0.42045,0.42618,0.16017
30,"In this case, Most doctors rarely",euc_ctx,0.5,1,12,0.57294,0.32289,0.59459,0.599,0.17347
30,"In this case, Most doctors rarely",euc_ctx,0.7,1,14,0.76874,0.35503,0.78663,0.78861,0.18926
30,"In this case, Most doctors rarely",euc_ctx,0.9,1,17,0.92813,0.43729,1.14254,1.139,0.23538
30,"In this case, Most doctors rarely",euc_ctx,0.99,1,22,0.99187,0.56361,1.96351,1.94726,0.23796
30,"In this case, Most doctors rarely",cau_ctx,0.3,1,19,0.3078,0.30798,0.47335,0.47977,0.0606
30,"In this case, Most doctors rarely",cau_ctx,0.5,1,23,0.52738,0.27821,0.76408,0.76843,0.17008
30,"In this case, Most doctors rarely",cau_ctx,0.7,1,27,0.73713,0.25403,1.17011,1.17032,0.19714
30,"In this case, Most doctors rarely",cau_ctx,0.9,1,33,0.91808,0.21389,2.00732,1.99784,0.20697
30,"In this case, Most doctors rarely",cau_ctx,0.99,1,43,0.9913,0.13821,3.79869,3.76777,0.21989
30,"In this case, Most doctors rarely",dua_ctx,0.3,1,32,0.31203,0.42592,0.55908,0.55006,0.01071
30,"In this case, Most doctors rarely",dua_ctx,0.5,1,47,0.51309,0.40057,1.24272,1.21329,0.14537
30,"In this case, Most doctors rarely",dua_ctx,0.7,1,62,0.7106,0.37281,2.15439,2.09985,0.16323
30,"In this case, Most doctors rarely",dua_ctx,0.9,1,80,0.90417,0.34668,3.58589,3.50268,0.21755
30,"In this case, Most doctors rarely",dua_ctx,0.99,1,98,0.99029,0.34141,5.58204,5.47689,0.18431
30,"In this case, Most doctors rarely",euc_unemb,0.3,1,4,0.34763,0.36086,0.20489,0.20985,0.02412
30,"In this case, Most doctors rarely",euc_unemb,0.5,1,5,0.62618,0.39407,0.36379,0.36699,0.16048
30,"In this case, Most doctors rarely",euc_unemb,0.7,1,6,0.84086,0.45987,0.63721,0.63633,0.16156
30,"In this case, Most doctors rarely",euc_unemb,0.9,1,7,0.94355,0.52281,1.03977,1.0327,0.21945
30,"In this case, Most doctors rarely",euc_unemb,0.99,1,9,0.9941,0.58128,2.0826,2.05969,0.25973
30,"In this case, Most doctors rarely",cau_unemb,0.3,1,5,0.50007,0.34153,0.33207,0.33792,0.16435
30,"In this case, Most doctors rarely",cau_unemb,0.5,1,5,0.50007,0.34153,0.33207,0.33792,0.16435
30,"In this case, Most doctors rarely",cau_unemb,0.7,1,6,0.73703,0.38761,0.49617,0.49996,0.22071
30,"In this case, Most doctors rarely",cau_unemb,0.9,1,8,0.95632,0.52287,1.07311,1.06801,0.24335
30,"In this case, Most doctors rarely",cau_unemb,0.99,1,10,0.99414,0.59831,1.92839,1.91044,0.22659
30,"In this case, Most doctors rarely",dua_unemb,0.3,1,6,0.33922,0.46558,0.12273,0.12532,0.01258
30,"In this case, Most doctors rarely",dua_unemb,0.5,1,8,0.51831,0.47575,0.2349,0.2351,0.13617
30,"In this case, Most doctors rarely",dua_unemb,0.7,1,11,0.72844,0.49556,0.49197,0.48553,0.1463
30,"In this case, Most doctors rarely",dua_unemb,0.9,1,16,0.91341,0.52425,1.16688,1.14368,0.18844
30,"In this case, Most doctors rarely",dua_unemb,0.99,1,22,0.99236,0.55129,2.55553,2.50429,0.18093
30,"In this case, Most doctors rarely",euc_dmd,0.3,1,4,0.36004,0.31339,0.30608,0.31213,0.04178
30,"In this case, Most doctors rarely",euc_dmd,0.5,1,5,0.64039,0.34132,0.46985,0.47445,0.18333
30,"In this case, Most doctors rarely",euc_dmd,0.7,1,6,0.84913,0.41549,0.70673,0.70798,0.24355
30,"In this case, Most doctors rarely",euc_dmd,0.9,1,7,0.94663,0.50611,1.04866,1.04476,0.24327
30,"In this case, Most doctors rarely",euc_dmd,0.99,1,9,0.99427,0.63646,1.9906,1.97288,0.26829
30,"In this case, Most doctors rarely",cau_dmd,0.3,1,5,0.44799,0.27399,0.4365,0.44393,0.17923
30,"In this case, Most doctors rarely",cau_dmd,0.5,1,6,0.68027,0.30203,0.57467,0.5809,0.18734
30,"In this case, Most doctors rarely",cau_dmd,0.7,1,7,0.84645,0.36244,0.75527,0.7591,0.23519
30,"In this case, Most doctors rarely",cau_dmd,0.9,1,8,0.93379,0.43916,1.00249,1.00278,0.25046
30,"In this case, Most doctors rarely",cau_dmd,0.99,1,11,0.99543,0.61495,2.12426,2.10893,0.26631
30,"In this case, Most doctors rarely",dua_dmd,0.3,1,5,0.31577,0.44341,0.10416,0.10798,0.00856
30,"In this case, Most doctors rarely",dua_dmd,0.5,1,7,0.51841,0.44271,0.19522,0.19858,0.00973
30,"In this case, Most doctors rarely",dua_dmd,0.7,1,10,0.73266,0.44751,0.36302,0.36434,0.13391
30,"In this case, Most doctors rarely",dua_dmd,0.9,1,15,0.91363,0.46505,0.79194,0.78652,0.15666
30,"In this case, Most doctors rarely",dua_dmd,0.99,1,22,0.99336,0.49747,1.87302,1.85077,0.17039
122,"Honestly, Students still",euc_ctx,0.3,1,8,0.3343,0.4063,0.2565,0.26244,0.06387
122,"Honestly, Students still",euc_ctx,0.5,1,10,0.5708,0.40836,0.38569,0.39064,0.08962
122,"Honestly, Students still",euc_ctx,0.7,1,12,0.77873,0.44468,0.53529,0.5378,0.09054
122,"Honestly, Students still",euc_ctx,0.9,1,14,0.90296,0.49939,0.72364,0.72242,0.07228
122,"Honestly, Students still",euc_ctx,0.99,1,19,0.99059,0.61103,1.39611,1.38188,0.08863
122,"Honestly, Students still",cau_ctx,0.3,1,15,0.32314,0.43973,0.40771,0.41681,0.06169
122,"Honestly, Students still",cau_ctx,0.5,1,18,0.50952,0.41906,0.60663,0.61505,0.09335
122,"Honestly, Students still",cau_ctx,0.7,1,22,0.74694,0.41646,0.93266,0.93836,0.26422
122,"Honestly, Students still",cau_ctx,0.9,1,27,0.91712,0.43224,1.44877,1.44852,0.30142
122,"Honestly, Students still",cau_ctx,0.99,1,36,0.99216,0.42336,2.69416,2.67835,0.25685
122,"Honestly, Students still",dua_ctx,0.3,1,29,0.31109,0.52622,0.41369,0.40533,0.00848
122,"Honestly, Students still",dua_ctx,0.5,1,45,0.50637,0.51557,1.00694,0.97472,0.01239
122,"Honestly, Students still",dua_ctx,0.7,1,64,0.70894,0.50469,1.94704,1.87988,0.02135
122,"Honestly, Students still",dua_ctx,0.9,1,85,0.90342,0.48695,3.13334,3.03607,0.02548
122,"Honestly, Students still",dua_ctx,0.99,1,104,0.99177,0.47461,4.32713,4.21054,0.08745
122,"Honestly, Students still",euc_unemb,0.3,1,4,0.40344,0.39334,0.32899,0.33131,0.07153
122,"Honestly, Students still",euc_unemb,0.5,1,5,0.66146,0.38741,0.54576,0.54497,0.17431
122,"Honestly, Students still",euc_unemb,0.7,1,6,0.85019,0.3998,0.84555,0.83959,0.18415
122,"Honestly, Students still",euc_unemb,0.9,1,7,0.9431,0.41125,1.22558,1.21288,0.20313
122,"Honestly, Students still",euc_unemb,0.99,1,9,0.99309,0.40512,2.14198,2.11322,0.20403
122,"Honestly, Students still",cau_unemb,0.3,1,4,0.35106,0.37492,0.32152,0.32602,0.17235
122,"Honestly, Students still",cau_unemb,0.5,1,5,0.59121,0.36702,0.47846,0.48121,0.19146
122,"Honestly, Students still",cau_unemb,0.7,1,6,0.79386,0.38756,0.66602,0.66549,0.21843
122,"Honestly, Students still",cau_unemb,0.9,1,7,0.91082,0.41985,0.90367,0.89853,0.19125
122,"Honestly, Students still",cau_unemb,0.99,1,10,0.99466,0.46844,1.90435,1.88065,0.19034
122,"Honestly, Students still",dua_unemb,0.3,1,7,0.33261,0.56231,0.12192,0.1207,0.00891
122,"Honestly, Students still",dua_unemb,0.5,1,11,0.53455,0.58886,0.32933,0.31839,0.01644
122,"Honestly, Students still",dua_unemb,0.7,1,17,0.71153,0.62186,0.82479,0.79143,0.06259
122,"Honestly, Students still",dua_unemb,0.9,1,29,0.90933,0.65336,2.35936,2.26732,0.06935
122,"Honestly, Students still",dua_unemb,0.99,1,39,0.99339,0.66169,4.3118,4.18411,0.19153
122,"Honestly, Students still",euc_dmd,0.3,1,4,0.57453,0.3392,0.54249,0.5465,0.19576
122,"Honestly, Students still",euc_dmd,0.5,1,4,0.57453,0.3392,0.54249,0.5465,0.19576
122,"Honestly, Students still",euc_dmd,0.7,1,5,0.82086,0.36017,0.83378,0.83388,0.19452
122,"Honestly, Students still",euc_dmd,0.9,1,6,0.93913,0.39685,1.2042,1.19846,0.20643
122,"Honestly, Students still",euc_dmd,0.99,1,8,0.99411,0.43242,2.14042,2.11965,0.21633
122,"Honestly, Students still",cau_dmd,0.3,1,4,0.49949,0.30912,0.57971,0.5872,0.20556
122,"Honestly, Students still",cau_dmd,0.5,1,5,0.7511,0.31985,0.82137,0.82668,0.21458
122,"Honestly, Students still",cau_dmd,0.7,1,5,0.7511,0.31985,0.82137,0.82668,0.21458
122,"Honestly, Students still",cau_dmd,0.9,1,7,0.96258,0.4021,1.454,1.4507,0.12244
122,"Honestly, Students still",cau_dmd,0.99,1,9,0.995,0.45164,2.29629,2.28087,0.1212
122,"Honestly, Students still",dua_dmd,0.3,1,5,0.36609,0.53002,0.13791,0.1414,0.05294
122,"Honestly, Students still",dua_dmd,0.5,1,7,0.59485,0.53356,0.27449,0.27597,0.05807
122,"Honestly, Students still",dua_dmd,0.7,1,9,0.75718,0.54454,0.43645,0.43423,0.06008
122,"Honestly, Students still",dua_dmd,0.9,1,13,0.91758,0.57396,0.84028,0.82763,0.05393
122,"Honestly, Students still",dua_dmd,0.99,1,21,0.99339,0.62056,2.19889,2.15823,0.08685
62,"In this case, They just",euc_ctx,0.3,1,14,0.38653,0.06414,0.91789,0.91393,0.30805
62,"In this case, They just",euc_ctx,0.5,1,16,0.59323,0.0624,0.99331,0.98768,0.30983
62,"In this case, They just",euc_ctx,0.7,1,18,0.76966,0.07079,1.00287,0.99545,0.30969
62,"In this case, They just",euc_ctx,0.9,1,21,0.91892,0.10288,0.94558,0.93514,0.30233
62,"In this case, They just",euc_ctx,0.99,1,27,0.99165,0.24722,0.85749,0.8394,0.19053
62,"In this case, They just",cau_ctx,0.3,1,25,0.32365,0.08641,0.99385,0.99392,0.28695
62,"In this case, They just",cau_ctx,0.5,1,29,0.53368,0.07535,1.22359,1.22128,0.2621
62,"In this case, They just",cau_ctx,0.7,1,33,0.72823,0.07075,1.48176,1.47583,0.26025
62,"In this case, They just",cau_ctx,0.9,1,39,0.90196,0.06268,2.049,2.03466,0.23471
62,"In this case, They just",cau_ctx,0.99,1,52,0.99139,0.03091,4.04919,4.00734,0.20865
62,"In this case, They just",dua_ctx,0.3,1,35,0.30653,0.40385,0.28564,0.26876,0.00809
62,"In this case, They just",dua_ctx,0.5,1,51,0.50394,0.40967,0.60466,0.56585,0.01339
62,"In this case, They just",dua_ctx,0.7,1,71,0.70322,0.41752,1.19891,1.13211,0.01831
62,"In this case, They just",dua_ctx,0.9,1,96,0.90189,0.42956,2.20527,2.11475,0.02202
62,"In this case, They just",dua_ctx,0.99,1,116,0.99037,0.44937,3.18214,3.0748,0.05819
62,"In this case, They just",euc_unemb,0.3,1,6,0.34648,0.11149,0.6316,0.62693,0.28419
62,"In this case, They just",euc_unemb,0.5,1,7,0.59443,0.11402,0.73945,0.73256,0.26277
62,"In this case, They just",euc_unemb,0.7,1,8,0.80362,0.14214,0.81362,0.80401,0.26505
62,"In this case, They just",euc_unemb,0.9,1,9,0.92021,0.19774,0.87798,0.865,0.25948
62,"In this case, They just",euc_unemb,0.99,1,12,0.99633,0.45055,1.39476,1.36614,0.19722
62,"In this case, They just",cau_unemb,0.3,1,7,0.46777,0.1194,0.59815,0.59629,0.28189
62,"In this case, They just",cau_unemb,0.5,1,8,0.68806,0.13523,0.63141,0.62797,0.25957
62,"In this case, They just",cau_unemb,0.7,1,9,0.84724,0.17548,0.63443,0.62896,0.24995
62,"In this case, They just",cau_unemb,0.9,1,10,0.9332,0.2408,0.64272,0.63461,0.18462
62,"In this case, They just",cau_unemb,0.99,1,13,0.99557,0.50013,1.00041,0.97968,0.17086
62,"In this case, They just",dua_unemb,0.3,1,10,0.34556,0.45717,0.12166,0.11576,0.00695
62,"In this case, They just",dua_unemb,0.5,1,14,0.50607,0.48718,0.26208,0.24588,0.01698
62,"In this case, They just",dua_unemb,0.7,1,22,0.72088,0.54649,0.72886,0.68566,0.02477
62,"In this case, They just",dua_unemb,0.9,1,35,0.90624,0.62543,1.99764,1.90753,0.03674
62,"In this case, They just",dua_unemb,0.99,1,48,0.99042,0.68362,3.70772,3.58754,0.07543
62,"In this case, They just",euc_dmd,0.3,1,6,0.50107,0.04466,1.25852,1.25207,0.30272
62,"In this case, They just",euc_dmd,0.5,1,6,0.50107,0.04466,1.25852,1.25207,0.30272
62,"In this case, They just",euc_dmd,0.7,1,7,0.74746,0.04771,1.41157,1.40235,0.30409
62,"In this case, They just",euc_dmd,0.9,1,9,0.96124,0.08933,1.55914,1.54349,0.30143
62,"In this case, They just",euc_dmd,0.99,1,11,0.99493,0.18183,1.74772,1.72389,0.28738
62,"In this case, They just",cau_dmd,0.3,1,6,0.33984,0.04901,1.19071,1.18966,0.30022
62,"In this case, They just",cau_dmd,0.5,1,7,0.55677,0.04582,1.32996,1.32734,0.30197
62,"In this case, They just",cau_dmd,0.7,1,8,0.74886,0.05173,1.39472,1.39033,0.30583
62,"In this case, They just",cau_dmd,0.9,1,10,0.9399,0.09111,1.43415,1.42553,0.30994
62,"In this case, They just",cau_dmd,0.99,1,13,0.99403,0.22461,1.66504,1.6472,0.28084
62,"In this case, They just",dua_dmd,0.3,1,8,0.36231,0.413,0.14241,0.13979,0.01651
62,"In this case, They just",dua_dmd,0.5,1,11,0.54775,0.42163,0.29211,0.28323,0.02071
62,"In this case, They just",dua_dmd,0.7,1,15,0.7069,0.43776,0.56644,0.54719,0.01859
62,"In this case, They just",dua_dmd,0.9,1,24,0.91059,0.48155,1.35298,1.30496,0.02326
62,"In this case, They just",dua_dmd,0.99,1,32,0.99099,0.52133,2.16974,2.09615,0.05692
